{
	"credit": "Made with Blockbench",
	"texture_size": [64, 64],
	"textures": {
		"0": "block/crimson_planks",
		"1": "block/stripped_crimson_stem",
		"2": "block/cabinets/mugs",
		"3": "block/cabinets/cups",
		"4": "block/cabinets/plates",
		"particle": "block/crimson_planks"
	},
	"elements": [
		{
			"name": "top",
			"from": [-0.001, 14, 2.999],
			"to": [16.001, 16.001, 16.001],
			"rotation": {"angle": 0, "axis": "y", "origin": [-0.001, 0, -1.501]},
			"faces": {
				"north": {"uv": [0, 0, 16, 2], "texture": "#1"},
				"east": {"uv": [0, 0, 13, 2], "texture": "#1"},
				"south": {"uv": [0, 0, 16, 2], "texture": "#1"},
				"west": {"uv": [3, 0, 16, 2], "texture": "#1"},
				"up": {"uv": [0, 0, 16, 13], "texture": "#1"},
				"down": {"uv": [0, 0, 16, 13], "texture": "#1"}
			}
		},
		{
			"name": "middle shelf",
			"from": [0.5, 8, 4],
			"to": [15.5, 9, 16.001],
			"rotation": {"angle": 0, "axis": "y", "origin": [-0.5, 0, 0]},
			"faces": {
				"north": {"uv": [1, 8, 15, 9], "texture": "#1"},
				"east": {"uv": [0, 0, 8, 1], "texture": "#1"},
				"south": {"uv": [1, 8, 15, 9], "texture": "#1"},
				"west": {"uv": [0, 0, 8, 1], "texture": "#1"},
				"up": {"uv": [1, 0, 15, 8], "texture": "#1"},
				"down": {"uv": [1, 0, 15, 8], "texture": "#1"}
			}
		},
		{
			"name": "r side",
			"from": [-0.0005, -0.001, 3.999],
			"to": [1.0005, 14.019, 16.002],
			"rotation": {"angle": 0, "axis": "y", "origin": [-0.0005, 0, -2.001]},
			"faces": {
				"north": {"uv": [15, 2, 16, 16], "texture": "#1"},
				"east": {"uv": [0, 2, 12, 16], "texture": "#1"},
				"south": {"uv": [0, 0, 1, 14], "texture": "#1"},
				"west": {"uv": [4, 2, 16, 16], "texture": "#1"},
				"up": {"uv": [0, 0, 1, 12], "texture": "#1"},
				"down": {"uv": [0, 0, 1, 12], "texture": "#1"}
			}
		},
		{
			"name": "l side",
			"from": [14.9995, -0.001, 3.999],
			"to": [16.0005, 14.019, 16.002],
			"rotation": {"angle": 0, "axis": "y", "origin": [-0.0005, 0, -2.001]},
			"faces": {
				"north": {"uv": [0, 2, 1, 16], "texture": "#1"},
				"east": {"uv": [0, 2, 12, 16], "texture": "#1"},
				"south": {"uv": [0, 0, 1, 14], "texture": "#1"},
				"west": {"uv": [4, 2, 16, 16], "texture": "#1"},
				"up": {"uv": [0, 0, 1, 12], "texture": "#1"},
				"down": {"uv": [0, 0, 1, 12], "texture": "#1"}
			}
		},
		{
			"name": "bottom shelf",
			"from": [1, -0.001, 4],
			"to": [15, 3.999, 16.001],
			"faces": {
				"north": {"uv": [1, 12, 15, 16], "texture": "#1"},
				"east": {"uv": [0, 0, 8, 1], "texture": "#1"},
				"south": {"uv": [1, 12, 15, 16], "texture": "#1"},
				"west": {"uv": [0, 0, 8, 1], "texture": "#1"},
				"up": {"uv": [1, 8, 15, 16], "texture": "#1"},
				"down": {"uv": [1, 0, 15, 8], "texture": "#1"}
			}
		},
		{
			"name": "drawer",
			"from": [1, 0.5, 3.5],
			"to": [5, 3.5, 4],
			"faces": {
				"north": {"uv": [0, 0, 4, 3], "texture": "#0"},
				"east": {"uv": [0, 0, 0.5, 3], "texture": "#0"},
				"south": {"uv": [0, 0, 4, 3], "texture": "#1"},
				"west": {"uv": [0, 0, 0.5, 3], "texture": "#0"},
				"up": {"uv": [0, 0, 4, 0.5], "texture": "#0"},
				"down": {"uv": [0, 0, 4, 0.5], "texture": "#0"}
			}
		},
		{
			"name": "drawer",
			"from": [11, 0.5, 3.5],
			"to": [15, 3.5, 4],
			"faces": {
				"north": {"uv": [0, 0, 4, 3], "texture": "#0"},
				"east": {"uv": [0, 0, 0.5, 3], "texture": "#0"},
				"south": {"uv": [0, 0, 4, 3], "texture": "#1"},
				"west": {"uv": [0, 0, 0.5, 3], "texture": "#0"},
				"up": {"uv": [0, 0, 4, 0.5], "texture": "#0"},
				"down": {"uv": [0, 0, 4, 0.5], "texture": "#0"}
			}
		},
		{
			"name": "drawer",
			"from": [6, 0.5, 3.5],
			"to": [10, 3.5, 4],
			"faces": {
				"north": {"uv": [0, 0, 4, 3], "texture": "#0"},
				"east": {"uv": [0, 0, 0.5, 3], "texture": "#0"},
				"south": {"uv": [0, 0, 4, 3], "texture": "#1"},
				"west": {"uv": [0, 0, 0.5, 3], "texture": "#0"},
				"up": {"uv": [0, 0, 4, 0.5], "texture": "#0"},
				"down": {"uv": [0, 0, 4, 0.5], "texture": "#0"}
			}
		},
		{
			"name": "knob",
			"from": [7.5, 1.5, 3],
			"to": [8.5, 2.5, 4],
			"faces": {
				"north": {"uv": [3, 3, 4, 4], "texture": "#0"},
				"east": {"uv": [3, 3, 4, 4], "texture": "#0"},
				"south": {"uv": [3, 3, 4, 4], "texture": "#1"},
				"west": {"uv": [3, 3, 4, 4], "texture": "#0"},
				"up": {"uv": [3, 3, 4, 4], "texture": "#0"},
				"down": {"uv": [3, 3, 4, 4], "texture": "#0"}
			}
		},
		{
			"name": "knob",
			"from": [2.5, 1.5, 3],
			"to": [3.5, 2.5, 4],
			"faces": {
				"north": {"uv": [3, 3, 4, 4], "texture": "#0"},
				"east": {"uv": [3, 3, 4, 4], "texture": "#0"},
				"south": {"uv": [3, 3, 4, 4], "texture": "#1"},
				"west": {"uv": [3, 3, 4, 4], "texture": "#0"},
				"up": {"uv": [3, 3, 4, 4], "texture": "#0"},
				"down": {"uv": [3, 3, 4, 4], "texture": "#0"}
			}
		},
		{
			"name": "knob",
			"from": [12.5, 1.5, 3],
			"to": [13.5, 2.5, 4],
			"faces": {
				"north": {"uv": [3, 3, 4, 4], "texture": "#0"},
				"east": {"uv": [3, 3, 4, 4], "texture": "#0"},
				"south": {"uv": [3, 3, 4, 4], "texture": "#1"},
				"west": {"uv": [3, 3, 4, 4], "texture": "#0"},
				"up": {"uv": [3, 3, 4, 4], "texture": "#0"},
				"down": {"uv": [3, 3, 4, 4], "texture": "#0"}
			}
		},
		{
			"from": [6, 4, 9],
			"to": [9, 7, 12],
			"rotation": {"angle": 0, "axis": "y", "origin": [3, 0, 0]},
			"faces": {
				"north": {"uv": [0, 0, 3, 3], "texture": "#2"},
				"east": {"uv": [0, 3, 3, 6], "texture": "#2"},
				"south": {"uv": [3, 0, 6, 3], "texture": "#2"},
				"west": {"uv": [3, 3, 6, 6], "texture": "#2"},
				"up": {"uv": [3, 9, 0, 6], "texture": "#2"},
				"down": {"uv": [9, 0, 6, 3], "texture": "#2"}
			}
		},
		{
			"from": [5, 4.5, 10],
			"to": [6, 6.5, 11],
			"rotation": {"angle": 0, "axis": "y", "origin": [3, 0, 0]},
			"faces": {
				"north": {"uv": [9, 3, 10, 5], "texture": "#2"},
				"east": {"uv": [9, 5, 10, 7], "texture": "#2"},
				"south": {"uv": [6, 9, 7, 11], "texture": "#2"},
				"west": {"uv": [7, 9, 8, 11], "texture": "#2"},
				"up": {"uv": [11, 6, 10, 5], "texture": "#2"},
				"down": {"uv": [11, 6, 10, 7], "texture": "#2"}
			}
		},
		{
			"from": [13, 4, 9],
			"to": [16, 7, 12],
			"rotation": {"angle": 22.5, "axis": "y", "origin": [6, 4, 17]},
			"faces": {
				"north": {"uv": [3, 6, 6, 9], "texture": "#2"},
				"east": {"uv": [6, 3, 9, 6], "texture": "#2"},
				"south": {"uv": [6, 6, 9, 9], "texture": "#2"},
				"west": {"uv": [0, 9, 3, 12], "texture": "#2"},
				"up": {"uv": [12, 3, 9, 0], "texture": "#2"},
				"down": {"uv": [6, 9, 3, 12], "texture": "#2"}
			}
		},
		{
			"from": [16, 4.5, 10],
			"to": [17, 6.5, 11],
			"rotation": {"angle": 22.5, "axis": "y", "origin": [6, 4, 17]},
			"faces": {
				"north": {"uv": [9, 7, 10, 9], "texture": "#2"},
				"east": {"uv": [8, 9, 9, 11], "texture": "#2"},
				"south": {"uv": [9, 9, 10, 11], "texture": "#2"},
				"west": {"uv": [10, 3, 11, 5], "texture": "#2"},
				"up": {"uv": [11, 8, 10, 7], "texture": "#2"},
				"down": {"uv": [11, 8, 10, 9], "texture": "#2"}
			}
		},
		{
			"from": [2, 4, 12],
			"to": [4, 6, 14],
			"faces": {
				"north": {"uv": [0, 0, 2, 2], "texture": "#3"},
				"east": {"uv": [0, 2, 2, 4], "texture": "#3"},
				"south": {"uv": [2, 0, 4, 2], "texture": "#3"},
				"west": {"uv": [2, 2, 4, 4], "texture": "#3"},
				"up": {"uv": [2, 6, 0, 4], "texture": "#3"},
				"down": {"uv": [6, 0, 4, 2], "texture": "#3"}
			}
		},
		{
			"from": [2, 4, 8.5],
			"to": [4, 6, 10.5],
			"faces": {
				"north": {"uv": [2, 4, 4, 6], "texture": "#3"},
				"east": {"uv": [4, 2, 6, 4], "texture": "#3"},
				"south": {"uv": [4, 4, 6, 6], "texture": "#3"},
				"west": {"uv": [0, 6, 2, 8], "texture": "#3"},
				"up": {"uv": [8, 2, 6, 0], "texture": "#3"},
				"down": {"uv": [4, 6, 2, 8], "texture": "#3"}
			}
		},
		{
			"from": [2, 4, 5],
			"to": [4, 6, 7],
			"faces": {
				"north": {"uv": [6, 2, 8, 4], "texture": "#3"},
				"east": {"uv": [4, 6, 6, 8], "texture": "#3"},
				"south": {"uv": [6, 4, 8, 6], "texture": "#3"},
				"west": {"uv": [6, 6, 8, 8], "texture": "#3"},
				"up": {"uv": [2, 10, 0, 8], "texture": "#3"},
				"down": {"uv": [10, 0, 8, 2], "texture": "#3"}
			}
		},
		{
			"from": [3, 9, 7],
			"to": [9, 10, 13],
			"faces": {
				"north": {"uv": [7.25, 5.25, 8.75, 5.5], "texture": "#4"},
				"east": {"uv": [5.75, 7.25, 7.25, 7.5], "texture": "#4"},
				"south": {"uv": [7.25, 5.75, 8.75, 6], "texture": "#4"},
				"west": {"uv": [7.25, 6.25, 8.75, 6.5], "texture": "#4"},
				"up": {"uv": [3.5, 5.5, 2, 4], "texture": "#4"},
				"down": {"uv": [5.5, 2, 4, 3.5], "texture": "#4"}
			}
		},
		{
			"from": [2.5, 9.5, 6.5],
			"to": [9.5, 10.25, 13.5],
			"faces": {
				"north": {"uv": [5.75, 3.25, 7.5, 3.5], "texture": "#4"},
				"east": {"uv": [6, 1.25, 7.75, 1.5], "texture": "#4"},
				"south": {"uv": [7, 1.75, 8.75, 2], "texture": "#4"},
				"west": {"uv": [7, 2.25, 8.75, 2.5], "texture": "#4"},
				"up": {"uv": [1.75, 1.75, 0, 0], "texture": "#4"},
				"down": {"uv": [1.75, 2, 0, 3.75], "texture": "#4"}
			}
		},
		{
			"from": [2.5, 10.75, 6.5],
			"to": [9.5, 11.5, 13.5],
			"faces": {
				"north": {"uv": [7, 2.75, 8.75, 3], "texture": "#4"},
				"east": {"uv": [0, 7.25, 1.75, 7.5], "texture": "#4"},
				"south": {"uv": [7.25, 0, 9, 0.25], "texture": "#4"},
				"west": {"uv": [7.25, 0.5, 9, 0.75], "texture": "#4"},
				"up": {"uv": [3.75, 1.75, 2, 0], "texture": "#4"},
				"down": {"uv": [3.75, 2, 2, 3.75], "texture": "#4"}
			}
		},
		{
			"from": [3, 10.25, 7],
			"to": [9, 11.25, 13],
			"faces": {
				"north": {"uv": [7.25, 6.75, 8.75, 7], "texture": "#4"},
				"east": {"uv": [2, 7.5, 3.5, 7.75], "texture": "#4"},
				"south": {"uv": [7.5, 7.25, 9, 7.5], "texture": "#4"},
				"west": {"uv": [0, 7.75, 1.5, 8], "texture": "#4"},
				"up": {"uv": [5.25, 5.5, 3.75, 4], "texture": "#4"},
				"down": {"uv": [7, 3.75, 5.5, 5.25], "texture": "#4"}
			}
		},
		{
			"from": [3, 11.5, 7],
			"to": [9, 12.5, 13],
			"faces": {
				"north": {"uv": [7.75, 3.25, 9.25, 3.5], "texture": "#4"},
				"east": {"uv": [3.75, 7.75, 5.25, 8], "texture": "#4"},
				"south": {"uv": [5.5, 7.75, 7, 8], "texture": "#4"},
				"west": {"uv": [7.25, 7.75, 8.75, 8], "texture": "#4"},
				"up": {"uv": [7, 7, 5.5, 5.5], "texture": "#4"},
				"down": {"uv": [3.5, 5.75, 2, 7.25], "texture": "#4"}
			}
		},
		{
			"from": [2.5, 12, 6.5],
			"to": [9.5, 12.75, 13.5],
			"faces": {
				"north": {"uv": [3.75, 7.25, 5.5, 7.5], "texture": "#4"},
				"east": {"uv": [7.25, 3.75, 9, 4], "texture": "#4"},
				"south": {"uv": [7.25, 4.25, 9, 4.5], "texture": "#4"},
				"west": {"uv": [7.25, 4.75, 9, 5], "texture": "#4"},
				"up": {"uv": [1.75, 5.75, 0, 4], "texture": "#4"},
				"down": {"uv": [5.75, 0, 4, 1.75], "texture": "#4"}
			}
		},
		{
			"from": [12, 8.75, 7],
			"to": [13, 12.75, 11],
			"rotation": {"angle": -22.5, "axis": "z", "origin": [13, 10, 0]},
			"faces": {
				"north": {"uv": [5, 5.75, 5.25, 6.75], "texture": "#4"},
				"east": {"uv": [5.75, 2, 6.75, 3], "texture": "#4"},
				"south": {"uv": [1.25, 6, 1.5, 7], "texture": "#4"},
				"west": {"uv": [3.75, 5.75, 4.75, 6.75], "texture": "#4"},
				"up": {"uv": [2, 9, 1.75, 8], "texture": "#4"},
				"down": {"uv": [2.5, 8, 2.25, 9], "texture": "#4"}
			}
		},
		{
			"from": [14, 9, 7],
			"to": [15, 13, 11],
			"faces": {
				"north": {"uv": [2.75, 8, 3, 9], "texture": "#4"},
				"east": {"uv": [0, 6, 1, 7], "texture": "#4"},
				"south": {"uv": [3.25, 8, 3.5, 9], "texture": "#4"},
				"west": {"uv": [6, 0, 7, 1], "texture": "#4"},
				"up": {"uv": [0.25, 9.25, 0, 8.25], "texture": "#4"},
				"down": {"uv": [0.75, 8.25, 0.5, 9.25], "texture": "#4"}
			}
		}
	],
	"display": {
		"thirdperson_righthand": {
			"rotation": [90, 0, 0],
			"translation": [0, 0, -0.25],
			"scale": [0.6, 0.6, 0.6]
		},
		"thirdperson_lefthand": {
			"rotation": [90, 0, 0],
			"translation": [0, 0, -0.25],
			"scale": [0.6, 0.6, 0.6]
		},
		"firstperson_righthand": {
			"scale": [0.6, 0.6, 0.6]
		},
		"firstperson_lefthand": {
			"scale": [0.6, 0.6, 0.6]
		},
		"ground": {
			"scale": [0.6, 0.6, 0.6]
		},
		"gui": {
			"rotation": [15, 145, 0],
			"translation": [-0.5, -0.25, 0],
			"scale": [0.6, 0.6, 0.6]
		},
		"fixed": {
			"translation": [0, 0, 18],
			"scale": [2, 2, 2]
		}
	},
	"groups": [
		{
			"name": "third rendition",
			"origin": [8, 8, 8],
			"color": 0,
			"children": [0, 1, 2, 3, 4, 5, 6, 7, 8, 9, 10]
		},
		{
			"name": "mugs",
			"origin": [8, 8, 8],
			"color": 0,
			"children": [
				11,
				12,
				{
					"name": "mug turned",
					"origin": [8, 8, 8],
					"color": 0,
					"children": [13, 14]
				}
			]
		},
		{
			"name": "cups",
			"origin": [0, 0, 0],
			"color": 0,
			"children": [15, 16, 17]
		},
		{
			"name": "plates",
			"origin": [8, 8, 8],
			"color": 0,
			"children": [18, 19, 20, 21, 22, 23, 24, 25]
		}
	]
}