{
	"credit": "Made with Blockbench",
	"texture_size": [64, 64],
	"textures": {
		"2": "block/slicedcake2"
	},
	"elements": [
		{
			"name": "cake",
			"from": [6.6, 5, 5.9],
			"to": [10.6, 6, 9.9],
			"rotation": {"angle": 0, "axis": "y", "origin": [8.1, 0, 7.9]},
			"faces": {
				"north": {"uv": [5.008, 6.258, 5.992, 6.492], "texture": "#2"},
				"east": {"uv": [4.008, 6.258, 4.992, 6.492], "texture": "#2"},
				"south": {"uv": [7.008, 6.258, 7.992, 6.492], "texture": "#2"},
				"west": {"uv": [6.008, 6.258, 6.992, 6.492], "texture": "#2"},
				"up": {"uv": [5.992, 6.242, 5.008, 5.258], "texture": "#2"},
				"down": {"uv": [6.992, 5.258, 6.008, 6.242], "texture": "#2"}
			}
		},
		{
			"name": "cake",
			"from": [6.6, 1, 5.9],
			"to": [10.6, 2, 9.9],
			"rotation": {"angle": 0, "axis": "y", "origin": [8.1, 0, 7.9]},
			"faces": {
				"north": {"uv": [5.508, 1.008, 6.492, 1.242], "texture": "#2"},
				"east": {"uv": [4.508, 1.008, 5.492, 1.242], "texture": "#2"},
				"south": {"uv": [7.508, 1.008, 8.492, 1.242], "texture": "#2"},
				"west": {"uv": [6.508, 1.008, 7.492, 1.242], "texture": "#2"},
				"up": {"uv": [6.492, 0.992, 5.508, 0.008], "texture": "#2"},
				"down": {"uv": [7.492, 0.008, 6.508, 0.992], "texture": "#2"}
			}
		},
		{
			"name": "cake",
			"from": [6.6, 2, 5.9],
			"to": [10.6, 3, 9.9],
			"rotation": {"angle": 0, "axis": "y", "origin": [8.1, 0, 7.9]},
			"faces": {
				"north": {"uv": [6.008, 3.258, 6.992, 3.492], "texture": "#2"},
				"east": {"uv": [5.008, 3.258, 5.992, 3.492], "texture": "#2"},
				"south": {"uv": [8.008, 3.258, 8.992, 3.492], "texture": "#2"},
				"west": {"uv": [7.008, 3.258, 7.992, 3.492], "texture": "#2"},
				"up": {"uv": [6.992, 3.242, 6.008, 2.258], "texture": "#2"},
				"down": {"uv": [7.992, 2.258, 7.008, 3.242], "texture": "#2"}
			}
		},
		{
			"name": "cake",
			"from": [6.6, 3, 5.9],
			"to": [10.6, 4, 9.9],
			"rotation": {"angle": 0, "axis": "y", "origin": [8.1, 0, 7.9]},
			"faces": {
				"north": {"uv": [1.008, 6.258, 1.992, 6.492], "texture": "#2"},
				"east": {"uv": [0.008, 6.258, 0.992, 6.492], "texture": "#2"},
				"south": {"uv": [3.008, 6.258, 3.992, 6.492], "texture": "#2"},
				"west": {"uv": [2.008, 6.258, 2.992, 6.492], "texture": "#2"},
				"up": {"uv": [1.992, 6.242, 1.008, 5.258], "texture": "#2"},
				"down": {"uv": [2.992, 5.258, 2.008, 6.242], "texture": "#2"}
			}
		},
		{
			"name": "cake",
			"from": [6.6, 4, 5.9],
			"to": [10.6, 5, 9.9],
			"rotation": {"angle": 0, "axis": "y", "origin": [8.1, 0, 7.9]},
			"faces": {
				"north": {"uv": [6.008, 4.508, 6.992, 4.742], "texture": "#2"},
				"east": {"uv": [5.008, 4.508, 5.992, 4.742], "texture": "#2"},
				"south": {"uv": [8.008, 4.508, 8.992, 4.742], "texture": "#2"},
				"west": {"uv": [7.008, 4.508, 7.992, 4.742], "texture": "#2"},
				"up": {"uv": [6.992, 4.492, 6.008, 3.508], "texture": "#2"},
				"down": {"uv": [7.992, 3.508, 7.008, 4.492], "texture": "#2"}
			}
		},
		{
			"name": "cake",
			"from": [5.6, 1, 5.9],
			"to": [6.6, 6, 9.9],
			"rotation": {"angle": 0, "axis": "y", "origin": [8.1, 0, 7.9]},
			"faces": {
				"north": {"uv": [1.008, 7.508, 1.242, 8.742], "texture": "#2"},
				"east": {"uv": [0.008, 7.508, 0.992, 8.742], "texture": "#2"},
				"south": {"uv": [2.258, 7.508, 2.492, 8.742], "texture": "#2"},
				"west": {"uv": [1.258, 7.508, 2.242, 8.742], "texture": "#2"},
				"up": {"uv": [1.242, 7.492, 1.008, 6.508], "texture": "#2"},
				"down": {"uv": [1.492, 6.508, 1.258, 7.492], "texture": "#2"}
			}
		},
		{
			"name": "toppings",
			"from": [5.36873, 5.04872, 3.03833],
			"to": [6.36873, 5.04872, 4.03833],
			"rotation": {"angle": 22.5, "axis": "x", "origin": [8.1, 0, 7.9]},
			"faces": {
				"north": {"uv": [3.492, 7.242, 3.258, 7.008], "texture": "#2"},
				"east": {"uv": [3.492, 7.242, 3.258, 7.008], "texture": "#2"},
				"south": {"uv": [3.492, 7.242, 3.258, 7.008], "texture": "#2"},
				"west": {"uv": [3.492, 7.242, 3.258, 7.008], "texture": "#2"},
				"up": {"uv": [3.492, 7.242, 3.258, 7.008], "texture": "#2"},
				"down": {"uv": [3.492, 7.242, 3.258, 7.008], "texture": "#2"}
			}
		},
		{
			"name": "toppings",
			"from": [5.89341, 5.3649, 6.0913],
			"to": [6.89341, 6.3649, 7.0913],
			"rotation": {"angle": -22.5, "axis": "z", "origin": [6.39341, 6.1649, 6.5913]},
			"faces": {
				"north": {"uv": [3.258, 3.508, 3.492, 3.742], "texture": "#2"},
				"east": {"uv": [3.008, 3.508, 3.242, 3.742], "texture": "#2"},
				"south": {"uv": [2.758, 3.508, 2.992, 3.742], "texture": "#2"},
				"west": {"uv": [2.508, 3.508, 2.742, 3.742], "texture": "#2"},
				"up": {"uv": [2.992, 3.492, 2.758, 3.258], "rotation": 180, "texture": "#2"},
				"down": {"uv": [3.242, 3.258, 3.008, 3.492], "rotation": 180, "texture": "#2"}
			}
		},
		{
			"name": "toppings",
			"from": [5.93483, 5.2649, 7.1913],
			"to": [6.93483, 6.2649, 8.1913],
			"rotation": {"angle": -22.5, "axis": "y", "origin": [6.33483, 5.8649, 7.5913]},
			"faces": {
				"north": {"uv": [3.258, 3.508, 3.492, 3.742], "texture": "#2"},
				"east": {"uv": [3.008, 3.508, 3.242, 3.742], "texture": "#2"},
				"south": {"uv": [2.758, 3.508, 2.992, 3.742], "texture": "#2"},
				"west": {"uv": [2.508, 3.508, 2.742, 3.742], "texture": "#2"},
				"up": {"uv": [2.992, 3.492, 2.758, 3.258], "rotation": 180, "texture": "#2"},
				"down": {"uv": [3.242, 3.258, 3.008, 3.492], "rotation": 180, "texture": "#2"}
			}
		},
		{
			"name": "toppings",
			"from": [5.78895, 5.3649, 8.42196],
			"to": [6.78895, 6.3649, 9.42196],
			"rotation": {"angle": 0, "axis": "y", "origin": [6.38895, 5.7649, 7.72196]},
			"faces": {
				"north": {"uv": [2.508, 3.508, 2.742, 3.742], "texture": "#2"},
				"east": {"uv": [3.258, 3.508, 3.492, 3.742], "texture": "#2"},
				"south": {"uv": [3.008, 3.508, 3.242, 3.742], "texture": "#2"},
				"west": {"uv": [2.758, 3.508, 2.992, 3.742], "texture": "#2"},
				"up": {"uv": [2.992, 3.492, 2.758, 3.258], "rotation": 270, "texture": "#2"},
				"down": {"uv": [3.242, 3.258, 3.008, 3.492], "rotation": 90, "texture": "#2"}
			}
		},
		{
			"name": "toppings",
			"from": [6.99341, 5.3649, 6.0913],
			"to": [7.99341, 6.3649, 7.0913],
			"rotation": {"angle": -45, "axis": "y", "origin": [7.39341, 5.8649, 6.6913]},
			"faces": {
				"north": {"uv": [3.258, 3.508, 3.492, 3.742], "texture": "#2"},
				"east": {"uv": [3.008, 3.508, 3.242, 3.742], "texture": "#2"},
				"south": {"uv": [2.758, 3.508, 2.992, 3.742], "texture": "#2"},
				"west": {"uv": [2.508, 3.508, 2.742, 3.742], "texture": "#2"},
				"up": {"uv": [2.992, 3.492, 2.758, 3.258], "rotation": 180, "texture": "#2"},
				"down": {"uv": [3.242, 3.258, 3.008, 3.492], "rotation": 180, "texture": "#2"}
			}
		},
		{
			"name": "toppings",
			"from": [8.29341, 5.2649, 6.0913],
			"to": [9.29341, 6.2649, 7.0913],
			"rotation": {"angle": -22.5, "axis": "x", "origin": [8.69341, 5.8649, 6.4913]},
			"faces": {
				"north": {"uv": [2.758, 3.508, 2.992, 3.742], "texture": "#2"},
				"east": {"uv": [2.508, 3.508, 2.742, 3.742], "texture": "#2"},
				"south": {"uv": [3.258, 3.508, 3.492, 3.742], "texture": "#2"},
				"west": {"uv": [3.008, 3.508, 3.242, 3.742], "texture": "#2"},
				"up": {"uv": [2.992, 3.492, 2.758, 3.258], "texture": "#2"},
				"down": {"uv": [3.242, 3.258, 3.008, 3.492], "texture": "#2"}
			}
		},
		{
			"name": "toppings",
			"from": [9.41248, 6.05809, 5.70021],
			"to": [10.41248, 6.05809, 6.70021],
			"rotation": {"angle": -45, "axis": "y", "origin": [9.71248, 6.05809, 6.20021]},
			"faces": {
				"north": {"uv": [3.492, 7.242, 3.258, 7.008], "texture": "#2"},
				"east": {"uv": [3.492, 7.242, 3.258, 7.008], "texture": "#2"},
				"south": {"uv": [3.492, 7.242, 3.258, 7.008], "texture": "#2"},
				"west": {"uv": [3.492, 7.242, 3.258, 7.008], "texture": "#2"},
				"up": {"uv": [3.492, 7.242, 3.258, 7.008], "texture": "#2"},
				"down": {"uv": [3.492, 7.242, 3.258, 7.008], "texture": "#2"}
			}
		},
		{
			"name": "toppings",
			"from": [6.1366, 6.06777, 9.56082],
			"to": [7.1366, 6.06777, 10.56082],
			"rotation": {"angle": -22.5, "axis": "y", "origin": [6.7866, 6.16777, 9.91082]},
			"faces": {
				"north": {"uv": [3.492, 7.242, 3.258, 7.008], "texture": "#2"},
				"east": {"uv": [3.492, 7.242, 3.258, 7.008], "texture": "#2"},
				"south": {"uv": [3.492, 7.242, 3.258, 7.008], "texture": "#2"},
				"west": {"uv": [3.492, 7.242, 3.258, 7.008], "texture": "#2"},
				"up": {"uv": [3.492, 7.242, 3.258, 7.008], "texture": "#2"},
				"down": {"uv": [3.492, 7.242, 3.258, 7.008], "texture": "#2"}
			}
		},
		{
			"name": "plate",
			"from": [4.99199, 0, 4.97136],
			"to": [10.99199, 1, 10.97136],
			"rotation": {"angle": 0, "axis": "y", "origin": [7.99199, 0, 7.97136]},
			"faces": {
				"north": {"uv": [1.508, 1.508, 2.992, 1.742], "texture": "#2"},
				"east": {"uv": [0.008, 1.508, 1.492, 1.742], "texture": "#2"},
				"south": {"uv": [4.508, 1.508, 5.992, 1.742], "texture": "#2"},
				"west": {"uv": [3.008, 1.508, 4.492, 1.742], "texture": "#2"},
				"up": {"uv": [2.992, 1.492, 1.508, 0.008], "texture": "#2"},
				"down": {"uv": [4.492, 0.008, 3.008, 1.492], "texture": "#2"}
			}
		},
		{
			"name": "plate",
			"from": [10.99199, 0.4, 4.97136],
			"to": [12.99199, 1.4, 10.97136],
			"rotation": {"angle": 0, "axis": "y", "origin": [7.99199, 0, 7.97136]},
			"faces": {
				"north": {"uv": [6.008, 5.008, 6.492, 5.242], "texture": "#2"},
				"east": {"uv": [4.508, 5.008, 5.992, 5.242], "texture": "#2"},
				"south": {"uv": [4.008, 5.008, 4.492, 5.242], "texture": "#2"},
				"west": {"uv": [2.508, 5.008, 3.992, 5.242], "texture": "#2"},
				"up": {"uv": [4.492, 4.992, 4.008, 3.508], "rotation": 180, "texture": "#2"},
				"down": {"uv": [4.992, 3.508, 4.508, 4.992], "rotation": 180, "texture": "#2"}
			}
		},
		{
			"name": "plate",
			"from": [2.99199, 0.4, 2.97136],
			"to": [12.99199, 1.4, 4.97136],
			"rotation": {"angle": 0, "axis": "y", "origin": [7.99199, 0, 7.97136]},
			"faces": {
				"north": {"uv": [3.508, 3.008, 5.992, 3.242], "texture": "#2"},
				"east": {"uv": [3.008, 3.008, 3.492, 3.242], "texture": "#2"},
				"south": {"uv": [0.508, 3.008, 2.992, 3.242], "texture": "#2"},
				"west": {"uv": [0.008, 3.008, 0.492, 3.242], "texture": "#2"},
				"up": {"uv": [2.992, 2.992, 0.508, 2.508], "rotation": 180, "texture": "#2"},
				"down": {"uv": [5.492, 2.508, 3.008, 2.992], "rotation": 180, "texture": "#2"}
			}
		},
		{
			"name": "plate",
			"from": [2.99199, 0.4, 4.97136],
			"to": [4.99199, 1.4, 10.97136],
			"rotation": {"angle": 0, "axis": "y", "origin": [7.99199, 0, 7.97136]},
			"faces": {
				"north": {"uv": [1.508, 4.758, 1.992, 4.992], "texture": "#2"},
				"east": {"uv": [0.008, 4.758, 1.492, 4.992], "texture": "#2"},
				"south": {"uv": [3.508, 4.758, 3.992, 4.992], "texture": "#2"},
				"west": {"uv": [2.008, 4.758, 3.492, 4.992], "texture": "#2"},
				"up": {"uv": [1.992, 4.742, 1.508, 3.258], "texture": "#2"},
				"down": {"uv": [2.492, 3.258, 2.008, 4.742], "texture": "#2"}
			}
		},
		{
			"name": "plate",
			"from": [2.99199, 0.4, 10.97136],
			"to": [12.99199, 1.4, 12.97136],
			"rotation": {"angle": 0, "axis": "y", "origin": [7.99199, 0, 7.97136]},
			"faces": {
				"north": {"uv": [0.508, 2.258, 2.992, 2.492], "texture": "#2"},
				"east": {"uv": [0.008, 2.258, 0.492, 2.492], "texture": "#2"},
				"south": {"uv": [3.508, 2.258, 5.992, 2.492], "texture": "#2"},
				"west": {"uv": [3.008, 2.258, 3.492, 2.492], "texture": "#2"},
				"up": {"uv": [2.992, 2.242, 0.508, 1.758], "texture": "#2"},
				"down": {"uv": [5.492, 1.758, 3.008, 2.242], "texture": "#2"}
			}
		},
		{
			"name": "bone4",
			"from": [11.98949, 1.45, 8.66239],
			"to": [12.98949, 2.2, 12.66239],
			"rotation": {"angle": -45, "axis": "y", "origin": [10.98949, 1.725, 8.84739]},
			"faces": {
				"north": {"uv": [13.235, 1.735, 12.765, 1.265], "texture": "#2"},
				"east": {"uv": [13.235, 3.735, 10.765, 3.265], "texture": "#2"},
				"south": {"uv": [13.235, 1.735, 12.765, 1.265], "texture": "#2"},
				"west": {"uv": [13.235, 3.735, 10.765, 3.265], "texture": "#2"},
				"up": {"uv": [12.735, 3.735, 12.265, 1.265], "texture": "#2"},
				"down": {"uv": [13.235, 3.735, 12.765, 1.265], "texture": "#2"}
			}
		},
		{
			"name": "bone4",
			"from": [11.48949, 1.45, 7.71239],
			"to": [13.48949, 1.95, 8.66239],
			"rotation": {"angle": -45, "axis": "y", "origin": [10.98949, 1.725, 8.84739]},
			"faces": {
				"north": {"uv": [10.515, 3.235, 11.735, 2.765], "texture": "#2"},
				"east": {"uv": [12.765, 2.765, 13.235, 3.1875], "texture": "#2"},
				"south": {"uv": [12.015, 3.015, 12.485, 3.1875], "texture": "#2"},
				"west": {"uv": [12.765, 3.265, 13.235, 3.4375], "texture": "#2"},
				"up": {"uv": [10.515, 3.235, 11.735, 2.765], "texture": "#2"},
				"down": {"uv": [12.235, 3.265, 11.765, 3.735], "texture": "#2"}
			}
		},
		{
			"name": "bone4",
			"from": [12.98949, 1.45, 6.71239],
			"to": [13.48949, 1.95, 7.71239],
			"rotation": {"angle": -45, "axis": "y", "origin": [10.98949, 1.725, 8.84739]},
			"faces": {
				"north": {"uv": [12.015, 3.265, 12.235, 3.6875], "texture": "#2"},
				"east": {"uv": [12.015, 3.265, 12.485, 3.4375], "texture": "#2"},
				"south": {"uv": [12.015, 3.265, 12.485, 3.4375], "texture": "#2"},
				"west": {"uv": [12.015, 3.265, 12.485, 3.4375], "texture": "#2"},
				"up": {"uv": [12.015, 3.265, 12.1875, 3.735], "texture": "#2"},
				"down": {"uv": [12.015, 3.265, 12.485, 3.4375], "texture": "#2"}
			}
		},
		{
			"name": "bone4",
			"from": [12.23949, 1.45, 6.71239],
			"to": [12.73949, 1.95, 7.71239],
			"rotation": {"angle": -45, "axis": "y", "origin": [10.98949, 1.725, 8.84739]},
			"faces": {
				"north": {"uv": [12.015, 3.265, 12.235, 3.6875], "texture": "#2"},
				"east": {"uv": [12.015, 3.265, 12.485, 3.4375], "texture": "#2"},
				"south": {"uv": [12.015, 3.265, 12.485, 3.4375], "texture": "#2"},
				"west": {"uv": [12.015, 3.265, 12.485, 3.4375], "texture": "#2"},
				"up": {"uv": [12.015, 3.265, 12.1875, 3.735], "texture": "#2"},
				"down": {"uv": [12.015, 3.265, 12.485, 3.4375], "texture": "#2"}
			}
		},
		{
			"name": "bone4",
			"from": [11.48949, 1.45, 6.71239],
			"to": [11.98949, 1.95, 7.71239],
			"rotation": {"angle": -45, "axis": "y", "origin": [10.98949, 1.725, 8.84739]},
			"faces": {
				"north": {"uv": [12.015, 3.265, 12.235, 3.6875], "texture": "#2"},
				"east": {"uv": [12.015, 3.265, 12.485, 3.4375], "texture": "#2"},
				"south": {"uv": [12.015, 3.265, 12.485, 3.4375], "texture": "#2"},
				"west": {"uv": [12.015, 3.265, 12.485, 3.4375], "texture": "#2"},
				"up": {"uv": [12.015, 3.265, 12.1875, 3.735], "texture": "#2"},
				"down": {"uv": [12.015, 3.265, 12.485, 3.4375], "texture": "#2"}
			}
		}
	],
	"display": {
		"thirdperson_righthand": {
			"rotation": [65, 0, 0],
			"translation": [-6, 5, 5.75]
		},
		"firstperson_righthand": {
			"translation": [-8.5, 3, -0.25]
		},
		"ground": {
			"translation": [0, 4, 0]
		},
		"gui": {
			"rotation": [48.04, -40.45, -1.93],
			"translation": [0.5, 3.75, 0]
		},
		"fixed": {
			"rotation": [-90, -180, 0],
			"translation": [-0.25, 0, -15],
			"scale": [2, 2, 2]
		}
	},
	"groups": [
		{
			"name": "cake",
			"origin": [0, 0, 0],
			"color": 0,
			"children": [
				0,
				1,
				2,
				3,
				4,
				5,
				{
					"name": "toppings",
					"origin": [-0.4, 6, 0.1],
					"color": 2,
					"children": [6, 7, 8, 9, 10, 11, 12, 13]
				},
				{
					"name": "plate",
					"origin": [0, 0, 0],
					"color": 1,
					"children": [14, 15, 16, 17, 18]
				},
				{
					"name": "bone4",
					"origin": [2.9975, 1.725, 2.87603],
					"color": 2,
					"children": [19, 20, 21, 22, 23]
				}
			]
		}
	]
}