{
	"credit": "Made with Blockbench",
	"texture_size": [64, 64],
	"textures": {
		"1": "block/slicedcake8",
		"particle": "block/slicedcake8"
	},
	"elements": [
		{
			"name": "cake",
			"from": [5.39199, 2, 6.07136],
			"to": [6.39199, 6, 10.07136],
			"rotation": {"angle": 0, "axis": "y", "origin": [7.89199, 0, 8.07136]},
			"faces": {
				"north": {"uv": [1.008, 6.008, 1.242, 6.992], "texture": "#1"},
				"east": {"uv": [0.008, 6.008, 0.992, 6.992], "texture": "#1"},
				"south": {"uv": [2.258, 6.008, 2.492, 6.992], "texture": "#1"},
				"west": {"uv": [1.258, 6.008, 2.242, 6.992], "texture": "#1"},
				"up": {"uv": [1.242, 5.992, 1.008, 5.008], "texture": "#1"},
				"down": {"uv": [1.492, 5.008, 1.258, 5.992], "texture": "#1"}
			}
		},
		{
			"name": "cake",
			"from": [6.39199, 5, 6.07136],
			"to": [10.39199, 6, 10.07136],
			"rotation": {"angle": 0, "axis": "y", "origin": [7.89199, 0, 8.07136]},
			"faces": {
				"north": {"uv": [1.008, 6.758, 1.992, 6.992], "texture": "#1"},
				"east": {"uv": [0.008, 6.758, 0.992, 6.992], "texture": "#1"},
				"south": {"uv": [0.008, 6.258, 0.992, 6.492], "texture": "#1"},
				"west": {"uv": [0.508, 6.508, 1.492, 6.742], "texture": "#1"},
				"up": {"uv": [2.242, 6.992, 1.258, 6.008], "texture": "#1"},
				"down": {"uv": [2.242, 6.008, 1.258, 6.992], "texture": "#1"}
			}
		},
		{
			"name": "cake",
			"from": [6.39199, 2, 6.07136],
			"to": [10.39199, 5, 10.07136],
			"rotation": {"angle": 0, "axis": "y", "origin": [7.89199, 0, 8.07136]},
			"faces": {
				"north": {"uv": [6.008, 3.258, 6.992, 3.992], "texture": "#1"},
				"east": {"uv": [5.008, 3.258, 5.992, 3.992], "texture": "#1"},
				"south": {"uv": [8.008, 3.258, 8.992, 3.992], "texture": "#1"},
				"west": {"uv": [7.008, 3.258, 7.992, 3.992], "texture": "#1"},
				"up": {"uv": [6.992, 3.242, 6.008, 2.258], "texture": "#1"},
				"down": {"uv": [7.992, 2.258, 7.008, 3.242], "texture": "#1"}
			}
		},
		{
			"name": "cake",
			"from": [5.39199, 1, 6.07136],
			"to": [10.39199, 2, 10.07136],
			"rotation": {"angle": 0, "axis": "y", "origin": [7.89199, 0, 8.07136]},
			"faces": {
				"north": {"uv": [5.508, 1.008, 6.742, 1.242], "texture": "#1"},
				"east": {"uv": [4.508, 1.008, 5.492, 1.242], "texture": "#1"},
				"south": {"uv": [7.758, 1.008, 8.992, 1.242], "texture": "#1"},
				"west": {"uv": [6.758, 1.008, 7.742, 1.242], "texture": "#1"},
				"up": {"uv": [6.742, 0.992, 5.508, 0.008], "texture": "#1"},
				"down": {"uv": [7.992, 0.008, 6.758, 0.992], "texture": "#1"}
			}
		},
		{
			"name": "plate",
			"from": [4.89199, 0, 5.07136],
			"to": [10.89199, 1, 11.07136],
			"rotation": {"angle": 0, "axis": "y", "origin": [7.89199, 0, 8.07136]},
			"faces": {
				"north": {"uv": [1.508, 1.508, 2.992, 1.742], "texture": "#1"},
				"east": {"uv": [0.008, 1.508, 1.492, 1.742], "texture": "#1"},
				"south": {"uv": [4.508, 1.508, 5.992, 1.742], "texture": "#1"},
				"west": {"uv": [3.008, 1.508, 4.492, 1.742], "texture": "#1"},
				"up": {"uv": [2.992, 1.492, 1.508, 0.008], "texture": "#1"},
				"down": {"uv": [4.492, 0.008, 3.008, 1.492], "texture": "#1"}
			}
		},
		{
			"name": "plate",
			"from": [10.89199, 0.4, 5.07136],
			"to": [12.89199, 1.4, 11.07136],
			"rotation": {"angle": 0, "axis": "y", "origin": [7.89199, 0, 8.07136]},
			"faces": {
				"north": {"uv": [6.008, 5.008, 6.492, 5.242], "texture": "#1"},
				"east": {"uv": [4.508, 5.008, 5.992, 5.242], "texture": "#1"},
				"south": {"uv": [4.008, 5.008, 4.492, 5.242], "texture": "#1"},
				"west": {"uv": [2.508, 5.008, 3.992, 5.242], "texture": "#1"},
				"up": {"uv": [4.492, 4.992, 4.008, 3.508], "rotation": 180, "texture": "#1"},
				"down": {"uv": [4.992, 3.508, 4.508, 4.992], "rotation": 180, "texture": "#1"}
			}
		},
		{
			"name": "plate",
			"from": [2.89199, 0.4, 3.07136],
			"to": [12.89199, 1.4, 5.07136],
			"rotation": {"angle": 0, "axis": "y", "origin": [7.89199, 0, 8.07136]},
			"faces": {
				"north": {"uv": [3.508, 3.008, 5.992, 3.242], "texture": "#1"},
				"east": {"uv": [3.008, 3.008, 3.492, 3.242], "texture": "#1"},
				"south": {"uv": [0.508, 3.008, 2.992, 3.242], "texture": "#1"},
				"west": {"uv": [0.008, 3.008, 0.492, 3.242], "texture": "#1"},
				"up": {"uv": [2.992, 2.992, 0.508, 2.508], "rotation": 180, "texture": "#1"},
				"down": {"uv": [5.492, 2.508, 3.008, 2.992], "rotation": 180, "texture": "#1"}
			}
		},
		{
			"name": "plate",
			"from": [2.89199, 0.4, 5.07136],
			"to": [4.89199, 1.4, 11.07136],
			"rotation": {"angle": 0, "axis": "y", "origin": [7.89199, 0, 8.07136]},
			"faces": {
				"north": {"uv": [1.508, 4.758, 1.992, 4.992], "texture": "#1"},
				"east": {"uv": [0.008, 4.758, 1.492, 4.992], "texture": "#1"},
				"south": {"uv": [3.508, 4.758, 3.992, 4.992], "texture": "#1"},
				"west": {"uv": [2.008, 4.758, 3.492, 4.992], "texture": "#1"},
				"up": {"uv": [1.992, 4.742, 1.508, 3.258], "texture": "#1"},
				"down": {"uv": [2.492, 3.258, 2.008, 4.742], "texture": "#1"}
			}
		},
		{
			"name": "plate",
			"from": [2.89199, 0.4, 11.07136],
			"to": [12.89199, 1.4, 13.07136],
			"rotation": {"angle": 0, "axis": "y", "origin": [7.89199, 0, 8.07136]},
			"faces": {
				"north": {"uv": [0.508, 2.258, 2.992, 2.492], "texture": "#1"},
				"east": {"uv": [0.008, 2.258, 0.492, 2.492], "texture": "#1"},
				"south": {"uv": [3.508, 2.258, 5.992, 2.492], "texture": "#1"},
				"west": {"uv": [3.008, 2.258, 3.492, 2.492], "texture": "#1"},
				"up": {"uv": [2.992, 2.242, 0.508, 1.758], "texture": "#1"},
				"down": {"uv": [5.492, 1.758, 3.008, 2.242], "texture": "#1"}
			}
		},
		{
			"name": "toppings",
			"from": [6.01987, 6.09806, 9.03136],
			"to": [7.01987, 6.09806, 10.03136],
			"rotation": {"angle": 22.5, "axis": "y", "origin": [6.41987, 6.09806, 9.03136]},
			"faces": {
				"north": {"uv": [6.008, 9.508, 6.242, 9.492], "texture": "#1"},
				"east": {"uv": [5.758, 9.508, 5.992, 9.492], "texture": "#1"},
				"south": {"uv": [6.508, 9.508, 6.742, 9.492], "texture": "#1"},
				"west": {"uv": [6.258, 9.508, 6.492, 9.492], "texture": "#1"},
				"up": {"uv": [6.242, 9.492, 6.008, 9.258], "texture": "#1"},
				"down": {"uv": [6.242, 9.492, 6.008, 9.258], "texture": "#1"}
			}
		},
		{
			"name": "toppings",
			"from": [10.96578, 6.09806, 7.26276],
			"to": [11.96578, 6.09806, 8.26276],
			"rotation": {"angle": 45, "axis": "y", "origin": [10.46578, 6.09806, 8.56276]},
			"faces": {
				"north": {"uv": [6.008, 9.508, 6.242, 9.492], "texture": "#1"},
				"east": {"uv": [5.758, 9.508, 5.992, 9.492], "texture": "#1"},
				"south": {"uv": [6.508, 9.508, 6.742, 9.492], "texture": "#1"},
				"west": {"uv": [6.258, 9.508, 6.492, 9.492], "texture": "#1"},
				"up": {"uv": [6.242, 9.492, 6.008, 9.258], "texture": "#1"},
				"down": {"uv": [6.492, 9.258, 6.258, 9.492], "texture": "#1"}
			}
		},
		{
			"name": "toppings",
			"from": [8.3534, 6.45798, 5.13997],
			"to": [9.3534, 6.45798, 6.13997],
			"rotation": {"angle": 22.5, "axis": "x", "origin": [8.7034, 6.75798, 5.73997]},
			"faces": {
				"north": {"uv": [6.008, 9.508, 6.242, 9.492], "texture": "#1"},
				"east": {"uv": [5.758, 9.508, 5.992, 9.492], "texture": "#1"},
				"south": {"uv": [6.508, 9.508, 6.742, 9.492], "texture": "#1"},
				"west": {"uv": [6.258, 9.508, 6.492, 9.492], "texture": "#1"},
				"up": {"uv": [6.242, 9.492, 6.008, 9.258], "texture": "#1"},
				"down": {"uv": [6.242, 9.492, 6.008, 9.258], "texture": "#1"}
			}
		},
		{
			"name": "toppings",
			"from": [4.82809, 6.09806, 7.02886],
			"to": [5.82809, 6.09806, 8.02886],
			"rotation": {"angle": 0, "axis": "y", "origin": [7.89199, 0, 8.07136]},
			"faces": {
				"north": {"uv": [6.008, 9.508, 6.242, 9.492], "texture": "#1"},
				"east": {"uv": [5.758, 9.508, 5.992, 9.492], "texture": "#1"},
				"south": {"uv": [6.508, 9.508, 6.742, 9.492], "texture": "#1"},
				"west": {"uv": [6.258, 9.508, 6.492, 9.492], "texture": "#1"},
				"up": {"uv": [6.242, 9.492, 6.008, 9.258], "texture": "#1"},
				"down": {"uv": [6.242, 9.492, 6.008, 9.258], "texture": "#1"}
			}
		},
		{
			"name": "flower",
			"from": [4.52128, 6.75, 5.78852],
			"to": [5.52128, 6.75, 6.78852],
			"rotation": {"angle": -45, "axis": "y", "origin": [6.10461, 6.56667, 6.37185]},
			"faces": {
				"north": {"uv": [5.758, 7.258, 5.992, 7.242], "texture": "#1"},
				"east": {"uv": [5.508, 7.258, 5.742, 7.242], "texture": "#1"},
				"south": {"uv": [6.258, 7.258, 6.492, 7.242], "texture": "#1"},
				"west": {"uv": [6.008, 7.258, 6.242, 7.242], "texture": "#1"},
				"up": {"uv": [5.992, 7.242, 5.758, 7.008], "texture": "#1"},
				"down": {"uv": [5.992, 7.242, 5.758, 7.008], "texture": "#1"}
			}
		},
		{
			"name": "flower",
			"from": [5.52128, 6.45, 5.78852],
			"to": [6.52128, 6.45, 6.78852],
			"rotation": {"angle": -45, "axis": "y", "origin": [6.10461, 6.56667, 6.37185]},
			"faces": {
				"north": {"uv": [6.508, 7.758, 6.742, 7.742], "texture": "#1"},
				"east": {"uv": [6.258, 7.758, 6.492, 7.742], "texture": "#1"},
				"south": {"uv": [7.008, 7.758, 7.242, 7.742], "texture": "#1"},
				"west": {"uv": [6.758, 7.758, 6.992, 7.742], "texture": "#1"},
				"up": {"uv": [6.742, 7.742, 6.508, 7.508], "texture": "#1"},
				"down": {"uv": [6.992, 7.508, 6.758, 7.742], "texture": "#1"}
			}
		},
		{
			"name": "flower",
			"from": [6.52128, 6.65, 6.78852],
			"to": [7.52128, 6.65, 7.78852],
			"rotation": {"angle": -45, "axis": "y", "origin": [6.10461, 6.56667, 6.37185]},
			"faces": {
				"north": {"uv": [5.758, 7.258, 5.992, 7.242], "texture": "#1"},
				"east": {"uv": [5.508, 7.258, 5.742, 7.242], "texture": "#1"},
				"south": {"uv": [6.258, 7.258, 6.492, 7.242], "texture": "#1"},
				"west": {"uv": [6.008, 7.258, 6.242, 7.242], "texture": "#1"},
				"up": {"uv": [5.992, 7.242, 5.758, 7.008], "texture": "#1"},
				"down": {"uv": [5.992, 7.242, 5.758, 7.008], "texture": "#1"}
			}
		},
		{
			"name": "flower",
			"from": [6.52128, 6.85, 5.28852],
			"to": [7.52128, 6.85, 6.28852],
			"rotation": {"angle": -45, "axis": "y", "origin": [6.10461, 6.56667, 6.37185]},
			"faces": {
				"north": {"uv": [5.758, 7.258, 5.992, 7.242], "texture": "#1"},
				"east": {"uv": [5.508, 7.258, 5.742, 7.242], "texture": "#1"},
				"south": {"uv": [6.258, 7.258, 6.492, 7.242], "texture": "#1"},
				"west": {"uv": [6.008, 7.258, 6.242, 7.242], "texture": "#1"},
				"up": {"uv": [5.992, 7.242, 5.758, 7.008], "texture": "#1"},
				"down": {"uv": [5.992, 7.242, 5.758, 7.008], "texture": "#1"}
			}
		},
		{
			"name": "flower",
			"from": [5.52128, 6.65, 4.78852],
			"to": [6.52128, 6.65, 5.78852],
			"rotation": {"angle": -45, "axis": "y", "origin": [6.10461, 6.56667, 6.37185]},
			"faces": {
				"north": {"uv": [5.758, 7.258, 5.992, 7.242], "texture": "#1"},
				"east": {"uv": [5.508, 7.258, 5.742, 7.242], "texture": "#1"},
				"south": {"uv": [6.258, 7.258, 6.492, 7.242], "texture": "#1"},
				"west": {"uv": [6.008, 7.258, 6.242, 7.242], "texture": "#1"},
				"up": {"uv": [5.992, 7.242, 5.758, 7.008], "texture": "#1"},
				"down": {"uv": [5.992, 7.242, 5.758, 7.008], "texture": "#1"}
			}
		},
		{
			"name": "flower",
			"from": [5.02128, 6.65, 6.78852],
			"to": [6.02128, 6.65, 7.78852],
			"rotation": {"angle": -45, "axis": "y", "origin": [6.10461, 6.56667, 6.37185]},
			"faces": {
				"north": {"uv": [5.758, 7.258, 5.992, 7.242], "texture": "#1"},
				"east": {"uv": [5.508, 7.258, 5.742, 7.242], "texture": "#1"},
				"south": {"uv": [6.258, 7.258, 6.492, 7.242], "texture": "#1"},
				"west": {"uv": [6.008, 7.258, 6.242, 7.242], "texture": "#1"},
				"up": {"uv": [5.992, 7.242, 5.758, 7.008], "texture": "#1"},
				"down": {"uv": [5.992, 7.242, 5.758, 7.008], "texture": "#1"}
			}
		},
		{
			"name": "flower1dark",
			"from": [4.52128, 6.55, 5.78852],
			"to": [5.52128, 6.55, 6.78852],
			"rotation": {"angle": -45, "axis": "y", "origin": [6.10461, 6.56667, 6.37185]},
			"faces": {
				"north": {"uv": [7.008, 6.758, 7.242, 6.742], "texture": "#1"},
				"east": {"uv": [6.758, 6.758, 6.992, 6.742], "texture": "#1"},
				"south": {"uv": [7.508, 6.758, 7.742, 6.742], "texture": "#1"},
				"west": {"uv": [7.258, 6.758, 7.492, 6.742], "texture": "#1"},
				"up": {"uv": [7.242, 6.742, 7.008, 6.508], "texture": "#1"},
				"down": {"uv": [7.242, 6.742, 7.008, 6.508], "texture": "#1"}
			}
		},
		{
			"name": "flower1dark",
			"from": [5.52128, 6.25, 5.78852],
			"to": [6.52128, 6.25, 6.78852],
			"rotation": {"angle": -45, "axis": "y", "origin": [6.10461, 6.56667, 6.37185]},
			"faces": {
				"north": {"uv": [8.258, 6.008, 8.492, 5.992], "texture": "#1"},
				"east": {"uv": [8.008, 6.008, 8.242, 5.992], "texture": "#1"},
				"south": {"uv": [8.758, 6.008, 8.992, 5.992], "texture": "#1"},
				"west": {"uv": [8.508, 6.008, 8.742, 5.992], "texture": "#1"},
				"up": {"uv": [8.492, 5.992, 8.258, 5.758], "texture": "#1"},
				"down": {"uv": [7.242, 6.742, 7.008, 6.508], "texture": "#1"}
			}
		},
		{
			"name": "flower1dark",
			"from": [6.52128, 6.45, 6.78852],
			"to": [7.52128, 6.45, 7.78852],
			"rotation": {"angle": -45, "axis": "y", "origin": [6.10461, 6.56667, 6.37185]},
			"faces": {
				"north": {"uv": [7.008, 6.758, 7.242, 6.742], "texture": "#1"},
				"east": {"uv": [6.758, 6.758, 6.992, 6.742], "texture": "#1"},
				"south": {"uv": [7.508, 6.758, 7.742, 6.742], "texture": "#1"},
				"west": {"uv": [7.258, 6.758, 7.492, 6.742], "texture": "#1"},
				"up": {"uv": [7.242, 6.742, 7.008, 6.508], "texture": "#1"},
				"down": {"uv": [7.242, 6.742, 7.008, 6.508], "texture": "#1"}
			}
		},
		{
			"name": "flower1dark",
			"from": [6.52128, 6.65, 5.28852],
			"to": [7.52128, 6.65, 6.28852],
			"rotation": {"angle": -45, "axis": "y", "origin": [6.10461, 6.56667, 6.37185]},
			"faces": {
				"north": {"uv": [7.008, 6.758, 7.242, 6.742], "texture": "#1"},
				"east": {"uv": [6.758, 6.758, 6.992, 6.742], "texture": "#1"},
				"south": {"uv": [7.508, 6.758, 7.742, 6.742], "texture": "#1"},
				"west": {"uv": [7.258, 6.758, 7.492, 6.742], "texture": "#1"},
				"up": {"uv": [7.242, 6.742, 7.008, 6.508], "texture": "#1"},
				"down": {"uv": [7.242, 6.742, 7.008, 6.508], "texture": "#1"}
			}
		},
		{
			"name": "flower1dark",
			"from": [5.52128, 6.45, 4.78852],
			"to": [6.52128, 6.45, 5.78852],
			"rotation": {"angle": -45, "axis": "y", "origin": [6.10461, 6.56667, 6.37185]},
			"faces": {
				"north": {"uv": [7.008, 6.758, 7.242, 6.742], "texture": "#1"},
				"east": {"uv": [6.758, 6.758, 6.992, 6.742], "texture": "#1"},
				"south": {"uv": [7.508, 6.758, 7.742, 6.742], "texture": "#1"},
				"west": {"uv": [7.258, 6.758, 7.492, 6.742], "texture": "#1"},
				"up": {"uv": [7.242, 6.742, 7.008, 6.508], "texture": "#1"},
				"down": {"uv": [7.242, 6.742, 7.008, 6.508], "texture": "#1"}
			}
		},
		{
			"name": "flower1dark",
			"from": [5.02128, 6.45, 6.78852],
			"to": [6.02128, 6.45, 7.78852],
			"rotation": {"angle": -45, "axis": "y", "origin": [6.10461, 6.56667, 6.37185]},
			"faces": {
				"north": {"uv": [7.008, 6.758, 7.242, 6.742], "texture": "#1"},
				"east": {"uv": [6.758, 6.758, 6.992, 6.742], "texture": "#1"},
				"south": {"uv": [7.508, 6.758, 7.742, 6.742], "texture": "#1"},
				"west": {"uv": [7.258, 6.758, 7.492, 6.742], "texture": "#1"},
				"up": {"uv": [7.242, 6.742, 7.008, 6.508], "texture": "#1"},
				"down": {"uv": [7.242, 6.742, 7.008, 6.508], "texture": "#1"}
			}
		},
		{
			"name": "flower2",
			"from": [7.89199, 6.6, 6.07136],
			"to": [8.89199, 6.6, 7.07136],
			"rotation": {"angle": -22.5, "axis": "y", "origin": [9.36699, 6.3, 6.77136]},
			"faces": {
				"north": {"uv": [3.758, 7.258, 3.992, 7.242], "texture": "#1"},
				"east": {"uv": [3.508, 7.258, 3.742, 7.242], "texture": "#1"},
				"south": {"uv": [4.258, 7.258, 4.492, 7.242], "texture": "#1"},
				"west": {"uv": [4.008, 7.258, 4.242, 7.242], "texture": "#1"},
				"up": {"uv": [3.992, 7.242, 3.758, 7.008], "texture": "#1"},
				"down": {"uv": [3.992, 7.242, 3.758, 7.008], "texture": "#1"}
			}
		},
		{
			"name": "flower2",
			"from": [8.89199, 6.4, 6.07136],
			"to": [9.89199, 6.4, 7.07136],
			"rotation": {"angle": -22.5, "axis": "y", "origin": [9.36699, 6.3, 6.77136]},
			"faces": {
				"north": {"uv": [4.008, 8.008, 4.242, 7.992], "texture": "#1"},
				"east": {"uv": [3.758, 8.008, 3.992, 7.992], "texture": "#1"},
				"south": {"uv": [4.508, 8.008, 4.742, 7.992], "texture": "#1"},
				"west": {"uv": [4.258, 8.008, 4.492, 7.992], "texture": "#1"},
				"up": {"uv": [4.242, 7.992, 4.008, 7.758], "texture": "#1"},
				"down": {"uv": [4.242, 7.992, 4.008, 7.758], "texture": "#1"}
			}
		},
		{
			"name": "flower2",
			"from": [9.39199, 6.6, 5.57136],
			"to": [10.39199, 6.6, 6.57136],
			"rotation": {"angle": -22.5, "axis": "y", "origin": [9.36699, 6.3, 6.77136]},
			"faces": {
				"north": {"uv": [3.758, 7.258, 3.992, 7.242], "texture": "#1"},
				"east": {"uv": [3.508, 7.258, 3.742, 7.242], "texture": "#1"},
				"south": {"uv": [4.258, 7.258, 4.492, 7.242], "texture": "#1"},
				"west": {"uv": [4.008, 7.258, 4.242, 7.242], "texture": "#1"},
				"up": {"uv": [3.992, 7.242, 3.758, 7.008], "texture": "#1"},
				"down": {"uv": [3.992, 7.242, 3.758, 7.008], "texture": "#1"}
			}
		},
		{
			"name": "flower2",
			"from": [9.29199, 6.8, 6.97136],
			"to": [10.29199, 6.8, 7.97136],
			"rotation": {"angle": -22.5, "axis": "y", "origin": [9.36699, 6.3, 6.77136]},
			"faces": {
				"north": {"uv": [3.758, 7.258, 3.992, 7.242], "texture": "#1"},
				"east": {"uv": [3.508, 7.258, 3.742, 7.242], "texture": "#1"},
				"south": {"uv": [4.258, 7.258, 4.492, 7.242], "texture": "#1"},
				"west": {"uv": [4.008, 7.258, 4.242, 7.242], "texture": "#1"},
				"up": {"uv": [3.992, 7.242, 3.758, 7.008], "texture": "#1"},
				"down": {"uv": [3.992, 7.242, 3.758, 7.008], "texture": "#1"}
			}
		},
		{
			"name": "flower2dark",
			"from": [9.39199, 6.4, 5.57136],
			"to": [10.39199, 6.4, 6.57136],
			"rotation": {"angle": -22.5, "axis": "y", "origin": [9.36699, 6.3, 6.77136]},
			"faces": {
				"north": {"uv": [2.258, 7.758, 2.492, 7.742], "texture": "#1"},
				"east": {"uv": [2.008, 7.758, 2.242, 7.742], "texture": "#1"},
				"south": {"uv": [2.758, 7.758, 2.992, 7.742], "texture": "#1"},
				"west": {"uv": [2.508, 7.758, 2.742, 7.742], "texture": "#1"},
				"up": {"uv": [2.492, 7.742, 2.258, 7.508], "texture": "#1"},
				"down": {"uv": [2.492, 7.742, 2.258, 7.508], "texture": "#1"}
			}
		},
		{
			"name": "flower2dark",
			"from": [7.89199, 6.4, 6.07136],
			"to": [8.89199, 6.4, 7.07136],
			"rotation": {"angle": -22.5, "axis": "y", "origin": [9.36699, 6.3, 6.77136]},
			"faces": {
				"north": {"uv": [2.258, 7.758, 2.492, 7.742], "texture": "#1"},
				"east": {"uv": [2.008, 7.758, 2.242, 7.742], "texture": "#1"},
				"south": {"uv": [2.758, 7.758, 2.992, 7.742], "texture": "#1"},
				"west": {"uv": [2.508, 7.758, 2.742, 7.742], "texture": "#1"},
				"up": {"uv": [2.492, 7.742, 2.258, 7.508], "texture": "#1"},
				"down": {"uv": [2.492, 7.742, 2.258, 7.508], "texture": "#1"}
			}
		},
		{
			"name": "flower2dark",
			"from": [9.29199, 6.6, 6.97136],
			"to": [10.29199, 6.6, 7.97136],
			"rotation": {"angle": -22.5, "axis": "y", "origin": [9.36699, 6.3, 6.77136]},
			"faces": {
				"north": {"uv": [2.258, 7.758, 2.492, 7.742], "texture": "#1"},
				"east": {"uv": [2.008, 7.758, 2.242, 7.742], "texture": "#1"},
				"south": {"uv": [2.758, 7.758, 2.992, 7.742], "texture": "#1"},
				"west": {"uv": [2.508, 7.758, 2.742, 7.742], "texture": "#1"},
				"up": {"uv": [2.492, 7.742, 2.258, 7.508], "texture": "#1"},
				"down": {"uv": [2.492, 7.742, 2.258, 7.508], "texture": "#1"}
			}
		},
		{
			"name": "flower2dark",
			"from": [8.89199, 6.2, 6.07136],
			"to": [9.89199, 6.2, 7.07136],
			"rotation": {"angle": -22.5, "axis": "y", "origin": [9.36699, 6.3, 6.77136]},
			"faces": {
				"north": {"uv": [2.258, 8.508, 2.492, 8.492], "texture": "#1"},
				"east": {"uv": [2.008, 8.508, 2.242, 8.492], "texture": "#1"},
				"south": {"uv": [2.758, 8.508, 2.992, 8.492], "texture": "#1"},
				"west": {"uv": [2.508, 8.508, 2.742, 8.492], "texture": "#1"},
				"up": {"uv": [2.492, 8.492, 2.258, 8.258], "texture": "#1"},
				"down": {"uv": [2.492, 8.492, 2.258, 8.258], "texture": "#1"}
			}
		},
		{
			"name": "flower3",
			"from": [7.55869, 6.69806, 8.42287],
			"to": [8.55869, 6.69806, 9.42287],
			"rotation": {"angle": 22.5, "axis": "y", "origin": [7.96699, 6.4, 9.87136]},
			"faces": {
				"north": {"uv": [4.758, 9.258, 4.992, 9.242], "texture": "#1"},
				"east": {"uv": [4.508, 9.258, 4.742, 9.242], "texture": "#1"},
				"south": {"uv": [4.258, 9.258, 4.492, 9.242], "texture": "#1"},
				"west": {"uv": [5.008, 9.258, 5.242, 9.242], "texture": "#1"},
				"up": {"uv": [4.742, 9.242, 4.508, 9.008], "rotation": 90, "texture": "#1"},
				"down": {"uv": [4.742, 9.242, 4.508, 9.008], "rotation": 270, "texture": "#1"}
			}
		},
		{
			"name": "flower3",
			"from": [7.56699, 6.3, 9.39636],
			"to": [8.56699, 6.3, 10.39636],
			"rotation": {"angle": 22.5, "axis": "y", "origin": [7.96699, 6.4, 9.87136]},
			"faces": {
				"north": {"uv": [6.508, 8.508, 6.742, 8.492], "texture": "#1"},
				"east": {"uv": [6.258, 8.508, 6.492, 8.492], "texture": "#1"},
				"south": {"uv": [6.008, 8.508, 6.242, 8.492], "texture": "#1"},
				"west": {"uv": [6.758, 8.508, 6.992, 8.492], "texture": "#1"},
				"up": {"uv": [6.492, 8.492, 6.258, 8.258], "rotation": 90, "texture": "#1"},
				"down": {"uv": [6.492, 8.492, 6.258, 8.258], "rotation": 270, "texture": "#1"}
			}
		},
		{
			"name": "flower3",
			"from": [8.06699, 6.5, 9.89636],
			"to": [9.06699, 6.5, 10.89636],
			"rotation": {"angle": 22.5, "axis": "y", "origin": [7.96699, 6.4, 9.87136]},
			"faces": {
				"north": {"uv": [4.758, 9.258, 4.992, 9.242], "texture": "#1"},
				"east": {"uv": [4.508, 9.258, 4.742, 9.242], "texture": "#1"},
				"south": {"uv": [4.258, 9.258, 4.492, 9.242], "texture": "#1"},
				"west": {"uv": [5.008, 9.258, 5.242, 9.242], "texture": "#1"},
				"up": {"uv": [4.742, 9.242, 4.508, 9.008], "rotation": 90, "texture": "#1"},
				"down": {"uv": [4.742, 9.242, 4.508, 9.008], "rotation": 270, "texture": "#1"}
			}
		},
		{
			"name": "flower3",
			"from": [6.67529, 6.50194, 9.76985],
			"to": [7.67529, 6.50194, 10.76985],
			"rotation": {"angle": 22.5, "axis": "y", "origin": [7.96699, 6.4, 9.87136]},
			"faces": {
				"north": {"uv": [4.758, 9.258, 4.992, 9.242], "texture": "#1"},
				"east": {"uv": [4.508, 9.258, 4.742, 9.242], "texture": "#1"},
				"south": {"uv": [4.258, 9.258, 4.492, 9.242], "texture": "#1"},
				"west": {"uv": [5.008, 9.258, 5.242, 9.242], "texture": "#1"},
				"up": {"uv": [4.742, 9.242, 4.508, 9.008], "rotation": 90, "texture": "#1"},
				"down": {"uv": [4.742, 9.242, 4.508, 9.008], "rotation": 270, "texture": "#1"}
			}
		},
		{
			"name": "flower3dark",
			"from": [8.06699, 6.3, 9.89636],
			"to": [9.06699, 6.3, 10.89636],
			"rotation": {"angle": 22.5, "axis": "y", "origin": [7.96699, 6.4, 9.87136]},
			"faces": {
				"north": {"uv": [1.008, 9.758, 1.242, 9.742], "texture": "#1"},
				"east": {"uv": [0.758, 9.758, 0.992, 9.742], "texture": "#1"},
				"south": {"uv": [0.508, 9.758, 0.742, 9.742], "texture": "#1"},
				"west": {"uv": [1.258, 9.758, 1.492, 9.742], "texture": "#1"},
				"up": {"uv": [0.992, 9.742, 0.758, 9.508], "rotation": 90, "texture": "#1"},
				"down": {"uv": [0.992, 9.742, 0.758, 9.508], "rotation": 270, "texture": "#1"}
			}
		},
		{
			"name": "flower3dark",
			"from": [7.55869, 6.49806, 8.42287],
			"to": [8.55869, 6.49806, 9.42287],
			"rotation": {"angle": 22.5, "axis": "y", "origin": [7.96699, 6.4, 9.87136]},
			"faces": {
				"north": {"uv": [1.008, 9.758, 1.242, 9.742], "texture": "#1"},
				"east": {"uv": [0.758, 9.758, 0.992, 9.742], "texture": "#1"},
				"south": {"uv": [0.508, 9.758, 0.742, 9.742], "texture": "#1"},
				"west": {"uv": [1.258, 9.758, 1.492, 9.742], "texture": "#1"},
				"up": {"uv": [0.992, 9.742, 0.758, 9.508], "rotation": 90, "texture": "#1"},
				"down": {"uv": [0.992, 9.742, 0.758, 9.508], "rotation": 270, "texture": "#1"}
			}
		},
		{
			"name": "flower3dark",
			"from": [6.67529, 6.30194, 9.76985],
			"to": [7.67529, 6.30194, 10.76985],
			"rotation": {"angle": 22.5, "axis": "y", "origin": [7.96699, 6.4, 9.87136]},
			"faces": {
				"north": {"uv": [1.008, 9.758, 1.242, 9.742], "texture": "#1"},
				"east": {"uv": [0.758, 9.758, 0.992, 9.742], "texture": "#1"},
				"south": {"uv": [0.508, 9.758, 0.742, 9.742], "texture": "#1"},
				"west": {"uv": [1.258, 9.758, 1.492, 9.742], "texture": "#1"},
				"up": {"uv": [0.992, 9.742, 0.758, 9.508], "rotation": 90, "texture": "#1"},
				"down": {"uv": [0.992, 9.742, 0.758, 9.508], "rotation": 270, "texture": "#1"}
			}
		},
		{
			"name": "flower3dark",
			"from": [7.56699, 6.1, 9.39636],
			"to": [8.56699, 6.1, 10.39636],
			"rotation": {"angle": 22.5, "axis": "y", "origin": [7.96699, 6.4, 9.87136]},
			"faces": {
				"north": {"uv": [2.258, 9.258, 2.492, 9.242], "texture": "#1"},
				"east": {"uv": [2.008, 9.258, 2.242, 9.242], "texture": "#1"},
				"south": {"uv": [1.758, 9.258, 1.992, 9.242], "texture": "#1"},
				"west": {"uv": [2.508, 9.258, 2.742, 9.242], "texture": "#1"},
				"up": {"uv": [2.242, 9.242, 2.008, 9.008], "rotation": 90, "texture": "#1"},
				"down": {"uv": [2.242, 9.242, 2.008, 9.008], "rotation": 270, "texture": "#1"}
			}
		},
		{
			"name": "bone",
			"from": [9.44453, 6.54746, 8.67916],
			"to": [11.29133, 6.54746, 10.52596],
			"rotation": {"angle": 45, "axis": "z", "origin": [9.59453, 6.54746, 9.60256]},
			"faces": {
				"north": {"uv": [0.742, 0.008, 0.008, -0.008], "texture": "#1"},
				"east": {"uv": [0.742, 0.008, 0.008, -0.008], "texture": "#1"},
				"south": {"uv": [0.742, 0.008, 0.008, -0.008], "texture": "#1"},
				"west": {"uv": [0.742, 0.008, 0.008, -0.008], "texture": "#1"},
				"up": {"uv": [10.508, 0.008, 11.242, 0.742], "rotation": 90, "texture": "#1"},
				"down": {"uv": [10.508, 0.742, 11.242, 0.008], "rotation": 270, "texture": "#1"}
			}
		},
		{
			"name": "bone",
			"from": [7.89773, 6.54746, 8.67916],
			"to": [9.74453, 6.54746, 10.52596],
			"rotation": {"angle": -22.5, "axis": "z", "origin": [9.59453, 6.54746, 9.60256]},
			"faces": {
				"north": {"uv": [0.008, 0.008, 0.742, -0.008], "texture": "#1"},
				"east": {"uv": [0.008, 0.008, 0.742, -0.008], "texture": "#1"},
				"south": {"uv": [0.008, 0.008, 0.742, -0.008], "texture": "#1"},
				"west": {"uv": [0.008, 0.008, 0.742, -0.008], "texture": "#1"},
				"up": {"uv": [10.508, 1.508, 11.242, 2.242], "rotation": 90, "texture": "#1"},
				"down": {"uv": [10.508, 2.242, 11.242, 1.508], "rotation": 270, "texture": "#1"}
			}
		},
		{
			"name": "bone2",
			"from": [6.35517, 7.05236, 5.30136],
			"to": [8.09517, 7.05236, 7.04136],
			"rotation": {"angle": 22.5, "axis": "z", "origin": [6.47517, 7.05236, 6.17136]},
			"faces": {
				"north": {"uv": [0.008, 0.008, 1.242, -0.008], "texture": "#1"},
				"east": {"uv": [0.008, 0.008, 0.992, -0.008], "texture": "#1"},
				"south": {"uv": [0.008, 0.008, 1.242, -0.008], "texture": "#1"},
				"west": {"uv": [0.008, 0.008, 0.992, -0.008], "texture": "#1"},
				"up": {"uv": [11.508, 0.008, 12.242, 0.742], "rotation": 180, "texture": "#1"},
				"down": {"uv": [11.508, 0.742, 12.242, 0.008], "rotation": 180, "texture": "#1"}
			}
		},
		{
			"name": "bone2",
			"from": [4.84536, 7.05943, 5.30136],
			"to": [6.58536, 7.05943, 7.04136],
			"rotation": {"angle": -45, "axis": "z", "origin": [6.46536, 7.05943, 6.17136]},
			"faces": {
				"north": {"uv": [1.242, 0.008, 0.008, -0.008], "texture": "#1"},
				"east": {"uv": [0.992, 0.008, 0.008, -0.008], "texture": "#1"},
				"south": {"uv": [1.242, 0.008, 0.008, -0.008], "texture": "#1"},
				"west": {"uv": [0.992, 0.008, 0.008, -0.008], "texture": "#1"},
				"up": {"uv": [12.242, 0.008, 11.508, 0.742], "rotation": 180, "texture": "#1"},
				"down": {"uv": [12.242, 0.742, 11.508, 0.008], "rotation": 180, "texture": "#1"}
			}
		},
		{
			"name": "bone3",
			"from": [5.23466, 6.22878, 8.31136],
			"to": [6.35466, 6.22878, 9.43136],
			"rotation": {"angle": 22.5, "axis": "x", "origin": [5.79466, 6.22878, 9.27136]},
			"faces": {
				"north": {"uv": [0.008, 0.008, 0.742, -0.008], "texture": "#1"},
				"east": {"uv": [0.008, 0.008, 0.742, -0.008], "texture": "#1"},
				"south": {"uv": [0.008, 0.008, 0.742, -0.008], "texture": "#1"},
				"west": {"uv": [0.008, 0.008, 0.742, -0.008], "texture": "#1"},
				"up": {"uv": [13.008, 0.008, 13.492, 0.492], "rotation": 90, "texture": "#1"},
				"down": {"uv": [13.008, 0.492, 13.492, 0.008], "rotation": 270, "texture": "#1"}
			}
		},
		{
			"name": "bone3",
			"from": [5.25466, 6.22878, 9.11136],
			"to": [6.37466, 6.22878, 10.23136],
			"rotation": {"angle": -45, "axis": "x", "origin": [5.81466, 6.22878, 9.27136]},
			"faces": {
				"north": {"uv": [0.742, 0.008, 0.008, -0.008], "texture": "#1"},
				"east": {"uv": [0.742, 0.008, 0.008, -0.008], "texture": "#1"},
				"south": {"uv": [0.742, 0.008, 0.008, -0.008], "texture": "#1"},
				"west": {"uv": [0.742, 0.008, 0.008, -0.008], "texture": "#1"},
				"up": {"uv": [13.492, 0.008, 13.008, 0.492], "rotation": 90, "texture": "#1"},
				"down": {"uv": [13.492, 0.492, 13.008, 0.008], "rotation": 270, "texture": "#1"}
			}
		},
		{
			"name": "bone4",
			"from": [11.88949, 1.45, 8.76239],
			"to": [12.88949, 2.2, 12.76239],
			"rotation": {"angle": -45, "axis": "y", "origin": [10.88949, 1.725, 8.94739]},
			"faces": {
				"north": {"uv": [13.235, 1.735, 12.765, 1.265], "texture": "#1"},
				"east": {"uv": [13.235, 3.735, 10.765, 3.265], "texture": "#1"},
				"south": {"uv": [13.235, 1.735, 12.765, 1.265], "texture": "#1"},
				"west": {"uv": [13.235, 3.735, 10.765, 3.265], "texture": "#1"},
				"up": {"uv": [12.735, 3.735, 12.265, 1.265], "texture": "#1"},
				"down": {"uv": [13.235, 3.735, 12.765, 1.265], "texture": "#1"}
			}
		},
		{
			"name": "bone4",
			"from": [11.38949, 1.45, 7.81239],
			"to": [13.38949, 1.95, 8.76239],
			"rotation": {"angle": -45, "axis": "y", "origin": [10.88949, 1.725, 8.94739]},
			"faces": {
				"north": {"uv": [10.515, 3.235, 11.735, 2.765], "texture": "#1"},
				"east": {"uv": [12.765, 2.765, 13.235, 3.1875], "texture": "#1"},
				"south": {"uv": [12.015, 3.015, 12.485, 3.1875], "texture": "#1"},
				"west": {"uv": [12.765, 3.265, 13.235, 3.4375], "texture": "#1"},
				"up": {"uv": [10.515, 3.235, 11.735, 2.765], "texture": "#1"},
				"down": {"uv": [12.235, 3.265, 11.765, 3.735], "texture": "#1"}
			}
		},
		{
			"name": "bone4",
			"from": [12.88949, 1.45, 6.81239],
			"to": [13.38949, 1.95, 7.81239],
			"rotation": {"angle": -45, "axis": "y", "origin": [10.88949, 1.725, 8.94739]},
			"faces": {
				"north": {"uv": [12.015, 3.265, 12.235, 3.6875], "texture": "#1"},
				"east": {"uv": [12.015, 3.265, 12.485, 3.4375], "texture": "#1"},
				"south": {"uv": [12.015, 3.265, 12.485, 3.4375], "texture": "#1"},
				"west": {"uv": [12.015, 3.265, 12.485, 3.4375], "texture": "#1"},
				"up": {"uv": [12.015, 3.265, 12.1875, 3.735], "texture": "#1"},
				"down": {"uv": [12.015, 3.265, 12.485, 3.4375], "texture": "#1"}
			}
		},
		{
			"name": "bone4",
			"from": [12.13949, 1.45, 6.81239],
			"to": [12.63949, 1.95, 7.81239],
			"rotation": {"angle": -45, "axis": "y", "origin": [10.88949, 1.725, 8.94739]},
			"faces": {
				"north": {"uv": [12.015, 3.265, 12.235, 3.6875], "texture": "#1"},
				"east": {"uv": [12.015, 3.265, 12.485, 3.4375], "texture": "#1"},
				"south": {"uv": [12.015, 3.265, 12.485, 3.4375], "texture": "#1"},
				"west": {"uv": [12.015, 3.265, 12.485, 3.4375], "texture": "#1"},
				"up": {"uv": [12.015, 3.265, 12.1875, 3.735], "texture": "#1"},
				"down": {"uv": [12.015, 3.265, 12.485, 3.4375], "texture": "#1"}
			}
		},
		{
			"name": "bone4",
			"from": [11.38949, 1.45, 6.81239],
			"to": [11.88949, 1.95, 7.81239],
			"rotation": {"angle": -45, "axis": "y", "origin": [10.88949, 1.725, 8.94739]},
			"faces": {
				"north": {"uv": [12.015, 3.265, 12.235, 3.6875], "texture": "#1"},
				"east": {"uv": [12.015, 3.265, 12.485, 3.4375], "texture": "#1"},
				"south": {"uv": [12.015, 3.265, 12.485, 3.4375], "texture": "#1"},
				"west": {"uv": [12.015, 3.265, 12.485, 3.4375], "texture": "#1"},
				"up": {"uv": [12.015, 3.265, 12.1875, 3.735], "texture": "#1"},
				"down": {"uv": [12.015, 3.265, 12.485, 3.4375], "texture": "#1"}
			}
		}
	],
	"display": {
		"thirdperson_righthand": {
			"rotation": [65, 0, 0],
			"translation": [-6, 5, 5.75]
		},
		"firstperson_righthand": {
			"translation": [-8.5, 3, -0.25]
		},
		"ground": {
			"translation": [0, 4, 0]
		},
		"gui": {
			"rotation": [48.04, -40.45, -1.93],
			"translation": [0.5, 3.75, 0]
		},
		"fixed": {
			"rotation": [-90, -180, 0],
			"translation": [-0.25, 0, -15],
			"scale": [2, 2, 2]
		}
	},
	"groups": [
		{
			"name": "cake",
			"origin": [0, 0, 0],
			"color": 0,
			"children": [
				0,
				1,
				2,
				3,
				{
					"name": "plate",
					"origin": [0, 0, 0],
					"color": 1,
					"children": [4, 5, 6, 7, 8]
				},
				{
					"name": "toppings",
					"origin": [-0.8, 6, 0.1],
					"color": 2,
					"children": [
						9,
						10,
						11,
						12,
						{
							"name": "flower",
							"origin": [-1.71667, 6.41667, -1.41667],
							"color": 3,
							"children": [13, 14, 15, 16, 17, 18]
						},
						{
							"name": "flower1dark",
							"origin": [-1.71667, 6.21667, -1.41667],
							"color": 4,
							"children": [19, 20, 21, 22, 23, 24]
						},
						{
							"name": "flower2",
							"origin": [1.475, 6.375, -1.3],
							"color": 5,
							"children": [
								25,
								26,
								27,
								28,
								{
									"name": "flower2dark",
									"origin": [-0.1, -0.1, -1.8],
									"color": 6,
									"children": [29, 30, 31, 32]
								}
							]
						},
						{
							"name": "flower3",
							"origin": [0.075, 6.475, 1.8],
							"color": 7,
							"children": [
								33,
								34,
								35,
								36,
								{
									"name": "flower3dark",
									"origin": [-1.5, 0, 1.3],
									"color": 8,
									"children": [37, 38, 39, 40]
								}
							]
						},
						{
							"name": "bone",
							"origin": [1.15, 6.7, 1.3],
							"color": 9,
							"children": [41, 42]
						},
						{
							"name": "bone2",
							"origin": [-1.46254, 7.12484, -1.9],
							"color": 0,
							"children": [43, 44]
						},
						{
							"name": "bone3",
							"origin": [-2.05, 6.46569, 1.2],
							"color": 1,
							"children": [45, 46]
						}
					]
				},
				{
					"name": "bone4",
					"origin": [2.9975, 1.725, 2.87603],
					"color": 2,
					"children": [47, 48, 49, 50, 51]
				}
			]
		}
	]
}