{
	"credit": "Made with Blockbench",
	"texture_size": [64, 64],
	"textures": {
		"1": "block/slicedcake8",
		"2": "block/slicedcake1",
		"particle": "block/slicedcake8"
	},
	"elements": [
		{
			"name": "cake",
			"from": [5.5, 1, 6],
			"to": [10.5, 2, 10],
			"rotation": {"angle": 0, "axis": "y", "origin": [8, 0, 8]},
			"faces": {
				"north": {"uv": [4.015, 5.015, 5.235, 5.235], "texture": "#2"},
				"east": {"uv": [3.015, 5.015, 3.985, 5.235], "texture": "#2"},
				"south": {"uv": [6.265, 5.015, 7.485, 5.235], "texture": "#2"},
				"west": {"uv": [5.265, 5.015, 6.235, 5.235], "texture": "#2"},
				"up": {"uv": [5.235, 4.985, 4.015, 4.015], "texture": "#2"},
				"down": {"uv": [6.485, 4.015, 5.265, 4.985], "texture": "#2"}
			}
		},
		{
			"name": "cake",
			"from": [6.5, 2, 6],
			"to": [10.5, 5, 10],
			"rotation": {"angle": 0, "axis": "y", "origin": [8, 0, 8]},
			"faces": {
				"north": {"uv": [1.015, 4.265, 1.985, 4.985], "texture": "#2"},
				"east": {"uv": [0.015, 4.265, 0.985, 4.985], "texture": "#2"},
				"south": {"uv": [3.015, 4.265, 3.985, 4.985], "texture": "#2"},
				"west": {"uv": [2.015, 4.265, 2.985, 4.985], "texture": "#2"},
				"up": {"uv": [1.985, 4.235, 1.015, 3.265], "texture": "#2"},
				"down": {"uv": [2.985, 3.265, 2.015, 4.235], "texture": "#2"}
			}
		},
		{
			"name": "cake",
			"from": [6.5, 5, 6],
			"to": [10.5, 6, 10],
			"rotation": {"angle": 0, "axis": "y", "origin": [8, 0, 8]},
			"faces": {
				"north": {"uv": [5.515, 1.015, 6.485, 1.235], "texture": "#2"},
				"east": {"uv": [4.515, 1.015, 5.485, 1.235], "texture": "#2"},
				"south": {"uv": [7.515, 1.015, 8.485, 1.235], "texture": "#2"},
				"west": {"uv": [6.515, 1.015, 7.485, 1.235], "texture": "#2"},
				"up": {"uv": [6.485, 0.985, 5.515, 0.015], "texture": "#2"},
				"down": {"uv": [7.485, 0.015, 6.515, 0.985], "texture": "#2"}
			}
		},
		{
			"name": "cake",
			"from": [5.5, 2, 6],
			"to": [6.5, 6, 10],
			"rotation": {"angle": 0, "axis": "y", "origin": [8, 0, 8]},
			"faces": {
				"north": {"uv": [5.015, 6.265, 5.235, 7.235], "texture": "#2"},
				"east": {"uv": [4.015, 6.265, 4.985, 7.235], "texture": "#2"},
				"south": {"uv": [6.265, 6.265, 6.485, 7.235], "texture": "#2"},
				"west": {"uv": [5.265, 6.265, 6.235, 7.235], "texture": "#2"},
				"up": {"uv": [5.235, 6.235, 5.015, 5.265], "texture": "#2"},
				"down": {"uv": [5.485, 5.265, 5.265, 6.235], "texture": "#2"}
			}
		},
		{
			"name": "toppings",
			"from": [10.8738, 4.28665, 7.53649],
			"to": [12.0138, 5.42665, 8.67649],
			"rotation": {"angle": 22.5, "axis": "z", "origin": [8.05626, -0.92698, 8.10649]},
			"faces": {
				"north": {"uv": [0.265, 0.765, 0.485, 0.985], "texture": "#2"},
				"east": {"uv": [0.015, 0.765, 0.235, 0.985], "texture": "#2"},
				"south": {"uv": [0.765, 0.765, 0.985, 0.985], "texture": "#2"},
				"west": {"uv": [0.515, 0.765, 0.735, 0.985], "texture": "#2"},
				"up": {"uv": [0.485, 0.735, 0.265, 0.515], "texture": "#2"},
				"down": {"uv": [0.735, 0.515, 0.515, 0.735], "texture": "#2"}
			}
		},
		{
			"name": "toppings",
			"from": [6.60888, 5.04482, 6.73849],
			"to": [8.66088, 6.18482, 9.36049],
			"rotation": {"angle": 0, "axis": "y", "origin": [7.34988, 5.32982, 7.93549]},
			"faces": {
				"north": {"uv": [9.015, 5.015, 9.235, 5.235], "texture": "#2"},
				"east": {"uv": [8.515, 5.015, 8.985, 5.235], "texture": "#2"},
				"south": {"uv": [9.765, 5.015, 9.985, 5.235], "texture": "#2"},
				"west": {"uv": [9.265, 5.015, 9.735, 5.235], "texture": "#2"},
				"up": {"uv": [9.235, 4.985, 9.015, 4.515], "texture": "#2"},
				"down": {"uv": [9.485, 4.515, 9.265, 4.985], "texture": "#2"}
			}
		},
		{
			"name": "toppings",
			"from": [6.89516, 3.48763, 12.46409],
			"to": [8.03516, 4.62763, 13.60409],
			"rotation": {"angle": -45, "axis": "x", "origin": [8.05626, -0.92698, 8.10649]},
			"faces": {
				"north": {"uv": [0.265, 0.265, 0.485, 0.485], "texture": "#2"},
				"east": {"uv": [0.015, 0.265, 0.235, 0.485], "texture": "#2"},
				"south": {"uv": [0.765, 0.265, 0.985, 0.485], "texture": "#2"},
				"west": {"uv": [0.515, 0.265, 0.735, 0.485], "texture": "#2"},
				"up": {"uv": [0.485, 0.235, 0.265, 0.015], "texture": "#2"},
				"down": {"uv": [0.735, 0.015, 0.515, 0.235], "texture": "#2"}
			}
		},
		{
			"name": "toppings",
			"from": [8.46324, 5.39936, 6.28249],
			"to": [9.60324, 6.53936, 9.70249],
			"rotation": {"angle": 22.5, "axis": "z", "origin": [8.05626, -0.92698, 7.99249]},
			"faces": {
				"north": {"uv": [3.265, 6.015, 3.485, 6.235], "texture": "#2"},
				"east": {"uv": [2.515, 6.015, 3.235, 6.235], "texture": "#2"},
				"south": {"uv": [4.265, 6.015, 4.485, 6.235], "texture": "#2"},
				"west": {"uv": [3.515, 6.015, 4.235, 6.235], "texture": "#2"},
				"up": {"uv": [3.485, 5.985, 3.265, 5.265], "texture": "#2"},
				"down": {"uv": [3.735, 5.265, 3.515, 5.985], "texture": "#2"}
			}
		},
		{
			"name": "bone4",
			"from": [11.88949, 1.45, 8.76239],
			"to": [12.88949, 2.2, 12.76239],
			"rotation": {"angle": -45, "axis": "y", "origin": [10.88949, 1.725, 8.94739]},
			"faces": {
				"north": {"uv": [13.235, 1.735, 12.765, 1.265], "texture": "#1"},
				"east": {"uv": [13.235, 3.735, 10.765, 3.265], "texture": "#1"},
				"south": {"uv": [13.235, 1.735, 12.765, 1.265], "texture": "#1"},
				"west": {"uv": [13.235, 3.735, 10.765, 3.265], "texture": "#1"},
				"up": {"uv": [12.735, 3.735, 12.265, 1.265], "texture": "#1"},
				"down": {"uv": [13.235, 3.735, 12.765, 1.265], "texture": "#1"}
			}
		},
		{
			"name": "bone4",
			"from": [11.38949, 1.45, 7.81239],
			"to": [13.38949, 1.95, 8.76239],
			"rotation": {"angle": -45, "axis": "y", "origin": [10.88949, 1.725, 8.94739]},
			"faces": {
				"north": {"uv": [10.515, 3.235, 11.735, 2.765], "texture": "#1"},
				"east": {"uv": [12.765, 2.765, 13.235, 3.1875], "texture": "#1"},
				"south": {"uv": [12.015, 3.015, 12.485, 3.1875], "texture": "#1"},
				"west": {"uv": [12.765, 3.265, 13.235, 3.4375], "texture": "#1"},
				"up": {"uv": [10.515, 3.235, 11.735, 2.765], "texture": "#1"},
				"down": {"uv": [12.235, 3.265, 11.765, 3.735], "texture": "#1"}
			}
		},
		{
			"name": "bone4",
			"from": [12.88949, 1.45, 6.81239],
			"to": [13.38949, 1.95, 7.81239],
			"rotation": {"angle": -45, "axis": "y", "origin": [10.88949, 1.725, 8.94739]},
			"faces": {
				"north": {"uv": [12.015, 3.265, 12.235, 3.6875], "texture": "#1"},
				"east": {"uv": [12.015, 3.265, 12.485, 3.4375], "texture": "#1"},
				"south": {"uv": [12.015, 3.265, 12.485, 3.4375], "texture": "#1"},
				"west": {"uv": [12.015, 3.265, 12.485, 3.4375], "texture": "#1"},
				"up": {"uv": [12.015, 3.265, 12.1875, 3.735], "texture": "#1"},
				"down": {"uv": [12.015, 3.265, 12.485, 3.4375], "texture": "#1"}
			}
		},
		{
			"name": "bone4",
			"from": [12.13949, 1.45, 6.81239],
			"to": [12.63949, 1.95, 7.81239],
			"rotation": {"angle": -45, "axis": "y", "origin": [10.88949, 1.725, 8.94739]},
			"faces": {
				"north": {"uv": [12.015, 3.265, 12.235, 3.6875], "texture": "#1"},
				"east": {"uv": [12.015, 3.265, 12.485, 3.4375], "texture": "#1"},
				"south": {"uv": [12.015, 3.265, 12.485, 3.4375], "texture": "#1"},
				"west": {"uv": [12.015, 3.265, 12.485, 3.4375], "texture": "#1"},
				"up": {"uv": [12.015, 3.265, 12.1875, 3.735], "texture": "#1"},
				"down": {"uv": [12.015, 3.265, 12.485, 3.4375], "texture": "#1"}
			}
		},
		{
			"name": "bone4",
			"from": [11.38949, 1.45, 6.81239],
			"to": [11.88949, 1.95, 7.81239],
			"rotation": {"angle": -45, "axis": "y", "origin": [10.88949, 1.725, 8.94739]},
			"faces": {
				"north": {"uv": [12.015, 3.265, 12.235, 3.6875], "texture": "#1"},
				"east": {"uv": [12.015, 3.265, 12.485, 3.4375], "texture": "#1"},
				"south": {"uv": [12.015, 3.265, 12.485, 3.4375], "texture": "#1"},
				"west": {"uv": [12.015, 3.265, 12.485, 3.4375], "texture": "#1"},
				"up": {"uv": [12.015, 3.265, 12.1875, 3.735], "texture": "#1"},
				"down": {"uv": [12.015, 3.265, 12.485, 3.4375], "texture": "#1"}
			}
		},
		{
			"name": "plate",
			"from": [4.89199, 0, 5.07136],
			"to": [10.89199, 1, 11.07136],
			"rotation": {"angle": 0, "axis": "y", "origin": [7.89199, 0, 8.07136]},
			"faces": {
				"north": {"uv": [1.508, 1.508, 2.992, 1.742], "texture": "#1"},
				"east": {"uv": [0.008, 1.508, 1.492, 1.742], "texture": "#1"},
				"south": {"uv": [4.508, 1.508, 5.992, 1.742], "texture": "#1"},
				"west": {"uv": [3.008, 1.508, 4.492, 1.742], "texture": "#1"},
				"up": {"uv": [2.992, 1.492, 1.508, 0.008], "texture": "#1"},
				"down": {"uv": [4.492, 0.008, 3.008, 1.492], "texture": "#1"}
			}
		},
		{
			"name": "plate",
			"from": [10.89199, 0.4, 5.07136],
			"to": [12.89199, 1.4, 11.07136],
			"rotation": {"angle": 0, "axis": "y", "origin": [7.89199, 0, 8.07136]},
			"faces": {
				"north": {"uv": [6.008, 5.008, 6.492, 5.242], "texture": "#1"},
				"east": {"uv": [4.508, 5.008, 5.992, 5.242], "texture": "#1"},
				"south": {"uv": [4.008, 5.008, 4.492, 5.242], "texture": "#1"},
				"west": {"uv": [2.508, 5.008, 3.992, 5.242], "texture": "#1"},
				"up": {"uv": [4.492, 4.992, 4.008, 3.508], "rotation": 180, "texture": "#1"},
				"down": {"uv": [4.992, 3.508, 4.508, 4.992], "rotation": 180, "texture": "#1"}
			}
		},
		{
			"name": "plate",
			"from": [2.89199, 0.4, 3.07136],
			"to": [12.89199, 1.4, 5.07136],
			"rotation": {"angle": 0, "axis": "y", "origin": [7.89199, 0, 8.07136]},
			"faces": {
				"north": {"uv": [3.508, 3.008, 5.992, 3.242], "texture": "#1"},
				"east": {"uv": [3.008, 3.008, 3.492, 3.242], "texture": "#1"},
				"south": {"uv": [0.508, 3.008, 2.992, 3.242], "texture": "#1"},
				"west": {"uv": [0.008, 3.008, 0.492, 3.242], "texture": "#1"},
				"up": {"uv": [2.992, 2.992, 0.508, 2.508], "rotation": 180, "texture": "#1"},
				"down": {"uv": [5.492, 2.508, 3.008, 2.992], "rotation": 180, "texture": "#1"}
			}
		},
		{
			"name": "plate",
			"from": [2.89199, 0.4, 5.07136],
			"to": [4.89199, 1.4, 11.07136],
			"rotation": {"angle": 0, "axis": "y", "origin": [7.89199, 0, 8.07136]},
			"faces": {
				"north": {"uv": [1.508, 4.758, 1.992, 4.992], "texture": "#1"},
				"east": {"uv": [0.008, 4.758, 1.492, 4.992], "texture": "#1"},
				"south": {"uv": [3.508, 4.758, 3.992, 4.992], "texture": "#1"},
				"west": {"uv": [2.008, 4.758, 3.492, 4.992], "texture": "#1"},
				"up": {"uv": [1.992, 4.742, 1.508, 3.258], "texture": "#1"},
				"down": {"uv": [2.492, 3.258, 2.008, 4.742], "texture": "#1"}
			}
		},
		{
			"name": "plate",
			"from": [2.89199, 0.4, 11.07136],
			"to": [12.89199, 1.4, 13.07136],
			"rotation": {"angle": 0, "axis": "y", "origin": [7.89199, 0, 8.07136]},
			"faces": {
				"north": {"uv": [0.508, 2.258, 2.992, 2.492], "texture": "#1"},
				"east": {"uv": [0.008, 2.258, 0.492, 2.492], "texture": "#1"},
				"south": {"uv": [3.508, 2.258, 5.992, 2.492], "texture": "#1"},
				"west": {"uv": [3.008, 2.258, 3.492, 2.492], "texture": "#1"},
				"up": {"uv": [2.992, 2.242, 0.508, 1.758], "texture": "#1"},
				"down": {"uv": [5.492, 1.758, 3.008, 2.242], "texture": "#1"}
			}
		}
	],
	"display": {
		"thirdperson_righthand": {
			"rotation": [65, 0, 0],
			"translation": [-6, 5, 5.75]
		},
		"firstperson_righthand": {
			"translation": [-8.5, 3, -0.25]
		},
		"ground": {
			"translation": [0, 4, 0]
		},
		"gui": {
			"rotation": [48.04, -40.45, -1.93],
			"translation": [0.5, 3.75, 0]
		},
		"fixed": {
			"rotation": [-90, -180, 0],
			"translation": [-0.25, 0, -15],
			"scale": [2, 2, 2]
		}
	},
	"groups": [
		{
			"name": "cake",
			"origin": [0, 0, 0],
			"color": 0,
			"children": [
				0,
				1,
				2,
				3,
				{
					"name": "toppings",
					"origin": [-0.8, 6, 0.1],
					"color": 2,
					"children": [4, 5, 6, 7]
				},
				{
					"name": "bone4",
					"origin": [2.9975, 1.725, 2.87603],
					"color": 2,
					"children": [8, 9, 10, 11, 12]
				},
				{
					"name": "plate",
					"origin": [0, 0, 0],
					"color": 1,
					"children": [13, 14, 15, 16, 17]
				}
			]
		}
	]
}