{
	"credit": "Made with Blockbench",
	"textures": {
		"0": "block/towels/light blue plaid",
		"particle": "block/towels/light blue plaid"
	},
	"elements": [
		{
			"name": "back",
			"from": [5, 8.75, -3.002],
			"to": [10, 15.75, -3.002],
			"rotation": {"angle": 0, "axis": "y", "origin": [-3.5, 0, 16]},
			"faces": {
				"north": {"uv": [13.5, 5.5, 8.5, 13.25], "texture": "#0"},
				"east": {"uv": [0, 0, 0, 7.75], "texture": "#missing"},
				"south": {"uv": [13.5, 5.75, 8.5, 13.75], "texture": "#0"},
				"west": {"uv": [0, 0, 0, 7.75], "texture": "#missing"},
				"up": {"uv": [8, 4.5, 13, 4.5], "texture": "#0"},
				"down": {"uv": [8.5, 5, 13.5, 5], "texture": "#0"}
			}
		},
		{
			"name": "front",
			"from": [5, 9.75, -2.002],
			"to": [10, 15.75, -2.002],
			"rotation": {"angle": 0, "axis": "y", "origin": [-3.5, 0, 16]},
			"faces": {
				"north": {"uv": [13, 5, 8, 11], "texture": "#0"},
				"east": {"uv": [0, 0, 0, 6], "texture": "#missing"},
				"south": {"uv": [13, 5.5, 8, 11.5], "texture": "#0"},
				"west": {"uv": [0, 0, 0, 6], "texture": "#missing"},
				"up": {"uv": [8, 4.5, 13, 4.5], "texture": "#0"},
				"down": {"uv": [8.5, 5, 13.5, 5], "texture": "#0"}
			}
		},
		{
			"name": "front",
			"from": [5, 15.751, -3.002],
			"to": [10, 15.751, -2.002],
			"rotation": {"angle": 0, "axis": "y", "origin": [-3.5, 0, 16]},
			"faces": {
				"north": {"uv": [13, 5, 8, 5], "texture": "#0"},
				"east": {"uv": [1, 0, 0, 0], "texture": "#missing"},
				"south": {"uv": [13.5, 5.75, 8.5, 5.75], "texture": "#0"},
				"west": {"uv": [1, 0, 0, 0], "texture": "#missing"},
				"up": {"uv": [8.5, 6, 13.5, 5], "texture": "#0"},
				"down": {"uv": [8.5, 6, 13.5, 5], "texture": "#0"}
			}
		}
	],
	"display": {
		"thirdperson_righthand": {
			"rotation": [90, 0, 0],
			"translation": [0.25, -9.75, -4.5]
		},
		"thirdperson_lefthand": {
			"rotation": [90, 0, 0],
			"translation": [0.25, -9.75, -4.5]
		},
		"firstperson_righthand": {
			"rotation": [90, 0, 0],
			"translation": [0.25, -9.75, -4.5]
		},
		"firstperson_lefthand": {
			"rotation": [90, 0, 0],
			"translation": [0.25, -9.75, -4.5]
		},
		"ground": {
			"translation": [0, -2.25, 5.5]
		},
		"gui": {
			"rotation": [27, -143, 0],
			"translation": [-9, 0.25, 0],
			"scale": [1.4, 1.4, 1.4]
		},
		"fixed": {
			"translation": [0, 0, 18],
			"scale": [2, 2, 2]
		}
	},
	"groups": [
		{
			"name": "towel",
			"origin": [4.5, 8, 8],
			"color": 0,
			"children": [0, 1, 2]
		}
	]
}