{
	"credit": "Made with Blockbench",
	"textures": {
		"1": "block/hooks",
		"2": "block/coffee1grape",
		"particle": "block/coffee1grape"
	},
	"elements": [
		{
			"name": "hangers",
			"from": [3, 13, 8.1],
			"to": [6, 16, 9.1],
			"rotation": {"angle": 0, "axis": "y", "origin": [4.5, 13.5, 8.6]},
			"faces": {
				"north": {"uv": [0, 0, 4, 4], "texture": "#1"},
				"east": {"uv": [3, 0, 4, 4], "texture": "#1"},
				"south": {"uv": [0, 0, 4, 4], "texture": "#1"},
				"west": {"uv": [0, 0, 1, 4], "texture": "#1"},
				"up": {"uv": [4, 1, 0, 0], "texture": "#1"},
				"down": {"uv": [4, 3, 0, 4], "texture": "#1"}
			}
		},
		{
			"name": "hangers",
			"from": [3.8, 11, 9.1],
			"to": [5.3, 12, 11.1],
			"rotation": {"angle": 0, "axis": "y", "origin": [4.55, 11.5, 10.1]},
			"faces": {
				"north": {"uv": [0.015, 0.984, 0.492, 0.53], "texture": "#1"},
				"east": {"uv": [0.015, 0.984, 0.492, 0.53], "texture": "#1"},
				"south": {"uv": [0, 0, 4, 2], "texture": "#1"},
				"west": {"uv": [0.015, 0.984, 0.492, 0.53], "texture": "#1"},
				"up": {"uv": [0, 0, 4, 2], "texture": "#1"},
				"down": {"uv": [0.015, 0.984, 0.492, 0.53], "texture": "#1"}
			}
		},
		{
			"name": "hangers",
			"from": [3.8, 11, 8.1],
			"to": [5.3, 13, 9.1],
			"rotation": {"angle": 0, "axis": "y", "origin": [4.5, 12, 8.6]},
			"faces": {
				"north": {"uv": [0.235, 0.53, 0.015, 1.97], "texture": "#1"},
				"east": {"uv": [0.235, 0.53, 0.015, 1.97], "texture": "#1"},
				"south": {"uv": [1.515, 0.53, 0.015, 2.53], "texture": "#1"},
				"west": {"uv": [1, 0, 0, 4], "texture": "#1"},
				"up": {"uv": [0.235, 0.53, 0.015, 1.97], "texture": "#1"},
				"down": {"uv": [0.235, 0.53, 0.015, 1.97], "texture": "#1"}
			}
		},
		{
			"name": "hangers",
			"from": [11.8, 11, 9.1],
			"to": [13.3, 12, 11.1],
			"rotation": {"angle": 0, "axis": "y", "origin": [4.55, 11.5, 10.1]},
			"faces": {
				"north": {"uv": [0.015, 0.984, 0.492, 0.53], "texture": "#1"},
				"east": {"uv": [0.015, 0.984, 0.492, 0.53], "texture": "#1"},
				"south": {"uv": [0, 0, 4, 2], "texture": "#1"},
				"west": {"uv": [0.015, 0.984, 0.492, 0.53], "texture": "#1"},
				"up": {"uv": [0, 0, 4, 2], "texture": "#1"},
				"down": {"uv": [0.015, 0.984, 0.492, 0.53], "texture": "#1"}
			}
		},
		{
			"name": "hangers",
			"from": [11.8, 11, 8.1],
			"to": [13.3, 13, 9.1],
			"rotation": {"angle": 0, "axis": "y", "origin": [4.5, 12, 8.6]},
			"faces": {
				"north": {"uv": [0.235, 0.53, 0.015, 1.97], "texture": "#1"},
				"east": {"uv": [0.235, 0.53, 0.015, 1.97], "texture": "#1"},
				"south": {"uv": [1.515, 0.53, 0.015, 2.53], "texture": "#1"},
				"west": {"uv": [1, 0, 0, 4], "texture": "#1"},
				"up": {"uv": [0.235, 0.53, 0.015, 1.97], "texture": "#1"},
				"down": {"uv": [0.235, 0.53, 0.015, 1.97], "texture": "#1"}
			}
		},
		{
			"name": "hangers",
			"from": [11, 13, 8.1],
			"to": [14, 16, 9.1],
			"rotation": {"angle": 0, "axis": "y", "origin": [4.5, 13.5, 8.6]},
			"faces": {
				"north": {"uv": [0, 0, 4, 4], "texture": "#1"},
				"east": {"uv": [3, 0, 4, 4], "texture": "#1"},
				"south": {"uv": [0, 0, 4, 4], "texture": "#1"},
				"west": {"uv": [0, 0, 1, 4], "texture": "#1"},
				"up": {"uv": [4, 1, 0, 0], "texture": "#1"},
				"down": {"uv": [4, 3, 0, 4], "texture": "#1"}
			}
		},
		{
			"name": "cup",
			"from": [5.75294, 8.53204, 9.60622],
			"to": [7.05294, 11.33204, 10.60622],
			"rotation": {"angle": 45, "axis": "z", "origin": [3.90151, 9.62648, 10.11575]},
			"faces": {
				"north": {"uv": [5.968, 0.032, 4.032, 3.968], "texture": "#2"},
				"east": {"uv": [5.032, 0.032, 5.968, 3.968], "texture": "#2"},
				"south": {"uv": [4.032, 0.032, 5.968, 3.968], "texture": "#2"},
				"west": {"uv": [11.032, 10.032, 11.968, 12.968], "texture": "#2"},
				"up": {"uv": [5.968, 0.968, 4.032, 0.032], "rotation": 180, "texture": "#2"},
				"down": {"uv": [5.968, 0.968, 4.032, 0.032], "rotation": 180, "texture": "#2"}
			}
		},
		{
			"name": "body",
			"from": [1.75294, 7.93204, 9.10622],
			"to": [2.75294, 11.93204, 11.10622],
			"rotation": {"angle": 45, "axis": "z", "origin": [3.90151, 9.62648, 10.11575]},
			"faces": {
				"north": {"uv": [11.032, 0.032, 11.968, 3.968], "texture": "#2"},
				"east": {"uv": [1.032, 0, 2.968, 3.936], "texture": "#2"},
				"south": {"uv": [10.032, 9.032, 10.968, 12.968], "texture": "#2"},
				"west": {"uv": [1.032, 0.032, 2.968, 3.968], "texture": "#2"},
				"up": {"uv": [3.968, 2.968, 3.032, 1.032], "rotation": 180, "texture": "#2"},
				"down": {"uv": [5.968, 11.032, 5.032, 12.968], "rotation": 180, "texture": "#2"}
			}
		},
		{
			"name": "body",
			"from": [4.75294, 7.93204, 9.10622],
			"to": [5.75294, 11.93204, 11.10622],
			"rotation": {"angle": 45, "axis": "z", "origin": [3.90151, 9.62648, 10.11575]},
			"faces": {
				"north": {"uv": [3.032, 0.032, 3.968, 3.968], "texture": "#2"},
				"east": {"uv": [1.032, 0.032, 2.968, 3.968], "texture": "#2"},
				"south": {"uv": [0.032, 0.032, 0.968, 3.968], "texture": "#2"},
				"west": {"uv": [1.032, 0.032, 2.968, 3.968], "texture": "#2"},
				"up": {"uv": [3.968, 2.968, 3.032, 1.032], "rotation": 180, "texture": "#2"},
				"down": {"uv": [5.968, 11.032, 5.032, 12.968], "rotation": 180, "texture": "#2"}
			}
		},
		{
			"name": "body",
			"from": [2.75294, 7.93204, 9.10622],
			"to": [4.75294, 8.93204, 11.10622],
			"rotation": {"angle": 45, "axis": "z", "origin": [3.90151, 9.62648, 10.11575]},
			"faces": {
				"north": {"uv": [3.032, 0.032, 3.968, 3.968], "texture": "#2"},
				"east": {"uv": [1.032, 0.032, 2.968, 3.968], "texture": "#2"},
				"south": {"uv": [0.032, 0.032, 0.968, 3.968], "texture": "#2"},
				"west": {"uv": [1.032, 0.032, 2.968, 3.968], "texture": "#2"},
				"up": {"uv": [3.968, 2.968, 3.032, 1.032], "rotation": 180, "texture": "#2"},
				"down": {"uv": [5.968, 11.032, 5.032, 12.968], "rotation": 180, "texture": "#2"}
			}
		},
		{
			"name": "body",
			"from": [1.75294, 7.93204, 11.10622],
			"to": [5.75294, 11.93204, 12.10622],
			"rotation": {"angle": 45, "axis": "z", "origin": [3.90151, 9.62648, 10.11575]},
			"faces": {
				"north": {"uv": [0.032, 0.032, 3.968, 3.968], "texture": "#2"},
				"east": {"uv": [0.032, 0.032, 0.968, 3.968], "texture": "#2"},
				"south": {"uv": [0.032, 0.032, 3.968, 3.968], "texture": "#2"},
				"west": {"uv": [1.032, 0.032, 1.968, 3.968], "texture": "#2"},
				"up": {"uv": [4.968, 10.968, 1.032, 10.032], "rotation": 180, "texture": "#2"},
				"down": {"uv": [4.968, 10.032, 1.032, 10.968], "rotation": 180, "texture": "#2"}
			}
		},
		{
			"name": "body",
			"from": [1.75294, 7.93204, 8.10622],
			"to": [5.75294, 11.93204, 9.10622],
			"rotation": {"angle": 45, "axis": "z", "origin": [3.90151, 9.62648, 10.11575]},
			"faces": {
				"north": {"uv": [0.032, 0.032, 3.968, 3.968], "texture": "#2"},
				"east": {"uv": [3.032, 0.032, 3.968, 3.968], "texture": "#2"},
				"south": {"uv": [0.032, 0.032, 3.968, 3.968], "texture": "#2"},
				"west": {"uv": [0.032, 0.032, 0.968, 3.968], "texture": "#2"},
				"up": {"uv": [4.968, 10.968, 1.032, 10.032], "rotation": 180, "texture": "#2"},
				"down": {"uv": [4.968, 10.032, 1.032, 10.968], "rotation": 180, "texture": "#2"}
			}
		},
		{
			"from": [4.85853, 8.57164, 12.22051],
			"to": [5.57933, 9.29244, 12.22051],
			"rotation": {"angle": 45, "axis": "z", "origin": [3.90151, 9.62648, 10.11575]},
			"faces": {
				"north": {"uv": [0, 0, 0, 0], "texture": "#2"},
				"east": {"uv": [0.032, 0.032, 0.032, 0.968], "texture": "#2"},
				"south": {"uv": [1.032, 6.032, 1.968, 6.968], "texture": "#2"},
				"west": {"uv": [0.032, 0.032, 0.032, 0.968], "texture": "#2"},
				"up": {"uv": [0.032, 0.032, 0.968, 0.032], "rotation": 180, "texture": "#2"},
				"down": {"uv": [0.032, 0.032, 0.968, 0.032], "rotation": 180, "texture": "#2"}
			}
		},
		{
			"from": [2.69613, 9.27164, 12.22051],
			"to": [3.41693, 9.99244, 12.22051],
			"rotation": {"angle": 45, "axis": "z", "origin": [3.90151, 9.62648, 10.11575]},
			"faces": {
				"north": {"uv": [0, 0, 0, 0], "texture": "#2"},
				"east": {"uv": [0.032, 0.032, 0.032, 0.968], "texture": "#2"},
				"south": {"uv": [0.032, 6.032, 0.968, 6.968], "texture": "#2"},
				"west": {"uv": [0.032, 0.032, 0.032, 0.968], "texture": "#2"},
				"up": {"uv": [0.032, 0.032, 0.968, 0.032], "rotation": 180, "texture": "#2"},
				"down": {"uv": [0.032, 0.032, 0.968, 0.032], "rotation": 180, "texture": "#2"}
			}
		},
		{
			"from": [3.41693, 8.55084, 12.22051],
			"to": [4.13773, 9.27164, 12.22051],
			"rotation": {"angle": 45, "axis": "z", "origin": [3.90151, 9.62648, 10.11575]},
			"faces": {
				"north": {"uv": [0, 0, 0, 0], "texture": "#2"},
				"east": {"uv": [0.032, 0.032, 0.032, 0.968], "texture": "#2"},
				"south": {"uv": [0.032, 7.032, 0.968, 7.968], "texture": "#2"},
				"west": {"uv": [0.032, 0.032, 0.032, 0.968], "texture": "#2"},
				"up": {"uv": [0.032, 0.032, 0.968, 0.032], "rotation": 180, "texture": "#2"},
				"down": {"uv": [0.032, 0.032, 0.968, 0.032], "rotation": 180, "texture": "#2"}
			}
		},
		{
			"from": [4.13773, 9.27164, 12.22051],
			"to": [4.85853, 9.99244, 12.22051],
			"rotation": {"angle": 45, "axis": "z", "origin": [3.90151, 9.62648, 10.11575]},
			"faces": {
				"north": {"uv": [0, 0, 0, 0], "texture": "#2"},
				"east": {"uv": [0.032, 0.032, 0.032, 0.968], "texture": "#2"},
				"south": {"uv": [0.032, 6.032, 0.968, 6.968], "texture": "#2"},
				"west": {"uv": [0.032, 0.032, 0.032, 0.968], "texture": "#2"},
				"up": {"uv": [0.032, 0.032, 0.968, 0.032], "rotation": 180, "texture": "#2"},
				"down": {"uv": [0.032, 0.032, 0.968, 0.032], "rotation": 180, "texture": "#2"}
			}
		},
		{
			"from": [1.97533, 9.27164, 12.22051],
			"to": [2.69613, 9.99244, 12.22051],
			"rotation": {"angle": 45, "axis": "z", "origin": [3.90151, 9.62648, 10.11575]},
			"faces": {
				"north": {"uv": [0, 0, 0, 0], "texture": "#2"},
				"east": {"uv": [0.032, 0.032, 0.032, 0.968], "texture": "#2"},
				"south": {"uv": [2.032, 6.032, 2.968, 6.968], "texture": "#2"},
				"west": {"uv": [0.032, 0.032, 0.032, 0.968], "texture": "#2"},
				"up": {"uv": [0.032, 0.032, 0.968, 0.032], "rotation": 180, "texture": "#2"},
				"down": {"uv": [0.032, 0.032, 0.968, 0.032], "rotation": 180, "texture": "#2"}
			}
		},
		{
			"from": [2.69613, 9.99244, 12.22051],
			"to": [3.41693, 10.71324, 12.22051],
			"rotation": {"angle": 45, "axis": "z", "origin": [3.90151, 9.62648, 10.11575]},
			"faces": {
				"north": {"uv": [0, 0, 0, 0], "texture": "#2"},
				"east": {"uv": [0.032, 0.032, 0.032, 0.968], "texture": "#2"},
				"south": {"uv": [1.032, 6.032, 1.968, 6.968], "texture": "#2"},
				"west": {"uv": [0.032, 0.032, 0.032, 0.968], "texture": "#2"},
				"up": {"uv": [0.032, 0.032, 0.968, 0.032], "rotation": 180, "texture": "#2"},
				"down": {"uv": [0.032, 0.032, 0.968, 0.032], "rotation": 180, "texture": "#2"}
			}
		},
		{
			"from": [1.93506, 8.57164, 8.02051],
			"to": [2.65586, 9.29244, 8.02051],
			"rotation": {"angle": 45, "axis": "z", "origin": [3.90151, 9.62648, 10.11575]},
			"faces": {
				"north": {"uv": [1.032, 6.032, 1.968, 6.968], "texture": "#2"},
				"east": {"uv": [0.032, 0.032, 0.032, 0.968], "texture": "#2"},
				"south": {"uv": [0, 0, 0, 0], "texture": "#2"},
				"west": {"uv": [0.032, 0.032, 0.032, 0.968], "texture": "#2"},
				"up": {"uv": [0.032, 0.032, 0.968, 0.032], "texture": "#2"},
				"down": {"uv": [0.032, 0.032, 0.968, 0.032], "texture": "#2"}
			}
		},
		{
			"from": [4.09746, 9.27164, 8.02051],
			"to": [4.81826, 9.99244, 8.02051],
			"rotation": {"angle": 45, "axis": "z", "origin": [3.90151, 9.62648, 10.11575]},
			"faces": {
				"north": {"uv": [0.032, 6.032, 0.968, 6.968], "texture": "#2"},
				"east": {"uv": [0.032, 0.032, 0.032, 0.968], "texture": "#2"},
				"south": {"uv": [0, 0, 0, 0], "texture": "#2"},
				"west": {"uv": [0.032, 0.032, 0.032, 0.968], "texture": "#2"},
				"up": {"uv": [0.032, 0.032, 0.968, 0.032], "texture": "#2"},
				"down": {"uv": [0.032, 0.032, 0.968, 0.032], "texture": "#2"}
			}
		},
		{
			"from": [3.37666, 8.55084, 8.02051],
			"to": [4.09746, 9.27164, 8.02051],
			"rotation": {"angle": 45, "axis": "z", "origin": [3.90151, 9.62648, 10.11575]},
			"faces": {
				"north": {"uv": [0.032, 7.032, 0.968, 7.968], "texture": "#2"},
				"east": {"uv": [0.032, 0.032, 0.032, 0.968], "texture": "#2"},
				"south": {"uv": [0, 0, 0, 0], "texture": "#2"},
				"west": {"uv": [0.032, 0.032, 0.032, 0.968], "texture": "#2"},
				"up": {"uv": [0.032, 0.032, 0.968, 0.032], "texture": "#2"},
				"down": {"uv": [0.032, 0.032, 0.968, 0.032], "texture": "#2"}
			}
		},
		{
			"from": [2.65586, 9.27164, 8.02051],
			"to": [3.37666, 9.99244, 8.02051],
			"rotation": {"angle": 45, "axis": "z", "origin": [3.90151, 9.62648, 10.11575]},
			"faces": {
				"north": {"uv": [0.032, 6.032, 0.968, 6.968], "texture": "#2"},
				"east": {"uv": [0.032, 0.032, 0.032, 0.968], "texture": "#2"},
				"south": {"uv": [0, 0, 0, 0], "texture": "#2"},
				"west": {"uv": [0.032, 0.032, 0.032, 0.968], "texture": "#2"},
				"up": {"uv": [0.032, 0.032, 0.968, 0.032], "texture": "#2"},
				"down": {"uv": [0.032, 0.032, 0.968, 0.032], "texture": "#2"}
			}
		},
		{
			"from": [4.81826, 9.27164, 8.02051],
			"to": [5.53906, 9.99244, 8.02051],
			"rotation": {"angle": 45, "axis": "z", "origin": [3.90151, 9.62648, 10.11575]},
			"faces": {
				"north": {"uv": [2.032, 6.032, 2.968, 6.968], "texture": "#2"},
				"east": {"uv": [0.032, 0.032, 0.032, 0.968], "texture": "#2"},
				"south": {"uv": [0, 0, 0, 0], "texture": "#2"},
				"west": {"uv": [0.032, 0.032, 0.032, 0.968], "texture": "#2"},
				"up": {"uv": [0.032, 0.032, 0.968, 0.032], "texture": "#2"},
				"down": {"uv": [0.032, 0.032, 0.968, 0.032], "texture": "#2"}
			}
		},
		{
			"from": [4.09746, 9.99244, 8.02051],
			"to": [4.81826, 10.71324, 8.02051],
			"rotation": {"angle": 45, "axis": "z", "origin": [3.90151, 9.62648, 10.11575]},
			"faces": {
				"north": {"uv": [1.032, 6.032, 1.968, 6.968], "texture": "#2"},
				"east": {"uv": [0.032, 0.032, 0.032, 0.968], "texture": "#2"},
				"south": {"uv": [0, 0, 0, 0], "texture": "#2"},
				"west": {"uv": [0.032, 0.032, 0.032, 0.968], "texture": "#2"},
				"up": {"uv": [0.032, 0.032, 0.968, 0.032], "texture": "#2"},
				"down": {"uv": [0.032, 0.032, 0.968, 0.032], "texture": "#2"}
			}
		},
		{
			"name": "cup",
			"from": [13.70294, 8.53204, 9.60622],
			"to": [15.00294, 11.33204, 10.60622],
			"rotation": {"angle": 45, "axis": "z", "origin": [11.85151, 9.62648, 10.11575]},
			"faces": {
				"north": {"uv": [5.968, 0.032, 4.032, 3.968], "texture": "#2"},
				"east": {"uv": [5.032, 0.032, 5.968, 3.968], "texture": "#2"},
				"south": {"uv": [4.032, 0.032, 5.968, 3.968], "texture": "#2"},
				"west": {"uv": [11.032, 10.032, 11.968, 12.968], "texture": "#2"},
				"up": {"uv": [5.968, 0.968, 4.032, 0.032], "rotation": 180, "texture": "#2"},
				"down": {"uv": [5.968, 0.968, 4.032, 0.032], "rotation": 180, "texture": "#2"}
			}
		},
		{
			"name": "body",
			"from": [9.70294, 7.93204, 9.10622],
			"to": [10.70294, 11.93204, 11.10622],
			"rotation": {"angle": 45, "axis": "z", "origin": [11.85151, 9.62648, 10.11575]},
			"faces": {
				"north": {"uv": [11.032, 0.032, 11.968, 3.968], "texture": "#2"},
				"east": {"uv": [1.032, 0, 2.968, 3.936], "texture": "#2"},
				"south": {"uv": [10.032, 9.032, 10.968, 12.968], "texture": "#2"},
				"west": {"uv": [1.032, 0.032, 2.968, 3.968], "texture": "#2"},
				"up": {"uv": [3.968, 2.968, 3.032, 1.032], "rotation": 180, "texture": "#2"},
				"down": {"uv": [5.968, 11.032, 5.032, 12.968], "rotation": 180, "texture": "#2"}
			}
		},
		{
			"name": "body",
			"from": [12.70294, 7.93204, 9.10622],
			"to": [13.70294, 11.93204, 11.10622],
			"rotation": {"angle": 45, "axis": "z", "origin": [11.85151, 9.62648, 10.11575]},
			"faces": {
				"north": {"uv": [3.032, 0.032, 3.968, 3.968], "texture": "#2"},
				"east": {"uv": [1.032, 0.032, 2.968, 3.968], "texture": "#2"},
				"south": {"uv": [0.032, 0.032, 0.968, 3.968], "texture": "#2"},
				"west": {"uv": [1.032, 0.032, 2.968, 3.968], "texture": "#2"},
				"up": {"uv": [3.968, 2.968, 3.032, 1.032], "rotation": 180, "texture": "#2"},
				"down": {"uv": [5.968, 11.032, 5.032, 12.968], "rotation": 180, "texture": "#2"}
			}
		},
		{
			"name": "body",
			"from": [10.70294, 7.93204, 9.10622],
			"to": [12.70294, 8.93204, 11.10622],
			"rotation": {"angle": 45, "axis": "z", "origin": [11.85151, 9.62648, 10.11575]},
			"faces": {
				"north": {"uv": [3.032, 0.032, 3.968, 3.968], "texture": "#2"},
				"east": {"uv": [1.032, 0.032, 2.968, 3.968], "texture": "#2"},
				"south": {"uv": [0.032, 0.032, 0.968, 3.968], "texture": "#2"},
				"west": {"uv": [1.032, 0.032, 2.968, 3.968], "texture": "#2"},
				"up": {"uv": [3.968, 2.968, 3.032, 1.032], "rotation": 180, "texture": "#2"},
				"down": {"uv": [5.968, 11.032, 5.032, 12.968], "rotation": 180, "texture": "#2"}
			}
		},
		{
			"name": "body",
			"from": [9.70294, 7.93204, 11.10622],
			"to": [13.70294, 11.93204, 12.10622],
			"rotation": {"angle": 45, "axis": "z", "origin": [11.85151, 9.62648, 10.11575]},
			"faces": {
				"north": {"uv": [0.032, 0.032, 3.968, 3.968], "texture": "#2"},
				"east": {"uv": [0.032, 0.032, 0.968, 3.968], "texture": "#2"},
				"south": {"uv": [0.032, 0.032, 3.968, 3.968], "texture": "#2"},
				"west": {"uv": [1.032, 0.032, 1.968, 3.968], "texture": "#2"},
				"up": {"uv": [4.968, 10.968, 1.032, 10.032], "rotation": 180, "texture": "#2"},
				"down": {"uv": [4.968, 10.032, 1.032, 10.968], "rotation": 180, "texture": "#2"}
			}
		},
		{
			"name": "body",
			"from": [9.70294, 7.93204, 8.10622],
			"to": [13.70294, 11.93204, 9.10622],
			"rotation": {"angle": 45, "axis": "z", "origin": [11.85151, 9.62648, 10.11575]},
			"faces": {
				"north": {"uv": [0.032, 0.032, 3.968, 3.968], "texture": "#2"},
				"east": {"uv": [3.032, 0.032, 3.968, 3.968], "texture": "#2"},
				"south": {"uv": [0.032, 0.032, 3.968, 3.968], "texture": "#2"},
				"west": {"uv": [0.032, 0.032, 0.968, 3.968], "texture": "#2"},
				"up": {"uv": [4.968, 10.968, 1.032, 10.032], "rotation": 180, "texture": "#2"},
				"down": {"uv": [4.968, 10.032, 1.032, 10.968], "rotation": 180, "texture": "#2"}
			}
		},
		{
			"from": [12.80853, 8.57164, 12.22051],
			"to": [13.52933, 9.29244, 12.22051],
			"rotation": {"angle": 45, "axis": "z", "origin": [11.85151, 9.62648, 10.11575]},
			"faces": {
				"north": {"uv": [0, 0, 0, 0], "texture": "#2"},
				"east": {"uv": [0.032, 0.032, 0.032, 0.968], "texture": "#2"},
				"south": {"uv": [1.032, 6.032, 1.968, 6.968], "texture": "#2"},
				"west": {"uv": [0.032, 0.032, 0.032, 0.968], "texture": "#2"},
				"up": {"uv": [0.032, 0.032, 0.968, 0.032], "rotation": 180, "texture": "#2"},
				"down": {"uv": [0.032, 0.032, 0.968, 0.032], "rotation": 180, "texture": "#2"}
			}
		},
		{
			"from": [10.64613, 9.27164, 12.22051],
			"to": [11.36693, 9.99244, 12.22051],
			"rotation": {"angle": 45, "axis": "z", "origin": [11.85151, 9.62648, 10.11575]},
			"faces": {
				"north": {"uv": [0, 0, 0, 0], "texture": "#2"},
				"east": {"uv": [0.032, 0.032, 0.032, 0.968], "texture": "#2"},
				"south": {"uv": [0.032, 6.032, 0.968, 6.968], "texture": "#2"},
				"west": {"uv": [0.032, 0.032, 0.032, 0.968], "texture": "#2"},
				"up": {"uv": [0.032, 0.032, 0.968, 0.032], "rotation": 180, "texture": "#2"},
				"down": {"uv": [0.032, 0.032, 0.968, 0.032], "rotation": 180, "texture": "#2"}
			}
		},
		{
			"from": [11.36693, 8.55084, 12.22051],
			"to": [12.08773, 9.27164, 12.22051],
			"rotation": {"angle": 45, "axis": "z", "origin": [11.85151, 9.62648, 10.11575]},
			"faces": {
				"north": {"uv": [0, 0, 0, 0], "texture": "#2"},
				"east": {"uv": [0.032, 0.032, 0.032, 0.968], "texture": "#2"},
				"south": {"uv": [0.032, 7.032, 0.968, 7.968], "texture": "#2"},
				"west": {"uv": [0.032, 0.032, 0.032, 0.968], "texture": "#2"},
				"up": {"uv": [0.032, 0.032, 0.968, 0.032], "rotation": 180, "texture": "#2"},
				"down": {"uv": [0.032, 0.032, 0.968, 0.032], "rotation": 180, "texture": "#2"}
			}
		},
		{
			"from": [12.08773, 9.27164, 12.22051],
			"to": [12.80853, 9.99244, 12.22051],
			"rotation": {"angle": 45, "axis": "z", "origin": [11.85151, 9.62648, 10.11575]},
			"faces": {
				"north": {"uv": [0, 0, 0, 0], "texture": "#2"},
				"east": {"uv": [0.032, 0.032, 0.032, 0.968], "texture": "#2"},
				"south": {"uv": [0.032, 6.032, 0.968, 6.968], "texture": "#2"},
				"west": {"uv": [0.032, 0.032, 0.032, 0.968], "texture": "#2"},
				"up": {"uv": [0.032, 0.032, 0.968, 0.032], "rotation": 180, "texture": "#2"},
				"down": {"uv": [0.032, 0.032, 0.968, 0.032], "rotation": 180, "texture": "#2"}
			}
		},
		{
			"from": [9.92533, 9.27164, 12.22051],
			"to": [10.64613, 9.99244, 12.22051],
			"rotation": {"angle": 45, "axis": "z", "origin": [11.85151, 9.62648, 10.11575]},
			"faces": {
				"north": {"uv": [0, 0, 0, 0], "texture": "#2"},
				"east": {"uv": [0.032, 0.032, 0.032, 0.968], "texture": "#2"},
				"south": {"uv": [2.032, 6.032, 2.968, 6.968], "texture": "#2"},
				"west": {"uv": [0.032, 0.032, 0.032, 0.968], "texture": "#2"},
				"up": {"uv": [0.032, 0.032, 0.968, 0.032], "rotation": 180, "texture": "#2"},
				"down": {"uv": [0.032, 0.032, 0.968, 0.032], "rotation": 180, "texture": "#2"}
			}
		},
		{
			"from": [10.64613, 9.99244, 12.22051],
			"to": [11.36693, 10.71324, 12.22051],
			"rotation": {"angle": 45, "axis": "z", "origin": [11.85151, 9.62648, 10.11575]},
			"faces": {
				"north": {"uv": [0, 0, 0, 0], "texture": "#2"},
				"east": {"uv": [0.032, 0.032, 0.032, 0.968], "texture": "#2"},
				"south": {"uv": [1.032, 6.032, 1.968, 6.968], "texture": "#2"},
				"west": {"uv": [0.032, 0.032, 0.032, 0.968], "texture": "#2"},
				"up": {"uv": [0.032, 0.032, 0.968, 0.032], "rotation": 180, "texture": "#2"},
				"down": {"uv": [0.032, 0.032, 0.968, 0.032], "rotation": 180, "texture": "#2"}
			}
		},
		{
			"from": [9.88506, 8.57164, 8.02051],
			"to": [10.60586, 9.29244, 8.02051],
			"rotation": {"angle": 45, "axis": "z", "origin": [11.85151, 9.62648, 10.11575]},
			"faces": {
				"north": {"uv": [1.032, 6.032, 1.968, 6.968], "texture": "#2"},
				"east": {"uv": [0.032, 0.032, 0.032, 0.968], "texture": "#2"},
				"south": {"uv": [0, 0, 0, 0], "texture": "#2"},
				"west": {"uv": [0.032, 0.032, 0.032, 0.968], "texture": "#2"},
				"up": {"uv": [0.032, 0.032, 0.968, 0.032], "texture": "#2"},
				"down": {"uv": [0.032, 0.032, 0.968, 0.032], "texture": "#2"}
			}
		},
		{
			"from": [12.04746, 9.27164, 8.02051],
			"to": [12.76826, 9.99244, 8.02051],
			"rotation": {"angle": 45, "axis": "z", "origin": [11.85151, 9.62648, 10.11575]},
			"faces": {
				"north": {"uv": [0.032, 6.032, 0.968, 6.968], "texture": "#2"},
				"east": {"uv": [0.032, 0.032, 0.032, 0.968], "texture": "#2"},
				"south": {"uv": [0, 0, 0, 0], "texture": "#2"},
				"west": {"uv": [0.032, 0.032, 0.032, 0.968], "texture": "#2"},
				"up": {"uv": [0.032, 0.032, 0.968, 0.032], "texture": "#2"},
				"down": {"uv": [0.032, 0.032, 0.968, 0.032], "texture": "#2"}
			}
		},
		{
			"from": [11.32666, 8.55084, 8.02051],
			"to": [12.04746, 9.27164, 8.02051],
			"rotation": {"angle": 45, "axis": "z", "origin": [11.85151, 9.62648, 10.11575]},
			"faces": {
				"north": {"uv": [0.032, 7.032, 0.968, 7.968], "texture": "#2"},
				"east": {"uv": [0.032, 0.032, 0.032, 0.968], "texture": "#2"},
				"south": {"uv": [0, 0, 0, 0], "texture": "#2"},
				"west": {"uv": [0.032, 0.032, 0.032, 0.968], "texture": "#2"},
				"up": {"uv": [0.032, 0.032, 0.968, 0.032], "texture": "#2"},
				"down": {"uv": [0.032, 0.032, 0.968, 0.032], "texture": "#2"}
			}
		},
		{
			"from": [10.60586, 9.27164, 8.02051],
			"to": [11.32666, 9.99244, 8.02051],
			"rotation": {"angle": 45, "axis": "z", "origin": [11.85151, 9.62648, 10.11575]},
			"faces": {
				"north": {"uv": [0.032, 6.032, 0.968, 6.968], "texture": "#2"},
				"east": {"uv": [0.032, 0.032, 0.032, 0.968], "texture": "#2"},
				"south": {"uv": [0, 0, 0, 0], "texture": "#2"},
				"west": {"uv": [0.032, 0.032, 0.032, 0.968], "texture": "#2"},
				"up": {"uv": [0.032, 0.032, 0.968, 0.032], "texture": "#2"},
				"down": {"uv": [0.032, 0.032, 0.968, 0.032], "texture": "#2"}
			}
		},
		{
			"from": [12.76826, 9.27164, 8.02051],
			"to": [13.48906, 9.99244, 8.02051],
			"rotation": {"angle": 45, "axis": "z", "origin": [11.85151, 9.62648, 10.11575]},
			"faces": {
				"north": {"uv": [2.032, 6.032, 2.968, 6.968], "texture": "#2"},
				"east": {"uv": [0.032, 0.032, 0.032, 0.968], "texture": "#2"},
				"south": {"uv": [0, 0, 0, 0], "texture": "#2"},
				"west": {"uv": [0.032, 0.032, 0.032, 0.968], "texture": "#2"},
				"up": {"uv": [0.032, 0.032, 0.968, 0.032], "texture": "#2"},
				"down": {"uv": [0.032, 0.032, 0.968, 0.032], "texture": "#2"}
			}
		},
		{
			"from": [12.04746, 9.99244, 8.02051],
			"to": [12.76826, 10.71324, 8.02051],
			"rotation": {"angle": 45, "axis": "z", "origin": [11.85151, 9.62648, 10.11575]},
			"faces": {
				"north": {"uv": [1.032, 6.032, 1.968, 6.968], "texture": "#2"},
				"east": {"uv": [0.032, 0.032, 0.032, 0.968], "texture": "#2"},
				"south": {"uv": [0, 0, 0, 0], "texture": "#2"},
				"west": {"uv": [0.032, 0.032, 0.032, 0.968], "texture": "#2"},
				"up": {"uv": [0.032, 0.032, 0.968, 0.032], "texture": "#2"},
				"down": {"uv": [0.032, 0.032, 0.968, 0.032], "texture": "#2"}
			}
		}
	],
	"display": {
		"thirdperson_righthand": {
			"rotation": [80, -180, 0],
			"translation": [-5.75, -1.75, -4.75]
		},
		"firstperson_righthand": {
			"translation": [6.5, -4.25, -3.5]
		},
		"gui": {
			"rotation": [0, -53.75, 0]
		},
		"fixed": {
			"rotation": [90, -180, 0],
			"translation": [0, 0, -15],
			"scale": [2, 2, 2]
		}
	},
	"groups": [
		{
			"name": "cupholder1",
			"origin": [0, 0, 0],
			"color": 0,
			"children": [
				{
					"name": "hangers",
					"origin": [-8, -1, -7.9],
					"color": 1,
					"children": [0, 1, 2, 3, 4, 5]
				},
				{
					"name": "cup",
					"origin": [-0.4, 1, 0.1],
					"color": 0,
					"children": [
						6,
						{
							"name": "body",
							"origin": [-0.91603, 1, 1.20622],
							"color": 1,
							"children": [7, 8, 9, 10, 11]
						},
						{
							"name": "group",
							"origin": [0, 0, 0],
							"color": 0,
							"children": [12, 13, 14, 15, 16, 17]
						},
						{
							"name": "group",
							"origin": [0, 0, 0],
							"color": 0,
							"children": [18, 19, 20, 21, 22, 23]
						}
					]
				},
				{
					"name": "cup",
					"origin": [-0.4, 1, 0.1],
					"color": 0,
					"children": [
						24,
						{
							"name": "body",
							"origin": [-0.91603, 1, 1.20622],
							"color": 1,
							"children": [25, 26, 27, 28, 29]
						},
						{
							"name": "group",
							"origin": [0, 0, 0],
							"color": 0,
							"children": [30, 31, 32, 33, 34, 35]
						},
						{
							"name": "group",
							"origin": [0, 0, 0],
							"color": 0,
							"children": [36, 37, 38, 39, 40, 41]
						}
					]
				}
			]
		}
	]
}