{
	"credit": "Made with Blockbench",
	"textures": {
		"0": "block/coffee1blue",
		"particle": "block/coffee1blue"
	},
	"elements": [
		{
			"name": "cup",
			"from": [1.67092, 1.6, 10.26429],
			"to": [2.97092, 4.4, 11.26429],
			"rotation": {"angle": 22.5, "axis": "y", "origin": [4.6, 2.57143, 10.75]},
			"faces": {
				"north": {"uv": [4.032, 0.032, 5.968, 3.968], "texture": "#0"},
				"east": {"uv": [11.032, 10.032, 11.968, 12.968], "texture": "#0"},
				"south": {"uv": [5.968, 0.032, 4.032, 3.968], "texture": "#0"},
				"west": {"uv": [5.032, 0.032, 5.968, 3.968], "texture": "#0"},
				"up": {"uv": [5.968, 0.968, 4.032, 0.032], "texture": "#0"},
				"down": {"uv": [5.968, 0.968, 4.032, 0.032], "texture": "#0"}
			}
		},
		{
			"name": "cup",
			"from": [3.99771, 1, 9.76429],
			"to": [5.99771, 4.1, 11.76429],
			"rotation": {"angle": 22.5, "axis": "y", "origin": [4.6, 2.57143, 10.75]},
			"faces": {
				"north": {"uv": [9.968, 1.968, 8.032, 0.032], "texture": "#0"},
				"east": {"uv": [9.968, 1.968, 8.032, 0.032], "texture": "#0"},
				"south": {"uv": [9.968, 1.968, 8.032, 0.032], "texture": "#0"},
				"west": {"uv": [9.968, 1.968, 8.032, 0.032], "texture": "#0"},
				"up": {"uv": [9.968, 1.968, 8.032, 0.032], "texture": "#0"},
				"down": {"uv": [9.968, 1.968, 8.032, 0.032], "texture": "#0"}
			}
		},
		{
			"name": "cup",
			"from": [1.99771, 0, 7.76429],
			"to": [7.99771, 1, 13.76429],
			"rotation": {"angle": 22.5, "axis": "y", "origin": [4.6, 2.57143, 10.75]},
			"faces": {
				"north": {"uv": [6.032, 10.032, 11.968, 10.968], "texture": "#0"},
				"east": {"uv": [6.032, 10.032, 11.968, 10.968], "texture": "#0"},
				"south": {"uv": [6.032, 10.032, 11.968, 10.968], "texture": "#0"},
				"west": {"uv": [6.032, 10.032, 11.968, 10.968], "texture": "#0"},
				"up": {"uv": [0.032, 10.032, 5.968, 15.968], "texture": "#0"},
				"down": {"uv": [0.032, 10.032, 5.968, 15.968], "texture": "#0"}
			}
		},
		{
			"name": "body",
			"from": [5.97092, 1, 9.76429],
			"to": [6.97092, 5, 11.76429],
			"rotation": {"angle": 22.5, "axis": "y", "origin": [4.6, 2.57143, 10.75]},
			"faces": {
				"north": {"uv": [10.032, 9.032, 10.968, 12.968], "texture": "#0"},
				"east": {"uv": [1.032, 0.032, 2.968, 3.968], "texture": "#0"},
				"south": {"uv": [11.032, 0.032, 11.968, 3.968], "texture": "#0"},
				"west": {"uv": [1.032, 0.032, 2.968, 3.968], "texture": "#0"},
				"up": {"uv": [3.968, 3.968, 3.032, 2.032], "texture": "#0"},
				"down": {"uv": [4.968, 12.032, 4.032, 13.968], "texture": "#0"}
			}
		},
		{
			"name": "body",
			"from": [2.97092, 1, 9.76429],
			"to": [3.97092, 5, 11.76429],
			"rotation": {"angle": 22.5, "axis": "y", "origin": [4.6, 2.57143, 10.75]},
			"faces": {
				"north": {"uv": [0.032, 0.032, 0.968, 3.968], "texture": "#0"},
				"east": {"uv": [1.032, 0.032, 2.968, 3.968], "texture": "#0"},
				"south": {"uv": [3.032, 0.032, 3.968, 3.968], "texture": "#0"},
				"west": {"uv": [1.032, 0.032, 2.968, 3.968], "texture": "#0"},
				"up": {"uv": [2.968, 3.968, 2.032, 2.032], "texture": "#0"},
				"down": {"uv": [1.968, 2.032, 1.032, 3.968], "texture": "#0"}
			}
		},
		{
			"name": "body",
			"from": [2.97092, 1, 8.76429],
			"to": [6.97092, 5, 9.76429],
			"rotation": {"angle": 22.5, "axis": "y", "origin": [4.6, 2.57143, 10.75]},
			"faces": {
				"north": {"uv": [0.032, 0.032, 3.968, 3.968], "texture": "#0"},
				"east": {"uv": [3.032, 0.032, 3.968, 3.968], "texture": "#0"},
				"south": {"uv": [0.032, 0.032, 3.968, 3.968], "texture": "#0"},
				"west": {"uv": [0.032, 0.032, 0.968, 3.968], "texture": "#0"},
				"up": {"uv": [3.968, 0.968, 0.032, 0.032], "texture": "#0"},
				"down": {"uv": [12.968, 4.032, 9.032, 4.968], "texture": "#0"}
			}
		},
		{
			"name": "body",
			"from": [2.97092, 1, 11.76429],
			"to": [6.97092, 5, 12.76429],
			"rotation": {"angle": 22.5, "axis": "y", "origin": [4.6, 2.57143, 10.75]},
			"faces": {
				"north": {"uv": [0.032, 0.032, 3.968, 3.968], "texture": "#0"},
				"east": {"uv": [0.032, 0.032, 0.968, 3.968], "texture": "#0"},
				"south": {"uv": [0.032, 0.032, 3.968, 3.968], "texture": "#0"},
				"west": {"uv": [3.032, 0.032, 3.968, 3.968], "texture": "#0"},
				"up": {"uv": [3.968, 0.968, 0.032, 0.032], "texture": "#0"},
				"down": {"uv": [12.968, 6.032, 9.032, 6.968], "texture": "#0"}
			}
		},
		{
			"name": "cup",
			"from": [13.22909, 1.6, 4.23572],
			"to": [14.52909, 4.4, 5.23572],
			"rotation": {"angle": 0, "axis": "y", "origin": [11.60001, 2.57143, 4.75001]},
			"faces": {
				"north": {"uv": [5.968, 0.032, 4.032, 3.968], "texture": "#0"},
				"east": {"uv": [5.032, 0.032, 5.968, 3.968], "texture": "#0"},
				"south": {"uv": [4.032, 0.032, 5.968, 3.968], "texture": "#0"},
				"west": {"uv": [11.032, 10.032, 11.968, 12.968], "texture": "#0"},
				"up": {"uv": [5.968, 0.968, 4.032, 0.032], "rotation": 180, "texture": "#0"},
				"down": {"uv": [5.968, 0.968, 4.032, 0.032], "rotation": 180, "texture": "#0"}
			}
		},
		{
			"name": "cup",
			"from": [10.2023, 1, 3.73572],
			"to": [12.2023, 4.1, 5.73572],
			"rotation": {"angle": 0, "axis": "y", "origin": [11.60001, 2.57143, 4.75001]},
			"faces": {
				"north": {"uv": [9.968, 1.968, 8.032, 0.032], "texture": "#0"},
				"east": {"uv": [9.968, 1.968, 8.032, 0.032], "texture": "#0"},
				"south": {"uv": [9.968, 1.968, 8.032, 0.032], "texture": "#0"},
				"west": {"uv": [9.968, 1.968, 8.032, 0.032], "texture": "#0"},
				"up": {"uv": [9.968, 1.968, 8.032, 0.032], "rotation": 180, "texture": "#0"},
				"down": {"uv": [9.968, 1.968, 8.032, 0.032], "rotation": 180, "texture": "#0"}
			}
		},
		{
			"name": "cup",
			"from": [8.2023, 0, 1.73572],
			"to": [14.2023, 1, 7.73572],
			"rotation": {"angle": 0, "axis": "y", "origin": [11.60001, 2.57143, 4.75001]},
			"faces": {
				"north": {"uv": [6.032, 10.032, 11.968, 10.968], "texture": "#0"},
				"east": {"uv": [6.032, 10.032, 11.968, 10.968], "texture": "#0"},
				"south": {"uv": [6.032, 10.032, 11.968, 10.968], "texture": "#0"},
				"west": {"uv": [6.032, 10.032, 11.968, 10.968], "texture": "#0"},
				"up": {"uv": [0.032, 10.032, 5.968, 15.968], "rotation": 180, "texture": "#0"},
				"down": {"uv": [0.032, 10.032, 5.968, 15.968], "rotation": 180, "texture": "#0"}
			}
		},
		{
			"name": "body",
			"from": [9.22909, 1, 3.73572],
			"to": [10.22909, 5, 5.73572],
			"rotation": {"angle": 0, "axis": "y", "origin": [11.60001, 2.57143, 4.75001]},
			"faces": {
				"north": {"uv": [11.032, 0.032, 11.968, 3.968], "texture": "#0"},
				"east": {"uv": [1.032, 0.032, 2.968, 3.968], "texture": "#0"},
				"south": {"uv": [10.032, 9.032, 10.968, 12.968], "texture": "#0"},
				"west": {"uv": [1.032, 0.032, 2.968, 3.968], "texture": "#0"},
				"up": {"uv": [3.968, 3.968, 3.032, 2.032], "rotation": 180, "texture": "#0"},
				"down": {"uv": [4.968, 12.032, 4.032, 13.968], "rotation": 180, "texture": "#0"}
			}
		},
		{
			"name": "body",
			"from": [12.22909, 1, 3.73572],
			"to": [13.22909, 5, 5.73572],
			"rotation": {"angle": 0, "axis": "y", "origin": [11.60001, 2.57143, 4.75001]},
			"faces": {
				"north": {"uv": [3.032, 0.032, 3.968, 3.968], "texture": "#0"},
				"east": {"uv": [1.032, 0.032, 2.968, 3.968], "texture": "#0"},
				"south": {"uv": [0.032, 0.032, 0.968, 3.968], "texture": "#0"},
				"west": {"uv": [1.032, 0.032, 2.968, 3.968], "texture": "#0"},
				"up": {"uv": [2.968, 3.968, 2.032, 2.032], "rotation": 180, "texture": "#0"},
				"down": {"uv": [1.968, 2.032, 1.032, 3.968], "rotation": 180, "texture": "#0"}
			}
		},
		{
			"name": "body",
			"from": [9.22909, 1, 5.73572],
			"to": [13.22909, 5, 6.73572],
			"rotation": {"angle": 0, "axis": "y", "origin": [11.60001, 2.57143, 4.75001]},
			"faces": {
				"north": {"uv": [0.032, 0.032, 3.968, 3.968], "texture": "#0"},
				"east": {"uv": [0.032, 0.032, 0.968, 3.968], "texture": "#0"},
				"south": {"uv": [0.032, 0.032, 3.968, 3.968], "texture": "#0"},
				"west": {"uv": [3.032, 0.032, 3.968, 3.968], "texture": "#0"},
				"up": {"uv": [3.968, 0.968, 0.032, 0.032], "rotation": 180, "texture": "#0"},
				"down": {"uv": [12.968, 4.032, 9.032, 4.968], "rotation": 180, "texture": "#0"}
			}
		},
		{
			"name": "body",
			"from": [9.22909, 1, 2.73572],
			"to": [13.22909, 5, 3.73572],
			"rotation": {"angle": 0, "axis": "y", "origin": [11.60001, 2.57143, 4.75001]},
			"faces": {
				"north": {"uv": [0.032, 0.032, 3.968, 3.968], "texture": "#0"},
				"east": {"uv": [3.032, 0.032, 3.968, 3.968], "texture": "#0"},
				"south": {"uv": [0.032, 0.032, 3.968, 3.968], "texture": "#0"},
				"west": {"uv": [0.032, 0.032, 0.968, 3.968], "texture": "#0"},
				"up": {"uv": [3.968, 0.968, 0.032, 0.032], "rotation": 180, "texture": "#0"},
				"down": {"uv": [12.968, 6.032, 9.032, 6.968], "rotation": 180, "texture": "#0"}
			}
		}
	],
	"display": {
		"thirdperson_righthand": {
			"rotation": [64.67, -28.75, -1.35],
			"translation": [-6.5, 5, 6]
		},
		"firstperson_righthand": {
			"rotation": [-172.05, 48.42, 172.44],
			"translation": [1.75, 2.5, -6.75]
		},
		"ground": {
			"translation": [0, 4, 0]
		},
		"gui": {
			"rotation": [9.56, -6.69, -0.04],
			"translation": [-0.25, 5.25, 0]
		},
		"fixed": {
			"rotation": [-90, 0, 0],
			"translation": [0, 0, -15],
			"scale": [2, 2, 2]
		}
	},
	"groups": [
		{
			"name": "cup",
			"origin": [-0.4, 1, 0.1],
			"color": 0,
			"children": [
				0,
				1,
				2,
				{
					"name": "body",
					"origin": [-0.91603, 1, 1.20622],
					"color": 1,
					"children": [3, 4, 5, 6]
				}
			]
		},
		{
			"name": "cup",
			"origin": [-0.4, 1, 0.1],
			"color": 0,
			"children": [
				7,
				8,
				9,
				{
					"name": "body",
					"origin": [-0.91603, 1, 1.20622],
					"color": 1,
					"children": [10, 11, 12, 13]
				}
			]
		}
	]
}