{
	"credit": "Made with Blockbench",
	"texture_size": [64, 64],
	"textures": {
		"0": "block/teapot1"
	},
	"elements": [
		{
			"name": "body",
			"from": [7.04545, 8, 6.97273],
			"to": [9.04545, 9, 8.97273],
			"rotation": {"angle": 0, "axis": "y", "origin": [7.79545, 0, -0.02727]},
			"faces": {
				"north": {"uv": [5.765, 0.515, 6.235, 0.735], "texture": "#0"},
				"east": {"uv": [5.265, 0.515, 5.735, 0.735], "texture": "#0"},
				"south": {"uv": [6.765, 0.515, 7.235, 0.735], "texture": "#0"},
				"west": {"uv": [6.265, 0.515, 6.735, 0.735], "texture": "#0"},
				"up": {"uv": [6.235, 0.485, 5.765, 0.015], "texture": "#0"},
				"down": {"uv": [6.735, 0.015, 6.265, 0.485], "texture": "#0"}
			}
		},
		{
			"name": "body",
			"from": [5.04545, 7, 4.97273],
			"to": [11.04545, 8, 10.97273],
			"rotation": {"angle": 0, "axis": "y", "origin": [7.79545, 0, -0.02727]},
			"faces": {
				"north": {"uv": [1.515, 7.765, 2.985, 7.985], "texture": "#0"},
				"east": {"uv": [0.015, 7.765, 1.485, 7.985], "texture": "#0"},
				"south": {"uv": [4.515, 7.765, 5.985, 7.985], "texture": "#0"},
				"west": {"uv": [3.015, 7.765, 4.485, 7.985], "texture": "#0"},
				"up": {"uv": [2.985, 7.735, 1.515, 6.265], "texture": "#0"},
				"down": {"uv": [4.485, 6.265, 3.015, 7.735], "texture": "#0"}
			}
		},
		{
			"name": "body",
			"from": [5.04545, 0, 4.97273],
			"to": [11.04545, 1, 10.97273],
			"rotation": {"angle": 0, "axis": "y", "origin": [7.79545, 0, -0.02727]},
			"faces": {
				"north": {"uv": [1.515, 6.015, 2.985, 6.235], "texture": "#0"},
				"east": {"uv": [0.015, 6.015, 1.485, 6.235], "texture": "#0"},
				"south": {"uv": [4.515, 6.015, 5.985, 6.235], "texture": "#0"},
				"west": {"uv": [3.015, 6.015, 4.485, 6.235], "texture": "#0"},
				"up": {"uv": [2.985, 5.985, 1.515, 4.515], "texture": "#0"},
				"down": {"uv": [4.485, 4.515, 3.015, 5.985], "texture": "#0"}
			}
		},
		{
			"name": "body",
			"from": [4.54545, 1, 4.47273],
			"to": [11.54545, 7, 11.47273],
			"rotation": {"angle": 0, "axis": "y", "origin": [7.79545, 0, -0.02727]},
			"faces": {
				"north": {"uv": [1.765, 1.765, 3.485, 3.235], "texture": "#0"},
				"east": {"uv": [0.015, 1.765, 1.735, 3.235], "texture": "#0"},
				"south": {"uv": [5.265, 1.765, 6.985, 3.235], "texture": "#0"},
				"west": {"uv": [3.515, 1.765, 5.235, 3.235], "texture": "#0"},
				"up": {"uv": [3.485, 1.735, 1.765, 0.015], "texture": "#0"},
				"down": {"uv": [5.235, 0.015, 3.515, 1.735], "texture": "#0"}
			}
		},
		{
			"name": "hand",
			"from": [11.54545, 4.6, 6.97273],
			"to": [12.54545, 6.6, 8.97273],
			"rotation": {"angle": 0, "axis": "y", "origin": [7.79545, 0, -0.02727]},
			"faces": {
				"north": {"uv": [2.015, 7.015, 2.235, 7.485], "texture": "#0"},
				"east": {"uv": [1.515, 7.015, 1.985, 7.485], "texture": "#0"},
				"south": {"uv": [2.765, 7.015, 2.985, 7.485], "texture": "#0"},
				"west": {"uv": [2.265, 7.015, 2.735, 7.485], "texture": "#0"},
				"up": {"uv": [2.235, 6.985, 2.015, 6.515], "texture": "#0"},
				"down": {"uv": [2.485, 6.515, 2.265, 6.985], "texture": "#0"}
			}
		},
		{
			"name": "hand",
			"from": [12.54545, 5.4, 7.57273],
			"to": [14.54545, 6.4, 8.57273],
			"rotation": {"angle": 0, "axis": "y", "origin": [7.79545, 0, -0.02727]},
			"faces": {
				"north": {"uv": [12.765, 1.765, 13.235, 1.985], "texture": "#0"},
				"east": {"uv": [12.515, 1.765, 12.735, 1.985], "texture": "#0"},
				"south": {"uv": [13.515, 1.765, 13.985, 1.985], "texture": "#0"},
				"west": {"uv": [13.265, 1.765, 13.485, 1.985], "texture": "#0"},
				"up": {"uv": [13.235, 1.735, 12.765, 1.515], "texture": "#0"},
				"down": {"uv": [13.735, 1.515, 13.265, 1.735], "texture": "#0"}
			}
		},
		{
			"name": "hand",
			"from": [11.54545, 1.4, 7.57273],
			"to": [14.54545, 2.4, 8.57273],
			"rotation": {"angle": 0, "axis": "y", "origin": [7.79545, 0, -0.02727]},
			"faces": {
				"north": {"uv": [10.515, 2.765, 11.235, 2.985], "texture": "#0"},
				"east": {"uv": [10.265, 2.765, 10.485, 2.985], "texture": "#0"},
				"south": {"uv": [11.515, 2.765, 12.235, 2.985], "texture": "#0"},
				"west": {"uv": [11.265, 2.765, 11.485, 2.985], "texture": "#0"},
				"up": {"uv": [11.235, 2.735, 10.515, 2.515], "texture": "#0"},
				"down": {"uv": [11.985, 2.515, 11.265, 2.735], "texture": "#0"}
			}
		},
		{
			"name": "hand",
			"from": [13.54545, 2.4, 7.57273],
			"to": [14.54545, 5.4, 8.57273],
			"rotation": {"angle": 0, "axis": "y", "origin": [7.79545, 0, -0.02727]},
			"faces": {
				"north": {"uv": [11.015, 1.515, 11.235, 2.235], "texture": "#0"},
				"east": {"uv": [10.765, 1.515, 10.985, 2.235], "texture": "#0"},
				"south": {"uv": [11.515, 1.515, 11.735, 2.235], "texture": "#0"},
				"west": {"uv": [11.265, 1.515, 11.485, 2.235], "texture": "#0"},
				"up": {"uv": [11.235, 1.485, 11.015, 1.265], "texture": "#0"},
				"down": {"uv": [11.485, 1.265, 11.265, 1.485], "texture": "#0"}
			}
		},
		{
			"name": "mouth",
			"from": [2.54545, 1.9, 6.97273],
			"to": [4.54545, 3.9, 8.97273],
			"rotation": {"angle": 0, "axis": "y", "origin": [7.79545, 0, -0.02727]},
			"faces": {
				"north": {"uv": [8.015, 2.515, 8.485, 2.985], "texture": "#0"},
				"east": {"uv": [7.515, 2.515, 7.985, 2.985], "texture": "#0"},
				"south": {"uv": [9.015, 2.515, 9.485, 2.985], "texture": "#0"},
				"west": {"uv": [8.515, 2.515, 8.985, 2.985], "texture": "#0"},
				"up": {"uv": [8.485, 2.485, 8.015, 2.015], "texture": "#0"},
				"down": {"uv": [8.985, 2.015, 8.515, 2.485], "texture": "#0"}
			}
		},
		{
			"name": "mouth",
			"from": [2.54545, 3.9, 7.47273],
			"to": [3.54545, 6.9, 8.47273],
			"rotation": {"angle": 0, "axis": "y", "origin": [7.79545, 0, -0.02727]},
			"faces": {
				"north": {"uv": [8.265, 1.015, 8.485, 1.735], "texture": "#0"},
				"east": {"uv": [8.015, 1.015, 8.235, 1.735], "texture": "#0"},
				"south": {"uv": [8.765, 1.015, 8.985, 1.735], "texture": "#0"},
				"west": {"uv": [8.515, 1.015, 8.735, 1.735], "texture": "#0"},
				"up": {"uv": [8.485, 0.985, 8.265, 0.765], "texture": "#0"},
				"down": {"uv": [8.735, 0.765, 8.515, 0.985], "texture": "#0"}
			}
		},
		{
			"name": "mouth",
			"from": [1.54545, 5.9, 7.47273],
			"to": [2.54545, 6.9, 8.47273],
			"rotation": {"angle": 0, "axis": "y", "origin": [7.79545, 0, -0.02727]},
			"faces": {
				"north": {"uv": [8.265, 0.265, 8.485, 0.485], "texture": "#0"},
				"east": {"uv": [8.015, 0.265, 8.235, 0.485], "texture": "#0"},
				"south": {"uv": [8.765, 0.265, 8.985, 0.485], "texture": "#0"},
				"west": {"uv": [8.515, 0.265, 8.735, 0.485], "texture": "#0"},
				"up": {"uv": [8.485, 0.235, 8.265, 0.015], "texture": "#0"},
				"down": {"uv": [8.735, 0.015, 8.515, 0.235], "texture": "#0"}
			}
		}
	],
	"display": {
		"thirdperson_righthand": {
			"rotation": [69, -87, 0],
			"translation": [-0.25, 5.5, 3]
		},
		"firstperson_righthand": {
			"translation": [0, 1.25, 0]
		},
		"ground": {
			"translation": [0, 4, 0]
		},
		"gui": {
			"rotation": [24, 24, 0],
			"translation": [0, 4, 0]
		},
		"fixed": {
			"rotation": [-90, 0, 0],
			"translation": [0, 0, -15],
			"scale": [2, 2, 2]
		}
	},
	"groups": [
		{
			"name": "teapot1",
			"origin": [0, -1, 0],
			"color": 0,
			"children": [
				{
					"name": "body",
					"origin": [0, 0, 0],
					"color": 1,
					"children": [0, 1, 2, 3]
				},
				{
					"name": "hand",
					"origin": [0, 0, 0],
					"color": 2,
					"children": [4, 5, 6, 7]
				},
				{
					"name": "mouth",
					"origin": [0, 0, 0],
					"color": 3,
					"children": [8, 9, 10]
				}
			]
		}
	]
}