{
	"credit": "Made with Blockbench",
	"textures": {
		"0": "block/teapot2",
		"1": "block/coffee1blue",
		"particle": "block/coffee1blue"
	},
	"elements": [
		{
			"name": "body",
			"from": [8.44396, 8, 3.53858],
			"to": [10.44396, 9, 5.53858],
			"rotation": {"angle": 0, "axis": "y", "origin": [10.14851, 4.77273, 4.81585]},
			"faces": {
				"north": {"uv": [7.015, 3.265, 7.485, 3.485], "texture": "#0"},
				"east": {"uv": [6.515, 3.265, 6.985, 3.485], "texture": "#0"},
				"south": {"uv": [8.015, 3.265, 8.485, 3.485], "texture": "#0"},
				"west": {"uv": [7.515, 3.265, 7.985, 3.485], "texture": "#0"},
				"up": {"uv": [7.485, 3.235, 7.015, 2.765], "texture": "#0"},
				"down": {"uv": [7.985, 2.765, 7.515, 3.235], "texture": "#0"}
			}
		},
		{
			"name": "body",
			"from": [6.44396, 7, 1.53858],
			"to": [12.44396, 8, 7.53858],
			"rotation": {"angle": 0, "axis": "y", "origin": [10.14851, 4.77273, 4.81585]},
			"faces": {
				"north": {"uv": [1.515, 6.515, 2.985, 6.735], "texture": "#0"},
				"east": {"uv": [0.015, 6.515, 1.485, 6.735], "texture": "#0"},
				"south": {"uv": [4.515, 6.515, 5.985, 6.735], "texture": "#0"},
				"west": {"uv": [3.015, 6.515, 4.485, 6.735], "texture": "#0"},
				"up": {"uv": [2.985, 6.485, 1.515, 5.015], "texture": "#0"},
				"down": {"uv": [4.485, 5.015, 3.015, 6.485], "texture": "#0"}
			}
		},
		{
			"name": "body",
			"from": [6.44396, 0, 1.53858],
			"to": [12.44396, 1, 7.53858],
			"rotation": {"angle": 0, "axis": "y", "origin": [10.14851, 4.77273, 4.81585]},
			"faces": {
				"north": {"uv": [6.015, 5.015, 7.485, 5.235], "texture": "#0"},
				"east": {"uv": [4.515, 5.015, 5.985, 5.235], "texture": "#0"},
				"south": {"uv": [9.015, 5.015, 10.485, 5.235], "texture": "#0"},
				"west": {"uv": [7.515, 5.015, 8.985, 5.235], "texture": "#0"},
				"up": {"uv": [7.485, 4.985, 6.015, 3.515], "texture": "#0"},
				"down": {"uv": [8.985, 3.515, 7.515, 4.985], "texture": "#0"}
			}
		},
		{
			"name": "body",
			"from": [5.94396, 1, 1.03858],
			"to": [12.94396, 7, 8.03858],
			"rotation": {"angle": 0, "axis": "y", "origin": [10.14851, 4.77273, 4.81585]},
			"faces": {
				"north": {"uv": [1.765, 1.765, 3.485, 3.235], "texture": "#0"},
				"east": {"uv": [0.015, 1.765, 1.735, 3.235], "texture": "#0"},
				"south": {"uv": [5.265, 1.765, 6.985, 3.235], "texture": "#0"},
				"west": {"uv": [3.515, 1.765, 5.235, 3.235], "texture": "#0"},
				"up": {"uv": [3.485, 1.735, 1.765, 0.015], "texture": "#0"},
				"down": {"uv": [5.235, 0.015, 3.515, 1.735], "texture": "#0"}
			}
		},
		{
			"name": "hand",
			"from": [12.94396, 4.6, 3.53858],
			"to": [13.94396, 6.6, 5.53858],
			"rotation": {"angle": 0, "axis": "y", "origin": [10.14851, 4.77273, 4.81585]},
			"faces": {
				"north": {"uv": [5.015, 3.765, 5.235, 4.235], "texture": "#0"},
				"east": {"uv": [4.515, 3.765, 4.985, 4.235], "texture": "#0"},
				"south": {"uv": [5.765, 3.765, 5.985, 4.235], "texture": "#0"},
				"west": {"uv": [5.265, 3.765, 5.735, 4.235], "texture": "#0"},
				"up": {"uv": [5.235, 3.735, 5.015, 3.265], "texture": "#0"},
				"down": {"uv": [5.485, 3.265, 5.265, 3.735], "texture": "#0"}
			}
		},
		{
			"name": "hand",
			"from": [13.94396, 5.4, 4.13858],
			"to": [15.94396, 6.4, 5.13858],
			"rotation": {"angle": 0, "axis": "y", "origin": [10.14851, 4.77273, 4.81585]},
			"faces": {
				"north": {"uv": [4.765, 4.515, 5.235, 4.735], "texture": "#0"},
				"east": {"uv": [4.515, 4.515, 4.735, 4.735], "texture": "#0"},
				"south": {"uv": [5.515, 4.515, 5.985, 4.735], "texture": "#0"},
				"west": {"uv": [5.265, 4.515, 5.485, 4.735], "texture": "#0"},
				"up": {"uv": [5.235, 4.485, 4.765, 4.265], "texture": "#0"},
				"down": {"uv": [5.735, 4.265, 5.265, 4.485], "texture": "#0"}
			}
		},
		{
			"name": "hand",
			"from": [12.94396, 1.4, 4.13858],
			"to": [15.94396, 2.4, 5.13858],
			"rotation": {"angle": 0, "axis": "y", "origin": [10.14851, 4.77273, 4.81585]},
			"faces": {
				"north": {"uv": [5.515, 1.515, 6.235, 1.735], "texture": "#0"},
				"east": {"uv": [5.265, 1.515, 5.485, 1.735], "texture": "#0"},
				"south": {"uv": [6.515, 1.515, 7.235, 1.735], "texture": "#0"},
				"west": {"uv": [6.265, 1.515, 6.485, 1.735], "texture": "#0"},
				"up": {"uv": [6.235, 1.485, 5.515, 1.265], "texture": "#0"},
				"down": {"uv": [6.985, 1.265, 6.265, 1.485], "texture": "#0"}
			}
		},
		{
			"name": "hand",
			"from": [14.94396, 2.4, 4.13858],
			"to": [15.94396, 5.4, 5.13858],
			"rotation": {"angle": 0, "axis": "y", "origin": [10.14851, 4.77273, 4.81585]},
			"faces": {
				"north": {"uv": [2.265, 7.015, 2.485, 7.735], "texture": "#0"},
				"east": {"uv": [2.015, 7.015, 2.235, 7.735], "texture": "#0"},
				"south": {"uv": [2.765, 7.015, 2.985, 7.735], "texture": "#0"},
				"west": {"uv": [2.515, 7.015, 2.735, 7.735], "texture": "#0"},
				"up": {"uv": [2.485, 6.985, 2.265, 6.765], "texture": "#0"},
				"down": {"uv": [2.735, 6.765, 2.515, 6.985], "texture": "#0"}
			}
		},
		{
			"name": "mouth",
			"from": [3.94396, 1.9, 3.53858],
			"to": [5.94396, 3.9, 5.53858],
			"rotation": {"angle": 0, "axis": "y", "origin": [10.14851, 4.77273, 4.81585]},
			"faces": {
				"north": {"uv": [0.515, 7.265, 0.985, 7.735], "texture": "#0"},
				"east": {"uv": [0.015, 7.265, 0.485, 7.735], "texture": "#0"},
				"south": {"uv": [1.515, 7.265, 1.985, 7.735], "texture": "#0"},
				"west": {"uv": [1.015, 7.265, 1.485, 7.735], "texture": "#0"},
				"up": {"uv": [0.985, 7.235, 0.515, 6.765], "texture": "#0"},
				"down": {"uv": [1.485, 6.765, 1.015, 7.235], "texture": "#0"}
			}
		},
		{
			"name": "mouth",
			"from": [3.94396, 3.9, 4.03858],
			"to": [4.94396, 6.9, 5.03858],
			"rotation": {"angle": 0, "axis": "y", "origin": [10.14851, 4.77273, 4.81585]},
			"faces": {
				"north": {"uv": [0.265, 5.265, 0.485, 5.985], "texture": "#0"},
				"east": {"uv": [0.015, 5.265, 0.235, 5.985], "texture": "#0"},
				"south": {"uv": [0.765, 5.265, 0.985, 5.985], "texture": "#0"},
				"west": {"uv": [0.515, 5.265, 0.735, 5.985], "texture": "#0"},
				"up": {"uv": [0.485, 5.235, 0.265, 5.015], "texture": "#0"},
				"down": {"uv": [0.735, 5.015, 0.515, 5.235], "texture": "#0"}
			}
		},
		{
			"name": "mouth",
			"from": [2.94396, 5.9, 4.03858],
			"to": [3.94396, 6.9, 5.03858],
			"rotation": {"angle": 0, "axis": "y", "origin": [10.14851, 4.77273, 4.81585]},
			"faces": {
				"north": {"uv": [0.265, 6.265, 0.485, 6.485], "texture": "#0"},
				"east": {"uv": [0.015, 6.265, 0.235, 6.485], "texture": "#0"},
				"south": {"uv": [0.765, 6.265, 0.985, 6.485], "texture": "#0"},
				"west": {"uv": [0.515, 6.265, 0.735, 6.485], "texture": "#0"},
				"up": {"uv": [0.485, 6.235, 0.265, 6.015], "texture": "#0"},
				"down": {"uv": [0.735, 6.015, 0.515, 6.235], "texture": "#0"}
			}
		},
		{
			"name": "cup",
			"from": [0.67092, 1.6, 11.51429],
			"to": [1.97092, 4.4, 12.51429],
			"rotation": {"angle": 0, "axis": "y", "origin": [8, 2.57143, 8]},
			"faces": {
				"north": {"uv": [4.032, 0.032, 5.968, 3.968], "texture": "#1"},
				"east": {"uv": [11.032, 10.032, 11.968, 12.968], "texture": "#1"},
				"south": {"uv": [5.968, 0.032, 4.032, 3.968], "texture": "#1"},
				"west": {"uv": [5.032, 0.032, 5.968, 3.968], "texture": "#1"},
				"up": {"uv": [5.968, 0.968, 4.032, 0.032], "texture": "#1"},
				"down": {"uv": [5.968, 0.968, 4.032, 0.032], "texture": "#1"}
			}
		},
		{
			"name": "cup",
			"from": [2.99771, 1, 11.01429],
			"to": [4.99771, 4, 13.01429],
			"rotation": {"angle": 0, "axis": "y", "origin": [8, 2.57143, 8]},
			"faces": {
				"north": {"uv": [9.968, 1.968, 8.032, 0.032], "texture": "#1"},
				"east": {"uv": [9.968, 1.968, 8.032, 0.032], "texture": "#1"},
				"south": {"uv": [9.968, 1.968, 8.032, 0.032], "texture": "#1"},
				"west": {"uv": [9.968, 1.968, 8.032, 0.032], "texture": "#1"},
				"up": {"uv": [9.968, 1.968, 8.032, 0.032], "texture": "#1"},
				"down": {"uv": [9.968, 1.968, 8.032, 0.032], "texture": "#1"}
			}
		},
		{
			"name": "cup",
			"from": [0.99771, 0, 9.01429],
			"to": [6.99771, 1, 15.01429],
			"rotation": {"angle": 0, "axis": "y", "origin": [8, 2.57143, 8]},
			"faces": {
				"north": {"uv": [6.032, 10.032, 11.968, 10.968], "texture": "#1"},
				"east": {"uv": [6.032, 10.032, 11.968, 10.968], "texture": "#1"},
				"south": {"uv": [6.032, 10.032, 11.968, 10.968], "texture": "#1"},
				"west": {"uv": [6.032, 10.032, 11.968, 10.968], "texture": "#1"},
				"up": {"uv": [0.032, 10.032, 5.968, 15.968], "texture": "#1"},
				"down": {"uv": [0.032, 10.032, 5.968, 15.968], "texture": "#1"}
			}
		},
		{
			"name": "body",
			"from": [4.97092, 1, 11.01429],
			"to": [5.97092, 5, 13.01429],
			"rotation": {"angle": 0, "axis": "y", "origin": [8, 2.57143, 8]},
			"faces": {
				"north": {"uv": [10.032, 9.032, 10.968, 12.968], "texture": "#1"},
				"east": {"uv": [1.032, 0.032, 2.968, 3.968], "texture": "#1"},
				"south": {"uv": [11.032, 0.032, 11.968, 3.968], "texture": "#1"},
				"west": {"uv": [1.032, 0, 2.968, 3.936], "texture": "#1"},
				"up": {"uv": [3.968, 3.968, 3.032, 2.032], "texture": "#1"},
				"down": {"uv": [4.968, 12.032, 4.032, 13.968], "texture": "#1"}
			}
		},
		{
			"name": "body",
			"from": [1.97092, 1, 11.01429],
			"to": [2.97092, 5, 13.01429],
			"rotation": {"angle": 0, "axis": "y", "origin": [8, 2.57143, 8]},
			"faces": {
				"north": {"uv": [0.032, 0.032, 0.968, 3.968], "texture": "#1"},
				"east": {"uv": [1.032, 0.032, 2.968, 3.968], "texture": "#1"},
				"south": {"uv": [3.032, 0.032, 3.968, 3.968], "texture": "#1"},
				"west": {"uv": [1.032, 0.032, 2.968, 3.968], "texture": "#1"},
				"up": {"uv": [2.968, 3.968, 2.032, 2.032], "texture": "#1"},
				"down": {"uv": [1.968, 2.032, 1.032, 3.968], "texture": "#1"}
			}
		},
		{
			"name": "body",
			"from": [1.97092, 1, 10.01429],
			"to": [5.97092, 5, 11.01429],
			"rotation": {"angle": 0, "axis": "y", "origin": [8, 2.57143, 8]},
			"faces": {
				"north": {"uv": [0.032, 0.032, 3.968, 3.968], "texture": "#1"},
				"east": {"uv": [3.032, 0.032, 3.968, 3.968], "texture": "#1"},
				"south": {"uv": [0.032, 0.032, 3.968, 3.968], "texture": "#1"},
				"west": {"uv": [0.032, 0.032, 0.968, 3.968], "texture": "#1"},
				"up": {"uv": [3.968, 0.968, 0.032, 0.032], "texture": "#1"},
				"down": {"uv": [12.968, 4.032, 9.032, 4.968], "texture": "#1"}
			}
		},
		{
			"name": "body",
			"from": [1.97092, 1, 13.01429],
			"to": [5.97092, 5, 14.01429],
			"rotation": {"angle": 0, "axis": "y", "origin": [8, 2.57143, 8]},
			"faces": {
				"north": {"uv": [0.032, 0.032, 3.968, 3.968], "texture": "#1"},
				"east": {"uv": [0.032, 0.032, 0.968, 3.968], "texture": "#1"},
				"south": {"uv": [0.032, 0.032, 3.968, 3.968], "texture": "#1"},
				"west": {"uv": [3.032, 0.032, 3.968, 3.968], "texture": "#1"},
				"up": {"uv": [3.968, 0.968, 0.032, 0.032], "texture": "#1"},
				"down": {"uv": [12.968, 6.032, 9.032, 6.968], "texture": "#1"}
			}
		}
	],
	"display": {
		"thirdperson_righthand": {
			"rotation": [64.18, -41.13, -2.22],
			"translation": [-6, 5, 4.5]
		},
		"firstperson_righthand": {
			"rotation": [0, -88, 0],
			"translation": [-0.5, 2.75, 0]
		},
		"ground": {
			"translation": [0, 4, 0]
		},
		"gui": {
			"rotation": [24, -24, 0],
			"translation": [-0.5, 2.75, 0]
		},
		"head": {
			"rotation": [180, -2.5, 180],
			"translation": [-0.5, 14.5, 0.25]
		},
		"fixed": {
			"rotation": [-90, 0, 0],
			"translation": [0, 0, -15],
			"scale": [2, 2, 2]
		}
	},
	"groups": [
		{
			"name": "teapot1",
			"origin": [2, -1, -4],
			"color": 0,
			"children": [
				{
					"name": "body",
					"origin": [2, 0, -4],
					"color": 1,
					"children": [0, 1, 2, 3]
				},
				{
					"name": "hand",
					"origin": [2, 0, -4],
					"color": 2,
					"children": [4, 5, 6, 7]
				},
				{
					"name": "mouth",
					"origin": [2, 0, -4],
					"color": 3,
					"children": [8, 9, 10]
				}
			]
		},
		{
			"name": "cup",
			"origin": [-0.4, 1, 0.1],
			"color": 0,
			"children": [
				11,
				12,
				13,
				{
					"name": "body",
					"origin": [-0.91603, 1, 1.20622],
					"color": 1,
					"children": [14, 15, 16, 17]
				}
			]
		}
	]
}