{
	"credit": "Made with Blockbench",
	"ambientocclusion": false,
	"textures": {
		"1": "block/bowl1",
		"2": "block/berries",
		"particle": "block/berries"
	},
	"elements": [
		{
			"from": [11.5, 1, 4.5],
			"to": [12.5, 4, 11.5],
			"faces": {
				"north": {"uv": [0.06, 0.06, -0.06, -0.06], "texture": "#1"},
				"east": {"uv": [9.06, 0.06, 15.94, 2.94], "texture": "#1"},
				"south": {"uv": [0.06, 0.06, -0.06, -0.06], "texture": "#1"},
				"west": {"uv": [9.06, 0.06, 15.94, 2.94], "texture": "#1"},
				"up": {"uv": [9.06, 2.06, 15.94, 2.94], "rotation": 90, "texture": "#1"},
				"down": {"uv": [9.06, 2.06, 15.94, 2.94], "rotation": 90, "texture": "#1"}
			}
		},
		{
			"from": [3.5, 1, 4.5],
			"to": [4.5, 4, 11.5],
			"faces": {
				"north": {"uv": [0.06, 0.06, -0.06, -0.06], "texture": "#1"},
				"east": {"uv": [9.06, 0.06, 15.94, 2.94], "texture": "#1"},
				"south": {"uv": [0.06, 0.06, -0.06, -0.06], "texture": "#1"},
				"west": {"uv": [9.06, 0.06, 15.94, 2.94], "texture": "#1"},
				"up": {"uv": [9.06, 2.06, 15.94, 2.94], "rotation": 90, "texture": "#1"},
				"down": {"uv": [9.06, 2.06, 15.94, 2.94], "rotation": 90, "texture": "#1"}
			}
		},
		{
			"from": [3.5, 1, 11.5],
			"to": [12.5, 4, 12.5],
			"faces": {
				"north": {"uv": [7.06, 4.06, 15.94, 6.94], "texture": "#1"},
				"east": {"uv": [7.06, 4.06, 7.94, 6.94], "texture": "#1"},
				"south": {"uv": [7.06, 4.06, 15.94, 6.94], "texture": "#1"},
				"west": {"uv": [15.06, 4.06, 15.94, 6.94], "texture": "#1"},
				"up": {"uv": [7.06, 6.06, 15.94, 6.94], "texture": "#1"},
				"down": {"uv": [7.06, 6.06, 15.94, 6.94], "texture": "#1"}
			}
		},
		{
			"from": [3.5, 1, 3.5],
			"to": [12.5, 4, 4.5],
			"faces": {
				"north": {"uv": [7.06, 4.06, 15.94, 6.94], "texture": "#1"},
				"east": {"uv": [15.06, 4.06, 15.94, 6.94], "texture": "#1"},
				"south": {"uv": [7.06, 4.06, 15.94, 6.94], "texture": "#1"},
				"west": {"uv": [7.06, 4.06, 7.94, 6.94], "texture": "#1"},
				"up": {"uv": [7.06, 6.06, 15.94, 6.94], "texture": "#1"},
				"down": {"uv": [7.06, 6.06, 15.94, 6.94], "texture": "#1"}
			}
		},
		{
			"from": [4.5, 0, 4.5],
			"to": [11.5, 1, 11.5],
			"faces": {
				"north": {"uv": [0.06, 5.06, 5.94, 5.94], "texture": "#1"},
				"east": {"uv": [0.06, 5.06, 5.94, 5.94], "texture": "#1"},
				"south": {"uv": [0.06, 5.06, 5.94, 5.94], "texture": "#1"},
				"west": {"uv": [0.06, 5.06, 5.94, 5.94], "texture": "#1"},
				"up": {"uv": [0.06, 0.06, 5.94, 5.94], "texture": "#1"},
				"down": {"uv": [0.06, 0.06, 5.94, 5.94], "texture": "#1"}
			}
		},
		{
			"from": [4.5, 4.45, 9.1],
			"to": [6.5, 6.45, 11.1],
			"rotation": {"angle": -45, "axis": "z", "origin": [3.13333, 4.61667, 9.63333]},
			"faces": {
				"north": {"uv": [0.032, 3.032, 1.94, 4.94], "texture": "#2"},
				"east": {"uv": [0.032, 3.032, 1.94, 4.94], "texture": "#2"},
				"south": {"uv": [0.032, 3.032, 1.94, 4.94], "texture": "#2"},
				"west": {"uv": [0.032, 3.032, 1.94, 4.94], "texture": "#2"},
				"up": {"uv": [0.032, 3.032, 1.94, 4.94], "texture": "#2"},
				"down": {"uv": [0.032, 3.032, 1.94, 4.94], "texture": "#2"}
			}
		},
		{
			"from": [4.12328, 3.15878, 8.65],
			"to": [4.12328, 5.15878, 11.65],
			"rotation": {"angle": 45, "axis": "z", "origin": [4.12328, 5.15878, 10.15]},
			"faces": {
				"north": {"uv": [6.032, 0.032, 8.968, 1.968], "rotation": 90, "texture": "#2"},
				"east": {"uv": [6.032, 4.968, 8.968, 3.032], "rotation": 180, "texture": "#2"},
				"south": {"uv": [6.032, 0.032, 8.968, 1.968], "rotation": 270, "texture": "#2"},
				"west": {"uv": [6.032, 3.032, 8.968, 4.968], "texture": "#2"},
				"up": {"uv": [6.032, 0.032, 8.968, 1.968], "rotation": 270, "texture": "#2"},
				"down": {"uv": [6.032, 0.032, 8.968, 1.968], "rotation": 270, "texture": "#2"}
			}
		},
		{
			"from": [7.35, 1.2, 7.85],
			"to": [9.35, 3.2, 9.85],
			"rotation": {"angle": 0, "axis": "y", "origin": [10.6, 1.625, 6.25]},
			"faces": {
				"north": {"uv": [0, 3.032, 1.908, 4.94], "texture": "#2"},
				"east": {"uv": [0, 3.032, 1.908, 4.94], "texture": "#2"},
				"south": {"uv": [0, 3.032, 1.908, 4.94], "texture": "#2"},
				"west": {"uv": [0, 3.032, 1.908, 4.94], "texture": "#2"},
				"up": {"uv": [0, 3.032, 1.908, 4.94], "texture": "#2"},
				"down": {"uv": [0, 3.032, 1.908, 4.94], "texture": "#2"}
			}
		},
		{
			"from": [6.81161, 2.125, 8.73839],
			"to": [9.81161, 4.125, 8.73839],
			"rotation": {"angle": 22.5, "axis": "y", "origin": [8.1, 2.125, 8.75]},
			"faces": {
				"north": {"uv": [6.032, 4.968, 8.968, 3.032], "rotation": 180, "texture": "#2"},
				"east": {"uv": [6.032, 3.032, 8.968, 4.968], "rotation": 270, "texture": "#2"},
				"south": {"uv": [6.032, 3.032, 8.968, 4.968], "texture": "#2"},
				"west": {"uv": [6.032, 3.032, 8.968, 4.968], "rotation": 90, "texture": "#2"},
				"up": {"uv": [6.032, 3.032, 8.968, 4.968], "rotation": 180, "texture": "#2"},
				"down": {"uv": [6.032, 3.032, 8.968, 4.968], "texture": "#2"}
			}
		},
		{
			"from": [7.35, 0.7, 5.35],
			"to": [9.35, 2.7, 7.35],
			"rotation": {"angle": 0, "axis": "y", "origin": [10.6, 1.125, 3.75]},
			"faces": {
				"north": {"uv": [0, 3.032, 1.908, 4.94], "texture": "#2"},
				"east": {"uv": [0, 3.032, 1.908, 4.94], "texture": "#2"},
				"south": {"uv": [0, 3.032, 1.908, 4.94], "texture": "#2"},
				"west": {"uv": [0, 3.032, 1.908, 4.94], "texture": "#2"},
				"up": {"uv": [0, 3.032, 1.908, 4.94], "texture": "#2"},
				"down": {"uv": [0, 3.032, 1.908, 4.94], "texture": "#2"}
			}
		},
		{
			"from": [6.81161, 2.375, 6.23839],
			"to": [9.81161, 4.375, 6.23839],
			"rotation": {"angle": -22.5, "axis": "y", "origin": [8.1, 1.625, 6.25]},
			"faces": {
				"north": {"uv": [8.968, 4.968, 6.032, 3.032], "rotation": 180, "texture": "#2"},
				"east": {"uv": [6.032, 3.032, 8.968, 4.968], "rotation": 270, "texture": "#2"},
				"south": {"uv": [8.968, 3.032, 6.032, 4.968], "texture": "#2"},
				"west": {"uv": [6.032, 3.032, 8.968, 4.968], "rotation": 90, "texture": "#2"},
				"up": {"uv": [6.032, 3.032, 8.968, 4.968], "rotation": 180, "texture": "#2"},
				"down": {"uv": [6.032, 3.032, 8.968, 4.968], "texture": "#2"}
			}
		},
		{
			"from": [7.35, 2.7, 9.1],
			"to": [9.35, 4.7, 11.1],
			"rotation": {"angle": 45, "axis": "y", "origin": [8.32286, 4.81667, 10.04221]},
			"faces": {
				"north": {"uv": [0.032, 3.032, 1.94, 4.94], "rotation": 90, "texture": "#2"},
				"east": {"uv": [0.032, 3.032, 1.94, 4.94], "rotation": 90, "texture": "#2"},
				"south": {"uv": [0.032, 3.032, 1.94, 4.94], "rotation": 90, "texture": "#2"},
				"west": {"uv": [0.032, 3.032, 1.94, 4.94], "rotation": 90, "texture": "#2"},
				"up": {"uv": [0.032, 3.032, 1.94, 4.94], "rotation": 90, "texture": "#2"},
				"down": {"uv": [0.032, 3.032, 1.94, 4.94], "rotation": 90, "texture": "#2"}
			}
		},
		{
			"from": [8.28697, 3.675, 8.52034],
			"to": [8.28697, 5.675, 11.52034],
			"rotation": {"angle": -22.5, "axis": "y", "origin": [8.32286, 4.81667, 10.04221]},
			"faces": {
				"north": {"uv": [6.032, 0.032, 8.968, 1.968], "rotation": 270, "texture": "#2"},
				"east": {"uv": [6.032, 3.032, 8.968, 4.968], "texture": "#2"},
				"south": {"uv": [6.032, 0.032, 8.968, 1.968], "rotation": 90, "texture": "#2"},
				"west": {"uv": [6.032, 4.968, 8.968, 3.032], "rotation": 180, "texture": "#2"},
				"up": {"uv": [6.032, 0.032, 8.968, 1.968], "rotation": 90, "texture": "#2"},
				"down": {"uv": [6.032, 3.032, 8.968, 4.968], "rotation": 90, "texture": "#2"}
			}
		},
		{
			"from": [9.35, 2.25887, 7.67554],
			"to": [11.35, 4.25887, 9.67554],
			"rotation": {"angle": 0, "axis": "y", "origin": [10.32286, 3.31667, 9.79221]},
			"faces": {
				"north": {"uv": [0, 3.032, 1.908, 4.94], "rotation": 180, "texture": "#2"},
				"east": {"uv": [0, 3.032, 1.908, 4.94], "rotation": 180, "texture": "#2"},
				"south": {"uv": [0, 3.032, 1.908, 4.94], "rotation": 180, "texture": "#2"},
				"west": {"uv": [0, 3.032, 1.908, 4.94], "rotation": 180, "texture": "#2"},
				"up": {"uv": [0, 3.032, 1.908, 4.94], "rotation": 180, "texture": "#2"},
				"down": {"uv": [0, 3.032, 1.908, 4.94], "rotation": 180, "texture": "#2"}
			}
		},
		{
			"from": [10.3106, 1.85194, 9.35054],
			"to": [10.3106, 4.85194, 11.35054],
			"rotation": {"angle": 45, "axis": "z", "origin": [10.32286, 3.31667, 9.79221]},
			"faces": {
				"north": {"uv": [6.032, 0.032, 8.968, 1.968], "rotation": 270, "texture": "#2"},
				"east": {"uv": [6.032, 3.032, 8.968, 4.968], "rotation": 270, "texture": "#2"},
				"south": {"uv": [6.032, 0.032, 8.968, 1.968], "rotation": 90, "texture": "#2"},
				"west": {"uv": [6.032, 4.968, 8.968, 3.032], "rotation": 270, "texture": "#2"},
				"up": {"uv": [6.032, 0.032, 8.968, 1.968], "rotation": 90, "texture": "#2"},
				"down": {"uv": [6.032, 0.032, 8.968, 1.968], "rotation": 90, "texture": "#2"}
			}
		},
		{
			"from": [5.04572, 1.25887, 7.40887],
			"to": [7.04572, 3.25887, 9.40887],
			"rotation": {"angle": 0, "axis": "y", "origin": [6.07286, 2.31667, 7.29221]},
			"faces": {
				"north": {"uv": [0.032, 3.032, 1.94, 4.94], "texture": "#2"},
				"east": {"uv": [0.032, 3.032, 1.94, 4.94], "texture": "#2"},
				"south": {"uv": [0.032, 3.032, 1.94, 4.94], "texture": "#2"},
				"west": {"uv": [0.032, 3.032, 1.94, 4.94], "texture": "#2"},
				"up": {"uv": [0.032, 3.032, 1.94, 4.94], "texture": "#2"},
				"down": {"uv": [0.032, 3.032, 1.94, 4.94], "texture": "#2"}
			}
		},
		{
			"from": [6.08512, 0.85194, 5.73387],
			"to": [6.08512, 3.85194, 7.73387],
			"rotation": {"angle": -45, "axis": "z", "origin": [6.07286, 2.31667, 7.29221]},
			"faces": {
				"north": {"uv": [6.032, 0.032, 8.968, 1.968], "rotation": 90, "texture": "#2"},
				"east": {"uv": [6.032, 1.968, 8.968, 0.032], "rotation": 270, "texture": "#2"},
				"south": {"uv": [6.032, 0.032, 8.968, 1.968], "rotation": 270, "texture": "#2"},
				"west": {"uv": [6.032, 3.032, 8.968, 4.968], "rotation": 270, "texture": "#2"},
				"up": {"uv": [6.032, 0.032, 8.968, 1.968], "rotation": 270, "texture": "#2"},
				"down": {"uv": [6.032, 0.032, 8.968, 1.968], "rotation": 270, "texture": "#2"}
			}
		},
		{
			"from": [4.85, 2.6, 5.05],
			"to": [6.85, 4.6, 7.05],
			"rotation": {"angle": -22.5, "axis": "y", "origin": [5.82286, 4.71667, 5.99221]},
			"faces": {
				"north": {"uv": [0.032, 3.032, 1.94, 4.94], "texture": "#2"},
				"east": {"uv": [0.032, 3.032, 1.94, 4.94], "texture": "#2"},
				"south": {"uv": [0.032, 3.032, 1.94, 4.94], "texture": "#2"},
				"west": {"uv": [0.032, 3.032, 1.94, 4.94], "texture": "#2"},
				"up": {"uv": [0.032, 3.032, 1.94, 4.94], "texture": "#2"},
				"down": {"uv": [0.032, 3.032, 1.94, 4.94], "texture": "#2"}
			}
		},
		{
			"from": [3.94473, 3.575, 5.95632],
			"to": [6.94473, 5.575, 5.95632],
			"rotation": {"angle": 0, "axis": "y", "origin": [5.82286, 4.71667, 5.99221]},
			"faces": {
				"north": {"uv": [6.032, 4.968, 8.968, 3.032], "rotation": 180, "texture": "#2"},
				"east": {"uv": [6.032, 0.032, 8.968, 1.968], "rotation": 270, "texture": "#2"},
				"south": {"uv": [6.032, 3.032, 8.968, 4.968], "texture": "#2"},
				"west": {"uv": [6.032, 0.032, 8.968, 1.968], "rotation": 90, "texture": "#2"},
				"up": {"uv": [6.032, 0.032, 8.968, 1.968], "rotation": 180, "texture": "#2"},
				"down": {"uv": [6.032, 0.032, 8.968, 1.968], "texture": "#2"}
			}
		},
		{
			"from": [8.35, 3, 4.75],
			"to": [11.35, 6, 7.75],
			"rotation": {"angle": 22.5, "axis": "z", "origin": [10.6, 4.625, 6.25]},
			"faces": {
				"north": {"uv": [0.032, 3.032, 2.94, 5.94], "texture": "#2"},
				"east": {"uv": [0.032, 3.032, 2.94, 5.94], "texture": "#2"},
				"south": {"uv": [0.032, 3.032, 2.94, 5.94], "texture": "#2"},
				"west": {"uv": [0.032, 3.032, 2.94, 5.94], "texture": "#2"},
				"up": {"uv": [0.032, 3.032, 2.94, 5.94], "texture": "#2"},
				"down": {"uv": [0.032, 3.032, 2.94, 5.94], "texture": "#2"}
			}
		},
		{
			"from": [11.18296, 2.87636, 6.33839],
			"to": [13.18296, 5.87636, 6.33839],
			"rotation": {"angle": 22.5, "axis": "z", "origin": [12.18296, 5.37636, 6.33839]},
			"faces": {
				"north": {"uv": [8.968, 4.968, 6.032, 3.032], "rotation": 90, "texture": "#2"},
				"east": {"uv": [6.032, 0.032, 8.968, 1.968], "rotation": 270, "texture": "#2"},
				"south": {"uv": [8.968, 3.032, 6.032, 4.968], "rotation": 90, "texture": "#2"},
				"west": {"uv": [6.032, 0.032, 8.968, 1.968], "rotation": 90, "texture": "#2"},
				"up": {"uv": [6.032, 0.032, 8.968, 1.968], "rotation": 180, "texture": "#2"},
				"down": {"uv": [6.032, 0.032, 8.968, 1.968], "texture": "#2"}
			}
		}
	],
	"display": {
		"thirdperson_righthand": {
			"rotation": [70, 0, 0],
			"translation": [-6, 4.25, 6.25]
		},
		"firstperson_righthand": {
			"translation": [-8.25, 4.25, 0]
		},
		"ground": {
			"translation": [0, 4, 0]
		},
		"gui": {
			"rotation": [24, 24, 0],
			"translation": [0, 4, 0]
		},
		"fixed": {
			"rotation": [-90, 0, 0],
			"translation": [0, 0, -15],
			"scale": [2, 2, 2]
		}
	},
	"groups": [
		{
			"name": "bowl",
			"origin": [8, 8, 8],
			"color": 0,
			"children": [
				0,
				1,
				2,
				3,
				4,
				{
					"name": "berry",
					"origin": [0, 0, 0],
					"color": 0,
					"children": [
						{
							"name": "strawberrysmall",
							"origin": [7.1, 8.125, 7.75],
							"color": 0,
							"children": [5, 6]
						},
						{
							"name": "strawberrysmall",
							"origin": [7.1, 8.125, 7.75],
							"color": 0,
							"children": [7, 8]
						},
						{
							"name": "strawberrysmall",
							"origin": [7.1, 8.125, 7.75],
							"color": 0,
							"children": [9, 10]
						},
						{
							"name": "strawberrysmall",
							"origin": [7.1, 8.125, 7.75],
							"color": 0,
							"children": [11, 12]
						},
						{
							"name": "strawberrysmall",
							"origin": [7.1, 8.125, 7.75],
							"color": 0,
							"children": [13, 14]
						},
						{
							"name": "strawberrysmall",
							"origin": [7.1, 8.125, 7.75],
							"color": 0,
							"children": [15, 16]
						},
						{
							"name": "strawberrysmall",
							"origin": [7.1, 8.125, 7.75],
							"color": 0,
							"children": [17, 18]
						},
						{
							"name": "strawberry",
							"origin": [0, 0, 0],
							"color": 0,
							"children": [19, 20]
						}
					]
				}
			]
		}
	]
}