{
	"credit": "Made with Blockbench",
	"texture_size": [64, 64],
	"textures": {
		"0": "block/cuttingboard1",
		"particle": "block/cuttingboard1"
	},
	"elements": [
		{
			"name": "cuttingboard",
			"from": [4.5, 0, 5],
			"to": [13.5, 1, 11],
			"faces": {
				"north": {"uv": [1.515, 1.515, 3.735, 1.735], "texture": "#0"},
				"east": {"uv": [0.015, 1.515, 1.485, 1.735], "texture": "#0"},
				"south": {"uv": [5.265, 1.515, 7.485, 1.735], "texture": "#0"},
				"west": {"uv": [3.765, 1.515, 5.235, 1.735], "texture": "#0"},
				"up": {"uv": [3.735, 1.485, 1.515, 0.015], "texture": "#0"},
				"down": {"uv": [5.985, 0.015, 3.765, 1.485], "texture": "#0"}
			}
		},
		{
			"name": "cuttingboard",
			"from": [2.5, 0, 3],
			"to": [15.5, 1, 4],
			"faces": {
				"north": {"uv": [0.265, 2.515, 3.485, 2.735], "texture": "#0"},
				"east": {"uv": [0.015, 2.515, 0.235, 2.735], "texture": "#0"},
				"south": {"uv": [3.765, 2.515, 6.985, 2.735], "texture": "#0"},
				"west": {"uv": [3.515, 2.515, 3.735, 2.735], "texture": "#0"},
				"up": {"uv": [3.485, 2.485, 0.265, 2.265], "texture": "#0"},
				"down": {"uv": [6.735, 2.265, 3.515, 2.485], "texture": "#0"}
			}
		},
		{
			"name": "cuttingboard",
			"from": [3.5, 0.01, 4],
			"to": [14.5, 0.81, 5],
			"faces": {
				"north": {"uv": [5.265, 3.492, 7.985, 3.492], "texture": "#0"},
				"east": {"uv": [5.015, 3.492, 5.235, 3.492], "texture": "#0"},
				"south": {"uv": [8.265, 3.492, 10.985, 3.492], "texture": "#0"},
				"west": {"uv": [8.015, 3.492, 8.235, 3.492], "texture": "#0"},
				"up": {"uv": [7.985, 3.485, 5.265, 3.265], "texture": "#0"},
				"down": {"uv": [10.735, 3.265, 8.015, 3.485], "texture": "#0"}
			}
		},
		{
			"name": "cuttingboard",
			"from": [3.5, 0.01, 11],
			"to": [14.5, 0.81, 12],
			"faces": {
				"north": {"uv": [5.265, 2.992, 7.985, 2.992], "texture": "#0"},
				"east": {"uv": [5.015, 2.992, 5.235, 2.992], "texture": "#0"},
				"south": {"uv": [8.265, 2.992, 10.985, 2.992], "texture": "#0"},
				"west": {"uv": [8.015, 2.992, 8.235, 2.992], "texture": "#0"},
				"up": {"uv": [7.985, 2.985, 5.265, 2.765], "texture": "#0"},
				"down": {"uv": [10.735, 2.765, 8.015, 2.985], "texture": "#0"}
			}
		},
		{
			"name": "cuttingboard",
			"from": [13.5, 0.01, 5],
			"to": [14.5, 0.81, 11],
			"faces": {
				"north": {"uv": [3.515, 6.742, 3.735, 6.742], "texture": "#0"},
				"east": {"uv": [2.015, 6.742, 3.485, 6.742], "texture": "#0"},
				"south": {"uv": [5.265, 6.742, 5.485, 6.742], "texture": "#0"},
				"west": {"uv": [3.765, 6.742, 5.235, 6.742], "texture": "#0"},
				"up": {"uv": [3.735, 6.735, 3.515, 5.265], "texture": "#0"},
				"down": {"uv": [3.985, 5.265, 3.765, 6.735], "texture": "#0"}
			}
		},
		{
			"name": "cuttingboard",
			"from": [3.5, 0.01, 5],
			"to": [4.5, 0.81, 11],
			"faces": {
				"north": {"uv": [1.515, 6.492, 1.735, 6.492], "texture": "#0"},
				"east": {"uv": [0.015, 6.492, 1.485, 6.492], "texture": "#0"},
				"south": {"uv": [3.265, 6.492, 3.485, 6.492], "texture": "#0"},
				"west": {"uv": [1.765, 6.492, 3.235, 6.492], "texture": "#0"},
				"up": {"uv": [1.735, 6.485, 1.515, 5.015], "texture": "#0"},
				"down": {"uv": [1.985, 5.015, 1.765, 6.485], "texture": "#0"}
			}
		},
		{
			"name": "cuttingboard",
			"from": [2.5, 0, 12],
			"to": [15.5, 1, 13],
			"faces": {
				"north": {"uv": [0.265, 2.015, 3.485, 2.235], "texture": "#0"},
				"east": {"uv": [0.015, 2.015, 0.235, 2.235], "texture": "#0"},
				"south": {"uv": [3.765, 2.015, 6.985, 2.235], "texture": "#0"},
				"west": {"uv": [3.515, 2.015, 3.735, 2.235], "texture": "#0"},
				"up": {"uv": [3.485, 1.985, 0.265, 1.765], "texture": "#0"},
				"down": {"uv": [6.735, 1.765, 3.515, 1.985], "texture": "#0"}
			}
		},
		{
			"name": "cuttingboard",
			"from": [2.5, 0, 4],
			"to": [3.5, 1, 12],
			"faces": {
				"north": {"uv": [4.515, 5.015, 4.735, 5.235], "texture": "#0"},
				"east": {"uv": [2.515, 5.015, 4.485, 5.235], "texture": "#0"},
				"south": {"uv": [6.765, 5.015, 6.985, 5.235], "texture": "#0"},
				"west": {"uv": [4.765, 5.015, 6.735, 5.235], "texture": "#0"},
				"up": {"uv": [4.735, 4.985, 4.515, 3.015], "texture": "#0"},
				"down": {"uv": [4.985, 3.015, 4.765, 4.985], "texture": "#0"}
			}
		},
		{
			"name": "cuttingboard",
			"from": [0.5, 0, 6.5],
			"to": [2.5, 1, 9.5],
			"faces": {
				"north": {"uv": [5.765, 4.515, 6.235, 4.735], "texture": "#0"},
				"east": {"uv": [5.015, 4.515, 5.735, 4.735], "texture": "#0"},
				"south": {"uv": [7.015, 4.515, 7.485, 4.735], "texture": "#0"},
				"west": {"uv": [6.265, 4.515, 6.985, 4.735], "texture": "#0"},
				"up": {"uv": [6.235, 4.485, 5.765, 3.765], "texture": "#0"},
				"down": {"uv": [6.735, 3.765, 6.265, 4.485], "texture": "#0"}
			}
		},
		{
			"name": "cuttingboard",
			"from": [14.5, 0, 4],
			"to": [15.5, 1, 12],
			"faces": {
				"north": {"uv": [2.015, 4.765, 2.235, 4.985], "texture": "#0"},
				"east": {"uv": [0.015, 4.765, 1.985, 4.985], "texture": "#0"},
				"south": {"uv": [4.265, 4.765, 4.485, 4.985], "texture": "#0"},
				"west": {"uv": [2.265, 4.765, 4.235, 4.985], "texture": "#0"},
				"up": {"uv": [2.235, 4.735, 2.015, 2.765], "texture": "#0"},
				"down": {"uv": [2.485, 2.765, 2.265, 4.735], "texture": "#0"}
			}
		}
	],
	"display": {
		"thirdperson_righthand": {
			"rotation": [87.25, 0, 0],
			"translation": [-6.75, 4.5, 8.5]
		},
		"firstperson_righthand": {
			"rotation": [42.5, 0, 0],
			"translation": [4.5, 0, -2]
		},
		"ground": {
			"translation": [0, 5, 0]
		},
		"gui": {
			"rotation": [90, 0, 0],
			"translation": [0, -0.5, 0]
		},
		"fixed": {
			"rotation": [-90, 0, 0],
			"translation": [0, 0, -15],
			"scale": [2, 2, 2]
		}
	},
	"groups": [
		{
			"name": "cuttingboard",
			"origin": [0.5, 0, 0],
			"color": 0,
			"children": [0, 1, 2, 3, 4, 5, 6, 7, 8, 9]
		}
	]
}