{
	"credit": "Made with Blockbench",
	"texture_size": [64, 64],
	"textures": {
		"0": "block/cuttingboard1"
	},
	"elements": [
		{
			"name": "cuttingboard",
			"from": [4.25, 3.66252, 3.99876],
			"to": [13.25, 9.66252, 4.99876],
			"rotation": {"angle": -22.5, "axis": "x", "origin": [8, 0.33927, 8.12723]},
			"faces": {
				"north": {"uv": [5.985, 0.015, 3.765, 1.485], "rotation": 180, "texture": "#0"},
				"east": {"uv": [0.015, 1.515, 1.485, 1.735], "rotation": 270, "texture": "#0"},
				"south": {"uv": [3.735, 1.485, 1.515, 0.015], "texture": "#0"},
				"west": {"uv": [3.765, 1.515, 5.235, 1.735], "rotation": 90, "texture": "#0"},
				"up": {"uv": [3.735, 1.735, 1.515, 1.515], "texture": "#0"},
				"down": {"uv": [7.485, 1.735, 5.265, 1.515], "rotation": 180, "texture": "#0"}
			}
		},
		{
			"name": "cuttingboard",
			"from": [2.25, 10.66252, 3.99876],
			"to": [15.25, 11.66252, 4.99876],
			"rotation": {"angle": -22.5, "axis": "x", "origin": [8, 0.33927, 8.12723]},
			"faces": {
				"north": {"uv": [6.735, 2.265, 3.515, 2.485], "rotation": 180, "texture": "#0"},
				"east": {"uv": [0.015, 2.515, 0.235, 2.735], "rotation": 270, "texture": "#0"},
				"south": {"uv": [3.485, 2.485, 0.265, 2.265], "texture": "#0"},
				"west": {"uv": [3.515, 2.515, 3.735, 2.735], "rotation": 90, "texture": "#0"},
				"up": {"uv": [3.485, 2.735, 0.265, 2.515], "texture": "#0"},
				"down": {"uv": [6.985, 2.735, 3.765, 2.515], "rotation": 180, "texture": "#0"}
			}
		},
		{
			"name": "cuttingboard",
			"from": [3.25, 9.66252, 4.00876],
			"to": [14.25, 10.66252, 4.80876],
			"rotation": {"angle": -22.5, "axis": "x", "origin": [8, 0.33927, 8.12723]},
			"faces": {
				"north": {"uv": [10.735, 3.265, 8.015, 3.485], "rotation": 180, "texture": "#0"},
				"east": {"uv": [5.015, 3.508, 5.235, 3.508], "rotation": 270, "texture": "#0"},
				"south": {"uv": [7.985, 3.485, 5.265, 3.265], "texture": "#0"},
				"west": {"uv": [8.015, 3.508, 8.235, 3.508], "rotation": 90, "texture": "#0"},
				"up": {"uv": [7.985, 3.508, 5.265, 3.508], "texture": "#0"},
				"down": {"uv": [10.985, 3.508, 8.265, 3.508], "rotation": 180, "texture": "#0"}
			}
		},
		{
			"name": "cuttingboard",
			"from": [3.25, 2.66252, 4.00876],
			"to": [14.25, 3.66252, 4.80876],
			"rotation": {"angle": -22.5, "axis": "x", "origin": [8, 0.33927, 8.12723]},
			"faces": {
				"north": {"uv": [10.735, 2.765, 8.015, 2.985], "rotation": 180, "texture": "#0"},
				"east": {"uv": [5.015, 3.008, 5.235, 3.008], "rotation": 270, "texture": "#0"},
				"south": {"uv": [7.985, 2.985, 5.265, 2.765], "texture": "#0"},
				"west": {"uv": [8.015, 3.008, 8.235, 3.008], "rotation": 90, "texture": "#0"},
				"up": {"uv": [7.985, 3.008, 5.265, 3.008], "texture": "#0"},
				"down": {"uv": [10.985, 3.008, 8.265, 3.008], "rotation": 180, "texture": "#0"}
			}
		},
		{
			"name": "cuttingboard",
			"from": [13.25, 3.66252, 4.00876],
			"to": [14.25, 9.66252, 4.80876],
			"rotation": {"angle": -22.5, "axis": "x", "origin": [8, 0.33927, 8.12723]},
			"faces": {
				"north": {"uv": [3.985, 5.265, 3.765, 6.735], "rotation": 180, "texture": "#0"},
				"east": {"uv": [2.015, 6.758, 3.485, 6.758], "rotation": 270, "texture": "#0"},
				"south": {"uv": [3.735, 6.735, 3.515, 5.265], "texture": "#0"},
				"west": {"uv": [3.765, 6.758, 5.235, 6.758], "rotation": 90, "texture": "#0"},
				"up": {"uv": [3.735, 6.758, 3.515, 6.758], "texture": "#0"},
				"down": {"uv": [5.485, 6.758, 5.265, 6.758], "rotation": 180, "texture": "#0"}
			}
		},
		{
			"name": "cuttingboard",
			"from": [3.25, 3.66252, 4.00876],
			"to": [4.25, 9.66252, 4.80876],
			"rotation": {"angle": -22.5, "axis": "x", "origin": [8, 0.33927, 8.12723]},
			"faces": {
				"north": {"uv": [1.985, 5.015, 1.765, 6.485], "rotation": 180, "texture": "#0"},
				"east": {"uv": [0.015, 6.508, 1.485, 6.508], "rotation": 270, "texture": "#0"},
				"south": {"uv": [1.735, 6.485, 1.515, 5.015], "texture": "#0"},
				"west": {"uv": [1.765, 6.508, 3.235, 6.508], "rotation": 90, "texture": "#0"},
				"up": {"uv": [1.735, 6.508, 1.515, 6.508], "texture": "#0"},
				"down": {"uv": [3.485, 6.508, 3.265, 6.508], "rotation": 180, "texture": "#0"}
			}
		},
		{
			"name": "cuttingboard",
			"from": [2.25, 1.66252, 3.99876],
			"to": [15.25, 2.66252, 4.99876],
			"rotation": {"angle": -22.5, "axis": "x", "origin": [8, 0.33927, 8.12723]},
			"faces": {
				"north": {"uv": [6.735, 1.765, 3.515, 1.985], "rotation": 180, "texture": "#0"},
				"east": {"uv": [0.015, 2.015, 0.235, 2.235], "rotation": 270, "texture": "#0"},
				"south": {"uv": [3.485, 1.985, 0.265, 1.765], "texture": "#0"},
				"west": {"uv": [3.515, 2.015, 3.735, 2.235], "rotation": 90, "texture": "#0"},
				"up": {"uv": [3.485, 2.235, 0.265, 2.015], "texture": "#0"},
				"down": {"uv": [6.985, 2.235, 3.765, 2.015], "rotation": 180, "texture": "#0"}
			}
		},
		{
			"name": "cuttingboard",
			"from": [2.25, 2.66252, 3.99876],
			"to": [3.25, 10.66252, 4.99876],
			"rotation": {"angle": -22.5, "axis": "x", "origin": [8, 0.33927, 8.12723]},
			"faces": {
				"north": {"uv": [4.985, 3.015, 4.765, 4.985], "rotation": 180, "texture": "#0"},
				"east": {"uv": [2.515, 5.015, 4.485, 5.235], "rotation": 270, "texture": "#0"},
				"south": {"uv": [4.735, 4.985, 4.515, 3.015], "texture": "#0"},
				"west": {"uv": [4.765, 5.015, 6.735, 5.235], "rotation": 90, "texture": "#0"},
				"up": {"uv": [4.735, 5.235, 4.515, 5.015], "texture": "#0"},
				"down": {"uv": [6.985, 5.235, 6.765, 5.015], "rotation": 180, "texture": "#0"}
			}
		},
		{
			"name": "cuttingboard",
			"from": [0.25, 5.16252, 3.99876],
			"to": [2.25, 8.16252, 4.99876],
			"rotation": {"angle": -22.5, "axis": "x", "origin": [8, 0.33927, 8.12723]},
			"faces": {
				"north": {"uv": [6.735, 3.765, 6.265, 4.485], "rotation": 180, "texture": "#0"},
				"east": {"uv": [5.015, 4.515, 5.735, 4.735], "rotation": 270, "texture": "#0"},
				"south": {"uv": [6.235, 4.485, 5.765, 3.765], "texture": "#0"},
				"west": {"uv": [6.265, 4.515, 6.985, 4.735], "rotation": 90, "texture": "#0"},
				"up": {"uv": [6.235, 4.735, 5.765, 4.515], "texture": "#0"},
				"down": {"uv": [7.485, 4.735, 7.015, 4.515], "rotation": 180, "texture": "#0"}
			}
		},
		{
			"name": "cuttingboard",
			"from": [14.25, 2.66252, 3.99876],
			"to": [15.25, 10.66252, 4.99876],
			"rotation": {"angle": -22.5, "axis": "x", "origin": [8, 0.33927, 8.12723]},
			"faces": {
				"north": {"uv": [2.485, 2.765, 2.265, 4.735], "rotation": 180, "texture": "#0"},
				"east": {"uv": [0.015, 4.765, 1.985, 4.985], "rotation": 270, "texture": "#0"},
				"south": {"uv": [2.235, 4.735, 2.015, 2.765], "texture": "#0"},
				"west": {"uv": [2.265, 4.765, 4.235, 4.985], "rotation": 90, "texture": "#0"},
				"up": {"uv": [2.235, 4.985, 2.015, 4.765], "texture": "#0"},
				"down": {"uv": [4.485, 4.985, 4.265, 4.765], "rotation": 180, "texture": "#0"}
			}
		},
		{
			"name": "cuttingboard",
			"from": [4.25, 0.75303, 4.76222],
			"to": [13.25, 6.75303, 5.76222],
			"rotation": {"angle": -45, "axis": "x", "origin": [8, 5.00303, 5.47622]},
			"faces": {
				"north": {"uv": [5.985, 0.015, 3.765, 1.485], "rotation": 180, "texture": "#0"},
				"east": {"uv": [0.015, 1.515, 1.485, 1.735], "rotation": 270, "texture": "#0"},
				"south": {"uv": [3.735, 1.485, 1.515, 0.015], "texture": "#0"},
				"west": {"uv": [3.765, 1.515, 5.235, 1.735], "rotation": 90, "texture": "#0"},
				"up": {"uv": [3.735, 1.735, 1.515, 1.515], "texture": "#0"},
				"down": {"uv": [7.485, 1.735, 5.265, 1.515], "rotation": 180, "texture": "#0"}
			}
		},
		{
			"name": "cuttingboard",
			"from": [2.25, 7.75303, 4.76222],
			"to": [15.25, 8.75303, 5.76222],
			"rotation": {"angle": -45, "axis": "x", "origin": [8, 5.00303, 5.47622]},
			"faces": {
				"north": {"uv": [6.735, 2.265, 3.515, 2.485], "rotation": 180, "texture": "#0"},
				"east": {"uv": [0.015, 2.515, 0.235, 2.735], "rotation": 270, "texture": "#0"},
				"south": {"uv": [3.485, 2.485, 0.265, 2.265], "texture": "#0"},
				"west": {"uv": [3.515, 2.515, 3.735, 2.735], "rotation": 90, "texture": "#0"},
				"up": {"uv": [3.485, 2.735, 0.265, 2.515], "texture": "#0"},
				"down": {"uv": [6.985, 2.735, 3.765, 2.515], "rotation": 180, "texture": "#0"}
			}
		},
		{
			"name": "cuttingboard",
			"from": [3.25, 6.75303, 4.77222],
			"to": [14.25, 7.75303, 5.57222],
			"rotation": {"angle": -45, "axis": "x", "origin": [8, 5.00303, 5.47622]},
			"faces": {
				"north": {"uv": [10.735, 3.265, 8.015, 3.485], "rotation": 180, "texture": "#0"},
				"east": {"uv": [5.015, 3.508, 5.235, 3.508], "rotation": 270, "texture": "#0"},
				"south": {"uv": [7.985, 3.485, 5.265, 3.265], "texture": "#0"},
				"west": {"uv": [8.015, 3.508, 8.235, 3.508], "rotation": 90, "texture": "#0"},
				"up": {"uv": [7.985, 3.508, 5.265, 3.508], "texture": "#0"},
				"down": {"uv": [10.985, 3.508, 8.265, 3.508], "rotation": 180, "texture": "#0"}
			}
		},
		{
			"name": "cuttingboard",
			"from": [3.25, -0.24697, 4.77222],
			"to": [14.25, 0.75303, 5.57222],
			"rotation": {"angle": -45, "axis": "x", "origin": [8, 5.00303, 5.47622]},
			"faces": {
				"north": {"uv": [10.735, 2.765, 8.015, 2.985], "rotation": 180, "texture": "#0"},
				"east": {"uv": [5.015, 3.008, 5.235, 3.008], "rotation": 270, "texture": "#0"},
				"south": {"uv": [7.985, 2.985, 5.265, 2.765], "texture": "#0"},
				"west": {"uv": [8.015, 3.008, 8.235, 3.008], "rotation": 90, "texture": "#0"},
				"up": {"uv": [7.985, 3.008, 5.265, 3.008], "texture": "#0"},
				"down": {"uv": [10.985, 3.008, 8.265, 3.008], "rotation": 180, "texture": "#0"}
			}
		},
		{
			"name": "cuttingboard",
			"from": [13.25, 0.75303, 4.77222],
			"to": [14.25, 6.75303, 5.57222],
			"rotation": {"angle": -45, "axis": "x", "origin": [8, 5.00303, 5.47622]},
			"faces": {
				"north": {"uv": [3.985, 5.265, 3.765, 6.735], "rotation": 180, "texture": "#0"},
				"east": {"uv": [2.015, 6.758, 3.485, 6.758], "rotation": 270, "texture": "#0"},
				"south": {"uv": [3.735, 6.735, 3.515, 5.265], "texture": "#0"},
				"west": {"uv": [3.765, 6.758, 5.235, 6.758], "rotation": 90, "texture": "#0"},
				"up": {"uv": [3.735, 6.758, 3.515, 6.758], "texture": "#0"},
				"down": {"uv": [5.485, 6.758, 5.265, 6.758], "rotation": 180, "texture": "#0"}
			}
		},
		{
			"name": "cuttingboard",
			"from": [3.25, 0.75303, 4.77222],
			"to": [4.25, 6.75303, 5.57222],
			"rotation": {"angle": -45, "axis": "x", "origin": [8, 5.00303, 5.47622]},
			"faces": {
				"north": {"uv": [1.985, 5.015, 1.765, 6.485], "rotation": 180, "texture": "#0"},
				"east": {"uv": [0.015, 6.508, 1.485, 6.508], "rotation": 270, "texture": "#0"},
				"south": {"uv": [1.735, 6.485, 1.515, 5.015], "texture": "#0"},
				"west": {"uv": [1.765, 6.508, 3.235, 6.508], "rotation": 90, "texture": "#0"},
				"up": {"uv": [1.735, 6.508, 1.515, 6.508], "texture": "#0"},
				"down": {"uv": [3.485, 6.508, 3.265, 6.508], "rotation": 180, "texture": "#0"}
			}
		},
		{
			"name": "cuttingboard",
			"from": [2.25, -1.24697, 4.76222],
			"to": [15.25, -0.24697, 5.76222],
			"rotation": {"angle": -45, "axis": "x", "origin": [8, 5.00303, 5.47622]},
			"faces": {
				"north": {"uv": [6.735, 1.765, 3.515, 1.985], "rotation": 180, "texture": "#0"},
				"east": {"uv": [0.015, 2.015, 0.235, 2.235], "rotation": 270, "texture": "#0"},
				"south": {"uv": [3.485, 1.985, 0.265, 1.765], "texture": "#0"},
				"west": {"uv": [3.515, 2.015, 3.735, 2.235], "rotation": 90, "texture": "#0"},
				"up": {"uv": [3.485, 2.235, 0.265, 2.015], "texture": "#0"},
				"down": {"uv": [6.985, 2.235, 3.765, 2.015], "rotation": 180, "texture": "#0"}
			}
		},
		{
			"name": "cuttingboard",
			"from": [2.25, -0.24697, 4.76222],
			"to": [3.25, 7.75303, 5.76222],
			"rotation": {"angle": -45, "axis": "x", "origin": [8, 5.00303, 5.47622]},
			"faces": {
				"north": {"uv": [4.985, 3.015, 4.765, 4.985], "rotation": 180, "texture": "#0"},
				"east": {"uv": [2.515, 5.015, 4.485, 5.235], "rotation": 270, "texture": "#0"},
				"south": {"uv": [4.735, 4.985, 4.515, 3.015], "texture": "#0"},
				"west": {"uv": [4.765, 5.015, 6.735, 5.235], "rotation": 90, "texture": "#0"},
				"up": {"uv": [4.735, 5.235, 4.515, 5.015], "texture": "#0"},
				"down": {"uv": [6.985, 5.235, 6.765, 5.015], "rotation": 180, "texture": "#0"}
			}
		},
		{
			"name": "cuttingboard",
			"from": [0.25, 2.25303, 4.76222],
			"to": [2.25, 5.25303, 5.76222],
			"rotation": {"angle": -45, "axis": "x", "origin": [8, 5.00303, 5.47622]},
			"faces": {
				"north": {"uv": [6.735, 3.765, 6.265, 4.485], "rotation": 180, "texture": "#0"},
				"east": {"uv": [5.015, 4.515, 5.735, 4.735], "rotation": 270, "texture": "#0"},
				"south": {"uv": [6.235, 4.485, 5.765, 3.765], "texture": "#0"},
				"west": {"uv": [6.265, 4.515, 6.985, 4.735], "rotation": 90, "texture": "#0"},
				"up": {"uv": [6.235, 4.735, 5.765, 4.515], "texture": "#0"},
				"down": {"uv": [7.485, 4.735, 7.015, 4.515], "rotation": 180, "texture": "#0"}
			}
		},
		{
			"name": "cuttingboard",
			"from": [14.25, -0.24697, 4.76222],
			"to": [15.25, 7.75303, 5.76222],
			"rotation": {"angle": -45, "axis": "x", "origin": [8, 5.00303, 5.47622]},
			"faces": {
				"north": {"uv": [2.485, 2.765, 2.265, 4.735], "rotation": 180, "texture": "#0"},
				"east": {"uv": [0.015, 4.765, 1.985, 4.985], "rotation": 270, "texture": "#0"},
				"south": {"uv": [2.235, 4.735, 2.015, 2.765], "texture": "#0"},
				"west": {"uv": [2.265, 4.765, 4.235, 4.985], "rotation": 90, "texture": "#0"},
				"up": {"uv": [2.235, 4.985, 2.015, 4.765], "texture": "#0"},
				"down": {"uv": [4.485, 4.985, 4.265, 4.765], "rotation": 180, "texture": "#0"}
			}
		}
	],
	"display": {
		"thirdperson_righthand": {
			"rotation": [170.14, -40.92, 89.59],
			"translation": [-6.25, 5.75, 5.25]
		},
		"ground": {
			"translation": [0, 3.75, 0]
		},
		"gui": {
			"rotation": [-180, -57.5, -180],
			"translation": [1.75, 0, 0]
		},
		"fixed": {
			"rotation": [-90, 0, 0],
			"translation": [0, 0, -15],
			"scale": [2, 2, 2]
		}
	},
	"groups": [
		{
			"name": "cuttingboard",
			"origin": [0, 4.79256, -5.63637],
			"color": 0,
			"children": [0, 1, 2, 3, 4, 5, 6, 7, 8, 9]
		},
		{
			"name": "cuttingboard",
			"origin": [0, 4.79256, -5.63637],
			"color": 0,
			"children": [10, 11, 12, 13, 14, 15, 16, 17, 18, 19]
		}
	]
}