{
	"credit": "Made with Blockbench",
	"texture_size": [64, 64],
	"textures": {
		"0": "block/cuttingboard1a"
	},
	"elements": [
		{
			"name": "cuttingboard1",
			"from": [4.25, 1.77887, 1.95344],
			"to": [13.25, 7.77887, 2.95344],
			"rotation": {"angle": -22.5, "axis": "x", "origin": [8, 4.77887, 2.41744]},
			"faces": {
				"north": {"uv": [5.992, 0.008, 3.758, 1.492], "rotation": 180, "texture": "#0"},
				"east": {"uv": [0.008, 1.508, 1.492, 1.742], "rotation": 270, "texture": "#0"},
				"south": {"uv": [3.742, 1.492, 1.508, 0.008], "texture": "#0"},
				"west": {"uv": [3.758, 1.508, 5.242, 1.742], "rotation": 90, "texture": "#0"},
				"up": {"uv": [1.508, 1.508, 3.742, 1.742], "rotation": 180, "texture": "#0"},
				"down": {"uv": [5.258, 1.508, 7.492, 1.742], "texture": "#0"}
			}
		},
		{
			"name": "cuttingboard1",
			"from": [2.25, 8.77887, 1.95344],
			"to": [15.25, 9.77887, 2.95344],
			"rotation": {"angle": -22.5, "axis": "x", "origin": [8, 4.77887, 2.41744]},
			"faces": {
				"north": {"uv": [6.742, 2.258, 3.508, 2.492], "rotation": 180, "texture": "#0"},
				"east": {"uv": [0.008, 2.508, 0.242, 2.742], "rotation": 270, "texture": "#0"},
				"south": {"uv": [3.492, 2.492, 0.258, 2.258], "texture": "#0"},
				"west": {"uv": [3.508, 2.508, 3.742, 2.742], "rotation": 90, "texture": "#0"},
				"up": {"uv": [0.258, 2.508, 3.492, 2.742], "rotation": 180, "texture": "#0"},
				"down": {"uv": [3.758, 2.508, 6.992, 2.742], "texture": "#0"}
			}
		},
		{
			"name": "cuttingboard1",
			"from": [3.25, 7.77887, 1.96344],
			"to": [14.25, 8.77887, 2.76344],
			"rotation": {"angle": -22.5, "axis": "x", "origin": [8, 4.77887, 2.41744]},
			"faces": {
				"north": {"uv": [10.492, 3.008, 7.758, 3.242], "rotation": 180, "texture": "#0"},
				"east": {"uv": [4.758, 3.242, 4.992, 3.242], "rotation": 270, "texture": "#0"},
				"south": {"uv": [7.742, 3.242, 5.008, 3.008], "texture": "#0"},
				"west": {"uv": [7.758, 3.242, 7.992, 3.242], "rotation": 90, "texture": "#0"},
				"up": {"uv": [5.008, 3.242, 7.742, 3.242], "rotation": 180, "texture": "#0"},
				"down": {"uv": [8.008, 3.242, 10.742, 3.242], "texture": "#0"}
			}
		},
		{
			"name": "cuttingboard1",
			"from": [3.25, 0.77887, 1.96344],
			"to": [14.25, 1.77887, 2.76344],
			"rotation": {"angle": -22.5, "axis": "x", "origin": [8, 4.77887, 2.41744]},
			"faces": {
				"north": {"uv": [7.992, 2.758, 5.258, 2.992], "rotation": 180, "texture": "#0"},
				"east": {"uv": [2.258, 2.992, 2.492, 2.992], "rotation": 270, "texture": "#0"},
				"south": {"uv": [5.242, 2.992, 2.508, 2.758], "texture": "#0"},
				"west": {"uv": [5.258, 2.992, 5.492, 2.992], "rotation": 90, "texture": "#0"},
				"up": {"uv": [2.508, 2.992, 5.242, 2.992], "rotation": 180, "texture": "#0"},
				"down": {"uv": [5.508, 2.992, 8.242, 2.992], "texture": "#0"}
			}
		},
		{
			"name": "cuttingboard1",
			"from": [13.25, 1.77887, 1.96344],
			"to": [14.25, 7.77887, 2.76344],
			"rotation": {"angle": -22.5, "axis": "x", "origin": [8, 4.77887, 2.41744]},
			"faces": {
				"north": {"uv": [2.992, 3.008, 2.758, 4.492], "rotation": 180, "texture": "#0"},
				"east": {"uv": [1.008, 4.492, 2.492, 4.492], "rotation": 270, "texture": "#0"},
				"south": {"uv": [2.742, 4.492, 2.508, 3.008], "texture": "#0"},
				"west": {"uv": [2.758, 4.492, 4.242, 4.492], "rotation": 90, "texture": "#0"},
				"up": {"uv": [2.508, 4.492, 2.742, 4.492], "rotation": 180, "texture": "#0"},
				"down": {"uv": [4.258, 4.492, 4.492, 4.492], "texture": "#0"}
			}
		},
		{
			"name": "cuttingboard1",
			"from": [3.25, 1.77887, 1.96344],
			"to": [4.25, 7.77887, 2.76344],
			"rotation": {"angle": -22.5, "axis": "x", "origin": [8, 4.77887, 2.41744]},
			"faces": {
				"north": {"uv": [1.992, 2.758, 1.758, 4.242], "rotation": 180, "texture": "#0"},
				"east": {"uv": [0.008, 4.242, 1.492, 4.242], "rotation": 270, "texture": "#0"},
				"south": {"uv": [1.742, 4.242, 1.508, 2.758], "texture": "#0"},
				"west": {"uv": [1.758, 4.242, 3.242, 4.242], "rotation": 90, "texture": "#0"},
				"up": {"uv": [1.508, 4.242, 1.742, 4.242], "rotation": 180, "texture": "#0"},
				"down": {"uv": [3.258, 4.242, 3.492, 4.242], "texture": "#0"}
			}
		},
		{
			"name": "cuttingboard1",
			"from": [2.25, -0.22113, 1.95344],
			"to": [15.25, 0.77887, 2.95344],
			"rotation": {"angle": -22.5, "axis": "x", "origin": [8, 4.77887, 2.41744]},
			"faces": {
				"north": {"uv": [6.742, 1.758, 3.508, 1.992], "rotation": 180, "texture": "#0"},
				"east": {"uv": [0.008, 2.008, 0.242, 2.242], "rotation": 270, "texture": "#0"},
				"south": {"uv": [3.492, 1.992, 0.258, 1.758], "texture": "#0"},
				"west": {"uv": [3.508, 2.008, 3.742, 2.242], "rotation": 90, "texture": "#0"},
				"up": {"uv": [0.258, 2.008, 3.492, 2.242], "rotation": 180, "texture": "#0"},
				"down": {"uv": [3.758, 2.008, 6.992, 2.242], "texture": "#0"}
			}
		},
		{
			"name": "cuttingboard1",
			"from": [2.25, 0.77887, 1.95344],
			"to": [3.25, 8.77887, 2.95344],
			"rotation": {"angle": -22.5, "axis": "x", "origin": [8, 4.77887, 2.41744]},
			"faces": {
				"north": {"uv": [4.992, 3.008, 4.758, 4.992], "rotation": 180, "texture": "#0"},
				"east": {"uv": [2.508, 5.008, 4.492, 5.242], "rotation": 270, "texture": "#0"},
				"south": {"uv": [4.742, 4.992, 4.508, 3.008], "texture": "#0"},
				"west": {"uv": [4.758, 5.008, 6.742, 5.242], "rotation": 90, "texture": "#0"},
				"up": {"uv": [4.508, 5.008, 4.742, 5.242], "rotation": 180, "texture": "#0"},
				"down": {"uv": [6.758, 5.008, 6.992, 5.242], "texture": "#0"}
			}
		},
		{
			"name": "cuttingboard1",
			"from": [0.25, 3.27887, 1.95344],
			"to": [2.25, 6.27887, 2.95344],
			"rotation": {"angle": -22.5, "axis": "x", "origin": [8, 4.77887, 2.41744]},
			"faces": {
				"north": {"uv": [1.742, 5.008, 1.258, 5.742], "rotation": 180, "texture": "#0"},
				"east": {"uv": [0.008, 5.758, 0.742, 5.992], "rotation": 270, "texture": "#0"},
				"south": {"uv": [1.242, 5.742, 0.758, 5.008], "texture": "#0"},
				"west": {"uv": [1.258, 5.758, 1.992, 5.992], "rotation": 90, "texture": "#0"},
				"up": {"uv": [0.758, 5.758, 1.242, 5.992], "rotation": 180, "texture": "#0"},
				"down": {"uv": [2.008, 5.758, 2.492, 5.992], "texture": "#0"}
			}
		},
		{
			"name": "cuttingboard1",
			"from": [14.25, 0.77887, 1.95344],
			"to": [15.25, 8.77887, 2.95344],
			"rotation": {"angle": -22.5, "axis": "x", "origin": [8, 4.77887, 2.41744]},
			"faces": {
				"north": {"uv": [2.492, 2.758, 2.258, 4.742], "rotation": 180, "texture": "#0"},
				"east": {"uv": [0.008, 4.758, 1.992, 4.992], "rotation": 270, "texture": "#0"},
				"south": {"uv": [2.242, 4.742, 2.008, 2.758], "texture": "#0"},
				"west": {"uv": [2.258, 4.758, 4.242, 4.992], "rotation": 90, "texture": "#0"},
				"up": {"uv": [2.008, 4.758, 2.242, 4.992], "rotation": 180, "texture": "#0"},
				"down": {"uv": [4.258, 4.758, 4.492, 4.992], "texture": "#0"}
			}
		},
		{
			"name": "cuttingboard2",
			"from": [4.25, 0.89967, 5.5641],
			"to": [13.25, 6.89967, 6.5641],
			"rotation": {"angle": -45, "axis": "x", "origin": [8, 3.89967, 6.0281]},
			"faces": {
				"north": {"uv": [5.992, 0.008, 3.758, 1.492], "rotation": 180, "texture": "#0"},
				"east": {"uv": [0.008, 1.508, 1.492, 1.742], "rotation": 270, "texture": "#0"},
				"south": {"uv": [3.742, 1.492, 1.508, 0.008], "texture": "#0"},
				"west": {"uv": [3.758, 1.508, 5.242, 1.742], "rotation": 90, "texture": "#0"},
				"up": {"uv": [1.508, 1.508, 3.742, 1.742], "rotation": 180, "texture": "#0"},
				"down": {"uv": [5.258, 1.508, 7.492, 1.742], "texture": "#0"}
			}
		},
		{
			"name": "cuttingboard2",
			"from": [2.25, 7.89967, 5.5641],
			"to": [15.25, 8.89967, 6.5641],
			"rotation": {"angle": -45, "axis": "x", "origin": [8, 3.89967, 6.0281]},
			"faces": {
				"north": {"uv": [6.742, 2.258, 3.508, 2.492], "rotation": 180, "texture": "#0"},
				"east": {"uv": [0.008, 2.508, 0.242, 2.742], "rotation": 270, "texture": "#0"},
				"south": {"uv": [3.492, 2.492, 0.258, 2.258], "texture": "#0"},
				"west": {"uv": [3.508, 2.508, 3.742, 2.742], "rotation": 90, "texture": "#0"},
				"up": {"uv": [0.258, 2.508, 3.492, 2.742], "rotation": 180, "texture": "#0"},
				"down": {"uv": [3.758, 2.508, 6.992, 2.742], "texture": "#0"}
			}
		},
		{
			"name": "cuttingboard2",
			"from": [3.25, 6.89967, 5.5741],
			"to": [14.25, 7.89967, 6.3741],
			"rotation": {"angle": -45, "axis": "x", "origin": [8, 3.89967, 6.0281]},
			"faces": {
				"north": {"uv": [10.492, 3.008, 7.758, 3.242], "rotation": 180, "texture": "#0"},
				"east": {"uv": [4.758, 3.242, 4.992, 3.242], "rotation": 270, "texture": "#0"},
				"south": {"uv": [7.742, 3.242, 5.008, 3.008], "texture": "#0"},
				"west": {"uv": [7.758, 3.242, 7.992, 3.242], "rotation": 90, "texture": "#0"},
				"up": {"uv": [5.008, 3.242, 7.742, 3.242], "rotation": 180, "texture": "#0"},
				"down": {"uv": [8.008, 3.242, 10.742, 3.242], "texture": "#0"}
			}
		},
		{
			"name": "cuttingboard2",
			"from": [3.25, -0.10033, 5.5741],
			"to": [14.25, 0.89967, 6.3741],
			"rotation": {"angle": -45, "axis": "x", "origin": [8, 3.89967, 6.0281]},
			"faces": {
				"north": {"uv": [7.992, 2.758, 5.258, 2.992], "rotation": 180, "texture": "#0"},
				"east": {"uv": [2.258, 2.992, 2.492, 2.992], "rotation": 270, "texture": "#0"},
				"south": {"uv": [5.242, 2.992, 2.508, 2.758], "texture": "#0"},
				"west": {"uv": [5.258, 2.992, 5.492, 2.992], "rotation": 90, "texture": "#0"},
				"up": {"uv": [2.508, 2.992, 5.242, 2.992], "rotation": 180, "texture": "#0"},
				"down": {"uv": [5.508, 2.992, 8.242, 2.992], "texture": "#0"}
			}
		},
		{
			"name": "cuttingboard2",
			"from": [13.25, 0.89967, 5.5741],
			"to": [14.25, 6.89967, 6.3741],
			"rotation": {"angle": -45, "axis": "x", "origin": [8, 3.89967, 6.0281]},
			"faces": {
				"north": {"uv": [2.992, 3.008, 2.758, 4.492], "rotation": 180, "texture": "#0"},
				"east": {"uv": [1.008, 4.492, 2.492, 4.492], "rotation": 270, "texture": "#0"},
				"south": {"uv": [2.742, 4.492, 2.508, 3.008], "texture": "#0"},
				"west": {"uv": [2.758, 4.492, 4.242, 4.492], "rotation": 90, "texture": "#0"},
				"up": {"uv": [2.508, 4.492, 2.742, 4.492], "rotation": 180, "texture": "#0"},
				"down": {"uv": [4.258, 4.492, 4.492, 4.492], "texture": "#0"}
			}
		},
		{
			"name": "cuttingboard2",
			"from": [3.25, 0.89967, 5.5741],
			"to": [4.25, 6.89967, 6.3741],
			"rotation": {"angle": -45, "axis": "x", "origin": [8, 3.89967, 6.0281]},
			"faces": {
				"north": {"uv": [1.992, 2.758, 1.758, 4.242], "rotation": 180, "texture": "#0"},
				"east": {"uv": [0.008, 4.242, 1.492, 4.242], "rotation": 270, "texture": "#0"},
				"south": {"uv": [1.742, 4.242, 1.508, 2.758], "texture": "#0"},
				"west": {"uv": [1.758, 4.242, 3.242, 4.242], "rotation": 90, "texture": "#0"},
				"up": {"uv": [1.508, 4.242, 1.742, 4.242], "rotation": 180, "texture": "#0"},
				"down": {"uv": [3.258, 4.242, 3.492, 4.242], "texture": "#0"}
			}
		},
		{
			"name": "cuttingboard2",
			"from": [2.25, -1.10033, 5.5641],
			"to": [15.25, -0.10033, 6.5641],
			"rotation": {"angle": -45, "axis": "x", "origin": [8, 3.89967, 6.0281]},
			"faces": {
				"north": {"uv": [6.742, 1.758, 3.508, 1.992], "rotation": 180, "texture": "#0"},
				"east": {"uv": [0.008, 2.008, 0.242, 2.242], "rotation": 270, "texture": "#0"},
				"south": {"uv": [3.492, 1.992, 0.258, 1.758], "texture": "#0"},
				"west": {"uv": [3.508, 2.008, 3.742, 2.242], "rotation": 90, "texture": "#0"},
				"up": {"uv": [0.258, 2.008, 3.492, 2.242], "rotation": 180, "texture": "#0"},
				"down": {"uv": [3.758, 2.008, 6.992, 2.242], "texture": "#0"}
			}
		},
		{
			"name": "cuttingboard2",
			"from": [2.25, -0.10033, 5.5641],
			"to": [3.25, 7.89967, 6.5641],
			"rotation": {"angle": -45, "axis": "x", "origin": [8, 3.89967, 6.0281]},
			"faces": {
				"north": {"uv": [4.992, 3.008, 4.758, 4.992], "rotation": 180, "texture": "#0"},
				"east": {"uv": [2.508, 5.008, 4.492, 5.242], "rotation": 270, "texture": "#0"},
				"south": {"uv": [4.742, 4.992, 4.508, 3.008], "texture": "#0"},
				"west": {"uv": [4.758, 5.008, 6.742, 5.242], "rotation": 90, "texture": "#0"},
				"up": {"uv": [4.508, 5.008, 4.742, 5.242], "rotation": 180, "texture": "#0"},
				"down": {"uv": [6.758, 5.008, 6.992, 5.242], "texture": "#0"}
			}
		},
		{
			"name": "cuttingboard2",
			"from": [0.25, 2.39967, 5.5641],
			"to": [2.25, 5.39967, 6.5641],
			"rotation": {"angle": -45, "axis": "x", "origin": [8, 3.89967, 6.0281]},
			"faces": {
				"north": {"uv": [1.742, 5.008, 1.258, 5.742], "rotation": 180, "texture": "#0"},
				"east": {"uv": [0.008, 5.758, 0.742, 5.992], "rotation": 270, "texture": "#0"},
				"south": {"uv": [1.242, 5.742, 0.758, 5.008], "texture": "#0"},
				"west": {"uv": [1.258, 5.758, 1.992, 5.992], "rotation": 90, "texture": "#0"},
				"up": {"uv": [0.758, 5.758, 1.242, 5.992], "rotation": 180, "texture": "#0"},
				"down": {"uv": [2.008, 5.758, 2.492, 5.992], "texture": "#0"}
			}
		},
		{
			"name": "cuttingboard2",
			"from": [14.25, -0.10033, 5.5641],
			"to": [15.25, 7.89967, 6.5641],
			"rotation": {"angle": -45, "axis": "x", "origin": [8, 3.89967, 6.0281]},
			"faces": {
				"north": {"uv": [2.492, 2.758, 2.258, 4.742], "rotation": 180, "texture": "#0"},
				"east": {"uv": [0.008, 4.758, 1.992, 4.992], "rotation": 270, "texture": "#0"},
				"south": {"uv": [2.242, 4.742, 2.008, 2.758], "texture": "#0"},
				"west": {"uv": [2.258, 4.758, 4.242, 4.992], "rotation": 90, "texture": "#0"},
				"up": {"uv": [2.008, 4.758, 2.242, 4.992], "rotation": 180, "texture": "#0"},
				"down": {"uv": [4.258, 4.758, 4.492, 4.992], "texture": "#0"}
			}
		}
	],
	"display": {
		"thirdperson_righthand": {
			"rotation": [-5.09, -43.74, -88.75],
			"translation": [-6.25, 5.75, 5.25]
		},
		"ground": {
			"translation": [0, 3.75, 0]
		},
		"gui": {
			"rotation": [0, 57.5, 0],
			"translation": [1.75, 0, 0]
		},
		"fixed": {
			"rotation": [-90, 0, 0],
			"translation": [0, 0, -15],
			"scale": [2, 2, 2]
		}
	},
	"groups": [
		{
			"name": "cuttingboard1",
			"origin": [0, 4.7926, -6.6364],
			"color": 0,
			"children": [0, 1, 2, 3, 4, 5, 6, 7, 8, 9]
		},
		{
			"name": "cuttingboard2",
			"origin": [0, 4.7926, -1.6364],
			"color": 1,
			"children": [10, 11, 12, 13, 14, 15, 16, 17, 18, 19]
		}
	]
}