{
	"credit": "Made with Blockbench",
	"textures": {
		"0": "block/cuttingboard2",
		"1": "block/Hananacraft archive/basket_laundry_bottom",
		"particle": "block/Hananacraft archive/basket_laundry_bottom"
	},
	"elements": [
		{
			"name": "cuttingboard",
			"from": [4.25, 0, 5],
			"to": [13.25, 1, 11],
			"faces": {
				"north": {"uv": [0.7575, 8.7575, 1.8675, 8.8675], "texture": "#0"},
				"east": {"uv": [0.0075, 8.7575, 0.7425, 8.8675], "texture": "#0"},
				"south": {"uv": [2.6325, 8.7575, 3.7425, 8.8675], "texture": "#0"},
				"west": {"uv": [1.8825, 8.7575, 2.6175, 8.8675], "texture": "#0"},
				"up": {"uv": [1.8675, 8.7425, 0.7575, 8.0075], "texture": "#0"},
				"down": {"uv": [2.9925, 8.0075, 1.8825, 8.7425], "texture": "#0"}
			}
		},
		{
			"name": "cuttingboard",
			"from": [2.25, 0, 3],
			"to": [15.25, 1, 4],
			"faces": {
				"north": {"uv": [0.1325, 9.2575, 1.7425, 9.3675], "texture": "#0"},
				"east": {"uv": [0.0075, 9.2575, 0.1175, 9.3675], "texture": "#0"},
				"south": {"uv": [1.8825, 9.2575, 3.4925, 9.3675], "texture": "#0"},
				"west": {"uv": [1.7575, 9.2575, 1.8675, 9.3675], "texture": "#0"},
				"up": {"uv": [1.7425, 9.2425, 0.1325, 9.1325], "texture": "#0"},
				"down": {"uv": [3.3675, 9.1325, 1.7575, 9.2425], "texture": "#0"}
			}
		},
		{
			"name": "cuttingboard",
			"from": [3.25, 0.01, 4],
			"to": [14.25, 0.81, 5],
			"faces": {
				"north": {"uv": [2.6325, 9.7575, 3.9925, 9.7375], "texture": "#0"},
				"east": {"uv": [2.5075, 9.7575, 2.6175, 9.7375], "texture": "#0"},
				"south": {"uv": [4.1325, 9.7575, 5.4925, 9.7375], "texture": "#0"},
				"west": {"uv": [4.0075, 9.7575, 4.1175, 9.7375], "texture": "#0"},
				"up": {"uv": [3.9925, 9.7425, 2.6325, 9.6325], "texture": "#0"},
				"down": {"uv": [5.3675, 9.6325, 4.0075, 9.7425], "texture": "#0"}
			}
		},
		{
			"name": "cuttingboard",
			"from": [3.25, 0.01, 11],
			"to": [14.25, 0.81, 12],
			"faces": {
				"north": {"uv": [2.6325, 9.5075, 3.9925, 9.4875], "texture": "#0"},
				"east": {"uv": [2.5075, 9.5075, 2.6175, 9.4875], "texture": "#0"},
				"south": {"uv": [4.1325, 9.5075, 5.4925, 9.4875], "texture": "#0"},
				"west": {"uv": [4.0075, 9.5075, 4.1175, 9.4875], "texture": "#0"},
				"up": {"uv": [3.9925, 9.4925, 2.6325, 9.3825], "texture": "#0"},
				"down": {"uv": [5.3675, 9.3825, 4.0075, 9.4925], "texture": "#0"}
			}
		},
		{
			"name": "cuttingboard",
			"from": [13.25, 0.01, 5],
			"to": [14.25, 0.81, 11],
			"faces": {
				"north": {"uv": [1.7575, 11.3825, 1.8675, 11.3625], "texture": "#0"},
				"east": {"uv": [1.0075, 11.3825, 1.7425, 11.3625], "texture": "#0"},
				"south": {"uv": [2.6325, 11.3825, 2.7425, 11.3625], "texture": "#0"},
				"west": {"uv": [1.8825, 11.3825, 2.6175, 11.3625], "texture": "#0"},
				"up": {"uv": [1.8675, 11.3675, 1.7575, 10.6325], "texture": "#0"},
				"down": {"uv": [1.9925, 10.6325, 1.8825, 11.3675], "texture": "#0"}
			}
		},
		{
			"name": "cuttingboard",
			"from": [3.25, 0.01, 5],
			"to": [4.25, 0.81, 11],
			"faces": {
				"north": {"uv": [0.7575, 11.2575, 0.8675, 11.2375], "texture": "#0"},
				"east": {"uv": [0.0075, 11.2575, 0.7425, 11.2375], "texture": "#0"},
				"south": {"uv": [1.6325, 11.2575, 1.7425, 11.2375], "texture": "#0"},
				"west": {"uv": [0.8825, 11.2575, 1.6175, 11.2375], "texture": "#0"},
				"up": {"uv": [0.8675, 11.2425, 0.7575, 10.5075], "texture": "#0"},
				"down": {"uv": [0.9925, 10.5075, 0.8825, 11.2425], "texture": "#0"}
			}
		},
		{
			"name": "cuttingboard",
			"from": [2.25, 0, 12],
			"to": [15.25, 1, 13],
			"faces": {
				"north": {"uv": [0.1325, 9.0075, 1.7425, 9.1175], "texture": "#0"},
				"east": {"uv": [0.0075, 9.0075, 0.1175, 9.1175], "texture": "#0"},
				"south": {"uv": [1.8825, 9.0075, 3.4925, 9.1175], "texture": "#0"},
				"west": {"uv": [1.7575, 9.0075, 1.8675, 9.1175], "texture": "#0"},
				"up": {"uv": [1.7425, 8.9925, 0.1325, 8.8825], "texture": "#0"},
				"down": {"uv": [3.3675, 8.8825, 1.7575, 8.9925], "texture": "#0"}
			}
		},
		{
			"name": "cuttingboard",
			"from": [2.25, 0, 4],
			"to": [3.25, 1, 12],
			"faces": {
				"north": {"uv": [2.2575, 10.5075, 2.3675, 10.6175], "texture": "#0"},
				"east": {"uv": [1.2575, 10.5075, 2.2425, 10.6175], "texture": "#0"},
				"south": {"uv": [3.3825, 10.5075, 3.4925, 10.6175], "texture": "#0"},
				"west": {"uv": [2.3825, 10.5075, 3.3675, 10.6175], "texture": "#0"},
				"up": {"uv": [2.3675, 10.4925, 2.2575, 9.5075], "texture": "#0"},
				"down": {"uv": [2.4925, 9.5075, 2.3825, 10.4925], "texture": "#0"}
			}
		},
		{
			"name": "cuttingboard",
			"from": [0.25, 0, 6.5],
			"to": [2.25, 1, 9.5],
			"faces": {
				"north": {"uv": [2.8825, 10.2575, 3.1175, 10.3675], "texture": "#0"},
				"east": {"uv": [2.5075, 10.2575, 2.8675, 10.3675], "texture": "#0"},
				"south": {"uv": [3.5075, 10.2575, 3.7425, 10.3675], "texture": "#0"},
				"west": {"uv": [3.1325, 10.2575, 3.4925, 10.3675], "texture": "#0"},
				"up": {"uv": [3.1175, 10.2425, 2.8825, 9.8825], "texture": "#0"},
				"down": {"uv": [3.3675, 9.8825, 3.1325, 10.2425], "texture": "#0"}
			}
		},
		{
			"name": "cuttingboard",
			"from": [14.25, 0, 4],
			"to": [15.25, 1, 12],
			"faces": {
				"north": {"uv": [1.0075, 10.3825, 1.1175, 10.4925], "texture": "#0"},
				"east": {"uv": [0.0075, 10.3825, 0.9925, 10.4925], "texture": "#0"},
				"south": {"uv": [2.1325, 10.3825, 2.2425, 10.4925], "texture": "#0"},
				"west": {"uv": [1.1325, 10.3825, 2.1175, 10.4925], "texture": "#0"},
				"up": {"uv": [1.1175, 10.3675, 1.0075, 9.3825], "texture": "#0"},
				"down": {"uv": [1.2425, 9.3825, 1.1325, 10.3675], "texture": "#0"}
			}
		},
		{
			"name": "group",
			"from": [6.91174, 1.1, 10.36682],
			"to": [8.41174, 2.1, 14.36682],
			"rotation": {"angle": -45, "axis": "y", "origin": [8.89428, 1.46667, 8.20706]},
			"faces": {
				"north": {"uv": [14.06, 1.06, 14.94, 1.94], "texture": "#1"},
				"east": {"uv": [10.06, 14.06, 12.94, 14.94], "texture": "#1"},
				"south": {"uv": [10.06, 14.06, 10.94, 14.94], "texture": "#1"},
				"west": {"uv": [10.06, 14.06, 12.94, 14.94], "texture": "#1"},
				"up": {"uv": [14.06, 1.06, 14.94, 3.94], "texture": "#1"},
				"down": {"uv": [14.06, 1.06, 14.94, 3.94], "texture": "#1"}
			}
		},
		{
			"name": "group",
			"from": [6.91174, 1.6, 3.36682],
			"to": [8.91174, 1.6, 10.36682],
			"rotation": {"angle": -45, "axis": "y", "origin": [8.89428, 1.46667, 8.20706]},
			"faces": {
				"north": {"uv": [0.0075, 0.0075, -0.0125, -0.0125], "texture": "#0"},
				"east": {"uv": [0.0075, 0.0075, -0.0125, -0.0125], "texture": "#0"},
				"south": {"uv": [0.0075, 0.0075, -0.0125, -0.0125], "texture": "#0"},
				"west": {"uv": [0.0075, 0.0075, -0.0125, -0.0125], "texture": "#0"},
				"up": {"uv": [8.0075, 0.0075, 8.9925, 3.4925], "texture": "#0"},
				"down": {"uv": [8.0075, 3.4925, 8.9925, 0.0075], "texture": "#0"}
			}
		},
		{
			"name": "group",
			"from": [7.0823, 1.2, 2.47139],
			"to": [14.0823, 1.2, 9.47139],
			"rotation": {"angle": -22.5, "axis": "y", "origin": [8.89428, 1.46667, 8.20706]},
			"faces": {
				"north": {"uv": [0.0075, 0.0075, -0.0125, -0.0125], "texture": "#0"},
				"east": {"uv": [0.0075, 0.0075, -0.0125, -0.0125], "texture": "#0"},
				"south": {"uv": [0.0075, 0.0075, -0.0125, -0.0125], "texture": "#0"},
				"west": {"uv": [0.0075, 0.0075, -0.0125, -0.0125], "texture": "#0"},
				"up": {"uv": [1.5075, 1.5075, 6.4925, 6.4925], "texture": "#0"},
				"down": {"uv": [1.5075, 1.5075, 6.4925, 6.4925], "texture": "#0"}
			}
		}
	],
	"display": {
		"thirdperson_righthand": {
			"rotation": [65, 0, 0],
			"translation": [-6.5, 6, 6]
		},
		"firstperson_righthand": {
			"translation": [-8.5, 0.25, -11.5]
		},
		"ground": {
			"translation": [0, 4, 0]
		},
		"gui": {
			"rotation": [52.25, 0, 0],
			"translation": [0, 4.25, 0]
		},
		"fixed": {
			"rotation": [-90, 0, 0],
			"translation": [0, 0, -15],
			"scale": [2, 2, 2]
		}
	},
	"groups": [
		{
			"name": "cuttingboard",
			"origin": [0, 0.464, 0],
			"color": 0,
			"children": [
				0,
				1,
				2,
				3,
				4,
				5,
				6,
				7,
				8,
				9,
				{
					"name": "group",
					"origin": [4.125, 1.5, 8.25],
					"color": 1,
					"children": [10, 11, 12]
				}
			]
		}
	]
}