{
	"credit": "Made with Blockbench",
	"textures": {
		"0": "block/stripped_oak_log",
		"1": "block/basket_orange_d",
		"particle": "block/stripped_oak_log"
	},
	"elements": [
		{
			"from": [1, 0, 11],
			"to": [7, 1, 15],
			"rotation": {"angle": 0, "axis": "y", "origin": [13, 8, 17]},
			"faces": {
				"north": {"uv": [1, 11, 7, 12], "rotation": 180, "texture": "#0"},
				"east": {"uv": [6, 11, 7, 15], "rotation": 90, "texture": "#0"},
				"south": {"uv": [1, 14, 7, 15], "texture": "#0"},
				"west": {"uv": [1, 11, 2, 15], "rotation": 270, "texture": "#0"},
				"up": {"uv": [1, 11, 7, 15], "texture": "#0"},
				"down": {"uv": [9, 11, 15, 15], "rotation": 180, "texture": "#0"}
			}
		},
		{
			"from": [1, 0, 3],
			"to": [7, 1, 7],
			"rotation": {"angle": 0, "axis": "y", "origin": [13, 8, 9]},
			"faces": {
				"north": {"uv": [1, 3, 7, 4], "rotation": 180, "texture": "#0"},
				"east": {"uv": [6, 3, 7, 7], "rotation": 90, "texture": "#0"},
				"south": {"uv": [1, 6, 7, 7], "texture": "#0"},
				"west": {"uv": [1, 3, 2, 7], "rotation": 270, "texture": "#0"},
				"up": {"uv": [1, 3, 7, 7], "texture": "#0"},
				"down": {"uv": [9, 3, 15, 7], "rotation": 180, "texture": "#0"}
			}
		},
		{
			"from": [9, 0, 3],
			"to": [15, 1, 7],
			"rotation": {"angle": 0, "axis": "y", "origin": [21, 8, 9]},
			"faces": {
				"north": {"uv": [9, 3, 15, 4], "rotation": 180, "texture": "#0"},
				"east": {"uv": [14, 3, 15, 7], "rotation": 90, "texture": "#0"},
				"south": {"uv": [9, 6, 15, 7], "texture": "#0"},
				"west": {"uv": [9, 3, 10, 7], "rotation": 270, "texture": "#0"},
				"up": {"uv": [9, 3, 15, 7], "texture": "#0"},
				"down": {"uv": [1, 3, 7, 7], "rotation": 180, "texture": "#0"}
			}
		},
		{
			"from": [9, 0, 11],
			"to": [15, 1, 15],
			"rotation": {"angle": 0, "axis": "y", "origin": [21, 8, 17]},
			"faces": {
				"north": {"uv": [9, 11, 15, 12], "rotation": 180, "texture": "#0"},
				"east": {"uv": [14, 11, 15, 15], "rotation": 90, "texture": "#0"},
				"south": {"uv": [9, 14, 15, 15], "texture": "#0"},
				"west": {"uv": [9, 11, 10, 15], "rotation": 270, "texture": "#0"},
				"up": {"uv": [9, 11, 15, 15], "texture": "#0"},
				"down": {"uv": [1, 11, 7, 15], "rotation": 180, "texture": "#0"}
			}
		},
		{
			"from": [1, 0, 9],
			"to": [3, 1, 10],
			"rotation": {"angle": 0, "axis": "y", "origin": [12, 8, 16]},
			"faces": {
				"north": {"uv": [1, 9, 3, 10], "rotation": 180, "texture": "#0"},
				"east": {"uv": [2, 9, 3, 10], "texture": "#0"},
				"west": {"uv": [1, 9, 2, 10], "texture": "#0"},
				"up": {"uv": [1, 9, 3, 10], "texture": "#0"},
				"down": {"uv": [13, 9, 15, 10], "texture": "#0"}
			}
		},
		{
			"from": [1, 0, 1],
			"to": [3, 1, 2],
			"rotation": {"angle": 0, "axis": "y", "origin": [12, 8, 8]},
			"faces": {
				"north": {"uv": [1, 1, 3, 2], "rotation": 180, "texture": "#0"},
				"east": {"uv": [2, 1, 3, 2], "texture": "#0"},
				"west": {"uv": [1, 1, 2, 2], "texture": "#0"},
				"up": {"uv": [1, 1, 3, 2], "texture": "#0"},
				"down": {"uv": [13, 1, 15, 2], "texture": "#0"}
			}
		},
		{
			"from": [9, 0, 1],
			"to": [11, 1, 2],
			"rotation": {"angle": 0, "axis": "y", "origin": [20, 8, 8]},
			"faces": {
				"north": {"uv": [9, 1, 11, 2], "rotation": 180, "texture": "#0"},
				"east": {"uv": [11, 1, 12, 2], "texture": "#0"},
				"west": {"uv": [9, 1, 10, 2], "texture": "#0"},
				"up": {"uv": [9, 1, 11, 2], "texture": "#0"},
				"down": {"uv": [5, 1, 7, 2], "texture": "#0"}
			}
		},
		{
			"from": [9, 0, 9],
			"to": [11, 1, 10],
			"rotation": {"angle": 0, "axis": "y", "origin": [20, 8, 16]},
			"faces": {
				"north": {"uv": [9, 9, 11, 10], "rotation": 180, "texture": "#0"},
				"east": {"uv": [10, 9, 11, 10], "texture": "#0"},
				"west": {"uv": [9, 9, 10, 10], "texture": "#0"},
				"up": {"uv": [9, 9, 11, 10], "texture": "#0"},
				"down": {"uv": [5, 9, 7, 10], "texture": "#0"}
			}
		},
		{
			"from": [5, 0, 9],
			"to": [7, 1, 10],
			"rotation": {"angle": 0, "axis": "y", "origin": [16, 8, 16]},
			"faces": {
				"north": {"uv": [5, 9, 7, 10], "rotation": 180, "texture": "#0"},
				"east": {"uv": [6, 9, 7, 10], "texture": "#0"},
				"west": {"uv": [5, 9, 6, 10], "texture": "#0"},
				"up": {"uv": [5, 9, 7, 10], "texture": "#0"},
				"down": {"uv": [9, 9, 11, 10], "texture": "#0"}
			}
		},
		{
			"from": [5, 0, 1],
			"to": [7, 1, 2],
			"rotation": {"angle": 0, "axis": "y", "origin": [16, 8, 8]},
			"faces": {
				"north": {"uv": [5, 1, 7, 2], "rotation": 180, "texture": "#0"},
				"east": {"uv": [6, 1, 7, 2], "texture": "#0"},
				"west": {"uv": [5, 1, 6, 2], "texture": "#0"},
				"up": {"uv": [5, 1, 7, 2], "texture": "#0"},
				"down": {"uv": [9, 1, 11, 2], "texture": "#0"}
			}
		},
		{
			"from": [13, 0, 1],
			"to": [15, 1, 2],
			"rotation": {"angle": 0, "axis": "y", "origin": [24, 8, 8]},
			"faces": {
				"north": {"uv": [13, 1, 15, 2], "rotation": 180, "texture": "#0"},
				"east": {"uv": [14, 1, 15, 2], "texture": "#0"},
				"west": {"uv": [13, 1, 14, 2], "texture": "#0"},
				"up": {"uv": [13, 1, 15, 2], "texture": "#0"},
				"down": {"uv": [1, 1, 3, 2], "texture": "#0"}
			}
		},
		{
			"from": [13, 0, 9],
			"to": [15, 1, 10],
			"rotation": {"angle": 0, "axis": "y", "origin": [24, 8, 16]},
			"faces": {
				"north": {"uv": [13, 9, 15, 10], "rotation": 180, "texture": "#0"},
				"east": {"uv": [14, 9, 15, 10], "texture": "#0"},
				"west": {"uv": [13, 9, 14, 10], "texture": "#0"},
				"up": {"uv": [13, 9, 15, 10], "texture": "#0"},
				"down": {"uv": [1, 9, 3, 10], "texture": "#0"}
			}
		},
		{
			"from": [3, 0.02, 9],
			"to": [5, 0.02, 10],
			"rotation": {"angle": 0, "axis": "y", "origin": [11, 8, 17]},
			"faces": {
				"north": {"uv": [3.33333, 3.33333, 5.33333, 4.33333], "texture": "#1"},
				"east": {"uv": [3.33333, 3.33333, 5.33333, 4.33333], "texture": "#1"},
				"south": {"uv": [3.33333, 3.33333, 5.33333, 4.33333], "texture": "#1"},
				"west": {"uv": [3.33333, 3.33333, 5.33333, 4.33333], "texture": "#1"},
				"up": {"uv": [3.33333, 3.33333, 5.33333, 4.33333], "texture": "#1"},
				"down": {"uv": [3.33333, 3.33333, 5.33333, 4.33333], "texture": "#1"}
			}
		},
		{
			"from": [3, 0.02, 1],
			"to": [5, 0.02, 2],
			"rotation": {"angle": 0, "axis": "y", "origin": [11, 8, 9]},
			"faces": {
				"north": {"uv": [3.33333, 3.33333, 5.33333, 4.33333], "texture": "#1"},
				"east": {"uv": [3.33333, 3.33333, 5.33333, 4.33333], "texture": "#1"},
				"south": {"uv": [3.33333, 3.33333, 5.33333, 4.33333], "texture": "#1"},
				"west": {"uv": [3.33333, 3.33333, 5.33333, 4.33333], "texture": "#1"},
				"up": {"uv": [3.33333, 3.33333, 5.33333, 4.33333], "texture": "#1"},
				"down": {"uv": [3.33333, 3.33333, 5.33333, 4.33333], "texture": "#1"}
			}
		},
		{
			"from": [11, 0.02, 1],
			"to": [13, 0.02, 2],
			"rotation": {"angle": 0, "axis": "y", "origin": [19, 8, 9]},
			"faces": {
				"north": {"uv": [3.33333, 3.33333, 5.33333, 4.33333], "texture": "#1"},
				"east": {"uv": [3.33333, 3.33333, 5.33333, 4.33333], "texture": "#1"},
				"south": {"uv": [3.33333, 3.33333, 5.33333, 4.33333], "texture": "#1"},
				"west": {"uv": [3.33333, 3.33333, 5.33333, 4.33333], "texture": "#1"},
				"up": {"uv": [3.33333, 3.33333, 5.33333, 4.33333], "texture": "#1"},
				"down": {"uv": [3.33333, 3.33333, 5.33333, 4.33333], "texture": "#1"}
			}
		},
		{
			"from": [11, 0.02, 9],
			"to": [13, 0.02, 10],
			"rotation": {"angle": 0, "axis": "y", "origin": [19, 8, 17]},
			"faces": {
				"north": {"uv": [3.33333, 3.33333, 5.33333, 4.33333], "texture": "#1"},
				"east": {"uv": [3.33333, 3.33333, 5.33333, 4.33333], "texture": "#1"},
				"south": {"uv": [3.33333, 3.33333, 5.33333, 4.33333], "texture": "#1"},
				"west": {"uv": [3.33333, 3.33333, 5.33333, 4.33333], "texture": "#1"},
				"up": {"uv": [3.33333, 3.33333, 5.33333, 4.33333], "texture": "#1"},
				"down": {"uv": [3.33333, 3.33333, 5.33333, 4.33333], "texture": "#1"}
			}
		},
		{
			"from": [1, 0, 10],
			"to": [7, 1, 11],
			"rotation": {"angle": 0, "axis": "y", "origin": [9, 8, 18]},
			"faces": {
				"north": {"uv": [1, 10, 7, 11], "texture": "#0"},
				"east": {"uv": [6, 10, 7, 11], "texture": "#0"},
				"south": {"uv": [1, 9, 7, 10], "texture": "#0"},
				"west": {"uv": [1, 10, 2, 11], "texture": "#0"},
				"up": {"uv": [1, 10, 7, 11], "texture": "#0"},
				"down": {"uv": [9, 10, 15, 11], "texture": "#0"}
			}
		},
		{
			"from": [1, 0, 2],
			"to": [7, 1, 3],
			"rotation": {"angle": 0, "axis": "y", "origin": [9, 8, 10]},
			"faces": {
				"north": {"uv": [1, 2, 7, 3], "texture": "#0"},
				"east": {"uv": [6, 2, 7, 3], "texture": "#0"},
				"south": {"uv": [1, 1, 7, 2], "texture": "#0"},
				"west": {"uv": [1, 2, 2, 3], "texture": "#0"},
				"up": {"uv": [1, 2, 7, 3], "texture": "#0"},
				"down": {"uv": [9, 2, 15, 3], "texture": "#0"}
			}
		},
		{
			"from": [9, 0, 2],
			"to": [15, 1, 3],
			"rotation": {"angle": 0, "axis": "y", "origin": [17, 8, 10]},
			"faces": {
				"north": {"uv": [9, 2, 15, 3], "texture": "#0"},
				"east": {"uv": [14, 2, 15, 3], "texture": "#0"},
				"south": {"uv": [9, 1, 15, 2], "texture": "#0"},
				"west": {"uv": [9, 2, 10, 3], "texture": "#0"},
				"up": {"uv": [9, 2, 15, 3], "texture": "#0"},
				"down": {"uv": [1, 2, 7, 3], "texture": "#0"}
			}
		},
		{
			"from": [9, 0, 10],
			"to": [15, 1, 11],
			"rotation": {"angle": 0, "axis": "y", "origin": [17, 8, 18]},
			"faces": {
				"north": {"uv": [9, 10, 15, 11], "texture": "#0"},
				"east": {"uv": [14, 10, 15, 11], "texture": "#0"},
				"south": {"uv": [9, 9, 15, 10], "texture": "#0"},
				"west": {"uv": [9, 10, 10, 11], "texture": "#0"},
				"up": {"uv": [9, 10, 15, 11], "texture": "#0"},
				"down": {"uv": [1, 10, 7, 11], "texture": "#0"}
			}
		}
	],
	"gui_light": "front",
	"display": {
		"thirdperson_righthand": {
			"translation": [0, 2, -3],
			"scale": [0.5, 0.5, 0.5]
		},
		"thirdperson_lefthand": {
			"translation": [0, 2, -3],
			"scale": [0.5, 0.5, 0.5]
		},
		"ground": {
			"scale": [0.5, 0.5, 0.5]
		},
		"gui": {
			"rotation": [90, 0, 0]
		},
		"head": {
			"translation": [0, 14.5, 0]
		},
		"fixed": {
			"rotation": [90, 0, -180],
			"translation": [0, 0, -14],
			"scale": [2, 2, 2]
		}
	}
}