{
	"credit": "Made with Blockbench",
	"textures": {
		"0": "block/stripped_oak_log",
		"1": "block/basket_orange_d",
		"particle": "block/stripped_oak_log"
	},
	"elements": [
		{
			"from": [1, 0, 8],
			"to": [15, 1, 10],
			"rotation": {"angle": 0, "axis": "y", "origin": [13, 8, 14]},
			"faces": {
				"north": {"uv": [1, 8, 15, 10], "texture": "#0"},
				"east": {"uv": [14, 8, 15, 10], "rotation": 90, "texture": "#0"},
				"south": {"uv": [1, 9, 15, 10], "texture": "#0"},
				"west": {"uv": [1, 8, 2, 10], "rotation": 270, "texture": "#0"},
				"up": {"uv": [1, 8, 15, 10], "texture": "#0"},
				"down": {"uv": [1, 8, 15, 10], "texture": "#0"}
			}
		},
		{
			"from": [1, 0, 3],
			"to": [15, 1, 5],
			"rotation": {"angle": 0, "axis": "y", "origin": [13, 8, 7]},
			"faces": {
				"north": {"uv": [1, 3, 15, 5], "texture": "#0"},
				"east": {"uv": [14, 3, 15, 5], "texture": "#0"},
				"south": {"uv": [1, 4, 15, 5], "texture": "#0"},
				"west": {"uv": [1, 3, 2, 5], "texture": "#0"},
				"up": {"uv": [1, 3, 15, 5], "texture": "#0"},
				"down": {"uv": [1, 3, 15, 5], "texture": "#0"}
			}
		},
		{
			"from": [1, 0, 13],
			"to": [15, 1, 15],
			"rotation": {"angle": 0, "axis": "y", "origin": [12, 8, 18]},
			"faces": {
				"north": {"uv": [1, 13, 15, 15], "texture": "#0"},
				"east": {"uv": [14, 13, 15, 15], "rotation": 90, "texture": "#0"},
				"south": {"uv": [1, 14, 15, 15], "texture": "#0"},
				"west": {"uv": [1, 13, 2, 15], "rotation": 270, "texture": "#0"},
				"up": {"uv": [1, 13, 15, 15], "texture": "#0"},
				"down": {"uv": [1, 13, 15, 15], "texture": "#0"}
			}
		},
		{
			"from": [6, 0.02, 11],
			"to": [10, 0.02, 12],
			"rotation": {"angle": 0, "axis": "y", "origin": [14, 8, 19]},
			"faces": {
				"north": {"uv": [2, 3.33333, 6, 4.33333], "texture": "#1"},
				"east": {"uv": [2, 3.33333, 6, 4.33333], "texture": "#1"},
				"south": {"uv": [2, 3.33333, 6, 4.33333], "texture": "#1"},
				"west": {"uv": [2, 3.33333, 6, 4.33333], "texture": "#1"},
				"up": {"uv": [2, 3.33333, 6, 4.33333], "texture": "#1"},
				"down": {"uv": [2, 3.33333, 6, 4.33333], "texture": "#1"}
			}
		},
		{
			"from": [6, 0.02, 6],
			"to": [10, 0.02, 7],
			"rotation": {"angle": 0, "axis": "y", "origin": [14, 8, 14]},
			"faces": {
				"north": {"uv": [2, 3.33333, 6, 4.33333], "texture": "#1"},
				"east": {"uv": [2, 3.33333, 6, 4.33333], "texture": "#1"},
				"south": {"uv": [2, 3.33333, 6, 4.33333], "texture": "#1"},
				"west": {"uv": [2, 3.33333, 6, 4.33333], "texture": "#1"},
				"up": {"uv": [2, 3.33333, 6, 4.33333], "texture": "#1"},
				"down": {"uv": [2, 3.33333, 6, 4.33333], "texture": "#1"}
			}
		},
		{
			"from": [6, 0.02, 1],
			"to": [10, 0.02, 2],
			"rotation": {"angle": 0, "axis": "y", "origin": [14, 8, 9]},
			"faces": {
				"north": {"uv": [2, 3.33333, 6, 4.33333], "texture": "#1"},
				"east": {"uv": [2, 3.33333, 6, 4.33333], "texture": "#1"},
				"south": {"uv": [2, 3.33333, 6, 4.33333], "texture": "#1"},
				"west": {"uv": [2, 3.33333, 6, 4.33333], "texture": "#1"},
				"up": {"uv": [2, 3.33333, 6, 4.33333], "texture": "#1"},
				"down": {"uv": [2, 3.33333, 6, 4.33333], "texture": "#1"}
			}
		},
		{
			"from": [1, 0, 12],
			"to": [15, 1, 13],
			"rotation": {"angle": 0, "axis": "y", "origin": [9, 8, 20]},
			"faces": {
				"north": {"uv": [1, 12, 15, 13], "rotation": 180, "texture": "#0"},
				"east": {"uv": [14, 12, 15, 13], "texture": "#0"},
				"south": {"uv": [1, 12, 15, 13], "texture": "#0"},
				"west": {"uv": [1, 12, 2, 13], "texture": "#0"},
				"up": {"uv": [1, 12, 15, 13], "texture": "#0"},
				"down": {"uv": [1, 12, 15, 13], "texture": "#0"}
			}
		},
		{
			"from": [1, 0, 7],
			"to": [15, 1, 8],
			"rotation": {"angle": 0, "axis": "y", "origin": [9, 8, 15]},
			"faces": {
				"north": {"uv": [1, 7, 15, 8], "rotation": 180, "texture": "#0"},
				"east": {"uv": [14, 7, 15, 8], "texture": "#0"},
				"south": {"uv": [1, 7, 15, 8], "texture": "#0"},
				"west": {"uv": [1, 7, 2, 8], "texture": "#0"},
				"up": {"uv": [1, 7, 15, 8], "texture": "#0"},
				"down": {"uv": [1, 7, 15, 8], "texture": "#0"}
			}
		},
		{
			"from": [1, 0, 2],
			"to": [15, 1, 3],
			"rotation": {"angle": 0, "axis": "y", "origin": [9, 8, 10]},
			"faces": {
				"north": {"uv": [1, 2, 15, 3], "texture": "#0"},
				"east": {"uv": [14, 2, 15, 3], "texture": "#0"},
				"south": {"uv": [1, 2, 15, 3], "texture": "#0"},
				"west": {"uv": [1, 2, 2, 3], "texture": "#0"},
				"up": {"uv": [1, 2, 15, 3], "texture": "#0"},
				"down": {"uv": [1, 2, 15, 3], "texture": "#0"}
			}
		},
		{
			"from": [1, 0, 1],
			"to": [6, 1, 2],
			"rotation": {"angle": 0, "axis": "y", "origin": [9, 8, 9]},
			"faces": {
				"north": {"uv": [1, 1, 6, 2], "rotation": 180, "texture": "#0"},
				"east": {"uv": [5, 1, 6, 2], "texture": "#0"},
				"south": {"uv": [1, 1, 6, 2], "texture": "#0"},
				"west": {"uv": [1, 1, 2, 2], "texture": "#0"},
				"up": {"uv": [1, 1, 6, 2], "texture": "#0"},
				"down": {"uv": [10, 1, 15, 2], "texture": "#0"}
			}
		},
		{
			"from": [10, 0, 1],
			"to": [15, 1, 2],
			"rotation": {"angle": 0, "axis": "y", "origin": [18, 8, 9]},
			"faces": {
				"north": {"uv": [10, 1, 15, 2], "rotation": 180, "texture": "#0"},
				"east": {"uv": [14, 1, 15, 2], "texture": "#0"},
				"south": {"uv": [10, 1, 15, 2], "texture": "#0"},
				"west": {"uv": [10, 1, 11, 2], "texture": "#0"},
				"up": {"uv": [10, 1, 15, 2], "texture": "#0"},
				"down": {"uv": [1, 1, 6, 2], "texture": "#0"}
			}
		},
		{
			"from": [10, 0, 6],
			"to": [15, 1, 7],
			"rotation": {"angle": 0, "axis": "y", "origin": [18, 8, 14]},
			"faces": {
				"north": {"uv": [10, 6, 15, 7], "rotation": 180, "texture": "#0"},
				"east": {"uv": [14, 6, 15, 7], "texture": "#0"},
				"south": {"uv": [10, 6, 15, 7], "texture": "#0"},
				"west": {"uv": [10, 6, 11, 7], "texture": "#0"},
				"up": {"uv": [10, 6, 15, 7], "texture": "#0"},
				"down": {"uv": [1, 6, 6, 7], "texture": "#0"}
			}
		},
		{
			"from": [10, 0, 11],
			"to": [15, 1, 12],
			"rotation": {"angle": 0, "axis": "y", "origin": [18, 8, 19]},
			"faces": {
				"north": {"uv": [10, 11, 15, 12], "rotation": 180, "texture": "#0"},
				"east": {"uv": [14, 11, 15, 12], "texture": "#0"},
				"south": {"uv": [10, 11, 15, 12], "texture": "#0"},
				"west": {"uv": [10, 11, 15, 12], "texture": "#0"},
				"up": {"uv": [10, 11, 15, 12], "texture": "#0"},
				"down": {"uv": [1, 11, 6, 12], "texture": "#0"}
			}
		},
		{
			"from": [1, 0, 11],
			"to": [6, 1, 12],
			"rotation": {"angle": 0, "axis": "y", "origin": [9, 8, 19]},
			"faces": {
				"north": {"uv": [1, 11, 6, 12], "rotation": 180, "texture": "#0"},
				"east": {"uv": [5, 11, 6, 12], "texture": "#0"},
				"south": {"uv": [1, 11, 6, 12], "texture": "#0"},
				"west": {"uv": [1, 11, 2, 12], "texture": "#0"},
				"up": {"uv": [1, 11, 6, 12], "texture": "#0"},
				"down": {"uv": [10, 11, 15, 12], "texture": "#0"}
			}
		},
		{
			"from": [1, 0, 6],
			"to": [6, 1, 7],
			"rotation": {"angle": 0, "axis": "y", "origin": [9, 8, 14]},
			"faces": {
				"north": {"uv": [1, 6, 6, 7], "rotation": 180, "texture": "#0"},
				"east": {"uv": [5, 6, 6, 7], "texture": "#0"},
				"south": {"uv": [1, 6, 6, 7], "texture": "#0"},
				"west": {"uv": [1, 6, 2, 7], "texture": "#0"},
				"up": {"uv": [1, 6, 6, 7], "texture": "#0"},
				"down": {"uv": [10, 6, 15, 7], "texture": "#0"}
			}
		}
	],
	"gui_light": "front",
	"display": {
		"thirdperson_righthand": {
			"translation": [0, 2, -3],
			"scale": [0.5, 0.5, 0.5]
		},
		"thirdperson_lefthand": {
			"translation": [0, 2, -3],
			"scale": [0.5, 0.5, 0.5]
		},
		"ground": {
			"scale": [0.5, 0.5, 0.5]
		},
		"gui": {
			"rotation": [90, 0, 0]
		},
		"head": {
			"translation": [0, 14.5, 0]
		},
		"fixed": {
			"rotation": [90, 0, -180],
			"translation": [0, 0, -14],
			"scale": [2, 2, 2]
		}
	}
}