{
	"credit": "Made with Blockbench",
	"textures": {
		"2": "block/crockery1",
		"3": "block/Hananacraft archive/basket_orange_side",
		"5": "block/jar1a"
	},
	"elements": [
		{
			"from": [7.00867, 1, 6.93678],
			"to": [14.00867, 6, 13.93678],
			"rotation": {"angle": 0, "axis": "y", "origin": [11.03594, 7.70225, 10.72273]},
			"faces": {
				"north": {"uv": [0.06, 8.06, 6.94, 12.94], "texture": "#5"},
				"east": {"uv": [0.06, 8.06, 6.94, 12.94], "texture": "#5"},
				"south": {"uv": [0.06, 8.06, 6.94, 12.94], "texture": "#5"},
				"west": {"uv": [0.06, 8.06, 6.94, 12.94], "texture": "#5"},
				"up": {"uv": [0.06, 0.06, 6.94, 6.94], "rotation": 90, "texture": "#5"},
				"down": {"uv": [0.06, 0.06, 6.94, 6.94], "rotation": 270, "texture": "#5"}
			}
		},
		{
			"from": [8.00867, 0, 7.93678],
			"to": [13.00867, 6.5, 12.93678],
			"rotation": {"angle": 0, "axis": "y", "origin": [11.03594, 7.70225, 10.72273]},
			"faces": {
				"north": {"uv": [11.06, 15.06, 15.94, 15.94], "texture": "#5"},
				"east": {"uv": [11.06, 15.06, 15.94, 15.94], "texture": "#5"},
				"south": {"uv": [11.06, 15.06, 15.94, 15.94], "texture": "#5"},
				"west": {"uv": [11.06, 15.06, 15.94, 15.94], "texture": "#5"},
				"up": {"uv": [11.06, 10.06, 15.94, 14.94], "rotation": 90, "texture": "#5"},
				"down": {"uv": [1.06, 1.06, 5.94, 5.94], "rotation": 270, "texture": "#5"}
			}
		},
		{
			"from": [7.50867, 6.5, 8.43678],
			"to": [8.50867, 7.5, 12.43678],
			"rotation": {"angle": 0, "axis": "y", "origin": [11.03594, 7.70225, 10.72273]},
			"faces": {
				"north": {"uv": [10.06, 6.06, 15.94, 6.94], "texture": "#5"},
				"east": {"uv": [11.06, 6.06, 14.94, 6.94], "texture": "#5"},
				"south": {"uv": [10.06, 6.06, 15.94, 6.94], "texture": "#5"},
				"west": {"uv": [11.06, 6.06, 14.94, 6.94], "texture": "#5"},
				"up": {"uv": [11.06, 0.06, 14.94, 0.94], "rotation": 90, "texture": "#5"},
				"down": {"uv": [11.06, 0.06, 14.94, 0.94], "rotation": 270, "texture": "#5"}
			}
		},
		{
			"from": [12.50867, 6.5, 8.43678],
			"to": [13.50867, 7.5, 12.43678],
			"rotation": {"angle": 0, "axis": "y", "origin": [11.03594, 7.70225, 10.72273]},
			"faces": {
				"north": {"uv": [10.06, 6.06, 15.94, 6.94], "texture": "#5"},
				"east": {"uv": [11.06, 6.06, 14.94, 6.94], "texture": "#5"},
				"south": {"uv": [10.06, 6.06, 15.94, 6.94], "texture": "#5"},
				"west": {"uv": [11.06, 6.06, 14.94, 6.94], "texture": "#5"},
				"up": {"uv": [11.06, 0.06, 14.94, 0.94], "rotation": 90, "texture": "#5"},
				"down": {"uv": [11.06, 0.06, 14.94, 0.94], "rotation": 270, "texture": "#5"}
			}
		},
		{
			"from": [7.50867, 6.5, 7.43678],
			"to": [13.50867, 7.5, 8.43678],
			"rotation": {"angle": 0, "axis": "y", "origin": [11.03594, 7.70225, 10.72273]},
			"faces": {
				"north": {"uv": [10.06, 6.06, 15.94, 6.94], "texture": "#5"},
				"east": {"uv": [10.06, 6.06, 10.94, 6.94], "texture": "#5"},
				"south": {"uv": [10.06, 6.06, 15.94, 6.94], "texture": "#5"},
				"west": {"uv": [10.06, 6.06, 10.94, 6.94], "texture": "#5"},
				"up": {"uv": [10.06, 0.06, 10.94, 5.94], "rotation": 90, "texture": "#5"},
				"down": {"uv": [10.06, 0.06, 10.94, 5.94], "rotation": 270, "texture": "#5"}
			}
		},
		{
			"from": [7.50867, 6.5, 12.43678],
			"to": [13.50867, 7.5, 13.43678],
			"rotation": {"angle": 0, "axis": "y", "origin": [11.03594, 7.70225, 10.72273]},
			"faces": {
				"north": {"uv": [10.06, 6.06, 15.94, 6.94], "texture": "#5"},
				"east": {"uv": [10.06, 6.06, 10.94, 6.94], "texture": "#5"},
				"south": {"uv": [10.06, 6.06, 15.94, 6.94], "texture": "#5"},
				"west": {"uv": [10.06, 6.06, 10.94, 6.94], "texture": "#5"},
				"up": {"uv": [10.06, 0.06, 10.94, 5.94], "rotation": 90, "texture": "#5"},
				"down": {"uv": [10.06, 0.06, 10.94, 5.94], "rotation": 270, "texture": "#5"}
			}
		},
		{
			"name": "stuff",
			"from": [12.177, 9.10434, 10.68678],
			"to": [12.427, 11.10434, 12.68678],
			"rotation": {"angle": -22.5, "axis": "z", "origin": [11.03594, 7.45225, 10.72273]},
			"faces": {
				"north": {"uv": [8.985, 2.875, 8.515, 2.765], "rotation": 90, "texture": "#2"},
				"east": {"uv": [8.985, 3.235, 8.515, 2.765], "rotation": 180, "texture": "#2"},
				"south": {"uv": [8.985, 2.875, 8.515, 2.765], "rotation": 270, "texture": "#2"},
				"west": {"uv": [8.985, 3.235, 8.515, 2.765], "texture": "#2"},
				"up": {"uv": [8.985, 2.875, 8.515, 2.765], "rotation": 270, "texture": "#2"},
				"down": {"uv": [8.985, 2.875, 8.515, 2.765], "rotation": 270, "texture": "#2"}
			}
		},
		{
			"name": "stuff",
			"from": [11.677, 5.10434, 11.18678],
			"to": [12.427, 9.10434, 12.18678],
			"rotation": {"angle": -22.5, "axis": "z", "origin": [11.03594, 7.45225, 10.72273]},
			"faces": {
				"north": {"uv": [8.985, 3.235, 8.515, 2.765], "texture": "#2"},
				"east": {"uv": [8.985, 3.235, 8.515, 2.765], "texture": "#2"},
				"south": {"uv": [8.985, 3.235, 8.515, 2.765], "texture": "#2"},
				"west": {"uv": [8.985, 3.235, 8.515, 2.765], "texture": "#2"},
				"up": {"uv": [8.985, 3.235, 8.515, 2.765], "texture": "#2"},
				"down": {"uv": [8.985, 3.235, 8.515, 2.765], "texture": "#2"}
			}
		},
		{
			"name": "stuff",
			"from": [11.177, 7.85434, 9.68678],
			"to": [11.427, 9.85434, 11.68678],
			"rotation": {"angle": -22.5, "axis": "z", "origin": [11.03594, 7.45225, 10.72273]},
			"faces": {
				"north": {"uv": [8.985, 2.875, 8.515, 2.765], "rotation": 90, "texture": "#2"},
				"east": {"uv": [8.985, 3.235, 8.515, 2.765], "rotation": 180, "texture": "#2"},
				"south": {"uv": [8.985, 2.875, 8.515, 2.765], "rotation": 270, "texture": "#2"},
				"west": {"uv": [8.985, 3.235, 8.515, 2.765], "texture": "#2"},
				"up": {"uv": [8.985, 2.875, 8.515, 2.765], "rotation": 270, "texture": "#2"},
				"down": {"uv": [8.985, 2.875, 8.515, 2.765], "rotation": 270, "texture": "#2"}
			}
		},
		{
			"name": "stuff",
			"from": [10.677, 3.85434, 10.18678],
			"to": [11.427, 7.85434, 11.18678],
			"rotation": {"angle": -22.5, "axis": "z", "origin": [11.03594, 7.45225, 10.72273]},
			"faces": {
				"north": {"uv": [8.985, 3.235, 8.515, 2.765], "texture": "#2"},
				"east": {"uv": [8.985, 3.235, 8.515, 2.765], "texture": "#2"},
				"south": {"uv": [8.985, 3.235, 8.515, 2.765], "texture": "#2"},
				"west": {"uv": [8.985, 3.235, 8.515, 2.765], "texture": "#2"},
				"up": {"uv": [8.985, 3.235, 8.515, 2.765], "texture": "#2"},
				"down": {"uv": [8.985, 3.235, 8.515, 2.765], "texture": "#2"}
			}
		},
		{
			"name": "stuff",
			"from": [11.62009, 5.44433, 8.68678],
			"to": [12.37009, 8.44433, 9.68678],
			"rotation": {"angle": -22.5, "axis": "z", "origin": [11.03594, 7.45225, 10.72273]},
			"faces": {
				"north": {"uv": [8.985, 3.235, 8.515, 2.765], "texture": "#2"},
				"east": {"uv": [8.985, 3.235, 8.515, 2.765], "texture": "#2"},
				"south": {"uv": [8.985, 3.235, 8.515, 2.765], "texture": "#2"},
				"west": {"uv": [8.985, 3.235, 8.515, 2.765], "texture": "#2"},
				"up": {"uv": [8.985, 3.235, 8.515, 2.765], "texture": "#2"},
				"down": {"uv": [8.985, 3.235, 8.515, 2.765], "texture": "#2"}
			}
		},
		{
			"name": "stuff",
			"from": [12.12009, 9.39433, 9.68678],
			"to": [12.37009, 10.39433, 10.18678],
			"rotation": {"angle": -22.5, "axis": "z", "origin": [11.03594, 7.45225, 10.72273]},
			"faces": {
				"north": {"uv": [8.485, 3.485, 8.375, 3.265], "rotation": 90, "texture": "#2"},
				"east": {"uv": [8.485, 3.485, 8.375, 3.265], "rotation": 180, "texture": "#2"},
				"south": {"uv": [7.265, 3.015, 7.265, 2.94], "rotation": 270, "texture": "#2"},
				"west": {"uv": [8.625, 2.985, 8.515, 2.765], "texture": "#2"},
				"up": {"uv": [7.265, 3.015, 7.265, 2.94], "rotation": 270, "texture": "#2"},
				"down": {"uv": [0.515, 0.265, 0.515, 0.265], "rotation": 270, "texture": "#2"}
			}
		},
		{
			"name": "stuff",
			"from": [12.12009, 9.39433, 8.93118],
			"to": [12.37009, 10.39433, 9.43118],
			"rotation": {"angle": -22.5, "axis": "z", "origin": [11.03594, 7.45225, 10.72273]},
			"faces": {
				"north": {"uv": [8.485, 3.485, 8.375, 3.265], "rotation": 90, "texture": "#2"},
				"east": {"uv": [8.485, 3.485, 8.375, 3.265], "rotation": 180, "texture": "#2"},
				"south": {"uv": [7.265, 3.015, 7.265, 2.94], "rotation": 270, "texture": "#2"},
				"west": {"uv": [8.625, 2.985, 8.515, 2.765], "texture": "#2"},
				"up": {"uv": [7.265, 3.015, 7.265, 2.94], "rotation": 270, "texture": "#2"},
				"down": {"uv": [0.515, 0.265, 0.515, 0.265], "rotation": 270, "texture": "#2"}
			}
		},
		{
			"name": "stuff",
			"from": [12.12009, 9.39433, 8.18678],
			"to": [12.37009, 10.39433, 8.68678],
			"rotation": {"angle": -22.5, "axis": "z", "origin": [11.03594, 7.45225, 10.72273]},
			"faces": {
				"north": {"uv": [8.735, 2.875, 8.515, 2.765], "rotation": 90, "texture": "#2"},
				"east": {"uv": [8.485, 3.485, 8.375, 3.265], "rotation": 180, "texture": "#2"},
				"south": {"uv": [7.265, 3.015, 7.265, 2.94], "rotation": 270, "texture": "#2"},
				"west": {"uv": [8.485, 3.485, 8.375, 3.265], "texture": "#2"},
				"up": {"uv": [7.265, 3.015, 7.265, 2.94], "rotation": 270, "texture": "#2"},
				"down": {"uv": [0.515, 0.265, 0.515, 0.265], "rotation": 270, "texture": "#2"}
			}
		},
		{
			"name": "stuff",
			"from": [12.12009, 8.44433, 8.18678],
			"to": [12.37009, 9.39433, 10.18678],
			"rotation": {"angle": -22.5, "axis": "z", "origin": [11.03594, 7.45225, 10.72273]},
			"faces": {
				"north": {"uv": [8.7375, 2.875, 8.515, 2.765], "rotation": 90, "texture": "#2"},
				"east": {"uv": [8.985, 2.9875, 8.515, 2.765], "rotation": 180, "texture": "#2"},
				"south": {"uv": [7.265, 3.015, 7.265, 2.94], "rotation": 270, "texture": "#2"},
				"west": {"uv": [8.985, 2.9875, 8.515, 2.765], "texture": "#2"},
				"up": {"uv": [8.985, 2.875, 8.515, 2.765], "rotation": 270, "texture": "#2"},
				"down": {"uv": [8.985, 2.875, 8.515, 2.765], "rotation": 270, "texture": "#2"}
			}
		},
		{
			"name": "stuff",
			"from": [9.40211, 4.68275, 11.31599],
			"to": [10.40211, 8.68275, 12.06599],
			"rotation": {"angle": 22.5, "axis": "x", "origin": [11.03594, 7.45225, 10.72273]},
			"faces": {
				"north": {"uv": [8.985, 3.235, 8.515, 2.765], "texture": "#2"},
				"east": {"uv": [8.985, 3.235, 8.515, 2.765], "texture": "#2"},
				"south": {"uv": [8.985, 3.235, 8.515, 2.765], "texture": "#2"},
				"west": {"uv": [8.985, 3.235, 8.515, 2.765], "texture": "#2"},
				"up": {"uv": [8.985, 3.235, 8.515, 2.765], "texture": "#2"},
				"down": {"uv": [8.985, 3.235, 8.515, 2.765], "texture": "#2"}
			}
		},
		{
			"name": "stuff",
			"from": [8.90211, 9.63275, 11.81599],
			"to": [9.40211, 10.63275, 12.06599],
			"rotation": {"angle": 22.5, "axis": "x", "origin": [11.03594, 7.45225, 10.72273]},
			"faces": {
				"north": {"uv": [8.625, 2.985, 8.515, 2.765], "texture": "#2"},
				"east": {"uv": [8.485, 3.485, 8.375, 3.265], "rotation": 90, "texture": "#2"},
				"south": {"uv": [8.485, 3.485, 8.375, 3.265], "rotation": 180, "texture": "#2"},
				"west": {"uv": [7.265, 3.015, 7.265, 2.94], "rotation": 270, "texture": "#2"},
				"up": {"uv": [7.265, 3.015, 7.265, 2.94], "texture": "#2"},
				"down": {"uv": [0.515, 0.265, 0.515, 0.265], "rotation": 180, "texture": "#2"}
			}
		},
		{
			"name": "stuff",
			"from": [9.65771, 9.63275, 11.81599],
			"to": [10.15771, 10.63275, 12.06599],
			"rotation": {"angle": 22.5, "axis": "x", "origin": [11.03594, 7.45225, 10.72273]},
			"faces": {
				"north": {"uv": [8.625, 2.985, 8.515, 2.765], "texture": "#2"},
				"east": {"uv": [8.485, 3.485, 8.375, 3.265], "rotation": 90, "texture": "#2"},
				"south": {"uv": [8.485, 3.485, 8.375, 3.265], "rotation": 180, "texture": "#2"},
				"west": {"uv": [7.265, 3.015, 7.265, 2.94], "rotation": 270, "texture": "#2"},
				"up": {"uv": [7.265, 3.015, 7.265, 2.94], "texture": "#2"},
				"down": {"uv": [0.515, 0.265, 0.515, 0.265], "rotation": 180, "texture": "#2"}
			}
		},
		{
			"name": "stuff",
			"from": [10.40211, 9.63275, 11.81599],
			"to": [10.90211, 10.63275, 12.06599],
			"rotation": {"angle": 22.5, "axis": "x", "origin": [11.03594, 7.45225, 10.72273]},
			"faces": {
				"north": {"uv": [8.485, 3.485, 8.375, 3.265], "texture": "#2"},
				"east": {"uv": [8.735, 2.875, 8.515, 2.765], "rotation": 90, "texture": "#2"},
				"south": {"uv": [8.485, 3.485, 8.375, 3.265], "rotation": 180, "texture": "#2"},
				"west": {"uv": [7.265, 3.015, 7.265, 2.94], "rotation": 270, "texture": "#2"},
				"up": {"uv": [7.265, 3.015, 7.265, 2.94], "texture": "#2"},
				"down": {"uv": [0.515, 0.265, 0.515, 0.265], "rotation": 180, "texture": "#2"}
			}
		},
		{
			"name": "stuff",
			"from": [8.90211, 8.68275, 11.81599],
			"to": [10.90211, 9.63275, 12.06599],
			"rotation": {"angle": 22.5, "axis": "x", "origin": [11.03594, 7.45225, 10.72273]},
			"faces": {
				"north": {"uv": [8.985, 2.9875, 8.515, 2.765], "texture": "#2"},
				"east": {"uv": [8.7375, 2.875, 8.515, 2.765], "rotation": 90, "texture": "#2"},
				"south": {"uv": [8.985, 2.9875, 8.515, 2.765], "rotation": 180, "texture": "#2"},
				"west": {"uv": [7.265, 3.015, 7.265, 2.94], "rotation": 270, "texture": "#2"},
				"up": {"uv": [8.985, 2.875, 8.515, 2.765], "texture": "#2"},
				"down": {"uv": [8.985, 2.875, 8.515, 2.765], "rotation": 180, "texture": "#2"}
			}
		},
		{
			"from": [9.50867, 5.48414, 8.57061],
			"to": [10.50867, 10.48414, 9.57061],
			"rotation": {"angle": -22.5, "axis": "x", "origin": [11.03594, 7.70225, 10.72273]},
			"faces": {
				"north": {"uv": [4.06, 3.06, 4.94, 7.94], "texture": "#3"},
				"east": {"uv": [4.06, 3.06, 4.94, 7.94], "texture": "#3"},
				"south": {"uv": [4.06, 3.06, 4.94, 7.94], "texture": "#3"},
				"west": {"uv": [4.06, 3.06, 4.94, 7.94], "texture": "#3"},
				"up": {"uv": [4.06, 3.06, 4.94, 3.94], "rotation": 90, "texture": "#3"},
				"down": {"uv": [4.06, 3.06, 4.94, 3.94], "rotation": 270, "texture": "#3"}
			}
		},
		{
			"from": [8.59, 5.3298, 10.56946],
			"to": [9.59, 10.3298, 11.56946],
			"rotation": {"angle": 22.5, "axis": "z", "origin": [11.03594, 7.70225, 10.72273]},
			"faces": {
				"north": {"uv": [13.06, 3.06, 13.94, 7.94], "texture": "#3"},
				"east": {"uv": [13.06, 3.06, 13.94, 7.94], "texture": "#3"},
				"south": {"uv": [13.06, 3.06, 13.94, 7.94], "texture": "#3"},
				"west": {"uv": [13.06, 3.06, 13.94, 7.94], "texture": "#3"},
				"up": {"uv": [13.06, 3.06, 13.94, 3.94], "rotation": 90, "texture": "#3"},
				"down": {"uv": [13.06, 3.06, 13.94, 3.94], "rotation": 270, "texture": "#3"}
			}
		}
	],
	"display": {
		"thirdperson_righthand": {
			"rotation": [70, 0, 0],
			"translation": [-4, 7.25, 3.5]
		},
		"firstperson_righthand": {
			"translation": [-1.25, 0.75, 0]
		},
		"ground": {
			"translation": [0, 4, 0]
		},
		"gui": {
			"rotation": [24, 24, 0],
			"translation": [-3, 2, 0]
		},
		"fixed": {
			"rotation": [-90, 0, 0],
			"translation": [0, 0, -15],
			"scale": [2, 2, 2]
		}
	},
	"groups": [
		{
			"name": "group",
			"origin": [0, 0, 0],
			"color": 0,
			"children": [
				0,
				1,
				2,
				3,
				4,
				5,
				{
					"name": "stuff",
					"origin": [2.4, 0, -2],
					"color": 1,
					"children": [
						{
							"name": "spoon",
							"origin": [8.11349, 13.63577, 8.05089],
							"color": 0,
							"children": [6, 7]
						},
						{
							"name": "spoon",
							"origin": [8.11349, 13.63577, 8.05089],
							"color": 0,
							"children": [8, 9]
						},
						{
							"name": "fork",
							"origin": [8.11349, 13.63577, 8.05089],
							"color": 0,
							"children": [10, 11, 12, 13, 14]
						},
						{
							"name": "fork",
							"origin": [8.11349, 13.63577, 8.05089],
							"color": 0,
							"children": [15, 16, 17, 18, 19]
						},
						{
							"name": "random",
							"origin": [7.88268, 8.28323, 10.37868],
							"color": 0,
							"children": [20, 21]
						}
					]
				}
			]
		}
	]
}