{
	"credit": "Made with Blockbench",
	"textures": {
		"0": "block/Hananacraft archive/white_wool_futontop",
		"1": "block/crockery1",
		"2": "block/Hananacraft archive/wood2",
		"particle": "block/Hananacraft archive/white_wool_futontop"
	},
	"elements": [
		{
			"from": [1, 0, 3],
			"to": [15, 0.5, 13],
			"faces": {
				"north": {"uv": [0, 0, 12, 1], "texture": "#0"},
				"east": {"uv": [0, 0, 8, 1], "texture": "#0"},
				"south": {"uv": [0, 0, 12, 1], "texture": "#0"},
				"west": {"uv": [0, 0, 8, 1], "texture": "#0"},
				"up": {"uv": [3, 8, 15, 16], "texture": "#0"},
				"down": {"uv": [0, 0, 12, 8], "texture": "#0"}
			}
		},
		{
			"name": "stuff",
			"from": [12.15, 0.61378, 5.29209],
			"to": [14.15, 0.86378, 7.29209],
			"rotation": {"angle": 0, "axis": "y", "origin": [8, 0, 8]},
			"faces": {
				"north": {"uv": [8.985, 2.875, 8.515, 2.765], "texture": "#1"},
				"east": {"uv": [8.985, 2.875, 8.515, 2.765], "texture": "#1"},
				"south": {"uv": [8.985, 2.875, 8.515, 2.765], "texture": "#1"},
				"west": {"uv": [8.985, 2.875, 8.515, 2.765], "texture": "#1"},
				"up": {"uv": [8.985, 3.235, 8.515, 2.765], "texture": "#1"},
				"down": {"uv": [8.985, 3.235, 8.515, 2.765], "texture": "#1"}
			}
		},
		{
			"name": "stuff",
			"from": [12.65, 0.61378, 7.29209],
			"to": [13.65, 1.36378, 11.29209],
			"rotation": {"angle": 0, "axis": "y", "origin": [8, 0, 8]},
			"faces": {
				"north": {"uv": [8.985, 2.9875, 8.515, 2.765], "texture": "#1"},
				"east": {"uv": [11.765, 10.265, 7.765, 9.515], "texture": "#2"},
				"south": {"uv": [8.515, 9.265, 7.515, 8.515], "texture": "#2"},
				"west": {"uv": [8.735, 9.6875, 7.765, 9.515], "texture": "#2"},
				"up": {"uv": [7.735, 9.485, 7.515, 8.515], "texture": "#2"},
				"down": {"uv": [8.515, 12.515, 7.515, 8.515], "texture": "#2"}
			}
		},
		{
			"name": "stuff",
			"from": [9.65, 0.61378, 4.79209],
			"to": [11.65, 0.86378, 6.79209],
			"rotation": {"angle": 0, "axis": "y", "origin": [8, 0, 8]},
			"faces": {
				"north": {"uv": [8.985, 2.875, 8.515, 2.765], "texture": "#1"},
				"east": {"uv": [8.985, 2.875, 8.515, 2.765], "texture": "#1"},
				"south": {"uv": [8.985, 2.875, 8.515, 2.765], "texture": "#1"},
				"west": {"uv": [8.985, 2.875, 8.515, 2.765], "texture": "#1"},
				"up": {"uv": [8.985, 3.235, 8.515, 2.765], "texture": "#1"},
				"down": {"uv": [8.985, 3.235, 8.515, 2.765], "texture": "#1"}
			}
		},
		{
			"name": "stuff",
			"from": [10.15, 0.61378, 6.79209],
			"to": [11.15, 1.36378, 10.79209],
			"rotation": {"angle": 0, "axis": "y", "origin": [8, 0, 8]},
			"faces": {
				"north": {"uv": [8.985, 2.9875, 8.515, 2.765], "texture": "#1"},
				"east": {"uv": [11.765, 10.265, 7.765, 9.515], "texture": "#2"},
				"south": {"uv": [8.515, 9.265, 7.515, 8.515], "texture": "#2"},
				"west": {"uv": [8.735, 9.6875, 7.765, 9.515], "texture": "#2"},
				"up": {"uv": [7.735, 9.485, 7.515, 8.515], "texture": "#2"},
				"down": {"uv": [8.515, 12.515, 7.515, 8.515], "texture": "#2"}
			}
		},
		{
			"name": "stuff",
			"from": [3.4, 0.59457, 5.36941],
			"to": [3.9, 0.84457, 6.36941],
			"rotation": {"angle": 0, "axis": "y", "origin": [8, 0, 8]},
			"faces": {
				"north": {"uv": [7.265, 3.015, 7.265, 3.015], "texture": "#1"},
				"east": {"uv": [7.265, 3.015, 7.265, 3.015], "texture": "#1"},
				"south": {"uv": [0.515, 0.265, 0.515, 0.265], "texture": "#1"},
				"west": {"uv": [8.485, 3.485, 8.375, 3.265], "texture": "#1"},
				"up": {"uv": [8.625, 2.985, 8.515, 2.765], "texture": "#1"},
				"down": {"uv": [8.485, 3.485, 8.375, 3.265], "texture": "#1"}
			}
		},
		{
			"name": "stuff",
			"from": [2.6444, 0.59457, 5.36941],
			"to": [3.1444, 0.84457, 6.36941],
			"rotation": {"angle": 0, "axis": "y", "origin": [8, 0, 8]},
			"faces": {
				"north": {"uv": [7.265, 3.015, 7.265, 3.015], "texture": "#1"},
				"east": {"uv": [7.265, 3.015, 7.265, 3.015], "texture": "#1"},
				"south": {"uv": [0.515, 0.265, 0.515, 0.265], "texture": "#1"},
				"west": {"uv": [8.485, 3.485, 8.375, 3.265], "texture": "#1"},
				"up": {"uv": [8.625, 2.985, 8.515, 2.765], "texture": "#1"},
				"down": {"uv": [8.485, 3.485, 8.375, 3.265], "texture": "#1"}
			}
		},
		{
			"name": "stuff",
			"from": [1.9, 0.59457, 5.36941],
			"to": [2.4, 0.84457, 6.36941],
			"rotation": {"angle": 0, "axis": "y", "origin": [8, 0, 8]},
			"faces": {
				"north": {"uv": [7.265, 3.015, 7.265, 3.015], "texture": "#1"},
				"east": {"uv": [7.265, 3.015, 7.265, 3.015], "texture": "#1"},
				"south": {"uv": [0.515, 0.265, 0.515, 0.265], "texture": "#1"},
				"west": {"uv": [8.735, 2.875, 8.515, 2.765], "texture": "#1"},
				"up": {"uv": [8.485, 3.485, 8.375, 3.265], "texture": "#1"},
				"down": {"uv": [8.485, 3.485, 8.375, 3.265], "texture": "#1"}
			}
		},
		{
			"name": "stuff",
			"from": [1.9, 0.59457, 6.36941],
			"to": [3.9, 0.84457, 7.31941],
			"rotation": {"angle": 0, "axis": "y", "origin": [8, 0, 8]},
			"faces": {
				"north": {"uv": [8.985, 2.875, 8.515, 2.765], "texture": "#1"},
				"east": {"uv": [7.265, 3.015, 7.265, 3.015], "texture": "#1"},
				"south": {"uv": [8.985, 2.875, 8.515, 2.765], "texture": "#1"},
				"west": {"uv": [8.7375, 2.875, 8.515, 2.765], "texture": "#1"},
				"up": {"uv": [8.985, 2.9875, 8.515, 2.765], "texture": "#1"},
				"down": {"uv": [8.985, 2.9875, 8.515, 2.765], "texture": "#1"}
			}
		},
		{
			"name": "stuff",
			"from": [2.4, 0.59457, 7.31941],
			"to": [3.4, 1.34457, 11.31941],
			"rotation": {"angle": 0, "axis": "y", "origin": [8, 0, 8]},
			"faces": {
				"north": {"uv": [8.985, 2.9875, 8.515, 2.765], "texture": "#1"},
				"east": {"uv": [11.765, 10.265, 7.765, 9.515], "texture": "#2"},
				"south": {"uv": [8.515, 9.265, 7.515, 8.515], "texture": "#2"},
				"west": {"uv": [8.735, 9.6875, 7.765, 9.515], "texture": "#2"},
				"up": {"uv": [7.735, 9.485, 7.515, 8.515], "texture": "#2"},
				"down": {"uv": [8.515, 12.515, 7.515, 8.515], "texture": "#2"}
			}
		},
		{
			"name": "stuff",
			"from": [5.9, 0.59457, 4.86941],
			"to": [6.4, 0.84457, 5.86941],
			"rotation": {"angle": 0, "axis": "y", "origin": [8, 0, 8]},
			"faces": {
				"north": {"uv": [7.265, 3.015, 7.265, 3.015], "texture": "#1"},
				"east": {"uv": [7.265, 3.015, 7.265, 3.015], "texture": "#1"},
				"south": {"uv": [0.515, 0.265, 0.515, 0.265], "texture": "#1"},
				"west": {"uv": [8.485, 3.485, 8.375, 3.265], "texture": "#1"},
				"up": {"uv": [8.625, 2.985, 8.515, 2.765], "texture": "#1"},
				"down": {"uv": [8.485, 3.485, 8.375, 3.265], "texture": "#1"}
			}
		},
		{
			"name": "stuff",
			"from": [5.1444, 0.59457, 4.86941],
			"to": [5.6444, 0.84457, 5.86941],
			"rotation": {"angle": 0, "axis": "y", "origin": [8, 0, 8]},
			"faces": {
				"north": {"uv": [7.265, 3.015, 7.265, 3.015], "texture": "#1"},
				"east": {"uv": [7.265, 3.015, 7.265, 3.015], "texture": "#1"},
				"south": {"uv": [0.515, 0.265, 0.515, 0.265], "texture": "#1"},
				"west": {"uv": [8.485, 3.485, 8.375, 3.265], "texture": "#1"},
				"up": {"uv": [8.625, 2.985, 8.515, 2.765], "texture": "#1"},
				"down": {"uv": [8.485, 3.485, 8.375, 3.265], "texture": "#1"}
			}
		},
		{
			"name": "stuff",
			"from": [4.4, 0.59457, 4.86941],
			"to": [4.9, 0.84457, 5.86941],
			"rotation": {"angle": 0, "axis": "y", "origin": [8, 0, 8]},
			"faces": {
				"north": {"uv": [7.265, 3.015, 7.265, 3.015], "texture": "#1"},
				"east": {"uv": [7.265, 3.015, 7.265, 3.015], "texture": "#1"},
				"south": {"uv": [0.515, 0.265, 0.515, 0.265], "texture": "#1"},
				"west": {"uv": [8.735, 2.875, 8.515, 2.765], "texture": "#1"},
				"up": {"uv": [8.485, 3.485, 8.375, 3.265], "texture": "#1"},
				"down": {"uv": [8.485, 3.485, 8.375, 3.265], "texture": "#1"}
			}
		},
		{
			"name": "stuff",
			"from": [4.4, 0.59457, 5.86941],
			"to": [6.4, 0.84457, 6.81941],
			"rotation": {"angle": 0, "axis": "y", "origin": [8, 0, 8]},
			"faces": {
				"north": {"uv": [8.985, 2.875, 8.515, 2.765], "texture": "#1"},
				"east": {"uv": [7.265, 3.015, 7.265, 3.015], "texture": "#1"},
				"south": {"uv": [8.985, 2.875, 8.515, 2.765], "texture": "#1"},
				"west": {"uv": [8.7375, 2.875, 8.515, 2.765], "texture": "#1"},
				"up": {"uv": [8.985, 2.9875, 8.515, 2.765], "texture": "#1"},
				"down": {"uv": [8.985, 2.9875, 8.515, 2.765], "texture": "#1"}
			}
		},
		{
			"name": "stuff",
			"from": [4.9, 0.59457, 6.81941],
			"to": [5.9, 1.34457, 10.81941],
			"rotation": {"angle": 0, "axis": "y", "origin": [8, 0, 8]},
			"faces": {
				"north": {"uv": [8.985, 2.9875, 8.515, 2.765], "texture": "#1"},
				"east": {"uv": [11.765, 10.265, 7.765, 9.515], "texture": "#2"},
				"south": {"uv": [8.515, 9.265, 7.515, 8.515], "texture": "#2"},
				"west": {"uv": [8.735, 9.6875, 7.765, 9.515], "texture": "#2"},
				"up": {"uv": [7.735, 9.485, 7.515, 8.515], "texture": "#2"},
				"down": {"uv": [8.515, 12.515, 7.515, 8.515], "texture": "#2"}
			}
		},
		{
			"name": "stuff",
			"from": [7.05, 0.59457, 7.81941],
			"to": [8.05, 1.09457, 11.81941],
			"rotation": {"angle": 0, "axis": "y", "origin": [8, 0, 8]},
			"faces": {
				"north": {"uv": [8.985, 2.9875, 8.515, 2.765], "texture": "#1"},
				"east": {"uv": [11.765, 10.015, 7.765, 9.515], "texture": "#2"},
				"south": {"uv": [8.515, 9.015, 7.515, 8.515], "texture": "#2"},
				"west": {"uv": [8.735, 9.6875, 7.765, 9.515], "texture": "#2"},
				"up": {"uv": [7.735, 9.485, 7.515, 8.515], "texture": "#2"},
				"down": {"uv": [8.515, 12.515, 7.515, 8.515], "texture": "#2"}
			}
		},
		{
			"name": "stuff",
			"from": [7.05, 0.59457, 3.81941],
			"to": [8.05, 0.84457, 7.81941],
			"rotation": {"angle": 0, "axis": "y", "origin": [8, 0, 8]},
			"faces": {
				"north": {"uv": [7.735, 8.6875, 7.515, 8.515], "texture": "#1"},
				"east": {"uv": [8.735, 9.6875, 7.765, 9.515], "texture": "#1"},
				"south": {"uv": [7.735, 8.6875, 7.515, 8.515], "texture": "#1"},
				"west": {"uv": [8.735, 9.6875, 7.765, 9.515], "texture": "#1"},
				"up": {"uv": [7.735, 9.485, 7.515, 8.515], "texture": "#1"},
				"down": {"uv": [7.735, 9.485, 7.515, 8.515], "texture": "#1"}
			}
		},
		{
			"name": "stuff",
			"from": [8.05, 0.59457, 4.71941],
			"to": [9.05, 0.84457, 8.71941],
			"rotation": {"angle": 0, "axis": "y", "origin": [8, 0, 8]},
			"faces": {
				"north": {"uv": [7.735, 8.6875, 7.515, 8.515], "texture": "#1"},
				"east": {"uv": [8.735, 9.6875, 7.765, 9.515], "texture": "#1"},
				"south": {"uv": [7.735, 8.6875, 7.515, 8.515], "texture": "#1"},
				"west": {"uv": [8.735, 9.6875, 7.765, 9.515], "texture": "#1"},
				"up": {"uv": [7.735, 9.485, 7.515, 8.515], "texture": "#1"},
				"down": {"uv": [7.735, 9.485, 7.515, 8.515], "texture": "#1"}
			}
		}
	],
	"display": {
		"thirdperson_righthand": {
			"rotation": [70, 0, 0],
			"translation": [-6, 6.25, 6.25]
		},
		"firstperson_righthand": {
			"translation": [-9, 6.25, 0]
		},
		"ground": {
			"translation": [0, 4, 0]
		},
		"gui": {
			"rotation": [40, 24, 0],
			"translation": [0, 5, 0]
		},
		"fixed": {
			"rotation": [-90, 0, 0],
			"translation": [0, 0, -15],
			"scale": [2, 2, 2]
		}
	},
	"groups": [
		0,
		{
			"name": "stuff",
			"origin": [2.4, 0, -2],
			"color": 1,
			"children": [
				{
					"name": "spoon",
					"origin": [8, 0, 8],
					"color": 0,
					"children": [1, 2]
				},
				{
					"name": "spoon",
					"origin": [8, 0, 8],
					"color": 0,
					"children": [3, 4]
				},
				{
					"name": "fork",
					"origin": [8, 0, 8],
					"color": 0,
					"children": [5, 6, 7, 8, 9]
				},
				{
					"name": "fork",
					"origin": [8, 0, 8],
					"color": 0,
					"children": [10, 11, 12, 13, 14, 15, 16, 17]
				}
			]
		}
	]
}