{
	"credit": "Made with Blockbench",
	"textures": {
		"0": "block/birch_log",
		"1": "block/birch_log_top",
		"particle": "block/birch_log"
	},
	"elements": [
		{
			"from": [8, 6, 8],
			"to": [14, 10, 14],
			"faces": {
				"north": {"uv": [2, 6, 8, 10], "texture": "#0"},
				"east": {"uv": [2, 6, 8, 10], "texture": "#0"},
				"south": {"uv": [8, 6, 14, 10], "texture": "#0"},
				"west": {"uv": [8, 6, 14, 10], "texture": "#0"},
				"up": {"uv": [10, 10, 16, 16], "texture": "#1"},
				"down": {"uv": [10, 0, 16, 6], "texture": "#1"}
			}
		},
		{
			"from": [8, 6, 2],
			"to": [14, 10, 8],
			"faces": {
				"north": {"uv": [2, 6, 8, 10], "texture": "#0"},
				"east": {"uv": [8, 6, 14, 10], "texture": "#0"},
				"south": {"uv": [8, 6, 14, 10], "texture": "#0"},
				"west": {"uv": [2, 6, 8, 10], "texture": "#0"},
				"up": {"uv": [10, 0, 16, 6], "texture": "#1"},
				"down": {"uv": [10, 10, 16, 16], "texture": "#1"}
			}
		},
		{
			"from": [2, 6, 8],
			"to": [8, 10, 14],
			"faces": {
				"north": {"uv": [8, 6, 14, 10], "texture": "#0"},
				"east": {"uv": [2, 6, 8, 10], "texture": "#0"},
				"south": {"uv": [2, 6, 8, 10], "texture": "#0"},
				"west": {"uv": [8, 6, 14, 10], "texture": "#0"},
				"up": {"uv": [0, 10, 6, 16], "texture": "#1"},
				"down": {"uv": [0, 0, 6, 6], "texture": "#1"}
			}
		},
		{
			"from": [2, 6, 2],
			"to": [8, 10, 8],
			"faces": {
				"north": {"uv": [8, 6, 14, 10], "texture": "#0"},
				"east": {"uv": [8, 6, 14, 10], "texture": "#0"},
				"south": {"uv": [2, 6, 8, 10], "texture": "#0"},
				"west": {"uv": [2, 6, 8, 10], "texture": "#0"},
				"up": {"uv": [0, 0, 6, 6], "texture": "#1"},
				"down": {"uv": [0, 10, 6, 16], "texture": "#1"}
			}
		},
		{
			"from": [3, 0, 10],
			"to": [6, 6, 13],
			"faces": {
				"north": {"uv": [10, 10, 13, 16], "texture": "#0"},
				"east": {"uv": [3, 10, 6, 16], "texture": "#0"},
				"south": {"uv": [3, 10, 6, 16], "texture": "#0"},
				"west": {"uv": [10, 10, 13, 16], "texture": "#0"},
				"down": {"uv": [3, 3, 6, 6], "texture": "#0"}
			}
		},
		{
			"from": [3, 0, 3],
			"to": [6, 6, 6],
			"faces": {
				"north": {"uv": [10, 10, 13, 16], "texture": "#0"},
				"east": {"uv": [10, 10, 13, 16], "texture": "#0"},
				"south": {"uv": [3, 10, 6, 16], "texture": "#0"},
				"west": {"uv": [3, 10, 6, 16], "texture": "#0"},
				"down": {"uv": [3, 10, 6, 13], "texture": "#0"}
			}
		},
		{
			"from": [10, 0, 3],
			"to": [13, 6, 6],
			"faces": {
				"north": {"uv": [3, 10, 6, 16], "texture": "#0"},
				"east": {"uv": [10, 10, 13, 16], "texture": "#0"},
				"south": {"uv": [10, 10, 13, 16], "texture": "#0"},
				"west": {"uv": [3, 10, 6, 16], "texture": "#0"},
				"down": {"uv": [10, 10, 13, 13], "texture": "#0"}
			}
		},
		{
			"from": [10, 0, 10],
			"to": [13, 6, 13],
			"faces": {
				"north": {"uv": [3, 10, 6, 16], "texture": "#0"},
				"east": {"uv": [3, 10, 6, 16], "texture": "#0"},
				"south": {"uv": [10, 10, 13, 16], "texture": "#0"},
				"west": {"uv": [10, 10, 13, 16], "texture": "#0"},
				"down": {"uv": [10, 3, 13, 6], "texture": "#0"}
			}
		}
	],
	"display": {
		"ground": {
			"rotation": [0, 0, -3],
			"scale": [0.8, 0.8, 0.8]
		},
		"gui": {
			"rotation": [25, 35, 0],
			"translation": [0, 1, 0],
			"scale": [0.6, 0.6, 0.6]
		},
		"fixed": {
			"rotation": [-90, 0, 0],
			"translation": [0, 0, -15],
			"scale": [2, 2, 2]
		}
	},
	"groups": [
		{
			"name": "group",
			"origin": [0, 0, 0],
			"color": 0,
			"children": [0, 1, 2, 3]
		},
		{
			"name": "group",
			"origin": [0, 0, 0],
			"color": 0,
			"children": [4, 5, 6, 7]
		}
	]
}