{
	"credit": "Made with Blockbench",
	"textures": {
		"0": "block/white_wool",
		"1": "block/stripped_birch_log",
		"particle": "block/white_wool"
	},
	"elements": [
		{
			"from": [3, 13.00103, 6.98408],
			"to": [13, 25.00103, 10.98408],
			"rotation": {"angle": 22.5, "axis": "x", "origin": [0, 0.00103, 2.98408]},
			"faces": {
				"north": {"uv": [3, 2, 13, 14], "texture": "#0"},
				"east": {"uv": [6, 2, 10, 14], "texture": "#0"},
				"south": {"uv": [3, 2, 13, 14], "texture": "#0"},
				"west": {"uv": [6, 2, 10, 14], "texture": "#0"},
				"up": {"uv": [3, 6, 13, 10], "texture": "#0"}
			}
		},
		{
			"from": [3, 8.95, 3],
			"to": [13, 12.95, 15.35],
			"rotation": {"angle": 0, "axis": "x", "origin": [0, 0, 3]},
			"faces": {
				"north": {"uv": [3, 3, 13, 7], "texture": "#0"},
				"east": {"uv": [2, 3, 14, 7], "texture": "#0"},
				"west": {"uv": [2, 3, 14, 7], "texture": "#0"},
				"up": {"uv": [3, 2, 13, 14], "texture": "#0"},
				"down": {"uv": [3, 2, 13, 14], "texture": "#0"}
			}
		},
		{
			"from": [1, 14.36179, 8.09915],
			"to": [15, 27.36179, 10.09915],
			"rotation": {"angle": 22.5, "axis": "x", "origin": [16, 0.36179, 3.09915]},
			"faces": {
				"north": {"uv": [1, 0, 15, 13], "texture": "#1"},
				"east": {"uv": [0, 13, 2, 0], "texture": "#1"},
				"south": {"uv": [1, 0, 15, 13], "texture": "#1"},
				"west": {"uv": [2, 13, 0, 0], "texture": "#1"},
				"up": {"uv": [1, 8, 15, 10], "texture": "#1"}
			}
		},
		{
			"from": [1, 10, 1],
			"to": [15, 12, 14],
			"rotation": {"angle": 0, "axis": "x", "origin": [16, 0, 3]},
			"faces": {
				"north": {"uv": [1, 4, 15, 6], "texture": "#1"},
				"east": {"uv": [1, 0, 14, 2], "texture": "#1"},
				"west": {"uv": [14, 0, 1, 2], "texture": "#1"},
				"up": {"uv": [1, 1, 15, 14], "texture": "#1"},
				"down": {"uv": [1, 2, 15, 15], "texture": "#1"}
			}
		},
		{
			"from": [1, 0, 1],
			"to": [3, 10, 3],
			"rotation": {"angle": 0, "axis": "y", "origin": [0, 0, 3]},
			"faces": {
				"north": {"uv": [13, 6, 15, 16], "texture": "#1"},
				"east": {"uv": [13, 6, 15, 16], "texture": "#1"},
				"south": {"uv": [1, 6, 3, 16], "texture": "#1"},
				"west": {"uv": [1, 6, 3, 16], "texture": "#1"},
				"down": {"uv": [1, 13, 3, 15], "texture": "#1"}
			}
		},
		{
			"from": [13, 0, 13],
			"to": [15, 11, 15],
			"rotation": {"angle": 0, "axis": "y", "origin": [0, 0, 3]},
			"faces": {
				"north": {"uv": [1, 5, 3, 16], "texture": "#1"},
				"east": {"uv": [0, 0, 2, 11], "texture": "#1"},
				"south": {"uv": [13, 5, 15, 16], "texture": "#1"},
				"west": {"uv": [13, 5, 15, 16], "texture": "#1"},
				"down": {"uv": [13, 1, 15, 3], "texture": "#1"}
			}
		},
		{
			"from": [1, 0, 13],
			"to": [3, 11, 15],
			"rotation": {"angle": 0, "axis": "y", "origin": [16, 0, 3]},
			"faces": {
				"north": {"uv": [13, 5, 15, 16], "texture": "#1"},
				"east": {"uv": [1, 5, 3, 16], "texture": "#1"},
				"south": {"uv": [1, 5, 3, 16], "texture": "#1"},
				"west": {"uv": [2, 0, 0, 11], "texture": "#1"},
				"down": {"uv": [1, 1, 3, 3], "texture": "#1"}
			}
		},
		{
			"from": [13, 0, 1],
			"to": [15, 10, 3],
			"rotation": {"angle": 0, "axis": "y", "origin": [0, 0, 3]},
			"faces": {
				"north": {"uv": [1, 6, 3, 16], "texture": "#1"},
				"east": {"uv": [13, 6, 15, 16], "texture": "#1"},
				"south": {"uv": [13, 6, 15, 16], "texture": "#1"},
				"west": {"uv": [1, 6, 3, 16], "texture": "#1"},
				"down": {"uv": [13, 13, 15, 15], "texture": "#1"}
			}
		},
		{
			"from": [-2, 2, 2.3],
			"to": [-1, 3, 18.3],
			"rotation": {"angle": 45, "axis": "y", "origin": [0, 1, -2]},
			"faces": {
				"east": {"uv": [0, 0, 16, 1], "texture": "#1"},
				"west": {"uv": [0, 0, 16, 1], "texture": "#1"},
				"up": {"uv": [0, 0, 1, 16], "texture": "#1"},
				"down": {"uv": [0, 0, 1, 16], "texture": "#1"}
			}
		},
		{
			"from": [17, 2, 2.3],
			"to": [18, 3, 18.3],
			"rotation": {"angle": -45, "axis": "y", "origin": [16, 1, -2]},
			"faces": {
				"east": {"uv": [0, 0, 16, 1], "texture": "#1"},
				"west": {"uv": [0, 0, 16, 1], "texture": "#1"},
				"up": {"uv": [0, 0, 1, 16], "texture": "#1"},
				"down": {"uv": [0, 0, 1, 16], "texture": "#1"}
			}
		}
	],
	"display": {
		"firstperson_righthand": {
			"scale": [0.5, 0.5, 0.5]
		},
		"firstperson_lefthand": {
			"scale": [0.5, 0.5, 0.5]
		},
		"ground": {
			"scale": [0.5, 0.5, 0.5]
		},
		"gui": {
			"rotation": [25, 135, 0],
			"translation": [0, -1.25, 0],
			"scale": [0.35, 0.35, 0.35]
		},
		"fixed": {
			"rotation": [-90, 0, 0],
			"translation": [0, 0, -15],
			"scale": [2, 2, 2]
		}
	},
	"groups": [0, 1, 2, 3, 4, 5, 6, 7,
		{
			"name": "group",
			"origin": [16, 0, 0],
			"color": 0,
			"children": [8, 9]
		}
	]
}