{
	"credit": "Made with Blockbench",
	"textures": {
		"0": "block/stripped_oak_log",
		"1": "block/oak_log",
		"particle": "block/stripped_oak_log"
	},
	"elements": [
		{
			"name": "left1",
			"from": [14, 0, 16],
			"to": [16, 1, 32],
			"faces": {
				"north": {"uv": [0, 0, 2, 16], "texture": "#0"},
				"east": {"uv": [15, 0, 16, 16], "rotation": 90, "texture": "#0"},
				"south": {"uv": [14, 15, 16, 16], "texture": "#0"},
				"west": {"uv": [14, 0, 15, 16], "rotation": 270, "texture": "#0"},
				"up": {"uv": [14, 0, 16, 16], "texture": "#0"},
				"down": {"uv": [14, 0, 16, 16], "texture": "#0"}
			}
		},
		{
			"name": "left2",
			"from": [14, 0, 0],
			"to": [16, 1, 16],
			"faces": {
				"north": {"uv": [14, 0, 16, 1], "rotation": 180, "texture": "#0"},
				"east": {"uv": [15, 0, 16, 16], "rotation": 90, "texture": "#0"},
				"south": {"uv": [0, 0, 2, 16], "texture": "#0"},
				"west": {"uv": [14, 0, 15, 16], "rotation": 270, "texture": "#0"},
				"up": {"uv": [14, 0, 16, 16], "texture": "#0"},
				"down": {"uv": [14, 0, 16, 16], "texture": "#0"}
			}
		},
		{
			"name": "right1",
			"from": [0, 0, 16],
			"to": [2, 1, 32],
			"rotation": {"angle": 0, "axis": "y", "origin": [-7, 8, 8]},
			"faces": {
				"north": {"uv": [0, 0, 2, 16], "texture": "#0"},
				"east": {"uv": [1, 0, 2, 16], "rotation": 90, "texture": "#0"},
				"south": {"uv": [0, 15, 2, 16], "texture": "#0"},
				"west": {"uv": [0, 0, 1, 16], "rotation": 270, "texture": "#0"},
				"up": {"uv": [0, 0, 2, 16], "texture": "#0"},
				"down": {"uv": [0, 0, 2, 16], "texture": "#0"}
			}
		},
		{
			"name": "right2",
			"from": [0, 0, 0],
			"to": [2, 1, 16],
			"rotation": {"angle": 0, "axis": "y", "origin": [-7, 8, 8]},
			"faces": {
				"north": {"uv": [0, 0, 2, 1], "rotation": 180, "texture": "#0"},
				"east": {"uv": [1, 0, 2, 16], "rotation": 90, "texture": "#0"},
				"south": {"uv": [0, 0, 2, 16], "texture": "#0"},
				"west": {"uv": [0, 0, 1, 16], "rotation": 270, "texture": "#0"},
				"up": {"uv": [0, 0, 2, 16], "texture": "#0"},
				"down": {"uv": [0, 0, 2, 16], "texture": "#0"}
			}
		},
		{
			"name": "top",
			"from": [2, 0, 30],
			"to": [14, 1, 32],
			"rotation": {"angle": 0, "axis": "y", "origin": [15, 8, 39]},
			"faces": {
				"north": {"uv": [2, 14, 14, 15], "texture": "#0"},
				"east": {"uv": [2, 14, 14, 16], "texture": "#0"},
				"south": {"uv": [2, 15, 14, 16], "texture": "#0"},
				"west": {"uv": [2, 14, 14, 16], "texture": "#0"},
				"up": {"uv": [2, 14, 14, 16], "texture": "#0"},
				"down": {"uv": [2, 0, 14, 2], "texture": "#0"}
			}
		},
		{
			"name": "bottom",
			"from": [2, 0, 0],
			"to": [14, 1, 2],
			"rotation": {"angle": 0, "axis": "y", "origin": [15, 8, 8]},
			"faces": {
				"north": {"uv": [2, 0, 14, 1], "rotation": 180, "texture": "#0"},
				"east": {"uv": [0, 0, 12, 2], "texture": "#0"},
				"south": {"uv": [2, 1, 14, 2], "texture": "#0"},
				"west": {"uv": [0, 0, 12, 2], "texture": "#0"},
				"up": {"uv": [2, 0, 14, 2], "texture": "#0"},
				"down": {"uv": [2, 14, 14, 16], "texture": "#0"}
			}
		},
		{
			"name": "base1",
			"from": [3, 0, 29],
			"to": [13, 0.5, 30],
			"rotation": {"angle": 0, "axis": "y", "origin": [13, 8, 12]},
			"faces": {
				"north": {"uv": [7, 4, 14, 14], "texture": "#1"},
				"east": {"uv": [4, 13, 13, 14], "texture": "#1"},
				"south": {"uv": [2, 13, 11, 14], "texture": "#1"},
				"west": {"uv": [13, 3, 14, 14], "texture": "#1"},
				"up": {"uv": [0, 3, 1, 13], "rotation": 90, "texture": "#1"},
				"down": {"uv": [0, 3, 1, 13], "rotation": 90, "texture": "#1"}
			}
		},
		{
			"name": "base2",
			"from": [13, 0, 2],
			"to": [14, 0.5, 16],
			"rotation": {"angle": 0, "axis": "y", "origin": [14, 8, -8]},
			"faces": {
				"north": {"uv": [8, 2, 14, 12], "texture": "#1"},
				"east": {"uv": [8, 2, 14, 12], "texture": "#1"},
				"south": {"uv": [8, 2, 14, 12], "texture": "#1"},
				"west": {"uv": [8, 2, 14, 12], "texture": "#1"},
				"up": {"uv": [15, 1, 16, 15], "texture": "#1"},
				"down": {"uv": [0, 1, 1, 15], "texture": "#1"}
			}
		},
		{
			"name": "base3",
			"from": [2, 0, 16],
			"to": [3, 0.5, 30],
			"rotation": {"angle": 0, "axis": "y", "origin": [2, 8, 27]},
			"faces": {
				"north": {"uv": [2, 3, 9, 14], "texture": "#1"},
				"east": {"uv": [2, 3, 9, 14], "texture": "#1"},
				"south": {"uv": [2, 3, 9, 14], "texture": "#1"},
				"west": {"uv": [2, 3, 9, 14], "texture": "#1"},
				"up": {"uv": [0, 1, 1, 15], "texture": "#1"},
				"down": {"uv": [15, 1, 16, 15], "texture": "#1"}
			}
		},
		{
			"name": "base4",
			"from": [3, 0, 2],
			"to": [13, 0.5, 3],
			"rotation": {"angle": 0, "axis": "y", "origin": [3, 8, 12]},
			"faces": {
				"north": {"uv": [2, 2, 8, 12], "texture": "#1"},
				"east": {"uv": [2, 2, 8, 12], "texture": "#1"},
				"south": {"uv": [2, 2, 8, 12], "texture": "#1"},
				"west": {"uv": [2, 2, 8, 12], "texture": "#1"},
				"up": {"uv": [15, 3, 16, 13], "texture": "#1"},
				"down": {"uv": [15, 3, 16, 13], "texture": "#1"}
			}
		},
		{
			"name": "basemiddle1",
			"from": [13, 0, 16],
			"to": [14, 0.5, 30],
			"rotation": {"angle": 0, "axis": "y", "origin": [9, 8, 23]},
			"faces": {
				"north": {"uv": [2, 2, 8, 12], "texture": "#1"},
				"east": {"uv": [3, 13, 13, 14], "texture": "#1"},
				"south": {"uv": [2, 2, 8, 12], "texture": "#1"},
				"west": {"uv": [2, 2, 8, 12], "texture": "#1"},
				"up": {"uv": [15, 1, 16, 15], "texture": "#1"},
				"down": {"uv": [0, 1, 1, 15], "texture": "#1"}
			}
		},
		{
			"name": "basemiddle2",
			"from": [2, 0, 2],
			"to": [3, 0.5, 16],
			"rotation": {"angle": 0, "axis": "y", "origin": [-2, 8, 12]},
			"faces": {
				"north": {"uv": [2, 2, 8, 12], "texture": "#1"},
				"east": {"uv": [3, 13, 13, 14], "texture": "#1"},
				"south": {"uv": [2, 2, 8, 12], "texture": "#1"},
				"west": {"uv": [2, 2, 8, 12], "texture": "#1"},
				"up": {"uv": [0, 1, 1, 15], "texture": "#1"},
				"down": {"uv": [15, 1, 16, 15], "texture": "#1"}
			}
		},
		{
			"name": "abovebase1",
			"from": [3, 0, 16],
			"to": [13, 1, 29],
			"rotation": {"angle": 0, "axis": "y", "origin": [10, 8, 10]},
			"faces": {
				"north": {"uv": [3, 3, 13, 16], "texture": "#0"},
				"east": {"uv": [12, 0, 13, 13], "rotation": 90, "texture": "#0"},
				"south": {"uv": [3, 12, 13, 13], "texture": "#0"},
				"west": {"uv": [3, 0, 4, 13], "rotation": 270, "texture": "#0"},
				"up": {"uv": [3, 0, 13, 13], "texture": "#0"},
				"down": {"uv": [3, 3, 13, 16], "texture": "#0"}
			}
		},
		{
			"name": "abovebase2",
			"from": [3, 0, 3],
			"to": [13, 1, 16],
			"rotation": {"angle": 0, "axis": "y", "origin": [10, 8, 10]},
			"faces": {
				"north": {"uv": [3, 2, 13, 3], "texture": "#0"},
				"east": {"uv": [12, 3, 13, 16], "rotation": 90, "texture": "#0"},
				"south": {"uv": [3, 0, 13, 13], "texture": "#0"},
				"west": {"uv": [3, 3, 4, 16], "rotation": 270, "texture": "#0"},
				"up": {"uv": [3, 3, 13, 16], "texture": "#0"},
				"down": {"uv": [3, 0, 13, 13], "texture": "#0"}
			}
		},
		{
			"name": "handle",
			"from": [14.5, 1, 14],
			"to": [15.5, 2, 18],
			"rotation": {"angle": 0, "axis": "y", "origin": [22, 9, 25]},
			"faces": {
				"north": {"uv": [1, 1, 2, 2], "texture": "#1"},
				"east": {"uv": [1, 1, 2, 5], "rotation": 90, "texture": "#1"},
				"south": {"uv": [1, 4, 2, 5], "texture": "#1"},
				"west": {"uv": [1, 1, 2, 5], "rotation": 270, "texture": "#1"},
				"up": {"uv": [1, 1, 2, 5], "texture": "#1"},
				"down": {"uv": [1, 1, 2, 5], "texture": "#1"}
			}
		}
	],
	"gui_light": "front",
	"display": {
		"thirdperson_righthand": {
			"rotation": [90, 0, 0],
			"translation": [0, 10, 3.5],
			"scale": [0.5, 0.5, 0.5]
		},
		"thirdperson_lefthand": {
			"rotation": [90, 0, 0],
			"translation": [0, 10, 3.5],
			"scale": [0.5, 0.5, 0.5]
		},
		"ground": {
			"scale": [0.5, 0.5, 0.5]
		},
		"gui": {
			"rotation": [90, -180, 0],
			"translation": [0, -4, 0],
			"scale": [0.5, 0.5, 0.5]
		},
		"head": {
			"translation": [0, 13.5, 0]
		},
		"fixed": {
			"rotation": [-90, 0, 0],
			"translation": [0, 0, -14],
			"scale": [2, 2, 2]
		}
	}
}