{
	"credit": "Made with Blockbench",
	"textures": {
		"0": "block/stripped_dark_oak_log",
		"particle": "block/stripped_dark_oak_log"
	},
	"elements": [
		{
			"from": [14, -6, 4],
			"to": [16, 8, 6],
			"rotation": {"angle": 22.5, "axis": "x", "origin": [0, 0, -3]},
			"faces": {
				"north": {"uv": [0, 2, 2, 16], "texture": "#0"},
				"east": {"uv": [0, 2, 2, 16], "texture": "#0"},
				"south": {"uv": [14, 2, 16, 16], "texture": "#0"},
				"west": {"uv": [14, 2, 16, 16], "texture": "#0"},
				"down": {"uv": [0, 0, 2, 2], "texture": "#0"}
			}
		},
		{
			"from": [14, 10, 4],
			"to": [16, 26, 6],
			"rotation": {"angle": 22.5, "axis": "x", "origin": [0, 0, -3]},
			"faces": {
				"north": {"uv": [0, 0, 2, 16], "texture": "#0"},
				"east": {"uv": [0, 0, 2, 16], "texture": "#0"},
				"south": {"uv": [14, 0, 16, 16], "texture": "#0"},
				"west": {"uv": [14, 0, 16, 16], "texture": "#0"},
				"up": {"uv": [0, 0, 2, 2], "texture": "#0"}
			}
		},
		{
			"from": [0, -6, 4],
			"to": [2, 8, 6],
			"rotation": {"angle": 22.5, "axis": "x", "origin": [0, 0, -3]},
			"faces": {
				"north": {"uv": [14, 2, 16, 16], "texture": "#0"},
				"east": {"uv": [0, 2, 2, 16], "texture": "#0"},
				"south": {"uv": [0, 2, 2, 16], "texture": "#0"},
				"west": {"uv": [14, 2, 16, 16], "texture": "#0"},
				"down": {"uv": [14, 0, 16, 2], "texture": "#0"}
			}
		},
		{
			"from": [0, 10, 4],
			"to": [2, 26, 6],
			"rotation": {"angle": 22.5, "axis": "x", "origin": [0, 0, -3]},
			"faces": {
				"north": {"uv": [14, 0, 16, 16], "texture": "#0"},
				"east": {"uv": [0, 0, 2, 16], "texture": "#0"},
				"south": {"uv": [0, 0, 2, 16], "texture": "#0"},
				"west": {"uv": [14, 0, 16, 16], "texture": "#0"},
				"up": {"uv": [0, 0, 2, 2], "texture": "#0"}
			}
		},
		{
			"from": [2, -2, 4],
			"to": [14, 0, 6],
			"rotation": {"angle": 22.5, "axis": "x", "origin": [0, 0, -3]},
			"faces": {
				"north": {"uv": [2, 10, 14, 12], "texture": "#0"},
				"south": {"uv": [2, 10, 14, 12], "texture": "#0"},
				"up": {"uv": [2, 10, 14, 12], "texture": "#0"},
				"down": {"uv": [2, 10, 14, 12], "texture": "#0"}
			}
		},
		{
			"from": [2, 22, 4],
			"to": [14, 24, 6],
			"rotation": {"angle": 22.5, "axis": "x", "origin": [0, 0, -3]},
			"faces": {
				"north": {"uv": [2, 2, 14, 4], "texture": "#0"},
				"south": {"uv": [2, 2, 14, 4], "texture": "#0"},
				"up": {"uv": [2, 2, 14, 4], "texture": "#0"},
				"down": {"uv": [2, 2, 14, 4], "texture": "#0"}
			}
		},
		{
			"from": [0, 8, 2],
			"to": [16, 10, 6],
			"rotation": {"angle": 22.5, "axis": "x", "origin": [0, 0, -3]},
			"faces": {
				"north": {"uv": [0, 0, 16, 2], "texture": "#0"},
				"east": {"uv": [0, 0, 4, 2], "texture": "#0"},
				"south": {"uv": [0, 0, 16, 2], "texture": "#0"},
				"west": {"uv": [12, 0, 16, 2], "texture": "#0"},
				"up": {"uv": [0, 5, 16, 9], "texture": "#0"},
				"down": {"uv": [0, 6, 16, 10], "texture": "#0"}
			}
		},
		{
			"from": [7, 0, 4],
			"to": [9, 8, 6],
			"rotation": {"angle": 22.5, "axis": "x", "origin": [0, 0, -3]},
			"faces": {
				"north": {"uv": [7, 2, 9, 10], "texture": "#0"},
				"east": {"uv": [7, 2, 9, 10], "texture": "#0"},
				"south": {"uv": [7, 2, 9, 10], "texture": "#0"},
				"west": {"uv": [7, 2, 9, 10], "texture": "#0"}
			}
		},
		{
			"from": [7, 10, 4],
			"to": [9, 22, 6],
			"rotation": {"angle": 22.5, "axis": "x", "origin": [0, 0, -3]},
			"faces": {
				"north": {"uv": [7, 4, 9, 16], "texture": "#0"},
				"east": {"uv": [7, 4, 9, 16], "texture": "#0"},
				"south": {"uv": [7, 4, 9, 16], "texture": "#0"},
				"west": {"uv": [7, 4, 9, 16], "texture": "#0"}
			}
		},
		{
			"from": [7, 24, 4],
			"to": [9, 32, 6],
			"rotation": {"angle": 22.5, "axis": "x", "origin": [0, 0, -3]},
			"faces": {
				"north": {"uv": [7, 0, 9, 8], "texture": "#0"},
				"east": {"uv": [7, 0, 9, 8], "texture": "#0"},
				"south": {"uv": [7, 0, 9, 8], "texture": "#0"},
				"west": {"uv": [7, 0, 9, 8], "texture": "#0"},
				"up": {"uv": [7, 0, 9, 2], "texture": "#0"}
			}
		},
		{
			"from": [7.1, 4, 12.1],
			"to": [8.9, 18, 14.1],
			"rotation": {"angle": 0, "axis": "x", "origin": [0, 0, -3]},
			"faces": {
				"north": {"uv": [7, 2, 9, 16], "texture": "#0"},
				"east": {"uv": [7, 2, 9, 16], "texture": "#0"},
				"south": {"uv": [7, 2, 9, 16], "texture": "#0"},
				"west": {"uv": [7, 2, 9, 16], "texture": "#0"}
			}
		},
		{
			"from": [7.1, -9, 12.1],
			"to": [8.9, 4, 14.1],
			"rotation": {"angle": 0, "axis": "x", "origin": [0, 0, -3]},
			"faces": {
				"north": {"uv": [7, 0, 9, 13], "texture": "#0"},
				"east": {"uv": [7, 0, 9, 13], "texture": "#0"},
				"south": {"uv": [7, 0, 9, 13], "texture": "#0"},
				"west": {"uv": [7, 0, 9, 13], "texture": "#0"},
				"down": {"uv": [7, 2, 9, 4], "texture": "#0"}
			}
		}
	],
	"display": {
		"firstperson_righthand": {
			"scale": [0.5, 0.5, 0.5]
		},
		"firstperson_lefthand": {
			"scale": [0.5, 0.5, 0.5]
		},
		"ground": {
			"scale": [0.5, 0.5, 0.5]
		},
		"gui": {
			"rotation": [25, 135, 0],
			"scale": [0.3, 0.3, 0.3]
		},
		"fixed": {
			"rotation": [-90, 0, 0],
			"translation": [0, 0, -33],
			"scale": [2, 2, 2]
		}
	},
	"groups": [
		{
			"name": "group",
			"origin": [0, 0, 0],
			"color": 0,
			"children": [0, 1, 2, 3, 4, 5, 6, 7, 8, 9, 10, 11]
		}
	]
}