{
	"credit": "Made with Blockbench",
	"texture_size": [32, 32],
	"textures": {
		"0": "block/bearburger",
		"1": "block/bearbread",
		"particle": "block/bearbread"
	},
	"elements": [
		{
			"name": "plate",
			"from": [4.99773, 0, 5.0253],
			"to": [10.99773, 1, 11.0253],
			"rotation": {"angle": 0, "axis": "y", "origin": [7.99886, 2.648, 7.88765]},
			"faces": {
				"north": {"uv": [9.03, 10.03, 11.97, 10.47], "texture": "#0"},
				"east": {"uv": [6.03, 10.03, 8.97, 10.47], "texture": "#0"},
				"south": {"uv": [3.03, 10.03, 5.97, 10.47], "texture": "#0"},
				"west": {"uv": [0.03, 10.03, 2.97, 10.47], "texture": "#0"},
				"up": {"uv": [5.97, 9.97, 3.03, 7.03], "rotation": 180, "texture": "#0"},
				"down": {"uv": [8.97, 7.03, 6.03, 9.97], "rotation": 180, "texture": "#0"}
			}
		},
		{
			"name": "plate",
			"from": [2.99773, 0.4, 5.0253],
			"to": [4.99773, 1.4, 11.0253],
			"rotation": {"angle": 0, "axis": "y", "origin": [7.99886, 2.648, 7.88765]},
			"faces": {
				"north": {"uv": [7.03, 15.53, 7.97, 15.97], "texture": "#0"},
				"east": {"uv": [4.03, 15.53, 6.97, 15.97], "texture": "#0"},
				"south": {"uv": [3.03, 15.53, 3.97, 15.97], "texture": "#0"},
				"west": {"uv": [0.03, 15.53, 2.97, 15.97], "texture": "#0"},
				"up": {"uv": [3.97, 15.47, 3.03, 12.53], "rotation": 180, "texture": "#0"},
				"down": {"uv": [4.97, 12.53, 4.03, 15.47], "rotation": 180, "texture": "#0"}
			}
		},
		{
			"name": "plate",
			"from": [2.99773, 0.4, 11.0253],
			"to": [12.99773, 1.4, 13.0253],
			"rotation": {"angle": 0, "axis": "y", "origin": [7.99886, 2.648, 7.88765]},
			"faces": {
				"north": {"uv": [11.03, 12.03, 15.97, 12.47], "texture": "#0"},
				"east": {"uv": [10.03, 12.03, 10.97, 12.47], "texture": "#0"},
				"south": {"uv": [5.03, 12.03, 9.97, 12.47], "texture": "#0"},
				"west": {"uv": [4.03, 12.03, 4.97, 12.47], "texture": "#0"},
				"up": {"uv": [9.97, 11.97, 5.03, 11.03], "rotation": 180, "texture": "#0"},
				"down": {"uv": [14.97, 11.03, 10.03, 11.97], "rotation": 180, "texture": "#0"}
			}
		},
		{
			"name": "plate",
			"from": [10.99773, 0.4, 5.0253],
			"to": [12.99773, 1.4, 11.0253],
			"rotation": {"angle": 0, "axis": "y", "origin": [7.99886, 2.648, 7.88765]},
			"faces": {
				"north": {"uv": [7.03, 15.53, 7.97, 15.97], "texture": "#0"},
				"east": {"uv": [4.03, 15.53, 6.97, 15.97], "texture": "#0"},
				"south": {"uv": [3.03, 15.53, 3.97, 15.97], "texture": "#0"},
				"west": {"uv": [0.03, 15.53, 2.97, 15.97], "texture": "#0"},
				"up": {"uv": [3.97, 15.47, 3.03, 12.53], "rotation": 180, "texture": "#0"},
				"down": {"uv": [4.97, 12.53, 4.03, 15.47], "rotation": 180, "texture": "#0"}
			}
		},
		{
			"name": "plate",
			"from": [2.99773, 0.4, 3.0253],
			"to": [12.99773, 1.4, 5.0253],
			"rotation": {"angle": 0, "axis": "y", "origin": [7.99886, 2.648, 7.88765]},
			"faces": {
				"north": {"uv": [11.03, 12.03, 15.97, 12.47], "texture": "#0"},
				"east": {"uv": [10.03, 12.03, 10.97, 12.47], "texture": "#0"},
				"south": {"uv": [5.03, 12.03, 9.97, 12.47], "texture": "#0"},
				"west": {"uv": [4.03, 12.03, 4.97, 12.47], "texture": "#0"},
				"up": {"uv": [9.97, 11.97, 5.03, 11.03], "rotation": 180, "texture": "#0"},
				"down": {"uv": [14.97, 11.03, 10.03, 11.97], "rotation": 180, "texture": "#0"}
			}
		},
		{
			"name": "body",
			"from": [5.99138, 3.2, 5.96612],
			"to": [9.99138, 4.2, 9.96612],
			"rotation": {"angle": 0, "axis": "y", "origin": [7.99886, 2.648, 8.33765]},
			"faces": {
				"north": {"uv": [6.016, 2.016, 7.984, 2.484], "texture": "#1"},
				"east": {"uv": [4.016, 2.016, 5.984, 2.484], "texture": "#1"},
				"south": {"uv": [2.016, 2.016, 3.984, 2.484], "texture": "#1"},
				"west": {"uv": [0.016, 2.016, 1.984, 2.484], "texture": "#1"},
				"up": {"uv": [3.984, 1.984, 2.016, 0.016], "rotation": 180, "texture": "#1"},
				"down": {"uv": [5.984, 0.016, 4.016, 1.984], "rotation": 180, "texture": "#1"}
			}
		},
		{
			"name": "body",
			"from": [7.40273, 1.099, 9.42319],
			"to": [9.40273, 2.099, 11.42319],
			"shade": false,
			"rotation": {"angle": 45, "axis": "y", "origin": [7.99886, 2.648, 8.33765]},
			"faces": {
				"north": {"uv": [2.984, 6.016, 2.016, 6.484], "texture": "#1"},
				"east": {"uv": [3.984, 6.016, 3.016, 6.484], "texture": "#1"},
				"south": {"uv": [0.984, 6.016, 0.016, 6.484], "texture": "#1"},
				"west": {"uv": [1.984, 6.016, 1.016, 6.484], "texture": "#1"},
				"up": {"uv": [1.016, 5.984, 1.984, 5.016], "rotation": 270, "texture": "#1"},
				"down": {"uv": [2.016, 5.016, 2.984, 5.984], "rotation": 90, "texture": "#1"}
			}
		},
		{
			"name": "body",
			"from": [7.40273, 3.099, 9.42319],
			"to": [9.40273, 4.099, 11.42319],
			"shade": false,
			"rotation": {"angle": 45, "axis": "y", "origin": [7.99886, 2.648, 8.33765]},
			"faces": {
				"north": {"uv": [2.984, 6.016, 2.016, 6.484], "texture": "#1"},
				"east": {"uv": [3.984, 6.016, 3.016, 6.484], "texture": "#1"},
				"south": {"uv": [0.984, 6.016, 0.016, 6.484], "texture": "#1"},
				"west": {"uv": [1.984, 6.016, 1.016, 6.484], "texture": "#1"},
				"up": {"uv": [1.016, 5.984, 1.984, 5.016], "rotation": 270, "texture": "#1"},
				"down": {"uv": [2.016, 5.016, 2.984, 5.984], "rotation": 90, "texture": "#1"}
			}
		},
		{
			"name": "body",
			"from": [4.90273, 3.099, 6.92319],
			"to": [6.90273, 4.099, 8.92319],
			"rotation": {"angle": 45, "axis": "y", "origin": [7.99886, 2.648, 8.33765]},
			"faces": {
				"north": {"uv": [3.016, 6.016, 3.984, 6.484], "texture": "#1"},
				"east": {"uv": [2.016, 6.016, 2.984, 6.484], "texture": "#1"},
				"south": {"uv": [1.016, 6.016, 1.984, 6.484], "texture": "#1"},
				"west": {"uv": [0.016, 6.016, 0.984, 6.484], "texture": "#1"},
				"up": {"uv": [1.984, 5.984, 1.016, 5.016], "rotation": 180, "texture": "#1"},
				"down": {"uv": [2.984, 5.016, 2.016, 5.984], "rotation": 180, "texture": "#1"}
			}
		},
		{
			"name": "body",
			"from": [4.90273, 1.099, 6.92319],
			"to": [6.90273, 2.099, 8.92319],
			"rotation": {"angle": 45, "axis": "y", "origin": [7.99886, 2.648, 8.33765]},
			"faces": {
				"north": {"uv": [3.016, 6.016, 3.984, 6.484], "texture": "#1"},
				"east": {"uv": [2.016, 6.016, 2.984, 6.484], "texture": "#1"},
				"south": {"uv": [1.016, 6.016, 1.984, 6.484], "texture": "#1"},
				"west": {"uv": [0.016, 6.016, 0.984, 6.484], "texture": "#1"},
				"up": {"uv": [1.984, 5.984, 1.016, 5.016], "rotation": 180, "texture": "#1"},
				"down": {"uv": [2.984, 5.016, 2.016, 5.984], "rotation": 180, "texture": "#1"}
			}
		},
		{
			"name": "body",
			"from": [5.99138, 1.2, 5.96612],
			"to": [9.99138, 2.2, 9.96612],
			"rotation": {"angle": 0, "axis": "y", "origin": [7.99886, 2.648, 8.33765]},
			"faces": {
				"north": {"uv": [6.016, 2.016, 7.984, 2.484], "texture": "#1"},
				"east": {"uv": [4.016, 2.016, 5.984, 2.484], "texture": "#1"},
				"south": {"uv": [2.016, 2.016, 3.984, 2.484], "texture": "#1"},
				"west": {"uv": [0.016, 2.016, 1.984, 2.484], "texture": "#1"},
				"up": {"uv": [3.984, 1.984, 2.016, 0.016], "rotation": 180, "texture": "#1"},
				"down": {"uv": [5.984, 0.016, 4.016, 1.984], "rotation": 180, "texture": "#1"}
			}
		},
		{
			"name": "cream",
			"from": [7.40273, 2.099, 9.42319],
			"to": [9.40273, 3.099, 11.42319],
			"rotation": {"angle": 45, "axis": "y", "origin": [7.99886, 2.648, 8.33765]},
			"faces": {
				"north": {"uv": [2.016, 4.516, 2.984, 4.984], "texture": "#0"},
				"east": {"uv": [5.016, 4.516, 5.984, 4.984], "texture": "#0"},
				"south": {"uv": [4.016, 4.516, 4.984, 4.984], "texture": "#0"},
				"west": {"uv": [3.016, 4.516, 3.984, 4.984], "texture": "#0"},
				"up": {"uv": [3.984, 4.484, 3.016, 3.516], "rotation": 270, "texture": "#0"},
				"down": {"uv": [4.984, 3.516, 4.016, 4.484], "rotation": 90, "texture": "#0"}
			}
		},
		{
			"name": "cream",
			"from": [5.99138, 2.2, 5.96612],
			"to": [9.99138, 3.2, 9.96612],
			"rotation": {"angle": 0, "axis": "y", "origin": [7.99886, 2.648, 8.33765]},
			"faces": {
				"north": {"uv": [6.016, 4.516, 7.984, 4.984], "texture": "#0"},
				"east": {"uv": [4.016, 4.516, 5.984, 4.984], "texture": "#0"},
				"south": {"uv": [2.016, 4.516, 3.984, 4.984], "texture": "#0"},
				"west": {"uv": [0.016, 4.516, 1.984, 4.984], "texture": "#0"},
				"up": {"uv": [3.984, 4.484, 2.016, 2.516], "rotation": 180, "texture": "#0"},
				"down": {"uv": [5.984, 2.516, 4.016, 4.484], "rotation": 180, "texture": "#0"}
			}
		},
		{
			"name": "cream",
			"from": [4.90273, 2.099, 6.92319],
			"to": [6.90273, 3.099, 8.92319],
			"rotation": {"angle": 45, "axis": "y", "origin": [7.99886, 2.648, 8.33765]},
			"faces": {
				"north": {"uv": [5.016, 4.516, 5.984, 4.984], "texture": "#0"},
				"east": {"uv": [4.016, 4.516, 4.984, 4.984], "texture": "#0"},
				"south": {"uv": [3.016, 4.516, 3.984, 4.984], "texture": "#0"},
				"west": {"uv": [2.016, 4.516, 2.984, 4.984], "texture": "#0"},
				"up": {"uv": [3.984, 4.484, 3.016, 3.516], "rotation": 180, "texture": "#0"},
				"down": {"uv": [4.984, 3.516, 4.016, 4.484], "rotation": 180, "texture": "#0"}
			}
		},
		{
			"name": "lettuce",
			"from": [5.99773, 3.2, 5.0253],
			"to": [9.99773, 3.2, 9.0253],
			"rotation": {"angle": 0, "axis": "y", "origin": [7.99886, 2.648, 8.33765]},
			"faces": {
				"north": {"uv": [14.03, 4.03, 15.97, 4.03], "texture": "#0"},
				"east": {"uv": [12.03, 4.03, 13.97, 4.03], "texture": "#0"},
				"south": {"uv": [10.03, 4.03, 11.97, 4.03], "texture": "#0"},
				"west": {"uv": [8.03, 4.03, 9.97, 4.03], "texture": "#0"},
				"up": {"uv": [11.97, 3.97, 10.03, 2.03], "rotation": 180, "texture": "#0"},
				"down": {"uv": [11.97, 2.03, 10.03, 3.97], "rotation": 180, "texture": "#0"}
			}
		},
		{
			"name": "lettuce",
			"from": [4.99773, 3.2, 5.9753],
			"to": [8.99773, 3.2, 9.9753],
			"rotation": {"angle": 0, "axis": "y", "origin": [7.99886, 2.648, 8.33765]},
			"faces": {
				"north": {"uv": [12.03, 4.03, 13.97, 4.03], "texture": "#0"},
				"east": {"uv": [10.03, 4.03, 11.97, 4.03], "texture": "#0"},
				"south": {"uv": [8.03, 4.03, 9.97, 4.03], "texture": "#0"},
				"west": {"uv": [14.03, 4.03, 15.97, 4.03], "texture": "#0"},
				"up": {"uv": [11.97, 3.97, 10.03, 2.03], "rotation": 90, "texture": "#0"},
				"down": {"uv": [11.97, 2.03, 10.03, 3.97], "rotation": 270, "texture": "#0"}
			}
		},
		{
			"name": "lettuce",
			"from": [6.99773, 3.2, 5.9753],
			"to": [10.99773, 3.2, 9.9753],
			"rotation": {"angle": 0, "axis": "y", "origin": [7.99886, 2.648, 8.33765]},
			"faces": {
				"north": {"uv": [8.03, 4.03, 9.97, 4.03], "texture": "#0"},
				"east": {"uv": [14.03, 4.03, 15.97, 4.03], "texture": "#0"},
				"south": {"uv": [12.03, 4.03, 13.97, 4.03], "texture": "#0"},
				"west": {"uv": [10.03, 4.03, 11.97, 4.03], "texture": "#0"},
				"up": {"uv": [11.97, 3.97, 10.03, 2.03], "rotation": 270, "texture": "#0"},
				"down": {"uv": [11.97, 2.03, 10.03, 3.97], "rotation": 90, "texture": "#0"}
			}
		},
		{
			"name": "lettuce",
			"from": [5.99773, 3.2, 6.9753],
			"to": [9.99773, 3.2, 10.9753],
			"rotation": {"angle": 0, "axis": "y", "origin": [7.99886, 2.648, 8.33765]},
			"faces": {
				"north": {"uv": [10.03, 4.03, 11.97, 4.03], "texture": "#0"},
				"east": {"uv": [8.03, 4.03, 9.97, 4.03], "texture": "#0"},
				"south": {"uv": [14.03, 4.03, 15.97, 4.03], "texture": "#0"},
				"west": {"uv": [12.03, 4.03, 13.97, 4.03], "texture": "#0"},
				"up": {"uv": [11.97, 3.97, 10.03, 2.03], "texture": "#0"},
				"down": {"uv": [11.97, 2.03, 10.03, 3.97], "texture": "#0"}
			}
		},
		{
			"name": "lettuce",
			"from": [5.99773, 2.2, 5.0253],
			"to": [9.99773, 2.2, 9.0253],
			"rotation": {"angle": 0, "axis": "y", "origin": [7.99886, 2.648, 8.33765]},
			"faces": {
				"north": {"uv": [15.97, 4.03, 14.03, 4.03], "texture": "#0"},
				"east": {"uv": [9.97, 4.03, 8.03, 4.03], "texture": "#0"},
				"south": {"uv": [11.97, 4.03, 10.03, 4.03], "texture": "#0"},
				"west": {"uv": [13.97, 4.03, 12.03, 4.03], "texture": "#0"},
				"up": {"uv": [10.03, 3.97, 11.97, 2.03], "rotation": 180, "texture": "#0"},
				"down": {"uv": [10.03, 2.03, 11.97, 3.97], "rotation": 180, "texture": "#0"}
			}
		},
		{
			"name": "lettuce",
			"from": [6.99773, 2.2, 5.9753],
			"to": [10.99773, 2.2, 9.9753],
			"rotation": {"angle": 0, "axis": "y", "origin": [7.99886, 2.648, 8.33765]},
			"faces": {
				"north": {"uv": [13.97, 4.03, 12.03, 4.03], "texture": "#0"},
				"east": {"uv": [15.97, 4.03, 14.03, 4.03], "texture": "#0"},
				"south": {"uv": [9.97, 4.03, 8.03, 4.03], "texture": "#0"},
				"west": {"uv": [11.97, 4.03, 10.03, 4.03], "texture": "#0"},
				"up": {"uv": [11.97, 2.03, 10.03, 3.97], "rotation": 90, "texture": "#0"},
				"down": {"uv": [11.97, 3.97, 10.03, 2.03], "rotation": 270, "texture": "#0"}
			}
		},
		{
			"name": "lettuce",
			"from": [4.99773, 2.2, 5.9753],
			"to": [8.99773, 2.2, 9.9753],
			"rotation": {"angle": 0, "axis": "y", "origin": [7.99886, 2.648, 8.33765]},
			"faces": {
				"north": {"uv": [9.97, 4.03, 8.03, 4.03], "texture": "#0"},
				"east": {"uv": [11.97, 4.03, 10.03, 4.03], "texture": "#0"},
				"south": {"uv": [13.97, 4.03, 12.03, 4.03], "texture": "#0"},
				"west": {"uv": [15.97, 4.03, 14.03, 4.03], "texture": "#0"},
				"up": {"uv": [11.97, 2.03, 10.03, 3.97], "rotation": 270, "texture": "#0"},
				"down": {"uv": [11.97, 3.97, 10.03, 2.03], "rotation": 90, "texture": "#0"}
			}
		},
		{
			"name": "lettuce",
			"from": [5.99773, 2.2, 6.9753],
			"to": [9.99773, 2.2, 10.9753],
			"rotation": {"angle": 0, "axis": "y", "origin": [7.99886, 2.648, 8.33765]},
			"faces": {
				"north": {"uv": [11.97, 4.03, 10.03, 4.03], "texture": "#0"},
				"east": {"uv": [13.97, 4.03, 12.03, 4.03], "texture": "#0"},
				"south": {"uv": [15.97, 4.03, 14.03, 4.03], "texture": "#0"},
				"west": {"uv": [9.97, 4.03, 8.03, 4.03], "texture": "#0"},
				"up": {"uv": [10.03, 3.97, 11.97, 2.03], "texture": "#0"},
				"down": {"uv": [10.03, 2.03, 11.97, 3.97], "texture": "#0"}
			}
		},
		{
			"name": "face",
			"from": [6.99138, 3.4, 7.06612],
			"to": [8.99138, 4.4, 8.06612],
			"rotation": {"angle": 0, "axis": "y", "origin": [7.99886, 2.648, 8.33765]},
			"faces": {
				"north": {"uv": [8.016, 0.516, 8.984, 0.984], "texture": "#1"},
				"east": {"uv": [7.516, 0.516, 7.984, 0.984], "texture": "#1"},
				"south": {"uv": [6.516, 0.516, 7.484, 0.984], "texture": "#1"},
				"west": {"uv": [6.016, 0.516, 6.484, 0.984], "texture": "#1"},
				"up": {"uv": [7.484, 0.484, 6.516, 0.016], "rotation": 180, "texture": "#1"},
				"down": {"uv": [8.484, 0.016, 7.516, 0.484], "rotation": 180, "texture": "#1"}
			}
		},
		{
			"name": "face",
			"from": [9.19138, 3.8, 7.76612],
			"to": [9.69138, 4.3, 8.26612],
			"rotation": {"angle": 0, "axis": "y", "origin": [7.99886, 2.648, 8.33765]},
			"faces": {
				"north": {"uv": [11.016, 0.516, 10.97, 0.47], "texture": "#1"},
				"east": {"uv": [11.016, 0.516, 10.97, 0.47], "texture": "#1"},
				"south": {"uv": [11.016, 0.516, 10.97, 0.47], "texture": "#1"},
				"west": {"uv": [11.016, 0.516, 10.97, 0.47], "texture": "#1"},
				"up": {"uv": [11.016, 0.516, 10.97, 0.47], "rotation": 180, "texture": "#1"},
				"down": {"uv": [11.016, 0.516, 10.97, 0.47], "rotation": 180, "texture": "#1"}
			}
		},
		{
			"name": "face",
			"from": [8.60109, 4, 7.7862],
			"to": [9.10109, 4.5, 7.9862],
			"rotation": {"angle": 45, "axis": "y", "origin": [7.99886, 2.648, 8.33765]},
			"faces": {
				"north": {"uv": [11.016, 0.516, 10.97, 0.47], "texture": "#1"},
				"east": {"uv": [11.016, 0.516, 10.97, 0.47], "texture": "#1"},
				"south": {"uv": [11.016, 0.516, 10.97, 0.47], "texture": "#1"},
				"west": {"uv": [11.016, 0.516, 10.97, 0.47], "texture": "#1"},
				"up": {"uv": [11.016, 0.516, 10.97, 0.47], "rotation": 270, "texture": "#1"},
				"down": {"uv": [11.016, 0.516, 10.97, 0.47], "rotation": 90, "texture": "#1"}
			}
		},
		{
			"name": "face",
			"from": [7.79138, 4, 7.46612],
			"to": [8.29138, 4.5, 7.96612],
			"rotation": {"angle": 0, "axis": "y", "origin": [7.99886, 2.648, 8.33765]},
			"faces": {
				"north": {"uv": [11.016, 0.516, 10.97, 0.47], "texture": "#1"},
				"east": {"uv": [11.016, 0.516, 10.97, 0.47], "texture": "#1"},
				"south": {"uv": [11.016, 0.516, 10.97, 0.47], "texture": "#1"},
				"west": {"uv": [11.016, 0.516, 10.97, 0.47], "texture": "#1"},
				"up": {"uv": [11.016, 0.516, 10.97, 0.47], "rotation": 180, "texture": "#1"},
				"down": {"uv": [11.016, 0.516, 10.97, 0.47], "rotation": 180, "texture": "#1"}
			}
		},
		{
			"name": "face",
			"from": [8.41527, 4, 7.25831],
			"to": [8.61527, 4.5, 7.75831],
			"rotation": {"angle": 45, "axis": "y", "origin": [7.99886, 2.648, 8.33765]},
			"faces": {
				"north": {"uv": [11.016, 0.516, 10.97, 0.47], "texture": "#1"},
				"east": {"uv": [11.016, 0.516, 10.97, 0.47], "texture": "#1"},
				"south": {"uv": [11.016, 0.516, 10.97, 0.47], "texture": "#1"},
				"west": {"uv": [11.016, 0.516, 10.97, 0.47], "texture": "#1"},
				"up": {"uv": [11.016, 0.516, 10.97, 0.47], "rotation": 180, "texture": "#1"},
				"down": {"uv": [11.016, 0.516, 10.97, 0.47], "rotation": 180, "texture": "#1"}
			}
		},
		{
			"name": "face",
			"from": [6.29138, 3.8, 7.76612],
			"to": [6.79138, 4.3, 8.26612],
			"rotation": {"angle": 0, "axis": "y", "origin": [7.99886, 2.648, 8.33765]},
			"faces": {
				"north": {"uv": [11.016, 0.516, 10.97, 0.47], "texture": "#1"},
				"east": {"uv": [11.016, 0.516, 10.97, 0.47], "texture": "#1"},
				"south": {"uv": [11.016, 0.516, 10.97, 0.47], "texture": "#1"},
				"west": {"uv": [11.016, 0.516, 10.97, 0.47], "texture": "#1"},
				"up": {"uv": [11.016, 0.516, 10.97, 0.47], "rotation": 180, "texture": "#1"},
				"down": {"uv": [11.016, 0.516, 10.97, 0.47], "rotation": 180, "texture": "#1"}
			}
		}
	],
	"display": {
		"thirdperson_righthand": {
			"rotation": [65, 0, 0],
			"translation": [-5.75, 5, 5.75]
		},
		"firstperson_righthand": {
			"translation": [-8.5, 5, -0.75]
		},
		"ground": {
			"translation": [0, 4, 0]
		},
		"gui": {
			"rotation": [-137.88, -50.53, 179.23],
			"translation": [0, 4.5, 0]
		},
		"fixed": {
			"rotation": [-90, 0, 0],
			"translation": [0, 0, -15],
			"scale": [2, 2, 2]
		}
	},
	"groups": [
		{
			"name": "bearburger1",
			"origin": [0, 0, 0],
			"color": 0,
			"children": [
				{
					"name": "plate",
					"origin": [0, 0, 0],
					"color": 1,
					"children": [0, 1, 2, 3, 4]
				},
				{
					"name": "body",
					"origin": [0, 0, 0],
					"color": 3,
					"children": [
						5,
						6,
						7,
						8,
						9,
						10,
						{
							"name": "cream",
							"origin": [0, 0, 0],
							"color": 4,
							"children": [11, 12, 13]
						},
						{
							"name": "lettuce",
							"origin": [0, 0, 0],
							"color": 5,
							"children": [14, 15, 16, 17]
						},
						{
							"name": "lettuce",
							"origin": [0, 0, 0],
							"color": 5,
							"children": [18, 19, 20, 21]
						}
					]
				},
				{
					"name": "face",
					"origin": [0, 0, 0],
					"color": 2,
					"children": [22, 23, 24, 25, 26, 27]
				}
			]
		}
	]
}