{
	"credit": "Made with Blockbench",
	"textures": {
		"1": "block/eggcarton1_base",
		"2": "block/eggcarton1_top",
		"3": "block/eggcarton1_bottom",
		"4": "block/eggcarton1_egg",
		"particle": "block/eggcarton1_base"
	},
	"elements": [
		{
			"name": "bottom",
			"from": [0.0625, 1.05999, 3.78679],
			"to": [16.0625, 3.05999, 13.78679],
			"rotation": {"angle": 0, "axis": "x", "origin": [8.0625, 2.66999, 2.28679]},
			"faces": {
				"north": {"uv": [0.06, 2.06, 15.94, 3.94], "texture": "#1"},
				"east": {"uv": [0.008, 12.008, 9.94, 13.94], "texture": "#1"},
				"south": {"uv": [0.06, 10.06, 15.94, 11.94], "texture": "#1"},
				"west": {"uv": [3.508, 4.008, 13.508, 5.94], "texture": "#1"},
				"up": {"uv": [15.94, 15.94, 0.06, 6.06], "texture": "#3"},
				"down": {"uv": [15.94, 4.06, 0.06, 13.94], "texture": "#1"}
			}
		},
		{
			"name": "bottom",
			"from": [9.5625, 3.05999, 7.78679],
			"to": [11.5625, 6.05999, 9.78679],
			"rotation": {"angle": 0, "axis": "x", "origin": [8.0625, 2.66999, 2.28679]},
			"faces": {
				"north": {"uv": [7.06, 6.06, 8.94, 8.94], "texture": "#1"},
				"east": {"uv": [7.06, 6.06, 8.94, 8.94], "texture": "#1"},
				"south": {"uv": [7.06, 6.06, 8.94, 8.94], "texture": "#1"},
				"west": {"uv": [7.06, 6.06, 8.94, 8.94], "texture": "#1"},
				"up": {"uv": [9.94, 10.94, 8.008, 9.008], "texture": "#1"},
				"down": {"uv": [9.94, 10.94, 8.008, 9.008], "texture": "#1"}
			}
		},
		{
			"name": "bottom",
			"from": [4.5625, 3.05999, 7.78679],
			"to": [6.5625, 6.05999, 9.78679],
			"rotation": {"angle": 0, "axis": "x", "origin": [8.0625, 2.66999, 2.28679]},
			"faces": {
				"north": {"uv": [7.06, 6.06, 8.94, 8.94], "texture": "#1"},
				"east": {"uv": [7.06, 6.06, 8.94, 8.94], "texture": "#1"},
				"south": {"uv": [7.06, 6.06, 8.94, 8.94], "texture": "#1"},
				"west": {"uv": [7.06, 6.06, 8.94, 8.94], "texture": "#1"},
				"up": {"uv": [9.94, 10.94, 8.008, 9.008], "texture": "#1"},
				"down": {"uv": [9.94, 10.94, 8.008, 9.008], "texture": "#1"}
			}
		},
		{
			"name": "bottom",
			"from": [1.0625, 0.05999, 4.78679],
			"to": [15.0625, 1.05999, 12.78679],
			"rotation": {"angle": 0, "axis": "x", "origin": [8.0625, 2.66999, 2.28679]},
			"faces": {
				"north": {"uv": [1.06, 0.06, 14.94, 0.94], "texture": "#1"},
				"east": {"uv": [0.06, 0.06, 8, 1], "texture": "#1"},
				"south": {"uv": [2.06, 0.06, 15.94, 0.94], "texture": "#1"},
				"west": {"uv": [3.06, 4.06, 10.94, 4.94], "texture": "#1"},
				"up": {"uv": [17.94, 7.94, 4.008, 0.008], "texture": "#1"},
				"down": {"uv": [14.94, 4.06, 1.06, 11.94], "texture": "#1"}
			}
		},
		{
			"name": "top",
			"from": [1.0625, 3.95999, -0.31321],
			"to": [15.0625, 11.95999, 0.68679],
			"rotation": {"angle": 22.5, "axis": "x", "origin": [8.0625, 2.95999, 3.78679]},
			"faces": {
				"north": {"uv": [14.94, 11.94, 1, 4.008], "texture": "#2"},
				"east": {"uv": [3.06, 3.06, 10.94, 3.94], "rotation": 90, "texture": "#1"},
				"south": {"uv": [14.94, 4.008, 1.008, 11.94], "rotation": 180, "texture": "#1"},
				"west": {"uv": [3.06, 3.06, 10.94, 4], "rotation": 270, "texture": "#1"},
				"up": {"uv": [6.008, 7.508, 19.94, 8.508], "texture": "#1"},
				"down": {"uv": [0, 5.008, 13.94, 5.94], "rotation": 180, "texture": "#1"}
			}
		},
		{
			"name": "top",
			"from": [0.0625, 2.95999, 0.68679],
			"to": [16.0625, 3.95999, 3.68679],
			"rotation": {"angle": 22.5, "axis": "x", "origin": [8.0625, 2.95999, 3.78679]},
			"faces": {
				"north": {"uv": [15.94, 8.94, 0.06, 8.06], "texture": "#1"},
				"east": {"uv": [6.008, 9.008, 6.94, 11.94], "rotation": 90, "texture": "#1"},
				"south": {"uv": [11.492, 4.758, 7.508, 4.992], "rotation": 180, "texture": "#1"},
				"west": {"uv": [10.008, 9.008, 10.94, 11.94], "rotation": 270, "texture": "#1"},
				"up": {"uv": [0, 3.008, 15.94, 5.94], "texture": "#1"},
				"down": {"uv": [0.06, 5.06, 15.94, 7.958], "rotation": 180, "texture": "#1"}
			}
		},
		{
			"name": "top",
			"from": [0.0625, 11.95999, 0.68679],
			"to": [16.0625, 12.95999, 3.68679],
			"rotation": {"angle": 22.5, "axis": "x", "origin": [8.0625, 2.95999, 3.78679]},
			"faces": {
				"north": {"uv": [15.94, 12.94, 0, 12.008], "texture": "#1"},
				"east": {"uv": [7.758, 13.06, 8.758, 15.94], "rotation": 90, "texture": "#1"},
				"south": {"uv": [15.94, 0.06, 0.06, 0.94], "rotation": 180, "texture": "#1"},
				"west": {"uv": [8.06, 11.06, 8.958, 13.94], "rotation": 270, "texture": "#1"},
				"up": {"uv": [0.06, 5.06, 15.94, 8], "texture": "#1"},
				"down": {"uv": [0.06, 8.008, 15.94, 10.94], "rotation": 180, "texture": "#1"}
			}
		},
		{
			"name": "top",
			"from": [0.0625, 3.95999, 0.68679],
			"to": [1.0625, 11.95999, 3.68679],
			"rotation": {"angle": 22.5, "axis": "x", "origin": [8.0625, 2.95999, 3.78679]},
			"faces": {
				"north": {"uv": [13.94, 11.94, 13.008, 4.008], "texture": "#1"},
				"east": {"uv": [4.008, 3.06, 11.94, 5.94], "rotation": 90, "texture": "#1"},
				"south": {"uv": [0.94, 4.758, 0.06, 12.758], "rotation": 180, "texture": "#1"},
				"west": {"uv": [4.06, 5, 11.94, 7.94], "rotation": 270, "texture": "#1"},
				"up": {"uv": [9.008, 10.008, 9.94, 12.94], "texture": "#1"},
				"down": {"uv": [10.008, 9.008, 10.94, 11.94], "rotation": 180, "texture": "#1"}
			}
		},
		{
			"name": "top",
			"from": [15.0625, 3.95999, 0.68679],
			"to": [16.0625, 11.95999, 3.68679],
			"rotation": {"angle": 22.5, "axis": "x", "origin": [8.0625, 2.95999, 3.78679]},
			"faces": {
				"north": {"uv": [7.94, 12.94, 7.06, 5.06], "texture": "#1"},
				"east": {"uv": [4.008, 5.008, 11.94, 7.94], "rotation": 90, "texture": "#1"},
				"south": {"uv": [0.94, 0.008, 0.06, 7.94], "rotation": 180, "texture": "#1"},
				"west": {"uv": [4.06, 5.06, 11.94, 7.94], "rotation": 270, "texture": "#1"},
				"up": {"uv": [9.258, 10.008, 9.492, 10.742], "texture": "#1"},
				"down": {"uv": [10.008, 9.758, 10.242, 10.492], "rotation": 180, "texture": "#1"}
			}
		},
		{
			"name": "egg",
			"from": [11.5625, 1.15999, 9.78679],
			"to": [14.5625, 5.15999, 12.78679],
			"rotation": {"angle": 0, "axis": "x", "origin": [8.0625, 2.66999, 2.28679]},
			"faces": {
				"north": {"uv": [0.06, 0.06, 3, 4], "texture": "#4"},
				"east": {"uv": [0.06, 0.06, 3, 4], "texture": "#4"},
				"south": {"uv": [0.06, 0.06, 3, 4], "texture": "#4"},
				"west": {"uv": [0.06, 0.06, 3, 4], "texture": "#4"},
				"up": {"uv": [0.06, 4.06, 2.94, 6.94], "texture": "#4"},
				"down": {"uv": [0.06, 4.06, 2.94, 6.94], "texture": "#4"}
			}
		},
		{
			"name": "egg",
			"from": [11.5625, 1.15999, 4.78679],
			"to": [14.5625, 5.15999, 7.78679],
			"rotation": {"angle": 0, "axis": "x", "origin": [8.0625, 2.66999, 2.28679]},
			"faces": {
				"north": {"uv": [0.06, 0.06, 3, 4], "texture": "#4"},
				"east": {"uv": [0.06, 0.06, 3, 4], "texture": "#4"},
				"south": {"uv": [0.06, 0.06, 3, 4], "texture": "#4"},
				"west": {"uv": [0.06, 0.06, 3, 4], "texture": "#4"},
				"up": {"uv": [0.06, 4.06, 2.94, 6.94], "texture": "#4"},
				"down": {"uv": [0.06, 4.06, 2.94, 6.94], "texture": "#4"}
			}
		},
		{
			"name": "egg",
			"from": [6.5625, 1.15999, 4.78679],
			"to": [9.5625, 5.15999, 7.78679],
			"rotation": {"angle": 0, "axis": "x", "origin": [8.0625, 2.66999, 2.28679]},
			"faces": {
				"north": {"uv": [0.06, 0.06, 3, 4], "texture": "#4"},
				"east": {"uv": [0.06, 0.06, 3, 4], "texture": "#4"},
				"south": {"uv": [0.06, 0.06, 3, 4], "texture": "#4"},
				"west": {"uv": [0.06, 0.06, 3, 4], "texture": "#4"},
				"up": {"uv": [0.06, 4.06, 2.94, 6.94], "texture": "#4"},
				"down": {"uv": [0.06, 4.06, 2.94, 6.94], "texture": "#4"}
			}
		},
		{
			"name": "egg",
			"from": [1.5625, 1.15999, 9.78679],
			"to": [4.5625, 5.15999, 12.78679],
			"rotation": {"angle": 0, "axis": "x", "origin": [8.0625, 2.66999, 2.28679]},
			"faces": {
				"north": {"uv": [0.06, 0.06, 3, 4], "texture": "#4"},
				"east": {"uv": [0.06, 0.06, 3, 4], "texture": "#4"},
				"south": {"uv": [0.06, 0.06, 3, 4], "texture": "#4"},
				"west": {"uv": [0.06, 0.06, 3, 4], "texture": "#4"},
				"up": {"uv": [0.06, 4.06, 2.94, 6.94], "texture": "#4"},
				"down": {"uv": [0.06, 4.06, 2.94, 6.94], "texture": "#4"}
			}
		},
		{
			"name": "egg",
			"from": [6.5625, 1.15999, 9.78679],
			"to": [9.5625, 5.15999, 12.78679],
			"rotation": {"angle": 0, "axis": "x", "origin": [8.0625, 2.66999, 2.28679]},
			"faces": {
				"north": {"uv": [4.06, 0.06, 7, 4], "texture": "#4"},
				"east": {"uv": [4.06, 0.06, 7, 4], "texture": "#4"},
				"south": {"uv": [4.06, 0.06, 7, 4], "texture": "#4"},
				"west": {"uv": [4.06, 0.06, 7, 4], "texture": "#4"},
				"up": {"uv": [4.06, 4.06, 6.94, 6.94], "texture": "#4"},
				"down": {"uv": [4.06, 4.06, 6.94, 6.94], "texture": "#4"}
			}
		},
		{
			"name": "egg",
			"from": [1.5625, 1.15999, 4.78679],
			"to": [4.5625, 5.15999, 7.78679],
			"rotation": {"angle": 0, "axis": "x", "origin": [8.0625, 2.66999, 2.28679]},
			"faces": {
				"north": {"uv": [4.06, 0.06, 7, 4], "texture": "#4"},
				"east": {"uv": [4.06, 0.06, 7, 4], "texture": "#4"},
				"south": {"uv": [4.06, 0.06, 7, 4], "texture": "#4"},
				"west": {"uv": [4.06, 0.06, 7, 4], "texture": "#4"},
				"up": {"uv": [4.06, 4.06, 6.94, 6.94], "texture": "#4"},
				"down": {"uv": [4.06, 4.06, 6.94, 6.94], "texture": "#4"}
			}
		}
	],
	"display": {
		"thirdperson_righthand": {
			"rotation": [80, 0, 0],
			"translation": [-6.75, 4.5, 5.75],
			"scale": [0.8, 0.8, 0.8]
		},
		"firstperson_righthand": {
			"rotation": [28, 0, 0],
			"translation": [-8.5, -3.5, -4]
		},
		"ground": {
			"translation": [0, 4, 0]
		},
		"gui": {
			"rotation": [26.5, -51, 0]
		},
		"fixed": {
			"rotation": [-90, -180, 0],
			"translation": [0, 0, -15],
			"scale": [2, 2, 2]
		}
	},
	"groups": [
		{
			"name": "bone",
			"origin": [0, 0, 0],
			"color": 0,
			"children": [
				{
					"name": "bottom",
					"origin": [0, 0, 0],
					"color": 1,
					"children": [0, 1, 2, 3]
				},
				{
					"name": "top",
					"origin": [0, 3, -4.2],
					"color": 2,
					"children": [4, 5, 6, 7, 8]
				},
				{
					"name": "egg",
					"origin": [8.5, 4.5, 9],
					"color": 3,
					"children": [9, 10, 11, 12, 13, 14]
				}
			]
		}
	]
}