{
	"credit": "Made with Blockbench",
	"ambientocclusion": false,
	"textures": {
		"4": "block/Hananacraft archive/flower pot",
		"5": "block/jarwhite1"
	},
	"elements": [
		{
			"from": [3.5, 0, 3.5],
			"to": [8.5, 4, 8.5],
			"rotation": {"angle": 0, "axis": "y", "origin": [6, 5.03125, 6]},
			"faces": {
				"north": {"uv": [10.032, 12.032, 14.968, 15.968], "texture": "#5"},
				"east": {"uv": [10.032, 12.032, 14.968, 15.968], "texture": "#5"},
				"south": {"uv": [10.032, 12.032, 14.968, 15.968], "texture": "#5"},
				"west": {"uv": [10.032, 12.032, 14.968, 15.968], "texture": "#5"},
				"up": {"uv": [11.032, 0.032, 15.968, 4.968], "texture": "#5"},
				"down": {"uv": [3.032, 10.032, 7.968, 14.968], "texture": "#5"}
			}
		},
		{
			"from": [7.5, 4.75, 3.5],
			"to": [8.5, 5.75, 8.5],
			"rotation": {"angle": 0, "axis": "y", "origin": [6, 5.03125, 6]},
			"faces": {
				"north": {"uv": [11.032, 0.032, 11.968, 0.968], "texture": "#5"},
				"east": {"uv": [11.032, 0.032, 15.968, 0.968], "texture": "#5"},
				"south": {"uv": [15.032, 0.032, 15.968, 0.968], "texture": "#5"},
				"west": {"uv": [10.032, 12.032, 14.968, 12.968], "texture": "#5"},
				"up": {"uv": [11.032, 0.032, 11.968, 4.968], "texture": "#5"},
				"down": {"uv": [10.032, 12.032, 14.968, 16.968], "texture": "#5"}
			}
		},
		{
			"from": [4.5, 4.75, 3.5],
			"to": [7.5, 5.75, 4.5],
			"rotation": {"angle": 0, "axis": "y", "origin": [6, 5.03125, 6]},
			"faces": {
				"north": {"uv": [12.032, 0.032, 14.968, 0.968], "texture": "#5"},
				"east": {"uv": [10.032, 12.032, 14.968, 12.968], "texture": "#5"},
				"south": {"uv": [12.032, 0.032, 14.968, 0.968], "texture": "#5"},
				"west": {"uv": [10.032, 12.032, 14.968, 12.968], "texture": "#5"},
				"up": {"uv": [12.032, 0.032, 14.968, 0.968], "texture": "#5"},
				"down": {"uv": [10.032, 12.032, 14.968, 16.968], "texture": "#5"}
			}
		},
		{
			"from": [4.5, 4.75, 7.5],
			"to": [7.5, 5.75, 8.5],
			"rotation": {"angle": 0, "axis": "y", "origin": [6, 5.03125, 6]},
			"faces": {
				"north": {"uv": [12.032, 0.032, 14.968, 0.968], "texture": "#5"},
				"east": {"uv": [10.032, 12.032, 14.968, 12.968], "texture": "#5"},
				"south": {"uv": [12.032, 0.032, 14.968, 0.968], "texture": "#5"},
				"west": {"uv": [10.032, 12.032, 14.968, 12.968], "texture": "#5"},
				"up": {"uv": [12.032, 0.032, 14.968, 0.968], "texture": "#5"},
				"down": {"uv": [10.032, 12.032, 14.968, 16.968], "texture": "#5"}
			}
		},
		{
			"from": [3.5, 4.75, 3.5],
			"to": [4.5, 5.75, 8.5],
			"rotation": {"angle": 0, "axis": "y", "origin": [6, 5.03125, 6]},
			"faces": {
				"north": {"uv": [15.032, 0.032, 15.968, 0.968], "texture": "#5"},
				"east": {"uv": [10.032, 12.032, 14.968, 12.968], "texture": "#5"},
				"south": {"uv": [11.032, 0.032, 11.968, 0.968], "texture": "#5"},
				"west": {"uv": [11.032, 4.032, 15.968, 4.968], "texture": "#5"},
				"up": {"uv": [15.032, 0.032, 15.968, 4.968], "texture": "#5"},
				"down": {"uv": [15.032, 0.032, 15.968, 4.968], "texture": "#5"}
			}
		},
		{
			"from": [4, 3.75, 4],
			"to": [8, 4.75, 8],
			"rotation": {"angle": 0, "axis": "y", "origin": [6, 5.03125, 6]},
			"faces": {
				"north": {"uv": [10.032, 15.032, 13.968, 15.968], "texture": "#5"},
				"east": {"uv": [10.032, 15.032, 13.968, 15.968], "texture": "#5"},
				"south": {"uv": [10.032, 15.032, 13.968, 15.968], "texture": "#5"},
				"west": {"uv": [10.032, 15.032, 13.968, 15.968], "texture": "#5"},
				"up": {"uv": [12.032, 1.032, 14.968, 3.968], "texture": "#5"},
				"down": {"uv": [10.032, 15.032, 13.968, 15.968], "texture": "#5"}
			}
		},
		{
			"from": [6, 4.5, 3.5],
			"to": [6, 8.5, 8.5],
			"rotation": {"angle": -22.5, "axis": "y", "origin": [6, 5.03125, 6]},
			"faces": {
				"north": {"uv": [0.032, 0.032, 0.968, 0.968], "texture": "#4"},
				"east": {"uv": [11.032, 0.032, 15.968, 3.968], "texture": "#4"},
				"west": {"uv": [15.936, 0.032, 11.06, 3.968], "texture": "#4"}
			}
		},
		{
			"from": [3.5, 4.5, 6],
			"to": [8.5, 8.5, 6],
			"rotation": {"angle": -22.5, "axis": "y", "origin": [6, 5.03125, 6]},
			"faces": {
				"north": {"uv": [4.936, 10.032, 0.06, 13.968], "texture": "#4"},
				"east": {"uv": [0.032, 0.032, 0.968, 0.968], "texture": "#4"},
				"south": {"uv": [0.032, 10.032, 4.968, 13.968], "texture": "#4"}
			}
		}
	],
	"display": {
		"thirdperson_righthand": {
			"rotation": [65, 0, 0],
			"translation": [0, 2.75, 6.75]
		},
		"firstperson_righthand": {
			"translation": [6.25, 2.25, -1.25]
		},
		"ground": {
			"translation": [0, 4, 0]
		},
		"gui": {
			"rotation": [-147.5, 47, -180],
			"translation": [0.25, 5.75, 0]
		},
		"fixed": {
			"rotation": [-90, 0, 0],
			"translation": [0, 0, -15],
			"scale": [2, 2, 2]
		}
	},
	"groups": [
		{
			"name": "white jar",
			"origin": [0, 0, 0],
			"color": 0,
			"children": [
				0,
				1,
				2,
				3,
				4,
				5,
				{
					"name": "plant",
					"origin": [0, 0, 0],
					"color": 0,
					"children": [6, 7]
				}
			]
		}
	]
}