{
	"credit": "Made with Blockbench",
	"texture_size": [64, 64],
	"textures": {
		"0": "block/swissroll3"
	},
	"elements": [
		{
			"name": "Plate",
			"from": [1.16366, 0.01426, 2.31841],
			"to": [14.84366, 1.15426, 13.71841],
			"rotation": {"angle": 0, "axis": "y", "origin": [8.13653, 2.74813, 7.9081]},
			"faces": {
				"north": {"uv": [2.5, 2.5, 5.5, 2.75], "texture": "#0"},
				"east": {"uv": [0, 2.5, 2.5, 2.75], "texture": "#0"},
				"south": {"uv": [8, 2.5, 11, 2.75], "texture": "#0"},
				"west": {"uv": [5.5, 2.5, 8, 2.75], "texture": "#0"},
				"up": {"uv": [5.5, 2.5, 2.5, 0], "texture": "#0"},
				"down": {"uv": [8.5, 0, 5.5, 2.5], "texture": "#0"}
			}
		},
		{
			"name": "corner",
			"from": [1.74953, 0.58426, 13.73399],
			"to": [14.28953, 1.72426, 14.87399],
			"rotation": {"angle": 0, "axis": "y", "origin": [8.13653, 2.74813, 7.9081]},
			"faces": {
				"north": {"uv": [6.25, 3.5, 9, 3.75], "texture": "#0"},
				"east": {"uv": [6, 3.5, 6.25, 3.75], "texture": "#0"},
				"south": {"uv": [9.25, 3.5, 12, 3.75], "texture": "#0"},
				"west": {"uv": [9, 3.5, 9.25, 3.75], "texture": "#0"},
				"up": {"uv": [9, 3.5, 6.25, 3.25], "texture": "#0"},
				"down": {"uv": [11.75, 3.25, 9, 3.5], "texture": "#0"}
			}
		},
		{
			"name": "corner",
			"from": [14.84395, 0.58426, 2.88842],
			"to": [15.98395, 1.72426, 13.14841],
			"rotation": {"angle": 0, "axis": "y", "origin": [8.13653, 2.74813, 7.9081]},
			"faces": {
				"north": {"uv": [6.5, 6.75, 6.75, 7], "texture": "#0"},
				"east": {"uv": [4.5, 6.75, 6.5, 7], "texture": "#0"},
				"south": {"uv": [8.75, 6.75, 9, 7], "texture": "#0"},
				"west": {"uv": [6.75, 6.75, 8.75, 7], "texture": "#0"},
				"up": {"uv": [6.75, 6.75, 6.5, 4.75], "texture": "#0"},
				"down": {"uv": [7, 4.75, 6.75, 6.75], "texture": "#0"}
			}
		},
		{
			"name": "corner",
			"from": [1.74953, 0.58426, 1.16282],
			"to": [14.28953, 1.72426, 2.30282],
			"rotation": {"angle": 0, "axis": "y", "origin": [8.13653, 2.74813, 7.9081]},
			"faces": {
				"north": {"uv": [6.25, 3, 9, 3.25], "texture": "#0"},
				"east": {"uv": [6, 3, 6.25, 3.25], "texture": "#0"},
				"south": {"uv": [9.25, 3, 12, 3.25], "texture": "#0"},
				"west": {"uv": [9, 3, 9.25, 3.25], "texture": "#0"},
				"up": {"uv": [9, 3, 6.25, 2.75], "texture": "#0"},
				"down": {"uv": [11.75, 2.75, 9, 3], "texture": "#0"}
			}
		},
		{
			"name": "corner",
			"from": [7.69428, 0.58227, -1.22213],
			"to": [10.13464, 1.72227, -0.08213],
			"rotation": {"angle": -45, "axis": "y", "origin": [8.13653, 2.74813, 7.9081]},
			"faces": {
				"north": {"uv": [0.25, 0.75, 0.75, 1], "texture": "#0"},
				"east": {"uv": [1.5, 0.75, 1.75, 1], "texture": "#0"},
				"south": {"uv": [1, 0.75, 1.5, 1], "texture": "#0"},
				"west": {"uv": [0.75, 0.75, 1, 1], "texture": "#0"},
				"up": {"uv": [1, 0.75, 0.75, 0.25], "rotation": 270, "texture": "#0"},
				"down": {"uv": [1.25, 0.25, 1, 0.75], "rotation": 90, "texture": "#0"}
			}
		},
		{
			"name": "corner",
			"from": [-1.30539, 0.59794, 5.87704],
			"to": [-0.16539, 1.73794, 8.31739],
			"rotation": {"angle": 45, "axis": "y", "origin": [8.13653, 2.74813, 7.9081]},
			"faces": {
				"north": {"uv": [0.75, 0.75, 1, 1], "texture": "#0"},
				"east": {"uv": [0.25, 0.75, 0.75, 1], "texture": "#0"},
				"south": {"uv": [1.5, 0.75, 1.75, 1], "texture": "#0"},
				"west": {"uv": [1, 0.75, 1.5, 1], "texture": "#0"},
				"up": {"uv": [1, 0.75, 0.75, 0.25], "texture": "#0"},
				"down": {"uv": [1.25, 0.25, 1, 0.75], "texture": "#0"}
			}
		},
		{
			"name": "corner",
			"from": [-1.15079, 0.58227, 7.65616],
			"to": [-0.01079, 1.72227, 10.09651],
			"rotation": {"angle": -45, "axis": "y", "origin": [8.13653, 2.74813, 7.9081]},
			"faces": {
				"north": {"uv": [0.75, 0.75, 1, 1], "texture": "#0"},
				"east": {"uv": [0.25, 0.75, 0.75, 1], "texture": "#0"},
				"south": {"uv": [1.5, 0.75, 1.75, 1], "texture": "#0"},
				"west": {"uv": [1, 0.75, 1.5, 1], "texture": "#0"},
				"up": {"uv": [1, 0.75, 0.75, 0.25], "texture": "#0"},
				"down": {"uv": [1.25, 0.25, 1, 0.75], "texture": "#0"}
			}
		},
		{
			"name": "corner",
			"from": [0.02395, 0.58426, 2.88842],
			"to": [1.16395, 1.72426, 13.14841],
			"rotation": {"angle": 0, "axis": "y", "origin": [8.13653, 2.74813, 7.9081]},
			"faces": {
				"north": {"uv": [2, 6.75, 2.25, 7], "texture": "#0"},
				"east": {"uv": [0, 6.75, 2, 7], "texture": "#0"},
				"south": {"uv": [4.25, 6.75, 4.5, 7], "texture": "#0"},
				"west": {"uv": [2.25, 6.75, 4.25, 7], "texture": "#0"},
				"up": {"uv": [2.25, 6.75, 2, 4.75], "texture": "#0"},
				"down": {"uv": [2.5, 4.75, 2.25, 6.75], "texture": "#0"}
			}
		},
		{
			"name": "corner",
			"from": [16.28415, 0.60478, 6.06458],
			"to": [17.42415, 1.74478, 8.50494],
			"rotation": {"angle": -45, "axis": "y", "origin": [8.13653, 2.74813, 7.9081]},
			"faces": {
				"north": {"uv": [0.75, 0.75, 1, 1], "texture": "#0"},
				"east": {"uv": [0.25, 0.75, 0.75, 1], "texture": "#0"},
				"south": {"uv": [1.5, 0.75, 1.75, 1], "texture": "#0"},
				"west": {"uv": [1, 0.75, 1.5, 1], "texture": "#0"},
				"up": {"uv": [1, 0.75, 0.75, 0.25], "texture": "#0"},
				"down": {"uv": [1.25, 0.25, 1, 0.75], "texture": "#0"}
			}
		},
		{
			"name": "swissroll",
			"from": [2.30366, 1.43926, 5.85241],
			"to": [13.70366, 5.99926, 10.41241],
			"rotation": {"angle": 0, "axis": "y", "origin": [8.13653, 2.74813, 7.9081]},
			"faces": {
				"north": {"uv": [1, 3.75, 3.5, 4.75], "texture": "#0"},
				"east": {"uv": [0, 3.75, 1, 4.75], "texture": "#0"},
				"south": {"uv": [4.5, 3.75, 7, 4.75], "texture": "#0"},
				"west": {"uv": [3.5, 3.75, 4.5, 4.75], "texture": "#0"},
				"up": {"uv": [3.5, 3.75, 1, 2.75], "texture": "#0"},
				"down": {"uv": [6, 2.75, 3.5, 3.75], "texture": "#0"}
			}
		},
		{
			"name": "cream",
			"from": [10.9633, 3.98933, 4.44988],
			"to": [12.1033, 5.12933, 5.58988],
			"rotation": {"angle": 45, "axis": "x", "origin": [8.13653, 2.74813, 7.9081]},
			"faces": {
				"north": {"uv": [0.25, 3, 0.5, 3.25], "texture": "#0"},
				"east": {"uv": [0, 3, 0.25, 3.25], "texture": "#0"},
				"south": {"uv": [0.75, 3, 1, 3.25], "texture": "#0"},
				"west": {"uv": [0.5, 3, 0.75, 3.25], "texture": "#0"},
				"up": {"uv": [0.5, 3, 0.25, 2.75], "texture": "#0"},
				"down": {"uv": [0.75, 2.75, 0.5, 3], "texture": "#0"}
			}
		},
		{
			"name": "cream",
			"from": [10.96109, 5.37989, 5.84195],
			"to": [12.10109, 6.51989, 6.98195],
			"rotation": {"angle": 45, "axis": "x", "origin": [8.13653, 2.74813, 7.9081]},
			"faces": {
				"north": {"uv": [0.25, 3.5, 0.5, 3.75], "texture": "#0"},
				"east": {"uv": [0, 3.5, 0.25, 3.75], "texture": "#0"},
				"south": {"uv": [0.75, 3.5, 1, 3.75], "texture": "#0"},
				"west": {"uv": [0.5, 3.5, 0.75, 3.75], "texture": "#0"},
				"up": {"uv": [0.5, 3.5, 0.25, 3.25], "texture": "#0"},
				"down": {"uv": [0.75, 3.25, 0.5, 3.5], "texture": "#0"}
			}
		},
		{
			"name": "cream",
			"from": [7.5433, 3.98933, 4.44988],
			"to": [8.6833, 5.12933, 5.58988],
			"rotation": {"angle": 45, "axis": "x", "origin": [8.13653, 2.74813, 7.9081]},
			"faces": {
				"north": {"uv": [0.25, 3, 0.5, 3.25], "texture": "#0"},
				"east": {"uv": [0, 3, 0.25, 3.25], "texture": "#0"},
				"south": {"uv": [0.75, 3, 1, 3.25], "texture": "#0"},
				"west": {"uv": [0.5, 3, 0.75, 3.25], "texture": "#0"},
				"up": {"uv": [0.5, 3, 0.25, 2.75], "texture": "#0"},
				"down": {"uv": [0.75, 2.75, 0.5, 3], "texture": "#0"}
			}
		},
		{
			"name": "cream",
			"from": [7.54109, 5.37989, 5.84195],
			"to": [8.68109, 6.51989, 6.98195],
			"rotation": {"angle": 45, "axis": "x", "origin": [8.13653, 2.74813, 7.9081]},
			"faces": {
				"north": {"uv": [0.25, 3.5, 0.5, 3.75], "texture": "#0"},
				"east": {"uv": [0, 3.5, 0.25, 3.75], "texture": "#0"},
				"south": {"uv": [0.75, 3.5, 1, 3.75], "texture": "#0"},
				"west": {"uv": [0.5, 3.5, 0.75, 3.75], "texture": "#0"},
				"up": {"uv": [0.5, 3.5, 0.25, 3.25], "texture": "#0"},
				"down": {"uv": [0.75, 3.25, 0.5, 3.5], "texture": "#0"}
			}
		},
		{
			"name": "cream",
			"from": [4.1233, 3.98933, 4.44988],
			"to": [5.2633, 5.12933, 5.58988],
			"rotation": {"angle": 45, "axis": "x", "origin": [8.13653, 2.74813, 7.9081]},
			"faces": {
				"north": {"uv": [0.25, 3, 0.5, 3.25], "texture": "#0"},
				"east": {"uv": [0, 3, 0.25, 3.25], "texture": "#0"},
				"south": {"uv": [0.75, 3, 1, 3.25], "texture": "#0"},
				"west": {"uv": [0.5, 3, 0.75, 3.25], "texture": "#0"},
				"up": {"uv": [0.5, 3, 0.25, 2.75], "texture": "#0"},
				"down": {"uv": [0.75, 2.75, 0.5, 3], "texture": "#0"}
			}
		},
		{
			"name": "cream",
			"from": [4.12109, 5.37989, 5.84195],
			"to": [5.26109, 6.51989, 6.98195],
			"rotation": {"angle": 45, "axis": "x", "origin": [8.13653, 2.74813, 7.9081]},
			"faces": {
				"north": {"uv": [0.25, 3.5, 0.5, 3.75], "texture": "#0"},
				"east": {"uv": [0, 3.5, 0.25, 3.75], "texture": "#0"},
				"south": {"uv": [0.75, 3.5, 1, 3.75], "texture": "#0"},
				"west": {"uv": [0.5, 3.5, 0.75, 3.75], "texture": "#0"},
				"up": {"uv": [0.5, 3.5, 0.25, 3.25], "texture": "#0"},
				"down": {"uv": [0.75, 3.25, 0.5, 3.5], "texture": "#0"}
			}
		},
		{
			"name": "leaves",
			"from": [0.89141, 4.46877, 5.82131],
			"to": [3.17141, 4.46877, 8.10131],
			"rotation": {"angle": -22.5, "axis": "z", "origin": [8.13653, 2.74813, 7.9081]},
			"faces": {
				"north": {"uv": [1.5, 5.5, 2, 5.5], "texture": "#0"},
				"east": {"uv": [1, 5.5, 1.5, 5.5], "texture": "#0"},
				"south": {"uv": [0.5, 5.5, 1, 5.5], "texture": "#0"},
				"west": {"uv": [0, 5.5, 0.5, 5.5], "texture": "#0"},
				"up": {"uv": [1, 5.5, 0.5, 5], "rotation": 180, "texture": "#0"},
				"down": {"uv": [1, 5, 0.5, 5.5], "rotation": 180, "texture": "#0"}
			}
		},
		{
			"name": "leaves",
			"from": [8.78398, 5.97167, 4.92641],
			"to": [11.06398, 5.97167, 7.20641],
			"rotation": {"angle": 22.5, "axis": "x", "origin": [8.13653, 2.74813, 7.9081]},
			"faces": {
				"north": {"uv": [1.5, 5.5, 2, 5.5], "texture": "#0"},
				"east": {"uv": [1, 5.5, 1.5, 5.5], "texture": "#0"},
				"south": {"uv": [0.5, 5.5, 1, 5.5], "texture": "#0"},
				"west": {"uv": [0, 5.5, 0.5, 5.5], "texture": "#0"},
				"up": {"uv": [1, 5.5, 0.5, 5], "rotation": 180, "texture": "#0"},
				"down": {"uv": [1, 5, 0.5, 5.5], "rotation": 180, "texture": "#0"}
			}
		},
		{
			"name": "leaves",
			"from": [8.09143, 2.36668, 2.71432],
			"to": [10.37143, 2.36668, 4.99432],
			"rotation": {"angle": -22.5, "axis": "z", "origin": [8.13653, 2.74813, 7.9081]},
			"faces": {
				"north": {"uv": [1, 5.5, 1.5, 5.5], "texture": "#0"},
				"east": {"uv": [0.5, 5.5, 1, 5.5], "texture": "#0"},
				"south": {"uv": [0, 5.5, 0.5, 5.5], "texture": "#0"},
				"west": {"uv": [1.5, 5.5, 2, 5.5], "texture": "#0"},
				"up": {"uv": [1, 5.5, 0.5, 5], "rotation": 90, "texture": "#0"},
				"down": {"uv": [1, 5, 0.5, 5.5], "rotation": 270, "texture": "#0"}
			}
		},
		{
			"name": "leaves",
			"from": [12.70711, 1.46371, 3.45532],
			"to": [14.98711, 1.46371, 5.73532],
			"rotation": {"angle": 0, "axis": "y", "origin": [8.13653, 2.74813, 7.9081]},
			"faces": {
				"north": {"uv": [0.5, 5.5, 1, 5.5], "texture": "#0"},
				"east": {"uv": [0, 5.5, 0.5, 5.5], "texture": "#0"},
				"south": {"uv": [1.5, 5.5, 2, 5.5], "texture": "#0"},
				"west": {"uv": [1, 5.5, 1.5, 5.5], "texture": "#0"},
				"up": {"uv": [1, 5.5, 0.5, 5], "texture": "#0"},
				"down": {"uv": [1, 5, 0.5, 5.5], "texture": "#0"}
			}
		},
		{
			"name": "leaves",
			"from": [2.90311, 1.40671, 2.54332],
			"to": [5.18311, 1.40671, 4.82332],
			"rotation": {"angle": 0, "axis": "y", "origin": [8.13653, 2.74813, 7.9081]},
			"faces": {
				"north": {"uv": [1, 5.5, 1.5, 5.5], "texture": "#0"},
				"east": {"uv": [0.5, 5.5, 1, 5.5], "texture": "#0"},
				"south": {"uv": [0, 5.5, 0.5, 5.5], "texture": "#0"},
				"west": {"uv": [1.5, 5.5, 2, 5.5], "texture": "#0"},
				"up": {"uv": [1, 5.5, 0.5, 5], "rotation": 90, "texture": "#0"},
				"down": {"uv": [1, 5, 0.5, 5.5], "rotation": 270, "texture": "#0"}
			}
		},
		{
			"name": "leaves",
			"from": [8.60311, 1.40671, 11.37832],
			"to": [10.88311, 1.40671, 13.65832],
			"rotation": {"angle": 0, "axis": "y", "origin": [8.13653, 2.74813, 7.9081]},
			"faces": {
				"north": {"uv": [0.5, 5.5, 1, 5.5], "texture": "#0"},
				"east": {"uv": [0, 5.5, 0.5, 5.5], "texture": "#0"},
				"south": {"uv": [1.5, 5.5, 2, 5.5], "texture": "#0"},
				"west": {"uv": [1, 5.5, 1.5, 5.5], "texture": "#0"},
				"up": {"uv": [1, 5.5, 0.5, 5], "texture": "#0"},
				"down": {"uv": [1, 5, 0.5, 5.5], "texture": "#0"}
			}
		},
		{
			"name": "leaves",
			"from": [7.21033, 1.52071, 12.05075],
			"to": [9.49033, 1.52071, 14.33075],
			"rotation": {"angle": 45, "axis": "y", "origin": [8.13653, 2.74813, 7.9081]},
			"faces": {
				"north": {"uv": [1.5, 5.5, 2, 5.5], "texture": "#0"},
				"east": {"uv": [1, 5.5, 1.5, 5.5], "texture": "#0"},
				"south": {"uv": [0.5, 5.5, 1, 5.5], "texture": "#0"},
				"west": {"uv": [0, 5.5, 0.5, 5.5], "texture": "#0"},
				"up": {"uv": [1, 5.5, 0.5, 5], "rotation": 180, "texture": "#0"},
				"down": {"uv": [1, 5, 0.5, 5.5], "rotation": 180, "texture": "#0"}
			}
		},
		{
			"name": "leaves",
			"from": [6.16761, 1.63471, 2.83902],
			"to": [8.44761, 1.63471, 5.11902],
			"rotation": {"angle": 22.5, "axis": "y", "origin": [8.13653, 2.74813, 7.9081]},
			"faces": {
				"north": {"uv": [0.5, 5.5, 1, 5.5], "texture": "#0"},
				"east": {"uv": [0, 5.5, 0.5, 5.5], "texture": "#0"},
				"south": {"uv": [1.5, 5.5, 2, 5.5], "texture": "#0"},
				"west": {"uv": [1, 5.5, 1.5, 5.5], "texture": "#0"},
				"up": {"uv": [1, 5.5, 0.5, 5], "texture": "#0"},
				"down": {"uv": [1, 5, 0.5, 5.5], "texture": "#0"}
			}
		},
		{
			"name": "leaves",
			"from": [6.84436, 6.20825, 11.39159],
			"to": [9.12436, 6.20825, 13.67159],
			"rotation": {"angle": 45, "axis": "y", "origin": [8.13653, 2.74813, 7.9081]},
			"faces": {
				"north": {"uv": [1, 5.5, 1.5, 5.5], "texture": "#0"},
				"east": {"uv": [0.5, 5.5, 1, 5.5], "texture": "#0"},
				"south": {"uv": [0, 5.5, 0.5, 5.5], "texture": "#0"},
				"west": {"uv": [1.5, 5.5, 2, 5.5], "texture": "#0"},
				"up": {"uv": [1, 5.5, 0.5, 5], "rotation": 90, "texture": "#0"},
				"down": {"uv": [1, 5, 0.5, 5.5], "rotation": 270, "texture": "#0"}
			}
		},
		{
			"name": "flowers",
			"from": [4.01366, 3.46073, 11.3945],
			"to": [5.15366, 3.46073, 12.5345],
			"rotation": {"angle": 22.5, "axis": "x", "origin": [8.13653, 2.74813, 7.9081]},
			"faces": {
				"north": {"uv": [3, 5.25, 3.25, 5.25], "texture": "#0"},
				"east": {"uv": [2.75, 5.25, 3, 5.25], "texture": "#0"},
				"south": {"uv": [3.5, 5.25, 3.75, 5.25], "texture": "#0"},
				"west": {"uv": [3.25, 5.25, 3.5, 5.25], "texture": "#0"},
				"up": {"uv": [3.25, 5.25, 3, 5], "texture": "#0"},
				"down": {"uv": [3.25, 5.25, 3, 5], "texture": "#0"}
			}
		},
		{
			"name": "flowers",
			"from": [2.87366, 3.63173, 10.2545],
			"to": [6.29366, 3.63173, 13.6745],
			"rotation": {"angle": 22.5, "axis": "x", "origin": [8.13653, 2.74813, 7.9081]},
			"faces": {
				"north": {"uv": [3.25, 6.75, 4, 6.75], "texture": "#0"},
				"east": {"uv": [2.5, 6.75, 3.25, 6.75], "texture": "#0"},
				"south": {"uv": [4.75, 6.75, 5.5, 6.75], "texture": "#0"},
				"west": {"uv": [4, 6.75, 4.75, 6.75], "texture": "#0"},
				"up": {"uv": [4, 6.75, 3.25, 6], "texture": "#0"},
				"down": {"uv": [4, 6.75, 3.25, 6], "texture": "#0"}
			}
		},
		{
			"name": "flowers",
			"from": [2.87366, 3.91673, 10.2545],
			"to": [6.29366, 3.91673, 13.6745],
			"rotation": {"angle": 22.5, "axis": "x", "origin": [8.13653, 2.74813, 7.9081]},
			"faces": {
				"north": {"uv": [4.25, 5.5, 5, 5.5], "texture": "#0"},
				"east": {"uv": [3.5, 5.5, 4.25, 5.5], "texture": "#0"},
				"south": {"uv": [5.75, 5.5, 6.5, 5.5], "texture": "#0"},
				"west": {"uv": [5, 5.5, 5.75, 5.5], "texture": "#0"},
				"up": {"uv": [5, 5.5, 4.25, 4.75], "texture": "#0"},
				"down": {"uv": [5, 5.5, 4.25, 4.75], "texture": "#0"}
			}
		},
		{
			"name": "flowers2",
			"from": [10.85366, 1.61026, 3.45841],
			"to": [11.99366, 1.61026, 4.59841],
			"rotation": {"angle": 0, "axis": "y", "origin": [8.13653, 2.74813, 7.9081]},
			"faces": {
				"north": {"uv": [3, 5.25, 3.25, 5.25], "texture": "#0"},
				"east": {"uv": [2.75, 5.25, 3, 5.25], "texture": "#0"},
				"south": {"uv": [3.5, 5.25, 3.75, 5.25], "texture": "#0"},
				"west": {"uv": [3.25, 5.25, 3.5, 5.25], "texture": "#0"},
				"up": {"uv": [3.25, 5.25, 3, 5], "texture": "#0"},
				"down": {"uv": [3.25, 5.25, 3, 5], "texture": "#0"}
			}
		},
		{
			"name": "flowers2",
			"from": [9.71366, 1.78126, 2.31841],
			"to": [13.13366, 1.78126, 5.73841],
			"rotation": {"angle": 0, "axis": "y", "origin": [8.13653, 2.74813, 7.9081]},
			"faces": {
				"north": {"uv": [3.25, 6.75, 4, 6.75], "texture": "#0"},
				"east": {"uv": [2.5, 6.75, 3.25, 6.75], "texture": "#0"},
				"south": {"uv": [4.75, 6.75, 5.5, 6.75], "texture": "#0"},
				"west": {"uv": [4, 6.75, 4.75, 6.75], "texture": "#0"},
				"up": {"uv": [4, 6.75, 3.25, 6], "texture": "#0"},
				"down": {"uv": [4, 6.75, 3.25, 6], "texture": "#0"}
			}
		},
		{
			"name": "flowers2",
			"from": [9.71366, 2.06626, 2.31841],
			"to": [13.13366, 2.06626, 5.73841],
			"rotation": {"angle": 0, "axis": "y", "origin": [8.13653, 2.74813, 7.9081]},
			"faces": {
				"north": {"uv": [4.25, 5.5, 5, 5.5], "texture": "#0"},
				"east": {"uv": [3.5, 5.5, 4.25, 5.5], "texture": "#0"},
				"south": {"uv": [5.75, 5.5, 6.5, 5.5], "texture": "#0"},
				"west": {"uv": [5, 5.5, 5.75, 5.5], "texture": "#0"},
				"up": {"uv": [5, 5.5, 4.25, 4.75], "texture": "#0"},
				"down": {"uv": [5, 5.5, 4.25, 4.75], "texture": "#0"}
			}
		},
		{
			"name": "petals",
			"from": [11.76566, 1.32526, 11.78851],
			"to": [12.90566, 1.32526, 12.92851],
			"rotation": {"angle": 0, "axis": "y", "origin": [8.13653, 2.74813, 7.9081]},
			"faces": {
				"north": {"uv": [0.25, 6, 0.5, 6], "texture": "#0"},
				"east": {"uv": [0, 6, 0.25, 6], "texture": "#0"},
				"south": {"uv": [0.75, 6, 1, 6], "texture": "#0"},
				"west": {"uv": [0.5, 6, 0.75, 6], "texture": "#0"},
				"up": {"uv": [0.5, 6, 0.25, 5.75], "texture": "#0"},
				"down": {"uv": [0.75, 5.75, 0.5, 6], "texture": "#0"}
			}
		},
		{
			"name": "petals",
			"from": [3.86756, 1.43926, 2.26727],
			"to": [5.00756, 1.43926, 3.40727],
			"rotation": {"angle": 22.5, "axis": "y", "origin": [8.13653, 2.74813, 7.9081]},
			"faces": {
				"north": {"uv": [0.25, 6, 0.5, 6], "texture": "#0"},
				"east": {"uv": [0, 6, 0.25, 6], "texture": "#0"},
				"south": {"uv": [0.75, 6, 1, 6], "texture": "#0"},
				"west": {"uv": [0.5, 6, 0.75, 6], "texture": "#0"},
				"up": {"uv": [0.5, 6, 0.25, 5.75], "texture": "#0"},
				"down": {"uv": [0.75, 5.75, 0.5, 6], "texture": "#0"}
			}
		},
		{
			"name": "petals",
			"from": [2.44381, 1.32526, 6.0845],
			"to": [3.58381, 1.32526, 7.2245],
			"rotation": {"angle": -45, "axis": "y", "origin": [8.13653, 2.74813, 7.9081]},
			"faces": {
				"north": {"uv": [0.25, 6, 0.5, 6], "texture": "#0"},
				"east": {"uv": [0, 6, 0.25, 6], "texture": "#0"},
				"south": {"uv": [0.75, 6, 1, 6], "texture": "#0"},
				"west": {"uv": [0.5, 6, 0.75, 6], "texture": "#0"},
				"up": {"uv": [0.5, 6, 0.25, 5.75], "texture": "#0"},
				"down": {"uv": [0.75, 5.75, 0.5, 6], "texture": "#0"}
			}
		},
		{
			"name": "petals",
			"from": [6.09027, 1.78126, 11.99009],
			"to": [7.23027, 1.78126, 13.13009],
			"rotation": {"angle": 22.5, "axis": "y", "origin": [8.13653, 2.74813, 7.9081]},
			"faces": {
				"north": {"uv": [0.25, 6, 0.5, 6], "texture": "#0"},
				"east": {"uv": [0, 6, 0.25, 6], "texture": "#0"},
				"south": {"uv": [0.75, 6, 1, 6], "texture": "#0"},
				"west": {"uv": [0.5, 6, 0.75, 6], "texture": "#0"},
				"up": {"uv": [0.5, 6, 0.25, 5.75], "texture": "#0"},
				"down": {"uv": [0.75, 5.75, 0.5, 6], "texture": "#0"}
			}
		}
	],
	"display": {
		"thirdperson_righthand": {
			"rotation": [65, 0, 0],
			"translation": [-6, 5.5, 5.5]
		},
		"thirdperson_lefthand": {
			"rotation": [65, 90, 0],
			"translation": [-6, 6.75, 5]
		},
		"firstperson_righthand": {
			"translation": [-8.25, 0, -7.5]
		},
		"firstperson_lefthand": {
			"rotation": [0, 90, 0],
			"translation": [-9.5, 0, -7.25]
		},
		"gui": {
			"rotation": [15.86, 34.42, 0.73],
			"translation": [-0.25, 0.75, 0]
		},
		"fixed": {
			"rotation": [-90, 0, 0],
			"translation": [0, 0, -15],
			"scale": [2, 2, 2]
		}
	},
	"groups": [
		{
			"name": "Plate",
			"origin": [0, 0, 0],
			"color": 0,
			"children": [
				0,
				{
					"name": "corner",
					"origin": [3.07612, 0.15, 13.91021],
					"color": 1,
					"children": [1, 2, 3, 4, 5, 6, 7, 8]
				},
				{
					"name": "swissroll",
					"origin": [12, 0.15, 2.70711],
					"color": 2,
					"children": [
						9,
						{
							"name": "toppings",
							"origin": [-1.9, -0.9, -0.6],
							"color": 3,
							"children": [
								{
									"name": "cream",
									"origin": [2.32045, 3.07544, 0.57114],
									"color": 4,
									"children": [10, 11]
								},
								{
									"name": "cream",
									"origin": [2.32045, 3.07544, 0.57114],
									"color": 4,
									"children": [12, 13]
								},
								{
									"name": "cream",
									"origin": [2.32045, 3.07544, 0.57114],
									"color": 4,
									"children": [14, 15]
								},
								{
									"name": "leaves",
									"origin": [0, 0, 0],
									"color": 7,
									"children": [16, 17, 18, 19, 20, 21, 22, 23, 24]
								}
							]
						},
						{
							"name": "flowers",
							"origin": [-3, 1.78333, 3.5],
							"color": 8,
							"children": [25, 26, 27]
						},
						{
							"name": "flowers2",
							"origin": [2, 1.58333, -3.5],
							"color": 9,
							"children": [28, 29, 30]
						},
						{
							"name": "petals",
							"origin": [12, 0.15, 2.70711],
							"color": 0,
							"children": [31, 32, 33, 34]
						}
					]
				}
			]
		}
	]
}