{
	"credit": "Made with Blockbench",
	"textures": {
		"0": "block/acacia_planks_a",
		"2": "block/stripped_acacia_log_a",
		"particle": "block/acacia_planks_a"
	},
	"elements": [
		{
			"from": [1, 0, 13],
			"to": [3, 15, 15],
			"faces": {
				"north": {"uv": [0, 1, 15, 3], "rotation": 90, "texture": "#0"},
				"east": {"uv": [0, 9, 15, 11], "rotation": 90, "texture": "#0"},
				"south": {"uv": [1, 0, 16, 2], "rotation": 270, "texture": "#0"},
				"west": {"uv": [0, 8, 15, 10], "rotation": 90, "texture": "#0"},
				"up": {"uv": [0, 0, 15, 2], "rotation": 90, "texture": "#0"},
				"down": {"uv": [1, 1, 3, 3], "texture": "#0"}
			}
		},
		{
			"from": [13, 0, 13],
			"to": [15, 15, 15],
			"faces": {
				"north": {"uv": [0, 9, 15, 11], "rotation": 90, "texture": "#0"},
				"east": {"uv": [0, 1, 15, 3], "rotation": 90, "texture": "#0"},
				"south": {"uv": [1, 8, 16, 10], "rotation": 270, "texture": "#0"},
				"west": {"uv": [0, 0, 15, 2], "rotation": 90, "texture": "#0"},
				"up": {"uv": [0, 0, 15, 2], "rotation": 90, "texture": "#0"},
				"down": {"uv": [14, 1, 16, 3], "texture": "#0"}
			}
		},
		{
			"from": [13, 0, 1],
			"to": [15, 15, 3],
			"faces": {
				"north": {"uv": [0, 8, 15, 10], "rotation": 90, "texture": "#0"},
				"east": {"uv": [0, 0, 15, 2], "rotation": 90, "texture": "#0"},
				"south": {"uv": [0, 9, 15, 11], "rotation": 90, "texture": "#0"},
				"west": {"uv": [0, 1, 15, 3], "rotation": 90, "texture": "#0"},
				"up": {"uv": [0, 0, 15, 2], "rotation": 90, "texture": "#0"},
				"down": {"uv": [14, 0, 16, 2], "texture": "#0"}
			}
		},
		{
			"from": [1, 0, 1],
			"to": [3, 15, 3],
			"faces": {
				"north": {"uv": [0, 0, 15, 2], "rotation": 90, "texture": "#0"},
				"east": {"uv": [0, 9, 15, 11], "rotation": 90, "texture": "#0"},
				"south": {"uv": [0, 1, 15, 3], "rotation": 90, "texture": "#0"},
				"west": {"uv": [0, 8, 15, 10], "rotation": 90, "texture": "#0"},
				"up": {"uv": [0, 0, 15, 2], "rotation": 90, "texture": "#0"},
				"down": {"uv": [0, 0, 2, 2], "rotation": 90, "texture": "#0"}
			}
		},
		{
			"from": [-0.01, 13.99, -0.01],
			"to": [16.01, 16.01, 16.01],
			"rotation": {"angle": 0, "axis": "y", "origin": [-0.01, 0, -0.01]},
			"faces": {
				"north": {"uv": [0, 0, 16, 2], "rotation": 180, "texture": "#2"},
				"east": {"uv": [13, 0, 15, 16], "rotation": 90, "texture": "#2"},
				"south": {"uv": [0, 12, 16, 14], "texture": "#2"},
				"west": {"uv": [1, 0, 3, 16], "rotation": 270, "texture": "#2"},
				"up": {"uv": [0, 0, 16, 16], "texture": "#2"},
				"down": {"uv": [0, 0, 16, 16], "texture": "#2"}
			}
		},
		{
			"from": [-0.01, 12.99, -0.01],
			"to": [16.01, 14.01, 16.01],
			"rotation": {"angle": 0, "axis": "y", "origin": [-0.01, 0, -0.01]},
			"faces": {
				"north": {"uv": [0, 0, 1, 16], "rotation": 90, "texture": "#2"},
				"east": {"uv": [0, 0, 1, 16], "rotation": 90, "texture": "#2"},
				"south": {"uv": [0, 0, 1, 16], "rotation": 90, "texture": "#2"},
				"west": {"uv": [0, 0, 1, 16], "rotation": 270, "texture": "#2"},
				"up": {"uv": [0, 0, 16, 16], "texture": "#2"},
				"down": {"uv": [0, 0, 16, 16], "texture": "#2"}
			}
		},
		{
			"from": [2, 8, 2],
			"to": [14, 13, 14],
			"faces": {
				"north": {"uv": [4, 7, 16, 12], "texture": "#0"},
				"east": {"uv": [0, 3, 12, 8], "texture": "#0"},
				"south": {"uv": [0, 7, 16, 12], "texture": "#0"},
				"west": {"uv": [4, 3, 16, 8], "texture": "#0"},
				"down": {"uv": [2, 2, 14, 14], "texture": "#missing"}
			}
		},
		{
			"from": [1.51, 7, 1.51],
			"to": [14.49, 8, 14.49],
			"rotation": {"angle": 0, "axis": "y", "origin": [0.51, 0, 0.51]},
			"faces": {
				"north": {"uv": [0, 9, 13.98, 10], "texture": "#0"},
				"east": {"uv": [0, 0, 13.98, 1], "texture": "#0"},
				"south": {"uv": [0, 8, 13.98, 9], "texture": "#0"},
				"west": {"uv": [0, 1, 13.98, 2], "texture": "#0"},
				"up": {"uv": [1, 1, 14.98, 14.98], "texture": "#2"},
				"down": {"uv": [1, 1, 14.98, 14.98], "texture": "#0"}
			}
		},
		{
			"from": [6.5, 10, 14],
			"to": [9.5, 11, 15],
			"faces": {
				"east": {"uv": [14, 11, 15, 12], "texture": "#0"},
				"south": {"uv": [0, 11, 4, 12], "texture": "#0"},
				"west": {"uv": [8, 11, 9, 12], "texture": "#0"},
				"up": {"uv": [6, 11, 10, 12], "texture": "#0"},
				"down": {"uv": [6, 11, 10, 12], "texture": "#0"}
			}
		},
		{
			"from": [3.5, 8.5, 14],
			"to": [12.5, 12.5, 14.5],
			"faces": {
				"east": {"uv": [6, 7, 7, 11], "texture": "#0"},
				"south": {"uv": [3, 3, 7, 12], "rotation": 90, "texture": "#2"},
				"west": {"uv": [6, 7, 7, 11], "texture": "#0"},
				"up": {"uv": [7, 7, 16, 8], "texture": "#0"},
				"down": {"uv": [7, 11, 16, 12], "texture": "#0"}
			}
		},
		{
			"from": [3, 9, 14.01],
			"to": [4, 12, 14.01],
			"faces": {
				"north": {"uv": [0, 0, 1, 3], "texture": "#missing"},
				"east": {"uv": [0, 0, 0, 3], "texture": "#missing"},
				"south": {"uv": [0, 3, 3, 4], "rotation": 90, "texture": "#0"},
				"west": {"uv": [0, 0, 0, 3], "texture": "#missing"},
				"up": {"uv": [0, 0, 1, 0], "texture": "#missing"},
				"down": {"uv": [0, 0, 1, 0], "texture": "#missing"}
			}
		},
		{
			"from": [12, 9, 14.01],
			"to": [13, 12, 14.01],
			"faces": {
				"north": {"uv": [0, 0, 1, 3], "texture": "#missing"},
				"east": {"uv": [0, 0, 0, 3], "texture": "#missing"},
				"south": {"uv": [0, 3, 3, 4], "rotation": 90, "texture": "#0"},
				"west": {"uv": [0, 0, 0, 3], "texture": "#missing"},
				"up": {"uv": [0, 0, 1, 0], "texture": "#missing"},
				"down": {"uv": [0, 0, 1, 0], "texture": "#missing"}
			}
		}
	],
	"display": {
		"thirdperson_righthand": {
			"translation": [0, 0, -3],
			"scale": [0.5, 0.5, 0.5]
		},
		"thirdperson_lefthand": {
			"translation": [0, 0, -3],
			"scale": [0.5, 0.5, 0.5]
		},
		"firstperson_righthand": {
			"translation": [0, -3, 0],
			"scale": [0.5, 0.5, 0.5]
		},
		"firstperson_lefthand": {
			"translation": [0, -3, 0],
			"scale": [0.5, 0.5, 0.5]
		},
		"ground": {
			"scale": [0.5, 0.5, 0.5]
		},
		"gui": {
			"rotation": [30, 45, 0],
			"scale": [0.5, 0.5, 0.5]
		},
		"fixed": {
			"rotation": [-90, 0, 0],
			"translation": [0, 0, -14],
			"scale": [2, 2, 2]
		}
	}
}