{
	"credit": "Made with Blockbench",
	"textures": {
		"0": "block/basket_lunchbox_top",
		"1": "block/basket_lunchbox_side",
		"2": "block/plaid2_green",
		"3": "block/lunchbox_contents",
		"particle": "block/basket_lunchbox_top"
	},
	"elements": [
		{
			"from": [2, 0, 4],
			"to": [14, 1, 14],
			"rotation": {"angle": 0, "axis": "y", "origin": [0, 0, 2]},
			"faces": {
				"north": {"uv": [3, 14, 15, 15], "texture": "#1"},
				"east": {"uv": [5, 14, 15, 15], "texture": "#1"},
				"south": {"uv": [3, 14, 15, 15], "texture": "#1"},
				"west": {"uv": [5, 14, 15, 15], "texture": "#1"},
				"up": {"uv": [2, 3, 14, 13], "texture": "#2"},
				"down": {"uv": [2, 5, 14, 15], "texture": "#1"}
			}
		},
		{
			"from": [2, 5, 2],
			"to": [14, 15, 3],
			"rotation": {"angle": -22.5, "axis": "x", "origin": [8, 5, 4]},
			"faces": {
				"north": {"uv": [2, 3, 14, 13], "rotation": 180, "texture": "#1"},
				"east": {"uv": [1, 4, 2, 14], "texture": "#1"},
				"south": {"uv": [2, 3, 14, 13], "texture": "#2"},
				"west": {"uv": [13, 3, 14, 13], "texture": "#1"},
				"up": {"uv": [3, 2, 15, 3], "rotation": 180, "texture": "#1"},
				"down": {"uv": [3, 1, 15, 2], "rotation": 180, "texture": "#1"}
			}
		},
		{
			"from": [2, 1, 4],
			"to": [3, 5, 13],
			"rotation": {"angle": 0, "axis": "y", "origin": [0, 0, 2]},
			"faces": {
				"north": {"uv": [14, 1, 15, 6], "texture": "#1"},
				"east": {"uv": [4, 3, 13, 7], "texture": "#2"},
				"south": {"uv": [0, 0, 1, 5], "texture": "#missing"},
				"west": {"uv": [1, 1, 10, 5], "texture": "#1"},
				"up": {"uv": [1, 1, 2, 11], "texture": "#0"},
				"down": {"uv": [0, 0, 1, 10], "texture": "#missing"}
			}
		},
		{
			"from": [2, 5, 3],
			"to": [3, 14, 4],
			"rotation": {"angle": -22.5, "axis": "x", "origin": [8, 5, 4]},
			"faces": {
				"north": {"uv": [0, 0, 1, 10], "rotation": 180, "texture": "#missing"},
				"east": {"uv": [0, 1, 9, 2], "rotation": 90, "texture": "#2"},
				"south": {"uv": [1, 6, 2, 15], "texture": "#0"},
				"west": {"uv": [3, 1, 12, 2], "rotation": 90, "texture": "#1"},
				"up": {"uv": [0, 0, 1, 2], "texture": "#missing"},
				"down": {"uv": [14, 14, 15, 15], "texture": "#1"}
			}
		},
		{
			"from": [13, 6, 3],
			"to": [14, 15, 4],
			"rotation": {"angle": -22.5, "axis": "x", "origin": [8, 5, 4]},
			"faces": {
				"north": {"uv": [0, 0, 1, 10], "rotation": 180, "texture": "#missing"},
				"east": {"uv": [1, 1, 11, 2], "rotation": 270, "texture": "#1"},
				"south": {"uv": [14, 6, 15, 15], "texture": "#0"},
				"west": {"uv": [4, 1, 13, 2], "rotation": 270, "texture": "#2"},
				"up": {"uv": [14, 12, 15, 13], "rotation": 180, "texture": "#1"},
				"down": {"uv": [0, 0, 1, 2], "rotation": 180, "texture": "#missing"}
			}
		},
		{
			"from": [13, 1, 5],
			"to": [14, 5, 14],
			"rotation": {"angle": 0, "axis": "y", "origin": [0, 0, 2]},
			"faces": {
				"north": {"uv": [0, 0, 1, 4], "texture": "#missing"},
				"east": {"uv": [1, 1, 10, 5], "texture": "#1"},
				"south": {"uv": [14, 1, 15, 5], "texture": "#1"},
				"west": {"uv": [0, 3, 9, 7], "texture": "#2"},
				"up": {"uv": [14, 1, 15, 10], "texture": "#0"},
				"down": {"uv": [0, 0, 1, 9], "texture": "#missing"}
			}
		},
		{
			"from": [2, 1, 13],
			"to": [13, 5, 14],
			"rotation": {"angle": 0, "axis": "y", "origin": [0, 0, 2]},
			"faces": {
				"north": {"uv": [2, 3, 13, 7], "texture": "#2"},
				"east": {"uv": [0, 0, 1, 5], "texture": "#missing"},
				"south": {"uv": [1, 1, 12, 5], "texture": "#1"},
				"west": {"uv": [14, 1, 15, 6], "texture": "#1"},
				"up": {"uv": [1, 14, 12, 15], "texture": "#0"},
				"down": {"uv": [0, 0, 11, 1], "texture": "#missing"}
			}
		},
		{
			"from": [3, 1, 4],
			"to": [14, 5, 5],
			"rotation": {"angle": 0, "axis": "y", "origin": [0, 0, 2]},
			"faces": {
				"north": {"uv": [1, 1, 12, 5], "texture": "#1"},
				"east": {"uv": [14, 1, 15, 5], "texture": "#1"},
				"south": {"uv": [3, 3, 14, 7], "texture": "#2"},
				"west": {"uv": [0, 0, 1, 4], "texture": "#missing"},
				"up": {"uv": [4, 1, 15, 2], "texture": "#0"},
				"down": {"uv": [0, 0, 11, 1], "texture": "#missing"}
			}
		},
		{
			"from": [3, 5, 3],
			"to": [14, 6, 4],
			"rotation": {"angle": -22.5, "axis": "x", "origin": [8, 5, 4]},
			"faces": {
				"north": {"uv": [0, 0, 10, 1], "rotation": 180, "texture": "#missing"},
				"east": {"uv": [14, 2, 15, 3], "rotation": 270, "texture": "#1"},
				"south": {"uv": [4, 14, 15, 15], "texture": "#0"},
				"west": {"uv": [0, 0, 1, 2], "rotation": 270, "texture": "#missing"},
				"up": {"uv": [3, 0, 14, 1], "texture": "#2"},
				"down": {"uv": [2, 1, 13, 2], "texture": "#1"}
			}
		},
		{
			"from": [2, 14, 3],
			"to": [13, 15, 4],
			"rotation": {"angle": -22.5, "axis": "x", "origin": [8, 5, 4]},
			"faces": {
				"north": {"uv": [0, 0, 10, 1], "rotation": 180, "texture": "#missing"},
				"east": {"uv": [0, 0, 1, 2], "rotation": 90, "texture": "#missing"},
				"south": {"uv": [1, 1, 12, 2], "texture": "#0"},
				"west": {"uv": [14, 12, 15, 13], "rotation": 90, "texture": "#1"},
				"up": {"uv": [3, 1, 14, 2], "rotation": 180, "texture": "#1"},
				"down": {"uv": [3, 0, 14, 1], "rotation": 180, "texture": "#2"}
			}
		},
		{
			"from": [5, 0, 5],
			"to": [8, 9, 8],
			"rotation": {"angle": 22.5, "axis": "z", "origin": [4, 0, 6]},
			"faces": {
				"north": {"uv": [0, 6, 3, 15], "texture": "#3"},
				"east": {"uv": [0, 6, 3, 15], "texture": "#3"},
				"south": {"uv": [0, 6, 3, 15], "texture": "#3"},
				"west": {"uv": [0, 6, 3, 15], "texture": "#3"},
				"up": {"uv": [3, 6, 6, 9], "texture": "#3"},
				"down": {"uv": [0, 12, 3, 15], "texture": "#3"}
			}
		},
		{
			"from": [8, 3, 5],
			"to": [13, 4, 10],
			"rotation": {"angle": 0, "axis": "y", "origin": [0, 0, 2]},
			"faces": {
				"north": {"uv": [6, 5, 11, 6], "texture": "#3"},
				"east": {"uv": [6, 5, 11, 6], "texture": "#3"},
				"south": {"uv": [6, 5, 11, 6], "texture": "#3"},
				"west": {"uv": [6, 5, 11, 6], "texture": "#3"},
				"up": {"uv": [6, 0, 11, 5], "texture": "#3"},
				"down": {"uv": [6, 0, 11, 5], "texture": "#3"}
			}
		},
		{
			"from": [8, 1, 5],
			"to": [13, 2, 10],
			"rotation": {"angle": 0, "axis": "y", "origin": [0, 0, 2]},
			"faces": {
				"north": {"uv": [6, 5, 11, 6], "texture": "#3"},
				"east": {"uv": [6, 5, 11, 6], "texture": "#3"},
				"south": {"uv": [6, 5, 11, 6], "texture": "#3"},
				"west": {"uv": [6, 5, 11, 6], "texture": "#3"},
				"up": {"uv": [6, 0, 11, 5], "texture": "#3"},
				"down": {"uv": [6, 0, 11, 5], "texture": "#3"}
			}
		},
		{
			"from": [8, 2, 5],
			"to": [13, 3, 10],
			"rotation": {"angle": 0, "axis": "y", "origin": [0, 0, 2]},
			"faces": {
				"north": {"uv": [6, 5, 11, 6], "texture": "#3"},
				"east": {"uv": [6, 5, 11, 6], "rotation": 180, "texture": "#3"},
				"south": {"uv": [6, 6, 11, 7], "texture": "#3"},
				"west": {"uv": [6, 6, 11, 7], "texture": "#3"},
				"up": {"uv": [6, 0, 11, 5], "texture": "#3"},
				"down": {"uv": [6, 0, 11, 5], "texture": "#3"}
			}
		},
		{
			"from": [3, 1, 9],
			"to": [6, 5, 12],
			"rotation": {"angle": 0, "axis": "y", "origin": [0, 0, 2]},
			"faces": {
				"north": {"uv": [3, 11, 6, 15], "texture": "#3"},
				"east": {"uv": [3, 11, 6, 15], "texture": "#3"},
				"south": {"uv": [3, 11, 6, 15], "texture": "#3"},
				"west": {"uv": [3, 11, 6, 15], "texture": "#3"},
				"up": {"uv": [3, 9, 6, 12], "texture": "#3"},
				"down": {"uv": [3, 12, 6, 15], "texture": "#3"}
			}
		},
		{
			"from": [7, 1, 11],
			"to": [12, 6, 13],
			"rotation": {"angle": -22.5, "axis": "x", "origin": [10, 0, 11]},
			"faces": {
				"north": {"uv": [6, 0, 11, 5], "texture": "#3"},
				"east": {"uv": [6, 5, 11, 7], "rotation": 270, "texture": "#3"},
				"south": {"uv": [6, 0, 11, 5], "texture": "#3"},
				"west": {"uv": [6, 5, 11, 7], "rotation": 90, "texture": "#3"},
				"up": {"uv": [6, 5, 11, 7], "rotation": 180, "texture": "#3"},
				"down": {"uv": [6, 5, 11, 7], "texture": "#3"}
			}
		},
		{
			"from": [7, 6, 12],
			"to": [12, 7, 12],
			"rotation": {"angle": -22.5, "axis": "x", "origin": [10, 0, 11]},
			"faces": {
				"north": {"uv": [6, 8, 11, 9], "rotation": 180, "texture": "#3"},
				"east": {"uv": [0, 0, 2, 5], "texture": "#missing"},
				"south": {"uv": [6, 8, 11, 9], "texture": "#3"},
				"west": {"uv": [0, 0, 2, 5], "texture": "#missing"},
				"up": {"uv": [6, 5, 11, 7], "rotation": 180, "texture": "#3"},
				"down": {"uv": [0, 0, 5, 2], "texture": "#missing"}
			}
		},
		{
			"from": [6, 2, 12],
			"to": [7, 7, 12],
			"rotation": {"angle": -22.5, "axis": "x", "origin": [10, 0, 11]},
			"faces": {
				"north": {"uv": [6, 8, 11, 9], "rotation": 90, "texture": "#3"},
				"east": {"uv": [0, 0, 2, 5], "texture": "#missing"},
				"south": {"uv": [6, 8, 11, 9], "rotation": 90, "texture": "#3"},
				"west": {"uv": [0, 0, 2, 5], "texture": "#missing"},
				"up": {"uv": [6, 5, 11, 7], "rotation": 180, "texture": "#3"},
				"down": {"uv": [0, 0, 5, 2], "texture": "#missing"}
			}
		},
		{
			"from": [12, 1, 12],
			"to": [13, 6, 12],
			"rotation": {"angle": -22.5, "axis": "x", "origin": [10, 0, 11]},
			"faces": {
				"north": {"uv": [0, 0, 5, 5], "texture": "#missing"},
				"east": {"uv": [0, 0, 2, 5], "texture": "#missing"},
				"south": {"uv": [6, 7, 11, 8], "rotation": 90, "texture": "#3"},
				"west": {"uv": [0, 0, 2, 5], "texture": "#missing"},
				"up": {"uv": [6, 5, 11, 7], "rotation": 180, "texture": "#3"},
				"down": {"uv": [0, 0, 5, 2], "texture": "#missing"}
			}
		},
		{
			"from": [3.5, 7, 3],
			"to": [9.5, 13, 4],
			"rotation": {"angle": -22.5, "axis": "x", "origin": [9, 5, 4]},
			"faces": {
				"north": {"uv": [0, 0, 6, 6], "texture": "#3"},
				"east": {"uv": [0, 0, 1, 6], "texture": "#3"},
				"south": {"uv": [0, 0, 6, 6], "texture": "#3"},
				"west": {"uv": [0, 0, 1, 6], "texture": "#3"},
				"up": {"uv": [0, 0, 6, 1], "texture": "#3"},
				"down": {"uv": [0, 0, 6, 1], "texture": "#3"}
			}
		},
		{
			"from": [10.25, 7, 3],
			"to": [11.25, 13, 3.01],
			"rotation": {"angle": -22.5, "axis": "x", "origin": [9, 5, 4]},
			"faces": {
				"north": {"uv": [0, 0, 1, 6], "texture": "#missing"},
				"east": {"uv": [0, 0, 0.01, 6], "texture": "#missing"},
				"south": {"uv": [7, 9, 8, 15], "texture": "#3"},
				"west": {"uv": [0, 0, 0.01, 6], "texture": "#missing"},
				"up": {"uv": [0, 0, 1, 0.01], "texture": "#missing"},
				"down": {"uv": [0, 0, 1, 0.01], "texture": "#missing"}
			}
		},
		{
			"from": [9.25, 10, 3.01],
			"to": [13.25, 11, 3.02],
			"rotation": {"angle": -22.5, "axis": "x", "origin": [9, 5, 4]},
			"faces": {
				"north": {"uv": [0, 0, 4, 1], "texture": "#missing"},
				"east": {"uv": [0, 0, 0.01, 1], "texture": "#missing"},
				"south": {"uv": [7, 1, 11, 2], "texture": "#1"},
				"west": {"uv": [0, 0, 0.01, 1], "texture": "#missing"},
				"up": {"uv": [0, 0, 4, 0.01], "texture": "#missing"},
				"down": {"uv": [0, 0, 4, 0.01], "texture": "#missing"}
			}
		},
		{
			"from": [6, 9.5, 4.01],
			"to": [7, 10.5, 4.02],
			"rotation": {"angle": -22.5, "axis": "x", "origin": [9, 5, 4]},
			"faces": {
				"north": {"uv": [0, 0, 4, 1], "texture": "#missing"},
				"east": {"uv": [0, 0, 0.01, 1], "texture": "#missing"},
				"south": {"uv": [9, 3, 10, 4], "texture": "#3"},
				"west": {"uv": [0, 0, 0.01, 1], "texture": "#missing"},
				"up": {"uv": [0, 0, 4, 0.01], "texture": "#missing"},
				"down": {"uv": [0, 0, 4, 0.01], "texture": "#missing"}
			}
		},
		{
			"from": [6, 6.99, 3],
			"to": [7, 13.01, 4.01],
			"rotation": {"angle": -22.5, "axis": "x", "origin": [9, 5, 4]},
			"faces": {
				"east": {"uv": [14, 3, 15, 9], "texture": "#0"},
				"south": {"uv": [7, 1, 13, 2], "rotation": 90, "texture": "#0"},
				"west": {"uv": [1, 3, 2, 9], "texture": "#0"},
				"up": {"uv": [2, 1, 3, 2], "texture": "#0"},
				"down": {"uv": [1, 1, 2, 2], "texture": "#0"}
			}
		},
		{
			"from": [11.5, 7, 3],
			"to": [12.5, 13, 3.01],
			"rotation": {"angle": -22.5, "axis": "x", "origin": [9, 5, 4]},
			"faces": {
				"north": {"uv": [0, 0, 1, 6], "texture": "#missing"},
				"east": {"uv": [0, 0, 0.01, 6], "texture": "#missing"},
				"south": {"uv": [6, 9, 7, 15], "texture": "#3"},
				"west": {"uv": [0, 0, 0.01, 6], "texture": "#missing"},
				"up": {"uv": [0, 0, 1, 0.01], "texture": "#missing"},
				"down": {"uv": [0, 0, 1, 0.01], "texture": "#missing"}
			}
		},
		{
			"from": [6, 2, 14],
			"to": [10, 4, 15],
			"faces": {
				"east": {"uv": [8, 9, 9, 11], "texture": "#3"},
				"south": {"uv": [8, 9, 12, 11], "texture": "#3"},
				"west": {"uv": [11, 9, 12, 11], "texture": "#3"},
				"up": {"uv": [8, 9, 12, 10], "rotation": 180, "texture": "#3"},
				"down": {"uv": [8, 10, 12, 11], "texture": "#3"}
			}
		}
	],
	"display": {
		"thirdperson_righthand": {
			"translation": [0, 0, -3],
			"scale": [0.5, 0.5, 0.5]
		},
		"thirdperson_lefthand": {
			"translation": [0, 0, -3],
			"scale": [0.5, 0.5, 0.5]
		},
		"firstperson_righthand": {
			"scale": [0.5, 0.5, 0.5]
		},
		"firstperson_lefthand": {
			"scale": [0.5, 0.5, 0.5]
		},
		"ground": {
			"scale": [0.5, 0.5, 0.5]
		},
		"gui": {
			"rotation": [30, 45, 0],
			"scale": [0.5, 0.5, 0.5]
		},
		"head": {
			"rotation": [0, -180, 0],
			"translation": [0, 14, 0.5]
		},
		"fixed": {
			"rotation": [-90, -180, 0],
			"translation": [0, 0, -14],
			"scale": [2, 2, 2]
		}
	}
}