{
	"credit": "Made with Blockbench",
	"textures": {
		"1": "block/basket_orange_bottom",
		"2": "block/basket_orange_side",
		"4": "block/basket_orange_top"
	},
	"elements": [
		{
			"from": [2, 0, 2],
			"to": [14, 1, 14],
			"rotation": {"angle": 0, "axis": "y", "origin": [10, 8, 10]},
			"faces": {
				"north": {"uv": [2, 13, 14, 14], "texture": "#2"},
				"east": {"uv": [2, 13, 14, 14], "texture": "#2"},
				"south": {"uv": [2, 13, 14, 14], "texture": "#2"},
				"west": {"uv": [2, 13, 14, 14], "texture": "#2"},
				"up": {"uv": [2, 2, 14, 14], "texture": "#1"},
				"down": {"uv": [2, 2, 14, 14], "texture": "#1"}
			}
		},
		{
			"from": [2, 1, 2],
			"to": [3, 5, 13],
			"rotation": {"angle": 0, "axis": "y", "origin": [10, 9, 10]},
			"faces": {
				"north": {"uv": [13, 2, 14, 6], "texture": "#2"},
				"east": {"uv": [3, 2, 14, 6], "texture": "#2"},
				"south": {"uv": [0, 0, 1, 4], "texture": "#missing"},
				"west": {"uv": [2, 2, 13, 6], "texture": "#2"},
				"up": {"uv": [2, 2, 3, 13], "texture": "#4"},
				"down": {"uv": [0, 0, 1, 11], "texture": "#missing"}
			}
		},
		{
			"from": [13, 1, 3],
			"to": [14, 5, 14],
			"rotation": {"angle": 0, "axis": "y", "origin": [21, 9, 11]},
			"faces": {
				"north": {"uv": [13, 2, 14, 6], "texture": "#2"},
				"east": {"uv": [2, 2, 13, 6], "texture": "#2"},
				"south": {"uv": [13, 2, 14, 6], "texture": "#2"},
				"west": {"uv": [3, 2, 14, 6], "texture": "#2"},
				"up": {"uv": [2, 2, 3, 13], "texture": "#4"},
				"down": {"uv": [0, 0, 1, 11], "texture": "#missing"}
			}
		},
		{
			"from": [3, 1, 2],
			"to": [14, 5, 3],
			"rotation": {"angle": 0, "axis": "y", "origin": [21, 9, 10]},
			"faces": {
				"north": {"uv": [2, 2, 13, 6], "texture": "#2"},
				"east": {"uv": [13, 2, 14, 6], "texture": "#2"},
				"south": {"uv": [3, 2, 14, 6], "texture": "#2"},
				"west": {"uv": [0, 0, 1, 4], "texture": "#missing"},
				"up": {"uv": [2, 2, 13, 3], "texture": "#4"},
				"down": {"uv": [0, 0, 11, 1], "texture": "#missing"}
			}
		},
		{
			"from": [2, 1, 13],
			"to": [13, 5, 14],
			"rotation": {"angle": 0, "axis": "y", "origin": [20, 9, 21]},
			"faces": {
				"north": {"uv": [3, 2, 14, 6], "texture": "#2"},
				"east": {"uv": [13, 2, 14, 6], "texture": "#2"},
				"south": {"uv": [2, 2, 13, 6], "texture": "#2"},
				"west": {"uv": [13, 2, 14, 6], "texture": "#2"},
				"up": {"uv": [2, 2, 13, 3], "texture": "#4"},
				"down": {"uv": [0, 0, 11, 1], "texture": "#missing"}
			}
		},
		{
			"from": [2, 5, 5],
			"to": [3, 7, 6],
			"rotation": {"angle": 0, "axis": "y", "origin": [10, 13, 13]},
			"faces": {
				"north": {"uv": [3, 2, 4, 4], "texture": "#2"},
				"east": {"uv": [4, 2, 5, 4], "texture": "#2"},
				"south": {"uv": [5, 2, 6, 4], "texture": "#2"},
				"west": {"uv": [12, 2, 13, 4], "texture": "#2"},
				"up": {"uv": [2, 2, 3, 3], "texture": "#2"},
				"down": {"uv": [0, 0, 1, 1], "texture": "#missing"}
			}
		},
		{
			"from": [13, 5, 5],
			"to": [14, 7, 6],
			"rotation": {"angle": 0, "axis": "y", "origin": [21, 13, 13]},
			"faces": {
				"north": {"uv": [3, 2, 4, 4], "texture": "#2"},
				"east": {"uv": [4, 2, 5, 4], "texture": "#2"},
				"south": {"uv": [5, 2, 6, 4], "texture": "#2"},
				"west": {"uv": [12, 2, 13, 4], "texture": "#2"},
				"up": {"uv": [2, 2, 3, 3], "texture": "#2"},
				"down": {"uv": [0, 0, 1, 1], "texture": "#missing"}
			}
		},
		{
			"from": [2, 6, 6],
			"to": [3, 7, 10],
			"rotation": {"angle": 0, "axis": "y", "origin": [10, 14, 14]},
			"faces": {
				"north": {"uv": [0, 0, 1, 1], "texture": "#missing"},
				"east": {"uv": [7, 2, 11, 3], "texture": "#2"},
				"south": {"uv": [0, 0, 1, 1], "texture": "#missing"},
				"west": {"uv": [4, 2, 8, 3], "texture": "#2"},
				"up": {"uv": [6, 2, 7, 6], "texture": "#2"},
				"down": {"uv": [11, 3, 12, 7], "texture": "#2"}
			}
		},
		{
			"from": [13, 6, 6],
			"to": [14, 7, 10],
			"rotation": {"angle": 0, "axis": "y", "origin": [21, 14, 14]},
			"faces": {
				"north": {"uv": [0, 0, 1, 1], "texture": "#missing"},
				"east": {"uv": [7, 2, 11, 3], "texture": "#2"},
				"south": {"uv": [0, 0, 1, 1], "texture": "#missing"},
				"west": {"uv": [4, 2, 8, 3], "texture": "#2"},
				"up": {"uv": [6, 2, 7, 6], "texture": "#2"},
				"down": {"uv": [11, 3, 12, 7], "texture": "#2"}
			}
		},
		{
			"from": [2, 5, 10],
			"to": [3, 7, 11],
			"rotation": {"angle": 0, "axis": "y", "origin": [10, 13, 18]},
			"faces": {
				"north": {"uv": [12, 2, 13, 4], "texture": "#2"},
				"east": {"uv": [7, 2, 8, 4], "texture": "#2"},
				"south": {"uv": [12, 2, 13, 4], "texture": "#2"},
				"west": {"uv": [3, 2, 4, 4], "texture": "#2"},
				"up": {"uv": [2, 2, 3, 3], "texture": "#2"},
				"down": {"uv": [0, 0, 1, 1], "texture": "#missing"}
			}
		},
		{
			"from": [13, 5, 10],
			"to": [14, 7, 11],
			"rotation": {"angle": 0, "axis": "y", "origin": [21, 13, 18]},
			"faces": {
				"north": {"uv": [12, 2, 13, 4], "texture": "#2"},
				"east": {"uv": [7, 2, 8, 4], "texture": "#2"},
				"south": {"uv": [12, 2, 13, 4], "texture": "#2"},
				"west": {"uv": [3, 2, 4, 4], "texture": "#2"},
				"up": {"uv": [2, 2, 3, 3], "texture": "#2"},
				"down": {"uv": [0, 0, 1, 1], "texture": "#missing"}
			}
		}
	],
	"display": {
		"thirdperson_righthand": {
			"translation": [0, 0, -3],
			"scale": [0.5, 0.5, 0.5]
		},
		"thirdperson_lefthand": {
			"translation": [0, 0, -3],
			"scale": [0.5, 0.5, 0.5]
		},
		"firstperson_righthand": {
			"scale": [0.5, 0.5, 0.5]
		},
		"firstperson_lefthand": {
			"scale": [0.5, 0.5, 0.5]
		},
		"ground": {
			"scale": [0.5, 0.5, 0.5]
		},
		"gui": {
			"rotation": [30, 45, 0],
			"scale": [0.5, 0.5, 0.5]
		},
		"head": {
			"translation": [0, 14, 0]
		},
		"fixed": {
			"rotation": [-90, 0, 0],
			"translation": [0, 0, -14],
			"scale": [2, 2, 2]
		}
	}
}