{
	"credit": "Made with Blockbench",
	"textures": {
		"0": "block/stripped_spruce_log_a",
		"2": "block/glass cup",
		"3": "block/oldtv",
		"particle": "block/stripped_spruce_log_a"
	},
	"elements": [
		{
			"from": [1, 0, 1],
			"to": [5, 1, 5],
			"rotation": {"angle": 0, "axis": "y", "origin": [9, 8, 9]},
			"faces": {
				"north": {"uv": [5, 3, 9, 4], "texture": "#2"},
				"east": {"uv": [5, 0, 9, 1], "texture": "#2"},
				"south": {"uv": [5, 3, 9, 4], "texture": "#2"},
				"west": {"uv": [5, 3, 9, 4], "texture": "#2"},
				"up": {"uv": [5, 0, 9, 4], "texture": "#2"},
				"down": {"uv": [5, 0, 9, 4], "rotation": 90, "texture": "#2"}
			}
		},
		{
			"from": [1, 1, 1],
			"to": [2, 6, 5],
			"rotation": {"angle": 0, "axis": "y", "origin": [9, 9, 9]},
			"faces": {
				"north": {"uv": [8, 4, 9, 9], "texture": "#2"},
				"east": {"uv": [5, 4, 9, 9], "texture": "#2"},
				"south": {"uv": [5, 4, 6, 9], "texture": "#2"},
				"west": {"uv": [5, 4, 9, 9], "texture": "#2"},
				"up": {"uv": [5, 8, 9, 9], "rotation": 90, "texture": "#2"},
				"down": {"uv": [5, 0, 6, 4], "texture": "#2"}
			}
		},
		{
			"from": [4, 1, 1],
			"to": [5, 6, 5],
			"rotation": {"angle": 0, "axis": "y", "origin": [12, 9, 9]},
			"faces": {
				"north": {"uv": [5, 4, 6, 9], "texture": "#2"},
				"east": {"uv": [5, 4, 9, 9], "texture": "#2"},
				"south": {"uv": [8, 4, 9, 9], "texture": "#2"},
				"west": {"uv": [5, 4, 9, 9], "texture": "#2"},
				"up": {"uv": [5, 3, 9, 4], "rotation": 270, "texture": "#2"},
				"down": {"uv": [8, 0, 9, 4], "texture": "#2"}
			}
		},
		{
			"from": [2, 1, 1],
			"to": [4, 6, 2],
			"rotation": {"angle": 0, "axis": "y", "origin": [10, 9, 9]},
			"faces": {
				"north": {"uv": [6, 4, 8, 9], "texture": "#2"},
				"east": {"uv": [8, 4, 9, 9], "texture": "#2"},
				"south": {"uv": [6, 4, 8, 9], "texture": "#2"},
				"west": {"uv": [5, 4, 6, 9], "texture": "#2"},
				"up": {"uv": [6, 8, 8, 9], "texture": "#2"},
				"down": {"uv": [6, 3, 8, 4], "texture": "#2"}
			}
		},
		{
			"from": [2, 1, 4],
			"to": [4, 6, 5],
			"rotation": {"angle": 0, "axis": "y", "origin": [10, 9, 12]},
			"faces": {
				"north": {"uv": [6, 4, 8, 9], "texture": "#2"},
				"east": {"uv": [8, 4, 9, 9], "texture": "#2"},
				"south": {"uv": [6, 4, 8, 9], "rotation": 180, "texture": "#2"},
				"west": {"uv": [5, 4, 6, 9], "texture": "#2"},
				"up": {"uv": [6, 8, 8, 9], "texture": "#2"},
				"down": {"uv": [6, 3, 8, 4], "texture": "#2"}
			}
		},
		{
			"from": [0, 10, 2.85],
			"to": [1, 12, 4.1],
			"rotation": {"angle": 22.5, "axis": "z", "origin": [8, 11, 11]},
			"faces": {
				"north": {"uv": [0, 13, 1, 15], "rotation": 180, "texture": "#0"},
				"east": {"uv": [0, 6, 1, 8], "rotation": 180, "texture": "#0"},
				"south": {"uv": [0, 8, 1, 10], "rotation": 180, "texture": "#0"},
				"west": {"uv": [0, 11, 1, 13], "rotation": 180, "texture": "#0"},
				"up": {"uv": [0, 7, 1, 8], "rotation": 180, "texture": "#0"},
				"down": {"uv": [0, 14, 1, 15], "rotation": 180, "texture": "#0"}
			}
		},
		{
			"from": [-2, 10, 3.1],
			"to": [-1, 11.5, 3.85],
			"rotation": {"angle": 22.5, "axis": "z", "origin": [6, 18, 11]},
			"faces": {
				"north": {"uv": [5, 12, 6, 14], "texture": "#3"},
				"east": {"uv": [5, 12, 6, 14], "texture": "#3"},
				"south": {"uv": [5, 12, 6, 14], "texture": "#3"},
				"west": {"uv": [5, 12, 6, 14], "texture": "#3"},
				"up": {"uv": [5, 12, 6, 13], "texture": "#3"},
				"down": {"uv": [5, 13, 6, 14], "texture": "#3"}
			}
		},
		{
			"from": [-0.8, 3.5, 3.1],
			"to": [-0.05, 10, 3.85],
			"rotation": {"angle": 22.5, "axis": "z", "origin": [7, 13, 11]},
			"faces": {
				"north": {"uv": [0, 1, 1, 8], "texture": "#0"},
				"east": {"uv": [0, 0, 0.75, 7], "texture": "#0"},
				"south": {"uv": [0, 4, 1, 11], "texture": "#0"},
				"west": {"uv": [0, 0, 0.75, 7], "texture": "#0"},
				"up": {"uv": [0, 0, 0.75, 7], "texture": "#0"},
				"down": {"uv": [0, 0, 1, 1], "texture": "#0"}
			}
		}
	],
	"display": {
		"thirdperson_righthand": {
			"translation": [2.5, 1, 1.5],
			"scale": [0.5, 0.5, 0.5]
		},
		"thirdperson_lefthand": {
			"translation": [-2.5, 1, 1.5],
			"scale": [0.5, 0.5, 0.5]
		},
		"firstperson_righthand": {
			"translation": [12, 0, 0]
		},
		"ground": {
			"scale": [0.5, 0.5, 0.5]
		},
		"gui": {
			"rotation": [30, -45, 0],
			"translation": [0, -0.5, 0]
		},
		"head": {
			"translation": [5, 14.25, 5.5]
		},
		"fixed": {
			"rotation": [-90, 0, 0],
			"translation": [0, 0, -14],
			"scale": [2, 2, 2]
		}
	}
}