{
	"credit": "Made with Blockbench",
	"textures": {
		"0": "block/flower pot3",
		"1": "block/stripped_spruce_log_a",
		"3": "block/wood",
		"4": "block/stone",
		"particle": "block/flower pot3"
	},
	"elements": [
		{
			"from": [3, 0, 3],
			"to": [13, 2, 13],
			"rotation": {"angle": 0, "axis": "y", "origin": [0, 0, 1]},
			"faces": {
				"north": {"uv": [6, 1, 16, 3], "texture": "#4"},
				"east": {"uv": [1, 0, 11, 2], "texture": "#4"},
				"south": {"uv": [0, 0, 10, 2], "texture": "#4"},
				"west": {"uv": [0, 0, 10, 2], "texture": "#4"},
				"up": {"uv": [3, 3, 13, 13], "texture": "#3"},
				"down": {"uv": [3, 3, 13, 13], "texture": "#4"}
			}
		},
		{
			"from": [4, 2, 12],
			"to": [14, 3, 14],
			"rotation": {"angle": 0, "axis": "y", "origin": [0, 0, 1]},
			"faces": {
				"north": {"uv": [3, 2, 13, 3], "texture": "#4"},
				"east": {"uv": [0, 1, 2, 2], "texture": "#4"},
				"south": {"uv": [0, 0, 10, 1], "texture": "#4"},
				"up": {"uv": [3, 4, 13, 6], "texture": "#4"},
				"down": {"uv": [1, 2, 11, 4], "texture": "#4"}
			}
		},
		{
			"from": [2, 2, 2],
			"to": [12, 3, 4],
			"rotation": {"angle": 0, "axis": "y", "origin": [0, 0, 1]},
			"faces": {
				"north": {"uv": [4, 2, 14, 3], "texture": "#4"},
				"south": {"uv": [4, 1, 14, 2], "texture": "#4"},
				"west": {"uv": [0, 0, 2, 1], "texture": "#4"},
				"up": {"uv": [4, 4, 14, 6], "texture": "#4"},
				"down": {"uv": [3, 4, 13, 6], "texture": "#4"}
			}
		},
		{
			"from": [12, 2, 2],
			"to": [14, 3, 12],
			"rotation": {"angle": 0, "axis": "y", "origin": [0, 0, 1]},
			"faces": {
				"north": {"uv": [1, 0, 3, 1], "texture": "#4"},
				"east": {"uv": [6, 0, 16, 1], "texture": "#4"},
				"west": {"uv": [3, 2, 13, 3], "texture": "#4"},
				"up": {"uv": [5, 2, 7, 12], "texture": "#4"},
				"down": {"uv": [2, 5, 4, 15], "texture": "#4"}
			}
		},
		{
			"from": [2, 2, 4],
			"to": [4, 3, 14],
			"rotation": {"angle": 0, "axis": "y", "origin": [0, 0, 1]},
			"faces": {
				"east": {"uv": [0, 0, 10, 1], "texture": "#4"},
				"south": {"uv": [0, 0, 2, 1], "texture": "#4"},
				"west": {"uv": [6, 0, 16, 1], "texture": "#4"},
				"up": {"uv": [4, 2, 6, 12], "texture": "#4"},
				"down": {"uv": [2, 2, 4, 12], "texture": "#4"}
			}
		},
		{
			"from": [6, 2, 6],
			"to": [8, 4, 7],
			"rotation": {"angle": 0, "axis": "y", "origin": [0, 0, 1]},
			"faces": {
				"north": {"uv": [2, 3, 4, 5], "texture": "#1"},
				"east": {"uv": [2, 2, 4, 4], "texture": "#1"},
				"south": {"uv": [2, 3, 4, 5], "texture": "#1"},
				"west": {"uv": [3, 2, 4, 4], "texture": "#1"},
				"up": {"uv": [2, 2, 4, 4], "texture": "#1"},
				"down": {"uv": [2, 2, 4, 4], "texture": "#1"}
			}
		},
		{
			"from": [7, 2, 4],
			"to": [9, 3, 5],
			"rotation": {"angle": 0, "axis": "y", "origin": [0, 0, 1]},
			"faces": {
				"north": {"uv": [0, 0, 2, 1], "texture": "#1"},
				"east": {"uv": [0, 0, 1, 1], "texture": "#1"},
				"south": {"uv": [0, 0, 2, 1], "texture": "#1"},
				"west": {"uv": [1, 0, 2, 1], "texture": "#1"},
				"up": {"uv": [0, 0, 2, 1], "texture": "#1"},
				"down": {"uv": [0, 0, 2, 1], "texture": "#1"}
			}
		},
		{
			"from": [11, 2, 4],
			"to": [12, 4, 5],
			"rotation": {"angle": 0, "axis": "y", "origin": [0, 0, 1]},
			"faces": {
				"north": {"uv": [0, 0, 1, 2], "texture": "#1"},
				"east": {"uv": [0, 0, 1, 2], "texture": "#1"},
				"south": {"uv": [0, 0, 1, 2], "texture": "#1"},
				"west": {"uv": [0, 0, 1, 2], "texture": "#1"},
				"up": {"uv": [2, 0, 3, 1], "texture": "#1"},
				"down": {"uv": [6, 0, 7, 1], "texture": "#1"}
			}
		},
		{
			"from": [4, 2, 7],
			"to": [6, 3, 8],
			"rotation": {"angle": 0, "axis": "y", "origin": [0, 0, 1]},
			"faces": {
				"north": {"uv": [1, 2, 3, 3], "texture": "#1"},
				"east": {"uv": [2, 2, 3, 3], "texture": "#1"},
				"south": {"uv": [1, 2, 3, 3], "texture": "#1"},
				"west": {"uv": [1, 2, 2, 3], "texture": "#1"},
				"up": {"uv": [1, 2, 3, 3], "texture": "#1"},
				"down": {"uv": [1, 2, 3, 3], "texture": "#1"}
			}
		},
		{
			"from": [8, 2, 5],
			"to": [11, 4, 8],
			"rotation": {"angle": 0, "axis": "y", "origin": [0, 0, 1]},
			"faces": {
				"north": {"uv": [0, 5, 3, 7], "texture": "#1"},
				"east": {"uv": [13, 1, 16, 3], "texture": "#1"},
				"south": {"uv": [13, 0, 16, 2], "texture": "#1"},
				"west": {"uv": [13, 6, 16, 8], "texture": "#1"},
				"up": {"uv": [4, 0, 7, 3], "texture": "#1"},
				"down": {"uv": [0, 0, 3, 3], "texture": "#missing"}
			}
		},
		{
			"from": [9, 4, 5.5],
			"to": [11, 7, 7.5],
			"rotation": {"angle": 0, "axis": "y", "origin": [0, 0, 1]},
			"faces": {
				"north": {"uv": [13, 0, 15, 3], "texture": "#1"},
				"east": {"uv": [2, 0, 4, 3], "texture": "#1"},
				"south": {"uv": [1, 0, 3, 3], "texture": "#1"},
				"west": {"uv": [0, 8, 2, 11], "texture": "#1"},
				"up": {"uv": [5, 2, 7.5, 4.5], "texture": "#1"},
				"down": {"uv": [0, 0, 2.5, 2.5], "texture": "#missing"}
			}
		},
		{
			"from": [8, 7, 5],
			"to": [10, 10, 7],
			"rotation": {"angle": 0, "axis": "y", "origin": [0, 0, 1]},
			"faces": {
				"north": {"uv": [14, 0, 16, 3], "texture": "#1"},
				"east": {"uv": [1, 0, 3, 3], "texture": "#1"},
				"south": {"uv": [0, 0, 2, 3], "texture": "#1"},
				"west": {"uv": [0, 8, 2, 11], "texture": "#1"},
				"up": {"uv": [2, 0, 4, 2], "texture": "#1"},
				"down": {"uv": [14, 14, 16, 16], "texture": "#1"}
			}
		},
		{
			"from": [7, 10, 6],
			"to": [9, 12, 8],
			"rotation": {"angle": 0, "axis": "y", "origin": [0, 0, 1]},
			"faces": {
				"north": {"uv": [1, 4, 3, 6], "texture": "#1"},
				"east": {"uv": [1, 4, 3, 6], "texture": "#1"},
				"south": {"uv": [1, 4, 3, 6], "texture": "#1"},
				"west": {"uv": [1, 4, 3, 6], "texture": "#1"},
				"up": {"uv": [1, 4, 3, 6], "texture": "#1"},
				"down": {"uv": [1, 4, 3, 6], "texture": "#1"}
			}
		},
		{
			"from": [8, 12, 8],
			"to": [9, 13, 10],
			"faces": {
				"north": {"uv": [7, 2, 8, 3], "texture": "#1"},
				"east": {"uv": [0, 2, 2, 3], "texture": "#1"},
				"south": {"uv": [9, 3, 10, 4], "texture": "#1"},
				"west": {"uv": [6, 2, 8, 3], "texture": "#1"},
				"up": {"uv": [6, 2, 7, 4], "texture": "#1"},
				"down": {"uv": [7, 2, 8, 4], "texture": "#1"}
			}
		},
		{
			"from": [5, 13, 6],
			"to": [7, 14, 7],
			"rotation": {"angle": 0, "axis": "y", "origin": [0, 0, 1]},
			"faces": {
				"north": {"uv": [5, 4, 7, 5], "texture": "#1"},
				"east": {"uv": [6, 4, 7, 5], "texture": "#1"},
				"south": {"uv": [5, 4, 7, 5], "texture": "#1"},
				"west": {"uv": [5, 4, 6, 5], "texture": "#1"},
				"up": {"uv": [5, 4, 7, 5], "texture": "#1"},
				"down": {"uv": [5, 4, 7, 5], "texture": "#1"}
			}
		},
		{
			"from": [6, 7, 7],
			"to": [8, 8, 8],
			"rotation": {"angle": 0, "axis": "y", "origin": [0, 0, 1]},
			"faces": {
				"north": {"uv": [12, 0, 14, 1], "texture": "#1"},
				"east": {"uv": [13, 0, 14, 1], "texture": "#1"},
				"south": {"uv": [7, 0, 9, 1], "texture": "#1"},
				"west": {"uv": [12, 0, 13, 1], "texture": "#1"},
				"up": {"uv": [12, 0, 14, 1], "texture": "#1"},
				"down": {"uv": [12, 0, 14, 1], "texture": "#1"}
			}
		},
		{
			"from": [7, 8, 3],
			"to": [8, 9, 5],
			"rotation": {"angle": 0, "axis": "y", "origin": [0, 0, 1]},
			"faces": {
				"north": {"uv": [5, 0, 6, 1], "texture": "#1"},
				"east": {"uv": [4, 0, 6, 1], "texture": "#1"},
				"south": {"uv": [4, 0, 5, 1], "texture": "#1"},
				"west": {"uv": [4, 0, 6, 1], "texture": "#1"},
				"up": {"uv": [5, 0, 6, 2], "texture": "#1"},
				"down": {"uv": [4, 0, 5, 2], "texture": "#1"}
			}
		},
		{
			"from": [9, 9, 4],
			"to": [11, 10, 5],
			"rotation": {"angle": 0, "axis": "y", "origin": [0, 0, 1]},
			"faces": {
				"north": {"uv": [9, 3, 11, 4], "texture": "#1"},
				"east": {"uv": [9, 3, 11, 4], "texture": "#1"},
				"south": {"uv": [8, 6, 10, 7], "texture": "#1"},
				"west": {"uv": [9, 3, 11, 4], "texture": "#1"},
				"up": {"uv": [9, 3, 10, 4], "texture": "#1"},
				"down": {"uv": [9, 4, 10, 5], "texture": "#1"}
			}
		},
		{
			"from": [12, 10, 3],
			"to": [14, 11, 4],
			"rotation": {"angle": 0, "axis": "y", "origin": [0, 0, 1]},
			"faces": {
				"north": {"uv": [7, 3, 9, 4], "texture": "#1"},
				"east": {"uv": [8, 3, 9, 4], "texture": "#1"},
				"south": {"uv": [7, 3, 9, 4], "texture": "#1"},
				"west": {"uv": [7, 3, 8, 4], "texture": "#1"},
				"up": {"uv": [7, 3, 9, 4], "texture": "#1"},
				"down": {"uv": [7, 3, 9, 4], "texture": "#1"}
			}
		},
		{
			"from": [4, 8, 8],
			"to": [6, 9, 9],
			"rotation": {"angle": 0, "axis": "y", "origin": [0, 0, 1]},
			"faces": {
				"north": {"uv": [12, 0, 14, 1], "texture": "#1"},
				"east": {"uv": [13, 0, 14, 1], "texture": "#1"},
				"south": {"uv": [12, 0, 14, 1], "texture": "#1"},
				"west": {"uv": [12, 0, 13, 1], "texture": "#1"},
				"up": {"uv": [12, 0, 14, 1], "texture": "#1"},
				"down": {"uv": [12, 0, 14, 1], "texture": "#1"}
			}
		},
		{
			"from": [1, 8.5, 5],
			"to": [5, 8.5, 10],
			"rotation": {"angle": 0, "axis": "y", "origin": [0, -5, 2]},
			"faces": {
				"north": {"uv": [0, 0, 4, 0], "texture": "#missing"},
				"east": {"uv": [0, 0, 5, 0], "texture": "#missing"},
				"south": {"uv": [0, 0, 4, 0], "texture": "#missing"},
				"west": {"uv": [0, 0, 5, 0], "texture": "#missing"},
				"up": {"uv": [0, 0, 4, 5], "texture": "#0"},
				"down": {"uv": [0, 0, 4, 5], "texture": "#0"}
			}
		},
		{
			"from": [3, 15.5, 4],
			"to": [7, 15.5, 9],
			"rotation": {"angle": 22.5, "axis": "z", "origin": [7, 16, 6]},
			"faces": {
				"north": {"uv": [0, 0, 4, 0], "texture": "#missing"},
				"east": {"uv": [0, 0, 5, 0], "texture": "#missing"},
				"south": {"uv": [0, 0, 4, 0], "texture": "#missing"},
				"west": {"uv": [0, 0, 5, 0], "texture": "#missing"},
				"up": {"uv": [0, 2, 4, 7], "texture": "#0"},
				"down": {"uv": [0, 2, 4, 7], "texture": "#0"}
			}
		},
		{
			"from": [5, 8.5, 0],
			"to": [9, 8.5, 4],
			"rotation": {"angle": -22.5, "axis": "x", "origin": [7, 9, 4]},
			"faces": {
				"north": {"uv": [0, 0, 4, 0], "texture": "#missing"},
				"east": {"uv": [0, 0, 5, 0], "texture": "#missing"},
				"south": {"uv": [0, 0, 4, 0], "texture": "#missing"},
				"west": {"uv": [0, 0, 5, 0], "texture": "#missing"},
				"up": {"uv": [10, 3, 14, 7], "texture": "#0"},
				"down": {"uv": [11, 3, 15, 7], "texture": "#0"}
			}
		},
		{
			"from": [10, 12.5, 0],
			"to": [15, 12.5, 5],
			"rotation": {"angle": 0, "axis": "y", "origin": [0, -2, 0]},
			"faces": {
				"north": {"uv": [0, 0, 4, 0], "texture": "#missing"},
				"east": {"uv": [0, 0, 5, 0], "texture": "#missing"},
				"south": {"uv": [0, 0, 4, 0], "texture": "#missing"},
				"west": {"uv": [0, 0, 5, 0], "texture": "#missing"},
				"up": {"uv": [0, 2, 5, 7], "rotation": 180, "texture": "#0"},
				"down": {"uv": [0, 2, 5, 7], "texture": "#0"}
			}
		},
		{
			"from": [-1, 7, 7.5],
			"to": [7, 14, 7.5],
			"rotation": {"angle": 0, "axis": "y", "origin": [0, -5, 2]},
			"faces": {
				"north": {"uv": [0, 1, 8, 8], "rotation": 180, "texture": "#0"},
				"east": {"uv": [0, 0, 0, 5], "texture": "#missing"},
				"south": {"uv": [0, 0, 8, 7], "texture": "#0"},
				"west": {"uv": [0, 0, 0, 5], "texture": "#missing"},
				"up": {"uv": [0, 0, 6, 0], "texture": "#missing"},
				"down": {"uv": [0, 0, 6, 0], "texture": "#missing"}
			}
		},
		{
			"from": [2, 14, 6.5],
			"to": [8, 18, 6.5],
			"rotation": {"angle": -22.5, "axis": "y", "origin": [7, 17, 6.5]},
			"faces": {
				"north": {"uv": [4, 11, 10, 15], "texture": "#0"},
				"east": {"uv": [0, 0, 0, 5], "texture": "#missing"},
				"south": {"uv": [0, 12, 6, 16], "texture": "#0"},
				"west": {"uv": [0, 0, 0, 5], "texture": "#missing"},
				"up": {"uv": [0, 0, 6, 0], "texture": "#missing"},
				"down": {"uv": [0, 0, 6, 0], "texture": "#missing"}
			}
		},
		{
			"from": [-1, 7, 3.5],
			"to": [5, 11, 3.5],
			"rotation": {"angle": -45, "axis": "y", "origin": [5, 9, 8.5]},
			"faces": {
				"north": {"uv": [4, 10, 10, 14], "texture": "#0"},
				"east": {"uv": [0, 0, 0, 5], "texture": "#missing"},
				"south": {"uv": [0, 10, 6, 14], "texture": "#0"},
				"west": {"uv": [0, 0, 0, 5], "texture": "#missing"},
				"up": {"uv": [0, 0, 6, 0], "texture": "#missing"},
				"down": {"uv": [0, 0, 6, 0], "texture": "#missing"}
			}
		},
		{
			"from": [6, 7, -1.5],
			"to": [6, 13, 5.5],
			"rotation": {"angle": -22.5, "axis": "y", "origin": [5, 9, 8.5]},
			"faces": {
				"north": {"uv": [0, 0, 0, 5], "texture": "#missing"},
				"east": {"uv": [3, 1, 10, 7], "texture": "#0"},
				"south": {"uv": [0, 0, 0, 5], "texture": "#missing"},
				"west": {"uv": [0, 1, 7, 7], "texture": "#0"},
				"up": {"uv": [0, 0, 6, 0], "rotation": 90, "texture": "#missing"},
				"down": {"uv": [0, 0, 6, 0], "rotation": 270, "texture": "#missing"}
			}
		},
		{
			"from": [7, 13, 4.5],
			"to": [7, 18, 10.5],
			"rotation": {"angle": -22.5, "axis": "y", "origin": [7, 17, 6.5]},
			"faces": {
				"north": {"uv": [0, 0, 0, 5], "texture": "#missing"},
				"east": {"uv": [0, 10, 6, 15], "texture": "#0"},
				"south": {"uv": [0, 0, 0, 5], "texture": "#missing"},
				"west": {"uv": [4, 10, 10, 15], "texture": "#0"},
				"up": {"uv": [0, 0, 6, 0], "rotation": 270, "texture": "#missing"},
				"down": {"uv": [0, 0, 6, 0], "rotation": 90, "texture": "#missing"}
			}
		},
		{
			"from": [8, 8, 3.5],
			"to": [17, 16, 3.5],
			"rotation": {"angle": 0, "axis": "y", "origin": [0, -2, 0]},
			"faces": {
				"north": {"uv": [0, 1, 9, 9], "texture": "#0"},
				"east": {"uv": [0, 0, 0, 5], "texture": "#missing"},
				"south": {"uv": [1, 0, 10, 8], "texture": "#0"},
				"west": {"uv": [0, 0, 0, 5], "texture": "#missing"},
				"up": {"uv": [0, 0, 6, 0], "texture": "#missing"},
				"down": {"uv": [0, 0, 6, 0], "texture": "#missing"}
			}
		},
		{
			"from": [5, 6, 5.5],
			"to": [5, 11, 12.5],
			"rotation": {"angle": -22.5, "axis": "y", "origin": [5, 9, 7.5]},
			"faces": {
				"north": {"uv": [0, 0, 0, 5], "texture": "#missing"},
				"east": {"uv": [0, 10, 7, 15], "texture": "#0"},
				"south": {"uv": [0, 0, 0, 5], "texture": "#missing"},
				"west": {"uv": [0, 10, 7, 15], "rotation": 180, "texture": "#0"},
				"up": {"uv": [0, 0, 7, 0], "rotation": 270, "texture": "#missing"},
				"down": {"uv": [0, 0, 7, 0], "rotation": 90, "texture": "#missing"}
			}
		},
		{
			"from": [9, 10, 8.5],
			"to": [16, 15, 8.5],
			"rotation": {"angle": 45, "axis": "y", "origin": [5, 12, 5.5]},
			"faces": {
				"north": {"uv": [0, 11, 7, 16], "texture": "#0"},
				"east": {"uv": [0, 0, 0, 5], "texture": "#missing"},
				"south": {"uv": [3, 11, 10, 16], "texture": "#0"},
				"west": {"uv": [0, 0, 0, 5], "texture": "#missing"},
				"up": {"uv": [0, 0, 7, 0], "texture": "#missing"},
				"down": {"uv": [0, 0, 7, 0], "texture": "#missing"}
			}
		},
		{
			"from": [5, 6, 0.5],
			"to": [5, 12, 9.5],
			"rotation": {"angle": 45, "axis": "y", "origin": [5, 9, 7.5]},
			"faces": {
				"north": {"uv": [0, 0, 0, 5], "texture": "#missing"},
				"east": {"uv": [3, 1, 10, 6], "texture": "#0"},
				"south": {"uv": [0, 0, 0, 5], "texture": "#missing"},
				"west": {"uv": [1, 1, 10, 7], "rotation": 180, "texture": "#0"},
				"up": {"uv": [0, 0, 7, 0], "rotation": 90, "texture": "#missing"},
				"down": {"uv": [0, 0, 7, 0], "rotation": 270, "texture": "#missing"}
			}
		},
		{
			"from": [11.34315, 7, 1.67157],
			"to": [11.34315, 14, 9.67157],
			"rotation": {"angle": 22.5, "axis": "y", "origin": [11, 12, 3.5]},
			"faces": {
				"north": {"uv": [0, 0, 0, 5], "texture": "#missing"},
				"east": {"uv": [0, 1, 8, 8], "texture": "#0"},
				"south": {"uv": [0, 0, 0, 5], "texture": "#missing"},
				"west": {"uv": [2, 0, 10, 7], "texture": "#0"},
				"up": {"uv": [0, 0, 7, 0], "rotation": 90, "texture": "#missing"},
				"down": {"uv": [0, 0, 7, 0], "rotation": 270, "texture": "#missing"}
			}
		},
		{
			"from": [5, 12.5, 9],
			"to": [10, 12.5, 15],
			"rotation": {"angle": -22.5, "axis": "z", "origin": [7, 13, 10]},
			"faces": {
				"north": {"uv": [0, 0, 3, 0], "texture": "#missing"},
				"east": {"uv": [0, 0, 4, 0], "texture": "#missing"},
				"south": {"uv": [0, 0, 3, 0], "texture": "#missing"},
				"west": {"uv": [0, 0, 4, 0], "texture": "#missing"},
				"up": {"uv": [5, 0, 10, 6], "rotation": 180, "texture": "#0"},
				"down": {"uv": [1, 0, 6, 6], "texture": "#0"}
			}
		},
		{
			"from": [9, 7.5, 8],
			"to": [14, 7.5, 13],
			"rotation": {"angle": -45, "axis": "z", "origin": [10, 7, 8]},
			"faces": {
				"north": {"uv": [0, 0, 3, 0], "texture": "#missing"},
				"east": {"uv": [0, 0, 4, 0], "texture": "#missing"},
				"south": {"uv": [0, 0, 3, 0], "texture": "#missing"},
				"west": {"uv": [0, 0, 4, 0], "texture": "#missing"},
				"up": {"uv": [0, 2, 5, 7], "rotation": 270, "texture": "#0"},
				"down": {"uv": [5, 0, 10, 5], "texture": "#0"}
			}
		},
		{
			"from": [7.5, 11, 7],
			"to": [7.5, 16, 16],
			"rotation": {"angle": -45, "axis": "y", "origin": [7, 14, 10]},
			"faces": {
				"north": {"uv": [0, 0, 0, 5], "texture": "#missing"},
				"east": {"uv": [0, 2, 9, 7], "texture": "#0"},
				"south": {"uv": [0, 0, 0, 5], "texture": "#missing"},
				"west": {"uv": [1, 10, 10, 15], "texture": "#0"},
				"up": {"uv": [0, 0, 0, 7], "texture": "#missing"},
				"down": {"uv": [0, 0, 0, 7], "texture": "#missing"}
			}
		},
		{
			"from": [7.5, 10, 7],
			"to": [7.5, 17, 16],
			"rotation": {"angle": 0, "axis": "y", "origin": [7, 15, 10]},
			"faces": {
				"north": {"uv": [0, 0, 0, 5], "texture": "#missing"},
				"east": {"uv": [1, 1, 10, 8], "rotation": 180, "texture": "#0"},
				"south": {"uv": [0, 0, 0, 5], "texture": "#missing"},
				"west": {"uv": [0, 0, 9, 7], "rotation": 180, "texture": "#0"},
				"up": {"uv": [0, 0, 0, 7], "texture": "#missing"},
				"down": {"uv": [0, 0, 0, 7], "texture": "#missing"}
			}
		},
		{
			"from": [6, 10, 9.5],
			"to": [14, 16, 9.5],
			"rotation": {"angle": -22.5, "axis": "y", "origin": [7, 14, 10]},
			"faces": {
				"north": {"uv": [0, 10, 8, 16], "texture": "#0"},
				"east": {"uv": [0, 0, 0, 5], "texture": "#missing"},
				"south": {"uv": [2, 10, 10, 16], "texture": "#0"},
				"west": {"uv": [0, 0, 0, 5], "texture": "#missing"},
				"up": {"uv": [0, 0, 0, 7], "rotation": 270, "texture": "#missing"},
				"down": {"uv": [0, 0, 0, 7], "rotation": 90, "texture": "#missing"}
			}
		},
		{
			"from": [9, 2, 8],
			"to": [11, 3.5, 10],
			"rotation": {"angle": 0, "axis": "y", "origin": [0, 0, 1]},
			"faces": {
				"north": {"uv": [7, 6, 9, 8], "texture": "#1"},
				"east": {"uv": [7, 6, 9, 8], "texture": "#1"},
				"south": {"uv": [7, 3, 9, 5], "texture": "#1"},
				"west": {"uv": [7, 6, 9, 8], "texture": "#1"},
				"up": {"uv": [7, 6, 9, 8], "texture": "#1"},
				"down": {"uv": [7, 6, 9, 8], "texture": "#1"}
			}
		},
		{
			"from": [8, 2, 10],
			"to": [9, 3, 12],
			"rotation": {"angle": 0, "axis": "y", "origin": [0, 0, 1]},
			"faces": {
				"north": {"uv": [0, 0, 1, 1], "texture": "#1"},
				"east": {"uv": [5, 9, 7, 10], "texture": "#1"},
				"south": {"uv": [0, 0, 1, 1], "texture": "#1"},
				"west": {"uv": [4, 6, 6, 7], "texture": "#1"},
				"up": {"uv": [13, 5, 14, 7], "texture": "#1"},
				"down": {"uv": [4, 5, 5, 7], "texture": "#1"}
			}
		},
		{
			"from": [7, 2, 7],
			"to": [8, 3, 8],
			"rotation": {"angle": 0, "axis": "y", "origin": [0, 0, 1]},
			"faces": {
				"north": {"uv": [14, 4, 15, 5], "texture": "#3"},
				"east": {"uv": [14, 4, 15, 5], "texture": "#3"},
				"south": {"uv": [14, 4, 15, 5], "texture": "#3"},
				"west": {"uv": [14, 4, 15, 5], "texture": "#3"},
				"up": {"uv": [14, 4, 15, 5], "texture": "#3"},
				"down": {"uv": [14, 4, 15, 5], "texture": "#3"}
			}
		},
		{
			"from": [11, 2, 5],
			"to": [12, 3, 6],
			"rotation": {"angle": 0, "axis": "y", "origin": [0, 0, 1]},
			"faces": {
				"north": {"uv": [15, 5, 16, 6], "texture": "#3"},
				"east": {"uv": [15, 5, 16, 6], "texture": "#3"},
				"south": {"uv": [15, 5, 16, 6], "texture": "#3"},
				"west": {"uv": [15, 5, 16, 6], "texture": "#3"},
				"up": {"uv": [15, 5, 16, 6], "texture": "#3"},
				"down": {"uv": [15, 5, 16, 6], "texture": "#3"}
			}
		},
		{
			"from": [7, 2, 5],
			"to": [8, 3, 6],
			"rotation": {"angle": 0, "axis": "y", "origin": [0, 0, 1]},
			"faces": {
				"north": {"uv": [14, 4, 15, 5], "texture": "#3"},
				"east": {"uv": [14, 4, 15, 5], "texture": "#3"},
				"south": {"uv": [14, 4, 15, 5], "texture": "#3"},
				"west": {"uv": [14, 4, 15, 5], "texture": "#3"},
				"up": {"uv": [14, 4, 15, 5], "texture": "#3"},
				"down": {"uv": [14, 4, 15, 5], "texture": "#3"}
			}
		},
		{
			"from": [8, 4, 5],
			"to": [9, 5, 7],
			"rotation": {"angle": 0, "axis": "y", "origin": [0, 0, 1]},
			"faces": {
				"north": {"uv": [0, 0, 1, 1], "texture": "#1"},
				"east": {"uv": [0, 0, 2, 1], "texture": "#1"},
				"south": {"uv": [2, 3, 3, 4], "texture": "#1"},
				"west": {"uv": [0, 5, 2, 6], "texture": "#1"},
				"up": {"uv": [3, 3, 4, 5], "texture": "#1"},
				"down": {"uv": [0, 0, 1, 2], "texture": "#missing"}
			}
		}
	],
	"display": {
		"thirdperson_righthand": {
			"translation": [0, 0, -3],
			"scale": [0.5, 0.5, 0.5]
		},
		"thirdperson_lefthand": {
			"translation": [0, 0, -3],
			"scale": [0.5, 0.5, 0.5]
		},
		"firstperson_righthand": {
			"scale": [0.5, 0.5, 0.5]
		},
		"firstperson_lefthand": {
			"scale": [0.5, 0.5, 0.5]
		},
		"ground": {
			"scale": [0.5, 0.5, 0.5]
		},
		"gui": {
			"rotation": [30, 45, 0],
			"scale": [0.7, 0.7, 0.7]
		},
		"head": {
			"translation": [0, 14, 0]
		},
		"fixed": {
			"rotation": [-90, 0, 0],
			"translation": [0, 0, -14],
			"scale": [2, 2, 2]
		}
	}
}