{
	"credit": "Made with Blockbench",
	"textures": {
		"1": "block/flower pot2",
		"2": "block/flower pot4"
	},
	"elements": [
		{
			"from": [2, 0, 5.5],
			"to": [7, 3, 10.5],
			"rotation": {"angle": 0, "axis": "y", "origin": [0, 0, 3.5]},
			"faces": {
				"north": {"uv": [0, 8, 5, 11], "texture": "#2"},
				"east": {"uv": [3, 8, 8, 11], "texture": "#2"},
				"south": {"uv": [0, 8, 5, 11], "texture": "#2"},
				"west": {"uv": [3, 8, 8, 11], "texture": "#2"},
				"up": {"uv": [0, 0, 5, 5], "texture": "#missing"},
				"down": {"uv": [6, 0, 11, 5], "texture": "#2"}
			}
		},
		{
			"from": [9, 0, 5.5],
			"to": [14, 3, 10.5],
			"rotation": {"angle": 0, "axis": "y", "origin": [0, 0, 3.5]},
			"faces": {
				"north": {"uv": [3, 8, 8, 11], "texture": "#2"},
				"east": {"uv": [0, 8, 5, 11], "texture": "#2"},
				"south": {"uv": [3, 8, 8, 11], "texture": "#2"},
				"west": {"uv": [0, 8, 5, 11], "texture": "#2"},
				"up": {"uv": [0, 0, 5, 5], "texture": "#missing"},
				"down": {"uv": [6, 0, 11, 5], "texture": "#2"}
			}
		},
		{
			"from": [1.5, 3, 5],
			"to": [7.5, 5, 11],
			"rotation": {"angle": 0, "axis": "y", "origin": [0, 0, 3.5]},
			"faces": {
				"north": {"uv": [6, 6, 12, 8], "texture": "#2"},
				"east": {"uv": [0, 6, 6, 8], "texture": "#2"},
				"south": {"uv": [0, 6, 6, 8], "texture": "#2"},
				"west": {"uv": [6, 6, 12, 8], "texture": "#2"},
				"up": {"uv": [0, 0, 6, 6], "texture": "#2"},
				"down": {"uv": [6, 0, 12, 6], "texture": "#2"}
			}
		},
		{
			"from": [8.5, 3, 5],
			"to": [14.5, 5, 11],
			"rotation": {"angle": 0, "axis": "y", "origin": [0, 0, 3.5]},
			"faces": {
				"north": {"uv": [6, 6, 12, 8], "texture": "#2"},
				"east": {"uv": [0, 6, 6, 8], "texture": "#2"},
				"south": {"uv": [6, 6, 12, 8], "texture": "#2"},
				"west": {"uv": [0, 6, 6, 8], "texture": "#2"},
				"up": {"uv": [0, 0, 6, 6], "texture": "#2"},
				"down": {"uv": [6, 0, 12, 6], "texture": "#2"}
			}
		},
		{
			"from": [8.5, 5, 8],
			"to": [14.5, 12, 8],
			"rotation": {"angle": 22.5, "axis": "y", "origin": [11.5, 0, 8]},
			"faces": {
				"north": {"uv": [6, 8, 12, 15], "texture": "#1"},
				"east": {"uv": [0, 0, 0, 7], "texture": "#missing"},
				"south": {"uv": [6, 8, 12, 15], "texture": "#1"},
				"west": {"uv": [0, 0, 0, 7], "texture": "#missing"},
				"up": {"uv": [0, 0, 7, 0], "texture": "#missing"},
				"down": {"uv": [0, 0, 7, 0], "texture": "#missing"}
			}
		},
		{
			"from": [4, 5, 5.5],
			"to": [4, 10, 11.5],
			"rotation": {"angle": 45, "axis": "y", "origin": [4.5, 0, 8]},
			"faces": {
				"north": {"uv": [0, 0, 0, 7], "texture": "#missing"},
				"east": {"uv": [0, 11, 6, 16], "texture": "#2"},
				"south": {"uv": [0, 0, 0, 7], "texture": "#missing"},
				"west": {"uv": [0, 11, 6, 16], "texture": "#2"},
				"up": {"uv": [0, 0, 7, 0], "rotation": 90, "texture": "#missing"},
				"down": {"uv": [0, 0, 7, 0], "rotation": 270, "texture": "#missing"}
			}
		},
		{
			"from": [5, 5, 4],
			"to": [5, 11, 12],
			"rotation": {"angle": 45, "axis": "y", "origin": [4.5, 0, 8]},
			"faces": {
				"north": {"uv": [0, 0, 0, 7], "texture": "#missing"},
				"east": {"uv": [8, 11, 16, 16], "texture": "#2"},
				"south": {"uv": [0, 0, 0, 7], "texture": "#missing"},
				"west": {"uv": [8, 11, 16, 16], "texture": "#2"},
				"up": {"uv": [0, 0, 7, 0], "rotation": 90, "texture": "#missing"},
				"down": {"uv": [0, 0, 7, 0], "rotation": 270, "texture": "#missing"}
			}
		},
		{
			"from": [12, 5, 5],
			"to": [12, 11, 11],
			"rotation": {"angle": 22.5, "axis": "y", "origin": [11.5, 0, 8]},
			"faces": {
				"north": {"uv": [0, 0, 0, 7], "texture": "#missing"},
				"east": {"uv": [6, 10, 12, 16], "texture": "#1"},
				"south": {"uv": [0, 0, 0, 7], "texture": "#missing"},
				"west": {"uv": [6, 10, 12, 16], "texture": "#1"},
				"up": {"uv": [0, 0, 0, 7], "texture": "#missing"},
				"down": {"uv": [0, 0, 0, 7], "texture": "#missing"}
			}
		},
		{
			"from": [11, 5, 5],
			"to": [11, 10, 11],
			"rotation": {"angle": 22.5, "axis": "y", "origin": [11.5, 0, 8]},
			"faces": {
				"north": {"uv": [0, 0, 0, 7], "texture": "#missing"},
				"east": {"uv": [10, 0, 16, 5], "texture": "#1"},
				"south": {"uv": [0, 0, 0, 7], "texture": "#missing"},
				"west": {"uv": [10, 0, 16, 5], "texture": "#1"},
				"up": {"uv": [0, 0, 0, 7], "texture": "#missing"},
				"down": {"uv": [0, 0, 0, 7], "texture": "#missing"}
			}
		},
		{
			"from": [1, 5, 7.5],
			"to": [9, 12, 7.5],
			"rotation": {"angle": 45, "axis": "y", "origin": [4.5, 0, 8]},
			"faces": {
				"north": {"uv": [8, 9, 16, 16], "texture": "#2"},
				"east": {"uv": [0, 0, 0, 7], "texture": "#missing"},
				"south": {"uv": [8, 9, 16, 16], "texture": "#2"},
				"west": {"uv": [0, 0, 0, 7], "texture": "#missing"},
				"up": {"uv": [0, 0, 0, 7], "rotation": 90, "texture": "#missing"},
				"down": {"uv": [0, 0, 0, 7], "rotation": 270, "texture": "#missing"}
			}
		},
		{
			"from": [2, 5, 8.5],
			"to": [7, 9, 8.5],
			"rotation": {"angle": 45, "axis": "y", "origin": [4.5, 0, 8]},
			"faces": {
				"north": {"uv": [0, 12, 5, 16], "texture": "#2"},
				"east": {"uv": [0, 0, 0, 7], "texture": "#missing"},
				"south": {"uv": [0, 12, 5, 16], "texture": "#2"},
				"west": {"uv": [0, 0, 0, 7], "texture": "#missing"},
				"up": {"uv": [0, 0, 0, 7], "rotation": 90, "texture": "#missing"},
				"down": {"uv": [0, 0, 0, 7], "rotation": 270, "texture": "#missing"}
			}
		}
	],
	"display": {
		"thirdperson_righthand": {
			"translation": [0, 0, -1.25],
			"scale": [0.5, 0.5, 0.5]
		},
		"thirdperson_lefthand": {
			"translation": [0, 0, -1.25],
			"scale": [0.5, 0.5, 0.5]
		},
		"firstperson_righthand": {
			"scale": [0.5, 0.5, 0.5]
		},
		"firstperson_lefthand": {
			"scale": [0.5, 0.5, 0.5]
		},
		"ground": {
			"scale": [0.5, 0.5, 0.5]
		},
		"gui": {
			"rotation": [30, 45, 0],
			"translation": [0, 2, 0]
		},
		"head": {
			"translation": [0, 14, 0]
		},
		"fixed": {
			"rotation": [-90, 0, 0],
			"translation": [0, 0, -14],
			"scale": [2, 2, 2]
		}
	}
}