{
	"credit": "Made with Blockbench",
	"textures": {
		"0": "block/flower pot2",
		"2": "block/flower pot4",
		"particle": "block/flower pot2"
	},
	"elements": [
		{
			"from": [3, 0, 6],
			"to": [7, 4, 10],
			"rotation": {"angle": 0, "axis": "y", "origin": [2, 0, 4]},
			"faces": {
				"north": {"uv": [0, 7, 4, 11], "texture": "#2"},
				"east": {"uv": [4, 7, 8, 11], "texture": "#2"},
				"south": {"uv": [0, 7, 4, 11], "texture": "#2"},
				"west": {"uv": [4, 7, 8, 11], "texture": "#2"},
				"up": {"uv": [11, 0, 16, 5], "rotation": 180, "texture": "#2"},
				"down": {"uv": [7, 1, 11, 5], "texture": "#2"}
			}
		},
		{
			"from": [9, 0, 6],
			"to": [13, 4, 10],
			"rotation": {"angle": 0, "axis": "y", "origin": [3, 0, 4]},
			"faces": {
				"north": {"uv": [4, 7, 8, 11], "texture": "#2"},
				"east": {"uv": [0, 7, 4, 11], "texture": "#2"},
				"south": {"uv": [4, 7, 8, 11], "texture": "#2"},
				"west": {"uv": [0, 7, 4, 11], "texture": "#2"},
				"up": {"uv": [11, 0, 16, 5], "rotation": 90, "texture": "#2"},
				"down": {"uv": [7, 1, 11, 5], "texture": "#2"}
			}
		},
		{
			"from": [1.5, 4, 7.5],
			"to": [7.5, 8, 7.5],
			"rotation": {"angle": 45, "axis": "y", "origin": [5, 0, 8]},
			"faces": {
				"north": {"uv": [0, 11, 6, 15], "texture": "#2"},
				"east": {"uv": [0, 0, 0, 4], "texture": "#missing"},
				"south": {"uv": [0, 11, 6, 15], "texture": "#2"},
				"west": {"uv": [0, 0, 0, 4], "texture": "#missing"},
				"up": {"uv": [0, 0, 6, 0], "texture": "#missing"},
				"down": {"uv": [0, 0, 6, 0], "texture": "#missing"}
			}
		},
		{
			"from": [8, 4, 7.5],
			"to": [14, 9, 7.5],
			"rotation": {"angle": 45, "axis": "y", "origin": [11, 0, 8]},
			"faces": {
				"north": {"uv": [6, 11, 12, 16], "texture": "#0"},
				"east": {"uv": [0, 0, 0, 4], "texture": "#missing"},
				"south": {"uv": [6, 11, 12, 16], "texture": "#0"},
				"west": {"uv": [0, 0, 0, 4], "texture": "#missing"},
				"up": {"uv": [0, 0, 6, 0], "texture": "#missing"},
				"down": {"uv": [0, 0, 6, 0], "texture": "#missing"}
			}
		},
		{
			"from": [3.5, 4, 8.5],
			"to": [7.5, 6, 8.5],
			"rotation": {"angle": 45, "axis": "y", "origin": [5, 0, 8]},
			"faces": {
				"north": {"uv": [0, 14, 4, 16], "texture": "#2"},
				"east": {"uv": [0, 0, 0, 3], "texture": "#missing"},
				"south": {"uv": [0, 14, 4, 16], "texture": "#2"},
				"west": {"uv": [0, 0, 0, 3], "texture": "#missing"},
				"up": {"uv": [0, 0, 6, 0], "texture": "#missing"},
				"down": {"uv": [0, 0, 6, 0], "texture": "#missing"}
			}
		},
		{
			"from": [8.5, 4, 8.5],
			"to": [14.5, 7, 8.5],
			"rotation": {"angle": 45, "axis": "y", "origin": [11, 0, 8]},
			"faces": {
				"north": {"uv": [10, 2, 16, 5], "texture": "#0"},
				"east": {"uv": [0, 0, 0, 3], "texture": "#missing"},
				"south": {"uv": [10, 2, 16, 5], "texture": "#0"},
				"west": {"uv": [0, 0, 0, 3], "texture": "#missing"},
				"up": {"uv": [0, 0, 6, 0], "texture": "#missing"},
				"down": {"uv": [0, 0, 6, 0], "texture": "#missing"}
			}
		},
		{
			"from": [5.5, 4, 5.25],
			"to": [5.5, 7, 11.25],
			"rotation": {"angle": 45, "axis": "y", "origin": [5, 0, 8]},
			"faces": {
				"north": {"uv": [0, 0, 0, 4], "texture": "#missing"},
				"east": {"uv": [10, 12, 16, 15], "texture": "#2"},
				"south": {"uv": [0, 0, 0, 4], "texture": "#missing"},
				"west": {"uv": [10, 12, 16, 15], "texture": "#2"},
				"up": {"uv": [0, 0, 0, 6], "texture": "#missing"},
				"down": {"uv": [0, 0, 0, 6], "texture": "#missing"}
			}
		},
		{
			"from": [11.5, 4, 5.5],
			"to": [11.5, 9, 11.5],
			"rotation": {"angle": 45, "axis": "y", "origin": [11, 0, 8]},
			"faces": {
				"north": {"uv": [0, 0, 0, 4], "texture": "#missing"},
				"east": {"uv": [10, 0, 16, 5], "texture": "#0"},
				"south": {"uv": [0, 0, 0, 4], "texture": "#missing"},
				"west": {"uv": [10, 0, 16, 5], "texture": "#0"},
				"up": {"uv": [0, 0, 0, 6], "texture": "#missing"},
				"down": {"uv": [0, 0, 0, 6], "texture": "#missing"}
			}
		},
		{
			"from": [4.5, 4, 4.5],
			"to": [4.5, 7, 10.5],
			"rotation": {"angle": 45, "axis": "y", "origin": [5, 0, 8]},
			"faces": {
				"north": {"uv": [0, 0, 0, 3], "texture": "#missing"},
				"east": {"uv": [9, 9, 15, 12], "texture": "#2"},
				"south": {"uv": [0, 0, 0, 3], "texture": "#missing"},
				"west": {"uv": [9, 9, 15, 12], "texture": "#2"},
				"up": {"uv": [0, 0, 0, 6], "texture": "#missing"},
				"down": {"uv": [0, 0, 0, 6], "texture": "#missing"}
			}
		},
		{
			"from": [10.5, 4, 4.5],
			"to": [10.5, 7, 10.5],
			"rotation": {"angle": 45, "axis": "y", "origin": [11, 0, 8]},
			"faces": {
				"north": {"uv": [0, 0, 0, 3], "texture": "#missing"},
				"east": {"uv": [6, 8, 12, 11], "texture": "#0"},
				"south": {"uv": [0, 0, 0, 3], "texture": "#missing"},
				"west": {"uv": [6, 8, 12, 11], "texture": "#0"},
				"up": {"uv": [0, 0, 0, 6], "texture": "#missing"},
				"down": {"uv": [0, 0, 0, 6], "texture": "#missing"}
			}
		}
	],
	"display": {
		"thirdperson_righthand": {
			"translation": [0, 0, -1],
			"scale": [0.5, 0.5, 0.5]
		},
		"thirdperson_lefthand": {
			"translation": [0, 0, -1],
			"scale": [0.5, 0.5, 0.5]
		},
		"firstperson_righthand": {
			"scale": [0.5, 0.5, 0.5]
		},
		"firstperson_lefthand": {
			"scale": [0.5, 0.5, 0.5]
		},
		"ground": {
			"scale": [0.5, 0.5, 0.5]
		},
		"gui": {
			"rotation": [30, 45, 0],
			"translation": [0, 2, 0]
		},
		"head": {
			"translation": [0, 14, 0]
		},
		"fixed": {
			"rotation": [-90, 0, 0],
			"translation": [0, 0, -14],
			"scale": [2, 2, 2]
		}
	}
}