{
	"credit": "Made with Blockbench",
	"textures": {
		"0": "block/glass cup",
		"particle": "block/glass cup"
	},
	"elements": [
		{
			"from": [1, 0, 6],
			"to": [5, 4, 9],
			"rotation": {"angle": 0, "axis": "y", "origin": [9, 8, 9]},
			"faces": {
				"north": {"uv": [5, 5, 9, 9], "texture": "#0"},
				"east": {"uv": [6, 5, 9, 9], "texture": "#0"},
				"south": {"uv": [5, 5, 9, 9], "texture": "#0"},
				"west": {"uv": [5, 5, 8, 9], "texture": "#0"},
				"up": {"uv": [5, 4, 9, 7], "texture": "#0"},
				"down": {"uv": [5, 4, 9, 7], "texture": "#0"}
			}
		},
		{
			"from": [6, 0, 6],
			"to": [10, 4, 9],
			"rotation": {"angle": 0, "axis": "y", "origin": [9, 8, 9]},
			"faces": {
				"north": {"uv": [5, 5, 9, 9], "texture": "#0"},
				"east": {"uv": [6, 5, 9, 9], "texture": "#0"},
				"south": {"uv": [5, 5, 9, 9], "texture": "#0"},
				"west": {"uv": [5, 5, 8, 9], "texture": "#0"},
				"up": {"uv": [5, 4, 9, 7], "texture": "#0"},
				"down": {"uv": [5, 4, 9, 7], "texture": "#0"}
			}
		},
		{
			"from": [11, 0, 6],
			"to": [15, 4, 9],
			"rotation": {"angle": 0, "axis": "y", "origin": [9, 8, 9]},
			"faces": {
				"north": {"uv": [5, 5, 9, 9], "texture": "#0"},
				"east": {"uv": [6, 5, 9, 9], "texture": "#0"},
				"south": {"uv": [5, 5, 9, 9], "texture": "#0"},
				"west": {"uv": [5, 5, 8, 9], "texture": "#0"},
				"up": {"uv": [5, 4, 9, 7], "texture": "#0"},
				"down": {"uv": [5, 4, 9, 7], "texture": "#0"}
			}
		},
		{
			"from": [2, 4, 7],
			"to": [4, 4.5, 8],
			"rotation": {"angle": 0, "axis": "y", "origin": [10, 12, 10]},
			"faces": {
				"north": {"uv": [4, 0, 6, 1], "texture": "#0"},
				"east": {"uv": [5, 0, 6, 1], "texture": "#0"},
				"south": {"uv": [6, 0, 8, 1], "texture": "#0"},
				"west": {"uv": [4, 0, 5, 1], "texture": "#0"},
				"up": {"uv": [6, 0, 8, 1], "texture": "#0"},
				"down": {"uv": [6, 0, 8, 1], "texture": "#0"}
			}
		},
		{
			"from": [7, 4, 7],
			"to": [9, 4.5, 8],
			"rotation": {"angle": 0, "axis": "y", "origin": [10, 12, 10]},
			"faces": {
				"north": {"uv": [4, 0, 6, 1], "texture": "#0"},
				"east": {"uv": [5, 0, 6, 1], "texture": "#0"},
				"south": {"uv": [6, 0, 8, 1], "texture": "#0"},
				"west": {"uv": [4, 0, 5, 1], "texture": "#0"},
				"up": {"uv": [6, 0, 8, 1], "texture": "#0"},
				"down": {"uv": [6, 0, 8, 1], "texture": "#0"}
			}
		},
		{
			"from": [12, 4, 7],
			"to": [14, 4.5, 8],
			"rotation": {"angle": 0, "axis": "y", "origin": [10, 12, 10]},
			"faces": {
				"north": {"uv": [4, 0, 6, 1], "texture": "#0"},
				"east": {"uv": [5, 0, 6, 1], "texture": "#0"},
				"south": {"uv": [6, 0, 8, 1], "texture": "#0"},
				"west": {"uv": [4, 0, 5, 1], "texture": "#0"},
				"up": {"uv": [6, 0, 8, 1], "texture": "#0"},
				"down": {"uv": [6, 0, 8, 1], "texture": "#0"}
			}
		},
		{
			"from": [1.5, 4.5, 6.5],
			"to": [4.5, 5.5, 8.5],
			"rotation": {"angle": 0, "axis": "y", "origin": [9, 13, 10]},
			"faces": {
				"north": {"uv": [1, 0, 4, 1], "texture": "#0"},
				"east": {"uv": [4, 0, 6, 1], "texture": "#0"},
				"south": {"uv": [1, 4, 4, 5], "texture": "#0"},
				"west": {"uv": [4, 0, 6, 1], "texture": "#0"},
				"up": {"uv": [1, 6, 4, 8], "texture": "#0"},
				"down": {"uv": [3, 0, 6, 2], "texture": "#0"}
			}
		},
		{
			"from": [6.5, 4.5, 6.5],
			"to": [9.5, 5.5, 8.5],
			"rotation": {"angle": 0, "axis": "y", "origin": [9, 13, 10]},
			"faces": {
				"north": {"uv": [1, 0, 4, 1], "texture": "#0"},
				"east": {"uv": [4, 0, 6, 1], "texture": "#0"},
				"south": {"uv": [1, 4, 4, 5], "texture": "#0"},
				"west": {"uv": [4, 0, 6, 1], "texture": "#0"},
				"up": {"uv": [1, 6, 4, 8], "texture": "#0"},
				"down": {"uv": [3, 0, 6, 2], "texture": "#0"}
			}
		},
		{
			"from": [11.5, 4.5, 6.5],
			"to": [14.5, 5.5, 8.5],
			"rotation": {"angle": 0, "axis": "y", "origin": [9, 13, 10]},
			"faces": {
				"north": {"uv": [1, 0, 4, 1], "texture": "#0"},
				"east": {"uv": [4, 0, 6, 1], "texture": "#0"},
				"south": {"uv": [1, 4, 4, 5], "texture": "#0"},
				"west": {"uv": [4, 0, 6, 1], "texture": "#0"},
				"up": {"uv": [1, 6, 4, 8], "texture": "#0"},
				"down": {"uv": [3, 0, 6, 2], "texture": "#0"}
			}
		},
		{
			"name": "inside",
			"from": [2.01, 0.5, 6.5],
			"to": [4.01, 3, 8.5],
			"rotation": {"angle": 0, "axis": "y", "origin": [10, 9, 10]},
			"faces": {
				"north": {"uv": [9, 7, 11, 9], "texture": "#0"},
				"east": {"uv": [9, 7, 11, 9], "texture": "#0"},
				"south": {"uv": [9, 7, 11, 9], "texture": "#0"},
				"west": {"uv": [9, 7, 11, 9], "texture": "#0"},
				"up": {"uv": [9, 7, 11, 9], "texture": "#0"},
				"down": {"uv": [9, 7, 11, 9], "texture": "#0"}
			}
		},
		{
			"name": "inside",
			"from": [7, 0.5, 6.5],
			"to": [9, 3.5, 8.5],
			"rotation": {"angle": 0, "axis": "y", "origin": [15, 9, 10]},
			"faces": {
				"north": {"uv": [9, 3, 11, 5], "texture": "#0"},
				"east": {"uv": [9, 3, 11, 5], "texture": "#0"},
				"south": {"uv": [9, 3, 11, 5], "texture": "#0"},
				"west": {"uv": [9, 3, 11, 5], "texture": "#0"},
				"up": {"uv": [9, 3, 11, 5], "texture": "#0"},
				"down": {"uv": [9, 3, 11, 5], "texture": "#0"}
			}
		},
		{
			"name": "inside",
			"from": [12, 0.5, 6.5],
			"to": [14, 3.5, 8.5],
			"rotation": {"angle": 0, "axis": "y", "origin": [20, 9, 10]},
			"faces": {
				"north": {"uv": [9, 1, 11, 3], "texture": "#0"},
				"east": {"uv": [9, 1, 11, 3], "texture": "#0"},
				"south": {"uv": [9, 1, 11, 3], "texture": "#0"},
				"west": {"uv": [9, 1, 11, 3], "texture": "#0"},
				"up": {"uv": [9, 1, 11, 3], "texture": "#0"},
				"down": {"uv": [9, 1, 11, 3], "texture": "#0"}
			}
		},
		{
			"from": [2, 2, 9.01],
			"to": [4, 3, 9.01],
			"rotation": {"angle": 0, "axis": "y", "origin": [10, 10, 12]},
			"faces": {
				"north": {"uv": [14, 13, 16, 14], "texture": "#0"},
				"east": {"uv": [0, 0, 0, 1], "texture": "#missing"},
				"south": {"uv": [14, 13, 16, 14], "texture": "#0"},
				"west": {"uv": [0, 0, 0, 1], "texture": "#missing"},
				"up": {"uv": [0, 0, 2, 0], "texture": "#missing"},
				"down": {"uv": [0, 0, 2, 0], "texture": "#missing"}
			}
		},
		{
			"from": [7, 2, 9.01],
			"to": [9, 3, 9.01],
			"rotation": {"angle": 0, "axis": "y", "origin": [15, 10, 12]},
			"faces": {
				"north": {"uv": [14, 13, 16, 14], "texture": "#0"},
				"east": {"uv": [0, 0, 0, 1], "texture": "#missing"},
				"south": {"uv": [14, 15, 16, 16], "texture": "#0"},
				"west": {"uv": [0, 0, 0, 1], "texture": "#missing"},
				"up": {"uv": [0, 0, 2, 0], "texture": "#missing"},
				"down": {"uv": [0, 0, 2, 0], "texture": "#missing"}
			}
		},
		{
			"from": [12, 2, 9.01],
			"to": [14, 3, 9.01],
			"rotation": {"angle": 0, "axis": "y", "origin": [20, 10, 12]},
			"faces": {
				"north": {"uv": [14, 13, 16, 14], "texture": "#0"},
				"east": {"uv": [0, 0, 0, 1], "texture": "#missing"},
				"south": {"uv": [14, 13, 16, 14], "texture": "#0"},
				"west": {"uv": [0, 0, 0, 1], "texture": "#missing"},
				"up": {"uv": [0, 0, 2, 0], "texture": "#missing"},
				"down": {"uv": [0, 0, 2, 0], "texture": "#missing"}
			}
		}
	],
	"display": {
		"thirdperson_righthand": {
			"translation": [0, 0, -0.5],
			"scale": [0.5, 0.5, 0.5]
		},
		"thirdperson_lefthand": {
			"translation": [0, 0, -0.5],
			"scale": [0.5, 0.5, 0.5]
		},
		"firstperson_righthand": {
			"scale": [0.5, 0.5, 0.5]
		},
		"firstperson_lefthand": {
			"scale": [0.5, 0.5, 0.5]
		},
		"ground": {
			"scale": [0.5, 0.5, 0.5]
		},
		"gui": {
			"rotation": [30, 45, 0],
			"translation": [0, 2, 0]
		},
		"head": {
			"rotation": [0, -180, 0],
			"translation": [0, 14, 0]
		},
		"fixed": {
			"rotation": [-90, 0, 0],
			"translation": [0, 0, -14],
			"scale": [2, 2, 2]
		}
	}
}