{
	"credit": "Made with Blockbench",
	"textures": {
		"0": "block/drinkdispenser_1a",
		"1": "block/drinkdispenser_1",
		"particle": "block/drinkdispenser_1a"
	},
	"elements": [
		{
			"from": [4, 11, 3],
			"to": [12, 13, 11],
			"faces": {
				"north": {"uv": [1, 3, 9, 5], "texture": "#1"},
				"east": {"uv": [1, 3, 9, 5], "texture": "#1"},
				"south": {"uv": [1, 3, 9, 5], "texture": "#1"},
				"west": {"uv": [1, 3, 9, 5], "texture": "#1"},
				"up": {"uv": [1, 7, 9, 15], "texture": "#0"}
			}
		},
		{
			"from": [5, 13, 4],
			"to": [11, 14, 10],
			"faces": {
				"north": {"uv": [2, 2, 8, 3], "texture": "#1"},
				"east": {"uv": [2, 1, 8, 2], "texture": "#1"},
				"south": {"uv": [2, 2, 8, 3], "texture": "#1"},
				"west": {"uv": [2, 1, 8, 2], "texture": "#1"},
				"up": {"uv": [10, 10, 16, 16], "texture": "#1"},
				"down": {"uv": [10, 10, 16, 16], "texture": "#1"}
			}
		},
		{
			"from": [7, 14, 6],
			"to": [9, 15, 8],
			"faces": {
				"north": {"uv": [4, 2, 6, 3], "texture": "#1"},
				"east": {"uv": [4, 1, 6, 2], "texture": "#1"},
				"south": {"uv": [4, 2, 6, 3], "texture": "#1"},
				"west": {"uv": [4, 1, 6, 2], "texture": "#1"},
				"up": {"uv": [0, 1, 2, 3], "texture": "#1"}
			}
		},
		{
			"from": [7, 2, 1],
			"to": [9, 4, 2],
			"faces": {
				"north": {"uv": [12, 12, 14, 14], "texture": "#1"},
				"east": {"uv": [0, 1, 1, 3], "texture": "#1"},
				"south": {"uv": [12, 12, 14, 14], "texture": "#1"},
				"west": {"uv": [0, 1, 1, 3], "texture": "#1"},
				"up": {"uv": [4, 1, 6, 2], "texture": "#1"},
				"down": {"uv": [12, 10, 14, 11], "texture": "#1"}
			}
		},
		{
			"from": [7, 3.5, -0.5],
			"to": [9, 4.5, 0.5],
			"faces": {
				"north": {"uv": [0, 0, 2, 1], "texture": "#1"},
				"east": {"uv": [11, 10, 12, 11], "texture": "#1"},
				"south": {"uv": [4, 1, 6, 2], "texture": "#1"},
				"west": {"uv": [11, 10, 12, 11], "texture": "#1"},
				"up": {"uv": [4, 2, 6, 3], "texture": "#1"},
				"down": {"uv": [12, 11, 14, 12], "texture": "#1"}
			}
		},
		{
			"from": [7.5, 2.5, -1],
			"to": [8.5, 3.5, 1],
			"faces": {
				"north": {"uv": [4, 2, 5, 3], "texture": "#1"},
				"east": {"uv": [4, 1, 6, 2], "texture": "#1"},
				"south": {"uv": [2, 2, 3, 3], "texture": "#1"},
				"west": {"uv": [4, 1, 6, 2], "texture": "#1"},
				"up": {"uv": [1, 1, 2, 3], "texture": "#1"},
				"down": {"uv": [11, 12, 12, 14], "texture": "#1"}
			}
		},
		{
			"from": [7.5, 1.5, -1],
			"to": [8.5, 2.5, 0],
			"faces": {
				"north": {"uv": [3, 2, 4, 3], "texture": "#1"},
				"east": {"uv": [1, 1, 2, 2], "texture": "#1"},
				"south": {"uv": [11, 11, 12, 12], "texture": "#1"},
				"west": {"uv": [1, 1, 2, 2], "texture": "#1"},
				"down": {"uv": [11, 11, 12, 12], "texture": "#1"}
			}
		},
		{
			"from": [6, -2, 10.5],
			"to": [8, -1, 14.5],
			"rotation": {"angle": -45, "axis": "x", "origin": [0, 0, 0]},
			"faces": {
				"north": {"uv": [1, 4, 3, 5], "rotation": 180, "texture": "#0"},
				"east": {"uv": [1, 0, 2, 4], "rotation": 90, "texture": "#0"},
				"south": {"uv": [1, 4, 3, 5], "texture": "#0"},
				"west": {"uv": [0, 0, 1, 4], "rotation": 270, "texture": "#0"},
				"up": {"uv": [2, 0, 4, 4], "texture": "#0"},
				"down": {"uv": [2, 0, 4, 4], "texture": "#0"}
			}
		},
		{
			"from": [8, -2, 2.5],
			"to": [9, 2, 4.5],
			"rotation": {"angle": 45, "axis": "z", "origin": [0, 0, 0]},
			"faces": {
				"north": {"uv": [0, 0, 1, 4], "rotation": 180, "texture": "#0"},
				"east": {"uv": [2, 0, 4, 4], "rotation": 180, "texture": "#0"},
				"south": {"uv": [1, 0, 2, 4], "rotation": 180, "texture": "#0"},
				"west": {"uv": [2, 0, 4, 4], "texture": "#0"},
				"up": {"uv": [1, 4, 3, 5], "rotation": 90, "texture": "#0"},
				"down": {"uv": [1, 4, 3, 5], "rotation": 270, "texture": "#0"}
			}
		},
		{
			"from": [7, 7, 6],
			"to": [9, 11, 7],
			"rotation": {"angle": -22.5, "axis": "z", "origin": [0, 0, 0]},
			"faces": {
				"north": {"uv": [2, 0, 4, 4], "texture": "#0"},
				"east": {"uv": [0, 0, 1, 4], "rotation": 180, "texture": "#0"},
				"south": {"uv": [0, 0, 2, 4], "rotation": 180, "texture": "#0"},
				"west": {"uv": [1, 0, 2, 4], "rotation": 180, "texture": "#0"},
				"up": {"uv": [1, 4, 3, 5], "rotation": 180, "texture": "#0"},
				"down": {"uv": [1, 4, 3, 5], "rotation": 180, "texture": "#0"}
			}
		},
		{
			"name": "main",
			"from": [3, 0, 2],
			"to": [13, 11, 12],
			"faces": {
				"north": {"uv": [0, 5, 10, 16], "texture": "#1"},
				"east": {"uv": [0, 5, 10, 16], "texture": "#1"},
				"south": {"uv": [0, 5, 10, 16], "texture": "#1"},
				"west": {"uv": [0, 5, 10, 16], "texture": "#1"},
				"up": {"uv": [0, 6, 10, 16], "texture": "#0"},
				"down": {"uv": [0, 6, 10, 16], "texture": "#0"}
			}
		},
		{
			"from": [6, -5, 6.5],
			"to": [11, -4, 11.5],
			"rotation": {"angle": 45, "axis": "z", "origin": [0, 0, 0]},
			"faces": {
				"north": {"uv": [5, 5, 10, 6], "texture": "#0"},
				"east": {"uv": [4, 0, 5, 5], "rotation": 90, "texture": "#0"},
				"south": {"uv": [5, 5, 10, 6], "texture": "#0"},
				"west": {"uv": [5, 5, 10, 6], "texture": "#0"},
				"up": {"uv": [5, 0, 10, 5], "texture": "#0"},
				"down": {"uv": [5, 0, 10, 5], "texture": "#0"}
			}
		},
		{
			"from": [7, 3, 6.5],
			"to": [12, 8, 7.5],
			"rotation": {"angle": -22.5, "axis": "x", "origin": [0, 0, 0]},
			"faces": {
				"north": {"uv": [5, 0, 10, 5], "rotation": 180, "texture": "#0"},
				"east": {"uv": [4, 0, 5, 5], "rotation": 180, "texture": "#0"},
				"south": {"uv": [5, 0, 10, 5], "texture": "#0"},
				"west": {"uv": [5, 5, 10, 6], "rotation": 270, "texture": "#0"},
				"up": {"uv": [5, 5, 10, 6], "texture": "#0"},
				"down": {"uv": [5, 5, 10, 6], "rotation": 180, "texture": "#0"}
			}
		},
		{
			"from": [7, 2, 2.5],
			"to": [8, 7, 7.5],
			"rotation": {"angle": -22.5, "axis": "y", "origin": [0, 0, 0]},
			"faces": {
				"north": {"uv": [4, 0, 5, 5], "rotation": 180, "texture": "#0"},
				"east": {"uv": [5, 0, 10, 5], "texture": "#0"},
				"south": {"uv": [5, 5, 10, 6], "rotation": 270, "texture": "#0"},
				"west": {"uv": [5, 0, 10, 5], "rotation": 180, "texture": "#0"},
				"up": {"uv": [5, 5, 10, 6], "rotation": 270, "texture": "#0"},
				"down": {"uv": [5, 5, 10, 6], "rotation": 270, "texture": "#0"}
			}
		},
		{
			"from": [9.5, 2, 8],
			"to": [11.5, 4, 10],
			"rotation": {"angle": 45, "axis": "z", "origin": [0, 0, 0]},
			"faces": {
				"north": {"uv": [12, 0, 14, 2], "texture": "#0"},
				"east": {"uv": [12, 3, 14, 5], "rotation": 90, "texture": "#0"},
				"south": {"uv": [12, 6, 14, 8], "texture": "#0"},
				"west": {"uv": [12, 2, 14, 4], "texture": "#0"},
				"up": {"uv": [12, 0, 14, 2], "texture": "#0"},
				"down": {"uv": [12, 0, 14, 2], "texture": "#0"}
			}
		},
		{
			"from": [10.5, 7, 8],
			"to": [12.5, 10, 11],
			"faces": {
				"north": {"uv": [8, 0, 10, 3], "texture": "#0"},
				"east": {"uv": [6, 1, 9, 4], "rotation": 90, "texture": "#0"},
				"south": {"uv": [12, 3, 14, 6], "texture": "#0"},
				"west": {"uv": [6, 1, 9, 4], "rotation": 180, "texture": "#0"},
				"up": {"uv": [12, 3, 14, 6], "texture": "#0"},
				"down": {"uv": [12, 3, 14, 6], "texture": "#0"}
			}
		},
		{
			"from": [5, 5, 8],
			"to": [7, 7, 10],
			"rotation": {"angle": 22.5, "axis": "x", "origin": [0, 0, 0]},
			"faces": {
				"north": {"uv": [12, 0, 14, 2], "texture": "#0"},
				"east": {"uv": [12, 3, 14, 5], "rotation": 90, "texture": "#0"},
				"south": {"uv": [12, 6, 14, 8], "rotation": 270, "texture": "#0"},
				"west": {"uv": [12, 1, 14, 3], "rotation": 180, "texture": "#0"},
				"up": {"uv": [12, 0, 14, 2], "texture": "#0"},
				"down": {"uv": [12, 0, 14, 2], "texture": "#0"}
			}
		},
		{
			"from": [10, -3.5, 9],
			"to": [12, -1.5, 11],
			"rotation": {"angle": -22.5, "axis": "x", "origin": [0, 0, 0]},
			"faces": {
				"north": {"uv": [12, 0, 14, 2], "rotation": 90, "texture": "#0"},
				"east": {"uv": [12, 1, 14, 3], "rotation": 90, "texture": "#0"},
				"south": {"uv": [12, 1, 14, 3], "texture": "#0"},
				"west": {"uv": [12, 1, 14, 3], "rotation": 180, "texture": "#0"},
				"up": {"uv": [12, 0, 14, 2], "rotation": 180, "texture": "#0"},
				"down": {"uv": [12, 0, 14, 2], "texture": "#0"}
			}
		},
		{
			"from": [10, -2, 4],
			"to": [12, 0, 6],
			"rotation": {"angle": -45, "axis": "x", "origin": [0, 0, 0]},
			"faces": {
				"north": {"uv": [12, 4, 14, 6], "texture": "#0"},
				"east": {"uv": [10, 6, 12, 8], "rotation": 90, "texture": "#0"},
				"south": {"uv": [10, 6, 12, 8], "texture": "#0"},
				"west": {"uv": [12, 4, 14, 6], "rotation": 180, "texture": "#0"},
				"up": {"uv": [12, 0, 14, 2], "texture": "#0"},
				"down": {"uv": [12, 0, 14, 2], "texture": "#0"}
			}
		},
		{
			"from": [11, 5, 6],
			"to": [13, 8, 8],
			"rotation": {"angle": 22.5, "axis": "z", "origin": [0, 0, 0]},
			"faces": {
				"north": {"uv": [10, 0, 12, 2], "texture": "#0"},
				"east": {"uv": [10, 0, 12, 3], "texture": "#0"},
				"south": {"uv": [10, 3, 12, 6], "texture": "#0"},
				"west": {"uv": [10, 5, 12, 8], "rotation": 180, "texture": "#0"},
				"up": {"uv": [10, 0, 12, 2], "texture": "#0"},
				"down": {"uv": [10, 6, 12, 8], "texture": "#0"}
			}
		},
		{
			"from": [8, 0, 8],
			"to": [10, 2, 10],
			"rotation": {"angle": 22.5, "axis": "z", "origin": [0, 0, 0]},
			"faces": {
				"north": {"uv": [10, 0, 12, 2], "texture": "#0"},
				"east": {"uv": [10, 0, 12, 2], "rotation": 90, "texture": "#0"},
				"south": {"uv": [10, 0, 12, 2], "texture": "#0"},
				"west": {"uv": [10, 4, 12, 6], "rotation": 180, "texture": "#0"},
				"up": {"uv": [10, 0, 12, 2], "texture": "#0"},
				"down": {"uv": [10, 4, 12, 6], "texture": "#0"}
			}
		},
		{
			"from": [3, 3, 4],
			"to": [6, 5, 6],
			"rotation": {"angle": -22.5, "axis": "z", "origin": [0, 0, 0]},
			"faces": {
				"north": {"uv": [10, 5, 12, 8], "rotation": 90, "texture": "#0"},
				"east": {"uv": [10, 2, 12, 4], "rotation": 90, "texture": "#0"},
				"south": {"uv": [10, 5, 12, 8], "rotation": 270, "texture": "#0"},
				"west": {"uv": [10, 4, 12, 6], "rotation": 180, "texture": "#0"},
				"up": {"uv": [10, 5, 12, 8], "rotation": 270, "texture": "#0"},
				"down": {"uv": [10, 3, 12, 6], "rotation": 90, "texture": "#0"}
			}
		}
	],
	"display": {
		"thirdperson_righthand": {
			"translation": [0, 0, -2],
			"scale": [0.5, 0.5, 0.5]
		},
		"thirdperson_lefthand": {
			"translation": [0, 0, -2],
			"scale": [0.5, 0.5, 0.5]
		},
		"firstperson_righthand": {
			"scale": [0.5, 0.5, 0.5]
		},
		"firstperson_lefthand": {
			"scale": [0.5, 0.5, 0.5]
		},
		"ground": {
			"scale": [0.5, 0.5, 0.5]
		},
		"gui": {
			"rotation": [30, -135, 0],
			"scale": [0.5, 0.5, 0.5]
		},
		"head": {
			"translation": [0, 14, 0]
		},
		"fixed": {
			"rotation": [-90, 0, 0],
			"translation": [0, 0, -14],
			"scale": [2, 2, 2]
		}
	}
}