{
	"credit": "Made with Blockbench",
	"textures": {
		"0": "block/wood",
		"1": "block/oak_planks_a",
		"2": "block/oldtv",
		"particle": "block/wood"
	},
	"elements": [
		{
			"from": [-8, 11, 10],
			"to": [8, 12, 14],
			"rotation": {"angle": 0, "axis": "y", "origin": [-8, 0, 0]},
			"faces": {
				"north": {"uv": [0, 15, 16, 16], "texture": "#1"},
				"east": {"uv": [0, 0, 4, 1], "texture": "#missing"},
				"south": {"uv": [0, 4, 16, 5], "rotation": 180, "texture": "#1"},
				"west": {"uv": [7, 5, 11, 6], "texture": "#1"},
				"up": {"uv": [0, 12, 16, 16], "rotation": 180, "texture": "#1"},
				"down": {"uv": [0, 4, 16, 8], "texture": "#1"}
			}
		},
		{
			"from": [-8, 11, 5],
			"to": [8, 12, 9],
			"rotation": {"angle": 0, "axis": "y", "origin": [-8, 0, 0]},
			"faces": {
				"north": {"uv": [0, 7, 16, 8], "texture": "#1"},
				"east": {"uv": [0, 0, 4, 1], "texture": "#missing"},
				"south": {"uv": [0, 4, 16, 5], "rotation": 180, "texture": "#1"},
				"west": {"uv": [7, 4, 11, 5], "texture": "#1"},
				"up": {"uv": [0, 4, 16, 8], "rotation": 180, "texture": "#1"},
				"down": {"uv": [0, 12, 16, 16], "texture": "#1"}
			}
		},
		{
			"from": [-8, 11, 0],
			"to": [8, 12, 4],
			"rotation": {"angle": 0, "axis": "y", "origin": [-8, 0, 0]},
			"faces": {
				"north": {"uv": [0, 11, 16, 12], "texture": "#1"},
				"east": {"uv": [0, 0, 4, 1], "texture": "#missing"},
				"south": {"uv": [0, 4, 16, 5], "rotation": 180, "texture": "#1"},
				"west": {"uv": [7, 6, 11, 7], "texture": "#1"},
				"up": {"uv": [0, 4, 16, 8], "rotation": 180, "texture": "#1"},
				"down": {"uv": [0, 4, 16, 8], "texture": "#1"}
			}
		},
		{
			"from": [8, 11, 10],
			"to": [24, 12, 14],
			"rotation": {"angle": 0, "axis": "y", "origin": [-8, 0, 0]},
			"faces": {
				"north": {"uv": [0, 7, 16, 8], "texture": "#1"},
				"east": {"uv": [12, 0, 16, 1], "texture": "#1"},
				"south": {"uv": [0, 12, 16, 13], "rotation": 180, "texture": "#1"},
				"west": {"uv": [0, 0, 4, 1], "texture": "#missing"},
				"up": {"uv": [0, 4, 16, 8], "rotation": 180, "texture": "#1"},
				"down": {"uv": [0, 12, 16, 16], "texture": "#1"}
			}
		},
		{
			"from": [8, 11, 5],
			"to": [24, 12, 9],
			"rotation": {"angle": 0, "axis": "y", "origin": [-8, 0, 0]},
			"faces": {
				"north": {"uv": [0, 3, 16, 4], "texture": "#1"},
				"east": {"uv": [12, 1, 16, 2], "texture": "#1"},
				"south": {"uv": [0, 12, 16, 13], "rotation": 180, "texture": "#1"},
				"west": {"uv": [0, 0, 4, 1], "texture": "#missing"},
				"up": {"uv": [0, 12, 16, 16], "rotation": 180, "texture": "#1"},
				"down": {"uv": [0, 4, 16, 8], "texture": "#1"}
			}
		},
		{
			"from": [8, 11, 0],
			"to": [24, 12, 4],
			"rotation": {"angle": 0, "axis": "y", "origin": [-8, 0, 0]},
			"faces": {
				"north": {"uv": [0, 3, 16, 4], "texture": "#1"},
				"east": {"uv": [12, 2, 16, 3], "texture": "#1"},
				"south": {"uv": [0, 12, 16, 13], "rotation": 180, "texture": "#1"},
				"west": {"uv": [0, 0, 4, 1], "texture": "#missing"},
				"up": {"uv": [0, 4, 16, 8], "rotation": 180, "texture": "#1"},
				"down": {"uv": [0, 4, 16, 8], "texture": "#1"}
			}
		},
		{
			"from": [-7, 0, 14],
			"to": [-5, 16, 16],
			"rotation": {"angle": 0, "axis": "y", "origin": [-8, 0, 0]},
			"faces": {
				"north": {"uv": [0, 0, 2, 16], "texture": "#0"},
				"east": {"uv": [0, 0, 2, 16], "texture": "#0"},
				"south": {"uv": [0, 0, 2, 16], "texture": "#0"},
				"west": {"uv": [0, 0, 2, 16], "texture": "#0"},
				"up": {"uv": [0, 0, 2, 2], "texture": "#missing"},
				"down": {"uv": [0, 0, 2, 2], "texture": "#0"}
			}
		},
		{
			"from": [21, 0, 14],
			"to": [23, 16, 16],
			"rotation": {"angle": 0, "axis": "y", "origin": [-8, 0, 0]},
			"faces": {
				"north": {"uv": [0, 0, 2, 16], "texture": "#0"},
				"east": {"uv": [0, 0, 2, 16], "texture": "#0"},
				"south": {"uv": [0, 0, 2, 16], "texture": "#0"},
				"west": {"uv": [0, 0, 2, 16], "texture": "#0"},
				"up": {"uv": [0, 0, 2, 2], "texture": "#missing"},
				"down": {"uv": [0, 0, 2, 2], "texture": "#0"}
			}
		},
		{
			"from": [21, 16, 14],
			"to": [23, 26, 16],
			"rotation": {"angle": 0, "axis": "y", "origin": [-8, 0, 0]},
			"faces": {
				"north": {"uv": [0, 0, 2, 10], "texture": "#0"},
				"east": {"uv": [0, 0, 2, 10], "texture": "#0"},
				"south": {"uv": [0, 0, 2, 10], "texture": "#0"},
				"west": {"uv": [0, 0, 2, 10], "texture": "#0"},
				"up": {"uv": [0, 0, 2, 2], "texture": "#0"}
			}
		},
		{
			"from": [-7, 16, 14],
			"to": [-5, 26, 16],
			"rotation": {"angle": 0, "axis": "y", "origin": [-8, 0, 0]},
			"faces": {
				"north": {"uv": [0, 0, 2, 10], "texture": "#0"},
				"east": {"uv": [0, 0, 2, 10], "texture": "#0"},
				"south": {"uv": [0, 0, 2, 10], "texture": "#0"},
				"west": {"uv": [0, 0, 2, 10], "texture": "#0"},
				"up": {"uv": [0, 0, 2, 2], "texture": "#0"}
			}
		},
		{
			"from": [21, 0, 0],
			"to": [23, 10, 2],
			"rotation": {"angle": 0, "axis": "y", "origin": [-8, 0, 0]},
			"faces": {
				"north": {"uv": [0, 0, 2, 10], "texture": "#0"},
				"east": {"uv": [0, 0, 2, 10], "texture": "#0"},
				"south": {"uv": [0, 0, 2, 10], "texture": "#0"},
				"west": {"uv": [0, 0, 2, 10], "texture": "#0"},
				"up": {"uv": [0, 0, 2, 2], "texture": "#missing"},
				"down": {"uv": [0, 0, 2, 2], "texture": "#0"}
			}
		},
		{
			"from": [-7, 0, 0],
			"to": [-5, 10, 2],
			"rotation": {"angle": 0, "axis": "y", "origin": [-8, 0, 0]},
			"faces": {
				"north": {"uv": [0, 0, 2, 10], "texture": "#0"},
				"east": {"uv": [0, 0, 2, 10], "texture": "#0"},
				"south": {"uv": [0, 0, 2, 10], "texture": "#0"},
				"west": {"uv": [0, 0, 2, 10], "texture": "#0"},
				"up": {"uv": [0, 0, 2, 2], "texture": "#missing"},
				"down": {"uv": [0, 0, 2, 2], "texture": "#0"}
			}
		},
		{
			"from": [21, 10, 0],
			"to": [23, 11, 14],
			"rotation": {"angle": 0, "axis": "y", "origin": [-8, 0, 0]},
			"faces": {
				"north": {"uv": [0, 0, 2, 1], "texture": "#0"},
				"east": {"uv": [0, 0, 14, 1], "texture": "#0"},
				"west": {"uv": [0, 0, 14, 1], "texture": "#0"},
				"up": {"uv": [0, 0, 2, 14], "texture": "#0"},
				"down": {"uv": [0, 0, 2, 14], "texture": "#0"}
			}
		},
		{
			"from": [-7, 10, 0],
			"to": [-5, 11, 14],
			"rotation": {"angle": 0, "axis": "y", "origin": [-8, 0, 0]},
			"faces": {
				"north": {"uv": [0, 0, 2, 1], "texture": "#0"},
				"east": {"uv": [0, 0, 14, 1], "texture": "#0"},
				"west": {"uv": [0, 0, 14, 1], "texture": "#0"},
				"up": {"uv": [0, 0, 2, 14], "texture": "#0"},
				"down": {"uv": [0, 0, 2, 14], "texture": "#0"}
			}
		},
		{
			"from": [8, 21, 13],
			"to": [24, 25, 14],
			"rotation": {"angle": 0, "axis": "y", "origin": [-8, 0, 0]},
			"faces": {
				"north": {"uv": [0, 4, 16, 8], "texture": "#1"},
				"east": {"uv": [0, 0, 1, 4], "texture": "#1"},
				"south": {"uv": [0, 4, 16, 8], "texture": "#1"},
				"west": {"uv": [0, 0, 1, 4], "texture": "#missing"},
				"up": {"uv": [0, 4, 16, 5], "rotation": 180, "texture": "#1"},
				"down": {"uv": [0, 11, 16, 12], "texture": "#1"}
			}
		},
		{
			"from": [8, 16, 13],
			"to": [24, 20, 14],
			"rotation": {"angle": 0, "axis": "y", "origin": [-8, 0, 0]},
			"faces": {
				"north": {"uv": [0, 12, 16, 16], "texture": "#1"},
				"east": {"uv": [0, 0, 1, 4], "texture": "#1"},
				"south": {"uv": [0, 12, 16, 16], "texture": "#1"},
				"west": {"uv": [0, 0, 1, 4], "texture": "#missing"},
				"up": {"uv": [0, 4, 16, 5], "rotation": 180, "texture": "#1"},
				"down": {"uv": [0, 3, 16, 4], "texture": "#1"}
			}
		},
		{
			"from": [-8, 21, 13],
			"to": [8, 25, 14],
			"rotation": {"angle": 0, "axis": "y", "origin": [-8, 0, 0]},
			"faces": {
				"north": {"uv": [0, 12, 16, 16], "texture": "#1"},
				"east": {"uv": [0, 0, 1, 4], "texture": "#missing"},
				"south": {"uv": [0, 4, 16, 8], "texture": "#1"},
				"west": {"uv": [15, 0, 16, 4], "texture": "#1"},
				"up": {"uv": [0, 4, 16, 5], "rotation": 180, "texture": "#1"},
				"down": {"uv": [0, 3, 16, 4], "texture": "#1"}
			}
		},
		{
			"from": [-8, 16, 13],
			"to": [8, 20, 14],
			"rotation": {"angle": 0, "axis": "y", "origin": [-8, 0, 0]},
			"faces": {
				"north": {"uv": [0, 4, 16, 8], "texture": "#1"},
				"east": {"uv": [0, 0, 1, 4], "texture": "#missing"},
				"south": {"uv": [0, 12, 16, 16], "texture": "#1"},
				"west": {"uv": [15, 0, 16, 4], "texture": "#1"},
				"up": {"uv": [0, 12, 16, 13], "rotation": 180, "texture": "#1"},
				"down": {"uv": [0, 11, 16, 12], "texture": "#1"}
			}
		},
		{
			"from": [21.5, 23, 12.99],
			"to": [22.5, 24, 12.99],
			"faces": {
				"north": {"uv": [4, 0, 5, 1], "texture": "#2"},
				"east": {"uv": [0, 0, 0, 1], "texture": "#missing"},
				"south": {"uv": [0, 0, 1, 1], "texture": "#missing"},
				"west": {"uv": [0, 0, 0, 1], "texture": "#missing"},
				"up": {"uv": [0, 0, 1, 0], "texture": "#missing"},
				"down": {"uv": [0, 0, 1, 0], "texture": "#missing"}
			}
		},
		{
			"from": [21.5, 18, 12.99],
			"to": [22.5, 19, 12.99],
			"faces": {
				"north": {"uv": [6, 0, 7, 1], "texture": "#2"},
				"east": {"uv": [0, 0, 0, 1], "texture": "#missing"},
				"south": {"uv": [0, 0, 1, 1], "texture": "#missing"},
				"west": {"uv": [0, 0, 0, 1], "texture": "#missing"},
				"up": {"uv": [0, 0, 1, 0], "texture": "#missing"},
				"down": {"uv": [0, 0, 1, 0], "texture": "#missing"}
			}
		},
		{
			"from": [-6.5, 18, 12.99],
			"to": [-5.5, 19, 12.99],
			"faces": {
				"north": {"uv": [12, 7, 13, 8], "texture": "#2"},
				"east": {"uv": [0, 0, 0, 1], "texture": "#missing"},
				"south": {"uv": [0, 0, 1, 1], "texture": "#missing"},
				"west": {"uv": [0, 0, 0, 1], "texture": "#missing"},
				"up": {"uv": [0, 0, 1, 0], "texture": "#missing"},
				"down": {"uv": [0, 0, 1, 0], "texture": "#missing"}
			}
		},
		{
			"from": [-6.5, 23, 12.99],
			"to": [-5.5, 24, 12.99],
			"faces": {
				"north": {"uv": [8, 0, 9, 1], "texture": "#2"},
				"east": {"uv": [0, 0, 0, 1], "texture": "#missing"},
				"south": {"uv": [0, 0, 1, 1], "texture": "#missing"},
				"west": {"uv": [0, 0, 0, 1], "texture": "#missing"},
				"up": {"uv": [0, 0, 1, 0], "texture": "#missing"},
				"down": {"uv": [0, 0, 1, 0], "texture": "#missing"}
			}
		},
		{
			"from": [22, 12.01, 2],
			"to": [23, 12.01, 3],
			"faces": {
				"north": {"uv": [0, 0, 1, 0], "texture": "#missing"},
				"east": {"uv": [0, 0, 1, 0], "texture": "#missing"},
				"south": {"uv": [0, 0, 1, 0], "texture": "#missing"},
				"west": {"uv": [0, 0, 1, 0], "texture": "#missing"},
				"up": {"uv": [6, 0, 7, 1], "texture": "#2"},
				"down": {"uv": [0, 0, 1, 1], "texture": "#missing"}
			}
		},
		{
			"from": [22, 12.01, 7],
			"to": [23, 12.01, 8],
			"faces": {
				"north": {"uv": [0, 0, 1, 0], "texture": "#missing"},
				"east": {"uv": [0, 0, 1, 0], "texture": "#missing"},
				"south": {"uv": [0, 0, 1, 0], "texture": "#missing"},
				"west": {"uv": [0, 0, 1, 0], "texture": "#missing"},
				"up": {"uv": [4, 0, 5, 1], "texture": "#2"},
				"down": {"uv": [0, 0, 1, 1], "texture": "#missing"}
			}
		},
		{
			"from": [22, 12.01, 12],
			"to": [23, 12.01, 13],
			"faces": {
				"north": {"uv": [0, 0, 1, 0], "texture": "#missing"},
				"east": {"uv": [0, 0, 1, 0], "texture": "#missing"},
				"south": {"uv": [0, 0, 1, 0], "texture": "#missing"},
				"west": {"uv": [0, 0, 1, 0], "texture": "#missing"},
				"up": {"uv": [2, 13, 3, 14], "texture": "#2"},
				"down": {"uv": [0, 0, 1, 1], "texture": "#missing"}
			}
		},
		{
			"from": [-7, 12.01, 12],
			"to": [-6, 12.01, 13],
			"faces": {
				"north": {"uv": [0, 0, 1, 0], "texture": "#missing"},
				"east": {"uv": [0, 0, 1, 0], "texture": "#missing"},
				"south": {"uv": [0, 0, 1, 0], "texture": "#missing"},
				"west": {"uv": [0, 0, 1, 0], "texture": "#missing"},
				"up": {"uv": [6, 0, 7, 1], "texture": "#2"},
				"down": {"uv": [0, 0, 1, 1], "texture": "#missing"}
			}
		},
		{
			"from": [-7, 12.01, 7],
			"to": [-6, 12.01, 8],
			"faces": {
				"north": {"uv": [0, 0, 1, 0], "texture": "#missing"},
				"east": {"uv": [0, 0, 1, 0], "texture": "#missing"},
				"south": {"uv": [0, 0, 1, 0], "texture": "#missing"},
				"west": {"uv": [0, 0, 1, 0], "texture": "#missing"},
				"up": {"uv": [12, 7, 13, 8], "texture": "#2"},
				"down": {"uv": [0, 0, 1, 1], "texture": "#missing"}
			}
		},
		{
			"from": [-7, 12.01, 2],
			"to": [-6, 12.01, 3],
			"faces": {
				"north": {"uv": [0, 0, 1, 0], "texture": "#missing"},
				"east": {"uv": [0, 0, 1, 0], "texture": "#missing"},
				"south": {"uv": [0, 0, 1, 0], "texture": "#missing"},
				"west": {"uv": [0, 0, 1, 0], "texture": "#missing"},
				"up": {"uv": [4, 0, 5, 1], "texture": "#2"},
				"down": {"uv": [0, 0, 1, 1], "texture": "#missing"}
			}
		}
	],
	"display": {
		"thirdperson_righthand": {
			"translation": [0, 0, -3.5],
			"scale": [0.5, 0.5, 0.5]
		},
		"thirdperson_lefthand": {
			"translation": [0, 0, -3.5],
			"scale": [0.5, 0.5, 0.5]
		},
		"firstperson_righthand": {
			"scale": [0.3, 0.3, 0.3]
		},
		"firstperson_lefthand": {
			"scale": [0.3, 0.3, 0.3]
		},
		"ground": {
			"scale": [0.5, 0.5, 0.5]
		},
		"gui": {
			"rotation": [30, -135, 0],
			"scale": [0.3, 0.3, 0.3]
		},
		"head": {
			"translation": [0, 3, 0]
		},
		"fixed": {
			"rotation": [-90, 0, 0],
			"translation": [0, 0, -14],
			"scale": [2, 2, 2]
		}
	}
}