{
	"credit": "Made with Blockbench",
	"textures": {
		"0": "block/glass cup",
		"particle": "block/glass cup"
	},
	"elements": [
		{
			"from": [3, 0, 3],
			"to": [4, 5, 4],
			"rotation": {"angle": 0, "axis": "y", "origin": [9, 8, 12]},
			"faces": {
				"north": {"uv": [14, 0, 15, 5], "texture": "#0"},
				"east": {"uv": [15, 0, 16, 5], "texture": "#0"},
				"south": {"uv": [14, 0, 15, 5], "texture": "#0"},
				"west": {"uv": [15, 0, 16, 5], "texture": "#0"},
				"up": {"uv": [15, 0, 16, 1], "texture": "#0"},
				"down": {"uv": [13, 4, 14, 5], "texture": "#0"}
			}
		},
		{
			"from": [1, 0, 3],
			"to": [2, 5, 4],
			"rotation": {"angle": 0, "axis": "y", "origin": [11, 10, 10]},
			"faces": {
				"north": {"uv": [12, 0, 13, 5], "texture": "#0"},
				"east": {"uv": [13, 0, 14, 5], "texture": "#0"},
				"south": {"uv": [12, 0, 13, 5], "texture": "#0"},
				"west": {"uv": [13, 0, 14, 5], "texture": "#0"},
				"up": {"uv": [13, 0, 14, 1], "texture": "#0"},
				"down": {"uv": [13, 3, 14, 4], "texture": "#0"}
			}
		},
		{
			"from": [5, 0, 3],
			"to": [6, 5, 4],
			"rotation": {"angle": 0, "axis": "y", "origin": [11, 10, 10]},
			"faces": {
				"north": {"uv": [2, 11, 3, 16], "texture": "#0"},
				"east": {"uv": [3, 11, 4, 16], "texture": "#0"},
				"south": {"uv": [2, 11, 3, 16], "texture": "#0"},
				"west": {"uv": [3, 11, 4, 16], "texture": "#0"},
				"up": {"uv": [3, 11, 4, 12], "texture": "#0"},
				"down": {"uv": [3, 15, 4, 16], "texture": "#0"}
			}
		},
		{
			"from": [3, 0, 6],
			"to": [7, 2, 10],
			"rotation": {"angle": 0, "axis": "y", "origin": [-1, 0, -6]},
			"faces": {
				"north": {"uv": [6, 10, 10, 12], "texture": "#0"},
				"east": {"uv": [6, 10, 10, 12], "texture": "#0"},
				"south": {"uv": [6, 10, 10, 12], "texture": "#0"},
				"west": {"uv": [6, 10, 10, 12], "texture": "#0"},
				"up": {"uv": [5, 12, 9, 16], "texture": "#0"},
				"down": {"uv": [5, 12, 9, 16], "texture": "#0"}
			}
		},
		{
			"from": [3.5, 2.01, 6.5],
			"to": [6.5, 2.01, 9.5],
			"rotation": {"angle": 0, "axis": "y", "origin": [-10, 0, -13]},
			"faces": {
				"north": {"uv": [12, 2, 16, 4], "texture": "#0"},
				"east": {"uv": [12, 2, 16, 4], "texture": "#0"},
				"south": {"uv": [12, 2, 16, 4], "texture": "#0"},
				"west": {"uv": [12, 2, 16, 4], "texture": "#0"},
				"up": {"uv": [11, 13, 14, 16], "rotation": 270, "texture": "#0"},
				"down": {"uv": [12, 4, 16, 8], "texture": "#0"}
			}
		},
		{
			"from": [9, 2.01, 4],
			"to": [14, 2.01, 7],
			"rotation": {"angle": 0, "axis": "y", "origin": [-10, 0, -11]},
			"faces": {
				"north": {"uv": [12, 2, 16, 4], "texture": "#0"},
				"east": {"uv": [12, 2, 16, 4], "texture": "#0"},
				"south": {"uv": [12, 2, 16, 4], "texture": "#0"},
				"west": {"uv": [12, 2, 16, 4], "texture": "#0"},
				"up": {"uv": [11, 10, 16, 13], "texture": "#0"}
			}
		},
		{
			"from": [-0.5, 1, 5],
			"to": [3.5, 2, 9],
			"rotation": {"angle": 45, "axis": "z", "origin": [1.5, 2, 8]},
			"faces": {
				"north": {"uv": [12, 9, 16, 10], "texture": "#0"},
				"east": {"uv": [12, 9, 16, 10], "texture": "#0"},
				"south": {"uv": [12, 9, 16, 10], "texture": "#0"},
				"west": {"uv": [12, 9, 16, 10], "texture": "#0"},
				"up": {"uv": [12, 5, 16, 9], "texture": "#0"},
				"down": {"uv": [5, 12, 9, 16], "rotation": 180, "texture": "#0"}
			}
		},
		{
			"from": [8, 0, 3],
			"to": [15, 2, 8],
			"faces": {
				"north": {"uv": [4, 10, 11, 12], "texture": "#0"},
				"east": {"uv": [5, 10, 10, 12], "texture": "#0"},
				"south": {"uv": [4, 10, 11, 12], "texture": "#0"},
				"west": {"uv": [5, 10, 10, 12], "texture": "#0"},
				"up": {"uv": [4, 11, 11, 16], "texture": "#0"},
				"down": {"uv": [4, 11, 11, 16], "texture": "#0"}
			}
		},
		{
			"from": [8, 2, 3],
			"to": [15, 3, 8],
			"faces": {
				"north": {"uv": [0, 0, 5, 1], "texture": "#0"},
				"east": {"uv": [4, 0, 6, 1], "texture": "#0"},
				"south": {"uv": [0, 0, 5, 1], "texture": "#0"},
				"west": {"uv": [4, 0, 6, 1], "texture": "#0"},
				"up": {"uv": [0, 6, 5, 10], "texture": "#0"}
			}
		}
	],
	"display": {
		"thirdperson_righthand": {
			"translation": [0, 0, -2],
			"scale": [0.5, 0.5, 0.5]
		},
		"thirdperson_lefthand": {
			"translation": [0, 0, -2],
			"scale": [0.5, 0.5, 0.5]
		},
		"firstperson_righthand": {
			"scale": [0.5, 0.5, 0.5]
		},
		"firstperson_lefthand": {
			"scale": [0.5, 0.5, 0.5]
		},
		"ground": {
			"scale": [0.5, 0.5, 0.5]
		},
		"gui": {
			"rotation": [30, 45, 0],
			"translation": [2, 3.5, 0]
		},
		"head": {
			"translation": [0, 14, 0]
		},
		"fixed": {
			"rotation": [-90, 0, 0],
			"translation": [0, 0, -14],
			"scale": [2, 2, 2]
		}
	}
}