{
	"credit": "Made with Blockbench",
	"textures": {
		"0": "block/yellow_terracotta"
	},
	"elements": [
		{
			"from": [2, 11, 12],
			"to": [4, 24, 14],
			"faces": {
				"north": {"uv": [12, 0, 14, 13], "texture": "#0"},
				"east": {"uv": [2, 0, 4, 13], "texture": "#0"},
				"south": {"uv": [2, 0, 4, 13], "texture": "#0"},
				"west": {"uv": [12, 0, 14, 13], "texture": "#0"},
				"up": {"uv": [2, 12, 4, 14], "texture": "#0"}
			}
		},
		{
			"from": [12, 11, 12],
			"to": [14, 24, 14],
			"faces": {
				"north": {"uv": [2, 0, 4, 13], "texture": "#0"},
				"east": {"uv": [2, 0, 4, 13], "texture": "#0"},
				"south": {"uv": [12, 0, 14, 13], "texture": "#0"},
				"west": {"uv": [12, 0, 14, 13], "texture": "#0"},
				"up": {"uv": [12, 12, 14, 14], "texture": "#0"}
			}
		},
		{
			"from": [4, 21, 12],
			"to": [12, 23, 14],
			"faces": {
				"north": {"uv": [4, 1, 12, 3], "texture": "#0"},
				"south": {"uv": [4, 1, 12, 3], "texture": "#0"},
				"up": {"uv": [4, 12, 12, 14], "texture": "#0"},
				"down": {"uv": [4, 2, 12, 4], "texture": "#0"}
			}
		},
		{
			"from": [4, 11, 12],
			"to": [12, 12, 14],
			"faces": {
				"north": {"uv": [4, 2, 12, 3], "texture": "#0"},
				"south": {"uv": [4, 2, 12, 3], "texture": "#0"},
				"up": {"uv": [4, 12, 12, 14], "texture": "#0"}
			}
		},
		{
			"from": [2, 9, 2],
			"to": [14, 11, 14],
			"faces": {
				"north": {"uv": [2, 5, 14, 7], "texture": "#0"},
				"east": {"uv": [2, 5, 14, 7], "texture": "#0"},
				"south": {"uv": [2, 5, 14, 7], "texture": "#0"},
				"west": {"uv": [2, 5, 14, 7], "texture": "#0"},
				"up": {"uv": [2, 2, 14, 14], "texture": "#0"},
				"down": {"uv": [2, 2, 14, 14], "texture": "#0"}
			}
		},
		{
			"from": [12, 0, 2],
			"to": [14, 9, 4],
			"faces": {
				"north": {"uv": [2, 7, 4, 16], "texture": "#0"},
				"east": {"uv": [12, 7, 14, 16], "texture": "#0"},
				"south": {"uv": [12, 7, 14, 16], "texture": "#0"},
				"west": {"uv": [2, 7, 4, 16], "texture": "#0"},
				"down": {"uv": [12, 12, 14, 14], "texture": "#0"}
			}
		},
		{
			"from": [12, 0, 12],
			"to": [14, 9, 14],
			"faces": {
				"north": {"uv": [2, 7, 4, 16], "texture": "#0"},
				"east": {"uv": [2, 7, 4, 16], "texture": "#0"},
				"south": {"uv": [12, 7, 14, 16], "texture": "#0"},
				"west": {"uv": [12, 7, 14, 16], "texture": "#0"},
				"down": {"uv": [12, 2, 14, 4], "texture": "#0"}
			}
		},
		{
			"from": [2, 0, 2],
			"to": [4, 9, 4],
			"faces": {
				"north": {"uv": [12, 7, 14, 16], "texture": "#0"},
				"east": {"uv": [12, 7, 14, 16], "texture": "#0"},
				"south": {"uv": [2, 7, 4, 16], "texture": "#0"},
				"west": {"uv": [2, 7, 4, 16], "texture": "#0"},
				"down": {"uv": [2, 12, 4, 14], "texture": "#0"}
			}
		},
		{
			"from": [2, 0, 12],
			"to": [4, 9, 14],
			"faces": {
				"north": {"uv": [12, 7, 14, 16], "texture": "#0"},
				"east": {"uv": [2, 7, 4, 16], "texture": "#0"},
				"south": {"uv": [2, 7, 4, 16], "texture": "#0"},
				"west": {"uv": [12, 7, 14, 16], "texture": "#0"},
				"down": {"uv": [2, 2, 4, 4], "texture": "#0"}
			}
		},
		{
			"from": [4, 3, 2.5],
			"to": [12, 4, 3.5],
			"faces": {
				"north": {"uv": [4, 12, 12, 13], "texture": "#0"},
				"south": {"uv": [4, 12, 12, 13], "texture": "#0"},
				"up": {"uv": [4, 2.5, 12, 3.5], "texture": "#0"},
				"down": {"uv": [4, 12.5, 12, 13.5], "texture": "#0"}
			}
		},
		{
			"from": [4, 3, 12.5],
			"to": [12, 4, 13.5],
			"faces": {
				"north": {"uv": [4, 12, 12, 13], "texture": "#0"},
				"south": {"uv": [4, 12, 12, 13], "texture": "#0"},
				"up": {"uv": [4, 12.5, 12, 13.5], "texture": "#0"},
				"down": {"uv": [4, 2.5, 12, 3.5], "texture": "#0"}
			}
		},
		{
			"from": [12.5, 3, 4],
			"to": [13.5, 4, 12],
			"faces": {
				"east": {"uv": [4, 12, 12, 13], "texture": "#0"},
				"west": {"uv": [4, 12, 12, 13], "texture": "#0"},
				"up": {"uv": [12, 4, 13, 12], "texture": "#0"},
				"down": {"uv": [12, 4, 13, 12], "texture": "#0"}
			}
		},
		{
			"from": [2.5, 3, 4],
			"to": [3.5, 4, 12],
			"faces": {
				"east": {"uv": [4, 12, 12, 13], "texture": "#0"},
				"west": {"uv": [4, 12, 12, 13], "texture": "#0"},
				"up": {"uv": [2, 4, 3, 12], "texture": "#0"},
				"down": {"uv": [2, 4, 3, 12], "texture": "#0"}
			}
		},
		{
			"from": [-6, 11.3, 12.5],
			"to": [-5, 24.3, 13.5],
			"rotation": {"angle": -45, "axis": "z", "origin": [0, 1, -2]},
			"faces": {
				"north": {"uv": [0, 0, 1, 13], "texture": "#0"},
				"east": {"uv": [0, 0, 1, 13], "texture": "#0"},
				"south": {"uv": [0, 0, 1, 13], "texture": "#0"},
				"west": {"uv": [0, 0, 1, 13], "texture": "#0"}
			}
		},
		{
			"from": [21, 11.3, 12.5],
			"to": [22, 24.3, 13.5],
			"rotation": {"angle": 45, "axis": "z", "origin": [16, 1, -2]},
			"faces": {
				"north": {"uv": [0, 0, 1, 13], "texture": "#0"},
				"east": {"uv": [0, 0, 1, 13], "texture": "#0"},
				"south": {"uv": [0, 0, 1, 13], "texture": "#0"},
				"west": {"uv": [0, 0, 1, 13], "texture": "#0"}
			}
		}
	],
	"display": {
		"firstperson_righthand": {
			"scale": [0.5, 0.5, 0.5]
		},
		"firstperson_lefthand": {
			"scale": [0.5, 0.5, 0.5]
		},
		"gui": {
			"rotation": [25, 135, 0],
			"translation": [0, -1.5, 0],
			"scale": [0.4, 0.4, 0.4]
		},
		"fixed": {
			"rotation": [-90, 0, 0],
			"translation": [0, 0, -15],
			"scale": [2, 2, 2]
		}
	},
	"groups": [
		{
			"name": "group",
			"origin": [8, 8, 8],
			"children": [0, 1, 2, 3,
				{
					"name": "group",
					"origin": [0, 0, 0],
					"children": [4, 5, 6, 7, 8]
				}
			]
		},
		{
			"name": "group",
			"origin": [0, 0, 0],
			"children": [9, 10, 11, 12]
		},
		{
			"name": "group",
			"origin": [16, 0, 0],
			"children": [13, 14]
		}
	]
}