{
	"credit": "Made with Blockbench",
	"textures": {
		"particle": "block/paper_1",
		"3": "block/paper_1",
		"4": "block/desk1",
		"5": "block/moviecamera2",
		"6": "block/bottle_b",
		"7": "block/bunkerslamp0",
		"8": "block/dish_wood"
	},
	"elements": [
		{
			"from": [5.5, 0.1875, 1],
			"to": [11, 0.1875, 9.5],
			"rotation": {"angle": 0, "axis": "y", "origin": [11.4875, 0.5375, 11.7625]},
			"faces": {
				"up": {"uv": [8.5, 1, 15.5, 11.5], "rotation": 180, "texture": "#3"},
				"down": {"uv": [8.5, 1, 15.5, 11.5], "rotation": 180, "texture": "#3"}
			}
		},
		{
			"from": [4, 0.125, 2.5],
			"to": [9.5, 0.125, 11],
			"rotation": {"angle": 0, "axis": "y", "origin": [7.75, 0.125, 5.25]},
			"faces": {
				"up": {"uv": [0.5, 1, 7.5, 11.5], "rotation": 180, "texture": "#3"},
				"down": {"uv": [0.5, 1, 7.5, 11.5], "rotation": 180, "texture": "#3"}
			}
		},
		{
			"from": [2.5, 0, 11.5],
			"to": [4.5, 1.5, 13.5],
			"rotation": {"angle": 0, "axis": "y", "origin": [2.5, 0, 12]},
			"faces": {
				"north": {"uv": [3, 10.5, 5, 12], "texture": "#5"},
				"east": {"uv": [3, 10.5, 5, 12], "texture": "#5"},
				"south": {"uv": [3, 10.5, 5, 12], "texture": "#5"},
				"west": {"uv": [3, 10.5, 5, 12], "texture": "#5"},
				"up": {"uv": [1, 10.5, 3, 12.5], "texture": "#5"},
				"down": {"uv": [2, 3, 4, 5], "texture": "#6"}
			}
		},
		{
			"from": [2.825, 2, 11.3],
			"to": [2.825, 9.5, 14.8],
			"rotation": {"angle": -45, "axis": "y", "origin": [2.825, 5, 13.25]},
			"faces": {
				"east": {"uv": [16, 3, 11.5, 13], "texture": "#4"},
				"west": {"uv": [11.5, 3, 16, 13], "texture": "#4"}
			}
		},
		{
			"from": [3, 1.5, 12],
			"to": [4, 2, 13],
			"rotation": {"angle": 0, "axis": "y", "origin": [2.5, 1.5, 12]},
			"faces": {
				"north": {"uv": [3.5, 11, 4.5, 11.5], "texture": "#5"},
				"east": {"uv": [3.5, 11, 4.5, 11.5], "texture": "#5"},
				"south": {"uv": [3.5, 11, 4.5, 11.5], "rotation": 180, "texture": "#5"},
				"west": {"uv": [3.5, 11, 4.5, 11.5], "rotation": 180, "texture": "#5"},
				"up": {"uv": [3.5, 10.5, 4.5, 11.5], "rotation": 180, "texture": "#5"}
			}
		},
		{
			"from": [11.5, 0, 11],
			"to": [14.5, 0.5, 14],
			"rotation": {"angle": 45, "axis": "y", "origin": [13.00313, 1.375, 12.50313]},
			"faces": {
				"north": {"uv": [8.5, 1, 13, 2], "texture": "#8"},
				"east": {"uv": [8.5, 1, 13, 2], "texture": "#8"},
				"south": {"uv": [8.5, 1, 13, 2], "texture": "#8"},
				"west": {"uv": [8.5, 1, 13, 2], "texture": "#8"},
				"up": {"uv": [12.5, 2.5, 15.5, 5.5], "texture": "#8"},
				"down": {"uv": [8.5, 2.5, 11.5, 5.5], "texture": "#8"}
			}
		},
		{
			"from": [11.7, 0.5, 11.2],
			"to": [14.3, 1, 13.8],
			"rotation": {"angle": 45, "axis": "y", "origin": [13.00313, 1.375, 12.50313]},
			"faces": {
				"north": {"uv": [8.5, 1, 12, 2], "texture": "#8"},
				"east": {"uv": [8.5, 1, 12, 2], "texture": "#8"},
				"south": {"uv": [8.5, 1, 12, 2], "texture": "#8"},
				"west": {"uv": [8.5, 1, 12, 2], "texture": "#8"},
				"up": {"uv": [12.5, 2.5, 15.1, 5.1], "texture": "#8"}
			}
		},
		{
			"from": [12, 1, 11.5],
			"to": [14, 2.5, 13.5],
			"rotation": {"angle": 45, "axis": "y", "origin": [13.00313, 1.375, 12.50313]},
			"faces": {
				"north": {"uv": [2, 14, 4, 15.5], "texture": "#7"},
				"east": {"uv": [4.5, 14, 2.5, 15.5], "texture": "#7"},
				"south": {"uv": [2, 14, 4, 15.5], "texture": "#7"},
				"west": {"uv": [2, 14, 4, 15.5], "texture": "#7"},
				"up": {"uv": [2.5, 12.5, 4.5, 14.5], "texture": "#7"}
			}
		},
		{
			"from": [12.7625, 2.5, 12.2625],
			"to": [13.2625, 3, 12.7625],
			"rotation": {"angle": 45, "axis": "y", "origin": [13.00313, 1.375, 12.50313]},
			"faces": {
				"north": {"uv": [3.5, 10.5, 4, 11], "texture": "#7"},
				"east": {"uv": [3.5, 10.5, 4, 11], "texture": "#7"},
				"south": {"uv": [3.5, 10.5, 4, 11], "texture": "#7"},
				"west": {"uv": [3.5, 10.5, 4, 11], "texture": "#7"},
				"up": {"uv": [3.5, 10.5, 4, 11], "texture": "#7"}
			}
		}
	],
	"display": {
		"thirdperson_righthand": {
			"rotation": [80, 0, 0],
			"translation": [-3.75, 4.25, 4.5],
			"scale": [0.65, 0.65, 0.65]
		},
		"thirdperson_lefthand": {
			"rotation": [80, 0, 0],
			"translation": [-3.75, 4.25, 4.5],
			"scale": [0.65, 0.65, 0.65]
		},
		"firstperson_righthand": {
			"translation": [3.25, 5.75, 0]
		},
		"firstperson_lefthand": {
			"translation": [3.25, 5.75, 0]
		},
		"ground": {
			"translation": [0, 3.75, 0],
			"scale": [0.8, 0.8, 0.8]
		},
		"gui": {
			"rotation": [30, -135, 0],
			"translation": [1.25, 3.25, 0]
		},
		"head": {
			"translation": [0, 14.5, 0]
		},
		"fixed": {
			"rotation": [-90, 0, 0],
			"translation": [0, 0, -15],
			"scale": [2, 2, 2]
		}
	}
}