{
	"credit": "Made with Blockbench",
	"textures": {
		"1": "block/shelf_book",
		"2": "block/lantern_steel_frame_silver",
		"3": "block/paper_1",
		"4": "block/desk1",
		"5": "block/moviecamera2",
		"particle": "block/shelf_book"
	},
	"elements": [
		{
			"from": [10.25, 0, 8.75],
			"to": [14.25, 1.5, 15.25],
			"rotation": {"angle": -22.5, "axis": "y", "origin": [12.25, 0.75, 12]},
			"faces": {
				"north": {"uv": [11.25, 0.25, 12.25, 2.25], "rotation": 90, "texture": "#1"},
				"east": {"uv": [11.25, 0, 12.25, 3], "rotation": 90, "texture": "#1"},
				"south": {"uv": [11.25, 0.25, 12.25, 2.25], "rotation": 90, "texture": "#1"},
				"west": {"uv": [5.25, 6.5, 6.25, 9.5], "rotation": 90, "texture": "#1"},
				"up": {"uv": [8.5, 0, 10.5, 3], "rotation": 180, "texture": "#1"},
				"down": {"uv": [8.5, 0, 10.5, 3], "texture": "#1"}
			}
		},
		{
			"from": [1.25, 0, 8.75],
			"to": [5.25, 1.5, 15.25],
			"rotation": {"angle": 0, "axis": "y", "origin": [3.25, 0.75, 12]},
			"faces": {
				"north": {"uv": [11.25, 0.25, 12.25, 2.25], "rotation": 90, "texture": "#1"},
				"east": {"uv": [11.25, 0, 12.25, 3], "rotation": 90, "texture": "#1"},
				"south": {"uv": [11.25, 0.25, 12.25, 2.25], "rotation": 90, "texture": "#1"},
				"west": {"uv": [6.25, 6.5, 7.25, 9.5], "rotation": 90, "texture": "#1"},
				"up": {"uv": [8.5, 6.5, 10.5, 9.5], "rotation": 180, "texture": "#1"},
				"down": {"uv": [8.5, 6.5, 10.5, 9.5], "texture": "#1"}
			}
		},
		{
			"from": [1.75, 1.5, 9.25],
			"to": [5.75, 3, 15.75],
			"rotation": {"angle": 0, "axis": "y", "origin": [3.75, 2.25, 12.5]},
			"faces": {
				"north": {"uv": [11.25, 0.25, 12.25, 2.25], "rotation": 90, "texture": "#1"},
				"east": {"uv": [11.25, 0, 12.25, 3], "rotation": 90, "texture": "#1"},
				"south": {"uv": [11.25, 0.25, 12.25, 2.25], "rotation": 90, "texture": "#1"},
				"west": {"uv": [1.25, 13, 2.25, 16], "rotation": 90, "texture": "#1"},
				"up": {"uv": [8.5, 13, 10.5, 16], "rotation": 180, "texture": "#1"},
				"down": {"uv": [8.5, 13, 10.5, 16], "texture": "#1"}
			}
		},
		{
			"from": [8, 0, 1.775],
			"to": [11.7, 0.5, 7.775],
			"rotation": {"angle": 0, "axis": "y", "origin": [8, 0.325, 5.025]},
			"faces": {
				"north": {"uv": [8.5, 14.25, 8.75, 16], "rotation": 90, "texture": "#1"},
				"east": {"uv": [8.5, 13, 8.75, 16], "rotation": 90, "texture": "#1"},
				"south": {"uv": [8.5, 14.25, 8.75, 16], "rotation": 90, "texture": "#1"},
				"up": {"uv": [8.5, 0, 10.5, 3], "texture": "#1"},
				"down": {"uv": [8.5, 13, 10.5, 16], "texture": "#1"}
			}
		},
		{
			"from": [4.2, 0, 1.775],
			"to": [8, 0.5, 7.775],
			"rotation": {"angle": 0, "axis": "y", "origin": [4, 0.325, 5.025]},
			"faces": {
				"north": {"uv": [8.5, 14.25, 8.75, 16], "rotation": 90, "texture": "#1"},
				"south": {"uv": [8.5, 14.25, 8.75, 16], "rotation": 90, "texture": "#1"},
				"west": {"uv": [8.5, 13, 8.75, 16], "rotation": 90, "texture": "#1"},
				"up": {"uv": [8.5, 0, 10.5, 3], "texture": "#1"},
				"down": {"uv": [8.5, 3.5, 10.5, 6.25], "texture": "#1"}
			}
		},
		{
			"from": [8, 0.5, 2],
			"to": [11.5, 1, 7.5],
			"rotation": {"angle": 0, "axis": "y", "origin": [8, 0.825, 4.75]},
			"faces": {
				"north": {"uv": [0, 12.5, 7, 13.5], "texture": "#3"},
				"east": {"uv": [0, 12.5, 10, 13.5], "texture": "#3"},
				"south": {"uv": [0, 12.5, 7, 13.5], "texture": "#3"},
				"up": {"uv": [8.5, 1.5, 15, 10.5], "rotation": 180, "texture": "#3"}
			}
		},
		{
			"from": [4.5, 0.5, 2],
			"to": [8, 1.3, 7.5],
			"rotation": {"angle": 0, "axis": "y", "origin": [8, 0.825, 4.75]},
			"faces": {
				"north": {"uv": [0, 12.5, 6, 14], "texture": "#3"},
				"east": {"uv": [0, 12.5, 9.5, 14], "texture": "#3"},
				"south": {"uv": [0, 12.5, 6, 14], "texture": "#3"},
				"west": {"uv": [0, 12.5, 9.5, 14], "texture": "#3"},
				"up": {"uv": [8.5, 3, 15.5, 11], "texture": "#3"}
			}
		}
	],
	"display": {
		"thirdperson_righthand": {
			"rotation": [80, 0, 0],
			"translation": [-3.75, 4.25, 4.5],
			"scale": [0.65, 0.65, 0.65]
		},
		"thirdperson_lefthand": {
			"rotation": [80, 0, 0],
			"translation": [-3.75, 4.25, 4.5],
			"scale": [0.65, 0.65, 0.65]
		},
		"firstperson_righthand": {
			"translation": [3.25, 5.75, 0]
		},
		"firstperson_lefthand": {
			"translation": [3.25, 5.75, 0]
		},
		"ground": {
			"translation": [0, 3.75, 0],
			"scale": [0.8, 0.8, 0.8]
		},
		"gui": {
			"rotation": [30, -135, 0],
			"translation": [1.25, 3.25, 0]
		},
		"head": {
			"translation": [0, 14.5, 0]
		},
		"fixed": {
			"rotation": [-90, 0, 0],
			"translation": [0, 0, -15],
			"scale": [2, 2, 2]
		}
	}
}