{
	"credit": "Made with Blockbench",
	"ambientocclusion": false,
	"textures": {
		"particle": "block/wallpaper_a_magenta",
		"0": "block/sewing_set_0",
		"1": "block/wood_oak_upper_molding",
		"2": "block/wood_oak_column_b_top_parts",
		"3": "block/sewing_set_1",
		"4": "block/wooden_box_white",
		"5": "block/wallpaper_a_magenta"
	},
	"elements": [
		{
			"from": [12.5, 0.3, 9.5],
			"to": [13, 2.8, 14.5],
			"rotation": {"angle": 22.5, "axis": "y", "origin": [6.00205, 1.60294, 11.99384]},
			"faces": {
				"north": {"uv": [0, 13.5, 0.5, 16], "texture": "#4"},
				"east": {"uv": [0, 13.5, 5, 16], "texture": "#4"},
				"south": {"uv": [0, 13.5, 0.5, 16], "texture": "#4"},
				"west": {"uv": [0, 13.5, 5, 16], "texture": "#4"},
				"up": {"uv": [2, 5, 2.5, 10], "texture": "#4"},
				"down": {"uv": [2, 5, 2.5, 10], "texture": "#4"}
			}
		},
		{
			"from": [2, 0.3, 9.5],
			"to": [2.5, 2.8, 14.5],
			"rotation": {"angle": 22.5, "axis": "y", "origin": [6.00205, 1.60294, 11.99384]},
			"faces": {
				"north": {"uv": [0, 13.5, 0.5, 16], "texture": "#4"},
				"east": {"uv": [0, 13.5, 5, 16], "texture": "#4"},
				"south": {"uv": [0, 13.5, 0.5, 16], "texture": "#4"},
				"west": {"uv": [0, 13.5, 5, 16], "texture": "#4"},
				"up": {"uv": [2, 5, 2.5, 10], "texture": "#4"},
				"down": {"uv": [2, 5, 2.5, 10], "texture": "#4"}
			}
		},
		{
			"from": [2.5, 0.3, 14],
			"to": [12.5, 2.8, 14.5],
			"rotation": {"angle": 22.5, "axis": "y", "origin": [6.00205, 1.60294, 11.99384]},
			"faces": {
				"north": {"uv": [3, 13.5, 13, 16], "texture": "#4"},
				"south": {"uv": [3, 13.5, 13, 16], "texture": "#4"},
				"up": {"uv": [3, 0, 13, 0.5], "texture": "#4"},
				"down": {"uv": [3, 0, 13, 0.5], "texture": "#4"}
			}
		},
		{
			"from": [2.5, 0.3, 9.5],
			"to": [12.5, 2.8, 10],
			"rotation": {"angle": 22.5, "axis": "y", "origin": [6.00205, 1.60294, 11.99384]},
			"faces": {
				"north": {"uv": [3, 13.5, 13, 16], "texture": "#4"},
				"south": {"uv": [3, 13.5, 13, 16], "texture": "#4"},
				"up": {"uv": [3, 0, 13, 0.5], "texture": "#4"},
				"down": {"uv": [3, 0, 13, 0.5], "texture": "#4"}
			}
		},
		{
			"from": [2.5, 0.3, 10],
			"to": [12.5, 1, 14],
			"rotation": {"angle": 22.5, "axis": "y", "origin": [6.00205, 1.90294, 11.99384]},
			"faces": {
				"up": {"uv": [3, 13.5, 13, 16], "texture": "#4"},
				"down": {"uv": [3, 13.5, 13, 16], "texture": "#4"}
			}
		},
		{
			"from": [10.25291, 0.75417, 13.24127],
			"to": [12.25291, 2.75417, 13.74127],
			"rotation": {"angle": 22.5, "axis": "y", "origin": [6.00205, 1.60294, 11.99384]},
			"faces": {
				"north": {"uv": [12, 4, 16, 7.75], "rotation": 180, "texture": "#2"},
				"east": {"uv": [0, 0, 4, 1], "rotation": 270, "texture": "#1"},
				"south": {"uv": [12, 4, 16, 7.75], "texture": "#2"},
				"west": {"uv": [0, 0, 4, 1], "rotation": 90, "texture": "#1"},
				"up": {"uv": [0, 0, 4, 1], "rotation": 180, "texture": "#1"},
				"down": {"uv": [0, 0, 4, 1], "texture": "#1"}
			}
		},
		{
			"from": [10.25291, 0.75417, 10.24127],
			"to": [12.25291, 2.75417, 10.74127],
			"rotation": {"angle": 22.5, "axis": "y", "origin": [6.00205, 1.60294, 11.99384]},
			"faces": {
				"north": {"uv": [12, 4, 16, 7.75], "rotation": 180, "texture": "#2"},
				"east": {"uv": [0, 0, 4, 1], "rotation": 270, "texture": "#1"},
				"south": {"uv": [12, 4, 16, 7.75], "texture": "#2"},
				"west": {"uv": [0, 0, 4, 1], "rotation": 90, "texture": "#1"},
				"up": {"uv": [0, 0, 4, 1], "rotation": 180, "texture": "#1"},
				"down": {"uv": [0, 0, 4, 1], "texture": "#1"}
			}
		},
		{
			"from": [10.50291, 0.99167, 10.74127],
			"to": [12.00291, 2.49167, 13.24127],
			"rotation": {"angle": 22.5, "axis": "y", "origin": [6.00205, 1.60294, 11.99384]},
			"faces": {
				"east": {"uv": [3, 0, 0, 6], "rotation": 270, "texture": "#0"},
				"west": {"uv": [3, 0, 0, 6], "rotation": 90, "texture": "#0"},
				"up": {"uv": [0, 0, 3, 6], "rotation": 180, "texture": "#0"}
			}
		},
		{
			"from": [7.75291, 0.75417, 10.24127],
			"to": [9.75291, 2.75417, 10.74127],
			"rotation": {"angle": 22.5, "axis": "y", "origin": [6.00205, 1.60294, 11.99384]},
			"faces": {
				"north": {"uv": [12, 4, 16, 7.75], "rotation": 180, "texture": "#2"},
				"east": {"uv": [0, 0, 4, 1], "rotation": 270, "texture": "#1"},
				"south": {"uv": [12, 4, 16, 7.75], "texture": "#2"},
				"west": {"uv": [0, 0, 4, 1], "rotation": 90, "texture": "#1"},
				"up": {"uv": [0, 0, 4, 1], "rotation": 180, "texture": "#1"},
				"down": {"uv": [0, 0, 4, 1], "texture": "#1"}
			}
		},
		{
			"from": [8.00291, 0.99167, 10.74127],
			"to": [9.50291, 2.49167, 13.24127],
			"rotation": {"angle": 22.5, "axis": "y", "origin": [6.00205, 1.60294, 11.99384]},
			"faces": {
				"east": {"uv": [7, 0, 4, 6], "rotation": 270, "texture": "#0"},
				"west": {"uv": [7, 0, 4, 6], "rotation": 90, "texture": "#0"},
				"up": {"uv": [4, 0, 7, 6], "rotation": 180, "texture": "#0"}
			}
		},
		{
			"from": [7.75291, 0.75417, 13.24127],
			"to": [9.75291, 2.75417, 13.74127],
			"rotation": {"angle": 22.5, "axis": "y", "origin": [6.00205, 1.60294, 11.99384]},
			"faces": {
				"north": {"uv": [12, 4, 16, 7.75], "rotation": 180, "texture": "#2"},
				"east": {"uv": [0, 0, 4, 1], "rotation": 270, "texture": "#1"},
				"south": {"uv": [12, 4, 16, 7.75], "texture": "#2"},
				"west": {"uv": [0, 0, 4, 1], "rotation": 90, "texture": "#1"},
				"up": {"uv": [0, 0, 4, 1], "rotation": 180, "texture": "#1"},
				"down": {"uv": [0, 0, 4, 1], "texture": "#1"}
			}
		},
		{
			"from": [5.25291, 0.75417, 10.24127],
			"to": [7.25291, 2.75417, 10.74127],
			"rotation": {"angle": 22.5, "axis": "y", "origin": [6.00205, 1.60294, 11.99384]},
			"faces": {
				"north": {"uv": [12, 4, 16, 7.75], "rotation": 180, "texture": "#2"},
				"east": {"uv": [0, 0, 4, 1], "rotation": 270, "texture": "#1"},
				"south": {"uv": [12, 4, 16, 7.75], "texture": "#2"},
				"west": {"uv": [0, 0, 4, 1], "rotation": 90, "texture": "#1"},
				"up": {"uv": [0, 0, 4, 1], "rotation": 180, "texture": "#1"},
				"down": {"uv": [0, 0, 4, 1], "texture": "#1"}
			}
		},
		{
			"from": [5.50291, 0.99167, 10.74127],
			"to": [7.00291, 2.49167, 13.24127],
			"rotation": {"angle": 22.5, "axis": "y", "origin": [6.00205, 1.60294, 11.99384]},
			"faces": {
				"east": {"uv": [11, 6, 8, 12], "rotation": 270, "texture": "#0"},
				"west": {"uv": [11, 6, 8, 12], "rotation": 90, "texture": "#0"},
				"up": {"uv": [8, 6, 11, 12], "rotation": 180, "texture": "#0"}
			}
		},
		{
			"from": [5.25291, 0.75417, 13.24127],
			"to": [7.25291, 2.75417, 13.74127],
			"rotation": {"angle": 22.5, "axis": "y", "origin": [6.00205, 1.60294, 11.99384]},
			"faces": {
				"north": {"uv": [12, 4, 16, 7.75], "rotation": 180, "texture": "#2"},
				"east": {"uv": [0, 0, 4, 1], "rotation": 270, "texture": "#1"},
				"south": {"uv": [12, 4, 16, 7.75], "texture": "#2"},
				"west": {"uv": [0, 0, 4, 1], "rotation": 90, "texture": "#1"},
				"up": {"uv": [0, 0, 4, 1], "rotation": 180, "texture": "#1"},
				"down": {"uv": [0, 0, 4, 1], "texture": "#1"}
			}
		},
		{
			"from": [2.75291, 0.75417, 10.24127],
			"to": [4.75291, 2.75417, 10.74127],
			"rotation": {"angle": 22.5, "axis": "y", "origin": [6.00205, 1.60294, 11.99384]},
			"faces": {
				"north": {"uv": [12, 4, 16, 7.75], "rotation": 180, "texture": "#2"},
				"east": {"uv": [0, 0, 4, 1], "rotation": 270, "texture": "#1"},
				"south": {"uv": [12, 4, 16, 7.75], "texture": "#2"},
				"west": {"uv": [0, 0, 4, 1], "rotation": 90, "texture": "#1"},
				"up": {"uv": [0, 0, 4, 1], "rotation": 180, "texture": "#1"},
				"down": {"uv": [0, 0, 4, 1], "texture": "#1"}
			}
		},
		{
			"from": [3.00291, 0.99167, 10.74127],
			"to": [4.50291, 2.49167, 13.24127],
			"rotation": {"angle": 22.5, "axis": "y", "origin": [6.00205, 1.60294, 11.99384]},
			"faces": {
				"east": {"uv": [3, 6, 0, 12], "rotation": 270, "texture": "#0"},
				"west": {"uv": [3, 6, 0, 12], "rotation": 90, "texture": "#0"},
				"up": {"uv": [0, 6, 3, 12], "rotation": 180, "texture": "#0"}
			}
		},
		{
			"from": [2.75291, 0.75417, 13.24127],
			"to": [4.75291, 2.75417, 13.74127],
			"rotation": {"angle": 22.5, "axis": "y", "origin": [6.00205, 1.60294, 11.99384]},
			"faces": {
				"north": {"uv": [12, 4, 16, 7.75], "rotation": 180, "texture": "#2"},
				"east": {"uv": [0, 0, 4, 1], "rotation": 270, "texture": "#1"},
				"south": {"uv": [12, 4, 16, 7.75], "texture": "#2"},
				"west": {"uv": [0, 0, 4, 1], "rotation": 90, "texture": "#1"},
				"up": {"uv": [0, 0, 4, 1], "rotation": 180, "texture": "#1"},
				"down": {"uv": [0, 0, 4, 1], "texture": "#1"}
			}
		},
		{
			"from": [3, 1.2, 5],
			"to": [3, 3.8, 10],
			"rotation": {"angle": 0, "axis": "y", "origin": [3, 2.5, 7.5]},
			"faces": {
				"east": {"uv": [0, 0, 16, 9.6], "texture": "#3"},
				"west": {"uv": [16, 0, 0, 9.6], "texture": "#3"}
			}
		},
		{
			"from": [0.5, 1.2, 7.5],
			"to": [5.5, 3.8, 7.5],
			"rotation": {"angle": 0, "axis": "y", "origin": [3, 2.5, 7.5]},
			"faces": {
				"north": {"uv": [16, 0, 0, 9.6], "texture": "#3"},
				"south": {"uv": [0, 0, 16, 9.6], "texture": "#3"}
			}
		},
		{
			"from": [3, 1.2, 5],
			"to": [3, 3.8, 10],
			"rotation": {"angle": 45, "axis": "y", "origin": [3, 2.5, 7.5]},
			"faces": {
				"east": {"uv": [16, 0, 0, 9.6], "texture": "#3"},
				"west": {"uv": [0, 0, 16, 9.6], "texture": "#3"}
			}
		},
		{
			"from": [0.5, 1.2, 7.5],
			"to": [5.5, 3.8, 7.5],
			"rotation": {"angle": 45, "axis": "y", "origin": [3, 2.5, 7.5]},
			"faces": {
				"north": {"uv": [0, 0, 16, 9.6], "texture": "#3"},
				"south": {"uv": [16, 0, 0, 9.6], "texture": "#3"}
			}
		},
		{
			"from": [1.5, 1.2, 6],
			"to": [4.5, 2.7, 9],
			"rotation": {"angle": 45, "axis": "y", "origin": [3, 1.85, 7.5]},
			"faces": {
				"north": {"uv": [8, 0, 11, 1.5], "texture": "#0"},
				"east": {"uv": [8, 0, 11, 1.5], "texture": "#0"},
				"south": {"uv": [8, 0, 11, 1.5], "texture": "#0"},
				"west": {"uv": [8, 0, 11, 1.5], "texture": "#0"},
				"up": {"uv": [8, 0, 11, 3], "rotation": 180, "texture": "#0"},
				"down": {"uv": [8, 0, 11, 3], "rotation": 180, "texture": "#0"}
			}
		},
		{
			"from": [1.725, 0.3, 6.2625],
			"to": [4.225, 1.3, 8.7625],
			"rotation": {"angle": 45, "axis": "y", "origin": [3, 2.35, 7.5]},
			"faces": {
				"north": {"uv": [0, 7.5, 2.5, 8.5], "texture": "#1"},
				"east": {"uv": [0, 7.5, 2.5, 8.5], "texture": "#1"},
				"south": {"uv": [0, 7.5, 2.5, 8.5], "texture": "#1"},
				"west": {"uv": [0, 7.5, 2.5, 8.5], "texture": "#1"},
				"down": {"uv": [0, 13.5, 2.5, 16], "texture": "#1"}
			}
		},
		{
			"from": [6.3, 0.7, 0.3],
			"to": [10.3, 0.7, 7.8],
			"rotation": {"angle": -45, "axis": "y", "origin": [8.75, 0.65, 4.25]},
			"faces": {
				"up": {"uv": [0, 8.5, 16, 16], "rotation": 90, "texture": "#3"},
				"down": {"uv": [16, 8.5, 0, 16], "rotation": 90, "texture": "#3"}
			}
		},
		{
			"from": [5.09567, 0.6, 2.48097],
			"to": [12.59567, 0.6, 6.48097],
			"rotation": {"angle": 22.5, "axis": "y", "origin": [8.75, 0.65, 4.25]},
			"faces": {
				"up": {"uv": [0, 16, 16, 8.5], "rotation": 180, "texture": "#3"},
				"down": {"uv": [0, 8.5, 16, 16], "rotation": 180, "texture": "#3"}
			}
		},
		{
			"from": [-0.1, 0.2, 1.5],
			"to": [15.5, 0.2, 14.5],
			"faces": {
				"up": {"uv": [1.25, 0, 14.25, 15.6], "rotation": 90, "texture": "#5"},
				"down": {"uv": [1.25, 0, 14.25, 15.6], "rotation": 90, "texture": "#5"}
			}
		},
		{
			"from": [13.5, 0.2, 1.5],
			"to": [15.5, 2.2, 14.5],
			"faces": {
				"north": {"uv": [1, 0, 3, 2], "rotation": 180, "texture": "#5"},
				"east": {"uv": [1, 0, 14, 2], "rotation": 180, "texture": "#5"},
				"south": {"uv": [1, 0, 3, 2], "rotation": 180, "texture": "#5"},
				"west": {"uv": [1, 0, 14, 2], "texture": "#5"},
				"up": {"uv": [1, 0, 14, 2], "rotation": 90, "texture": "#5"}
			}
		},
		{
			"from": [14, 0.7, 1],
			"to": [15, 1.7, 15],
			"faces": {
				"north": {"uv": [0, 13.25, 1, 14.25], "texture": "#1"},
				"east": {"uv": [0, 1, 14, 2], "texture": "#1"},
				"south": {"uv": [0, 13.25, 1, 14.25], "texture": "#1"},
				"west": {"uv": [0, 1, 14, 2], "texture": "#1"},
				"up": {"uv": [0, 1, 14, 2], "rotation": 90, "texture": "#1"},
				"down": {"uv": [0, 1, 14, 2], "rotation": 270, "texture": "#1"}
			}
		},
		{
			"from": [-0.1, -3.8, 1.5],
			"to": [-0.1, 0.2, 14.5],
			"rotation": {"angle": 0, "axis": "z", "origin": [0, 0.2, 0]},
			"faces": {
				"east": {"uv": [1.25, 0, 14.25, 4], "texture": "#5"},
				"west": {"uv": [1.25, 0, 14.25, 4], "texture": "#5"}
			}
		}
	],
	"display": {
		"thirdperson_righthand": {
			"rotation": [80, 0, 0],
			"translation": [-3.75, 4.25, 4.5],
			"scale": [0.65, 0.65, 0.65]
		},
		"thirdperson_lefthand": {
			"rotation": [80, 0, 0],
			"translation": [-3.75, 4.25, 4.5],
			"scale": [0.65, 0.65, 0.65]
		},
		"firstperson_righthand": {
			"translation": [3.25, 5.75, 0]
		},
		"firstperson_lefthand": {
			"translation": [3.25, 5.75, 0]
		},
		"ground": {
			"translation": [0, 3.75, 0],
			"scale": [0.8, 0.8, 0.8]
		},
		"gui": {
			"rotation": [30, -135, 0],
			"translation": [1.25, 3.25, 0]
		},
		"head": {
			"translation": [0, 14.5, 0]
		},
		"fixed": {
			"rotation": [-90, 0, 0],
			"translation": [0, 0, -15],
			"scale": [2, 2, 2]
		}
	}
}