{
	"credit": "Made with Blockbench",
	"textures": {
		"particle": "block/paper_1",
		"3": "block/paper_1",
		"4": "block/desk1",
		"5": "block/moviecamera2",
		"6": "block/street_clock_face",
		"7": "block/streetlamp_gold",
		"9": "block/telephone_a_parts_wood",
		"10": "block/desk2"
	},
	"elements": [
		{
			"from": [4.5, 0.1875, 3],
			"to": [11.5, 0.1875, 7],
			"rotation": {"angle": 22.5, "axis": "y", "origin": [8, 0.1875, 5]},
			"faces": {
				"up": {"uv": [0, 0, 7, 4], "rotation": 180, "texture": "#10"},
				"down": {"uv": [7, 0, 14, 4], "texture": "#10"}
			}
		},
		{
			"from": [7.5, 0.125, 1.5],
			"to": [13, 0.125, 10],
			"rotation": {"angle": 0, "axis": "y", "origin": [11.25, 0.125, 4.25]},
			"faces": {
				"up": {"uv": [0.5, 1, 7.5, 11.5], "rotation": 180, "texture": "#3"},
				"down": {"uv": [0.5, 1, 7.5, 11.5], "rotation": 180, "texture": "#3"}
			}
		},
		{
			"from": [2.5, 0, 11.5],
			"to": [4.5, 1.5, 13.5],
			"rotation": {"angle": 0, "axis": "y", "origin": [2.5, 0, 12]},
			"faces": {
				"north": {"uv": [3, 10.5, 5, 12], "texture": "#5"},
				"east": {"uv": [3, 10.5, 5, 12], "texture": "#5"},
				"south": {"uv": [3, 10.5, 5, 12], "texture": "#5"},
				"west": {"uv": [3, 10.5, 5, 12], "texture": "#5"},
				"up": {"uv": [1, 10.5, 3, 12.5], "texture": "#5"},
				"down": {"uv": [1, 10.5, 3, 12.5], "texture": "#5"}
			}
		},
		{
			"from": [2.825, 2, 11.3],
			"to": [2.825, 9.5, 14.8],
			"rotation": {"angle": -45, "axis": "y", "origin": [2.825, 5, 13.25]},
			"faces": {
				"east": {"uv": [16, 3, 11.5, 13], "texture": "#4"},
				"west": {"uv": [11.5, 3, 16, 13], "texture": "#4"}
			}
		},
		{
			"from": [3, 1.5, 12],
			"to": [4, 2, 13],
			"rotation": {"angle": 0, "axis": "y", "origin": [2.5, 1.5, 12]},
			"faces": {
				"north": {"uv": [3.5, 11, 4.5, 11.5], "texture": "#5"},
				"east": {"uv": [3.5, 11, 4.5, 11.5], "texture": "#5"},
				"south": {"uv": [3.5, 11, 4.5, 11.5], "rotation": 180, "texture": "#5"},
				"west": {"uv": [3.5, 11, 4.5, 11.5], "rotation": 180, "texture": "#5"},
				"up": {"uv": [3.5, 10.5, 4.5, 11.5], "rotation": 180, "texture": "#5"}
			}
		},
		{
			"name": "octagon",
			"from": [10.96447, 5, 12],
			"to": [13.03553, 5.5, 13.5],
			"rotation": {"angle": 45, "axis": "z", "origin": [12, 3, 12.5]},
			"faces": {
				"north": {"uv": [6, 0, 8.07107, 0.5], "texture": "#7"},
				"up": {"uv": [6, 0, 8, 1.5], "texture": "#7"},
				"down": {"uv": [2.5, 0, 4.57107, 2], "rotation": 180, "texture": "#7"}
			}
		},
		{
			"name": "octagon",
			"from": [10.96447, 5, 11.99],
			"to": [13.03553, 5.5, 13.49],
			"rotation": {"angle": 0, "axis": "z", "origin": [12, 3, 12.5]},
			"faces": {
				"north": {"uv": [3, 0, 5.07107, 0.5], "texture": "#7"},
				"up": {"uv": [4, 0, 6, 1.5], "texture": "#7"},
				"down": {"uv": [2, 0, 4.07107, 2], "rotation": 180, "texture": "#7"}
			}
		},
		{
			"name": "octagon",
			"from": [9.5, 1.96447, 12],
			"to": [10, 4.03553, 13.5],
			"rotation": {"angle": 45, "axis": "z", "origin": [12, 3, 12.5]},
			"faces": {
				"north": {"uv": [0, 0, 2.07107, 0.5], "rotation": 90, "texture": "#7"},
				"east": {"uv": [2, 0, 4.07107, 2], "rotation": 90, "texture": "#7"},
				"west": {"uv": [0, 0, 2, 1.5], "rotation": 270, "texture": "#7"}
			}
		},
		{
			"name": "octagon",
			"from": [9.5, 1.96447, 11.99],
			"to": [10, 4.03553, 13.49],
			"rotation": {"angle": 0, "axis": "z", "origin": [12, 3, 12.5]},
			"faces": {
				"north": {"uv": [1, 0, 3.07107, 0.5], "rotation": 270, "texture": "#7"},
				"east": {"uv": [0, 0, 2.07107, 2], "rotation": 90, "texture": "#7"},
				"west": {"uv": [8, 0, 10, 1.5], "rotation": 270, "texture": "#7"}
			}
		},
		{
			"name": "octagon",
			"from": [14, 1.96447, 12],
			"to": [14.5, 4.03553, 13.5],
			"rotation": {"angle": 45, "axis": "z", "origin": [12, 3, 12.5]},
			"faces": {
				"north": {"uv": [1, 0, 3.07107, 0.5], "rotation": 90, "texture": "#7"},
				"east": {"uv": [2, 0, 4, 1.5], "rotation": 90, "texture": "#7"},
				"west": {"uv": [0, 0, 2.07107, 2], "rotation": 270, "texture": "#7"}
			}
		},
		{
			"name": "octagon",
			"from": [14.5, 2.16447, 12.1375],
			"to": [15.5, 4.23553, 14.1375],
			"rotation": {"angle": 45, "axis": "z", "origin": [12, 3, 12.7375]},
			"faces": {
				"north": {"uv": [2, 0, 4.07107, 1], "rotation": 270, "texture": "#7"},
				"east": {"uv": [5, 4.5, 7.07107, 6.5], "rotation": 90, "texture": "#7"},
				"south": {"uv": [7, 0, 9.07107, 1], "rotation": 90, "texture": "#7"},
				"west": {"uv": [0.5, 1.5, 2.57107, 3.5], "rotation": 270, "texture": "#7"},
				"up": {"uv": [2.5, 0, 4.57107, 1], "rotation": 90, "texture": "#7"},
				"down": {"uv": [1.5, 0, 3.57107, 1], "rotation": 90, "texture": "#7"}
			}
		},
		{
			"name": "octagon",
			"from": [15.5, 2.91447, 12.9],
			"to": [16, 3.48553, 13.4],
			"rotation": {"angle": 45, "axis": "z", "origin": [12, 3, 12.7375]},
			"faces": {
				"north": {"uv": [3, 0, 3.57107, 0.5], "rotation": 270, "texture": "#7"},
				"east": {"uv": [5.5, 0, 6.07107, 0.5], "rotation": 90, "texture": "#7"},
				"south": {"uv": [7, 0, 7.57107, 0.5], "rotation": 90, "texture": "#7"},
				"up": {"uv": [3.5, 0, 4, 0.5], "rotation": 90, "texture": "#7"},
				"down": {"uv": [1.5, 0, 2, 0.5], "rotation": 90, "texture": "#7"}
			}
		},
		{
			"name": "octagon",
			"from": [8.5, 2.16447, 12.1375],
			"to": [9.5, 4.23553, 14.1375],
			"rotation": {"angle": -45, "axis": "z", "origin": [12, 3, 12.7375]},
			"faces": {
				"north": {"uv": [2, 1, 4.07107, 0], "rotation": 270, "texture": "#7"},
				"east": {"uv": [0.5, 3.5, 2.57107, 1.5], "rotation": 270, "texture": "#7"},
				"south": {"uv": [7, 1, 9.07107, 0], "rotation": 90, "texture": "#7"},
				"west": {"uv": [5, 6.5, 7.07107, 4.5], "rotation": 90, "texture": "#7"},
				"up": {"uv": [2.5, 1, 4.57107, 0], "rotation": 90, "texture": "#7"},
				"down": {"uv": [1.5, 1, 3.57107, 0], "rotation": 90, "texture": "#7"}
			}
		},
		{
			"name": "octagon",
			"from": [8, 2.91447, 12.9],
			"to": [8.5, 3.48553, 13.4],
			"rotation": {"angle": -45, "axis": "z", "origin": [12, 3, 12.7375]},
			"faces": {
				"north": {"uv": [3, 0.5, 3.57107, 0], "rotation": 270, "texture": "#7"},
				"south": {"uv": [7, 0.5, 7.57107, 0], "rotation": 90, "texture": "#7"},
				"west": {"uv": [5.5, 0.5, 6.07107, 0], "rotation": 90, "texture": "#7"},
				"up": {"uv": [3.5, 0.5, 4, 0], "rotation": 90, "texture": "#7"},
				"down": {"uv": [1.5, 0.5, 2, 0], "rotation": 90, "texture": "#7"}
			}
		},
		{
			"name": "octagon",
			"from": [10.96447, 0.5, 12],
			"to": [13.03553, 1, 13.5],
			"rotation": {"angle": 45, "axis": "z", "origin": [12, 3, 12.5]},
			"faces": {
				"north": {"uv": [1.5, 0, 3.57107, 0.5], "texture": "#7"},
				"up": {"uv": [6, 0, 8.07107, 2], "texture": "#7"},
				"down": {"uv": [2.5, 0, 4.5, 1.5], "rotation": 180, "texture": "#7"}
			}
		},
		{
			"name": "octagon",
			"from": [10.96447, 0.5, 11.99],
			"to": [13.03553, 1, 13.49],
			"rotation": {"angle": 0, "axis": "z", "origin": [12, 3, 12.5]},
			"faces": {
				"north": {"uv": [2, 0, 4.07107, 0.5], "rotation": 180, "texture": "#7"},
				"up": {"uv": [4, 0, 6.07107, 2], "texture": "#7"},
				"down": {"uv": [2, 0, 4, 1.5], "rotation": 180, "texture": "#7"}
			}
		},
		{
			"name": "octagon",
			"from": [14, 1.96447, 11.99],
			"to": [14.5, 4.03553, 13.49],
			"rotation": {"angle": 0, "axis": "z", "origin": [12, 3, 12.5]},
			"faces": {
				"north": {"uv": [0.5, 0, 2.57107, 0.5], "rotation": 90, "texture": "#7"},
				"east": {"uv": [0, 0, 2, 1.5], "rotation": 90, "texture": "#7"},
				"west": {"uv": [8, 0, 10.07107, 2], "rotation": 270, "texture": "#7"}
			}
		},
		{
			"name": "octagon",
			"from": [9.5, 1.96447, 13.49],
			"to": [14.5, 4.03553, 14.49],
			"rotation": {"angle": 0, "axis": "z", "origin": [12, 3, 12.5]},
			"faces": {
				"east": {"uv": [0, 1.5, 2.07107, 2.5], "rotation": 90, "texture": "#7"},
				"south": {"uv": [2, 7.5, 4.07107, 12.5], "rotation": 90, "texture": "#7"},
				"west": {"uv": [8, 1.5, 10.07107, 2.5], "rotation": 270, "texture": "#7"}
			}
		},
		{
			"name": "octagon",
			"from": [10.96447, 0.5, 13.5],
			"to": [13.03553, 5.5, 14.5],
			"rotation": {"angle": 45, "axis": "z", "origin": [12, 3, 12.5]},
			"faces": {
				"south": {"uv": [2, 7.5, 7, 9.57107], "rotation": 90, "texture": "#7"},
				"up": {"uv": [6, 1.5, 8.07107, 2.5], "texture": "#7"},
				"down": {"uv": [2.5, 1.5, 4.57107, 2.5], "rotation": 180, "texture": "#7"}
			}
		},
		{
			"name": "octagon",
			"from": [10.96447, 0.5, 13.49],
			"to": [13.03553, 5.5, 14.49],
			"rotation": {"angle": 0, "axis": "z", "origin": [12, 3, 12.5]},
			"faces": {
				"south": {"uv": [2, 7.5, 7, 9.57107], "rotation": 90, "texture": "#7"},
				"up": {"uv": [4, 1.5, 6.07107, 2.5], "texture": "#7"},
				"down": {"uv": [2, 1.5, 4.07107, 2.5], "rotation": 180, "texture": "#7"}
			}
		},
		{
			"name": "octagon",
			"from": [9.5, 1.96447, 13.51],
			"to": [14.5, 4.03553, 14.51],
			"rotation": {"angle": 45, "axis": "z", "origin": [12, 3, 12.5]},
			"faces": {
				"east": {"uv": [2, 1.5, 4.07107, 2.5], "rotation": 90, "texture": "#7"},
				"south": {"uv": [2, 7.5, 4.07107, 12.5], "rotation": 90, "texture": "#7"},
				"west": {"uv": [0, 1.5, 2.07107, 2.5], "rotation": 270, "texture": "#7"}
			}
		},
		{
			"from": [9.75, 0.75, 12.2],
			"to": [14.25, 5.25, 12.2],
			"rotation": {"angle": 0, "axis": "y", "origin": [0, 0.5, 0]},
			"faces": {
				"north": {"uv": [0.5, 0.5, 13.5, 13.5], "texture": "#6"}
			}
		},
		{
			"from": [13.5, 0, 12.5],
			"to": [14, 1, 13.5],
			"rotation": {"angle": 22.5, "axis": "z", "origin": [13.5, 0, 13]},
			"faces": {
				"north": {"uv": [12.5, 1.5, 13, 2.5], "rotation": 180, "texture": "#7"},
				"east": {"uv": [12.5, 1.5, 13.5, 2.5], "rotation": 180, "texture": "#7"},
				"south": {"uv": [12.5, 1.5, 13, 2.5], "rotation": 180, "texture": "#7"},
				"west": {"uv": [12.5, 1.5, 13.5, 2.5], "rotation": 180, "texture": "#7"},
				"down": {"uv": [13.5, 2, 13, 3], "rotation": 180, "texture": "#7"}
			}
		},
		{
			"from": [10, 0, 12.5],
			"to": [10.5, 1, 13.5],
			"rotation": {"angle": -22.5, "axis": "z", "origin": [10.5, 0, 13]},
			"faces": {
				"north": {"uv": [13, 1.5, 12.5, 2.5], "rotation": 180, "texture": "#7"},
				"east": {"uv": [13.5, 1.5, 12.5, 2.5], "rotation": 180, "texture": "#7"},
				"south": {"uv": [13, 1.5, 12.5, 2.5], "rotation": 180, "texture": "#7"},
				"west": {"uv": [13.5, 1.5, 12.5, 2.5], "rotation": 180, "texture": "#7"},
				"down": {"uv": [13.5, 2, 13, 3], "rotation": 180, "texture": "#7"}
			}
		},
		{
			"from": [10, 6, 13.2375],
			"to": [14, 7.5, 13.2375],
			"rotation": {"angle": 0, "axis": "y", "origin": [13.5, 6, 13.2375]},
			"faces": {
				"north": {"uv": [1.5, 7.5, 5.5, 9], "texture": "#9"},
				"south": {"uv": [1.5, 7.5, 5.5, 9], "texture": "#9"}
			}
		},
		{
			"from": [11, 5.5, 13.2375],
			"to": [13, 6.5, 13.2375],
			"rotation": {"angle": 0, "axis": "y", "origin": [13.5, 5.5, 13.2375]},
			"faces": {
				"north": {"uv": [8, 7.5, 10, 8.5], "texture": "#9"},
				"south": {"uv": [8, 7.5, 10, 8.5], "texture": "#9"}
			}
		},
		{
			"from": [4, 0.2, 5.5],
			"to": [5.5, 1.2, 6.5],
			"rotation": {"angle": 45, "axis": "x", "origin": [3.875, 0.725, 6.00625]},
			"faces": {
				"north": {"uv": [14, 1.5, 15, 3], "rotation": 270, "texture": "#5"},
				"south": {"uv": [14, 1.5, 15, 3], "rotation": 270, "texture": "#5"},
				"up": {"uv": [14, 1.5, 15, 3], "rotation": 270, "texture": "#5"},
				"down": {"uv": [14, 1.5, 15, 3], "rotation": 270, "texture": "#5"}
			}
		},
		{
			"from": [5.5, -0.1, 5],
			"to": [6, 1.4, 6.5],
			"rotation": {"angle": 45, "axis": "x", "origin": [5.75, 0.4, 6]},
			"faces": {
				"north": {"uv": [6, 0.5, 9, 1.5], "rotation": 90, "texture": "#7"},
				"east": {"uv": [2.5, 1.5, 4, 3], "texture": "#10"},
				"south": {"uv": [0, 0.5, 3, 1.5], "rotation": 270, "texture": "#7"},
				"west": {"uv": [4.5, 1.5, 6, 3], "rotation": 90, "texture": "#7"},
				"up": {"uv": [3, 0.5, 6, 1.5], "rotation": 270, "texture": "#7"},
				"down": {"uv": [0, 0.5, 3, 1.5], "rotation": 270, "texture": "#7"}
			}
		},
		{
			"from": [2, 0, 5.2625],
			"to": [4, 1.5, 6.7625],
			"rotation": {"angle": 45, "axis": "x", "origin": [3.875, 0.725, 6.00625]},
			"faces": {
				"north": {"uv": [14, 1, 15.5, 3], "rotation": 270, "texture": "#5"},
				"east": {"uv": [9.5, 2.5, 11, 4], "rotation": 90, "texture": "#5"},
				"south": {"uv": [14, 1, 15.5, 3], "rotation": 90, "texture": "#5"},
				"west": {"uv": [9.5, 2.5, 11, 4], "texture": "#5"},
				"up": {"uv": [14, 1, 15.5, 3], "rotation": 270, "texture": "#5"},
				"down": {"uv": [14, 1, 15.5, 3], "rotation": 270, "texture": "#5"}
			}
		}
	],
	"display": {
		"thirdperson_righthand": {
			"rotation": [80, 0, 0],
			"translation": [-3.75, 4.25, 4.5],
			"scale": [0.65, 0.65, 0.65]
		},
		"thirdperson_lefthand": {
			"rotation": [80, 0, 0],
			"translation": [-3.75, 4.25, 4.5],
			"scale": [0.65, 0.65, 0.65]
		},
		"firstperson_righthand": {
			"translation": [3.25, 5.75, 0]
		},
		"firstperson_lefthand": {
			"translation": [3.25, 5.75, 0]
		},
		"ground": {
			"translation": [0, 3.75, 0],
			"scale": [0.8, 0.8, 0.8]
		},
		"gui": {
			"rotation": [30, -135, 0],
			"translation": [1.25, 3.25, 0]
		},
		"head": {
			"translation": [0, 14.5, 0]
		},
		"fixed": {
			"rotation": [-90, 0, 0],
			"translation": [0, 0, -15],
			"scale": [2, 2, 2]
		}
	}
}