{
	"credit": "Made with Blockbench",
	"textures": {
		"particle": "block/pot_rattan",
		"1": "block/pot_rattan",
		"2": "block/wool_colored_yellow",
		"3": "block/wool_colored_red",
		"4": "block/wool_colored_lime",
		"5": "block/wool_colored_white",
		"6": "block/wood_oak_upper_molding",
		"7": "block/knitting_part"
	},
	"elements": [
		{
			"from": [12.5, 0.2, -1],
			"to": [13, 0.7, 11],
			"rotation": {"angle": -45, "axis": "y", "origin": [12.75, 0.95, 1]},
			"faces": {
				"north": {"uv": [0, 13.25, 0.5, 13.75], "texture": "#6"},
				"east": {"uv": [0.75, 0, 12.75, 0.5], "texture": "#6"},
				"south": {"uv": [0, 13.25, 0.5, 13.75], "texture": "#6"},
				"west": {"uv": [0.75, 0, 12.75, 0.5], "texture": "#6"},
				"up": {"uv": [0.75, 0, 12.75, 0.5], "rotation": 90, "texture": "#6"},
				"down": {"uv": [0.75, 0, 12.75, 0.5], "rotation": 90, "texture": "#6"}
			}
		},
		{
			"from": [12.3375, 0.0375, 6],
			"to": [13.1375, 0.8375, 6.5],
			"rotation": {"angle": -45, "axis": "y", "origin": [12.75, 0.95, 1]},
			"faces": {
				"east": {"uv": [0, 0, 0.5, 0.6], "texture": "#3"},
				"west": {"uv": [0, 0, 0.5, 0.6], "texture": "#3"},
				"up": {"uv": [0, 0, 0.5, 0.6], "rotation": 90, "texture": "#3"},
				"down": {"uv": [0, 0, 0.5, 0.6], "rotation": 90, "texture": "#3"}
			}
		},
		{
			"from": [12.3375, 0.0375, 5],
			"to": [13.1375, 0.8375, 5.5],
			"rotation": {"angle": -45, "axis": "y", "origin": [12.75, 0.95, 1]},
			"faces": {
				"east": {"uv": [0, 0, 0.5, 0.6], "texture": "#3"},
				"west": {"uv": [0, 0, 0.5, 0.6], "texture": "#3"},
				"up": {"uv": [0, 0, 0.5, 0.6], "rotation": 90, "texture": "#3"},
				"down": {"uv": [0, 0, 0.5, 0.6], "rotation": 90, "texture": "#3"}
			}
		},
		{
			"from": [12.3375, 0.0375, 4],
			"to": [13.1375, 0.8375, 4.5],
			"rotation": {"angle": -45, "axis": "y", "origin": [12.75, 0.95, 1]},
			"faces": {
				"east": {"uv": [0, 0, 0.5, 0.6], "texture": "#3"},
				"west": {"uv": [0, 0, 0.5, 0.6], "texture": "#3"},
				"up": {"uv": [0, 0, 0.5, 0.6], "rotation": 90, "texture": "#3"},
				"down": {"uv": [0, 0, 0.5, 0.6], "rotation": 90, "texture": "#3"}
			}
		},
		{
			"from": [12.3375, 0.0375, 3],
			"to": [13.1375, 0.8375, 3.5],
			"rotation": {"angle": -45, "axis": "y", "origin": [12.75, 0.95, 1]},
			"faces": {
				"east": {"uv": [0, 0, 0.5, 0.6], "texture": "#3"},
				"west": {"uv": [0, 0, 0.5, 0.6], "texture": "#3"},
				"up": {"uv": [0, 0, 0.5, 0.6], "rotation": 90, "texture": "#3"},
				"down": {"uv": [0, 0, 0.5, 0.6], "rotation": 90, "texture": "#3"}
			}
		},
		{
			"from": [9.5, 0.7, 1],
			"to": [12.5, 0.7, 7.5],
			"rotation": {"angle": -45, "axis": "y", "origin": [12.75, 0.95, 1]},
			"faces": {
				"up": {"uv": [0, 0, 3, 6.5], "texture": "#3"},
				"down": {"uv": [0, 0, 3, 6.5], "texture": "#3"}
			}
		},
		{
			"from": [-0.07843, 0.7, 4.07843],
			"to": [11.92157, 1.2, 4.57843],
			"rotation": {"angle": -22.5, "axis": "y", "origin": [5.92157, 0.95, 4.32843]},
			"faces": {
				"north": {"uv": [0.75, 0, 12.75, 0.5], "texture": "#6"},
				"east": {"uv": [0, 13.25, 0.5, 13.75], "texture": "#6"},
				"south": {"uv": [0.75, 0, 12.75, 0.5], "texture": "#6"},
				"west": {"uv": [0, 13.25, 0.5, 13.75], "texture": "#6"},
				"up": {"uv": [0.75, 0, 12.75, 0.5], "texture": "#6"},
				"down": {"uv": [0.75, 0, 12.75, 0.5], "rotation": 180, "texture": "#6"}
			}
		},
		{
			"from": [7.42157, 0.5625, 3.91593],
			"to": [7.92157, 1.3625, 4.71593],
			"rotation": {"angle": -22.5, "axis": "y", "origin": [5.92157, 0.95, 4.32843]},
			"faces": {
				"north": {"uv": [0.75, 0, 1.25, 0.6], "texture": "#3"},
				"south": {"uv": [0.75, 0, 1.25, 0.6], "texture": "#3"},
				"up": {"uv": [0.75, 0, 1.25, 0.6], "texture": "#3"},
				"down": {"uv": [0.75, 0, 1.25, 0.6], "rotation": 180, "texture": "#3"}
			}
		},
		{
			"from": [6.42157, 0.5625, 3.91593],
			"to": [6.92157, 1.3625, 4.71593],
			"rotation": {"angle": -22.5, "axis": "y", "origin": [5.92157, 0.95, 4.32843]},
			"faces": {
				"north": {"uv": [0.75, 0, 1.25, 0.6], "texture": "#3"},
				"south": {"uv": [0.75, 0, 1.25, 0.6], "texture": "#3"},
				"up": {"uv": [0.75, 0, 1.25, 0.6], "texture": "#3"},
				"down": {"uv": [0.75, 0, 1.25, 0.6], "rotation": 180, "texture": "#3"}
			}
		},
		{
			"from": [5.42157, 0.5625, 3.91593],
			"to": [5.92157, 1.3625, 4.71593],
			"rotation": {"angle": -22.5, "axis": "y", "origin": [5.92157, 0.95, 4.32843]},
			"faces": {
				"north": {"uv": [0.75, 0, 1.25, 0.6], "texture": "#3"},
				"south": {"uv": [0.75, 0, 1.25, 0.6], "texture": "#3"},
				"up": {"uv": [0.75, 0, 1.25, 0.6], "texture": "#3"},
				"down": {"uv": [0.75, 0, 1.25, 0.6], "rotation": 180, "texture": "#3"}
			}
		},
		{
			"from": [4.42157, 0.5625, 3.91593],
			"to": [4.92157, 1.3625, 4.71593],
			"rotation": {"angle": -22.5, "axis": "y", "origin": [5.92157, 0.95, 4.32843]},
			"faces": {
				"north": {"uv": [0.75, 0, 1.25, 0.6], "texture": "#3"},
				"south": {"uv": [0.75, 0, 1.25, 0.6], "texture": "#3"},
				"up": {"uv": [0.75, 0, 1.25, 0.6], "texture": "#3"},
				"down": {"uv": [0.75, 0, 1.25, 0.6], "rotation": 180, "texture": "#3"}
			}
		},
		{
			"from": [1.92157, 0.8, 1.07843],
			"to": [8.42157, 0.8, 4.07843],
			"rotation": {"angle": -22.5, "axis": "y", "origin": [5.92157, 0.95, 4.32843]},
			"faces": {
				"up": {"uv": [0, 0, 6.5, 3], "texture": "#3"},
				"down": {"uv": [0, 0, 6.5, 3], "rotation": 180, "texture": "#3"}
			}
		},
		{
			"from": [13, 0.95, 12.25],
			"to": [13.5, 10.95, 12.75],
			"rotation": {"angle": -22.5, "axis": "z", "origin": [13.25, 5.95, 12.5]},
			"faces": {
				"north": {"uv": [0.75, 0, 10.75, 0.5], "rotation": 270, "texture": "#6"},
				"east": {"uv": [0.75, 0, 10.75, 0.5], "rotation": 90, "texture": "#6"},
				"south": {"uv": [0.75, 0, 10.75, 0.5], "rotation": 90, "texture": "#6"},
				"west": {"uv": [0.75, 0, 10.75, 0.5], "rotation": 270, "texture": "#6"},
				"up": {"uv": [0, 13.25, 0.5, 13.75], "texture": "#6"}
			}
		},
		{
			"from": [11, 1.95, 12.25],
			"to": [11.5, 11.95, 12.75],
			"rotation": {"angle": 22.5, "axis": "x", "origin": [13.25, 5.95, 12.5]},
			"faces": {
				"north": {"uv": [0.75, 0, 10.75, 0.5], "rotation": 270, "texture": "#6"},
				"east": {"uv": [0.75, 0, 10.75, 0.5], "rotation": 90, "texture": "#6"},
				"south": {"uv": [0.75, 0, 10.75, 0.5], "rotation": 90, "texture": "#6"},
				"west": {"uv": [0.75, 0, 10.75, 0.5], "rotation": 270, "texture": "#6"},
				"up": {"uv": [0, 13.25, 0.5, 13.75], "texture": "#6"},
				"down": {"uv": [0, 13.25, 0.5, 13.75], "rotation": 180, "texture": "#6"}
			}
		},
		{
			"name": "octagon",
			"from": [7.3, -0.019, 9.46741],
			"to": [14.7, 2.201, 12.53259],
			"rotation": {"angle": 45, "axis": "y", "origin": [11, 0.72, 11]},
			"faces": {
				"east": {"uv": [3.25, 3.5, 6.31518, 5.72], "texture": "#1"},
				"west": {"uv": [3.25, 3.5, 6.31518, 5.72], "texture": "#1"},
				"up": {"uv": [3, 10, 10.4, 13.06518], "texture": "#1"},
				"down": {"uv": [3.25, 3.5, 6.31518, 10.9], "rotation": 90, "texture": "#1"}
			}
		},
		{
			"name": "octagon",
			"from": [7.3, -0.02, 9.46741],
			"to": [14.7, 2.2, 12.53259],
			"rotation": {"angle": 0, "axis": "y", "origin": [11, 0.72, 11]},
			"faces": {
				"east": {"uv": [3.25, 3.5, 6.31518, 5.72], "texture": "#1"},
				"west": {"uv": [3.25, 3.5, 6.31518, 5.72], "texture": "#1"},
				"up": {"uv": [3, 10, 10.4, 13.06518], "texture": "#1"},
				"down": {"uv": [3.25, 3.5, 6.31518, 10.9], "rotation": 90, "texture": "#1"}
			}
		},
		{
			"name": "octagon",
			"from": [9.46741, -0.018, 7.3],
			"to": [12.53259, 2.202, 14.7],
			"rotation": {"angle": 45, "axis": "y", "origin": [11, 0.72, 11]},
			"faces": {
				"north": {"uv": [3.25, 3.5, 6.31518, 5.72], "texture": "#1"},
				"south": {"uv": [3.25, 3.5, 6.31518, 5.72], "texture": "#1"},
				"up": {"uv": [3, 10, 10.4, 13.06518], "rotation": 270, "texture": "#1"},
				"down": {"uv": [3.25, 3.5, 6.31518, 10.9], "rotation": 180, "texture": "#1"}
			}
		},
		{
			"name": "octagon",
			"from": [9.46741, -0.02, 7.3],
			"to": [12.53259, 2.2, 14.7],
			"rotation": {"angle": 0, "axis": "y", "origin": [11, 0.72, 11]},
			"faces": {
				"north": {"uv": [3.25, 3.5, 6.31518, 5.72], "texture": "#1"},
				"south": {"uv": [3.25, 3.5, 6.31518, 5.72], "texture": "#1"},
				"up": {"uv": [3, 10, 10.4, 13.06518], "rotation": 270, "texture": "#1"},
				"down": {"uv": [3.25, 3.5, 6.31518, 10.9], "rotation": 180, "texture": "#1"}
			}
		},
		{
			"name": "octagon",
			"from": [14.7, 1.46, 9.16089],
			"to": [15.44, 3.68, 12.83911],
			"rotation": {"angle": 45, "axis": "y", "origin": [11, 2.2, 11]},
			"faces": {
				"east": {"uv": [2, 3.5, 5.67822, 5.72], "texture": "#1"},
				"west": {"uv": [2, 3.5, 5.67822, 5.72], "texture": "#1"},
				"up": {"uv": [2, 3.5, 5.67822, 4.24], "rotation": 90, "texture": "#1"},
				"down": {"uv": [2, 3.5, 5.67822, 4.24], "rotation": 270, "texture": "#1"}
			}
		},
		{
			"name": "octagon",
			"from": [14.7, 1.47, 9.16089],
			"to": [15.44, 3.69, 12.83911],
			"rotation": {"angle": 0, "axis": "y", "origin": [11, 2.2, 11]},
			"faces": {
				"east": {"uv": [2, 3.5, 5.67822, 5.72], "texture": "#1"},
				"west": {"uv": [2, 3.5, 5.67822, 5.72], "texture": "#1"},
				"up": {"uv": [2, 3.5, 5.67822, 4.24], "rotation": 90, "texture": "#1"},
				"down": {"uv": [2, 3.5, 5.67822, 4.24], "rotation": 270, "texture": "#1"}
			}
		},
		{
			"name": "octagon",
			"from": [9.16089, 1.46, 14.7],
			"to": [12.83911, 3.68, 15.44],
			"rotation": {"angle": 45, "axis": "y", "origin": [11, 2.2, 11]},
			"faces": {
				"north": {"uv": [2, 3.5, 5.67822, 5.72], "texture": "#1"},
				"south": {"uv": [2, 3.5, 5.67822, 5.72], "texture": "#1"},
				"up": {"uv": [2, 3.5, 5.67822, 4.24], "texture": "#1"},
				"down": {"uv": [2, 3.5, 5.67822, 4.24], "rotation": 180, "texture": "#1"}
			}
		},
		{
			"name": "octagon",
			"from": [9.16089, 1.47, 6.56],
			"to": [12.83911, 3.69, 7.3],
			"rotation": {"angle": 0, "axis": "y", "origin": [11, 2.2, 11]},
			"faces": {
				"north": {"uv": [2, 3.5, 5.67822, 5.72], "texture": "#1"},
				"south": {"uv": [2, 3.5, 5.67822, 5.72], "texture": "#1"},
				"up": {"uv": [2, 3.5, 5.67822, 4.24], "rotation": 180, "texture": "#1"},
				"down": {"uv": [2, 3.5, 5.67822, 4.24], "texture": "#1"}
			}
		},
		{
			"name": "octagon",
			"from": [6.56, 1.46, 9.16089],
			"to": [7.3, 3.68, 12.83911],
			"rotation": {"angle": 45, "axis": "y", "origin": [11, 2.2, 11]},
			"faces": {
				"east": {"uv": [2, 3.5, 5.67822, 5.72], "texture": "#1"},
				"west": {"uv": [2, 3.5, 5.67822, 5.72], "texture": "#1"},
				"up": {"uv": [2, 3.5, 5.67822, 4.24], "rotation": 270, "texture": "#1"},
				"down": {"uv": [2, 3.5, 5.67822, 4.24], "rotation": 90, "texture": "#1"}
			}
		},
		{
			"name": "octagon",
			"from": [6.56, 1.47, 9.16089],
			"to": [7.3, 3.69, 12.83911],
			"rotation": {"angle": 0, "axis": "y", "origin": [11, 2.2, 11]},
			"faces": {
				"east": {"uv": [2, 3.5, 5.67822, 5.72], "texture": "#1"},
				"west": {"uv": [2, 3.5, 5.67822, 5.72], "texture": "#1"},
				"up": {"uv": [2, 3.5, 5.67822, 4.24], "rotation": 270, "texture": "#1"},
				"down": {"uv": [2, 3.5, 5.67822, 4.24], "rotation": 90, "texture": "#1"}
			}
		},
		{
			"name": "octagon",
			"from": [9.16089, 1.46, 6.56],
			"to": [12.83911, 3.68, 7.3],
			"rotation": {"angle": 45, "axis": "y", "origin": [11, 2.2, 11]},
			"faces": {
				"north": {"uv": [2, 3.5, 5.67822, 5.72], "texture": "#1"},
				"south": {"uv": [2, 3.5, 5.67822, 5.72], "texture": "#1"},
				"up": {"uv": [2, 3.5, 5.67822, 4.24], "rotation": 180, "texture": "#1"},
				"down": {"uv": [2, 3.5, 5.67822, 4.24], "texture": "#1"}
			}
		},
		{
			"name": "octagon",
			"from": [9.16089, 1.47, 14.7],
			"to": [12.83911, 3.69, 15.44],
			"rotation": {"angle": 0, "axis": "y", "origin": [11, 2.2, 11]},
			"faces": {
				"north": {"uv": [2, 3.5, 5.67822, 5.72], "texture": "#1"},
				"south": {"uv": [2, 3.5, 5.67822, 5.72], "texture": "#1"},
				"up": {"uv": [2, 3.5, 5.67822, 4.24], "texture": "#1"},
				"down": {"uv": [2, 3.5, 5.67822, 4.24], "rotation": 180, "texture": "#1"}
			}
		},
		{
			"from": [2, -0.04, 8],
			"to": [5, 2.96, 11],
			"rotation": {"angle": -22.5, "axis": "y", "origin": [3.5, 1.46, 9.5]},
			"faces": {
				"north": {"uv": [5, 8.75, 8, 11.75], "texture": "#3"},
				"east": {"uv": [5, 8.75, 8, 11.75], "texture": "#3"},
				"south": {"uv": [5, 8.75, 8, 11.75], "texture": "#3"},
				"west": {"uv": [5, 8.75, 8, 11.75], "texture": "#3"},
				"up": {"uv": [5, 8.75, 8, 11.75], "rotation": 270, "texture": "#3"},
				"down": {"uv": [5, 8.75, 8, 11.75], "rotation": 90, "texture": "#3"}
			}
		},
		{
			"from": [2, 0.46, 3.5],
			"to": [5, 0.46, 8],
			"rotation": {"angle": -22.5, "axis": "y", "origin": [3.5, 1.46, 9.5]},
			"faces": {
				"up": {"uv": [3, 0, 16, 16], "rotation": 180, "texture": "#7"}
			}
		},
		{
			"from": [10, 2.46, 11.5],
			"to": [13, 5.46, 14.5],
			"rotation": {"angle": -22.5, "axis": "x", "origin": [12.11, 3.94, 11.61]},
			"faces": {
				"north": {"uv": [5, 8.75, 8, 11.75], "texture": "#3"},
				"east": {"uv": [5, 8.75, 8, 11.75], "texture": "#3"},
				"south": {"uv": [5, 8.75, 8, 11.75], "texture": "#3"},
				"west": {"uv": [5, 8.75, 8, 11.75], "texture": "#3"},
				"up": {"uv": [5, 8.75, 8, 11.75], "texture": "#3"},
				"down": {"uv": [5, 8.75, 8, 11.75], "texture": "#3"}
			}
		},
		{
			"from": [8.72, 3.46, 7],
			"to": [11.72, 6.46, 10],
			"rotation": {"angle": 22.5, "axis": "z", "origin": [12.11, 3.94, 11.61]},
			"faces": {
				"north": {"uv": [5.5, 5.5, 8.5, 8.5], "texture": "#5"},
				"east": {"uv": [5.5, 5.5, 8.5, 8.5], "texture": "#5"},
				"south": {"uv": [5.5, 5.5, 8.5, 8.5], "texture": "#5"},
				"west": {"uv": [5.5, 5.5, 8.5, 8.5], "texture": "#5"},
				"up": {"uv": [5.5, 5.5, 8.5, 8.5], "texture": "#5"},
				"down": {"uv": [5.5, 5.5, 8.5, 8.5], "texture": "#5"}
			}
		},
		{
			"from": [7.04, 2.96, 10.02],
			"to": [10.04, 5.96, 13.02],
			"rotation": {"angle": 22.5, "axis": "z", "origin": [9.15, 3.44, 10.13]},
			"faces": {
				"north": {"uv": [4.25, 8, 7.25, 11], "texture": "#2"},
				"east": {"uv": [4.25, 8, 7.25, 11], "texture": "#2"},
				"south": {"uv": [4.25, 8, 7.25, 11], "texture": "#2"},
				"west": {"uv": [4.25, 8, 7.25, 11], "texture": "#2"},
				"up": {"uv": [4.25, 8, 7.25, 11], "texture": "#2"},
				"down": {"uv": [4.25, 8, 7.25, 11], "texture": "#2"}
			}
		},
		{
			"from": [11.26, 3.2, 8.28],
			"to": [14.26, 6.2, 11.28],
			"rotation": {"angle": -22.5, "axis": "z", "origin": [12.87, 3.18, 9.89]},
			"faces": {
				"north": {"uv": [7.75, 2.25, 10.75, 5.25], "texture": "#4"},
				"east": {"uv": [7.75, 2.25, 10.75, 5.25], "texture": "#4"},
				"south": {"uv": [7.75, 2.25, 10.75, 5.25], "texture": "#4"},
				"west": {"uv": [7.75, 2.25, 10.75, 5.25], "texture": "#4"},
				"up": {"uv": [7.75, 2.25, 10.75, 5.25], "texture": "#4"},
				"down": {"uv": [7.75, 2.25, 10.75, 5.25], "texture": "#4"}
			}
		}
	],
	"display": {
		"thirdperson_righthand": {
			"rotation": [80, 0, 0],
			"translation": [-3.75, 4.25, 4.5],
			"scale": [0.65, 0.65, 0.65]
		},
		"thirdperson_lefthand": {
			"rotation": [80, 0, 0],
			"translation": [-3.75, 4.25, 4.5],
			"scale": [0.65, 0.65, 0.65]
		},
		"firstperson_righthand": {
			"translation": [3.25, 5.75, 0]
		},
		"firstperson_lefthand": {
			"translation": [3.25, 5.75, 0]
		},
		"ground": {
			"translation": [0, 3.75, 0],
			"scale": [0.8, 0.8, 0.8]
		},
		"gui": {
			"rotation": [30, -135, 0],
			"translation": [1.25, 3.25, 0]
		},
		"head": {
			"translation": [0, 14.5, 0]
		},
		"fixed": {
			"rotation": [-90, 0, 0],
			"translation": [0, 0, -15],
			"scale": [2, 2, 2]
		}
	}
}