{
	"credit": "Made with Blockbench",
	"textures": {
		"1": "block/shelf_book",
		"2": "block/lantern_steel_frame_silver",
		"3": "block/paper_1",
		"4": "block/desk1",
		"5": "block/moviecamera2",
		"particle": "block/shelf_book"
	},
	"elements": [
		{
			"from": [1.5, 0, 11],
			"to": [6, 6.5, 15],
			"rotation": {"angle": 0, "axis": "y", "origin": [0, 0, 2]},
			"faces": {
				"north": {"uv": [0.5, 13, 3.75, 16], "texture": "#1"},
				"east": {"uv": [8.5, 6.5, 10.5, 9.5], "texture": "#1"},
				"south": {"uv": [12.75, 13, 16, 16], "rotation": 180, "texture": "#1"},
				"west": {"uv": [8.5, 0, 10.5, 3], "texture": "#1"},
				"up": {"uv": [12.75, 13.25, 16, 15.25], "rotation": 180, "texture": "#1"},
				"down": {"uv": [12.75, 13.25, 16, 15.25], "rotation": 180, "texture": "#1"}
			}
		},
		{
			"from": [8.5, 0, 11.5],
			"to": [10, 6.5, 15.5],
			"rotation": {"angle": 22.5, "axis": "z", "origin": [8.5, 0, 11.5]},
			"faces": {
				"north": {"uv": [5.25, 6.5, 6.25, 9.5], "texture": "#1"},
				"east": {"uv": [8.5, 0, 10.5, 3], "texture": "#1"},
				"south": {"uv": [11.25, 0, 12.25, 3], "rotation": 180, "texture": "#1"},
				"west": {"uv": [8.5, 0, 10.5, 3], "texture": "#1"},
				"up": {"uv": [11.25, 0.25, 12.25, 2.25], "rotation": 180, "texture": "#1"},
				"down": {"uv": [11.25, 0.25, 12.25, 2.25], "rotation": 180, "texture": "#1"}
			}
		},
		{
			"from": [1, 0, 12],
			"to": [1.5, 4, 14],
			"rotation": {"angle": 0, "axis": "y", "origin": [1, 0, 12.5]},
			"faces": {
				"north": {"uv": [7, 8, 7.5, 12], "texture": "#2"},
				"south": {"uv": [8.5, 8, 9, 12], "texture": "#2"},
				"west": {"uv": [7, 8, 9, 12], "texture": "#2"},
				"up": {"uv": [7, 8, 9, 8.5], "rotation": 90, "texture": "#2"},
				"down": {"uv": [10, 4.5, 10.5, 6.5], "texture": "#2"}
			}
		},
		{
			"from": [8, 0, 1.775],
			"to": [11.7, 0.5, 7.775],
			"rotation": {"angle": 0, "axis": "y", "origin": [8, 0.325, 5.025]},
			"faces": {
				"north": {"uv": [8.5, 14.25, 8.75, 16], "rotation": 90, "texture": "#1"},
				"east": {"uv": [8.5, 13, 8.75, 16], "rotation": 90, "texture": "#1"},
				"south": {"uv": [8.5, 14.25, 8.75, 16], "rotation": 90, "texture": "#1"},
				"up": {"uv": [8.5, 0, 10.5, 3], "texture": "#1"},
				"down": {"uv": [8.5, 13, 10.5, 16], "texture": "#1"}
			}
		},
		{
			"from": [4.2, 0, 1.775],
			"to": [8, 0.5, 7.775],
			"rotation": {"angle": 0, "axis": "y", "origin": [4, 0.325, 5.025]},
			"faces": {
				"north": {"uv": [8.5, 14.25, 8.75, 16], "rotation": 90, "texture": "#1"},
				"south": {"uv": [8.5, 14.25, 8.75, 16], "rotation": 90, "texture": "#1"},
				"west": {"uv": [8.5, 13, 8.75, 16], "rotation": 90, "texture": "#1"},
				"up": {"uv": [8.5, 0, 10.5, 3], "texture": "#1"},
				"down": {"uv": [8.5, 3.5, 10.5, 6.25], "texture": "#1"}
			}
		},
		{
			"from": [8, 0.5, 2],
			"to": [11.5, 1, 7.5],
			"rotation": {"angle": 0, "axis": "y", "origin": [8, 0.825, 4.75]},
			"faces": {
				"north": {"uv": [0, 12.5, 7, 13.5], "texture": "#3"},
				"east": {"uv": [0, 12.5, 10, 13.5], "texture": "#3"},
				"south": {"uv": [0, 12.5, 7, 13.5], "texture": "#3"},
				"up": {"uv": [0.5, 2.5, 7, 11.5], "rotation": 180, "texture": "#3"}
			}
		},
		{
			"from": [4.5, 0.5, 2],
			"to": [8, 1.3, 7.5],
			"rotation": {"angle": 0, "axis": "y", "origin": [8, 0.825, 4.75]},
			"faces": {
				"north": {"uv": [0, 12.5, 6, 14], "texture": "#3"},
				"east": {"uv": [0, 12.5, 9.5, 14], "texture": "#3"},
				"south": {"uv": [0, 12.5, 6, 14], "texture": "#3"},
				"west": {"uv": [0, 12.5, 9.5, 14], "texture": "#3"},
				"up": {"uv": [8.5, 3, 15.5, 11], "texture": "#3"}
			}
		},
		{
			"from": [12, 0, 12.5],
			"to": [14.5, 3.5, 15],
			"rotation": {"angle": 45, "axis": "y", "origin": [13.25, 1.75, 13.75]},
			"faces": {
				"north": {"uv": [2, 10, 7, 16], "texture": "#4"},
				"east": {"uv": [2, 10, 7, 16], "texture": "#4"},
				"south": {"uv": [2, 10, 7, 16], "texture": "#4"},
				"west": {"uv": [2, 10, 7, 16], "texture": "#4"},
				"up": {"uv": [6, 11, 12, 15.5], "texture": "#5"},
				"down": {"uv": [2, 11.5, 6, 15.5], "texture": "#4"}
			}
		},
		{
			"from": [13, 3.5, 13.8],
			"to": [15, 6.5, 13.8],
			"rotation": {"angle": 0, "axis": "y", "origin": [12.5, 6, 13.5]},
			"faces": {
				"north": {"uv": [1, 4.5, 4.5, 10], "texture": "#4"},
				"south": {"uv": [4.5, 4.5, 1, 10], "texture": "#4"}
			}
		}
	],
	"display": {
		"thirdperson_righthand": {
			"rotation": [80, 0, 0],
			"translation": [-3.75, 4.25, 4.5],
			"scale": [0.65, 0.65, 0.65]
		},
		"thirdperson_lefthand": {
			"rotation": [80, 0, 0],
			"translation": [-3.75, 4.25, 4.5],
			"scale": [0.65, 0.65, 0.65]
		},
		"firstperson_righthand": {
			"translation": [3.25, 5.75, 0]
		},
		"firstperson_lefthand": {
			"translation": [3.25, 5.75, 0]
		},
		"ground": {
			"translation": [0, 3.75, 0],
			"scale": [0.8, 0.8, 0.8]
		},
		"gui": {
			"rotation": [30, -135, 0],
			"translation": [1.25, 3.25, 0]
		},
		"head": {
			"translation": [0, 14.5, 0]
		},
		"fixed": {
			"rotation": [-90, 0, 0],
			"translation": [0, 0, -15],
			"scale": [2, 2, 2]
		}
	}
}