{
	"credit": "Made with Blockbench",
	"textures": {
		"particle": "block/lamppost_clock_brown_2",
		"0": "block/lamppost_arm_brown",
		"1": "block/lamppost_clock_brown_2",
		"2": "block/lamppost_brown",
		"3": "block/fence_iron_a_brown_parts",
		"4": "block/lamp_arm_brown",
		"5": "block/chain_thin_black",
		"6": "block/hanging_sign_d"
	},
	"elements": [
		{
			"from": [7, 0, 15],
			"to": [9, 16, 16],
			"faces": {
				"north": {"uv": [0, 0, 2, 16], "rotation": 180, "texture": "#2"},
				"east": {"uv": [3.5, 0, 4.5, 16], "texture": "#2"},
				"south": {"uv": [2, 0, 4, 16], "texture": "#2"},
				"west": {"uv": [3.5, 0, 4.5, 16], "texture": "#2"},
				"up": {"uv": [0.5, 14, 2.5, 15], "rotation": 180, "texture": "#0"},
				"down": {"uv": [0.5, 14, 2.5, 15], "texture": "#0"}
			}
		},
		{
			"from": [8, 9.5, 8.5],
			"to": [8, 16, 15],
			"rotation": {"angle": 0, "axis": "y", "origin": [0, -0.5, 0]},
			"faces": {
				"east": {"uv": [6.5, 9.5, 13, 16], "texture": "#1"},
				"west": {"uv": [0, 9.5, 6.5, 16], "texture": "#1"}
			}
		},
		{
			"from": [8, 9.5, 0.5],
			"to": [8, 13, 10.5],
			"rotation": {"angle": 0, "axis": "y", "origin": [0, -0.5, 0]},
			"faces": {
				"east": {"uv": [8, 4, 11.5, 14], "rotation": 90, "texture": "#3"},
				"west": {"uv": [4.5, 4, 8, 14], "rotation": 270, "texture": "#3"}
			}
		},
		{
			"from": [8, 7.5, -11.5],
			"to": [8, 11, -3],
			"rotation": {"angle": 45, "axis": "z", "origin": [8, 9.25, 1]},
			"faces": {
				"east": {"uv": [0, 1, 3.5, 9.5], "rotation": 90, "texture": "#4"},
				"west": {"uv": [3.5, 1, 0, 9.5], "rotation": 270, "texture": "#4"}
			}
		},
		{
			"from": [6.25, 9.25, -11.5],
			"to": [9.75, 9.25, -3],
			"rotation": {"angle": 45, "axis": "z", "origin": [8, 9.25, 1]},
			"faces": {
				"up": {"uv": [0, 1, 3.5, 9.5], "texture": "#4"},
				"down": {"uv": [0, 1, 3.5, 9.5], "rotation": 180, "texture": "#4"}
			}
		},
		{
			"from": [6.25, 9.25, -3],
			"to": [9.75, 9.25, 15],
			"rotation": {"angle": 45, "axis": "z", "origin": [8, 9.25, -2.5]},
			"faces": {
				"up": {"uv": [7, 0, 3.5, 16], "rotation": 180, "texture": "#4"},
				"down": {"uv": [7, 0, 3.5, 16], "texture": "#4"}
			}
		},
		{
			"from": [8, 7.5, -3],
			"to": [8, 11, 15],
			"rotation": {"angle": 45, "axis": "z", "origin": [8, 9.25, -2.5]},
			"faces": {
				"east": {"uv": [7, 0, 3.5, 16], "rotation": 270, "texture": "#4"},
				"west": {"uv": [7, 0, 3.5, 16], "rotation": 270, "texture": "#4"}
			}
		},
		{
			"from": [8, 0, 7.5],
			"to": [8, 9, 15],
			"rotation": {"angle": 0, "axis": "y", "origin": [0, 0, -0.5]},
			"faces": {
				"east": {"uv": [16, 5, 8.5, 14], "texture": "#4"},
				"west": {"uv": [8.5, 5.5, 16, 14.5], "texture": "#4"}
			}
		},
		{
			"from": [8, -10.5, -8],
			"to": [8, 5.5, 8],
			"rotation": {"angle": 0, "axis": "y", "origin": [0, -0.5, 4]},
			"faces": {
				"east": {"uv": [0, 0, 16, 16], "texture": "#6"},
				"west": {"uv": [0, 0, 16, 16], "texture": "#6"}
			}
		},
		{
			"from": [8, 4.5, 4],
			"to": [8, 9, 5.5],
			"rotation": {"angle": -22.5, "axis": "y", "origin": [8, 6.75, 4.75]},
			"faces": {
				"east": {"uv": [7.25, 0.75, 8.75, 5.25], "texture": "#5"},
				"west": {"uv": [7.25, 0.75, 8.75, 5.25], "texture": "#5"}
			}
		},
		{
			"from": [8, 4.5, -5.5],
			"to": [8, 9, -4],
			"rotation": {"angle": -22.5, "axis": "y", "origin": [8, 6.75, -4.75]},
			"faces": {
				"east": {"uv": [7.25, 0.75, 8.75, 5.25], "texture": "#5"},
				"west": {"uv": [7.25, 0.75, 8.75, 5.25], "texture": "#5"}
			}
		}
	],
	"display": {
		"thirdperson_righthand": {
			"rotation": [80, 0, 0],
			"translation": [0, 2.5, -0.5],
			"scale": [0.4, 0.4, 0.4]
		},
		"thirdperson_lefthand": {
			"rotation": [80, 0, 0],
			"translation": [0, 2.5, -0.5],
			"scale": [0.4, 0.4, 0.4]
		},
		"firstperson_righthand": {
			"translation": [6.75, 2, 0],
			"scale": [0.7, 0.7, 0.7]
		},
		"firstperson_lefthand": {
			"translation": [6.75, 2, 0],
			"scale": [0.7, 0.7, 0.7]
		},
		"ground": {
			"translation": [0, 3.75, 0],
			"scale": [0.45, 0.45, 0.45]
		},
		"gui": {
			"rotation": [0, -90, 0],
			"translation": [-3, 3.5, 0],
			"scale": [0.6, 0.6, 0.6]
		},
		"head": {
			"translation": [0, 14.5, -7.25]
		},
		"fixed": {
			"translation": [0, 0, -15],
			"scale": [2, 2, 2]
		}
	}
}