{
	"credit": "Made with Blockbench",
	"textures": {
		"0": "block/sewing0",
		"1": "block/sewing1c",
		"2": "block/brass_parts",
		"3": "block/sewing2c",
		"4": "block/table_lightbrown_top",
		"5": "block/sewing0",
		"6": "block/sewing1c",
		"7": "block/sewing2c",
		"particle": "block/table_lightbrown_top"
	},
	"elements": [
		{
			"from": [2, 16, 8.5],
			"to": [2.5, 22.5, 8.5],
			"rotation": {"angle": 22.5, "axis": "x", "origin": [2, 22.5, 8.5]},
			"faces": {
				"north": {"uv": [0, 0, 0.5, 6.5], "texture": "#0"},
				"south": {"uv": [0, 0, 0.5, 6.5], "texture": "#0"}
			}
		},
		{
			"from": [2, 16, 9.5],
			"to": [2.5, 22.5, 9.5],
			"rotation": {"angle": -22.5, "axis": "x", "origin": [2, 22.5, 9.5]},
			"faces": {
				"north": {"uv": [0, 0, 0.5, 6.5], "texture": "#0"},
				"south": {"uv": [0, 0, 0.5, 6.5], "texture": "#0"}
			}
		},
		{
			"from": [1.5, 16, 5],
			"to": [15.5, 17, 13],
			"rotation": {"angle": 0, "axis": "y", "origin": [10, 24.5, 19]},
			"faces": {
				"north": {"uv": [3.5, 9.5, 16, 10.5], "texture": "#3"},
				"east": {"uv": [8, 9.5, 16, 10.5], "texture": "#3"},
				"south": {"uv": [3.5, 9.5, 16, 10.5], "texture": "#3"},
				"west": {"uv": [5.5, 9.5, 13.5, 10.5], "texture": "#3"},
				"up": {"uv": [4, 10, 16, 16], "rotation": 180, "texture": "#3"},
				"down": {"uv": [4, 10, 16, 16], "rotation": 180, "texture": "#3", "cullface": "down"}
			}
		},
		{
			"name": "octagon",
			"from": [0.999, 20.5, 7.96447],
			"to": [1.999, 25.5, 10.03553],
			"rotation": {"angle": -22.5, "axis": "x", "origin": [1.49725, 23, 9]},
			"faces": {
				"east": {"uv": [0, 0.5, 5, 2.071], "rotation": 90, "texture": "#1"},
				"west": {"uv": [0, 0.5, 5, 2.071], "rotation": 90, "texture": "#1"},
				"up": {"uv": [0, 0, 1, 2.07106], "rotation": 180, "texture": "#1"},
				"down": {"uv": [0, 1.5, 1, 3.571], "rotation": 180, "texture": "#1"}
			}
		},
		{
			"name": "octagon",
			"from": [1, 20.5, 7.96447],
			"to": [2, 25.5, 10.03553],
			"rotation": {"angle": 22.5, "axis": "x", "origin": [1.49725, 23, 9]},
			"faces": {
				"east": {"uv": [0, 0.5, 5, 2.071], "rotation": 90, "texture": "#1"},
				"west": {"uv": [0, 0.5, 5, 2.071], "rotation": 90, "texture": "#1"},
				"up": {"uv": [0, 0, 1, 2.07106], "rotation": 180, "texture": "#1"},
				"down": {"uv": [0, 2.5, 1, 4.571], "rotation": 180, "texture": "#1"}
			}
		},
		{
			"name": "octagon",
			"from": [0.99, 21.96447, 6.5],
			"to": [1.99, 24.03553, 11.5],
			"rotation": {"angle": -22.5, "axis": "x", "origin": [1.49725, 23, 9]},
			"faces": {
				"north": {"uv": [0, 0, 1, 2.07106], "texture": "#1"},
				"east": {"uv": [0, 0.5, 5, 2.071], "texture": "#1"},
				"south": {"uv": [0, 1, 1, 3.071], "rotation": 180, "texture": "#1"},
				"west": {"uv": [0, 0.5, 5, 2.071], "texture": "#1"}
			}
		},
		{
			"name": "octagon",
			"from": [1, 21.96447, 6.5],
			"to": [2, 24.03553, 11.5],
			"rotation": {"angle": 22.5, "axis": "x", "origin": [1.49725, 23, 9]},
			"faces": {
				"north": {"uv": [0, 1, 1, 3.071], "texture": "#1"},
				"east": {"uv": [0, 0.5, 5, 2.071], "texture": "#1"},
				"south": {"uv": [0, 0, 1, 2.07106], "rotation": 180, "texture": "#1"},
				"west": {"uv": [0, 0.5, 5, 2.071], "texture": "#1"}
			}
		},
		{
			"from": [6, 24, 8],
			"to": [6, 27, 10],
			"rotation": {"angle": 45, "axis": "y", "origin": [6, 25.25, 9]},
			"faces": {
				"east": {"uv": [6, 5.5, 8, 8.5], "texture": "#1"},
				"west": {"uv": [6, 5.5, 8, 8.5], "texture": "#1"}
			}
		},
		{
			"from": [5, 24, 9],
			"to": [7, 27, 9],
			"rotation": {"angle": 45, "axis": "y", "origin": [6, 25.5, 9]},
			"faces": {
				"north": {"uv": [6, 5.5, 8, 8.5], "texture": "#1"},
				"south": {"uv": [6, 5.5, 8, 8.5], "texture": "#1"}
			}
		},
		{
			"from": [6.5, 22, 7.5],
			"to": [11.5, 24, 10.5],
			"rotation": {"angle": 0, "axis": "y", "origin": [14.5, 26, 19]},
			"faces": {
				"north": {"uv": [0, 14, 5, 16], "texture": "#1"},
				"south": {"uv": [5, 14, 0, 16], "texture": "#1"},
				"up": {"uv": [0, 11, 5, 14], "texture": "#1"},
				"down": {"uv": [0, 11, 5, 14], "texture": "#1"}
			}
		},
		{
			"from": [12.5, 17.5, 9],
			"to": [13.5, 20, 9],
			"rotation": {"angle": 45, "axis": "y", "origin": [13, 18.5, 9]},
			"faces": {
				"north": {"uv": [0, 0, 1, 2.5], "texture": "#1"},
				"south": {"uv": [0, 0, 1, 2.5], "texture": "#1"}
			}
		},
		{
			"from": [12.5, 25, 9],
			"to": [13.5, 27.5, 9],
			"rotation": {"angle": 45, "axis": "y", "origin": [13, 26, 9]},
			"faces": {
				"north": {"uv": [0, 0, 1, 2.5], "texture": "#1"},
				"south": {"uv": [0, 0, 1, 2.5], "texture": "#1"}
			}
		},
		{
			"from": [12.5, 17.5, 9],
			"to": [13.5, 20, 9],
			"rotation": {"angle": -45, "axis": "y", "origin": [13, 18.5, 9]},
			"faces": {
				"north": {"uv": [0, 2, 1, 4.5], "texture": "#1"},
				"south": {"uv": [0, 1, 1, 3.5], "texture": "#1"}
			}
		},
		{
			"from": [12.5, 25, 9],
			"to": [13.5, 27.5, 9],
			"rotation": {"angle": -45, "axis": "y", "origin": [13, 26, 9]},
			"faces": {
				"north": {"uv": [0, 0, 1, 2.5], "texture": "#1"},
				"south": {"uv": [0, 0, 1, 2.5], "texture": "#1"}
			}
		},
		{
			"from": [12.5, 17.5, 8],
			"to": [13.5, 17.5, 9.5],
			"rotation": {"angle": 0, "axis": "y", "origin": [18, 23, 19]},
			"faces": {
				"up": {"uv": [0, 0, 1, 1.5], "texture": "#1"},
				"down": {"uv": [0, 0, 1, 1.5], "texture": "#1"}
			}
		},
		{
			"from": [11.5, 20, 7.5],
			"to": [14.5, 25, 10.5],
			"rotation": {"angle": 0, "axis": "y", "origin": [18, 25.5, 19]},
			"faces": {
				"north": {"uv": [0, 6, 3, 11], "texture": "#1"},
				"east": {"uv": [11.5, 3.5, 14.5, 8.5], "texture": "#2"},
				"south": {"uv": [3, 6, 0, 11], "texture": "#1"},
				"west": {"uv": [3, 6, 6, 11], "texture": "#1"},
				"up": {"uv": [0, 3, 3, 6], "rotation": 180, "texture": "#1"},
				"down": {"uv": [0, 3, 3, 6], "rotation": 180, "texture": "#1"}
			}
		},
		{
			"from": [3, 17, 7],
			"to": [6.5, 24, 11],
			"rotation": {"angle": 0, "axis": "y", "origin": [10, 25, 19]},
			"faces": {
				"north": {"uv": [12.5, 0, 16, 7], "texture": "#1"},
				"east": {"uv": [8.5, 2, 12.5, 9], "rotation": 180, "texture": "#1"},
				"south": {"uv": [16, 0, 12.5, 7], "texture": "#1"},
				"west": {"uv": [8.5, 0, 12.5, 7], "texture": "#1"},
				"up": {"uv": [5, 0, 8.5, 4], "rotation": 180, "texture": "#1"}
			}
		},
		{
			"from": [0.5, 22.5, 8.5],
			"to": [3, 23.5, 9.5],
			"rotation": {"angle": 0, "axis": "y", "origin": [8.5, 30.5, 16.5]},
			"faces": {
				"north": {"uv": [6, 4, 8.5, 5], "texture": "#1"},
				"south": {"uv": [6, 4, 8.5, 5], "rotation": 180, "texture": "#1"},
				"west": {"uv": [0, 0, 1, 1], "texture": "#1"},
				"up": {"uv": [6, 4, 8.5, 5], "rotation": 180, "texture": "#1"},
				"down": {"uv": [6, 4, 8.5, 5], "rotation": 180, "texture": "#1"}
			}
		},
		{
			"from": [0, 15.005, 2],
			"to": [16, 16.005, 16],
			"rotation": {"angle": 0, "axis": "y", "origin": [8, 23.5, 7]},
			"faces": {
				"north": {"uv": [0, 7, 16, 8], "texture": "#7"},
				"south": {"uv": [0, 7, 16, 8], "texture": "#7"},
				"up": {"uv": [0, 0, 14, 16], "rotation": 90, "texture": "#4"},
				"down": {"uv": [0, 0, 14, 16], "rotation": 90, "texture": "#4"}
			}
		},
		{
			"from": [16, 15.005, 2],
			"to": [19, 16.005, 16],
			"rotation": {"angle": 0, "axis": "y", "origin": [24, 23.5, 7]},
			"faces": {
				"north": {"uv": [3, 9, 0, 10], "texture": "#7"},
				"east": {"uv": [0, 8, 14, 9], "texture": "#7"},
				"south": {"uv": [0, 9, 3, 10], "texture": "#7"},
				"down": {"uv": [0, 0, 14, 3], "rotation": 90, "texture": "#4"}
			}
		},
		{
			"from": [16, 16.005, 2],
			"to": [28, 16.505, 16],
			"rotation": {"angle": 0, "axis": "y", "origin": [24, 24.5, 7]},
			"faces": {
				"north": {"uv": [0, 0, 0.5, 12], "rotation": 90, "texture": "#4"},
				"east": {"uv": [0, 0, 0.5, 14], "rotation": 90, "texture": "#4"},
				"south": {"uv": [0, 0, 0.5, 12], "rotation": 90, "texture": "#4"},
				"west": {"uv": [0, 0, 0.5, 14], "rotation": 90, "texture": "#4"},
				"up": {"uv": [0, 0, 14, 12], "rotation": 90, "texture": "#4"},
				"down": {"uv": [0, 0, 14, 12], "rotation": 90, "texture": "#4"}
			}
		},
		{
			"from": [0, 12.005, 3],
			"to": [16, 15.005, 15],
			"rotation": {"angle": 0, "axis": "y", "origin": [8, 24, 7]},
			"faces": {
				"north": {"uv": [0, 0, 16, 3], "texture": "#7"},
				"south": {"uv": [0, 0, 16, 3], "texture": "#7"},
				"down": {"uv": [0, 0, 12, 16], "rotation": 90, "texture": "#4"}
			}
		},
		{
			"from": [15, 0, 14],
			"to": [16, 2, 15],
			"rotation": {"angle": 0, "axis": "y", "origin": [23.5, 8, 22.5]},
			"faces": {
				"north": {"uv": [0, 14, 1, 16], "texture": "#5"},
				"east": {"uv": [0, 14, 1, 16], "rotation": 180, "texture": "#5"},
				"south": {"uv": [0, 14, 1, 16], "texture": "#5"},
				"west": {"uv": [0, 14, 1, 16], "rotation": 180, "texture": "#5"},
				"down": {"uv": [0, 15, 1, 16], "texture": "#5"}
			}
		},
		{
			"from": [15, 6.6375, 12],
			"to": [16, 12, 13],
			"rotation": {"angle": 0, "axis": "y", "origin": [23.5, 17.5, 20.5]},
			"faces": {
				"north": {"uv": [0, 3, 1, 8.362], "texture": "#5"},
				"east": {"uv": [0, 3, 1, 8.3625], "rotation": 180, "texture": "#5"},
				"south": {"uv": [0, 3, 1, 8.3625], "texture": "#5"},
				"west": {"uv": [0, 3, 1, 8.3625], "rotation": 180, "texture": "#5"}
			}
		},
		{
			"from": [14.999, 2, 14],
			"to": [15.999, 7.4375, 15],
			"rotation": {"angle": -22.5, "axis": "x", "origin": [15.5, 2, 15]},
			"faces": {
				"north": {"uv": [0, 8.5, 1, 13.9375], "texture": "#5"},
				"east": {"uv": [0, 7, 1, 12.4375], "rotation": 180, "texture": "#5"},
				"south": {"uv": [0, 8.5, 1, 13.9375], "texture": "#5"},
				"west": {"uv": [0, 7, 1, 12.4375], "rotation": 180, "texture": "#5"},
				"up": {"uv": [0, 0, 1, 1], "texture": "#missing"}
			}
		},
		{
			"from": [15, 6.6375, 5],
			"to": [16, 12, 6],
			"rotation": {"angle": 0, "axis": "y", "origin": [23.5, 17.5, -2.5]},
			"faces": {
				"north": {"uv": [0, 3, 1, 8.362], "texture": "#5"},
				"east": {"uv": [0, 3, 1, 8.3625], "rotation": 180, "texture": "#5"},
				"south": {"uv": [0, 3, 1, 8.362], "texture": "#5"},
				"west": {"uv": [0, 3, 1, 8.3625], "rotation": 180, "texture": "#5"}
			}
		},
		{
			"from": [14.999, 2, 3],
			"to": [15.999, 7.4375, 4],
			"rotation": {"angle": 22.5, "axis": "x", "origin": [15.5, 2, 3]},
			"faces": {
				"north": {"uv": [0, 8.5, 1, 13.938], "texture": "#5"},
				"east": {"uv": [0, 7, 1, 12.4375], "rotation": 180, "texture": "#5"},
				"south": {"uv": [0, 8.5, 1, 13.938], "texture": "#5"},
				"west": {"uv": [0, 7, 1, 12.4375], "rotation": 180, "texture": "#5"},
				"up": {"uv": [0, 1, 1, 2], "texture": "#missing"}
			}
		},
		{
			"from": [15, 0, 3],
			"to": [16, 2, 4],
			"rotation": {"angle": 0, "axis": "y", "origin": [23.5, 8, -4.5]},
			"faces": {
				"north": {"uv": [0, 14, 1, 16], "texture": "#5"},
				"east": {"uv": [0, 14, 1, 16], "rotation": 180, "texture": "#5"},
				"south": {"uv": [0, 14, 1, 16], "texture": "#5"},
				"west": {"uv": [0, 14, 1, 16], "rotation": 180, "texture": "#5"},
				"down": {"uv": [0, 15, 1, 16], "texture": "#5"}
			}
		},
		{
			"from": [0, 6.6375, 5],
			"to": [1, 12, 6],
			"rotation": {"angle": 0, "axis": "y", "origin": [-7.5, 17.5, -2.5]},
			"faces": {
				"north": {"uv": [0, 3, 1, 8.362], "texture": "#5"},
				"east": {"uv": [0, 3, 1, 8.3625], "rotation": 180, "texture": "#5"},
				"south": {"uv": [0, 3, 1, 8.362], "texture": "#5"},
				"west": {"uv": [0, 3, 1, 8.3625], "rotation": 180, "texture": "#5"}
			}
		},
		{
			"from": [0.001, 2, 3],
			"to": [1.001, 7.4375, 4],
			"rotation": {"angle": 22.5, "axis": "x", "origin": [0.5, 2, 3]},
			"faces": {
				"north": {"uv": [0, 8.5, 1, 13.938], "texture": "#5"},
				"east": {"uv": [0, 7, 1, 12.4375], "rotation": 180, "texture": "#5"},
				"south": {"uv": [0, 8.5, 1, 13.9375], "texture": "#5"},
				"west": {"uv": [0, 7, 1, 12.4375], "rotation": 180, "texture": "#5"},
				"up": {"uv": [1, 1, 2, 2], "texture": "#missing"}
			}
		},
		{
			"from": [0, 0, 3],
			"to": [1, 2, 4],
			"rotation": {"angle": 0, "axis": "y", "origin": [-7.5, 8, -4.5]},
			"faces": {
				"north": {"uv": [0, 14, 1, 16], "texture": "#5"},
				"east": {"uv": [0, 14, 1, 16], "rotation": 180, "texture": "#5"},
				"south": {"uv": [0, 14, 1, 16], "texture": "#5"},
				"west": {"uv": [0, 14, 1, 16], "rotation": 180, "texture": "#5"},
				"down": {"uv": [0, 15, 1, 16], "texture": "#5"}
			}
		},
		{
			"from": [0, 0, 14],
			"to": [1, 2, 15],
			"rotation": {"angle": 0, "axis": "y", "origin": [-7.5, 8, 22.5]},
			"faces": {
				"north": {"uv": [0, 14, 1, 16], "texture": "#5"},
				"east": {"uv": [0, 14, 1, 16], "rotation": 180, "texture": "#5"},
				"south": {"uv": [0, 14, 1, 16], "texture": "#5"},
				"west": {"uv": [0, 14, 1, 16], "rotation": 180, "texture": "#5"},
				"down": {"uv": [0, 15, 1, 16], "texture": "#5"}
			}
		},
		{
			"from": [0.001, 2, 14],
			"to": [1.001, 7.4375, 15],
			"rotation": {"angle": -22.5, "axis": "x", "origin": [0.5, 2, 15]},
			"faces": {
				"north": {"uv": [0, 8.5, 1, 13.938], "texture": "#5"},
				"east": {"uv": [0, 7, 1, 12.4375], "rotation": 180, "texture": "#5"},
				"south": {"uv": [0, 8.5, 1, 13.9375], "texture": "#5"},
				"west": {"uv": [0, 7, 1, 12.4375], "rotation": 180, "texture": "#5"}
			}
		},
		{
			"from": [0, 6.6375, 12],
			"to": [1, 12, 13],
			"rotation": {"angle": 0, "axis": "y", "origin": [-7.5, 17.5, 20.5]},
			"faces": {
				"north": {"uv": [0, 3, 1, 8.362], "texture": "#5"},
				"east": {"uv": [0, 3, 1, 8.3625], "rotation": 180, "texture": "#5"},
				"south": {"uv": [0, 3, 1, 8.362], "texture": "#5"},
				"west": {"uv": [0, 3, 1, 8.3625], "rotation": 180, "texture": "#5"}
			}
		},
		{
			"from": [0.5, 1.5, 4],
			"to": [0.5, 2.5, 14],
			"rotation": {"angle": 0, "axis": "y", "origin": [8, 8, 7]},
			"faces": {
				"east": {"uv": [0, 6, 1, 16], "rotation": 90, "texture": "#5"},
				"west": {"uv": [0, 6, 1, 16], "rotation": 90, "texture": "#5"}
			}
		},
		{
			"from": [15.5, 1.5, 4],
			"to": [15.5, 2.5, 14],
			"rotation": {"angle": 0, "axis": "y", "origin": [23, 8, 7]},
			"faces": {
				"east": {"uv": [0, 6, 1, 16], "rotation": 90, "texture": "#5"},
				"west": {"uv": [0, 6, 1, 16], "rotation": 90, "texture": "#5"}
			}
		},
		{
			"from": [0.5, 6, 5.5],
			"to": [0.5, 7, 12.5],
			"rotation": {"angle": 0, "axis": "y", "origin": [8, 12.5, 7]},
			"faces": {
				"east": {"uv": [0, 0, 1, 7], "rotation": 90, "texture": "#5"},
				"west": {"uv": [0, 0, 1, 7], "rotation": 90, "texture": "#5"}
			}
		},
		{
			"from": [15.5, 6, 5.5],
			"to": [15.5, 7, 12.5],
			"rotation": {"angle": 0, "axis": "y", "origin": [23, 12.5, 7]},
			"faces": {
				"east": {"uv": [0, 0, 1, 7], "rotation": 90, "texture": "#5"},
				"west": {"uv": [0, 0, 1, 7], "rotation": 90, "texture": "#5"}
			}
		},
		{
			"from": [-3, 11.005, 3],
			"to": [0, 15.005, 15],
			"rotation": {"angle": 0, "axis": "y", "origin": [-8, 23, 7]},
			"faces": {
				"north": {"uv": [0, 12, 3, 16], "texture": "#7"},
				"east": {"uv": [0, 3, 12, 7], "texture": "#7"},
				"south": {"uv": [0, 12, 3, 16], "texture": "#7"},
				"west": {"uv": [0, 3, 12, 7], "texture": "#7"},
				"down": {"uv": [0, 0, 3, 12], "texture": "#4"}
			}
		},
		{
			"from": [16, 11.005, 3],
			"to": [19, 15.005, 15],
			"rotation": {"angle": 0, "axis": "y", "origin": [11, 23, 7]},
			"faces": {
				"north": {"uv": [0, 12, 3, 16], "texture": "#7"},
				"east": {"uv": [0, 3, 12, 7], "texture": "#7"},
				"south": {"uv": [0, 12, 3, 16], "texture": "#7"},
				"west": {"uv": [0, 3, 12, 7], "texture": "#7"},
				"down": {"uv": [0, 0, 3, 12], "texture": "#4"}
			}
		},
		{
			"from": [-3, 15.005, 2],
			"to": [0, 16.005, 16],
			"rotation": {"angle": 0, "axis": "y", "origin": [2, 23.5, 7]},
			"faces": {
				"north": {"uv": [0, 9, 3, 10], "texture": "#7"},
				"south": {"uv": [3, 9, 0, 10], "texture": "#7"},
				"west": {"uv": [0, 8, 14, 9], "texture": "#7"},
				"up": {"uv": [0, 0, 14, 3], "rotation": 90, "texture": "#4"},
				"down": {"uv": [0, 0, 3, 3], "rotation": 90, "texture": "#4"}
			}
		},
		{
			"from": [4, 1, 4],
			"to": [14, 2, 11],
			"rotation": {"angle": 0, "axis": "y", "origin": [19.5, 9, 12]},
			"faces": {
				"north": {"uv": [0, 6, 1, 16], "rotation": 90, "texture": "#5"},
				"east": {"uv": [0, 0, 1, 7], "rotation": 90, "texture": "#5"},
				"south": {"uv": [0, 0, 1, 10], "rotation": 90, "texture": "#5"},
				"west": {"uv": [0, 0, 1, 7], "rotation": 90, "texture": "#5"},
				"up": {"uv": [6, 9, 16, 16], "texture": "#6"},
				"down": {"uv": [6, 9, 16, 16], "texture": "#6"}
			}
		},
		{
			"from": [1, 0.5, 9],
			"to": [15, 12.5, 9],
			"rotation": {"angle": 22.5, "axis": "x", "origin": [8, 6.5, 9]},
			"faces": {
				"north": {"uv": [2, 0, 16, 12], "texture": "#5"},
				"south": {"uv": [16, 0, 2, 11], "texture": "#5"}
			}
		},
		{
			"name": "octagon",
			"from": [2, 5.13604, 4.5],
			"to": [3, 8.86396, 13.5],
			"rotation": {"angle": 22.5, "axis": "x", "origin": [2.5005, 7, 9]},
			"faces": {
				"north": {"uv": [0, 0, 1, 3.72792], "texture": "#5"},
				"east": {"uv": [7, 12, 16, 15.728], "texture": "#5"},
				"south": {"uv": [0, 0, 1, 3.72792], "rotation": 180, "texture": "#5"},
				"west": {"uv": [7, 12, 16, 15.728], "texture": "#5"}
			}
		},
		{
			"name": "octagon",
			"from": [2.001, 5.13604, 4.5],
			"to": [3.001, 8.86396, 13.5],
			"rotation": {"angle": -22.5, "axis": "x", "origin": [2.5005, 7, 9]},
			"faces": {
				"north": {"uv": [0, 0, 1, 3.72792], "texture": "#5"},
				"east": {"uv": [7, 12, 16, 15.728], "texture": "#5"},
				"south": {"uv": [0, 0, 1, 3.72792], "rotation": 180, "texture": "#5"},
				"west": {"uv": [7, 12, 16, 15.728], "texture": "#5"}
			}
		},
		{
			"name": "octagon",
			"from": [2, 2.5, 7.13604],
			"to": [3, 11.5, 10.86396],
			"rotation": {"angle": 22.5, "axis": "x", "origin": [2.5005, 7, 9]},
			"faces": {
				"east": {"uv": [7, 12, 16, 15.728], "rotation": 90, "texture": "#5"},
				"west": {"uv": [7, 12, 16, 15.728], "rotation": 90, "texture": "#5"},
				"up": {"uv": [0, 0, 1, 3.72792], "rotation": 180, "texture": "#5"},
				"down": {"uv": [0, 0, 1, 3.72792], "rotation": 180, "texture": "#5"}
			}
		},
		{
			"name": "octagon",
			"from": [2.001, 2.5, 7.13604],
			"to": [3.001, 11.5, 10.86396],
			"rotation": {"angle": -22.5, "axis": "x", "origin": [2.5005, 7, 9]},
			"faces": {
				"east": {"uv": [7, 12, 16, 15.728], "rotation": 90, "texture": "#5"},
				"west": {"uv": [7, 12, 16, 15.728], "rotation": 90, "texture": "#5"},
				"up": {"uv": [0, 0, 1, 3.72792], "rotation": 180, "texture": "#5"},
				"down": {"uv": [0, 0, 1, 3.72792], "rotation": 180, "texture": "#5"}
			}
		},
		{
			"from": [0.51, 2.5, 8.3],
			"to": [0.51, 12, 9.3],
			"rotation": {"angle": 0, "axis": "y", "origin": [8, 9, 7.3]},
			"faces": {
				"east": {"uv": [0, 0, 1, 9.5], "texture": "#5"},
				"west": {"uv": [0, 0, 1, 9.5], "texture": "#5"}
			}
		},
		{
			"from": [15.51, 2.5, 8.3],
			"to": [15.51, 12, 9.3],
			"rotation": {"angle": 0, "axis": "y", "origin": [23, 9, 7.3]},
			"faces": {
				"east": {"uv": [0, 0, 1, 9.5], "texture": "#5"},
				"west": {"uv": [0, 0, 1, 9.5], "texture": "#5"}
			}
		},
		{
			"from": [2, 8, 8.7],
			"to": [2.5, 14.5, 8.7],
			"rotation": {"angle": 22.5, "axis": "x", "origin": [2, 19, 8.7]},
			"faces": {
				"north": {"uv": [0, 8.5, 0.5, 15], "texture": "#5"},
				"south": {"uv": [0, 0, 0.5, 6.5], "texture": "#5"}
			}
		},
		{
			"from": [2, 8, 9.3],
			"to": [2.5, 14.5, 9.3],
			"rotation": {"angle": -22.5, "axis": "x", "origin": [2, 19, 9.3]},
			"faces": {
				"north": {"uv": [0, 0, 0.5, 6.5], "texture": "#5"},
				"south": {"uv": [0, 0, 0.5, 6.5], "texture": "#5"}
			}
		}
	],
	"display": {
		"thirdperson_righthand": {
			"rotation": [80, 0, 0],
			"translation": [-3.75, 4.25, -3],
			"scale": [0.65, 0.65, 0.65]
		},
		"thirdperson_lefthand": {
			"rotation": [80, 0, 0],
			"translation": [-3.75, 4.25, -3],
			"scale": [0.65, 0.65, 0.65]
		},
		"firstperson_righthand": {
			"translation": [5.5, 0.25, 0],
			"scale": [0.5, 0.5, 0.5]
		},
		"firstperson_lefthand": {
			"translation": [5.5, 0.25, 0],
			"scale": [0.5, 0.5, 0.5]
		},
		"ground": {
			"translation": [0, 1, 0],
			"scale": [0.5, 0.5, 0.5]
		},
		"gui": {
			"rotation": [30, -135, 0],
			"translation": [2, -1.75, 0],
			"scale": [0.5, 0.5, 0.5]
		},
		"head": {
			"translation": [0, 14.5, 0]
		},
		"fixed": {
			"rotation": [-90, 0, 0],
			"translation": [0, 0, -15],
			"scale": [2, 2, 2]
		}
	}
}