{
	"credit": "Made with Blockbench",
	"textures": {
		"0": "block/pc_1",
		"1": "block/pc_2",
		"particle": "block/pc_1"
	},
	"elements": [
		{
			"from": [1.5, 0, 0.5],
			"to": [14.5, 0.5, 6],
			"rotation": {"angle": 0, "axis": "x", "origin": [0, -0.5, 0]},
			"faces": {
				"north": {"uv": [0, 6, 13, 6.5], "texture": "#1"},
				"east": {"uv": [0, 6, 5.5, 6.5], "texture": "#1"},
				"south": {"uv": [0, 6, 13, 6.5], "texture": "#1"},
				"west": {"uv": [0, 6, 5.5, 6.5], "texture": "#1"},
				"up": {"uv": [0, 9.5, 12, 14.5], "texture": "#0"},
				"down": {"uv": [0, 6, 13, 11], "texture": "#1"}
			}
		},
		{
			"from": [2, 0.5, 1],
			"to": [14, 1, 5.5],
			"rotation": {"angle": 0, "axis": "y", "origin": [0, 0.5, 0]},
			"faces": {
				"north": {"uv": [0, 4, 12, 4.5], "texture": "#1"},
				"east": {"uv": [0, 0, 0.5, 4.5], "rotation": 270, "texture": "#1"},
				"south": {"uv": [12, 0, 0, 0.5], "texture": "#1"},
				"west": {"uv": [11.5, 0, 12, 4.5], "rotation": 90, "texture": "#1"},
				"up": {"uv": [0, 0, 12, 4.5], "rotation": 180, "texture": "#1"}
			}
		},
		{
			"from": [2, 0, 6.5],
			"to": [14, 4.5, 15],
			"rotation": {"angle": 0, "axis": "y", "origin": [0, 0.5, 6.5]},
			"faces": {
				"north": {"uv": [11.5, 0, 16, 12], "rotation": 90, "texture": "#0"},
				"east": {"uv": [4.5, 6, 13, 10.5], "texture": "#1"},
				"south": {"uv": [0, 10.5, 12, 15], "texture": "#1"},
				"west": {"uv": [0, 6, 8.5, 10.5], "texture": "#1"},
				"up": {"uv": [0, 6, 12, 11], "texture": "#1"},
				"down": {"uv": [0, 6, 12, 11], "texture": "#1"}
			}
		},
		{
			"from": [6, 5, 9],
			"to": [9.5, 6, 11.5],
			"rotation": {"angle": 0, "axis": "y", "origin": [0, 1, 6.5]},
			"faces": {
				"north": {"uv": [1.5, 8.5, 5, 9.5], "texture": "#0"},
				"east": {"uv": [1.5, 8.5, 4, 9.5], "texture": "#0"},
				"south": {"uv": [1.5, 8.5, 5, 9.5], "texture": "#0"},
				"west": {"uv": [1.5, 8.5, 4, 9.5], "texture": "#0"}
			}
		},
		{
			"from": [4, 4.5, 7.5],
			"to": [11.5, 5, 13],
			"rotation": {"angle": 0, "axis": "y", "origin": [0, 0.5, 6.5]},
			"faces": {
				"north": {"uv": [2, 15.5, 9.5, 16], "texture": "#0"},
				"east": {"uv": [2, 15.5, 7.5, 16], "texture": "#0"},
				"south": {"uv": [2, 15.5, 9.5, 16], "texture": "#0"},
				"west": {"uv": [2, 15.5, 7.5, 16], "texture": "#0"},
				"up": {"uv": [0, 9.5, 7.5, 14], "texture": "#0"}
			}
		},
		{
			"from": [2.5, 5.5, 7],
			"to": [13.5, 15, 10.5],
			"rotation": {"angle": 0, "axis": "y", "origin": [0, 10, 6.5]},
			"faces": {
				"north": {"uv": [0, 0, 12, 9.5], "texture": "#0"},
				"east": {"uv": [12.5, 0, 16, 9.5], "texture": "#1"},
				"south": {"uv": [0, 6, 12, 15.5], "texture": "#1"},
				"west": {"uv": [12.5, 0, 16, 9.5], "texture": "#1"},
				"up": {"uv": [12.5, 0, 16, 11], "rotation": 90, "texture": "#1"},
				"down": {"uv": [12.5, 0, 16, 11], "rotation": 90, "texture": "#1"}
			}
		},
		{
			"from": [3.5, 6, 10],
			"to": [12.5, 14, 15.5],
			"rotation": {"angle": 0, "axis": "y", "origin": [0, 10, 12.5]},
			"faces": {
				"east": {"uv": [2.5, 7, 8, 15], "texture": "#1"},
				"south": {"uv": [2.5, 7, 11.5, 15], "texture": "#1"},
				"west": {"uv": [2.5, 7, 8, 15], "texture": "#1"},
				"up": {"uv": [0, 6, 9, 10.5], "texture": "#1"},
				"down": {"uv": [0, 6, 9, 10.5], "texture": "#1"}
			}
		}
	],
	"display": {
		"thirdperson_righthand": {
			"rotation": [80, 0, 0],
			"translation": [-3.75, 4.25, 4.5],
			"scale": [0.65, 0.65, 0.65]
		},
		"thirdperson_lefthand": {
			"rotation": [80, 0, 0],
			"translation": [-3.75, 4.25, 4.5],
			"scale": [0.65, 0.65, 0.65]
		},
		"firstperson_righthand": {
			"translation": [7.75, 5.75, 0],
			"scale": [0.7, 0.7, 0.7]
		},
		"firstperson_lefthand": {
			"translation": [7.75, 5.75, 0],
			"scale": [0.7, 0.7, 0.7]
		},
		"ground": {
			"translation": [0, 3.75, 0],
			"scale": [0.8, 0.8, 0.8]
		},
		"gui": {
			"rotation": [30, -135, 0],
			"translation": [0, 0.25, 0],
			"scale": [0.8, 0.8, 0.8]
		},
		"head": {
			"translation": [0, 14.5, 0]
		},
		"fixed": {
			"rotation": [-90, 0, 0],
			"translation": [0, 0, -15],
			"scale": [2, 2, 2]
		}
	}
}