{
	"credit": "Made with Blockbench",
	"textures": {
		"0": "block/regi1",
		"1": "block/regi2",
		"2": "block/gramophone_parts",
		"3": "block/piano_top_brown",
		"particle": "block/regi1"
	},
	"elements": [
		{
			"from": [1, 0, 1],
			"to": [15, 4, 15],
			"faces": {
				"north": {"uv": [0, 12, 14, 16], "texture": "#0"},
				"east": {"uv": [0, 8, 14, 12], "texture": "#0"},
				"south": {"uv": [0, 8, 14, 12], "texture": "#0"},
				"west": {"uv": [0, 8, 14, 12], "texture": "#0"},
				"up": {"uv": [0, 6, 14, 16], "rotation": 180, "texture": "#3"},
				"down": {"uv": [0, 6, 14, 16], "rotation": 180, "texture": "#3"}
			}
		},
		{
			"from": [1.5, 4, 3],
			"to": [14.5, 8, 14.5],
			"faces": {
				"north": {"uv": [0, 0, 13, 4], "texture": "#1"},
				"east": {"uv": [0, 0, 13, 4], "texture": "#1"},
				"south": {"uv": [0, 0, 13, 4], "texture": "#1"},
				"west": {"uv": [0, 0, 13, 4], "texture": "#1"},
				"up": {"uv": [0, 6, 13, 15], "rotation": 180, "texture": "#3"}
			}
		},
		{
			"from": [2, 11.5, 9.5],
			"to": [14, 16, 14.5],
			"faces": {
				"north": {"uv": [0, 0, 12, 4.5], "texture": "#0"},
				"east": {"uv": [8, 0, 13, 4.5], "texture": "#1"},
				"south": {"uv": [0, 0, 13, 5], "texture": "#1"},
				"west": {"uv": [0, 0, 5, 4.5], "texture": "#1"},
				"up": {"uv": [0, 0, 13, 5], "texture": "#1"}
			}
		},
		{
			"name": "octagon",
			"from": [2.02, 3.01472, 3.5],
			"to": [13.98, 7.98528, 6],
			"rotation": {"angle": 45, "axis": "x", "origin": [8, 5.5, 9.5]},
			"faces": {
				"north": {"uv": [0, 10, 12, 15], "texture": "#1"},
				"east": {"uv": [0, 8, 5, 12], "rotation": 90, "texture": "#0"},
				"west": {"uv": [0, 8, 5, 12], "rotation": 270, "texture": "#0"}
			}
		},
		{
			"name": "octagon",
			"from": [2, 8, 7.01472],
			"to": [14, 11.5, 14.50002],
			"rotation": {"angle": 0, "axis": "x", "origin": [8, 5.5, 9.5]},
			"faces": {
				"east": {"uv": [0, 8, 7.4853, 11.5], "texture": "#0"},
				"south": {"uv": [1, 8, 13, 11.5], "texture": "#0"},
				"west": {"uv": [6, 8, 13.4853, 11.5], "texture": "#0"},
				"up": {"uv": [0, 3, 12, 10], "rotation": 180, "texture": "#1"}
			}
		},
		{
			"from": [0, 6.5, 7.5],
			"to": [2.5, 10, 7.5],
			"faces": {
				"north": {"uv": [0, 0, 2.5, 3.5], "texture": "#2"},
				"south": {"uv": [2.5, 0, 0, 3.5], "texture": "#2"}
			}
		}
	],
	"display": {
		"thirdperson_righthand": {
			"rotation": [80, 0, 0],
			"translation": [-3.75, 4.25, 4.5],
			"scale": [0.65, 0.65, 0.65]
		},
		"thirdperson_lefthand": {
			"rotation": [80, 0, 0],
			"translation": [-3.75, 4.25, 4.5],
			"scale": [0.65, 0.65, 0.65]
		},
		"firstperson_righthand": {
			"translation": [7.75, 5.75, 0],
			"scale": [0.7, 0.7, 0.7]
		},
		"firstperson_lefthand": {
			"translation": [7.75, 5.75, 0],
			"scale": [0.7, 0.7, 0.7]
		},
		"ground": {
			"translation": [0, 3.75, 0],
			"scale": [0.8, 0.8, 0.8]
		},
		"gui": {
			"rotation": [30, -135, 0],
			"translation": [0, 0.25, 0],
			"scale": [0.8, 0.8, 0.8]
		},
		"head": {
			"translation": [0, 14.5, 0]
		},
		"fixed": {
			"rotation": [-90, 0, 0],
			"translation": [0, 0, -15],
			"scale": [2, 2, 2]
		}
	}
}