{
	"credit": "Made with Blockbench",
	"textures": {
		"particle": "block/tv_front",
		"front": "block/tv_front",
		"side": "block/tv_black_side",
		"back": "block/tv_black_back"
	},
	"elements": [
		{
			"from": [1, 0, 4],
			"to": [15, 14, 13],
			"faces": {
				"north": {"uv": [0, 0, 16, 16], "texture": "#front"},
				"east": {"uv": [0, 0, 11, 16], "texture": "#side"},
				"south": {"uv": [0, 0, 16, 16], "texture": "#back"},
				"west": {"uv": [1, 0, 12, 16], "texture": "#side"},
				"up": {"uv": [1, 0, 12, 16], "rotation": 90, "texture": "#side"},
				"down": {"uv": [0, 0, 11, 16], "rotation": 90, "texture": "#side"}
			}
		},
		{
			"from": [1.5, 1, 3],
			"to": [2, 13.5, 4],
			"faces": {
				"north": {"uv": [15, 0.5, 15.5, 15], "texture": "#front"},
				"east": {"uv": [14.5, 1, 15.5, 15], "texture": "#front"}
			}
		},
		{
			"from": [1, 0, 3],
			"to": [1.5, 14, 4],
			"faces": {
				"north": {"uv": [15.5, 0, 16, 16], "texture": "#back"},
				"west": {"uv": [0, 0, 1.5, 16], "texture": "#side"},
				"up": {"uv": [0, 15, 1, 16], "rotation": 90, "texture": "#side"},
				"down": {"uv": [11, 0, 12, 16], "rotation": 90, "texture": "#side"}
			}
		},
		{
			"from": [14.5, 0, 3],
			"to": [15, 14, 4],
			"faces": {
				"north": {"uv": [0, 0, 0.5, 16], "texture": "#back"},
				"east": {"uv": [11, 0, 12, 16], "texture": "#side"},
				"up": {"uv": [0, 0, 1, 1], "rotation": 90, "texture": "#side"},
				"down": {"uv": [11, 0, 12, 16], "rotation": 90, "texture": "#side"}
			}
		},
		{
			"from": [14, 1, 3],
			"to": [14.5, 13.5, 4],
			"faces": {
				"north": {"uv": [0.5, 0.5, 1, 15], "texture": "#front"},
				"west": {"uv": [0.5, 1, 1.5, 15], "texture": "#front"}
			}
		},
		{
			"from": [1.5, 13.5, 3],
			"to": [14.5, 14, 4],
			"faces": {
				"north": {"uv": [0.5, 0, 15.5, 0.5], "texture": "#back"},
				"up": {"uv": [0, 1, 1, 15], "rotation": 90, "texture": "#side"}
			}
		},
		{
			"from": [2, 13, 3],
			"to": [14, 13.5, 4],
			"faces": {
				"north": {"uv": [1, 0.5, 15, 1], "texture": "#front"},
				"down": {"uv": [1, 0.5, 15, 1.5], "rotation": 180, "texture": "#front"}
			}
		},
		{
			"from": [2, 1, 3],
			"to": [14, 1.5, 4],
			"faces": {
				"north": {"uv": [1, 14.5, 15, 15], "texture": "#front"},
				"up": {"uv": [1, 0.5, 15, 1.5], "texture": "#front"}
			}
		},
		{
			"from": [1.5, 0, 3],
			"to": [14.5, 1, 4],
			"faces": {
				"north": {"uv": [0.5, 15, 15.5, 16], "texture": "#back"},
				"down": {"uv": [0, 0, 1, 16], "rotation": 90, "texture": "#side"}
			}
		},
		{
			"from": [5, 2.5, 13],
			"to": [11, 8.5, 15],
			"faces": {
				"east": {"uv": [14, 4, 16, 10], "rotation": 180, "texture": "#side"},
				"south": {"uv": [5, 7, 11, 13], "texture": "#back"},
				"west": {"uv": [14, 1, 16, 7], "texture": "#side"},
				"up": {"uv": [14, 3, 16, 9], "rotation": 90, "texture": "#side"},
				"down": {"uv": [14, 4, 16, 10], "rotation": 270, "texture": "#side"}
			}
		},
		{
			"from": [3.3, 1.9, 3],
			"to": [5, 3.6, 3.5],
			"rotation": {"angle": 0, "axis": "z", "origin": [4.1, 2.7, 3.25]},
			"faces": {
				"north": {"uv": [11.5, 12, 13.5, 14], "texture": "#front"},
				"east": {"uv": [11.5, 12, 12, 14], "texture": "#front"},
				"west": {"uv": [13, 12, 13.5, 14], "texture": "#front"},
				"up": {"uv": [11.5, 12, 13.5, 12.5], "rotation": 180, "texture": "#front"},
				"down": {"uv": [11.5, 13.5, 13.5, 14], "rotation": 180, "texture": "#front"}
			}
		},
		{
			"from": [11, 1.9, 3],
			"to": [12.7, 3.6, 3.5],
			"faces": {
				"north": {"uv": [2.5, 12, 4.5, 14], "texture": "#front"},
				"east": {"uv": [2.5, 12, 3, 14], "texture": "#front"},
				"west": {"uv": [4, 12, 4.5, 14], "texture": "#front"},
				"up": {"uv": [2.5, 12, 4.5, 12.5], "rotation": 180, "texture": "#front"},
				"down": {"uv": [2.5, 13.5, 4.5, 14], "rotation": 180, "texture": "#front"}
			}
		},
		{
			"from": [2, 1, 3.5],
			"to": [14, 4.5, 4],
			"faces": {
				"north": {"uv": [1, 11, 15, 15], "texture": "#front"},
				"up": {"uv": [1, 0.5, 15, 1], "texture": "#front"}
			}
		}
	],
	"display": {
		"thirdperson_righthand": {
			"rotation": [80, 0, 0],
			"translation": [-3.75, 4.25, 4.5],
			"scale": [0.65, 0.65, 0.65]
		},
		"thirdperson_lefthand": {
			"rotation": [80, 0, 0],
			"translation": [-3.75, 4.25, 4.5],
			"scale": [0.65, 0.65, 0.65]
		},
		"firstperson_righthand": {
			"translation": [7.75, 5.75, 0],
			"scale": [0.7, 0.7, 0.7]
		},
		"firstperson_lefthand": {
			"translation": [7.75, 5.75, 0],
			"scale": [0.7, 0.7, 0.7]
		},
		"ground": {
			"translation": [0, 3.75, 0],
			"scale": [0.8, 0.8, 0.8]
		},
		"gui": {
			"rotation": [30, -135, 0],
			"translation": [0, 0.25, 0],
			"scale": [0.8, 0.8, 0.8]
		},
		"head": {
			"translation": [0, 14.5, 0]
		},
		"fixed": {
			"rotation": [-90, 0, 0],
			"translation": [0, 0, -15],
			"scale": [2, 2, 2]
		}
	}
}