{
	"credit": "Made with Blockbench",
	"textures": {
		"4": "block/stainless_plate",
		"particle": "block/tv_front",
		"front": "block/tv_front",
		"side": "block/tv_black_side",
		"back": "block/tv_black_back"
	},
	"elements": [
		{
			"from": [1, 8, 4],
			"to": [15, 22, 13],
			"rotation": {"angle": 0, "axis": "y", "origin": [0, 8, 0]},
			"faces": {
				"north": {"uv": [0, 0, 16, 16], "texture": "#front"},
				"east": {"uv": [0, 0, 11, 16], "texture": "#side"},
				"south": {"uv": [0, 0, 16, 16], "texture": "#back"},
				"west": {"uv": [1, 0, 12, 16], "texture": "#side"},
				"up": {"uv": [1, 0, 12, 16], "rotation": 90, "texture": "#side"},
				"down": {"uv": [0, 0, 11, 16], "rotation": 90, "texture": "#side"}
			}
		},
		{
			"from": [1.5, 9, 3],
			"to": [2, 21.5, 4],
			"rotation": {"angle": 0, "axis": "y", "origin": [0, 8, 0]},
			"faces": {
				"north": {"uv": [15, 0.5, 15.5, 15], "texture": "#front"},
				"east": {"uv": [14.5, 1, 15.5, 15], "texture": "#front"}
			}
		},
		{
			"from": [1, 8, 3],
			"to": [1.5, 22, 4],
			"rotation": {"angle": 0, "axis": "y", "origin": [0, 8, 0]},
			"faces": {
				"north": {"uv": [15.5, 0, 16, 16], "texture": "#back"},
				"west": {"uv": [0, 0, 1.5, 16], "texture": "#side"},
				"up": {"uv": [0, 15, 1, 16], "rotation": 90, "texture": "#side"},
				"down": {"uv": [11, 0, 12, 16], "rotation": 90, "texture": "#side"}
			}
		},
		{
			"from": [14.5, 8, 3],
			"to": [15, 22, 4],
			"rotation": {"angle": 0, "axis": "y", "origin": [0, 8, 0]},
			"faces": {
				"north": {"uv": [0, 0, 0.5, 16], "texture": "#back"},
				"east": {"uv": [11, 0, 12, 16], "texture": "#side"},
				"up": {"uv": [0, 0, 1, 1], "rotation": 90, "texture": "#side"},
				"down": {"uv": [11, 0, 12, 16], "rotation": 90, "texture": "#side"}
			}
		},
		{
			"from": [14, 9, 3],
			"to": [14.5, 21.5, 4],
			"rotation": {"angle": 0, "axis": "y", "origin": [0, 8, 0]},
			"faces": {
				"north": {"uv": [0.5, 0.5, 1, 15], "texture": "#front"},
				"west": {"uv": [0.5, 1, 1.5, 15], "texture": "#front"}
			}
		},
		{
			"from": [1.5, 21.5, 3],
			"to": [14.5, 22, 4],
			"rotation": {"angle": 0, "axis": "y", "origin": [0, 8, 0]},
			"faces": {
				"north": {"uv": [0.5, 0, 15.5, 0.5], "texture": "#back"},
				"up": {"uv": [0, 1, 1, 15], "rotation": 90, "texture": "#side"}
			}
		},
		{
			"from": [2, 21, 3],
			"to": [14, 21.5, 4],
			"rotation": {"angle": 0, "axis": "y", "origin": [0, 8, 0]},
			"faces": {
				"north": {"uv": [1, 0.5, 15, 1], "texture": "#front"},
				"down": {"uv": [1, 0.5, 15, 1.5], "rotation": 180, "texture": "#front"}
			}
		},
		{
			"from": [2, 9, 3],
			"to": [14, 9.5, 4],
			"rotation": {"angle": 0, "axis": "y", "origin": [0, 8, 0]},
			"faces": {
				"north": {"uv": [1, 14.5, 15, 15], "texture": "#front"},
				"up": {"uv": [1, 0.5, 15, 1.5], "texture": "#front"}
			}
		},
		{
			"from": [1.5, 8, 3],
			"to": [14.5, 9, 4],
			"rotation": {"angle": 0, "axis": "y", "origin": [0, 8, 0]},
			"faces": {
				"north": {"uv": [0.5, 15, 15.5, 16], "texture": "#back"},
				"down": {"uv": [0, 0, 1, 16], "rotation": 90, "texture": "#side"}
			}
		},
		{
			"from": [5, 10.5, 13],
			"to": [11, 16.5, 15],
			"rotation": {"angle": 0, "axis": "y", "origin": [0, 8, 0]},
			"faces": {
				"east": {"uv": [14, 4, 16, 10], "rotation": 180, "texture": "#side"},
				"south": {"uv": [5, 7, 11, 13], "texture": "#back"},
				"west": {"uv": [14, 1, 16, 7], "texture": "#side"},
				"up": {"uv": [14, 3, 16, 9], "rotation": 90, "texture": "#side"},
				"down": {"uv": [14, 4, 16, 10], "rotation": 270, "texture": "#side"}
			}
		},
		{
			"from": [3.3, 9.9, 3],
			"to": [5, 11.6, 3.5],
			"rotation": {"angle": 0, "axis": "z", "origin": [4.1, 10.7, 3.25]},
			"faces": {
				"north": {"uv": [11.5, 12, 13.5, 14], "texture": "#front"},
				"east": {"uv": [11.5, 12, 12, 14], "texture": "#front"},
				"west": {"uv": [13, 12, 13.5, 14], "texture": "#front"},
				"up": {"uv": [11.5, 12, 13.5, 12.5], "rotation": 180, "texture": "#front"},
				"down": {"uv": [11.5, 13.5, 13.5, 14], "rotation": 180, "texture": "#front"}
			}
		},
		{
			"from": [11, 9.9, 3],
			"to": [12.7, 11.6, 3.5],
			"rotation": {"angle": 0, "axis": "y", "origin": [0, 8, 0]},
			"faces": {
				"north": {"uv": [2.5, 12, 4.5, 14], "texture": "#front"},
				"east": {"uv": [2.5, 12, 3, 14], "texture": "#front"},
				"west": {"uv": [4, 12, 4.5, 14], "texture": "#front"},
				"up": {"uv": [2.5, 12, 4.5, 12.5], "rotation": 180, "texture": "#front"},
				"down": {"uv": [2.5, 13.5, 4.5, 14], "rotation": 180, "texture": "#front"}
			}
		},
		{
			"from": [2, 9, 3.5],
			"to": [14, 12.5, 4],
			"rotation": {"angle": 0, "axis": "y", "origin": [0, 8, 0]},
			"faces": {
				"north": {"uv": [1, 11, 15, 15], "texture": "#front"},
				"up": {"uv": [1, 0.5, 15, 1], "texture": "#front"}
			}
		},
		{
			"from": [3.19706, 0, 3.51005],
			"to": [4.19706, 7.5, 4.51005],
			"rotation": {"angle": 45, "axis": "y", "origin": [3.69706, 3.75, 4.01005]},
			"faces": {
				"north": {"uv": [0.5, 8.5, 1.5, 16], "texture": "#front"},
				"east": {"uv": [14.5, 8.5, 15.5, 16], "texture": "#front"},
				"south": {"uv": [0.5, 8.5, 1.5, 16], "texture": "#front"},
				"west": {"uv": [14.5, 8.5, 15.5, 16], "texture": "#front"},
				"down": {"uv": [0, 15, 1, 16], "texture": "#front"}
			}
		},
		{
			"from": [11.73223, 0, 3.43934],
			"to": [12.73223, 7.5, 4.43934],
			"rotation": {"angle": 45, "axis": "y", "origin": [12.23223, 3.75, 3.93934]},
			"faces": {
				"north": {"uv": [0.5, 8.5, 1.5, 16], "texture": "#front"},
				"east": {"uv": [14.5, 8.5, 15.5, 16], "texture": "#front"},
				"south": {"uv": [0.5, 8.5, 1.5, 16], "texture": "#front"},
				"west": {"uv": [14.5, 8.5, 15.5, 16], "texture": "#front"},
				"down": {"uv": [0, 15, 1, 16], "rotation": 90, "texture": "#front"}
			}
		},
		{
			"from": [3.4799, 0, 11.77279],
			"to": [4.4799, 7.5, 12.77279],
			"rotation": {"angle": 45, "axis": "y", "origin": [3.9799, 3.75, 12.27279]},
			"faces": {
				"north": {"uv": [0.5, 8.5, 1.5, 16], "texture": "#front"},
				"east": {"uv": [14.5, 8.5, 15.5, 16], "texture": "#front"},
				"south": {"uv": [0.5, 8.5, 1.5, 16], "texture": "#front"},
				"west": {"uv": [14.5, 8.5, 15.5, 16], "texture": "#front"},
				"down": {"uv": [0, 15, 1, 16], "rotation": 90, "texture": "#front"}
			}
		},
		{
			"from": [11.5201, 0, 11.77279],
			"to": [12.5201, 7.5, 12.77279],
			"rotation": {"angle": 45, "axis": "y", "origin": [12.0201, 3.75, 12.27279]},
			"faces": {
				"north": {"uv": [0.5, 8.5, 1.5, 16], "texture": "#front"},
				"east": {"uv": [14.5, 8.5, 15.5, 16], "texture": "#front"},
				"south": {"uv": [0.5, 8.5, 1.5, 16], "texture": "#front"},
				"west": {"uv": [14.5, 8.5, 15.5, 16], "texture": "#front"},
				"down": {"uv": [0, 15, 1, 16], "texture": "#front"}
			}
		},
		{
			"from": [1, 7.5, 7],
			"to": [14.5, 8, 9.5],
			"rotation": {"angle": -45, "axis": "y", "origin": [8, 7.75, 8.25]},
			"faces": {
				"north": {"uv": [0, 9.5, 13.5, 10], "texture": "#4"},
				"east": {"uv": [4, 10.5, 6.5, 11], "texture": "#4"},
				"south": {"uv": [0, 9.5, 13.5, 10], "texture": "#4"},
				"west": {"uv": [4, 10.5, 6.5, 11], "texture": "#4"},
				"up": {"uv": [0, 9.5, 13.5, 12], "texture": "#4"},
				"down": {"uv": [0, 9.5, 13.5, 12], "texture": "#4"}
			}
		},
		{
			"from": [1.5, 7.49, 7],
			"to": [15, 7.99, 9.5],
			"rotation": {"angle": 45, "axis": "y", "origin": [8, 7.75, 8.25]},
			"faces": {
				"north": {"uv": [0, 9.5, 13.5, 10], "texture": "#4"},
				"east": {"uv": [4, 10.5, 6.5, 11], "texture": "#4"},
				"south": {"uv": [0, 9.5, 13.5, 10], "texture": "#4"},
				"west": {"uv": [4, 10.5, 6.5, 11], "texture": "#4"},
				"up": {"uv": [0, 9.5, 13.5, 12], "texture": "#4"},
				"down": {"uv": [0, 9.5, 13.5, 12], "texture": "#4"}
			}
		}
	],
	"display": {
		"thirdperson_righthand": {
			"rotation": [80, 0, 0],
			"translation": [-3.75, 4.25, -0.75],
			"scale": [0.65, 0.65, 0.65]
		},
		"thirdperson_lefthand": {
			"rotation": [80, 0, 0],
			"translation": [-3.75, 4.25, -0.75],
			"scale": [0.65, 0.65, 0.65]
		},
		"firstperson_righthand": {
			"translation": [6.75, 1, 0],
			"scale": [0.7, 0.7, 0.7]
		},
		"firstperson_lefthand": {
			"translation": [6.75, 1, 0],
			"scale": [0.7, 0.7, 0.7]
		},
		"ground": {
			"translation": [0, 3.75, 0],
			"scale": [0.8, 0.8, 0.8]
		},
		"gui": {
			"rotation": [30, -135, 0],
			"translation": [0, -2.5, 0],
			"scale": [0.7, 0.7, 0.7]
		},
		"head": {
			"translation": [0, 14.5, 0]
		},
		"fixed": {
			"rotation": [-90, 0, 0],
			"translation": [0, 0, -15],
			"scale": [2, 2, 2]
		}
	}
}