{"credit":"Made with Blockbench","parent":"./cit_item_bed","texture_size":[32,32],"textures":{"0":"block/blankets/knit_green","1":"block/blankets/knit_green_border","2":"block/pillow"},"elements":[{"from":[-9.5,0.201,-8.25],"to":[13.5,1.201,-8.25],"rotation":{"angle":0,"axis":"y","origin":[11.5,8.301,-0.1]},"faces":{"north":{"uv":[15,0,16,15.75],"rotation":90,"texture":"#0","cullface":"down"},"east":{"uv":[15.74194,0,16.51613,15.74219],"rotation":90,"texture":"#0","cullface":"down"},"south":{"uv":[15.74194,0,16.51613,15.74219],"rotation":90,"texture":"#0","cullface":"down"},"west":{"uv":[15.74194,0,16.51613,15.74219],"rotation":90,"texture":"#0","cullface":"down"},"up":{"uv":[15.74194,0,16.51613,15.74219],"rotation":90,"texture":"#0","cullface":"down"},"down":{"uv":[15.74194,0,16.51613,15.74219],"rotation":90,"texture":"#0","cullface":"down"}}},{"from":[-9.5,0.201,-7.75],"to":[-9.5,1.201,8.25],"rotation":{"angle":0,"axis":"y","origin":[5.499,0.701,-7.25]},"faces":{"north":{"uv":[15.74194,0,16.51613,15.74219],"rotation":90,"texture":"#0","cullface":"down"},"east":{"uv":[15.74194,0,16.51613,15.74219],"rotation":90,"texture":"#0","cullface":"down"},"south":{"uv":[15.74194,0,16.51613,15.74219],"rotation":90,"texture":"#0","cullface":"down"},"west":{"uv":[15,2.5,16,15.75],"rotation":90,"texture":"#0","cullface":"down"},"up":{"uv":[15.74194,0,16.51613,15.74219],"rotation":90,"texture":"#0","cullface":"down"},"down":{"uv":[15.74194,0,16.51613,15.74219],"rotation":90,"texture":"#0","cullface":"down"}}},{"from":[-9.5,0.201,8.25],"to":[-9.5,1.201,24],"rotation":{"angle":0,"axis":"y","origin":[5.499,0.701,-7.25]},"faces":{"north":{"uv":[15,2.5,16,15.75],"rotation":90,"texture":"#0","cullface":"down"},"east":{"uv":[15,2.5,16,15.75],"rotation":90,"texture":"#0","cullface":"down"},"south":{"uv":[15,2.5,16,15.75],"rotation":90,"texture":"#0","cullface":"down"},"west":{"uv":[15,2.5,16,15.75],"rotation":90,"texture":"#0","cullface":"down"},"up":{"uv":[15,2.5,16,15.75],"rotation":90,"texture":"#0","cullface":"down"},"down":{"uv":[15,2.5,16,15.75],"rotation":90,"texture":"#0","cullface":"down"}}},{"from":[-9.501,0.201,24],"to":[13.499,1.201,24],"rotation":{"angle":0,"axis":"y","origin":[18.499,8.301,-0.601]},"faces":{"north":{"uv":[15,0,16,15.01563],"rotation":90,"texture":"#0","cullface":"down"},"east":{"uv":[15,0,16,15.01563],"rotation":90,"texture":"#0","cullface":"down"},"south":{"uv":[15,0,16,15.01563],"rotation":90,"texture":"#0","cullface":"down"},"west":{"uv":[15,0,16,15.01563],"rotation":90,"texture":"#0","cullface":"down"},"up":{"uv":[15,0,16,15.01563],"rotation":90,"texture":"#0","cullface":"down"},"down":{"uv":[15,0,16,15.01563],"rotation":90,"texture":"#0","cullface":"down"}}},{"from":[9,9,-8.5],"to":[14,9.5,-0.5],"rotation":{"angle":0,"axis":"y","origin":[0,0,-8.5]},"faces":{"north":{"uv":[13.41935,13,16,13.5],"texture":"#1"},"east":{"uv":[13.41935,13,16,13.5],"texture":"#1"},"south":{"uv":[13.41935,13,16,13.5],"texture":"#1"},"west":{"uv":[13.41935,13,16,13.5],"texture":"#1"},"up":{"uv":[6,0,16,16],"texture":"#1"},"down":{"uv":[13.41935,13,16,13.5],"texture":"#1"}}},{"from":[9,9,-0.5],"to":[14,9.5,7.5],"rotation":{"angle":0,"axis":"y","origin":[0,0,-8.5]},"faces":{"north":{"uv":[13.41935,13,16,13.5],"texture":"#1"},"east":{"uv":[13.41935,13,16,13.5],"texture":"#1"},"south":{"uv":[13.41935,13,16,13.5],"texture":"#1"},"west":{"uv":[13.41935,13,16,13.5],"texture":"#1"},"up":{"uv":[6,0,16,16],"texture":"#1"},"down":{"uv":[13.41935,13,16,13.5],"texture":"#1"}}},{"from":[9,1,-8.5],"to":[14,9,-8],"rotation":{"angle":0,"axis":"y","origin":[19,-0.201,-5.5]},"faces":{"north":{"uv":[4,0,14,16],"texture":"#1"},"east":{"uv":[3.6129,12.5,7.74194,15],"rotation":270,"texture":"#1"},"south":{"uv":[4,0,14,16],"texture":"#1"},"west":{"uv":[3.6129,12.5,7.74194,15],"rotation":270,"texture":"#1"},"up":{"uv":[3.6129,12.5,7.74194,15],"rotation":270,"texture":"#1"},"down":{"uv":[3.6129,12.5,7.74194,15],"rotation":270,"texture":"#1"}}},{"from":[9,9,15.5],"to":[14,9.5,23.5],"rotation":{"angle":0,"axis":"y","origin":[7,0,-7.5]},"faces":{"north":{"uv":[13,13,15.5,13.5],"texture":"#1"},"east":{"uv":[13,13,15.5,13.5],"texture":"#1"},"south":{"uv":[13,13,15.5,13.5],"texture":"#1"},"west":{"uv":[13,13,15.5,13.5],"texture":"#1"},"up":{"uv":[6,0,16,16],"texture":"#1"},"down":{"uv":[13,13,15.5,13.5],"texture":"#1"}}},{"from":[9,9,7.5],"to":[14,9.5,15.5],"rotation":{"angle":0,"axis":"y","origin":[7,0,-7.5]},"faces":{"north":{"uv":[13,13,15.5,13.5],"texture":"#1"},"east":{"uv":[13,13,15.5,13.5],"texture":"#1"},"south":{"uv":[13,13,15.5,13.5],"texture":"#1"},"west":{"uv":[13,13,15.5,13.5],"texture":"#1"},"up":{"uv":[6,0,16,16],"texture":"#1"},"down":{"uv":[13,13,15.5,13.5],"texture":"#1"}}},{"from":[9,9,23.5],"to":[14,9.5,24.25],"rotation":{"angle":0,"axis":"y","origin":[7,0,-7.5]},"faces":{"north":{"uv":[13,13,15.5,13.5],"texture":"#1"},"east":{"uv":[13,13,15.5,13.5],"texture":"#1"},"south":{"uv":[13,13,15.5,13.5],"texture":"#1"},"west":{"uv":[13,13,15.5,13.5],"texture":"#1"},"up":{"uv":[4,12,14,14],"texture":"#1"},"down":{"uv":[13,13,15.5,13.5],"texture":"#1"}}},{"from":[8.999,1,23.75],"to":[13.999,9,24.25],"rotation":{"angle":0,"axis":"y","origin":[25.499,-0.201,-7.9]},"faces":{"north":{"uv":[4,0,14,16],"texture":"#1"},"east":{"uv":[3.5,12.5,7.5,15],"rotation":270,"texture":"#1"},"south":{"uv":[4,0,14,16],"texture":"#1"},"west":{"uv":[3.5,12.5,7.5,15],"rotation":270,"texture":"#1"},"up":{"uv":[3.5,12.5,7.5,15],"rotation":270,"texture":"#1"},"down":{"uv":[3.5,12.5,7.5,15],"rotation":270,"texture":"#1"}}},{"from":[-9.5,1.201,-8.25],"to":[13.5,9.201,-8.25],"rotation":{"angle":0,"axis":"y","origin":[11.5,0.301,-0.1]},"faces":{"north":{"uv":[1.25,0,7.75,14.75],"rotation":270,"texture":"#0"},"east":{"uv":[0,0,8.46452,0],"rotation":90,"texture":"#0"},"south":{"uv":[4.64516,11,7.22581,12.5],"texture":"#0","cullface":"down"},"west":{"uv":[0,0,8.46452,0],"rotation":270,"texture":"#0"},"up":{"uv":[0,0,16.51613,0],"texture":"#0"},"down":{"uv":[0,0,16.51613,0],"rotation":180,"texture":"#0"}}},{"from":[-9.5,9.2,-8.25],"to":[13.5,9.2,7.75],"rotation":{"angle":0,"axis":"y","origin":[0,0,-8.15]},"faces":{"north":{"uv":[0,0,16.51613,0],"texture":"#0"},"east":{"uv":[0,0,16.51613,0],"texture":"#0"},"south":{"uv":[0,0,16.51613,0],"texture":"#0"},"west":{"uv":[0,0,16.51613,0],"texture":"#0"},"up":{"uv":[2.5,0,14.5,14.75],"rotation":90,"texture":"#0"},"down":{"uv":[4.64516,11,7.22581,12.5],"texture":"#0","cullface":"down"}}},{"from":[-9.501,1.201,-8.25],"to":[-9.501,9.201,7.75],"rotation":{"angle":0,"axis":"y","origin":[-16.501,6.201,2.75]},"faces":{"north":{"uv":[0,0,0,1.5],"texture":"#0"},"east":{"uv":[0,0,8.79084,1.5],"texture":"#0"},"south":{"uv":[0,0,0,1.5],"texture":"#0"},"west":{"uv":[2.5,1.25,14.5,7.5],"texture":"#0"},"up":{"uv":[0,0,0,8.25],"texture":"#0"},"down":{"uv":[0,0,0,8.25],"texture":"#0"}}},{"from":[-9.501,1.201,24],"to":[13.499,9.201,24],"rotation":{"angle":0,"axis":"y","origin":[18.499,0.301,1.249]},"faces":{"north":{"uv":[8.25,1.5,1.75,16],"rotation":270,"texture":"#0"},"east":{"uv":[8.25,1.5,1.75,16],"rotation":270,"texture":"#0"},"south":{"uv":[8.25,1.5,1.75,16],"rotation":270,"texture":"#0"},"west":{"uv":[8.25,1.5,1.75,16],"rotation":270,"texture":"#0"},"up":{"uv":[8.25,1.5,1.75,16],"rotation":270,"texture":"#0"},"down":{"uv":[8.25,1.5,1.75,16],"rotation":270,"texture":"#0"}}},{"from":[-9.501,9.2,7.75],"to":[13.499,9.2,24],"rotation":{"angle":0,"axis":"y","origin":[6.499,0,-7.65]},"faces":{"north":{"uv":[0.5,0,12.5,14.75],"rotation":90,"texture":"#0"},"east":{"uv":[0.5,0,12.5,14.75],"rotation":90,"texture":"#0"},"south":{"uv":[0.5,0,12.5,14.75],"rotation":90,"texture":"#0"},"west":{"uv":[0.5,0,12.5,14.75],"rotation":90,"texture":"#0"},"up":{"uv":[0.5,0,12.5,14.75],"rotation":90,"texture":"#0"},"down":{"uv":[0.5,0,12.5,14.75],"rotation":90,"texture":"#0"}}},{"from":[-9.501,1.201,7.75],"to":[-9.501,9.201,24],"rotation":{"angle":0,"axis":"y","origin":[-9.501,6.201,3.25]},"faces":{"north":{"uv":[0.5,1.25,12.5,7.5],"texture":"#0"},"east":{"uv":[0.5,1.25,12.5,7.5],"texture":"#0"},"south":{"uv":[0.5,1.25,12.5,7.5],"texture":"#0"},"west":{"uv":[0.5,1.25,12.5,7.5],"texture":"#0"},"up":{"uv":[0.5,1.25,12.5,7.5],"texture":"#0"},"down":{"uv":[0.5,1.25,12.5,7.5],"texture":"#0"}}},{"from":[13.35089,11.46327,6.5],"to":[14.35089,12.46327,7.5],"rotation":{"angle":22.5,"axis":"z","origin":[20.85089,11.96327,-7]},"faces":{"north":{"uv":[5.16129,10,7.22581,12],"texture":"#2"},"east":{"uv":[5.16129,10,7.22581,12],"texture":"#2"},"south":{"uv":[5.16129,10,7.22581,12],"texture":"#2"},"west":{"uv":[5.16129,10,7.22581,12],"texture":"#2"},"up":{"uv":[5.16129,10,7.22581,12],"texture":"#2"},"down":{"uv":[6.19355,14,8.25806,16],"texture":"#2"}}},{"from":[20.35089,11.46327,6.5],"to":[21.35089,12.46327,7.5],"rotation":{"angle":22.5,"axis":"z","origin":[20.85089,11.96327,-7]},"faces":{"north":{"uv":[5.16129,10,7.22581,12],"texture":"#2"},"east":{"uv":[5.16129,10,7.22581,12],"texture":"#2"},"south":{"uv":[5.16129,10,7.22581,12],"texture":"#2"},"west":{"uv":[5.16129,10,7.22581,12],"texture":"#2"},"up":{"uv":[5.16129,10,7.22581,12],"texture":"#2"},"down":{"uv":[6.19355,14,8.25806,16],"texture":"#2"}}},{"from":[20.35089,11.46327,-7.5],"to":[21.35089,12.46327,-6.5],"rotation":{"angle":22.5,"axis":"z","origin":[20.85089,11.96327,-7]},"faces":{"north":{"uv":[5.16129,8,7.22581,10],"texture":"#2"},"east":{"uv":[5.16129,8,7.22581,10],"texture":"#2"},"south":{"uv":[5.16129,8,7.22581,10],"texture":"#2"},"west":{"uv":[5.16129,8,7.22581,10],"texture":"#2"},"up":{"uv":[5.16129,8,7.22581,10],"texture":"#2"},"down":{"uv":[6.19355,14,8.25806,16],"texture":"#2"}}},{"from":[15.49896,9.20523,-5.9],"to":[20.09896,11.20523,5.9],"rotation":{"angle":0,"axis":"z","origin":[17.99896,10.20523,0]},"faces":{"north":{"uv":[1.03226,14,7.22581,15],"texture":"#2"},"east":{"uv":[1.03226,14,7.22581,15],"texture":"#2"},"south":{"uv":[1.03226,14,7.22581,15],"texture":"#2"},"west":{"uv":[1.03226,14,7.22581,15],"texture":"#2"},"up":{"uv":[1.03226,14,7.22581,15],"texture":"#2"},"down":{"uv":[1.03226,14,7.22581,15],"texture":"#2"}}},{"from":[15,10.2,-6.5],"to":[21,11.2,6.5],"rotation":{"angle":22.5,"axis":"z","origin":[18,9.7,0]},"faces":{"north":{"uv":[0,7,3.09677,13],"texture":"#2"},"east":{"uv":[0,7,3.09677,13],"texture":"#2"},"south":{"uv":[0,7,3.09677,13],"texture":"#2"},"west":{"uv":[0,7,3.09677,13],"texture":"#2"},"up":{"uv":[0,7,3.09677,13],"texture":"#2"},"down":{"uv":[0,13,3.09677,16],"texture":"#2"}}},{"from":[15.5,10.2,-6],"to":[20.5,12.2,6],"rotation":{"angle":22.5,"axis":"z","origin":[18,9.7,0]},"faces":{"north":{"uv":[10.32258,3,12.3871,4],"texture":"#2"},"east":{"uv":[2.06452,5,8.25806,6],"texture":"#2"},"south":{"uv":[5.16129,5,8.25806,6],"texture":"#2"},"west":{"uv":[6.19355,10,12.3871,11],"texture":"#2"},"up":{"uv":[0,0,13.41935,6],"rotation":90,"texture":"#2"},"down":{"uv":[0,0,2.58065,6],"texture":"#missing"}}},{"from":[13.35089,11.46327,-7.5],"to":[14.35089,12.46327,-6.5],"rotation":{"angle":22.5,"axis":"z","origin":[20.85089,11.96327,-7]},"faces":{"north":{"uv":[5.16129,10,7.22581,12],"texture":"#2"},"east":{"uv":[5.16129,10,7.22581,12],"texture":"#2"},"south":{"uv":[5.16129,10,7.22581,12],"texture":"#2"},"west":{"uv":[5.16129,10,7.22581,12],"texture":"#2"},"up":{"uv":[5.16129,10,7.22581,12],"texture":"#2"},"down":{"uv":[6.19355,14,8.25806,16],"texture":"#2"}}},{"from":[13.35089,11.46327,22.25],"to":[14.35089,12.46327,23.25],"rotation":{"angle":22.5,"axis":"z","origin":[20.85089,11.96327,8.75]},"faces":{"north":{"uv":[5.16129,10,7.22581,12],"texture":"#2"},"east":{"uv":[5.16129,10,7.22581,12],"texture":"#2"},"south":{"uv":[5.16129,10,7.22581,12],"texture":"#2"},"west":{"uv":[5.16129,10,7.22581,12],"texture":"#2"},"up":{"uv":[5.16129,10,7.22581,12],"texture":"#2"},"down":{"uv":[6.19355,14,8.25806,16],"texture":"#2"}}},{"from":[20.35089,11.46327,22.25],"to":[21.35089,12.46327,23.25],"rotation":{"angle":22.5,"axis":"z","origin":[20.85089,11.96327,8.75]},"faces":{"north":{"uv":[5.16129,10,7.22581,12],"texture":"#2"},"east":{"uv":[5.16129,10,7.22581,12],"texture":"#2"},"south":{"uv":[5.16129,10,7.22581,12],"texture":"#2"},"west":{"uv":[5.16129,10,7.22581,12],"texture":"#2"},"up":{"uv":[5.16129,10,7.22581,12],"texture":"#2"},"down":{"uv":[6.19355,14,8.25806,16],"texture":"#2"}}},{"from":[20.35089,11.46327,8.25],"to":[21.35089,12.46327,9.25],"rotation":{"angle":22.5,"axis":"z","origin":[20.85089,11.96327,8.75]},"faces":{"north":{"uv":[5.16129,8,7.22581,10],"texture":"#2"},"east":{"uv":[5.16129,8,7.22581,10],"texture":"#2"},"south":{"uv":[5.16129,8,7.22581,10],"texture":"#2"},"west":{"uv":[5.16129,8,7.22581,10],"texture":"#2"},"up":{"uv":[5.16129,8,7.22581,10],"texture":"#2"},"down":{"uv":[6.19355,14,8.25806,16],"texture":"#2"}}},{"from":[15.49896,9.20523,9.85],"to":[20.09896,11.20523,21.65],"rotation":{"angle":0,"axis":"z","origin":[17.99896,10.20523,15.75]},"faces":{"north":{"uv":[1.03226,14,7.22581,15],"texture":"#2"},"east":{"uv":[1.03226,14,7.22581,15],"texture":"#2"},"south":{"uv":[1.03226,14,7.22581,15],"texture":"#2"},"west":{"uv":[1.03226,14,7.22581,15],"texture":"#2"},"up":{"uv":[1.03226,14,7.22581,15],"texture":"#2"},"down":{"uv":[1.03226,14,7.22581,15],"texture":"#2"}}},{"from":[15,10.2,9.25],"to":[21,11.2,22.25],"rotation":{"angle":22.5,"axis":"z","origin":[18,9.7,15.75]},"faces":{"north":{"uv":[0,7,3.09677,13],"texture":"#2"},"east":{"uv":[0,7,3.09677,13],"texture":"#2"},"south":{"uv":[0,7,3.09677,13],"texture":"#2"},"west":{"uv":[0,7,3.09677,13],"texture":"#2"},"up":{"uv":[0,7,3.09677,13],"texture":"#2"},"down":{"uv":[0,13,3.09677,16],"texture":"#2"}}},{"from":[15.5,10.2,9.75],"to":[20.5,12.2,21.75],"rotation":{"angle":22.5,"axis":"z","origin":[18,9.7,15.75]},"faces":{"north":{"uv":[10.32258,3,12.3871,4],"texture":"#2"},"east":{"uv":[2.06452,5,8.25806,6],"texture":"#2"},"south":{"uv":[5.16129,5,8.25806,6],"texture":"#2"},"west":{"uv":[6.19355,10,12.3871,11],"texture":"#2"},"up":{"uv":[0,0,13.41935,6],"rotation":90,"texture":"#2"},"down":{"uv":[0,0,2.58065,6],"texture":"#missing"}}},{"from":[13.35089,11.46327,8.25],"to":[14.35089,12.46327,9.25],"rotation":{"angle":22.5,"axis":"z","origin":[20.85089,11.96327,8.75]},"faces":{"north":{"uv":[5.16129,10,7.22581,12],"texture":"#2"},"east":{"uv":[5.16129,10,7.22581,12],"texture":"#2"},"south":{"uv":[5.16129,10,7.22581,12],"texture":"#2"},"west":{"uv":[5.16129,10,7.22581,12],"texture":"#2"},"up":{"uv":[5.16129,10,7.22581,12],"texture":"#2"},"down":{"uv":[6.19355,14,8.25806,16],"texture":"#2"}}}],"display":{"thirdperson_righthand":{"scale":[0.25,0.25,0.25]},"thirdperson_lefthand":{"scale":[0.25,0.25,0.25]},"firstperson_righthand":{"scale":[0.2,0.2,0.2]},"firstperson_lefthand":{"scale":[0.2,0.2,0.2]},"ground":{"scale":[0.5,0.5,0.5]},"gui":{"rotation":[26,115,0],"translation":[-0.5,0,0],"scale":[0.35,0.35,0.35]},"fixed":{"translation":[18.5,0,34.1],"scale":[2,2,2]}},"groups":[{"name":"group","origin":[8,8,8],"children":[{"name":"flecos","origin":[12,8.301,6.399],"children":[0,1,2,3]},{"name":"borde","origin":[8,8,8],"children":[4,5,6,7,8,9,10]},{"name":"cover","origin":[8,8,8],"children":[11,12,13,14,15,16]}]},{"name":"pillow","origin":[8,8,8],"children":[17,18,19,20,21,22,23]},{"name":"pillow","origin":[8,8,8],"children":[24,25,26,27,28,29,30]}]}