{"credit":"Made with Blockbench","parent":"./cit_item_bed","texture_size":[32,32],"textures":{"0":"block/blankets/knit_lilac","1":"block/blankets/knit_lilac_border","2":"block/pillow","particle":"block/blankets/knit_lilac"},"elements":[{"from":[1.5,0.201,-0.25],"to":[14,1.201,-0.25],"rotation":{"angle":0,"axis":"y","origin":[11.5,8.301,7.9]},"faces":{"north":{"uv":[0,14.75,12.5,15.75],"texture":"#0","cullface":"down"},"east":{"uv":[15.25,0,16,15.74219],"rotation":90,"texture":"#0","cullface":"down"},"south":{"uv":[0,14.75,12.5,15.75],"texture":"#0","cullface":"down"},"west":{"uv":[15.25,0,16,15.74219],"rotation":90,"texture":"#0","cullface":"down"},"up":{"uv":[15.25,0,16,15.74219],"rotation":90,"texture":"#0","cullface":"down"},"down":{"uv":[15.25,0,16,15.74219],"rotation":90,"texture":"#0","cullface":"down"}}},{"from":[-9.5,0.201,-0.25],"to":[1.5,1.201,-0.25],"rotation":{"angle":0,"axis":"y","origin":[11.5,8.301,7.9]},"faces":{"north":{"uv":[0,15,11,16],"texture":"#0","cullface":"down"},"east":{"uv":[15.25,0,16,15.74219],"rotation":90,"texture":"#0","cullface":"down"},"south":{"uv":[0,15,11,16],"texture":"#0","cullface":"down"},"west":{"uv":[15.25,0,16,15.74219],"rotation":90,"texture":"#0","cullface":"down"},"up":{"uv":[15.25,0,16,15.74219],"rotation":90,"texture":"#0","cullface":"down"},"down":{"uv":[15.25,0,16,15.74219],"rotation":90,"texture":"#0","cullface":"down"}}},{"from":[-9.5,0.201,0],"to":[-9.5,1.201,16],"rotation":{"angle":0,"axis":"y","origin":[5.499,0.701,0.75]},"faces":{"north":{"uv":[15.25,0,16,15.74219],"rotation":90,"texture":"#0","cullface":"down"},"east":{"uv":[0,15,15.5,16],"texture":"#0","cullface":"down"},"south":{"uv":[15.25,0,16,15.74219],"rotation":90,"texture":"#0","cullface":"down"},"west":{"uv":[0,15,15.5,16],"texture":"#0","cullface":"down"},"up":{"uv":[15.25,0,16,15.74219],"rotation":90,"texture":"#0","cullface":"down"},"down":{"uv":[15.25,0,16,15.74219],"rotation":90,"texture":"#0","cullface":"down"}}},{"from":[1.5,0.201,16.249],"to":[14,1.201,16.249],"rotation":{"angle":0,"axis":"y","origin":[12,8.301,6.399]},"faces":{"north":{"uv":[0,14.75,12.5,15.75],"texture":"#0","cullface":"down"},"east":{"uv":[15.25,0,16,15.74219],"rotation":90,"texture":"#0","cullface":"down"},"south":{"uv":[0,14.75,12.5,15.75],"texture":"#0","cullface":"down"},"west":{"uv":[15.25,0,16,15.74219],"rotation":90,"texture":"#0","cullface":"down"},"up":{"uv":[15.25,0,16,15.74219],"rotation":90,"texture":"#0","cullface":"down"},"down":{"uv":[15.25,0,16,15.74219],"rotation":90,"texture":"#0","cullface":"down"}}},{"from":[-9.5,0.201,16.249],"to":[1.5,1.201,16.249],"rotation":{"angle":0,"axis":"y","origin":[12,8.301,6.399]},"faces":{"north":{"uv":[0,15,11,16],"texture":"#0","cullface":"down"},"east":{"uv":[15.25,0,16,15.74219],"rotation":90,"texture":"#0","cullface":"down"},"south":{"uv":[0,15,11,16],"texture":"#0","cullface":"down"},"west":{"uv":[15.25,0,16,15.74219],"rotation":90,"texture":"#0","cullface":"down"},"up":{"uv":[15.25,0,16,15.74219],"rotation":90,"texture":"#0","cullface":"down"},"down":{"uv":[15.25,0,16,15.74219],"rotation":90,"texture":"#0","cullface":"down"}}},{"from":[9,9,-0.5],"to":[14,9.5,8.5],"rotation":{"angle":0,"axis":"y","origin":[0,0,-0.5]},"faces":{"north":{"uv":[0,0,10,0.5],"texture":"#1"},"east":{"uv":[0,0,16,0.5],"texture":"#1"},"south":{"uv":[0,0,5,0.5],"texture":"#1"},"west":{"uv":[0,0,16,0.5],"texture":"#1"},"up":{"uv":[0,0,16,10],"rotation":90,"texture":"#1"},"down":{"uv":[0,0,16,5],"rotation":90,"texture":"#1"}}},{"from":[9,9,8.5],"to":[14,9.5,16.5],"rotation":{"angle":0,"axis":"y","origin":[0,0,-0.5]},"faces":{"north":{"uv":[0,0,5,0.5],"texture":"#1"},"east":{"uv":[0,0,16,0.5],"texture":"#1"},"south":{"uv":[0,0,10,0.5],"texture":"#1"},"west":{"uv":[0,0,16,0.5],"texture":"#1"},"up":{"uv":[0,0,16,10],"rotation":90,"texture":"#1"},"down":{"uv":[0,0,16,5],"rotation":90,"texture":"#1"}}},{"from":[9,1,-0.5],"to":[14,9,0],"rotation":{"angle":0,"axis":"y","origin":[19,-0.201,2.5]},"faces":{"north":{"uv":[0,0,16,10],"rotation":270,"texture":"#1"},"east":{"uv":[0,0,16,0.5],"rotation":270,"texture":"#1"},"south":{"uv":[0,0,16,10],"rotation":270,"texture":"#1"},"west":{"uv":[0,0,16,0.5],"rotation":270,"texture":"#1"},"up":{"uv":[3.5,12.5,7.5,15],"rotation":270,"texture":"#1"},"down":{"uv":[0,0,10,0.5],"texture":"#1"}}},{"from":[9,1,16],"to":[14,9,16.5],"rotation":{"angle":0,"axis":"y","origin":[19,-0.201,-0.9]},"faces":{"north":{"uv":[0,0,16,10],"rotation":270,"texture":"#1"},"east":{"uv":[0,0,16,0.5],"rotation":270,"texture":"#1"},"south":{"uv":[0,0,16,10],"rotation":270,"texture":"#1"},"west":{"uv":[0,0,16,0.5],"rotation":270,"texture":"#1"},"up":{"uv":[3.5,12.5,7.5,15],"rotation":270,"texture":"#1"},"down":{"uv":[0,0,10,0.5],"texture":"#1"}}},{"from":[1.5,1.201,16.249],"to":[13.5,9.201,16.249],"rotation":{"angle":0,"axis":"y","origin":[12,0.301,8.249]},"faces":{"north":{"uv":[9,13.5,1,1.5],"rotation":270,"texture":"#0"},"east":{"uv":[0,0,8,0],"rotation":90,"texture":"#0"},"south":{"uv":[9,13.5,1,1.5],"rotation":270,"texture":"#0"},"west":{"uv":[0,0,8,0],"rotation":270,"texture":"#0"},"up":{"uv":[0,0,16,0],"texture":"#0"},"down":{"uv":[0,0,16,0],"rotation":180,"texture":"#0"}}},{"from":[-9.5,1.201,16.249],"to":[1.5,9.201,16.249],"rotation":{"angle":0,"axis":"y","origin":[12,0.301,8.249]},"faces":{"north":{"uv":[9,11,1,0],"rotation":270,"texture":"#0"},"east":{"uv":[0,0,8,0],"rotation":90,"texture":"#0"},"south":{"uv":[9,11,1,0],"rotation":270,"texture":"#0"},"west":{"uv":[0,0,8,0],"rotation":270,"texture":"#0"},"up":{"uv":[0,0,16,0],"texture":"#0"},"down":{"uv":[0,0,16,0],"rotation":180,"texture":"#0"}}},{"from":[1.5,1.201,-0.25],"to":[13.5,9.201,-0.25],"rotation":{"angle":0,"axis":"y","origin":[11.5,0.301,7.9]},"faces":{"north":{"uv":[13,12,5,0],"rotation":270,"texture":"#0"},"east":{"uv":[0,0,8.2,0],"rotation":90,"texture":"#0"},"south":{"uv":[13,12,5,0],"rotation":270,"texture":"#0"},"west":{"uv":[0,0,8.2,0],"rotation":270,"texture":"#0"},"up":{"uv":[0,0,16,0],"texture":"#0"},"down":{"uv":[0,0,16,0],"rotation":180,"texture":"#0"}}},{"from":[-9.5,1.201,-0.25],"to":[1.5,9.201,-0.25],"rotation":{"angle":0,"axis":"y","origin":[11.5,0.301,7.9]},"faces":{"north":{"uv":[13,13.5,5,2.5],"rotation":270,"texture":"#0"},"east":{"uv":[0,0,8.2,0],"rotation":90,"texture":"#0"},"south":{"uv":[13,13.5,5,2.5],"rotation":270,"texture":"#0"},"west":{"uv":[0,0,8.2,0],"rotation":270,"texture":"#0"},"up":{"uv":[0,0,16,0],"texture":"#0"},"down":{"uv":[0,0,16,0],"rotation":180,"texture":"#0"}}},{"from":[1.5,9.2,-0.25],"to":[13.5,9.2,16.25],"rotation":{"angle":0,"axis":"y","origin":[0,0,-0.15]},"faces":{"north":{"uv":[0,0,16,0],"texture":"#missing"},"east":{"uv":[0,0,16,0],"texture":"#missing"},"south":{"uv":[0,0,16,0],"texture":"#missing"},"west":{"uv":[0,0,16,0],"texture":"#missing"},"up":{"uv":[15.5,12,0,0],"rotation":90,"texture":"#0"},"down":{"uv":[15.5,12,0,0],"rotation":90,"texture":"#0"}}},{"from":[-9.5,9.2,-0.25],"to":[1.5,9.2,16.25],"rotation":{"angle":0,"axis":"y","origin":[0,0,-0.15]},"faces":{"north":{"uv":[0,0,16,0],"texture":"#missing"},"east":{"uv":[0,0,16,0],"texture":"#missing"},"south":{"uv":[0,0,16,0],"texture":"#missing"},"west":{"uv":[0,0,16,0],"texture":"#missing"},"up":{"uv":[15.5,13.5,0,2.5],"rotation":90,"texture":"#0"},"down":{"uv":[15.5,13.5,0,2.5],"rotation":90,"texture":"#0"}}},{"from":[-9.501,1.201,-0.25],"to":[-9.501,9.201,16.25],"rotation":{"angle":0,"axis":"y","origin":[-16.501,6.201,10.75]},"faces":{"north":{"uv":[0,0,0,1.5],"texture":"#0"},"east":{"uv":[15.5,10.5,0,2.5],"texture":"#0"},"south":{"uv":[0,0,0,1.5],"texture":"#0"},"west":{"uv":[15.5,10.5,0,2.5],"texture":"#0"},"up":{"uv":[0,0,0,8.25],"texture":"#0"},"down":{"uv":[0,0,0,8.25],"texture":"#0"}}},{"from":[15.5,10.2,2],"to":[20.5,12.2,14],"rotation":{"angle":22.5,"axis":"z","origin":[18,9.7,8]},"faces":{"north":{"uv":[10,3,12,4],"texture":"#2"},"east":{"uv":[2,5,8,6],"texture":"#2"},"south":{"uv":[5,5,8,6],"texture":"#2"},"west":{"uv":[6,10,12,11],"texture":"#2"},"up":{"uv":[0,0,13,6],"rotation":90,"texture":"#2"},"down":{"uv":[0,0,2.5,6],"texture":"#missing"}}},{"from":[15,10.2,1.5],"to":[21,11.2,14.5],"rotation":{"angle":22.5,"axis":"z","origin":[18,9.7,8]},"faces":{"north":{"uv":[0,7,3,13],"texture":"#2"},"east":{"uv":[0,7,3,13],"texture":"#2"},"south":{"uv":[0,7,3,13],"texture":"#2"},"west":{"uv":[0,7,3,13],"texture":"#2"},"up":{"uv":[0,7,3,13],"texture":"#2"},"down":{"uv":[0,13,3,16],"texture":"#2"}}},{"from":[15.49896,9.20523,2.1],"to":[20.09896,11.20523,13.9],"rotation":{"angle":0,"axis":"z","origin":[17.99896,10.20523,8]},"faces":{"north":{"uv":[1,14,7,15],"texture":"#2"},"east":{"uv":[1,14,7,15],"texture":"#2"},"south":{"uv":[1,14,7,15],"texture":"#2"},"west":{"uv":[1,14,7,15],"texture":"#2"},"up":{"uv":[1,14,7,15],"texture":"#2"},"down":{"uv":[1,14,7,15],"texture":"#2"}}},{"from":[20.35089,11.46327,0.5],"to":[21.35089,12.46327,1.5],"rotation":{"angle":22.5,"axis":"z","origin":[20.85089,11.96327,1]},"faces":{"north":{"uv":[5,8,7,10],"texture":"#2"},"east":{"uv":[5,8,7,10],"texture":"#2"},"south":{"uv":[5,8,7,10],"texture":"#2"},"west":{"uv":[5,8,7,10],"texture":"#2"},"up":{"uv":[5,8,7,10],"texture":"#2"},"down":{"uv":[6,14,8,16],"texture":"#2"}}},{"from":[20.35089,11.46327,14.5],"to":[21.35089,12.46327,15.5],"rotation":{"angle":22.5,"axis":"z","origin":[20.85089,11.96327,1]},"faces":{"north":{"uv":[5,10,7,12],"texture":"#2"},"east":{"uv":[5,10,7,12],"texture":"#2"},"south":{"uv":[5,10,7,12],"texture":"#2"},"west":{"uv":[5,10,7,12],"texture":"#2"},"up":{"uv":[5,10,7,12],"texture":"#2"},"down":{"uv":[6,14,8,16],"texture":"#2"}}},{"from":[13.35089,11.46327,0.5],"to":[14.35089,12.46327,1.5],"rotation":{"angle":22.5,"axis":"z","origin":[20.85089,11.96327,1]},"faces":{"north":{"uv":[5,10,7,12],"texture":"#2"},"east":{"uv":[5,10,7,12],"texture":"#2"},"south":{"uv":[5,10,7,12],"texture":"#2"},"west":{"uv":[5,10,7,12],"texture":"#2"},"up":{"uv":[5,10,7,12],"texture":"#2"},"down":{"uv":[6,14,8,16],"texture":"#2"}}},{"from":[13.35089,11.46327,14.5],"to":[14.35089,12.46327,15.5],"rotation":{"angle":22.5,"axis":"z","origin":[20.85089,11.96327,1]},"faces":{"north":{"uv":[5,10,7,12],"texture":"#2"},"east":{"uv":[5,10,7,12],"texture":"#2"},"south":{"uv":[5,10,7,12],"texture":"#2"},"west":{"uv":[5,10,7,12],"texture":"#2"},"up":{"uv":[5,10,7,12],"texture":"#2"},"down":{"uv":[6,14,8,16],"texture":"#2"}}}],"display":{"thirdperson_righthand":{"scale":[0.5,0.5,0.5]},"thirdperson_lefthand":{"scale":[0.5,0.5,0.5]},"firstperson_righthand":{"scale":[0.3,0.3,0.3]},"firstperson_lefthand":{"scale":[0.3,0.3,0.3]},"ground":{"scale":[0.5,0.5,0.5]},"gui":{"rotation":[23,133,0],"translation":[-1.5,0,-0.5],"scale":[0.4,0.4,0.4]},"fixed":{"translation":[18.5,0,18],"scale":[2,2,2]}},"groups":[{"name":"group","origin":[8,8,8],"children":[{"name":"flecos","origin":[12,8.301,6.399],"children":[0,1,2,3,4]},{"name":"borde","origin":[8,8,8],"children":[5,6,7,8]},{"name":"cover","origin":[8,8,8],"children":[9,10,11,12,13,14,15]}]},16,17,18,19,20,21,22]}