{"credit":"Made with Blockbench","parent":"./cit_item_bed","texture_size":[32,32],"textures":{"0":"block/blankets/quilt_lightblue","2":"block/pillow","3":"block/blankets/quilt_lightblue_border","particle":"block/blankets/quilt_lightblue_border"},"elements":[{"from":[9,9,-8.5],"to":[14,9.5,7.75],"rotation":{"angle":0,"axis":"y","origin":[0,0,-8.5]},"faces":{"north":{"uv":[11,0,16,0.5],"texture":"#3"},"east":{"uv":[0,0,15.5,0.5],"texture":"#3"},"south":{"uv":[13.41935,13,16,13.5],"texture":"#missing"},"west":{"uv":[0,0,15.5,0.5],"texture":"#3"},"up":{"uv":[0,0,16,5],"rotation":90,"texture":"#3"},"down":{"uv":[0,0,16,5],"rotation":90,"texture":"#3"}}},{"from":[9,1,-8.5],"to":[14,9,-8],"rotation":{"angle":0,"axis":"y","origin":[19,-0.201,-5.5]},"faces":{"north":{"uv":[0,0,8,5],"rotation":270,"texture":"#3"},"east":{"uv":[0,0,8,0.5],"rotation":270,"texture":"#3"},"south":{"uv":[0,0,8,5],"rotation":270,"texture":"#3"},"west":{"uv":[0,0,8,0.5],"rotation":270,"texture":"#3"},"up":{"uv":[3.6129,12.5,7.74194,15],"rotation":270,"texture":"#missing"},"down":{"uv":[11,0,16,0.5],"texture":"#3"}}},{"from":[9,9,7.75],"to":[14,9.5,24.25],"rotation":{"angle":0,"axis":"y","origin":[7,0,-7.5]},"faces":{"north":{"uv":[13,13,15.5,13.5],"texture":"#missing"},"east":{"uv":[0,0,15.5,0.5],"texture":"#3"},"south":{"uv":[11,0,16,0.5],"texture":"#3"},"west":{"uv":[0,0,15.5,0.5],"texture":"#3"},"up":{"uv":[0,0,16,5],"rotation":90,"texture":"#3"},"down":{"uv":[0,0,16,5],"rotation":90,"texture":"#3"}}},{"from":[8.999,1,23.75],"to":[13.999,9,24.25],"rotation":{"angle":0,"axis":"y","origin":[25.499,-0.201,-7.9]},"faces":{"north":{"uv":[0,0,8,5],"rotation":270,"texture":"#3"},"east":{"uv":[0,0,8,0.5],"rotation":270,"texture":"#3"},"south":{"uv":[0,0,8,5],"rotation":270,"texture":"#3"},"west":{"uv":[0,0,8,0.5],"rotation":270,"texture":"#3"},"up":{"uv":[3.5,12.5,7.5,15],"rotation":270,"texture":"#missing"},"down":{"uv":[11,0,16,0.5],"texture":"#3"}}},{"from":[-9.5,1.201,-8.25],"to":[0.5,9.201,-8.25],"rotation":{"angle":0,"axis":"y","origin":[-4.5,5.201,-8.25]},"faces":{"north":{"uv":[4,6,12,16],"rotation":90,"texture":"#0"},"east":{"uv":[0,0,8.46452,0],"rotation":90,"texture":"#missing"},"south":{"uv":[6,7.5,16,15.5],"texture":"#0"},"west":{"uv":[0,0,8.46452,0],"rotation":270,"texture":"#missing"},"up":{"uv":[0,0,16.51613,0],"texture":"#missing"},"down":{"uv":[0,0,16.51613,0],"rotation":180,"texture":"#missing"}}},{"from":[0.5,1.201,-8.25],"to":[10.5,9.201,-8.25],"rotation":{"angle":0,"axis":"y","origin":[11.5,0.301,-0.1]},"faces":{"north":{"uv":[4,12,12,2],"rotation":90,"texture":"#0"},"east":{"uv":[0,0,8.46452,0],"rotation":90,"texture":"#missing"},"south":{"uv":[4,7.5,14,15.5],"texture":"#0"},"west":{"uv":[0,0,8.46452,0],"rotation":270,"texture":"#missing"},"up":{"uv":[0,0,16.51613,0],"texture":"#missing"},"down":{"uv":[0,0,16.51613,0],"rotation":180,"texture":"#missing"}}},{"from":[0.5,9.2,-8.25],"to":[10.5,9.2,7.75],"rotation":{"angle":0,"axis":"y","origin":[0,0,-8.15]},"faces":{"north":{"uv":[0,0,16.51613,0],"texture":"#missing"},"east":{"uv":[0,0,16.51613,0],"texture":"#missing"},"south":{"uv":[0,0,16.51613,0],"texture":"#missing"},"west":{"uv":[0,0,16.51613,0],"texture":"#missing"},"up":{"uv":[0,2,16,12],"rotation":90,"texture":"#0"},"down":{"uv":[0,0,16,10],"rotation":90,"texture":"#0"}}},{"from":[-9.5,9.2,-8.25],"to":[0.5,9.2,7.75],"rotation":{"angle":0,"axis":"y","origin":[0,0,-8.15]},"faces":{"north":{"uv":[0,0,16.51613,0],"texture":"#missing"},"east":{"uv":[0,0,16.51613,0],"texture":"#missing"},"south":{"uv":[0,0,16.51613,0],"texture":"#missing"},"west":{"uv":[0,0,16.51613,0],"texture":"#missing"},"up":{"uv":[16,6,0,16],"rotation":270,"texture":"#0"},"down":{"uv":[0,0,16,10],"rotation":90,"texture":"#0"}}},{"from":[-9.501,1.201,-8.25],"to":[-9.501,9.201,7.75],"rotation":{"angle":0,"axis":"y","origin":[-16.501,6.201,2.75]},"faces":{"north":{"uv":[0,0,0,1.5],"texture":"#missing"},"east":{"uv":[0,4,16,12],"texture":"#0"},"south":{"uv":[0,0,0,1.5],"texture":"#missing"},"west":{"uv":[0,4,16,12],"texture":"#0"},"up":{"uv":[0,0,0,8.25],"texture":"#missing"},"down":{"uv":[0,0,0,8.25],"texture":"#missing"}}},{"from":[-9.501,1.201,24],"to":[0.499,9.201,24],"rotation":{"angle":0,"axis":"y","origin":[18.499,0.301,1.249]},"faces":{"north":{"uv":[16,4,6,12],"texture":"#0"},"east":{"uv":[8.25,1.5,1.75,16],"rotation":270,"texture":"#missing"},"south":{"uv":[4,16,12,6],"rotation":90,"texture":"#0"},"west":{"uv":[8.25,1.5,1.75,16],"rotation":270,"texture":"#missing"},"up":{"uv":[8.25,1.5,1.75,16],"rotation":270,"texture":"#missing"},"down":{"uv":[8.25,1.5,1.75,16],"rotation":270,"texture":"#missing"}}},{"from":[0.499,1.201,24],"to":[10.499,9.201,24],"rotation":{"angle":0,"axis":"y","origin":[18.499,0.301,1.249]},"faces":{"north":{"uv":[14,4,4,12],"texture":"#0"},"east":{"uv":[8.25,1.5,1.75,16],"rotation":270,"texture":"#missing"},"south":{"uv":[4,2,12,12],"rotation":90,"texture":"#0"},"west":{"uv":[8.25,1.5,1.75,16],"rotation":270,"texture":"#missing"},"up":{"uv":[8.25,1.5,1.75,16],"rotation":270,"texture":"#missing"},"down":{"uv":[8.25,1.5,1.75,16],"rotation":270,"texture":"#missing"}}},{"from":[0.499,9.2,7.75],"to":[10.499,9.2,24],"rotation":{"angle":0,"axis":"y","origin":[6.499,0,-7.65]},"faces":{"north":{"uv":[0.5,0,12.5,14.75],"rotation":90,"texture":"#missing"},"east":{"uv":[0.5,0,12.5,14.75],"rotation":90,"texture":"#missing"},"south":{"uv":[0.5,0,12.5,14.75],"rotation":90,"texture":"#missing"},"west":{"uv":[0.5,0,12.5,14.75],"rotation":90,"texture":"#missing"},"up":{"uv":[0,2,16,12],"rotation":90,"texture":"#0"},"down":{"uv":[0,0,16,10],"rotation":90,"texture":"#0"}}},{"from":[-9.501,9.2,7.75],"to":[0.499,9.2,24],"rotation":{"angle":0,"axis":"y","origin":[6.499,0,-7.65]},"faces":{"north":{"uv":[0.5,0,12.5,14.75],"rotation":90,"texture":"#missing"},"east":{"uv":[0.5,0,12.5,14.75],"rotation":90,"texture":"#missing"},"south":{"uv":[0.5,0,12.5,14.75],"rotation":90,"texture":"#missing"},"west":{"uv":[0.5,0,12.5,14.75],"rotation":90,"texture":"#missing"},"up":{"uv":[16,6,0,16],"rotation":270,"texture":"#0"},"down":{"uv":[0,0,16,10],"rotation":90,"texture":"#0"}}},{"from":[-9.501,1.201,7.75],"to":[-9.501,9.201,24],"rotation":{"angle":0,"axis":"y","origin":[-9.501,6.201,3.25]},"faces":{"north":{"uv":[0.5,1.25,12.5,7.5],"texture":"#missing"},"east":{"uv":[0,4,16,12],"texture":"#0"},"south":{"uv":[0.5,1.25,12.5,7.5],"texture":"#missing"},"west":{"uv":[0,4,16,12],"texture":"#0"},"up":{"uv":[0.5,1.25,12.5,7.5],"texture":"#missing"},"down":{"uv":[0.5,1.25,12.5,7.5],"texture":"#missing"}}},{"from":[13.35089,11.46327,6.5],"to":[14.35089,12.46327,7.5],"rotation":{"angle":22.5,"axis":"z","origin":[20.85089,11.96327,-7]},"faces":{"north":{"uv":[5.16129,10,7.22581,12],"texture":"#2"},"east":{"uv":[5.16129,10,7.22581,12],"texture":"#2"},"south":{"uv":[5.16129,10,7.22581,12],"texture":"#2"},"west":{"uv":[5.16129,10,7.22581,12],"texture":"#2"},"up":{"uv":[5.16129,10,7.22581,12],"texture":"#2"},"down":{"uv":[6.19355,14,8.25806,16],"texture":"#2"}}},{"from":[20.35089,11.46327,6.5],"to":[21.35089,12.46327,7.5],"rotation":{"angle":22.5,"axis":"z","origin":[20.85089,11.96327,-7]},"faces":{"north":{"uv":[5.16129,10,7.22581,12],"texture":"#2"},"east":{"uv":[5.16129,10,7.22581,12],"texture":"#2"},"south":{"uv":[5.16129,10,7.22581,12],"texture":"#2"},"west":{"uv":[5.16129,10,7.22581,12],"texture":"#2"},"up":{"uv":[5.16129,10,7.22581,12],"texture":"#2"},"down":{"uv":[6.19355,14,8.25806,16],"texture":"#2"}}},{"from":[20.35089,11.46327,-7.5],"to":[21.35089,12.46327,-6.5],"rotation":{"angle":22.5,"axis":"z","origin":[20.85089,11.96327,-7]},"faces":{"north":{"uv":[5.16129,8,7.22581,10],"texture":"#2"},"east":{"uv":[5.16129,8,7.22581,10],"texture":"#2"},"south":{"uv":[5.16129,8,7.22581,10],"texture":"#2"},"west":{"uv":[5.16129,8,7.22581,10],"texture":"#2"},"up":{"uv":[5.16129,8,7.22581,10],"texture":"#2"},"down":{"uv":[6.19355,14,8.25806,16],"texture":"#2"}}},{"from":[15.49896,9.20523,-5.9],"to":[20.09896,11.20523,5.9],"rotation":{"angle":0,"axis":"z","origin":[17.99896,10.20523,0]},"faces":{"north":{"uv":[1.03226,14,7.22581,15],"texture":"#2"},"east":{"uv":[1.03226,14,7.22581,15],"texture":"#2"},"south":{"uv":[1.03226,14,7.22581,15],"texture":"#2"},"west":{"uv":[1.03226,14,7.22581,15],"texture":"#2"},"up":{"uv":[1.03226,14,7.22581,15],"texture":"#2"},"down":{"uv":[1.03226,14,7.22581,15],"texture":"#2"}}},{"from":[15,10.2,-6.5],"to":[21,11.2,6.5],"rotation":{"angle":22.5,"axis":"z","origin":[18,9.7,0]},"faces":{"north":{"uv":[0,7,3.09677,13],"texture":"#2"},"east":{"uv":[0,7,3.09677,13],"texture":"#2"},"south":{"uv":[0,7,3.09677,13],"texture":"#2"},"west":{"uv":[0,7,3.09677,13],"texture":"#2"},"up":{"uv":[0,7,3.09677,13],"texture":"#2"},"down":{"uv":[0,13,3.09677,16],"texture":"#2"}}},{"from":[15.5,10.2,-6],"to":[20.5,12.2,6],"rotation":{"angle":22.5,"axis":"z","origin":[18,9.7,0]},"faces":{"north":{"uv":[10.32258,3,12.3871,4],"texture":"#2"},"east":{"uv":[2.06452,5,8.25806,6],"texture":"#2"},"south":{"uv":[5.16129,5,8.25806,6],"texture":"#2"},"west":{"uv":[6.19355,10,12.3871,11],"texture":"#2"},"up":{"uv":[0,0,13.41935,6],"rotation":90,"texture":"#2"},"down":{"uv":[0,0,2.58065,6],"texture":"#missing"}}},{"from":[13.35089,11.46327,-7.5],"to":[14.35089,12.46327,-6.5],"rotation":{"angle":22.5,"axis":"z","origin":[20.85089,11.96327,-7]},"faces":{"north":{"uv":[5.16129,10,7.22581,12],"texture":"#2"},"east":{"uv":[5.16129,10,7.22581,12],"texture":"#2"},"south":{"uv":[5.16129,10,7.22581,12],"texture":"#2"},"west":{"uv":[5.16129,10,7.22581,12],"texture":"#2"},"up":{"uv":[5.16129,10,7.22581,12],"texture":"#2"},"down":{"uv":[6.19355,14,8.25806,16],"texture":"#2"}}},{"from":[13.35089,11.46327,22.25],"to":[14.35089,12.46327,23.25],"rotation":{"angle":22.5,"axis":"z","origin":[20.85089,11.96327,8.75]},"faces":{"north":{"uv":[5.16129,10,7.22581,12],"texture":"#2"},"east":{"uv":[5.16129,10,7.22581,12],"texture":"#2"},"south":{"uv":[5.16129,10,7.22581,12],"texture":"#2"},"west":{"uv":[5.16129,10,7.22581,12],"texture":"#2"},"up":{"uv":[5.16129,10,7.22581,12],"texture":"#2"},"down":{"uv":[6.19355,14,8.25806,16],"texture":"#2"}}},{"from":[20.35089,11.46327,22.25],"to":[21.35089,12.46327,23.25],"rotation":{"angle":22.5,"axis":"z","origin":[20.85089,11.96327,8.75]},"faces":{"north":{"uv":[5.16129,10,7.22581,12],"texture":"#2"},"east":{"uv":[5.16129,10,7.22581,12],"texture":"#2"},"south":{"uv":[5.16129,10,7.22581,12],"texture":"#2"},"west":{"uv":[5.16129,10,7.22581,12],"texture":"#2"},"up":{"uv":[5.16129,10,7.22581,12],"texture":"#2"},"down":{"uv":[6.19355,14,8.25806,16],"texture":"#2"}}},{"from":[20.35089,11.46327,8.25],"to":[21.35089,12.46327,9.25],"rotation":{"angle":22.5,"axis":"z","origin":[20.85089,11.96327,8.75]},"faces":{"north":{"uv":[5.16129,8,7.22581,10],"texture":"#2"},"east":{"uv":[5.16129,8,7.22581,10],"texture":"#2"},"south":{"uv":[5.16129,8,7.22581,10],"texture":"#2"},"west":{"uv":[5.16129,8,7.22581,10],"texture":"#2"},"up":{"uv":[5.16129,8,7.22581,10],"texture":"#2"},"down":{"uv":[6.19355,14,8.25806,16],"texture":"#2"}}},{"from":[15.49896,9.20523,9.85],"to":[20.09896,11.20523,21.65],"rotation":{"angle":0,"axis":"z","origin":[17.99896,10.20523,15.75]},"faces":{"north":{"uv":[1.03226,14,7.22581,15],"texture":"#2"},"east":{"uv":[1.03226,14,7.22581,15],"texture":"#2"},"south":{"uv":[1.03226,14,7.22581,15],"texture":"#2"},"west":{"uv":[1.03226,14,7.22581,15],"texture":"#2"},"up":{"uv":[1.03226,14,7.22581,15],"texture":"#2"},"down":{"uv":[1.03226,14,7.22581,15],"texture":"#2"}}},{"from":[15,10.2,9.25],"to":[21,11.2,22.25],"rotation":{"angle":22.5,"axis":"z","origin":[18,9.7,15.75]},"faces":{"north":{"uv":[0,7,3.09677,13],"texture":"#2"},"east":{"uv":[0,7,3.09677,13],"texture":"#2"},"south":{"uv":[0,7,3.09677,13],"texture":"#2"},"west":{"uv":[0,7,3.09677,13],"texture":"#2"},"up":{"uv":[0,7,3.09677,13],"texture":"#2"},"down":{"uv":[0,13,3.09677,16],"texture":"#2"}}},{"from":[15.5,10.2,9.75],"to":[20.5,12.2,21.75],"rotation":{"angle":22.5,"axis":"z","origin":[18,9.7,15.75]},"faces":{"north":{"uv":[10.32258,3,12.3871,4],"texture":"#2"},"east":{"uv":[2.06452,5,8.25806,6],"texture":"#2"},"south":{"uv":[5.16129,5,8.25806,6],"texture":"#2"},"west":{"uv":[6.19355,10,12.3871,11],"texture":"#2"},"up":{"uv":[0,0,13.41935,6],"rotation":90,"texture":"#2"},"down":{"uv":[0,0,2.58065,6],"texture":"#missing"}}},{"from":[13.35089,11.46327,8.25],"to":[14.35089,12.46327,9.25],"rotation":{"angle":22.5,"axis":"z","origin":[20.85089,11.96327,8.75]},"faces":{"north":{"uv":[5.16129,10,7.22581,12],"texture":"#2"},"east":{"uv":[5.16129,10,7.22581,12],"texture":"#2"},"south":{"uv":[5.16129,10,7.22581,12],"texture":"#2"},"west":{"uv":[5.16129,10,7.22581,12],"texture":"#2"},"up":{"uv":[5.16129,10,7.22581,12],"texture":"#2"},"down":{"uv":[6.19355,14,8.25806,16],"texture":"#2"}}}],"display":{"thirdperson_righthand":{"scale":[0.25,0.25,0.25]},"thirdperson_lefthand":{"scale":[0.25,0.25,0.25]},"firstperson_righthand":{"scale":[0.2,0.2,0.2]},"firstperson_lefthand":{"scale":[0.2,0.2,0.2]},"ground":{"scale":[0.5,0.5,0.5]},"gui":{"rotation":[29,134,0],"translation":[-0.75,0,0],"scale":[0.3,0.3,0.3]},"fixed":{"translation":[18.5,0,34.1],"scale":[2,2,2]}},"groups":[{"name":"group","origin":[8,8,8],"children":[{"name":"flecos","origin":[12,8.301,6.399],"children":[]},{"name":"borde","origin":[8,8,8],"children":[0,1,2,3]},{"name":"cover","origin":[8,8,8],"children":[4,5,6,7,8,9,10,11,12,13]}]},{"name":"pillow","origin":[8,8,8],"children":[14,15,16,17,18,19,20]},{"name":"pillow","origin":[8,8,8],"children":[21,22,23,24,25,26,27]}]}