{"credit":"Made with Blockbench","textures":{"0":"block/chess_1","particle":"block/chess_1"},"elements":[{"from":[3,0,3],"to":[13,1,13],"faces":{"north":{"uv":[0,0,10,1],"texture":"#0"},"east":{"uv":[0,9,10,10],"texture":"#0"},"south":{"uv":[0,0,10,1],"texture":"#0"},"west":{"uv":[0,9,10,10],"texture":"#0"},"up":{"uv":[0,0,10,10],"texture":"#0"},"down":{"uv":[0,0,1,1],"texture":"#0"}}},{"from":[5.25,1,4.25],"to":[5.75,2,4.75],"faces":{"north":{"uv":[13,0,13.5,1],"texture":"#0"},"east":{"uv":[13,0,13.5,1],"texture":"#0"},"south":{"uv":[13,0,13.5,1],"texture":"#0"},"west":{"uv":[13,0,13.5,1],"texture":"#0"},"up":{"uv":[13,0,13.5,1],"texture":"#0"},"down":{"uv":[13,0,13.5,1],"texture":"#0"}}},{"from":[5.25,1,5.25],"to":[5.75,2,5.75],"faces":{"north":{"uv":[13,0,13.5,1],"texture":"#0"},"east":{"uv":[13,0,13.5,1],"texture":"#0"},"south":{"uv":[13,0,13.5,1],"texture":"#0"},"west":{"uv":[13,0,13.5,1],"texture":"#0"},"up":{"uv":[13,0,13.5,1],"texture":"#0"},"down":{"uv":[13,0,13.5,1],"texture":"#0"}}},{"from":[7.25,1,6.25],"to":[7.75,2,6.75],"faces":{"north":{"uv":[13,0,13.5,1],"texture":"#0"},"east":{"uv":[13,0,13.5,1],"texture":"#0"},"south":{"uv":[13,0,13.5,1],"texture":"#0"},"west":{"uv":[13,0,13.5,1],"texture":"#0"},"up":{"uv":[13,0,13.5,1],"texture":"#0"},"down":{"uv":[13,0,13.5,1],"texture":"#0"}}},{"from":[5.25,1,7.25],"to":[5.75,2,7.75],"faces":{"north":{"uv":[13,0,13.5,1],"texture":"#0"},"east":{"uv":[13,0,13.5,1],"texture":"#0"},"south":{"uv":[13,0,13.5,1],"texture":"#0"},"west":{"uv":[13,0,13.5,1],"texture":"#0"},"up":{"uv":[13,0,13.5,1],"texture":"#0"},"down":{"uv":[13,0,13.5,1],"texture":"#0"}}},{"from":[5.25,1,11.25],"to":[5.75,2,11.75],"faces":{"north":{"uv":[13,0,13.5,1],"texture":"#0"},"east":{"uv":[13,0,13.5,1],"texture":"#0"},"south":{"uv":[13,0,13.5,1],"texture":"#0"},"west":{"uv":[13,0,13.5,1],"texture":"#0"},"up":{"uv":[13,0,13.5,1],"texture":"#0"},"down":{"uv":[13,0,13.5,1],"texture":"#0"}}},{"from":[4.25,1,11.25],"to":[4.75,2.25,11.75],"faces":{"north":{"uv":[13,0,13.5,1],"texture":"#0"},"east":{"uv":[13,0,13.5,1],"texture":"#0"},"south":{"uv":[13,0,13.5,1],"texture":"#0"},"west":{"uv":[13,0,13.5,1],"texture":"#0"},"up":{"uv":[13,0,13.5,1],"texture":"#0"},"down":{"uv":[13,0,13.5,1],"texture":"#0"}}},{"from":[11.25,0,14.25],"to":[11.75,1.25,14.75],"faces":{"north":{"uv":[13,0,13.5,1],"texture":"#0"},"east":{"uv":[13,0,13.5,1],"texture":"#0"},"south":{"uv":[13,0,13.5,1],"texture":"#0"},"west":{"uv":[13,0,13.5,1],"texture":"#0"},"up":{"uv":[13,0,13.5,1],"texture":"#0"},"down":{"uv":[13,0,13.5,1],"texture":"#0"}}},{"from":[4.25,1,9.25],"to":[4.75,2.25,9.75],"faces":{"north":{"uv":[13,0,13.5,1],"texture":"#0"},"east":{"uv":[13,0,13.5,1],"texture":"#0"},"south":{"uv":[13,0,13.5,1],"texture":"#0"},"west":{"uv":[13,0,13.5,1],"texture":"#0"},"up":{"uv":[13,0,13.5,1],"texture":"#0"},"down":{"uv":[13,0,13.5,1],"texture":"#0"}}},{"from":[4.25,1,6.25],"to":[4.75,2.25,6.75],"faces":{"north":{"uv":[13,0,13.5,1],"texture":"#0"},"east":{"uv":[13,0,13.5,1],"texture":"#0"},"south":{"uv":[13,0,13.5,1],"texture":"#0"},"west":{"uv":[13,0,13.5,1],"texture":"#0"},"up":{"uv":[13,0,13.5,1],"texture":"#0"},"down":{"uv":[13,0,13.5,1],"texture":"#0"}}},{"from":[11.25,1,8.25],"to":[11.75,2.5,8.75],"faces":{"north":{"uv":[13,0,13.5,1],"texture":"#0"},"east":{"uv":[13,0,13.5,1],"texture":"#0"},"south":{"uv":[13,0,13.5,1],"texture":"#0"},"west":{"uv":[13,0,13.5,1],"texture":"#0"},"up":{"uv":[13,0,13.5,1],"texture":"#0"},"down":{"uv":[13,0,13.5,1],"texture":"#0"}}},{"from":[4.25,1,8.25],"to":[4.75,2.5,8.75],"faces":{"north":{"uv":[13,0,13.5,1],"texture":"#0"},"east":{"uv":[13,0,13.5,1],"texture":"#0"},"south":{"uv":[13,0,13.5,1],"texture":"#0"},"west":{"uv":[13,0,13.5,1],"texture":"#0"},"up":{"uv":[13,0,13.5,1],"texture":"#0"},"down":{"uv":[13,0,13.5,1],"texture":"#0"}}},{"from":[4.25,1,5.25],"to":[4.75,2.25,5.75],"faces":{"north":{"uv":[13,0,13.5,1],"texture":"#0"},"east":{"uv":[13,0,13.5,1],"texture":"#0"},"south":{"uv":[13,0,13.5,1],"texture":"#0"},"west":{"uv":[13,0,13.5,1],"texture":"#0"},"up":{"uv":[13,0,13.5,1],"texture":"#0"},"down":{"uv":[13,0,13.5,1],"texture":"#0"}}},{"from":[4.25,1,4.25],"to":[4.75,2.25,4.75],"faces":{"north":{"uv":[13,0,13.5,1],"texture":"#0"},"east":{"uv":[13,0,13.5,1],"texture":"#0"},"south":{"uv":[13,0,13.5,1],"texture":"#0"},"west":{"uv":[13,0,13.5,1],"texture":"#0"},"up":{"uv":[13,0,13.5,1],"texture":"#0"},"down":{"uv":[13,0,13.5,1],"texture":"#0"}}},{"from":[5,0,15.25],"to":[6,0.5,15.75],"rotation":{"angle":0,"axis":"z","origin":[5.5,0.5,15.5]},"faces":{"north":{"uv":[11,0,11.5,1],"rotation":90,"texture":"#0"},"east":{"uv":[11,0,11.5,1],"rotation":90,"texture":"#0"},"south":{"uv":[11,0,11.5,1],"rotation":270,"texture":"#0"},"west":{"uv":[11,0,11.5,1],"rotation":90,"texture":"#0"},"up":{"uv":[11,0,11.5,1],"rotation":270,"texture":"#0"},"down":{"uv":[11,0,11.5,1],"rotation":270,"texture":"#0"}}},{"from":[1.25,0,14.25],"to":[1.75,1,14.75],"rotation":{"angle":0,"axis":"y","origin":[9,1.57813,8]},"faces":{"north":{"uv":[11,0,11.5,1],"texture":"#0"},"east":{"uv":[11,0,11.5,1],"texture":"#0"},"south":{"uv":[11,0,11.5,1],"texture":"#0"},"west":{"uv":[11,0,11.5,1],"texture":"#0"},"up":{"uv":[11,0,11.5,1],"rotation":180,"texture":"#0"},"down":{"uv":[11,0,11.5,1],"rotation":180,"texture":"#0"}}},{"from":[1.25,0,12.25],"to":[1.75,1,12.75],"rotation":{"angle":0,"axis":"y","origin":[9,1.57813,8]},"faces":{"north":{"uv":[11,0,11.5,1],"texture":"#0"},"east":{"uv":[11,0,11.5,1],"texture":"#0"},"south":{"uv":[11,0,11.5,1],"texture":"#0"},"west":{"uv":[11,0,11.5,1],"texture":"#0"},"up":{"uv":[11,0,11.5,1],"rotation":180,"texture":"#0"},"down":{"uv":[11,0,11.5,1],"rotation":180,"texture":"#0"}}},{"from":[6.25,0,13.25],"to":[6.75,1,13.75],"rotation":{"angle":0,"axis":"y","origin":[9,1.57813,8]},"faces":{"north":{"uv":[11,0,11.5,1],"texture":"#0"},"east":{"uv":[11,0,11.5,1],"texture":"#0"},"south":{"uv":[11,0,11.5,1],"texture":"#0"},"west":{"uv":[11,0,11.5,1],"texture":"#0"},"up":{"uv":[11,0,11.5,1],"rotation":180,"texture":"#0"},"down":{"uv":[11,0,11.5,1],"rotation":180,"texture":"#0"}}},{"from":[9.25,1,7.25],"to":[9.75,2,7.75],"rotation":{"angle":0,"axis":"y","origin":[9,1.57813,8]},"faces":{"north":{"uv":[11,0,11.5,1],"texture":"#0"},"east":{"uv":[11,0,11.5,1],"texture":"#0"},"south":{"uv":[11,0,11.5,1],"texture":"#0"},"west":{"uv":[11,0,11.5,1],"texture":"#0"},"up":{"uv":[11,0,11.5,1],"rotation":180,"texture":"#0"},"down":{"uv":[11,0,11.5,1],"rotation":180,"texture":"#0"}}},{"from":[8.25,1,6.25],"to":[8.75,2,6.75],"rotation":{"angle":0,"axis":"y","origin":[9,1.57813,8]},"faces":{"north":{"uv":[11,0,11.5,1],"texture":"#0"},"east":{"uv":[11,0,11.5,1],"texture":"#0"},"south":{"uv":[11,0,11.5,1],"texture":"#0"},"west":{"uv":[11,0,11.5,1],"texture":"#0"},"up":{"uv":[11,0,11.5,1],"rotation":180,"texture":"#0"},"down":{"uv":[11,0,11.5,1],"rotation":180,"texture":"#0"}}},{"from":[10.25,1,5.25],"to":[10.75,2,5.75],"rotation":{"angle":0,"axis":"y","origin":[9,1.57813,8]},"faces":{"north":{"uv":[11,0,11.5,1],"texture":"#0"},"east":{"uv":[11,0,11.5,1],"texture":"#0"},"south":{"uv":[11,0,11.5,1],"texture":"#0"},"west":{"uv":[11,0,11.5,1],"texture":"#0"},"up":{"uv":[11,0,11.5,1],"rotation":180,"texture":"#0"},"down":{"uv":[11,0,11.5,1],"rotation":180,"texture":"#0"}}},{"from":[10.25,1,4.25],"to":[10.75,2,4.75],"rotation":{"angle":0,"axis":"y","origin":[9,1.57813,8]},"faces":{"north":{"uv":[11,0,11.5,1],"texture":"#0"},"east":{"uv":[11,0,11.5,1],"texture":"#0"},"south":{"uv":[11,0,11.5,1],"texture":"#0"},"west":{"uv":[11,0,11.5,1],"texture":"#0"},"up":{"uv":[11,0,11.5,1],"rotation":180,"texture":"#0"},"down":{"uv":[11,0,11.5,1],"rotation":180,"texture":"#0"}}},{"from":[5.25,0,13.25],"to":[5.75,1.25,13.75],"rotation":{"angle":0,"axis":"y","origin":[9,1.57813,8]},"faces":{"north":{"uv":[11,0,11.5,1],"texture":"#0"},"east":{"uv":[11,0,11.5,1],"texture":"#0"},"south":{"uv":[11,0,11.5,1],"texture":"#0"},"west":{"uv":[11,0,11.5,1],"texture":"#0"},"up":{"uv":[11,0,11.5,1],"rotation":180,"texture":"#0"},"down":{"uv":[11,0,11.5,1],"rotation":180,"texture":"#0"}}},{"from":[9.25,1,4.25],"to":[9.75,2.25,4.75],"rotation":{"angle":0,"axis":"y","origin":[9,1.57813,8]},"faces":{"north":{"uv":[11,0,11.5,1],"texture":"#0"},"east":{"uv":[11,0,11.5,1],"texture":"#0"},"south":{"uv":[11,0,11.5,1],"texture":"#0"},"west":{"uv":[11,0,11.5,1],"texture":"#0"},"up":{"uv":[11,0,11.5,1],"rotation":180,"texture":"#0"},"down":{"uv":[11,0,11.5,1],"rotation":180,"texture":"#0"}}},{"from":[6.25,1,9.25],"to":[6.75,2.25,9.75],"rotation":{"angle":0,"axis":"y","origin":[9,1.57813,8]},"faces":{"north":{"uv":[11,0,11.5,1],"texture":"#0"},"east":{"uv":[11,0,11.5,1],"texture":"#0"},"south":{"uv":[11,0,11.5,1],"texture":"#0"},"west":{"uv":[11,0,11.5,1],"texture":"#0"},"up":{"uv":[11,0,11.5,1],"rotation":180,"texture":"#0"},"down":{"uv":[11,0,11.5,1],"rotation":180,"texture":"#0"}}},{"from":[3.25,0.125,13.875],"to":[3.75,0.625,15.125],"rotation":{"angle":0,"axis":"x","origin":[3.5,0.625,14.5]},"faces":{"north":{"uv":[11,0,11.5,1],"texture":"#0"},"east":{"uv":[11,0,11.5,1],"rotation":270,"texture":"#0"},"south":{"uv":[11,0,11.5,1],"rotation":180,"texture":"#0"},"west":{"uv":[11,0,11.5,1],"rotation":90,"texture":"#0"},"up":{"uv":[11,0,11.5,1],"rotation":180,"texture":"#0"},"down":{"uv":[11,0,11.5,1],"texture":"#0"}}},{"from":[8.25,1,9.25],"to":[8.75,2.5,9.75],"rotation":{"angle":0,"axis":"y","origin":[9,1.57813,8]},"faces":{"north":{"uv":[11,0,11.5,1],"texture":"#0"},"east":{"uv":[11,0,11.5,1],"texture":"#0"},"south":{"uv":[11,0,11.5,1],"texture":"#0"},"west":{"uv":[11,0,11.5,1],"texture":"#0"},"up":{"uv":[11,0,11.5,1],"rotation":180,"texture":"#0"},"down":{"uv":[11,0,11.5,1],"rotation":180,"texture":"#0"}}},{"from":[3.25,0,13.25],"to":[3.75,1.5,13.75],"rotation":{"angle":0,"axis":"y","origin":[9,1.57813,8]},"faces":{"north":{"uv":[11,0,11.5,1],"texture":"#0"},"east":{"uv":[11,0,11.5,1],"texture":"#0"},"south":{"uv":[11,0,11.5,1],"texture":"#0"},"west":{"uv":[11,0,11.5,1],"texture":"#0"},"up":{"uv":[11,0,11.5,1],"rotation":180,"texture":"#0"},"down":{"uv":[11,0,11.5,1],"rotation":180,"texture":"#0"}}},{"from":[4.25,0,14.25],"to":[4.75,1.25,14.75],"rotation":{"angle":0,"axis":"y","origin":[9,1.57813,8]},"faces":{"north":{"uv":[11,0,11.5,1],"texture":"#0"},"east":{"uv":[11,0,11.5,1],"texture":"#0"},"south":{"uv":[11,0,11.5,1],"texture":"#0"},"west":{"uv":[11,0,11.5,1],"texture":"#0"},"up":{"uv":[11,0,11.5,1],"rotation":180,"texture":"#0"},"down":{"uv":[11,0,11.5,1],"rotation":180,"texture":"#0"}}},{"from":[2.25,0,13.25],"to":[2.75,1.25,13.75],"rotation":{"angle":0,"axis":"y","origin":[9,1.57813,8]},"faces":{"north":{"uv":[11,0,11.5,1],"texture":"#0"},"east":{"uv":[11,0,11.5,1],"texture":"#0"},"south":{"uv":[11,0,11.5,1],"texture":"#0"},"west":{"uv":[11,0,11.5,1],"texture":"#0"},"up":{"uv":[11,0,11.5,1],"rotation":180,"texture":"#0"},"down":{"uv":[11,0,11.5,1],"rotation":180,"texture":"#0"}}}],"display":{"thirdperson_righthand":{"translation":[0,4.5,0],"scale":[0.6,0.6,0.6]},"thirdperson_lefthand":{"translation":[0,4.5,0],"scale":[0.6,0.6,0.6]},"ground":{"translation":[0,1,0],"scale":[0.6,0.6,0.6]},"gui":{"rotation":[60,-7,0],"translation":[0,3.25,0],"scale":[0.7,0.7,0.7]},"fixed":{"rotation":[-90,0,0],"translation":[0,0,-15],"scale":[2,2,2]}},"groups":[0,{"name":"white pieces","origin":[8,8,8],"children":[1,2,3,4,5,6,7,8,9,10,11,12,13]},{"name":"black pieces","origin":[0,0,0],"children":[14,15,16,17,18,19,20,21,22,23,24,25,26,27,28,29]}]}