{"credit":"Made with Blockbench","textures":{"1":"block/doily 5a","2":"block/doily 5b","particle":"block/doily 5b"},"elements":[{"from":[-0.0998,-0.001,0.1902],"to":[16.1002,-0.001,16.3902],"rotation":{"angle":0,"axis":"y","origin":[8.9002,7.999,8.9402]},"faces":{"north":{"uv":[0,0,14,0],"texture":"#1"},"east":{"uv":[0,0,14,0],"texture":"#1"},"south":{"uv":[0,0,14,0],"texture":"#1"},"west":{"uv":[0,0,14,0],"texture":"#1"},"up":{"uv":[0,0,16,16],"texture":"#1"},"down":{"uv":[0,0,16,16],"texture":"#1"}}},{"from":[16.0992,-16,0.1902],"to":[16.0992,0,16.3902],"rotation":{"angle":0,"axis":"z","origin":[8.0992,0,7.9402]},"faces":{"north":{"uv":[0,0,16,16],"texture":"#2"},"east":{"uv":[0,0,16,16],"texture":"#2"},"south":{"uv":[0,0,16,16],"texture":"#2"},"west":{"uv":[0,0,16,16],"texture":"#2"},"up":{"uv":[0,0,16,16],"texture":"#2"},"down":{"uv":[0,0,16,16],"texture":"#2"}}},{"from":[-0.0998,-15.999,0.1902],"to":[-0.0998,0.001,16.3902],"rotation":{"angle":0,"axis":"z","origin":[7.9002,0.001,7.9402]},"faces":{"north":{"uv":[0,0,16,16],"texture":"#2"},"east":{"uv":[0,0,16,16],"texture":"#2"},"south":{"uv":[0,0,16,16],"texture":"#2"},"west":{"uv":[0,0,16,16],"texture":"#2"},"up":{"uv":[0,0,16,16],"texture":"#2"},"down":{"uv":[0,0,16,16],"texture":"#2"}}},{"from":[-0.1498,-16,16.3892],"to":[16.0502,0,16.3892],"rotation":{"angle":0,"axis":"y","origin":[0.1002,-8.001,8.1392]},"faces":{"north":{"uv":[0,0,16,16],"texture":"#2"},"east":{"uv":[0,0,16,16],"texture":"#2"},"south":{"uv":[0,0,16,16],"texture":"#2"},"west":{"uv":[0,0,16,16],"texture":"#2"},"up":{"uv":[0,0,16,16],"texture":"#2"},"down":{"uv":[0,0,16,16],"texture":"#2"}}},{"from":[-0.1498,-16,0.1892],"to":[16.0502,0,0.1892],"rotation":{"angle":0,"axis":"y","origin":[0.1002,-8.001,7.9392]},"faces":{"north":{"uv":[0,0,16,16],"texture":"#2"},"east":{"uv":[0,0,16,16],"texture":"#2"},"south":{"uv":[0,0,16,16],"texture":"#2"},"west":{"uv":[0,0,16,16],"texture":"#2"},"up":{"uv":[0,0,16,16],"texture":"#2"},"down":{"uv":[0,0,16,16],"texture":"#2"}}}],"display":{"thirdperson_righthand":{"translation":[0,4,0],"scale":[0.5,0.5,0.5]},"thirdperson_lefthand":{"translation":[0,4,0],"scale":[0.5,0.5,0.5]},"gui":{"rotation":[90,0,0]},"fixed":{"translation":[0,24.5,17.25],"scale":[2,1,2]}}}