{"credit":"Made with Blockbench","textures":{"1":"block/doily 3"},"elements":[{"from":[-0.0998,-0.001,0.1902],"to":[16.1002,-0.001,16.3902],"rotation":{"angle":0,"axis":"y","origin":[8.9002,7.999,8.9402]},"faces":{"north":{"uv":[0,0,14,0],"texture":"#1"},"east":{"uv":[0,0,14,0],"texture":"#1"},"south":{"uv":[0,0,14,0],"texture":"#1"},"west":{"uv":[0,0,14,0],"texture":"#1"},"up":{"uv":[0,0,16,16],"texture":"#1"},"down":{"uv":[0,0,16,16],"texture":"#1"}}}],"display":{"thirdperson_righthand":{"translation":[0,4,0],"scale":[0.5,0.5,0.5]},"thirdperson_lefthand":{"translation":[0,4,0],"scale":[0.5,0.5,0.5]},"gui":{"rotation":[90,0,0]},"fixed":{"translation":[0,24.5,17.25],"scale":[2,1,2]}}}