{"credit":"Made with Blockbench","textures":{"0":"block/canasto1","1":"block/embroidery_fruit8","particle":"block/canasto1"},"elements":[{"from":[7.07072,0,10.42535],"to":[8.57072,1,10.92535],"rotation":{"angle":-22.5,"axis":"y","origin":[5.48479,0.5,8.12242]},"faces":{"north":{"uv":[4,4,5,5],"rotation":180,"texture":"#0"},"east":{"uv":[4,4,5,5],"rotation":180,"texture":"#0"},"south":{"uv":[4,4,5,5],"rotation":180,"texture":"#0"},"west":{"uv":[4,4,5,5],"rotation":180,"texture":"#0"},"up":{"uv":[4,4,5,5],"rotation":180,"texture":"#0"},"down":{"uv":[4,4,5,5],"rotation":180,"texture":"#0"}}},{"from":[8.08652,0,10.5128],"to":[9.58652,1,11.0128],"rotation":{"angle":22.5,"axis":"y","origin":[10.6088,0.5,9.8947]},"faces":{"north":{"uv":[4,4,5,5],"texture":"#0"},"east":{"uv":[4,4,5,5],"texture":"#0"},"south":{"uv":[4,4,5,5],"texture":"#0"},"west":{"uv":[4,4,5,5],"texture":"#0"},"up":{"uv":[4,4,5,5],"texture":"#0"},"down":{"uv":[4,4,5,5],"texture":"#0"}}},{"from":[4.24268,0,7.37242],"to":[4.74268,1,8.87242],"rotation":{"angle":0,"axis":"y","origin":[5.48479,0.5,8.12242]},"faces":{"north":{"uv":[4,4,5,5],"rotation":180,"texture":"#0"},"east":{"uv":[4,4,5,5],"rotation":180,"texture":"#0"},"south":{"uv":[4,4,5,5],"rotation":180,"texture":"#0"},"west":{"uv":[4,4,5,5],"rotation":180,"texture":"#0"},"up":{"uv":[4,4,5,5],"rotation":180,"texture":"#0"},"down":{"uv":[4,4,5,5],"rotation":180,"texture":"#0"}}},{"from":[11.22689,0,7.37242],"to":[11.72689,1,8.87242],"rotation":{"angle":0,"axis":"y","origin":[11.47689,0.5,8.12242]},"faces":{"north":{"uv":[4,4,5,5],"texture":"#0"},"east":{"uv":[4,4,5,5],"texture":"#0"},"south":{"uv":[4,4,5,5],"texture":"#0"},"west":{"uv":[4,4,5,5],"texture":"#0"},"up":{"uv":[4,4,5,5],"texture":"#0"},"down":{"uv":[4,4,5,5],"texture":"#0"}}},{"from":[3.50213,0,9.16027],"to":[4.00213,1,10.66027],"rotation":{"angle":45,"axis":"y","origin":[5.48479,0.5,8.12242]},"faces":{"north":{"uv":[4,4,5,5],"rotation":180,"texture":"#0"},"east":{"uv":[4,4,5,5],"rotation":180,"texture":"#0"},"south":{"uv":[4,4,5,5],"rotation":180,"texture":"#0"},"west":{"uv":[4,4,5,5],"rotation":180,"texture":"#0"},"up":{"uv":[4,4,5,5],"rotation":180,"texture":"#0"},"down":{"uv":[4,4,5,5],"rotation":180,"texture":"#0"}}},{"from":[10.75057,0,9.76705],"to":[11.25057,1,11.26705],"rotation":{"angle":-45,"axis":"y","origin":[10.6088,0.5,9.8947]},"faces":{"north":{"uv":[4,4,5,5],"texture":"#0"},"east":{"uv":[4,4,5,5],"texture":"#0"},"south":{"uv":[4,4,5,5],"texture":"#0"},"west":{"uv":[4,4,5,5],"texture":"#0"},"up":{"uv":[4,4,5,5],"texture":"#0"},"down":{"uv":[4,4,5,5],"texture":"#0"}}},{"from":[4.05021,0,6.40485],"to":[4.55021,1,7.90485],"rotation":{"angle":-22.5,"axis":"y","origin":[5.48479,0.5,8.12242]},"faces":{"north":{"uv":[4,4,5,5],"rotation":180,"texture":"#0"},"east":{"uv":[4,4,5,5],"rotation":180,"texture":"#0"},"south":{"uv":[4,4,5,5],"rotation":180,"texture":"#0"},"west":{"uv":[4,4,5,5],"rotation":180,"texture":"#0"},"up":{"uv":[4,4,5,5],"rotation":180,"texture":"#0"},"down":{"uv":[4,4,5,5],"rotation":180,"texture":"#0"}}},{"from":[9.42818,0,6.32966],"to":[9.92818,1,7.82966],"rotation":{"angle":22.5,"axis":"y","origin":[9.67818,0.5,3.07966]},"faces":{"north":{"uv":[4,4,5,5],"texture":"#0"},"east":{"uv":[4,4,5,5],"texture":"#0"},"south":{"uv":[4,4,5,5],"texture":"#0"},"west":{"uv":[4,4,5,5],"texture":"#0"},"up":{"uv":[4,4,5,5],"texture":"#0"},"down":{"uv":[4,4,5,5],"texture":"#0"}}},{"from":[4.05021,0,8.34],"to":[4.55021,1,9.84],"rotation":{"angle":22.5,"axis":"y","origin":[5.48479,0.5,8.12242]},"faces":{"north":{"uv":[4,4,5,5],"rotation":180,"texture":"#0"},"east":{"uv":[4,4,5,5],"rotation":180,"texture":"#0"},"south":{"uv":[4,4,5,5],"rotation":180,"texture":"#0"},"west":{"uv":[4,4,5,5],"rotation":180,"texture":"#0"},"up":{"uv":[4,4,5,5],"rotation":180,"texture":"#0"},"down":{"uv":[4,4,5,5],"rotation":180,"texture":"#0"}}},{"from":[10.75057,0,8.52236],"to":[11.25057,1,10.02236],"rotation":{"angle":-22.5,"axis":"y","origin":[10.6088,0.5,9.8947]},"faces":{"north":{"uv":[4,4,5,5],"texture":"#0"},"east":{"uv":[4,4,5,5],"texture":"#0"},"south":{"uv":[4,4,5,5],"texture":"#0"},"west":{"uv":[4,4,5,5],"texture":"#0"},"up":{"uv":[4,4,5,5],"texture":"#0"},"down":{"uv":[4,4,5,5],"texture":"#0"}}},{"from":[6.52263,0,6.13976],"to":[8.02263,1,6.63976],"rotation":{"angle":45,"axis":"y","origin":[5.48479,0.5,8.12242]},"faces":{"north":{"uv":[4,4,5,5],"rotation":180,"texture":"#0"},"east":{"uv":[4,4,5,5],"rotation":180,"texture":"#0"},"south":{"uv":[4,4,5,5],"rotation":180,"texture":"#0"},"west":{"uv":[4,4,5,5],"rotation":180,"texture":"#0"},"up":{"uv":[4,4,5,5],"rotation":180,"texture":"#0"},"down":{"uv":[4,4,5,5],"rotation":180,"texture":"#0"}}},{"from":[10.28155,0,3.96883],"to":[11.78155,1,4.46883],"rotation":{"angle":-45,"axis":"y","origin":[9.03155,0.5,4.21883]},"faces":{"north":{"uv":[4,4,5,5],"texture":"#0"},"east":{"uv":[4,4,5,5],"texture":"#0"},"south":{"uv":[4,4,5,5],"texture":"#0"},"west":{"uv":[4,4,5,5],"texture":"#0"},"up":{"uv":[4,4,5,5],"texture":"#0"},"down":{"uv":[4,4,5,5],"texture":"#0"}}},{"from":[7.07072,0,5.31949],"to":[8.57072,1,5.81949],"rotation":{"angle":22.5,"axis":"y","origin":[5.48479,0.5,8.12242]},"faces":{"north":{"uv":[4,4,5,5],"rotation":180,"texture":"#0"},"east":{"uv":[4,4,5,5],"rotation":180,"texture":"#0"},"south":{"uv":[4,4,5,5],"rotation":180,"texture":"#0"},"west":{"uv":[4,4,5,5],"rotation":180,"texture":"#0"},"up":{"uv":[4,4,5,5],"rotation":180,"texture":"#0"},"down":{"uv":[4,4,5,5],"rotation":180,"texture":"#0"}}},{"from":[8.55363,0,4.6199],"to":[10.05363,1,5.1199],"rotation":{"angle":-22.5,"axis":"y","origin":[9.30363,0.5,4.8699]},"faces":{"north":{"uv":[4,4,5,5],"texture":"#0"},"east":{"uv":[4,4,5,5],"texture":"#0"},"south":{"uv":[4,4,5,5],"texture":"#0"},"west":{"uv":[4,4,5,5],"texture":"#0"},"up":{"uv":[4,4,5,5],"texture":"#0"},"down":{"uv":[4,4,5,5],"texture":"#0"}}},{"from":[7.20639,0,11.39293],"to":[8.70639,1,11.89293],"rotation":{"angle":0,"axis":"y","origin":[7.20639,0,6.39293]},"faces":{"north":{"uv":[4,4,5,5],"texture":"#0"},"east":{"uv":[4,4,5,5],"texture":"#0"},"south":{"uv":[4,4,5,5],"texture":"#0"},"west":{"uv":[4,4,5,5],"texture":"#0"},"up":{"uv":[4,4,5,5],"texture":"#0"},"down":{"uv":[4,4,5,5],"texture":"#0"}}},{"from":[7.20639,0,4.35192],"to":[8.70639,1,4.85192],"rotation":{"angle":0,"axis":"y","origin":[7.20639,0,4.35192]},"faces":{"north":{"uv":[4,4,5,5],"texture":"#0"},"east":{"uv":[4,4,5,5],"texture":"#0"},"south":{"uv":[4,4,5,5],"texture":"#0"},"west":{"uv":[4,4,5,5],"texture":"#0"},"up":{"uv":[4,4,5,5],"texture":"#0"},"down":{"uv":[4,4,5,5],"texture":"#0"}}},{"from":[8.15,0,3.60192],"to":[8.65,1,4.35192],"rotation":{"angle":0,"axis":"y","origin":[8.45639,0.5,4.10192]},"faces":{"north":{"uv":[4,4,5,5],"texture":"#0"},"east":{"uv":[4,4,5,5],"texture":"#0"},"south":{"uv":[4,4,5,5],"texture":"#0"},"west":{"uv":[4,4,5,5],"texture":"#0"},"up":{"uv":[4,4,5,5],"texture":"#0"},"down":{"uv":[4,4,5,5],"texture":"#0"}}},{"from":[7.35,0,3.60192],"to":[7.85,1,4.35192],"rotation":{"angle":0,"axis":"y","origin":[8.45639,0.5,5.10192]},"faces":{"north":{"uv":[4,4,5,5],"texture":"#0"},"east":{"uv":[4,4,5,5],"texture":"#0"},"south":{"uv":[4,4,5,5],"texture":"#0"},"west":{"uv":[4,4,5,5],"texture":"#0"},"up":{"uv":[4,4,5,5],"texture":"#0"},"down":{"uv":[4,4,5,5],"texture":"#0"}}},{"from":[7.25,0.375,3.875],"to":[8.75,0.625,4.125],"rotation":{"angle":0,"axis":"y","origin":[0,0,0]},"faces":{"north":{"uv":[14,2,16,4],"texture":"#0"},"east":{"uv":[14,2,16,4],"texture":"#0"},"south":{"uv":[14,2,16,4],"texture":"#0"},"west":{"uv":[14,2,16,4],"texture":"#0"},"up":{"uv":[14,2,16,4],"texture":"#0"},"down":{"uv":[14,2,16,4],"texture":"#0"}}},{"from":[4,0.95,4],"to":[12,0.95,12],"rotation":{"angle":0,"axis":"y","origin":[4,0,4]},"faces":{"north":{"uv":[0,0,8,0],"texture":"#missing"},"east":{"uv":[0,0,8,0],"texture":"#missing"},"south":{"uv":[0,0,8,0],"texture":"#missing"},"west":{"uv":[0,0,8,0],"texture":"#missing"},"up":{"uv":[3,2,13.5,12],"texture":"#1"},"down":{"uv":[0,0,3,2],"texture":"#missing"}}}],"display":{"thirdperson_righthand":{"translation":[0,7.75,0]},"thirdperson_lefthand":{"translation":[0,7.75,0]},"gui":{"rotation":[90,0,0],"scale":[2,2,2]},"fixed":{"rotation":[90,0,-180],"translation":[0,0,-23.25],"scale":[3,3,3]}},"groups":[{"name":"bastidor","origin":[8,8,8],"children":[0,1,2,3,4,5,6,7,8,9,10,11,12,13,14,15,16,17,18]},19]}