{"credit":"Made with Blockbench","textures":{"0":"block/blankets/quilt_yellow","1":"block/blankets/knit_lilac_border","2":"block/blankets/quilt_pink","3":"block/logs/oak","particle":"block/blankets/quilt_yellow"},"elements":[{"from":[2.42318,0,5.51865],"to":[3.42318,24,6.51865],"rotation":{"angle":0,"axis":"y","origin":[2.42318,0,5.51865]},"faces":{"north":{"uv":[0,0,1,1],"texture":"#1"},"east":{"uv":[0,0,1,1],"texture":"#1"},"south":{"uv":[0,0,1,1],"texture":"#1"},"west":{"uv":[0,0,1,1],"texture":"#1"},"up":{"uv":[0,0,1,1],"texture":"#1"},"down":{"uv":[3,1,4,2],"texture":"#3"}}},{"from":[2.42318,0,6.02207],"to":[3.42318,24,7.02207],"rotation":{"angle":22.5,"axis":"y","origin":[1.65775,0.5,8.28403]},"faces":{"north":{"uv":[0,0,1,1],"rotation":180,"texture":"#1"},"east":{"uv":[0,0,1,1],"rotation":180,"texture":"#1"},"south":{"uv":[0,0,1,1],"rotation":180,"texture":"#1"},"west":{"uv":[0,0,1,1],"rotation":180,"texture":"#1"},"up":{"uv":[0,0,1,1],"rotation":180,"texture":"#1"},"down":{"uv":[3,1,4,2],"rotation":180,"texture":"#3"}}},{"from":[4.43685,0,7.53232],"to":[5.43685,24,8.53232],"rotation":{"angle":0,"axis":"y","origin":[4.44031,0.5,9.04604]},"faces":{"north":{"uv":[0,0,1,1],"rotation":270,"texture":"#1"},"east":{"uv":[0,0,1,1],"rotation":270,"texture":"#1"},"south":{"uv":[0,0,1,1],"rotation":270,"texture":"#1"},"west":{"uv":[0,0,1,1],"rotation":270,"texture":"#1"},"up":{"uv":[0,0,1,1],"rotation":270,"texture":"#1"},"down":{"uv":[3,1,4,2],"rotation":270,"texture":"#3"}}},{"from":[0.40951,0,8.03574],"to":[1.40951,24,9.03574],"rotation":{"angle":22.5,"axis":"y","origin":[1.65775,0.5,8.28403]},"faces":{"north":{"uv":[0,0,1,1],"rotation":270,"texture":"#1"},"east":{"uv":[0,0,1,1],"rotation":270,"texture":"#1"},"south":{"uv":[0,0,1,1],"rotation":270,"texture":"#1"},"west":{"uv":[0,0,1,1],"rotation":270,"texture":"#1"},"up":{"uv":[0,0,1,1],"rotation":270,"texture":"#1"},"down":{"uv":[3,1,4,2],"rotation":270,"texture":"#3"}}},{"from":[3.19378,0,5.67194],"to":[4.19378,24,6.67194],"rotation":{"angle":-22.5,"axis":"y","origin":[3.69378,0.5,6.17194]},"faces":{"north":{"uv":[0,0,1,1],"texture":"#1"},"east":{"uv":[0,0,1,1],"texture":"#1"},"south":{"uv":[0,0,1,1],"texture":"#1"},"west":{"uv":[0,0,1,1],"texture":"#1"},"up":{"uv":[0,0,1,1],"texture":"#1"},"down":{"uv":[3,1,4,2],"texture":"#3"}}},{"from":[2.23053,0,6.48717],"to":[3.23053,24,7.48717],"rotation":{"angle":45,"axis":"y","origin":[1.65775,0.5,8.28403]},"faces":{"north":{"uv":[0,0,1,1],"rotation":180,"texture":"#1"},"east":{"uv":[0,0,1,1],"rotation":180,"texture":"#1"},"south":{"uv":[0,0,1,1],"rotation":180,"texture":"#1"},"west":{"uv":[0,0,1,1],"rotation":180,"texture":"#1"},"up":{"uv":[0,0,1,1],"rotation":180,"texture":"#1"},"down":{"uv":[3,1,4,2],"rotation":180,"texture":"#3"}}},{"from":[4.1644,0,8.19007],"to":[5.1644,24,9.19007],"rotation":{"angle":-22.5,"axis":"y","origin":[4.44031,0.5,9.04604]},"faces":{"north":{"uv":[0,0,1,1],"rotation":270,"texture":"#1"},"east":{"uv":[0,0,1,1],"rotation":270,"texture":"#1"},"south":{"uv":[0,0,1,1],"rotation":270,"texture":"#1"},"west":{"uv":[0,0,1,1],"rotation":270,"texture":"#1"},"up":{"uv":[0,0,1,1],"rotation":270,"texture":"#1"},"down":{"uv":[3,1,4,2],"rotation":270,"texture":"#3"}}},{"from":[0.21686,0,8.50084],"to":[1.21686,24,9.50084],"rotation":{"angle":45,"axis":"y","origin":[1.65775,0.5,8.28403]},"faces":{"north":{"uv":[0,0,1,1],"rotation":270,"texture":"#1"},"east":{"uv":[0,0,1,1],"rotation":270,"texture":"#1"},"south":{"uv":[0,0,1,1],"rotation":270,"texture":"#1"},"west":{"uv":[0,0,1,1],"rotation":270,"texture":"#1"},"up":{"uv":[0,0,1,1],"rotation":270,"texture":"#1"},"down":{"uv":[3,1,4,2],"rotation":270,"texture":"#3"}}},{"from":[3.84706,0,6.10844],"to":[4.84706,24,7.10844],"rotation":{"angle":-45,"axis":"y","origin":[4.34706,0.5,6.60844]},"faces":{"north":{"uv":[0,0,1,1],"texture":"#1"},"east":{"uv":[0,0,1,1],"texture":"#1"},"south":{"uv":[0,0,1,1],"texture":"#1"},"west":{"uv":[0,0,1,1],"texture":"#1"},"up":{"uv":[0,0,1,1],"texture":"#1"},"down":{"uv":[3,1,4,2],"texture":"#3"}}},{"from":[0.21686,0,7.06723],"to":[1.21686,24,8.06723],"rotation":{"angle":-22.5,"axis":"y","origin":[1.65775,0.5,8.28403]},"faces":{"north":{"uv":[0,0,1,1],"rotation":270,"texture":"#1"},"east":{"uv":[0,0,1,1],"rotation":270,"texture":"#1"},"south":{"uv":[0,0,1,1],"rotation":270,"texture":"#1"},"west":{"uv":[0,0,1,1],"rotation":270,"texture":"#1"},"up":{"uv":[0,0,1,1],"rotation":270,"texture":"#1"},"down":{"uv":[3,1,4,2],"rotation":270,"texture":"#3"}}},{"from":[4.1644,0,8.90201],"to":[5.1644,24,9.90201],"rotation":{"angle":-45,"axis":"y","origin":[4.44031,0.5,9.04604]},"faces":{"north":{"uv":[0,0,1,1],"rotation":270,"texture":"#1"},"east":{"uv":[0,0,1,1],"rotation":270,"texture":"#1"},"south":{"uv":[0,0,1,1],"rotation":270,"texture":"#1"},"west":{"uv":[0,0,1,1],"rotation":270,"texture":"#1"},"up":{"uv":[0,0,1,1],"rotation":270,"texture":"#1"},"down":{"uv":[3,1,4,2],"rotation":270,"texture":"#3"}}},{"from":[2.23053,0,9.0809],"to":[3.23053,24,10.0809],"rotation":{"angle":-22.5,"axis":"y","origin":[1.65775,0.5,8.28403]},"faces":{"north":{"uv":[0,0,1,1],"texture":"#1"},"east":{"uv":[0,0,1,1],"texture":"#1"},"south":{"uv":[0,0,1,1],"texture":"#1"},"west":{"uv":[0,0,1,1],"texture":"#1"},"up":{"uv":[0,0,1,1],"texture":"#1"},"down":{"uv":[3,1,4,2],"texture":"#3"}}},{"from":[4.28357,0,6.76173],"to":[5.28357,24,7.76173],"rotation":{"angle":22.5,"axis":"y","origin":[4.78357,0.5,7.26173]},"faces":{"north":{"uv":[0,0,1,1],"rotation":270,"texture":"#1"},"east":{"uv":[0,0,1,1],"rotation":270,"texture":"#1"},"south":{"uv":[0,0,1,1],"rotation":270,"texture":"#1"},"west":{"uv":[0,0,1,1],"rotation":270,"texture":"#1"},"up":{"uv":[0,0,1,1],"rotation":270,"texture":"#1"},"down":{"uv":[3,1,4,2],"rotation":270,"texture":"#3"}}},{"from":[0.40951,0,7.53232],"to":[1.40951,24,8.53232],"rotation":{"angle":0,"axis":"y","origin":[1.65775,0.5,8.28403]},"faces":{"north":{"uv":[0,0,1,1],"rotation":270,"texture":"#1"},"east":{"uv":[0,0,1,1],"rotation":270,"texture":"#1"},"south":{"uv":[0,0,1,1],"rotation":270,"texture":"#1"},"west":{"uv":[0,0,1,1],"rotation":270,"texture":"#1"},"up":{"uv":[0,0,1,1],"rotation":270,"texture":"#1"},"down":{"uv":[3,1,4,2],"rotation":270,"texture":"#3"}}},{"from":[2.9266,0,9.04258],"to":[3.9266,24,10.04258],"rotation":{"angle":22.5,"axis":"y","origin":[4.44031,0.5,9.04604]},"faces":{"north":{"uv":[0,0,1,1],"rotation":180,"texture":"#1"},"east":{"uv":[0,0,1,1],"rotation":180,"texture":"#1"},"south":{"uv":[0,0,1,1],"rotation":180,"texture":"#1"},"west":{"uv":[0,0,1,1],"rotation":180,"texture":"#1"},"up":{"uv":[0,0,1,1],"rotation":180,"texture":"#1"},"down":{"uv":[3,1,4,2],"rotation":180,"texture":"#3"}}},{"from":[2.42318,0,9.54599],"to":[3.42318,24,10.54599],"rotation":{"angle":0,"axis":"y","origin":[1.65775,0.5,8.28403]},"faces":{"north":{"uv":[0,0,1,1],"texture":"#1"},"east":{"uv":[0,0,1,1],"texture":"#1"},"south":{"uv":[0,0,1,1],"texture":"#1"},"west":{"uv":[0,0,1,1],"texture":"#1"},"up":{"uv":[0,0,1,1],"texture":"#1"},"down":{"uv":[3,1,4,2],"texture":"#3"}}},{"from":[2.70368,0.0776,8.63736],"to":[3.33728,24.5776,9.27096],"rotation":{"angle":22.5,"axis":"y","origin":[3.82225,0.5,7.83778]},"faces":{"north":{"uv":[3,1,4,2],"texture":"#3"},"east":{"uv":[3,1,4,2],"texture":"#3"},"south":{"uv":[3,1,4,2],"texture":"#3"},"west":{"uv":[3,1,4,2],"texture":"#3"},"up":{"uv":[3,1,4,2],"texture":"#3"},"down":{"uv":[3,1,4,2],"texture":"#3"}}},{"from":[2.38472,0.0776,6.72357],"to":[3.01832,24.5776,7.35717],"rotation":{"angle":22.5,"axis":"y","origin":[2.05922,0.5,7.35498]},"faces":{"north":{"uv":[3,1,4,2],"rotation":180,"texture":"#3"},"east":{"uv":[3,1,4,2],"rotation":180,"texture":"#3"},"south":{"uv":[3,1,4,2],"rotation":180,"texture":"#3"},"west":{"uv":[3,1,4,2],"rotation":180,"texture":"#3"},"up":{"uv":[3,1,4,2],"rotation":180,"texture":"#3"},"down":{"uv":[3,1,4,2],"rotation":180,"texture":"#3"}}},{"from":[3.97954,0.0776,7.3615],"to":[4.61314,24.5776,7.9951],"rotation":{"angle":22.5,"axis":"y","origin":[3.82225,0.5,7.83778]},"faces":{"north":{"uv":[3,1,4,2],"rotation":90,"texture":"#3"},"east":{"uv":[3,1,4,2],"rotation":90,"texture":"#3"},"south":{"uv":[3,1,4,2],"rotation":90,"texture":"#3"},"west":{"uv":[3,1,4,2],"rotation":90,"texture":"#3"},"up":{"uv":[3,1,4,2],"rotation":90,"texture":"#3"},"down":{"uv":[3,1,4,2],"rotation":90,"texture":"#3"}}},{"from":[1.52494,0.0776,8.16872],"to":[2.15854,24.5776,8.80232],"rotation":{"angle":22.5,"axis":"y","origin":[1.84174,0.5,8.48552]},"faces":{"north":{"uv":[3,1,4,2],"rotation":270,"texture":"#3"},"east":{"uv":[3,1,4,2],"rotation":270,"texture":"#3"},"south":{"uv":[3,1,4,2],"rotation":270,"texture":"#3"},"west":{"uv":[3,1,4,2],"rotation":270,"texture":"#3"},"up":{"uv":[3,1,4,2],"rotation":270,"texture":"#3"},"down":{"uv":[3,1,4,2],"rotation":270,"texture":"#3"}}},{"from":[4.32715,0.0776,8.2007],"to":[4.96075,24.5776,8.8343],"rotation":{"angle":-45,"axis":"y","origin":[3.82225,0.5,7.83778]},"faces":{"north":{"uv":[3,1,4,2],"rotation":90,"texture":"#3"},"east":{"uv":[3,1,4,2],"rotation":90,"texture":"#3"},"south":{"uv":[3,1,4,2],"rotation":90,"texture":"#3"},"west":{"uv":[3,1,4,2],"rotation":90,"texture":"#3"},"up":{"uv":[3,1,4,2],"rotation":90,"texture":"#3"},"down":{"uv":[3,1,4,2],"rotation":90,"texture":"#3"}}},{"from":[1.60044,0.0776,6.81263],"to":[2.23404,24.5776,7.44623],"rotation":{"angle":-45,"axis":"y","origin":[2.05922,0.5,7.35498]},"faces":{"north":{"uv":[3,1,4,2],"rotation":270,"texture":"#3"},"east":{"uv":[3,1,4,2],"rotation":270,"texture":"#3"},"south":{"uv":[3,1,4,2],"rotation":270,"texture":"#3"},"west":{"uv":[3,1,4,2],"rotation":270,"texture":"#3"},"up":{"uv":[3,1,4,2],"rotation":270,"texture":"#3"},"down":{"uv":[3,1,4,2],"rotation":270,"texture":"#3"}}},{"from":[3.05129,0.0776,6.92483],"to":[3.68489,24.5776,7.55843],"rotation":{"angle":-45,"axis":"y","origin":[3.82225,0.5,7.83778]},"faces":{"north":{"uv":[3,1,4,2],"rotation":180,"texture":"#3"},"east":{"uv":[3,1,4,2],"rotation":180,"texture":"#3"},"south":{"uv":[3,1,4,2],"rotation":180,"texture":"#3"},"west":{"uv":[3,1,4,2],"rotation":180,"texture":"#3"},"up":{"uv":[3,1,4,2],"rotation":180,"texture":"#3"},"down":{"uv":[3,1,4,2],"rotation":180,"texture":"#3"}}},{"from":[2.70368,0.0776,8.95633],"to":[3.33728,24.5776,9.58993],"rotation":{"angle":0,"axis":"y","origin":[-6.58912,0.0776,-3.71567]},"faces":{"north":{"uv":[3,1,4,2],"texture":"#3"},"east":{"uv":[3,1,4,2],"texture":"#3"},"south":{"uv":[3,1,4,2],"texture":"#3"},"west":{"uv":[3,1,4,2],"texture":"#3"},"up":{"uv":[3,1,4,2],"texture":"#3"},"down":{"uv":[3,1,4,2],"texture":"#3"}}},{"from":[2.70368,0.0776,6.40461],"to":[3.33728,24.5776,7.03821],"rotation":{"angle":0,"axis":"y","origin":[3.82225,0.5,7.83778]},"faces":{"north":{"uv":[3,1,4,2],"rotation":180,"texture":"#3"},"east":{"uv":[3,1,4,2],"rotation":180,"texture":"#3"},"south":{"uv":[3,1,4,2],"rotation":180,"texture":"#3"},"west":{"uv":[3,1,4,2],"rotation":180,"texture":"#3"},"up":{"uv":[3,1,4,2],"rotation":180,"texture":"#3"},"down":{"uv":[3,1,4,2],"rotation":180,"texture":"#3"}}},{"from":[1.42782,0.0776,7.68047],"to":[2.06142,24.5776,8.31407],"rotation":{"angle":0,"axis":"y","origin":[2.05922,0.5,7.35498]},"faces":{"north":{"uv":[3,1,4,2],"rotation":270,"texture":"#3"},"east":{"uv":[3,1,4,2],"rotation":270,"texture":"#3"},"south":{"uv":[3,1,4,2],"rotation":270,"texture":"#3"},"west":{"uv":[3,1,4,2],"rotation":270,"texture":"#3"},"up":{"uv":[3,1,4,2],"rotation":270,"texture":"#3"},"down":{"uv":[3,1,4,2],"rotation":270,"texture":"#3"}}},{"from":[3.97954,0.0776,7.68047],"to":[4.61314,24.5776,8.31407],"rotation":{"angle":0,"axis":"y","origin":[3.82225,0.5,7.83778]},"faces":{"north":{"uv":[3,1,4,2],"rotation":90,"texture":"#3"},"east":{"uv":[3,1,4,2],"rotation":90,"texture":"#3"},"south":{"uv":[3,1,4,2],"rotation":90,"texture":"#3"},"west":{"uv":[3,1,4,2],"rotation":90,"texture":"#3"},"up":{"uv":[3,1,4,2],"rotation":90,"texture":"#3"},"down":{"uv":[3,1,4,2],"rotation":90,"texture":"#3"}}},{"from":[2.21543,0.0776,8.85921],"to":[2.84903,24.5776,9.49281],"rotation":{"angle":-22.5,"axis":"y","origin":[2.53223,0.5,9.17601]},"faces":{"north":{"uv":[3,1,4,2],"texture":"#3"},"east":{"uv":[3,1,4,2],"texture":"#3"},"south":{"uv":[3,1,4,2],"texture":"#3"},"west":{"uv":[3,1,4,2],"texture":"#3"},"up":{"uv":[3,1,4,2],"texture":"#3"},"down":{"uv":[3,1,4,2],"texture":"#3"}}},{"from":[2.82574,0.0776,6.69929],"to":[3.45934,24.5776,7.33289],"rotation":{"angle":-22.5,"axis":"y","origin":[3.82225,0.5,7.83778]},"faces":{"north":{"uv":[3,1,4,2],"rotation":180,"texture":"#3"},"east":{"uv":[3,1,4,2],"rotation":180,"texture":"#3"},"south":{"uv":[3,1,4,2],"rotation":180,"texture":"#3"},"west":{"uv":[3,1,4,2],"rotation":180,"texture":"#3"},"up":{"uv":[3,1,4,2],"rotation":180,"texture":"#3"},"down":{"uv":[3,1,4,2],"rotation":180,"texture":"#3"}}},{"from":[1.60044,0.0776,7.26372],"to":[2.23404,24.5776,7.89732],"rotation":{"angle":-22.5,"axis":"y","origin":[2.05922,0.5,7.35498]},"faces":{"north":{"uv":[3,1,4,2],"rotation":270,"texture":"#3"},"east":{"uv":[3,1,4,2],"rotation":270,"texture":"#3"},"south":{"uv":[3,1,4,2],"rotation":270,"texture":"#3"},"west":{"uv":[3,1,4,2],"rotation":270,"texture":"#3"},"up":{"uv":[3,1,4,2],"rotation":270,"texture":"#3"},"down":{"uv":[3,1,4,2],"rotation":270,"texture":"#3"}}},{"from":[4.1016,0.0776,7.97515],"to":[4.7352,24.5776,8.60875],"rotation":{"angle":-22.5,"axis":"y","origin":[3.82225,0.5,7.83778]},"faces":{"north":{"uv":[3,1,4,2],"rotation":90,"texture":"#3"},"east":{"uv":[3,1,4,2],"rotation":90,"texture":"#3"},"south":{"uv":[3,1,4,2],"rotation":90,"texture":"#3"},"west":{"uv":[3,1,4,2],"rotation":90,"texture":"#3"},"up":{"uv":[3,1,4,2],"rotation":90,"texture":"#3"},"down":{"uv":[3,1,4,2],"rotation":90,"texture":"#3"}}},{"from":[1.80151,0.0776,8.58264],"to":[2.43511,24.5776,9.21624],"rotation":{"angle":-45,"axis":"y","origin":[2.11831,0.5,8.89944]},"faces":{"north":{"uv":[3,1,4,2],"texture":"#3"},"east":{"uv":[3,1,4,2],"texture":"#3"},"south":{"uv":[3,1,4,2],"texture":"#3"},"west":{"uv":[3,1,4,2],"texture":"#3"},"up":{"uv":[3,1,4,2],"texture":"#3"},"down":{"uv":[3,1,4,2],"texture":"#3"}}},{"from":[7.42318,0,5.51865],"to":[8.42318,22,6.51865],"rotation":{"angle":0,"axis":"y","origin":[7.42318,0,5.51865]},"faces":{"north":{"uv":[8,0,9,16],"rotation":180,"texture":"#0"},"east":{"uv":[0,0,1,16],"texture":"#missing"},"south":{"uv":[0,0,1,16],"texture":"#missing"},"west":{"uv":[0,0,1,16],"texture":"#missing"},"up":{"uv":[4.25,0.25,5.25,1.25],"texture":"#0"},"down":{"uv":[8.25,4.75,8.75,5.25],"texture":"#0"}}},{"from":[7.42318,0,6.02207],"to":[8.42318,22,7.02207],"rotation":{"angle":22.5,"axis":"y","origin":[6.65775,0.5,8.28403]},"faces":{"north":{"uv":[7,0,8,16],"rotation":180,"texture":"#0"},"east":{"uv":[0,0,1,16],"rotation":180,"texture":"#missing"},"south":{"uv":[0,0,1,16],"rotation":180,"texture":"#missing"},"west":{"uv":[0,0,1,16],"rotation":180,"texture":"#missing"},"up":{"uv":[4.25,0.25,5.25,1.25],"rotation":180,"texture":"#0"},"down":{"uv":[8.25,4.75,8.75,5.25],"rotation":180,"texture":"#0"}}},{"from":[9.43685,0,7.53232],"to":[10.43685,22,8.53232],"rotation":{"angle":0,"axis":"y","origin":[9.44031,0.5,9.04604]},"faces":{"north":{"uv":[0,0,1,16],"texture":"#missing"},"east":{"uv":[12,0,13,16],"rotation":180,"texture":"#0"},"south":{"uv":[0,0,1,16],"texture":"#missing"},"west":{"uv":[0,0,1,16],"texture":"#missing"},"up":{"uv":[4.25,0.25,5.25,1.25],"rotation":90,"texture":"#0"},"down":{"uv":[8.25,4.75,8.75,5.25],"rotation":270,"texture":"#0"}}},{"from":[5.40951,0,8.03574],"to":[6.40951,22,9.03574],"rotation":{"angle":22.5,"axis":"y","origin":[6.65775,0.5,8.28403]},"faces":{"north":{"uv":[0,0,1,16],"rotation":180,"texture":"#missing"},"east":{"uv":[0,0,1,16],"rotation":180,"texture":"#missing"},"south":{"uv":[0,0,1,16],"rotation":180,"texture":"#missing"},"west":{"uv":[3,0,4,16],"rotation":180,"texture":"#0"},"up":{"uv":[4.25,0.25,5.25,1.25],"rotation":90,"texture":"#0"},"down":{"uv":[8.25,4.75,8.75,5.25],"rotation":270,"texture":"#0"}}},{"from":[8.19378,0,5.67194],"to":[9.19378,22,6.67194],"rotation":{"angle":-22.5,"axis":"y","origin":[8.69378,0.5,6.17194]},"faces":{"north":{"uv":[9,0,10,16],"rotation":180,"texture":"#0"},"east":{"uv":[0,0,1,16],"texture":"#missing"},"south":{"uv":[0,0,1,16],"texture":"#missing"},"west":{"uv":[0,0,1,16],"texture":"#missing"},"up":{"uv":[4.25,0.25,5.25,1.25],"texture":"#0"},"down":{"uv":[8.25,4.75,8.75,5.25],"texture":"#0"}}},{"from":[7.23053,0,6.48717],"to":[8.23053,22,7.48717],"rotation":{"angle":45,"axis":"y","origin":[6.65775,0.5,8.28403]},"faces":{"north":{"uv":[6,0,7,16],"rotation":180,"texture":"#0"},"east":{"uv":[0,0,1,16],"rotation":180,"texture":"#missing"},"south":{"uv":[0,0,1,16],"rotation":180,"texture":"#missing"},"west":{"uv":[0,0,1,16],"rotation":180,"texture":"#missing"},"up":{"uv":[4.25,0.25,5.25,1.25],"rotation":180,"texture":"#0"},"down":{"uv":[8.25,4.75,8.75,5.25],"rotation":180,"texture":"#0"}}},{"from":[9.1644,0,8.19007],"to":[10.1644,22,9.19007],"rotation":{"angle":-22.5,"axis":"y","origin":[9.44031,0.5,9.04604]},"faces":{"north":{"uv":[0,0,1,16],"texture":"#missing"},"east":{"uv":[13,0,14,16],"rotation":180,"texture":"#0"},"south":{"uv":[0,0,1,16],"texture":"#missing"},"west":{"uv":[0,0,1,16],"texture":"#missing"},"up":{"uv":[4.25,0.25,5.25,1.25],"rotation":90,"texture":"#0"},"down":{"uv":[8.25,4.75,8.75,5.25],"rotation":270,"texture":"#0"}}},{"from":[5.21686,0,8.50084],"to":[6.21686,22,9.50084],"rotation":{"angle":45,"axis":"y","origin":[6.65775,0.5,8.28403]},"faces":{"north":{"uv":[0,0,1,16],"rotation":180,"texture":"#missing"},"east":{"uv":[0,0,1,16],"rotation":180,"texture":"#missing"},"south":{"uv":[0,0,1,16],"rotation":180,"texture":"#missing"},"west":{"uv":[2,0,3,16],"rotation":180,"texture":"#0"},"up":{"uv":[4.25,0.25,5.25,1.25],"rotation":90,"texture":"#0"},"down":{"uv":[8.25,4.75,8.75,5.25],"rotation":270,"texture":"#0"}}},{"from":[8.84706,0,6.10844],"to":[9.84706,22,7.10844],"rotation":{"angle":-45,"axis":"y","origin":[9.34706,0.5,6.60844]},"faces":{"north":{"uv":[10,0,11,16],"rotation":180,"texture":"#0"},"east":{"uv":[0,0,1,16],"texture":"#missing"},"south":{"uv":[0,0,1,16],"texture":"#missing"},"west":{"uv":[0,0,1,16],"texture":"#missing"},"up":{"uv":[4.25,0.25,5.25,1.25],"texture":"#0"},"down":{"uv":[8.25,4.75,8.75,5.25],"texture":"#0"}}},{"from":[5.21686,0,7.06723],"to":[6.21686,22,8.06723],"rotation":{"angle":-22.5,"axis":"y","origin":[6.65775,0.5,8.28403]},"faces":{"north":{"uv":[0,0,1,16],"rotation":180,"texture":"#missing"},"east":{"uv":[0,0,1,16],"rotation":180,"texture":"#missing"},"south":{"uv":[0,0,1,16],"rotation":180,"texture":"#missing"},"west":{"uv":[5,0,6,16],"rotation":180,"texture":"#0"},"up":{"uv":[4.25,0.25,5.25,1.25],"rotation":90,"texture":"#0"},"down":{"uv":[8.25,4.75,8.75,5.25],"rotation":270,"texture":"#0"}}},{"from":[9.1644,0,8.90201],"to":[10.1644,22,9.90201],"rotation":{"angle":-45,"axis":"y","origin":[9.44031,0.5,9.04604]},"faces":{"north":{"uv":[0,0,1,16],"texture":"#missing"},"east":{"uv":[14,0,15,16],"rotation":180,"texture":"#0"},"south":{"uv":[0,0,1,16],"texture":"#missing"},"west":{"uv":[0,0,1,16],"texture":"#missing"},"up":{"uv":[4.25,0.25,5.25,1.25],"rotation":90,"texture":"#0"},"down":{"uv":[8.25,4.75,8.75,5.25],"rotation":270,"texture":"#0"}}},{"from":[7.23053,0,9.0809],"to":[8.23053,22,10.0809],"rotation":{"angle":-22.5,"axis":"y","origin":[6.65775,0.5,8.28403]},"faces":{"north":{"uv":[0,0,1,16],"rotation":180,"texture":"#missing"},"east":{"uv":[0,0,1,16],"rotation":180,"texture":"#missing"},"south":{"uv":[1,0,2,16],"rotation":180,"texture":"#0"},"west":{"uv":[0,0,1,16],"rotation":180,"texture":"#missing"},"up":{"uv":[4.25,0.25,5.25,1.25],"texture":"#0"},"down":{"uv":[8.25,4.75,8.75,5.25],"texture":"#0"}}},{"from":[9.28357,0,6.76173],"to":[10.28357,22,7.76173],"rotation":{"angle":22.5,"axis":"y","origin":[9.78357,0.5,7.26173]},"faces":{"north":{"uv":[0,0,1,16],"texture":"#missing"},"east":{"uv":[11,0,12,16],"rotation":180,"texture":"#0"},"south":{"uv":[0,0,1,16],"texture":"#missing"},"west":{"uv":[0,0,1,16],"texture":"#missing"},"up":{"uv":[4.25,0.25,5.25,1.25],"rotation":90,"texture":"#0"},"down":{"uv":[8.25,4.75,8.75,5.25],"rotation":270,"texture":"#0"}}},{"from":[5.40951,0,7.53232],"to":[6.40951,22,8.53232],"rotation":{"angle":0,"axis":"y","origin":[6.65775,0.5,8.28403]},"faces":{"north":{"uv":[0,0,1,16],"rotation":180,"texture":"#missing"},"east":{"uv":[0,0,1,16],"rotation":180,"texture":"#missing"},"south":{"uv":[0,0,1,16],"rotation":180,"texture":"#missing"},"west":{"uv":[4,0,5,16],"rotation":180,"texture":"#0"},"up":{"uv":[4.25,0.25,5.25,1.25],"rotation":90,"texture":"#0"},"down":{"uv":[8.25,4.75,8.75,5.25],"rotation":270,"texture":"#0"}}},{"from":[7.9266,0,9.04258],"to":[8.9266,22,10.04258],"rotation":{"angle":22.5,"axis":"y","origin":[9.44031,0.5,9.04604]},"faces":{"north":{"uv":[0,0,1,16],"texture":"#missing"},"east":{"uv":[0,0,1,16],"texture":"#missing"},"south":{"uv":[15,0,16,16],"rotation":180,"texture":"#0"},"west":{"uv":[0,0,1,16],"texture":"#missing"},"up":{"uv":[4.25,0.25,5.25,1.25],"rotation":180,"texture":"#0"},"down":{"uv":[8.25,4.75,8.75,5.25],"rotation":180,"texture":"#0"}}},{"from":[7.42318,0,9.54599],"to":[8.42318,22,10.54599],"rotation":{"angle":0,"axis":"y","origin":[6.65775,0.5,8.28403]},"faces":{"north":{"uv":[0,0,1,16],"rotation":180,"texture":"#missing"},"east":{"uv":[0,0,1,16],"rotation":180,"texture":"#missing"},"south":{"uv":[0,0,1,16],"rotation":180,"texture":"#0"},"west":{"uv":[0,0,1,16],"rotation":180,"texture":"#missing"},"up":{"uv":[4.25,0.25,5.25,1.25],"texture":"#0"},"down":{"uv":[8.25,4.75,8.75,5.25],"texture":"#0"}}},{"from":[7.70368,0.0776,8.63736],"to":[8.33728,22.5776,9.27096],"rotation":{"angle":22.5,"axis":"y","origin":[8.82225,0.5,7.83778]},"faces":{"north":{"uv":[6,9,8,11],"texture":"#3"},"east":{"uv":[6,9,8,11],"texture":"#3"},"south":{"uv":[6,9,8,11],"texture":"#3"},"west":{"uv":[6,9,8,11],"texture":"#3"},"up":{"uv":[6,9,8,11],"texture":"#3"},"down":{"uv":[6,9,8,11],"texture":"#3"}}},{"from":[7.38472,0.0776,6.72357],"to":[8.01832,22.5776,7.35717],"rotation":{"angle":22.5,"axis":"y","origin":[7.05922,0.5,7.35498]},"faces":{"north":{"uv":[6,9,8,11],"rotation":180,"texture":"#3"},"east":{"uv":[6,9,8,11],"rotation":180,"texture":"#3"},"south":{"uv":[6,9,8,11],"rotation":180,"texture":"#3"},"west":{"uv":[6,9,8,11],"rotation":180,"texture":"#3"},"up":{"uv":[6,9,8,11],"rotation":180,"texture":"#3"},"down":{"uv":[6,9,8,11],"rotation":180,"texture":"#3"}}},{"from":[8.97954,0.0776,7.3615],"to":[9.61314,22.5776,7.9951],"rotation":{"angle":22.5,"axis":"y","origin":[8.82225,0.5,7.83778]},"faces":{"north":{"uv":[6,9,8,11],"rotation":90,"texture":"#3"},"east":{"uv":[6,9,8,11],"rotation":90,"texture":"#3"},"south":{"uv":[6,9,8,11],"rotation":90,"texture":"#3"},"west":{"uv":[6,9,8,11],"rotation":90,"texture":"#3"},"up":{"uv":[6,9,8,11],"rotation":90,"texture":"#3"},"down":{"uv":[6,9,8,11],"rotation":90,"texture":"#3"}}},{"from":[6.52494,0.0776,8.16872],"to":[7.15854,22.5776,8.80232],"rotation":{"angle":22.5,"axis":"y","origin":[6.84174,0.5,8.48552]},"faces":{"north":{"uv":[6,9,8,11],"rotation":270,"texture":"#3"},"east":{"uv":[6,9,8,11],"rotation":270,"texture":"#3"},"south":{"uv":[6,9,8,11],"rotation":270,"texture":"#3"},"west":{"uv":[6,9,8,11],"rotation":270,"texture":"#3"},"up":{"uv":[6,9,8,11],"rotation":270,"texture":"#3"},"down":{"uv":[6,9,8,11],"rotation":270,"texture":"#3"}}},{"from":[9.32715,0.0776,8.2007],"to":[9.96075,22.5776,8.8343],"rotation":{"angle":-45,"axis":"y","origin":[8.82225,0.5,7.83778]},"faces":{"north":{"uv":[6,9,8,11],"rotation":90,"texture":"#3"},"east":{"uv":[6,9,8,11],"rotation":90,"texture":"#3"},"south":{"uv":[6,9,8,11],"rotation":90,"texture":"#3"},"west":{"uv":[6,9,8,11],"rotation":90,"texture":"#3"},"up":{"uv":[6,9,8,11],"rotation":90,"texture":"#3"},"down":{"uv":[6,9,8,11],"rotation":90,"texture":"#3"}}},{"from":[6.60044,0.0776,6.81263],"to":[7.23404,22.5776,7.44623],"rotation":{"angle":-45,"axis":"y","origin":[7.05922,0.5,7.35498]},"faces":{"north":{"uv":[6,9,8,11],"rotation":270,"texture":"#3"},"east":{"uv":[6,9,8,11],"rotation":270,"texture":"#3"},"south":{"uv":[6,9,8,11],"rotation":270,"texture":"#3"},"west":{"uv":[6,9,8,11],"rotation":270,"texture":"#3"},"up":{"uv":[6,9,8,11],"rotation":270,"texture":"#3"},"down":{"uv":[6,9,8,11],"rotation":270,"texture":"#3"}}},{"from":[8.05129,0.0776,6.92483],"to":[8.68489,22.5776,7.55843],"rotation":{"angle":-45,"axis":"y","origin":[8.82225,0.5,7.83778]},"faces":{"north":{"uv":[6,9,8,11],"rotation":180,"texture":"#3"},"east":{"uv":[6,9,8,11],"rotation":180,"texture":"#3"},"south":{"uv":[6,9,8,11],"rotation":180,"texture":"#3"},"west":{"uv":[6,9,8,11],"rotation":180,"texture":"#3"},"up":{"uv":[6,9,8,11],"rotation":180,"texture":"#3"},"down":{"uv":[6,9,8,11],"rotation":180,"texture":"#3"}}},{"from":[7.70368,0.0776,8.95633],"to":[8.33728,22.5776,9.58993],"rotation":{"angle":0,"axis":"y","origin":[-1.58912,0.0776,-3.71567]},"faces":{"north":{"uv":[6,9,8,11],"texture":"#3"},"east":{"uv":[6,9,8,11],"texture":"#3"},"south":{"uv":[6,9,8,11],"texture":"#3"},"west":{"uv":[6,9,8,11],"texture":"#3"},"up":{"uv":[6,9,8,11],"texture":"#3"},"down":{"uv":[6,9,8,11],"texture":"#3"}}},{"from":[7.70368,0.0776,6.40461],"to":[8.33728,22.5776,7.03821],"rotation":{"angle":0,"axis":"y","origin":[8.82225,0.5,7.83778]},"faces":{"north":{"uv":[6,9,8,11],"rotation":180,"texture":"#3"},"east":{"uv":[6,9,8,11],"rotation":180,"texture":"#3"},"south":{"uv":[6,9,8,11],"rotation":180,"texture":"#3"},"west":{"uv":[6,9,8,11],"rotation":180,"texture":"#3"},"up":{"uv":[6,9,8,11],"rotation":180,"texture":"#3"},"down":{"uv":[6,9,8,11],"rotation":180,"texture":"#3"}}},{"from":[6.42782,0.0776,7.68047],"to":[7.06142,22.5776,8.31407],"rotation":{"angle":0,"axis":"y","origin":[7.05922,0.5,7.35498]},"faces":{"north":{"uv":[6,9,8,11],"rotation":270,"texture":"#3"},"east":{"uv":[6,9,8,11],"rotation":270,"texture":"#3"},"south":{"uv":[6,9,8,11],"rotation":270,"texture":"#3"},"west":{"uv":[6,9,8,11],"rotation":270,"texture":"#3"},"up":{"uv":[6,9,8,11],"rotation":270,"texture":"#3"},"down":{"uv":[6,9,8,11],"rotation":270,"texture":"#3"}}},{"from":[8.97954,0.0776,7.68047],"to":[9.61314,22.5776,8.31407],"rotation":{"angle":0,"axis":"y","origin":[8.82225,0.5,7.83778]},"faces":{"north":{"uv":[6,9,8,11],"rotation":90,"texture":"#3"},"east":{"uv":[6,9,8,11],"rotation":90,"texture":"#3"},"south":{"uv":[6,9,8,11],"rotation":90,"texture":"#3"},"west":{"uv":[6,9,8,11],"rotation":90,"texture":"#3"},"up":{"uv":[6,9,8,11],"rotation":90,"texture":"#3"},"down":{"uv":[6,9,8,11],"rotation":90,"texture":"#3"}}},{"from":[7.21543,0.0776,8.85921],"to":[7.84903,22.5776,9.49281],"rotation":{"angle":-22.5,"axis":"y","origin":[7.53223,0.5,9.17601]},"faces":{"north":{"uv":[6,9,8,11],"texture":"#3"},"east":{"uv":[6,9,8,11],"texture":"#3"},"south":{"uv":[6,9,8,11],"texture":"#3"},"west":{"uv":[6,9,8,11],"texture":"#3"},"up":{"uv":[6,9,8,11],"texture":"#3"},"down":{"uv":[6,9,8,11],"texture":"#3"}}},{"from":[7.82574,0.0776,6.69929],"to":[8.45934,22.5776,7.33289],"rotation":{"angle":-22.5,"axis":"y","origin":[8.82225,0.5,7.83778]},"faces":{"north":{"uv":[6,9,8,11],"rotation":180,"texture":"#3"},"east":{"uv":[6,9,8,11],"rotation":180,"texture":"#3"},"south":{"uv":[6,9,8,11],"rotation":180,"texture":"#3"},"west":{"uv":[6,9,8,11],"rotation":180,"texture":"#3"},"up":{"uv":[6,9,8,11],"rotation":180,"texture":"#3"},"down":{"uv":[6,9,8,11],"rotation":180,"texture":"#3"}}},{"from":[6.60044,0.0776,7.26372],"to":[7.23404,22.5776,7.89732],"rotation":{"angle":-22.5,"axis":"y","origin":[7.05922,0.5,7.35498]},"faces":{"north":{"uv":[6,9,8,11],"rotation":270,"texture":"#3"},"east":{"uv":[6,9,8,11],"rotation":270,"texture":"#3"},"south":{"uv":[6,9,8,11],"rotation":270,"texture":"#3"},"west":{"uv":[6,9,8,11],"rotation":270,"texture":"#3"},"up":{"uv":[6,9,8,11],"rotation":270,"texture":"#3"},"down":{"uv":[6,9,8,11],"rotation":270,"texture":"#3"}}},{"from":[9.1016,0.0776,7.97515],"to":[9.7352,22.5776,8.60875],"rotation":{"angle":-22.5,"axis":"y","origin":[8.82225,0.5,7.83778]},"faces":{"north":{"uv":[6,9,8,11],"rotation":90,"texture":"#3"},"east":{"uv":[6,9,8,11],"rotation":90,"texture":"#3"},"south":{"uv":[6,9,8,11],"rotation":90,"texture":"#3"},"west":{"uv":[6,9,8,11],"rotation":90,"texture":"#3"},"up":{"uv":[6,9,8,11],"rotation":90,"texture":"#3"},"down":{"uv":[6,9,8,11],"rotation":90,"texture":"#3"}}},{"from":[6.80151,0.0776,8.58264],"to":[7.43511,22.5776,9.21624],"rotation":{"angle":-45,"axis":"y","origin":[7.11831,0.5,8.89944]},"faces":{"north":{"uv":[6,9,8,11],"texture":"#3"},"east":{"uv":[6,9,8,11],"texture":"#3"},"south":{"uv":[6,9,8,11],"texture":"#3"},"west":{"uv":[6,9,8,11],"texture":"#3"},"up":{"uv":[6,9,8,11],"texture":"#3"},"down":{"uv":[6,9,8,11],"texture":"#3"}}},{"from":[5.42318,0,0.51865],"to":[6.42318,19,1.51865],"rotation":{"angle":0,"axis":"y","origin":[5.42318,0,0.51865]},"faces":{"north":{"uv":[8,0,9,16],"texture":"#2"},"east":{"uv":[0,0,1,16],"texture":"#missing"},"south":{"uv":[0,0,1,16],"texture":"#missing"},"west":{"uv":[0,0,1,16],"texture":"#missing"},"up":{"uv":[9.75,9.5,11,10.5],"texture":"#2"},"down":{"uv":[1.5,0,2.5,1],"texture":"#2"}}},{"from":[5.42318,0,1.02207],"to":[6.42318,19,2.02207],"rotation":{"angle":22.5,"axis":"y","origin":[4.65775,0.5,3.28403]},"faces":{"north":{"uv":[7,0,8,16],"rotation":180,"texture":"#2"},"east":{"uv":[0,0,1,16],"rotation":180,"texture":"#missing"},"south":{"uv":[0,0,1,16],"rotation":180,"texture":"#missing"},"west":{"uv":[0,0,1,16],"rotation":180,"texture":"#missing"},"up":{"uv":[9.75,9.5,11,10.5],"rotation":180,"texture":"#2"},"down":{"uv":[1.5,0,2.5,1],"rotation":180,"texture":"#2"}}},{"from":[7.43685,0,2.53232],"to":[8.43685,19,3.53232],"rotation":{"angle":0,"axis":"y","origin":[7.44031,0.5,4.04604]},"faces":{"north":{"uv":[0,0,1,16],"texture":"#missing"},"east":{"uv":[12,0,13,16],"texture":"#2"},"south":{"uv":[0,0,1,16],"texture":"#missing"},"west":{"uv":[0,0,1,16],"texture":"#missing"},"up":{"uv":[9.75,9.5,11,10.5],"rotation":90,"texture":"#2"},"down":{"uv":[1.5,0,2.5,1],"rotation":270,"texture":"#2"}}},{"from":[3.40951,0,3.03574],"to":[4.40951,19,4.03574],"rotation":{"angle":22.5,"axis":"y","origin":[4.65775,0.5,3.28403]},"faces":{"north":{"uv":[0,0,1,16],"rotation":180,"texture":"#missing"},"east":{"uv":[0,0,1,16],"rotation":180,"texture":"#missing"},"south":{"uv":[0,0,1,16],"rotation":180,"texture":"#missing"},"west":{"uv":[3,0,4,16],"rotation":180,"texture":"#2"},"up":{"uv":[9.75,9.5,11,10.5],"rotation":90,"texture":"#2"},"down":{"uv":[1.5,0,2.5,1],"rotation":270,"texture":"#2"}}},{"from":[6.19378,0,0.67194],"to":[7.19378,19,1.67194],"rotation":{"angle":-22.5,"axis":"y","origin":[6.69378,0.5,1.17194]},"faces":{"north":{"uv":[9,0,10,16],"texture":"#2"},"east":{"uv":[0,0,1,16],"texture":"#missing"},"south":{"uv":[0,0,1,16],"texture":"#missing"},"west":{"uv":[0,0,1,16],"texture":"#missing"},"up":{"uv":[9.75,9.5,11,10.5],"texture":"#2"},"down":{"uv":[1.5,0,2.5,1],"texture":"#2"}}},{"from":[5.23053,0,1.48717],"to":[6.23053,19,2.48717],"rotation":{"angle":45,"axis":"y","origin":[4.65775,0.5,3.28403]},"faces":{"north":{"uv":[6,0,7,16],"rotation":180,"texture":"#2"},"east":{"uv":[0,0,1,16],"rotation":180,"texture":"#missing"},"south":{"uv":[0,0,1,16],"rotation":180,"texture":"#missing"},"west":{"uv":[0,0,1,16],"rotation":180,"texture":"#missing"},"up":{"uv":[9.75,9.5,11,10.5],"rotation":180,"texture":"#2"},"down":{"uv":[1.5,0,2.5,1],"rotation":180,"texture":"#2"}}},{"from":[7.1644,0,3.19007],"to":[8.1644,19,4.19007],"rotation":{"angle":-22.5,"axis":"y","origin":[7.44031,0.5,4.04604]},"faces":{"north":{"uv":[0,0,1,16],"texture":"#missing"},"east":{"uv":[13,0,14,16],"texture":"#2"},"south":{"uv":[0,0,1,16],"texture":"#missing"},"west":{"uv":[0,0,1,16],"texture":"#missing"},"up":{"uv":[9.75,9.5,11,10.5],"rotation":90,"texture":"#2"},"down":{"uv":[1.5,0,2.5,1],"rotation":270,"texture":"#2"}}},{"from":[3.21686,0,3.50084],"to":[4.21686,19,4.50084],"rotation":{"angle":45,"axis":"y","origin":[4.65775,0.5,3.28403]},"faces":{"north":{"uv":[0,0,1,16],"rotation":180,"texture":"#missing"},"east":{"uv":[0,0,1,16],"rotation":180,"texture":"#missing"},"south":{"uv":[0,0,1,16],"rotation":180,"texture":"#missing"},"west":{"uv":[2,0,3,16],"rotation":180,"texture":"#2"},"up":{"uv":[9.75,9.5,11,10.5],"rotation":90,"texture":"#2"},"down":{"uv":[1.5,0,2.5,1],"rotation":270,"texture":"#2"}}},{"from":[6.84706,0,1.10844],"to":[7.84706,19,2.10844],"rotation":{"angle":-45,"axis":"y","origin":[7.34706,0.5,1.60844]},"faces":{"north":{"uv":[10,0,11,16],"texture":"#2"},"east":{"uv":[0,0,1,16],"texture":"#missing"},"south":{"uv":[0,0,1,16],"texture":"#missing"},"west":{"uv":[0,0,1,16],"texture":"#missing"},"up":{"uv":[9.75,9.5,11,10.5],"texture":"#2"},"down":{"uv":[1.5,0,2.5,1],"texture":"#2"}}},{"from":[3.21686,0,2.06723],"to":[4.21686,19,3.06723],"rotation":{"angle":-22.5,"axis":"y","origin":[4.65775,0.5,3.28403]},"faces":{"north":{"uv":[0,0,1,16],"rotation":180,"texture":"#missing"},"east":{"uv":[0,0,1,16],"rotation":180,"texture":"#missing"},"south":{"uv":[0,0,1,16],"rotation":180,"texture":"#missing"},"west":{"uv":[5,0,6,16],"rotation":180,"texture":"#2"},"up":{"uv":[9.75,9.5,11,10.5],"rotation":90,"texture":"#2"},"down":{"uv":[1.5,0,2.5,1],"rotation":270,"texture":"#2"}}},{"from":[7.1644,0,3.90201],"to":[8.1644,19,4.90201],"rotation":{"angle":-45,"axis":"y","origin":[7.44031,0.5,4.04604]},"faces":{"north":{"uv":[0,0,1,16],"texture":"#missing"},"east":{"uv":[14,0,15,16],"texture":"#2"},"south":{"uv":[0,0,1,16],"texture":"#missing"},"west":{"uv":[0,0,1,16],"texture":"#missing"},"up":{"uv":[9.75,9.5,11,10.5],"rotation":90,"texture":"#2"},"down":{"uv":[1.5,0,2.5,1],"rotation":270,"texture":"#2"}}},{"from":[5.23053,0,4.0809],"to":[6.23053,19,5.0809],"rotation":{"angle":-22.5,"axis":"y","origin":[4.65775,0.5,3.28403]},"faces":{"north":{"uv":[0,0,1,16],"rotation":180,"texture":"#missing"},"east":{"uv":[0,0,1,16],"rotation":180,"texture":"#missing"},"south":{"uv":[1,0,2,16],"rotation":180,"texture":"#2"},"west":{"uv":[0,0,1,16],"rotation":180,"texture":"#missing"},"up":{"uv":[9.75,9.5,11,10.5],"texture":"#2"},"down":{"uv":[1.5,0,2.5,1],"texture":"#2"}}},{"from":[7.28357,0,1.76173],"to":[8.28357,19,2.76173],"rotation":{"angle":22.5,"axis":"y","origin":[7.78357,0.5,2.26173]},"faces":{"north":{"uv":[0,0,1,16],"texture":"#missing"},"east":{"uv":[11,0,12,16],"texture":"#2"},"south":{"uv":[0,0,1,16],"texture":"#missing"},"west":{"uv":[0,0,1,16],"texture":"#missing"},"up":{"uv":[9.75,9.5,11,10.5],"rotation":90,"texture":"#2"},"down":{"uv":[1.5,0,2.5,1],"rotation":270,"texture":"#2"}}},{"from":[3.40951,0,2.53232],"to":[4.40951,19,3.53232],"rotation":{"angle":0,"axis":"y","origin":[4.65775,0.5,3.28403]},"faces":{"north":{"uv":[0,0,1,16],"rotation":180,"texture":"#missing"},"east":{"uv":[0,0,1,16],"rotation":180,"texture":"#missing"},"south":{"uv":[0,0,1,16],"rotation":180,"texture":"#missing"},"west":{"uv":[4,0,5,16],"rotation":180,"texture":"#2"},"up":{"uv":[9.75,9.5,11,10.5],"rotation":90,"texture":"#2"},"down":{"uv":[1.5,0,2.5,1],"rotation":270,"texture":"#2"}}},{"from":[5.9266,0,4.04258],"to":[6.9266,19,5.04258],"rotation":{"angle":22.5,"axis":"y","origin":[7.44031,0.5,4.04604]},"faces":{"north":{"uv":[0,0,1,16],"texture":"#missing"},"east":{"uv":[0,0,1,16],"texture":"#missing"},"south":{"uv":[15,0,16,16],"texture":"#2"},"west":{"uv":[0,0,1,16],"texture":"#missing"},"up":{"uv":[9.75,9.5,11,10.5],"rotation":180,"texture":"#2"},"down":{"uv":[1.5,0,2.5,1],"rotation":180,"texture":"#2"}}},{"from":[5.42318,0,4.54599],"to":[6.42318,19,5.54599],"rotation":{"angle":0,"axis":"y","origin":[4.65775,0.5,3.28403]},"faces":{"north":{"uv":[0,0,1,16],"rotation":180,"texture":"#missing"},"east":{"uv":[0,0,1,16],"rotation":180,"texture":"#missing"},"south":{"uv":[0,0,1,16],"rotation":180,"texture":"#2"},"west":{"uv":[0,0,1,16],"rotation":180,"texture":"#missing"},"up":{"uv":[9.75,9.5,11,10.5],"texture":"#2"},"down":{"uv":[1.5,0,2.5,1],"texture":"#2"}}},{"from":[5.70368,0.0776,3.63736],"to":[6.33728,19.5776,4.27096],"rotation":{"angle":22.5,"axis":"y","origin":[6.82225,0.5,2.83778]},"faces":{"north":{"uv":[8,9,9,10],"texture":"#3"},"east":{"uv":[8,9,9,10],"texture":"#3"},"south":{"uv":[8,9,9,10],"texture":"#3"},"west":{"uv":[8,9,9,10],"texture":"#3"},"up":{"uv":[8,9,9,10],"texture":"#3"},"down":{"uv":[8,9,9,10],"texture":"#3"}}},{"from":[5.38472,0.0776,1.72357],"to":[6.01832,19.5776,2.35717],"rotation":{"angle":22.5,"axis":"y","origin":[5.05922,0.5,2.35498]},"faces":{"north":{"uv":[8,9,9,10],"rotation":180,"texture":"#3"},"east":{"uv":[8,9,9,10],"rotation":180,"texture":"#3"},"south":{"uv":[8,9,9,10],"rotation":180,"texture":"#3"},"west":{"uv":[8,9,9,10],"rotation":180,"texture":"#3"},"up":{"uv":[8,9,9,10],"rotation":180,"texture":"#3"},"down":{"uv":[8,9,9,10],"rotation":180,"texture":"#3"}}},{"from":[6.97954,0.0776,2.3615],"to":[7.61314,19.5776,2.9951],"rotation":{"angle":22.5,"axis":"y","origin":[6.82225,0.5,2.83778]},"faces":{"north":{"uv":[8,9,9,10],"rotation":90,"texture":"#3"},"east":{"uv":[8,9,9,10],"rotation":90,"texture":"#3"},"south":{"uv":[8,9,9,10],"rotation":90,"texture":"#3"},"west":{"uv":[8,9,9,10],"rotation":90,"texture":"#3"},"up":{"uv":[8,9,9,10],"rotation":90,"texture":"#3"},"down":{"uv":[8,9,9,10],"rotation":90,"texture":"#3"}}},{"from":[4.52494,0.0776,3.16872],"to":[5.15854,19.5776,3.80232],"rotation":{"angle":22.5,"axis":"y","origin":[4.84174,0.5,3.48552]},"faces":{"north":{"uv":[8,9,9,10],"rotation":270,"texture":"#3"},"east":{"uv":[8,9,9,10],"rotation":270,"texture":"#3"},"south":{"uv":[8,9,9,10],"rotation":270,"texture":"#3"},"west":{"uv":[8,9,9,10],"rotation":270,"texture":"#3"},"up":{"uv":[8,9,9,10],"rotation":270,"texture":"#3"},"down":{"uv":[8,9,9,10],"rotation":270,"texture":"#3"}}},{"from":[7.32715,0.0776,3.2007],"to":[7.96075,19.5776,3.8343],"rotation":{"angle":-45,"axis":"y","origin":[6.82225,0.5,2.83778]},"faces":{"north":{"uv":[8,9,9,10],"rotation":90,"texture":"#3"},"east":{"uv":[8,9,9,10],"rotation":90,"texture":"#3"},"south":{"uv":[8,9,9,10],"rotation":90,"texture":"#3"},"west":{"uv":[8,9,9,10],"rotation":90,"texture":"#3"},"up":{"uv":[8,9,9,10],"rotation":90,"texture":"#3"},"down":{"uv":[8,9,9,10],"rotation":90,"texture":"#3"}}},{"from":[4.60044,0.0776,1.81263],"to":[5.23404,19.5776,2.44623],"rotation":{"angle":-45,"axis":"y","origin":[5.05922,0.5,2.35498]},"faces":{"north":{"uv":[8,9,9,10],"rotation":270,"texture":"#3"},"east":{"uv":[8,9,9,10],"rotation":270,"texture":"#3"},"south":{"uv":[8,9,9,10],"rotation":270,"texture":"#3"},"west":{"uv":[8,9,9,10],"rotation":270,"texture":"#3"},"up":{"uv":[8,9,9,10],"rotation":270,"texture":"#3"},"down":{"uv":[8,9,9,10],"rotation":270,"texture":"#3"}}},{"from":[6.05129,0.0776,1.92483],"to":[6.68489,19.5776,2.55843],"rotation":{"angle":-45,"axis":"y","origin":[6.82225,0.5,2.83778]},"faces":{"north":{"uv":[8,9,9,10],"rotation":180,"texture":"#3"},"east":{"uv":[8,9,9,10],"rotation":180,"texture":"#3"},"south":{"uv":[8,9,9,10],"rotation":180,"texture":"#3"},"west":{"uv":[8,9,9,10],"rotation":180,"texture":"#3"},"up":{"uv":[8,9,9,10],"rotation":180,"texture":"#3"},"down":{"uv":[8,9,9,10],"rotation":180,"texture":"#3"}}},{"from":[5.70368,0.0776,3.95633],"to":[6.33728,19.5776,4.58993],"rotation":{"angle":0,"axis":"y","origin":[-3.58912,0.0776,-8.71567]},"faces":{"north":{"uv":[8,9,9,10],"texture":"#3"},"east":{"uv":[8,9,9,10],"texture":"#3"},"south":{"uv":[8,9,9,10],"texture":"#3"},"west":{"uv":[8,9,9,10],"texture":"#3"},"up":{"uv":[8,9,9,10],"texture":"#3"},"down":{"uv":[8,9,9,10],"texture":"#3"}}},{"from":[5.70368,0.0776,1.40461],"to":[6.33728,19.5776,2.03821],"rotation":{"angle":0,"axis":"y","origin":[6.82225,0.5,2.83778]},"faces":{"north":{"uv":[8,9,9,10],"rotation":180,"texture":"#3"},"east":{"uv":[8,9,9,10],"rotation":180,"texture":"#3"},"south":{"uv":[8,9,9,10],"rotation":180,"texture":"#3"},"west":{"uv":[8,9,9,10],"rotation":180,"texture":"#3"},"up":{"uv":[8,9,9,10],"rotation":180,"texture":"#3"},"down":{"uv":[8,9,9,10],"rotation":180,"texture":"#3"}}},{"from":[4.42782,0.0776,2.68047],"to":[5.06142,19.5776,3.31407],"rotation":{"angle":0,"axis":"y","origin":[5.05922,0.5,2.35498]},"faces":{"north":{"uv":[8,9,9,10],"rotation":270,"texture":"#3"},"east":{"uv":[8,9,9,10],"rotation":270,"texture":"#3"},"south":{"uv":[8,9,9,10],"rotation":270,"texture":"#3"},"west":{"uv":[8,9,9,10],"rotation":270,"texture":"#3"},"up":{"uv":[8,9,9,10],"rotation":270,"texture":"#3"},"down":{"uv":[8,9,9,10],"rotation":270,"texture":"#3"}}},{"from":[6.97954,0.0776,2.68047],"to":[7.61314,19.5776,3.31407],"rotation":{"angle":0,"axis":"y","origin":[6.82225,0.5,2.83778]},"faces":{"north":{"uv":[8,9,9,10],"rotation":90,"texture":"#3"},"east":{"uv":[8,9,9,10],"rotation":90,"texture":"#3"},"south":{"uv":[8,9,9,10],"rotation":90,"texture":"#3"},"west":{"uv":[8,9,9,10],"rotation":90,"texture":"#3"},"up":{"uv":[8,9,9,10],"rotation":90,"texture":"#3"},"down":{"uv":[8,9,9,10],"rotation":90,"texture":"#3"}}},{"from":[5.21543,0.0776,3.85921],"to":[5.84903,19.5776,4.49281],"rotation":{"angle":-22.5,"axis":"y","origin":[5.53223,0.5,4.17601]},"faces":{"north":{"uv":[8,9,9,10],"texture":"#3"},"east":{"uv":[8,9,9,10],"texture":"#3"},"south":{"uv":[8,9,9,10],"texture":"#3"},"west":{"uv":[8,9,9,10],"texture":"#3"},"up":{"uv":[8,9,9,10],"texture":"#3"},"down":{"uv":[8,9,9,10],"texture":"#3"}}},{"from":[5.82574,0.0776,1.69929],"to":[6.45934,19.5776,2.33289],"rotation":{"angle":-22.5,"axis":"y","origin":[6.82225,0.5,2.83778]},"faces":{"north":{"uv":[8,9,9,10],"rotation":180,"texture":"#3"},"east":{"uv":[8,9,9,10],"rotation":180,"texture":"#3"},"south":{"uv":[8,9,9,10],"rotation":180,"texture":"#3"},"west":{"uv":[8,9,9,10],"rotation":180,"texture":"#3"},"up":{"uv":[8,9,9,10],"rotation":180,"texture":"#3"},"down":{"uv":[8,9,9,10],"rotation":180,"texture":"#3"}}},{"from":[4.60044,0.0776,2.26372],"to":[5.23404,19.5776,2.89732],"rotation":{"angle":-22.5,"axis":"y","origin":[5.05922,0.5,2.35498]},"faces":{"north":{"uv":[8,9,9,10],"rotation":270,"texture":"#3"},"east":{"uv":[8,9,9,10],"rotation":270,"texture":"#3"},"south":{"uv":[8,9,9,10],"rotation":270,"texture":"#3"},"west":{"uv":[8,9,9,10],"rotation":270,"texture":"#3"},"up":{"uv":[8,9,9,10],"rotation":270,"texture":"#3"},"down":{"uv":[8,9,9,10],"rotation":270,"texture":"#3"}}},{"from":[7.1016,0.0776,2.97515],"to":[7.7352,19.5776,3.60875],"rotation":{"angle":-22.5,"axis":"y","origin":[6.82225,0.5,2.83778]},"faces":{"north":{"uv":[8,9,9,10],"rotation":90,"texture":"#3"},"east":{"uv":[8,9,9,10],"rotation":90,"texture":"#3"},"south":{"uv":[8,9,9,10],"rotation":90,"texture":"#3"},"west":{"uv":[8,9,9,10],"rotation":90,"texture":"#3"},"up":{"uv":[8,9,9,10],"rotation":90,"texture":"#3"},"down":{"uv":[8,9,9,10],"rotation":90,"texture":"#3"}}},{"from":[4.80151,0.0776,3.58264],"to":[5.43511,19.5776,4.21624],"rotation":{"angle":-45,"axis":"y","origin":[5.11831,0.5,3.89944]},"faces":{"north":{"uv":[8,9,9,10],"texture":"#3"},"east":{"uv":[8,9,9,10],"texture":"#3"},"south":{"uv":[8,9,9,10],"texture":"#3"},"west":{"uv":[8,9,9,10],"texture":"#3"},"up":{"uv":[8,9,9,10],"texture":"#3"},"down":{"uv":[8,9,9,10],"texture":"#3"}}}],"display":{"thirdperson_righthand":{"scale":[0.5,0.5,0.5]},"thirdperson_lefthand":{"scale":[0.5,0.5,0.5]},"firstperson_righthand":{"scale":[0.3,0.3,0.3]},"firstperson_lefthand":{"scale":[0.3,0.3,0.3]},"ground":{"scale":[0.5,0.5,0.5]},"gui":{"rotation":[0,-180,0]},"fixed":{"rotation":[-90,0,0],"translation":[2.5,8,-19],"scale":[2.5,2.5,2.5]}},"groups":[{"name":"rollo 4","origin":[8,8,8],"children":[0,1,2,3,4,5,6,7,8,9,10,11,12,13,14,15,{"name":"centro","origin":[12.32407,0.5,13.67597],"children":[16,17,18,19,20,21,22,23,24,25,26,27,28,29,30,31]}]},{"name":"rollo 3","origin":[8,8,8],"children":[32,33,34,35,36,37,38,39,40,41,42,43,44,45,46,47,{"name":"centro","origin":[12.32407,0.5,13.67597],"children":[48,49,50,51,52,53,54,55,56,57,58,59,60,61,62,63]}]},{"name":"rollo 2","origin":[8,8,8],"children":[64,65,66,67,68,69,70,71,72,73,74,75,76,77,78,79,{"name":"centro","origin":[12.32407,0.5,13.67597],"children":[80,81,82,83,84,85,86,87,88,89,90,91,92,93,94,95]}]}]}