{"credit":"Made with Blockbench","textures":{"0":"block/glasses decor","particle":"block/glasses decor"},"elements":[{"from":[9,1,0.5],"to":[12,3,0.5],"faces":{"north":{"uv":[3,11,6,12],"texture":"#0"},"east":{"uv":[3,11,6,12],"texture":"#0"},"south":{"uv":[3,11,6,12],"texture":"#0"},"west":{"uv":[3,11,6,12],"texture":"#0"},"up":{"uv":[3,11,6,12],"texture":"#0"},"down":{"uv":[3,11,6,12],"texture":"#0"}}},{"from":[3,1,0.5],"to":[6,3,0.5],"faces":{"north":{"uv":[3,11,6,12],"texture":"#0"},"east":{"uv":[3,11,6,12],"texture":"#0"},"south":{"uv":[3,11,6,12],"texture":"#0"},"west":{"uv":[3,11,6,12],"texture":"#0"},"up":{"uv":[3,11,6,12],"texture":"#0"},"down":{"uv":[3,11,6,12],"texture":"#0"}}},{"from":[12,2,3],"to":[13,3,5],"rotation":{"angle":0,"axis":"y","origin":[-1,-1,-1]},"faces":{"north":{"uv":[0,0,1,6],"texture":"#0"},"east":{"uv":[0,0,1,6],"texture":"#0"},"south":{"uv":[0,0,1,6],"texture":"#0"},"west":{"uv":[0,0,1,6],"texture":"#0"},"up":{"uv":[0,0,1,6],"texture":"#0"},"down":{"uv":[0,0,1,6],"texture":"#0"}}},{"from":[2,2,3],"to":[3,3,5],"rotation":{"angle":0,"axis":"y","origin":[-1,-1,-1]},"faces":{"north":{"uv":[0,0,1,6],"texture":"#0"},"east":{"uv":[0,0,1,6],"texture":"#0"},"south":{"uv":[0,0,1,6],"texture":"#0"},"west":{"uv":[0,0,1,6],"texture":"#0"},"up":{"uv":[0,0,1,6],"texture":"#0"},"down":{"uv":[0,0,1,6],"texture":"#0"}}},{"from":[12,3,5],"to":[13,5,6],"rotation":{"angle":0,"axis":"y","origin":[-1,-1,-1]},"faces":{"north":{"uv":[0,0,1,6],"texture":"#0"},"east":{"uv":[0,0,1,6],"texture":"#0"},"south":{"uv":[0,0,1,6],"texture":"#0"},"west":{"uv":[0,0,1,6],"texture":"#0"},"up":{"uv":[0,0,1,6],"texture":"#0"},"down":{"uv":[0,0,1,6],"texture":"#0"}}},{"from":[2,3,5],"to":[3,5,6],"rotation":{"angle":0,"axis":"y","origin":[-1,-1,-1]},"faces":{"north":{"uv":[0,0,1,6],"texture":"#0"},"east":{"uv":[0,0,1,6],"texture":"#0"},"south":{"uv":[0,0,1,6],"texture":"#0"},"west":{"uv":[0,0,1,6],"texture":"#0"},"up":{"uv":[0,0,1,6],"texture":"#0"},"down":{"uv":[0,0,1,6],"texture":"#0"}}},{"from":[12,1,1],"to":[13,2,3],"rotation":{"angle":0,"axis":"y","origin":[-1,-1,-1]},"faces":{"north":{"uv":[0,0,1,6],"texture":"#0"},"east":{"uv":[0,0,1,6],"texture":"#0"},"south":{"uv":[0,0,1,6],"texture":"#0"},"west":{"uv":[0,0,1,6],"texture":"#0"},"up":{"uv":[0,0,1,6],"texture":"#0"},"down":{"uv":[0,0,1,6],"texture":"#0"}}},{"from":[2,1,1],"to":[3,2,3],"rotation":{"angle":0,"axis":"y","origin":[-1,-1,-1]},"faces":{"north":{"uv":[0,0,1,6],"texture":"#0"},"east":{"uv":[0,0,1,6],"texture":"#0"},"south":{"uv":[0,0,1,6],"texture":"#0"},"west":{"uv":[0,0,1,6],"texture":"#0"},"up":{"uv":[0,0,1,6],"texture":"#0"},"down":{"uv":[0,0,1,6],"texture":"#0"}}},{"from":[9,0,0],"to":[12,1,1],"faces":{"north":{"uv":[0,0,1,6],"texture":"#0"},"east":{"uv":[0,0,1,6],"texture":"#0"},"south":{"uv":[0,0,1,6],"texture":"#0"},"west":{"uv":[0,0,1,6],"texture":"#0"},"up":{"uv":[0,0,1,6],"texture":"#0"},"down":{"uv":[0,0,1,6],"texture":"#0"}}},{"from":[3,0,0],"to":[6,1,1],"faces":{"north":{"uv":[0,0,1,6],"texture":"#0"},"east":{"uv":[0,0,1,6],"texture":"#0"},"south":{"uv":[0,0,1,6],"texture":"#0"},"west":{"uv":[0,0,1,6],"texture":"#0"},"up":{"uv":[0,0,1,6],"texture":"#0"},"down":{"uv":[0,0,1,6],"texture":"#0"}}},{"from":[9,3,0],"to":[12,4,1],"faces":{"north":{"uv":[0,0,1,6],"texture":"#0"},"east":{"uv":[0,0,1,6],"texture":"#0"},"south":{"uv":[0,0,1,6],"texture":"#0"},"west":{"uv":[0,0,1,6],"texture":"#0"},"up":{"uv":[0,0,1,6],"texture":"#0"},"down":{"uv":[0,0,1,6],"texture":"#0"}}},{"from":[3,3,0],"to":[6,4,1],"faces":{"north":{"uv":[0,0,1,6],"texture":"#0"},"east":{"uv":[0,0,1,6],"texture":"#0"},"south":{"uv":[0,0,1,6],"texture":"#0"},"west":{"uv":[0,0,1,6],"texture":"#0"},"up":{"uv":[0,0,1,6],"texture":"#0"},"down":{"uv":[0,0,1,6],"texture":"#0"}}},{"from":[12,1,0],"to":[13,3,1],"faces":{"north":{"uv":[0,0,1,6],"texture":"#0"},"east":{"uv":[0,0,1,6],"texture":"#0"},"south":{"uv":[0,0,1,6],"texture":"#0"},"west":{"uv":[0,0,1,6],"texture":"#0"},"up":{"uv":[0,0,1,6],"texture":"#0"},"down":{"uv":[0,0,1,6],"texture":"#0"}}},{"from":[6,1,0],"to":[7,3,1],"faces":{"north":{"uv":[0,0,1,6],"texture":"#0"},"east":{"uv":[0,0,1,6],"texture":"#0"},"south":{"uv":[0,0,1,6],"texture":"#0"},"west":{"uv":[0,0,1,6],"texture":"#0"},"up":{"uv":[0,0,1,6],"texture":"#0"},"down":{"uv":[0,0,1,6],"texture":"#0"}}},{"from":[8,1,0],"to":[9,3,1],"faces":{"north":{"uv":[0,0,1,6],"texture":"#0"},"east":{"uv":[0,0,1,6],"texture":"#0"},"south":{"uv":[0,0,1,6],"texture":"#0"},"west":{"uv":[0,0,1,6],"texture":"#0"},"up":{"uv":[0,0,1,6],"texture":"#0"},"down":{"uv":[0,0,1,6],"texture":"#0"}}},{"from":[2,1,0],"to":[3,3,1],"faces":{"north":{"uv":[0,0,1,6],"texture":"#0"},"east":{"uv":[0,0,1,6],"texture":"#0"},"south":{"uv":[0,0,1,6],"texture":"#0"},"west":{"uv":[0,0,1,6],"texture":"#0"},"up":{"uv":[0,0,1,6],"texture":"#0"},"down":{"uv":[0,0,1,6],"texture":"#0"}}},{"from":[7,1,0],"to":[8,2,1],"faces":{"north":{"uv":[0,0,1,6],"texture":"#0"},"east":{"uv":[0,0,1,6],"texture":"#0"},"south":{"uv":[0,0,1,6],"texture":"#0"},"west":{"uv":[0,0,1,6],"texture":"#0"},"up":{"uv":[0,0,1,6],"texture":"#0"},"down":{"uv":[0,0,1,6],"texture":"#0"}}}],"display":{"thirdperson_righthand":{"translation":[0,0,3.25],"scale":[0.5,0.5,0.5]},"thirdperson_lefthand":{"translation":[0,0,3.25],"scale":[0.5,0.5,0.5]},"fixed":{"rotation":[-90,-6.5,0],"translation":[0,6.5,-11.25],"scale":[1.5,1.5,1.5]}},"groups":[0,1,{"name":"marco","origin":[0,0,0],"children":[2,3,4,5,6,7,8,9,10,11,12,13,14,15,16]}]}