{"credit":"Made with Blockbench","textures":{"0":"block/glasses decor","particle":"block/glasses decor"},"elements":[{"from":[11.0159,4.5,9.09446],"to":[12.0159,5.5,11.09446],"rotation":{"angle":-22.5,"axis":"y","origin":[4.5159,3.70588,7.77093]},"faces":{"north":{"uv":[3,4,4,5],"texture":"#0"},"east":{"uv":[2,4,4,5],"texture":"#0"},"south":{"uv":[3,4,4,5],"texture":"#0"},"west":{"uv":[2,4,4,5],"texture":"#0"},"up":{"uv":[2,4,4,5],"rotation":90,"texture":"#0"},"down":{"uv":[2,4,4,5],"rotation":90,"texture":"#0"}}},{"from":[1.0159,4.5,9.09446],"to":[2.0159,5.5,11.09446],"rotation":{"angle":-22.5,"axis":"y","origin":[4.5159,3.70588,7.77093]},"faces":{"north":{"uv":[2,4,3,5],"texture":"#0"},"east":{"uv":[2,4,4,5],"texture":"#0"},"south":{"uv":[3,1,4,3],"texture":"#0"},"west":{"uv":[2,4,4,5],"texture":"#0"},"up":{"uv":[2,4,4,5],"rotation":90,"texture":"#0"},"down":{"uv":[2,4,4,5],"rotation":90,"texture":"#0"}}},{"from":[11.0159,5.5,11.09446],"to":[12.0159,7.5,12.09446],"rotation":{"angle":-22.5,"axis":"y","origin":[4.5159,3.70588,7.77093]},"faces":{"north":{"uv":[3,2,4,4],"texture":"#0"},"east":{"uv":[3,2,4,4],"texture":"#0"},"south":{"uv":[3,2,4,4],"texture":"#0"},"west":{"uv":[3,2,4,4],"texture":"#0"},"up":{"uv":[3,1,4,2],"texture":"#0"},"down":{"uv":[2,4,3,5],"texture":"#0"}}},{"from":[1.0159,5.5,11.09446],"to":[2.0159,7.5,12.09446],"rotation":{"angle":-22.5,"axis":"y","origin":[4.5159,3.70588,7.77093]},"faces":{"north":{"uv":[3,1,4,3],"texture":"#0"},"east":{"uv":[3,1,4,3],"texture":"#0"},"south":{"uv":[3,1,4,3],"texture":"#0"},"west":{"uv":[3,1,4,3],"texture":"#0"},"up":{"uv":[2,1,3,2],"texture":"#0"},"down":{"uv":[2,4,3,5],"texture":"#0"}}},{"from":[11.0159,3.5,7.09446],"to":[12.0159,4.5,9.09446],"rotation":{"angle":-22.5,"axis":"y","origin":[4.5159,3.70588,7.77093]},"faces":{"north":{"uv":[2,0,4,1],"texture":"#0"},"east":{"uv":[2,0,4,1],"texture":"#0"},"south":{"uv":[2,1,3,2],"texture":"#0"},"west":{"uv":[2,0,4,1],"texture":"#0"},"up":{"uv":[2,0,4,1],"rotation":90,"texture":"#0"},"down":{"uv":[2,0,4,1],"rotation":90,"texture":"#0"}}},{"from":[1.0159,3.5,7.09446],"to":[2.0159,4.5,9.09446],"rotation":{"angle":-22.5,"axis":"y","origin":[4.5159,3.70588,7.77093]},"faces":{"north":{"uv":[2,1,4,2],"texture":"#0"},"east":{"uv":[2,1,4,2],"texture":"#0"},"south":{"uv":[3,2,4,3],"texture":"#0"},"west":{"uv":[2,1,4,2],"texture":"#0"},"up":{"uv":[2,1,4,2],"rotation":90,"texture":"#0"},"down":{"uv":[2,1,4,2],"rotation":90,"texture":"#0"}}},{"from":[8.0159,2.5,6.09446],"to":[11.0159,3.5,7.09446],"rotation":{"angle":-22.5,"axis":"y","origin":[4.5159,3.70588,7.77093]},"faces":{"north":{"uv":[3,1,4,4],"rotation":90,"texture":"#0"},"east":{"uv":[3,1,4,2],"rotation":90,"texture":"#0"},"south":{"uv":[3,1,4,4],"rotation":90,"texture":"#0"},"west":{"uv":[3,1,4,2],"rotation":90,"texture":"#0"},"up":{"uv":[3,1,4,4],"rotation":90,"texture":"#0"},"down":{"uv":[3,1,4,4],"rotation":90,"texture":"#0"}}},{"from":[2.0159,2.5,6.09446],"to":[5.0159,3.5,7.09446],"rotation":{"angle":-22.5,"axis":"y","origin":[4.5159,3.70588,7.77093]},"faces":{"north":{"uv":[3,0,4,3],"rotation":90,"texture":"#0"},"east":{"uv":[3,0,4,3],"texture":"#0"},"south":{"uv":[3,0,4,3],"rotation":90,"texture":"#0"},"west":{"uv":[3,1,4,2],"texture":"#0"},"up":{"uv":[3,0,4,3],"texture":"#0"},"down":{"uv":[3,0,4,3],"rotation":90,"texture":"#0"}}},{"from":[8.0159,5.5,6.09446],"to":[11.0159,6.5,7.09446],"rotation":{"angle":-22.5,"axis":"y","origin":[4.5159,3.70588,7.77093]},"faces":{"north":{"uv":[2,0,3,3],"rotation":90,"texture":"#0"},"east":{"uv":[2,0,3,1],"rotation":90,"texture":"#0"},"south":{"uv":[2,0,3,3],"rotation":90,"texture":"#0"},"west":{"uv":[2,0,3,1],"rotation":90,"texture":"#0"},"up":{"uv":[2,0,3,3],"rotation":90,"texture":"#0"},"down":{"uv":[2,0,3,3],"rotation":90,"texture":"#0"}}},{"from":[2.0159,5.5,6.09446],"to":[5.0159,6.5,7.09446],"rotation":{"angle":-22.5,"axis":"y","origin":[4.5159,3.70588,7.77093]},"faces":{"north":{"uv":[3,1,4,4],"rotation":90,"texture":"#0"},"east":{"uv":[3,1,4,4],"rotation":90,"texture":"#0"},"south":{"uv":[3,1,4,4],"rotation":90,"texture":"#0"},"west":{"uv":[3,1,4,2],"rotation":90,"texture":"#0"},"up":{"uv":[3,1,4,4],"rotation":90,"texture":"#0"},"down":{"uv":[3,1,4,4],"rotation":90,"texture":"#0"}}},{"from":[11.0159,3.5,6.09446],"to":[12.0159,5.5,7.09446],"rotation":{"angle":-22.5,"axis":"y","origin":[4.5159,3.70588,7.77093]},"faces":{"north":{"uv":[3,5,4,7],"texture":"#0"},"east":{"uv":[3,5,4,7],"texture":"#0"},"south":{"uv":[3,5,4,7],"texture":"#0"},"west":{"uv":[3,5,4,7],"texture":"#0"},"up":{"uv":[3,6,4,7],"texture":"#0"},"down":{"uv":[3,5,4,6],"texture":"#0"}}},{"from":[5.0159,3.5,6.09446],"to":[6.0159,5.5,7.09446],"rotation":{"angle":-22.5,"axis":"y","origin":[4.5159,3.70588,7.77093]},"faces":{"north":{"uv":[2,1,3,3],"texture":"#0"},"east":{"uv":[2,1,3,3],"texture":"#0"},"south":{"uv":[2,1,3,3],"texture":"#0"},"west":{"uv":[2,1,3,3],"texture":"#0"},"up":{"uv":[2,1,3,3],"texture":"#0"},"down":{"uv":[2,0,3,1],"texture":"#0"}}},{"from":[7.0159,3.5,6.09446],"to":[8.0159,5.5,7.09446],"rotation":{"angle":-22.5,"axis":"y","origin":[4.5159,3.70588,7.77093]},"faces":{"north":{"uv":[3,0,4,2],"texture":"#0"},"east":{"uv":[3,0,4,2],"texture":"#0"},"south":{"uv":[3,0,4,2],"texture":"#0"},"west":{"uv":[3,0,4,2],"texture":"#0"},"up":{"uv":[3,0,4,2],"texture":"#0"},"down":{"uv":[3,0,4,1],"texture":"#0"}}},{"from":[1.0159,3.5,6.09446],"to":[2.0159,5.5,7.09446],"rotation":{"angle":-22.5,"axis":"y","origin":[4.5159,3.70588,7.77093]},"faces":{"north":{"uv":[3,0,4,2],"texture":"#0"},"east":{"uv":[3,0,4,2],"texture":"#0"},"south":{"uv":[3,0,4,2],"texture":"#0"},"west":{"uv":[3,0,4,2],"texture":"#0"},"up":{"uv":[2,0,3,1],"texture":"#0"},"down":{"uv":[3,1,4,2],"texture":"#0"}}},{"from":[6.0159,3.5,6.09446],"to":[7.0159,4.5,7.09446],"rotation":{"angle":-22.5,"axis":"y","origin":[4.5159,3.70588,7.77093]},"faces":{"north":{"uv":[3,6,4,7],"texture":"#0"},"east":{"uv":[3,6,4,7],"texture":"#0"},"south":{"uv":[3,6,4,7],"texture":"#0"},"west":{"uv":[3,6,4,7],"texture":"#0"},"up":{"uv":[3,6,4,7],"texture":"#0"},"down":{"uv":[3,6,4,7],"texture":"#0"}}},{"from":[2.0159,3.5,6.59446],"to":[5.0159,5.5,6.59446],"rotation":{"angle":-22.5,"axis":"y","origin":[4.5159,3.70588,7.77093]},"faces":{"north":{"uv":[3,11,6,12],"texture":"#0"},"east":{"uv":[3,11,6,12],"texture":"#0"},"south":{"uv":[3,11,6,12],"texture":"#0"},"west":{"uv":[3,11,6,12],"texture":"#0"},"up":{"uv":[3,11,6,12],"texture":"#0"},"down":{"uv":[3,11,6,12],"texture":"#0"}}},{"from":[8.0159,3.5,6.59446],"to":[11.0159,5.5,6.59446],"rotation":{"angle":-22.5,"axis":"y","origin":[4.5159,3.70588,7.77093]},"faces":{"north":{"uv":[3,11,6,12],"texture":"#0"},"east":{"uv":[3,11,6,12],"texture":"#0"},"south":{"uv":[3,11,6,12],"texture":"#0"},"west":{"uv":[3,11,6,12],"texture":"#0"},"up":{"uv":[3,11,6,12],"texture":"#0"},"down":{"uv":[3,11,6,12],"texture":"#0"}}},{"from":[1,0,5],"to":[15,0.5,14],"faces":{"north":{"uv":[7,0,16,6],"texture":"#0"},"east":{"uv":[7,0,16,6],"texture":"#0"},"south":{"uv":[7,0,16,6],"texture":"#0"},"west":{"uv":[7,0,16,6],"texture":"#0"},"up":{"uv":[7,0,16,6],"texture":"#0"},"down":{"uv":[7,0,16,6],"texture":"#0"}}},{"from":[1.5,0.5,5],"to":[14.5,2,13.5],"faces":{"north":{"uv":[2,14,8,16],"texture":"#0"},"east":{"uv":[2,14,8,16],"texture":"#0"},"south":{"uv":[2,14,8,16],"texture":"#0"},"west":{"uv":[2,14,8,16],"texture":"#0"},"up":{"uv":[2,14,8,16],"texture":"#0"},"down":{"uv":[2,14,8,16],"texture":"#0"}}},{"from":[1,2,5],"to":[15,2.5,14],"faces":{"north":{"uv":[7,0,16,6],"texture":"#0"},"east":{"uv":[7,0,16,6],"texture":"#0"},"south":{"uv":[7,0,16,6],"texture":"#0"},"west":{"uv":[7,0,16,6],"texture":"#0"},"up":{"uv":[7,0,16,6],"texture":"#0"},"down":{"uv":[7,0,16,6],"texture":"#0"}}},{"from":[1,0,4.5],"to":[15,2.5,5],"faces":{"north":{"uv":[7,0,16,3],"texture":"#0"},"east":{"uv":[7,0,16,3],"texture":"#0"},"south":{"uv":[7,0,16,3],"texture":"#0"},"west":{"uv":[7,0,16,3],"texture":"#0"},"up":{"uv":[7,0,16,3],"texture":"#0"},"down":{"uv":[7,0,16,3],"texture":"#0"}}}],"display":{"thirdperson_righthand":{"translation":[0,3.75,-0.5],"scale":[0.5,0.5,0.5]},"thirdperson_lefthand":{"translation":[0,3.75,-0.5],"scale":[0.5,0.5,0.5]},"fixed":{"rotation":[-90,-6.5,0],"translation":[0,4.25,-11.25],"scale":[1.5,1.5,1.5]}},"groups":[{"name":"glasses","origin":[8,8,8],"children":[{"name":"marco","origin":[0,0,0],"children":[0,1,2,3,4,5,6,7,8,9,10,11,12,13,14]},15,16]},{"name":"libro","origin":[8,8,8],"children":[17,18,19,20]}]}