{"credit":"Made with Blockbench","textures":{"0":"block/knit and hook","particle":"block/knit and hook"},"elements":[{"from":[3,0,4],"to":[13,0.3,10],"faces":{"north":{"uv":[10.5,1,11,7],"texture":"#0"},"east":{"uv":[10.5,1,11,7],"texture":"#0"},"south":{"uv":[0,0,10,0.3],"texture":"#missing"},"west":{"uv":[10.5,1,11,7],"texture":"#0"},"up":{"uv":[0,1,10.5,7],"rotation":180,"texture":"#0"},"down":{"uv":[0,1,10.5,7],"rotation":180,"texture":"#0"}}},{"from":[3,0,10],"to":[13,0.4,10.4],"faces":{"north":{"uv":[0,0,10,1],"texture":"#0"},"east":{"uv":[0,0,10,1],"texture":"#0"},"south":{"uv":[0,0,10,1],"texture":"#0"},"west":{"uv":[0,0,10,1],"texture":"#0"},"up":{"uv":[0,0,10,1],"texture":"#0"},"down":{"uv":[0,0,10,1],"texture":"#0"}}},{"from":[2,0,10],"to":[3,0.4,10.4],"faces":{"north":{"uv":[12,0,13,0.5],"texture":"#0"},"east":{"uv":[12,0,13,0.5],"texture":"#0"},"south":{"uv":[12,0,13,0.5],"texture":"#0"},"west":{"uv":[12,0,13,0.5],"texture":"#0"},"up":{"uv":[12,0,13,0.5],"texture":"#0"},"down":{"uv":[12,0,13,0.5],"texture":"#0"}}},{"from":[13,0,10],"to":[15.4,0.4,10.4],"faces":{"north":{"uv":[11.5,0.5,14,1],"texture":"#0"},"east":{"uv":[11.5,0.5,14,1],"texture":"#0"},"south":{"uv":[11.5,0.5,14,1],"texture":"#0"},"west":{"uv":[11.5,0.5,14,1],"texture":"#0"},"up":{"uv":[11.5,0.5,14,1],"texture":"#0"},"down":{"uv":[11.5,0.5,14,1],"texture":"#0"}}},{"from":[15,0,9.9],"to":[15.6,0.6,10.5],"faces":{"north":{"uv":[15,1,15.5,1.5],"texture":"#0"},"east":{"uv":[15,1,15.5,1.5],"texture":"#0"},"south":{"uv":[15,1,15.5,1.5],"texture":"#0"},"west":{"uv":[15,1,15.5,1.5],"texture":"#0"},"up":{"uv":[15,1,15.5,1.5],"texture":"#0"},"down":{"uv":[15,1,15.5,1.5],"texture":"#0"}}},{"from":[1.7,0,10.05],"to":[2,0.3,10.35],"rotation":{"angle":0,"axis":"y","origin":[0.7,0,0]},"faces":{"north":{"uv":[11,0,12,1],"texture":"#0"},"east":{"uv":[11,0,12,1],"texture":"#0"},"south":{"uv":[11,0,12,1],"texture":"#0"},"west":{"uv":[11,0,12,1],"texture":"#0"},"up":{"uv":[11,0,12,1],"texture":"#0"},"down":{"uv":[11,0,12,1],"texture":"#0"}}},{"from":[1.5,0,10.1],"to":[1.7,0.2,10.3],"rotation":{"angle":0,"axis":"y","origin":[1.5,0,0]},"faces":{"north":{"uv":[11,0,12,1],"texture":"#0"},"east":{"uv":[11,0,12,1],"texture":"#0"},"south":{"uv":[11,0,12,1],"texture":"#0"},"west":{"uv":[11,0,12,1],"texture":"#0"},"up":{"uv":[11,0,12,1],"texture":"#0"},"down":{"uv":[11,0,12,1],"texture":"#0"}}},{"from":[1.4,0,10.15],"to":[1.5,0.1,10.25],"rotation":{"angle":0,"axis":"y","origin":[2.4,0,0]},"faces":{"north":{"uv":[11,0,12,1],"texture":"#0"},"east":{"uv":[11,0,12,1],"texture":"#0"},"south":{"uv":[11,0,12,1],"texture":"#0"},"west":{"uv":[11,0,12,1],"texture":"#0"},"up":{"uv":[11,0,12,1],"texture":"#0"},"down":{"uv":[11,0,12,1],"texture":"#0"}}},{"from":[2,0.25,11],"to":[15.4,0.65,11.4],"rotation":{"angle":22.5,"axis":"y","origin":[5.78,0.2,11.2]},"faces":{"north":{"uv":[14.5,0,15.5,1],"texture":"#0"},"east":{"uv":[14.5,0,15.5,1],"texture":"#0"},"south":{"uv":[14.5,0,15.5,1],"texture":"#0"},"west":{"uv":[14.5,0,15.5,1],"texture":"#0"},"up":{"uv":[14.5,0,15.5,1],"texture":"#0"},"down":{"uv":[14.5,0,15.5,1],"texture":"#0"}}},{"from":[15,0.25,10.9],"to":[15.6,0.85,11.5],"rotation":{"angle":22.5,"axis":"y","origin":[5.78,0.2,11.2]},"faces":{"north":{"uv":[15,1,16,2],"texture":"#0"},"east":{"uv":[15,1,16,2],"texture":"#0"},"south":{"uv":[15,1,16,2],"texture":"#0"},"west":{"uv":[15,1,16,2],"texture":"#0"},"up":{"uv":[15,1,16,2],"texture":"#0"},"down":{"uv":[15,1,16,2],"texture":"#0"}}},{"from":[1.7,0.25,11.05],"to":[2,0.55,11.35],"rotation":{"angle":22.5,"axis":"y","origin":[5.78,0.2,11.2]},"faces":{"north":{"uv":[14.5,0,15.5,1],"texture":"#0"},"east":{"uv":[14.5,0,15.5,1],"texture":"#0"},"south":{"uv":[14.5,0,15.5,1],"texture":"#0"},"west":{"uv":[14.5,0,15.5,1],"texture":"#0"},"up":{"uv":[14.5,0,15.5,1],"texture":"#0"},"down":{"uv":[14.5,0,15.5,1],"texture":"#0"}}},{"from":[1.5,0.25,11.1],"to":[1.7,0.45,11.3],"rotation":{"angle":22.5,"axis":"y","origin":[5.78,0.2,11.2]},"faces":{"north":{"uv":[14.5,0,15.5,1],"texture":"#0"},"east":{"uv":[14.5,0,15.5,1],"texture":"#0"},"south":{"uv":[14.5,0,15.5,1],"texture":"#0"},"west":{"uv":[14.5,0,15.5,1],"texture":"#0"},"up":{"uv":[14.5,0,15.5,1],"texture":"#0"},"down":{"uv":[14.5,0,15.5,1],"texture":"#0"}}},{"from":[1.4,0.25,11.15],"to":[1.5,0.35,11.25],"rotation":{"angle":22.5,"axis":"y","origin":[5.78,0.2,11.2]},"faces":{"north":{"uv":[14.5,0,15.5,1],"texture":"#0"},"east":{"uv":[14.5,0,15.5,1],"texture":"#0"},"south":{"uv":[14.5,0,15.5,1],"texture":"#0"},"west":{"uv":[14.5,0,15.5,1],"texture":"#0"},"up":{"uv":[14.5,0,15.5,1],"texture":"#0"},"down":{"uv":[14.5,0,15.5,1],"texture":"#0"}}}],"display":{"thirdperson_righthand":{"translation":[0,4,0],"scale":[0.5,0.5,0.5]},"thirdperson_lefthand":{"translation":[0,4,0],"scale":[0.5,0.5,0.5]},"firstperson_righthand":{"translation":[0,7,4.25],"scale":[0.5,0.5,0.5]},"firstperson_lefthand":{"translation":[0,7,4.25],"scale":[0.5,0.5,0.5]},"ground":{"translation":[0,2.25,0]},"gui":{"rotation":[90,-180,0]},"fixed":{"rotation":[-90,7,0],"translation":[0,0,-15.75],"scale":[2,2,2]}},"groups":[0,{"name":"hook","origin":[0,0,0],"children":[1,2,3,4,5,6,7]},{"name":"hook","origin":[0,0,0],"children":[8,9,10,11,12]}]}