{"credit":"Made with Blockbench","textures":{"0":"block/mason_jar_lamp_1","1":"block/lampstand_1","2":"block/anvil","particle":"block/mason_jar_lamp_1"},"elements":[{"from":[4.99017,20.99017,4.98933],"to":[11.01017,27.01017,4.98933],"rotation":{"angle":0,"axis":"y","origin":[8,8,8]},"faces":{"north":{"uv":[2,0,8.02,6.02],"rotation":180,"texture":"#0"},"east":{"uv":[0,0,0,6.02],"texture":"#missing"},"south":{"uv":[2,0,8.02,6.02],"rotation":180,"texture":"#0"},"west":{"uv":[0,0,0,6.02],"texture":"#missing"},"up":{"uv":[0,0,6.02,0],"texture":"#missing"},"down":{"uv":[0,0,6.02,0],"texture":"#0"}}},{"from":[4.99017,20.99017,4.99033],"to":[11.01017,20.99017,11.01033],"rotation":{"angle":0,"axis":"x","origin":[8,8,8]},"faces":{"north":{"uv":[0,0,6.02,0],"rotation":180,"texture":"#missing"},"east":{"uv":[0,0,0,6.02],"rotation":90,"texture":"#missing"},"south":{"uv":[0,0,6.02,0],"texture":"#missing"},"west":{"uv":[0,0,0,6.02],"rotation":270,"texture":"#missing"},"up":{"uv":[2,0,8.02,6.02],"rotation":180,"texture":"#0"},"down":{"uv":[2,0,8.02,6.02],"rotation":180,"texture":"#0"}}},{"from":[4.99017,27.00917,4.99033],"to":[11.01017,27.00917,11.01033],"rotation":{"angle":0,"axis":"x","origin":[8,9.019,8]},"faces":{"north":{"uv":[0,0,6.02,0],"rotation":180,"texture":"#missing"},"east":{"uv":[0,0,0,6.02],"rotation":90,"texture":"#missing"},"south":{"uv":[0,0,6.02,0],"texture":"#missing"},"west":{"uv":[0,0,0,6.02],"rotation":270,"texture":"#missing"},"up":{"uv":[2,0,8.02,6.02],"rotation":180,"texture":"#0"},"down":{"uv":[2,0,8.02,6.02],"rotation":180,"texture":"#0"}}},{"from":[4.99017,20.99017,11.00933],"to":[11.01017,27.01017,11.00933],"rotation":{"angle":0,"axis":"y","origin":[8,8,8]},"faces":{"north":{"uv":[2,0,8.02,6.02],"rotation":180,"texture":"#0"},"east":{"uv":[0,0,0,6.02],"texture":"#missing"},"south":{"uv":[2,0,8.02,6.02],"rotation":180,"texture":"#0"},"west":{"uv":[0,0,0,6.02],"texture":"#missing"},"up":{"uv":[0,0,6.02,0],"texture":"#missing"},"down":{"uv":[0,0,6.02,0],"texture":"#missing"}}},{"from":[4.99017,20.99017,4.99033],"to":[4.99017,27.01017,11.01033],"rotation":{"angle":0,"axis":"y","origin":[8,8,8]},"faces":{"north":{"uv":[0,0,0,6.02],"texture":"#missing"},"east":{"uv":[2,0,8.02,6.02],"rotation":180,"texture":"#0"},"south":{"uv":[0,0,0,6.02],"texture":"#missing"},"west":{"uv":[2,0,8.02,6.02],"rotation":180,"texture":"#0"},"up":{"uv":[0,0,6.02,0],"rotation":90,"texture":"#missing"},"down":{"uv":[0,0,6.02,0],"rotation":270,"texture":"#missing"}}},{"from":[11.00917,20.99017,4.99033],"to":[11.00917,27.01017,11.01033],"rotation":{"angle":0,"axis":"y","origin":[8,8,8]},"faces":{"north":{"uv":[0,0,0,6.02],"texture":"#missing"},"east":{"uv":[2,0,8.02,6.02],"rotation":180,"texture":"#0"},"south":{"uv":[0,0,0,6.02],"texture":"#missing"},"west":{"uv":[2,0,8.02,6.02],"rotation":180,"texture":"#0"},"up":{"uv":[0,0,6.02,0],"rotation":90,"texture":"#missing"},"down":{"uv":[0,0,6.02,0],"rotation":270,"texture":"#missing"}}},{"from":[7.5,18,7.5],"to":[8.5,21,8.5],"rotation":{"angle":0,"axis":"y","origin":[0.5,0,0.5]},"faces":{"north":{"uv":[6,0,7,3],"texture":"#2"},"east":{"uv":[7,6,8,9],"texture":"#2"},"south":{"uv":[10,0,11,3],"texture":"#2"},"west":{"uv":[7,0,8,3],"texture":"#2"},"up":{"uv":[0,0,1,1],"texture":"#missing"},"down":{"uv":[0,0,1,1],"texture":"#missing"}}},{"from":[7.5,2,7.5],"to":[8.5,18,8.5],"rotation":{"angle":0,"axis":"y","origin":[0.5,0,0.5]},"faces":{"north":{"uv":[5,0,6,16],"texture":"#2"},"east":{"uv":[4,0,5,16],"texture":"#2"},"south":{"uv":[4,0,5,16],"texture":"#2"},"west":{"uv":[7,0,8,16],"texture":"#2"},"up":{"uv":[0,0,1,1],"texture":"#missing"},"down":{"uv":[0,0,1,1],"texture":"#missing"}}},{"from":[4,0,4],"to":[12,1,12],"faces":{"north":{"uv":[15,3,16,11],"rotation":90,"texture":"#2"},"east":{"uv":[0,8,1,16],"rotation":90,"texture":"#2"},"south":{"uv":[0,2,1,10],"rotation":90,"texture":"#2"},"west":{"uv":[15,0,16,8],"rotation":90,"texture":"#2"},"up":{"uv":[3,3,11,11],"texture":"#2"},"down":{"uv":[3,3,11,11],"texture":"#2"}}},{"from":[5,1,5],"to":[11,2,11],"faces":{"north":{"uv":[14,0,15,6],"rotation":90,"texture":"#2"},"east":{"uv":[1,2,2,8],"rotation":90,"texture":"#2"},"south":{"uv":[1,8,2,14],"rotation":90,"texture":"#2"},"west":{"uv":[14,7,15,13],"rotation":90,"texture":"#2"},"up":{"uv":[4,4,10,10],"rotation":90,"texture":"#2"},"down":{"uv":[0,0,6,6],"texture":"#missing"}}},{"from":[7,20,2.97266],"to":[9,28,3.97266],"rotation":{"angle":0,"axis":"y","origin":[8,24,8]},"faces":{"north":{"uv":[4,0,6,8],"texture":"#1"},"east":{"uv":[0,0,1,8],"texture":"#missing"},"south":{"uv":[4,0,6,8],"texture":"#1"},"west":{"uv":[0,0,1,8],"texture":"#missing"},"up":{"uv":[5,9,6,10],"texture":"#1"},"down":{"uv":[5,8,6,9],"texture":"#1"}}},{"from":[7,20,12.02734],"to":[9,28,13.02734],"rotation":{"angle":0,"axis":"y","origin":[8,24,8]},"faces":{"north":{"uv":[4,0,6,8],"texture":"#1"},"east":{"uv":[0,0,1,8],"texture":"#missing"},"south":{"uv":[4,0,6,8],"texture":"#1"},"west":{"uv":[0,0,1,8],"texture":"#missing"},"up":{"uv":[5,9,6,10],"rotation":180,"texture":"#1"},"down":{"uv":[5,8,6,9],"rotation":180,"texture":"#1"}}},{"from":[12.02734,20,7],"to":[13.02734,28,9],"rotation":{"angle":0,"axis":"y","origin":[8,24,8]},"faces":{"north":{"uv":[4,0,5,8],"texture":"#missing"},"east":{"uv":[4,0,6,8],"texture":"#1"},"south":{"uv":[4,0,5,8],"texture":"#missing"},"west":{"uv":[4,0,6,8],"texture":"#1"},"up":{"uv":[5,9,6,10],"rotation":90,"texture":"#1"},"down":{"uv":[5,8,6,9],"rotation":270,"texture":"#1"}}},{"from":[2.97266,20,7],"to":[3.97266,28,9],"rotation":{"angle":0,"axis":"y","origin":[8,24,8]},"faces":{"north":{"uv":[4,0,5,8],"texture":"#missing"},"east":{"uv":[4,0,6,8],"texture":"#1"},"south":{"uv":[4,0,5,8],"texture":"#missing"},"west":{"uv":[4,0,6,8],"texture":"#1"},"up":{"uv":[5,9,6,10],"rotation":270,"texture":"#1"},"down":{"uv":[5,8,6,9],"rotation":90,"texture":"#1"}}},{"from":[7,20,2.97266],"to":[9,28,3.97266],"rotation":{"angle":-22.5,"axis":"y","origin":[8,24,8]},"faces":{"north":{"uv":[4,0,6,8],"texture":"#1"},"east":{"uv":[0,0,1,8],"texture":"#missing"},"south":{"uv":[4,0,6,8],"texture":"#1"},"west":{"uv":[0,0,1,8],"texture":"#missing"},"up":{"uv":[5,9,6,10],"texture":"#1"},"down":{"uv":[5,8,6,9],"texture":"#1"}}},{"from":[7,20,12.02734],"to":[9,28,13.02734],"rotation":{"angle":-22.5,"axis":"y","origin":[8,24,8]},"faces":{"north":{"uv":[4,0,6,8],"texture":"#1"},"east":{"uv":[0,0,1,8],"texture":"#missing"},"south":{"uv":[4,0,6,8],"texture":"#1"},"west":{"uv":[0,0,1,8],"texture":"#missing"},"up":{"uv":[5,9,6,10],"rotation":180,"texture":"#1"},"down":{"uv":[5,8,6,9],"rotation":180,"texture":"#1"}}},{"from":[12.02734,20,7],"to":[13.02734,28,9],"rotation":{"angle":-22.5,"axis":"y","origin":[8,24,8]},"faces":{"north":{"uv":[4,0,5,8],"texture":"#missing"},"east":{"uv":[4,0,6,8],"texture":"#1"},"south":{"uv":[4,0,5,8],"texture":"#missing"},"west":{"uv":[4,0,6,8],"texture":"#1"},"up":{"uv":[5,9,6,10],"rotation":90,"texture":"#1"},"down":{"uv":[5,8,6,9],"rotation":270,"texture":"#1"}}},{"from":[2.97266,20,7],"to":[3.97266,28,9],"rotation":{"angle":-22.5,"axis":"y","origin":[8,24,8]},"faces":{"north":{"uv":[4,0,5,8],"texture":"#missing"},"east":{"uv":[4,0,6,8],"texture":"#1"},"south":{"uv":[4,0,5,8],"texture":"#missing"},"west":{"uv":[4,0,6,8],"texture":"#1"},"up":{"uv":[5,9,6,10],"rotation":270,"texture":"#1"},"down":{"uv":[5,8,6,9],"rotation":90,"texture":"#1"}}},{"from":[7,20,2.97266],"to":[9,28,3.97266],"rotation":{"angle":-45,"axis":"y","origin":[8,24,8]},"faces":{"north":{"uv":[4,0,6,8],"texture":"#1"},"east":{"uv":[0,0,1,8],"texture":"#missing"},"south":{"uv":[4,0,6,8],"texture":"#1"},"west":{"uv":[0,0,1,8],"texture":"#missing"},"up":{"uv":[5,9,6,10],"texture":"#1"},"down":{"uv":[5,8,6,9],"texture":"#1"}}},{"from":[7,20,12.02734],"to":[9,28,13.02734],"rotation":{"angle":-45,"axis":"y","origin":[8,24,8]},"faces":{"north":{"uv":[4,0,6,8],"texture":"#1"},"east":{"uv":[0,0,1,8],"texture":"#missing"},"south":{"uv":[4,0,6,8],"texture":"#1"},"west":{"uv":[0,0,1,8],"texture":"#missing"},"up":{"uv":[5,9,6,10],"rotation":180,"texture":"#1"},"down":{"uv":[5,8,6,9],"rotation":180,"texture":"#1"}}},{"from":[12.02734,20,7],"to":[13.02734,28,9],"rotation":{"angle":-45,"axis":"y","origin":[8,24,8]},"faces":{"north":{"uv":[4,0,5,8],"texture":"#missing"},"east":{"uv":[4,0,6,8],"texture":"#1"},"south":{"uv":[4,0,5,8],"texture":"#missing"},"west":{"uv":[4,0,6,8],"texture":"#1"},"up":{"uv":[5,9,6,10],"rotation":90,"texture":"#1"},"down":{"uv":[5,8,6,9],"rotation":270,"texture":"#1"}}},{"from":[2.97266,20,7],"to":[3.97266,28,9],"rotation":{"angle":-45,"axis":"y","origin":[8,24,8]},"faces":{"north":{"uv":[4,0,5,8],"texture":"#missing"},"east":{"uv":[4,0,6,8],"texture":"#1"},"south":{"uv":[4,0,5,8],"texture":"#missing"},"west":{"uv":[4,0,6,8],"texture":"#1"},"up":{"uv":[5,9,6,10],"rotation":270,"texture":"#1"},"down":{"uv":[5,8,6,9],"rotation":90,"texture":"#1"}}},{"from":[12.02734,20,7],"to":[13.02734,28,9],"rotation":{"angle":22.5,"axis":"y","origin":[8,24,8]},"faces":{"north":{"uv":[4,0,5,8],"texture":"#missing"},"east":{"uv":[4,0,6,8],"texture":"#1"},"south":{"uv":[4,0,5,8],"texture":"#missing"},"west":{"uv":[4,0,6,8],"texture":"#1"},"up":{"uv":[5,9,6,10],"rotation":90,"texture":"#1"},"down":{"uv":[5,8,6,9],"rotation":270,"texture":"#1"}}},{"from":[2.97266,20,7],"to":[3.97266,28,9],"rotation":{"angle":22.5,"axis":"y","origin":[8,24,8]},"faces":{"north":{"uv":[4,0,5,8],"texture":"#missing"},"east":{"uv":[4,0,6,8],"texture":"#1"},"south":{"uv":[4,0,5,8],"texture":"#missing"},"west":{"uv":[4,0,6,8],"texture":"#1"},"up":{"uv":[5,9,6,10],"rotation":270,"texture":"#1"},"down":{"uv":[5,8,6,9],"rotation":90,"texture":"#1"}}},{"from":[7,20,12.02734],"to":[9,28,13.02734],"rotation":{"angle":22.5,"axis":"y","origin":[8,24,8]},"faces":{"north":{"uv":[4,0,6,8],"texture":"#1"},"east":{"uv":[0,0,1,8],"texture":"#missing"},"south":{"uv":[4,0,6,8],"texture":"#1"},"west":{"uv":[0,0,1,8],"texture":"#missing"},"up":{"uv":[5,9,6,10],"rotation":180,"texture":"#1"},"down":{"uv":[5,8,6,9],"rotation":180,"texture":"#1"}}},{"from":[7,20,2.97266],"to":[9,28,3.97266],"rotation":{"angle":22.5,"axis":"y","origin":[8,24,8]},"faces":{"north":{"uv":[4,0,6,8],"texture":"#1"},"east":{"uv":[0,0,1,8],"texture":"#missing"},"south":{"uv":[4,0,6,8],"texture":"#1"},"west":{"uv":[0,0,1,8],"texture":"#missing"},"up":{"uv":[5,9,6,10],"texture":"#1"},"down":{"uv":[5,8,6,9],"texture":"#1"}}},{"from":[8,15,9.25],"to":[8.25,21,9.5],"faces":{"north":{"uv":[15,9,15.25,15],"texture":"#2"},"east":{"uv":[15,9,15.25,15],"texture":"#2"},"south":{"uv":[10,9,10.25,15],"texture":"#2"},"west":{"uv":[10,9,10.25,15],"texture":"#2"},"up":{"uv":[10,9,10.25,15],"texture":"#2"},"down":{"uv":[10,9,10.25,15],"texture":"#2"}}},{"from":[7.75,14,9],"to":[8.5,15,9.75],"rotation":{"angle":0,"axis":"y","origin":[7.5,14,9]},"faces":{"north":{"uv":[15,9,15.75,10],"texture":"#2"},"east":{"uv":[15,9,15.75,10],"texture":"#2"},"south":{"uv":[9,9,9.75,10],"texture":"#2"},"west":{"uv":[9,9,9.75,10],"texture":"#2"},"up":{"uv":[9,9,9.75,10],"texture":"#2"},"down":{"uv":[9,9,9.75,10],"texture":"#2"}}}],"display":{"thirdperson_righthand":{"rotation":[5,0,0],"translation":[0,0,-0.25],"scale":[0.3,0.3,0.3]},"thirdperson_lefthand":{"rotation":[5,0,0],"translation":[0,0,-0.25],"scale":[0.3,0.3,0.3]},"firstperson_righthand":{"scale":[0.3,0.3,0.3]},"firstperson_lefthand":{"scale":[0.3,0.3,0.3]},"ground":{"scale":[0.5,0.5,0.5]},"gui":{"rotation":[0,76,0],"translation":[0,-2.75,0],"scale":[0.45,0.45,0.45]},"fixed":{"rotation":[-90,0,0],"translation":[0,0,-14],"scale":[2,2,2]}},"groups":[{"name":"cover","origin":[8,8,8],"color":0,"children":[0,1,2,3,4,5]},{"name":"stand","origin":[8,8,8],"color":0,"children":[6,7,8,9]},{"name":"lamp","origin":[0,0,0],"color":0,"children":[10,11,12,13,14,15,16,17,18,19,20,21,22,23,24,25]},{"name":"deco","origin":[8,8,8],"color":0,"children":[26,27]}]}