{"credit":"Made with Blockbench","textures":{"0":"block/magazines_1","1":"block/stripped_oak_log","particle":"block/magazines_1"},"elements":[{"from":[12,8,2],"to":[13,9,14],"rotation":{"angle":0,"axis":"z","origin":[12.5,4,8]},"faces":{"north":{"uv":[0,0,1,1],"rotation":90,"texture":"#1"},"east":{"uv":[8,2,9,14],"rotation":270,"texture":"#1"},"south":{"uv":[0,0,1,1],"rotation":90,"texture":"#1"},"west":{"uv":[8,2,9,14],"rotation":270,"texture":"#1"},"up":{"uv":[5,3,6,15],"rotation":180,"texture":"#1"},"down":{"uv":[3,3,4,15],"rotation":180,"texture":"#1"}}},{"from":[5,0,2],"to":[13,1,14],"faces":{"north":{"uv":[0,0,1,8],"rotation":90,"texture":"#1"},"east":{"uv":[2,2,14,3],"texture":"#1"},"south":{"uv":[0,0,1,8],"rotation":90,"texture":"#1"},"west":{"uv":[2,0,14,1],"texture":"#1"},"up":{"uv":[4,1,12,13],"texture":"#1"},"down":{"uv":[4,1,12,13],"texture":"#1"}}},{"from":[12,1,13],"to":[13,8,14],"rotation":{"angle":0,"axis":"z","origin":[12.5,4,8]},"faces":{"north":{"uv":[5,6,12,7],"rotation":270,"texture":"#1"},"east":{"uv":[7,9,14,10],"rotation":270,"texture":"#1"},"south":{"uv":[5,6,12,7],"rotation":270,"texture":"#1"},"west":{"uv":[5,6,12,7],"rotation":270,"texture":"#1"},"up":{"uv":[5,6,12,7],"rotation":270,"texture":"#1"},"down":{"uv":[5,6,12,7],"rotation":270,"texture":"#1"}}},{"from":[12,1,2],"to":[13,8,3],"rotation":{"angle":0,"axis":"z","origin":[12.5,4,8]},"faces":{"north":{"uv":[2,8,9,9],"rotation":270,"texture":"#1"},"east":{"uv":[3,13,10,14],"rotation":270,"texture":"#1"},"south":{"uv":[3,13,10,14],"rotation":270,"texture":"#1"},"west":{"uv":[3,13,10,14],"rotation":270,"texture":"#1"},"up":{"uv":[3,13,10,14],"rotation":270,"texture":"#1"},"down":{"uv":[3,13,10,14],"rotation":270,"texture":"#1"}}},{"from":[12.25,1,3.75],"to":[12.75,8,4.25],"rotation":{"angle":0,"axis":"z","origin":[12.5,4,8]},"faces":{"north":{"uv":[6,4,13,5],"rotation":270,"texture":"#1"},"east":{"uv":[6,4,13,5],"rotation":270,"texture":"#1"},"south":{"uv":[6,4,13,5],"rotation":270,"texture":"#1"},"west":{"uv":[6,4,13,5],"rotation":270,"texture":"#1"},"up":{"uv":[6,4,13,5],"rotation":270,"texture":"#1"},"down":{"uv":[6,4,13,5],"rotation":270,"texture":"#1"}}},{"from":[5.25,1,3.75],"to":[5.75,8,4.25],"rotation":{"angle":0,"axis":"z","origin":[12.5,4,8]},"faces":{"north":{"uv":[4,2,11,3],"rotation":270,"texture":"#1"},"east":{"uv":[4,2,11,3],"rotation":270,"texture":"#1"},"south":{"uv":[4,2,11,3],"rotation":270,"texture":"#1"},"west":{"uv":[4,2,11,3],"rotation":270,"texture":"#1"},"up":{"uv":[4,2,11,3],"rotation":270,"texture":"#1"},"down":{"uv":[4,2,11,3],"rotation":270,"texture":"#1"}}},{"from":[12.25,1,5.75],"to":[12.75,8,6.25],"rotation":{"angle":0,"axis":"z","origin":[12.5,4,8]},"faces":{"north":{"uv":[7,12,14,13],"rotation":270,"texture":"#1"},"east":{"uv":[7,12,14,13],"rotation":270,"texture":"#1"},"south":{"uv":[7,12,14,13],"rotation":270,"texture":"#1"},"west":{"uv":[7,12,14,13],"rotation":270,"texture":"#1"},"up":{"uv":[7,12,14,13],"rotation":270,"texture":"#1"},"down":{"uv":[7,12,14,13],"rotation":270,"texture":"#1"}}},{"from":[5.25,1,5.75],"to":[5.75,8,6.25],"rotation":{"angle":0,"axis":"z","origin":[12.5,4,8]},"faces":{"north":{"uv":[5,6,12,7],"rotation":270,"texture":"#1"},"east":{"uv":[5,6,12,7],"rotation":270,"texture":"#1"},"south":{"uv":[5,6,12,7],"rotation":270,"texture":"#1"},"west":{"uv":[4,2,11,3],"rotation":270,"texture":"#1"},"up":{"uv":[5,6,12,7],"rotation":270,"texture":"#1"},"down":{"uv":[5,6,12,7],"rotation":270,"texture":"#1"}}},{"from":[12.25,1,7.75],"to":[12.75,8,8.25],"rotation":{"angle":0,"axis":"z","origin":[12.5,4,8]},"faces":{"north":{"uv":[3,11,10,12],"rotation":270,"texture":"#1"},"east":{"uv":[3,11,10,12],"rotation":270,"texture":"#1"},"south":{"uv":[3,11,10,12],"rotation":270,"texture":"#1"},"west":{"uv":[3,11,10,12],"rotation":270,"texture":"#1"},"up":{"uv":[3,11,10,12],"rotation":270,"texture":"#1"},"down":{"uv":[3,11,10,12],"rotation":270,"texture":"#1"}}},{"from":[5.25,1,7.75],"to":[5.75,8,8.25],"rotation":{"angle":0,"axis":"z","origin":[12.5,4,8]},"faces":{"north":{"uv":[5,6,12,7],"rotation":270,"texture":"#1"},"east":{"uv":[5,6,12,7],"rotation":270,"texture":"#1"},"south":{"uv":[5,6,12,7],"rotation":270,"texture":"#1"},"west":{"uv":[5,6,12,7],"rotation":270,"texture":"#1"},"up":{"uv":[5,6,12,7],"rotation":270,"texture":"#1"},"down":{"uv":[5,6,12,7],"rotation":270,"texture":"#1"}}},{"from":[12.25,1,9.75],"to":[12.75,8,10.25],"rotation":{"angle":0,"axis":"z","origin":[12.5,4,8]},"faces":{"north":{"uv":[8,8,15,9],"rotation":270,"texture":"#1"},"east":{"uv":[8,8,15,9],"rotation":270,"texture":"#1"},"south":{"uv":[8,8,15,9],"rotation":270,"texture":"#1"},"west":{"uv":[8,8,15,9],"rotation":270,"texture":"#1"},"up":{"uv":[8,8,15,9],"rotation":270,"texture":"#1"},"down":{"uv":[8,8,15,9],"rotation":270,"texture":"#1"}}},{"from":[5.25,1,9.75],"to":[5.75,8,10.25],"rotation":{"angle":0,"axis":"z","origin":[12.5,4,8]},"faces":{"north":{"uv":[7,10,14,11],"rotation":270,"texture":"#1"},"east":{"uv":[7,10,14,11],"rotation":270,"texture":"#1"},"south":{"uv":[7,10,14,11],"rotation":270,"texture":"#1"},"west":{"uv":[7,10,14,11],"rotation":270,"texture":"#1"},"up":{"uv":[7,10,14,11],"rotation":270,"texture":"#1"},"down":{"uv":[7,10,14,11],"rotation":270,"texture":"#1"}}},{"from":[12.25,1,11.75],"to":[12.75,8,12.25],"rotation":{"angle":0,"axis":"z","origin":[12.5,4,8]},"faces":{"north":{"uv":[3,4,10,5],"rotation":270,"texture":"#1"},"east":{"uv":[3,4,10,5],"rotation":270,"texture":"#1"},"south":{"uv":[3,4,10,5],"rotation":270,"texture":"#1"},"west":{"uv":[3,4,10,5],"rotation":270,"texture":"#1"},"up":{"uv":[3,4,10,5],"rotation":270,"texture":"#1"},"down":{"uv":[3,4,10,5],"rotation":270,"texture":"#1"}}},{"from":[5.25,1,11.75],"to":[5.75,8,12.25],"rotation":{"angle":0,"axis":"z","origin":[12.5,4,8]},"faces":{"north":{"uv":[7,2,14,3],"rotation":270,"texture":"#1"},"east":{"uv":[7,2,14,3],"rotation":270,"texture":"#1"},"south":{"uv":[7,2,14,3],"rotation":270,"texture":"#1"},"west":{"uv":[7,2,14,3],"rotation":270,"texture":"#1"},"up":{"uv":[7,2,14,3],"rotation":270,"texture":"#1"},"down":{"uv":[7,2,14,3],"rotation":270,"texture":"#1"}}},{"from":[5,1,2],"to":[6,8,3],"rotation":{"angle":0,"axis":"z","origin":[12.5,4,8]},"faces":{"north":{"uv":[3,13,10,14],"rotation":270,"texture":"#1"},"east":{"uv":[7,9,14,10],"rotation":270,"texture":"#1"},"south":{"uv":[7,9,14,10],"rotation":270,"texture":"#1"},"west":{"uv":[7,9,14,10],"rotation":270,"texture":"#1"},"up":{"uv":[7,9,14,10],"rotation":270,"texture":"#1"},"down":{"uv":[7,9,14,10],"rotation":270,"texture":"#1"}}},{"from":[5,1,13],"to":[6,8,14],"rotation":{"angle":0,"axis":"z","origin":[12.5,4,8]},"faces":{"north":{"uv":[7,9,14,10],"rotation":270,"texture":"#1"},"east":{"uv":[7,9,14,10],"rotation":270,"texture":"#1"},"south":{"uv":[8,6,15,7],"rotation":270,"texture":"#1"},"west":{"uv":[7,9,14,10],"rotation":270,"texture":"#1"},"up":{"uv":[7,9,14,10],"rotation":270,"texture":"#1"},"down":{"uv":[7,9,14,10],"rotation":270,"texture":"#1"}}},{"from":[6,1,13],"to":[12,4,14],"rotation":{"angle":0,"axis":"z","origin":[12.5,4,8]},"faces":{"north":{"uv":[1,5,4,11],"rotation":270,"texture":"#1"},"east":{"uv":[0,0,3,1],"rotation":270,"texture":"#missing"},"south":{"uv":[1,5,4,11],"rotation":270,"texture":"#1"},"west":{"uv":[0,0,3,1],"rotation":270,"texture":"#missing"},"up":{"uv":[1,4,2,10],"rotation":270,"texture":"#1"},"down":{"uv":[0,0,1,6],"rotation":270,"texture":"#missing"}}},{"from":[6,1,2],"to":[12,4,3],"rotation":{"angle":0,"axis":"z","origin":[12.5,4,8]},"faces":{"north":{"uv":[1,5,4,11],"rotation":270,"texture":"#1"},"east":{"uv":[0,0,3,1],"rotation":270,"texture":"#missing"},"south":{"uv":[1,5,4,11],"rotation":270,"texture":"#1"},"west":{"uv":[0,0,3,1],"rotation":270,"texture":"#missing"},"up":{"uv":[1,4,2,10],"rotation":270,"texture":"#1"},"down":{"uv":[0,0,1,6],"rotation":270,"texture":"#missing"}}},{"from":[5,8,2],"to":[6,9,14],"rotation":{"angle":0,"axis":"z","origin":[12.5,4,8]},"faces":{"north":{"uv":[0,0,1,1],"rotation":90,"texture":"#1"},"east":{"uv":[6,2,7,14],"rotation":270,"texture":"#1"},"south":{"uv":[0,0,1,1],"rotation":90,"texture":"#1"},"west":{"uv":[6,2,7,14],"rotation":270,"texture":"#1"},"up":{"uv":[12,4,13,16],"rotation":180,"texture":"#1"},"down":{"uv":[12,4,13,16],"rotation":180,"texture":"#1"}}},{"from":[6.25,1,3.5],"to":[7.25,8,12.5],"faces":{"north":{"uv":[9,9,12,16],"texture":"#0"},"east":{"uv":[0,0,7,9],"rotation":90,"texture":"#0"},"south":{"uv":[9,9,12,16],"texture":"#0"},"west":{"uv":[0,0,7,9],"rotation":90,"texture":"#0"},"up":{"uv":[9,9,12,16],"texture":"#0"},"down":{"uv":[0,0,1,9],"texture":"#missing"}}},{"from":[10,1.25,3],"to":[11,8.25,12],"faces":{"north":{"uv":[9,9,12,16],"texture":"#0"},"east":{"uv":[0,0,7,9],"rotation":90,"texture":"#0"},"south":{"uv":[9,9,12,16],"texture":"#0"},"west":{"uv":[0,0,7,9],"rotation":90,"texture":"#0"},"up":{"uv":[9,9,12,16],"texture":"#0"},"down":{"uv":[0,0,1,9],"texture":"#missing"}}},{"from":[11,1,4],"to":[12,8,13],"faces":{"north":{"uv":[9,9,12,16],"texture":"#0"},"east":{"uv":[0,9,9,16],"texture":"#0"},"south":{"uv":[9,9,12,16],"texture":"#0"},"west":{"uv":[0,9,9,16],"texture":"#0"},"up":{"uv":[9,9,12,16],"texture":"#0"},"down":{"uv":[0,0,1,9],"texture":"#missing"}}},{"from":[7.5,1,5.75],"to":[8.5,10,12.75],"rotation":{"angle":0,"axis":"x","origin":[6.75,4.5,8]},"faces":{"north":{"uv":[0,9,9,10],"rotation":90,"texture":"#0"},"east":{"uv":[0,9,9,16],"rotation":90,"texture":"#0"},"south":{"uv":[9,9,12,16],"texture":"#0"},"west":{"uv":[0,9,9,16],"rotation":90,"texture":"#0"},"up":{"uv":[9,9,12,16],"texture":"#0"},"down":{"uv":[0,0,1,7],"texture":"#missing"}}},{"from":[8.75,1,3],"to":[9.75,10,10],"rotation":{"angle":0,"axis":"x","origin":[6.75,4.5,8]},"faces":{"north":{"uv":[9,9,12,16],"texture":"#0"},"east":{"uv":[7,0,14,9],"texture":"#0"},"south":{"uv":[7,0,8,9],"texture":"#0"},"west":{"uv":[7,0,14,9],"texture":"#0"},"up":{"uv":[9,9,12,16],"texture":"#0"},"down":{"uv":[0,0,1,7],"texture":"#missing"}}}],"display":{"thirdperson_righthand":{"translation":[0,0,-2.75],"scale":[0.5,0.5,0.5]},"thirdperson_lefthand":{"translation":[0,0,-2.75],"scale":[0.5,0.5,0.5]},"ground":{"scale":[0.5,0.5,0.5]},"fixed":{"rotation":[-90,0,0],"translation":[0,0,-15],"scale":[2,2,2]}},"groups":[{"name":"revistero","origin":[8,8,8],"children":[0,1,2,3,4,5,6,7,8,9,10,11,12,13,14,15,16,17,18]},{"name":"magazines","origin":[8,8,8],"children":[19,20,21,22,23]}]}