{"credit":"Made with Blockbench","textures":{"0":"block/maniqui_darkoak","particle":"block/maniqui_darkoak"},"elements":[{"from":[5.5,1,5.5],"to":[10.5,2,6.5],"rotation":{"angle":0,"axis":"y","origin":[4.5,1,0.5]},"faces":{"north":{"uv":[9,0,10,1],"texture":"#0"},"east":{"uv":[9,0,10,1],"texture":"#0"},"south":{"uv":[9,0,10,1],"texture":"#0"},"west":{"uv":[9,0,10,1],"texture":"#0"},"up":{"uv":[10,0,11,1],"texture":"#0"},"down":{"uv":[9,0,10,1],"texture":"#0"}}},{"from":[5.5,1,9.5],"to":[10.5,2,10.5],"rotation":{"angle":0,"axis":"y","origin":[4.5,1,0.5]},"faces":{"north":{"uv":[9,0,10,1],"texture":"#0"},"east":{"uv":[9,0,10,1],"texture":"#0"},"south":{"uv":[9,0,10,1],"texture":"#0"},"west":{"uv":[9,0,10,1],"texture":"#0"},"up":{"uv":[10,0,11,1],"texture":"#0"},"down":{"uv":[9,0,10,1],"texture":"#0"}}},{"from":[5.5,0,10.5],"to":[10.5,1,11.5],"rotation":{"angle":0,"axis":"y","origin":[4.5,1,0.5]},"faces":{"north":{"uv":[9,0,10,1],"texture":"#0"},"east":{"uv":[9,0,10,1],"texture":"#0"},"south":{"uv":[9,0,10,1],"texture":"#0"},"west":{"uv":[9,0,10,1],"texture":"#0"},"up":{"uv":[10,0,11,1],"texture":"#0"},"down":{"uv":[9,0,10,1],"texture":"#0"}}},{"from":[5.5,0,4.5],"to":[10.5,1,5.5],"rotation":{"angle":0,"axis":"y","origin":[4.5,1,0.5]},"faces":{"north":{"uv":[9,0,10,1],"texture":"#0"},"east":{"uv":[9,0,10,1],"texture":"#0"},"south":{"uv":[9,0,10,1],"texture":"#0"},"west":{"uv":[9,0,10,1],"texture":"#0"},"up":{"uv":[10,0,11,1],"texture":"#0"},"down":{"uv":[9,0,10,1],"texture":"#0"}}},{"from":[10.5,0,4.5],"to":[11.5,1,11.5],"rotation":{"angle":0,"axis":"y","origin":[8,0.5,5]},"faces":{"north":{"uv":[9,0,10,1],"rotation":90,"texture":"#0"},"east":{"uv":[9,0,10,1],"rotation":90,"texture":"#0"},"south":{"uv":[9,0,10,1],"rotation":90,"texture":"#0"},"west":{"uv":[9,0,10,1],"rotation":90,"texture":"#0"},"up":{"uv":[10,0,11,1],"rotation":90,"texture":"#0"},"down":{"uv":[9,0,10,1],"rotation":90,"texture":"#0"}}},{"from":[4.5,0,4.5],"to":[5.5,1,11.5],"rotation":{"angle":0,"axis":"y","origin":[8,0.5,5]},"faces":{"north":{"uv":[9,0,10,1],"rotation":90,"texture":"#0"},"east":{"uv":[9,0,10,1],"rotation":90,"texture":"#0"},"south":{"uv":[9,0,10,1],"rotation":90,"texture":"#0"},"west":{"uv":[9,0,10,1],"rotation":90,"texture":"#0"},"up":{"uv":[10,0,11,1],"rotation":90,"texture":"#0"},"down":{"uv":[9,0,10,1],"rotation":90,"texture":"#0"}}},{"from":[5.5,1,6.5],"to":[6.5,2,7.5],"rotation":{"angle":0,"axis":"y","origin":[7.5,0,7.5]},"faces":{"north":{"uv":[9,0,10,1],"texture":"#0"},"east":{"uv":[9,0,10,1],"texture":"#0"},"south":{"uv":[9,0,10,1],"texture":"#0"},"west":{"uv":[9,0,10,1],"texture":"#0"},"up":{"uv":[10,0,11,1],"texture":"#0"},"down":{"uv":[9,0,10,1],"texture":"#0"}}},{"from":[5.5,1,7.5],"to":[6.5,2,8.5],"rotation":{"angle":0,"axis":"y","origin":[7.5,0,7.5]},"faces":{"north":{"uv":[9,0,10,1],"texture":"#0"},"east":{"uv":[9,0,10,1],"texture":"#0"},"south":{"uv":[9,0,10,1],"texture":"#0"},"west":{"uv":[9,0,10,1],"texture":"#0"},"up":{"uv":[10,0,11,1],"texture":"#0"},"down":{"uv":[9,0,10,1],"texture":"#0"}}},{"from":[5.5,1,8.5],"to":[6.5,2,9.5],"rotation":{"angle":0,"axis":"y","origin":[7.5,0,7.5]},"faces":{"north":{"uv":[9,0,10,1],"texture":"#0"},"east":{"uv":[9,0,10,1],"texture":"#0"},"south":{"uv":[9,0,10,1],"texture":"#0"},"west":{"uv":[9,0,10,1],"texture":"#0"},"up":{"uv":[10,0,11,1],"texture":"#0"},"down":{"uv":[9,0,10,1],"texture":"#0"}}},{"from":[6.5,2,6.5],"to":[7.5,3,7.5],"rotation":{"angle":0,"axis":"y","origin":[7.5,0,7.5]},"faces":{"north":{"uv":[9,0,10,1],"texture":"#0"},"east":{"uv":[9,0,10,1],"texture":"#0"},"south":{"uv":[9,0,10,1],"texture":"#0"},"west":{"uv":[9,0,10,1],"texture":"#0"},"up":{"uv":[10,0,11,1],"texture":"#0"},"down":{"uv":[9,0,10,1],"texture":"#0"}}},{"from":[6.5,2,7.5],"to":[7.5,3,8.5],"rotation":{"angle":0,"axis":"y","origin":[7.5,0,7.5]},"faces":{"north":{"uv":[9,0,10,1],"texture":"#0"},"east":{"uv":[9,0,10,1],"texture":"#0"},"south":{"uv":[9,0,10,1],"texture":"#0"},"west":{"uv":[9,0,10,1],"texture":"#0"},"up":{"uv":[10,0,11,1],"texture":"#0"},"down":{"uv":[9,0,10,1],"texture":"#0"}}},{"from":[6.5,2,8.5],"to":[7.5,3,9.5],"rotation":{"angle":0,"axis":"y","origin":[7.5,0,7.5]},"faces":{"north":{"uv":[9,0,10,1],"texture":"#0"},"east":{"uv":[9,0,10,1],"texture":"#0"},"south":{"uv":[9,0,10,1],"texture":"#0"},"west":{"uv":[9,0,10,1],"texture":"#0"},"up":{"uv":[10,0,11,1],"texture":"#0"},"down":{"uv":[9,0,10,1],"texture":"#0"}}},{"from":[7.5,2,8.5],"to":[8.5,3,9.5],"rotation":{"angle":0,"axis":"y","origin":[7.5,0,7.5]},"faces":{"north":{"uv":[9,0,10,1],"texture":"#0"},"east":{"uv":[9,0,10,1],"texture":"#0"},"south":{"uv":[9,0,10,1],"texture":"#0"},"west":{"uv":[9,0,10,1],"texture":"#0"},"up":{"uv":[10,0,11,1],"texture":"#0"},"down":{"uv":[9,0,10,1],"texture":"#0"}}},{"from":[8.5,2,8.5],"to":[9.5,3,9.5],"rotation":{"angle":0,"axis":"y","origin":[7.5,0,7.5]},"faces":{"north":{"uv":[9,0,10,1],"texture":"#0"},"east":{"uv":[9,0,10,1],"texture":"#0"},"south":{"uv":[9,0,10,1],"texture":"#0"},"west":{"uv":[9,0,10,1],"texture":"#0"},"up":{"uv":[10,0,11,1],"texture":"#0"},"down":{"uv":[9,0,10,1],"texture":"#0"}}},{"from":[8.5,2,6.5],"to":[9.5,3,7.5],"rotation":{"angle":0,"axis":"y","origin":[7.5,0,7.5]},"faces":{"north":{"uv":[9,0,10,1],"texture":"#0"},"east":{"uv":[9,0,10,1],"texture":"#0"},"south":{"uv":[9,0,10,1],"texture":"#0"},"west":{"uv":[9,0,10,1],"texture":"#0"},"up":{"uv":[10,0,11,1],"texture":"#0"},"down":{"uv":[9,0,10,1],"texture":"#0"}}},{"from":[7.5,2,6.5],"to":[8.5,3,7.5],"rotation":{"angle":0,"axis":"y","origin":[7.5,0,7.5]},"faces":{"north":{"uv":[9,0,10,1],"texture":"#0"},"east":{"uv":[9,0,10,1],"texture":"#0"},"south":{"uv":[9,0,10,1],"texture":"#0"},"west":{"uv":[9,0,10,1],"texture":"#0"},"up":{"uv":[10,0,11,1],"texture":"#0"},"down":{"uv":[9,0,10,1],"texture":"#0"}}},{"from":[8.5,2,7.5],"to":[9.5,3,8.5],"rotation":{"angle":0,"axis":"y","origin":[7.5,0,7.5]},"faces":{"north":{"uv":[9,0,10,1],"texture":"#0"},"east":{"uv":[9,0,10,1],"texture":"#0"},"south":{"uv":[9,0,10,1],"texture":"#0"},"west":{"uv":[9,0,10,1],"texture":"#0"},"up":{"uv":[10,0,11,1],"texture":"#0"},"down":{"uv":[9,0,10,1],"texture":"#0"}}},{"from":[9.5,1,8.5],"to":[10.5,2,9.5],"rotation":{"angle":0,"axis":"y","origin":[7.5,0,7.5]},"faces":{"north":{"uv":[9,0,10,1],"texture":"#0"},"east":{"uv":[9,0,10,1],"texture":"#0"},"south":{"uv":[9,0,10,1],"texture":"#0"},"west":{"uv":[9,0,10,1],"texture":"#0"},"up":{"uv":[10,0,11,1],"texture":"#0"},"down":{"uv":[9,0,10,1],"texture":"#0"}}},{"from":[9.5,1,7.5],"to":[10.5,2,8.5],"rotation":{"angle":0,"axis":"y","origin":[7.5,0,7.5]},"faces":{"north":{"uv":[9,0,10,1],"texture":"#0"},"east":{"uv":[9,0,10,1],"texture":"#0"},"south":{"uv":[9,0,10,1],"texture":"#0"},"west":{"uv":[9,0,10,1],"texture":"#0"},"up":{"uv":[10,0,11,1],"texture":"#0"},"down":{"uv":[9,0,10,1],"texture":"#0"}}},{"from":[9.5,1,6.5],"to":[10.5,2,7.5],"rotation":{"angle":0,"axis":"y","origin":[7.5,0,7.5]},"faces":{"north":{"uv":[9,0,10,1],"texture":"#0"},"east":{"uv":[9,0,10,1],"texture":"#0"},"south":{"uv":[9,0,10,1],"texture":"#0"},"west":{"uv":[9,0,10,1],"texture":"#0"},"up":{"uv":[10,0,11,1],"texture":"#0"},"down":{"uv":[9,0,10,1],"texture":"#0"}}},{"from":[7.5,3,7.5],"to":[8.5,8,8.5],"rotation":{"angle":0,"axis":"y","origin":[7.5,0,7.5]},"faces":{"north":{"uv":[9,0,10,1],"texture":"#0"},"east":{"uv":[9,0,10,1],"texture":"#0"},"south":{"uv":[9,0,10,1],"texture":"#0"},"west":{"uv":[9,0,10,1],"texture":"#0"},"up":{"uv":[10,0,11,1],"texture":"#0"},"down":{"uv":[9,0,10,1],"texture":"#0"}}},{"from":[7.5,5,8.5],"to":[8.5,6,9.5],"rotation":{"angle":0,"axis":"y","origin":[7.5,0,7.5]},"faces":{"north":{"uv":[9,0,10,1],"texture":"#0"},"east":{"uv":[9,0,10,1],"texture":"#0"},"south":{"uv":[9,0,10,1],"texture":"#0"},"west":{"uv":[9,0,10,1],"texture":"#0"},"up":{"uv":[10,0,11,1],"texture":"#0"},"down":{"uv":[9,0,10,1],"texture":"#0"}}},{"from":[7.5,1,8.5],"to":[8.5,2,9.5],"rotation":{"angle":0,"axis":"y","origin":[7.5,0,7.5]},"faces":{"north":{"uv":[9,0,10,1],"texture":"#0"},"east":{"uv":[9,0,10,1],"texture":"#0"},"south":{"uv":[9,0,10,1],"texture":"#0"},"west":{"uv":[9,0,10,1],"texture":"#0"},"up":{"uv":[10,0,11,1],"texture":"#0"},"down":{"uv":[9,0,10,1],"texture":"#0"}}},{"from":[8.5,5,8.5],"to":[9.5,6,9.5],"rotation":{"angle":0,"axis":"y","origin":[7.5,0,7.5]},"faces":{"north":{"uv":[9,0,10,1],"texture":"#0"},"east":{"uv":[9,0,10,1],"texture":"#0"},"south":{"uv":[9,0,10,1],"texture":"#0"},"west":{"uv":[9,0,10,1],"texture":"#0"},"up":{"uv":[10,0,11,1],"texture":"#0"},"down":{"uv":[9,0,10,1],"texture":"#0"}}},{"from":[8.5,1,8.5],"to":[9.5,2,9.5],"rotation":{"angle":0,"axis":"y","origin":[7.5,0,7.5]},"faces":{"north":{"uv":[9,0,10,1],"texture":"#0"},"east":{"uv":[9,0,10,1],"texture":"#0"},"south":{"uv":[9,0,10,1],"texture":"#0"},"west":{"uv":[9,0,10,1],"texture":"#0"},"up":{"uv":[10,0,11,1],"texture":"#0"},"down":{"uv":[9,0,10,1],"texture":"#0"}}},{"from":[6.5,5,8.5],"to":[7.5,6,9.5],"rotation":{"angle":0,"axis":"y","origin":[7.5,0,7.5]},"faces":{"north":{"uv":[9,0,10,1],"texture":"#0"},"east":{"uv":[9,0,10,1],"texture":"#0"},"south":{"uv":[9,0,10,1],"texture":"#0"},"west":{"uv":[9,0,10,1],"texture":"#0"},"up":{"uv":[10,0,11,1],"texture":"#0"},"down":{"uv":[9,0,10,1],"texture":"#0"}}},{"from":[6.5,1,8.5],"to":[7.5,2,9.5],"rotation":{"angle":0,"axis":"y","origin":[7.5,0,7.5]},"faces":{"north":{"uv":[9,0,10,1],"texture":"#0"},"east":{"uv":[9,0,10,1],"texture":"#0"},"south":{"uv":[9,0,10,1],"texture":"#0"},"west":{"uv":[9,0,10,1],"texture":"#0"},"up":{"uv":[10,0,11,1],"texture":"#0"},"down":{"uv":[9,0,10,1],"texture":"#0"}}},{"from":[8.5,5,7.5],"to":[9.5,6,8.5],"rotation":{"angle":0,"axis":"y","origin":[7.5,0,7.5]},"faces":{"north":{"uv":[9,0,10,1],"texture":"#0"},"east":{"uv":[9,0,10,1],"texture":"#0"},"south":{"uv":[9,0,10,1],"texture":"#0"},"west":{"uv":[9,0,10,1],"texture":"#0"},"up":{"uv":[10,0,11,1],"texture":"#0"},"down":{"uv":[9,0,10,1],"texture":"#0"}}},{"from":[8.5,1,7.5],"to":[9.5,2,8.5],"rotation":{"angle":0,"axis":"y","origin":[7.5,0,7.5]},"faces":{"north":{"uv":[9,0,10,1],"texture":"#0"},"east":{"uv":[9,0,10,1],"texture":"#0"},"south":{"uv":[9,0,10,1],"texture":"#0"},"west":{"uv":[9,0,10,1],"texture":"#0"},"up":{"uv":[10,0,11,1],"texture":"#0"},"down":{"uv":[9,0,10,1],"texture":"#0"}}},{"from":[8.5,5,6.5],"to":[9.5,6,7.5],"rotation":{"angle":0,"axis":"y","origin":[7.5,0,7.5]},"faces":{"north":{"uv":[9,0,10,1],"texture":"#0"},"east":{"uv":[9,0,10,1],"texture":"#0"},"south":{"uv":[9,0,10,1],"texture":"#0"},"west":{"uv":[9,0,10,1],"texture":"#0"},"up":{"uv":[10,0,11,1],"texture":"#0"},"down":{"uv":[9,0,10,1],"texture":"#0"}}},{"from":[8.5,1,6.5],"to":[9.5,2,7.5],"rotation":{"angle":0,"axis":"y","origin":[7.5,0,7.5]},"faces":{"north":{"uv":[9,0,10,1],"texture":"#0"},"east":{"uv":[9,0,10,1],"texture":"#0"},"south":{"uv":[9,0,10,1],"texture":"#0"},"west":{"uv":[9,0,10,1],"texture":"#0"},"up":{"uv":[10,0,11,1],"texture":"#0"},"down":{"uv":[9,0,10,1],"texture":"#0"}}},{"from":[7.5,5,6.5],"to":[8.5,6,7.5],"rotation":{"angle":0,"axis":"y","origin":[7.5,0,7.5]},"faces":{"north":{"uv":[9,0,10,1],"texture":"#0"},"east":{"uv":[9,0,10,1],"texture":"#0"},"south":{"uv":[9,0,10,1],"texture":"#0"},"west":{"uv":[9,0,10,1],"texture":"#0"},"up":{"uv":[10,0,11,1],"texture":"#0"},"down":{"uv":[9,0,10,1],"texture":"#0"}}},{"from":[7.5,1,6.5],"to":[8.5,2,7.5],"rotation":{"angle":0,"axis":"y","origin":[7.5,0,7.5]},"faces":{"north":{"uv":[9,0,10,1],"texture":"#0"},"east":{"uv":[9,0,10,1],"texture":"#0"},"south":{"uv":[9,0,10,1],"texture":"#0"},"west":{"uv":[9,0,10,1],"texture":"#0"},"up":{"uv":[10,0,11,1],"texture":"#0"},"down":{"uv":[9,0,10,1],"texture":"#0"}}},{"from":[6.5,5,6.5],"to":[7.5,6,7.5],"rotation":{"angle":0,"axis":"y","origin":[7.5,0,7.5]},"faces":{"north":{"uv":[9,0,10,1],"texture":"#0"},"east":{"uv":[9,0,10,1],"texture":"#0"},"south":{"uv":[9,0,10,1],"texture":"#0"},"west":{"uv":[9,0,10,1],"texture":"#0"},"up":{"uv":[10,0,11,1],"texture":"#0"},"down":{"uv":[9,0,10,1],"texture":"#0"}}},{"from":[6.5,1,6.5],"to":[7.5,2,7.5],"rotation":{"angle":0,"axis":"y","origin":[7.5,0,7.5]},"faces":{"north":{"uv":[9,0,10,1],"texture":"#0"},"east":{"uv":[9,0,10,1],"texture":"#0"},"south":{"uv":[9,0,10,1],"texture":"#0"},"west":{"uv":[9,0,10,1],"texture":"#0"},"up":{"uv":[10,0,11,1],"texture":"#0"},"down":{"uv":[9,0,10,1],"texture":"#0"}}},{"from":[6.5,5,7.5],"to":[7.5,6,8.5],"rotation":{"angle":0,"axis":"y","origin":[7.5,0,7.5]},"faces":{"north":{"uv":[9,0,10,1],"texture":"#0"},"east":{"uv":[9,0,10,1],"texture":"#0"},"south":{"uv":[9,0,10,1],"texture":"#0"},"west":{"uv":[9,0,10,1],"texture":"#0"},"up":{"uv":[10,0,11,1],"texture":"#0"},"down":{"uv":[9,0,10,1],"texture":"#0"}}},{"from":[6.5,1,7.5],"to":[7.5,2,8.5],"rotation":{"angle":0,"axis":"y","origin":[7.5,0,7.5]},"faces":{"north":{"uv":[9,0,10,1],"texture":"#0"},"east":{"uv":[9,0,10,1],"texture":"#0"},"south":{"uv":[9,0,10,1],"texture":"#0"},"west":{"uv":[9,0,10,1],"texture":"#0"},"up":{"uv":[10,0,11,1],"texture":"#0"},"down":{"uv":[9,0,10,1],"texture":"#0"}}},{"from":[4.5,8,6],"to":[11.5,12,10],"rotation":{"angle":0,"axis":"y","origin":[4.5,-1.75,6]},"faces":{"north":{"uv":[0,12,7,16],"texture":"#0"},"east":{"uv":[8,12,12,16],"texture":"#0"},"south":{"uv":[0,12,7,16],"texture":"#0"},"west":{"uv":[8,12,12,16],"texture":"#0"},"up":{"uv":[0,12,7,16],"texture":"#0"},"down":{"uv":[9,1,13,8],"rotation":90,"texture":"#0"}}},{"from":[4.5,18,6],"to":[11.5,21,10],"rotation":{"angle":0,"axis":"y","origin":[4.5,-1.75,6]},"faces":{"north":{"uv":[0,3,7,6],"texture":"#0"},"east":{"uv":[8,12,12,15],"texture":"#0"},"south":{"uv":[0,3,7,6],"texture":"#0"},"west":{"uv":[8,12,12,15],"texture":"#0"},"up":{"uv":[0,12,7,16],"texture":"#0"},"down":{"uv":[9,1,13,8],"texture":"#0"}}},{"from":[5.5,12,6.25],"to":[10.5,14,9.75],"rotation":{"angle":0,"axis":"y","origin":[4.5,-1.75,6.25]},"faces":{"north":{"uv":[1,10,6,12],"texture":"#0"},"east":{"uv":[12,10,15,12],"texture":"#0"},"south":{"uv":[1,10,6,12],"texture":"#0"},"west":{"uv":[12,10,15,12],"texture":"#0"},"up":{"uv":[1,10,6,12],"texture":"#0"},"down":{"uv":[1,10,6,12],"texture":"#0"}}},{"from":[5.5,16,6.25],"to":[10.5,18,9.75],"rotation":{"angle":0,"axis":"y","origin":[4.5,-1.75,6.25]},"faces":{"north":{"uv":[1,6,6,8],"texture":"#0"},"east":{"uv":[9,10,12,12],"texture":"#0"},"south":{"uv":[1,6,6,8],"texture":"#0"},"west":{"uv":[9,10,12,12],"texture":"#0"},"up":{"uv":[1,6,6,8],"texture":"#0"},"down":{"uv":[9,1,13,6],"texture":"#0"}}},{"from":[6.5,14,6.5],"to":[9.5,16,9.5],"rotation":{"angle":0,"axis":"y","origin":[4.5,-1.75,6.5]},"faces":{"north":{"uv":[2,8,5,10],"texture":"#0"},"east":{"uv":[9,6,12,8],"texture":"#0"},"south":{"uv":[2,8,5,10],"texture":"#0"},"west":{"uv":[9,6,12,8],"texture":"#0"},"up":{"uv":[2,8,5,10],"texture":"#0"},"down":{"uv":[2,8,5,10],"texture":"#0"}}},{"from":[6.5,21,6.5],"to":[9.5,22,9.5],"rotation":{"angle":0,"axis":"y","origin":[4.5,-1.75,6.5]},"faces":{"north":{"uv":[2,2,5,3],"texture":"#0"},"east":{"uv":[2,2,5,3],"texture":"#0"},"south":{"uv":[2,2,5,3],"texture":"#0"},"west":{"uv":[2,2,5,3],"texture":"#0"},"up":{"uv":[2,2,5,3],"texture":"#0"},"down":{"uv":[2,2,5,3],"texture":"#0"}}},{"from":[6.5,23,6.5],"to":[9.5,24,9.5],"rotation":{"angle":0,"axis":"y","origin":[4.5,-1.75,6.5]},"faces":{"north":{"uv":[2,0,5,1],"texture":"#0"},"east":{"uv":[2,0,5,1],"texture":"#0"},"south":{"uv":[2,0,5,1],"texture":"#0"},"west":{"uv":[2,0,5,1],"texture":"#0"},"up":{"uv":[11,0,12,1],"texture":"#0"},"down":{"uv":[9,0,10,1],"texture":"#0"}}},{"from":[7.5,22,7.5],"to":[8.5,23,8.5],"rotation":{"angle":0,"axis":"y","origin":[4.5,-1.75,7.5]},"faces":{"north":{"uv":[9,0,10,1],"texture":"#0"},"east":{"uv":[9,0,10,1],"texture":"#0"},"south":{"uv":[9,0,10,1],"texture":"#0"},"west":{"uv":[9,0,10,1],"texture":"#0"},"up":{"uv":[9,0,10,1],"texture":"#0"},"down":{"uv":[9,0,10,1],"texture":"#0"}}},{"from":[7.5,24,7.5],"to":[8.5,25,8.5],"rotation":{"angle":0,"axis":"y","origin":[4.5,-1.75,7.5]},"faces":{"north":{"uv":[11,0,12,1],"texture":"#0"},"east":{"uv":[11,0,12,1],"texture":"#0"},"south":{"uv":[11,0,12,1],"texture":"#0"},"west":{"uv":[11,0,12,1],"texture":"#0"},"up":{"uv":[11,0,12,1],"texture":"#0"},"down":{"uv":[11,0,12,1],"texture":"#0"}}}],"display":{"thirdperson_righthand":{"scale":[0.5,0.5,0.5]},"thirdperson_lefthand":{"scale":[0.5,0.5,0.5]},"firstperson_righthand":{"scale":[0.5,0.5,0.5]},"firstperson_lefthand":{"scale":[0.5,0.5,0.5]},"ground":{"scale":[0.5,0.5,0.5]},"fixed":{"rotation":[-90,0,0],"translation":[0,0,-19],"scale":[2.5,2.5,2.5]}},"groups":[{"name":"maniquí","origin":[8,8,8],"children":[{"name":"feet","origin":[8,8,8],"children":[0,1,2,3,4,5,6,7,8,9,10,11,12,13,14,15,16,17,18,19]},{"name":"palo","origin":[8,8,8],"children":[20,21,22,23,24,25,26,27,28,29,30,31,32,33,34,35,36]},{"name":"body","origin":[4.5,-1.75,6.25],"children":[37,38,39,40,41,42,43,44,45]}]}]}