{"credit":"Made with Blockbench","textures":{"0":"block/maniqui_darkoak","particle":"block/maniqui_darkoak"},"elements":[{"from":[6.5,1,6.5],"to":[7.5,3,7.5],"rotation":{"angle":0,"axis":"y","origin":[1.5,1,6.5]},"faces":{"north":{"uv":[10,0,11,1],"texture":"#0"},"east":{"uv":[10,0,11,1],"texture":"#0"},"south":{"uv":[10,0,11,1],"texture":"#0"},"west":{"uv":[10,0,11,1],"texture":"#0"},"up":{"uv":[11,0,12,1],"texture":"#0"},"down":{"uv":[9,0,10,1],"texture":"#0"}}},{"from":[8.5,1,6.5],"to":[9.5,3,7.5],"rotation":{"angle":0,"axis":"y","origin":[1.5,1,6.5]},"faces":{"north":{"uv":[10,0,11,1],"texture":"#0"},"east":{"uv":[10,0,11,1],"texture":"#0"},"south":{"uv":[10,0,11,1],"texture":"#0"},"west":{"uv":[10,0,11,1],"texture":"#0"},"up":{"uv":[11,0,12,1],"texture":"#0"},"down":{"uv":[9,0,10,1],"texture":"#0"}}},{"from":[6.5,1,8.5],"to":[7.5,3,9.5],"rotation":{"angle":0,"axis":"y","origin":[-2.5,1,8.5]},"faces":{"north":{"uv":[10,0,11,1],"texture":"#0"},"east":{"uv":[10,0,11,1],"texture":"#0"},"south":{"uv":[10,0,11,1],"texture":"#0"},"west":{"uv":[10,0,11,1],"texture":"#0"},"up":{"uv":[11,0,12,1],"texture":"#0"},"down":{"uv":[9,0,10,1],"texture":"#0"}}},{"from":[8.5,1,8.5],"to":[9.5,3,9.5],"rotation":{"angle":0,"axis":"y","origin":[-2.5,1,8.5]},"faces":{"north":{"uv":[10,0,11,1],"texture":"#0"},"east":{"uv":[10,0,11,1],"texture":"#0"},"south":{"uv":[10,0,11,1],"texture":"#0"},"west":{"uv":[10,0,11,1],"texture":"#0"},"up":{"uv":[11,0,12,1],"texture":"#0"},"down":{"uv":[9,0,10,1],"texture":"#0"}}},{"from":[9.5,0,9.5],"to":[10.1,1,10.1],"rotation":{"angle":0,"axis":"y","origin":[10.63003,1.375,10.62249]},"faces":{"north":{"uv":[10,0,11,1],"texture":"#0"},"east":{"uv":[10,0,11,1],"texture":"#0"},"south":{"uv":[10,0,11,1],"texture":"#0"},"west":{"uv":[10,0,11,1],"texture":"#0"},"up":{"uv":[9,0,10,1],"texture":"#0"},"down":{"uv":[9,0,10,1],"texture":"#0"}}},{"from":[5.9,0,9.5],"to":[6.5,1,10.1],"rotation":{"angle":0,"axis":"y","origin":[5.75767,1.375,10.24155]},"faces":{"north":{"uv":[10,0,11,1],"texture":"#0"},"east":{"uv":[10,0,11,1],"texture":"#0"},"south":{"uv":[10,0,11,1],"texture":"#0"},"west":{"uv":[10,0,11,1],"texture":"#0"},"up":{"uv":[9,0,10,1],"texture":"#0"},"down":{"uv":[9,0,10,1],"texture":"#0"}}},{"from":[5.9,0,5.9],"to":[6.5,1,6.5],"rotation":{"angle":0,"axis":"y","origin":[5.75845,1.375,5.75767]},"faces":{"north":{"uv":[10,0,11,1],"texture":"#0"},"east":{"uv":[10,0,11,1],"texture":"#0"},"south":{"uv":[10,0,11,1],"texture":"#0"},"west":{"uv":[10,0,11,1],"texture":"#0"},"up":{"uv":[9,0,10,1],"texture":"#0"},"down":{"uv":[9,0,10,1],"texture":"#0"}}},{"from":[9.5,0,5.9],"to":[10.1,1,6.5],"rotation":{"angle":0,"axis":"y","origin":[10.24233,1.375,5.75845]},"faces":{"north":{"uv":[10,0,11,1],"texture":"#0"},"east":{"uv":[10,0,11,1],"texture":"#0"},"south":{"uv":[10,0,11,1],"texture":"#0"},"west":{"uv":[10,0,11,1],"texture":"#0"},"up":{"uv":[9,0,10,1],"texture":"#0"},"down":{"uv":[9,0,10,1],"texture":"#0"}}},{"from":[9.34853,0,9.91066],"to":[10.34853,1,10.76066],"rotation":{"angle":-45,"axis":"y","origin":[10.21997,1.375,10.61244]},"faces":{"north":{"uv":[10,0,11,1],"texture":"#0"},"east":{"uv":[10,0,11,1],"texture":"#0"},"south":{"uv":[10,0,11,1],"texture":"#0"},"west":{"uv":[10,0,11,1],"texture":"#0"},"up":{"uv":[9,0,10,1],"texture":"#0"},"down":{"uv":[9,0,10,1],"texture":"#0"}}},{"from":[5.33248,0,9.61655],"to":[6.18248,1,10.61655],"rotation":{"angle":-45,"axis":"y","origin":[5.75767,1.375,10.24155]},"faces":{"north":{"uv":[10,0,11,1],"texture":"#0"},"east":{"uv":[10,0,11,1],"texture":"#0"},"south":{"uv":[10,0,11,1],"texture":"#0"},"west":{"uv":[10,0,11,1],"texture":"#0"},"up":{"uv":[9,0,10,1],"texture":"#0"},"down":{"uv":[9,0,10,1],"texture":"#0"}}},{"from":[5.38345,0,5.33248],"to":[6.38345,1,6.18248],"rotation":{"angle":-45,"axis":"y","origin":[5.75845,1.375,5.75767]},"faces":{"north":{"uv":[10,0,11,1],"texture":"#0"},"east":{"uv":[10,0,11,1],"texture":"#0"},"south":{"uv":[10,0,11,1],"texture":"#0"},"west":{"uv":[10,0,11,1],"texture":"#0"},"up":{"uv":[9,0,10,1],"texture":"#0"},"down":{"uv":[9,0,10,1],"texture":"#0"}}},{"from":[9.81752,0,5.38345],"to":[10.66752,1,6.38345],"rotation":{"angle":-45,"axis":"y","origin":[10.24233,1.375,5.75845]},"faces":{"north":{"uv":[10,0,11,1],"texture":"#0"},"east":{"uv":[10,0,11,1],"texture":"#0"},"south":{"uv":[10,0,11,1],"texture":"#0"},"west":{"uv":[10,0,11,1],"texture":"#0"},"up":{"uv":[9,0,10,1],"texture":"#0"},"down":{"uv":[9,0,10,1],"texture":"#0"}}},{"from":[10.46569,1,9.62782],"to":[11.46569,3,10.47782],"rotation":{"angle":-45,"axis":"y","origin":[9.93713,1.375,10.32959]},"faces":{"north":{"uv":[10,0,11,1],"texture":"#0"},"east":{"uv":[10,0,11,1],"texture":"#0"},"south":{"uv":[10,0,11,1],"texture":"#0"},"west":{"uv":[9,0,10,1],"texture":"#0"},"up":{"uv":[11,0,12,1],"texture":"#0"},"down":{"uv":[9,0,10,1],"texture":"#0"}}},{"from":[5.33248,1,10.61655],"to":[6.18248,3,11.61655],"rotation":{"angle":-45,"axis":"y","origin":[5.75767,1.375,10.24155]},"faces":{"north":{"uv":[9,0,10,1],"texture":"#0"},"east":{"uv":[10,0,11,1],"texture":"#0"},"south":{"uv":[10,0,11,1],"texture":"#0"},"west":{"uv":[10,0,11,1],"texture":"#0"},"up":{"uv":[11,0,12,1],"texture":"#0"},"down":{"uv":[9,0,10,1],"texture":"#0"}}},{"from":[4.38345,1,5.33248],"to":[5.38345,3,6.18248],"rotation":{"angle":-45,"axis":"y","origin":[5.75845,1.375,5.75767]},"faces":{"north":{"uv":[10,0,11,1],"texture":"#0"},"east":{"uv":[9,0,10,1],"texture":"#0"},"south":{"uv":[10,0,11,1],"texture":"#0"},"west":{"uv":[10,0,11,1],"texture":"#0"},"up":{"uv":[11,0,12,1],"texture":"#0"},"down":{"uv":[9,0,10,1],"texture":"#0"}}},{"from":[9.81752,1,4.38345],"to":[10.66752,3,5.38345],"rotation":{"angle":-45,"axis":"y","origin":[10.24233,1.375,5.75845]},"faces":{"north":{"uv":[10,0,11,1],"texture":"#0"},"east":{"uv":[10,0,11,1],"texture":"#0"},"south":{"uv":[9,0,10,1],"texture":"#0"},"west":{"uv":[10,0,11,1],"texture":"#0"},"up":{"uv":[11,0,12,1],"texture":"#0"},"down":{"uv":[9,0,10,1],"texture":"#0"}}},{"from":[9.46569,2,9.62782],"to":[10.46569,3,10.47782],"rotation":{"angle":-45,"axis":"y","origin":[9.93713,1.375,10.32959]},"faces":{"north":{"uv":[10,0,11,1],"texture":"#0"},"east":{"uv":[10,0,11,1],"texture":"#0"},"south":{"uv":[10,0,11,1],"texture":"#0"},"west":{"uv":[10,0,11,1],"texture":"#0"},"up":{"uv":[11,0,12,1],"texture":"#0"},"down":{"uv":[9,0,10,1],"texture":"#0"}}},{"from":[5.33248,2,9.61655],"to":[6.18248,3,10.61655],"rotation":{"angle":-45,"axis":"y","origin":[5.75767,1.375,10.24155]},"faces":{"north":{"uv":[10,0,11,1],"texture":"#0"},"east":{"uv":[10,0,11,1],"texture":"#0"},"south":{"uv":[10,0,11,1],"texture":"#0"},"west":{"uv":[10,0,11,1],"texture":"#0"},"up":{"uv":[11,0,12,1],"texture":"#0"},"down":{"uv":[9,0,10,1],"texture":"#0"}}},{"from":[5.38345,2,5.33248],"to":[6.38345,3,6.18248],"rotation":{"angle":-45,"axis":"y","origin":[5.75845,1.375,5.75767]},"faces":{"north":{"uv":[10,0,11,1],"texture":"#0"},"east":{"uv":[10,0,11,1],"texture":"#0"},"south":{"uv":[10,0,11,1],"texture":"#0"},"west":{"uv":[10,0,11,1],"texture":"#0"},"up":{"uv":[11,0,12,1],"texture":"#0"},"down":{"uv":[9,0,10,1],"texture":"#0"}}},{"from":[9.81752,2,5.38345],"to":[10.66752,3,6.38345],"rotation":{"angle":-45,"axis":"y","origin":[10.24233,1.375,5.75845]},"faces":{"north":{"uv":[10,0,11,1],"texture":"#0"},"east":{"uv":[10,0,11,1],"texture":"#0"},"south":{"uv":[10,0,11,1],"texture":"#0"},"west":{"uv":[10,0,11,1],"texture":"#0"},"up":{"uv":[11,0,12,1],"texture":"#0"},"down":{"uv":[9,0,10,1],"texture":"#0"}}},{"from":[7.5,3,7.5],"to":[8.5,8,8.5],"rotation":{"angle":0,"axis":"y","origin":[7.5,0,7.5]},"faces":{"north":{"uv":[9,0,10,1],"texture":"#0"},"east":{"uv":[9,0,10,1],"texture":"#0"},"south":{"uv":[9,0,10,1],"texture":"#0"},"west":{"uv":[9,0,10,1],"texture":"#0"},"up":{"uv":[10,0,11,1],"texture":"#0"},"down":{"uv":[9,0,10,1],"texture":"#0"}}},{"from":[7.5,4,8.5],"to":[8.5,5,9.5],"rotation":{"angle":0,"axis":"y","origin":[7.5,0,7.5]},"faces":{"north":{"uv":[9,0,10,1],"texture":"#0"},"east":{"uv":[9,0,10,1],"texture":"#0"},"south":{"uv":[9,0,10,1],"texture":"#0"},"west":{"uv":[9,0,10,1],"texture":"#0"},"up":{"uv":[10,0,11,1],"texture":"#0"},"down":{"uv":[9,0,10,1],"texture":"#0"}}},{"from":[8.5,4,8.5],"to":[9.5,5,9.5],"rotation":{"angle":0,"axis":"y","origin":[7.5,0,7.5]},"faces":{"north":{"uv":[9,0,10,1],"texture":"#0"},"east":{"uv":[9,0,10,1],"texture":"#0"},"south":{"uv":[9,0,10,1],"texture":"#0"},"west":{"uv":[9,0,10,1],"texture":"#0"},"up":{"uv":[10,0,11,1],"texture":"#0"},"down":{"uv":[9,0,10,1],"texture":"#0"}}},{"from":[6.5,4,8.5],"to":[7.5,5,9.5],"rotation":{"angle":0,"axis":"y","origin":[7.5,0,7.5]},"faces":{"north":{"uv":[9,0,10,1],"texture":"#0"},"east":{"uv":[9,0,10,1],"texture":"#0"},"south":{"uv":[9,0,10,1],"texture":"#0"},"west":{"uv":[9,0,10,1],"texture":"#0"},"up":{"uv":[10,0,11,1],"texture":"#0"},"down":{"uv":[9,0,10,1],"texture":"#0"}}},{"from":[8.5,4,7.5],"to":[9.5,5,8.5],"rotation":{"angle":0,"axis":"y","origin":[7.5,0,7.5]},"faces":{"north":{"uv":[9,0,10,1],"texture":"#0"},"east":{"uv":[9,0,10,1],"texture":"#0"},"south":{"uv":[9,0,10,1],"texture":"#0"},"west":{"uv":[9,0,10,1],"texture":"#0"},"up":{"uv":[10,0,11,1],"texture":"#0"},"down":{"uv":[9,0,10,1],"texture":"#0"}}},{"from":[8.5,4,6.5],"to":[9.5,5,7.5],"rotation":{"angle":0,"axis":"y","origin":[7.5,0,7.5]},"faces":{"north":{"uv":[9,0,10,1],"texture":"#0"},"east":{"uv":[9,0,10,1],"texture":"#0"},"south":{"uv":[9,0,10,1],"texture":"#0"},"west":{"uv":[9,0,10,1],"texture":"#0"},"up":{"uv":[10,0,11,1],"texture":"#0"},"down":{"uv":[9,0,10,1],"texture":"#0"}}},{"from":[7.5,4,6.5],"to":[8.5,5,7.5],"rotation":{"angle":0,"axis":"y","origin":[7.5,0,7.5]},"faces":{"north":{"uv":[9,0,10,1],"texture":"#0"},"east":{"uv":[9,0,10,1],"texture":"#0"},"south":{"uv":[9,0,10,1],"texture":"#0"},"west":{"uv":[9,0,10,1],"texture":"#0"},"up":{"uv":[10,0,11,1],"texture":"#0"},"down":{"uv":[9,0,10,1],"texture":"#0"}}},{"from":[6.5,4,6.5],"to":[7.5,5,7.5],"rotation":{"angle":0,"axis":"y","origin":[7.5,0,7.5]},"faces":{"north":{"uv":[9,0,10,1],"texture":"#0"},"east":{"uv":[9,0,10,1],"texture":"#0"},"south":{"uv":[9,0,10,1],"texture":"#0"},"west":{"uv":[9,0,10,1],"texture":"#0"},"up":{"uv":[10,0,11,1],"texture":"#0"},"down":{"uv":[9,0,10,1],"texture":"#0"}}},{"from":[6.5,4,7.5],"to":[7.5,5,8.5],"rotation":{"angle":0,"axis":"y","origin":[7.5,0,7.5]},"faces":{"north":{"uv":[9,0,10,1],"texture":"#0"},"east":{"uv":[9,0,10,1],"texture":"#0"},"south":{"uv":[9,0,10,1],"texture":"#0"},"west":{"uv":[9,0,10,1],"texture":"#0"},"up":{"uv":[10,0,11,1],"texture":"#0"},"down":{"uv":[9,0,10,1],"texture":"#0"}}},{"from":[4.5,8,6],"to":[11.5,12,10],"rotation":{"angle":0,"axis":"y","origin":[4.5,-1.75,6]},"faces":{"north":{"uv":[0,12,7,16],"texture":"#0"},"east":{"uv":[8,12,12,16],"texture":"#0"},"south":{"uv":[0,12,7,16],"texture":"#0"},"west":{"uv":[8,12,12,16],"texture":"#0"},"up":{"uv":[0,12,7,16],"texture":"#0"},"down":{"uv":[9,1,13,8],"rotation":90,"texture":"#0"}}},{"from":[4.5,18,6],"to":[11.5,21,10],"rotation":{"angle":0,"axis":"y","origin":[4.5,-1.75,6]},"faces":{"north":{"uv":[0,3,7,6],"texture":"#0"},"east":{"uv":[8,12,12,15],"texture":"#0"},"south":{"uv":[0,3,7,6],"texture":"#0"},"west":{"uv":[8,12,12,15],"texture":"#0"},"up":{"uv":[0,12,7,16],"texture":"#0"},"down":{"uv":[9,1,13,8],"texture":"#0"}}},{"from":[5.5,12,6.25],"to":[10.5,14,9.75],"rotation":{"angle":0,"axis":"y","origin":[4.5,-1.75,6.25]},"faces":{"north":{"uv":[1,10,6,12],"texture":"#0"},"east":{"uv":[12,10,15,12],"texture":"#0"},"south":{"uv":[1,10,6,12],"texture":"#0"},"west":{"uv":[12,10,15,12],"texture":"#0"},"up":{"uv":[1,10,6,12],"texture":"#0"},"down":{"uv":[1,10,6,12],"texture":"#0"}}},{"from":[5.5,16,6.25],"to":[10.5,18,9.75],"rotation":{"angle":0,"axis":"y","origin":[4.5,-1.75,6.25]},"faces":{"north":{"uv":[1,6,6,8],"texture":"#0"},"east":{"uv":[9,10,12,12],"texture":"#0"},"south":{"uv":[1,6,6,8],"texture":"#0"},"west":{"uv":[9,10,12,12],"texture":"#0"},"up":{"uv":[1,6,6,8],"texture":"#0"},"down":{"uv":[9,1,13,6],"texture":"#0"}}},{"from":[6.5,14,6.5],"to":[9.5,16,9.5],"rotation":{"angle":0,"axis":"y","origin":[4.5,-1.75,6.5]},"faces":{"north":{"uv":[2,8,5,10],"texture":"#0"},"east":{"uv":[9,6,12,8],"texture":"#0"},"south":{"uv":[2,8,5,10],"texture":"#0"},"west":{"uv":[9,6,12,8],"texture":"#0"},"up":{"uv":[2,8,5,10],"texture":"#0"},"down":{"uv":[2,8,5,10],"texture":"#0"}}},{"from":[6.5,21,6.5],"to":[9.5,22,9.5],"rotation":{"angle":0,"axis":"y","origin":[4.5,-1.75,6.5]},"faces":{"north":{"uv":[2,2,5,3],"texture":"#0"},"east":{"uv":[2,2,5,3],"texture":"#0"},"south":{"uv":[2,2,5,3],"texture":"#0"},"west":{"uv":[2,2,5,3],"texture":"#0"},"up":{"uv":[2,2,5,3],"texture":"#0"},"down":{"uv":[2,2,5,3],"texture":"#0"}}},{"from":[6.5,23,6.5],"to":[9.5,24,9.5],"rotation":{"angle":0,"axis":"y","origin":[4.5,-1.75,6.5]},"faces":{"north":{"uv":[2,0,5,1],"texture":"#0"},"east":{"uv":[2,0,5,1],"texture":"#0"},"south":{"uv":[2,0,5,1],"texture":"#0"},"west":{"uv":[2,0,5,1],"texture":"#0"},"up":{"uv":[11,0,12,1],"texture":"#0"},"down":{"uv":[9,0,10,1],"texture":"#0"}}},{"from":[7.5,22,7.5],"to":[8.5,23,8.5],"rotation":{"angle":0,"axis":"y","origin":[4.5,-1.75,7.5]},"faces":{"north":{"uv":[9,0,10,1],"texture":"#0"},"east":{"uv":[9,0,10,1],"texture":"#0"},"south":{"uv":[9,0,10,1],"texture":"#0"},"west":{"uv":[9,0,10,1],"texture":"#0"},"up":{"uv":[9,0,10,1],"texture":"#0"},"down":{"uv":[9,0,10,1],"texture":"#0"}}}],"display":{"thirdperson_righthand":{"scale":[0.5,0.5,0.5]},"thirdperson_lefthand":{"scale":[0.5,0.5,0.5]},"firstperson_righthand":{"scale":[0.5,0.5,0.5]},"firstperson_lefthand":{"scale":[0.5,0.5,0.5]},"ground":{"scale":[0.5,0.5,0.5]},"fixed":{"rotation":[-90,0,0],"translation":[0,0,-19],"scale":[2.5,2.5,2.5]}},"groups":[{"name":"maniquí","origin":[8,8,8],"children":[{"name":"feet","origin":[8,8,8],"children":[0,1,2,3,4,5,6,7,8,9,10,11,12,13,14,15,16,17,18,19]},{"name":"palo","origin":[8,8,8],"children":[20,21,22,23,24,25,26,27,28]},{"name":"body","origin":[4.5,-1.75,6.25],"children":[29,30,31,32,33,34,35,36]}]}]}