{"credit":"Made with Blockbench","textures":{"0":"block/anvil","1":"block/oak_planks","particle":"block/anvil"},"elements":[{"from":[2.69151,0.999,3.04301],"to":[9.69151,4.999,11.04301],"rotation":{"angle":0,"axis":"y","origin":[6.19239,4.25083,11.38345]},"faces":{"north":{"uv":[4,4,11,8],"texture":"#0"},"east":{"uv":[4,4,12,8],"texture":"#0"},"south":{"uv":[0,0,7,4],"texture":"#missing"},"west":{"uv":[4,4,12,8],"texture":"#0"},"up":{"uv":[4,4,11,12],"texture":"#0"},"down":{"uv":[0,0,7,8],"texture":"#missing"}}},{"from":[3.69151,4.999,4.04301],"to":[8.69151,5.999,11.04301],"rotation":{"angle":0,"axis":"y","origin":[6.19239,4.25083,11.38345]},"faces":{"north":{"uv":[8,6,13,7],"texture":"#0"},"east":{"uv":[4,5,11,6],"texture":"#0"},"south":{"uv":[0,0,5,1],"texture":"#missing"},"west":{"uv":[4,5,11,6],"texture":"#0"},"up":{"uv":[4,3,9,10],"texture":"#0"},"down":{"uv":[0,0,5,7],"texture":"#missing"}}},{"from":[4.69151,5,11.04301],"to":[7.69151,6,12.04301],"rotation":{"angle":0,"axis":"y","origin":[6.19239,4.25083,11.38345]},"faces":{"north":{"uv":[7,4,10,5],"texture":"#0"},"east":{"uv":[7,4,10,5],"texture":"#0"},"south":{"uv":[7,4,10,5],"texture":"#0"},"west":{"uv":[7,4,10,5],"texture":"#0"},"up":{"uv":[7,4,10,5],"texture":"#0"},"down":{"uv":[7,4,10,5],"texture":"#0"}}},{"from":[5.69151,5,12.04301],"to":[6.69151,6,13.04301],"rotation":{"angle":0,"axis":"y","origin":[6.19239,4.25083,11.38345]},"faces":{"north":{"uv":[10,4,11,5],"texture":"#0"},"east":{"uv":[10,4,11,5],"texture":"#0"},"south":{"uv":[10,4,11,5],"texture":"#0"},"west":{"uv":[10,4,11,5],"texture":"#0"},"up":{"uv":[10,4,11,5],"texture":"#0"},"down":{"uv":[10,4,11,5],"texture":"#0"}}},{"from":[5.69151,0.999,13.04301],"to":[6.69151,4.999,14.04301],"rotation":{"angle":0,"axis":"y","origin":[6.19239,4.25083,11.38345]},"faces":{"north":{"uv":[7,5,8,9],"texture":"#0"},"east":{"uv":[7,5,8,9],"texture":"#0"},"south":{"uv":[7,5,8,9],"texture":"#0"},"west":{"uv":[7,5,8,9],"texture":"#0"},"up":{"uv":[7,4,8,5],"texture":"#0"},"down":{"uv":[7,5,8,9],"texture":"#0"}}},{"from":[7.42592,1,8.66112],"to":[8.42592,5,12.91112],"rotation":{"angle":-45,"axis":"y","origin":[6.19239,4.25083,11.38345]},"faces":{"north":{"uv":[6,4,7,8],"texture":"#0"},"east":{"uv":[5,3,9.25,7],"texture":"#0"},"south":{"uv":[6,4,7,8],"texture":"#0"},"west":{"uv":[0,0,4.25,4],"texture":"#missing"},"up":{"uv":[5,3,6,7.25],"texture":"#0"},"down":{"uv":[0,0,1,4.25],"texture":"#missing"}}},{"from":[6.71881,5,9.37558],"to":[7.71881,6.01,12.19558],"rotation":{"angle":-45,"axis":"y","origin":[6.19239,4.25083,11.38345]},"faces":{"north":{"uv":[7,4,10.5,5.01],"texture":"#0"},"east":{"uv":[10.5,4,7,5.01],"texture":"#0"},"south":{"uv":[7,4,10.5,5.01],"texture":"#0"},"west":{"uv":[7,4,10.5,5.01],"texture":"#0"},"up":{"uv":[7,4,10.5,5.01],"rotation":90,"texture":"#0"},"down":{"uv":[7,4,10.5,5.01],"texture":"#0"}}},{"from":[3.95762,1,8.65987],"to":[4.95762,5,12.90987],"rotation":{"angle":45,"axis":"y","origin":[6.19239,4.25083,11.38345]},"faces":{"north":{"uv":[6,4,7,8],"texture":"#0"},"east":{"uv":[4.25,0,8.5,4],"texture":"#missing"},"south":{"uv":[6,4,7,8],"texture":"#0"},"west":{"uv":[5,3,9.25,7],"texture":"#0"},"up":{"uv":[7,3,8,7.25],"texture":"#0"},"down":{"uv":[1,0,2,4.25],"texture":"#0"}}},{"from":[4.66472,5,9.37433],"to":[5.66472,6.01,12.22433],"rotation":{"angle":45,"axis":"y","origin":[6.19239,4.25083,11.38345]},"faces":{"north":{"uv":[1,0,2,1.01],"texture":"#0"},"east":{"uv":[4.25,0,7.1,1.01],"texture":"#0"},"south":{"uv":[10,4,11,5.01],"texture":"#0"},"west":{"uv":[7,4,10.5,5.01],"texture":"#0"},"up":{"uv":[7,4,10.5,5.01],"rotation":90,"texture":"#0"},"down":{"uv":[1,0,2,2.85],"texture":"#missing"}}},{"from":[5.625,6,4.54301],"to":[6.375,9,5.29301],"rotation":{"angle":0,"axis":"y","origin":[5.375,5,2.79301]},"faces":{"north":{"uv":[15,1,15.75,4],"texture":"#0"},"east":{"uv":[15,1,15.75,4],"texture":"#0"},"south":{"uv":[15,1,15.75,4],"texture":"#0"},"west":{"uv":[15,1,15.75,4],"texture":"#0"},"up":{"uv":[0,0,0.75,0.75],"texture":"#0"},"down":{"uv":[0,0,0.75,0.75],"texture":"#0"}}},{"from":[5.625,8.25,5.29301],"to":[6.375,9,5.79301],"rotation":{"angle":0,"axis":"x","origin":[6,8.625,9.04301]},"faces":{"north":{"uv":[0,0,0.75,0.5],"rotation":270,"texture":"#0"},"east":{"uv":[0,0,0.75,0.5],"rotation":270,"texture":"#0"},"south":{"uv":[0,0,0.75,0.5],"rotation":270,"texture":"#0"},"west":{"uv":[0,0,0.75,0.5],"rotation":270,"texture":"#0"},"up":{"uv":[0,0,0.75,0.5],"rotation":270,"texture":"#0"},"down":{"uv":[0,0,0.75,0.5],"rotation":270,"texture":"#0"}}},{"from":[5.625,8.25,10.04301],"to":[6.375,9,10.54301],"rotation":{"angle":0,"axis":"x","origin":[6,8.625,9.04301]},"faces":{"north":{"uv":[0,0,0.75,0.5],"rotation":270,"texture":"#0"},"east":{"uv":[0,0,0.75,0.5],"rotation":270,"texture":"#0"},"south":{"uv":[0,0,0.75,0.5],"rotation":270,"texture":"#0"},"west":{"uv":[0,0,0.75,0.5],"rotation":270,"texture":"#0"},"up":{"uv":[0,0,0.75,0.5],"rotation":270,"texture":"#0"},"down":{"uv":[0,0,0.75,0.5],"rotation":270,"texture":"#0"}}},{"from":[5.625,6,10.54301],"to":[6.375,9,11.29301],"rotation":{"angle":0,"axis":"y","origin":[5.375,5,2.79301]},"faces":{"north":{"uv":[0,0,0.75,3],"texture":"#0"},"east":{"uv":[0,0,0.75,3],"texture":"#0"},"south":{"uv":[0,0,0.75,3],"texture":"#0"},"west":{"uv":[0,0,0.75,3],"texture":"#0"},"up":{"uv":[0,0,0.75,0.75],"texture":"#0"},"down":{"uv":[0,0,0.75,0.75],"texture":"#0"}}},{"from":[4.69151,0.999,12.04301],"to":[7.69151,4.999,13.04301],"rotation":{"angle":0,"axis":"y","origin":[6.19239,4.25083,11.38345]},"color":6,"faces":{"north":{"uv":[0,0,3,4],"texture":"#missing"},"east":{"uv":[0,0,1,4],"texture":"#missing"},"south":{"uv":[0,0,3,4],"texture":"#missing"},"west":{"uv":[0,0,1,4],"texture":"#missing"},"up":{"uv":[0,0,3,1],"texture":"#missing"},"down":{"uv":[0,0,3,1],"texture":"#missing"}}},{"from":[5.5,8.125,5.5],"to":[6.5,9.125,10.25],"rotation":{"angle":0,"axis":"y","origin":[5.5,-1,-0.25]},"faces":{"north":{"uv":[0,0,1,1],"texture":"#1"},"east":{"uv":[3,0,7.75,1],"texture":"#1"},"south":{"uv":[0,0,1,1],"texture":"#1"},"west":{"uv":[9.75,2,5,3],"texture":"#1"},"up":{"uv":[4.75,0,0,1],"rotation":90,"texture":"#1"},"down":{"uv":[4.75,0,0,1],"rotation":90,"texture":"#1"}}},{"from":[4.69151,0.901,12.04301],"to":[7.69151,1.901,13.04301],"rotation":{"angle":0,"axis":"y","origin":[6.19239,1.25083,11.38345]},"faces":{"north":{"uv":[0,0,3,1],"texture":"#missing"},"east":{"uv":[0,0,1,4],"texture":"#0"},"south":{"uv":[0,0,3,1],"texture":"#0"},"west":{"uv":[0,0,1,4],"texture":"#0"},"up":{"uv":[0,0,3,1],"texture":"#missing"},"down":{"uv":[0,0,3,1],"texture":"#0"}}},{"from":[2.19151,0.901,2.54301],"to":[10.19151,1.901,11.04301],"rotation":{"angle":0,"axis":"y","origin":[6.19239,1.25083,11.38345]},"faces":{"north":{"uv":[0,15,8,16],"texture":"#0"},"east":{"uv":[7,15,15.5,16],"texture":"#0"},"south":{"uv":[0,0,8,1],"texture":"#0"},"west":{"uv":[7,15,15.5,16],"texture":"#0"},"up":{"uv":[0,0,8,8.5],"texture":"#0"},"down":{"uv":[0,0,8,8.5],"texture":"#0"}}},{"from":[3.69151,0.901,11.04301],"to":[8.69151,4.901,12.04301],"rotation":{"angle":0,"axis":"y","origin":[6.19239,4.25083,11.38345]},"faces":{"north":{"uv":[0,0,5,4],"texture":"#missing"},"east":{"uv":[0,0,1,4],"texture":"#0"},"south":{"uv":[0,0,5,4],"texture":"#0"},"west":{"uv":[0,0,1,4],"texture":"#0"},"up":{"uv":[0,0,5,1],"texture":"#missing"},"down":{"uv":[0,0,5,1],"texture":"#0"}}},{"from":[7.92071,0.9,8.66632],"to":[8.92071,1.9,13.63632],"rotation":{"angle":-45,"axis":"y","origin":[6.68719,1.25083,11.38865]},"faces":{"north":{"uv":[0,0,1,1],"texture":"#missing"},"east":{"uv":[0,0,4.97,1],"texture":"#0"},"south":{"uv":[0,0,1,1],"texture":"#0"},"west":{"uv":[0,0,4.97,1],"texture":"#missing"},"up":{"uv":[0,1,1,6],"texture":"#0"},"down":{"uv":[0,1,1,6],"texture":"#0"}}},{"from":[5.69151,0.901,12.54301],"to":[6.69151,1.901,14.54301],"rotation":{"angle":0,"axis":"y","origin":[6.19239,1.25083,11.38345]},"faces":{"north":{"uv":[0,0,1,1],"texture":"#0"},"east":{"uv":[0,0,1,1],"texture":"#0"},"south":{"uv":[0,0,1,1],"texture":"#0"},"west":{"uv":[0,0,1,1],"texture":"#0"},"up":{"uv":[0,0,1,1],"texture":"#0"},"down":{"uv":[0,0,1,1],"texture":"#0"}}},{"from":[3.46282,0.9,8.66507],"to":[4.46282,1.9,13.66507],"rotation":{"angle":45,"axis":"y","origin":[5.6976,1.25083,11.38865]},"faces":{"north":{"uv":[1,0,2,1],"texture":"#missing"},"east":{"uv":[4.25,0,9.25,1],"texture":"#missing"},"south":{"uv":[1,0,2,1],"texture":"#0"},"west":{"uv":[0,0,4.97,1],"texture":"#0"},"up":{"uv":[0,1,1,6],"texture":"#0"},"down":{"uv":[0,1,1,6],"texture":"#0"}}},{"from":[3.25,0,3.25],"to":[4,1,4],"rotation":{"angle":0,"axis":"y","origin":[-2,-1,0]},"faces":{"north":{"uv":[0,0,0.75,0.5],"rotation":270,"texture":"#0"},"east":{"uv":[0,0,0.75,0.5],"rotation":270,"texture":"#0"},"south":{"uv":[0,0,0.75,0.5],"rotation":270,"texture":"#0"},"west":{"uv":[0,0,0.75,0.5],"rotation":270,"texture":"#0"},"up":{"uv":[0,0,0.75,0.5],"rotation":270,"texture":"#0"},"down":{"uv":[0,0,0.75,0.5],"rotation":270,"texture":"#0"}}},{"from":[3.25,0,10.25],"to":[4,1,11],"rotation":{"angle":0,"axis":"y","origin":[-2,-1,0]},"faces":{"north":{"uv":[0,0,0.75,0.5],"rotation":270,"texture":"#0"},"east":{"uv":[0,0,0.75,0.5],"rotation":270,"texture":"#0"},"south":{"uv":[0,0,0.75,0.5],"rotation":270,"texture":"#0"},"west":{"uv":[0,0,0.75,0.5],"rotation":270,"texture":"#0"},"up":{"uv":[0,0,0.75,0.5],"rotation":270,"texture":"#0"},"down":{"uv":[0,0,0.75,0.5],"rotation":270,"texture":"#0"}}},{"from":[5.875,0,13],"to":[6.625,1,13.75],"rotation":{"angle":0,"axis":"y","origin":[-2.625,-1,0]},"faces":{"north":{"uv":[0,0,0.75,0.5],"rotation":270,"texture":"#0"},"east":{"uv":[0,0,0.75,0.5],"rotation":270,"texture":"#0"},"south":{"uv":[0,0,0.75,0.5],"rotation":270,"texture":"#0"},"west":{"uv":[0,0,0.75,0.5],"rotation":270,"texture":"#0"},"up":{"uv":[0,0,0.75,0.5],"rotation":270,"texture":"#0"},"down":{"uv":[0,0,0.75,0.5],"rotation":270,"texture":"#0"}}},{"from":[8.5,0,3.25],"to":[9.25,1,4],"rotation":{"angle":0,"axis":"y","origin":[-2,-1,0]},"faces":{"north":{"uv":[0,0,0.75,0.5],"rotation":270,"texture":"#0"},"east":{"uv":[0,0,0.75,0.5],"rotation":270,"texture":"#0"},"south":{"uv":[0,0,0.75,0.5],"rotation":270,"texture":"#0"},"west":{"uv":[0,0,0.75,0.5],"rotation":270,"texture":"#0"},"up":{"uv":[0,0,0.75,0.5],"rotation":270,"texture":"#0"},"down":{"uv":[0,0,0.75,0.5],"rotation":270,"texture":"#0"}}},{"from":[8.5,0,10.25],"to":[9.25,1,11],"rotation":{"angle":0,"axis":"y","origin":[-2,-1,0]},"faces":{"north":{"uv":[0,0,0.75,0.5],"rotation":270,"texture":"#0"},"east":{"uv":[0,0,0.75,0.5],"rotation":270,"texture":"#0"},"south":{"uv":[0,0,0.75,0.5],"rotation":270,"texture":"#0"},"west":{"uv":[0,0,0.75,0.5],"rotation":270,"texture":"#0"},"up":{"uv":[0,0,0.75,0.5],"rotation":270,"texture":"#0"},"down":{"uv":[0,0,0.75,0.5],"rotation":270,"texture":"#0"}}}],"display":{"thirdperson_righthand":{"rotation":[0,-180,0],"translation":[-1,0,-2.75],"scale":[0.5,0.5,0.5]},"thirdperson_lefthand":{"rotation":[0,-180,0],"translation":[-1,0,-2.75],"scale":[0.5,0.5,0.5]},"ground":{"translation":[0,2,0],"scale":[0.7,0.7,0.7]},"gui":{"rotation":[61,42,0],"translation":[1.5,1.75,0],"scale":[0.6,0.6,0.6]},"fixed":{"rotation":[-90,19,0],"translation":[0,0,-15],"scale":[2,2,2]}},"groups":[0,1,2,3,4,5,6,7,8,9,10,11,12,13,{"name":"wood","origin":[8,8,8],"children":[14]},{"name":"base","origin":[8,8,8],"children":[15,16,17,18,19,20,21,22,23,24,25]}]}