{"credit":"Made with Blockbench","textures":{"0":"block/logs/oak","2":"block/iron_1","3":"block/sewing machine","particle":"block/logs/oak"},"elements":[{"from":[0.91705,6.81424,9.69121],"to":[1.97772,7.87491,10.75188],"rotation":{"angle":-22.5,"axis":"x","origin":[4.51,6.92648,7.92325]},"faces":{"north":{"uv":[3,14,4,15],"texture":"#2"},"east":{"uv":[7,15,8,16],"texture":"#2"},"south":{"uv":[5,14,6,15],"texture":"#2"},"west":{"uv":[3,14,4,15],"texture":"#2"},"up":{"uv":[3,14,4,15],"texture":"#2"},"down":{"uv":[3,14,4,15],"texture":"#2"}}},{"from":[0.91705,6.81424,5.41954],"to":[1.97772,7.87491,6.48021],"rotation":{"angle":-22.5,"axis":"x","origin":[4.51,6.92648,7.92325]},"faces":{"north":{"uv":[7,14,8,15],"texture":"#2"},"east":{"uv":[6,15,7,16],"texture":"#2"},"south":{"uv":[3,14,4,15],"texture":"#2"},"west":{"uv":[3,14,4,15],"texture":"#2"},"up":{"uv":[3,14,4,15],"texture":"#2"},"down":{"uv":[3,14,4,15],"texture":"#2"}}},{"from":[0.91705,4.58441,7.70301],"to":[1.97772,5.64508,8.76368],"rotation":{"angle":-45,"axis":"x","origin":[4.51,6.92648,7.92325]},"faces":{"north":{"uv":[3,14,4,15],"texture":"#2"},"east":{"uv":[6,15,7,16],"texture":"#2"},"south":{"uv":[3,14,4,15],"texture":"#2"},"west":{"uv":[3,14,4,15],"texture":"#2"},"up":{"uv":[3,14,4,15],"texture":"#2"},"down":{"uv":[7,15,8,16],"texture":"#2"}}},{"from":[0.91705,8.85608,7.70301],"to":[1.97772,9.91675,8.76368],"rotation":{"angle":-45,"axis":"x","origin":[4.51,6.92648,7.92325]},"faces":{"north":{"uv":[3,14,4,15],"texture":"#2"},"east":{"uv":[7,14,8,15],"texture":"#2"},"south":{"uv":[3,14,4,15],"texture":"#2"},"west":{"uv":[3,14,4,15],"texture":"#2"},"up":{"uv":[4,14,5,15],"texture":"#2"},"down":{"uv":[3,14,4,15],"texture":"#2"}}},{"from":[0.91705,6.72025,9.83884],"to":[1.97772,7.78091,10.89951],"rotation":{"angle":-45,"axis":"x","origin":[4.51,6.92648,7.92325]},"faces":{"north":{"uv":[3,14,4,15],"texture":"#2"},"east":{"uv":[7,14,8,15],"texture":"#2"},"south":{"uv":[4,14,5,15],"texture":"#2"},"west":{"uv":[3,14,4,15],"texture":"#2"},"up":{"uv":[3,14,4,15],"texture":"#2"},"down":{"uv":[3,14,4,15],"texture":"#2"}}},{"from":[0.91705,6.72025,5.56717],"to":[1.97772,7.78091,6.62784],"rotation":{"angle":-45,"axis":"x","origin":[4.51,6.92648,7.92325]},"faces":{"north":{"uv":[7,15,8,16],"texture":"#2"},"east":{"uv":[6,15,7,16],"texture":"#2"},"south":{"uv":[3,14,4,15],"texture":"#2"},"west":{"uv":[3,14,4,15],"texture":"#2"},"up":{"uv":[3,14,4,15],"texture":"#2"},"down":{"uv":[3,14,4,15],"texture":"#2"}}},{"from":[0.91705,6.80666,9.34799],"to":[1.97772,7.86733,10.40866],"rotation":{"angle":22.5,"axis":"x","origin":[4.51,6.92648,7.92325]},"faces":{"north":{"uv":[3,14,4,15],"texture":"#2"},"east":{"uv":[6,15,7,16],"texture":"#2"},"south":{"uv":[7,14,8,15],"texture":"#2"},"west":{"uv":[3,14,4,15],"texture":"#2"},"up":{"uv":[3,14,4,15],"texture":"#2"},"down":{"uv":[3,14,4,15],"texture":"#2"}}},{"from":[0.91705,6.80666,5.07632],"to":[1.97772,7.86733,6.13699],"rotation":{"angle":22.5,"axis":"x","origin":[4.51,6.92648,7.92325]},"faces":{"north":{"uv":[5,14,6,15],"texture":"#2"},"east":{"uv":[7,15,8,16],"texture":"#2"},"south":{"uv":[3,14,4,15],"texture":"#2"},"west":{"uv":[3,14,4,15],"texture":"#2"},"up":{"uv":[3,14,4,15],"texture":"#2"},"down":{"uv":[3,14,4,15],"texture":"#2"}}},{"from":[0.91705,8.9425,7.21216],"to":[1.97772,10.00316,8.27283],"rotation":{"angle":22.5,"axis":"x","origin":[4.51,6.92648,7.92325]},"faces":{"north":{"uv":[3,14,4,15],"texture":"#2"},"east":{"uv":[6,14,7,15],"texture":"#2"},"south":{"uv":[3,14,4,15],"texture":"#2"},"west":{"uv":[3,14,4,15],"texture":"#2"},"up":{"uv":[3,14,4,15],"texture":"#2"},"down":{"uv":[3,14,4,15],"texture":"#2"}}},{"from":[0.91705,4.67083,7.21216],"to":[1.97772,5.73149,8.27283],"rotation":{"angle":22.5,"axis":"x","origin":[4.51,6.92648,7.92325]},"faces":{"north":{"uv":[3,14,4,15],"texture":"#2"},"east":{"uv":[6,15,7,16],"texture":"#2"},"south":{"uv":[3,14,4,15],"texture":"#2"},"west":{"uv":[3,14,4,15],"texture":"#2"},"up":{"uv":[3,14,4,15],"texture":"#2"},"down":{"uv":[6,15,7,16],"texture":"#2"}}},{"from":[0.91705,8.95008,7.55538],"to":[1.97772,10.01074,8.61605],"rotation":{"angle":-22.5,"axis":"x","origin":[4.51,6.92648,7.92325]},"faces":{"north":{"uv":[3,14,4,15],"texture":"#2"},"east":{"uv":[6,14,7,15],"texture":"#2"},"south":{"uv":[3,14,4,15],"texture":"#2"},"west":{"uv":[3,14,4,15],"texture":"#2"},"up":{"uv":[3,14,4,15],"texture":"#2"},"down":{"uv":[3,14,4,15],"texture":"#2"}}},{"from":[0.91705,6.84459,5.24718],"to":[1.97772,7.90526,6.30785],"rotation":{"angle":0,"axis":"x","origin":[4.51,6.92648,7.92325]},"faces":{"north":{"uv":[7,14,8,15],"texture":"#2"},"east":{"uv":[6,15,7,16],"texture":"#2"},"south":{"uv":[3,14,4,15],"texture":"#2"},"west":{"uv":[3,14,4,15],"texture":"#2"},"up":{"uv":[3,14,4,15],"texture":"#2"},"down":{"uv":[3,14,4,15],"texture":"#2"}}},{"from":[0.91705,4.67841,7.55538],"to":[1.97772,5.73907,8.61605],"rotation":{"angle":-22.5,"axis":"x","origin":[4.51,6.92648,7.92325]},"faces":{"north":{"uv":[3,14,4,15],"texture":"#2"},"east":{"uv":[6,15,7,16],"texture":"#2"},"south":{"uv":[3,14,4,15],"texture":"#2"},"west":{"uv":[3,14,4,15],"texture":"#2"},"up":{"uv":[3,14,4,15],"texture":"#2"},"down":{"uv":[6,15,7,16],"texture":"#2"}}},{"from":[0.91705,6.84459,9.51885],"to":[1.97772,7.90526,10.57952],"rotation":{"angle":0,"axis":"x","origin":[4.51,6.92648,7.92325]},"faces":{"north":{"uv":[3,14,4,15],"texture":"#2"},"east":{"uv":[6,15,7,16],"texture":"#2"},"south":{"uv":[7,14,8,15],"texture":"#2"},"west":{"uv":[3,14,4,15],"texture":"#2"},"up":{"uv":[3,14,4,15],"texture":"#2"},"down":{"uv":[3,14,4,15],"texture":"#2"}}},{"from":[0.91705,8.98042,7.38301],"to":[1.97772,10.04109,8.44368],"rotation":{"angle":0,"axis":"y","origin":[4.51,6.92648,7.92325]},"faces":{"north":{"uv":[3,14,4,15],"texture":"#2"},"east":{"uv":[6,14,7,15],"texture":"#2"},"south":{"uv":[3,14,4,15],"texture":"#2"},"west":{"uv":[3,14,4,15],"texture":"#2"},"up":{"uv":[3,14,4,15],"texture":"#2"},"down":{"uv":[3,14,4,15],"texture":"#2"}}},{"from":[0.91705,4.70875,7.38301],"to":[1.97772,5.76942,8.44368],"rotation":{"angle":0,"axis":"y","origin":[4.51,6.92648,7.92325]},"faces":{"north":{"uv":[3,14,4,15],"texture":"#2"},"east":{"uv":[6,15,7,16],"texture":"#2"},"south":{"uv":[3,14,4,15],"texture":"#2"},"west":{"uv":[3,14,4,15],"texture":"#2"},"up":{"uv":[3,14,4,15],"texture":"#2"},"down":{"uv":[6,15,7,16],"texture":"#2"}}},{"from":[1.74714,6.81424,8.15401],"to":[1.74714,7.87491,10.75188],"rotation":{"angle":-22.5,"axis":"x","origin":[4.51,6.92648,7.92325]},"faces":{"north":{"uv":[7,15,8,16],"texture":"#2"},"east":{"uv":[7,15,8,16],"texture":"#2"},"south":{"uv":[7,15,8,16],"texture":"#2"},"west":{"uv":[7,15,8,16],"texture":"#2"},"up":{"uv":[7,15,8,16],"texture":"#2"},"down":{"uv":[7,15,8,16],"texture":"#2"}}},{"from":[1.74714,6.81424,5.41954],"to":[1.74714,7.87491,8.01741],"rotation":{"angle":-22.5,"axis":"x","origin":[4.51,6.92648,7.92325]},"faces":{"north":{"uv":[7,15,8,16],"texture":"#2"},"east":{"uv":[7,15,8,16],"texture":"#2"},"south":{"uv":[7,15,8,16],"texture":"#2"},"west":{"uv":[7,15,8,16],"texture":"#2"},"up":{"uv":[7,15,8,16],"texture":"#2"},"down":{"uv":[7,15,8,16],"texture":"#2"}}},{"from":[1.74714,4.58441,7.70301],"to":[1.74714,7.18228,8.76368],"rotation":{"angle":-45,"axis":"x","origin":[4.51,6.92648,7.92325]},"faces":{"north":{"uv":[7,15,8,16],"texture":"#2"},"east":{"uv":[7,15,8,16],"texture":"#2"},"south":{"uv":[7,15,8,16],"texture":"#2"},"west":{"uv":[7,15,8,16],"texture":"#2"},"up":{"uv":[7,15,8,16],"texture":"#2"},"down":{"uv":[7,15,8,16],"texture":"#2"}}},{"from":[1.74714,7.31888,7.70301],"to":[1.74714,9.91675,8.76368],"rotation":{"angle":-45,"axis":"x","origin":[4.51,6.92648,7.92325]},"faces":{"north":{"uv":[7,15,8,16],"texture":"#2"},"east":{"uv":[7,15,8,16],"texture":"#2"},"south":{"uv":[7,15,8,16],"texture":"#2"},"west":{"uv":[7,15,8,16],"texture":"#2"},"up":{"uv":[7,15,8,16],"texture":"#2"},"down":{"uv":[7,15,8,16],"texture":"#2"}}},{"from":[1.74714,6.72025,8.30164],"to":[1.74714,7.78091,10.89951],"rotation":{"angle":-45,"axis":"x","origin":[4.51,6.92648,7.92325]},"faces":{"north":{"uv":[7,15,8,16],"texture":"#2"},"east":{"uv":[7,15,8,16],"texture":"#2"},"south":{"uv":[7,15,8,16],"texture":"#2"},"west":{"uv":[7,15,8,16],"texture":"#2"},"up":{"uv":[7,15,8,16],"texture":"#2"},"down":{"uv":[7,15,8,16],"texture":"#2"}}},{"from":[1.74714,6.72025,5.56717],"to":[1.74714,7.78091,8.16504],"rotation":{"angle":-45,"axis":"x","origin":[4.51,6.92648,7.92325]},"faces":{"north":{"uv":[7,15,8,16],"texture":"#2"},"east":{"uv":[7,15,8,16],"texture":"#2"},"south":{"uv":[7,15,8,16],"texture":"#2"},"west":{"uv":[7,15,8,16],"texture":"#2"},"up":{"uv":[7,15,8,16],"texture":"#2"},"down":{"uv":[7,15,8,16],"texture":"#2"}}},{"from":[1.74714,6.80666,7.81079],"to":[1.74714,7.86733,10.40866],"rotation":{"angle":22.5,"axis":"x","origin":[4.51,6.92648,7.92325]},"faces":{"north":{"uv":[7,15,8,16],"texture":"#2"},"east":{"uv":[7,15,8,16],"texture":"#2"},"south":{"uv":[7,15,8,16],"texture":"#2"},"west":{"uv":[7,15,8,16],"texture":"#2"},"up":{"uv":[7,15,8,16],"texture":"#2"},"down":{"uv":[7,15,8,16],"texture":"#2"}}},{"from":[1.74714,6.80666,5.07632],"to":[1.74714,7.86733,7.67419],"rotation":{"angle":22.5,"axis":"x","origin":[4.51,6.92648,7.92325]},"faces":{"north":{"uv":[7,15,8,16],"texture":"#2"},"east":{"uv":[7,15,8,16],"texture":"#2"},"south":{"uv":[7,15,8,16],"texture":"#2"},"west":{"uv":[7,15,8,16],"texture":"#2"},"up":{"uv":[7,15,8,16],"texture":"#2"},"down":{"uv":[7,15,8,16],"texture":"#2"}}},{"from":[1.74714,7.4053,7.21216],"to":[1.74714,10.00316,8.27283],"rotation":{"angle":22.5,"axis":"x","origin":[4.51,6.92648,7.92325]},"faces":{"north":{"uv":[7,15,8,16],"texture":"#2"},"east":{"uv":[7,15,8,16],"texture":"#2"},"south":{"uv":[7,15,8,16],"texture":"#2"},"west":{"uv":[7,15,8,16],"texture":"#2"},"up":{"uv":[7,15,8,16],"texture":"#2"},"down":{"uv":[7,15,8,16],"texture":"#2"}}},{"from":[1.74714,4.67083,7.21216],"to":[1.74714,7.26869,8.27283],"rotation":{"angle":22.5,"axis":"x","origin":[4.51,6.92648,7.92325]},"faces":{"north":{"uv":[7,15,8,16],"texture":"#2"},"east":{"uv":[7,15,8,16],"texture":"#2"},"south":{"uv":[7,15,8,16],"texture":"#2"},"west":{"uv":[7,15,8,16],"texture":"#2"},"up":{"uv":[7,15,8,16],"texture":"#2"},"down":{"uv":[7,15,8,16],"texture":"#2"}}},{"from":[1.74714,7.41288,7.55538],"to":[1.74714,10.01074,8.61605],"rotation":{"angle":-22.5,"axis":"x","origin":[4.51,6.92648,7.92325]},"faces":{"north":{"uv":[7,15,8,16],"texture":"#2"},"east":{"uv":[7,15,8,16],"texture":"#2"},"south":{"uv":[7,15,8,16],"texture":"#2"},"west":{"uv":[7,15,8,16],"texture":"#2"},"up":{"uv":[7,15,8,16],"texture":"#2"},"down":{"uv":[7,15,8,16],"texture":"#2"}}},{"from":[1.74714,6.84459,5.24718],"to":[1.74714,7.90526,7.84505],"rotation":{"angle":0,"axis":"x","origin":[4.51,6.92648,7.92325]},"faces":{"north":{"uv":[7,15,8,16],"texture":"#2"},"east":{"uv":[7,15,8,16],"texture":"#2"},"south":{"uv":[7,15,8,16],"texture":"#2"},"west":{"uv":[7,15,8,16],"texture":"#2"},"up":{"uv":[7,15,8,16],"texture":"#2"},"down":{"uv":[7,15,8,16],"texture":"#2"}}},{"from":[1.74714,4.67841,7.55538],"to":[1.74714,7.27627,8.61605],"rotation":{"angle":-22.5,"axis":"x","origin":[4.51,6.92648,7.92325]},"faces":{"north":{"uv":[7,15,8,16],"texture":"#2"},"east":{"uv":[7,15,8,16],"texture":"#2"},"south":{"uv":[7,15,8,16],"texture":"#2"},"west":{"uv":[7,15,8,16],"texture":"#2"},"up":{"uv":[7,15,8,16],"texture":"#2"},"down":{"uv":[7,15,8,16],"texture":"#2"}}},{"from":[1.74714,6.84459,7.98165],"to":[1.74714,7.90526,10.57952],"rotation":{"angle":0,"axis":"x","origin":[4.51,6.92648,7.92325]},"faces":{"north":{"uv":[7,15,8,16],"texture":"#2"},"east":{"uv":[7,15,8,16],"texture":"#2"},"south":{"uv":[7,15,8,16],"texture":"#2"},"west":{"uv":[7,15,8,16],"texture":"#2"},"up":{"uv":[7,15,8,16],"texture":"#2"},"down":{"uv":[7,15,8,16],"texture":"#2"}}},{"from":[1.74714,7.44322,7.38301],"to":[1.74714,10.04109,8.44368],"rotation":{"angle":0,"axis":"y","origin":[4.51,6.92648,7.92325]},"faces":{"north":{"uv":[7,15,8,16],"texture":"#2"},"east":{"uv":[7,15,8,16],"texture":"#2"},"south":{"uv":[7,15,8,16],"texture":"#2"},"west":{"uv":[7,15,8,16],"texture":"#2"},"up":{"uv":[7,15,8,16],"texture":"#2"},"down":{"uv":[7,15,8,16],"texture":"#2"}}},{"from":[1.74714,4.70875,7.38301],"to":[1.74714,7.30662,8.44368],"rotation":{"angle":0,"axis":"y","origin":[4.51,6.92648,7.92325]},"faces":{"north":{"uv":[7,15,8,16],"texture":"#2"},"east":{"uv":[7,15,8,16],"texture":"#2"},"south":{"uv":[7,15,8,16],"texture":"#2"},"west":{"uv":[7,15,8,16],"texture":"#2"},"up":{"uv":[7,15,8,16],"texture":"#2"},"down":{"uv":[7,15,8,16],"texture":"#2"}}},{"from":[0.20994,7.1529,7.56333],"to":[3.28434,7.9215,8.33193],"rotation":{"angle":0,"axis":"y","origin":[4.51,6.92648,7.92325]},"faces":{"north":{"uv":[7,15,8,16],"texture":"#2"},"east":{"uv":[7,15,8,16],"texture":"#2"},"south":{"uv":[7,15,8,16],"texture":"#2"},"west":{"uv":[7,15,8,16],"texture":"#2"},"up":{"uv":[7,15,8,16],"texture":"#2"},"down":{"uv":[7,15,8,16],"texture":"#2"}}},{"from":[2.3324,0.6,5.71934],"to":[7.7324,1.5,10.21934],"rotation":{"angle":0,"axis":"y","origin":[3.5,6.54244,7.95507]},"faces":{"north":{"uv":[10,15,16,16],"texture":"#3"},"east":{"uv":[7,8,11,9],"texture":"#3"},"south":{"uv":[10,15,16,16],"texture":"#3"},"west":{"uv":[7,11,11,12],"texture":"#3"},"up":{"uv":[7,11,11,12],"texture":"#3"},"down":{"uv":[5,10,11,11],"texture":"#3"}}},{"from":[2.3324,1.5,5.71934],"to":[6.8324,2.4,10.21934],"rotation":{"angle":0,"axis":"y","origin":[3.5,6.54244,7.95507]},"faces":{"north":{"uv":[11,14,16,15],"texture":"#3"},"east":{"uv":[7,11,11,12],"texture":"#3"},"south":{"uv":[11,14,16,15],"texture":"#3"},"west":{"uv":[7,11,11,12],"texture":"#3"},"up":{"uv":[7,11,11,12],"texture":"#3"},"down":{"uv":[5,10,11,11],"texture":"#3"}}},{"from":[2.3324,2.4,5.71934],"to":[5.9324,4.2,10.21934],"rotation":{"angle":0,"axis":"y","origin":[3.5,6.54244,7.95507]},"faces":{"north":{"uv":[12,12,16,14],"texture":"#3"},"east":{"uv":[7,11,11,12],"texture":"#3"},"south":{"uv":[12,12,16,14],"texture":"#3"},"west":{"uv":[7,11,11,12],"texture":"#3"},"up":{"uv":[5,10,11,11],"texture":"#3"},"down":{"uv":[5,10,11,11],"texture":"#3"}}},{"from":[2.3324,4.2,5.71934],"to":[6.8324,7.8,10.21934],"rotation":{"angle":0,"axis":"y","origin":[3.5,6.54244,7.95507]},"faces":{"north":{"uv":[11,8,16,12],"texture":"#3"},"east":{"uv":[7,11,11,12],"texture":"#3"},"south":{"uv":[11,8,16,12],"texture":"#3"},"west":{"uv":[7,11,11,12],"texture":"#3"},"up":{"uv":[5,10,11,11],"texture":"#3"},"down":{"uv":[5,10,11,11],"texture":"#3"}}},{"from":[9.5324,4.2,5.71934],"to":[14.0324,7.8,10.21934],"rotation":{"angle":0,"axis":"y","origin":[3.5,6.54244,7.95507]},"faces":{"north":{"uv":[3,8,7,12],"texture":"#3"},"east":{"uv":[7,10,11,11],"texture":"#3"},"south":{"uv":[3,8,7,12],"texture":"#3"},"west":{"uv":[7,11,11,12],"texture":"#3"},"up":{"uv":[7,8,11,9],"texture":"#3"},"down":{"uv":[8,11,11,12],"texture":"#3"}}},{"from":[6.8324,4.6,6.61934],"to":[9.5324,7.8,9.31934],"rotation":{"angle":0,"axis":"y","origin":[3.5,6.54244,7.95507]},"faces":{"north":{"uv":[9,8,11,12],"texture":"#3"},"east":{"uv":[5,10,11,11],"texture":"#3"},"south":{"uv":[9,8,11,12],"texture":"#3"},"west":{"uv":[5,10,11,11],"texture":"#3"},"up":{"uv":[8,8,11,9],"texture":"#3"},"down":{"uv":[8,11,11,12],"texture":"#3"}}},{"from":[14.0324,4.2,6.16934],"to":[14.9324,8.6,9.76934],"rotation":{"angle":0,"axis":"y","origin":[3.5,6.54244,7.95507]},"faces":{"north":{"uv":[4,14,8,15],"rotation":90,"texture":"#2"},"east":{"uv":[4,14,8,15],"rotation":90,"texture":"#2"},"south":{"uv":[4,14,8,15],"rotation":90,"texture":"#2"},"west":{"uv":[2,7,3,8],"texture":"#3"},"up":{"uv":[4,14,5,15],"texture":"#2"},"down":{"uv":[2,7,3,8],"texture":"#3"}}},{"from":[11.3324,3.3,6.71934],"to":[14.0324,4.2,9.21934],"rotation":{"angle":0,"axis":"y","origin":[3.5,6.54244,7.95507]},"faces":{"north":{"uv":[3,12,6,13],"texture":"#3"},"east":{"uv":[7,10,11,11],"texture":"#3"},"south":{"uv":[3,12,6,13],"texture":"#3"},"west":{"uv":[8,11,11,12],"texture":"#3"},"up":{"uv":[5,10,11,11],"texture":"#3"},"down":{"uv":[8,11,11,12],"texture":"#3"}}},{"from":[11.3324,0.7,5.71934],"to":[14.0324,0.8,10.21934],"rotation":{"angle":0,"axis":"y","origin":[3.5,6.54244,7.95507]},"faces":{"north":{"uv":[12,0,13,1],"texture":"#2"},"east":{"uv":[12,0,13,1],"texture":"#2"},"south":{"uv":[12,0,13,1],"texture":"#2"},"west":{"uv":[12,0,13,1],"texture":"#2"},"up":{"uv":[12,0,13,1],"texture":"#2"},"down":{"uv":[12,0,13,1],"texture":"#2"}}},{"from":[11.3324,8.7,5.71934],"to":[14.0324,9.6,10.21934],"rotation":{"angle":0,"axis":"y","origin":[3.5,6.54244,7.95507]},"faces":{"north":{"uv":[3,6,6,7],"texture":"#3"},"east":{"uv":[7,10,11,11],"texture":"#3"},"south":{"uv":[3,6,6,7],"texture":"#3"},"west":{"uv":[12,7,16,8],"texture":"#3"},"up":{"uv":[13,6,16,7],"texture":"#3"},"down":{"uv":[5,10,11,11],"texture":"#3"}}},{"from":[2.3324,8.7,5.71934],"to":[5.0324,9.6,10.21934],"rotation":{"angle":0,"axis":"y","origin":[3.5,6.54244,7.95507]},"faces":{"north":{"uv":[13,6,16,7],"texture":"#3"},"east":{"uv":[12,7,16,8],"texture":"#3"},"south":{"uv":[13,6,16,7],"texture":"#3"},"west":{"uv":[7,11,11,12],"texture":"#3"},"up":{"uv":[13,6,16,7],"texture":"#3"},"down":{"uv":[5,10,11,11],"texture":"#3"}}},{"from":[2.3324,7.8,5.71934],"to":[5.9324,8.7,10.21934],"rotation":{"angle":0,"axis":"y","origin":[3.5,6.54244,7.95507]},"faces":{"north":{"uv":[12,7,16,8],"texture":"#3"},"east":{"uv":[11,8,13,9],"texture":"#3"},"south":{"uv":[12,7,16,8],"texture":"#3"},"west":{"uv":[7,11,11,12],"texture":"#3"},"up":{"uv":[12,7,16,8],"texture":"#3"},"down":{"uv":[5,10,11,11],"texture":"#3"}}},{"from":[10.4324,7.8,5.71934],"to":[14.0324,8.7,10.21934],"rotation":{"angle":0,"axis":"y","origin":[3.5,6.54244,7.95507]},"faces":{"north":{"uv":[3,7,7,8],"texture":"#3"},"east":{"uv":[7,10,11,11],"texture":"#3"},"south":{"uv":[3,7,7,8],"texture":"#3"},"west":{"uv":[11,8,13,9],"texture":"#3"},"up":{"uv":[12,7,16,8],"texture":"#3"},"down":{"uv":[5,10,11,11],"texture":"#3"}}},{"from":[12.5,1.5,7.98853],"to":[12.59,3.3,8.07853],"rotation":{"angle":0,"axis":"y","origin":[0.8,-1.2,0.78853]},"faces":{"north":{"uv":[12,0,13,1],"texture":"#2"},"east":{"uv":[12,0,13,1],"texture":"#2"},"south":{"uv":[12,0,13,1],"texture":"#2"},"west":{"uv":[12,0,13,1],"texture":"#2"},"up":{"uv":[12,0,13,1],"texture":"#2"},"down":{"uv":[12,0,13,1],"texture":"#2"}}},{"from":[7.55,7.8,7.98853],"to":[7.82,9.6,8.25853],"rotation":{"angle":0,"axis":"y","origin":[0.8,-1.2,0.78853]},"faces":{"north":{"uv":[14,3,15,4],"texture":"#0"},"east":{"uv":[14,3,15,4],"texture":"#0"},"south":{"uv":[14,3,15,4],"texture":"#0"},"west":{"uv":[14,3,15,4],"texture":"#0"},"up":{"uv":[14,3,15,4],"texture":"#0"},"down":{"uv":[14,3,15,4],"texture":"#0"}}},{"from":[12.95,8.7,8.43853],"to":[13.22,10.5,8.70853],"rotation":{"angle":0,"axis":"y","origin":[0.8,-1.2,0.78853]},"faces":{"north":{"uv":[12,0,12,1],"texture":"#2"},"east":{"uv":[12,0,12,1],"texture":"#2"},"south":{"uv":[12,0,12,1],"texture":"#2"},"west":{"uv":[12,0,12,1],"texture":"#2"},"up":{"uv":[12,0,12,1],"texture":"#2"},"down":{"uv":[12,0,12,1],"texture":"#2"}}},{"from":[12.95,8.7,7.08853],"to":[13.22,10.5,7.35853],"rotation":{"angle":0,"axis":"y","origin":[0.8,-1.2,0.78853]},"faces":{"north":{"uv":[12,0,12,1],"texture":"#2"},"east":{"uv":[12,0,12,1],"texture":"#2"},"south":{"uv":[12,0,12,1],"texture":"#2"},"west":{"uv":[12,0,12,1],"texture":"#2"},"up":{"uv":[12,0,12,1],"texture":"#2"},"down":{"uv":[12,0,12,1],"texture":"#2"}}},{"from":[7.235,7.8,7.67353],"to":[8.135,9.33,8.57353],"rotation":{"angle":0,"axis":"y","origin":[0.8,-1.2,0.33853]},"faces":{"north":{"uv":[0,0,15,6],"rotation":90,"texture":"#3"},"east":{"uv":[0,0,15,6],"rotation":90,"texture":"#3"},"south":{"uv":[0,0,15,6],"rotation":90,"texture":"#3"},"west":{"uv":[0,0,15,6],"rotation":90,"texture":"#3"},"up":{"uv":[13,0,14,6],"rotation":90,"texture":"#3"},"down":{"uv":[0,0,15,6],"rotation":90,"texture":"#3"}}},{"from":[14.12,6.9,7.55],"to":[15.92,7.17,8.45],"rotation":{"angle":0,"axis":"y","origin":[0.8,-1.2,1.25]},"faces":{"north":{"uv":[12,0,12,1],"texture":"#2"},"east":{"uv":[12,0,12,1],"texture":"#2"},"south":{"uv":[12,0,12,1],"texture":"#2"},"west":{"uv":[12,0,12,1],"texture":"#2"},"up":{"uv":[12,0,12,1],"texture":"#2"},"down":{"uv":[12,0,12,1],"texture":"#2"}}},{"from":[1.7,-0.3,3.5],"to":[15.3,0.6,11.6],"rotation":{"angle":0,"axis":"y","origin":[0.8,-1.2,0.8]},"faces":{"north":{"uv":[14,3,15,4],"texture":"#0"},"east":{"uv":[14,3,15,4],"texture":"#0"},"south":{"uv":[14,3,15,4],"texture":"#0"},"west":{"uv":[14,3,15,4],"texture":"#0"},"up":{"uv":[14,3,15,4],"texture":"#0"},"down":{"uv":[14,3,15,4],"texture":"#0"}}}],"display":{"thirdperson_righthand":{"scale":[0.25,0.25,0.25]},"thirdperson_lefthand":{"scale":[0.25,0.25,0.25]},"firstperson_righthand":{"scale":[0.5,0.5,0.5]},"firstperson_lefthand":{"scale":[0.5,0.5,0.5]},"ground":{"scale":[0.5,0.5,0.5]},"fixed":{"rotation":[-90,0,0],"translation":[-1.25,0,-18],"scale":[2.3,2.3,2.3]}},"groups":[{"name":"group","origin":[8,8,8],"children":[{"name":"manija","origin":[8,8,8],"children":[0,1,2,3,4,5,6,7,8,9,10,11,12,13,14,15]},{"name":"manija chata","origin":[8,8,8],"children":[16,17,18,19,20,21,22,23,24,25,26,27,28,29,30,31,32]},{"name":"cuerpo","origin":[8,8,8],"children":[33,34,35,36,37,38,39,40,41,42,43,44,45]},46,47,48,49,50,51,{"name":"base","origin":[0.8,0.8,0.8],"children":[52]}]}]}