{"credit":"Made with Blockbench","textures":{"3":"block/blankets/plaid_blue"},"elements":[{"from":[5.75,8.25,3.75],"to":[12.75,14.25,6.75],"rotation":{"angle":-22.5,"axis":"y","origin":[3.5,3,-2.5]},"faces":{"north":{"uv":[0,1,7,7],"texture":"#3"},"east":{"uv":[11.5,1,14.5,7],"texture":"#3"},"south":{"uv":[5,0.5,12,6.5],"texture":"#3"},"west":{"uv":[4,1,7,7],"texture":"#3"},"up":{"uv":[7,0.5,0,3.5],"texture":"#3"},"down":{"uv":[15.5,7,8.5,10],"texture":"#3"}}}],"display":{"thirdperson_righthand":{"rotation":[75,45,0],"translation":[0,2.5,0],"scale":[0.375,0.375,0.375]},"thirdperson_lefthand":{"rotation":[75,45,0],"translation":[0,2.5,0],"scale":[0.375,0.375,0.375]},"firstperson_righthand":{"rotation":[0,45,0],"scale":[0.4,0.4,0.4]},"firstperson_lefthand":{"rotation":[0,225,0],"scale":[0.4,0.4,0.4]},"ground":{"translation":[0,-1.75,0],"scale":[0.25,0.25,0.25]},"gui":{"rotation":[30,225,0],"translation":[-1.75,-3.75,0]},"head":{"translation":[0,13.5,0],"scale":[0.8,0.8,0.8]},"fixed":{"rotation":[-90,0,0],"translation":[1,-1,18],"scale":[2,2,2]}}}