{"credit":"Made with Blockbench","textures":{"0":"block/logs/black_oak","1":"block/blankets/knit_terracotta","particle":"block/blankets/knit_terracotta"},"elements":[{"from":[12.90625,-0.73863,5.5],"to":[13.90625,6.76137,6.5],"rotation":{"angle":-22.5,"axis":"x","origin":[13.15625,4.76137,1.25786]},"faces":{"north":{"uv":[0,0,1,7],"texture":"#0"},"east":{"uv":[0,0,1,7],"texture":"#0"},"south":{"uv":[0,0,1,7],"texture":"#0"},"west":{"uv":[0,0,1,7],"texture":"#0"},"up":{"uv":[0,0,1,7],"texture":"#0"},"down":{"uv":[0,0,1,7],"texture":"#0"}}},{"from":[1.90625,-0.73863,5.5],"to":[2.90625,6.76137,6.5],"rotation":{"angle":-22.5,"axis":"x","origin":[2.15625,4.76137,1.25786]},"faces":{"north":{"uv":[0,9,1,16],"texture":"#0"},"east":{"uv":[0,9,1,16],"texture":"#0"},"south":{"uv":[0,9,1,16],"texture":"#0"},"west":{"uv":[0,9,1,16],"texture":"#0"},"up":{"uv":[0,9,1,16],"texture":"#0"},"down":{"uv":[0,9,1,16],"texture":"#0"}}},{"from":[12.90625,1.8,-2.3],"to":[13.90625,8.3,-1.3],"rotation":{"angle":22.5,"axis":"x","origin":[13.15625,3,-0.5]},"faces":{"north":{"uv":[15,9,16,16],"texture":"#0"},"east":{"uv":[15,9,16,16],"texture":"#0"},"south":{"uv":[15,9,16,16],"texture":"#0"},"west":{"uv":[15,9,16,16],"texture":"#0"},"up":{"uv":[15,9,16,16],"texture":"#0"},"down":{"uv":[15,9,16,16],"texture":"#0"}}},{"from":[1.90625,1.8,-2.3],"to":[2.90625,8.3,-1.3],"rotation":{"angle":22.5,"axis":"x","origin":[2.15625,3,-0.5]},"faces":{"north":{"uv":[15,2,16,9],"texture":"#0"},"east":{"uv":[15,2,16,9],"texture":"#0"},"south":{"uv":[15,2,16,9],"texture":"#0"},"west":{"uv":[15,2,16,9],"texture":"#0"},"up":{"uv":[15,2,16,9],"texture":"#0"},"down":{"uv":[15,2,16,9],"texture":"#0"}}},{"from":[0.9216,8,-2.52],"to":[14.0784,9,8.52],"rotation":{"angle":0,"axis":"y","origin":[7.6334,8.7495,2.99745]},"faces":{"north":{"uv":[3,4,14,5],"texture":"#0"},"east":{"uv":[0,0,12,1.5],"texture":"#missing"},"south":{"uv":[3,4,14,5],"texture":"#0"},"west":{"uv":[3,4,14,5],"texture":"#0"},"up":{"uv":[2,2,15,13],"rotation":180,"texture":"#0"},"down":{"uv":[2,2,15,13],"rotation":180,"texture":"#0"}}},{"from":[1.3,8.5,9.8],"to":[3.4568,21.54,10.8],"rotation":{"angle":22.5,"axis":"x","origin":[8,14.74695,9.74795]},"faces":{"north":{"uv":[3,0,5,13],"texture":"#0"},"east":{"uv":[0,1,1,14],"texture":"#0"},"south":{"uv":[10,0,12,13],"texture":"#0"},"west":{"uv":[3,0,4,13],"texture":"#0"},"up":{"uv":[6,0,8,1],"texture":"#0"},"down":{"uv":[6,0,9,12],"texture":"#missing"}}},{"from":[1.305,12.28796,0.84247],"to":[3.4618,13.28796,9.88247],"rotation":{"angle":0,"axis":"x","origin":[2.3784,14.78796,10.36247]},"faces":{"north":{"uv":[10,0,12,1],"rotation":180,"texture":"#0"},"east":{"uv":[9,0,0,1],"rotation":180,"texture":"#0"},"south":{"uv":[10,0,12,1],"rotation":180,"texture":"#0"},"west":{"uv":[0,0,9,1],"rotation":180,"texture":"#0"},"up":{"uv":[10,0,12,9],"rotation":180,"texture":"#0"},"down":{"uv":[0,4,2,13],"rotation":180,"texture":"#0"}}},{"from":[12.458,12.28796,0.84247],"to":[14.6148,13.28796,9.88247],"rotation":{"angle":0,"axis":"x","origin":[13.3784,14.78796,10.36247]},"faces":{"north":{"uv":[10,0,12,1],"rotation":180,"texture":"#0"},"east":{"uv":[9,0,0,1],"rotation":180,"texture":"#0"},"south":{"uv":[10,0,12,1],"rotation":180,"texture":"#0"},"west":{"uv":[0,0,9,1],"rotation":180,"texture":"#0"},"up":{"uv":[10,0,12,9],"rotation":180,"texture":"#0"},"down":{"uv":[0,4,2,13],"rotation":180,"texture":"#0"}}},{"from":[1.3,12.12702,0.03339],"to":[3.4568,13.12702,1.07339],"rotation":{"angle":-22.5,"axis":"x","origin":[2.3784,12.62702,0.55339]},"faces":{"north":{"uv":[5,0,8,3],"rotation":180,"texture":"#missing"},"east":{"uv":[14,0,15,1],"rotation":180,"texture":"#0"},"south":{"uv":[10,3,12,4],"rotation":180,"texture":"#0"},"west":{"uv":[14,0,15,1],"rotation":180,"texture":"#0"},"up":{"uv":[12,8,14,9],"rotation":180,"texture":"#0"},"down":{"uv":[14,8,16,9],"rotation":180,"texture":"#0"}}},{"from":[12.5,12.12702,0.03339],"to":[14.6568,13.12702,1.07339],"rotation":{"angle":-22.5,"axis":"x","origin":[13.5784,12.62702,0.55339]},"faces":{"north":{"uv":[5,0,8,3],"rotation":180,"texture":"#missing"},"east":{"uv":[14,0,15,1],"rotation":180,"texture":"#0"},"south":{"uv":[10,3,12,4],"rotation":180,"texture":"#0"},"west":{"uv":[14,0,15,1],"rotation":180,"texture":"#0"},"up":{"uv":[10,3,12,4],"rotation":180,"texture":"#0"},"down":{"uv":[14,8,16,9],"rotation":180,"texture":"#0"}}},{"from":[1.3,12.37582,-0.9454],"to":[3.4568,13.37582,0.0946],"rotation":{"angle":-45,"axis":"x","origin":[2.3784,12.87582,0.5746]},"faces":{"north":{"uv":[1,10,3,11],"rotation":180,"texture":"#0"},"east":{"uv":[14,0,15,1],"rotation":180,"texture":"#0"},"south":{"uv":[5,0,8,3],"rotation":180,"texture":"#missing"},"west":{"uv":[14,0,15,1],"rotation":180,"texture":"#0"},"up":{"uv":[9,10,11,11],"rotation":180,"texture":"#0"},"down":{"uv":[14,8,16,9],"rotation":180,"texture":"#0"}}},{"from":[12.5,12.37582,-0.9454],"to":[14.6568,13.37582,0.0946],"rotation":{"angle":-45,"axis":"x","origin":[13.5784,12.87582,0.5746]},"faces":{"north":{"uv":[1,10,3,11],"rotation":180,"texture":"#0"},"east":{"uv":[14,0,15,1],"rotation":180,"texture":"#0"},"south":{"uv":[5,0,8,3],"rotation":180,"texture":"#missing"},"west":{"uv":[14,0,15,1],"rotation":180,"texture":"#0"},"up":{"uv":[8,9,10,10],"rotation":180,"texture":"#0"},"down":{"uv":[14,8,16,9],"rotation":180,"texture":"#0"}}},{"from":[12.5,8.5,9.8],"to":[14.6568,21.54,10.8],"rotation":{"angle":22.5,"axis":"x","origin":[8,14.74695,9.74795]},"faces":{"north":{"uv":[13,0,15,13],"texture":"#0"},"east":{"uv":[5,1,6,14],"texture":"#0"},"south":{"uv":[3,0,5,13],"texture":"#0"},"west":{"uv":[0,1,1,14],"texture":"#0"},"up":{"uv":[6,0,8,1],"texture":"#0"},"down":{"uv":[6,0,9,12],"texture":"#missing"}}},{"from":[10.5,8.5,10.05],"to":[11.6568,20.54,10.8],"rotation":{"angle":22.5,"axis":"x","origin":[8,14.74695,9.74795]},"faces":{"north":{"uv":[13,0,14,13],"texture":"#0"},"east":{"uv":[13,0,14,13],"texture":"#0"},"south":{"uv":[13,0,14,13],"texture":"#0"},"west":{"uv":[13,0,14,13],"texture":"#0"},"up":{"uv":[13,0,14,13],"texture":"#0"},"down":{"uv":[13,0,14,13],"texture":"#0"}}},{"from":[4.5,8.5,10.05],"to":[5.6568,20.54,10.8],"rotation":{"angle":22.5,"axis":"x","origin":[8,14.74695,9.74795]},"faces":{"north":{"uv":[13,3,14,16],"texture":"#0"},"east":{"uv":[13,3,14,16],"texture":"#0"},"south":{"uv":[13,3,14,16],"texture":"#0"},"west":{"uv":[13,3,14,16],"texture":"#0"},"up":{"uv":[13,3,14,16],"texture":"#0"},"down":{"uv":[13,3,14,16],"texture":"#0"}}},{"from":[6.5,8.5,10.05],"to":[7.6568,20.54,10.8],"rotation":{"angle":22.5,"axis":"x","origin":[8,14.74695,9.74795]},"faces":{"north":{"uv":[3,3,4,16],"texture":"#0"},"east":{"uv":[3,3,4,16],"texture":"#0"},"south":{"uv":[3,3,4,16],"texture":"#0"},"west":{"uv":[3,3,4,16],"texture":"#0"},"up":{"uv":[3,3,4,16],"texture":"#0"},"down":{"uv":[3,3,4,16],"texture":"#0"}}},{"from":[8.5,8.5,10.05],"to":[9.6568,20.54,10.8],"rotation":{"angle":22.5,"axis":"x","origin":[8,14.74695,9.74795]},"faces":{"north":{"uv":[4,0,5,13],"texture":"#0"},"east":{"uv":[4,0,5,13],"texture":"#0"},"south":{"uv":[4,0,5,13],"texture":"#0"},"west":{"uv":[4,0,5,13],"texture":"#0"},"up":{"uv":[4,0,5,13],"texture":"#0"},"down":{"uv":[4,0,5,13],"texture":"#0"}}},{"from":[3.4568,20.53696,9.81531],"to":[12.5068,23.03696,10.81531],"rotation":{"angle":22.5,"axis":"x","origin":[7.9568,14.78391,9.76326]},"faces":{"north":{"uv":[2,0,11,3],"texture":"#0"},"east":{"uv":[2,0,13,3],"texture":"#missing"},"south":{"uv":[2,0,11,3],"texture":"#0"},"west":{"uv":[2,0,13,3],"texture":"#missing"},"up":{"uv":[2,2,11,3],"texture":"#0"},"down":{"uv":[2,2,11,3],"texture":"#0"}}},{"from":[2.9568,21.6892,9.04994],"to":[3.4568,23.1892,10.04994],"rotation":{"angle":22.5,"axis":"x","origin":[7.4568,12.93615,8.99789]},"faces":{"north":{"uv":[11,1,12,2.5],"rotation":180,"texture":"#0"},"east":{"uv":[11,0,12,1],"rotation":180,"texture":"#missing"},"south":{"uv":[11,1,12,2.5],"rotation":180,"texture":"#0"},"west":{"uv":[11,0,12,1],"rotation":180,"texture":"#0"},"up":{"uv":[11,0,12,1],"rotation":180,"texture":"#0"},"down":{"uv":[11,0,12,1],"rotation":180,"texture":"#missing"}}},{"from":[12.5,21.6892,9.04994],"to":[13,23.1892,10.04994],"rotation":{"angle":22.5,"axis":"x","origin":[7,12.93615,8.99789]},"faces":{"north":{"uv":[11,1,12,2.5],"rotation":180,"texture":"#0"},"east":{"uv":[11,0,12,1],"rotation":180,"texture":"#0"},"south":{"uv":[11,1,12,2.5],"rotation":180,"texture":"#0"},"west":{"uv":[11,0,12,1],"rotation":180,"texture":"#missing"},"up":{"uv":[11,0,12,1],"rotation":180,"texture":"#0"},"down":{"uv":[11,0,12,1],"rotation":180,"texture":"#missing"}}},{"from":[2.4568,21.6892,9.04994],"to":[2.9568,22.9392,10.04994],"rotation":{"angle":22.5,"axis":"x","origin":[8.9568,12.93615,8.99789]},"faces":{"north":{"uv":[14,3,15,4],"rotation":180,"texture":"#0"},"east":{"uv":[14,3,15,4],"rotation":180,"texture":"#missing"},"south":{"uv":[14,3,15,4],"rotation":180,"texture":"#0"},"west":{"uv":[14,3,15,4],"rotation":180,"texture":"#0"},"up":{"uv":[10,4,11,5],"rotation":180,"texture":"#0"},"down":{"uv":[14,3,15,4],"rotation":180,"texture":"#missing"}}},{"from":[13,21.6892,9.04994],"to":[13.5,22.9392,10.04994],"rotation":{"angle":22.5,"axis":"x","origin":[8.5,12.93615,8.99789]},"faces":{"north":{"uv":[14,3,15,4],"rotation":180,"texture":"#0"},"east":{"uv":[14,3,15,4],"rotation":180,"texture":"#0"},"south":{"uv":[14,3,15,4],"rotation":180,"texture":"#0"},"west":{"uv":[10,4,11,5],"rotation":180,"texture":"#missing"},"up":{"uv":[10,4,11,5],"rotation":180,"texture":"#0"},"down":{"uv":[10,4,11,5],"rotation":180,"texture":"#missing"}}},{"from":[1.5568,20.79262,12.45324],"to":[2.4568,21.29262,13.45324],"rotation":{"angle":22.5,"axis":"x","origin":[2.1818,21.04262,12.95324]},"faces":{"north":{"uv":[7,5,8,6],"rotation":180,"texture":"#0"},"east":{"uv":[7,5,8,6],"rotation":180,"texture":"#0"},"south":{"uv":[7,5,8,6],"rotation":180,"texture":"#0"},"west":{"uv":[7,5,8,6],"rotation":180,"texture":"#0"},"up":{"uv":[7,5,8,6],"rotation":180,"texture":"#0"},"down":{"uv":[7,5,8,6],"rotation":180,"texture":"#0"}}},{"from":[13.5,20.79262,12.45324],"to":[14.4,21.29262,13.45324],"rotation":{"angle":22.5,"axis":"x","origin":[2.125,21.04262,12.95324]},"faces":{"north":{"uv":[7,5,8,6],"rotation":180,"texture":"#0"},"east":{"uv":[7,5,8,6],"rotation":180,"texture":"#0"},"south":{"uv":[7,5,8,6],"rotation":180,"texture":"#0"},"west":{"uv":[7,5,8,6],"rotation":180,"texture":"#0"},"up":{"uv":[7,5,8,6],"rotation":180,"texture":"#0"},"down":{"uv":[7,5,8,6],"rotation":180,"texture":"#0"}}},{"from":[1.8068,21.33068,12.26189],"to":[2.4568,21.83068,13.26189],"rotation":{"angle":22.5,"axis":"x","origin":[2.4318,20.58068,12.76189]},"faces":{"north":{"uv":[8,10,9,11],"rotation":180,"texture":"#0"},"east":{"uv":[8,10,9,11],"rotation":180,"texture":"#0"},"south":{"uv":[8,10,9,11],"rotation":180,"texture":"#0"},"west":{"uv":[8,10,9,11],"rotation":180,"texture":"#0"},"up":{"uv":[8,10,9,11],"rotation":180,"texture":"#0"},"down":{"uv":[8,10,9,11],"rotation":180,"texture":"#0"}}},{"from":[13.5,21.33068,12.26189],"to":[14.15,21.83068,13.26189],"rotation":{"angle":22.5,"axis":"x","origin":[2.125,20.58068,12.76189]},"faces":{"north":{"uv":[8,10,9,11],"rotation":180,"texture":"#0"},"east":{"uv":[8,10,9,11],"rotation":180,"texture":"#0"},"south":{"uv":[8,10,9,11],"rotation":180,"texture":"#0"},"west":{"uv":[8,10,9,11],"rotation":180,"texture":"#0"},"up":{"uv":[8,10,9,11],"rotation":180,"texture":"#0"},"down":{"uv":[8,10,9,11],"rotation":180,"texture":"#0"}}},{"from":[1.9216,8,-3.48],"to":[14.0784,9,-2.52],"rotation":{"angle":0,"axis":"y","origin":[7.6334,8.7495,2.99745]},"faces":{"north":{"uv":[2,1,14,2],"texture":"#0"},"east":{"uv":[2,1,14,2],"texture":"#0"},"south":{"uv":[2,1,14,2],"texture":"#0"},"west":{"uv":[2,1,14,2],"texture":"#0"},"up":{"uv":[2,5,14,6],"texture":"#0"},"down":{"uv":[2,1,14,2],"texture":"#0"}}},{"from":[14.0784,8,-2.52],"to":[15.0616,9,8.52],"rotation":{"angle":0,"axis":"y","origin":[9.6334,8.7495,2.99745]},"faces":{"north":{"uv":[3,3,14,4],"rotation":90,"texture":"#0"},"east":{"uv":[3,11,14,12],"texture":"#0"},"south":{"uv":[3,3,14,4],"rotation":90,"texture":"#0"},"west":{"uv":[3,3,14,4],"rotation":90,"texture":"#0"},"up":{"uv":[3,3,14,4],"rotation":90,"texture":"#0"},"down":{"uv":[3,3,14,4],"rotation":90,"texture":"#0"}}},{"from":[1.9216,8,8.52],"to":[14.0784,9,9.48],"rotation":{"angle":0,"axis":"y","origin":[7.6334,8.7495,2.99745]},"faces":{"north":{"uv":[2,5,14,6],"texture":"#0"},"east":{"uv":[2,5,14,6],"texture":"#0"},"south":{"uv":[2,11,14,12],"texture":"#0"},"west":{"uv":[2,5,14,6],"texture":"#0"},"up":{"uv":[2,5,14,6],"texture":"#0"},"down":{"uv":[2,5,14,6],"texture":"#0"}}},{"from":[6.7682,8.01,-5.58231],"to":[8.20468,8.99,-4.62231],"rotation":{"angle":45,"axis":"y","origin":[7.60086,8.7595,3.0532]},"faces":{"north":{"uv":[15,1,16,2],"texture":"#0"},"east":{"uv":[15,1,16,2],"texture":"#0"},"south":{"uv":[15,1,16,2],"texture":"#0"},"west":{"uv":[15,1,16,2],"texture":"#0"},"up":{"uv":[15,1,16,2],"texture":"#0"},"down":{"uv":[15,1,16,2],"texture":"#0"}}},{"from":[16.47354,8,1.56029],"to":[17.35674,8.99,2.90429],"rotation":{"angle":45,"axis":"y","origin":[9.6334,8.7495,2.99745]},"faces":{"north":{"uv":[15,0,16,1],"texture":"#0"},"east":{"uv":[15,0,16,1],"texture":"#0"},"south":{"uv":[15,0,16,1],"texture":"#0"},"west":{"uv":[15,0,16,1],"texture":"#0"},"up":{"uv":[15,0,16,1],"texture":"#0"},"down":{"uv":[15,0,16,1],"texture":"#0"}}},{"from":[8.19263,8,9.7644],"to":[9.52911,8.99,10.7244],"rotation":{"angle":45,"axis":"y","origin":[9.6334,8.7495,2.99745]},"faces":{"north":{"uv":[15,3,16,4],"texture":"#0"},"east":{"uv":[15,3,16,4],"texture":"#0"},"south":{"uv":[15,3,16,4],"texture":"#0"},"west":{"uv":[15,3,16,4],"texture":"#0"},"up":{"uv":[15,3,16,4],"texture":"#0"},"down":{"uv":[15,3,16,4],"texture":"#0"}}},{"from":[-0.98931,8,2.19846],"to":[-0.10611,9,3.54246],"rotation":{"angle":45,"axis":"y","origin":[7.6334,8.7495,2.99745]},"faces":{"north":{"uv":[14,0,15,1],"texture":"#0"},"east":{"uv":[14,0,15,1],"texture":"#0"},"south":{"uv":[14,0,15,1],"texture":"#0"},"west":{"uv":[14,0,15,1],"texture":"#0"},"up":{"uv":[14,0,15,1],"texture":"#0"},"down":{"uv":[14,0,15,1],"texture":"#0"}}},{"from":[2.5,5.5,-3.3],"to":[13,6,-2.8],"rotation":{"angle":22.5,"axis":"x","origin":[7.25,0.5,-5.5]},"faces":{"north":{"uv":[14,0,15,1],"texture":"#0"},"east":{"uv":[14,0,15,1],"texture":"#0"},"south":{"uv":[14,0,15,1],"texture":"#0"},"west":{"uv":[14,0,15,1],"texture":"#0"},"up":{"uv":[14,0,15,1],"texture":"#0"},"down":{"uv":[14,0,15,1],"texture":"#0"}}},{"from":[2.5,2.3,6.20184],"to":[13,2.8,6.70184],"rotation":{"angle":-22.5,"axis":"x","origin":[9.75,3.30301,1.45184]},"faces":{"north":{"uv":[14,0,15,1],"texture":"#0"},"east":{"uv":[14,0,15,1],"texture":"#0"},"south":{"uv":[14,0,15,1],"texture":"#0"},"west":{"uv":[14,0,15,1],"texture":"#0"},"up":{"uv":[14,0,15,1],"texture":"#0"},"down":{"uv":[14,0,15,1],"texture":"#0"}}},{"from":[2.3,4.12269,-1.66223],"to":[2.8,4.62269,6.83777],"rotation":{"angle":0,"axis":"y","origin":[6.75,3.37269,3.58777]},"faces":{"north":{"uv":[14,0,15,1],"texture":"#0"},"east":{"uv":[14,0,15,1],"texture":"#0"},"south":{"uv":[14,0,15,1],"texture":"#0"},"west":{"uv":[14,0,15,1],"texture":"#0"},"up":{"uv":[14,0,15,1],"texture":"#0"},"down":{"uv":[14,0,15,1],"texture":"#0"}}},{"from":[13,4.12269,-1.66223],"to":[13.5,4.62269,6.83777],"rotation":{"angle":0,"axis":"y","origin":[6.75,3.37269,3.58777]},"faces":{"north":{"uv":[14,0,15,1],"texture":"#0"},"east":{"uv":[14,0,15,1],"texture":"#0"},"south":{"uv":[14,0,15,1],"texture":"#0"},"west":{"uv":[14,0,15,1],"texture":"#0"},"up":{"uv":[14,0,15,1],"texture":"#0"},"down":{"uv":[14,0,15,1],"texture":"#0"}}},{"from":[12.65625,0,0.5],"to":[14.15625,1,5.5],"rotation":{"angle":0,"axis":"y","origin":[13.15625,0.5,2.5]},"faces":{"north":{"uv":[15,7,16,9],"texture":"#missing"},"east":{"uv":[15,6,16,11],"rotation":90,"texture":"#0"},"south":{"uv":[15,7,16,9],"texture":"#missing"},"west":{"uv":[15,11,16,6],"rotation":90,"texture":"#0"},"up":{"uv":[15,3,16,8],"texture":"#0"},"down":{"uv":[14,0,15,1],"texture":"#0"}}},{"from":[1.65625,0,0.5],"to":[3.15625,1,5.5],"rotation":{"angle":0,"axis":"y","origin":[13.15625,0.5,2.5]},"faces":{"north":{"uv":[15,7,16,9],"texture":"#missing"},"east":{"uv":[15,6,16,11],"rotation":90,"texture":"#0"},"south":{"uv":[15,7,16,9],"texture":"#missing"},"west":{"uv":[15,11,16,6],"rotation":90,"texture":"#0"},"up":{"uv":[15,3,16,8],"texture":"#0"},"down":{"uv":[14,0,15,1],"texture":"#0"}}},{"from":[1.65625,0.53596,-2.19448],"to":[3.15625,1.53596,0.80552],"rotation":{"angle":22.5,"axis":"x","origin":[2.15625,1.03596,-0.69448]},"faces":{"north":{"uv":[15,7,16,9],"texture":"#missing"},"east":{"uv":[15,4,16,7],"rotation":90,"texture":"#0"},"south":{"uv":[15,7,16,9],"texture":"#missing"},"west":{"uv":[15,7,16,4],"rotation":90,"texture":"#0"},"up":{"uv":[15,3,16,6],"texture":"#0"},"down":{"uv":[14,0,15,1],"texture":"#0"}}},{"from":[12.65625,0.53596,-2.19448],"to":[14.15625,1.53596,0.80552],"rotation":{"angle":22.5,"axis":"x","origin":[13.15625,1.03596,-0.69448]},"faces":{"north":{"uv":[15,7,16,9],"texture":"#missing"},"east":{"uv":[15,4,16,7],"rotation":90,"texture":"#0"},"south":{"uv":[15,7,16,9],"texture":"#missing"},"west":{"uv":[15,7,16,4],"rotation":90,"texture":"#0"},"up":{"uv":[15,3,16,6],"texture":"#0"},"down":{"uv":[14,0,15,1],"texture":"#0"}}},{"from":[1.65625,2.06226,-4.47875],"to":[3.15625,3.06226,-1.47875],"rotation":{"angle":45,"axis":"x","origin":[2.15625,2.56226,-2.97875]},"faces":{"north":{"uv":[14,0,15,1],"texture":"#0"},"east":{"uv":[15,3,16,6],"rotation":90,"texture":"#0"},"south":{"uv":[15,7,16,9],"texture":"#missing"},"west":{"uv":[15,3,16,6],"rotation":90,"texture":"#0"},"up":{"uv":[15,9,16,12],"texture":"#0"},"down":{"uv":[14,0,15,1],"texture":"#0"}}},{"from":[12.65625,2.06226,-4.47875],"to":[14.15625,3.06226,-1.47875],"rotation":{"angle":45,"axis":"x","origin":[13.15625,2.56226,-2.97875]},"faces":{"north":{"uv":[14,0,15,1],"texture":"#0"},"east":{"uv":[15,3,16,6],"rotation":90,"texture":"#0"},"south":{"uv":[15,7,16,9],"texture":"#missing"},"west":{"uv":[15,3,16,6],"rotation":90,"texture":"#0"},"up":{"uv":[15,9,16,12],"texture":"#0"},"down":{"uv":[14,0,15,1],"texture":"#0"}}},{"from":[12.65625,0.63164,5.17545],"to":[14.15625,1.63164,9.67545],"rotation":{"angle":-22.5,"axis":"x","origin":[13.40625,1.13164,6.92545]},"faces":{"north":{"uv":[15,7,16,9],"texture":"#missing"},"east":{"uv":[15,10,16,15],"rotation":90,"texture":"#0"},"south":{"uv":[14,0,15,1],"texture":"#0"},"west":{"uv":[15,15,16,10],"rotation":90,"texture":"#0"},"up":{"uv":[15,9,16,14],"texture":"#0"},"down":{"uv":[14,0,15,1],"texture":"#0"}}},{"from":[1.65625,0.63164,5.17545],"to":[3.15625,1.63164,9.67545],"rotation":{"angle":-22.5,"axis":"x","origin":[13.40625,1.13164,6.92545]},"faces":{"north":{"uv":[15,7,16,9],"texture":"#missing"},"east":{"uv":[15,10,16,15],"rotation":90,"texture":"#0"},"south":{"uv":[14,0,15,1],"texture":"#0"},"west":{"uv":[15,15,16,10],"rotation":90,"texture":"#0"},"up":{"uv":[15,9,16,14],"texture":"#0"},"down":{"uv":[14,0,15,1],"texture":"#0"}}},{"from":[3.5,7,7.5122],"to":[10.5,14,9.5122],"rotation":{"angle":22.5,"axis":"x","origin":[6.37286,13,13.2622]},"faces":{"north":{"uv":[6.5,5.25,12.75,11.5],"texture":"#1"},"east":{"uv":[9.75,9.75,10.25,10.25],"texture":"#1"},"south":{"uv":[6.5,5.25,12.75,11.5],"texture":"#1"},"west":{"uv":[9.75,9.75,10.25,10.25],"texture":"#1"},"up":{"uv":[9.75,9.75,10.25,10.25],"texture":"#1"},"down":{"uv":[9.75,9.75,10.25,10.25],"texture":"#1"}}}],"display":{"thirdperson_righthand":{"rotation":[75,45,0],"translation":[0,2.5,0],"scale":[0.375,0.375,0.375]},"thirdperson_lefthand":{"rotation":[75,45,0],"translation":[0,2.5,0],"scale":[0.375,0.375,0.375]},"firstperson_righthand":{"rotation":[0,19,0],"scale":[0.4,0.4,0.4]},"firstperson_lefthand":{"rotation":[0,12,0],"scale":[0.4,0.4,0.4]},"ground":{"translation":[0,0.25,0],"scale":[0.5,0.5,0.5]},"gui":{"rotation":[30,225,0],"scale":[0.45,0.45,0.45]},"head":{"translation":[0,13.75,0],"scale":[0.8,0.8,0.8]},"fixed":{"rotation":[-90,0,0],"translation":[0,0,-15],"scale":[2,2,2]}},"groups":[{"name":"rocking chair","origin":[7.9568,14.78391,15.76326],"children":[0,1,2,3,4,5,6,7,8,9,10,11,12,13,14,15,16,17,18,19,20,21,22,23,24,25,26,27,28,29,30,31,32,33,34,35,36,37,38,39,40,41,42,43,44,45]}]}