{"credit":"Made with Blockbench","textures":{"0":"block/canasto2","2":"block/wool/blue_skein","3":"block/wool/cyan_skein","4":"block/wool/brown_skein","5":"block/wool/green_skein","6":"block/wool/purple_skein","7":"block/wool/red_skein","8":"block/wool/yellow_skein","particle":"block/canasto2"},"elements":[{"from":[7.5,0,1],"to":[13.5,1,11],"rotation":{"angle":0,"axis":"y","origin":[7.5,0,5]},"faces":{"north":{"uv":[0,8,6,9],"texture":"#0"},"east":{"uv":[0,8,10,9],"texture":"#0"},"south":{"uv":[0,8,6,9],"texture":"#0"},"west":{"uv":[0,8,10,9],"texture":"#0"},"up":{"uv":[0,8,10,14],"rotation":90,"texture":"#0"},"down":{"uv":[0,8,10,14],"rotation":90,"texture":"#0"}}},{"from":[2.5,0,1],"to":[7.5,1,11],"rotation":{"angle":0,"axis":"y","origin":[7.5,0,5]},"faces":{"north":{"uv":[0,8,5,9],"texture":"#0"},"east":{"uv":[0,8,10,9],"texture":"#0"},"south":{"uv":[0,8,5,9],"texture":"#0"},"west":{"uv":[0,8,10,9],"texture":"#0"},"up":{"uv":[0,8,10,13],"rotation":90,"texture":"#0"},"down":{"uv":[0,8,10,13],"rotation":90,"texture":"#0"}}},{"from":[13.5,1,1],"to":[14.5,9,11],"rotation":{"angle":0,"axis":"y","origin":[6.5,1,5]},"faces":{"north":{"uv":[11,0,12,8],"texture":"#0"},"east":{"uv":[1,0,12,8],"texture":"#0"},"south":{"uv":[12,0,13,8],"texture":"#0"},"west":{"uv":[0,8,9,15],"texture":"#0"},"up":{"uv":[12,0,1,1],"rotation":90,"texture":"#0"},"down":{"uv":[0,8,1,15],"texture":"#0"}}},{"from":[1.5,1,1],"to":[2.5,9,11],"rotation":{"angle":0,"axis":"y","origin":[6.5,1,5]},"faces":{"north":{"uv":[12,0,13,8],"texture":"#0"},"east":{"uv":[0,8,9,15],"texture":"#0"},"south":{"uv":[11,0,12,8],"texture":"#0"},"west":{"uv":[1,0,12,8],"texture":"#0"},"up":{"uv":[1,0,12,1],"rotation":90,"texture":"#0"},"down":{"uv":[0,8,10,9],"texture":"#0"}}},{"from":[2.5,1,0],"to":[13.5,9,1],"rotation":{"angle":0,"axis":"y","origin":[7.5,0,6]},"faces":{"north":{"uv":[1,0,12,8],"texture":"#0"},"east":{"uv":[12,0,13,8],"texture":"#0"},"south":{"uv":[0,8,10,15],"texture":"#0"},"west":{"uv":[0,0,1,8],"texture":"#0"},"up":{"uv":[1,0,12,1],"rotation":180,"texture":"#0"},"down":{"uv":[0,8,10,14],"rotation":180,"texture":"#0"}}},{"from":[2.5,1,11],"to":[13.5,9,12],"rotation":{"angle":0,"axis":"y","origin":[7.5,0,5]},"faces":{"north":{"uv":[0,8,10,15],"texture":"#0"},"east":{"uv":[0,0,1,8],"texture":"#0"},"south":{"uv":[1,0,12,8],"texture":"#0"},"west":{"uv":[12,0,13,8],"texture":"#0"},"up":{"uv":[1,0,12,1],"texture":"#0"},"down":{"uv":[0,8,10,9],"texture":"#0"}}},{"from":[7.5,15.10346,7.61745],"to":[8.5,16.10346,8.36745],"rotation":{"angle":0,"axis":"x","origin":[8,15.60346,16.86745]},"faces":{"north":{"uv":[0,4,1,5],"rotation":180,"texture":"#0"},"east":{"uv":[0,4,1,5],"rotation":180,"texture":"#0"},"south":{"uv":[0,4,1,5],"rotation":180,"texture":"#0"},"west":{"uv":[0,4,1,5],"rotation":180,"texture":"#0"},"up":{"uv":[0,4,1,5],"rotation":180,"texture":"#0"},"down":{"uv":[0,4,1,5],"rotation":180,"texture":"#0"}}},{"from":[7.5,11.88871,8.52908],"to":[8.5,12.88871,9.52908],"rotation":{"angle":22.5,"axis":"x","origin":[8,12.38871,16.02908]},"faces":{"north":{"uv":[0,4,1,5],"rotation":180,"texture":"#0"},"east":{"uv":[0,4,1,5],"rotation":180,"texture":"#0"},"south":{"uv":[0,4,1,5],"rotation":180,"texture":"#0"},"west":{"uv":[0,4,1,5],"rotation":180,"texture":"#0"},"up":{"uv":[0,4,1,5],"rotation":180,"texture":"#0"},"down":{"uv":[0,4,1,5],"rotation":180,"texture":"#0"}}},{"from":[7.5,11.88871,7.52908],"to":[8.5,12.88871,8.52908],"rotation":{"angle":22.5,"axis":"x","origin":[8,12.38871,16.02908]},"faces":{"north":{"uv":[0,4,1,5],"rotation":180,"texture":"#0"},"east":{"uv":[0,4,1,5],"rotation":180,"texture":"#0"},"south":{"uv":[0,4,1,5],"rotation":180,"texture":"#0"},"west":{"uv":[0,4,1,5],"rotation":180,"texture":"#0"},"up":{"uv":[0,4,1,5],"rotation":180,"texture":"#0"},"down":{"uv":[0,4,1,5],"rotation":180,"texture":"#0"}}},{"from":[7.5,14.71677,11.12942],"to":[8.5,15.71677,12.12942],"rotation":{"angle":-45,"axis":"x","origin":[8,13.21677,11.62942]},"faces":{"north":{"uv":[0,4,1,5],"texture":"#0"},"east":{"uv":[0,4,1,5],"texture":"#0"},"south":{"uv":[0,4,1,5],"texture":"#0"},"west":{"uv":[0,4,1,5],"texture":"#0"},"up":{"uv":[0,4,1,5],"texture":"#0"},"down":{"uv":[0,4,1,5],"texture":"#0"}}},{"from":[7.5,13.71677,11.12942],"to":[8.5,14.71677,12.12942],"rotation":{"angle":-45,"axis":"x","origin":[8,13.21677,11.62942]},"faces":{"north":{"uv":[0,4,1,5],"texture":"#0"},"east":{"uv":[0,4,1,5],"texture":"#0"},"south":{"uv":[0,4,1,5],"texture":"#0"},"west":{"uv":[0,4,1,5],"texture":"#0"},"up":{"uv":[0,4,1,5],"texture":"#0"},"down":{"uv":[0,4,1,5],"texture":"#0"}}},{"from":[7.5,12.7706,10.85882],"to":[8.5,13.7706,11.85882],"rotation":{"angle":-22.5,"axis":"x","origin":[8,13.2706,11.35882]},"faces":{"north":{"uv":[0,4,1,5],"texture":"#0"},"east":{"uv":[0,4,1,5],"texture":"#0"},"south":{"uv":[0,4,1,5],"texture":"#0"},"west":{"uv":[0,4,1,5],"texture":"#0"},"up":{"uv":[0,4,1,5],"texture":"#0"},"down":{"uv":[0,4,1,5],"texture":"#0"}}},{"from":[7.5,12,11.0121],"to":[8.5,13,12.0121],"rotation":{"angle":0,"axis":"y","origin":[1.5,9,6.0121]},"faces":{"north":{"uv":[0,4,1,5],"texture":"#0"},"east":{"uv":[0,4,1,5],"texture":"#0"},"south":{"uv":[0,4,1,5],"texture":"#0"},"west":{"uv":[0,4,1,5],"texture":"#0"},"up":{"uv":[0,4,1,5],"texture":"#0"},"down":{"uv":[0,4,1,5],"texture":"#0"}}},{"from":[7.5,11,11.0121],"to":[8.5,12,12.0121],"rotation":{"angle":0,"axis":"y","origin":[1.5,9,6.0121]},"faces":{"north":{"uv":[0,4,1,5],"texture":"#0"},"east":{"uv":[0,4,1,5],"texture":"#0"},"south":{"uv":[0,4,1,5],"texture":"#0"},"west":{"uv":[0,4,1,5],"texture":"#0"},"up":{"uv":[0,4,1,5],"texture":"#0"},"down":{"uv":[0,4,1,5],"texture":"#0"}}},{"from":[7.5,10,11.0121],"to":[8.5,11,12.0121],"rotation":{"angle":0,"axis":"y","origin":[1.5,9,6.0121]},"faces":{"north":{"uv":[0,4,1,5],"texture":"#0"},"east":{"uv":[0,4,1,5],"texture":"#0"},"south":{"uv":[0,4,1,5],"texture":"#0"},"west":{"uv":[0,4,1,5],"texture":"#0"},"up":{"uv":[0,4,1,5],"texture":"#0"},"down":{"uv":[0,4,1,5],"texture":"#0"}}},{"from":[7.5,15.10346,6.65676],"to":[8.5,16.10346,7.65676],"rotation":{"angle":0,"axis":"x","origin":[8,15.60346,0.15676]},"faces":{"north":{"uv":[0,4,1,5],"texture":"#0"},"east":{"uv":[0,4,1,5],"texture":"#0"},"south":{"uv":[0,4,1,5],"texture":"#0"},"west":{"uv":[0,4,1,5],"texture":"#0"},"up":{"uv":[0,4,1,5],"texture":"#0"},"down":{"uv":[0,4,1,5],"texture":"#0"}}},{"from":[7.5,15.10346,5.65676],"to":[8.5,16.10346,6.65676],"rotation":{"angle":0,"axis":"x","origin":[8,15.60346,0.15676]},"faces":{"north":{"uv":[0,4,1,5],"texture":"#0"},"east":{"uv":[0,4,1,5],"texture":"#0"},"south":{"uv":[0,4,1,5],"texture":"#0"},"west":{"uv":[0,4,1,5],"texture":"#0"},"up":{"uv":[0,4,1,5],"texture":"#0"},"down":{"uv":[0,4,1,5],"texture":"#0"}}},{"from":[7.5,15.10346,4.65676],"to":[8.5,16.10346,5.65676],"rotation":{"angle":0,"axis":"x","origin":[8,15.60346,-0.84324]},"faces":{"north":{"uv":[0,4,1,5],"texture":"#0"},"east":{"uv":[0,4,1,5],"texture":"#0"},"south":{"uv":[0,4,1,5],"texture":"#0"},"west":{"uv":[0,4,1,5],"texture":"#0"},"up":{"uv":[0,4,1,5],"texture":"#0"},"down":{"uv":[0,4,1,5],"texture":"#0"}}},{"from":[7.5,15.10346,3.65676],"to":[8.5,16.10346,4.65676],"rotation":{"angle":0,"axis":"x","origin":[8,15.60346,-0.84324]},"faces":{"north":{"uv":[0,4,1,5],"texture":"#0"},"east":{"uv":[0,4,1,5],"texture":"#0"},"south":{"uv":[0,4,1,5],"texture":"#0"},"west":{"uv":[0,4,1,5],"texture":"#0"},"up":{"uv":[0,4,1,5],"texture":"#0"},"down":{"uv":[0,4,1,5],"texture":"#0"}}},{"from":[7.5,13.41944,3.19064],"to":[8.5,14.41944,4.19064],"rotation":{"angle":-22.5,"axis":"x","origin":[8,13.91944,-0.30936]},"faces":{"north":{"uv":[0,4,1,5],"texture":"#0"},"east":{"uv":[0,4,1,5],"texture":"#0"},"south":{"uv":[0,4,1,5],"texture":"#0"},"west":{"uv":[0,4,1,5],"texture":"#0"},"up":{"uv":[0,4,1,5],"texture":"#0"},"down":{"uv":[0,4,1,5],"texture":"#0"}}},{"from":[7.5,14.5675,1.96228],"to":[8.5,15.5675,2.96228],"rotation":{"angle":-22.5,"axis":"x","origin":[8,15.0675,2.46228]},"faces":{"north":{"uv":[0,4,1,5],"texture":"#0"},"east":{"uv":[0,4,1,5],"texture":"#0"},"south":{"uv":[0,4,1,5],"texture":"#0"},"west":{"uv":[0,4,1,5],"texture":"#0"},"up":{"uv":[0,4,1,5],"texture":"#0"},"down":{"uv":[0,4,1,5],"texture":"#0"}}},{"from":[7.5,14.71677,-0.10522],"to":[8.5,15.71677,0.89478],"rotation":{"angle":45,"axis":"x","origin":[8,13.21677,0.39478]},"faces":{"north":{"uv":[0,4,1,5],"texture":"#0"},"east":{"uv":[0,4,1,5],"texture":"#0"},"south":{"uv":[0,4,1,5],"texture":"#0"},"west":{"uv":[0,4,1,5],"texture":"#0"},"up":{"uv":[0,4,1,5],"texture":"#0"},"down":{"uv":[0,4,1,5],"texture":"#0"}}},{"from":[7.5,13.71677,-0.10522],"to":[8.5,14.71677,0.89478],"rotation":{"angle":45,"axis":"x","origin":[8,13.21677,0.39478]},"faces":{"north":{"uv":[0,4,1,5],"texture":"#0"},"east":{"uv":[0,4,1,5],"texture":"#0"},"south":{"uv":[0,4,1,5],"texture":"#0"},"west":{"uv":[0,4,1,5],"texture":"#0"},"up":{"uv":[0,4,1,5],"texture":"#0"},"down":{"uv":[0,4,1,5],"texture":"#0"}}},{"from":[7.5,12.7706,0.16538],"to":[8.5,13.7706,1.16538],"rotation":{"angle":22.5,"axis":"x","origin":[8,13.2706,0.66538]},"faces":{"north":{"uv":[0,4,1,5],"texture":"#0"},"east":{"uv":[0,4,1,5],"texture":"#0"},"south":{"uv":[0,4,1,5],"texture":"#0"},"west":{"uv":[0,4,1,5],"texture":"#0"},"up":{"uv":[0,4,1,5],"texture":"#0"},"down":{"uv":[0,4,1,5],"texture":"#0"}}},{"from":[7.5,12,0.0121],"to":[8.5,13,1.0121],"rotation":{"angle":0,"axis":"y","origin":[1.5,9,5.0121]},"faces":{"north":{"uv":[0,4,1,5],"texture":"#0"},"east":{"uv":[0,4,1,5],"texture":"#0"},"south":{"uv":[0,4,1,5],"texture":"#0"},"west":{"uv":[0,4,1,5],"texture":"#0"},"up":{"uv":[0,4,1,5],"texture":"#0"},"down":{"uv":[0,4,1,5],"texture":"#0"}}},{"from":[7.5,11,0.0121],"to":[8.5,12,1.0121],"rotation":{"angle":0,"axis":"y","origin":[1.5,9,5.0121]},"faces":{"north":{"uv":[0,4,1,5],"texture":"#0"},"east":{"uv":[0,4,1,5],"texture":"#0"},"south":{"uv":[0,4,1,5],"texture":"#0"},"west":{"uv":[0,4,1,5],"texture":"#0"},"up":{"uv":[0,4,1,5],"texture":"#0"},"down":{"uv":[0,4,1,5],"texture":"#0"}}},{"from":[7.5,10,0.0121],"to":[8.5,11,1.0121],"rotation":{"angle":0,"axis":"y","origin":[1.5,9,5.0121]},"faces":{"north":{"uv":[0,4,1,5],"texture":"#0"},"east":{"uv":[0,4,1,5],"texture":"#0"},"south":{"uv":[0,4,1,5],"texture":"#0"},"west":{"uv":[0,4,1,5],"texture":"#0"},"up":{"uv":[0,4,1,5],"texture":"#0"},"down":{"uv":[0,4,1,5],"texture":"#0"}}},{"from":[7.5,9,0.0121],"to":[8.5,10,1.0121],"rotation":{"angle":0,"axis":"y","origin":[1.5,9,5.0121]},"faces":{"north":{"uv":[0,4,1,5],"texture":"#0"},"east":{"uv":[0,4,1,5],"texture":"#0"},"south":{"uv":[0,4,1,5],"texture":"#0"},"west":{"uv":[0,4,1,5],"texture":"#0"},"up":{"uv":[0,4,1,5],"texture":"#0"},"down":{"uv":[0,4,1,5],"texture":"#0"}}},{"from":[7.5,9,11.0121],"to":[8.5,10,12.0121],"rotation":{"angle":0,"axis":"y","origin":[1.5,9,6.0121]},"faces":{"north":{"uv":[0,4,1,5],"texture":"#0"},"east":{"uv":[0,4,1,5],"texture":"#0"},"south":{"uv":[0,4,1,5],"texture":"#0"},"west":{"uv":[0,4,1,5],"texture":"#0"},"up":{"uv":[0,4,1,5],"texture":"#0"},"down":{"uv":[0,4,1,5],"texture":"#0"}}},{"from":[5.91867,6.35,2.61867],"to":[6.31867,9.15,5.41867],"rotation":{"angle":-22.5,"axis":"y","origin":[4.41867,7,4.01867]},"faces":{"north":{"uv":[0,0,1,7],"texture":"#2"},"east":{"uv":[0,0,7,7],"texture":"#2"},"south":{"uv":[0,0,1,7],"texture":"#2"},"west":{"uv":[0,0,7,7],"texture":"#2"},"up":{"uv":[0,0,1,7],"rotation":180,"texture":"#2"},"down":{"uv":[0,0,1,7],"rotation":180,"texture":"#2"}}},{"from":[3.51867,6.35,2.61867],"to":[3.91867,9.15,5.41867],"rotation":{"angle":-22.5,"axis":"y","origin":[4.41867,7,4.01867]},"faces":{"north":{"uv":[0,0,1,7],"texture":"#2"},"east":{"uv":[0,0,7,7],"texture":"#2"},"south":{"uv":[0,0,1,7],"texture":"#2"},"west":{"uv":[0,0,7,7],"texture":"#2"},"up":{"uv":[0,0,1,7],"texture":"#2"},"down":{"uv":[0,0,1,7],"texture":"#2"}}},{"from":[6.31867,6.75,3.01867],"to":[6.71867,8.75,5.01867],"rotation":{"angle":-22.5,"axis":"y","origin":[4.41867,7,4.01867]},"faces":{"north":{"uv":[0,0,1,5],"texture":"#2"},"east":{"uv":[0,0,5,5],"texture":"#2"},"south":{"uv":[0,0,1,5],"texture":"#2"},"west":{"uv":[0,0,5,5],"texture":"#2"},"up":{"uv":[0,0,1,5],"rotation":180,"texture":"#2"},"down":{"uv":[0,0,1,5],"rotation":180,"texture":"#2"}}},{"from":[3.91867,6.35,2.61867],"to":[5.91867,9.15,3.01867],"rotation":{"angle":-22.5,"axis":"y","origin":[4.41867,7,4.01867]},"faces":{"north":{"uv":[0,0,5,7],"texture":"#2"},"east":{"uv":[0,0,1,7],"texture":"#2"},"south":{"uv":[0,0,5,7],"texture":"#2"},"west":{"uv":[0,0,1,7],"texture":"#2"},"up":{"uv":[0,0,1,5],"rotation":90,"texture":"#2"},"down":{"uv":[0,0,1,5],"rotation":270,"texture":"#2"}}},{"from":[3.91867,6.35,5.01867],"to":[5.91867,9.15,5.41867],"rotation":{"angle":-22.5,"axis":"y","origin":[4.41867,7,4.01867]},"faces":{"north":{"uv":[0,0,5,7],"texture":"#2"},"east":{"uv":[0,0,1,7],"texture":"#2"},"south":{"uv":[0,0,5,7],"texture":"#2"},"west":{"uv":[0,0,1,7],"texture":"#2"},"up":{"uv":[0,0,1,5],"rotation":90,"texture":"#2"},"down":{"uv":[0,0,1,5],"rotation":270,"texture":"#2"}}},{"from":[3.91867,5.95,3.01867],"to":[5.91867,6.35,5.01867],"rotation":{"angle":-22.5,"axis":"y","origin":[4.41867,7,4.01867]},"faces":{"north":{"uv":[0,0,1,5],"rotation":90,"texture":"#2"},"east":{"uv":[0,0,1,5],"rotation":270,"texture":"#2"},"south":{"uv":[0,0,1,5],"rotation":90,"texture":"#2"},"west":{"uv":[0,0,1,5],"rotation":90,"texture":"#2"},"up":{"uv":[0,0,5,5],"rotation":180,"texture":"#2"},"down":{"uv":[0,0,5,5],"texture":"#2"}}},{"from":[3.91867,9.15,3.01867],"to":[5.91867,9.55,5.01867],"rotation":{"angle":-22.5,"axis":"y","origin":[4.41867,7,4.01867]},"faces":{"north":{"uv":[0,0,1,5],"rotation":90,"texture":"#2"},"east":{"uv":[0,0,1,5],"rotation":270,"texture":"#2"},"south":{"uv":[0,0,1,5],"rotation":90,"texture":"#2"},"west":{"uv":[0,0,1,5],"rotation":90,"texture":"#2"},"up":{"uv":[0,0,5,5],"rotation":180,"texture":"#2"},"down":{"uv":[0,0,5,5],"texture":"#2"}}},{"from":[3.91867,6.75,2.21867],"to":[5.91867,8.75,2.61867],"rotation":{"angle":-22.5,"axis":"y","origin":[4.41867,7,4.01867]},"faces":{"north":{"uv":[0,0,5,5],"texture":"#2"},"east":{"uv":[0,0,1,5],"texture":"#2"},"south":{"uv":[0,0,5,5],"texture":"#2"},"west":{"uv":[0,0,1,5],"texture":"#2"},"up":{"uv":[0,0,1,5],"rotation":90,"texture":"#2"},"down":{"uv":[0,0,1,5],"rotation":270,"texture":"#2"}}},{"from":[3.91867,6.75,5.41867],"to":[5.91867,8.75,5.81867],"rotation":{"angle":-22.5,"axis":"y","origin":[4.41867,7,4.01867]},"faces":{"north":{"uv":[0,0,5,5],"texture":"#2"},"east":{"uv":[0,0,1,5],"texture":"#2"},"south":{"uv":[0,0,5,5],"texture":"#2"},"west":{"uv":[0,0,1,5],"texture":"#2"},"up":{"uv":[0,0,1,5],"rotation":90,"texture":"#2"},"down":{"uv":[0,0,1,5],"rotation":270,"texture":"#2"}}},{"from":[3.11867,6.75,3.01867],"to":[3.51867,8.75,5.01867],"rotation":{"angle":-22.5,"axis":"y","origin":[4.41867,7,4.01867]},"faces":{"north":{"uv":[0,0,1,5],"texture":"#2"},"east":{"uv":[0,0,5,5],"texture":"#2"},"south":{"uv":[0,0,1,5],"texture":"#2"},"west":{"uv":[0,0,5,5],"texture":"#2"},"up":{"uv":[0,0,1,5],"texture":"#2"},"down":{"uv":[0,0,1,5],"texture":"#2"}}},{"from":[6.71867,7.15,3.41867],"to":[7.11867,8.35,4.61867],"rotation":{"angle":-22.5,"axis":"y","origin":[4.41867,7,4.01867]},"faces":{"north":{"uv":[0,0,1,3],"texture":"#2"},"east":{"uv":[0,0,3,3],"texture":"#2"},"south":{"uv":[0,0,1,3],"texture":"#2"},"west":{"uv":[0,0,3,3],"texture":"#2"},"up":{"uv":[0,0,1,3],"rotation":180,"texture":"#2"},"down":{"uv":[0,0,1,3],"rotation":180,"texture":"#2"}}},{"from":[4.31867,5.55,3.41867],"to":[5.51867,5.95,4.61867],"rotation":{"angle":-22.5,"axis":"y","origin":[4.41867,7,4.01867]},"faces":{"north":{"uv":[0,0,1,3],"rotation":90,"texture":"#2"},"east":{"uv":[0,0,1,3],"rotation":90,"texture":"#2"},"south":{"uv":[0,0,1,3],"rotation":90,"texture":"#2"},"west":{"uv":[0,0,1,3],"rotation":270,"texture":"#2"},"up":{"uv":[0,0,3,3],"texture":"#2"},"down":{"uv":[0,0,3,3],"rotation":180,"texture":"#2"}}},{"from":[4.31867,9.55,3.41867],"to":[5.51867,9.95,4.61867],"rotation":{"angle":-22.5,"axis":"y","origin":[4.41867,7,4.01867]},"faces":{"north":{"uv":[0,0,1,3],"rotation":90,"texture":"#2"},"east":{"uv":[0,0,1,3],"rotation":90,"texture":"#2"},"south":{"uv":[0,0,1,3],"rotation":90,"texture":"#2"},"west":{"uv":[0,0,1,3],"rotation":270,"texture":"#2"},"up":{"uv":[0,0,3,3],"texture":"#2"},"down":{"uv":[0,0,3,3],"rotation":180,"texture":"#2"}}},{"from":[4.31867,7.15,5.81867],"to":[5.51867,8.35,6.21867],"rotation":{"angle":-22.5,"axis":"y","origin":[4.41867,7,4.01867]},"faces":{"north":{"uv":[0,0,3,3],"rotation":180,"texture":"#2"},"east":{"uv":[0,0,1,3],"rotation":180,"texture":"#2"},"south":{"uv":[0,0,3,3],"rotation":180,"texture":"#2"},"west":{"uv":[0,0,1,3],"rotation":180,"texture":"#2"},"up":{"uv":[0,0,1,3],"rotation":90,"texture":"#2"},"down":{"uv":[0,0,1,3],"rotation":270,"texture":"#2"}}},{"from":[4.31867,7.15,1.81867],"to":[5.51867,8.35,2.21867],"rotation":{"angle":-22.5,"axis":"y","origin":[4.41867,7,4.01867]},"faces":{"north":{"uv":[0,0,3,3],"rotation":180,"texture":"#2"},"east":{"uv":[0,0,1,3],"rotation":180,"texture":"#2"},"south":{"uv":[0,0,3,3],"rotation":180,"texture":"#2"},"west":{"uv":[0,0,1,3],"rotation":180,"texture":"#2"},"up":{"uv":[0,0,1,3],"rotation":90,"texture":"#2"},"down":{"uv":[0,0,1,3],"rotation":270,"texture":"#2"}}},{"from":[2.71867,7.15,3.41867],"to":[3.11867,8.35,4.61867],"rotation":{"angle":-22.5,"axis":"y","origin":[4.41867,7,4.01867]},"faces":{"north":{"uv":[0,0,1,3],"texture":"#2"},"east":{"uv":[0,0,3,3],"texture":"#2"},"south":{"uv":[0,0,1,3],"texture":"#2"},"west":{"uv":[0,0,3,3],"texture":"#2"},"up":{"uv":[0,0,1,3],"texture":"#2"},"down":{"uv":[0,0,1,3],"texture":"#2"}}},{"from":[7.41867,1.6,2.61867],"to":[7.81867,4.4,5.41867],"rotation":{"angle":-22.5,"axis":"y","origin":[4.41867,7,4.01867]},"faces":{"north":{"uv":[0,0,1,7],"texture":"#3"},"east":{"uv":[0,0,7,7],"texture":"#3"},"south":{"uv":[0,0,1,7],"texture":"#3"},"west":{"uv":[0,0,7,7],"texture":"#3"},"up":{"uv":[0,0,1,7],"rotation":180,"texture":"#3"},"down":{"uv":[0,0,1,7],"rotation":180,"texture":"#3"}}},{"from":[5.01867,1.6,2.61867],"to":[5.41867,4.4,5.41867],"rotation":{"angle":-22.5,"axis":"y","origin":[4.41867,7,4.01867]},"faces":{"north":{"uv":[0,0,1,7],"texture":"#3"},"east":{"uv":[0,0,7,7],"texture":"#3"},"south":{"uv":[0,0,1,7],"texture":"#3"},"west":{"uv":[0,0,7,7],"texture":"#3"},"up":{"uv":[0,0,1,7],"texture":"#3"},"down":{"uv":[0,0,1,7],"texture":"#3"}}},{"from":[7.81867,2,3.01867],"to":[8.21867,4,5.01867],"rotation":{"angle":-22.5,"axis":"y","origin":[4.41867,7,4.01867]},"faces":{"north":{"uv":[0,0,1,5],"texture":"#3"},"east":{"uv":[0,0,5,5],"texture":"#3"},"south":{"uv":[0,0,1,5],"texture":"#3"},"west":{"uv":[0,0,5,5],"texture":"#3"},"up":{"uv":[0,0,1,5],"rotation":180,"texture":"#3"},"down":{"uv":[0,0,1,5],"rotation":180,"texture":"#3"}}},{"from":[5.41867,1.6,2.61867],"to":[7.41867,4.4,3.01867],"rotation":{"angle":-22.5,"axis":"y","origin":[4.41867,7,4.01867]},"faces":{"north":{"uv":[0,0,5,7],"texture":"#3"},"east":{"uv":[0,0,1,7],"texture":"#3"},"south":{"uv":[0,0,5,7],"texture":"#3"},"west":{"uv":[0,0,1,7],"texture":"#3"},"up":{"uv":[0,0,1,5],"rotation":90,"texture":"#3"},"down":{"uv":[0,0,1,5],"rotation":270,"texture":"#3"}}},{"from":[5.41867,1.6,5.01867],"to":[7.41867,4.4,5.41867],"rotation":{"angle":-22.5,"axis":"y","origin":[4.41867,7,4.01867]},"faces":{"north":{"uv":[0,0,5,7],"texture":"#3"},"east":{"uv":[0,0,1,7],"texture":"#3"},"south":{"uv":[0,0,5,7],"texture":"#3"},"west":{"uv":[0,0,1,7],"texture":"#3"},"up":{"uv":[0,0,1,5],"rotation":90,"texture":"#3"},"down":{"uv":[0,0,1,5],"rotation":270,"texture":"#3"}}},{"from":[5.41867,1.2,3.01867],"to":[7.41867,1.6,5.01867],"rotation":{"angle":-22.5,"axis":"y","origin":[4.41867,7,4.01867]},"faces":{"north":{"uv":[0,0,1,5],"rotation":90,"texture":"#3"},"east":{"uv":[0,0,1,5],"rotation":270,"texture":"#3"},"south":{"uv":[0,0,1,5],"rotation":90,"texture":"#3"},"west":{"uv":[0,0,1,5],"rotation":90,"texture":"#3"},"up":{"uv":[0,0,5,5],"rotation":180,"texture":"#3"},"down":{"uv":[0,0,5,5],"texture":"#3"}}},{"from":[5.41867,4.4,3.01867],"to":[7.41867,4.8,5.01867],"rotation":{"angle":-22.5,"axis":"y","origin":[4.41867,7,4.01867]},"faces":{"north":{"uv":[0,0,1,5],"rotation":90,"texture":"#3"},"east":{"uv":[0,0,1,5],"rotation":270,"texture":"#3"},"south":{"uv":[0,0,1,5],"rotation":90,"texture":"#3"},"west":{"uv":[0,0,1,5],"rotation":90,"texture":"#3"},"up":{"uv":[0,0,5,5],"rotation":180,"texture":"#3"},"down":{"uv":[0,0,5,5],"texture":"#3"}}},{"from":[5.41867,2,2.21867],"to":[7.41867,4,2.61867],"rotation":{"angle":-22.5,"axis":"y","origin":[4.41867,7,4.01867]},"faces":{"north":{"uv":[0,0,5,5],"texture":"#3"},"east":{"uv":[0,0,1,5],"texture":"#3"},"south":{"uv":[0,0,5,5],"texture":"#3"},"west":{"uv":[0,0,1,5],"texture":"#3"},"up":{"uv":[0,0,1,5],"rotation":90,"texture":"#3"},"down":{"uv":[0,0,1,5],"rotation":270,"texture":"#3"}}},{"from":[5.41867,2,5.41867],"to":[7.41867,4,5.81867],"rotation":{"angle":-22.5,"axis":"y","origin":[4.41867,7,4.01867]},"faces":{"north":{"uv":[0,0,5,5],"texture":"#3"},"east":{"uv":[0,0,1,5],"texture":"#3"},"south":{"uv":[0,0,5,5],"texture":"#3"},"west":{"uv":[0,0,1,5],"texture":"#3"},"up":{"uv":[0,0,1,5],"rotation":90,"texture":"#3"},"down":{"uv":[0,0,1,5],"rotation":270,"texture":"#3"}}},{"from":[4.61867,2,3.01867],"to":[5.01867,4,5.01867],"rotation":{"angle":-22.5,"axis":"y","origin":[4.41867,7,4.01867]},"faces":{"north":{"uv":[0,0,1,5],"texture":"#3"},"east":{"uv":[0,0,5,5],"texture":"#3"},"south":{"uv":[0,0,1,5],"texture":"#3"},"west":{"uv":[0,0,5,5],"texture":"#3"},"up":{"uv":[0,0,1,5],"texture":"#3"},"down":{"uv":[0,0,1,5],"texture":"#3"}}},{"from":[8.21867,2.4,3.41867],"to":[8.61867,3.6,4.61867],"rotation":{"angle":-22.5,"axis":"y","origin":[4.41867,7,4.01867]},"faces":{"north":{"uv":[0,0,1,3],"texture":"#3"},"east":{"uv":[0,0,3,3],"texture":"#3"},"south":{"uv":[0,0,1,3],"texture":"#3"},"west":{"uv":[0,0,3,3],"texture":"#3"},"up":{"uv":[0,0,1,3],"rotation":180,"texture":"#3"},"down":{"uv":[0,0,1,3],"rotation":180,"texture":"#3"}}},{"from":[5.81867,0.8,3.41867],"to":[7.01867,1.2,4.61867],"rotation":{"angle":-22.5,"axis":"y","origin":[4.41867,7,4.01867]},"faces":{"north":{"uv":[0,0,1,3],"rotation":90,"texture":"#3"},"east":{"uv":[0,0,1,3],"rotation":90,"texture":"#3"},"south":{"uv":[0,0,1,3],"rotation":90,"texture":"#3"},"west":{"uv":[0,0,1,3],"rotation":270,"texture":"#3"},"up":{"uv":[0,0,3,3],"texture":"#3"},"down":{"uv":[0,0,3,3],"rotation":180,"texture":"#3"}}},{"from":[5.81867,4.8,3.41867],"to":[7.01867,5.2,4.61867],"rotation":{"angle":-22.5,"axis":"y","origin":[4.41867,7,4.01867]},"faces":{"north":{"uv":[0,0,1,3],"rotation":90,"texture":"#3"},"east":{"uv":[0,0,1,3],"rotation":90,"texture":"#3"},"south":{"uv":[0,0,1,3],"rotation":90,"texture":"#3"},"west":{"uv":[0,0,1,3],"rotation":270,"texture":"#3"},"up":{"uv":[0,0,3,3],"texture":"#3"},"down":{"uv":[0,0,3,3],"rotation":180,"texture":"#3"}}},{"from":[5.81867,2.4,5.81867],"to":[7.01867,3.6,6.21867],"rotation":{"angle":-22.5,"axis":"y","origin":[4.41867,7,4.01867]},"faces":{"north":{"uv":[0,0,3,3],"rotation":180,"texture":"#3"},"east":{"uv":[0,0,1,3],"rotation":180,"texture":"#3"},"south":{"uv":[0,0,3,3],"rotation":180,"texture":"#3"},"west":{"uv":[0,0,1,3],"rotation":180,"texture":"#3"},"up":{"uv":[0,0,1,3],"rotation":90,"texture":"#3"},"down":{"uv":[0,0,1,3],"rotation":270,"texture":"#3"}}},{"from":[5.81867,2.4,1.81867],"to":[7.01867,3.6,2.21867],"rotation":{"angle":-22.5,"axis":"y","origin":[4.41867,7,4.01867]},"faces":{"north":{"uv":[0,0,3,3],"rotation":180,"texture":"#3"},"east":{"uv":[0,0,1,3],"rotation":180,"texture":"#3"},"south":{"uv":[0,0,3,3],"rotation":180,"texture":"#3"},"west":{"uv":[0,0,1,3],"rotation":180,"texture":"#3"},"up":{"uv":[0,0,1,3],"rotation":90,"texture":"#3"},"down":{"uv":[0,0,1,3],"rotation":270,"texture":"#3"}}},{"from":[4.21867,2.4,3.41867],"to":[4.61867,3.6,4.61867],"rotation":{"angle":-22.5,"axis":"y","origin":[4.41867,7,4.01867]},"faces":{"north":{"uv":[0,0,1,3],"texture":"#3"},"east":{"uv":[0,0,3,3],"texture":"#3"},"south":{"uv":[0,0,1,3],"texture":"#3"},"west":{"uv":[0,0,3,3],"texture":"#3"},"up":{"uv":[0,0,1,3],"texture":"#3"},"down":{"uv":[0,0,1,3],"texture":"#3"}}},{"from":[11.41867,4.35,2.61867],"to":[11.81867,7.15,5.41867],"rotation":{"angle":22.5,"axis":"z","origin":[4.41867,7,4.01867]},"faces":{"north":{"uv":[0,0,1,7],"texture":"#4"},"east":{"uv":[0,0,7,7],"texture":"#4"},"south":{"uv":[0,0,1,7],"texture":"#4"},"west":{"uv":[0,0,7,7],"texture":"#4"},"up":{"uv":[0,0,1,7],"rotation":180,"texture":"#4"},"down":{"uv":[0,0,1,7],"rotation":180,"texture":"#4"}}},{"from":[9.01867,4.35,2.61867],"to":[9.41867,7.15,5.41867],"rotation":{"angle":22.5,"axis":"z","origin":[4.41867,7,4.01867]},"faces":{"north":{"uv":[0,0,1,7],"texture":"#4"},"east":{"uv":[0,0,7,7],"texture":"#4"},"south":{"uv":[0,0,1,7],"texture":"#4"},"west":{"uv":[0,0,7,7],"texture":"#4"},"up":{"uv":[0,0,1,7],"texture":"#4"},"down":{"uv":[0,0,1,7],"texture":"#4"}}},{"from":[11.81867,4.75,3.01867],"to":[12.21867,6.75,5.01867],"rotation":{"angle":22.5,"axis":"z","origin":[4.41867,7,4.01867]},"faces":{"north":{"uv":[0,0,1,5],"texture":"#4"},"east":{"uv":[0,0,5,5],"texture":"#4"},"south":{"uv":[0,0,1,5],"texture":"#4"},"west":{"uv":[0,0,5,5],"texture":"#4"},"up":{"uv":[0,0,1,5],"rotation":180,"texture":"#4"},"down":{"uv":[0,0,1,5],"rotation":180,"texture":"#4"}}},{"from":[9.41867,4.35,2.61867],"to":[11.41867,7.15,3.01867],"rotation":{"angle":22.5,"axis":"z","origin":[4.41867,7,4.01867]},"faces":{"north":{"uv":[0,0,5,7],"texture":"#4"},"east":{"uv":[0,0,1,7],"texture":"#4"},"south":{"uv":[0,0,5,7],"texture":"#4"},"west":{"uv":[0,0,1,7],"texture":"#4"},"up":{"uv":[0,0,1,5],"rotation":90,"texture":"#4"},"down":{"uv":[0,0,1,5],"rotation":270,"texture":"#4"}}},{"from":[9.41867,4.35,5.01867],"to":[11.41867,7.15,5.41867],"rotation":{"angle":22.5,"axis":"z","origin":[4.41867,7,4.01867]},"faces":{"north":{"uv":[0,0,5,7],"texture":"#4"},"east":{"uv":[0,0,1,7],"texture":"#4"},"south":{"uv":[0,0,5,7],"texture":"#4"},"west":{"uv":[0,0,1,7],"texture":"#4"},"up":{"uv":[0,0,1,5],"rotation":90,"texture":"#4"},"down":{"uv":[0,0,1,5],"rotation":270,"texture":"#4"}}},{"from":[9.41867,3.95,3.01867],"to":[11.41867,4.35,5.01867],"rotation":{"angle":22.5,"axis":"z","origin":[4.41867,7,4.01867]},"faces":{"north":{"uv":[0,0,1,5],"rotation":90,"texture":"#4"},"east":{"uv":[0,0,1,5],"rotation":270,"texture":"#4"},"south":{"uv":[0,0,1,5],"rotation":90,"texture":"#4"},"west":{"uv":[0,0,1,5],"rotation":90,"texture":"#4"},"up":{"uv":[0,0,5,5],"rotation":180,"texture":"#4"},"down":{"uv":[0,0,5,5],"texture":"#4"}}},{"from":[9.41867,7.15,3.01867],"to":[11.41867,7.55,5.01867],"rotation":{"angle":22.5,"axis":"z","origin":[4.41867,7,4.01867]},"faces":{"north":{"uv":[0,0,1,5],"rotation":90,"texture":"#4"},"east":{"uv":[0,0,1,5],"rotation":270,"texture":"#4"},"south":{"uv":[0,0,1,5],"rotation":90,"texture":"#4"},"west":{"uv":[0,0,1,5],"rotation":90,"texture":"#4"},"up":{"uv":[0,0,5,5],"rotation":180,"texture":"#4"},"down":{"uv":[0,0,5,5],"texture":"#4"}}},{"from":[9.41867,4.75,2.21867],"to":[11.41867,6.75,2.61867],"rotation":{"angle":22.5,"axis":"z","origin":[4.41867,7,4.01867]},"faces":{"north":{"uv":[0,0,5,5],"texture":"#4"},"east":{"uv":[0,0,1,5],"texture":"#4"},"south":{"uv":[0,0,5,5],"texture":"#4"},"west":{"uv":[0,0,1,5],"texture":"#4"},"up":{"uv":[0,0,1,5],"rotation":90,"texture":"#4"},"down":{"uv":[0,0,1,5],"rotation":270,"texture":"#4"}}},{"from":[9.41867,4.75,5.41867],"to":[11.41867,6.75,5.81867],"rotation":{"angle":22.5,"axis":"z","origin":[4.41867,7,4.01867]},"faces":{"north":{"uv":[0,0,5,5],"texture":"#4"},"east":{"uv":[0,0,1,5],"texture":"#4"},"south":{"uv":[0,0,5,5],"texture":"#4"},"west":{"uv":[0,0,1,5],"texture":"#4"},"up":{"uv":[0,0,1,5],"rotation":90,"texture":"#4"},"down":{"uv":[0,0,1,5],"rotation":270,"texture":"#4"}}},{"from":[8.61867,4.75,3.01867],"to":[9.01867,6.75,5.01867],"rotation":{"angle":22.5,"axis":"z","origin":[4.41867,7,4.01867]},"faces":{"north":{"uv":[0,0,1,5],"texture":"#4"},"east":{"uv":[0,0,5,5],"texture":"#4"},"south":{"uv":[0,0,1,5],"texture":"#4"},"west":{"uv":[0,0,5,5],"texture":"#4"},"up":{"uv":[0,0,1,5],"texture":"#4"},"down":{"uv":[0,0,1,5],"texture":"#4"}}},{"from":[12.21867,5.15,3.41867],"to":[12.61867,6.35,4.61867],"rotation":{"angle":22.5,"axis":"z","origin":[4.41867,7,4.01867]},"faces":{"north":{"uv":[0,0,1,3],"texture":"#4"},"east":{"uv":[0,0,3,3],"texture":"#4"},"south":{"uv":[0,0,1,3],"texture":"#4"},"west":{"uv":[0,0,3,3],"texture":"#4"},"up":{"uv":[0,0,1,3],"rotation":180,"texture":"#4"},"down":{"uv":[0,0,1,3],"rotation":180,"texture":"#4"}}},{"from":[9.81867,3.55,3.41867],"to":[11.01867,3.95,4.61867],"rotation":{"angle":22.5,"axis":"z","origin":[4.41867,7,4.01867]},"faces":{"north":{"uv":[0,0,1,3],"rotation":90,"texture":"#4"},"east":{"uv":[0,0,1,3],"rotation":90,"texture":"#4"},"south":{"uv":[0,0,1,3],"rotation":90,"texture":"#4"},"west":{"uv":[0,0,1,3],"rotation":270,"texture":"#4"},"up":{"uv":[0,0,3,3],"texture":"#4"},"down":{"uv":[0,0,3,3],"rotation":180,"texture":"#4"}}},{"from":[9.81867,7.55,3.41867],"to":[11.01867,7.95,4.61867],"rotation":{"angle":22.5,"axis":"z","origin":[4.41867,7,4.01867]},"faces":{"north":{"uv":[0,0,1,3],"rotation":90,"texture":"#4"},"east":{"uv":[0,0,1,3],"rotation":90,"texture":"#4"},"south":{"uv":[0,0,1,3],"rotation":90,"texture":"#4"},"west":{"uv":[0,0,1,3],"rotation":270,"texture":"#4"},"up":{"uv":[0,0,3,3],"texture":"#4"},"down":{"uv":[0,0,3,3],"rotation":180,"texture":"#4"}}},{"from":[9.81867,5.15,5.81867],"to":[11.01867,6.35,6.21867],"rotation":{"angle":22.5,"axis":"z","origin":[4.41867,7,4.01867]},"faces":{"north":{"uv":[0,0,3,3],"rotation":180,"texture":"#4"},"east":{"uv":[0,0,1,3],"rotation":180,"texture":"#4"},"south":{"uv":[0,0,3,3],"rotation":180,"texture":"#4"},"west":{"uv":[0,0,1,3],"rotation":180,"texture":"#4"},"up":{"uv":[0,0,1,3],"rotation":90,"texture":"#4"},"down":{"uv":[0,0,1,3],"rotation":270,"texture":"#4"}}},{"from":[9.81867,5.15,1.81867],"to":[11.01867,6.35,2.21867],"rotation":{"angle":22.5,"axis":"z","origin":[4.41867,7,4.01867]},"faces":{"north":{"uv":[0,0,3,3],"rotation":180,"texture":"#4"},"east":{"uv":[0,0,1,3],"rotation":180,"texture":"#4"},"south":{"uv":[0,0,3,3],"rotation":180,"texture":"#4"},"west":{"uv":[0,0,1,3],"rotation":180,"texture":"#4"},"up":{"uv":[0,0,1,3],"rotation":90,"texture":"#4"},"down":{"uv":[0,0,1,3],"rotation":270,"texture":"#4"}}},{"from":[8.21867,5.15,3.41867],"to":[8.61867,6.35,4.61867],"rotation":{"angle":22.5,"axis":"z","origin":[4.41867,7,4.01867]},"faces":{"north":{"uv":[0,0,1,3],"texture":"#4"},"east":{"uv":[0,0,3,3],"texture":"#4"},"south":{"uv":[0,0,1,3],"texture":"#4"},"west":{"uv":[0,0,3,3],"texture":"#4"},"up":{"uv":[0,0,1,3],"texture":"#4"},"down":{"uv":[0,0,1,3],"texture":"#4"}}},{"from":[6.16867,7.35,6.61867],"to":[6.56867,10.15,9.41867],"rotation":{"angle":0,"axis":"y","origin":[4.41867,7,4.01867]},"faces":{"north":{"uv":[0,0,1,7],"texture":"#8"},"east":{"uv":[0,0,7,7],"texture":"#8"},"south":{"uv":[0,0,1,7],"texture":"#8"},"west":{"uv":[0,0,7,7],"texture":"#8"},"up":{"uv":[0,0,1,7],"rotation":180,"texture":"#8"},"down":{"uv":[0,0,1,7],"rotation":180,"texture":"#8"}}},{"from":[3.76867,7.35,6.61867],"to":[4.16867,10.15,9.41867],"rotation":{"angle":0,"axis":"y","origin":[4.41867,7,4.01867]},"faces":{"north":{"uv":[0,0,1,7],"texture":"#8"},"east":{"uv":[0,0,7,7],"texture":"#8"},"south":{"uv":[0,0,1,7],"texture":"#8"},"west":{"uv":[0,0,7,7],"texture":"#8"},"up":{"uv":[0,0,1,7],"texture":"#8"},"down":{"uv":[0,0,1,7],"texture":"#8"}}},{"from":[6.56867,7.75,7.01867],"to":[6.96867,9.75,9.01867],"rotation":{"angle":0,"axis":"y","origin":[4.41867,7,4.01867]},"faces":{"north":{"uv":[0,0,1,5],"texture":"#8"},"east":{"uv":[0,0,5,5],"texture":"#8"},"south":{"uv":[0,0,1,5],"texture":"#8"},"west":{"uv":[0,0,5,5],"texture":"#8"},"up":{"uv":[0,0,1,5],"rotation":180,"texture":"#8"},"down":{"uv":[0,0,1,5],"rotation":180,"texture":"#8"}}},{"from":[4.16867,7.35,6.61867],"to":[6.16867,10.15,7.01867],"rotation":{"angle":0,"axis":"y","origin":[4.41867,7,4.01867]},"faces":{"north":{"uv":[0,0,5,7],"texture":"#8"},"east":{"uv":[0,0,1,7],"texture":"#8"},"south":{"uv":[0,0,5,7],"texture":"#8"},"west":{"uv":[0,0,1,7],"texture":"#8"},"up":{"uv":[0,0,1,5],"rotation":90,"texture":"#8"},"down":{"uv":[0,0,1,5],"rotation":270,"texture":"#8"}}},{"from":[4.16867,7.35,9.01867],"to":[6.16867,10.15,9.41867],"rotation":{"angle":0,"axis":"y","origin":[4.41867,7,4.01867]},"faces":{"north":{"uv":[0,0,5,7],"texture":"#8"},"east":{"uv":[0,0,1,7],"texture":"#8"},"south":{"uv":[0,0,5,7],"texture":"#8"},"west":{"uv":[0,0,1,7],"texture":"#8"},"up":{"uv":[0,0,1,5],"rotation":90,"texture":"#8"},"down":{"uv":[0,0,1,5],"rotation":270,"texture":"#8"}}},{"from":[4.16867,6.95,7.01867],"to":[6.16867,7.35,9.01867],"rotation":{"angle":0,"axis":"y","origin":[4.41867,7,4.01867]},"faces":{"north":{"uv":[0,0,1,5],"rotation":90,"texture":"#8"},"east":{"uv":[0,0,1,5],"rotation":270,"texture":"#8"},"south":{"uv":[0,0,1,5],"rotation":90,"texture":"#8"},"west":{"uv":[0,0,1,5],"rotation":90,"texture":"#8"},"up":{"uv":[0,0,5,5],"rotation":180,"texture":"#8"},"down":{"uv":[0,0,5,5],"texture":"#8"}}},{"from":[4.16867,10.15,7.01867],"to":[6.16867,10.55,9.01867],"rotation":{"angle":0,"axis":"y","origin":[4.41867,7,4.01867]},"faces":{"north":{"uv":[0,0,1,5],"rotation":90,"texture":"#8"},"east":{"uv":[0,0,1,5],"rotation":270,"texture":"#8"},"south":{"uv":[0,0,1,5],"rotation":90,"texture":"#8"},"west":{"uv":[0,0,1,5],"rotation":90,"texture":"#8"},"up":{"uv":[0,0,5,5],"rotation":180,"texture":"#8"},"down":{"uv":[0,0,5,5],"texture":"#8"}}},{"from":[4.16867,7.75,6.21867],"to":[6.16867,9.75,6.61867],"rotation":{"angle":0,"axis":"y","origin":[4.41867,7,4.01867]},"faces":{"north":{"uv":[0,0,5,5],"texture":"#8"},"east":{"uv":[0,0,1,5],"texture":"#8"},"south":{"uv":[0,0,5,5],"texture":"#8"},"west":{"uv":[0,0,1,5],"texture":"#8"},"up":{"uv":[0,0,1,5],"rotation":90,"texture":"#8"},"down":{"uv":[0,0,1,5],"rotation":270,"texture":"#8"}}},{"from":[4.16867,7.75,9.41867],"to":[6.16867,9.75,9.81867],"rotation":{"angle":0,"axis":"y","origin":[4.41867,7,4.01867]},"faces":{"north":{"uv":[0,0,5,5],"texture":"#8"},"east":{"uv":[0,0,1,5],"texture":"#8"},"south":{"uv":[0,0,5,5],"texture":"#8"},"west":{"uv":[0,0,1,5],"texture":"#8"},"up":{"uv":[0,0,1,5],"rotation":90,"texture":"#8"},"down":{"uv":[0,0,1,5],"rotation":270,"texture":"#8"}}},{"from":[3.36867,7.75,7.01867],"to":[3.76867,9.75,9.01867],"rotation":{"angle":0,"axis":"y","origin":[4.41867,7,4.01867]},"faces":{"north":{"uv":[0,0,1,5],"texture":"#8"},"east":{"uv":[0,0,5,5],"texture":"#8"},"south":{"uv":[0,0,1,5],"texture":"#8"},"west":{"uv":[0,0,5,5],"texture":"#8"},"up":{"uv":[0,0,1,5],"texture":"#8"},"down":{"uv":[0,0,1,5],"texture":"#8"}}},{"from":[6.96867,8.15,7.41867],"to":[7.36867,9.35,8.61867],"rotation":{"angle":0,"axis":"y","origin":[4.41867,7,4.01867]},"faces":{"north":{"uv":[0,0,1,3],"texture":"#8"},"east":{"uv":[0,0,3,3],"texture":"#8"},"south":{"uv":[0,0,1,3],"texture":"#8"},"west":{"uv":[0,0,3,3],"texture":"#8"},"up":{"uv":[0,0,1,3],"rotation":180,"texture":"#8"},"down":{"uv":[0,0,1,3],"rotation":180,"texture":"#8"}}},{"from":[4.56867,6.55,7.41867],"to":[5.76867,6.95,8.61867],"rotation":{"angle":0,"axis":"y","origin":[4.41867,7,4.01867]},"faces":{"north":{"uv":[0,0,1,3],"rotation":90,"texture":"#8"},"east":{"uv":[0,0,1,3],"rotation":90,"texture":"#8"},"south":{"uv":[0,0,1,3],"rotation":90,"texture":"#8"},"west":{"uv":[0,0,1,3],"rotation":270,"texture":"#8"},"up":{"uv":[0,0,3,3],"texture":"#8"},"down":{"uv":[0,0,3,3],"rotation":180,"texture":"#8"}}},{"from":[4.56867,10.55,7.41867],"to":[5.76867,10.95,8.61867],"rotation":{"angle":0,"axis":"y","origin":[4.41867,7,4.01867]},"faces":{"north":{"uv":[0,0,1,3],"rotation":90,"texture":"#8"},"east":{"uv":[0,0,1,3],"rotation":90,"texture":"#8"},"south":{"uv":[0,0,1,3],"rotation":90,"texture":"#8"},"west":{"uv":[0,0,1,3],"rotation":270,"texture":"#8"},"up":{"uv":[0,0,3,3],"texture":"#8"},"down":{"uv":[0,0,3,3],"rotation":180,"texture":"#8"}}},{"from":[4.56867,8.15,9.81867],"to":[5.76867,9.35,10.21867],"rotation":{"angle":0,"axis":"y","origin":[4.41867,7,4.01867]},"faces":{"north":{"uv":[0,0,3,3],"rotation":180,"texture":"#8"},"east":{"uv":[0,0,1,3],"rotation":180,"texture":"#8"},"south":{"uv":[0,0,3,3],"rotation":180,"texture":"#8"},"west":{"uv":[0,0,1,3],"rotation":180,"texture":"#8"},"up":{"uv":[0,0,1,3],"rotation":90,"texture":"#8"},"down":{"uv":[0,0,1,3],"rotation":270,"texture":"#8"}}},{"from":[4.56867,8.15,5.81867],"to":[5.76867,9.35,6.21867],"rotation":{"angle":0,"axis":"y","origin":[4.41867,7,4.01867]},"faces":{"north":{"uv":[0,0,3,3],"rotation":180,"texture":"#8"},"east":{"uv":[0,0,1,3],"rotation":180,"texture":"#8"},"south":{"uv":[0,0,3,3],"rotation":180,"texture":"#8"},"west":{"uv":[0,0,1,3],"rotation":180,"texture":"#8"},"up":{"uv":[0,0,1,3],"rotation":90,"texture":"#8"},"down":{"uv":[0,0,1,3],"rotation":270,"texture":"#8"}}},{"from":[2.96867,8.15,7.41867],"to":[3.36867,9.35,8.61867],"rotation":{"angle":0,"axis":"y","origin":[4.41867,7,4.01867]},"faces":{"north":{"uv":[0,0,1,3],"texture":"#8"},"east":{"uv":[0,0,3,3],"texture":"#8"},"south":{"uv":[0,0,1,3],"texture":"#8"},"west":{"uv":[0,0,3,3],"texture":"#8"},"up":{"uv":[0,0,1,3],"texture":"#8"},"down":{"uv":[0,0,1,3],"texture":"#8"}}},{"from":[10.76667,7.304,6.27067],"to":[11.18267,10.216,9.18267],"rotation":{"angle":-22.5,"axis":"y","origin":[7.72667,8.26,7.72667]},"faces":{"north":{"uv":[0,0,1,7],"texture":"#6"},"east":{"uv":[0,0,7,7],"texture":"#6"},"south":{"uv":[0,0,16,15.75],"texture":"#6"},"west":{"uv":[0,0,7,7],"texture":"#6"},"up":{"uv":[0,0,1,7],"rotation":180,"texture":"#6"},"down":{"uv":[0,0,1,7],"rotation":180,"texture":"#6"}}},{"from":[8.27067,7.304,6.27067],"to":[8.68667,10.216,9.18267],"rotation":{"angle":-22.5,"axis":"y","origin":[7.72667,8.26,7.72667]},"faces":{"north":{"uv":[0,0,1,7],"texture":"#6"},"east":{"uv":[0,0,7,7],"texture":"#6"},"south":{"uv":[0,0,16,15.75],"texture":"#6"},"west":{"uv":[0,0,7,7],"texture":"#6"},"up":{"uv":[0,0,1,7],"texture":"#6"},"down":{"uv":[0,0,1,7],"texture":"#6"}}},{"from":[11.18267,7.72,6.68667],"to":[11.59867,9.8,8.76667],"rotation":{"angle":-22.5,"axis":"y","origin":[7.72667,8.26,7.72667]},"faces":{"north":{"uv":[0,0,1,5],"texture":"#6"},"east":{"uv":[0,0,5,5],"texture":"#6"},"south":{"uv":[0,0,16,15.75],"texture":"#6"},"west":{"uv":[0,0,5,5],"texture":"#6"},"up":{"uv":[0,0,1,5],"rotation":180,"texture":"#6"},"down":{"uv":[0,0,1,5],"rotation":180,"texture":"#6"}}},{"from":[8.68667,7.304,6.27067],"to":[10.76667,10.216,6.68667],"rotation":{"angle":-22.5,"axis":"y","origin":[7.72667,8.26,7.72667]},"faces":{"north":{"uv":[0,0,5,7],"texture":"#6"},"east":{"uv":[0,0,1,7],"texture":"#6"},"south":{"uv":[0,0,16,15.75],"texture":"#6"},"west":{"uv":[0,0,1,7],"texture":"#6"},"up":{"uv":[0,0,1,5],"rotation":90,"texture":"#6"},"down":{"uv":[0,0,1,5],"rotation":270,"texture":"#6"}}},{"from":[8.68667,7.304,8.76667],"to":[10.76667,10.216,9.18267],"rotation":{"angle":-22.5,"axis":"y","origin":[7.72667,8.26,7.72667]},"faces":{"north":{"uv":[0,0,5,7],"texture":"#6"},"east":{"uv":[0,0,1,7],"texture":"#6"},"south":{"uv":[0,0,16,15.75],"texture":"#6"},"west":{"uv":[0,0,1,7],"texture":"#6"},"up":{"uv":[0,0,1,5],"rotation":90,"texture":"#6"},"down":{"uv":[0,0,1,5],"rotation":270,"texture":"#6"}}},{"from":[8.68667,6.888,6.68667],"to":[10.76667,7.304,8.76667],"rotation":{"angle":-22.5,"axis":"y","origin":[7.72667,8.26,7.72667]},"faces":{"north":{"uv":[0,0,1,5],"rotation":90,"texture":"#6"},"east":{"uv":[0,0,1,5],"rotation":270,"texture":"#6"},"south":{"uv":[0,0,16,15.75],"rotation":90,"texture":"#6"},"west":{"uv":[0,0,1,5],"rotation":90,"texture":"#6"},"up":{"uv":[0,0,5,5],"rotation":180,"texture":"#6"},"down":{"uv":[0,0,5,5],"texture":"#6"}}},{"from":[8.68667,10.216,6.68667],"to":[10.76667,10.632,8.76667],"rotation":{"angle":-22.5,"axis":"y","origin":[7.72667,8.26,7.72667]},"faces":{"north":{"uv":[0,0,1,5],"rotation":90,"texture":"#6"},"east":{"uv":[0,0,1,5],"rotation":270,"texture":"#6"},"south":{"uv":[0,0,16,15.75],"rotation":90,"texture":"#6"},"west":{"uv":[0,0,1,5],"rotation":90,"texture":"#6"},"up":{"uv":[0,0,5,5],"rotation":180,"texture":"#6"},"down":{"uv":[0,0,5,5],"texture":"#6"}}},{"from":[8.68667,7.72,5.85467],"to":[10.76667,9.8,6.27067],"rotation":{"angle":-22.5,"axis":"y","origin":[7.72667,8.26,7.72667]},"faces":{"north":{"uv":[0,0,5,5],"texture":"#6"},"east":{"uv":[0,0,1,5],"texture":"#6"},"south":{"uv":[0,0,16,15.75],"texture":"#6"},"west":{"uv":[0,0,1,5],"texture":"#6"},"up":{"uv":[0,0,1,5],"rotation":90,"texture":"#6"},"down":{"uv":[0,0,1,5],"rotation":270,"texture":"#6"}}},{"from":[8.68667,7.72,9.18267],"to":[10.76667,9.8,9.59867],"rotation":{"angle":-22.5,"axis":"y","origin":[7.72667,8.26,7.72667]},"faces":{"north":{"uv":[0,0,5,5],"texture":"#6"},"east":{"uv":[0,0,1,5],"texture":"#6"},"south":{"uv":[0,0,16,15.75],"texture":"#6"},"west":{"uv":[0,0,1,5],"texture":"#6"},"up":{"uv":[0,0,1,5],"rotation":90,"texture":"#6"},"down":{"uv":[0,0,1,5],"rotation":270,"texture":"#6"}}},{"from":[7.85467,7.72,6.68667],"to":[8.27067,9.8,8.76667],"rotation":{"angle":-22.5,"axis":"y","origin":[7.72667,8.26,7.72667]},"faces":{"north":{"uv":[0,0,1,5],"texture":"#6"},"east":{"uv":[0,0,5,5],"texture":"#6"},"south":{"uv":[0,0,16,15.75],"texture":"#6"},"west":{"uv":[0,0,5,5],"texture":"#6"},"up":{"uv":[0,0,1,5],"texture":"#6"},"down":{"uv":[0,0,1,5],"texture":"#6"}}},{"from":[11.59867,8.136,7.10267],"to":[12.01467,9.384,8.35067],"rotation":{"angle":-22.5,"axis":"y","origin":[7.72667,8.26,7.72667]},"faces":{"north":{"uv":[0,0,1,3],"texture":"#6"},"east":{"uv":[0,0,3,3],"texture":"#6"},"south":{"uv":[0,0,16,15.75],"texture":"#6"},"west":{"uv":[0,0,3,3],"texture":"#6"},"up":{"uv":[0,0,1,3],"rotation":180,"texture":"#6"},"down":{"uv":[0,0,1,3],"rotation":180,"texture":"#6"}}},{"from":[9.10267,6.472,7.10267],"to":[10.35067,6.888,8.35067],"rotation":{"angle":-22.5,"axis":"y","origin":[7.72667,8.26,7.72667]},"faces":{"north":{"uv":[0,0,1,3],"rotation":90,"texture":"#6"},"east":{"uv":[0,0,1,3],"rotation":90,"texture":"#6"},"south":{"uv":[0,0,16,15.75],"rotation":90,"texture":"#6"},"west":{"uv":[0,0,1,3],"rotation":270,"texture":"#6"},"up":{"uv":[0,0,3,3],"texture":"#6"},"down":{"uv":[0,0,3,3],"rotation":180,"texture":"#6"}}},{"from":[9.10267,10.632,7.10267],"to":[10.35067,11.048,8.35067],"rotation":{"angle":-22.5,"axis":"y","origin":[7.72667,8.26,7.72667]},"faces":{"north":{"uv":[0,0,1,3],"rotation":90,"texture":"#6"},"east":{"uv":[0,0,1,3],"rotation":90,"texture":"#6"},"south":{"uv":[0,0,16,15.75],"rotation":90,"texture":"#6"},"west":{"uv":[0,0,1,3],"rotation":270,"texture":"#6"},"up":{"uv":[0,0,3,3],"texture":"#6"},"down":{"uv":[0,0,3,3],"rotation":180,"texture":"#6"}}},{"from":[9.10267,8.136,9.59867],"to":[10.35067,9.384,10.01467],"rotation":{"angle":-22.5,"axis":"y","origin":[7.72667,8.26,7.72667]},"faces":{"north":{"uv":[0,0,3,3],"rotation":180,"texture":"#6"},"east":{"uv":[0,0,1,3],"rotation":180,"texture":"#6"},"south":{"uv":[0,0,16,15.75],"rotation":180,"texture":"#6"},"west":{"uv":[0,0,1,3],"rotation":180,"texture":"#6"},"up":{"uv":[0,0,1,3],"rotation":90,"texture":"#6"},"down":{"uv":[0,0,1,3],"rotation":270,"texture":"#6"}}},{"from":[9.10267,8.136,5.43867],"to":[10.35067,9.384,5.85467],"rotation":{"angle":-22.5,"axis":"y","origin":[7.72667,8.26,7.72667]},"faces":{"north":{"uv":[0,0,3,3],"rotation":180,"texture":"#6"},"east":{"uv":[0,0,1,3],"rotation":180,"texture":"#6"},"south":{"uv":[0,0,16,15.75],"rotation":180,"texture":"#6"},"west":{"uv":[0,0,1,3],"rotation":180,"texture":"#6"},"up":{"uv":[0,0,1,3],"rotation":90,"texture":"#6"},"down":{"uv":[0,0,1,3],"rotation":270,"texture":"#6"}}},{"from":[7.43867,8.136,7.10267],"to":[7.85467,9.384,8.35067],"rotation":{"angle":-22.5,"axis":"y","origin":[7.72667,8.26,7.72667]},"faces":{"north":{"uv":[0,0,1,3],"texture":"#6"},"east":{"uv":[0,0,3,3],"texture":"#6"},"south":{"uv":[0,0,16,15.75],"texture":"#6"},"west":{"uv":[0,0,3,3],"texture":"#6"},"up":{"uv":[0,0,1,3],"texture":"#6"},"down":{"uv":[0,0,1,3],"texture":"#6"}}},{"from":[11.76667,2.804,5.27067],"to":[12.18267,5.716,8.18267],"rotation":{"angle":-22.5,"axis":"y","origin":[7.72667,8.26,7.72667]},"faces":{"north":{"uv":[0,0,1,7],"texture":"#7"},"east":{"uv":[0,0,7,7],"texture":"#7"},"south":{"uv":[0,0,1,7],"texture":"#7"},"west":{"uv":[0,0,7,7],"texture":"#7"},"up":{"uv":[0,0,1,7],"rotation":180,"texture":"#7"},"down":{"uv":[0,0,1,7],"rotation":180,"texture":"#7"}}},{"from":[9.27067,2.804,5.27067],"to":[9.68667,5.716,8.18267],"rotation":{"angle":-22.5,"axis":"y","origin":[7.72667,8.26,7.72667]},"faces":{"north":{"uv":[0,0,1,7],"texture":"#7"},"east":{"uv":[0,0,7,7],"texture":"#7"},"south":{"uv":[0,0,1,7],"texture":"#7"},"west":{"uv":[0,0,7,7],"texture":"#7"},"up":{"uv":[0,0,1,7],"texture":"#7"},"down":{"uv":[0,0,1,7],"texture":"#7"}}},{"from":[12.18267,3.22,5.68667],"to":[12.59867,5.3,7.76667],"rotation":{"angle":-22.5,"axis":"y","origin":[7.72667,8.26,7.72667]},"faces":{"north":{"uv":[0,0,1,5],"texture":"#7"},"east":{"uv":[0,0,5,5],"texture":"#7"},"south":{"uv":[0,0,1,5],"texture":"#7"},"west":{"uv":[0,0,5,5],"texture":"#7"},"up":{"uv":[0,0,1,5],"rotation":180,"texture":"#7"},"down":{"uv":[0,0,1,5],"rotation":180,"texture":"#7"}}},{"from":[9.68667,2.804,5.27067],"to":[11.76667,5.716,5.68667],"rotation":{"angle":-22.5,"axis":"y","origin":[7.72667,8.26,7.72667]},"faces":{"north":{"uv":[0,0,5,7],"texture":"#7"},"east":{"uv":[0,0,1,7],"texture":"#7"},"south":{"uv":[0,0,5,7],"texture":"#7"},"west":{"uv":[0,0,1,7],"texture":"#7"},"up":{"uv":[0,0,1,5],"rotation":90,"texture":"#7"},"down":{"uv":[0,0,1,5],"rotation":270,"texture":"#7"}}},{"from":[9.68667,2.804,7.76667],"to":[11.76667,5.716,8.18267],"rotation":{"angle":-22.5,"axis":"y","origin":[7.72667,8.26,7.72667]},"faces":{"north":{"uv":[0,0,5,7],"texture":"#7"},"east":{"uv":[0,0,1,7],"texture":"#7"},"south":{"uv":[0,0,5,7],"texture":"#7"},"west":{"uv":[0,0,1,7],"texture":"#7"},"up":{"uv":[0,0,1,5],"rotation":90,"texture":"#7"},"down":{"uv":[0,0,1,5],"rotation":270,"texture":"#7"}}},{"from":[9.68667,2.388,5.68667],"to":[11.76667,2.804,7.76667],"rotation":{"angle":-22.5,"axis":"y","origin":[7.72667,8.26,7.72667]},"faces":{"north":{"uv":[0,0,1,5],"rotation":90,"texture":"#7"},"east":{"uv":[0,0,1,5],"rotation":270,"texture":"#7"},"south":{"uv":[0,0,1,5],"rotation":90,"texture":"#7"},"west":{"uv":[0,0,1,5],"rotation":90,"texture":"#7"},"up":{"uv":[0,0,5,5],"rotation":180,"texture":"#7"},"down":{"uv":[0,0,5,5],"texture":"#7"}}},{"from":[9.68667,5.716,5.68667],"to":[11.76667,6.132,7.76667],"rotation":{"angle":-22.5,"axis":"y","origin":[7.72667,8.26,7.72667]},"faces":{"north":{"uv":[0,0,1,5],"rotation":90,"texture":"#7"},"east":{"uv":[0,0,1,5],"rotation":270,"texture":"#7"},"south":{"uv":[0,0,1,5],"rotation":90,"texture":"#7"},"west":{"uv":[0,0,1,5],"rotation":90,"texture":"#7"},"up":{"uv":[0,0,5,5],"rotation":180,"texture":"#7"},"down":{"uv":[0,0,5,5],"texture":"#7"}}},{"from":[9.68667,3.22,4.85467],"to":[11.76667,5.3,5.27067],"rotation":{"angle":-22.5,"axis":"y","origin":[7.72667,8.26,7.72667]},"faces":{"north":{"uv":[0,0,5,5],"texture":"#7"},"east":{"uv":[0,0,1,5],"texture":"#7"},"south":{"uv":[0,0,5,5],"texture":"#7"},"west":{"uv":[0,0,1,5],"texture":"#7"},"up":{"uv":[0,0,1,5],"rotation":90,"texture":"#7"},"down":{"uv":[0,0,1,5],"rotation":270,"texture":"#7"}}},{"from":[9.68667,3.22,8.18267],"to":[11.76667,5.3,8.59867],"rotation":{"angle":-22.5,"axis":"y","origin":[7.72667,8.26,7.72667]},"faces":{"north":{"uv":[0,0,5,5],"texture":"#7"},"east":{"uv":[0,0,1,5],"texture":"#7"},"south":{"uv":[0,0,5,5],"texture":"#7"},"west":{"uv":[0,0,1,5],"texture":"#7"},"up":{"uv":[0,0,1,5],"rotation":90,"texture":"#7"},"down":{"uv":[0,0,1,5],"rotation":270,"texture":"#7"}}},{"from":[8.85467,3.22,5.68667],"to":[9.27067,5.3,7.76667],"rotation":{"angle":-22.5,"axis":"y","origin":[7.72667,8.26,7.72667]},"faces":{"north":{"uv":[0,0,1,5],"texture":"#7"},"east":{"uv":[0,0,5,5],"texture":"#7"},"south":{"uv":[0,0,1,5],"texture":"#7"},"west":{"uv":[0,0,5,5],"texture":"#7"},"up":{"uv":[0,0,1,5],"texture":"#7"},"down":{"uv":[0,0,1,5],"texture":"#7"}}},{"from":[12.59867,3.636,6.10267],"to":[13.01467,4.884,7.35067],"rotation":{"angle":-22.5,"axis":"y","origin":[7.72667,8.26,7.72667]},"faces":{"north":{"uv":[0,0,1,3],"texture":"#7"},"east":{"uv":[0,0,3,3],"texture":"#7"},"south":{"uv":[0,0,1,3],"texture":"#7"},"west":{"uv":[0,0,3,3],"texture":"#7"},"up":{"uv":[0,0,1,3],"rotation":180,"texture":"#7"},"down":{"uv":[0,0,1,3],"rotation":180,"texture":"#7"}}},{"from":[10.10267,1.972,6.10267],"to":[11.35067,2.388,7.35067],"rotation":{"angle":-22.5,"axis":"y","origin":[7.72667,8.26,7.72667]},"faces":{"north":{"uv":[0,0,1,3],"rotation":90,"texture":"#7"},"east":{"uv":[0,0,1,3],"rotation":90,"texture":"#7"},"south":{"uv":[0,0,1,3],"rotation":90,"texture":"#7"},"west":{"uv":[0,0,1,3],"rotation":270,"texture":"#7"},"up":{"uv":[0,0,3,3],"texture":"#7"},"down":{"uv":[0,0,3,3],"rotation":180,"texture":"#7"}}},{"from":[10.10267,6.132,6.10267],"to":[11.35067,6.548,7.35067],"rotation":{"angle":-22.5,"axis":"y","origin":[7.72667,8.26,7.72667]},"faces":{"north":{"uv":[0,0,1,3],"rotation":90,"texture":"#7"},"east":{"uv":[0,0,1,3],"rotation":90,"texture":"#7"},"south":{"uv":[0,0,1,3],"rotation":90,"texture":"#7"},"west":{"uv":[0,0,1,3],"rotation":270,"texture":"#7"},"up":{"uv":[0,0,3,3],"texture":"#7"},"down":{"uv":[0,0,3,3],"rotation":180,"texture":"#7"}}},{"from":[10.10267,3.636,8.59867],"to":[11.35067,4.884,9.01467],"rotation":{"angle":-22.5,"axis":"y","origin":[7.72667,8.26,7.72667]},"faces":{"north":{"uv":[0,0,3,3],"rotation":180,"texture":"#7"},"east":{"uv":[0,0,1,3],"rotation":180,"texture":"#7"},"south":{"uv":[0,0,3,3],"rotation":180,"texture":"#7"},"west":{"uv":[0,0,1,3],"rotation":180,"texture":"#7"},"up":{"uv":[0,0,1,3],"rotation":90,"texture":"#7"},"down":{"uv":[0,0,1,3],"rotation":270,"texture":"#7"}}},{"from":[10.10267,3.636,4.43867],"to":[11.35067,4.884,4.85467],"rotation":{"angle":-22.5,"axis":"y","origin":[7.72667,8.26,7.72667]},"faces":{"north":{"uv":[0,0,3,3],"rotation":180,"texture":"#7"},"east":{"uv":[0,0,1,3],"rotation":180,"texture":"#7"},"south":{"uv":[0,0,3,3],"rotation":180,"texture":"#7"},"west":{"uv":[0,0,1,3],"rotation":180,"texture":"#7"},"up":{"uv":[0,0,1,3],"rotation":90,"texture":"#7"},"down":{"uv":[0,0,1,3],"rotation":270,"texture":"#7"}}},{"from":[8.43867,3.636,6.10267],"to":[8.85467,4.884,7.35067],"rotation":{"angle":-22.5,"axis":"y","origin":[7.72667,8.26,7.72667]},"faces":{"north":{"uv":[0,0,1,3],"texture":"#7"},"east":{"uv":[0,0,3,3],"texture":"#7"},"south":{"uv":[0,0,1,3],"texture":"#7"},"west":{"uv":[0,0,3,3],"texture":"#7"},"up":{"uv":[0,0,1,3],"texture":"#7"},"down":{"uv":[0,0,1,3],"texture":"#7"}}},{"from":[6.76667,2.804,5.27067],"to":[7.18267,5.716,8.18267],"rotation":{"angle":-22.5,"axis":"y","origin":[7.72667,8.26,7.72667]},"faces":{"north":{"uv":[0,0,1,7],"texture":"#5"},"east":{"uv":[0,0,7,7],"texture":"#5"},"south":{"uv":[0,0,1,7],"texture":"#5"},"west":{"uv":[0,0,7,7],"texture":"#5"},"up":{"uv":[0,0,1,7],"rotation":180,"texture":"#5"},"down":{"uv":[0,0,1,7],"rotation":180,"texture":"#5"}}},{"from":[4.27067,2.804,5.27067],"to":[4.68667,5.716,8.18267],"rotation":{"angle":-22.5,"axis":"y","origin":[7.72667,8.26,7.72667]},"faces":{"north":{"uv":[0,0,1,7],"texture":"#5"},"east":{"uv":[0,0,7,7],"texture":"#5"},"south":{"uv":[0,0,1,7],"texture":"#5"},"west":{"uv":[0,0,7,7],"texture":"#5"},"up":{"uv":[0,0,1,7],"texture":"#5"},"down":{"uv":[0,0,1,7],"texture":"#5"}}},{"from":[7.18267,3.22,5.68667],"to":[7.59867,5.3,7.76667],"rotation":{"angle":-22.5,"axis":"y","origin":[7.72667,8.26,7.72667]},"faces":{"north":{"uv":[0,0,1,5],"texture":"#5"},"east":{"uv":[0,0,5,5],"texture":"#5"},"south":{"uv":[0,0,1,5],"texture":"#5"},"west":{"uv":[0,0,5,5],"texture":"#5"},"up":{"uv":[0,0,1,5],"rotation":180,"texture":"#5"},"down":{"uv":[0,0,1,5],"rotation":180,"texture":"#5"}}},{"from":[4.68667,2.804,5.27067],"to":[6.76667,5.716,5.68667],"rotation":{"angle":-22.5,"axis":"y","origin":[7.72667,8.26,7.72667]},"faces":{"north":{"uv":[0,0,5,7],"texture":"#5"},"east":{"uv":[0,0,1,7],"texture":"#5"},"south":{"uv":[0,0,5,7],"texture":"#5"},"west":{"uv":[0,0,1,7],"texture":"#5"},"up":{"uv":[0,0,1,5],"rotation":90,"texture":"#5"},"down":{"uv":[0,0,1,5],"rotation":270,"texture":"#5"}}},{"from":[4.68667,2.804,7.76667],"to":[6.76667,5.716,8.18267],"rotation":{"angle":-22.5,"axis":"y","origin":[7.72667,8.26,7.72667]},"faces":{"north":{"uv":[0,0,5,7],"texture":"#5"},"east":{"uv":[0,0,1,7],"texture":"#5"},"south":{"uv":[0,0,5,7],"texture":"#5"},"west":{"uv":[0,0,1,7],"texture":"#5"},"up":{"uv":[0,0,1,5],"rotation":90,"texture":"#5"},"down":{"uv":[0,0,1,5],"rotation":270,"texture":"#5"}}},{"from":[4.68667,2.388,5.68667],"to":[6.76667,2.804,7.76667],"rotation":{"angle":-22.5,"axis":"y","origin":[7.72667,8.26,7.72667]},"faces":{"north":{"uv":[0,0,1,5],"rotation":90,"texture":"#5"},"east":{"uv":[0,0,1,5],"rotation":270,"texture":"#5"},"south":{"uv":[0,0,1,5],"rotation":90,"texture":"#5"},"west":{"uv":[0,0,1,5],"rotation":90,"texture":"#5"},"up":{"uv":[0,0,5,5],"rotation":180,"texture":"#5"},"down":{"uv":[0,0,5,5],"texture":"#5"}}},{"from":[4.68667,5.716,5.68667],"to":[6.76667,6.132,7.76667],"rotation":{"angle":-22.5,"axis":"y","origin":[7.72667,8.26,7.72667]},"faces":{"north":{"uv":[0,0,1,5],"rotation":90,"texture":"#5"},"east":{"uv":[0,0,1,5],"rotation":270,"texture":"#5"},"south":{"uv":[0,0,1,5],"rotation":90,"texture":"#5"},"west":{"uv":[0,0,1,5],"rotation":90,"texture":"#5"},"up":{"uv":[0,0,5,5],"rotation":180,"texture":"#5"},"down":{"uv":[0,0,5,5],"texture":"#5"}}},{"from":[4.68667,3.22,4.85467],"to":[6.76667,5.3,5.27067],"rotation":{"angle":-22.5,"axis":"y","origin":[7.72667,8.26,7.72667]},"faces":{"north":{"uv":[0,0,5,5],"texture":"#5"},"east":{"uv":[0,0,1,5],"texture":"#5"},"south":{"uv":[0,0,5,5],"texture":"#5"},"west":{"uv":[0,0,1,5],"texture":"#5"},"up":{"uv":[0,0,1,5],"rotation":90,"texture":"#5"},"down":{"uv":[0,0,1,5],"rotation":270,"texture":"#5"}}},{"from":[4.68667,3.22,8.18267],"to":[6.76667,5.3,8.59867],"rotation":{"angle":-22.5,"axis":"y","origin":[7.72667,8.26,7.72667]},"faces":{"north":{"uv":[0,0,5,5],"texture":"#5"},"east":{"uv":[0,0,1,5],"texture":"#5"},"south":{"uv":[0,0,5,5],"texture":"#5"},"west":{"uv":[0,0,1,5],"texture":"#5"},"up":{"uv":[0,0,1,5],"rotation":90,"texture":"#5"},"down":{"uv":[0,0,1,5],"rotation":270,"texture":"#5"}}},{"from":[3.85467,3.22,5.68667],"to":[4.27067,5.3,7.76667],"rotation":{"angle":-22.5,"axis":"y","origin":[7.72667,8.26,7.72667]},"faces":{"north":{"uv":[0,0,1,5],"texture":"#5"},"east":{"uv":[0,0,5,5],"texture":"#5"},"south":{"uv":[0,0,1,5],"texture":"#5"},"west":{"uv":[0,0,5,5],"texture":"#5"},"up":{"uv":[0,0,1,5],"texture":"#5"},"down":{"uv":[0,0,1,5],"texture":"#5"}}},{"from":[7.59867,3.636,6.10267],"to":[8.01467,4.884,7.35067],"rotation":{"angle":-22.5,"axis":"y","origin":[7.72667,8.26,7.72667]},"faces":{"north":{"uv":[0,0,1,3],"texture":"#5"},"east":{"uv":[0,0,3,3],"texture":"#5"},"south":{"uv":[0,0,1,3],"texture":"#5"},"west":{"uv":[0,0,3,3],"texture":"#5"},"up":{"uv":[0,0,1,3],"rotation":180,"texture":"#5"},"down":{"uv":[0,0,1,3],"rotation":180,"texture":"#5"}}},{"from":[5.10267,1.972,6.10267],"to":[6.35067,2.388,7.35067],"rotation":{"angle":-22.5,"axis":"y","origin":[7.72667,8.26,7.72667]},"faces":{"north":{"uv":[0,0,1,3],"rotation":90,"texture":"#5"},"east":{"uv":[0,0,1,3],"rotation":90,"texture":"#5"},"south":{"uv":[0,0,1,3],"rotation":90,"texture":"#5"},"west":{"uv":[0,0,1,3],"rotation":270,"texture":"#5"},"up":{"uv":[0,0,3,3],"texture":"#5"},"down":{"uv":[0,0,3,3],"rotation":180,"texture":"#5"}}},{"from":[5.10267,6.132,6.10267],"to":[6.35067,6.548,7.35067],"rotation":{"angle":-22.5,"axis":"y","origin":[7.72667,8.26,7.72667]},"faces":{"north":{"uv":[0,0,1,3],"rotation":90,"texture":"#5"},"east":{"uv":[0,0,1,3],"rotation":90,"texture":"#5"},"south":{"uv":[0,0,1,3],"rotation":90,"texture":"#5"},"west":{"uv":[0,0,1,3],"rotation":270,"texture":"#5"},"up":{"uv":[0,0,3,3],"texture":"#5"},"down":{"uv":[0,0,3,3],"rotation":180,"texture":"#5"}}},{"from":[5.10267,3.636,8.59867],"to":[6.35067,4.884,9.01467],"rotation":{"angle":-22.5,"axis":"y","origin":[7.72667,8.26,7.72667]},"faces":{"north":{"uv":[0,0,3,3],"rotation":180,"texture":"#5"},"east":{"uv":[0,0,1,3],"rotation":180,"texture":"#5"},"south":{"uv":[0,0,3,3],"rotation":180,"texture":"#5"},"west":{"uv":[0,0,1,3],"rotation":180,"texture":"#5"},"up":{"uv":[0,0,1,3],"rotation":90,"texture":"#5"},"down":{"uv":[0,0,1,3],"rotation":270,"texture":"#5"}}},{"from":[5.10267,3.636,4.43867],"to":[6.35067,4.884,4.85467],"rotation":{"angle":-22.5,"axis":"y","origin":[7.72667,8.26,7.72667]},"faces":{"north":{"uv":[0,0,3,3],"rotation":180,"texture":"#5"},"east":{"uv":[0,0,1,3],"rotation":180,"texture":"#5"},"south":{"uv":[0,0,3,3],"rotation":180,"texture":"#5"},"west":{"uv":[0,0,1,3],"rotation":180,"texture":"#5"},"up":{"uv":[0,0,1,3],"rotation":90,"texture":"#5"},"down":{"uv":[0,0,1,3],"rotation":270,"texture":"#5"}}},{"from":[3.43867,3.636,6.10267],"to":[3.85467,4.884,7.35067],"rotation":{"angle":-22.5,"axis":"y","origin":[7.72667,8.26,7.72667]},"faces":{"north":{"uv":[0,0,1,3],"texture":"#5"},"east":{"uv":[0,0,3,3],"texture":"#5"},"south":{"uv":[0,0,1,3],"texture":"#5"},"west":{"uv":[0,0,3,3],"texture":"#5"},"up":{"uv":[0,0,1,3],"texture":"#5"},"down":{"uv":[0,0,1,3],"texture":"#5"}}},{"from":[9.76667,2.804,1.27067],"to":[10.18267,5.716,4.18267],"rotation":{"angle":-22.5,"axis":"y","origin":[7.72667,8.26,7.72667]},"faces":{"north":{"uv":[0,0,1,7],"texture":"#8"},"east":{"uv":[0,0,7,7],"texture":"#8"},"south":{"uv":[0,0,1,7],"texture":"#8"},"west":{"uv":[0,0,7,7],"texture":"#8"},"up":{"uv":[0,0,1,7],"rotation":180,"texture":"#8"},"down":{"uv":[0,0,1,7],"rotation":180,"texture":"#8"}}},{"from":[7.27067,2.804,1.27067],"to":[7.68667,5.716,4.18267],"rotation":{"angle":-22.5,"axis":"y","origin":[7.72667,8.26,7.72667]},"faces":{"north":{"uv":[0,0,1,7],"texture":"#8"},"east":{"uv":[0,0,7,7],"texture":"#8"},"south":{"uv":[0,0,1,7],"texture":"#8"},"west":{"uv":[0,0,7,7],"texture":"#8"},"up":{"uv":[0,0,1,7],"texture":"#8"},"down":{"uv":[0,0,1,7],"texture":"#8"}}},{"from":[10.18267,3.22,1.68667],"to":[10.59867,5.3,3.76667],"rotation":{"angle":-22.5,"axis":"y","origin":[7.72667,8.26,7.72667]},"faces":{"north":{"uv":[0,0,1,5],"texture":"#8"},"east":{"uv":[0,0,5,5],"texture":"#8"},"south":{"uv":[0,0,1,5],"texture":"#8"},"west":{"uv":[0,0,5,5],"texture":"#8"},"up":{"uv":[0,0,1,5],"rotation":180,"texture":"#8"},"down":{"uv":[0,0,1,5],"rotation":180,"texture":"#8"}}},{"from":[7.68667,2.804,1.27067],"to":[9.76667,5.716,1.68667],"rotation":{"angle":-22.5,"axis":"y","origin":[7.72667,8.26,7.72667]},"faces":{"north":{"uv":[0,0,5,7],"texture":"#8"},"east":{"uv":[0,0,1,7],"texture":"#8"},"south":{"uv":[0,0,5,7],"texture":"#8"},"west":{"uv":[0,0,1,7],"texture":"#8"},"up":{"uv":[0,0,1,5],"rotation":90,"texture":"#8"},"down":{"uv":[0,0,1,5],"rotation":270,"texture":"#8"}}},{"from":[7.68667,2.804,3.76667],"to":[9.76667,5.716,4.18267],"rotation":{"angle":-22.5,"axis":"y","origin":[7.72667,8.26,7.72667]},"faces":{"north":{"uv":[0,0,5,7],"texture":"#8"},"east":{"uv":[0,0,1,7],"texture":"#8"},"south":{"uv":[0,0,5,7],"texture":"#8"},"west":{"uv":[0,0,1,7],"texture":"#8"},"up":{"uv":[0,0,1,5],"rotation":90,"texture":"#8"},"down":{"uv":[0,0,1,5],"rotation":270,"texture":"#8"}}},{"from":[7.68667,2.388,1.68667],"to":[9.76667,2.804,3.76667],"rotation":{"angle":-22.5,"axis":"y","origin":[7.72667,8.26,7.72667]},"faces":{"north":{"uv":[0,0,1,5],"rotation":90,"texture":"#8"},"east":{"uv":[0,0,1,5],"rotation":270,"texture":"#8"},"south":{"uv":[0,0,1,5],"rotation":90,"texture":"#8"},"west":{"uv":[0,0,1,5],"rotation":90,"texture":"#8"},"up":{"uv":[0,0,5,5],"rotation":180,"texture":"#8"},"down":{"uv":[0,0,5,5],"texture":"#8"}}},{"from":[7.68667,5.716,1.68667],"to":[9.76667,6.132,3.76667],"rotation":{"angle":-22.5,"axis":"y","origin":[7.72667,8.26,7.72667]},"faces":{"north":{"uv":[0,0,1,5],"rotation":90,"texture":"#8"},"east":{"uv":[0,0,1,5],"rotation":270,"texture":"#8"},"south":{"uv":[0,0,1,5],"rotation":90,"texture":"#8"},"west":{"uv":[0,0,1,5],"rotation":90,"texture":"#8"},"up":{"uv":[0,0,5,5],"rotation":180,"texture":"#8"},"down":{"uv":[0,0,5,5],"texture":"#8"}}},{"from":[7.68667,3.22,0.85467],"to":[9.76667,5.3,1.27067],"rotation":{"angle":-22.5,"axis":"y","origin":[7.72667,8.26,7.72667]},"faces":{"north":{"uv":[0,0,5,5],"texture":"#8"},"east":{"uv":[0,0,1,5],"texture":"#8"},"south":{"uv":[0,0,5,5],"texture":"#8"},"west":{"uv":[0,0,1,5],"texture":"#8"},"up":{"uv":[0,0,1,5],"rotation":90,"texture":"#8"},"down":{"uv":[0,0,1,5],"rotation":270,"texture":"#8"}}},{"from":[7.68667,3.22,4.18267],"to":[9.76667,5.3,4.59867],"rotation":{"angle":-22.5,"axis":"y","origin":[7.72667,8.26,7.72667]},"faces":{"north":{"uv":[0,0,5,5],"texture":"#8"},"east":{"uv":[0,0,1,5],"texture":"#8"},"south":{"uv":[0,0,5,5],"texture":"#8"},"west":{"uv":[0,0,1,5],"texture":"#8"},"up":{"uv":[0,0,1,5],"rotation":90,"texture":"#8"},"down":{"uv":[0,0,1,5],"rotation":270,"texture":"#8"}}},{"from":[6.85467,3.22,1.68667],"to":[7.27067,5.3,3.76667],"rotation":{"angle":-22.5,"axis":"y","origin":[7.72667,8.26,7.72667]},"faces":{"north":{"uv":[0,0,1,5],"texture":"#8"},"east":{"uv":[0,0,5,5],"texture":"#8"},"south":{"uv":[0,0,1,5],"texture":"#8"},"west":{"uv":[0,0,5,5],"texture":"#8"},"up":{"uv":[0,0,1,5],"texture":"#8"},"down":{"uv":[0,0,1,5],"texture":"#8"}}},{"from":[10.59867,3.636,2.10267],"to":[11.01467,4.884,3.35067],"rotation":{"angle":-22.5,"axis":"y","origin":[7.72667,8.26,7.72667]},"faces":{"north":{"uv":[0,0,1,3],"texture":"#8"},"east":{"uv":[0,0,3,3],"texture":"#8"},"south":{"uv":[0,0,1,3],"texture":"#8"},"west":{"uv":[0,0,3,3],"texture":"#8"},"up":{"uv":[0,0,1,3],"rotation":180,"texture":"#8"},"down":{"uv":[0,0,1,3],"rotation":180,"texture":"#8"}}},{"from":[8.10267,1.972,2.10267],"to":[9.35067,2.388,3.35067],"rotation":{"angle":-22.5,"axis":"y","origin":[7.72667,8.26,7.72667]},"faces":{"north":{"uv":[0,0,1,3],"rotation":90,"texture":"#8"},"east":{"uv":[0,0,1,3],"rotation":90,"texture":"#8"},"south":{"uv":[0,0,1,3],"rotation":90,"texture":"#8"},"west":{"uv":[0,0,1,3],"rotation":270,"texture":"#8"},"up":{"uv":[0,0,3,3],"texture":"#8"},"down":{"uv":[0,0,3,3],"rotation":180,"texture":"#8"}}},{"from":[8.10267,6.132,2.10267],"to":[9.35067,6.548,3.35067],"rotation":{"angle":-22.5,"axis":"y","origin":[7.72667,8.26,7.72667]},"faces":{"north":{"uv":[0,0,1,3],"rotation":90,"texture":"#8"},"east":{"uv":[0,0,1,3],"rotation":90,"texture":"#8"},"south":{"uv":[0,0,1,3],"rotation":90,"texture":"#8"},"west":{"uv":[0,0,1,3],"rotation":270,"texture":"#8"},"up":{"uv":[0,0,3,3],"texture":"#8"},"down":{"uv":[0,0,3,3],"rotation":180,"texture":"#8"}}},{"from":[8.10267,3.636,4.59867],"to":[9.35067,4.884,5.01467],"rotation":{"angle":-22.5,"axis":"y","origin":[7.72667,8.26,7.72667]},"faces":{"north":{"uv":[0,0,3,3],"rotation":180,"texture":"#8"},"east":{"uv":[0,0,1,3],"rotation":180,"texture":"#8"},"south":{"uv":[0,0,3,3],"rotation":180,"texture":"#8"},"west":{"uv":[0,0,1,3],"rotation":180,"texture":"#8"},"up":{"uv":[0,0,1,3],"rotation":90,"texture":"#8"},"down":{"uv":[0,0,1,3],"rotation":270,"texture":"#8"}}},{"from":[8.10267,3.636,0.43867],"to":[9.35067,4.884,0.85467],"rotation":{"angle":-22.5,"axis":"y","origin":[7.72667,8.26,7.72667]},"faces":{"north":{"uv":[0,0,3,3],"rotation":180,"texture":"#8"},"east":{"uv":[0,0,1,3],"rotation":180,"texture":"#8"},"south":{"uv":[0,0,3,3],"rotation":180,"texture":"#8"},"west":{"uv":[0,0,1,3],"rotation":180,"texture":"#8"},"up":{"uv":[0,0,1,3],"rotation":90,"texture":"#8"},"down":{"uv":[0,0,1,3],"rotation":270,"texture":"#8"}}},{"from":[6.43867,3.636,2.10267],"to":[6.85467,4.884,3.35067],"rotation":{"angle":-22.5,"axis":"y","origin":[7.72667,8.26,7.72667]},"faces":{"north":{"uv":[0,0,1,3],"texture":"#8"},"east":{"uv":[0,0,3,3],"texture":"#8"},"south":{"uv":[0,0,1,3],"texture":"#8"},"west":{"uv":[0,0,3,3],"texture":"#8"},"up":{"uv":[0,0,1,3],"texture":"#8"},"down":{"uv":[0,0,1,3],"texture":"#8"}}},{"from":[14.66867,0.6,9.61867],"to":[15.06867,3.4,12.41867],"rotation":{"angle":-22.5,"axis":"y","origin":[4.41867,7,6.01867]},"faces":{"north":{"uv":[0,0,1,7],"texture":"#5"},"east":{"uv":[0,0,7,7],"texture":"#5"},"south":{"uv":[0,0,1,7],"texture":"#5"},"west":{"uv":[0,0,7,7],"texture":"#5"},"up":{"uv":[0,0,1,7],"rotation":180,"texture":"#5"},"down":{"uv":[0,0,1,7],"rotation":180,"texture":"#5"}}},{"from":[12.26867,0.6,9.61867],"to":[12.66867,3.4,12.41867],"rotation":{"angle":-22.5,"axis":"y","origin":[4.41867,7,6.01867]},"faces":{"north":{"uv":[0,0,1,7],"texture":"#5"},"east":{"uv":[0,0,7,7],"texture":"#5"},"south":{"uv":[0,0,1,7],"texture":"#5"},"west":{"uv":[0,0,7,7],"texture":"#5"},"up":{"uv":[0,0,1,7],"texture":"#5"},"down":{"uv":[0,0,1,7],"texture":"#5"}}},{"from":[15.06867,1,10.01867],"to":[15.46867,3,12.01867],"rotation":{"angle":-22.5,"axis":"y","origin":[4.41867,7,6.01867]},"faces":{"north":{"uv":[0,0,1,5],"texture":"#5"},"east":{"uv":[0,0,5,5],"texture":"#5"},"south":{"uv":[0,0,1,5],"texture":"#5"},"west":{"uv":[0,0,5,5],"texture":"#5"},"up":{"uv":[0,0,1,5],"rotation":180,"texture":"#5"},"down":{"uv":[0,0,1,5],"rotation":180,"texture":"#5"}}},{"from":[12.66867,0.6,9.61867],"to":[14.66867,3.4,10.01867],"rotation":{"angle":-22.5,"axis":"y","origin":[4.41867,7,6.01867]},"faces":{"north":{"uv":[0,0,5,7],"texture":"#5"},"east":{"uv":[0,0,1,7],"texture":"#5"},"south":{"uv":[0,0,5,7],"texture":"#5"},"west":{"uv":[0,0,1,7],"texture":"#5"},"up":{"uv":[0,0,1,5],"rotation":90,"texture":"#5"},"down":{"uv":[0,0,1,5],"rotation":270,"texture":"#5"}}},{"from":[12.66867,0.6,12.01867],"to":[14.66867,3.4,12.41867],"rotation":{"angle":-22.5,"axis":"y","origin":[4.41867,7,6.01867]},"faces":{"north":{"uv":[0,0,5,7],"texture":"#5"},"east":{"uv":[0,0,1,7],"texture":"#5"},"south":{"uv":[0,0,5,7],"texture":"#5"},"west":{"uv":[0,0,1,7],"texture":"#5"},"up":{"uv":[0,0,1,5],"rotation":90,"texture":"#5"},"down":{"uv":[0,0,1,5],"rotation":270,"texture":"#5"}}},{"from":[12.66867,0.2,10.01867],"to":[14.66867,0.6,12.01867],"rotation":{"angle":-22.5,"axis":"y","origin":[4.41867,7,6.01867]},"faces":{"north":{"uv":[0,0,1,5],"rotation":90,"texture":"#5"},"east":{"uv":[0,0,1,5],"rotation":270,"texture":"#5"},"south":{"uv":[0,0,1,5],"rotation":90,"texture":"#5"},"west":{"uv":[0,0,1,5],"rotation":90,"texture":"#5"},"up":{"uv":[0,0,5,5],"rotation":180,"texture":"#5"},"down":{"uv":[0,0,5,5],"texture":"#5"}}},{"from":[12.66867,3.4,10.01867],"to":[14.66867,3.8,12.01867],"rotation":{"angle":-22.5,"axis":"y","origin":[4.41867,7,6.01867]},"faces":{"north":{"uv":[0,0,1,5],"rotation":90,"texture":"#5"},"east":{"uv":[0,0,1,5],"rotation":270,"texture":"#5"},"south":{"uv":[0,0,1,5],"rotation":90,"texture":"#5"},"west":{"uv":[0,0,1,5],"rotation":90,"texture":"#5"},"up":{"uv":[0,0,5,5],"rotation":180,"texture":"#5"},"down":{"uv":[0,0,5,5],"texture":"#5"}}},{"from":[12.66867,1,9.21867],"to":[14.66867,3,9.61867],"rotation":{"angle":-22.5,"axis":"y","origin":[4.41867,7,6.01867]},"faces":{"north":{"uv":[0,0,5,5],"texture":"#5"},"east":{"uv":[0,0,1,5],"texture":"#5"},"south":{"uv":[0,0,5,5],"texture":"#5"},"west":{"uv":[0,0,1,5],"texture":"#5"},"up":{"uv":[0,0,1,5],"rotation":90,"texture":"#5"},"down":{"uv":[0,0,1,5],"rotation":270,"texture":"#5"}}},{"from":[12.66867,1,12.41867],"to":[14.66867,3,12.81867],"rotation":{"angle":-22.5,"axis":"y","origin":[4.41867,7,6.01867]},"faces":{"north":{"uv":[0,0,5,5],"texture":"#5"},"east":{"uv":[0,0,1,5],"texture":"#5"},"south":{"uv":[0,0,5,5],"texture":"#5"},"west":{"uv":[0,0,1,5],"texture":"#5"},"up":{"uv":[0,0,1,5],"rotation":90,"texture":"#5"},"down":{"uv":[0,0,1,5],"rotation":270,"texture":"#5"}}},{"from":[11.86867,1,10.01867],"to":[12.26867,3,12.01867],"rotation":{"angle":-22.5,"axis":"y","origin":[4.41867,7,6.01867]},"faces":{"north":{"uv":[0,0,1,5],"texture":"#5"},"east":{"uv":[0,0,5,5],"texture":"#5"},"south":{"uv":[0,0,1,5],"texture":"#5"},"west":{"uv":[0,0,5,5],"texture":"#5"},"up":{"uv":[0,0,1,5],"texture":"#5"},"down":{"uv":[0,0,1,5],"texture":"#5"}}},{"from":[15.46867,1.4,10.41867],"to":[15.86867,2.6,11.61867],"rotation":{"angle":-22.5,"axis":"y","origin":[4.41867,7,6.01867]},"faces":{"north":{"uv":[0,0,1,3],"texture":"#5"},"east":{"uv":[0,0,3,3],"texture":"#5"},"south":{"uv":[0,0,1,3],"texture":"#5"},"west":{"uv":[0,0,3,3],"texture":"#5"},"up":{"uv":[0,0,1,3],"rotation":180,"texture":"#5"},"down":{"uv":[0,0,1,3],"rotation":180,"texture":"#5"}}},{"from":[13.06867,-0.2,10.41867],"to":[14.26867,0.2,11.61867],"rotation":{"angle":-22.5,"axis":"y","origin":[4.41867,7,6.01867]},"faces":{"north":{"uv":[0,0,1,3],"rotation":90,"texture":"#5"},"east":{"uv":[0,0,1,3],"rotation":90,"texture":"#5"},"south":{"uv":[0,0,1,3],"rotation":90,"texture":"#5"},"west":{"uv":[0,0,1,3],"rotation":270,"texture":"#5"},"up":{"uv":[0,0,3,3],"texture":"#5"},"down":{"uv":[0,0,3,3],"rotation":180,"texture":"#5"}}},{"from":[13.06867,3.8,10.41867],"to":[14.26867,4.2,11.61867],"rotation":{"angle":-22.5,"axis":"y","origin":[4.41867,7,6.01867]},"faces":{"north":{"uv":[0,0,1,3],"rotation":90,"texture":"#5"},"east":{"uv":[0,0,1,3],"rotation":90,"texture":"#5"},"south":{"uv":[0,0,1,3],"rotation":90,"texture":"#5"},"west":{"uv":[0,0,1,3],"rotation":270,"texture":"#5"},"up":{"uv":[0,0,3,3],"texture":"#5"},"down":{"uv":[0,0,3,3],"rotation":180,"texture":"#5"}}},{"from":[13.06867,1.4,12.81867],"to":[14.26867,2.6,13.21867],"rotation":{"angle":-22.5,"axis":"y","origin":[4.41867,7,6.01867]},"faces":{"north":{"uv":[0,0,3,3],"rotation":180,"texture":"#5"},"east":{"uv":[0,0,1,3],"rotation":180,"texture":"#5"},"south":{"uv":[0,0,3,3],"rotation":180,"texture":"#5"},"west":{"uv":[0,0,1,3],"rotation":180,"texture":"#5"},"up":{"uv":[0,0,1,3],"rotation":90,"texture":"#5"},"down":{"uv":[0,0,1,3],"rotation":270,"texture":"#5"}}},{"from":[13.06867,1.4,8.81867],"to":[14.26867,2.6,9.21867],"rotation":{"angle":-22.5,"axis":"y","origin":[4.41867,7,6.01867]},"faces":{"north":{"uv":[0,0,3,3],"rotation":180,"texture":"#5"},"east":{"uv":[0,0,1,3],"rotation":180,"texture":"#5"},"south":{"uv":[0,0,3,3],"rotation":180,"texture":"#5"},"west":{"uv":[0,0,1,3],"rotation":180,"texture":"#5"},"up":{"uv":[0,0,1,3],"rotation":90,"texture":"#5"},"down":{"uv":[0,0,1,3],"rotation":270,"texture":"#5"}}},{"from":[11.46867,1.4,10.41867],"to":[11.86867,2.6,11.61867],"rotation":{"angle":-22.5,"axis":"y","origin":[4.41867,7,6.01867]},"faces":{"north":{"uv":[0,0,1,3],"texture":"#5"},"east":{"uv":[0,0,3,3],"texture":"#5"},"south":{"uv":[0,0,1,3],"texture":"#5"},"west":{"uv":[0,0,3,3],"texture":"#5"},"up":{"uv":[0,0,1,3],"texture":"#5"},"down":{"uv":[0,0,1,3],"texture":"#5"}}}],"display":{"thirdperson_righthand":{"rotation":[94,-34,0],"translation":[0,-1.75,-3.75],"scale":[0.5,0.5,0.5]},"thirdperson_lefthand":{"rotation":[94,-34,0],"translation":[0,-1.75,-3.75],"scale":[0.5,0.5,0.5]},"firstperson_righthand":{"scale":[0.5,0.5,0.5]},"firstperson_lefthand":{"scale":[0.5,0.5,0.5]},"ground":{"scale":[0.5,0.5,0.5]},"gui":{"rotation":[21,65,0],"translation":[0.5,0.5,0],"scale":[0.7,0.7,0.7]},"fixed":{"rotation":[-90,0,0],"translation":[0,0,-9.5],"scale":[1.3,1.3,1.3]}},"groups":[{"name":"todo","origin":[8,8,8],"children":[{"name":"cesto","origin":[0,0,0],"children":[0,1,2,3,4,5]},{"name":"asa","origin":[0,0,0],"children":[6,7,8,9,10,11,12,13,14,15,16,17,18,19,20,21,22,23,24,25,26,27,28]},{"name":"skein","origin":[0.5,1.5,-8.5],"children":[29,30,31,32,33,34,35,36,37,38,39,40,41,42,43,44]},{"name":"skein","origin":[8,8,8],"children":[{"name":"skein","origin":[0.5,1.5,-8.5],"children":[45,46,47,48,49,50,51,52,53,54,55,56,57,58,59,60]}]},{"name":"skein","origin":[0.5,1.5,-8.5],"children":[61,62,63,64,65,66,67,68,69,70,71,72,73,74,75,76]},{"name":"skein","origin":[0.5,1.5,-8.5],"children":[77,78,79,80,81,82,83,84,85,86,87,88,89,90,91,92]},{"name":"skein","origin":[0.5,1.5,-8.5],"children":[93,94,95,96,97,98,99,100,101,102,103,104,105,106,107,108]},{"name":"skein","origin":[0.5,1.5,-8.5],"children":[109,110,111,112,113,114,115,116,117,118,119,120,121,122,123,124]},{"name":"skein","origin":[0.5,1.5,-8.5],"children":[125,126,127,128,129,130,131,132,133,134,135,136,137,138,139,140]},{"name":"skein","origin":[0.5,1.5,-8.5],"children":[141,142,143,144,145,146,147,148,149,150,151,152,153,154,155,156]}]},{"name":"skein","origin":[0.5,1.5,-8.5],"children":[157,158,159,160,161,162,163,164,165,166,167,168,169,170,171,172]}]}