{
	"credit": "Made with Blockbench",
	"textures": {
		"0": "block/bathroom/bathtub",
		"1": "block/bathroom/bathtub faucet texture",
		"2": "block/bathroom/toilet water",
		"particle": "block/bathroom/bathtub"
	},
	"elements": [
		{
			"from": [12.8, 15.25, 11.3],
			"to": [13.4, 15.55, 13.1],
			"rotation": {"angle": 0, "axis": "y", "origin": [12.8, -0.05, -1.6]},
			"faces": {
				"north": {"uv": [0, 0, 0.5, 0.25], "texture": "#1"},
				"east": {"uv": [0, 0, 1.5, 0.25], "texture": "#1"},
				"south": {"uv": [0, 0, 0.5, 0.25], "texture": "#1"},
				"west": {"uv": [0, 0, 1.5, 0.25], "texture": "#0"},
				"up": {"uv": [0, 0, 0.5, 1.5], "texture": "#1"},
				"down": {"uv": [0, 0, 0.5, 1.5], "texture": "#1"}
			}
		},
		{
			"from": [12.803, 15.253, 11.3006],
			"to": [13.403, 16.153, 12.2006],
			"rotation": {"angle": 0, "axis": "y", "origin": [12.8, -0.05, -1.6]},
			"faces": {
				"north": {"uv": [0, 0, 0.5, 0.75], "texture": "#1"},
				"east": {"uv": [0, 0, 0.75, 0.75], "texture": "#1"},
				"south": {"uv": [0, 0, 0.5, 0.75], "texture": "#1"},
				"west": {"uv": [0, 0, 0.75, 0.75], "texture": "#0"},
				"up": {"uv": [0, 0, 0.5, 0.75], "texture": "#1"},
				"down": {"uv": [0, 0, 0.5, 0.75], "texture": "#0"}
			}
		},
		{
			"from": [5.6, -0.05, 3.2],
			"to": [10.4, 5.95, 9.2],
			"rotation": {"angle": 0, "axis": "y", "origin": [-1.6, -0.05, -1.6]},
			"faces": {
				"north": {"uv": [0, 0, 4, 5], "texture": "#0"},
				"east": {"uv": [0, 0, 5, 5], "texture": "#0"},
				"south": {"uv": [0, 0, 4, 5], "texture": "#0"},
				"west": {"uv": [0, 0, 5, 5], "texture": "#0"},
				"up": {"uv": [0, 0, 4, 5], "texture": "#0"},
				"down": {"uv": [0, 0, 4, 5], "texture": "#0"}
			}
		},
		{
			"from": [6.8, -0.05, 9.2],
			"to": [9.2, 5.95, 12.8],
			"rotation": {"angle": 0, "axis": "y", "origin": [-1.6, -0.05, -1.6]},
			"faces": {
				"north": {"uv": [0, 0, 2, 5], "texture": "#0"},
				"east": {"uv": [0, 0, 3, 5], "texture": "#0"},
				"south": {"uv": [0, 0, 2, 5], "texture": "#0"},
				"west": {"uv": [0, 0, 3, 5], "texture": "#0"},
				"up": {"uv": [0, 0, 2, 3], "texture": "#0"},
				"down": {"uv": [0, 0, 2, 3], "texture": "#0"}
			}
		},
		{
			"from": [6.2, -0.05, 9.2],
			"to": [9.8, 1.15, 13.4],
			"rotation": {"angle": 0, "axis": "y", "origin": [-1.6, -0.05, -1.6]},
			"faces": {
				"north": {"uv": [0, 0, 3, 1], "texture": "#0"},
				"east": {"uv": [0, 0, 3.5, 1], "texture": "#0"},
				"south": {"uv": [0, 0, 3, 1], "texture": "#0"},
				"west": {"uv": [0, 0, 3.5, 1], "texture": "#0"},
				"up": {"uv": [0, 0, 3, 3.5], "texture": "#0"},
				"down": {"uv": [0, 0, 3, 3.5], "texture": "#0"}
			}
		},
		{
			"from": [9.2, 5.95, 2],
			"to": [12.8, 7.15, 10.4],
			"rotation": {"angle": 0, "axis": "y", "origin": [-1.6, -0.05, -1.6]},
			"faces": {
				"north": {"uv": [0, 0, 3, 1], "texture": "#0"},
				"east": {"uv": [0, 0, 7, 1], "texture": "#0"},
				"south": {"uv": [0, 0, 3, 1], "texture": "#0"},
				"west": {"uv": [0, 0, 7, 1], "texture": "#0"},
				"up": {"uv": [0, 0, 3, 7], "texture": "#0"},
				"down": {"uv": [0, 0, 3, 7], "texture": "#0"}
			}
		},
		{
			"from": [3.2, 5.95, 2],
			"to": [6.8, 7.15, 10.4],
			"rotation": {"angle": 0, "axis": "y", "origin": [-1.6, -0.05, -1.6]},
			"faces": {
				"north": {"uv": [0, 0, 3, 1], "texture": "#0"},
				"east": {"uv": [0, 0, 7, 1], "texture": "#0"},
				"south": {"uv": [0, 0, 3, 1], "texture": "#0"},
				"west": {"uv": [0, 0, 7, 1], "texture": "#0"},
				"up": {"uv": [0, 0, 3, 7], "texture": "#0"},
				"down": {"uv": [0, 0, 3, 7], "texture": "#0"}
			}
		},
		{
			"from": [6.8, 5.95, 2],
			"to": [9.2, 7.15, 5.6],
			"rotation": {"angle": 0, "axis": "y", "origin": [-1.6, -0.05, -1.6]},
			"faces": {
				"north": {"uv": [0, 0, 2, 1], "texture": "#0"},
				"east": {"uv": [0, 0, 3, 1], "texture": "#0"},
				"south": {"uv": [0, 0, 2, 1], "texture": "#0"},
				"west": {"uv": [0, 0, 3, 1], "texture": "#0"},
				"up": {"uv": [0, 0, 2, 3], "texture": "#0"},
				"down": {"uv": [0, 0, 2, 3], "texture": "#0"}
			}
		},
		{
			"name": "water",
			"from": [4.8, 6.95, 1.6],
			"to": [11.2, 7.55, 9.2],
			"rotation": {"angle": 0, "axis": "y", "origin": [-1.6, -0.05, -1.6]},
			"faces": {
				"north": {"uv": [0, 0, 2, 0.5], "texture": "#2"},
				"east": {"uv": [0, 0, 3, 0.5], "texture": "#2"},
				"south": {"uv": [0, 0, 2, 0.5], "texture": "#2"},
				"west": {"uv": [0, 0, 3, 0.5], "texture": "#2"},
				"up": {"uv": [0, 0, 2, 3], "texture": "#2"},
				"down": {"uv": [0, 0, 2, 3], "texture": "#2"}
			}
		},
		{
			"from": [3.2, 5.95, 10.4],
			"to": [12.8, 17.95, 14],
			"rotation": {"angle": 0, "axis": "y", "origin": [-1.6, -0.05, -1.6]},
			"faces": {
				"north": {"uv": [0, 0, 8, 10], "texture": "#0"},
				"east": {"uv": [0, 0, 3, 10], "texture": "#0"},
				"south": {"uv": [0, 0, 8, 10], "texture": "#0"},
				"west": {"uv": [0, 0, 3, 10], "texture": "#0"},
				"up": {"uv": [0, 0, 8, 3], "texture": "#0"},
				"down": {"uv": [0, 0, 8, 3], "texture": "#0"}
			}
		},
		{
			"from": [5, 5.95, 9.2],
			"to": [11, 9.55, 10.4],
			"rotation": {"angle": 0, "axis": "y", "origin": [-1.6, -0.05, -1.6]},
			"faces": {
				"north": {"uv": [0, 0, 5, 3], "texture": "#0"},
				"east": {"uv": [0, 0, 1, 3], "texture": "#0"},
				"south": {"uv": [0, 0, 5, 3], "texture": "#0"},
				"west": {"uv": [0, 0, 1, 3], "texture": "#0"},
				"up": {"uv": [0, 0, 5, 1], "texture": "#0"},
				"down": {"uv": [0, 0, 5, 1], "texture": "#0"}
			}
		},
		{
			"from": [2.6, 17.35, 9.8],
			"to": [13.4, 18.55, 14.6],
			"rotation": {"angle": 0, "axis": "y", "origin": [-1.6, -0.05, -1.6]},
			"faces": {
				"north": {"uv": [0, 0, 9, 1], "texture": "#0"},
				"east": {"uv": [0, 0, 4, 1], "texture": "#0"},
				"south": {"uv": [0, 0, 9, 1], "texture": "#0"},
				"west": {"uv": [0, 0, 4, 1], "texture": "#0"},
				"up": {"uv": [0, 0, 9, 4], "texture": "#0"},
				"down": {"uv": [0, 0, 9, 4], "texture": "#0"}
			}
		},
		{
			"from": [3.2, 7.138, 2],
			"to": [5, 9.538, 10.4],
			"rotation": {"angle": 0, "axis": "y", "origin": [-1.6, -0.05, -1.6]},
			"faces": {
				"north": {"uv": [0, 0, 1.5, 2], "texture": "#0"},
				"east": {"uv": [0, 0, 7, 2], "texture": "#0"},
				"south": {"uv": [0, 0, 1.5, 2], "texture": "#0"},
				"west": {"uv": [0, 0, 7, 2], "texture": "#0"},
				"up": {"uv": [0, 0, 1.5, 7], "texture": "#0"},
				"down": {"uv": [0, 0, 1.5, 7], "texture": "#0"}
			}
		},
		{
			"from": [11, 7.138, 2],
			"to": [12.8, 9.538, 10.4],
			"rotation": {"angle": 0, "axis": "y", "origin": [-1.6, -0.05, -1.6]},
			"faces": {
				"north": {"uv": [0, 0, 1.5, 2], "texture": "#0"},
				"east": {"uv": [0, 0, 7, 2], "texture": "#0"},
				"south": {"uv": [0, 0, 1.5, 2], "texture": "#0"},
				"west": {"uv": [0, 0, 7, 2], "texture": "#0"},
				"up": {"uv": [0, 0, 1.5, 7], "texture": "#0"},
				"down": {"uv": [0, 0, 1.5, 7], "texture": "#0"}
			}
		},
		{
			"from": [4.95736, 5.9488, -4.64264],
			"to": [7.35736, 9.5488, -2.24264],
			"rotation": {"angle": -45, "axis": "y", "origin": [-1.04264, -0.05, -2.24264]},
			"faces": {
				"north": {"uv": [0, 0, 2, 3], "texture": "#0"},
				"east": {"uv": [0, 0, 2, 3], "texture": "#0"},
				"south": {"uv": [0, 0, 2, 3], "texture": "#0"},
				"west": {"uv": [0, 0, 2, 3], "texture": "#0"},
				"up": {"uv": [0, 0, 2, 2], "texture": "#0"},
				"down": {"uv": [0, 0, 2, 2], "texture": "#0"}
			}
		},
		{
			"from": [9.03568, 5.9488, -8.50624],
			"to": [11.43568, 9.5488, -6.10624],
			"rotation": {"angle": -45, "axis": "y", "origin": [-0.56432, -0.05, -1.60624]},
			"faces": {
				"north": {"uv": [0, 0, 2, 3], "texture": "#0"},
				"east": {"uv": [0, 0, 2, 3], "texture": "#0"},
				"south": {"uv": [0, 0, 2, 3], "texture": "#0"},
				"west": {"uv": [0, 0, 2, 3], "texture": "#0"},
				"up": {"uv": [0, 0, 2, 2], "texture": "#0"},
				"down": {"uv": [0, 0, 2, 2], "texture": "#0"}
			}
		},
		{
			"from": [4.88, 5.95, 0.32],
			"to": [11.12, 9.55, 2.12],
			"rotation": {"angle": 0, "axis": "y", "origin": [-1.72, -0.05, -1.6]},
			"faces": {
				"north": {"uv": [0, 0, 5.2, 3], "texture": "#0"},
				"east": {"uv": [0, 0, 1.5, 3], "texture": "#0"},
				"south": {"uv": [0, 0, 5.2, 3], "texture": "#0"},
				"west": {"uv": [0, 0, 1.5, 3], "texture": "#0"},
				"up": {"uv": [0, 0, 5.2, 1.5], "texture": "#0"},
				"down": {"uv": [0, 0, 5.2, 1.5], "texture": "#0"}
			}
		},
		{
			"from": [3.95, 8.494, 9.7988],
			"to": [12.05, 15.694, 11.5988],
			"rotation": {"angle": 0, "axis": "y", "origin": [-1.75, 1.15, -1.6]},
			"faces": {
				"north": {"uv": [0, 0, 6.75, 6], "texture": "#0"},
				"east": {"uv": [0, 0, 1.5, 6], "texture": "#0"},
				"south": {"uv": [0, 0, 6.75, 6], "texture": "#0"},
				"west": {"uv": [0, 0, 1.5, 6], "texture": "#0"},
				"up": {"uv": [0, 0, 6.75, 1.5], "texture": "#0"},
				"down": {"uv": [0, 0, 6.75, 1.5], "texture": "#0"}
			}
		},
		{
			"from": [4.15147, 15.60147, 9.8006],
			"to": [5.35147, 17.10147, 10.4006],
			"rotation": {"angle": -45, "axis": "z", "origin": [4.15147, 15.90147, 9.2]},
			"faces": {
				"north": {"uv": [0, 0, 1, 1.25], "texture": "#0"},
				"east": {"uv": [0, 0, 0.5, 1.25], "texture": "#0"},
				"south": {"uv": [0, 0, 1, 1.25], "texture": "#0"},
				"west": {"uv": [0, 0, 0.5, 1.25], "texture": "#0"},
				"up": {"uv": [0, 0, 1, 0.5], "texture": "#0"},
				"down": {"uv": [0, 0, 1, 0.5], "texture": "#0"}
			}
		},
		{
			"from": [5, 15.55, 9.79988],
			"to": [11, 16.75, 10.39988],
			"rotation": {"angle": 0, "axis": "y", "origin": [-1.6, 1.15, -1.6]},
			"faces": {
				"north": {"uv": [0, 0, 5, 1], "texture": "#0"},
				"east": {"uv": [0, 0, 0.5, 1], "texture": "#0"},
				"south": {"uv": [0, 0, 5, 1], "texture": "#0"},
				"west": {"uv": [0, 0, 0.5, 1], "texture": "#0"},
				"up": {"uv": [0, 0, 5, 0.5], "texture": "#0"},
				"down": {"uv": [0, 0, 5, 0.5], "texture": "#0"}
			}
		},
		{
			"from": [11.20589, 18.44706, 9.8006],
			"to": [12.70589, 19.64706, 10.4006],
			"rotation": {"angle": -45, "axis": "z", "origin": [7.60589, 18.44706, 11.6]},
			"faces": {
				"north": {"uv": [0, 0, 1.25, 1], "texture": "#0"},
				"east": {"uv": [0, 0, 0.5, 1], "texture": "#0"},
				"south": {"uv": [0, 0, 1.25, 1], "texture": "#0"},
				"west": {"uv": [0, 0, 0.5, 1], "texture": "#0"},
				"up": {"uv": [0, 0, 1.25, 0.5], "texture": "#0"},
				"down": {"uv": [0, 0, 1.25, 0.5], "texture": "#0"}
			}
		}
	],
	"display": {
		"thirdperson_righthand": {
			"rotation": [90, 0, 0],
			"translation": [0, 2.5, 0],
			"scale": [0.5, 0.5, 0.5]
		},
		"thirdperson_lefthand": {
			"rotation": [90, 0, 0],
			"translation": [0, 2.5, 0],
			"scale": [0.5, 0.5, 0.5]
		},
		"firstperson_righthand": {
			"scale": [0.5, 0.5, 0.5]
		},
		"firstperson_lefthand": {
			"scale": [0.5, 0.5, 0.5]
		},
		"ground": {
			"translation": [0, 2.25, 0]
		},
		"gui": {
			"rotation": [25, -139, 0],
			"translation": [0, -1, 0],
			"scale": [0.6, 0.6, 0.6]
		},
		"head": {
			"translation": [0, 14.5, 0]
		},
		"fixed": {
			"rotation": [-90, 0, 0],
			"translation": [0, 0, -14],
			"scale": [2, 2, 2]
		}
	},
	"groups": [
		{
			"name": "toilet",
			"origin": [8, 6.8, 8],
			"color": 0,
			"children": [
				{
					"name": "flusher",
					"origin": [12, -1.2, 0],
					"color": 0,
					"children": [0, 1]
				},
				{
					"name": "base",
					"origin": [0, -1.2, 0],
					"color": 0,
					"children": [2, 3, 4]
				},
				{
					"name": "toilet",
					"origin": [-0.1, -1.2, 0],
					"color": 0,
					"children": [5, 6, 7, 8, 9, 10, 11, 12, 13, 14, 15, 16]
				},
				{
					"name": "lid",
					"origin": [7.67157, 13.21421, 11],
					"color": 0,
					"children": [17, 18, 19, 20]
				}
			]
		}
	]
}