{
	"credit": "Made with Blockbench",
	"textures": {
		"particle": "block/bunkerslamp1",
		"0": "block/bunkerslamp1",
		"1": "block/bunkerslamp_gold"
		},
	"elements": [
		{
			"name": "octagon",
			"from": [4, 7.9102, 7.354],
			"to": [12, 11.0498, 8.608],
			"rotation": {"angle": 45, "axis": "x", "origin": [8, 9.92, 10.2]},
			"faces": {
				"north": {"uv": [1, 6, 9, 9.14], "texture": "#1"},
				"east": {"uv": [12, 2, 15.1396, 3.254], "rotation": 90, "texture": "#1"},
				"west": {"uv": [12, 2, 15.1396, 3.254], "rotation": 90, "texture": "#1"}
			}
		},
		{
			"name": "octagon",
			"from": [4, 9.5602, 6.77],
			"to": [12, 10.5198, 11.46],
			"rotation": {"angle": 0, "axis": "x", "origin": [8, 9.92, 10.2]},
			"faces": {
				"north": {"uv": [0.5, 9.5, 8.5, 10.46], "texture": "#1"},
				"east": {"uv": [11, 0, 15.69, 0.96], "texture": "#1"},
				"south": {"uv": [0.5, 9.5, 8.5, 10.46], "texture": "#1"},
				"west": {"uv": [11, 0, 15.69, 0.9596], "texture": "#1"},
				"up": {"uv": [0, 5, 10, 10.862], "texture": "#1"},
				"down": {"uv": [0, 10.5, 10, 15.862], "texture": "#1"}
			}
		},
		{
			"name": "octagon",
			"from": [4, 10.368, 9.02157],
			"to": [12, 12.7676, 10.57157],
			"rotation": {"angle": -22.5, "axis": "x", "origin": [8, 12.67, 10.65]},
			"faces": {
				"east": {"uv": [13, 4, 15.3996, 5.55], "rotation": 90, "texture": "#1"},
				"south": {"uv": [1, 2, 9, 4.4], "rotation": 180, "texture": "#1"},
				"west": {"uv": [13, 4, 15.3996, 5.55], "rotation": 90, "texture": "#1"}
			}
		},
		{
			"name": "octagon",
			"from": [3.992, 11.52, 8.9902],
			"to": [12.008, 12.736, 10.5362],
			"rotation": {"angle": 0, "axis": "x", "origin": [8, 9.92, 10.2]},
			"faces": {
				"north": {"uv": [0, 3, 10, 4.02], "texture": "#1"},
				"east": {"uv": [14, 4.5, 15.546, 5.716], "texture": "#1"},
				"south": {"uv": [0, 3, 10, 4.02], "texture": "#1"},
				"west": {"uv": [14, 4.5, 15.546, 5.716], "texture": "#1"},
				"up": {"uv": [1, 4, 9.016, 5.546], "rotation": 180, "texture": "#1"}
			}
		},
		{
			"name": "octagon",
			"from": [6.8402, 0, 8.2],
			"to": [9.1598, 0.8, 13.8],
			"rotation": {"angle": 45, "axis": "y", "origin": [8, 0, 11]},
			"faces": {
				"north": {"uv": [6.5, 15, 9.4, 16], "texture": "#0"},
				"south": {"uv": [6.5, 15, 9.4, 16], "texture": "#0"},
				"up": {"uv": [0, 0, 2.89949, 7], "texture": "#0"},
				"down": {"uv": [0, 0, 2.89949, 7], "texture": "#0"}
			}
		},
		{
			"name": "octagon",
			"from": [6.8402, 0, 8.2],
			"to": [9.1598, 0.804, 13.8],
			"rotation": {"angle": 0, "axis": "y", "origin": [8, 0, 11]},
			"faces": {
				"north": {"uv": [0, 15, 2.9, 16], "texture": "#0"},
				"south": {"uv": [0, 15, 2.89949, 16.005], "texture": "#0"},
				"up": {"uv": [0, 0, 2.89949, 7], "texture": "#0"},
				"down": {"uv": [0, 0, 2.89949, 7], "texture": "#0"}
			}
		},
		{
			"name": "octagon",
			"from": [5.2, 0, 9.8402],
			"to": [10.8, 0.8, 12.1598],
			"rotation": {"angle": 45, "axis": "y", "origin": [8, 0, 11]},
			"faces": {
				"east": {"uv": [3, 15, 5.9, 16], "texture": "#0"},
				"west": {"uv": [3, 15, 5.9, 16], "texture": "#0"},
				"up": {"uv": [0, 0, 2.89949, 7], "rotation": 90, "texture": "#0"},
				"down": {"uv": [0, 0, 2.89949, 7], "rotation": 90, "texture": "#0"}
			}
		},
		{
			"name": "octagon",
			"from": [5.2, 0, 9.8402],
			"to": [10.8, 0.808, 12.1598],
			"rotation": {"angle": 0, "axis": "y", "origin": [8, 0, 11]},
			"faces": {
				"east": {"uv": [0, 15, 2.9, 16], "texture": "#0"},
				"west": {"uv": [0, 15, 2.89949, 16.01], "texture": "#0"},
				"up": {"uv": [0, 0, 2.89949, 7], "rotation": 90, "texture": "#0"},
				"down": {"uv": [0, 0, 2.89949, 7], "rotation": 90, "texture": "#0"}
			}
		},
		{
			"name": "octagon",
			"from": [7.17157, 0.8, 9],
			"to": [8.82843, 2.4008, 13],
			"rotation": {"angle": 45, "axis": "y", "origin": [8, 1.6, 11]},
			"faces": {
				"north": {"uv": [5, 12.5, 7.071, 14.501], "texture": "#0"},
				"south": {"uv": [5, 12.5, 7.071, 14.501], "texture": "#0"},
				"up": {"uv": [0, 7, 2.07107, 12], "texture": "#0"}
			}
		},
		{
			"name": "octagon",
			"from": [7.17157, 0.8, 9],
			"to": [8.82843, 2.404, 13],
			"rotation": {"angle": 0, "axis": "y", "origin": [8, 1.6, 11]},
			"faces": {
				"north": {"uv": [0, 12.5, 2.071, 14.505], "texture": "#0"},
				"south": {"uv": [0, 12.5, 2.07107, 14.501], "texture": "#0"},
				"up": {"uv": [0, 7, 2.07107, 12], "texture": "#0"}
			}
		},
		{
			"name": "octagon",
			"from": [6, 0.8, 10.17157],
			"to": [10, 2.4, 11.82843],
			"rotation": {"angle": 45, "axis": "y", "origin": [8, 1.6, 11]},
			"faces": {
				"east": {"uv": [2.5, 12.5, 4.571, 14.501], "texture": "#0"},
				"west": {"uv": [2.5, 12.5, 4.571, 14.501], "texture": "#0"},
				"up": {"uv": [0, 7, 2.07107, 12], "rotation": 90, "texture": "#0"}
			}
		},
		{
			"name": "octagon",
			"from": [6, 0.8, 10.17157],
			"to": [10, 2.408, 11.82843],
			"rotation": {"angle": 0, "axis": "y", "origin": [8, 1.6, 11]},
			"faces": {
				"east": {"uv": [0, 12.5, 2.07107, 14.51], "texture": "#0"},
				"west": {"uv": [0, 12.5, 2.07107, 14.501], "texture": "#0"},
				"up": {"uv": [0, 7, 2.07107, 12], "rotation": 90, "texture": "#0"}
			}
		},
		{
			"from": [7.6, 2.4, 10.6],
			"to": [8.4, 4.8, 11.4],
			"rotation": {"angle": -45, "axis": "y", "origin": [8, 3.6, 11]},
			"faces": {
				"north": {"uv": [9, 7.5, 10, 10.5], "texture": "#0"},
				"east": {"uv": [7.5, 7.5, 8.5, 10.5], "texture": "#0"},
				"south": {"uv": [9, 7.5, 10, 10.5], "texture": "#0"},
				"west": {"uv": [7.5, 7.5, 8.5, 10.5], "texture": "#0"},
				"up": {"uv": [12.5, 12, 13.5, 13], "texture": "#0"}
			}
		},
		{
			"from": [7.6, 10.8, 13],
			"to": [8.4, 12.8, 13.8],
			"rotation": {"angle": -45, "axis": "y", "origin": [8, 12, 13.4]},
			"faces": {
				"north": {"uv": [9, 8, 10, 10.5], "texture": "#0"},
				"east": {"uv": [7.5, 8, 8.5, 10.5], "texture": "#0"},
				"south": {"uv": [9, 8, 10, 10.5], "texture": "#0"},
				"west": {"uv": [7.5, 8, 8.5, 10.5], "texture": "#0"},
				"up": {"uv": [3.5, 15, 4.5, 16], "texture": "#0"}
			}
		},
		{
			"from": [6, 4.4, 10.6],
			"to": [10, 5.2, 11.4],
			"rotation": {"angle": 45, "axis": "x", "origin": [8, 4.8, 11]},
			"faces": {
				"north": {"uv": [11, 15, 16, 16], "texture": "#0"},
				"east": {"uv": [12.5, 15, 13.5, 16], "texture": "#0"},
				"south": {"uv": [11, 15, 16, 16], "texture": "#0"},
				"west": {"uv": [12, 15, 13, 16], "texture": "#0"},
				"up": {"uv": [11, 15, 16, 16], "texture": "#0"},
				"down": {"uv": [11, 15, 16, 16], "rotation": 180, "texture": "#0"}
			}
		},
		{
			"from": [2.8, 10.16, 9.16],
			"to": [4, 10.96, 9.96],
			"rotation": {"angle": 45, "axis": "x", "origin": [5.2, 10.56, 9.56]},
			"faces": {
				"north": {"uv": [9.5, 12, 11, 13], "texture": "#0"},
				"south": {"uv": [9.5, 12, 11, 13], "texture": "#0"},
				"west": {"uv": [12.5, 12, 13.5, 13], "texture": "#0"},
				"up": {"uv": [9.5, 12, 11, 13], "texture": "#0"},
				"down": {"uv": [9.5, 12, 11, 13], "rotation": 180, "texture": "#0"}
			}
		},
		{
			"from": [12, 10.16, 9.16],
			"to": [13.2, 10.96, 9.96],
			"rotation": {"angle": 45, "axis": "x", "origin": [14, 10.56, 9.56]},
			"faces": {
				"north": {"uv": [9.5, 12, 11, 13], "texture": "#0"},
				"east": {"uv": [12, 12, 13, 13], "texture": "#0"},
				"south": {"uv": [9.5, 12, 11, 13], "texture": "#0"},
				"up": {"uv": [9.5, 12, 11, 13], "texture": "#0"},
				"down": {"uv": [9.5, 12, 11, 13], "rotation": 180, "texture": "#0"}
			}
		},
		{
			"from": [6, 10.4, 13],
			"to": [10, 11.2, 13.8],
			"rotation": {"angle": 45, "axis": "x", "origin": [8, 10.8, 13.4]},
			"faces": {
				"north": {"uv": [11, 12, 16, 13], "texture": "#0"},
				"east": {"uv": [13.5, 12, 14.5, 13], "texture": "#0"},
				"south": {"uv": [11, 12, 16, 13], "texture": "#0"},
				"west": {"uv": [11.5, 12, 12.5, 13], "texture": "#0"},
				"up": {"uv": [11, 12, 16, 13], "texture": "#0"},
				"down": {"uv": [11, 12, 16, 13], "texture": "#0"}
			}
		},
		{
			"from": [6.4, 4.4, 11],
			"to": [9.6, 6.4, 11],
			"rotation": {"angle": 0, "axis": "y", "origin": [14.4, 9.2, 17.4]},
			"faces": {
				"north": {"uv": [12, 7, 16, 9.5], "texture": "#0"},
				"south": {"uv": [12, 8, 16, 10.5], "texture": "#0"}
			}
		},
		{
			"from": [6.4, 6.4, 11],
			"to": [9.6, 9.81, 11],
			"rotation": {"angle": 45, "axis": "x", "origin": [6, 6.4, 11]},
			"faces": {
				"north": {"uv": [12, 6, 16, 10.263], "texture": "#0"},
				"south": {"uv": [12, 6, 16, 10.263], "texture": "#0"}
			}
		},
		{
			"from": [6.4, 8.81589, 13.4],
			"to": [9.6, 11.00589, 13.4],
			"rotation": {"angle": 0, "axis": "x", "origin": [6, 12, 13.4]},
			"faces": {
				"north": {"uv": [12, 6.5, 16, 9.237], "texture": "#0"},
				"south": {"uv": [12, 6.5, 16, 9.237], "texture": "#0"}
			}
		},
		{
			"from": [2.8, 10.16, 9.96],
			"to": [13.2, 10.16, 14.2],
			"rotation": {"angle": -22.5, "axis": "x", "origin": [4.4, 10.16, 8.92]},
			"faces": {
				"up": {"uv": [3, 0, 16, 5.3], "rotation": 180, "texture": "#0"},
				"down": {"uv": [3, 0, 16, 5.3], "texture": "#0"}
			}
		},
		{
			"from": [7.2, 3.2, 10.2],
			"to": [8.8, 4, 11.8],
			"rotation": {"angle": 45, "axis": "y", "origin": [8, 3.6, 11]},
			"faces": {
				"north": {"uv": [5, 13.5, 7, 14.5], "texture": "#0"},
				"east": {"uv": [2.5, 13.5, 4.5, 14.5], "texture": "#0"},
				"south": {"uv": [5, 13.5, 7, 14.5], "texture": "#0"},
				"west": {"uv": [2.5, 13.5, 4.5, 14.5], "texture": "#0"},
				"up": {"uv": [2.5, 9, 4.5, 11], "texture": "#0"},
				"down": {"uv": [2, 9, 4, 11], "texture": "#0"}
			}
		},
		{
			"from": [4.8, 4.8, 9.4],
			"to": [5.2, 9.6, 9.4],
			"rotation": {"angle": 0, "axis": "y", "origin": [11.2, 15.6, 15.8]},
			"faces": {
				"north": {"uv": [6.5, 5.5, 7, 11.5], "texture": "#0"},
				"south": {"uv": [6.5, 5.5, 7, 11.5], "texture": "#0"}
			}
		},
		{
			"from": [3.984, 9.6, 7.88],
			"to": [3.984, 11.6, 11],
			"rotation": {"angle": 0, "axis": "y", "origin": [10, 16, 17]},
			"faces": {
				"west": {"uv": [12, 13.5, 15.12, 15.5], "texture": "#1"}
			}
		},
		{
			"from": [12.008, 9.6, 7.88],
			"to": [12.008, 11.6, 11],
			"rotation": {"angle": 0, "axis": "y", "origin": [18, 16, 17]},
			"faces": {
				"east": {"uv": [12, 13.5, 15.12, 15.5], "texture": "#1"}
			}
		}
	],
	"display": {
		"thirdperson_righthand": {
			"rotation": [80, 0, 0],
			"translation": [-3.75, 4.25, 4.5],
			"scale": [0.65, 0.65, 0.65]
		},
		"thirdperson_lefthand": {
			"rotation": [80, 0, 0],
			"translation": [-3.75, 4.25, 4.5],
			"scale": [0.65, 0.65, 0.65]
		},
		"firstperson_righthand": {
			"translation": [3.25, 5.75, 0]
		},
		"firstperson_lefthand": {
			"translation": [3.25, 5.75, 0]
		},
		"ground": {
			"translation": [0, 3.75, 0],
			"scale": [0.8, 0.8, 0.8]
		},
		"gui": {
			"rotation": [30, -135, 0],
			"translation": [1.25, 3.25, 0]
		},
		"head": {
			"translation": [0, 14.5, 0]
		},
		"fixed": {
			"rotation": [-90, 0, 0],
			"translation": [0, 0, -15],
			"scale": [2, 2, 2]
		}
	}
}