{
	"credit": "Made with Blockbench",
	"textures": {
		"0": "block/lamplight",
		"2": "block/piano_top_white",
		"particle": "block/piano_top_white"
	},
	"elements": [
		{
			"from": [7, 10.5, 7],
			"to": [9, 12, 9],
			"rotation": {"angle": 0, "axis": "y", "origin": [8, 7.96474, 8]},
			"faces": {
				"north": {"uv": [0, 4.5, 2, 6], "texture": "#2"},
				"east": {"uv": [0, 4.5, 2, 6], "texture": "#2"},
				"south": {"uv": [0, 4.5, 2, 6], "texture": "#2"},
				"west": {"uv": [0, 4.5, 2, 6], "texture": "#2"},
				"up": {"uv": [3, 8.5, 5, 10.5], "texture": "#2"}
			}
		},
		{
			"from": [6.5, 2, 8],
			"to": [9.5, 8.5, 8],
			"rotation": {"angle": -45, "axis": "y", "origin": [8, 8.46474, 8]},
			"faces": {
				"north": {"uv": [1, 9.5, 4, 16], "rotation": 180, "texture": "#0"},
				"south": {"uv": [1, 9.5, 4, 16], "rotation": 180, "texture": "#0"}
			}
		},
		{
			"from": [8, 2, 6.5],
			"to": [8, 8.5, 9.5],
			"rotation": {"angle": -45, "axis": "y", "origin": [8, 8.46474, 8]},
			"faces": {
				"east": {"uv": [1, 9.5, 4, 16], "rotation": 180, "texture": "#0"},
				"west": {"uv": [1, 9.5, 4, 16], "rotation": 180, "texture": "#0"}
			}
		},
		{
			"name": "octagon",
			"from": [6, 9.5, 7.17157],
			"to": [10, 10.5, 8.82843],
			"rotation": {"angle": -22.5, "axis": "y", "origin": [8, 7.96474, 8]},
			"faces": {
				"east": {"uv": [11.5, 11, 13.15685, 12], "texture": "#2"},
				"west": {"uv": [2.5, 11, 4.15685, 12], "texture": "#2"},
				"up": {"uv": [4.5, 9, 6.15685, 13], "rotation": 270, "texture": "#2"}
			}
		},
		{
			"name": "octagon",
			"from": [7.17157, 9.51, 6],
			"to": [8.82843, 10.51, 10],
			"rotation": {"angle": 22.5, "axis": "y", "origin": [8, 7.96474, 8]},
			"faces": {
				"north": {"uv": [11.5, 11, 13.15685, 12], "texture": "#2"},
				"south": {"uv": [7, 11, 8.65685, 12], "texture": "#2"},
				"up": {"uv": [4.5, 9, 6.15685, 13], "texture": "#2"}
			}
		},
		{
			"name": "octagon",
			"from": [7.17157, 9.5, 6],
			"to": [8.82843, 10.5, 10],
			"rotation": {"angle": -22.5, "axis": "y", "origin": [8, 7.96474, 8]},
			"faces": {
				"north": {"uv": [7.5, 11, 9.15685, 12], "texture": "#2"},
				"south": {"uv": [2.5, 11, 4.15685, 12], "texture": "#2"},
				"up": {"uv": [4.5, 9, 6.15685, 13], "texture": "#2"}
			}
		},
		{
			"name": "octagon",
			"from": [6, 9.51, 7.17157],
			"to": [10, 10.51, 8.82843],
			"rotation": {"angle": 22.5, "axis": "y", "origin": [8, 7.96474, 8]},
			"faces": {
				"east": {"uv": [2.5, 11, 4.15685, 12], "texture": "#2"},
				"west": {"uv": [7, 11, 8.65685, 12], "texture": "#2"},
				"up": {"uv": [4.5, 9, 6.15685, 13], "rotation": 90, "texture": "#2"}
			}
		},
		{
			"name": "octagon",
			"from": [5.5, 8, 6.96447],
			"to": [10.5, 9.5, 9.03553],
			"rotation": {"angle": -22.5, "axis": "y", "origin": [8, 7.96474, 8]},
			"faces": {
				"east": {"uv": [11.5, 12, 13.57107, 13.5], "texture": "#2"},
				"west": {"uv": [7, 12, 9.07107, 13.5], "texture": "#2"},
				"up": {"uv": [4.5, 8.5, 6.57107, 13.5], "rotation": 270, "texture": "#2"}
			}
		},
		{
			"name": "octagon",
			"from": [6.96447, 8.01, 5.5],
			"to": [9.03553, 9.51, 10.5],
			"rotation": {"angle": 22.5, "axis": "y", "origin": [8, 7.96474, 8]},
			"faces": {
				"north": {"uv": [2.5, 12, 4.57107, 13.5], "texture": "#2"},
				"south": {"uv": [7, 12, 9.07107, 13.5], "texture": "#2"},
				"up": {"uv": [4.5, 8.5, 6.57107, 13.5], "texture": "#2"}
			}
		},
		{
			"name": "octagon",
			"from": [6.96447, 8, 5.5],
			"to": [9.03553, 9.5, 10.5],
			"rotation": {"angle": -22.5, "axis": "y", "origin": [8, 7.96474, 8]},
			"faces": {
				"north": {"uv": [7, 12, 9.07107, 13.5], "texture": "#2"},
				"south": {"uv": [2.5, 12, 4.57107, 13.5], "texture": "#2"},
				"up": {"uv": [4.5, 8.5, 6.57107, 13.5], "texture": "#2"}
			}
		},
		{
			"name": "octagon",
			"from": [5.5, 8.01, 6.96447],
			"to": [10.5, 9.51, 9.03553],
			"rotation": {"angle": 22.5, "axis": "y", "origin": [8, 7.96474, 8]},
			"faces": {
				"east": {"uv": [2.5, 12, 4.57107, 13.5], "texture": "#2"},
				"west": {"uv": [11, 12, 13.07107, 13.5], "texture": "#2"},
				"up": {"uv": [4.5, 8.5, 6.57107, 13.5], "rotation": 90, "texture": "#2"}
			}
		},
		{
			"name": "octagon",
			"from": [5.5, 4.5, 6.96447],
			"to": [10.5, 5, 9.03553],
			"rotation": {"angle": -22.5, "axis": "y", "origin": [8, 6.46474, 8]},
			"faces": {
				"east": {"uv": [0, 6.5, 2.07106, 7], "texture": "#2"},
				"west": {"uv": [0, 6.5, 2.07106, 7], "texture": "#2"}
			}
		},
		{
			"name": "octagon",
			"from": [6.96447, 4.51, 5.5],
			"to": [9.03553, 5.01, 10.5],
			"rotation": {"angle": 22.5, "axis": "y", "origin": [8, 6.46474, 8]},
			"faces": {
				"north": {"uv": [0, 6.5, 2.07106, 7], "texture": "#2"},
				"south": {"uv": [0, 6.5, 2.07106, 7], "texture": "#2"}
			}
		},
		{
			"name": "octagon",
			"from": [6.96447, 4.5, 5.5],
			"to": [9.03553, 5, 10.5],
			"rotation": {"angle": -22.5, "axis": "y", "origin": [8, 6.46474, 8]},
			"faces": {
				"north": {"uv": [0, 6.5, 2.07106, 7], "texture": "#2"},
				"south": {"uv": [0, 6.5, 2.07106, 7], "texture": "#2"}
			}
		},
		{
			"name": "octagon",
			"from": [5.5, 4.51, 6.96447],
			"to": [10.5, 5.01, 9.03553],
			"rotation": {"angle": 22.5, "axis": "y", "origin": [8, 6.46474, 8]},
			"faces": {
				"east": {"uv": [0, 6.5, 2.07106, 7], "texture": "#2"},
				"west": {"uv": [0, 6.5, 2.07106, 7], "texture": "#2"}
			}
		},
		{
			"name": "octagon",
			"from": [4, 6.99, 6.34315],
			"to": [12, 7.99, 9.65685],
			"rotation": {"angle": -22.5, "axis": "y", "origin": [8, 4, 8]},
			"faces": {
				"east": {"uv": [0, 6.5, 3.31371, 7.5], "texture": "#2"},
				"west": {"uv": [0, 6.5, 3.31371, 7.5], "texture": "#2"},
				"up": {"uv": [3.5, 7, 6.81371, 15], "rotation": 270, "texture": "#2"},
				"down": {"uv": [3.5, 7, 6.81371, 15], "rotation": 90, "texture": "#2"}
			}
		},
		{
			"name": "octagon",
			"from": [6.34315, 7.01, 4],
			"to": [9.65685, 8.01, 12],
			"rotation": {"angle": 22.5, "axis": "y", "origin": [8, 4, 8]},
			"faces": {
				"north": {"uv": [10.5, 6.5, 13.81371, 7.5], "texture": "#2"},
				"south": {"uv": [10.5, 6.5, 13.81371, 7.5], "texture": "#2"},
				"up": {"uv": [3.5, 7, 6.81371, 15], "texture": "#2"},
				"down": {"uv": [3.5, 7, 6.81371, 15], "texture": "#2"}
			}
		},
		{
			"name": "octagon",
			"from": [6.34315, 7, 4],
			"to": [9.65685, 8, 12],
			"rotation": {"angle": -22.5, "axis": "y", "origin": [8, 4, 8]},
			"faces": {
				"north": {"uv": [7, 6.5, 10.31371, 7.5], "texture": "#2"},
				"south": {"uv": [7, 6.5, 10.31371, 7.5], "texture": "#2"},
				"up": {"uv": [3.5, 7, 6.81371, 15], "texture": "#2"},
				"down": {"uv": [3.5, 7, 6.81371, 15], "rotation": 180, "texture": "#2"}
			}
		},
		{
			"name": "octagon",
			"from": [4, 7.01, 6.34315],
			"to": [12, 8.01, 9.65685],
			"rotation": {"angle": 22.5, "axis": "y", "origin": [8, 4, 8]},
			"faces": {
				"east": {"uv": [3.5, 6.5, 6.81371, 7.5], "texture": "#2"},
				"west": {"uv": [3.5, 6.5, 6.81371, 7.5], "texture": "#2"},
				"up": {"uv": [3.5, 7, 6.81371, 15], "rotation": 90, "texture": "#2"},
				"down": {"uv": [3.5, 7, 6.81371, 15], "rotation": 90, "texture": "#2"}
			}
		},
		{
			"name": "octagon",
			"from": [10.25, 2.5, 8.0125],
			"to": [10.75, 8, 8.0125],
			"rotation": {"angle": 0, "axis": "y", "origin": [10.5, 5.25, 8.0125]},
			"faces": {
				"north": {"uv": [0, 5, 5.5, 5.5], "rotation": 90, "texture": "#2"},
				"south": {"uv": [0, 5, 5.5, 5.5], "rotation": 90, "texture": "#2"}
			}
		},
		{
			"name": "octagon",
			"from": [5.25, 2.5, 7.9875],
			"to": [5.75, 8, 7.9875],
			"rotation": {"angle": 0, "axis": "y", "origin": [5.5, 5.25, 7.9875]},
			"faces": {
				"north": {"uv": [0, 5, 5.5, 5.5], "rotation": 90, "texture": "#2"},
				"south": {"uv": [0, 5, 5.5, 5.5], "rotation": 90, "texture": "#2"}
			}
		},
		{
			"name": "octagon",
			"from": [6.96447, 0.8125, 7.9875],
			"to": [9.03553, 1.3125, 7.9875],
			"rotation": {"angle": 0, "axis": "x", "origin": [8, 1.0625, 7.9875]},
			"faces": {
				"north": {"uv": [0, 5, 2.07107, 5.5], "rotation": 180, "texture": "#2"},
				"south": {"uv": [0, 5, 2.07107, 5.5], "texture": "#2"}
			}
		},
		{
			"name": "octagon",
			"from": [6.08223, 0.6217, 7.98],
			"to": [6.58223, 3.03027, 7.98],
			"rotation": {"angle": 45, "axis": "z", "origin": [6.23223, 1.79473, 7.9875]},
			"faces": {
				"north": {"uv": [0, 5, 2.40857, 5.5], "rotation": 90, "texture": "#2"},
				"south": {"uv": [0, 5, 2.40857, 5.5], "rotation": 90, "texture": "#2"}
			}
		},
		{
			"name": "octagon",
			"from": [9.41777, 0.6217, 7.98],
			"to": [9.91777, 3.03027, 7.98],
			"rotation": {"angle": -45, "axis": "z", "origin": [9.76777, 1.79473, 7.9875]},
			"faces": {
				"north": {"uv": [0, 5.5, 2.40857, 5], "rotation": 90, "texture": "#2"},
				"south": {"uv": [0, 5.5, 2.40857, 5], "rotation": 90, "texture": "#2"}
			}
		},
		{
			"name": "octagon",
			"from": [8.002, 2.5, 5.2395],
			"to": [8.002, 8, 5.7395],
			"rotation": {"angle": 0, "axis": "y", "origin": [8, 3.06752, 7.9895]},
			"faces": {
				"east": {"uv": [0, 5, 5.5, 5.5], "rotation": 90, "texture": "#2"},
				"west": {"uv": [0, 5, 5.5, 5.5], "rotation": 90, "texture": "#2"}
			}
		},
		{
			"name": "octagon",
			"from": [8.0095, 2.24449, 5.68951],
			"to": [8.0095, 4.65306, 6.18951],
			"rotation": {"angle": -45, "axis": "x", "origin": [8, 3.06752, 7.9895]},
			"faces": {
				"east": {"uv": [0, 5, 2.40857, 5.5], "rotation": 90, "texture": "#2"},
				"west": {"uv": [0, 5, 2.40857, 5.5], "rotation": 90, "texture": "#2"}
			}
		},
		{
			"name": "octagon",
			"from": [8.002, 0.8125, 6.95397],
			"to": [8.002, 1.3125, 9.02503],
			"rotation": {"angle": 0, "axis": "x", "origin": [8, 3.06752, 7.9895]},
			"faces": {
				"east": {"uv": [0, 5, 2.07107, 5.5], "rotation": 180, "texture": "#2"},
				"west": {"uv": [0, 5, 2.07107, 5.5], "texture": "#2"}
			}
		},
		{
			"name": "octagon",
			"from": [8.0095, 2.24449, 9.78949],
			"to": [8.0095, 4.65306, 10.28949],
			"rotation": {"angle": 45, "axis": "x", "origin": [8, 3.06752, 7.9895]},
			"faces": {
				"east": {"uv": [0, 5.5, 2.40857, 5], "rotation": 90, "texture": "#2"},
				"west": {"uv": [0, 5.5, 2.40857, 5], "rotation": 90, "texture": "#2"}
			}
		},
		{
			"name": "octagon",
			"from": [7.977, 2.5, 10.2395],
			"to": [7.977, 8, 10.7395],
			"rotation": {"angle": 0, "axis": "y", "origin": [8, 3.06752, 7.9895]},
			"faces": {
				"east": {"uv": [0, 5, 5.5, 5.5], "rotation": 90, "texture": "#2"},
				"west": {"uv": [0, 5, 5.5, 5.5], "rotation": 90, "texture": "#2"}
			}
		},
		{
			"from": [7.5, 8.5, 13.525],
			"to": [8.5, 9.5, 14.5],
			"rotation": {"angle": 0, "axis": "y", "origin": [0, 1, 0]},
			"faces": {
				"east": {"uv": [0, 0, 1, 1], "texture": "#2"},
				"west": {"uv": [0, 0, 1, 1], "texture": "#2"},
				"up": {"uv": [0, 0, 1, 1], "rotation": 90, "texture": "#2"},
				"down": {"uv": [0, 0, 1, 1], "rotation": 90, "texture": "#2"}
			}
		},
		{
			"name": "octagon",
			"from": [6.75736, 6, 14.5],
			"to": [9.24264, 12, 16],
			"rotation": {"angle": 45, "axis": "z", "origin": [8, 9, 8]},
			"faces": {
				"north": {"uv": [0.5, 12.5, 6.5, 14.98528], "rotation": 90, "texture": "#2"},
				"south": {"uv": [0.5, 12.5, 6.5, 14.98528], "rotation": 90, "texture": "#2"},
				"up": {"uv": [0, 14.5, 2.48528, 16], "texture": "#2"},
				"down": {"uv": [0, 14.5, 2.48528, 16], "texture": "#2"}
			}
		},
		{
			"name": "octagon",
			"from": [6.75736, 6, 14.495],
			"to": [9.24264, 12, 15.995],
			"rotation": {"angle": 0, "axis": "z", "origin": [8, 9, 8]},
			"faces": {
				"north": {"uv": [0.5, 12.5, 6.5, 14.98528], "rotation": 90, "texture": "#2"},
				"south": {"uv": [0.5, 12.5, 6.5, 14.98528], "rotation": 90, "texture": "#2"},
				"up": {"uv": [0, 14.5, 2.48528, 16], "texture": "#2"},
				"down": {"uv": [0, 14.5, 2.48528, 16], "texture": "#2"}
			}
		},
		{
			"name": "octagon",
			"from": [5, 7.75736, 14.5],
			"to": [11, 10.24264, 16],
			"rotation": {"angle": 45, "axis": "z", "origin": [8, 9, 8]},
			"faces": {
				"north": {"uv": [0.5, 12.5, 6.5, 14.98528], "texture": "#2"},
				"east": {"uv": [0, 14.5, 2.48528, 16], "rotation": 90, "texture": "#2"},
				"south": {"uv": [0.5, 12.5, 6.5, 14.98528], "texture": "#2"},
				"west": {"uv": [0, 14.5, 2.48528, 16], "rotation": 90, "texture": "#2"}
			}
		},
		{
			"name": "octagon",
			"from": [5, 7.75736, 14.49],
			"to": [11, 10.24264, 15.99],
			"rotation": {"angle": 0, "axis": "z", "origin": [8, 9, 8]},
			"faces": {
				"north": {"uv": [0.5, 12.5, 6.5, 14.98528], "texture": "#2"},
				"east": {"uv": [0, 14.5, 2.48528, 16], "rotation": 90, "texture": "#2"},
				"south": {"uv": [0.5, 12.5, 6.5, 14.98528], "texture": "#2"},
				"west": {"uv": [0, 14.5, 2.48528, 16], "rotation": 90, "texture": "#2"}
			}
		},
		{
			"name": "octagon",
			"from": [7.49, 11.25736, 7.5],
			"to": [8.49, 13.74264, 8.5],
			"rotation": {"angle": 45, "axis": "x", "origin": [8, 12.5, 10.5]},
			"faces": {
				"north": {"uv": [3, 0, 5.48528, 1], "rotation": 270, "texture": "#2"},
				"east": {"uv": [3, 0, 5.48528, 1], "rotation": 90, "texture": "#2"},
				"south": {"uv": [9.5, 0, 11.98528, 1], "rotation": 90, "texture": "#2"},
				"west": {"uv": [3, 0, 5.48528, 1], "rotation": 270, "texture": "#2"}
			}
		},
		{
			"name": "octagon",
			"from": [7.5, 11.75736, 7.5],
			"to": [8.5, 13.74264, 8.5],
			"rotation": {"angle": 0, "axis": "x", "origin": [8, 12.5, 10.5]},
			"faces": {
				"north": {"uv": [0, 0, 1.98528, 1], "rotation": 270, "texture": "#2"},
				"east": {"uv": [0, 0, 1.98528, 1], "rotation": 90, "texture": "#2"},
				"south": {"uv": [0, 0, 1.98528, 1], "rotation": 90, "texture": "#2"},
				"west": {"uv": [0, 0, 1.98528, 1], "rotation": 270, "texture": "#2"}
			}
		},
		{
			"name": "octagon",
			"from": [7.5, 9.53236, 12.5],
			"to": [8.5, 13.74264, 13.5],
			"rotation": {"angle": 0, "axis": "x", "origin": [8, 12.5, 10.5]},
			"faces": {
				"north": {"uv": [0, 0, 4.21028, 1], "rotation": 270, "texture": "#2"},
				"east": {"uv": [0, 0, 4.21028, 1], "rotation": 90, "texture": "#2"},
				"south": {"uv": [0, 0, 4.21028, 1], "rotation": 90, "texture": "#2"},
				"west": {"uv": [0, 0, 4.21028, 1], "rotation": 90, "texture": "#2"}
			}
		},
		{
			"name": "octagon",
			"from": [7.49, 14.5, 9.25736],
			"to": [8.49, 15.5, 11.74264],
			"rotation": {"angle": 45, "axis": "x", "origin": [8, 12.5, 10.5]},
			"faces": {
				"east": {"uv": [5.5, 0, 7.98528, 1], "texture": "#2"},
				"west": {"uv": [5.5, 0, 7.98528, 1], "texture": "#2"},
				"up": {"uv": [5.5, 0, 7.98528, 1], "rotation": 90, "texture": "#2"},
				"down": {"uv": [9, 0, 11.48528, 1], "rotation": 90, "texture": "#2"}
			}
		},
		{
			"name": "octagon",
			"from": [7.49, 10, 11.03236],
			"to": [8.49, 11, 12.50514],
			"rotation": {"angle": 45, "axis": "x", "origin": [8, 8, 11.2]},
			"faces": {
				"east": {"uv": [0, 0, 1.38528, 1], "texture": "#2"},
				"west": {"uv": [2.5, 0, 3.88528, 1], "texture": "#2"},
				"up": {"uv": [0, 0, 1.38528, 1], "rotation": 90, "texture": "#2"},
				"down": {"uv": [0, 0, 1.38528, 1], "rotation": 90, "texture": "#2"}
			}
		},
		{
			"name": "octagon",
			"from": [7.5, 14.5, 9.25736],
			"to": [8.5, 15.5, 11.74264],
			"rotation": {"angle": 0, "axis": "x", "origin": [8, 12.5, 10.5]},
			"faces": {
				"east": {"uv": [3.5, 0, 5.98528, 1], "texture": "#2"},
				"west": {"uv": [3.5, 0, 5.98528, 1], "texture": "#2"},
				"up": {"uv": [3.5, 0, 5.98528, 1], "rotation": 90, "texture": "#2"},
				"down": {"uv": [9.5, 0, 11.98528, 1], "rotation": 90, "texture": "#2"}
			}
		}
	],
	"display": {
		"thirdperson_righthand": {
			"rotation": [67.5, 0, 0],
			"translation": [0, 2.75, -2.25],
			"scale": [0.62, 0.62, 0.62]
		},
		"thirdperson_lefthand": {
			"rotation": [67.5, 0, 0],
			"translation": [0, 2.75, -2.25],
			"scale": [0.62, 0.62, 0.62]
		},
		"ground": {
			"translation": [0, 5.5, 0],
			"scale": [0.8, 0.8, 0.8]
		},
		"gui": {
			"rotation": [30, -135, 0],
			"translation": [1.25, -0.5, 0]
		},
		"head": {
			"translation": [0, 14, -1.75]
		},
		"fixed": {
			"translation": [0, 0, -15],
			"scale": [2, 2, 2]
		}
	}
}