{
	"credit": "Made with Blockbench",
	"textures": {
		"1": "block/ovens/white_textures",
		"particle": "block/towels/yellow"
	},
	"elements": [
		{
			"name": "handle",
			"from": [14.45711, 14.5, -0.79289],
			"to": [15.95711, 16, -0.04289],
			"rotation": {"angle": 0, "axis": "y", "origin": [14.70711, 0.25, -0.04289]},
			"faces": {
				"north": {"uv": [8.5, 8, 10, 9.5], "texture": "#1"},
				"east": {"uv": [8.5, 8, 9, 9.5], "texture": "#1"},
				"south": {"uv": [8.5, 8, 10, 9.5], "texture": "#1"},
				"west": {"uv": [8.5, 8, 9, 9.5], "texture": "#1"},
				"up": {"uv": [8.5, 8, 9, 9.5], "texture": "#1"},
				"down": {"uv": [8.5, 8.5, 10.5, 9], "texture": "#1"}
			}
		},
		{
			"name": "handle",
			"from": [0.04289, 14.5, -0.79289],
			"to": [1.54289, 16, -0.04289],
			"rotation": {"angle": 0, "axis": "y", "origin": [0.29289, 0.25, -0.04289]},
			"faces": {
				"north": {"uv": [8.5, 8, 10, 9.5], "texture": "#1"},
				"east": {"uv": [8.5, 8, 9, 9.5], "texture": "#1"},
				"south": {"uv": [8.5, 8, 10, 9.5], "texture": "#1"},
				"west": {"uv": [8.5, 8, 9, 9.5], "texture": "#1"},
				"up": {"uv": [8.5, 8, 10, 9.5], "texture": "#1"},
				"down": {"uv": [8.5, 8, 9, 9.5], "texture": "#1"}
			}
		},
		{
			"name": "handle",
			"from": [14.70711, 14.75, -2.29289],
			"to": [15.70711, 15.75, -0.29289],
			"rotation": {"angle": 0, "axis": "y", "origin": [14.70711, 0.25, -0.04289]},
			"faces": {
				"north": {"uv": [16, 16.75, 17, 17.75], "texture": "#1"},
				"east": {"uv": [8.5, 8.5, 9, 9], "texture": "#1"},
				"south": {"uv": [16, 16.25, 17, 17.25], "texture": "#1"},
				"west": {"uv": [8.5, 8.5, 9, 9], "texture": "#1"},
				"up": {"uv": [8.5, 8.5, 9, 9], "texture": "#1"},
				"down": {"uv": [8.5, 8.5, 9, 9], "texture": "#1"}
			}
		},
		{
			"name": "handle",
			"from": [12.82322, 14.751, -2.2448],
			"to": [13.82322, 15.751, -1.2448],
			"rotation": {"angle": -45, "axis": "y", "origin": [14.82322, 0.25, 0.0052]},
			"faces": {
				"north": {"uv": [8.5, 8.5, 9, 9], "texture": "#1"},
				"east": {"uv": [8.5, 8.5, 9, 9], "texture": "#1"},
				"south": {"uv": [8.5, 8.5, 9, 9], "texture": "#1"},
				"west": {"uv": [8.5, 8.5, 9, 9], "texture": "#1"},
				"up": {"uv": [8.5, 8.5, 9, 9], "texture": "#1"},
				"down": {"uv": [8.5, 8.5, 9, 9], "texture": "#1"}
			}
		},
		{
			"name": "handle",
			"from": [-1.17678, 14.751, -2.2448],
			"to": [-0.17678, 15.751, -1.2448],
			"rotation": {"angle": -45, "axis": "y", "origin": [0.82322, 0.25, 0.0052]},
			"faces": {
				"north": {"uv": [16, 16.75, 17, 17.75], "texture": "#1"},
				"east": {"uv": [8.5, 8.5, 9, 9], "texture": "#1"},
				"south": {"uv": [16, 16.25, 17, 17.25], "texture": "#1"},
				"west": {"uv": [8.5, 8.5, 9, 9], "texture": "#1"},
				"up": {"uv": [8.5, 8.5, 9, 9], "texture": "#1"},
				"down": {"uv": [8.5, 8.5, 9, 9], "texture": "#1"}
			}
		},
		{
			"name": "handle",
			"from": [1, 14.75, -3],
			"to": [15, 15.75, -2.01],
			"rotation": {"angle": 0, "axis": "y", "origin": [0, 0.25, 0]},
			"faces": {
				"north": {"uv": [9.25, 8.25, 15.25, 8.75], "texture": "#1"},
				"east": {"uv": [9.25, 8.25, 15.25, 8.75], "texture": "#1"},
				"south": {"uv": [9.25, 8.25, 15.25, 8.75], "texture": "#1"},
				"west": {"uv": [9.25, 8.25, 15.25, 8.75], "texture": "#1"},
				"up": {"uv": [9.25, 8.25, 15.25, 8.75], "texture": "#1"},
				"down": {"uv": [9.25, 8.25, 15.25, 8.75], "texture": "#1"}
			}
		},
		{
			"name": "handle",
			"from": [0.29289, 14.75, -2.29289],
			"to": [1.29289, 15.75, -0.29289],
			"rotation": {"angle": 0, "axis": "y", "origin": [0.29289, 0.25, -0.04289]},
			"faces": {
				"north": {"uv": [16, 16.75, 17, 17.75], "texture": "#1"},
				"east": {"uv": [8.5, 8.5, 9, 9], "texture": "#1"},
				"south": {"uv": [16, 16.25, 17, 17.25], "texture": "#1"},
				"west": {"uv": [8.5, 8.5, 9, 9], "texture": "#1"},
				"up": {"uv": [8.5, 8.5, 9, 9], "texture": "#1"},
				"down": {"uv": [8.5, 8.5, 9, 9], "texture": "#1"}
			}
		}
	],
	"display": {
		"thirdperson_righthand": {
			"rotation": [90, 0, 0],
			"translation": [0, -10, -6.25]
		},
		"thirdperson_lefthand": {
			"rotation": [90, 0, 0],
			"translation": [0, -10, -6.25]
		},
		"firstperson_righthand": {
			"rotation": [90, 0, 0],
			"translation": [0, -10, -6.25]
		},
		"firstperson_lefthand": {
			"rotation": [90, 0, 0],
			"translation": [0, -10, -6.25]
		},
		"gui": {
			"rotation": [32, -154, 0],
			"translation": [-4, 0, 0]
		},
		"fixed": {
			"rotation": [-90, 0, 0],
			"translation": [0, 32, -14],
			"scale": [2, 2, 2]
		}
	},
	"groups": [
		{
			"name": "towel rack",
			"origin": [0.29289, 0.25, -0.04289],
			"color": 0,
			"children": [0, 1, 2, 3, 4, 5, 6]
		}
	]
}