{
	"credit": "Made with Blockbench",
	"texture_size": [32, 32],
	"textures": {
		"0": "block/fridges/fridge textures tan",
		"particle": "block/fridges/fridge textures tan"
	},
	"elements": [
		{
			"name": "freezer door",
			"from": [0, 1.25, -1.75],
			"to": [16, 12.25, -0.5],
			"rotation": {"angle": 0, "axis": "y", "origin": [0, -0.25, 0]},
			"faces": {
				"north": {"uv": [0, 10.5, 8, 16], "texture": "#0"},
				"east": {"uv": [0, 10.5, 1, 16], "texture": "#0"},
				"south": {"uv": [0, 10.5, 8, 16], "texture": "#0"},
				"west": {"uv": [0, 10.5, 1, 16], "texture": "#0"},
				"up": {"uv": [0, 0, 16, 1.25], "texture": "#missing"},
				"down": {"uv": [0, 0, 16, 1.25], "texture": "#missing"}
			}
		},
		{
			"name": "fridge door",
			"from": [0, 13.25, -1.75],
			"to": [16, 31.5, -0.5],
			"rotation": {"angle": 0, "axis": "y", "origin": [0, -0.25, 0]},
			"faces": {
				"north": {"uv": [0, 0, 8, 9.125], "texture": "#0"},
				"east": {"uv": [0, 0, 1, 9], "texture": "#0"},
				"south": {"uv": [0, 0, 8, 9], "texture": "#0"},
				"west": {"uv": [0, 0, 1, 9], "texture": "#0"},
				"up": {"uv": [0, 0, 16, 1.25], "texture": "#missing"},
				"down": {"uv": [0, 0, 16, 1.25], "texture": "#missing"}
			}
		},
		{
			"name": "fridge cube",
			"from": [-0.001, 0, -0.001],
			"to": [16.001, 31.501, 16.001],
			"rotation": {"angle": 0, "axis": "y", "origin": [-0.001, -0.25, -0.001]},
			"faces": {
				"north": {"uv": [0, 0, 8, 16], "texture": "#0"},
				"east": {"uv": [0, 0, 8, 16], "texture": "#0"},
				"south": {"uv": [0, 0, 8, 16], "texture": "#0"},
				"west": {"uv": [0, 0, 8, 16], "texture": "#0"},
				"up": {"uv": [0, 0, 8, 8], "texture": "#0"},
				"down": {"uv": [8, 0, 16, 8], "texture": "#0"}
			}
		},
		{
			"name": "handle",
			"from": [12.70711, 25.25, -2.29289],
			"to": [14.20711, 26.75, -1.54289],
			"rotation": {"angle": 0, "axis": "y", "origin": [13.45711, 18.5, -3.54289]},
			"faces": {
				"north": {"uv": [10.375, 8, 11.125, 8.75], "rotation": 90, "texture": "#0"},
				"east": {"uv": [10.375, 8, 11.125, 8.375], "rotation": 270, "texture": "#0"},
				"south": {"uv": [10.5, 8, 11.25, 8.75], "rotation": 270, "texture": "#0"},
				"west": {"uv": [10.375, 8, 11.125, 8.375], "rotation": 270, "texture": "#0"},
				"up": {"uv": [10.5, 8, 10.875, 8.75], "rotation": 270, "texture": "#0"},
				"down": {"uv": [10.375, 8, 10.75, 8.75], "rotation": 270, "texture": "#0"}
			}
		},
		{
			"name": "handle",
			"from": [12.70711, 17.83578, -2.29289],
			"to": [14.20711, 19.33578, -1.54289],
			"rotation": {"angle": 0, "axis": "y", "origin": [13.45711, 18.5, -3.54289]},
			"faces": {
				"north": {"uv": [10.375, 8, 11.125, 8.75], "rotation": 90, "texture": "#0"},
				"east": {"uv": [10.375, 8, 11.125, 8.375], "rotation": 270, "texture": "#0"},
				"south": {"uv": [10.5, 8, 11.25, 8.75], "rotation": 270, "texture": "#0"},
				"west": {"uv": [10.375, 8, 11.125, 8.375], "rotation": 270, "texture": "#0"},
				"up": {"uv": [10.5, 8, 10.875, 8.75], "rotation": 270, "texture": "#0"},
				"down": {"uv": [10.375, 8, 10.75, 8.75], "rotation": 270, "texture": "#0"}
			}
		},
		{
			"name": "handle",
			"from": [12.95711, 25.5, -2.79289],
			"to": [13.95711, 26.5, -1.54289],
			"rotation": {"angle": 0, "axis": "y", "origin": [13.45711, 18.5, -3.54289]},
			"faces": {
				"north": {"uv": [9.875, 8.5, 10.375, 9], "rotation": 90, "texture": "#0"},
				"east": {"uv": [9.875, 8.5, 10.375, 9.125], "rotation": 270, "texture": "#0"},
				"south": {"uv": [10, 8.5, 10.5, 9], "rotation": 270, "texture": "#0"},
				"west": {"uv": [10, 8.5, 10.5, 9.125], "rotation": 270, "texture": "#0"},
				"up": {"uv": [9.875, 8.5, 10.5, 9], "rotation": 270, "texture": "#0"},
				"down": {"uv": [9.875, 8.5, 10.5, 9], "rotation": 270, "texture": "#0"}
			}
		},
		{
			"name": "handle",
			"from": [12.957, 23.68717, -8.66941],
			"to": [13.959, 24.68717, -7.66941],
			"rotation": {"angle": 45, "axis": "x", "origin": [13.45711, 18.5, -3.54289]},
			"faces": {
				"north": {"uv": [10, 8.5, 10.5, 9], "rotation": 90, "texture": "#0"},
				"east": {"uv": [10, 8.5, 10.5, 9], "rotation": 270, "texture": "#0"},
				"south": {"uv": [10, 8.5, 10.5, 9], "rotation": 270, "texture": "#0"},
				"west": {"uv": [10, 8.5, 10.5, 9], "rotation": 270, "texture": "#0"},
				"up": {"uv": [10, 8.5, 10.5, 9], "rotation": 270, "texture": "#0"},
				"down": {"uv": [10, 8.5, 10.5, 9], "rotation": 270, "texture": "#0"}
			}
		},
		{
			"name": "handle",
			"from": [12.957, 20.78768, 1.23008],
			"to": [13.959, 21.78768, 2.23008],
			"rotation": {"angle": 45, "axis": "x", "origin": [13.45711, 25.5, -3.54289]},
			"faces": {
				"north": {"uv": [10, 8.5, 10.5, 9], "rotation": 90, "texture": "#0"},
				"east": {"uv": [10, 8.5, 10.5, 9], "rotation": 270, "texture": "#0"},
				"south": {"uv": [10, 8.5, 10.5, 9], "rotation": 270, "texture": "#0"},
				"west": {"uv": [10, 8.5, 10.5, 9], "rotation": 270, "texture": "#0"},
				"up": {"uv": [10, 8.5, 10.5, 9], "rotation": 270, "texture": "#0"},
				"down": {"uv": [10, 8.5, 10.5, 9], "rotation": 270, "texture": "#0"}
			}
		},
		{
			"name": "handle",
			"from": [12.95711, 18.79289, -3.5],
			"to": [13.95711, 25.79289, -2.5],
			"rotation": {"angle": 0, "axis": "y", "origin": [13.45711, 18.5, -3.54289]},
			"faces": {
				"north": {"uv": [10.5, 8.5, 14, 9], "rotation": 90, "texture": "#0"},
				"east": {"uv": [10.5, 8.5, 14, 9], "rotation": 270, "texture": "#0"},
				"south": {"uv": [10.5, 8.5, 14, 9], "rotation": 270, "texture": "#0"},
				"west": {"uv": [10.5, 8.5, 14, 9], "rotation": 270, "texture": "#0"},
				"up": {"uv": [10.5, 8, 11, 8.5], "rotation": 270, "texture": "#0"},
				"down": {"uv": [10.375, 8, 10.875, 8.5], "rotation": 270, "texture": "#0"}
			}
		},
		{
			"name": "handle",
			"from": [12.95711, 18.08578, -2.79289],
			"to": [13.95711, 19.08578, -1.54289],
			"rotation": {"angle": 0, "axis": "y", "origin": [13.45711, 18.5, -3.54289]},
			"faces": {
				"north": {"uv": [10.375, 8, 10.875, 8.5], "rotation": 90, "texture": "#0"},
				"east": {"uv": [10.375, 8, 10.875, 8.625], "rotation": 270, "texture": "#0"},
				"south": {"uv": [10.5, 8, 11, 8.5], "rotation": 270, "texture": "#0"},
				"west": {"uv": [10.5, 8, 11, 8.625], "rotation": 270, "texture": "#0"},
				"up": {"uv": [10.5, 8, 11.125, 8.5], "rotation": 270, "texture": "#0"},
				"down": {"uv": [10.375, 8, 11, 8.5], "rotation": 270, "texture": "#0"}
			}
		},
		{
			"name": "handle",
			"from": [3.54289, 9.75, -2.29289],
			"to": [5.04289, 11.25, -1.54289],
			"rotation": {"angle": 0, "axis": "y", "origin": [7.79289, 10.5, -3.54289]},
			"faces": {
				"north": {"uv": [10.375, 8, 11.125, 8.75], "rotation": 180, "texture": "#0"},
				"east": {"uv": [10.375, 8, 10.75, 8.75], "rotation": 180, "texture": "#0"},
				"south": {"uv": [10.5, 8, 11.25, 8.75], "rotation": 180, "texture": "#0"},
				"west": {"uv": [10.5, 8, 10.875, 8.75], "rotation": 180, "texture": "#0"},
				"up": {"uv": [10.375, 8, 11.125, 8.375], "rotation": 180, "texture": "#0"},
				"down": {"uv": [10.375, 8, 11.125, 8.375], "rotation": 180, "texture": "#0"}
			}
		},
		{
			"name": "handle",
			"from": [10.95711, 9.75, -2.29289],
			"to": [12.45711, 11.25, -1.54289],
			"rotation": {"angle": 0, "axis": "y", "origin": [7.79289, 10.5, -3.54289]},
			"faces": {
				"north": {"uv": [10.375, 8, 11.125, 8.75], "rotation": 180, "texture": "#0"},
				"east": {"uv": [10.375, 8, 10.75, 8.75], "rotation": 180, "texture": "#0"},
				"south": {"uv": [10.5, 8, 11.25, 8.75], "rotation": 180, "texture": "#0"},
				"west": {"uv": [10.5, 8, 10.875, 8.75], "rotation": 180, "texture": "#0"},
				"up": {"uv": [10.375, 8, 11.125, 8.375], "rotation": 180, "texture": "#0"},
				"down": {"uv": [10.375, 8, 11.125, 8.375], "rotation": 180, "texture": "#0"}
			}
		},
		{
			"name": "handle",
			"from": [3.79289, 10, -2.79289],
			"to": [4.79289, 11, -1.54289],
			"rotation": {"angle": 0, "axis": "y", "origin": [7.79289, 10.5, -3.54289]},
			"faces": {
				"north": {"uv": [9.875, 8.5, 10.375, 9], "rotation": 180, "texture": "#0"},
				"east": {"uv": [9.875, 8.5, 10.5, 9], "rotation": 180, "texture": "#0"},
				"south": {"uv": [10, 8.5, 10.5, 9], "rotation": 180, "texture": "#0"},
				"west": {"uv": [9.875, 8.5, 10.5, 9], "rotation": 180, "texture": "#0"},
				"up": {"uv": [9.875, 8.5, 10.375, 9.125], "rotation": 180, "texture": "#0"},
				"down": {"uv": [10, 8.5, 10.5, 9.125], "rotation": 180, "texture": "#0"}
			}
		},
		{
			"name": "handle",
			"from": [4.43414, 9.99989, -5.84099],
			"to": [5.43414, 11.00189, -4.84099],
			"rotation": {"angle": 45, "axis": "y", "origin": [7.79289, 10.5, -3.54289]},
			"faces": {
				"north": {"uv": [10, 8.5, 10.5, 9], "rotation": 180, "texture": "#0"},
				"east": {"uv": [10, 8.5, 10.5, 9], "rotation": 180, "texture": "#0"},
				"south": {"uv": [10, 8.5, 10.5, 9], "rotation": 180, "texture": "#0"},
				"west": {"uv": [10, 8.5, 10.5, 9], "rotation": 180, "texture": "#0"},
				"up": {"uv": [10, 8.5, 10.5, 9], "rotation": 180, "texture": "#0"},
				"down": {"uv": [10, 8.5, 10.5, 9], "rotation": 180, "texture": "#0"}
			}
		},
		{
			"name": "handle",
			"from": [9.38388, 9.99989, -0.89124],
			"to": [10.38388, 11.00189, 0.10876],
			"rotation": {"angle": 45, "axis": "y", "origin": [7.79289, 10.5, -3.54289]},
			"faces": {
				"north": {"uv": [10, 8.5, 10.5, 9], "rotation": 180, "texture": "#0"},
				"east": {"uv": [10, 8.5, 10.5, 9], "rotation": 180, "texture": "#0"},
				"south": {"uv": [10, 8.5, 10.5, 9], "rotation": 180, "texture": "#0"},
				"west": {"uv": [10, 8.5, 10.5, 9], "rotation": 180, "texture": "#0"},
				"up": {"uv": [10, 8.5, 10.5, 9], "rotation": 180, "texture": "#0"},
				"down": {"uv": [10, 8.5, 10.5, 9], "rotation": 180, "texture": "#0"}
			}
		},
		{
			"name": "handle",
			"from": [4.5, 10, -3.5],
			"to": [11.5, 11, -2.5],
			"rotation": {"angle": 0, "axis": "y", "origin": [7.79289, 10.5, -3.54289]},
			"faces": {
				"north": {"uv": [10.5, 8.5, 14, 9], "rotation": 180, "texture": "#0"},
				"east": {"uv": [10.375, 8, 10.875, 8.5], "rotation": 180, "texture": "#0"},
				"south": {"uv": [10.5, 8.5, 14, 9], "rotation": 180, "texture": "#0"},
				"west": {"uv": [10.5, 8, 11, 8.5], "rotation": 180, "texture": "#0"},
				"up": {"uv": [10.5, 8.5, 14, 9], "rotation": 180, "texture": "#0"},
				"down": {"uv": [10.5, 8.5, 14, 9], "rotation": 180, "texture": "#0"}
			}
		},
		{
			"name": "handle",
			"from": [11.20711, 10, -2.79289],
			"to": [12.20711, 11, -1.54289],
			"rotation": {"angle": 0, "axis": "y", "origin": [7.79289, 10.5, -3.54289]},
			"faces": {
				"north": {"uv": [10.375, 8, 10.875, 8.5], "rotation": 180, "texture": "#0"},
				"east": {"uv": [10.375, 8, 11, 8.5], "rotation": 180, "texture": "#0"},
				"south": {"uv": [10.5, 8, 11, 8.5], "rotation": 180, "texture": "#0"},
				"west": {"uv": [10.5, 8, 11.125, 8.5], "rotation": 180, "texture": "#0"},
				"up": {"uv": [10.375, 8, 10.875, 8.625], "rotation": 180, "texture": "#0"},
				"down": {"uv": [10.5, 8, 11, 8.625], "rotation": 180, "texture": "#0"}
			}
		},
		{
			"from": [0, 12.25, -1.75],
			"to": [16, 12.5, -0.5],
			"rotation": {"angle": 0, "axis": "y", "origin": [0, -0.25, 0]},
			"faces": {
				"north": {"uv": [8.125, 0, 16, 1], "texture": "#0"},
				"east": {"uv": [8, 0, 9.25, 0.25], "texture": "#0"},
				"south": {"uv": [15.875, 0.25, 16, 0.25], "texture": "#0"},
				"west": {"uv": [8, 0, 9.25, 0.25], "texture": "#0"},
				"up": {"uv": [8.125, 0.25, 16, 1.25], "texture": "#0"},
				"down": {"uv": [0, 0, 16, 1], "texture": "#0"}
			}
		},
		{
			"from": [0, 13, -1.75],
			"to": [16, 13.25, -0.5],
			"rotation": {"angle": 0, "axis": "y", "origin": [0, -0.25, 0]},
			"faces": {
				"north": {"uv": [8.125, 0, 16, 1], "texture": "#0"},
				"east": {"uv": [8, 0, 9.25, 0.25], "texture": "#0"},
				"south": {"uv": [15.875, 0.25, 16, 0.25], "texture": "#0"},
				"west": {"uv": [8, 0, 9.25, 0.25], "texture": "#0"},
				"up": {"uv": [8.125, 0.25, 16, 1.25], "texture": "#0"},
				"down": {"uv": [8, 0, 16, 1], "texture": "#0"}
			}
		},
		{
			"from": [0, 31.5, -1.75],
			"to": [16, 32, -0.5],
			"rotation": {"angle": 0, "axis": "y", "origin": [0, -0.25, 0]},
			"faces": {
				"north": {"uv": [8.125, 0, 16, 1], "texture": "#0"},
				"east": {"uv": [8, 0, 9.25, 0.25], "texture": "#0"},
				"south": {"uv": [15.875, 0.25, 16, 0.25], "texture": "#0"},
				"west": {"uv": [8, 0, 9.25, 0.25], "texture": "#0"},
				"up": {"uv": [8.125, 4, 16, 5], "texture": "#0"},
				"down": {"uv": [0, 0, 16, 1], "texture": "#0"}
			}
		},
		{
			"from": [0, 1, -1.75],
			"to": [16, 1.25, -0.5],
			"rotation": {"angle": 0, "axis": "y", "origin": [0, -0.25, 0]},
			"faces": {
				"north": {"uv": [8.125, 0, 16, 1], "texture": "#0"},
				"east": {"uv": [8, 0, 9.25, 0.25], "texture": "#0"},
				"south": {"uv": [15.875, 0.25, 16, 0.25], "texture": "#0"},
				"west": {"uv": [8, 0, 9.25, 0.25], "texture": "#0"},
				"up": {"uv": [8.125, 0.25, 16, 1.25], "texture": "#0"},
				"down": {"uv": [8.25, 0, 16, 1], "texture": "#0"}
			}
		},
		{
			"from": [0.225, -0.75, 0],
			"to": [15.775, 0.75, 15.75],
			"rotation": {"angle": 0, "axis": "y", "origin": [-0.025, -0.25, 0]},
			"faces": {
				"north": {"uv": [8.125, 0, 16, 1], "texture": "#0"},
				"east": {"uv": [8, 0, 16, 1], "texture": "#0"},
				"south": {"uv": [8.25, 0, 16, 1], "texture": "#0"},
				"west": {"uv": [8, 0, 16, 1], "texture": "#0"},
				"up": {"uv": [0, 0, 15.5, 15.75], "texture": "#missing"},
				"down": {"uv": [8, 0, 16, 8], "texture": "#0"}
			}
		},
		{
			"name": "bottom grate thing",
			"from": [0.5, -0.5, -1.25],
			"to": [15.5, 1, -0.75],
			"rotation": {"angle": 0, "axis": "y", "origin": [0, -0.25, 0]},
			"faces": {
				"north": {"uv": [8, 12.5, 16, 15], "texture": "#0"},
				"east": {"uv": [8, 13, 8.5, 14.5], "texture": "#0"},
				"south": {"uv": [0, 0, 15, 1.5], "texture": "#missing"},
				"west": {"uv": [8, 13, 8.5, 14.5], "texture": "#0"},
				"up": {"uv": [0, 0, 15, 0.5], "texture": "#missing"},
				"down": {"uv": [8, 12, 16, 12.5], "texture": "#0"}
			}
		},
		{
			"name": "inner door detail thing",
			"from": [0.25, -0.5, -0.75],
			"to": [15.75, 31.5, 0.75],
			"rotation": {"angle": 0, "axis": "y", "origin": [0, -0.25, 0]},
			"faces": {
				"north": {"uv": [8.125, 0, 15.5, 8], "texture": "#0"},
				"east": {"uv": [15.5, 0, 16, 8], "texture": "#0"},
				"south": {"uv": [0, 0, 15.5, 16], "texture": "#missing"},
				"west": {"uv": [15.5, 0, 16, 8], "texture": "#0"},
				"up": {"uv": [8.5, 3, 15.5, 3.5], "texture": "#0"},
				"down": {"uv": [8.5, 3, 16, 3.5], "texture": "#0"}
			}
		}
	],
	"display": {
		"thirdperson_righthand": {
			"rotation": [66, 0, 0],
			"scale": [0.375, 0.375, 0.375]
		},
		"thirdperson_lefthand": {
			"rotation": [66, 0, 0],
			"scale": [0.375, 0.375, 0.375]
		},
		"firstperson_righthand": {
			"scale": [0.375, 0.375, 0.375]
		},
		"firstperson_lefthand": {
			"scale": [0.375, 0.375, 0.375]
		},
		"ground": {
			"scale": [0.375, 0.375, 0.375]
		},
		"gui": {
			"rotation": [18, 147, 0],
			"translation": [0, -2.75, 0],
			"scale": [0.4, 0.4, 0.4]
		},
		"fixed": {
			"translation": [0, 1.25, 18],
			"scale": [2, 2, 2]
		}
	},
	"groups": [
		{
			"name": "group",
			"origin": [0, 0, 0],
			"color": 0,
			"children": [
				{
					"name": "color",
					"origin": [0, 0, 0],
					"color": 0,
					"children": [0, 1, 2]
				},
				{
					"name": "towel rack",
					"origin": [0.29289, 0.25, -0.04289],
					"color": 0,
					"children": [
						3,
						4,
						5,
						6,
						7,
						8,
						9,
						{
							"name": "towel rack",
							"origin": [-5.37133, 0.25, -0.04289],
							"color": 0,
							"children": [10, 11, 12, 13, 14, 15, 16]
						}
					]
				},
				{
					"name": "metal things",
					"origin": [0, 0, 0],
					"color": 0,
					"children": [17, 18, 19, 20]
				},
				21,
				22,
				23
			]
		}
	]
}