{
	"credit": "Made with Blockbench",
	"textures": {
		"basket": "block/bread_basket",
		"bread": "block/bread",
		"particle": "block/bread_basket"
	},
	"elements": [
		{
			"from": [2, 0, 3],
			"to": [14, 1, 15],
			"faces": {
				"north": {"uv": [2.5, 5.75, 14.5, 6.75], "texture": "#basket"},
				"east": {"uv": [2.5, 5.75, 14.5, 6.75], "texture": "#basket"},
				"south": {"uv": [2.5, 5.75, 14.5, 6.75], "texture": "#basket"},
				"west": {"uv": [2.5, 5.75, 14.5, 6.75], "texture": "#basket"},
				"up": {"uv": [2, 4, 14, 16], "texture": "#basket"},
				"down": {"uv": [2, 4, 14, 16], "texture": "#basket"}
			}
		},
		{
			"from": [1.5, 1, 14.5],
			"to": [14.5, 6, 15.5],
			"rotation": {"angle": 0, "axis": "x", "origin": [0, -0.1, 14.5]},
			"faces": {
				"north": {"uv": [0, 0, 13, 4.5], "texture": "#basket"},
				"east": {"uv": [0, 0, 1, 5], "texture": "#basket"},
				"south": {"uv": [0, 0, 13, 5], "texture": "#basket"},
				"west": {"uv": [0, 0, 1, 5], "texture": "#basket"},
				"up": {"uv": [0, 0, 13, 1], "rotation": 180, "texture": "#basket"},
				"down": {"uv": [0, 0, 13, 1], "rotation": 180, "texture": "#basket"}
			}
		},
		{
			"from": [1.5, 1, 2.5],
			"to": [14.5, 6, 3.5],
			"rotation": {"angle": 0, "axis": "x", "origin": [0, 0, 2.5]},
			"faces": {
				"north": {"uv": [0, 0, 13, 5], "texture": "#basket"},
				"east": {"uv": [0, 0, 1, 5], "texture": "#basket"},
				"south": {"uv": [0, 0, 13, 6], "texture": "#basket"},
				"west": {"uv": [0, 0, 1, 5], "texture": "#basket"},
				"up": {"uv": [0, 0, 13, 1], "rotation": 180, "texture": "#basket"},
				"down": {"uv": [0, 0, 13, 1], "rotation": 180, "texture": "#basket"}
			}
		},
		{
			"from": [1.5, 1, 3.5],
			"to": [2.5, 6, 14.5],
			"rotation": {"angle": 0, "axis": "z", "origin": [1, 0, 0]},
			"faces": {
				"east": {"uv": [1, 0, 12, 6], "texture": "#basket"},
				"west": {"uv": [1, 0, 12, 5], "texture": "#basket"},
				"up": {"uv": [1, 0, 12, 1], "rotation": 90, "texture": "#basket"},
				"down": {"uv": [1, 0, 12, 1], "rotation": 90, "texture": "#basket"}
			}
		},
		{
			"from": [13.5, 1, 3.5],
			"to": [14.5, 6, 14.5],
			"rotation": {"angle": 0, "axis": "z", "origin": [13, 0, 0]},
			"faces": {
				"east": {"uv": [1, 0, 12, 5], "texture": "#basket"},
				"west": {"uv": [1, 0, 12, 6], "texture": "#basket"},
				"up": {"uv": [1, 0, 12, 1], "rotation": 90, "texture": "#basket"},
				"down": {"uv": [1, 0, 12, 1], "rotation": 90, "texture": "#basket"}
			}
		},
		{
			"from": [9, 2.5, 9],
			"to": [13, 6, 13],
			"rotation": {"angle": 22.5, "axis": "x", "origin": [8.5, 4, 11.25]},
			"faces": {
				"north": {"uv": [5.25, 11, 9.25, 14.5], "rotation": 180, "texture": "#bread"},
				"east": {"uv": [5.25, 11, 9.25, 14.5], "rotation": 180, "texture": "#bread"},
				"south": {"uv": [5.25, 11, 9.25, 14.5], "rotation": 180, "texture": "#bread"},
				"west": {"uv": [5.25, 11, 9.25, 14.5], "rotation": 180, "texture": "#bread"},
				"up": {"uv": [0, 12, 4, 16], "rotation": 180, "texture": "#bread"},
				"down": {"uv": [0, 12, 4, 16], "rotation": 180, "texture": "#bread"}
			}
		},
		{
			"from": [3, 5, 9],
			"to": [7, 7.5, 13],
			"rotation": {"angle": 22.5, "axis": "x", "origin": [2.5, 6.5, 11.25]},
			"faces": {
				"north": {"uv": [5, 11.75, 9, 14.25], "rotation": 180, "texture": "#bread"},
				"east": {"uv": [5, 11.75, 9, 14.25], "rotation": 180, "texture": "#bread"},
				"south": {"uv": [5, 11.75, 9, 14.25], "rotation": 180, "texture": "#bread"},
				"west": {"uv": [5, 11.75, 9, 14.25], "rotation": 180, "texture": "#bread"},
				"up": {"uv": [0, 12, 4, 16], "rotation": 180, "texture": "#bread"},
				"down": {"uv": [0, 12, 4, 16], "rotation": 180, "texture": "#bread"}
			}
		},
		{
			"from": [3, 2.5, 4],
			"to": [7, 5, 8],
			"rotation": {"angle": 22.5, "axis": "x", "origin": [2.5, 3.5, 6.75]},
			"faces": {
				"north": {"uv": [5.25, 11, 9.25, 13.5], "rotation": 180, "texture": "#bread"},
				"east": {"uv": [5.25, 11, 9.25, 13.5], "rotation": 180, "texture": "#bread"},
				"south": {"uv": [5.25, 11, 9.25, 13.5], "rotation": 180, "texture": "#bread"},
				"west": {"uv": [5.25, 11, 9.25, 13.5], "rotation": 180, "texture": "#bread"},
				"up": {"uv": [0, 12, 4, 16], "rotation": 180, "texture": "#bread"},
				"down": {"uv": [0, 12, 4, 16], "rotation": 180, "texture": "#bread"}
			}
		},
		{
			"from": [9, 3.5, 4],
			"to": [13, 6, 8],
			"rotation": {"angle": -22.5, "axis": "y", "origin": [8.5, 4.5, 6.75]},
			"faces": {
				"north": {"uv": [5.25, 11, 9.25, 13.5], "rotation": 180, "texture": "#bread"},
				"east": {"uv": [5.25, 11, 9.25, 13.5], "rotation": 180, "texture": "#bread"},
				"south": {"uv": [5.25, 11, 9.25, 13.5], "rotation": 180, "texture": "#bread"},
				"west": {"uv": [5.25, 11, 9.25, 13.5], "rotation": 180, "texture": "#bread"},
				"up": {"uv": [0, 12, 4, 16], "rotation": 180, "texture": "#bread"},
				"down": {"uv": [0, 12, 4, 16], "rotation": 180, "texture": "#bread"}
			}
		},
		{
			"from": [5.5, 1, 6.5],
			"to": [9.5, 4, 10],
			"rotation": {"angle": -22.5, "axis": "y", "origin": [4, 2, 8.75]},
			"faces": {
				"north": {"uv": [5.25, 11, 9.25, 14], "rotation": 180, "texture": "#bread"},
				"east": {"uv": [5.25, 11, 8.75, 14], "rotation": 180, "texture": "#bread"},
				"south": {"uv": [5.25, 11, 9.25, 14], "rotation": 180, "texture": "#bread"},
				"west": {"uv": [5.25, 11, 8.75, 14], "rotation": 180, "texture": "#bread"},
				"up": {"uv": [0, 12.5, 4, 16], "rotation": 180, "texture": "#bread"},
				"down": {"uv": [0, 12.25, 4, 15.75], "rotation": 180, "texture": "#bread"}
			}
		},
		{
			"from": [3.5, 2, 11.5],
			"to": [7.5, 5, 15.5],
			"rotation": {"angle": 45, "axis": "y", "origin": [3, 3, 13.75]},
			"faces": {
				"north": {"uv": [5.25, 11.5, 9.25, 14.5], "rotation": 180, "texture": "#bread"},
				"east": {"uv": [5.25, 11.5, 9.25, 14.5], "rotation": 180, "texture": "#bread"},
				"south": {"uv": [5.25, 11.5, 9.25, 14.5], "rotation": 180, "texture": "#bread"},
				"west": {"uv": [5.25, 11.5, 9.25, 14.5], "rotation": 180, "texture": "#bread"},
				"up": {"uv": [0, 12, 4, 16], "rotation": 180, "texture": "#bread"},
				"down": {"uv": [0, 12, 4, 16], "rotation": 180, "texture": "#bread"}
			}
		},
		{
			"from": [6.5, 5.5, 10.5],
			"to": [10.5, 8.5, 14.5],
			"rotation": {"angle": -22.5, "axis": "x", "origin": [6, 6.5, 12.75]},
			"faces": {
				"north": {"uv": [5.25, 11.25, 9.25, 14.25], "rotation": 180, "texture": "#bread"},
				"east": {"uv": [5.25, 11.25, 9.25, 14.25], "rotation": 180, "texture": "#bread"},
				"south": {"uv": [5.25, 11.25, 9.25, 14.25], "rotation": 180, "texture": "#bread"},
				"west": {"uv": [5.25, 11.25, 9.25, 14.25], "rotation": 180, "texture": "#bread"},
				"up": {"uv": [0, 12, 4, 16], "rotation": 180, "texture": "#bread"},
				"down": {"uv": [0, 12, 4, 16], "rotation": 180, "texture": "#bread"}
			}
		},
		{
			"from": [8.5, 1, 4.5],
			"to": [12.5, 3.5, 8],
			"rotation": {"angle": 22.5, "axis": "y", "origin": [8, 2, 6.75]},
			"faces": {
				"north": {"uv": [0, 12, 4, 14.5], "rotation": 180, "texture": "#bread"},
				"east": {"uv": [0, 12, 3.5, 14.5], "rotation": 180, "texture": "#bread"},
				"south": {"uv": [0, 12, 4, 14.5], "rotation": 180, "texture": "#bread"},
				"west": {"uv": [0, 12, 3.5, 14.5], "rotation": 180, "texture": "#bread"},
				"up": {"uv": [0, 12, 4, 15.5], "rotation": 180, "texture": "#bread"},
				"down": {"uv": [0, 12, 4, 15.5], "rotation": 180, "texture": "#bread"}
			}
		},
		{
			"from": [4.5, 5.5, 5.5],
			"to": [8.5, 8, 9],
			"rotation": {"angle": -22.5, "axis": "x", "origin": [4, 6.5, 7.75]},
			"faces": {
				"north": {"uv": [5.25, 12, 9.25, 14.5], "rotation": 180, "texture": "#bread"},
				"east": {"uv": [5.5, 12, 9, 14.5], "rotation": 180, "texture": "#bread"},
				"south": {"uv": [5.25, 12, 9.25, 14.5], "rotation": 180, "texture": "#bread"},
				"west": {"uv": [5.5, 12, 9, 14.5], "rotation": 180, "texture": "#bread"},
				"up": {"uv": [0, 12, 4, 15.5], "rotation": 180, "texture": "#bread"},
				"down": {"uv": [0, 12, 4, 15.5], "rotation": 180, "texture": "#bread"}
			}
		}
	],
	"display": {
		"thirdperson_righthand": {
			"rotation": [66, 0, 0],
			"translation": [-6, 3.5, 5],
			"scale": [0.7, 0.7, 0.7]
		},
		"thirdperson_lefthand": {
			"rotation": [66, 0, 0],
			"translation": [-6, 3.5, 5],
			"scale": [0.7, 0.7, 0.7]
		},
		"firstperson_righthand": {
			"translation": [2.75, 2.25, 0],
			"scale": [0.6, 0.6, 0.6]
		},
		"firstperson_lefthand": {
			"translation": [2.75, 2.25, 0],
			"scale": [0.6, 0.6, 0.6]
		},
		"ground": {
			"translation": [0, 1, 0],
			"scale": [0.6, 0.6, 0.6]
		},
		"gui": {
			"rotation": [30, -135, 0],
			"translation": [0.5, 3, 0],
			"scale": [0.9, 0.9, 0.9]
		},
		"head": {
			"translation": [0, 14.25, 0]
		},
		"fixed": {
			"rotation": [-90, 0, 0],
			"translation": [0, 0, -15],
			"scale": [2, 2, 2]
		}
	}
}