{
	"credit": "Made with Blockbench",
	"textures": {
		"particle": "block/bottle_a",
		"0": "block/bottle_a"
	},
	"elements": [
		{
			"from": [9, 0, 9],
			"to": [12, 10, 12],
			"rotation": {"angle": 45, "axis": "y", "origin": [10.5, 8.25, 10.5]},
			"faces": {
				"north": {"uv": [6.5, 6, 9.5, 16], "texture": "#0"},
				"east": {"uv": [6.5, 6, 9.5, 16], "texture": "#0"},
				"south": {"uv": [6.5, 6, 9.5, 16], "texture": "#0"},
				"west": {"uv": [6.5, 6, 9.5, 16], "texture": "#0"},
				"up": {"uv": [6.5, 13, 9.5, 15.75], "rotation": 180, "texture": "#0"},
				"down": {"uv": [6.5, 13, 9.5, 15.75], "rotation": 180, "texture": "#0"}
			}
		},
		{
			"from": [10, 11.5, 10],
			"to": [11, 15, 11],
			"rotation": {"angle": 45, "axis": "y", "origin": [10.5, 9.75, 10.5]},
			"faces": {
				"north": {"uv": [7.5, 1.5, 8.5, 5], "texture": "#0"},
				"east": {"uv": [7.5, 1.5, 8.5, 5], "texture": "#0"},
				"south": {"uv": [7.5, 1.5, 8.5, 5], "texture": "#0"},
				"west": {"uv": [7.5, 1.5, 8.5, 5], "texture": "#0"},
				"up": {"uv": [7.5, 1.5, 8.5, 2.5], "texture": "#0"}
			}
		},
		{
			"from": [9.5, 9, 9.5],
			"to": [11.5, 11.5, 11.5],
			"rotation": {"angle": 45, "axis": "y", "origin": [10.5, 9.75, 10.5]},
			"faces": {
				"north": {"uv": [7, 5.5, 9, 8], "texture": "#0"},
				"east": {"uv": [7, 5.5, 9, 8], "texture": "#0"},
				"south": {"uv": [7, 5.5, 9, 8], "texture": "#0"},
				"west": {"uv": [7, 5.5, 9, 8], "texture": "#0"},
				"up": {"uv": [7, 5.5, 9, 7.5], "rotation": 180, "texture": "#0"}
			}
		}
	],
	"display": {
		"thirdperson_righthand": {
			"rotation": [30, 0, 0],
			"translation": [-1.75, 4, 0.5],
			"scale": [0.7, 0.7, 0.7]
		},
		"thirdperson_lefthand": {
			"rotation": [30, 0, 0],
			"translation": [1.5, 4, 0.5],
			"scale": [0.7, 0.7, 0.7]
		},
		"firstperson_righthand": {
			"translation": [1.5, 0, 0],
			"scale": [0.5, 0.5, 0.5]
		},
		"firstperson_lefthand": {
			"translation": [4.5, 1.25, 0],
			"scale": [0.5, 0.5, 0.5]
		},
		"ground": {
			"scale": [0.6, 0.6, 0.6]
		},
		"gui": {
			"rotation": [0, 45, 0],
			"translation": [-3.5, 0, 0]
		},
		"head": {
			"translation": [-2.75, 14.25, -2.75]
		},
		"fixed": {
			"rotation": [-90, 0, 0],
			"translation": [0, 0, -15],
			"scale": [2, 2, 2]
		}
	}
}