{
	"credit": "Made with Blockbench",
	"textures": {
		"basket": "block/box_vege_bottom",
		"bread": "block/bread",
		"2": "block/wood_oak_pole",
		"particle": "block/box_vege_bottom"
	},
	"elements": [
		{
			"from": [2.5, 0, 5],
			"to": [13.5, 1, 16],
			"rotation": {"angle": -22.5, "axis": "x", "origin": [0, 0, 4.5]},
			"faces": {
				"up": {"uv": [2.5, 4, 13.5, 15], "texture": "#basket"},
				"down": {"uv": [2.5, 4, 13.5, 15], "texture": "#basket"}
			}
		},
		{
			"from": [1.5, 0, 16],
			"to": [14.5, 4, 17],
			"rotation": {"angle": -22.5, "axis": "x", "origin": [0, 0, 4.5]},
			"faces": {
				"north": {"uv": [0, 0, 13, 4], "texture": "#basket"},
				"east": {"uv": [0, 0, 1, 4], "texture": "#basket"},
				"south": {"uv": [0, 0, 13, 4], "texture": "#basket"},
				"west": {"uv": [0, 0, 1, 4], "texture": "#basket"},
				"up": {"uv": [0, 0, 13, 1], "rotation": 180, "texture": "#basket"},
				"down": {"uv": [0, 0, 13, 1], "rotation": 180, "texture": "#basket"}
			}
		},
		{
			"from": [1.5, 0, 4],
			"to": [14.5, 4, 5],
			"rotation": {"angle": -22.5, "axis": "x", "origin": [0, 0, 4.5]},
			"faces": {
				"north": {"uv": [0, 0, 13, 4], "texture": "#basket"},
				"east": {"uv": [0, 0, 1, 4], "texture": "#basket"},
				"south": {"uv": [0, 0, 13, 4], "texture": "#basket"},
				"west": {"uv": [0, 0, 1, 4], "texture": "#basket"},
				"up": {"uv": [0, 0, 13, 1], "rotation": 180, "texture": "#basket"},
				"down": {"uv": [0, 0, 13, 1], "rotation": 180, "texture": "#basket"}
			}
		},
		{
			"from": [1.5, 0, 5],
			"to": [2.5, 4, 16],
			"rotation": {"angle": -22.5, "axis": "x", "origin": [0, 0, 4.5]},
			"faces": {
				"east": {"uv": [1, 0, 12, 4], "texture": "#basket"},
				"west": {"uv": [1, 0, 12, 4], "texture": "#basket"},
				"up": {"uv": [1, 0, 12, 1], "rotation": 90, "texture": "#basket"},
				"down": {"uv": [1, 0, 12, 1], "rotation": 90, "texture": "#basket"}
			}
		},
		{
			"from": [13.5, 0, 5],
			"to": [14.5, 4, 16],
			"rotation": {"angle": -22.5, "axis": "x", "origin": [0, 0, 4.5]},
			"faces": {
				"east": {"uv": [1, 0, 12, 4], "texture": "#basket"},
				"west": {"uv": [1, 0, 12, 4], "texture": "#basket"},
				"up": {"uv": [1, 0, 12, 1], "rotation": 90, "texture": "#basket"},
				"down": {"uv": [1, 0, 12, 1], "rotation": 90, "texture": "#basket"}
			}
		},
		{
			"from": [8.29595, 1.5, 5.03157],
			"to": [13.29595, 6.5, 6.03157],
			"rotation": {"angle": 22.5, "axis": "x", "origin": [10.89595, 4, 5.03157]},
			"faces": {
				"north": {"uv": [10.75, 11, 15.75, 16], "texture": "#bread"},
				"east": {"uv": [10.75, 10, 15.75, 11], "rotation": 90, "texture": "#bread"},
				"south": {"uv": [10.75, 11, 15.75, 16], "texture": "#bread"},
				"west": {"uv": [10.75, 10, 15.75, 11], "rotation": 90, "texture": "#bread"},
				"up": {"uv": [10.75, 10, 15.75, 11], "texture": "#bread"}
			}
		},
		{
			"from": [8.09595, 2.5, 7.53157],
			"to": [13.09595, 7.5, 8.53157],
			"rotation": {"angle": 22.5, "axis": "x", "origin": [10.89595, 5.5, 7.53157]},
			"faces": {
				"north": {"uv": [10.75, 11, 15.75, 16], "rotation": 90, "texture": "#bread"},
				"east": {"uv": [10.75, 10, 15.75, 11], "rotation": 90, "texture": "#bread"},
				"south": {"uv": [10.75, 11, 15.75, 16], "texture": "#bread"},
				"west": {"uv": [10.75, 10, 15.75, 11], "rotation": 90, "texture": "#bread"},
				"up": {"uv": [10.75, 10, 15.75, 11], "texture": "#bread"}
			}
		},
		{
			"from": [8.19595, 6.5, 11.03157],
			"to": [13.19595, 11.5, 12.03157],
			"rotation": {"angle": 22.5, "axis": "x", "origin": [10.89595, 5.5, 7.53157]},
			"faces": {
				"north": {"uv": [10.75, 11, 15.75, 16], "texture": "#bread"},
				"east": {"uv": [10.75, 10, 15.75, 11], "rotation": 90, "texture": "#bread"},
				"south": {"uv": [10.75, 11, 15.75, 16], "texture": "#bread"},
				"west": {"uv": [10.75, 10, 15.75, 11], "rotation": 90, "texture": "#bread"},
				"up": {"uv": [10.75, 10, 15.75, 11], "texture": "#bread"}
			}
		},
		{
			"from": [8.39595, 5.5, 8.53157],
			"to": [13.39595, 10.5, 9.53157],
			"rotation": {"angle": 22.5, "axis": "x", "origin": [10.89595, 4, 5.03157]},
			"faces": {
				"north": {"uv": [10.75, 11, 15.75, 16], "rotation": 180, "texture": "#bread"},
				"east": {"uv": [10.75, 10, 15.75, 11], "rotation": 90, "texture": "#bread"},
				"south": {"uv": [10.75, 11, 15.75, 16], "texture": "#bread"},
				"west": {"uv": [10.75, 10, 15.75, 11], "rotation": 90, "texture": "#bread"},
				"up": {"uv": [10.75, 10, 15.75, 11], "texture": "#bread"}
			}
		},
		{
			"from": [2.79595, 6, 11.03157],
			"to": [7.79595, 11, 12.03157],
			"rotation": {"angle": 22.5, "axis": "x", "origin": [10.89595, 5.5, 7.53157]},
			"faces": {
				"north": {"uv": [10.75, 11, 15.75, 16], "rotation": 90, "texture": "#bread"},
				"east": {"uv": [10.75, 10, 15.75, 11], "rotation": 90, "texture": "#bread"},
				"south": {"uv": [10.75, 11, 15.75, 16], "texture": "#bread"},
				"west": {"uv": [10.75, 10, 15.75, 11], "rotation": 90, "texture": "#bread"},
				"up": {"uv": [10.75, 10, 15.75, 11], "texture": "#bread"}
			}
		},
		{
			"from": [3.19595, 5, 8.53157],
			"to": [8.19595, 10, 9.53157],
			"rotation": {"angle": 22.5, "axis": "x", "origin": [10.89595, 4, 5.03157]},
			"faces": {
				"north": {"uv": [10.75, 11, 15.75, 16], "texture": "#bread"},
				"east": {"uv": [10.75, 10, 15.75, 11], "rotation": 90, "texture": "#bread"},
				"south": {"uv": [10.75, 11, 15.75, 16], "texture": "#bread"},
				"west": {"uv": [10.75, 10, 15.75, 11], "rotation": 90, "texture": "#bread"},
				"up": {"uv": [10.75, 10, 15.75, 11], "texture": "#bread"}
			}
		},
		{
			"from": [2.79595, 2.5, 8.03157],
			"to": [7.79595, 7.5, 9.03157],
			"rotation": {"angle": 22.5, "axis": "x", "origin": [10.89595, 5.5, 7.53157]},
			"faces": {
				"north": {"uv": [10.75, 11, 15.75, 16], "rotation": 180, "texture": "#bread"},
				"east": {"uv": [10.75, 10, 15.75, 11], "rotation": 90, "texture": "#bread"},
				"south": {"uv": [10.75, 11, 15.75, 16], "texture": "#bread"},
				"west": {"uv": [10.75, 10, 15.75, 11], "rotation": 90, "texture": "#bread"},
				"up": {"uv": [10.75, 10, 15.75, 11], "texture": "#bread"}
			}
		},
		{
			"from": [2.79595, 1.5, 5.53157],
			"to": [7.79595, 6.5, 6.53157],
			"rotation": {"angle": 22.5, "axis": "x", "origin": [10.89595, 4, 5.03157]},
			"faces": {
				"north": {"uv": [10.75, 11, 15.75, 16], "rotation": 270, "texture": "#bread"},
				"east": {"uv": [10.75, 10, 15.75, 11], "rotation": 90, "texture": "#bread"},
				"south": {"uv": [10.75, 11, 15.75, 16], "texture": "#bread"},
				"west": {"uv": [10.75, 10, 15.75, 11], "rotation": 90, "texture": "#bread"},
				"up": {"uv": [10.75, 10, 15.75, 11], "texture": "#bread"}
			}
		},
		{
			"from": [2.4375, 0, 11.5],
			"to": [13.4375, 3.5, 15.5],
			"rotation": {"angle": 0, "axis": "y", "origin": [-0.0625, 0, 1.5]},
			"faces": {
				"north": {"uv": [5.75, 0, 9.25, 11], "rotation": 90, "texture": "#2"},
				"east": {"uv": [5.75, 0, 9.25, 4], "rotation": 90, "texture": "#2"},
				"south": {"uv": [5.75, 0, 9.25, 11], "rotation": 90, "texture": "#2"},
				"west": {"uv": [5.75, 0, 9.25, 4], "rotation": 90, "texture": "#2"},
				"up": {"uv": [5.75, 0, 9.75, 11], "rotation": 90, "texture": "#2"},
				"down": {"uv": [5.75, 0, 9.75, 11], "rotation": 90, "texture": "#2"}
			}
		}
	],
	"display": {
		"thirdperson_righthand": {
			"rotation": [66, 0, 0],
			"translation": [-6, 3.5, 5],
			"scale": [0.7, 0.7, 0.7]
		},
		"thirdperson_lefthand": {
			"rotation": [66, 0, 0],
			"translation": [-6, 3.5, 5],
			"scale": [0.7, 0.7, 0.7]
		},
		"firstperson_righthand": {
			"translation": [2.75, 2.25, 0],
			"scale": [0.6, 0.6, 0.6]
		},
		"firstperson_lefthand": {
			"translation": [2.75, 2.25, 0],
			"scale": [0.6, 0.6, 0.6]
		},
		"ground": {
			"translation": [0, 1, 0],
			"scale": [0.6, 0.6, 0.6]
		},
		"gui": {
			"rotation": [30, -135, 0],
			"translation": [0.5, 3, 0],
			"scale": [0.9, 0.9, 0.9]
		},
		"head": {
			"translation": [0, 14.25, 0]
		},
		"fixed": {
			"rotation": [-90, 0, 0],
			"translation": [0, 0, -15],
			"scale": [2, 2, 2]
		}
	}
}