{
	"credit": "Made with Blockbench",
	"textures": {
		"basket": "block/bread_basket",
		"bread": "block/bread",
		"2": "block/wood_oak_pole",
		"particle": "block/bread_basket"
	},
	"elements": [
		{
			"from": [2, 0, 4.5],
			"to": [14, 1, 16.5],
			"rotation": {"angle": -22.5, "axis": "x", "origin": [0, 0, 4.5]},
			"faces": {
				"north": {"uv": [2.5, 5.75, 14.5, 6.75], "texture": "#basket"},
				"east": {"uv": [2.5, 5.75, 14.5, 6.75], "texture": "#basket"},
				"south": {"uv": [2.5, 5.75, 14.5, 6.75], "texture": "#basket"},
				"west": {"uv": [2.5, 5.75, 14.5, 6.75], "texture": "#basket"},
				"up": {"uv": [2, 4, 14, 16], "texture": "#basket"},
				"down": {"uv": [2, 4, 14, 16], "texture": "#basket"}
			}
		},
		{
			"from": [1.5, 1, 16],
			"to": [14.5, 6, 17],
			"rotation": {"angle": -22.5, "axis": "x", "origin": [0, 0, 4.5]},
			"faces": {
				"north": {"uv": [0, 0, 13, 4.5], "texture": "#basket"},
				"east": {"uv": [0, 0, 1, 5], "texture": "#basket"},
				"south": {"uv": [0, 0, 13, 5], "texture": "#basket"},
				"west": {"uv": [0, 0, 1, 5], "texture": "#basket"},
				"up": {"uv": [0, 0, 13, 1], "rotation": 180, "texture": "#basket"},
				"down": {"uv": [0, 0, 13, 1], "rotation": 180, "texture": "#basket"}
			}
		},
		{
			"from": [1.5, 1, 4],
			"to": [14.5, 6, 5],
			"rotation": {"angle": -22.5, "axis": "x", "origin": [0, 0, 4.5]},
			"faces": {
				"north": {"uv": [0, 0, 13, 5], "texture": "#basket"},
				"east": {"uv": [0, 0, 1, 5], "texture": "#basket"},
				"south": {"uv": [0, 0, 13, 6], "texture": "#basket"},
				"west": {"uv": [0, 0, 1, 5], "texture": "#basket"},
				"up": {"uv": [0, 0, 13, 1], "rotation": 180, "texture": "#basket"},
				"down": {"uv": [0, 0, 13, 1], "rotation": 180, "texture": "#basket"}
			}
		},
		{
			"from": [1.5, 1, 5],
			"to": [2.5, 6, 16],
			"rotation": {"angle": -22.5, "axis": "x", "origin": [0, 0, 4.5]},
			"faces": {
				"east": {"uv": [1, 0, 12, 6], "texture": "#basket"},
				"west": {"uv": [1, 0, 12, 5], "texture": "#basket"},
				"up": {"uv": [1, 0, 12, 1], "rotation": 90, "texture": "#basket"},
				"down": {"uv": [1, 0, 12, 1], "rotation": 90, "texture": "#basket"}
			}
		},
		{
			"from": [13.5, 1, 5],
			"to": [14.5, 6, 16],
			"rotation": {"angle": -22.5, "axis": "x", "origin": [0, 0, 4.5]},
			"faces": {
				"east": {"uv": [1, 0, 12, 5], "texture": "#basket"},
				"west": {"uv": [1, 0, 12, 6], "texture": "#basket"},
				"up": {"uv": [1, 0, 12, 1], "rotation": 90, "texture": "#basket"},
				"down": {"uv": [1, 0, 12, 1], "rotation": 90, "texture": "#basket"}
			}
		},
		{
			"from": [9, 5.35266, 8.34127],
			"to": [13, 8.85266, 12.34127],
			"rotation": {"angle": 0, "axis": "x", "origin": [0, 0, 4.5]},
			"faces": {
				"north": {"uv": [5.25, 11, 9.25, 14.5], "rotation": 180, "texture": "#bread"},
				"east": {"uv": [5.25, 11, 9.25, 14.5], "rotation": 180, "texture": "#bread"},
				"south": {"uv": [5.25, 11, 9.25, 14.5], "rotation": 180, "texture": "#bread"},
				"west": {"uv": [5.25, 11, 9.25, 14.5], "rotation": 180, "texture": "#bread"},
				"up": {"uv": [0, 12, 4, 16], "rotation": 180, "texture": "#bread"},
				"down": {"uv": [0, 12, 4, 16], "rotation": 180, "texture": "#bread"}
			}
		},
		{
			"from": [3, 8.16236, 7.38456],
			"to": [7, 10.66236, 11.38456],
			"rotation": {"angle": 0, "axis": "x", "origin": [0, 0.5, 4.5]},
			"faces": {
				"north": {"uv": [5, 11.75, 9, 14.25], "rotation": 180, "texture": "#bread"},
				"east": {"uv": [5, 11.75, 9, 14.25], "rotation": 180, "texture": "#bread"},
				"south": {"uv": [5, 11.75, 9, 14.25], "rotation": 180, "texture": "#bread"},
				"west": {"uv": [5, 11.75, 9, 14.25], "rotation": 180, "texture": "#bread"},
				"up": {"uv": [0, 12, 4, 16], "rotation": 180, "texture": "#bread"},
				"down": {"uv": [0, 12, 4, 16], "rotation": 180, "texture": "#bread"}
			}
		},
		{
			"from": [3, 3.66864, 3.87516],
			"to": [7, 6.16864, 7.87516],
			"rotation": {"angle": 0, "axis": "x", "origin": [0, 0, 4.5]},
			"faces": {
				"north": {"uv": [5.25, 11, 9.25, 13.5], "rotation": 180, "texture": "#bread"},
				"east": {"uv": [5.25, 11, 9.25, 13.5], "rotation": 180, "texture": "#bread"},
				"south": {"uv": [5.25, 11, 9.25, 13.5], "rotation": 180, "texture": "#bread"},
				"west": {"uv": [5.25, 11, 9.25, 13.5], "rotation": 180, "texture": "#bread"},
				"up": {"uv": [0, 12, 4, 16], "rotation": 180, "texture": "#bread"},
				"down": {"uv": [0, 12, 4, 16], "rotation": 180, "texture": "#bread"}
			}
		},
		{
			"from": [9.78804, 4.5, 5.46174],
			"to": [13.78804, 7, 9.46174],
			"rotation": {"angle": -22.5, "axis": "x", "origin": [0, 1, 8]},
			"faces": {
				"north": {"uv": [5.25, 11, 9.25, 13.5], "rotation": 180, "texture": "#bread"},
				"east": {"uv": [5.25, 11, 9.25, 13.5], "rotation": 180, "texture": "#bread"},
				"south": {"uv": [5.25, 11, 9.25, 13.5], "rotation": 180, "texture": "#bread"},
				"west": {"uv": [5.25, 11, 9.25, 13.5], "rotation": 180, "texture": "#bread"},
				"up": {"uv": [0, 12, 4, 16], "rotation": 180, "texture": "#bread"},
				"down": {"uv": [0, 12, 4, 16], "rotation": 180, "texture": "#bread"}
			}
		},
		{
			"from": [7.39595, 1, 6.03157],
			"to": [11.39595, 4, 9.53157],
			"rotation": {"angle": -22.5, "axis": "x", "origin": [0, 0, 4.5]},
			"faces": {
				"north": {"uv": [5.25, 11, 9.25, 14], "rotation": 180, "texture": "#bread"},
				"east": {"uv": [5.25, 11, 8.75, 14], "rotation": 180, "texture": "#bread"},
				"south": {"uv": [5.25, 11, 9.25, 14], "rotation": 180, "texture": "#bread"},
				"west": {"uv": [5.25, 11, 8.75, 14], "rotation": 180, "texture": "#bread"},
				"up": {"uv": [0, 12.5, 4, 16], "rotation": 180, "texture": "#bread"},
				"down": {"uv": [0, 12.25, 4, 15.75], "rotation": 180, "texture": "#bread"}
			}
		},
		{
			"from": [2.51992, 2, 10.97272],
			"to": [6.51992, 5, 14.97272],
			"rotation": {"angle": -22.5, "axis": "x", "origin": [7.5, 0, 3.5]},
			"faces": {
				"north": {"uv": [5.25, 11.5, 9.25, 14.5], "rotation": 180, "texture": "#bread"},
				"east": {"uv": [5.25, 11.5, 9.25, 14.5], "rotation": 180, "texture": "#bread"},
				"south": {"uv": [5.25, 11.5, 9.25, 14.5], "rotation": 180, "texture": "#bread"},
				"west": {"uv": [5.25, 11.5, 9.25, 14.5], "rotation": 180, "texture": "#bread"},
				"up": {"uv": [0, 12, 4, 16], "rotation": 180, "texture": "#bread"},
				"down": {"uv": [0, 12, 4, 16], "rotation": 180, "texture": "#bread"}
			}
		},
		{
			"from": [6.5, 1.27405, 13.74527],
			"to": [10.5, 4.27405, 17.74527],
			"rotation": {"angle": -45, "axis": "x", "origin": [0, 0, 4.5]},
			"faces": {
				"north": {"uv": [5.25, 11.25, 9.25, 14.25], "rotation": 180, "texture": "#bread"},
				"east": {"uv": [5.25, 11.25, 9.25, 14.25], "rotation": 180, "texture": "#bread"},
				"south": {"uv": [5.25, 11.25, 9.25, 14.25], "rotation": 180, "texture": "#bread"},
				"west": {"uv": [5.25, 11.25, 9.25, 14.25], "rotation": 180, "texture": "#bread"},
				"up": {"uv": [0, 12, 4, 16], "rotation": 180, "texture": "#bread"},
				"down": {"uv": [0, 12, 4, 16], "rotation": 180, "texture": "#bread"}
			}
		},
		{
			"from": [6.45597, 1, 8.77602],
			"to": [10.45597, 3.5, 12.27602],
			"rotation": {"angle": -22.5, "axis": "x", "origin": [0, 0, 4.5]},
			"faces": {
				"north": {"uv": [0, 12, 4, 14.5], "rotation": 180, "texture": "#bread"},
				"east": {"uv": [0, 12, 3.5, 14.5], "rotation": 180, "texture": "#bread"},
				"south": {"uv": [0, 12, 4, 14.5], "rotation": 180, "texture": "#bread"},
				"west": {"uv": [0, 12, 3.5, 14.5], "rotation": 180, "texture": "#bread"},
				"up": {"uv": [0, 12, 4, 15.5], "rotation": 180, "texture": "#bread"},
				"down": {"uv": [0, 12, 4, 15.5], "rotation": 180, "texture": "#bread"}
			}
		},
		{
			"from": [5.5, 3.18747, 9.12587],
			"to": [9.5, 5.68747, 12.62587],
			"rotation": {"angle": -45, "axis": "x", "origin": [1, 0, 4.5]},
			"faces": {
				"north": {"uv": [5.25, 12, 9.25, 14.5], "rotation": 180, "texture": "#bread"},
				"east": {"uv": [5.5, 12, 9, 14.5], "rotation": 180, "texture": "#bread"},
				"south": {"uv": [5.25, 12, 9.25, 14.5], "rotation": 180, "texture": "#bread"},
				"west": {"uv": [5.5, 12, 9, 14.5], "rotation": 180, "texture": "#bread"},
				"up": {"uv": [0, 12, 4, 15.5], "rotation": 180, "texture": "#bread"},
				"down": {"uv": [0, 12, 4, 15.5], "rotation": 180, "texture": "#bread"}
			}
		},
		{
			"from": [2.4375, 0, 11.5],
			"to": [13.4375, 3.5, 15.5],
			"rotation": {"angle": 0, "axis": "y", "origin": [-0.0625, 0, 1.5]},
			"faces": {
				"north": {"uv": [5.75, 0, 9.25, 11], "rotation": 90, "texture": "#2"},
				"east": {"uv": [5.75, 0, 9.25, 4], "rotation": 90, "texture": "#2"},
				"south": {"uv": [5.75, 0, 9.25, 11], "rotation": 90, "texture": "#2"},
				"west": {"uv": [5.75, 0, 9.25, 4], "rotation": 90, "texture": "#2"},
				"up": {"uv": [5.75, 0, 9.75, 11], "rotation": 90, "texture": "#2"},
				"down": {"uv": [5.75, 0, 9.75, 11], "rotation": 90, "texture": "#2"}
			}
		}
	],
	"display": {
		"thirdperson_righthand": {
			"rotation": [66, 0, 0],
			"translation": [-6, 3.5, 5],
			"scale": [0.7, 0.7, 0.7]
		},
		"thirdperson_lefthand": {
			"rotation": [66, 0, 0],
			"translation": [-6, 3.5, 5],
			"scale": [0.7, 0.7, 0.7]
		},
		"firstperson_righthand": {
			"translation": [2.75, 2.25, 0],
			"scale": [0.6, 0.6, 0.6]
		},
		"firstperson_lefthand": {
			"translation": [2.75, 2.25, 0],
			"scale": [0.6, 0.6, 0.6]
		},
		"ground": {
			"translation": [0, 1, 0],
			"scale": [0.6, 0.6, 0.6]
		},
		"gui": {
			"rotation": [30, -135, 0],
			"translation": [0.5, 3, 0],
			"scale": [0.9, 0.9, 0.9]
		},
		"head": {
			"translation": [0, 14.25, 0]
		},
		"fixed": {
			"rotation": [-90, 0, 0],
			"translation": [0, 0, -15],
			"scale": [2, 2, 2]
		}
	}
}