{
	"credit": "Made with Blockbench",
	"textures": {
		"particle": "block/bottle_a",
		"0": "block/bottle_a"
	},
	"elements": [
		{
			"from": [12, 0, 9],
			"to": [15, 5, 12],
			"rotation": {"angle": 0, "axis": "y", "origin": [13.5, 5.5, 10.5]},
			"faces": {
				"north": {"uv": [0, 11, 3, 16], "texture": "#0"},
				"east": {"uv": [0, 11, 3, 16], "texture": "#0"},
				"south": {"uv": [0, 11, 3, 16], "texture": "#0"},
				"west": {"uv": [0, 11, 3, 16], "texture": "#0"},
				"up": {"uv": [0.5, 9.5, 2.5, 11.5], "rotation": 90, "texture": "#0"},
				"down": {"uv": [0.5, 9.5, 2.5, 11.5], "rotation": 270, "texture": "#0"}
			}
		},
		{
			"from": [13, 6.5, 10],
			"to": [14, 10, 11],
			"rotation": {"angle": 0, "axis": "y", "origin": [13.5, 5.5, 10.5]},
			"faces": {
				"north": {"uv": [1, 6.5, 2, 10], "texture": "#0"},
				"east": {"uv": [1, 6.5, 2, 10], "texture": "#0"},
				"south": {"uv": [1, 6.5, 2, 10], "texture": "#0"},
				"west": {"uv": [1, 6.5, 2, 10], "texture": "#0"},
				"up": {"uv": [1, 6.5, 2, 7.5], "rotation": 270, "texture": "#0"}
			}
		},
		{
			"from": [12.5, 4.5, 9.5],
			"to": [14.5, 7, 11.5],
			"rotation": {"angle": 0, "axis": "y", "origin": [13.5, 5.5, 10.5]},
			"faces": {
				"north": {"uv": [0.5, 9.5, 2.5, 12], "texture": "#0"},
				"east": {"uv": [0.5, 9.5, 2.5, 12], "texture": "#0"},
				"south": {"uv": [0.5, 9.5, 2.5, 12], "texture": "#0"},
				"west": {"uv": [0.5, 9.5, 2.5, 12], "texture": "#0"},
				"up": {"uv": [0.5, 9.5, 2.5, 11.5], "rotation": 90, "texture": "#0"}
			}
		},
		{
			"from": [0.5, 0, 10.5],
			"to": [4.5, 6, 14.5],
			"rotation": {"angle": 0, "axis": "y", "origin": [2.5, 7.66667, 12.5]},
			"faces": {
				"north": {"uv": [11.5, 10, 15.5, 16], "texture": "#0"},
				"east": {"uv": [11.5, 10, 15.5, 16], "texture": "#0"},
				"south": {"uv": [11.5, 10, 15.5, 16], "texture": "#0"},
				"west": {"uv": [11.5, 10, 15.5, 16], "texture": "#0"},
				"up": {"uv": [11.5, 11, 15.5, 15], "rotation": 180, "texture": "#0"},
				"down": {"uv": [11.5, 11, 15.5, 15], "rotation": 180, "texture": "#0"}
			}
		},
		{
			"from": [2, 9, 12],
			"to": [3, 11.5, 13],
			"rotation": {"angle": 0, "axis": "y", "origin": [7.75, 9.6875, 12.5]},
			"faces": {
				"north": {"uv": [13, 4.5, 14, 7], "texture": "#0"},
				"east": {"uv": [13, 4.5, 14, 7], "texture": "#0"},
				"south": {"uv": [13, 4.5, 14, 7], "texture": "#0"},
				"west": {"uv": [13, 4.5, 14, 7], "texture": "#0"},
				"up": {"uv": [13, 4.5, 14, 5.5], "texture": "#0"}
			}
		},
		{
			"from": [1.5, 8, 11.5],
			"to": [3.5, 9, 13.5],
			"rotation": {"angle": 0, "axis": "y", "origin": [2.5, 6.66667, 12.5]},
			"faces": {
				"north": {"uv": [12.5, 7, 14.5, 8], "texture": "#0"},
				"east": {"uv": [12.5, 7, 14.5, 8], "texture": "#0"},
				"south": {"uv": [12.5, 7, 14.5, 8], "texture": "#0"},
				"west": {"uv": [12.5, 7, 14.5, 8], "texture": "#0"},
				"up": {"uv": [12.5, 7, 14.5, 9], "rotation": 180, "texture": "#0"}
			}
		},
		{
			"from": [1, 5.5, 11],
			"to": [4, 8, 14],
			"rotation": {"angle": 0, "axis": "y", "origin": [2.5, 5.66667, 12.5]},
			"faces": {
				"north": {"uv": [12, 8, 15, 10.5], "texture": "#0"},
				"east": {"uv": [12, 8, 15, 10.5], "texture": "#0"},
				"south": {"uv": [12, 8, 15, 10.5], "texture": "#0"},
				"west": {"uv": [12, 8, 15, 10.5], "texture": "#0"},
				"up": {"uv": [12, 8, 15, 11], "rotation": 180, "texture": "#0"}
			}
		},
		{
			"from": [9, 0, 11],
			"to": [12, 10, 14],
			"rotation": {"angle": 0, "axis": "y", "origin": [10.5, 9.5, 12.5]},
			"faces": {
				"north": {"uv": [6.5, 6, 9.5, 16], "texture": "#0"},
				"east": {"uv": [6.5, 6, 9.5, 16], "texture": "#0"},
				"south": {"uv": [6.5, 6, 9.5, 16], "texture": "#0"},
				"west": {"uv": [6.5, 6, 9.5, 16], "texture": "#0"},
				"up": {"uv": [6.5, 13, 9.5, 15.75], "rotation": 90, "texture": "#0"},
				"down": {"uv": [6.5, 13, 9.5, 15.75], "rotation": 270, "texture": "#0"}
			}
		},
		{
			"from": [5.5, 0, 9.5],
			"to": [8.5, 7, 12.5],
			"rotation": {"angle": 45, "axis": "y", "origin": [7, 8.25, 11]},
			"faces": {
				"north": {"uv": [3.5, 9, 6.5, 16], "texture": "#0"},
				"east": {"uv": [3.5, 9, 6.5, 16], "texture": "#0"},
				"south": {"uv": [3.5, 9, 6.5, 16], "texture": "#0"},
				"west": {"uv": [3.5, 9, 6.5, 16], "texture": "#0"},
				"up": {"uv": [3.5, 14, 5.75, 16], "rotation": 180, "texture": "#0"},
				"down": {"uv": [3.5, 14, 5.75, 16], "rotation": 180, "texture": "#0"}
			}
		},
		{
			"from": [10, 11.5, 12],
			"to": [11, 15, 13],
			"rotation": {"angle": 0, "axis": "y", "origin": [10.5, 9.5, 12.5]},
			"faces": {
				"north": {"uv": [7.5, 1.5, 8.5, 5], "texture": "#0"},
				"east": {"uv": [7.5, 1.5, 8.5, 5], "texture": "#0"},
				"south": {"uv": [7.5, 1.5, 8.5, 5], "texture": "#0"},
				"west": {"uv": [7.5, 1.5, 8.5, 5], "texture": "#0"},
				"up": {"uv": [7.5, 1.5, 8.5, 2.5], "rotation": 270, "texture": "#0"}
			}
		},
		{
			"from": [9.5, 9, 11.5],
			"to": [11.5, 11.5, 13.5],
			"rotation": {"angle": 0, "axis": "y", "origin": [10.5, 9.5, 12.5]},
			"faces": {
				"north": {"uv": [7, 5.5, 9, 8], "texture": "#0"},
				"east": {"uv": [7, 5.5, 9, 8], "texture": "#0"},
				"south": {"uv": [7, 5.5, 9, 8], "texture": "#0"},
				"west": {"uv": [7, 5.5, 9, 8], "texture": "#0"},
				"up": {"uv": [7, 5.5, 9, 7.5], "rotation": 90, "texture": "#0"}
			}
		},
		{
			"from": [6, 6.5, 10],
			"to": [8, 9, 12],
			"rotation": {"angle": 45, "axis": "y", "origin": [7, 7.25, 11]},
			"faces": {
				"north": {"uv": [4, 8.5, 6, 11], "texture": "#0"},
				"east": {"uv": [4, 8.5, 6, 11], "texture": "#0"},
				"south": {"uv": [4, 8.5, 6, 11], "texture": "#0"},
				"west": {"uv": [4, 8.5, 6, 11], "texture": "#0"},
				"up": {"uv": [4, 8.5, 6, 10.5], "rotation": 180, "texture": "#0"}
			}
		},
		{
			"from": [6.5, 9, 10.5],
			"to": [7.5, 12.5, 11.5],
			"rotation": {"angle": 45, "axis": "y", "origin": [7, 7.25, 11]},
			"faces": {
				"north": {"uv": [4.5, 4.5, 5.5, 8], "texture": "#0"},
				"east": {"uv": [4.5, 4.5, 5.5, 8], "texture": "#0"},
				"south": {"uv": [4.5, 4.5, 5.5, 8], "texture": "#0"},
				"west": {"uv": [4.5, 4.5, 5.5, 8], "texture": "#0"},
				"up": {"uv": [4.5, 4.75, 5.5, 5.75], "texture": "#0"}
			}
		}
	],
	"display": {
		"thirdperson_righthand": {
			"rotation": [30, 0, 0],
			"translation": [-1.75, 4, 0.5],
			"scale": [0.7, 0.7, 0.7]
		},
		"thirdperson_lefthand": {
			"rotation": [30, 0, 0],
			"translation": [1.5, 4, 0.5],
			"scale": [0.7, 0.7, 0.7]
		},
		"firstperson_righthand": {
			"translation": [1.5, 0, 0],
			"scale": [0.5, 0.5, 0.5]
		},
		"firstperson_lefthand": {
			"translation": [4.5, 1.25, 0],
			"scale": [0.5, 0.5, 0.5]
		},
		"ground": {
			"scale": [0.6, 0.6, 0.6]
		},
		"gui": {
			"rotation": [0, 45, 0],
			"translation": [-3.5, 0, 0]
		},
		"head": {
			"translation": [-2.75, 14.25, -2.75]
		},
		"fixed": {
			"rotation": [-90, 0, 0],
			"translation": [0, 0, -15],
			"scale": [2, 2, 2]
		}
	}
}