{
	"credit": "Made with Blockbench",
	"textures": {
		"basket": "block/bread_basket",
		"bread": "block/bread2",
		"2": "block/wood_oak_pole",
		"particle": "block/bread_basket"
	},
	"elements": [
		{
			"from": [2, 0, 4.5],
			"to": [14, 1, 16.5],
			"rotation": {"angle": -22.5, "axis": "x", "origin": [0, 0, 4.5]},
			"faces": {
				"north": {"uv": [2.5, 5.75, 14.5, 6.75], "texture": "#basket"},
				"east": {"uv": [2.5, 5.75, 14.5, 6.75], "texture": "#basket"},
				"south": {"uv": [2.5, 5.75, 14.5, 6.75], "texture": "#basket"},
				"west": {"uv": [2.5, 5.75, 14.5, 6.75], "texture": "#basket"},
				"up": {"uv": [2, 4, 14, 16], "texture": "#basket"},
				"down": {"uv": [2, 4, 14, 16], "texture": "#basket"}
			}
		},
		{
			"from": [1.5, 1, 16],
			"to": [14.5, 6, 17],
			"rotation": {"angle": -22.5, "axis": "x", "origin": [0, 0, 4.5]},
			"faces": {
				"north": {"uv": [0, 0, 13, 4.5], "texture": "#basket"},
				"east": {"uv": [0, 0, 1, 5], "texture": "#basket"},
				"south": {"uv": [0, 0, 13, 5], "texture": "#basket"},
				"west": {"uv": [0, 0, 1, 5], "texture": "#basket"},
				"up": {"uv": [0, 0, 13, 1], "rotation": 180, "texture": "#basket"},
				"down": {"uv": [0, 0, 13, 1], "rotation": 180, "texture": "#basket"}
			}
		},
		{
			"from": [1.5, 1, 4],
			"to": [14.5, 6, 5],
			"rotation": {"angle": -22.5, "axis": "x", "origin": [0, 0, 4.5]},
			"faces": {
				"north": {"uv": [0, 0, 13, 5], "texture": "#basket"},
				"east": {"uv": [0, 0, 1, 5], "texture": "#basket"},
				"south": {"uv": [0, 0, 13, 6], "texture": "#basket"},
				"west": {"uv": [0, 0, 1, 5], "texture": "#basket"},
				"up": {"uv": [0, 0, 13, 1], "rotation": 180, "texture": "#basket"},
				"down": {"uv": [0, 0, 13, 1], "rotation": 180, "texture": "#basket"}
			}
		},
		{
			"from": [1.5, 1, 5],
			"to": [2.5, 6, 16],
			"rotation": {"angle": -22.5, "axis": "x", "origin": [0, 0, 4.5]},
			"faces": {
				"east": {"uv": [1, 0, 12, 6], "texture": "#basket"},
				"west": {"uv": [1, 0, 12, 5], "texture": "#basket"},
				"up": {"uv": [1, 0, 12, 1], "rotation": 90, "texture": "#basket"},
				"down": {"uv": [1, 0, 12, 1], "rotation": 90, "texture": "#basket"}
			}
		},
		{
			"from": [13.5, 1, 5],
			"to": [14.5, 6, 16],
			"rotation": {"angle": -22.5, "axis": "x", "origin": [0, 0, 4.5]},
			"faces": {
				"east": {"uv": [1, 0, 12, 5], "texture": "#basket"},
				"west": {"uv": [1, 0, 12, 6], "texture": "#basket"},
				"up": {"uv": [1, 0, 12, 1], "rotation": 90, "texture": "#basket"},
				"down": {"uv": [1, 0, 12, 1], "rotation": 90, "texture": "#basket"}
			}
		},
		{
			"from": [2.4375, 0, 11.5],
			"to": [13.4375, 3.5, 15.5],
			"rotation": {"angle": 0, "axis": "y", "origin": [-0.0625, 0, 1.5]},
			"faces": {
				"north": {"uv": [5.75, 0, 9.25, 11], "rotation": 90, "texture": "#2"},
				"east": {"uv": [5.75, 0, 9.25, 4], "rotation": 90, "texture": "#2"},
				"south": {"uv": [5.75, 0, 9.25, 11], "rotation": 90, "texture": "#2"},
				"west": {"uv": [5.75, 0, 9.25, 4], "rotation": 90, "texture": "#2"},
				"up": {"uv": [5.75, 0, 9.75, 11], "rotation": 90, "texture": "#2"},
				"down": {"uv": [5.75, 0, 9.75, 11], "rotation": 90, "texture": "#2"}
			}
		},
		{
			"name": "octagon",
			"from": [7.34315, 2, 3.5],
			"to": [10.65685, 10, 6.5],
			"rotation": {"angle": 22.5, "axis": "z", "origin": [9, 6, 4.9925]},
			"faces": {
				"north": {"uv": [12.68629, 0, 16, 8], "texture": "#bread"},
				"south": {"uv": [12.68629, 0, 16, 8], "texture": "#bread"},
				"up": {"uv": [12.68629, 0, 15.99999, 3], "texture": "#bread"},
				"down": {"uv": [12.68629, 0, 15.99999, 3], "texture": "#bread"}
			}
		},
		{
			"name": "octagon",
			"from": [7.34315, 2, 3.49],
			"to": [10.65685, 10, 6.49],
			"rotation": {"angle": -22.5, "axis": "z", "origin": [9, 6, 4.9925]},
			"faces": {
				"north": {"uv": [2.5, 0.5, 5.81371, 8.5], "texture": "#bread"},
				"south": {"uv": [12.68629, 0, 16, 8], "texture": "#bread"},
				"up": {"uv": [12.68629, 0, 15.99999, 3], "texture": "#bread"},
				"down": {"uv": [2.68629, 6.5, 6, 9.5], "rotation": 180, "texture": "#bread"}
			}
		},
		{
			"name": "octagon",
			"from": [5, 4.34315, 3.5],
			"to": [13, 7.65685, 6.5],
			"rotation": {"angle": 22.5, "axis": "z", "origin": [9, 6, 4.9925]},
			"faces": {
				"north": {"uv": [12.68629, 0, 16, 8], "rotation": 90, "texture": "#bread"},
				"east": {"uv": [12.68629, 0, 15.68629, 3.3137], "rotation": 90, "texture": "#bread"},
				"south": {"uv": [12.68629, 0, 16, 8], "rotation": 90, "texture": "#bread"},
				"west": {"uv": [12.68629, 0, 15.68629, 3.3137], "rotation": 90, "texture": "#bread"}
			}
		},
		{
			"name": "octagon",
			"from": [5, 4.34315, 3.48],
			"to": [13, 7.65685, 6.48],
			"rotation": {"angle": -22.5, "axis": "z", "origin": [9, 6, 4.9925]},
			"faces": {
				"north": {"uv": [0.25, 3, 8.25, 6.3137], "texture": "#bread"},
				"east": {"uv": [3, 6.5, 6.31371, 9.5], "rotation": 90, "texture": "#bread"},
				"south": {"uv": [12.68629, 0, 16, 8], "rotation": 90, "texture": "#bread"},
				"west": {"uv": [12.68629, 0, 15.68629, 3.3137], "rotation": 90, "texture": "#bread"}
			}
		},
		{
			"name": "octagon",
			"from": [4.84315, 4, 7],
			"to": [8.15685, 12, 10],
			"rotation": {"angle": 22.5, "axis": "z", "origin": [6.5, 8, 8.4925]},
			"faces": {
				"north": {"uv": [12.68629, 0, 16, 8], "texture": "#bread"},
				"south": {"uv": [12.68629, 0, 16, 8], "texture": "#bread"},
				"up": {"uv": [12.68629, 0, 15.99999, 3], "texture": "#bread"},
				"down": {"uv": [12.68629, 0, 15.99999, 3], "texture": "#bread"}
			}
		},
		{
			"name": "octagon",
			"from": [4.84315, 4, 6.99],
			"to": [8.15685, 12, 9.99],
			"rotation": {"angle": -22.5, "axis": "z", "origin": [6.5, 8, 8.4925]},
			"faces": {
				"north": {"uv": [2.5, 0.5, 5.81371, 8.5], "texture": "#bread"},
				"south": {"uv": [12.68629, 0, 16, 8], "texture": "#bread"},
				"up": {"uv": [12.68629, 0, 15.99999, 3], "rotation": 180, "texture": "#bread"},
				"down": {"uv": [12.68629, 0, 15.99999, 3], "texture": "#bread"}
			}
		},
		{
			"name": "octagon",
			"from": [2.5, 6.34315, 7],
			"to": [10.5, 9.65685, 10],
			"rotation": {"angle": 22.5, "axis": "z", "origin": [6.5, 8, 8.4925]},
			"faces": {
				"north": {"uv": [12.68629, 0, 16, 8], "rotation": 90, "texture": "#bread"},
				"east": {"uv": [12.68629, 0, 15.99999, 3], "rotation": 270, "texture": "#bread"},
				"south": {"uv": [12.68629, 0, 16, 8], "rotation": 90, "texture": "#bread"},
				"west": {"uv": [12.68629, 0, 15.99999, 3], "rotation": 90, "texture": "#bread"}
			}
		},
		{
			"name": "octagon",
			"from": [2.5, 6.34315, 6.98],
			"to": [10.5, 9.65685, 9.98],
			"rotation": {"angle": -22.5, "axis": "z", "origin": [6.5, 8, 8.4925]},
			"faces": {
				"north": {"uv": [0.25, 3, 8.25, 6.31371], "texture": "#bread"},
				"east": {"uv": [12.68629, 0, 15.99999, 3], "rotation": 90, "texture": "#bread"},
				"south": {"uv": [12.68629, 0, 16, 8], "rotation": 90, "texture": "#bread"},
				"west": {"uv": [12.68629, 0, 15.99999, 3], "rotation": 90, "texture": "#bread"}
			}
		},
		{
			"name": "octagon",
			"from": [7.34315, 5, 10],
			"to": [10.65685, 13, 13],
			"rotation": {"angle": 22.5, "axis": "z", "origin": [9, 9, 11.4925]},
			"faces": {
				"north": {"uv": [12.68629, 0, 16, 8], "texture": "#bread"},
				"south": {"uv": [12.68629, 0, 16, 8], "texture": "#bread"},
				"up": {"uv": [12.68629, 0, 15.99999, 3], "texture": "#bread"},
				"down": {"uv": [12.68629, 0, 15.99999, 3], "texture": "#bread"}
			}
		},
		{
			"name": "octagon",
			"from": [7.34315, 5, 9.99],
			"to": [10.65685, 13, 12.99],
			"rotation": {"angle": -22.5, "axis": "z", "origin": [9, 9, 11.4925]},
			"faces": {
				"north": {"uv": [2.5, 0.75, 5.81371, 8.75], "texture": "#bread"},
				"south": {"uv": [12.68629, 0, 16, 8], "texture": "#bread"},
				"up": {"uv": [12.68629, 0, 15.99999, 3], "texture": "#bread"},
				"down": {"uv": [12.68629, 0, 15.99999, 3], "texture": "#bread"}
			}
		},
		{
			"name": "octagon",
			"from": [5, 7.34315, 10],
			"to": [13, 10.65685, 13],
			"rotation": {"angle": 22.5, "axis": "z", "origin": [9, 9, 11.4925]},
			"faces": {
				"north": {"uv": [12.68629, 0, 16, 8], "rotation": 90, "texture": "#bread"},
				"east": {"uv": [12.68629, 0, 15.99999, 3], "rotation": 90, "texture": "#bread"},
				"south": {"uv": [12.68629, 0, 16, 8], "rotation": 90, "texture": "#bread"},
				"west": {"uv": [12.68629, 0, 15.99999, 3], "rotation": 270, "texture": "#bread"}
			}
		},
		{
			"name": "octagon",
			"from": [5, 7.34315, 9.98],
			"to": [13, 10.65685, 12.98],
			"rotation": {"angle": -22.5, "axis": "z", "origin": [9, 9, 11.4925]},
			"faces": {
				"north": {"uv": [0.25, 3, 8.25, 6.31371], "texture": "#bread"},
				"east": {"uv": [12.68629, 0, 15.99999, 3], "rotation": 90, "texture": "#bread"},
				"south": {"uv": [12.68629, 0, 16, 8], "rotation": 90, "texture": "#bread"},
				"west": {"uv": [12.68629, 0, 15.99999, 3], "rotation": 270, "texture": "#bread"}
			}
		}
	],
	"display": {
		"thirdperson_righthand": {
			"rotation": [66, 0, 0],
			"translation": [-6, 3.5, 5],
			"scale": [0.7, 0.7, 0.7]
		},
		"thirdperson_lefthand": {
			"rotation": [66, 0, 0],
			"translation": [-6, 3.5, 5],
			"scale": [0.7, 0.7, 0.7]
		},
		"firstperson_righthand": {
			"translation": [2.75, 2.25, 0],
			"scale": [0.6, 0.6, 0.6]
		},
		"firstperson_lefthand": {
			"translation": [2.75, 2.25, 0],
			"scale": [0.6, 0.6, 0.6]
		},
		"ground": {
			"translation": [0, 1, 0],
			"scale": [0.6, 0.6, 0.6]
		},
		"gui": {
			"rotation": [30, -135, 0],
			"translation": [0.5, 3, 0],
			"scale": [0.9, 0.9, 0.9]
		},
		"head": {
			"translation": [0, 14.25, 0]
		},
		"fixed": {
			"rotation": [-90, 0, 0],
			"translation": [0, 0, -15],
			"scale": [2, 2, 2]
		}
	}
}