{
	"credit": "Made with Blockbench",
	"textures": {
		"basket": "block/bread_basket",
		"bread": "block/bread2",
		"particle": "block/bread_basket"
	},
	"elements": [
		{
			"from": [2, 0, 3],
			"to": [14, 1, 15],
			"rotation": {"angle": 0, "axis": "x", "origin": [0, 0, 4.5]},
			"faces": {
				"north": {"uv": [2.5, 5.75, 14.5, 6.75], "texture": "#basket"},
				"east": {"uv": [2.5, 5.75, 14.5, 6.75], "texture": "#basket"},
				"south": {"uv": [2.5, 5.75, 14.5, 6.75], "texture": "#basket"},
				"west": {"uv": [2.5, 5.75, 14.5, 6.75], "texture": "#basket"},
				"up": {"uv": [2, 4, 14, 16], "texture": "#basket"},
				"down": {"uv": [2, 4, 14, 16], "texture": "#basket"}
			}
		},
		{
			"from": [1.5, 1, 14.5],
			"to": [14.5, 6, 15.5],
			"rotation": {"angle": 0, "axis": "x", "origin": [0, 0, 4.5]},
			"faces": {
				"north": {"uv": [0, 0, 13, 4.5], "texture": "#basket"},
				"east": {"uv": [0, 0, 1, 5], "texture": "#basket"},
				"south": {"uv": [0, 0, 13, 5], "texture": "#basket"},
				"west": {"uv": [0, 0, 1, 5], "texture": "#basket"},
				"up": {"uv": [0, 0, 13, 1], "rotation": 180, "texture": "#basket"},
				"down": {"uv": [0, 0, 13, 1], "rotation": 180, "texture": "#basket"}
			}
		},
		{
			"from": [1.5, 1, 2.5],
			"to": [14.5, 6, 3.5],
			"rotation": {"angle": 0, "axis": "x", "origin": [0, 0, 4.5]},
			"faces": {
				"north": {"uv": [0, 0, 13, 5], "texture": "#basket"},
				"east": {"uv": [0, 0, 1, 5], "texture": "#basket"},
				"south": {"uv": [0, 0, 13, 6], "texture": "#basket"},
				"west": {"uv": [0, 0, 1, 5], "texture": "#basket"},
				"up": {"uv": [0, 0, 13, 1], "rotation": 180, "texture": "#basket"},
				"down": {"uv": [0, 0, 13, 1], "rotation": 180, "texture": "#basket"}
			}
		},
		{
			"from": [1.5, 1, 3.5],
			"to": [2.5, 6, 14.5],
			"rotation": {"angle": 0, "axis": "x", "origin": [0, 0, 4.5]},
			"faces": {
				"east": {"uv": [1, 0, 12, 6], "texture": "#basket"},
				"west": {"uv": [1, 0, 12, 5], "texture": "#basket"},
				"up": {"uv": [1, 0, 12, 1], "rotation": 90, "texture": "#basket"},
				"down": {"uv": [1, 0, 12, 1], "rotation": 90, "texture": "#basket"}
			}
		},
		{
			"from": [13.5, 1, 3.5],
			"to": [14.5, 6, 14.5],
			"rotation": {"angle": 0, "axis": "x", "origin": [0, 0, 4.5]},
			"faces": {
				"east": {"uv": [1, 0, 12, 5], "texture": "#basket"},
				"west": {"uv": [1, 0, 12, 6], "texture": "#basket"},
				"up": {"uv": [1, 0, 12, 1], "rotation": 90, "texture": "#basket"},
				"down": {"uv": [1, 0, 12, 1], "rotation": 90, "texture": "#basket"}
			}
		},
		{
			"name": "octagon",
			"from": [7.34315, 1, 4.2],
			"to": [10.65685, 9, 7.2],
			"rotation": {"angle": 22.5, "axis": "z", "origin": [9, 5, 5.6925]},
			"faces": {
				"north": {"uv": [12.68629, 0, 16, 8], "texture": "#bread"},
				"south": {"uv": [12.68629, 0, 16, 8], "texture": "#bread"},
				"up": {"uv": [12.68629, 0, 15.99999, 3], "rotation": 180, "texture": "#bread"},
				"down": {"uv": [12.68629, 6.5, 16, 9.5], "rotation": 180, "texture": "#bread"}
			}
		},
		{
			"name": "octagon",
			"from": [7.34315, 1, 4.19],
			"to": [10.65685, 9, 7.19],
			"rotation": {"angle": -22.5, "axis": "z", "origin": [9, 5, 5.6925]},
			"faces": {
				"north": {"uv": [2.5, 0.75, 5.81371, 8.75], "texture": "#bread"},
				"south": {"uv": [12.68629, 0, 16, 8], "texture": "#bread"},
				"up": {"uv": [12.68629, 0, 15.99999, 3], "rotation": 180, "texture": "#bread"},
				"down": {"uv": [2.68629, 6.5, 6, 9.5], "rotation": 180, "texture": "#bread"}
			}
		},
		{
			"name": "octagon",
			"from": [5, 3.34315, 4.2],
			"to": [13, 6.65685, 7.2],
			"rotation": {"angle": 22.5, "axis": "z", "origin": [9, 5, 5.6925]},
			"faces": {
				"north": {"uv": [12.68629, 0, 16, 8], "rotation": 90, "texture": "#bread"},
				"east": {"uv": [12.68629, 0, 15.99999, 3], "rotation": 270, "texture": "#bread"},
				"south": {"uv": [12.68629, 0, 16, 8], "rotation": 90, "texture": "#bread"},
				"west": {"uv": [12.68629, 0, 15.99999, 3], "rotation": 90, "texture": "#bread"}
			}
		},
		{
			"name": "octagon",
			"from": [5, 3.34315, 4.18],
			"to": [13, 6.65685, 7.18],
			"rotation": {"angle": -22.5, "axis": "z", "origin": [9, 5, 5.6925]},
			"faces": {
				"north": {"uv": [0.25, 3, 8.25, 6.3137], "texture": "#bread"},
				"east": {"uv": [12.68629, 0, 15.99999, 3], "rotation": 90, "texture": "#bread"},
				"south": {"uv": [12.68629, 0, 16, 8], "rotation": 90, "texture": "#bread"},
				"west": {"uv": [12.68629, 0, 15.99999, 3], "rotation": 90, "texture": "#bread"}
			}
		},
		{
			"name": "octagon",
			"from": [4.84315, 2, 7.7],
			"to": [8.15685, 10, 10.7],
			"rotation": {"angle": 0, "axis": "z", "origin": [6.5, 6, 9.1925]},
			"faces": {
				"north": {"uv": [12.68629, 0, 16, 8], "texture": "#bread"},
				"south": {"uv": [12.68629, 0, 16, 8], "texture": "#bread"},
				"up": {"uv": [12.68629, 0, 15.99999, 3], "rotation": 180, "texture": "#bread"},
				"down": {"uv": [12.68629, 6.5, 16, 9.5], "rotation": 180, "texture": "#bread"}
			}
		},
		{
			"name": "octagon",
			"from": [4.84315, 2, 7.69],
			"to": [8.15685, 10, 10.69],
			"rotation": {"angle": -45, "axis": "z", "origin": [6.5, 6, 9.1925]},
			"faces": {
				"north": {"uv": [2.5, 0.5, 5.81371, 8.5], "texture": "#bread"},
				"south": {"uv": [12.68629, 0, 16, 8], "texture": "#bread"},
				"up": {"uv": [12.68629, 0, 15.99999, 3], "rotation": 180, "texture": "#bread"},
				"down": {"uv": [12.68629, 0, 15.99999, 3], "texture": "#bread"}
			}
		},
		{
			"name": "octagon",
			"from": [2.5, 4.34315, 7.7],
			"to": [10.5, 7.65685, 10.7],
			"rotation": {"angle": 0, "axis": "z", "origin": [6.5, 6, 9.1925]},
			"faces": {
				"north": {"uv": [12.68629, 0, 16, 8], "rotation": 90, "texture": "#bread"},
				"east": {"uv": [12.68629, 0, 15.99999, 3], "rotation": 270, "texture": "#bread"},
				"south": {"uv": [12.68629, 0, 16, 8], "rotation": 90, "texture": "#bread"},
				"west": {"uv": [12.68629, 0, 15.99999, 3], "rotation": 90, "texture": "#bread"}
			}
		},
		{
			"name": "octagon",
			"from": [2.5, 4.34315, 7.68],
			"to": [10.5, 7.65685, 10.68],
			"rotation": {"angle": -45, "axis": "z", "origin": [6.5, 6, 9.1925]},
			"faces": {
				"north": {"uv": [0.25, 3, 8.25, 6.31371], "texture": "#bread"},
				"east": {"uv": [12.68629, 0, 15.99999, 3], "rotation": 90, "texture": "#bread"},
				"south": {"uv": [12.68629, 0, 16, 8], "rotation": 90, "texture": "#bread"},
				"west": {"uv": [12.68629, 0, 15.99999, 3], "rotation": 90, "texture": "#bread"}
			}
		},
		{
			"name": "octagon",
			"from": [7.34315, 2, 11.2],
			"to": [10.65685, 10, 14.2],
			"rotation": {"angle": 22.5, "axis": "z", "origin": [9, 6, 12.6925]},
			"faces": {
				"north": {"uv": [12.68629, 0, 16, 8], "texture": "#bread"},
				"south": {"uv": [12.68629, 0, 16, 8], "texture": "#bread"},
				"up": {"uv": [12.68629, 0, 15.99999, 3], "rotation": 180, "texture": "#bread"},
				"down": {"uv": [12.68629, 0, 15.99999, 3], "texture": "#bread"}
			}
		},
		{
			"name": "octagon",
			"from": [7.34315, 2, 11.19],
			"to": [10.65685, 10, 14.19],
			"rotation": {"angle": -22.5, "axis": "z", "origin": [9, 6, 12.6925]},
			"faces": {
				"north": {"uv": [2.5, 0.75, 5.81371, 8.75], "texture": "#bread"},
				"south": {"uv": [12.68629, 0, 16, 8], "texture": "#bread"},
				"up": {"uv": [12.68629, 0, 15.99999, 3], "rotation": 180, "texture": "#bread"},
				"down": {"uv": [12.68629, 0, 15.99999, 3], "texture": "#bread"}
			}
		},
		{
			"name": "octagon",
			"from": [5, 4.34315, 11.2],
			"to": [13, 7.65685, 14.2],
			"rotation": {"angle": 22.5, "axis": "z", "origin": [9, 6, 12.6925]},
			"faces": {
				"north": {"uv": [12.68629, 0, 16, 8], "rotation": 90, "texture": "#bread"},
				"east": {"uv": [12.68629, 0, 15.99999, 3], "rotation": 270, "texture": "#bread"},
				"south": {"uv": [12.68629, 0, 16, 8], "rotation": 90, "texture": "#bread"},
				"west": {"uv": [12.68629, 0, 15.99999, 3], "rotation": 90, "texture": "#bread"}
			}
		},
		{
			"name": "octagon",
			"from": [5, 4.34315, 11.18],
			"to": [13, 7.65685, 14.18],
			"rotation": {"angle": -22.5, "axis": "z", "origin": [9, 6, 12.6925]},
			"faces": {
				"north": {"uv": [0.25, 3, 8.25, 6.31371], "texture": "#bread"},
				"east": {"uv": [12.68629, 0, 15.99999, 3], "rotation": 270, "texture": "#bread"},
				"south": {"uv": [12.68629, 0, 16, 8], "rotation": 90, "texture": "#bread"},
				"west": {"uv": [12.68629, 0, 15.99999, 3], "rotation": 90, "texture": "#bread"}
			}
		}
	],
	"display": {
		"thirdperson_righthand": {
			"rotation": [66, 0, 0],
			"translation": [-6, 3.5, 5],
			"scale": [0.7, 0.7, 0.7]
		},
		"thirdperson_lefthand": {
			"rotation": [66, 0, 0],
			"translation": [-6, 3.5, 5],
			"scale": [0.7, 0.7, 0.7]
		},
		"firstperson_righthand": {
			"translation": [2.75, 2.25, 0],
			"scale": [0.6, 0.6, 0.6]
		},
		"firstperson_lefthand": {
			"translation": [2.75, 2.25, 0],
			"scale": [0.6, 0.6, 0.6]
		},
		"ground": {
			"translation": [0, 1, 0],
			"scale": [0.6, 0.6, 0.6]
		},
		"gui": {
			"rotation": [30, -135, 0],
			"translation": [0.5, 3, 0],
			"scale": [0.9, 0.9, 0.9]
		},
		"head": {
			"translation": [0, 14.25, 0]
		},
		"fixed": {
			"rotation": [-90, 0, 0],
			"translation": [0, 0, -15],
			"scale": [2, 2, 2]
		}
	}
}