{
	"credit": "Made with Blockbench",
	"textures": {
		"basket": "block/bread_basket",
		"bread": "block/bread2",
		"2": "block/wood_oak_pole",
		"particle": "block/bread_basket"
	},
	"elements": [
		{
			"from": [2, 0, 4.5],
			"to": [14, 1, 16.5],
			"rotation": {"angle": -22.5, "axis": "x", "origin": [0, 0, 4.5]},
			"faces": {
				"north": {"uv": [2.5, 5.75, 14.5, 6.75], "texture": "#basket"},
				"east": {"uv": [2.5, 5.75, 14.5, 6.75], "texture": "#basket"},
				"south": {"uv": [2.5, 5.75, 14.5, 6.75], "texture": "#basket"},
				"west": {"uv": [2.5, 5.75, 14.5, 6.75], "texture": "#basket"},
				"up": {"uv": [2, 4, 14, 16], "texture": "#basket"},
				"down": {"uv": [2, 4, 14, 16], "texture": "#basket"}
			}
		},
		{
			"from": [1.5, 1, 16],
			"to": [14.5, 6, 17],
			"rotation": {"angle": -22.5, "axis": "x", "origin": [0, 0, 4.5]},
			"faces": {
				"north": {"uv": [0, 0, 13, 4.5], "texture": "#basket"},
				"east": {"uv": [0, 0, 1, 5], "texture": "#basket"},
				"south": {"uv": [0, 0, 13, 5], "texture": "#basket"},
				"west": {"uv": [0, 0, 1, 5], "texture": "#basket"},
				"up": {"uv": [0, 0, 13, 1], "rotation": 180, "texture": "#basket"},
				"down": {"uv": [0, 0, 13, 1], "rotation": 180, "texture": "#basket"}
			}
		},
		{
			"from": [1.5, 1, 4],
			"to": [14.5, 6, 5],
			"rotation": {"angle": -22.5, "axis": "x", "origin": [0, 0, 4.5]},
			"faces": {
				"north": {"uv": [0, 0, 13, 5], "texture": "#basket"},
				"east": {"uv": [0, 0, 1, 5], "texture": "#basket"},
				"south": {"uv": [0, 0, 13, 6], "texture": "#basket"},
				"west": {"uv": [0, 0, 1, 5], "texture": "#basket"},
				"up": {"uv": [0, 0, 13, 1], "rotation": 180, "texture": "#basket"},
				"down": {"uv": [0, 0, 13, 1], "rotation": 180, "texture": "#basket"}
			}
		},
		{
			"from": [1.5, 1, 5],
			"to": [2.5, 6, 16],
			"rotation": {"angle": -22.5, "axis": "x", "origin": [0, 0, 4.5]},
			"faces": {
				"east": {"uv": [1, 0, 12, 6], "texture": "#basket"},
				"west": {"uv": [1, 0, 12, 5], "texture": "#basket"},
				"up": {"uv": [1, 0, 12, 1], "rotation": 90, "texture": "#basket"},
				"down": {"uv": [1, 0, 12, 1], "rotation": 90, "texture": "#basket"}
			}
		},
		{
			"from": [13.5, 1, 5],
			"to": [14.5, 6, 16],
			"rotation": {"angle": -22.5, "axis": "x", "origin": [0, 0, 4.5]},
			"faces": {
				"east": {"uv": [1, 0, 12, 5], "texture": "#basket"},
				"west": {"uv": [1, 0, 12, 6], "texture": "#basket"},
				"up": {"uv": [1, 0, 12, 1], "rotation": 90, "texture": "#basket"},
				"down": {"uv": [1, 0, 12, 1], "rotation": 90, "texture": "#basket"}
			}
		},
		{
			"from": [10.03157, 1, 6.10405],
			"to": [13.53157, 4, 13.10405],
			"rotation": {"angle": -22.5, "axis": "x", "origin": [0, 0, 4.5]},
			"faces": {
				"north": {"uv": [7.5, 13, 11, 16], "texture": "#bread"},
				"east": {"uv": [5.25, 13, 12.25, 16], "texture": "#bread"},
				"south": {"uv": [7.5, 13, 11, 16], "texture": "#bread"},
				"west": {"uv": [5.25, 13, 12.25, 16], "texture": "#bread"},
				"up": {"uv": [12.5, 9, 16, 16], "texture": "#bread"}
			}
		},
		{
			"from": [2.53157, 1, 7.10405],
			"to": [6.03157, 4, 14.10405],
			"rotation": {"angle": -22.5, "axis": "x", "origin": [0, 0, 4.5]},
			"faces": {
				"north": {"uv": [7.5, 13, 11, 16], "texture": "#bread"},
				"east": {"uv": [5.25, 13, 12.25, 16], "texture": "#bread"},
				"south": {"uv": [7.5, 13, 11, 16], "texture": "#bread"},
				"west": {"uv": [5.25, 13, 12.25, 16], "texture": "#bread"},
				"up": {"uv": [12.5, 9, 16, 16], "texture": "#bread"}
			}
		},
		{
			"from": [2.53157, 4, 5.10405],
			"to": [6.03157, 7, 12.10405],
			"rotation": {"angle": -22.5, "axis": "x", "origin": [0, 0, 4.5]},
			"faces": {
				"north": {"uv": [7.5, 13, 11, 16], "texture": "#bread"},
				"east": {"uv": [5.25, 13, 12.25, 16], "texture": "#bread"},
				"south": {"uv": [7.5, 13, 11, 16], "texture": "#bread"},
				"west": {"uv": [5.25, 13, 12.25, 16], "texture": "#bread"},
				"up": {"uv": [12.5, 9, 16, 16], "texture": "#bread"}
			}
		},
		{
			"from": [8.03157, 4, 6.60405],
			"to": [11.53157, 7, 13.60405],
			"rotation": {"angle": -22.5, "axis": "x", "origin": [0, 0, 4.5]},
			"faces": {
				"north": {"uv": [7.5, 13, 11, 16], "texture": "#bread"},
				"east": {"uv": [5.25, 13, 12.25, 16], "texture": "#bread"},
				"south": {"uv": [7.5, 13, 11, 16], "texture": "#bread"},
				"west": {"uv": [5.25, 13, 12.25, 16], "texture": "#bread"},
				"up": {"uv": [12.5, 9, 16, 16], "texture": "#bread"}
			}
		},
		{
			"from": [6.03157, 1.5, 8.60405],
			"to": [9.53157, 4.5, 15.60405],
			"rotation": {"angle": -22.5, "axis": "x", "origin": [0, 0, 4.5]},
			"faces": {
				"north": {"uv": [7.5, 13, 11, 16], "texture": "#bread"},
				"east": {"uv": [5.25, 13, 12.25, 16], "texture": "#bread"},
				"south": {"uv": [7.5, 13, 11, 16], "texture": "#bread"},
				"west": {"uv": [5.25, 13, 12.25, 16], "texture": "#bread"},
				"up": {"uv": [16, 9, 12.5, 16], "texture": "#bread"}
			}
		},
		{
			"from": [2.4375, 0, 11.5],
			"to": [13.4375, 3.5, 15.5],
			"rotation": {"angle": 0, "axis": "y", "origin": [-0.0625, 0, 1.5]},
			"faces": {
				"north": {"uv": [5.75, 0, 9.25, 11], "rotation": 90, "texture": "#2"},
				"east": {"uv": [5.75, 0, 9.25, 4], "rotation": 90, "texture": "#2"},
				"south": {"uv": [5.75, 0, 9.25, 11], "rotation": 90, "texture": "#2"},
				"west": {"uv": [5.75, 0, 9.25, 4], "rotation": 90, "texture": "#2"},
				"up": {"uv": [5.75, 0, 9.75, 11], "rotation": 90, "texture": "#2"},
				"down": {"uv": [5.75, 0, 9.75, 11], "rotation": 90, "texture": "#2"}
			}
		}
	],
	"display": {
		"thirdperson_righthand": {
			"rotation": [66, 0, 0],
			"translation": [-6, 3.5, 5],
			"scale": [0.7, 0.7, 0.7]
		},
		"thirdperson_lefthand": {
			"rotation": [66, 0, 0],
			"translation": [-6, 3.5, 5],
			"scale": [0.7, 0.7, 0.7]
		},
		"firstperson_righthand": {
			"translation": [2.75, 2.25, 0],
			"scale": [0.6, 0.6, 0.6]
		},
		"firstperson_lefthand": {
			"translation": [2.75, 2.25, 0],
			"scale": [0.6, 0.6, 0.6]
		},
		"ground": {
			"translation": [0, 1, 0],
			"scale": [0.6, 0.6, 0.6]
		},
		"gui": {
			"rotation": [30, -135, 0],
			"translation": [0.5, 3, 0],
			"scale": [0.9, 0.9, 0.9]
		},
		"head": {
			"translation": [0, 14.25, 0]
		},
		"fixed": {
			"rotation": [-90, 0, 0],
			"translation": [0, 0, -15],
			"scale": [2, 2, 2]
		}
	}
}