{
	"credit": "Made with Blockbench",
	"textures": {
		"particle": "block/bottle_a",
		"0": "block/bottle_a"
	},
	"elements": [
		{
			"from": [10, 0, 9],
			"to": [13, 5, 12],
			"rotation": {"angle": 45, "axis": "y", "origin": [11.5, 8.25, 10.5]},
			"faces": {
				"north": {"uv": [0, 11, 3, 16], "texture": "#0"},
				"east": {"uv": [0, 11, 3, 16], "texture": "#0"},
				"south": {"uv": [0, 11, 3, 16], "texture": "#0"},
				"west": {"uv": [0, 11, 3, 16], "texture": "#0"},
				"up": {"uv": [0.5, 9.5, 2.5, 11.5], "rotation": 180, "texture": "#0"},
				"down": {"uv": [0.5, 9.5, 2.5, 11.5], "rotation": 180, "texture": "#0"}
			}
		},
		{
			"from": [11, 6.5, 10],
			"to": [12, 10, 11],
			"rotation": {"angle": 45, "axis": "y", "origin": [11.5, 4.75, 10.5]},
			"faces": {
				"north": {"uv": [1, 6.5, 2, 10], "texture": "#0"},
				"east": {"uv": [1, 6.5, 2, 10], "texture": "#0"},
				"south": {"uv": [1, 6.5, 2, 10], "texture": "#0"},
				"west": {"uv": [1, 6.5, 2, 10], "texture": "#0"},
				"up": {"uv": [1, 6.5, 2, 7.5], "texture": "#0"}
			}
		},
		{
			"from": [10.5, 4.5, 9.5],
			"to": [12.5, 7, 11.5],
			"rotation": {"angle": 45, "axis": "y", "origin": [11.5, 5.25, 10.5]},
			"faces": {
				"north": {"uv": [0.5, 9.5, 2.5, 12], "texture": "#0"},
				"east": {"uv": [0.5, 9.5, 2.5, 12], "texture": "#0"},
				"south": {"uv": [0.5, 9.5, 2.5, 12], "texture": "#0"},
				"west": {"uv": [0.5, 9.5, 2.5, 12], "texture": "#0"},
				"up": {"uv": [0.5, 9.5, 2.5, 11.5], "rotation": 180, "texture": "#0"}
			}
		},
		{
			"from": [3, 0, 8.5],
			"to": [7, 6, 12.5],
			"rotation": {"angle": 0, "axis": "y", "origin": [5, 7.66667, 10.5]},
			"faces": {
				"north": {"uv": [11.5, 10, 15.5, 16], "texture": "#0"},
				"east": {"uv": [11.5, 10, 15.5, 16], "texture": "#0"},
				"south": {"uv": [11.5, 10, 15.5, 16], "texture": "#0"},
				"west": {"uv": [11.5, 10, 15.5, 16], "texture": "#0"},
				"up": {"uv": [11.5, 11, 15.5, 15], "rotation": 180, "texture": "#0"},
				"down": {"uv": [11.5, 11, 15.5, 15], "rotation": 180, "texture": "#0"}
			}
		},
		{
			"from": [4.5, 9, 10],
			"to": [5.5, 11.5, 11],
			"rotation": {"angle": 0, "axis": "y", "origin": [5, 6.16667, 10.5]},
			"faces": {
				"north": {"uv": [13, 4.5, 14, 7], "texture": "#0"},
				"east": {"uv": [13, 4.5, 14, 7], "texture": "#0"},
				"south": {"uv": [13, 4.5, 14, 7], "texture": "#0"},
				"west": {"uv": [13, 4.5, 14, 7], "texture": "#0"},
				"up": {"uv": [13, 4.5, 14, 5.5], "texture": "#0"}
			}
		},
		{
			"from": [4, 8, 9.5],
			"to": [6, 9, 11.5],
			"rotation": {"angle": 0, "axis": "y", "origin": [5, 6.66667, 10.5]},
			"faces": {
				"north": {"uv": [12.5, 7, 14.5, 8], "texture": "#0"},
				"east": {"uv": [12.5, 7, 14.5, 8], "texture": "#0"},
				"south": {"uv": [12.5, 7, 14.5, 8], "texture": "#0"},
				"west": {"uv": [12.5, 7, 14.5, 8], "texture": "#0"},
				"up": {"uv": [12.5, 7, 14.5, 9], "rotation": 180, "texture": "#0"}
			}
		},
		{
			"from": [3.5, 5.5, 9],
			"to": [6.5, 8, 12],
			"rotation": {"angle": 0, "axis": "y", "origin": [5, 5.66667, 10.5]},
			"faces": {
				"north": {"uv": [12, 8, 15, 10.5], "texture": "#0"},
				"east": {"uv": [12, 8, 15, 10.5], "texture": "#0"},
				"south": {"uv": [12, 8, 15, 10.5], "texture": "#0"},
				"west": {"uv": [12, 8, 15, 10.5], "texture": "#0"},
				"up": {"uv": [12, 8, 15, 11], "rotation": 180, "texture": "#0"}
			}
		}
	],
	"display": {
		"thirdperson_righthand": {
			"rotation": [30, 0, 0],
			"translation": [-1.75, 4, 0.5],
			"scale": [0.7, 0.7, 0.7]
		},
		"thirdperson_lefthand": {
			"rotation": [30, 0, 0],
			"translation": [1.5, 4, 0.5],
			"scale": [0.7, 0.7, 0.7]
		},
		"firstperson_righthand": {
			"translation": [1.5, 0, 0],
			"scale": [0.5, 0.5, 0.5]
		},
		"firstperson_lefthand": {
			"translation": [4.5, 1.25, 0],
			"scale": [0.5, 0.5, 0.5]
		},
		"ground": {
			"scale": [0.6, 0.6, 0.6]
		},
		"gui": {
			"rotation": [0, 45, 0],
			"translation": [-3.5, 0, 0]
		},
		"head": {
			"translation": [-2.75, 14.25, -2.75]
		},
		"fixed": {
			"rotation": [-90, 0, 0],
			"translation": [0, 0, -15],
			"scale": [2, 2, 2]
		}
	}
}