{
	"credit": "Made with Blockbench",
	"textures": {
		"yunomi1": "block/ocha_b",
		"cha1": "block/dango",
		"hot1": "block/hot",
		"yunomi2": "block/c",
		"cha2": "block/c",
		"hot2": "block/c",
		"particle": "block/ocha_b"
	},
	"elements": [
		{
			"name": "cube2",
			"from": [9.6194, 0, 10.14289],
			"to": [11.6194, 3, 12.14289],
			"rotation": {"angle": 45, "axis": "y", "origin": [10.4276, 2.83333, 10.9292]},
			"faces": {
				"north": {"uv": [2, 6, 10, 16], "texture": "#yunomi2"},
				"east": {"uv": [2, 6, 10, 16], "texture": "#yunomi2"},
				"south": {"uv": [2, 6, 10, 16], "texture": "#yunomi2"},
				"west": {"uv": [2, 6, 10, 16], "texture": "#yunomi2"},
				"up": {"uv": [0, 0, 2, 2], "texture": "#cha2"},
				"down": {"uv": [4, 8, 12, 16], "texture": "#yunomi2"}
			}
		},
		{
			"name": "cube2",
			"from": [9.1194, 0.5, 10.14289],
			"to": [9.6194, 4, 12.14289],
			"rotation": {"angle": 45, "axis": "y", "origin": [10.4276, 2.83333, 10.9292]},
			"faces": {
				"east": {"uv": [1, 0, 7, 10], "texture": "#yunomi2"},
				"west": {"uv": [1, 0, 7, 10], "texture": "#yunomi2"},
				"up": {"uv": [1, 0, 7, 1], "rotation": 90, "texture": "#yunomi2"},
				"down": {"uv": [1, 12, 7, 13], "rotation": 270, "texture": "#yunomi2"}
			}
		},
		{
			"name": "cube2",
			"from": [9.1194, 0.5, 12.14289],
			"to": [12.1194, 4, 12.64289],
			"rotation": {"angle": 45, "axis": "y", "origin": [10.4276, 2.83333, 10.9292]},
			"faces": {
				"north": {"uv": [0, 0, 8, 10], "texture": "#yunomi2"},
				"east": {"uv": [0, 0, 1, 10], "texture": "#yunomi2"},
				"south": {"uv": [0, 0, 8, 10], "texture": "#yunomi2"},
				"west": {"uv": [7, 0, 8, 10], "texture": "#yunomi2"},
				"up": {"uv": [0, 0, 8, 1], "texture": "#yunomi2"},
				"down": {"uv": [0, 12, 8, 13], "texture": "#yunomi2"}
			}
		},
		{
			"name": "cube2",
			"from": [8.99466, 3.5, 10.7679],
			"to": [12.99466, 9.5, 10.7679],
			"rotation": {"angle": -22.5, "axis": "y", "origin": [10.99466, 6.5, 10.7679]},
			"faces": {
				"north": {"uv": [5.5, 6, 9.5, 12], "texture": "#hot2"},
				"south": {"uv": [5.5, 6, 9.5, 12], "texture": "#hot2"}
			}
		},
		{
			"name": "cube2",
			"from": [11.6194, 0.5, 10.14289],
			"to": [12.1194, 4, 12.14289],
			"rotation": {"angle": 45, "axis": "y", "origin": [10.4276, 2.83333, 10.9292]},
			"faces": {
				"east": {"uv": [1, 0, 7, 10], "texture": "#yunomi2"},
				"west": {"uv": [1, 0, 7, 10], "texture": "#yunomi2"},
				"up": {"uv": [1, 0, 7, 1], "rotation": 270, "texture": "#yunomi2"},
				"down": {"uv": [1, 12, 7, 13], "rotation": 270, "texture": "#yunomi2"}
			}
		},
		{
			"name": "cube2",
			"from": [9.1194, 0.5, 9.64289],
			"to": [12.1194, 4, 10.14289],
			"rotation": {"angle": 45, "axis": "y", "origin": [10.4276, 2.83333, 10.9292]},
			"faces": {
				"north": {"uv": [0, 0, 8, 10], "texture": "#yunomi2"},
				"east": {"uv": [6, 0, 7, 10], "texture": "#yunomi2"},
				"south": {"uv": [0, 0, 8, 10], "texture": "#yunomi2"},
				"west": {"uv": [0, 0, 1, 10], "texture": "#yunomi2"},
				"up": {"uv": [0, 0, 8, 1], "texture": "#yunomi2"},
				"down": {"uv": [0, 12, 8, 13], "texture": "#yunomi2"}
			}
		},
		{
			"name": "cube1",
			"from": [4.1194, 0, 4.14289],
			"to": [6.1194, 3, 6.14289],
			"rotation": {"angle": 45, "axis": "y", "origin": [4.9276, 2.83333, 4.9292]},
			"faces": {
				"north": {"uv": [2, 6, 10, 16], "texture": "#yunomi1"},
				"east": {"uv": [2, 6, 10, 16], "texture": "#yunomi1"},
				"south": {"uv": [2, 6, 10, 16], "texture": "#yunomi1"},
				"west": {"uv": [2, 6, 10, 16], "texture": "#yunomi1"},
				"up": {"uv": [0, 0, 2, 2], "texture": "#cha1"},
				"down": {"uv": [4, 8, 12, 16], "texture": "#yunomi1"}
			}
		},
		{
			"name": "cube1",
			"from": [3.6194, 0.5, 4.14289],
			"to": [4.1194, 4, 6.14289],
			"rotation": {"angle": 45, "axis": "y", "origin": [4.9276, 2.83333, 4.9292]},
			"faces": {
				"east": {"uv": [1, 0, 7, 10], "texture": "#yunomi1"},
				"west": {"uv": [1, 0, 7, 10], "texture": "#yunomi1"},
				"up": {"uv": [1, 0, 7, 1], "rotation": 90, "texture": "#yunomi1"},
				"down": {"uv": [1, 12, 7, 13], "rotation": 270, "texture": "#yunomi1"}
			}
		},
		{
			"name": "cube1",
			"from": [3.6194, 0.5, 6.14289],
			"to": [6.6194, 4, 6.64289],
			"rotation": {"angle": 45, "axis": "y", "origin": [4.9276, 2.83333, 4.9292]},
			"faces": {
				"north": {"uv": [0, 0, 8, 10], "texture": "#yunomi1"},
				"east": {"uv": [0, 0, 1, 10], "texture": "#yunomi1"},
				"south": {"uv": [0, 0, 8, 10], "texture": "#yunomi1"},
				"west": {"uv": [7, 0, 8, 10], "texture": "#yunomi1"},
				"up": {"uv": [0, 0, 8, 1], "texture": "#yunomi1"},
				"down": {"uv": [0, 12, 8, 13], "texture": "#yunomi1"}
			}
		},
		{
			"name": "cube1",
			"from": [3.49466, 3.5, 4.7679],
			"to": [7.49466, 9.5, 4.7679],
			"rotation": {"angle": -22.5, "axis": "y", "origin": [5.49466, 6.5, 4.7679]},
			"faces": {
				"north": {"uv": [5.5, 6, 9.5, 12], "texture": "#hot1"},
				"south": {"uv": [5.5, 6, 9.5, 12], "texture": "#hot1"}
			}
		},
		{
			"name": "cube1",
			"from": [6.1194, 0.5, 4.14289],
			"to": [6.6194, 4, 6.14289],
			"rotation": {"angle": 45, "axis": "y", "origin": [4.9276, 2.83333, 4.9292]},
			"faces": {
				"east": {"uv": [1, 0, 7, 10], "texture": "#yunomi1"},
				"west": {"uv": [1, 0, 7, 10], "texture": "#yunomi1"},
				"up": {"uv": [1, 0, 7, 1], "rotation": 270, "texture": "#yunomi1"},
				"down": {"uv": [1, 12, 7, 13], "rotation": 270, "texture": "#yunomi1"}
			}
		},
		{
			"name": "cube1",
			"from": [3.6194, 0.5, 3.64289],
			"to": [6.6194, 4, 4.14289],
			"rotation": {"angle": 45, "axis": "y", "origin": [4.9276, 2.83333, 4.9292]},
			"faces": {
				"north": {"uv": [0, 0, 8, 10], "texture": "#yunomi1"},
				"east": {"uv": [6, 0, 7, 10], "texture": "#yunomi1"},
				"south": {"uv": [0, 0, 8, 10], "texture": "#yunomi1"},
				"west": {"uv": [0, 0, 1, 10], "texture": "#yunomi1"},
				"up": {"uv": [0, 0, 8, 1], "texture": "#yunomi1"},
				"down": {"uv": [0, 12, 8, 13], "texture": "#yunomi1"}
			}
		}
	],
	"display": {
		"thirdperson_righthand": {
			"rotation": [55, 0, 0],
			"translation": [1.25, 2.75, 7]
		},
		"thirdperson_lefthand": {
			"rotation": [55, 0, 0],
			"translation": [-4, 2.75, 7]
		},
		"firstperson_righthand": {
			"translation": [9, 4, 0]
		},
		"firstperson_lefthand": {
			"translation": [3.75, 4.75, 0]
		},
		"ground": {
			"translation": [0, 3.75, 0]
		},
		"gui": {
			"rotation": [30, 0, 0],
			"translation": [3.75, 3.25, 0],
			"scale": [1.5, 1.5, 1.5]
		},
		"head": {
			"translation": [2.75, 14.5, 0]
		},
		"fixed": {
			"rotation": [-90, 0, 0],
			"translation": [0, 0, -15],
			"scale": [2, 2, 2]
		}
	}
}