{
	"credit": "Made with Blockbench",
	"textures": {
			"0": "block/plaster_white_arch_top",
			"1": "block/bottle_b",
			"2": "block/c",
			"3": "block/c",
			"4": "block/c",
			"0b": "block/plaster_white_arch_top",
			"1b": "block/bottle_b",
			"2b": "block/c",
			"3b": "block/c",
			"4b": "block/c",
			"particle": "block/plaster_white_arch_top"
		},
	"elements": [
		{
			"from": [5.5, 0.5, 3],
			"to": [8, 5.5, 5.5],
			"rotation": {"angle": 45, "axis": "y", "origin": [6.75, 5.6, 4.25]},
			"faces": {
				"north": {"uv": [13.5, 9, 16, 14], "rotation": 180, "texture": "#0"},
				"east": {"uv": [13.5, 9, 16, 14], "texture": "#0"},
				"south": {"uv": [13.5, 9, 16, 14], "rotation": 180, "texture": "#0"},
				"west": {"uv": [13.5, 9, 16, 14], "texture": "#0"},
				"up": {"uv": [4, 0, 6.5, 2.5], "texture": "#0"},
				"down": {"uv": [4, 0, 6.5, 2.5], "texture": "#0"}
			}
		},
		{
			"from": [8, 5.5, 3],
			"to": [8, 7, 5.5],
			"rotation": {"angle": 45, "axis": "y", "origin": [6.75, 5.6, 4.25]},
			"faces": {
				"east": {"uv": [0, 9.5, 4, 12], "texture": "#1"},
				"west": {"uv": [0.5, 9.5, 4.5, 12], "texture": "#1"}
			}
		},
		{
			"from": [5.5, 5.5, 3],
			"to": [5.5, 7, 5.5],
			"rotation": {"angle": 45, "axis": "y", "origin": [6.75, 5.6, 4.25]},
			"faces": {
				"east": {"uv": [0.5, 9.5, 4.5, 12], "texture": "#1"},
				"west": {"uv": [0, 9.5, 4, 12], "texture": "#1"}
			}
		},
		{
			"from": [5.5, 5.5, 5.5],
			"to": [8, 7, 5.5],
			"rotation": {"angle": 45, "axis": "y", "origin": [6.75, 5.6, 4.25]},
			"faces": {
				"north": {"uv": [0.5, 9.5, 4.5, 12], "texture": "#1"},
				"south": {"uv": [0, 9.5, 4, 12], "texture": "#1"}
			}
		},
		{
			"from": [5.5, 5.5, 3],
			"to": [8, 7, 3],
			"rotation": {"angle": 45, "axis": "y", "origin": [6.75, 5.6, 4.25]},
			"faces": {
				"north": {"uv": [0, 9.5, 4, 12], "texture": "#1"},
				"south": {"uv": [0.5, 9.5, 4.5, 12], "texture": "#1"}
			}
		},
		{
			"from": [6.5, 5, 3.5],
			"to": [6.5, 10, 4],
			"rotation": {"angle": -22.5, "axis": "x", "origin": [6, 5.5, 3.5]},
			"faces": {
				"east": {"uv": [15.5, 4.5, 16, 9.5], "texture": "#2"},
				"west": {"uv": [15.5, 4.5, 16, 9.5], "texture": "#2"}
			}
		},
		{
			"from": [5.5, 0, 3],
			"to": [8, 0.5, 5.5],
			"rotation": {"angle": 45, "axis": "y", "origin": [6.75, 5.1, 4.25]},
			"faces": {
				"north": {"uv": [11, 7, 15, 8], "texture": "#1"},
				"east": {"uv": [11, 7, 15, 8], "texture": "#1"},
				"south": {"uv": [11, 7, 15, 8], "texture": "#1"},
				"west": {"uv": [11, 7, 15, 8], "texture": "#1"},
				"down": {"uv": [5, 6.5, 7.5, 9], "texture": "#1"}
			}
		},
		{
			"from": [4.5, 5.5, 4.5],
			"to": [6, 8, 4.5],
			"rotation": {"angle": -22.5, "axis": "z", "origin": [5.5, 7, 4]},
			"faces": {
				"north": {"uv": [12, 6, 10.5, 8.5], "texture": "#3"},
				"south": {"uv": [10.5, 6, 12, 8.5], "texture": "#3"}
			}
		},
		{
			"from": [5.5, 6.5, 4.5],
			"to": [6.5, 7.5, 5.5],
			"rotation": {"angle": 22.5, "axis": "y", "origin": [6, 7, 4.5]},
			"faces": {
				"north": {"uv": [8.5, 8, 9.5, 9], "texture": "#4"},
				"east": {"uv": [8.5, 8, 9.5, 9], "texture": "#4"},
				"south": {"uv": [8.5, 8, 9.5, 9], "texture": "#4"},
				"west": {"uv": [8.5, 8, 9.5, 9], "texture": "#4"},
				"up": {"uv": [8.5, 7.5, 9.5, 8.5], "texture": "#4"},
				"down": {"uv": [8.5, 7.5, 9.5, 8.5], "texture": "#4"}
			}
		},
		{
			"from": [6, 5, 5],
			"to": [7, 6, 5],
			"rotation": {"angle": 45, "axis": "z", "origin": [6.75, 5.6, 4.25]},
			"faces": {
				"north": {"uv": [1, 12, 2, 13], "texture": "#1"},
				"south": {"uv": [1, 12, 2, 13], "texture": "#1"}
			}
		},
		{
			"from": [7.5, 4.6, 4],
			"to": [7.5, 5.6, 5],
			"rotation": {"angle": 45, "axis": "x", "origin": [7.25, 5.7, 4.75]},
			"faces": {
				"east": {"uv": [1, 12, 2, 13], "rotation": 180, "texture": "#1"},
				"west": {"uv": [1, 12, 2, 13], "texture": "#1"}
			}
		},
		{
			"from": [7.5, 0.5, 11],
			"to": [10, 5.5, 13.5],
			"rotation": {"angle": 45, "axis": "y", "origin": [8.75, 5.6, 12.25]},
			"faces": {
				"north": {"uv": [13.5, 9, 16, 14], "rotation": 180, "texture": "#0b"},
				"east": {"uv": [13.5, 9, 16, 14], "texture": "#0b"},
				"south": {"uv": [13.5, 9, 16, 14], "rotation": 180, "texture": "#0b"},
				"west": {"uv": [13.5, 9, 16, 14], "texture": "#0b"},
				"up": {"uv": [4, 0, 6.5, 2.5], "rotation": 180, "texture": "#0b"},
				"down": {"uv": [4, 0, 6.5, 2.5], "rotation": 180, "texture": "#0b"}
			}
		},
		{
			"from": [7.5, 5.5, 11],
			"to": [7.5, 7, 13.5],
			"rotation": {"angle": 45, "axis": "y", "origin": [8.75, 5.6, 12.25]},
			"faces": {
				"east": {"uv": [0.5, 9.5, 4.5, 12], "texture": "#1b"},
				"west": {"uv": [0, 9.5, 4, 12], "texture": "#1b"}
			}
		},
		{
			"from": [10, 5.5, 11],
			"to": [10, 7, 13.5],
			"rotation": {"angle": 45, "axis": "y", "origin": [8.75, 5.6, 12.25]},
			"faces": {
				"east": {"uv": [0, 9.5, 4, 12], "texture": "#1b"},
				"west": {"uv": [0.5, 9.5, 4.5, 12], "texture": "#1b"}
			}
		},
		{
			"from": [7.5, 5.5, 11],
			"to": [10, 7, 11],
			"rotation": {"angle": 45, "axis": "y", "origin": [8.75, 5.6, 12.25]},
			"faces": {
				"north": {"uv": [0, 9.5, 4, 12], "texture": "#1b"},
				"south": {"uv": [0.5, 9.5, 4.5, 12], "texture": "#1b"}
			}
		},
		{
			"from": [7.5, 5.5, 13.5],
			"to": [10, 7, 13.5],
			"rotation": {"angle": 45, "axis": "y", "origin": [8.75, 5.6, 12.25]},
			"faces": {
				"north": {"uv": [0.5, 9.5, 4.5, 12], "texture": "#1b"},
				"south": {"uv": [0, 9.5, 4, 12], "texture": "#1b"}
			}
		},
		{
			"from": [9, 5, 12.5],
			"to": [9, 10, 13],
			"rotation": {"angle": 22.5, "axis": "x", "origin": [9.5, 5.5, 13]},
			"faces": {
				"east": {"uv": [15.5, 4.5, 16, 9.5], "texture": "#2b"},
				"west": {"uv": [15.5, 4.5, 16, 9.5], "texture": "#2b"}
			}
		},
		{
			"from": [7.5, 0, 11],
			"to": [10, 0.5, 13.5],
			"rotation": {"angle": 45, "axis": "y", "origin": [8.75, 5.1, 12.25]},
			"faces": {
				"north": {"uv": [11, 7, 15, 8], "texture": "#1b"},
				"east": {"uv": [11, 7, 15, 8], "texture": "#1b"},
				"south": {"uv": [11, 7, 15, 8], "texture": "#1b"},
				"west": {"uv": [11, 7, 15, 8], "texture": "#1b"},
				"down": {"uv": [5, 6.5, 7.5, 9], "rotation": 180, "texture": "#1b"}
			}
		},
		{
			"from": [9.5, 5.5, 12],
			"to": [11, 8, 12],
			"rotation": {"angle": 22.5, "axis": "z", "origin": [10, 7, 12.5]},
			"faces": {
				"north": {"uv": [10.5, 6, 12, 8.5], "texture": "#3b"},
				"south": {"uv": [12, 6, 10.5, 8.5], "texture": "#3b"}
			}
		},
		{
			"from": [9, 6.5, 11],
			"to": [10, 7.5, 12],
			"rotation": {"angle": 22.5, "axis": "y", "origin": [9.5, 7, 12]},
			"faces": {
				"north": {"uv": [8.5, 8, 9.5, 9], "texture": "#4b"},
				"east": {"uv": [8.5, 8, 9.5, 9], "texture": "#4b"},
				"south": {"uv": [8.5, 8, 9.5, 9], "texture": "#4b"},
				"west": {"uv": [8.5, 8, 9.5, 9], "texture": "#4b"},
				"up": {"uv": [8.5, 7.5, 9.5, 8.5], "rotation": 180, "texture": "#4b"},
				"down": {"uv": [8.5, 7.5, 9.5, 8.5], "rotation": 180, "texture": "#4b"}
			}
		},
		{
			"from": [8.5, 5, 11.5],
			"to": [9.5, 6, 11.5],
			"rotation": {"angle": -45, "axis": "z", "origin": [8.75, 5.6, 12.25]},
			"faces": {
				"north": {"uv": [1, 12, 2, 13], "texture": "#1b"},
				"south": {"uv": [1, 12, 2, 13], "texture": "#1b"}
			}
		},
		{
			"from": [8, 4.6, 11.5],
			"to": [8, 5.6, 12.5],
			"rotation": {"angle": -45, "axis": "x", "origin": [8.25, 5.7, 11.75]},
			"faces": {
				"east": {"uv": [1, 12, 2, 13], "texture": "#1b"},
				"west": {"uv": [1, 12, 2, 13], "rotation": 180, "texture": "#1b"}
			}
		}
	],
	"display": {
		"thirdperson_righthand": {
			"rotation": [54, 90, 0],
			"translation": [3.75, 4.25, 5.25]
		},
		"thirdperson_lefthand": {
			"rotation": [54, 90, 0],
			"translation": [3.75, 3, 6.25]
		},
		"ground": {
			"translation": [0, 4.5, 0]
		},
		"gui": {
			"rotation": [30, 30, 0],
			"translation": [0, 4.75, 0],
			"scale": [1.5, 1.5, 1.5]
		},
		"head": {
			"rotation": [0, 154, -11],
			"translation": [4, -7.25, -15],
			"scale": [1.5, 1.5, 1.5]
		},
		"fixed": {
			"rotation": [-90, 0, 0],
			"translation": [0, 0, -15],
			"scale": [2, 2, 2]
		}
	}
}