{
	"credit": "Made with Blockbench",
	"textures": {
			"0": "block/bottle_b",
			"1": "block/leaves_rose_red_flowers",
			"2": "block/c",
			"6": "block/bottle_b",
			"7": "block/bottle_b",
			"8": "block/c",
			"12": "block/c",
			"0b": "block/c",
			"1b": "block/c",
			"2b": "block/c",
			"6b": "block/c",
			"7b": "block/c",
			"8b": "block/c",
			"12b": "block/c",
			"particle": "block/leaves_rose_red_flowers"
		},
	"elements": [
		{
			"from": [7.2, 4, 4],
			"to": [7.2, 8, 4.5],
			"rotation": {"angle": -22.5, "axis": "x", "origin": [7.2, 4.5, 4.25]},
			"faces": {
				"east": {"uv": [15.5, 5, 16, 9], "texture": "#2"},
				"west": {"uv": [15.5, 5, 16, 9], "texture": "#2"}
			}
		},
		{
			"from": [7.2, 7.62, 0.7],
			"to": [7.2, 8.12, 3.2],
			"rotation": {"angle": -22.5, "axis": "x", "origin": [7.2, 7.58134, 2.64524]},
			"faces": {
				"east": {"uv": [15.5, 5, 16, 7.5], "rotation": 90, "texture": "#2"},
				"west": {"uv": [15.5, 5, 16, 7.5], "rotation": 270, "texture": "#2"}
			}
		},
		{
			"from": [6.2375, 0, 3.2625],
			"to": [8.2375, 0.5, 5.2625],
			"rotation": {"angle": 45, "axis": "y", "origin": [7.24375, 3.29167, 4.25625]},
			"faces": {
				"north": {"uv": [0, 0, 2, 0.5], "texture": "#0"},
				"east": {"uv": [0, 0, 2, 0.5], "rotation": 180, "texture": "#0"},
				"south": {"uv": [0, 0, 2, 0.5], "texture": "#0"},
				"west": {"uv": [0, 0, 2, 0.5], "rotation": 180, "texture": "#0"},
				"up": {"uv": [13, 0, 16, 3], "texture": "#0"},
				"down": {"uv": [5, 6.5, 7.5, 9], "texture": "#0"}
			}
		},
		{
			"from": [7, 0.5, 4],
			"to": [7.5, 2.5, 4.5],
			"rotation": {"angle": 45, "axis": "y", "origin": [7.24375, 3.29167, 4.25625]},
			"faces": {
				"north": {"uv": [1.5, 4.5, 2, 6.5], "texture": "#0"},
				"east": {"uv": [1.5, 4.5, 2, 6.5], "texture": "#0"},
				"south": {"uv": [1.5, 4.5, 2, 6.5], "texture": "#0"},
				"west": {"uv": [1.5, 4.5, 2, 6.5], "texture": "#0"}
			}
		},
		{
			"from": [6, 4.5, 3],
			"to": [8.5, 5.5, 5.5],
			"rotation": {"angle": 45, "axis": "y", "origin": [7.24375, 3.29167, 4.25625]},
			"faces": {
				"north": {"uv": [5, 1, 10, 3], "texture": "#6"},
				"east": {"uv": [5, 1, 10, 3], "texture": "#6"},
				"south": {"uv": [5, 1, 10, 3], "texture": "#6"},
				"west": {"uv": [5, 1, 10, 3], "texture": "#6"},
				"up": {"uv": [0, 0, 14, 14], "texture": "#8"},
				"down": {"uv": [5, 6.5, 7.5, 9], "texture": "#7"}
			}
		},
		{
			"from": [6.5, 2.5, 3.5],
			"to": [8, 3.5, 5],
			"rotation": {"angle": 45, "axis": "y", "origin": [7.24375, 3.29167, 4.25625]},
			"faces": {
				"north": {"uv": [11.5, 8.5, 13, 9.5], "texture": "#1"},
				"east": {"uv": [11.5, 8.5, 13, 9.5], "texture": "#1"},
				"south": {"uv": [11.5, 8.5, 13, 9.5], "texture": "#1"},
				"west": {"uv": [11.5, 8.5, 13, 9.5], "texture": "#1"},
				"down": {"uv": [5, 6.5, 7.5, 9], "texture": "#0"}
			}
		},
		{
			"from": [6.2375, 3.5, 3.2625],
			"to": [8.2375, 4.5, 5.2625],
			"rotation": {"angle": 45, "axis": "y", "origin": [7.24375, 3.29167, 4.25625]},
			"faces": {
				"north": {"uv": [11.5, 7.5, 13.5, 8.5], "texture": "#1"},
				"east": {"uv": [11.5, 7.5, 13.5, 8.5], "texture": "#1"},
				"south": {"uv": [11.5, 7.5, 13.5, 8.5], "texture": "#1"},
				"west": {"uv": [11.5, 7.5, 13.5, 8.5], "texture": "#1"},
				"up": {"uv": [12, 8.5, 14, 10.5], "texture": "#1"},
				"down": {"uv": [11.5, 7.5, 13.5, 9.5], "texture": "#1"}
			}
		},
		{
			"from": [6.2375, 5.5, 3.2625],
			"to": [8.2375, 6.5, 5.2625],
			"rotation": {"angle": 45, "axis": "y", "origin": [7.24375, 3.29167, 4.25625]},
			"faces": {
				"north": {"uv": [1.5, 9.5, 5, 11.5], "texture": "#0"},
				"east": {"uv": [1.5, 9.5, 5, 11.5], "texture": "#0"},
				"south": {"uv": [1.5, 9.5, 5, 11.5], "texture": "#0"},
				"west": {"uv": [1.5, 9.5, 5, 11.5], "texture": "#0"},
				"up": {"uv": [5, 6.5, 7.5, 9], "texture": "#0"}
			}
		},
		{
			"from": [5.81697, 5.5, 5.50963],
			"to": [8.81697, 8.5, 5.50963],
			"rotation": {"angle": -22.5, "axis": "x", "origin": [7.06697, 7, 6.20963]},
			"faces": {
				"north": {"uv": [0.5, 0, 6.5, 6], "texture": "#12"},
				"south": {"uv": [0.5, 0, 6.5, 6], "texture": "#12"}
			}
		},
		{
			"from": [5.81697, 5.23212, 6.06292],
			"to": [8.81697, 8.23212, 6.06292],
			"rotation": {"angle": -45, "axis": "y", "origin": [7.31697, 6.73212, 5.56292]},
			"faces": {
				"north": {"uv": [0.5, 0, 6.5, 6], "texture": "#12"},
				"south": {"uv": [0.5, 0, 6.5, 6], "texture": "#12"}
			}
		},
		{
			"from": [9.2, 4, 11.5],
			"to": [9.2, 8, 12],
			"rotation": {"angle": 22.5, "axis": "x", "origin": [9.2, 4.5, 11.75]},
			"faces": {
				"east": {"uv": [15.5, 5, 16, 9], "texture": "#2b"},
				"west": {"uv": [15.5, 5, 16, 9], "texture": "#2b"}
			}
		},
		{
			"from": [9.2, 7.62, 12.8],
			"to": [9.2, 8.12, 15.3],
			"rotation": {"angle": 22.5, "axis": "x", "origin": [9.2, 7.58134, 13.35476]},
			"faces": {
				"east": {"uv": [15.5, 5, 16, 7.5], "rotation": 270, "texture": "#2b"},
				"west": {"uv": [15.5, 5, 16, 7.5], "rotation": 90, "texture": "#2b"}
			}
		},
		{
			"from": [8.1625, 0, 10.7375],
			"to": [10.1625, 0.5, 12.7375],
			"rotation": {"angle": 45, "axis": "y", "origin": [9.15625, 3.29167, 11.74375]},
			"faces": {
				"north": {"uv": [0, 0, 2, 0.5], "texture": "#0b"},
				"east": {"uv": [0, 0, 2, 0.5], "rotation": 180, "texture": "#0b"},
				"south": {"uv": [0, 0, 2, 0.5], "texture": "#0b"},
				"west": {"uv": [0, 0, 2, 0.5], "rotation": 180, "texture": "#0b"},
				"up": {"uv": [13, 0, 16, 3], "rotation": 180, "texture": "#0b"},
				"down": {"uv": [5, 6.5, 7.5, 9], "rotation": 180, "texture": "#0b"}
			}
		},
		{
			"from": [8.9, 0.5, 11.5],
			"to": [9.4, 2.5, 12],
			"rotation": {"angle": 45, "axis": "y", "origin": [9.15625, 3.29167, 11.74375]},
			"faces": {
				"north": {"uv": [1.5, 4.5, 2, 6.5], "texture": "#0b"},
				"east": {"uv": [1.5, 4.5, 2, 6.5], "texture": "#0b"},
				"south": {"uv": [1.5, 4.5, 2, 6.5], "texture": "#0b"},
				"west": {"uv": [1.5, 4.5, 2, 6.5], "texture": "#0b"}
			}
		},
		{
			"from": [7.9, 4.5, 10.5],
			"to": [10.4, 5.5, 13],
			"rotation": {"angle": 45, "axis": "y", "origin": [9.15625, 3.29167, 11.74375]},
			"faces": {
				"north": {"uv": [5, 1, 10, 3], "texture": "#6b"},
				"east": {"uv": [5, 1, 10, 3], "texture": "#6b"},
				"south": {"uv": [5, 1, 10, 3], "texture": "#6b"},
				"west": {"uv": [5, 1, 10, 3], "texture": "#6b"},
				"up": {"uv": [0, 0, 14, 14], "rotation": 180, "texture": "#8b"},
				"down": {"uv": [5, 6.5, 7.5, 9], "rotation": 180, "texture": "#7b"}
			}
		},
		{
			"from": [8.4, 2.5, 11],
			"to": [9.9, 3.5, 12.5],
			"rotation": {"angle": 45, "axis": "y", "origin": [9.15625, 3.29167, 11.74375]},
			"faces": {
				"north": {"uv": [11.5, 8.5, 13, 9.5], "texture": "#1b"},
				"east": {"uv": [11.5, 8.5, 13, 9.5], "texture": "#1b"},
				"south": {"uv": [11.5, 8.5, 13, 9.5], "texture": "#1b"},
				"west": {"uv": [11.5, 8.5, 13, 9.5], "texture": "#1b"},
				"down": {"uv": [5, 6.5, 7.5, 9], "rotation": 180, "texture": "#0b"}
			}
		},
		{
			"from": [8.1625, 3.5, 10.7375],
			"to": [10.1625, 4.5, 12.7375],
			"rotation": {"angle": 45, "axis": "y", "origin": [9.15625, 3.29167, 11.74375]},
			"faces": {
				"north": {"uv": [11.5, 7.5, 13.5, 8.5], "texture": "#1b"},
				"east": {"uv": [11.5, 7.5, 13.5, 8.5], "texture": "#1b"},
				"south": {"uv": [11.5, 7.5, 13.5, 8.5], "texture": "#1b"},
				"west": {"uv": [11.5, 7.5, 13.5, 8.5], "texture": "#1b"},
				"up": {"uv": [12, 8.5, 14, 10.5], "rotation": 180, "texture": "#1b"},
				"down": {"uv": [11.5, 7.5, 13.5, 9.5], "rotation": 180, "texture": "#1b"}
			}
		},
		{
			"from": [8.1625, 5.5, 10.7375],
			"to": [10.1625, 6.5, 12.7375],
			"rotation": {"angle": 45, "axis": "y", "origin": [9.15625, 3.29167, 11.74375]},
			"faces": {
				"north": {"uv": [1.5, 9.5, 5, 11.5], "texture": "#0b"},
				"east": {"uv": [1.5, 9.5, 5, 11.5], "texture": "#0b"},
				"south": {"uv": [1.5, 9.5, 5, 11.5], "texture": "#0b"},
				"west": {"uv": [1.5, 9.5, 5, 11.5], "texture": "#0b"},
				"up": {"uv": [5, 6.5, 7.5, 9], "rotation": 180, "texture": "#0b"}
			}
		},
		{
			"from": [7.58303, 5.5, 10.49037],
			"to": [10.58303, 8.5, 10.49037],
			"rotation": {"angle": 22.5, "axis": "x", "origin": [9.33303, 7, 9.79037]},
			"faces": {
				"north": {"uv": [0.5, 0, 6.5, 6], "texture": "#12b"},
				"south": {"uv": [0.5, 0, 6.5, 6], "texture": "#12b"}
			}
		},
		{
			"from": [7.58303, 5.23212, 9.93708],
			"to": [10.58303, 8.23212, 9.93708],
			"rotation": {"angle": -45, "axis": "y", "origin": [9.08303, 6.73212, 10.43708]},
			"faces": {
				"north": {"uv": [0.5, 0, 6.5, 6], "texture": "#12b"},
				"south": {"uv": [0.5, 0, 6.5, 6], "texture": "#12b"}
			}
		}
	],
	"display": {
		"thirdperson_righthand": {
			"rotation": [54, 90, 0],
			"translation": [3.75, 4.25, 5.25]
		},
		"thirdperson_lefthand": {
			"rotation": [54, 90, 0],
			"translation": [3.75, 3, 6.25]
		},
		"ground": {
			"translation": [0, 4.5, 0]
		},
		"gui": {
			"rotation": [30, 30, 0],
			"translation": [0, 4.75, 0],
			"scale": [1.5, 1.5, 1.5]
		},
		"head": {
			"rotation": [0, 154, -11],
			"translation": [4, -7.25, -15],
			"scale": [1.5, 1.5, 1.5]
		},
		"fixed": {
			"rotation": [-90, 0, 0],
			"translation": [0, 0, -15],
			"scale": [2, 2, 2]
		}
	}
}