{
	"credit": "Made with Blockbench",
	"textures": {
		"0": "block/dango",
		"particle": "block/dango"
	},
	"elements": [
		{
			"from": [2.9, 0.65, 2.5],
			"to": [13.3, 1.3, 8.35],
			"rotation": {"angle": 0, "axis": "y", "origin": [3.55, 0.65, 9]},
			"faces": {
				"north": {"uv": [0, 13, 16, 14], "texture": "#0"},
				"east": {"uv": [7, 13, 16, 14], "texture": "#0"},
				"south": {"uv": [0, 13, 16, 14], "texture": "#0"},
				"west": {"uv": [0, 13, 9, 14], "texture": "#0"},
				"up": {"uv": [0, 5, 16, 14], "rotation": 180, "texture": "#0"},
				"down": {"uv": [0, 5, 16, 14], "rotation": 180, "texture": "#0"}
			}
		},
		{
			"from": [4.2, 0, 3.8],
			"to": [12, 0.65, 7.05],
			"rotation": {"angle": 0, "axis": "y", "origin": [3.55, 0, 9]},
			"faces": {
				"north": {"uv": [4, 13, 16, 14], "texture": "#0"},
				"east": {"uv": [11, 13, 16, 14], "texture": "#0"},
				"south": {"uv": [4, 13, 16, 14], "texture": "#0"},
				"west": {"uv": [11, 13, 16, 14], "texture": "#0"},
				"down": {"uv": [2, 7, 14, 12], "rotation": 180, "texture": "#0"}
			}
		},
		{
			"from": [5.56093, 1.3, 4.64907],
			"to": [6.86093, 2.6, 5.94907],
			"rotation": {"angle": 22.5, "axis": "y", "origin": [6.215, 1.94594, 5.10407]},
			"faces": {
				"north": {"uv": [3, 0, 6, 3], "rotation": 180, "texture": "#0"},
				"east": {"uv": [3, 0, 6, 3], "texture": "#0"},
				"south": {"uv": [3, 0, 6, 3], "rotation": 90, "texture": "#0"},
				"west": {"uv": [3, 0, 6, 3], "rotation": 270, "texture": "#0"},
				"up": {"uv": [3, 0, 6, 3], "rotation": 180, "texture": "#0"}
			}
		},
		{
			"from": [5.56093, 1.3, 3.21907],
			"to": [6.86093, 2.6, 4.51907],
			"rotation": {"angle": 22.5, "axis": "y", "origin": [6.215, 1.94594, 5.10407]},
			"faces": {
				"north": {"uv": [0, 0, 3, 3], "rotation": 180, "texture": "#0"},
				"east": {"uv": [0, 0, 3, 3], "texture": "#0"},
				"south": {"uv": [0, 0, 3, 3], "rotation": 90, "texture": "#0"},
				"west": {"uv": [0, 0, 3, 3], "rotation": 270, "texture": "#0"},
				"up": {"uv": [0, 0, 3, 3], "rotation": 180, "texture": "#0"}
			}
		},
		{
			"from": [5.56093, 1.3, 6.07907],
			"to": [6.86093, 2.6, 7.37907],
			"rotation": {"angle": 22.5, "axis": "y", "origin": [6.215, 1.94594, 5.10407]},
			"faces": {
				"north": {"uv": [6, 0, 9, 3], "rotation": 180, "texture": "#0"},
				"east": {"uv": [6, 0, 9, 3], "texture": "#0"},
				"south": {"uv": [6, 0, 9, 3], "rotation": 90, "texture": "#0"},
				"west": {"uv": [6, 0, 9, 3], "rotation": 270, "texture": "#0"},
				"up": {"uv": [6, 0, 9, 3], "rotation": 180, "texture": "#0"}
			}
		},
		{
			"from": [6.03219, 1.73875, 1.91907],
			"to": [6.42219, 2.12875, 7.11907],
			"rotation": {"angle": 22.5, "axis": "y", "origin": [6.215, 1.94594, 5.10407]},
			"faces": {
				"north": {"uv": [0, 3, 0.6, 3.6], "texture": "#0"},
				"east": {"uv": [0, 3, 8, 3.6], "texture": "#0"},
				"west": {"uv": [0, 3, 8, 3.6], "texture": "#0"},
				"up": {"uv": [0, 3, 8, 3.6], "rotation": 90, "texture": "#0"},
				"down": {"uv": [0, 3, 8, 3.6], "rotation": 270, "texture": "#0"}
			}
		},
		{
			"from": [7.98219, 1.73875, 1.91907],
			"to": [8.37219, 2.12875, 7.11907],
			"rotation": {"angle": 22.5, "axis": "y", "origin": [8.165, 1.94594, 5.10407]},
			"faces": {
				"north": {"uv": [0, 3, 0.6, 3.6], "texture": "#0"},
				"east": {"uv": [0, 3, 8, 3.6], "texture": "#0"},
				"west": {"uv": [0, 3, 8, 3.6], "texture": "#0"},
				"up": {"uv": [0, 3, 8, 3.6], "rotation": 90, "texture": "#0"},
				"down": {"uv": [0, 3, 8, 3.6], "rotation": 270, "texture": "#0"}
			}
		},
		{
			"from": [7.51093, 1.3, 3.21907],
			"to": [8.81093, 2.6, 4.51907],
			"rotation": {"angle": 22.5, "axis": "y", "origin": [8.165, 1.94594, 5.10407]},
			"faces": {
				"north": {"uv": [0, 0, 3, 3], "rotation": 180, "texture": "#0"},
				"east": {"uv": [0, 0, 3, 3], "texture": "#0"},
				"south": {"uv": [0, 0, 3, 3], "rotation": 90, "texture": "#0"},
				"west": {"uv": [0, 0, 3, 3], "rotation": 270, "texture": "#0"},
				"up": {"uv": [0, 0, 3, 3], "rotation": 180, "texture": "#0"}
			}
		},
		{
			"from": [7.51093, 1.3, 4.64907],
			"to": [8.81093, 2.6, 5.94907],
			"rotation": {"angle": 22.5, "axis": "y", "origin": [8.165, 1.94594, 5.10407]},
			"faces": {
				"north": {"uv": [3, 0, 6, 3], "rotation": 180, "texture": "#0"},
				"east": {"uv": [3, 0, 6, 3], "texture": "#0"},
				"south": {"uv": [3, 0, 6, 3], "rotation": 90, "texture": "#0"},
				"west": {"uv": [3, 0, 6, 3], "rotation": 270, "texture": "#0"},
				"up": {"uv": [3, 0, 6, 3], "rotation": 180, "texture": "#0"}
			}
		},
		{
			"from": [7.51093, 1.3, 6.07907],
			"to": [8.81093, 2.6, 7.37907],
			"rotation": {"angle": 22.5, "axis": "y", "origin": [8.165, 1.94594, 5.10407]},
			"faces": {
				"north": {"uv": [6, 0, 9, 3], "rotation": 180, "texture": "#0"},
				"east": {"uv": [6, 0, 9, 3], "texture": "#0"},
				"south": {"uv": [6, 0, 9, 3], "rotation": 90, "texture": "#0"},
				"west": {"uv": [6, 0, 9, 3], "rotation": 270, "texture": "#0"},
				"up": {"uv": [6, 0, 9, 3], "rotation": 180, "texture": "#0"}
			}
		},
		{
			"from": [9.93219, 1.73875, 1.91907],
			"to": [10.32219, 2.12875, 7.11907],
			"rotation": {"angle": 22.5, "axis": "y", "origin": [10.115, 1.94594, 5.10407]},
			"faces": {
				"north": {"uv": [0, 3, 0.6, 3.6], "texture": "#0"},
				"east": {"uv": [0, 3, 8, 3.6], "texture": "#0"},
				"west": {"uv": [0, 3, 8, 3.6], "texture": "#0"},
				"up": {"uv": [0, 3, 8, 3.6], "rotation": 90, "texture": "#0"},
				"down": {"uv": [0, 3, 8, 3.6], "rotation": 270, "texture": "#0"}
			}
		},
		{
			"from": [9.46093, 1.3, 3.21907],
			"to": [10.76093, 2.6, 4.51907],
			"rotation": {"angle": 22.5, "axis": "y", "origin": [10.115, 1.94594, 5.10407]},
			"faces": {
				"north": {"uv": [0, 0, 3, 3], "rotation": 180, "texture": "#0"},
				"east": {"uv": [0, 0, 3, 3], "texture": "#0"},
				"south": {"uv": [0, 0, 3, 3], "rotation": 90, "texture": "#0"},
				"west": {"uv": [0, 0, 3, 3], "rotation": 270, "texture": "#0"},
				"up": {"uv": [0, 0, 3, 3], "rotation": 180, "texture": "#0"}
			}
		},
		{
			"from": [9.46093, 1.3, 4.64907],
			"to": [10.76093, 2.6, 5.94907],
			"rotation": {"angle": 22.5, "axis": "y", "origin": [10.115, 1.94594, 5.10407]},
			"faces": {
				"north": {"uv": [3, 0, 6, 3], "rotation": 180, "texture": "#0"},
				"east": {"uv": [3, 0, 6, 3], "texture": "#0"},
				"south": {"uv": [3, 0, 6, 3], "rotation": 90, "texture": "#0"},
				"west": {"uv": [3, 0, 6, 3], "rotation": 270, "texture": "#0"},
				"up": {"uv": [3, 0, 6, 3], "rotation": 180, "texture": "#0"}
			}
		},
		{
			"from": [9.46093, 1.3, 6.07907],
			"to": [10.76093, 2.6, 7.37907],
			"rotation": {"angle": 22.5, "axis": "y", "origin": [10.115, 1.94594, 5.10407]},
			"faces": {
				"north": {"uv": [6, 0, 9, 3], "rotation": 180, "texture": "#0"},
				"east": {"uv": [6, 0, 9, 3], "texture": "#0"},
				"south": {"uv": [6, 0, 9, 3], "rotation": 90, "texture": "#0"},
				"west": {"uv": [6, 0, 9, 3], "rotation": 270, "texture": "#0"},
				"up": {"uv": [6, 0, 9, 3], "rotation": 180, "texture": "#0"}
			}
		}
	],
	"display": {
		"thirdperson_righthand": {
			"rotation": [79, 0, 0],
			"translation": [-3, 1, 7.75]
		},
		"thirdperson_lefthand": {
			"rotation": [79, 0, 0],
			"translation": [-3, 1, 7.75]
		},
		"firstperson_righthand": {
			"translation": [5.25, 5.25, 0]
		},
		"firstperson_lefthand": {
			"translation": [6.75, 5.25, 0]
		},
		"ground": {
			"translation": [0, 5.75, 0]
		},
		"gui": {
			"rotation": [30, -135, 0],
			"translation": [-2.25, 8.75, 0],
			"scale": [1.3, 1.3, 1.3]
		},
		"head": {
			"translation": [0, 14.25, 0]
		},
		"fixed": {
			"rotation": [-90, 0, 0],
			"translation": [0, 0, -15],
			"scale": [2, 2, 2]
		}
	}
}