{
	"credit": "Made with Blockbench",
	"textures": {
		"particle": "block/rattan_closet_side",
		"1": "block/c",
		"2": "block/box_vege2",
		"3": "block/c",
		"4": "block/rattan_closet_side",
		"5": "block/fluits",
		"7": "block/box_vege5"
	},
	"elements": [
		{
			"name": "octagon",
			"from": [5.04, 0.02, 6.77393],
			"to": [10.96, 1.5, 9.22607],
			"rotation": {"angle": 45, "axis": "y", "origin": [8, 0.74, 8]},
			"faces": {
				"east": {"uv": [3.75, 3.5, 6.20214, 4.98], "texture": "#4"},
				"west": {"uv": [3.75, 3.5, 6.20214, 4.98], "texture": "#4"},
				"down": {"uv": [3.75, 3.5, 6.20214, 9.42], "rotation": 90, "texture": "#4"}
			}
		},
		{
			"name": "octagon",
			"from": [5.04, 0.01, 6.77393],
			"to": [10.96, 1.49, 9.22607],
			"rotation": {"angle": 0, "axis": "y", "origin": [8, 0.74, 8]},
			"faces": {
				"east": {"uv": [3.75, 3.5, 6.20214, 4.98], "texture": "#4"},
				"west": {"uv": [3.75, 3.5, 6.20214, 4.98], "texture": "#4"},
				"down": {"uv": [3.75, 3.5, 6.20214, 9.42], "rotation": 90, "texture": "#4"}
			}
		},
		{
			"name": "octagon",
			"from": [6.77393, 0, 5.04],
			"to": [9.22607, 1.48, 10.96],
			"rotation": {"angle": 45, "axis": "y", "origin": [8, 0.74, 8]},
			"faces": {
				"north": {"uv": [3.75, 3.5, 6.20214, 4.98], "texture": "#4"},
				"south": {"uv": [3.75, 3.5, 6.20214, 4.98], "texture": "#4"},
				"down": {"uv": [3.75, 3.5, 6.20214, 9.42], "rotation": 180, "texture": "#4"}
			}
		},
		{
			"name": "octagon",
			"from": [6.77393, 0.01, 5.04],
			"to": [9.22607, 1.49, 10.96],
			"rotation": {"angle": 0, "axis": "y", "origin": [8, 0.74, 8]},
			"faces": {
				"north": {"uv": [3.75, 3.5, 6.20214, 4.98], "texture": "#4"},
				"south": {"uv": [3.75, 3.5, 6.20214, 4.98], "texture": "#4"},
				"down": {"uv": [3.75, 3.5, 6.20214, 9.42], "rotation": 180, "texture": "#4"}
			}
		},
		{
			"name": "octagon",
			"from": [4.3, 1.481, 6.46741],
			"to": [11.7, 3.701, 9.53259],
			"rotation": {"angle": 45, "axis": "y", "origin": [8, 2.22, 8]},
			"faces": {
				"east": {"uv": [3.25, 3.5, 6.31518, 5.72], "texture": "#4"},
				"west": {"uv": [3.25, 3.5, 6.31518, 5.72], "texture": "#4"},
				"up": {"uv": [2.5, 1.5, 5.56518, 8.9], "rotation": 270, "texture": "#2"},
				"down": {"uv": [3.25, 3.5, 6.31518, 10.9], "rotation": 90, "texture": "#4"}
			}
		},
		{
			"name": "octagon",
			"from": [4.3, 1.48, 6.46741],
			"to": [11.7, 3.7, 9.53259],
			"rotation": {"angle": 0, "axis": "y", "origin": [8, 2.22, 8]},
			"faces": {
				"east": {"uv": [3.25, 3.5, 6.31518, 5.72], "texture": "#4"},
				"west": {"uv": [3.25, 3.5, 6.31518, 5.72], "texture": "#4"},
				"up": {"uv": [3.5, 1, 6.56518, 8.4], "rotation": 270, "texture": "#2"},
				"down": {"uv": [3.25, 3.5, 6.31518, 10.9], "rotation": 90, "texture": "#4"}
			}
		},
		{
			"name": "octagon",
			"from": [6.46741, 1.482, 4.3],
			"to": [9.53259, 3.702, 11.7],
			"rotation": {"angle": 45, "axis": "y", "origin": [8, 2.22, 8]},
			"faces": {
				"north": {"uv": [3.25, 3.5, 6.31518, 5.72], "texture": "#4"},
				"south": {"uv": [3.25, 3.5, 6.31518, 5.72], "texture": "#4"},
				"up": {"uv": [3, 10, 10.4, 13.06518], "rotation": 270, "texture": "#2"},
				"down": {"uv": [3.25, 3.5, 6.31518, 10.9], "rotation": 180, "texture": "#4"}
			}
		},
		{
			"name": "octagon",
			"from": [6.46741, 1.48, 4.3],
			"to": [9.53259, 3.7, 11.7],
			"rotation": {"angle": 0, "axis": "y", "origin": [8, 2.22, 8]},
			"faces": {
				"north": {"uv": [3.25, 3.5, 6.31518, 5.72], "texture": "#4"},
				"south": {"uv": [3.25, 3.5, 6.31518, 5.72], "texture": "#4"},
				"up": {"uv": [3, 10, 13, 14], "rotation": 270, "texture": "#2"},
				"down": {"uv": [3.25, 3.5, 6.31518, 10.9], "rotation": 180, "texture": "#4"}
			}
		},
		{
			"name": "octagon",
			"from": [11.7, 2.96, 6.16089],
			"to": [12.44, 5.18, 9.83911],
			"rotation": {"angle": 45, "axis": "y", "origin": [8, 3.7, 8]},
			"faces": {
				"east": {"uv": [2, 3.5, 5.67822, 5.72], "texture": "#4"},
				"west": {"uv": [2, 3.5, 5.67822, 5.72], "texture": "#4"},
				"up": {"uv": [2, 3.5, 5.67822, 4.24], "rotation": 90, "texture": "#4"},
				"down": {"uv": [2, 3.5, 5.67822, 4.24], "rotation": 270, "texture": "#4"}
			}
		},
		{
			"name": "octagon",
			"from": [11.7, 2.97, 6.16089],
			"to": [12.44, 5.19, 9.83911],
			"rotation": {"angle": 0, "axis": "y", "origin": [8, 3.7, 8]},
			"faces": {
				"east": {"uv": [2, 3.5, 5.67822, 5.72], "texture": "#4"},
				"west": {"uv": [2, 3.5, 5.67822, 5.72], "texture": "#4"},
				"up": {"uv": [2, 3.5, 5.67822, 4.24], "rotation": 90, "texture": "#4"},
				"down": {"uv": [2, 3.5, 5.67822, 4.24], "rotation": 270, "texture": "#4"}
			}
		},
		{
			"name": "octagon",
			"from": [6.16089, 2.96, 11.7],
			"to": [9.83911, 5.18, 12.44],
			"rotation": {"angle": 45, "axis": "y", "origin": [8, 3.7, 8]},
			"faces": {
				"north": {"uv": [2, 3.5, 5.67822, 5.72], "texture": "#4"},
				"south": {"uv": [2, 3.5, 5.67822, 5.72], "texture": "#4"},
				"up": {"uv": [2, 3.5, 5.67822, 4.24], "texture": "#4"},
				"down": {"uv": [2, 3.5, 5.67822, 4.24], "rotation": 180, "texture": "#4"}
			}
		},
		{
			"name": "octagon",
			"from": [6.16089, 2.97, 3.56],
			"to": [9.83911, 5.19, 4.3],
			"rotation": {"angle": 0, "axis": "y", "origin": [8, 3.7, 8]},
			"faces": {
				"north": {"uv": [2, 3.5, 5.67822, 5.72], "texture": "#4"},
				"south": {"uv": [2, 3.5, 5.67822, 5.72], "texture": "#4"},
				"up": {"uv": [2, 3.5, 5.67822, 4.24], "rotation": 180, "texture": "#4"},
				"down": {"uv": [2, 3.5, 5.67822, 4.24], "texture": "#4"}
			}
		},
		{
			"name": "octagon",
			"from": [3.56, 2.96, 6.16089],
			"to": [4.3, 5.18, 9.83911],
			"rotation": {"angle": 45, "axis": "y", "origin": [8, 3.7, 8]},
			"faces": {
				"east": {"uv": [2, 3.5, 5.67822, 5.72], "texture": "#4"},
				"west": {"uv": [2, 3.5, 5.67822, 5.72], "texture": "#4"},
				"up": {"uv": [2, 3.5, 5.67822, 4.24], "rotation": 270, "texture": "#4"},
				"down": {"uv": [2, 3.5, 5.67822, 4.24], "rotation": 90, "texture": "#4"}
			}
		},
		{
			"name": "octagon",
			"from": [3.56, 2.97, 6.16089],
			"to": [4.3, 5.19, 9.83911],
			"rotation": {"angle": 0, "axis": "y", "origin": [8, 3.7, 8]},
			"faces": {
				"east": {"uv": [2, 3.5, 5.67822, 5.72], "texture": "#4"},
				"west": {"uv": [2, 3.5, 5.67822, 5.72], "texture": "#4"},
				"up": {"uv": [2, 3.5, 5.67822, 4.24], "rotation": 270, "texture": "#4"},
				"down": {"uv": [2, 3.5, 5.67822, 4.24], "rotation": 90, "texture": "#4"}
			}
		},
		{
			"name": "octagon",
			"from": [6.16089, 2.96, 3.56],
			"to": [9.83911, 5.18, 4.3],
			"rotation": {"angle": 45, "axis": "y", "origin": [8, 3.7, 8]},
			"faces": {
				"north": {"uv": [2, 3.5, 5.67822, 5.72], "texture": "#4"},
				"south": {"uv": [2, 3.5, 5.67822, 5.72], "texture": "#4"},
				"up": {"uv": [2, 3.5, 5.67822, 4.24], "rotation": 180, "texture": "#4"},
				"down": {"uv": [2, 3.5, 5.67822, 4.24], "texture": "#4"}
			}
		},
		{
			"name": "octagon",
			"from": [6.16089, 2.97, 11.7],
			"to": [9.83911, 5.19, 12.44],
			"rotation": {"angle": 0, "axis": "y", "origin": [8, 3.7, 8]},
			"faces": {
				"north": {"uv": [2, 3.5, 5.67822, 5.72], "texture": "#4"},
				"south": {"uv": [2, 3.5, 5.67822, 5.72], "texture": "#4"},
				"up": {"uv": [2, 3.5, 5.67822, 4.24], "texture": "#4"},
				"down": {"uv": [2, 3.5, 5.67822, 4.24], "rotation": 180, "texture": "#4"}
			}
		},
		{
			"from": [8, 3.96, 7.5],
			"to": [10.22, 5.44, 9.72],
			"rotation": {"angle": -22.5, "axis": "x", "origin": [9.11, 5.44, 8.61]},
			"faces": {
				"north": {"uv": [5.25, 10.75, 7.47, 12.23], "texture": "#7"},
				"east": {"uv": [5.25, 10.75, 7.47, 12.23], "texture": "#7"},
				"south": {"uv": [5.25, 10.75, 7.47, 12.23], "texture": "#7"},
				"west": {"uv": [5.25, 10.75, 7.47, 12.23], "texture": "#7"},
				"up": {"uv": [5.25, 10.75, 7.47, 12.97], "rotation": 270, "texture": "#7"}
			}
		},
		{
			"from": [5.04, 3.46, 6.02],
			"to": [7.26, 4.94, 8.24],
			"rotation": {"angle": 22.5, "axis": "z", "origin": [6.15, 4.94, 7.13]},
			"faces": {
				"north": {"uv": [7, 2, 9.22, 3.48], "texture": "#2"},
				"east": {"uv": [7, 2, 10, 3.5], "texture": "#2"},
				"south": {"uv": [7, 2, 9.22, 3.48], "texture": "#2"},
				"west": {"uv": [7, 2, 10, 3.5], "texture": "#2"},
				"up": {"uv": [10.5, 2, 12.72, 4.22], "rotation": 270, "texture": "#2"}
			}
		},
		{
			"from": [8.26, 3.2, 5.78],
			"to": [10.48, 4.68, 8],
			"rotation": {"angle": 22.5, "axis": "x", "origin": [9.37, 4.68, 6.89]},
			"faces": {
				"north": {"uv": [7.75, 2.25, 9.97, 3.73], "texture": "#7"},
				"east": {"uv": [7.75, 2.25, 9.97, 3.73], "texture": "#7"},
				"south": {"uv": [7.75, 2.25, 9.97, 3.73], "texture": "#7"},
				"west": {"uv": [7.75, 2.25, 9.97, 3.73], "texture": "#7"},
				"up": {"uv": [7.75, 2.25, 9.97, 4.47], "rotation": 270, "texture": "#7"}
			}
		},
		{
			"from": [9.48, 3.7, 5.04],
			"to": [9.48, 8.14, 10.22],
			"rotation": {"angle": -45, "axis": "z", "origin": [9.48, 3.7, 7.63]},
			"faces": {
				"east": {"uv": [1.5, 1.5, 8, 7], "texture": "#3"},
				"west": {"uv": [1.5, 1.5, 8.5, 7.5], "texture": "#3"}
			}
		},
		{
			"from": [-2.92, 3.7, 7.78],
			"to": [6.02, 3.7, 9.78],
			"rotation": {"angle": -45, "axis": "z", "origin": [6.02, 3.7, 8.37]},
			"faces": {
				"up": {"uv": [4.5, 0, 6.5, 8.94], "rotation": 90, "texture": "#1"},
				"down": {"uv": [4.5, 0, 6.5, 8.94], "rotation": 90, "texture": "#1"}
			}
		},
		{
			"from": [9.98, 3.7, 6.28],
			"to": [18.92, 3.7, 8.28],
			"rotation": {"angle": 45, "axis": "z", "origin": [9.98, 3.7, 6.87]},
			"faces": {
				"up": {"uv": [4.5, 8.94, 6.5, 0], "rotation": 90, "texture": "#1"},
				"down": {"uv": [4.5, 8.94, 6.5, 0], "rotation": 90, "texture": "#1"}
			}
		},
		{
			"from": [6.15, 3.7, 9.85],
			"to": [11.33, 8.14, 9.85],
			"rotation": {"angle": 45, "axis": "x", "origin": [8.74, 3.7, 9.85]},
			"faces": {
				"north": {"uv": [1.5, 1.5, 8, 7], "texture": "#3"},
				"south": {"uv": [1.5, 1.5, 8, 7], "texture": "#3"}
			}
		},
		{
			"from": [5.41, 3.7, 6.89],
			"to": [10.59, 8.14, 6.89],
			"rotation": {"angle": -45, "axis": "x", "origin": [8, 3.7, 6.89]},
			"faces": {
				"north": {"uv": [1.5, 1.5, 8, 7], "texture": "#3"},
				"south": {"uv": [1.5, 1.5, 8, 7], "texture": "#3"}
			}
		},
		{
			"from": [3.5, 4, 9.5],
			"to": [12.5, 10.5, 9.5],
			"rotation": {"angle": 45, "axis": "x", "origin": [8, 5.25, 9.5]},
			"faces": {
				"north": {"uv": [14, 2.5, 2.25, 10.5], "texture": "#5"},
				"south": {"uv": [2.25, 2.5, 14, 10.5], "texture": "#5"}
			}
		},
		{
			"from": [6.5, 4, 3.5],
			"to": [6.5, 10.5, 12.5],
			"rotation": {"angle": 45, "axis": "z", "origin": [6.5, 5.25, 8]},
			"faces": {
				"east": {"uv": [2.25, 2.5, 14, 10.5], "texture": "#5"},
				"west": {"uv": [2.25, 2.5, 14, 10.5], "texture": "#5"}
			}
		}
	],
	"display": {
		"thirdperson_righthand": {
			"rotation": [80, 0, 0],
			"translation": [-3.75, 4.25, 4.5],
			"scale": [0.65, 0.65, 0.65]
		},
		"thirdperson_lefthand": {
			"rotation": [80, 0, 0],
			"translation": [-3.75, 4.25, 4.5],
			"scale": [0.65, 0.65, 0.65]
		},
		"firstperson_righthand": {
			"translation": [3.25, 5.75, 0]
		},
		"firstperson_lefthand": {
			"translation": [3.25, 5.75, 0]
		},
		"ground": {
			"translation": [0, 3.75, 0],
			"scale": [0.8, 0.8, 0.8]
		},
		"gui": {
			"rotation": [30, -135, 0],
			"translation": [1.25, 3.25, 0]
		},
		"head": {
			"translation": [0, 14.5, 0]
		},
		"fixed": {
			"rotation": [-90, 0, 0],
			"translation": [0, 0, -15],
			"scale": [2, 2, 2]
		}
	}
}