{
	"credit": "Made with Blockbench",
	"ambientocclusion": false,
	"textures": {
		"1": "block/cookware_parts",
		"dish": "block/dish",
		"stew": "block/curry",
		"particle": "block/curry"
	},
	"elements": [
		{
			"from": [4.3, 0, 3.8],
			"to": [11.7, 1.2, 11.2],
			"rotation": {"angle": 0, "axis": "y", "origin": [8, 2.68381, 7.5]},
			"faces": {
				"north": {"uv": [8.6, 1.5, 16, 2.7], "texture": "#dish"},
				"east": {"uv": [8.6, 1.5, 16, 2.7], "texture": "#dish"},
				"south": {"uv": [8.6, 1.5, 16, 2.7], "texture": "#dish"},
				"west": {"uv": [8.6, 1.5, 16, 2.7], "texture": "#dish"},
				"up": {"uv": [0, 0, 16, 16], "rotation": 180, "texture": "#stew"},
				"down": {"uv": [0, 2, 4, 6], "texture": "#dish"}
			}
		},
		{
			"name": "octagon",
			"from": [11.6, 0.999, 5.1804],
			"to": [13.6, 1.499, 9.8196],
			"rotation": {"angle": 45, "axis": "y", "origin": [8, 2.68381, 7.5]},
			"faces": {
				"east": {"uv": [0, 0, 4.6392, 0.5], "texture": "#dish"},
				"west": {"uv": [5, 1.5, 9.6392, 2], "texture": "#dish"},
				"up": {"uv": [0, 0, 4.3892, 2], "rotation": 90, "texture": "#dish"},
				"down": {"uv": [0, 0, 4.3892, 2], "rotation": 90, "texture": "#dish"}
			}
		},
		{
			"name": "octagon",
			"from": [5.6804, 1, 11.1],
			"to": [10.3196, 1.5, 13.1],
			"rotation": {"angle": 0, "axis": "y", "origin": [8, 2.68381, 7.5]},
			"faces": {
				"north": {"uv": [5, 1.5, 9.6392, 2], "texture": "#dish"},
				"south": {"uv": [0, 0, 4.6392, 0.5], "texture": "#dish"},
				"up": {"uv": [0, 0, 4.3892, 2], "rotation": 180, "texture": "#dish"},
				"down": {"uv": [0, 0, 4.6392, 2], "texture": "#dish"}
			}
		},
		{
			"name": "octagon",
			"from": [5.6804, 0.999, 11.1],
			"to": [10.3196, 1.499, 13.1],
			"rotation": {"angle": 45, "axis": "y", "origin": [8, 2.68381, 7.5]},
			"faces": {
				"north": {"uv": [5, 1.5, 9.6392, 2], "texture": "#dish"},
				"south": {"uv": [0, 0, 4.6392, 0.5], "texture": "#dish"},
				"up": {"uv": [0, 0, 4.3892, 2], "rotation": 180, "texture": "#dish"},
				"down": {"uv": [0, 0, 4.3892, 2], "texture": "#dish"}
			}
		},
		{
			"name": "octagon",
			"from": [11.6, 1, 5.1804],
			"to": [13.6, 1.5, 9.8196],
			"rotation": {"angle": 0, "axis": "y", "origin": [8, 2.68381, 7.5]},
			"faces": {
				"east": {"uv": [0, 0, 4.6392, 0.5], "texture": "#dish"},
				"west": {"uv": [5, 1.5, 9.6392, 2], "texture": "#dish"},
				"up": {"uv": [0, 0, 4.3892, 2], "rotation": 90, "texture": "#dish"},
				"down": {"uv": [0, 0, 4.6392, 2], "rotation": 90, "texture": "#dish"}
			}
		},
		{
			"name": "octagon",
			"from": [2.4, 0.999, 5.1804],
			"to": [4.4, 1.499, 9.8196],
			"rotation": {"angle": 45, "axis": "y", "origin": [8, 2.68381, 7.5]},
			"faces": {
				"east": {"uv": [5, 1.5, 9.6392, 2], "texture": "#dish"},
				"west": {"uv": [0, 0, 4.6392, 0.5], "texture": "#dish"},
				"up": {"uv": [0, 0, 4.3892, 2], "rotation": 270, "texture": "#dish"},
				"down": {"uv": [0, 0, 4.3892, 2], "rotation": 270, "texture": "#dish"}
			}
		},
		{
			"name": "octagon",
			"from": [2.4, 1, 5.1804],
			"to": [4.4, 1.5, 9.8196],
			"rotation": {"angle": 0, "axis": "y", "origin": [8, 2.68381, 7.5]},
			"faces": {
				"east": {"uv": [5, 1.5, 9.6392, 2], "texture": "#dish"},
				"west": {"uv": [0, 0, 4.6392, 0.5], "texture": "#dish"},
				"up": {"uv": [0, 0, 4.3892, 2], "rotation": 270, "texture": "#dish"},
				"down": {"uv": [0, 0, 4.6392, 2], "rotation": 270, "texture": "#dish"}
			}
		},
		{
			"name": "octagon",
			"from": [5.6804, 0.999, 1.9],
			"to": [10.3196, 1.499, 3.9],
			"rotation": {"angle": 45, "axis": "y", "origin": [8, 2.68381, 7.5]},
			"faces": {
				"north": {"uv": [0, 0, 4.6392, 0.5], "texture": "#dish"},
				"south": {"uv": [5, 1.5, 9.6392, 2], "texture": "#dish"},
				"up": {"uv": [0, 0, 4.3892, 2], "texture": "#dish"},
				"down": {"uv": [0, 0, 4.3892, 2], "rotation": 180, "texture": "#dish"}
			}
		},
		{
			"name": "octagon",
			"from": [5.6804, 1, 1.9],
			"to": [10.3196, 1.5, 3.9],
			"rotation": {"angle": 0, "axis": "y", "origin": [8, 2.68381, 7.5]},
			"faces": {
				"north": {"uv": [0, 0, 4.6392, 0.5], "texture": "#dish"},
				"south": {"uv": [5, 1.5, 9.6392, 2], "texture": "#dish"},
				"up": {"uv": [0, 0, 4.3892, 2], "texture": "#dish"},
				"down": {"uv": [0, 0, 4.3892, 2], "rotation": 180, "texture": "#dish"}
			}
		},
		{
			"from": [0, 0.3, 1.5],
			"to": [2.5, 0.3, 8],
			"rotation": {"angle": 0, "axis": "y", "origin": [8, 2.28381, 7.5]},
			"faces": {
				"up": {"uv": [9.25, 0.5, 11.75, 7], "rotation": 180, "texture": "#1"}
			}
		}
	],
	"display": {
		"thirdperson_righthand": {
			"rotation": [76, -180, 0],
			"translation": [-3.25, 4.25, 5.25],
			"scale": [0.6, 0.6, 0.6]
		},
		"thirdperson_lefthand": {
			"rotation": [76, -180, 0],
			"translation": [-3.25, 4.25, 5.25],
			"scale": [0.6, 0.6, 0.6]
		},
		"firstperson_righthand": {
			"translation": [2.25, 3.5, 0],
			"scale": [0.6, 0.6, 0.6]
		},
		"firstperson_lefthand": {
			"translation": [2.25, 3.5, 0],
			"scale": [0.6, 0.6, 0.6]
		},
		"ground": {
			"translation": [0, 4.5, 0]
		},
		"gui": {
			"rotation": [30, 150, 0],
			"translation": [0.25, 8.25, 0],
			"scale": [1.3, 1.3, 1.3]
		},
		"head": {
			"rotation": [0, 154, -11],
			"translation": [4, -7.25, -15],
			"scale": [1.5, 1.5, 1.5]
		},
		"fixed": {
			"rotation": [-90, 0, 0],
			"translation": [0, 0, -15],
			"scale": [2, 2, 2]
		}
	}
}