{
	"credit": "Made with Blockbench",
	"ambientocclusion": false,
	"textures": {
		"1": "block/cookware_parts",
		"dish": "block/dish",
		"stew": "block/stew_b",
		"particle": "block/stew_b"
	},
	"elements": [
		{
			"from": [4.8, 0, 4.3],
			"to": [11.2, 0.4, 10.7],
			"rotation": {"angle": 0, "axis": "y", "origin": [8, 2.18381, 7.5]},
			"faces": {
				"north": {"uv": [0, 1.5, 4.5, 2.25], "texture": "#dish"},
				"east": {"uv": [0, 1.5, 4.5, 2.25], "texture": "#dish"},
				"south": {"uv": [0, 1.5, 4.5, 2.25], "texture": "#dish"},
				"west": {"uv": [0, 1.5, 4.5, 2.25], "texture": "#dish"},
				"down": {"uv": [0, 2, 4, 6], "texture": "#dish"}
			}
		},
		{
			"from": [5.5, 0.5, 5],
			"to": [10.5, 1.5, 10],
			"rotation": {"angle": 45, "axis": "y", "origin": [8, 1, 7.5]},
			"faces": {
				"north": {"uv": [6.75, 2.5, 11.75, 3.5], "texture": "#dish"},
				"east": {"uv": [6.75, 2.5, 11.75, 3.5], "texture": "#dish"},
				"south": {"uv": [6.75, 2.5, 11.75, 3.5], "texture": "#dish"},
				"west": {"uv": [6.75, 2.5, 11.75, 3.5], "texture": "#dish"},
				"up": {"uv": [3, 3, 13, 13], "texture": "#stew"},
				"down": {"uv": [0, 2, 4, 6], "texture": "#dish"}
			}
		},
		{
			"name": "octagon",
			"from": [2.4, 0.404, 5.1804],
			"to": [13.6, 0.804, 9.8196],
			"rotation": {"angle": 45, "axis": "y", "origin": [8, 2.18381, 7.5]},
			"faces": {
				"east": {"uv": [0, 0, 2.89949, 0.5], "texture": "#dish"},
				"west": {"uv": [0, 0, 2.89949, 0.5], "texture": "#dish"},
				"up": {"uv": [0, 0, 3, 8], "rotation": 90, "texture": "#dish"},
				"down": {"uv": [0, 0.5, 2.89949, 7.5], "rotation": 90, "texture": "#dish"}
			}
		},
		{
			"name": "octagon",
			"from": [5.6804, 0.4, 1.9],
			"to": [10.3196, 0.8, 13.1],
			"rotation": {"angle": 0, "axis": "y", "origin": [8, 2.18381, 7.5]},
			"faces": {
				"north": {"uv": [0, 0, 2.89949, 0.5], "texture": "#dish"},
				"south": {"uv": [0, 0, 2.89949, 0.5], "texture": "#dish"},
				"up": {"uv": [0, 0.5, 3, 7.5], "texture": "#dish"},
				"down": {"uv": [0, 0, 3, 8], "texture": "#dish"}
			}
		},
		{
			"name": "octagon",
			"from": [5.6804, 0.408, 1.9],
			"to": [10.3196, 0.808, 13.1],
			"rotation": {"angle": 45, "axis": "y", "origin": [8, 2.18381, 7.5]},
			"faces": {
				"north": {"uv": [0, 0, 2.89949, 0.5], "texture": "#dish"},
				"south": {"uv": [0, 0, 2.89949, 0.5], "texture": "#dish"},
				"up": {"uv": [0, 0, 3, 8], "texture": "#dish"},
				"down": {"uv": [0, 0.5, 3, 7.5], "texture": "#dish"}
			}
		},
		{
			"name": "octagon",
			"from": [2.4, 0.4, 5.1804],
			"to": [13.6, 0.8, 9.8196],
			"rotation": {"angle": 0, "axis": "y", "origin": [8, 2.18381, 7.5]},
			"faces": {
				"east": {"uv": [0, 0, 2.89949, 0.5], "texture": "#dish"},
				"west": {"uv": [0, 0, 2.89949, 0.5], "texture": "#dish"},
				"up": {"uv": [0, 0.5, 2.89949, 7.5], "rotation": 90, "texture": "#dish"},
				"down": {"uv": [0, 0, 3, 8], "rotation": 90, "texture": "#dish"}
			}
		},
		{
			"name": "octagon",
			"from": [6.34315, 1.51, 10],
			"to": [9.65685, 2.01, 11.5],
			"rotation": {"angle": 45, "axis": "y", "origin": [8, 2, 7.5]},
			"faces": {
				"north": {"uv": [5.75, 8.5, 9.06371, 9], "texture": "#dish"},
				"south": {"uv": [12.68629, 0, 16, 0.5], "rotation": 180, "texture": "#dish"},
				"up": {"uv": [12.68629, 14, 16, 15.5], "rotation": 180, "texture": "#dish"},
				"down": {"uv": [12.68629, 14.5, 16, 16], "rotation": 180, "texture": "#dish"}
			}
		},
		{
			"name": "octagon",
			"from": [6.34315, 1.5, 10],
			"to": [9.65685, 2, 11.5],
			"rotation": {"angle": 0, "axis": "y", "origin": [8, 2, 7.5]},
			"faces": {
				"north": {"uv": [5.75, 8.5, 9.06371, 9], "texture": "#dish"},
				"south": {"uv": [12.68629, 0, 16, 0.5], "rotation": 180, "texture": "#dish"},
				"up": {"uv": [12.68629, 14, 16, 15.5], "rotation": 180, "texture": "#dish"},
				"down": {"uv": [12.68629, 14.5, 16, 16], "rotation": 180, "texture": "#dish"}
			}
		},
		{
			"name": "octagon",
			"from": [4, 1.51, 5.84315],
			"to": [5.5, 2.01, 9.15685],
			"rotation": {"angle": 45, "axis": "y", "origin": [8, 2, 7.5]},
			"faces": {
				"east": {"uv": [5.75, 8.5, 9.06371, 9], "texture": "#dish"},
				"west": {"uv": [12.68629, 0, 16, 0.5], "rotation": 180, "texture": "#dish"},
				"up": {"uv": [12.68629, 14, 16, 15.5], "rotation": 270, "texture": "#dish"},
				"down": {"uv": [12.68629, 14.5, 16, 16], "rotation": 270, "texture": "#dish"}
			}
		},
		{
			"name": "octagon",
			"from": [10.5, 1.5, 5.84315],
			"to": [12, 2, 9.15685],
			"rotation": {"angle": 0, "axis": "y", "origin": [8, 2, 7.5]},
			"faces": {
				"east": {"uv": [12.68629, 0, 16, 0.5], "rotation": 180, "texture": "#dish"},
				"west": {"uv": [5.75, 8.5, 9.06371, 9], "texture": "#dish"},
				"up": {"uv": [12.68629, 14, 16, 15.5], "rotation": 90, "texture": "#dish"},
				"down": {"uv": [12.68629, 14.5, 16, 16], "rotation": 90, "texture": "#dish"}
			}
		},
		{
			"name": "octagon",
			"from": [6.34315, 1.51, 3.5],
			"to": [9.65685, 2.01, 5],
			"rotation": {"angle": 45, "axis": "y", "origin": [8, 2, 7.5]},
			"faces": {
				"north": {"uv": [12.68629, 0, 16, 0.5], "rotation": 180, "texture": "#dish"},
				"south": {"uv": [5.75, 8.5, 9.06371, 9], "texture": "#dish"},
				"up": {"uv": [12.68629, 14, 16, 15.5], "texture": "#dish"},
				"down": {"uv": [12.68629, 14.5, 16, 16], "texture": "#dish"}
			}
		},
		{
			"name": "octagon",
			"from": [6.34315, 1.5, 3.5],
			"to": [9.65685, 2, 5],
			"rotation": {"angle": 0, "axis": "y", "origin": [8, 2, 7.5]},
			"faces": {
				"north": {"uv": [12.68629, 0, 16, 0.5], "rotation": 180, "texture": "#dish"},
				"south": {"uv": [5.75, 8.5, 9.06371, 9], "texture": "#dish"},
				"up": {"uv": [12.68629, 14, 16, 15.5], "texture": "#dish"},
				"down": {"uv": [12.68629, 14.5, 16, 16], "texture": "#dish"}
			}
		},
		{
			"name": "octagon",
			"from": [10.5, 1.51, 5.84315],
			"to": [12, 2.01, 9.15685],
			"rotation": {"angle": 45, "axis": "y", "origin": [8, 2, 7.5]},
			"faces": {
				"east": {"uv": [12.68629, 0, 16, 0.5], "rotation": 180, "texture": "#dish"},
				"west": {"uv": [5.75, 8.5, 9.06371, 9], "texture": "#dish"},
				"up": {"uv": [12.68629, 14, 16, 15.5], "rotation": 90, "texture": "#dish"},
				"down": {"uv": [12.68629, 14.5, 16, 16], "rotation": 90, "texture": "#dish"}
			}
		},
		{
			"name": "octagon",
			"from": [4, 1.5, 5.84315],
			"to": [5.5, 2, 9.15685],
			"rotation": {"angle": 0, "axis": "y", "origin": [8, 2, 7.5]},
			"faces": {
				"east": {"uv": [5.75, 8.5, 9.06371, 9], "texture": "#dish"},
				"west": {"uv": [12.68629, 0, 16, 0.5], "rotation": 180, "texture": "#dish"},
				"up": {"uv": [12.68629, 14, 16, 15.5], "rotation": 270, "texture": "#dish"},
				"down": {"uv": [12.68629, 14.5, 16, 16], "rotation": 270, "texture": "#dish"}
			}
		},
		{
			"from": [0, 0.3, 1.5],
			"to": [2.5, 0.3, 8],
			"rotation": {"angle": 0, "axis": "y", "origin": [8, 2.28381, 7.5]},
			"faces": {
				"up": {"uv": [9.25, 0.5, 11.75, 7], "rotation": 180, "texture": "#1"}
			}
		}
	],
	"display": {
		"thirdperson_righthand": {
			"rotation": [76, -180, 0],
			"translation": [-3.25, 4.25, 5.25],
			"scale": [0.6, 0.6, 0.6]
		},
		"thirdperson_lefthand": {
			"rotation": [76, -180, 0],
			"translation": [-3.25, 4.25, 5.25],
			"scale": [0.6, 0.6, 0.6]
		},
		"firstperson_righthand": {
			"translation": [2.25, 3.5, 0],
			"scale": [0.6, 0.6, 0.6]
		},
		"firstperson_lefthand": {
			"translation": [2.25, 3.5, 0],
			"scale": [0.6, 0.6, 0.6]
		},
		"ground": {
			"translation": [0, 4.5, 0]
		},
		"gui": {
			"rotation": [30, 150, 0],
			"translation": [0.25, 8.25, 0],
			"scale": [1.3, 1.3, 1.3]
		},
		"head": {
			"rotation": [0, 154, -11],
			"translation": [4, -7.25, -15],
			"scale": [1.5, 1.5, 1.5]
		},
		"fixed": {
			"rotation": [-90, 0, 0],
			"translation": [0, 0, -15],
			"scale": [2, 2, 2]
		}
	}
}