{
	"credit": "Made with Blockbench",
	"textures": {
		"0": "block/dish",
		"1": "block/lamppost_bottom_brown",
		"2": "block/hot",
		"3": "block/bread",
		"particle": "block/dish"
	},
	"elements": [
		{
			"name": "octagon",
			"from": [6.5, 0.5, 5.05025],
			"to": [13.5, 1, 7.94975],
			"rotation": {"angle": 0, "axis": "y", "origin": [10, 2.72976, 6.5]},
			"faces": {
				"east": {"uv": [0, 0, 2.89949, 0.5], "texture": "#0"},
				"west": {"uv": [0, 0, 2.89949, 0.5], "texture": "#0"},
				"up": {"uv": [0, 0.5, 2.89949, 7.5], "rotation": 90, "texture": "#0"},
				"down": {"uv": [0, 0, 3, 8], "rotation": 90, "texture": "#0"}
			}
		},
		{
			"name": "octagon",
			"from": [8.55025, 0.51, 3],
			"to": [11.44975, 1.01, 10],
			"rotation": {"angle": 45, "axis": "y", "origin": [10, 2.72976, 6.5]},
			"faces": {
				"north": {"uv": [0, 0, 2.89949, 0.5], "texture": "#0"},
				"south": {"uv": [0, 0, 2.89949, 0.5], "texture": "#0"},
				"up": {"uv": [0, 0, 3, 8], "texture": "#0"},
				"down": {"uv": [0, 0.5, 3, 7.5], "texture": "#0"}
			}
		},
		{
			"name": "octagon",
			"from": [8.55025, 0.5, 3],
			"to": [11.44975, 1, 10],
			"rotation": {"angle": 0, "axis": "y", "origin": [10, 2.72976, 6.5]},
			"faces": {
				"north": {"uv": [0, 0, 2.89949, 0.5], "texture": "#0"},
				"south": {"uv": [0, 0, 2.89949, 0.5], "texture": "#0"},
				"up": {"uv": [0, 0.5, 3, 7.5], "texture": "#0"},
				"down": {"uv": [0, 0, 3, 8], "texture": "#0"}
			}
		},
		{
			"name": "octagon",
			"from": [6.5, 0.505, 5.05025],
			"to": [13.5, 1.005, 7.94975],
			"rotation": {"angle": 45, "axis": "y", "origin": [10, 2.72976, 6.5]},
			"faces": {
				"east": {"uv": [0, 0, 2.89949, 0.5], "texture": "#0"},
				"west": {"uv": [0, 0, 2.89949, 0.5], "texture": "#0"},
				"up": {"uv": [0, 0, 3, 8], "rotation": 90, "texture": "#0"},
				"down": {"uv": [0, 0.5, 2.89949, 7.5], "rotation": 90, "texture": "#0"}
			}
		},
		{
			"from": [8, 0, 4.5],
			"to": [12, 0.5, 8.5],
			"rotation": {"angle": 0, "axis": "y", "origin": [10, 2.72976, 6.5]},
			"faces": {
				"north": {"uv": [0, 1.5, 4, 6], "texture": "#0"},
				"east": {"uv": [0, 1.5, 4, 6], "texture": "#0"},
				"south": {"uv": [0, 1.5, 4, 6], "texture": "#0"},
				"west": {"uv": [0, 1.5, 4, 6], "texture": "#0"},
				"down": {"uv": [0, 2, 4, 6], "texture": "#0"}
			}
		},
		{
			"from": [2.37665, 0, 5.02365],
			"to": [4.87665, 4, 5.52365],
			"rotation": {"angle": 22.5, "axis": "y", "origin": [2.34911, 2, 5.00938]},
			"faces": {
				"north": {"uv": [0, 12, 2.5, 16], "rotation": 180, "texture": "#0"},
				"east": {"uv": [2, 12, 2.5, 16], "texture": "#0"},
				"south": {"uv": [0, 12, 2.5, 16], "rotation": 180, "texture": "#0"},
				"west": {"uv": [0, 12, 0.5, 16], "texture": "#0"},
				"up": {"uv": [1, 8, 3.5, 8.5], "texture": "#0"},
				"down": {"uv": [2, 3, 4.5, 3.5], "texture": "#0"}
			}
		},
		{
			"from": [1.5, 1, 4.7625],
			"to": [2, 3, 5.2625],
			"rotation": {"angle": -22.5, "axis": "y", "origin": [2.34911, 2, 5.00938]},
			"faces": {
				"north": {"uv": [0.5, 4.5, 1, 6.5], "texture": "#0"},
				"east": {"uv": [0, 4.5, 0.5, 6.5], "texture": "#0"},
				"south": {"uv": [0, 4.5, 0.5, 6.5], "texture": "#0"},
				"west": {"uv": [0, 4.5, 0.5, 6.5], "texture": "#0"},
				"up": {"uv": [0, 0, 0.5, 0.5], "texture": "#0"},
				"down": {"uv": [0, 6, 0.5, 6.5], "texture": "#0"}
			}
		},
		{
			"from": [4.37665, 0, 5.52365],
			"to": [4.87665, 4, 7.02365],
			"rotation": {"angle": 22.5, "axis": "y", "origin": [2.34911, 2, 5.00938]},
			"faces": {
				"east": {"uv": [0.5, 12, 2, 16], "texture": "#0"},
				"west": {"uv": [0.5, 12, 2, 16], "texture": "#0"},
				"up": {"uv": [1, 8, 1.5, 9.5], "texture": "#0"},
				"down": {"uv": [2, 3, 2.5, 4.5], "texture": "#0"}
			}
		},
		{
			"from": [1.99419, 3.5, 5.59285],
			"to": [5.99419, 9.5, 5.59285],
			"rotation": {"angle": -22.5, "axis": "y", "origin": [4.24419, 6, 5.59285]},
			"faces": {
				"north": {"uv": [5.5, 6, 9.5, 12], "texture": "#2"},
				"south": {"uv": [5.5, 6, 9.5, 12], "texture": "#2"}
			}
		},
		{
			"from": [2.37665, 0, 7.02365],
			"to": [4.87665, 4, 7.52365],
			"rotation": {"angle": 22.5, "axis": "y", "origin": [2.34911, 2, 5.00938]},
			"faces": {
				"north": {"uv": [0, 12, 2.5, 16], "rotation": 180, "texture": "#0"},
				"east": {"uv": [0, 12, 0.5, 16], "texture": "#0"},
				"south": {"uv": [0, 12, 2.5, 16], "rotation": 180, "texture": "#0"},
				"west": {"uv": [2, 12, 2.5, 16], "texture": "#0"},
				"up": {"uv": [1, 8, 3.5, 8.5], "texture": "#0"},
				"down": {"uv": [2, 3, 4.5, 3.5], "texture": "#0"}
			}
		},
		{
			"from": [2.37665, 0, 5.52365],
			"to": [2.87665, 4, 7.02365],
			"rotation": {"angle": 22.5, "axis": "y", "origin": [2.34911, 2, 5.00938]},
			"faces": {
				"east": {"uv": [0.5, 12, 2, 16], "texture": "#0"},
				"west": {"uv": [0.5, 12, 2, 16], "texture": "#0"},
				"up": {"uv": [1, 8, 1.5, 9.5], "texture": "#0"},
				"down": {"uv": [2, 3, 2.5, 4.5], "texture": "#0"}
			}
		},
		{
			"from": [2.87665, 0, 5.52365],
			"to": [4.37665, 3, 7.02365],
			"rotation": {"angle": 22.5, "axis": "y", "origin": [2.34911, 2, 5.00938]},
			"faces": {
				"up": {"uv": [9, 14.5, 10.5, 16], "texture": "#1"},
				"down": {"uv": [2, 3, 3.5, 4.5], "texture": "#0"}
			}
		},
		{
			"from": [2, 2.5, 4.7625],
			"to": [3, 3, 5.2625],
			"rotation": {"angle": -22.5, "axis": "y", "origin": [2.34911, 2, 5.00938]},
			"faces": {
				"north": {"uv": [0, 4.5, 1, 5], "texture": "#0"},
				"south": {"uv": [0, 4.5, 1, 5], "texture": "#0"},
				"up": {"uv": [0, 0, 1, 0.5], "texture": "#0"},
				"down": {"uv": [0, 6, 1, 6.5], "texture": "#0"}
			}
		},
		{
			"from": [2, 1, 4.7625],
			"to": [3, 1.5, 5.2625],
			"rotation": {"angle": -22.5, "axis": "y", "origin": [2.34911, 2, 5.00938]},
			"faces": {
				"north": {"uv": [0, 6, 1, 6.5], "texture": "#0"},
				"south": {"uv": [0, 6, 1, 6.5], "texture": "#0"},
				"up": {"uv": [0, 6, 1, 6.5], "texture": "#0"},
				"down": {"uv": [0, 6, 1, 6.5], "texture": "#0"}
			}
		},
		{
			"from": [7.5, 1, 4],
			"to": [12.5, 2.5, 9],
			"rotation": {"angle": 0, "axis": "y", "origin": [0.5, 0, 2]},
			"faces": {
				"north": {"uv": [0, 0, 1.5, 5], "rotation": 90, "texture": "#3"},
				"east": {"uv": [0, 0, 1.5, 5], "rotation": 90, "texture": "#3"},
				"south": {"uv": [0, 0, 1.5, 5], "rotation": 90, "texture": "#3"},
				"west": {"uv": [0, 0, 1.5, 5], "rotation": 90, "texture": "#3"},
				"up": {"uv": [1.5, 0, 6.5, 5], "texture": "#3"},
				"down": {"uv": [1.5, 0, 6.5, 5], "texture": "#3"}
			}
		},
		{
			"from": [7.5, 2.7, 4],
			"to": [12.5, 2.7, 9],
			"rotation": {"angle": 45, "axis": "y", "origin": [10, 3, 6.5]},
			"faces": {
				"up": {"uv": [11, 0, 16, 5], "texture": "#3"}
			}
		}
	],
	"display": {
		"thirdperson_righthand": {
			"rotation": [76, -180, 0],
			"translation": [-3.25, 4.25, 5.25],
			"scale": [0.6, 0.6, 0.6]
		},
		"thirdperson_lefthand": {
			"rotation": [76, -180, 0],
			"translation": [-3.25, 4.25, 5.25],
			"scale": [0.6, 0.6, 0.6]
		},
		"firstperson_righthand": {
			"translation": [2.25, 3.5, 0],
			"scale": [0.6, 0.6, 0.6]
		},
		"firstperson_lefthand": {
			"translation": [2.25, 3.5, 0],
			"scale": [0.6, 0.6, 0.6]
		},
		"ground": {
			"translation": [0, 4.5, 0]
		},
		"gui": {
			"rotation": [30, 150, 0],
			"translation": [0.25, 8.25, 0],
			"scale": [1.3, 1.3, 1.3]
		},
		"head": {
			"rotation": [0, 154, -11],
			"translation": [4, -7.25, -15],
			"scale": [1.5, 1.5, 1.5]
		},
		"fixed": {
			"rotation": [-90, 0, 0],
			"translation": [0, 0, -15],
			"scale": [2, 2, 2]
		}
	}
}