{
	"credit": "Made with Blockbench",
	"ambientocclusion": false,
	"textures": {
		"0": "block/dish",
		"1": "block/food_vege",
		"2": "block/meat_chicken",
		"4": "block/box_fru2",
		"particle": "block/meat_chicken"
	},
	"elements": [
		{
			"from": [4.8, 0, 4.8],
			"to": [11.2, 0.5, 11.2],
			"rotation": {"angle": 0, "axis": "y", "origin": [8, 2.72976, 8]},
			"faces": {
				"north": {"uv": [0, 1.5, 4, 2], "texture": "#0"},
				"east": {"uv": [0, 1.5, 4, 2], "texture": "#0"},
				"south": {"uv": [0, 1.5, 4, 2], "texture": "#0"},
				"west": {"uv": [0, 1.5, 4, 2], "texture": "#0"},
				"down": {"uv": [0, 2, 4, 6], "texture": "#0"}
			}
		},
		{
			"name": "octagon",
			"from": [2.4, 0.505, 5.6804],
			"to": [13.6, 1.005, 10.3196],
			"rotation": {"angle": 45, "axis": "y", "origin": [8, 2.72976, 8]},
			"faces": {
				"east": {"uv": [0, 0, 2.89949, 0.5], "texture": "#0"},
				"west": {"uv": [0, 0, 2.89949, 0.5], "texture": "#0"},
				"up": {"uv": [0, 0, 3, 8], "rotation": 90, "texture": "#0"},
				"down": {"uv": [0, 0.5, 2.89949, 7.5], "rotation": 90, "texture": "#0"}
			}
		},
		{
			"name": "octagon",
			"from": [5.6804, 0.5, 2.4],
			"to": [10.3196, 1, 13.6],
			"rotation": {"angle": 0, "axis": "y", "origin": [8, 2.72976, 8]},
			"faces": {
				"north": {"uv": [0, 0, 2.89949, 0.5], "texture": "#0"},
				"south": {"uv": [0, 0, 2.89949, 0.5], "texture": "#0"},
				"up": {"uv": [0, 0.5, 3, 7.5], "texture": "#0"},
				"down": {"uv": [0, 0, 3, 8], "texture": "#0"}
			}
		},
		{
			"name": "octagon",
			"from": [5.6804, 0.51, 2.4],
			"to": [10.3196, 1.01, 13.6],
			"rotation": {"angle": 45, "axis": "y", "origin": [8, 2.72976, 8]},
			"faces": {
				"north": {"uv": [0, 0, 2.89949, 0.5], "texture": "#0"},
				"south": {"uv": [0, 0, 2.89949, 0.5], "texture": "#0"},
				"up": {"uv": [0, 0, 3, 8], "texture": "#0"},
				"down": {"uv": [0, 0.5, 3, 7.5], "texture": "#0"}
			}
		},
		{
			"name": "octagon",
			"from": [2.4, 0.5, 5.6804],
			"to": [13.6, 1, 10.3196],
			"rotation": {"angle": 0, "axis": "y", "origin": [8, 2.72976, 8]},
			"faces": {
				"east": {"uv": [0, 0, 2.799, 0.5], "texture": "#0"},
				"west": {"uv": [0, 0, 2.89949, 0.5], "texture": "#0"},
				"up": {"uv": [0, 0.5, 2.89949, 7.5], "rotation": 90, "texture": "#0"},
				"down": {"uv": [0, 0, 3, 8], "rotation": 90, "texture": "#0"}
			}
		},
		{
			"from": [8.5, 1.5, 5],
			"to": [11.5, 3, 10.5],
			"rotation": {"angle": -22.5, "axis": "z", "origin": [9, 1, 8]},
			"faces": {
				"north": {"uv": [2, 0, 5, 1.5], "texture": "#2"},
				"east": {"uv": [3.25, 0, 8.75, 1.5], "texture": "#2"},
				"south": {"uv": [5, 0, 8, 1.5], "texture": "#2"},
				"west": {"uv": [10.5, 3.5, 16, 5], "texture": "#2"},
				"up": {"uv": [2, 0, 5, 5.5], "texture": "#2"}
			}
		},
		{
			"from": [4, 1, 5],
			"to": [7, 2.5, 9.5],
			"rotation": {"angle": 22.5, "axis": "y", "origin": [4.5, 0.5, 7]},
			"faces": {
				"north": {"uv": [2, 0, 5, 1.5], "texture": "#2"},
				"east": {"uv": [11, 4.25, 15.5, 5.75], "texture": "#2"},
				"south": {"uv": [5, 0, 8, 1.5], "texture": "#2"},
				"west": {"uv": [11, 4.25, 15.5, 5.75], "texture": "#2"},
				"up": {"uv": [3, 2.5, 6, 7], "texture": "#2"}
			}
		},
		{
			"from": [6.5, 1.5, 4],
			"to": [9.5, 3, 9.5],
			"rotation": {"angle": -22.5, "axis": "z", "origin": [7, 1, 7]},
			"faces": {
				"north": {"uv": [2, 0, 5, 1.5], "texture": "#2"},
				"east": {"uv": [3.5, 0, 9, 1.5], "texture": "#2"},
				"south": {"uv": [5, 0, 8, 1.5], "texture": "#2"},
				"west": {"uv": [10.5, 3.5, 16, 5], "texture": "#2"},
				"up": {"uv": [9, 2.5, 12, 8], "texture": "#2"}
			}
		},
		{
			"from": [3, 3, 9.5],
			"to": [13, 3, 14.5],
			"rotation": {"angle": -22.5, "axis": "x", "origin": [0, 2, 14.5]},
			"faces": {
				"up": {"uv": [1.5, 0, 11.5, 5], "rotation": 180, "texture": "#1"},
				"down": {"uv": [1.5, 0, 11.5, 5], "texture": "#1"}
			}
		},
		{
			"from": [10.5, 2.5, 6],
			"to": [15.5, 2.5, 13],
			"rotation": {"angle": 22.5, "axis": "z", "origin": [15.5, 1.5, 0]},
			"faces": {
				"up": {"uv": [6.5, 0, 13.5, 5], "rotation": 90, "texture": "#1"},
				"down": {"uv": [6.5, 0, 13.5, 5], "rotation": 90, "texture": "#1"}
			}
		},
		{
			"from": [4.5, 1, 9.5],
			"to": [6, 2, 11],
			"rotation": {"angle": 45, "axis": "y", "origin": [5.25, 1.5, 10.25]},
			"faces": {
				"north": {"uv": [3.5, 5.5, 5, 6.5], "texture": "#4"},
				"east": {"uv": [5, 2.5, 6.5, 3.5], "texture": "#4"},
				"south": {"uv": [3.5, 5.5, 5, 6.5], "texture": "#4"},
				"west": {"uv": [3.5, 5.5, 5, 6.5], "texture": "#4"},
				"up": {"uv": [5, 2.5, 6.5, 4], "texture": "#4"}
			}
		},
		{
			"from": [2, 1, 6],
			"to": [3.5, 2, 7.5],
			"rotation": {"angle": 45, "axis": "y", "origin": [2.75, 1.5, 6.75]},
			"faces": {
				"north": {"uv": [3.5, 5.5, 5, 6.5], "texture": "#4"},
				"east": {"uv": [5, 2.5, 6.5, 3.5], "texture": "#4"},
				"south": {"uv": [3.5, 5.5, 5, 6.5], "texture": "#4"},
				"west": {"uv": [3.5, 5.5, 5, 6.5], "texture": "#4"},
				"up": {"uv": [5, 2.5, 6.5, 4], "texture": "#4"}
			}
		},
		{
			"from": [3, 1, 8],
			"to": [4.5, 2, 9.5],
			"rotation": {"angle": -22.5, "axis": "y", "origin": [3.75, 1.5, 8.75]},
			"faces": {
				"north": {"uv": [1.25, 10.5, 2.75, 11.5], "texture": "#4"},
				"east": {"uv": [3.5, 5.5, 5, 6.5], "texture": "#4"},
				"south": {"uv": [3.5, 5.5, 5, 6.5], "texture": "#4"},
				"west": {"uv": [3.5, 5.5, 5, 6.5], "texture": "#4"},
				"up": {"uv": [2, 7, 3.5, 8.5], "texture": "#4"}
			}
		}
	],
	"display": {
		"thirdperson_righthand": {
			"rotation": [60, 0, 0],
			"translation": [-6, 4, 3.5],
			"scale": [0.6, 0.6, 0.6]
		},
		"thirdperson_lefthand": {
			"rotation": [60, 0, 0],
			"translation": [-6, 4, 3.5],
			"scale": [0.6, 0.6, 0.6]
		},
		"firstperson_righthand": {
			"translation": [2.25, 3.5, 0],
			"scale": [0.6, 0.6, 0.6]
		},
		"firstperson_lefthand": {
			"translation": [2.25, 3.5, 0],
			"scale": [0.6, 0.6, 0.6]
		},
		"ground": {
			"translation": [0, 0.75, 0],
			"scale": [0.6, 0.6, 0.6]
		},
		"gui": {
			"rotation": [30, -135, 0],
			"translation": [0.5, 4, 0]
		},
		"head": {
			"translation": [0, 14.5, 0]
		},
		"fixed": {
			"rotation": [-90, 0, 0],
			"translation": [0, 0, -15],
			"scale": [2, 2, 2]
		}
	}
}