{
	"credit": "Made with Blockbench",
	"textures": {
		"steak": "block/meat_salmon",
		"knife_fork": "block/cookware_parts",
		"dish": "block/dish",
		"source": "block/white_source",
		"particle": "block/meat_salmon"
	},
	"elements": [
		{
			"from": [5.36875, 0.9513, 8],
			"to": [8.61875, 2.2513, 9.5],
			"rotation": {"angle": -22.5, "axis": "y", "origin": [6.99375, 1.6013, 8.025]},
			"faces": {
				"north": {"uv": [4.5, 0.5, 8.5, 2.55], "texture": "#steak"},
				"south": {"uv": [0, 4, 4, 5.5], "texture": "#steak"},
				"west": {"uv": [4.5, 2.5, 6.5, 4.05], "texture": "#steak"},
				"up": {"uv": [3, 0.5, 7, 2.5], "texture": "#steak"}
			}
		},
		{
			"from": [4.76875, 0.95, 5],
			"to": [8.01875, 2.25, 6.5],
			"rotation": {"angle": 22.5, "axis": "y", "origin": [6.39375, 1.6013, 5.025]},
			"faces": {
				"north": {"uv": [0, 4, 4, 5.5], "texture": "#steak"},
				"south": {"uv": [4.5, 0.5, 8.5, 2.55], "texture": "#steak"},
				"west": {"uv": [4.5, 2.5, 6.5, 4.05], "texture": "#steak"},
				"up": {"uv": [4.5, 0.5, 8.5, 2.5], "texture": "#steak"}
			}
		},
		{
			"from": [7.73125, 0.9513, 5],
			"to": [10.98125, 2.2513, 7],
			"rotation": {"angle": -22.5, "axis": "y", "origin": [9.35625, 1.6013, 5.025]},
			"faces": {
				"north": {"uv": [0, 4, 4, 5.5], "texture": "#steak"},
				"south": {"uv": [4.5, 0.5, 8.5, 2.55], "texture": "#steak"},
				"up": {"uv": [0.5, 0.5, 4.5, 2.5], "texture": "#steak"}
			}
		},
		{
			"from": [7.23125, 0.95, 7.5],
			"to": [10.48125, 2.25, 9.5],
			"rotation": {"angle": 22.5, "axis": "y", "origin": [8.85625, 1.6013, 8.025]},
			"faces": {
				"north": {"uv": [4.5, 0.5, 8.5, 2.55], "texture": "#steak"},
				"south": {"uv": [0, 4, 4, 5.5], "texture": "#steak"},
				"up": {"uv": [1.5, 0.5, 5.5, 2.5], "rotation": 180, "texture": "#steak"}
			}
		},
		{
			"from": [8.73125, 0.94, 5.625],
			"to": [10.88125, 2.24, 8.785],
			"rotation": {"angle": 0, "axis": "y", "origin": [8.85625, 1.6013, 8.025]},
			"faces": {
				"east": {"uv": [0, 4, 4, 5.5], "texture": "#steak"},
				"west": {"uv": [4.5, 0.5, 8.5, 2.55], "texture": "#steak"},
				"up": {"uv": [2.4, 0.5, 0, 3.66], "texture": "#steak"}
			}
		},
		{
			"from": [4.75, 0.95, 9.15],
			"to": [6.7, 1.6, 10.3],
			"rotation": {"angle": 22.5, "axis": "y", "origin": [7.025, 1.275, 11.275]},
			"faces": {
				"north": {"uv": [13.25, 13.5, 15.2, 14.15], "texture": "#steak"},
				"east": {"uv": [14, 13.5, 15.15, 14.15], "texture": "#steak"},
				"south": {"uv": [13.25, 13.5, 15.2, 14.15], "texture": "#steak"},
				"west": {"uv": [14.75, 13.5, 15.9, 14.15], "texture": "#steak"},
				"up": {"uv": [14, 14.85, 15.95, 16], "texture": "#steak"}
			}
		},
		{
			"from": [5.20781, 0.95, 10.65529],
			"to": [7.15781, 2.1, 11.80529],
			"rotation": {"angle": 22.5, "axis": "x", "origin": [6.18281, 1.525, 11.23029]},
			"faces": {
				"north": {"uv": [14, 14.75, 15.95, 15.9], "texture": "#steak"},
				"east": {"uv": [14.5, 13.5, 15.65, 14.65], "texture": "#steak"},
				"south": {"uv": [14, 14.75, 15.95, 15.9], "texture": "#steak"},
				"west": {"uv": [14.5, 13.5, 15.65, 14.65], "texture": "#steak"},
				"up": {"uv": [14.05, 13.5, 16, 14.65], "texture": "#steak"}
			}
		},
		{
			"from": [6.05, 0.95, 11.6],
			"to": [7.5, 2.1, 12.75],
			"rotation": {"angle": 22.5, "axis": "y", "origin": [7.025, 1.275, 11.275]},
			"faces": {
				"north": {"uv": [14.55, 14.75, 16, 15.9], "texture": "#steak"},
				"east": {"uv": [14.75, 13.5, 15.9, 14.65], "texture": "#steak"},
				"south": {"uv": [14.55, 14.6, 16, 15.75], "texture": "#steak"},
				"west": {"uv": [14.75, 13.5, 15.9, 14.65], "texture": "#steak"},
				"up": {"uv": [14.5, 14.75, 15.95, 15.9], "texture": "#steak"}
			}
		},
		{
			"from": [7.55, 0.95, 10.1],
			"to": [9.05, 2.45, 11.6],
			"rotation": {"angle": 22.5, "axis": "y", "origin": [9.025, 1.275, 9.775]},
			"faces": {
				"north": {"uv": [12, 0, 13.5, 1.5], "texture": "#steak"},
				"east": {"uv": [13, 0, 14.5, 1.5], "texture": "#steak"},
				"south": {"uv": [12.05, 0, 13.55, 1.5], "texture": "#steak"},
				"west": {"uv": [14, 2, 15.5, 3.5], "texture": "#steak"},
				"up": {"uv": [13, 0, 14.5, 1.5], "texture": "#steak"}
			}
		},
		{
			"from": [9.55, 0.45, 10.1],
			"to": [11.05, 1.95, 11.6],
			"rotation": {"angle": -22.5, "axis": "x", "origin": [10.3, 1.2, 10.85]},
			"faces": {
				"north": {"uv": [12, 0, 13.5, 1.5], "texture": "#steak"},
				"east": {"uv": [13, 0, 14.5, 1.5], "texture": "#steak"},
				"south": {"uv": [12.05, 0, 13.55, 1.5], "texture": "#steak"},
				"west": {"uv": [14, 2, 15.5, 3.5], "texture": "#steak"},
				"up": {"uv": [13, 0, 14.5, 1.5], "texture": "#steak"}
			}
		},
		{
			"from": [0.5, 0.2, 1.5],
			"to": [3, 0.2, 10],
			"rotation": {"angle": 0, "axis": "y", "origin": [1.75, 0.2, 5.75]},
			"faces": {
				"up": {"uv": [11.25, 0, 13.75, 8.5], "rotation": 180, "texture": "#knife_fork"}
			}
		},
		{
			"from": [12.5, 0.3, 1],
			"to": [15, 0.3, 9.5],
			"rotation": {"angle": 0, "axis": "y", "origin": [13.75, 0.3, 5.25]},
			"faces": {
				"up": {"uv": [9.25, 0, 11.75, 8.5], "rotation": 180, "texture": "#knife_fork"}
			}
		},
		{
			"from": [4.8, 0, 4.8],
			"to": [11.2, 0.5, 11.2],
			"rotation": {"angle": 0, "axis": "y", "origin": [8, 2.72976, 8]},
			"faces": {
				"north": {"uv": [0, 1.5, 4, 2], "texture": "#dish"},
				"east": {"uv": [0, 1.5, 4, 2], "texture": "#dish"},
				"south": {"uv": [0, 1.5, 4, 2], "texture": "#dish"},
				"west": {"uv": [0, 1.5, 4, 2], "texture": "#dish"},
				"down": {"uv": [0, 2, 4, 6], "texture": "#dish"}
			}
		},
		{
			"name": "octagon",
			"from": [2.4, 0.505, 5.6804],
			"to": [13.6, 1.005, 10.3196],
			"rotation": {"angle": 45, "axis": "y", "origin": [8, 2.72976, 8]},
			"faces": {
				"east": {"uv": [0, 0, 2.89949, 0.5], "texture": "#dish"},
				"west": {"uv": [0, 0, 2.89949, 0.5], "texture": "#dish"},
				"up": {"uv": [0, 0, 3, 8], "rotation": 90, "texture": "#dish"},
				"down": {"uv": [0, 0.5, 2.89949, 7.5], "rotation": 90, "texture": "#dish"}
			}
		},
		{
			"name": "octagon",
			"from": [5.6804, 0.5, 2.4],
			"to": [10.3196, 1, 13.6],
			"rotation": {"angle": 0, "axis": "y", "origin": [8, 2.72976, 8]},
			"faces": {
				"north": {"uv": [0, 0, 2.89949, 0.5], "texture": "#dish"},
				"south": {"uv": [0, 0, 2.89949, 0.5], "texture": "#dish"},
				"up": {"uv": [0, 0.5, 3, 7.5], "texture": "#dish"},
				"down": {"uv": [0, 0, 3, 8], "texture": "#dish"}
			}
		},
		{
			"name": "octagon",
			"from": [5.6804, 0.51, 2.4],
			"to": [10.3196, 1.01, 13.6],
			"rotation": {"angle": 45, "axis": "y", "origin": [8, 2.72976, 8]},
			"faces": {
				"north": {"uv": [0, 0, 2.89949, 0.5], "texture": "#dish"},
				"south": {"uv": [0, 0, 2.89949, 0.5], "texture": "#dish"},
				"up": {"uv": [0, 0, 3, 8], "texture": "#dish"},
				"down": {"uv": [0, 0.5, 3, 7.5], "texture": "#dish"}
			}
		},
		{
			"name": "octagon",
			"from": [2.4, 0.5, 5.6804],
			"to": [13.6, 1, 10.3196],
			"rotation": {"angle": 0, "axis": "y", "origin": [8, 2.72976, 8]},
			"faces": {
				"east": {"uv": [0, 0, 2.799, 0.5], "texture": "#dish"},
				"west": {"uv": [0, 0, 2.89949, 0.5], "texture": "#dish"},
				"up": {"uv": [0, 0.5, 2.89949, 7.5], "rotation": 90, "texture": "#dish"},
				"down": {"uv": [0, 0, 3, 8], "rotation": 90, "texture": "#dish"}
			}
		},
		{
			"from": [4, 1.1, 3],
			"to": [12, 1.1, 11.5],
			"rotation": {"angle": 0, "axis": "y", "origin": [11.5, -0.4, -1]},
			"faces": {
				"north": {"uv": [0, 0, 8, 0], "texture": "#missing"},
				"east": {"uv": [0, 0, 8.5, 0], "texture": "#missing"},
				"south": {"uv": [0, 0, 8, 0], "texture": "#missing"},
				"west": {"uv": [0, 0, 8.5, 0], "texture": "#missing"},
				"up": {"uv": [2.5, 2.75, 13.5, 13], "texture": "#source"},
				"down": {"uv": [0, 0, 8, 8.5], "texture": "#missing"}
			}
		}
	],
	"display": {
		"thirdperson_righthand": {
			"rotation": [60, 0, 0],
			"translation": [-6, 4, 3.5],
			"scale": [0.6, 0.6, 0.6]
		},
		"thirdperson_lefthand": {
			"rotation": [60, 0, 0],
			"translation": [-6, 4, 3.5],
			"scale": [0.6, 0.6, 0.6]
		},
		"firstperson_righthand": {
			"translation": [2.25, 3.5, 0],
			"scale": [0.6, 0.6, 0.6]
		},
		"firstperson_lefthand": {
			"translation": [2.25, 3.5, 0],
			"scale": [0.6, 0.6, 0.6]
		},
		"ground": {
			"translation": [0, 0.75, 0],
			"scale": [0.6, 0.6, 0.6]
		},
		"gui": {
			"rotation": [30, -135, 0],
			"translation": [0.5, 4, 0]
		},
		"head": {
			"translation": [0, 14.5, 0]
		},
		"fixed": {
			"rotation": [-90, 0, 0],
			"translation": [0, 0, -15],
			"scale": [2, 2, 2]
		}
	}
}