{
	"credit": "Made with Blockbench",
	"textures": {
		"particle": "block/pizza_c",
		"0": "block/pizza_c",
		"1": "block/dish"
	},
	"elements": [
		{
			"from": [1, 1.5625, 1],
			"to": [15, 1.5625, 15],
			"rotation": {"angle": 0, "axis": "y", "origin": [8, 10.5625, 8]},
			"faces": {
				"up": {"uv": [1, 1, 15, 15], "texture": "#0"}
			}
		},
		{
			"from": [4, 0, 4],
			"to": [12, 0.5, 12],
			"rotation": {"angle": 0, "axis": "y", "origin": [8, 2.72976, 8]},
			"faces": {
				"north": {"uv": [0, 1.5, 4.5, 2.25], "texture": "#1"},
				"east": {"uv": [0, 1.5, 4.5, 2.25], "texture": "#1"},
				"south": {"uv": [0, 1.5, 4.5, 2.25], "texture": "#1"},
				"west": {"uv": [0, 1.5, 4.5, 2.25], "texture": "#1"},
				"down": {"uv": [0, 2, 4, 6], "texture": "#1"}
			}
		},
		{
			"name": "octagon",
			"from": [1, 0.505, 5.1005],
			"to": [15, 1.005, 10.8995],
			"rotation": {"angle": 45, "axis": "y", "origin": [8, 2.72976, 8]},
			"faces": {
				"east": {"uv": [0, 0, 2.89949, 0.5], "texture": "#1"},
				"west": {"uv": [0, 0, 2.89949, 0.5], "texture": "#1"},
				"up": {"uv": [0, 0, 3, 8], "rotation": 90, "texture": "#1"},
				"down": {"uv": [0, 0.5, 2.89949, 7.5], "rotation": 90, "texture": "#1"}
			}
		},
		{
			"name": "octagon",
			"from": [5.1005, 0.5, 1],
			"to": [10.8995, 1, 15],
			"rotation": {"angle": 0, "axis": "y", "origin": [8, 2.72976, 8]},
			"faces": {
				"north": {"uv": [0, 0, 2.89949, 0.5], "texture": "#1"},
				"south": {"uv": [0, 0, 2.89949, 0.5], "texture": "#1"},
				"up": {"uv": [0, 0.5, 3, 7.5], "texture": "#1"},
				"down": {"uv": [0, 0, 3, 8], "texture": "#1"}
			}
		},
		{
			"name": "octagon",
			"from": [5.1005, 0.51, 1],
			"to": [10.8995, 1.01, 15],
			"rotation": {"angle": 45, "axis": "y", "origin": [8, 2.72976, 8]},
			"faces": {
				"north": {"uv": [0, 0, 2.89949, 0.5], "texture": "#1"},
				"south": {"uv": [0, 0, 2.89949, 0.5], "texture": "#1"},
				"up": {"uv": [0, 0, 3, 8], "texture": "#1"},
				"down": {"uv": [0, 0.5, 3, 7.5], "texture": "#1"}
			}
		},
		{
			"name": "octagon",
			"from": [1, 0.5, 5.1005],
			"to": [15, 1, 10.8995],
			"rotation": {"angle": 0, "axis": "y", "origin": [8, 2.72976, 8]},
			"faces": {
				"east": {"uv": [0, 0, 2.89949, 0.5], "texture": "#1"},
				"west": {"uv": [0, 0, 2.89949, 0.5], "texture": "#1"},
				"up": {"uv": [0, 0.5, 2.89949, 7.5], "rotation": 90, "texture": "#1"},
				"down": {"uv": [0, 0, 3, 8], "rotation": 90, "texture": "#1"}
			}
		}
	],
	"display": {
		"thirdperson_righthand": {
			"rotation": [80, 0, 0],
			"translation": [-3.75, 4.25, 4.5],
			"scale": [0.65, 0.65, 0.65]
		},
		"thirdperson_lefthand": {
			"rotation": [80, 0, 0],
			"translation": [-3.75, 4.25, 4.5],
			"scale": [0.65, 0.65, 0.65]
		},
		"firstperson_righthand": {
			"translation": [3.25, 5.75, 0]
		},
		"firstperson_lefthand": {
			"translation": [3.25, 5.75, 0]
		},
		"ground": {
			"translation": [0, 3.75, 0],
			"scale": [0.8, 0.8, 0.8]
		},
		"gui": {
			"rotation": [30, -135, 0],
			"translation": [1.25, 3.25, 0]
		},
		"head": {
			"translation": [0, 14.5, 0]
		},
		"fixed": {
			"rotation": [-90, 0, 0],
			"translation": [0, 0, -15],
			"scale": [2, 2, 2]
		}
	}
}