{
	"credit": "Made with Blockbench",
	"ambientocclusion": false,
	"textures": {
		"particle": "block/meat_chicken",
		"0": "block/dish",
		"1": "block/leaves_platan_b",
		"2": "block/meat_chicken",
		"3": "block/box_fru2",
		"4": "block/box_vege0"
	},
	"elements": [
		{
			"from": [5.5, 1.5, 4.5],
			"to": [10.5, 6.5, 11],
			"rotation": {"angle": 45, "axis": "z", "origin": [8, 4, 7.75]},
			"faces": {
				"north": {"uv": [0, 0, 5, 5], "rotation": 90, "texture": "#2"},
				"east": {"uv": [0.75, 0, 5.75, 6.5], "rotation": 90, "texture": "#2"},
				"south": {"uv": [3, 0, 8, 5], "rotation": 90, "texture": "#2"},
				"west": {"uv": [5.25, 0, 10.25, 6.5], "rotation": 90, "texture": "#2"},
				"up": {"uv": [6, 0, 11, 6.5], "texture": "#2"},
				"down": {"uv": [0.25, 0, 5.25, 6.5], "texture": "#2"}
			}
		},
		{
			"from": [4, 0, 4],
			"to": [12, 0.5, 12],
			"rotation": {"angle": 0, "axis": "y", "origin": [8, 2.72976, 8]},
			"faces": {
				"north": {"uv": [0, 1.5, 4, 2], "texture": "#0"},
				"east": {"uv": [0, 1.5, 4, 2], "texture": "#0"},
				"south": {"uv": [0, 1.5, 4, 2], "texture": "#0"},
				"west": {"uv": [0, 1.5, 4, 2], "texture": "#0"},
				"down": {"uv": [0, 2, 4, 6], "texture": "#0"}
			}
		},
		{
			"name": "octagon",
			"from": [1, 0.505, 5.1005],
			"to": [15, 1.005, 10.8995],
			"rotation": {"angle": 45, "axis": "y", "origin": [8, 2.72976, 8]},
			"faces": {
				"east": {"uv": [0, 0, 2.89949, 0.5], "texture": "#0"},
				"west": {"uv": [0, 0, 2.89949, 0.5], "texture": "#0"},
				"up": {"uv": [0, 0, 3, 8], "rotation": 90, "texture": "#0"},
				"down": {"uv": [0, 0.5, 2.89949, 7.5], "rotation": 90, "texture": "#0"}
			}
		},
		{
			"name": "octagon",
			"from": [5.1005, 0.5, 1],
			"to": [10.8995, 1, 15],
			"rotation": {"angle": 0, "axis": "y", "origin": [8, 2.72976, 8]},
			"faces": {
				"north": {"uv": [0, 0, 2.89949, 0.5], "texture": "#0"},
				"south": {"uv": [0, 0, 2.89949, 0.5], "texture": "#0"},
				"up": {"uv": [0, 0.5, 3, 7.5], "texture": "#0"},
				"down": {"uv": [0, 0, 3, 8], "texture": "#0"}
			}
		},
		{
			"name": "octagon",
			"from": [5.1005, 0.51, 1],
			"to": [10.8995, 1.01, 15],
			"rotation": {"angle": 45, "axis": "y", "origin": [8, 2.72976, 8]},
			"faces": {
				"north": {"uv": [0, 0, 2.89949, 0.5], "texture": "#0"},
				"south": {"uv": [0, 0, 2.89949, 0.5], "texture": "#0"},
				"up": {"uv": [0, 0, 3, 8], "texture": "#0"},
				"down": {"uv": [0, 0.5, 3, 7.5], "texture": "#0"}
			}
		},
		{
			"name": "octagon",
			"from": [1, 0.5, 5.1005],
			"to": [15, 1, 10.8995],
			"rotation": {"angle": 0, "axis": "y", "origin": [8, 2.72976, 8]},
			"faces": {
				"east": {"uv": [0, 0, 2.799, 0.5], "texture": "#0"},
				"west": {"uv": [0, 0, 2.89949, 0.5], "texture": "#0"},
				"up": {"uv": [0, 0.5, 2.89949, 7.5], "rotation": 90, "texture": "#0"},
				"down": {"uv": [0, 0, 3, 8], "rotation": 90, "texture": "#0"}
			}
		},
		{
			"from": [4.5, 1, 8.5],
			"to": [7.5, 3, 12],
			"rotation": {"angle": 0, "axis": "y", "origin": [7, 1.5, 10]},
			"faces": {
				"north": {"uv": [4.5, 2.5, 7.5, 4.5], "texture": "#2"},
				"east": {"uv": [0, 0, 3.5, 2], "texture": "#2"},
				"south": {"uv": [1.5, 12.5, 4.5, 14.5], "texture": "#2"},
				"west": {"uv": [4, 0, 7.5, 2], "texture": "#2"},
				"up": {"uv": [4.5, 1.5, 7.5, 5], "texture": "#2"}
			}
		},
		{
			"from": [4, 2.5, 8.5],
			"to": [6.5, 5, 13.5],
			"rotation": {"angle": -22.5, "axis": "x", "origin": [6.5, 1.5, 10]},
			"faces": {
				"north": {"uv": [4, 2, 6.5, 4.5], "texture": "#2"},
				"east": {"uv": [3.5, 0, 8.5, 2.5], "texture": "#2"},
				"south": {"uv": [0, 0, 2.5, 2.5], "texture": "#2"},
				"west": {"uv": [0, 3.5, 5, 6], "texture": "#2"},
				"up": {"uv": [3.5, 6.5, 6, 11.5], "texture": "#2"},
				"down": {"uv": [4.5, 0, 7, 5], "texture": "#2"}
			}
		},
		{
			"from": [5, 4, 11],
			"to": [7, 5.5, 14],
			"rotation": {"angle": 22.5, "axis": "y", "origin": [6.5, 3, 12.5]},
			"faces": {
				"north": {"uv": [0, 0, 2, 1.5], "texture": "#missing"},
				"east": {"uv": [0, 0, 3, 1.5], "texture": "#2"},
				"south": {"uv": [0, 0, 2, 1.5], "texture": "#2"},
				"west": {"uv": [0, 0, 3, 1.5], "texture": "#2"},
				"up": {"uv": [0, 7, 2, 10], "texture": "#2"},
				"down": {"uv": [5, 1, 7, 4], "texture": "#2"}
			}
		},
		{
			"from": [4.5, 1, 4.5],
			"to": [6.5, 3, 9],
			"rotation": {"angle": -22.5, "axis": "y", "origin": [7, 0.5, 6.5]},
			"faces": {
				"north": {"uv": [0, 0, 2, 2], "texture": "#2"},
				"east": {"uv": [11.5, 12.5, 16, 14.5], "texture": "#2"},
				"south": {"uv": [5.5, 0, 7.5, 2], "texture": "#2"},
				"west": {"uv": [2, 9, 6.5, 11], "texture": "#2"},
				"up": {"uv": [0, 0, 2, 4.5], "texture": "#2"}
			}
		},
		{
			"from": [8.5, 1, 8.5],
			"to": [11.5, 3, 12],
			"rotation": {"angle": 0, "axis": "y", "origin": [9, 1.5, 10]},
			"faces": {
				"north": {"uv": [3, 0, 6, 2], "texture": "#2"},
				"east": {"uv": [3.5, 0, 7, 2], "texture": "#2"},
				"south": {"uv": [13, 8.5, 16, 10.5], "texture": "#2"},
				"west": {"uv": [3.5, 0, 7, 2], "texture": "#2"},
				"up": {"uv": [3, 0, 6, 3.5], "texture": "#2"}
			}
		},
		{
			"from": [9.5, 1, 4.5],
			"to": [11.5, 3, 9],
			"rotation": {"angle": 22.5, "axis": "y", "origin": [9, 0.5, 6.5]},
			"faces": {
				"north": {"uv": [2, 0, 4, 2], "texture": "#2"},
				"east": {"uv": [0.75, 8.75, 5.25, 10.75], "texture": "#2"},
				"south": {"uv": [5, 0, 7, 2], "texture": "#2"},
				"west": {"uv": [11.5, 12.5, 16, 14.5], "texture": "#2"},
				"up": {"uv": [2, 0, 4, 4.5], "texture": "#2"}
			}
		},
		{
			"from": [9.5, 2.5, 8.5],
			"to": [12, 5, 13.5],
			"rotation": {"angle": -22.5, "axis": "x", "origin": [9.5, 1.5, 10]},
			"faces": {
				"north": {"uv": [4, 2, 6.5, 4.5], "texture": "#2"},
				"east": {"uv": [0, 0.5, 5, 3], "texture": "#2"},
				"south": {"uv": [3, 0, 5.5, 2.5], "texture": "#2"},
				"west": {"uv": [2, 0, 7, 2.5], "texture": "#2"},
				"up": {"uv": [6.5, 3.5, 9, 8.5], "texture": "#2"},
				"down": {"uv": [3, 0, 5.5, 5], "texture": "#2"}
			}
		},
		{
			"from": [9, 4, 11],
			"to": [11, 5.5, 14],
			"rotation": {"angle": -22.5, "axis": "y", "origin": [9.5, 3, 12.5]},
			"faces": {
				"north": {"uv": [2, 0, 4, 1.5], "texture": "#missing"},
				"east": {"uv": [3, 0, 6, 1.5], "texture": "#2"},
				"south": {"uv": [2, 0, 4, 1.5], "texture": "#2"},
				"west": {"uv": [8.5, 0, 11.5, 1.5], "texture": "#2"},
				"up": {"uv": [0, 7, 2, 10], "texture": "#2"},
				"down": {"uv": [5, 1.5, 7, 4.5], "texture": "#2"}
			}
		},
		{
			"from": [3, 3, 0],
			"to": [13, 3, 5],
			"rotation": {"angle": 22.5, "axis": "x", "origin": [0, 2, 0]},
			"faces": {
				"up": {"uv": [1.25, 0, 6.25, 10], "rotation": 90, "texture": "#1"},
				"down": {"uv": [1.25, 0, 6.25, 10], "rotation": 270, "texture": "#1"}
			}
		},
		{
			"from": [3, 3, 11],
			"to": [13, 3, 16],
			"rotation": {"angle": -22.5, "axis": "x", "origin": [0, 2, 16]},
			"faces": {
				"up": {"uv": [1.5, 2.25, 11.5, 7.25], "rotation": 180, "texture": "#1"},
				"down": {"uv": [1.5, 2.25, 11.5, 7.25], "texture": "#1"}
			}
		},
		{
			"from": [11, 3, 3],
			"to": [16, 3, 13],
			"rotation": {"angle": 22.5, "axis": "z", "origin": [16, 2, 0]},
			"faces": {
				"up": {"uv": [1.25, 1.25, 11.25, 6.25], "rotation": 90, "texture": "#1"},
				"down": {"uv": [1.25, 1.25, 11.25, 6.25], "rotation": 90, "texture": "#1"}
			}
		},
		{
			"from": [0, 3, 3],
			"to": [5, 3, 13],
			"rotation": {"angle": -22.5, "axis": "z", "origin": [0, 2, 0]},
			"faces": {
				"up": {"uv": [1.5, 0.5, 6.5, 10.5], "texture": "#1"},
				"down": {"uv": [1.5, 0.5, 6.5, 10.5], "texture": "#1"}
			}
		},
		{
			"from": [3.5, 1, 4.5],
			"to": [4.5, 2, 5.5],
			"rotation": {"angle": 45, "axis": "y", "origin": [4, 1.5, 5]},
			"faces": {
				"north": {"uv": [4, 5, 5, 6], "texture": "#3"},
				"east": {"uv": [4, 5, 5, 6], "texture": "#3"},
				"south": {"uv": [4, 5, 5, 6], "texture": "#3"},
				"west": {"uv": [4, 5, 5, 6], "texture": "#3"},
				"up": {"uv": [4, 5, 5, 6], "texture": "#3"},
				"down": {"uv": [4, 5, 5, 6], "texture": "#3"}
			}
		},
		{
			"from": [3, 1, 9.5],
			"to": [4.5, 2, 11],
			"rotation": {"angle": 45, "axis": "y", "origin": [3.75, 1.5, 10.25]},
			"faces": {
				"north": {"uv": [1.75, 1.75, 3.25, 2.75], "texture": "#4"},
				"east": {"uv": [1.75, 1.75, 3.25, 2.75], "texture": "#4"},
				"south": {"uv": [1.75, 1.75, 3.25, 2.75], "texture": "#4"},
				"west": {"uv": [1.75, 1.75, 3.25, 2.75], "texture": "#4"},
				"up": {"uv": [1.75, 1.75, 3.25, 3.25], "texture": "#4"},
				"down": {"uv": [1.75, 1.75, 3.25, 3.25], "texture": "#4"}
			}
		},
		{
			"from": [2, 1, 8],
			"to": [3.5, 2, 9.5],
			"rotation": {"angle": -22.5, "axis": "y", "origin": [2.75, 1.5, 8.75]},
			"faces": {
				"north": {"uv": [1.75, 1.75, 3.25, 2.75], "texture": "#4"},
				"east": {"uv": [1.75, 1.75, 3.25, 2.75], "texture": "#4"},
				"south": {"uv": [1.75, 1.75, 3.25, 2.75], "texture": "#4"},
				"west": {"uv": [1.75, 1.75, 3.25, 2.75], "texture": "#4"},
				"up": {"uv": [1.75, 1.75, 3.25, 3.25], "texture": "#4"},
				"down": {"uv": [1.75, 1.75, 3.25, 3.25], "texture": "#4"}
			}
		},
		{
			"from": [12, 1, 8],
			"to": [13.5, 2, 9.5],
			"rotation": {"angle": 45, "axis": "y", "origin": [12.75, 1.5, 8.75]},
			"faces": {
				"north": {"uv": [1.75, 1.75, 3.25, 2.75], "texture": "#4"},
				"east": {"uv": [1.75, 1.75, 3.25, 2.75], "texture": "#4"},
				"south": {"uv": [1.75, 1.75, 3.25, 2.75], "texture": "#4"},
				"west": {"uv": [1.75, 1.75, 3.25, 2.75], "texture": "#4"},
				"up": {"uv": [1.75, 1.75, 3.25, 3.25], "texture": "#4"},
				"down": {"uv": [1.75, 1.75, 3.25, 3.25], "texture": "#4"}
			}
		},
		{
			"from": [12.5, 1, 10],
			"to": [14, 2, 11.5],
			"rotation": {"angle": 22.5, "axis": "y", "origin": [13.25, 1.5, 10.75]},
			"faces": {
				"north": {"uv": [1.75, 1.75, 3.25, 2.75], "texture": "#4"},
				"east": {"uv": [1.75, 1.75, 3.25, 2.75], "texture": "#4"},
				"south": {"uv": [1.75, 1.75, 3.25, 2.75], "texture": "#4"},
				"west": {"uv": [1.75, 1.75, 3.25, 2.75], "texture": "#4"},
				"up": {"uv": [1.75, 1.75, 3.25, 3.25], "texture": "#4"},
				"down": {"uv": [1.75, 1.75, 3.25, 3.25], "texture": "#4"}
			}
		},
		{
			"from": [6, 1, 3],
			"to": [7, 2, 4],
			"rotation": {"angle": 45, "axis": "y", "origin": [6.5, 1.5, 3.5]},
			"faces": {
				"north": {"uv": [4, 5, 5, 6], "texture": "#3"},
				"east": {"uv": [4, 5, 5, 6], "texture": "#3"},
				"south": {"uv": [4, 5, 5, 6], "texture": "#3"},
				"west": {"uv": [4, 5, 5, 6], "texture": "#3"},
				"up": {"uv": [4, 5, 5, 6], "texture": "#3"},
				"down": {"uv": [4, 5, 5, 6], "texture": "#3"}
			}
		},
		{
			"from": [8.5, 1, 3],
			"to": [9.5, 2, 4],
			"rotation": {"angle": 45, "axis": "y", "origin": [9, 1.5, 3.5]},
			"faces": {
				"north": {"uv": [4, 5, 5, 6], "texture": "#3"},
				"east": {"uv": [4, 5, 5, 6], "texture": "#3"},
				"south": {"uv": [4, 5, 5, 6], "texture": "#3"},
				"west": {"uv": [4, 5, 5, 6], "texture": "#3"},
				"up": {"uv": [4, 5, 5, 6], "texture": "#3"},
				"down": {"uv": [4, 5, 5, 6], "texture": "#3"}
			}
		},
		{
			"from": [11.5, 1, 4],
			"to": [12.5, 2, 5],
			"rotation": {"angle": 45, "axis": "y", "origin": [12, 1.5, 4.5]},
			"faces": {
				"north": {"uv": [4, 5, 5, 6], "texture": "#3"},
				"east": {"uv": [4, 5, 5, 6], "texture": "#3"},
				"south": {"uv": [4, 5, 5, 6], "texture": "#3"},
				"west": {"uv": [4, 5, 5, 6], "texture": "#3"},
				"up": {"uv": [4, 5, 5, 6], "texture": "#3"},
				"down": {"uv": [4, 5, 5, 6], "texture": "#3"}
			}
		}
	],
	"display": {
		"thirdperson_righthand": {
			"rotation": [80, 0, 0],
			"translation": [-3.75, 4.25, 4.5],
			"scale": [0.65, 0.65, 0.65]
		},
		"thirdperson_lefthand": {
			"rotation": [80, 0, 0],
			"translation": [-3.75, 4.25, 4.5],
			"scale": [0.65, 0.65, 0.65]
		},
		"firstperson_righthand": {
			"translation": [3.25, 5.75, 0]
		},
		"firstperson_lefthand": {
			"translation": [3.25, 5.75, 0]
		},
		"ground": {
			"translation": [0, 3.75, 0],
			"scale": [0.8, 0.8, 0.8]
		},
		"gui": {
			"rotation": [30, -135, 0],
			"translation": [1.25, 3.25, 0]
		},
		"head": {
			"translation": [0, 14.5, 0]
		},
		"fixed": {
			"rotation": [-90, 0, 0],
			"translation": [0, 0, -15],
			"scale": [2, 2, 2]
		}
	}
}