{
	"credit": "Made with Blockbench",
	"textures": {
		"particle": "block/pizza_c",
		"0": "block/pizza_c",
		"1": "block/wallpaper_native_yellow",
		"2": "block/roof_zinc_white_edge"
	},
	"elements": [
		{
			"from": [1, 1.5625, 0],
			"to": [15, 1.5625, 14],
			"rotation": {"angle": 0, "axis": "y", "origin": [8, 10.5625, 7]},
			"faces": {
				"up": {"uv": [1, 1, 15, 15], "texture": "#0"}
			}
		},
		{
			"from": [1.5, 0.3, 0.5],
			"to": [14.5, 0.3, 13.5],
			"rotation": {"angle": 0, "axis": "y", "origin": [8, 7.8, 7]},
			"faces": {
				"up": {"uv": [1.25, 2, 14.25, 15], "texture": "#2"},
				"down": {"uv": [1.5, 1.75, 14.5, 14.75], "texture": "#1"}
			}
		},
		{
			"from": [1.5, 0, 0.5],
			"to": [1.5, 2, 13.5],
			"rotation": {"angle": 0, "axis": "y", "origin": [1.5, 0, -1]},
			"faces": {
				"east": {"uv": [1.25, 0, 14.25, 2], "texture": "#2"},
				"west": {"uv": [1.5, 1.75, 14.5, 3.75], "texture": "#1"}
			}
		},
		{
			"from": [14.5, 0, 0.5],
			"to": [14.5, 2, 13.5],
			"rotation": {"angle": 0, "axis": "y", "origin": [22.5, 8, 7]},
			"faces": {
				"east": {"uv": [1.5, 1.75, 14.5, 3.75], "texture": "#1"},
				"west": {"uv": [1.25, 0, 14.25, 2], "texture": "#2"}
			}
		},
		{
			"from": [1.5, 0, 0.5],
			"to": [14.5, 2, 0.5],
			"rotation": {"angle": 0, "axis": "y", "origin": [0, 0, 0.5]},
			"faces": {
				"north": {"uv": [1.5, 1.75, 14.5, 3.75], "texture": "#1"},
				"south": {"uv": [1.25, 0, 14.25, 2], "texture": "#2"}
			}
		},
		{
			"from": [1.5, 0, 13.5],
			"to": [14.5, 2, 13.5],
			"rotation": {"angle": 0, "axis": "y", "origin": [8, 8, 21.5]},
			"faces": {
				"north": {"uv": [1.25, 0, 14.25, 2], "texture": "#2"},
				"south": {"uv": [1.5, 1.75, 14.5, 3.75], "texture": "#1"}
			}
		},
		{
			"from": [1.5, 1, 26.5],
			"to": [14.5, 2, 26.5],
			"rotation": {"angle": -22.5, "axis": "x", "origin": [2.5, 2, 13.5]},
			"faces": {
				"north": {"uv": [1.25, 0.5, 14.25, 1.5], "texture": "#2"},
				"south": {"uv": [1.5, 9.75, 14.5, 10.75], "texture": "#1"}
			}
		},
		{
			"from": [1.5, 1, 13.5],
			"to": [1.5, 2, 26.5],
			"rotation": {"angle": -22.5, "axis": "x", "origin": [2.5, 2, 13.5]},
			"faces": {
				"east": {"uv": [1.25, 0.5, 14.25, 1.5], "texture": "#2"},
				"west": {"uv": [1.5, 9.75, 14.5, 10.75], "texture": "#1"}
			}
		},
		{
			"from": [1.5, 1, 13.5],
			"to": [14.5, 2, 13.5],
			"rotation": {"angle": -22.5, "axis": "x", "origin": [2.5, 2, 13.5]},
			"faces": {
				"north": {"uv": [1.5, 9.75, 14.5, 10.75], "texture": "#1"},
				"south": {"uv": [1.25, 0.5, 14.25, 1.5], "texture": "#2"}
			}
		},
		{
			"from": [14.5, 1, 13.5],
			"to": [14.5, 2, 26.5],
			"rotation": {"angle": -22.5, "axis": "x", "origin": [2.5, 2, 13.5]},
			"faces": {
				"east": {"uv": [1.5, 9.75, 14.5, 10.75], "texture": "#1"},
				"west": {"uv": [1.25, 0.5, 14.25, 1.5], "texture": "#2"}
			}
		},
		{
			"from": [1.5, 1, 13.5],
			"to": [14.5, 1, 26.5],
			"rotation": {"angle": -22.5, "axis": "x", "origin": [2.5, 2, 13.5]},
			"faces": {
				"up": {"uv": [1.25, 2, 14.25, 15], "texture": "#2"},
				"down": {"uv": [1.5, 1.75, 14.5, 14.75], "texture": "#1"}
			}
		}
	],
	"display": {
		"thirdperson_righthand": {
			"rotation": [80, 0, 0],
			"translation": [-3.75, 4.25, 4.5],
			"scale": [0.65, 0.65, 0.65]
		},
		"thirdperson_lefthand": {
			"rotation": [80, 0, 0],
			"translation": [-3.75, 4.25, 4.5],
			"scale": [0.65, 0.65, 0.65]
		},
		"firstperson_righthand": {
			"translation": [3.25, 5.75, 0]
		},
		"firstperson_lefthand": {
			"translation": [3.25, 5.75, 0]
		},
		"ground": {
			"translation": [0, 3.75, 0],
			"scale": [0.8, 0.8, 0.8]
		},
		"gui": {
			"rotation": [30, -135, 0],
			"translation": [1.25, 3.25, 0]
		},
		"head": {
			"translation": [0, 14.5, 0]
		},
		"fixed": {
			"rotation": [-90, 0, 0],
			"translation": [0, 0, -15],
			"scale": [2, 2, 2]
		}
	}
}