{
	"credit": "Made with Blockbench",
	"textures": {
		"particle": "block/rattan_closet_side",
		"1": "block/cookware_parts",
		"2": "block/box_vege2",
		"3": "block/leaves_platan_b",
		"4": "block/rattan_closet_side",
		"5": "block/leaves_platan_b",
		"7": "block/box_vege5",
		"lower": "block/dish"
	},
	"elements": [
		{
			"name": "octagon",
			"from": [7.04, 0.02, 9.27393],
			"to": [12.96, 1.5, 11.72607],
			"rotation": {"angle": 45, "axis": "y", "origin": [10, 0.74, 10.5]},
			"faces": {
				"east": {"uv": [3.75, 3.5, 6.20214, 4.98], "texture": "#4"},
				"west": {"uv": [3.75, 3.5, 6.20214, 4.98], "texture": "#4"},
				"down": {"uv": [3.75, 3.5, 6.20214, 9.42], "rotation": 90, "texture": "#4"}
			}
		},
		{
			"name": "octagon",
			"from": [7.04, 0.01, 9.27393],
			"to": [12.96, 1.49, 11.72607],
			"rotation": {"angle": 0, "axis": "y", "origin": [10, 0.74, 10.5]},
			"faces": {
				"east": {"uv": [3.75, 3.5, 6.20214, 4.98], "texture": "#4"},
				"west": {"uv": [3.75, 3.5, 6.20214, 4.98], "texture": "#4"},
				"down": {"uv": [3.75, 3.5, 6.20214, 9.42], "rotation": 90, "texture": "#4"}
			}
		},
		{
			"name": "octagon",
			"from": [8.77393, 0, 7.54],
			"to": [11.22607, 1.48, 13.46],
			"rotation": {"angle": 45, "axis": "y", "origin": [10, 0.74, 10.5]},
			"faces": {
				"north": {"uv": [3.75, 3.5, 6.20214, 4.98], "texture": "#4"},
				"south": {"uv": [3.75, 3.5, 6.20214, 4.98], "texture": "#4"},
				"down": {"uv": [3.75, 3.5, 6.20214, 9.42], "rotation": 180, "texture": "#4"}
			}
		},
		{
			"name": "octagon",
			"from": [8.77393, 0.01, 7.54],
			"to": [11.22607, 1.49, 13.46],
			"rotation": {"angle": 0, "axis": "y", "origin": [10, 0.74, 10.5]},
			"faces": {
				"north": {"uv": [3.75, 3.5, 6.20214, 4.98], "texture": "#4"},
				"south": {"uv": [3.75, 3.5, 6.20214, 4.98], "texture": "#4"},
				"down": {"uv": [3.75, 3.5, 6.20214, 9.42], "rotation": 180, "texture": "#4"}
			}
		},
		{
			"name": "octagon",
			"from": [6.3, 1.481, 8.96741],
			"to": [13.7, 3.701, 12.03259],
			"rotation": {"angle": 45, "axis": "y", "origin": [10, 2.22, 10.5]},
			"faces": {
				"east": {"uv": [3.25, 3.5, 6.31518, 5.72], "texture": "#4"},
				"west": {"uv": [3.25, 3.5, 6.31518, 5.72], "texture": "#4"},
				"up": {"uv": [2.5, 1.5, 5.56518, 8.9], "rotation": 270, "texture": "#2"},
				"down": {"uv": [3.25, 3.5, 6.31518, 10.9], "rotation": 90, "texture": "#4"}
			}
		},
		{
			"name": "octagon",
			"from": [6.3, 1.48, 8.96741],
			"to": [13.7, 3.7, 12.03259],
			"rotation": {"angle": 0, "axis": "y", "origin": [10, 2.22, 10.5]},
			"faces": {
				"east": {"uv": [3.25, 3.5, 6.31518, 5.72], "texture": "#4"},
				"west": {"uv": [3.25, 3.5, 6.31518, 5.72], "texture": "#4"},
				"up": {"uv": [3.5, 1, 6.56518, 8.4], "rotation": 270, "texture": "#2"},
				"down": {"uv": [3.25, 3.5, 6.31518, 10.9], "rotation": 90, "texture": "#4"}
			}
		},
		{
			"name": "octagon",
			"from": [8.46741, 1.482, 6.8],
			"to": [11.53259, 3.702, 14.2],
			"rotation": {"angle": 45, "axis": "y", "origin": [10, 2.22, 10.5]},
			"faces": {
				"north": {"uv": [3.25, 3.5, 6.31518, 5.72], "texture": "#4"},
				"south": {"uv": [3.25, 3.5, 6.31518, 5.72], "texture": "#4"},
				"up": {"uv": [3, 10, 10.4, 13.06518], "rotation": 270, "texture": "#2"},
				"down": {"uv": [3.25, 3.5, 6.31518, 10.9], "rotation": 180, "texture": "#4"}
			}
		},
		{
			"name": "octagon",
			"from": [8.46741, 1.48, 6.8],
			"to": [11.53259, 3.7, 14.2],
			"rotation": {"angle": 0, "axis": "y", "origin": [10, 2.22, 10.5]},
			"faces": {
				"north": {"uv": [3.25, 3.5, 6.31518, 5.72], "texture": "#4"},
				"south": {"uv": [3.25, 3.5, 6.31518, 5.72], "texture": "#4"},
				"up": {"uv": [3, 10, 13, 14], "rotation": 270, "texture": "#2"},
				"down": {"uv": [3.25, 3.5, 6.31518, 10.9], "rotation": 180, "texture": "#4"}
			}
		},
		{
			"name": "octagon",
			"from": [13.7, 2.96, 8.66089],
			"to": [14.44, 5.18, 12.33911],
			"rotation": {"angle": 45, "axis": "y", "origin": [10, 3.7, 10.5]},
			"faces": {
				"east": {"uv": [2, 3.5, 5.67822, 5.72], "texture": "#4"},
				"west": {"uv": [2, 3.5, 5.67822, 5.72], "texture": "#4"},
				"up": {"uv": [2, 3.5, 5.67822, 4.24], "rotation": 90, "texture": "#4"},
				"down": {"uv": [2, 3.5, 5.67822, 4.24], "rotation": 270, "texture": "#4"}
			}
		},
		{
			"name": "octagon",
			"from": [13.7, 2.97, 8.66089],
			"to": [14.44, 5.19, 12.33911],
			"rotation": {"angle": 0, "axis": "y", "origin": [10, 3.7, 10.5]},
			"faces": {
				"east": {"uv": [2, 3.5, 5.67822, 5.72], "texture": "#4"},
				"west": {"uv": [2, 3.5, 5.67822, 5.72], "texture": "#4"},
				"up": {"uv": [2, 3.5, 5.67822, 4.24], "rotation": 90, "texture": "#4"},
				"down": {"uv": [2, 3.5, 5.67822, 4.24], "rotation": 270, "texture": "#4"}
			}
		},
		{
			"name": "octagon",
			"from": [8.16089, 2.96, 14.2],
			"to": [11.83911, 5.18, 14.94],
			"rotation": {"angle": 45, "axis": "y", "origin": [10, 3.7, 10.5]},
			"faces": {
				"north": {"uv": [2, 3.5, 5.67822, 5.72], "texture": "#4"},
				"south": {"uv": [2, 3.5, 5.67822, 5.72], "texture": "#4"},
				"up": {"uv": [2, 3.5, 5.67822, 4.24], "texture": "#4"},
				"down": {"uv": [2, 3.5, 5.67822, 4.24], "rotation": 180, "texture": "#4"}
			}
		},
		{
			"name": "octagon",
			"from": [8.16089, 2.97, 6.06],
			"to": [11.83911, 5.19, 6.8],
			"rotation": {"angle": 0, "axis": "y", "origin": [10, 3.7, 10.5]},
			"faces": {
				"north": {"uv": [2, 3.5, 5.67822, 5.72], "texture": "#4"},
				"south": {"uv": [2, 3.5, 5.67822, 5.72], "texture": "#4"},
				"up": {"uv": [2, 3.5, 5.67822, 4.24], "rotation": 180, "texture": "#4"},
				"down": {"uv": [2, 3.5, 5.67822, 4.24], "texture": "#4"}
			}
		},
		{
			"name": "octagon",
			"from": [5.56, 2.96, 8.66089],
			"to": [6.3, 5.18, 12.33911],
			"rotation": {"angle": 45, "axis": "y", "origin": [10, 3.7, 10.5]},
			"faces": {
				"east": {"uv": [2, 3.5, 5.67822, 5.72], "texture": "#4"},
				"west": {"uv": [2, 3.5, 5.67822, 5.72], "texture": "#4"},
				"up": {"uv": [2, 3.5, 5.67822, 4.24], "rotation": 270, "texture": "#4"},
				"down": {"uv": [2, 3.5, 5.67822, 4.24], "rotation": 90, "texture": "#4"}
			}
		},
		{
			"name": "octagon",
			"from": [5.56, 2.97, 8.66089],
			"to": [6.3, 5.19, 12.33911],
			"rotation": {"angle": 0, "axis": "y", "origin": [10, 3.7, 10.5]},
			"faces": {
				"east": {"uv": [2, 3.5, 5.67822, 5.72], "texture": "#4"},
				"west": {"uv": [2, 3.5, 5.67822, 5.72], "texture": "#4"},
				"up": {"uv": [2, 3.5, 5.67822, 4.24], "rotation": 270, "texture": "#4"},
				"down": {"uv": [2, 3.5, 5.67822, 4.24], "rotation": 90, "texture": "#4"}
			}
		},
		{
			"name": "octagon",
			"from": [8.16089, 2.96, 6.06],
			"to": [11.83911, 5.18, 6.8],
			"rotation": {"angle": 45, "axis": "y", "origin": [10, 3.7, 10.5]},
			"faces": {
				"north": {"uv": [2, 3.5, 5.67822, 5.72], "texture": "#4"},
				"south": {"uv": [2, 3.5, 5.67822, 5.72], "texture": "#4"},
				"up": {"uv": [2, 3.5, 5.67822, 4.24], "rotation": 180, "texture": "#4"},
				"down": {"uv": [2, 3.5, 5.67822, 4.24], "texture": "#4"}
			}
		},
		{
			"name": "octagon",
			"from": [8.16089, 2.97, 14.2],
			"to": [11.83911, 5.19, 14.94],
			"rotation": {"angle": 0, "axis": "y", "origin": [10, 3.7, 10.5]},
			"faces": {
				"north": {"uv": [2, 3.5, 5.67822, 5.72], "texture": "#4"},
				"south": {"uv": [2, 3.5, 5.67822, 5.72], "texture": "#4"},
				"up": {"uv": [2, 3.5, 5.67822, 4.24], "texture": "#4"},
				"down": {"uv": [2, 3.5, 5.67822, 4.24], "rotation": 180, "texture": "#4"}
			}
		},
		{
			"from": [10, 3.96, 10],
			"to": [12.22, 5.44, 12.22],
			"rotation": {"angle": -22.5, "axis": "x", "origin": [11.11, 5.44, 11.11]},
			"faces": {
				"north": {"uv": [5.25, 10.75, 7.47, 12.23], "texture": "#7"},
				"east": {"uv": [5.25, 10.75, 7.47, 12.23], "texture": "#7"},
				"south": {"uv": [5.25, 10.75, 7.47, 12.23], "texture": "#7"},
				"west": {"uv": [5.25, 10.75, 7.47, 12.23], "texture": "#7"},
				"up": {"uv": [5.25, 10.75, 7.47, 12.97], "rotation": 270, "texture": "#7"}
			}
		},
		{
			"from": [7.04, 3.46, 8.52],
			"to": [9.26, 4.94, 10.74],
			"rotation": {"angle": 22.5, "axis": "z", "origin": [8.15, 4.94, 9.63]},
			"faces": {
				"north": {"uv": [7, 2, 9.22, 3.48], "texture": "#2"},
				"east": {"uv": [7, 2, 10, 3.5], "texture": "#2"},
				"south": {"uv": [7, 2, 9.22, 3.48], "texture": "#2"},
				"west": {"uv": [7, 2, 10, 3.5], "texture": "#2"},
				"up": {"uv": [10.5, 2, 12.72, 4.22], "rotation": 270, "texture": "#2"}
			}
		},
		{
			"from": [10.26, 3.2, 8.28],
			"to": [12.48, 4.68, 10.5],
			"rotation": {"angle": 22.5, "axis": "x", "origin": [11.37, 4.68, 9.39]},
			"faces": {
				"north": {"uv": [7.75, 2.25, 9.97, 3.73], "texture": "#7"},
				"east": {"uv": [7.75, 2.25, 9.97, 3.73], "texture": "#7"},
				"south": {"uv": [7.75, 2.25, 9.97, 3.73], "texture": "#7"},
				"west": {"uv": [7.75, 2.25, 9.97, 3.73], "texture": "#7"},
				"up": {"uv": [7.75, 2.25, 9.97, 4.47], "rotation": 270, "texture": "#7"}
			}
		},
		{
			"from": [11.48, 3.7, 7.54],
			"to": [11.48, 8.14, 12.72],
			"rotation": {"angle": -45, "axis": "z", "origin": [11.48, 3.7, 10.13]},
			"faces": {
				"east": {"uv": [1.5, 1.5, 8, 7], "texture": "#3"},
				"west": {"uv": [1.5, 1.5, 8.5, 7.5], "texture": "#3"}
			}
		},
		{
			"from": [-0.92, 3.7, 10.28],
			"to": [8.02, 3.7, 12.28],
			"rotation": {"angle": -45, "axis": "z", "origin": [8.02, 3.7, 10.87]},
			"faces": {
				"up": {"uv": [4.5, 0, 6.5, 8.94], "rotation": 90, "texture": "#1"},
				"down": {"uv": [4.5, 0, 6.5, 8.94], "rotation": 90, "texture": "#1"}
			}
		},
		{
			"from": [11.98, 3.7, 8.78],
			"to": [20.92, 3.7, 10.78],
			"rotation": {"angle": 45, "axis": "z", "origin": [11.98, 3.7, 9.37]},
			"faces": {
				"up": {"uv": [4.5, 8.94, 6.5, 0], "rotation": 90, "texture": "#1"},
				"down": {"uv": [4.5, 8.94, 6.5, 0], "rotation": 90, "texture": "#1"}
			}
		},
		{
			"from": [8.15, 3.7, 12.35],
			"to": [13.33, 8.14, 12.35],
			"rotation": {"angle": 45, "axis": "x", "origin": [10.74, 3.7, 12.35]},
			"faces": {
				"north": {"uv": [1.5, 1.5, 8, 7], "texture": "#3"},
				"south": {"uv": [1.5, 1.5, 8, 7], "texture": "#3"}
			}
		},
		{
			"from": [7.41, 3.7, 9.39],
			"to": [12.59, 8.14, 9.39],
			"rotation": {"angle": -45, "axis": "x", "origin": [10, 3.7, 9.39]},
			"faces": {
				"north": {"uv": [1.5, 1.5, 8, 7], "texture": "#3"},
				"south": {"uv": [1.5, 1.5, 8, 7], "texture": "#3"}
			}
		},
		{
			"from": [5.5, 4, 12],
			"to": [14.5, 10.5, 12],
			"rotation": {"angle": 45, "axis": "x", "origin": [10, 5.25, 12]},
			"faces": {
				"north": {"uv": [14, 2.5, 2.25, 10.5], "texture": "#5"},
				"south": {"uv": [2.25, 2.5, 14, 10.5], "texture": "#5"}
			}
		},
		{
			"from": [8.5, 4, 6],
			"to": [8.5, 10.5, 15],
			"rotation": {"angle": 45, "axis": "z", "origin": [8.5, 5.25, 10.5]},
			"faces": {
				"east": {"uv": [2.25, 2.5, 14, 10.5], "texture": "#5"},
				"west": {"uv": [2.25, 2.5, 14, 10.5], "texture": "#5"}
			}
		},
		{
			"name": "octagon",
			"from": [0.5, 0.5, 3.05025],
			"to": [7.5, 1, 5.94975],
			"rotation": {"angle": -22.5, "axis": "y", "origin": [4, -1.27568, 4.5]},
			"faces": {
				"east": {"uv": [0, 0, 2.89949, 0.5], "texture": "#lower"},
				"west": {"uv": [0, 0, 2.89949, 0.5], "texture": "#lower"},
				"up": {"uv": [0, 0.5, 2.89949, 7.5], "rotation": 90, "texture": "#lower"},
				"down": {"uv": [0, 0, 3, 8], "rotation": 90, "texture": "#lower"}
			}
		},
		{
			"name": "octagon",
			"from": [0.5, 1.5, 3.05025],
			"to": [7.5, 2, 5.94975],
			"rotation": {"angle": -22.5, "axis": "y", "origin": [4, -0.27568, 4.5]},
			"faces": {
				"east": {"uv": [0, 0, 2.89949, 0.5], "texture": "#lower"},
				"west": {"uv": [0, 0, 2.89949, 0.5], "texture": "#lower"},
				"up": {"uv": [0, 0.5, 2.89949, 7.5], "rotation": 90, "texture": "#lower"},
				"down": {"uv": [0, 0, 3, 8], "rotation": 90, "texture": "#lower"}
			}
		},
		{
			"name": "octagon",
			"from": [0.5, 2.5, 3.05025],
			"to": [7.5, 3, 5.94975],
			"rotation": {"angle": -22.5, "axis": "y", "origin": [4, 0.72432, 4.5]},
			"faces": {
				"east": {"uv": [0, 0, 2.89949, 0.5], "texture": "#lower"},
				"west": {"uv": [0, 0, 2.89949, 0.5], "texture": "#lower"},
				"up": {"uv": [0, 0.5, 2.89949, 7.5], "rotation": 90, "texture": "#lower"},
				"down": {"uv": [0, 0, 3, 8], "rotation": 90, "texture": "#lower"}
			}
		},
		{
			"name": "octagon",
			"from": [2.55025, 0.51, 1],
			"to": [5.44975, 1.01, 8],
			"rotation": {"angle": 22.5, "axis": "y", "origin": [4, -1.27568, 4.5]},
			"faces": {
				"north": {"uv": [0, 0, 2.89949, 0.5], "texture": "#lower"},
				"south": {"uv": [0, 0, 2.89949, 0.5], "texture": "#lower"},
				"up": {"uv": [0, 0, 3, 8], "texture": "#lower"},
				"down": {"uv": [0, 0.5, 3, 7.5], "texture": "#lower"}
			}
		},
		{
			"name": "octagon",
			"from": [2.55025, 1.51, 1],
			"to": [5.44975, 2.01, 8],
			"rotation": {"angle": 22.5, "axis": "y", "origin": [4, -0.27568, 4.5]},
			"faces": {
				"north": {"uv": [0, 0, 2.89949, 0.5], "texture": "#lower"},
				"south": {"uv": [0, 0, 2.89949, 0.5], "texture": "#lower"},
				"up": {"uv": [0, 0, 3, 8], "texture": "#lower"},
				"down": {"uv": [0, 0.5, 3, 7.5], "texture": "#lower"}
			}
		},
		{
			"name": "octagon",
			"from": [2.55025, 2.51, 1],
			"to": [5.44975, 3.01, 8],
			"rotation": {"angle": 22.5, "axis": "y", "origin": [4, 0.72432, 4.5]},
			"faces": {
				"north": {"uv": [0, 0, 2.89949, 0.5], "texture": "#lower"},
				"south": {"uv": [0, 0, 2.89949, 0.5], "texture": "#lower"},
				"up": {"uv": [0, 0, 3, 8], "texture": "#lower"},
				"down": {"uv": [0, 0.5, 3, 7.5], "texture": "#lower"}
			}
		},
		{
			"name": "octagon",
			"from": [2.55025, 0.5, 1],
			"to": [5.44975, 1, 8],
			"rotation": {"angle": -22.5, "axis": "y", "origin": [4, -1.27568, 4.5]},
			"faces": {
				"north": {"uv": [0, 0, 2.89949, 0.5], "texture": "#lower"},
				"south": {"uv": [0, 0, 2.89949, 0.5], "texture": "#lower"},
				"up": {"uv": [0, 0.5, 3, 7.5], "texture": "#lower"},
				"down": {"uv": [0, 0, 3, 8], "texture": "#lower"}
			}
		},
		{
			"name": "octagon",
			"from": [2.55025, 1.5, 1],
			"to": [5.44975, 2, 8],
			"rotation": {"angle": -22.5, "axis": "y", "origin": [4, -0.27568, 4.5]},
			"faces": {
				"north": {"uv": [0, 0, 2.89949, 0.5], "texture": "#lower"},
				"south": {"uv": [0, 0, 2.89949, 0.5], "texture": "#lower"},
				"up": {"uv": [0, 0.5, 3, 7.5], "texture": "#lower"},
				"down": {"uv": [0, 0, 3, 8], "texture": "#lower"}
			}
		},
		{
			"name": "octagon",
			"from": [2.55025, 2.5, 1],
			"to": [5.44975, 3, 8],
			"rotation": {"angle": -22.5, "axis": "y", "origin": [4, 0.72432, 4.5]},
			"faces": {
				"north": {"uv": [0, 0, 2.89949, 0.5], "texture": "#lower"},
				"south": {"uv": [0, 0, 2.89949, 0.5], "texture": "#lower"},
				"up": {"uv": [0, 0.5, 3, 7.5], "texture": "#lower"},
				"down": {"uv": [0, 0, 3, 8], "texture": "#lower"}
			}
		},
		{
			"name": "octagon",
			"from": [0.5, 0.505, 3.05025],
			"to": [7.5, 1.005, 5.94975],
			"rotation": {"angle": 22.5, "axis": "y", "origin": [4, -1.27568, 4.5]},
			"faces": {
				"east": {"uv": [0, 0, 2.89949, 0.5], "texture": "#lower"},
				"west": {"uv": [0, 0, 2.89949, 0.5], "texture": "#lower"},
				"up": {"uv": [0, 0, 3, 8], "rotation": 90, "texture": "#lower"},
				"down": {"uv": [0, 0.5, 2.89949, 7.5], "rotation": 90, "texture": "#lower"}
			}
		},
		{
			"name": "octagon",
			"from": [0.5, 1.505, 3.05025],
			"to": [7.5, 2.005, 5.94975],
			"rotation": {"angle": 22.5, "axis": "y", "origin": [4, -0.27568, 4.5]},
			"faces": {
				"east": {"uv": [0, 0, 2.89949, 0.5], "texture": "#lower"},
				"west": {"uv": [0, 0, 2.89949, 0.5], "texture": "#lower"},
				"up": {"uv": [0, 0, 3, 8], "rotation": 90, "texture": "#lower"},
				"down": {"uv": [0, 0.5, 2.89949, 7.5], "rotation": 90, "texture": "#lower"}
			}
		},
		{
			"name": "octagon",
			"from": [0.5, 2.505, 3.05025],
			"to": [7.5, 3.005, 5.94975],
			"rotation": {"angle": 22.5, "axis": "y", "origin": [4, 0.72432, 4.5]},
			"faces": {
				"east": {"uv": [0, 0, 2.89949, 0.5], "texture": "#lower"},
				"west": {"uv": [0, 0, 2.89949, 0.5], "texture": "#lower"},
				"up": {"uv": [0, 0, 3, 8], "rotation": 90, "texture": "#lower"},
				"down": {"uv": [0, 0.5, 2.89949, 7.5], "rotation": 90, "texture": "#lower"}
			}
		},
		{
			"from": [2, 0, 2.5],
			"to": [6, 2.5, 6.5],
			"rotation": {"angle": -22.5, "axis": "y", "origin": [4, 2.72432, 4.5]},
			"faces": {
				"north": {"uv": [0, 2, 4, 4.5], "texture": "#lower"},
				"east": {"uv": [0, 2, 4, 4.5], "texture": "#lower"},
				"south": {"uv": [0, 2, 4, 4.5], "texture": "#lower"},
				"west": {"uv": [0, 2, 4, 4.5], "texture": "#lower"},
				"down": {"uv": [0, 2, 4, 6], "texture": "#lower"}
			}
		}
	],
	"display": {
		"thirdperson_righthand": {
			"rotation": [80, 0, 0],
			"translation": [-3.75, 4.25, 4.5],
			"scale": [0.65, 0.65, 0.65]
		},
		"thirdperson_lefthand": {
			"rotation": [80, 0, 0],
			"translation": [-3.75, 4.25, 4.5],
			"scale": [0.65, 0.65, 0.65]
		},
		"firstperson_righthand": {
			"translation": [3.25, 5.75, 0]
		},
		"firstperson_lefthand": {
			"translation": [3.25, 5.75, 0]
		},
		"ground": {
			"translation": [0, 3.75, 0],
			"scale": [0.8, 0.8, 0.8]
		},
		"gui": {
			"rotation": [30, -135, 0],
			"translation": [1.25, 3.25, 0]
		},
		"head": {
			"translation": [0, 14.5, 0]
		},
		"fixed": {
			"rotation": [-90, 0, 0],
			"translation": [0, 0, -15],
			"scale": [2, 2, 2]
		}
	}
}