{
	"credit": "Made with Blockbench",
	"textures": {
		"0": "block/black_concrete",
		"1": "block/light_gray_concrete",
		"2": "block/red_concrete",
		"3": "block/green_concrete",
		"4": "block/yellow_concrete",
		"5": "block/blue_concrete",
		"particle": "block/black_concrete"
	},
	"elements": [
		{
			"from": [1, 0, 1],
			"to": [10, 1, 5],
			"faces": {
				"north": {"uv": [0, 0, 9, 1], "texture": "#0"},
				"east": {"uv": [0, 0, 4, 1], "texture": "#0"},
				"south": {"uv": [0, 0, 9, 1], "texture": "#0"},
				"west": {"uv": [0, 0, 4, 1], "texture": "#0"},
				"up": {"uv": [0, 0, 9, 4], "texture": "#0"},
				"down": {"uv": [0, 0, 9, 4], "texture": "#0"}
			}
		},
		{
			"from": [8.25, 0.25, 1.25],
			"to": [9.25, 1.25, 2.25],
			"faces": {
				"north": {"uv": [0, 0, 1, 1], "texture": "#2"},
				"east": {"uv": [0, 0, 1, 1], "texture": "#2"},
				"south": {"uv": [0, 0, 1, 1], "texture": "#2"},
				"west": {"uv": [0, 0, 1, 1], "texture": "#2"},
				"up": {"uv": [0, 0, 1, 1], "texture": "#2"},
				"down": {"uv": [0, 0, 1, 1], "texture": "#missing"}
			}
		},
		{
			"from": [8.25, 0.25, 3.75],
			"to": [9, 1.25, 4.75],
			"faces": {
				"north": {"uv": [0, 0, 0.75, 1], "texture": "#1"},
				"east": {"uv": [0, 0, 1, 1], "texture": "#1"},
				"south": {"uv": [0, 0, 0.75, 1], "texture": "#1"},
				"west": {"uv": [0, 0, 1, 1], "texture": "#1"},
				"up": {"uv": [0, 0, 0.75, 1], "texture": "#1"},
				"down": {"uv": [0, 0, 0.75, 1], "texture": "#missing"}
			}
		},
		{
			"from": [3.25, 0.25, 1.25],
			"to": [5.25, 1.25, 2.25],
			"faces": {
				"north": {"uv": [0, 0, 2, 1], "texture": "#1"},
				"east": {"uv": [0, 0, 1, 1], "texture": "#1"},
				"south": {"uv": [0, 0, 2, 1], "texture": "#1"},
				"west": {"uv": [0, 0, 1, 1], "texture": "#1"},
				"up": {"uv": [0, 0, 2, 1], "texture": "#1"},
				"down": {"uv": [0, 0, 2, 1], "texture": "#missing"}
			}
		},
		{
			"from": [3.25, 0.25, 3.75],
			"to": [5.25, 1.25, 4.75],
			"faces": {
				"north": {"uv": [0, 0, 2, 1], "texture": "#1"},
				"east": {"uv": [0, 0, 1, 1], "texture": "#1"},
				"south": {"uv": [0, 0, 2, 1], "texture": "#1"},
				"west": {"uv": [0, 0, 1, 1], "texture": "#1"},
				"up": {"uv": [0, 0, 2, 1], "texture": "#1"},
				"down": {"uv": [0, 0, 2, 1], "texture": "#missing"}
			}
		},
		{
			"from": [2.25, 0.25, 1.25],
			"to": [3, 1.25, 2.25],
			"faces": {
				"north": {"uv": [0, 0, 0.75, 1], "texture": "#3"},
				"east": {"uv": [0, 0, 1, 1], "texture": "#3"},
				"south": {"uv": [0, 0, 0.75, 1], "texture": "#3"},
				"west": {"uv": [0, 0, 1, 1], "texture": "#3"},
				"up": {"uv": [0, 0, 0.75, 1], "texture": "#3"},
				"down": {"uv": [0, 0, 0.75, 1], "texture": "#missing"}
			}
		},
		{
			"from": [2.25, 0.25, 2.5],
			"to": [3, 1.25, 3.5],
			"faces": {
				"north": {"uv": [0, 0, 0.75, 1], "texture": "#4"},
				"east": {"uv": [0, 0, 1, 1], "texture": "#4"},
				"south": {"uv": [0, 0, 0.75, 1], "texture": "#4"},
				"west": {"uv": [0, 0, 1, 1], "texture": "#4"},
				"up": {"uv": [0, 0, 0.75, 1], "texture": "#4"},
				"down": {"uv": [0, 0, 0.75, 1], "texture": "#missing"}
			}
		},
		{
			"from": [2.25, 0.25, 3.75],
			"to": [3, 1.25, 4.75],
			"faces": {
				"north": {"uv": [0, 0, 0.75, 1], "texture": "#5"},
				"east": {"uv": [0, 0, 1, 1], "texture": "#5"},
				"south": {"uv": [0, 0, 0.75, 1], "texture": "#5"},
				"west": {"uv": [0, 0, 1, 1], "texture": "#5"},
				"up": {"uv": [0, 0, 0.75, 1], "texture": "#5"},
				"down": {"uv": [0, 0, 0.75, 1], "texture": "#missing"}
			}
		},
		{
			"from": [6.75, 0.25, 1.25],
			"to": [7.75, 1.25, 2.25],
			"faces": {
				"north": {"uv": [0, 0, 1, 1], "texture": "#1"},
				"east": {"uv": [0, 0, 1, 1], "texture": "#1"},
				"south": {"uv": [0, 0, 1, 1], "texture": "#1"},
				"west": {"uv": [0, 0, 1, 1], "texture": "#1"},
				"up": {"uv": [0, 0, 1, 1], "texture": "#1"},
				"down": {"uv": [0, 0, 1, 1], "texture": "#missing"}
			}
		},
		{
			"from": [6.75, 0.25, 3.75],
			"to": [7.75, 1.25, 4.75],
			"faces": {
				"north": {"uv": [0, 0, 1, 1], "texture": "#1"},
				"east": {"uv": [0, 0, 1, 1], "texture": "#1"},
				"south": {"uv": [0, 0, 1, 1], "texture": "#1"},
				"west": {"uv": [0, 0, 1, 1], "texture": "#1"},
				"up": {"uv": [0, 0, 1, 1], "texture": "#1"},
				"down": {"uv": [0, 0, 1, 1], "texture": "#missing"}
			}
		},
		{
			"from": [6.75, 0.25, 2.5],
			"to": [7.75, 1.25, 3.5],
			"faces": {
				"north": {"uv": [0, 0, 1, 1], "texture": "#1"},
				"east": {"uv": [0, 0, 1, 1], "texture": "#1"},
				"south": {"uv": [0, 0, 1, 1], "texture": "#1"},
				"west": {"uv": [0, 0, 1, 1], "texture": "#1"},
				"up": {"uv": [0, 0, 1, 1], "texture": "#1"},
				"down": {"uv": [0, 0, 1, 1], "texture": "#missing"}
			}
		},
		{
			"from": [5.5, 0.25, 1.25],
			"to": [6.5, 1.25, 2.25],
			"faces": {
				"north": {"uv": [0, 0, 1, 1], "texture": "#1"},
				"east": {"uv": [0, 0, 1, 1], "texture": "#1"},
				"south": {"uv": [0, 0, 1, 1], "texture": "#1"},
				"west": {"uv": [0, 0, 1, 1], "texture": "#1"},
				"up": {"uv": [0, 0, 1, 1], "texture": "#1"},
				"down": {"uv": [0, 0, 1, 1], "texture": "#missing"}
			}
		},
		{
			"from": [5.5, 0.25, 3.75],
			"to": [6.5, 1.25, 4.75],
			"faces": {
				"north": {"uv": [0, 0, 1, 1], "texture": "#1"},
				"east": {"uv": [0, 0, 1, 1], "texture": "#1"},
				"south": {"uv": [0, 0, 1, 1], "texture": "#1"},
				"west": {"uv": [0, 0, 1, 1], "texture": "#1"},
				"up": {"uv": [0, 0, 1, 1], "texture": "#1"},
				"down": {"uv": [0, 0, 1, 1], "texture": "#missing"}
			}
		},
		{
			"from": [5.5, 0.25, 2.5],
			"to": [6.5, 1.25, 3.5],
			"faces": {
				"north": {"uv": [0, 0, 1, 1], "texture": "#1"},
				"east": {"uv": [0, 0, 1, 1], "texture": "#1"},
				"south": {"uv": [0, 0, 1, 1], "texture": "#1"},
				"west": {"uv": [0, 0, 1, 1], "texture": "#1"},
				"up": {"uv": [0, 0, 1, 1], "texture": "#1"},
				"down": {"uv": [0, 0, 1, 1], "texture": "#missing"}
			}
		},
		{
			"from": [3.75, 0.25, 2.5],
			"to": [4.75, 1.25, 3.5],
			"faces": {
				"north": {"uv": [0, 0, 1, 1], "texture": "#1"},
				"east": {"uv": [0, 0, 1, 1], "texture": "#1"},
				"south": {"uv": [0, 0, 1, 1], "texture": "#1"},
				"west": {"uv": [0, 0, 1, 1], "texture": "#1"},
				"up": {"uv": [0, 0, 1, 1], "texture": "#1"},
				"down": {"uv": [0, 0, 1, 1], "texture": "#missing"}
			}
		}
	],
	"display": {
		"thirdperson_righthand": {
			"rotation": [0, -90, 0],
			"translation": [-2.5, 4, 0.25],
			"scale": [0.5, 0.5, 0.5]
		},
		"thirdperson_lefthand": {
			"rotation": [0, 90, 0],
			"translation": [2.5, 4, 1],
			"scale": [0.5, 0.5, 0.5]
		},
		"firstperson_righthand": {
			"rotation": [0, -90, 0],
			"translation": [-2.5, 4, 0.25],
			"scale": [0.5, 0.5, 0.5]
		},
		"firstperson_lefthand": {
			"rotation": [0, 90, 0],
			"translation": [2.5, 4, 1],
			"scale": [0.5, 0.5, 0.5]
		},
		"ground": {
			"translation": [0, 3.75, 0]
		},
		"gui": {
			"rotation": [38, 36, 0],
			"translation": [7.5, 5.75, 0],
			"scale": [1.5, 1.5, 1.5]
		},
		"fixed": {
			"rotation": [-90, 0, 0],
			"translation": [0, 0, -14],
			"scale": [2, 2, 2]
		}
	},
	"groups": [
		{
			"name": "group",
			"origin": [0, 0, 0],
			"color": 0,
			"children": [
				{
					"name": "group",
					"origin": [0, 0, 0],
					"color": 0,
					"children": [
						{
							"name": "group",
							"origin": [0, 0, 0],
							"color": 0,
							"children": []
						}
					]
				}
			]
		},
		{
			"name": "group",
			"origin": [0, 0, 0],
			"color": 0,
			"children": [0, 1, 2, 3, 4, 5, 6, 7, 8, 9, 10, 11, 12, 13, 14]
		}
	]
}