{
	"credit": "Made with Blockbench",
	"texture_size": [32, 32],
	"textures": {
		"0": "block/objects/tote bag texture",
		"particle": "block/objects/tote bag texture"
	},
	"elements": [
		{
			"from": [4, 1, 7],
			"to": [12, 9, 7.25],
			"faces": {
				"north": {"uv": [0.375, 0.25, 3.875, 3.75], "texture": "#0"},
				"east": {"uv": [3, 8.5, 3.25, 12.5], "texture": "#0"},
				"south": {"uv": [0, 4, 4, 8], "texture": "#0"},
				"west": {"uv": [3.5, 8.5, 3.75, 12.5], "texture": "#0"},
				"up": {"uv": [12, 5.75, 8, 5.5], "texture": "#0"},
				"down": {"uv": [12, 6, 8, 6.25], "texture": "#0"}
			}
		},
		{
			"from": [4, 1, 7.25],
			"to": [4, 9, 7.75],
			"faces": {
				"north": {"uv": [0, 0, 0, 4], "texture": "#0"},
				"east": {"uv": [4, 8.5, 4.25, 12.5], "texture": "#0"},
				"south": {"uv": [0, 0, 0, 4], "texture": "#0"},
				"west": {"uv": [4.5, 8.5, 4.75, 12.5], "texture": "#0"},
				"up": {"uv": [0, 0.25, 0, 0], "texture": "#0"},
				"down": {"uv": [0, 0, 0, 0.25], "texture": "#0"}
			}
		},
		{
			"from": [0.17317, 9.7612, 7],
			"to": [0.42317, 18.7612, 8],
			"rotation": {"angle": -22.5, "axis": "z", "origin": [0.17317, -0.2388, 0]},
			"faces": {
				"north": {"uv": [8.5, 1.75, 8.75, 6.25], "texture": "#0"},
				"east": {"uv": [0, 8, 0.5, 12.5], "texture": "#0"},
				"south": {"uv": [1.5, 8.5, 1.75, 13], "texture": "#0"},
				"west": {"uv": [8, 1.75, 8.5, 6.25], "texture": "#0"},
				"up": {"uv": [8.25, 10, 8, 9.5], "texture": "#0"},
				"down": {"uv": [9.75, 8, 9.5, 8.5], "texture": "#0"}
			}
		},
		{
			"from": [-2.27518, -0.20256, 7],
			"to": [-1.77518, 0.54744, 8],
			"rotation": {"angle": 22.5, "axis": "z", "origin": [-0.27518, 16.54744, 0]},
			"faces": {
				"north": {"uv": [8.5, 9.5, 8.75, 10], "texture": "#0"},
				"east": {"uv": [9, 2.5, 9.5, 3], "texture": "#0"},
				"south": {"uv": [9.5, 8.5, 9.75, 9], "texture": "#0"},
				"west": {"uv": [9, 3, 9.5, 3.5], "texture": "#0"},
				"up": {"uv": [9.25, 10, 9, 9.5], "texture": "#0"},
				"down": {"uv": [9.75, 9, 9.5, 9.5], "texture": "#0"}
			}
		},
		{
			"from": [17.52518, -0.20256, 7],
			"to": [18.27518, 0.54744, 8],
			"rotation": {"angle": -22.5, "axis": "z", "origin": [16.27518, 16.54744, 0]},
			"faces": {
				"north": {"uv": [9, 3.5, 9.5, 4], "texture": "#0"},
				"east": {"uv": [9, 4, 9.5, 4.5], "texture": "#0"},
				"south": {"uv": [9, 7.5, 9.5, 8], "texture": "#0"},
				"west": {"uv": [9, 8.5, 9.5, 9], "texture": "#0"},
				"up": {"uv": [9.5, 9.5, 9, 9], "texture": "#0"},
				"down": {"uv": [10, 0.5, 9.5, 1], "texture": "#0"}
			}
		},
		{
			"from": [15.57683, 9.7612, 7],
			"to": [15.82683, 18.7612, 8],
			"rotation": {"angle": 22.5, "axis": "z", "origin": [15.82683, -0.2388, 0]},
			"faces": {
				"north": {"uv": [2, 8.5, 2.25, 13], "texture": "#0"},
				"east": {"uv": [0.5, 8, 1, 12.5], "texture": "#0"},
				"south": {"uv": [2.5, 8.5, 2.75, 13], "texture": "#0"},
				"west": {"uv": [1, 8, 1.5, 12.5], "texture": "#0"},
				"up": {"uv": [9.75, 10, 9.5, 9.5], "texture": "#0"},
				"down": {"uv": [10.25, 0, 10, 0.5], "texture": "#0"}
			}
		},
		{
			"from": [12, 1, 7.25],
			"to": [12, 9, 7.75],
			"faces": {
				"north": {"uv": [0, 0, 0, 4], "texture": "#0"},
				"east": {"uv": [5, 8.5, 5.25, 12.5], "texture": "#0"},
				"south": {"uv": [0, 0, 0, 4], "texture": "#0"},
				"west": {"uv": [5.5, 8.5, 5.75, 12.5], "texture": "#0"},
				"up": {"uv": [0, 0.25, 0, 0], "texture": "#0"},
				"down": {"uv": [0, 0, 0, 0.25], "texture": "#0"}
			}
		},
		{
			"from": [4, 1, 7.75],
			"to": [12, 9, 8],
			"faces": {
				"north": {"uv": [4, 0, 8, 4], "texture": "#0"},
				"east": {"uv": [6, 8.5, 6.25, 12.5], "texture": "#0"},
				"south": {"uv": [0.375, 0.25, 3.875, 3.75], "texture": "#0"},
				"west": {"uv": [6.5, 8.5, 6.75, 12.5], "texture": "#0"},
				"up": {"uv": [12, 6.75, 8, 6.5], "texture": "#0"},
				"down": {"uv": [12, 7, 8, 7.25], "texture": "#0"}
			}
		},
		{
			"from": [4.28794, 0.30647, 7],
			"to": [11.71794, 1.05647, 8],
			"rotation": {"angle": 0, "axis": "y", "origin": [0.28794, 0.30647, 0]},
			"faces": {
				"north": {"uv": [1.5, 8, 5.25, 8.5], "texture": "#0"},
				"east": {"uv": [9.5, 1, 10, 1.5], "texture": "#0"},
				"south": {"uv": [8, 4.5, 11.75, 5], "texture": "#0"},
				"west": {"uv": [9.5, 1.5, 10, 2], "texture": "#0"},
				"up": {"uv": [11.75, 5.5, 8, 5], "texture": "#0"},
				"down": {"uv": [9.25, 8, 5.5, 8.5], "texture": "#0"}
			}
		},
		{
			"from": [7.44415, 17.06392, 7],
			"to": [8.55415, 17.31392, 8],
			"rotation": {"angle": 0, "axis": "y", "origin": [-0.05585, 0.06392, 0]},
			"faces": {
				"north": {"uv": [8.5, 1.75, 9, 1.75], "texture": "#0"},
				"east": {"uv": [8.5, 1.75, 9, 1.75], "texture": "#0"},
				"south": {"uv": [8.75, 1.75, 9.25, 1.75], "texture": "#0"},
				"west": {"uv": [8.5, 1.75, 9, 1.75], "texture": "#0"},
				"up": {"uv": [10, 2.5, 9.5, 2], "texture": "#0"},
				"down": {"uv": [10, 2.5, 9.5, 3], "texture": "#0"}
			}
		},
		{
			"name": "peg",
			"from": [7.25, 15.75, 6],
			"to": [8.75, 17.25, 6.5],
			"rotation": {"angle": 0, "axis": "y", "origin": [7.5, 0, 7.5]},
			"faces": {
				"north": {"uv": [7, 8.5, 7.75, 9.25], "texture": "#0"},
				"east": {"uv": [7, 9.5, 7.25, 10.25], "texture": "#0"},
				"south": {"uv": [8, 8.5, 8.75, 9.25], "texture": "#0"},
				"west": {"uv": [7.5, 9.5, 7.75, 10.25], "texture": "#0"},
				"up": {"uv": [10.25, 4.25, 9.5, 4], "texture": "#0"},
				"down": {"uv": [10.25, 7.5, 9.5, 7.75], "texture": "#0"}
			}
		},
		{
			"name": "peg",
			"from": [7.5, 16, 6.5],
			"to": [8.5, 17, 8.5],
			"rotation": {"angle": 0, "axis": "y", "origin": [7.5, 0, 7.5]},
			"faces": {
				"north": {"uv": [9.5, 3, 10, 3.5], "texture": "#0"},
				"east": {"uv": [8, 7.5, 9, 8], "texture": "#0"},
				"south": {"uv": [9.5, 3.5, 10, 4], "texture": "#0"},
				"west": {"uv": [9, 0, 10, 0.5], "texture": "#0"},
				"up": {"uv": [9.5, 1.5, 9, 0.5], "texture": "#0"},
				"down": {"uv": [9.5, 1.5, 9, 2.5], "texture": "#0"}
			}
		}
	],
	"display": {
		"thirdperson_righthand": {
			"rotation": [90, 0, 0],
			"translation": [0, 0, -5.25],
			"scale": [0.75, 0.75, 0.75]
		},
		"thirdperson_lefthand": {
			"rotation": [90, 0, 0],
			"translation": [0, 0, -5.25],
			"scale": [0.75, 0.75, 0.75]
		},
		"firstperson_righthand": {
			"scale": [0.75, 0.75, 0.75]
		},
		"firstperson_lefthand": {
			"scale": [0.75, 0.75, 0.75]
		},
		"ground": {
			"rotation": [90, 0, 0]
		},
		"gui": {
			"rotation": [23, -140, 0],
			"scale": [0.75, 0.75, 0.75]
		},
		"fixed": {
			"translation": [0, -6.5, 0],
			"scale": [2.25, 2.25, 2.25]
		}
	},
	"groups": [
		{
			"name": "group",
			"origin": [8, 8, 8],
			"color": 0,
			"children": [0, 1, 2, 3, 4, 5, 6, 7, 8, 9]
		},
		10,
		11
	]
}