{
	"credit": "Made with Blockbench",
	"textures": {
		"0": "block/stripped_spruce_log",
		"particle": "block/stripped_spruce_log"
	},
	"elements": [
		{
			"from": [7.065, 31.15, 7.065],
			"to": [9.095, 32, 9.095],
			"rotation": {"angle": 0, "axis": "y", "origin": [7.645, -0.75, 7.645]},
			"faces": {
				"north": {"uv": [0, 0, 1.75, 0.75], "texture": "#0"},
				"east": {"uv": [0, 0, 1.75, 0.75], "texture": "#0"},
				"south": {"uv": [0, 0, 1.75, 0.75], "texture": "#0"},
				"west": {"uv": [0, 0, 1.75, 0.75], "texture": "#0"},
				"up": {"uv": [0, 0, 1.75, 1.75], "texture": "#0"},
				"down": {"uv": [0, 0, 1.75, 1.75], "texture": "#0"}
			}
		},
		{
			"from": [6.92, 3.89, 6.92],
			"to": [9.24, 6.21, 9.24],
			"rotation": {"angle": 0, "axis": "y", "origin": [7.5, -0.75, 7.5]},
			"faces": {
				"north": {"uv": [0, 0, 2, 2], "texture": "#0"},
				"east": {"uv": [0, 0, 2, 2], "texture": "#0"},
				"south": {"uv": [0, 0, 2, 2], "texture": "#0"},
				"west": {"uv": [0, 0, 2, 2], "texture": "#0"},
				"up": {"uv": [0, 0, 2, 2], "texture": "#0"},
				"down": {"uv": [0, 0, 2, 2], "texture": "#0"}
			}
		},
		{
			"from": [7.355, 6.21, 7.355],
			"to": [8.805, 31.15, 8.805],
			"rotation": {"angle": 0, "axis": "y", "origin": [7.645, -0.75, 7.645]},
			"faces": {
				"north": {"uv": [2, 0, 4, 16], "texture": "#0"},
				"east": {"uv": [8, 0, 10, 16], "texture": "#0"},
				"south": {"uv": [6, 0, 8, 16], "texture": "#0"},
				"west": {"uv": [4, 0, 6, 16], "texture": "#0"},
				"up": {"uv": [0, 0, 1.25, 1.25], "texture": "#0"},
				"down": {"uv": [0, 0, 1.25, 1.25], "texture": "#0"}
			}
		},
		{
			"from": [7.5, 25.83928, 8.79184],
			"to": [8.66, 26.99928, 14.59184],
			"rotation": {"angle": -22.5, "axis": "x", "origin": [8.08, 25.54928, 9.37184]},
			"faces": {
				"north": {"uv": [0, 0, 1, 1], "texture": "#0"},
				"east": {"uv": [0, 0, 5, 1], "texture": "#0"},
				"south": {"uv": [0, 0, 1, 1], "texture": "#0"},
				"west": {"uv": [0, 0, 5, 1], "texture": "#0"},
				"up": {"uv": [0, 0, 5, 1], "rotation": 270, "texture": "#0"},
				"down": {"uv": [0, 0, 5, 1], "rotation": 90, "texture": "#0"}
			}
		},
		{
			"from": [6.05, 21, 7.79],
			"to": [7.79, 21.58, 8.37],
			"rotation": {"angle": 0, "axis": "y", "origin": [-1.2, 0.12, -1.2]},
			"faces": {
				"north": {"uv": [0, 0, 1.5, 0.5], "texture": "#0"},
				"east": {"uv": [0, 0, 0.5, 0.5], "texture": "#0"},
				"south": {"uv": [0, 0, 1.5, 0.5], "texture": "#0"},
				"west": {"uv": [0, 0, 0.5, 0.5], "texture": "#0"},
				"up": {"uv": [0, 0, 1.5, 0.5], "texture": "#0"},
				"down": {"uv": [0, 0, 1.5, 0.5], "texture": "#0"}
			}
		},
		{
			"from": [8.66, 21, 7.79],
			"to": [10.11, 21.58, 8.37],
			"rotation": {"angle": 0, "axis": "y", "origin": [-1.2, 0.12, -1.2]},
			"faces": {
				"north": {"uv": [0, 0, 1.25, 0.5], "texture": "#0"},
				"east": {"uv": [0, 0, 0.5, 0.5], "texture": "#0"},
				"south": {"uv": [0, 0, 1.25, 0.5], "texture": "#0"},
				"west": {"uv": [0, 0, 0.5, 0.5], "texture": "#0"},
				"up": {"uv": [0, 0, 1.25, 0.5], "texture": "#0"},
				"down": {"uv": [0, 0, 1.25, 0.5], "texture": "#0"}
			}
		},
		{
			"from": [7.79, 21, 6.05],
			"to": [8.37, 21.58, 7.5],
			"rotation": {"angle": 0, "axis": "y", "origin": [-1.2, 0.12, -1.2]},
			"faces": {
				"north": {"uv": [0, 0, 0.5, 0.5], "texture": "#0"},
				"east": {"uv": [0, 0, 1.25, 0.5], "texture": "#0"},
				"south": {"uv": [0, 0, 0.5, 0.5], "texture": "#0"},
				"west": {"uv": [0, 0, 1.25, 0.5], "texture": "#0"},
				"up": {"uv": [0, 0, 1.25, 0.5], "rotation": 90, "texture": "#0"},
				"down": {"uv": [0, 0, 1.25, 0.5], "rotation": 270, "texture": "#0"}
			}
		},
		{
			"from": [7.79, 21, 8.66],
			"to": [8.37, 21.58, 10.11],
			"rotation": {"angle": 0, "axis": "y", "origin": [-1.2, 0.12, -1.2]},
			"faces": {
				"north": {"uv": [0, 0, 0.5, 0.5], "texture": "#0"},
				"east": {"uv": [0, 0, 1.25, 0.5], "texture": "#0"},
				"south": {"uv": [0, 0, 0.5, 0.5], "texture": "#0"},
				"west": {"uv": [0, 0, 1.25, 0.5], "texture": "#0"},
				"up": {"uv": [0, 0, 1.25, 0.5], "rotation": 90, "texture": "#0"},
				"down": {"uv": [0, 0, 1.25, 0.5], "rotation": 270, "texture": "#0"}
			}
		},
		{
			"from": [1.56816, 25.83928, 7.5],
			"to": [7.36816, 26.99928, 8.66],
			"rotation": {"angle": -22.5, "axis": "z", "origin": [6.78816, 25.54928, 8.08]},
			"faces": {
				"north": {"uv": [0, 0, 5, 1], "texture": "#0"},
				"east": {"uv": [0, 0, 1, 1], "texture": "#0"},
				"south": {"uv": [0, 0, 5, 1], "texture": "#0"},
				"west": {"uv": [0, 0, 1, 1], "texture": "#0"},
				"up": {"uv": [0, 0, 5, 1], "texture": "#0"},
				"down": {"uv": [0, 0, 5, 1], "texture": "#0"}
			}
		},
		{
			"from": [7.5, 25.83928, 1.56816],
			"to": [8.66, 26.99928, 7.36816],
			"rotation": {"angle": 22.5, "axis": "x", "origin": [8.08, 25.54928, 6.78816]},
			"faces": {
				"north": {"uv": [0, 0, 1, 1], "texture": "#0"},
				"east": {"uv": [0, 0, 5, 1], "texture": "#0"},
				"south": {"uv": [0, 0, 1, 1], "texture": "#0"},
				"west": {"uv": [0, 0, 5, 1], "texture": "#0"},
				"up": {"uv": [0, 0, 5, 1], "rotation": 90, "texture": "#0"},
				"down": {"uv": [0, 0, 5, 1], "rotation": 270, "texture": "#0"}
			}
		},
		{
			"from": [8.79184, 25.83928, 7.5],
			"to": [14.59184, 26.99928, 8.66],
			"rotation": {"angle": 22.5, "axis": "z", "origin": [9.37184, 25.54928, 8.08]},
			"faces": {
				"north": {"uv": [0, 0, 5, 1], "texture": "#0"},
				"east": {"uv": [0, 0, 1, 1], "texture": "#0"},
				"south": {"uv": [0, 0, 5, 1], "texture": "#0"},
				"west": {"uv": [0, 0, 1, 1], "texture": "#0"},
				"up": {"uv": [0, 0, 5, 1], "rotation": 180, "texture": "#0"},
				"down": {"uv": [0, 0, 5, 1], "rotation": 180, "texture": "#0"}
			}
		},
		{
			"from": [6.92, 0.21316, 2.77656],
			"to": [9.24, 1.08316, 4.51656],
			"rotation": {"angle": 0, "axis": "x", "origin": [8.08, 0.31929, 4.24925]},
			"faces": {
				"north": {"uv": [0, 0, 2, 0.75], "texture": "#0"},
				"east": {"uv": [0, 0, 1.5, 0.75], "texture": "#0"},
				"south": {"uv": [0, 0, 2, 0.75], "texture": "#0"},
				"west": {"uv": [0, 0, 1.5, 0.75], "texture": "#0"},
				"up": {"uv": [0, 0, 2, 1.5], "texture": "#0"},
				"down": {"uv": [0, 0, 2, 1.5], "texture": "#0"}
			}
		},
		{
			"from": [6.92, 3.89, 4.6],
			"to": [9.24, 5.05, 6.92],
			"rotation": {"angle": -22.5, "axis": "x", "origin": [8.08, 5.05, 6.92]},
			"faces": {
				"north": {"uv": [0, 0, 2, 1], "texture": "#0"},
				"east": {"uv": [0, 0, 2, 1], "texture": "#0"},
				"south": {"uv": [0, 0, 2, 1], "texture": "#0"},
				"west": {"uv": [0, 0, 2, 1], "texture": "#0"},
				"up": {"uv": [0, 0, 2, 2], "texture": "#0"},
				"down": {"uv": [0, 0, 2, 2], "texture": "#0"}
			}
		},
		{
			"from": [6.92116, 0.63216, 4.66031],
			"to": [9.23884, 4.11216, 5.82031],
			"rotation": {"angle": 22.5, "axis": "x", "origin": [8.08116, 3.84484, 4.84418]},
			"faces": {
				"north": {"uv": [0, 0, 1.998, 3], "rotation": 180, "texture": "#0"},
				"east": {"uv": [0, 0, 3, 1], "rotation": 90, "texture": "#0"},
				"south": {"uv": [0, 0, 1.998, 3], "texture": "#0"},
				"west": {"uv": [0, 0, 3, 1], "rotation": 270, "texture": "#0"},
				"up": {"uv": [0, 0, 1.998, 1], "texture": "#0"},
				"down": {"uv": [0, 0, 1.998, 1], "rotation": 180, "texture": "#0"}
			}
		},
		{
			"from": [11.64344, 0.21316, 6.92],
			"to": [13.38344, 1.08316, 9.24],
			"rotation": {"angle": 0, "axis": "y", "origin": [11.91075, 0.31929, 8.08]},
			"faces": {
				"north": {"uv": [0, 0, 1.5, 0.75], "texture": "#0"},
				"east": {"uv": [0, 0, 2, 0.75], "texture": "#0"},
				"south": {"uv": [0, 0, 1.5, 0.75], "texture": "#0"},
				"west": {"uv": [0, 0, 2, 0.75], "texture": "#0"},
				"up": {"uv": [0, 0, 2, 1.5], "rotation": 90, "texture": "#0"},
				"down": {"uv": [0, 0, 2, 1.5], "rotation": 270, "texture": "#0"}
			}
		},
		{
			"from": [9.24, 3.89, 6.92],
			"to": [11.56, 5.05, 9.24],
			"rotation": {"angle": -22.5, "axis": "z", "origin": [9.24, 5.05, 8.08]},
			"faces": {
				"north": {"uv": [0, 0, 2, 1], "texture": "#0"},
				"east": {"uv": [0, 0, 2, 1], "texture": "#0"},
				"south": {"uv": [0, 0, 2, 1], "texture": "#0"},
				"west": {"uv": [0, 0, 2, 1], "texture": "#0"},
				"up": {"uv": [0, 0, 2, 2], "rotation": 90, "texture": "#0"},
				"down": {"uv": [0, 0, 2, 2], "rotation": 270, "texture": "#0"}
			}
		},
		{
			"from": [10.33969, 0.63216, 6.92116],
			"to": [11.49969, 4.11216, 9.23884],
			"rotation": {"angle": 22.5, "axis": "z", "origin": [11.31582, 3.84484, 8.08116]},
			"faces": {
				"north": {"uv": [0, 0, 3, 1], "rotation": 270, "texture": "#0"},
				"east": {"uv": [0, 0, 1.998, 3], "rotation": 180, "texture": "#0"},
				"south": {"uv": [0, 0, 3, 1], "rotation": 90, "texture": "#0"},
				"west": {"uv": [0, 0, 1.998, 3], "texture": "#0"},
				"up": {"uv": [0, 0, 1.998, 1], "rotation": 90, "texture": "#0"},
				"down": {"uv": [0, 0, 1.998, 1], "rotation": 90, "texture": "#0"}
			}
		},
		{
			"from": [6.92, 0.21316, 11.64344],
			"to": [9.24, 1.08316, 13.38344],
			"rotation": {"angle": 0, "axis": "y", "origin": [8.08, 0.31929, 11.91075]},
			"faces": {
				"north": {"uv": [0, 0, 2, 0.75], "texture": "#0"},
				"east": {"uv": [0, 0, 1.5, 0.75], "texture": "#0"},
				"south": {"uv": [0, 0, 2, 0.75], "texture": "#0"},
				"west": {"uv": [0, 0, 1.5, 0.75], "texture": "#0"},
				"up": {"uv": [0, 0, 2, 1.5], "rotation": 180, "texture": "#0"},
				"down": {"uv": [0, 0, 2, 1.5], "rotation": 180, "texture": "#0"}
			}
		},
		{
			"from": [6.92, 3.89, 9.24],
			"to": [9.24, 5.05, 11.56],
			"rotation": {"angle": 22.5, "axis": "x", "origin": [8.08, 5.05, 9.24]},
			"faces": {
				"north": {"uv": [0, 0, 2, 1], "texture": "#0"},
				"east": {"uv": [0, 0, 2, 1], "texture": "#0"},
				"south": {"uv": [0, 0, 2, 1], "texture": "#0"},
				"west": {"uv": [0, 0, 2, 1], "texture": "#0"},
				"up": {"uv": [0, 0, 2, 2], "rotation": 180, "texture": "#0"},
				"down": {"uv": [0, 0, 2, 2], "rotation": 180, "texture": "#0"}
			}
		},
		{
			"from": [6.92116, 0.63216, 10.33969],
			"to": [9.23884, 4.11216, 11.49969],
			"rotation": {"angle": -22.5, "axis": "x", "origin": [8.08116, 3.84484, 11.31582]},
			"faces": {
				"north": {"uv": [0, 0, 1.998, 3], "texture": "#0"},
				"east": {"uv": [0, 0, 3, 1], "rotation": 270, "texture": "#0"},
				"south": {"uv": [0, 0, 1.998, 3], "rotation": 180, "texture": "#0"},
				"west": {"uv": [0, 0, 3, 1], "rotation": 90, "texture": "#0"},
				"up": {"uv": [0, 0, 1.998, 1], "rotation": 180, "texture": "#0"},
				"down": {"uv": [0, 0, 1.998, 1], "texture": "#0"}
			}
		},
		{
			"from": [2.77656, 0.21316, 6.92],
			"to": [4.51656, 1.08316, 9.24],
			"rotation": {"angle": 0, "axis": "y", "origin": [4.24925, 0.31929, 8.08]},
			"faces": {
				"north": {"uv": [0, 0, 1.5, 0.75], "texture": "#0"},
				"east": {"uv": [0, 0, 2, 0.75], "texture": "#0"},
				"south": {"uv": [0, 0, 1.5, 0.75], "texture": "#0"},
				"west": {"uv": [0, 0, 2, 0.75], "texture": "#0"},
				"up": {"uv": [0, 0, 2, 1.5], "rotation": 270, "texture": "#0"},
				"down": {"uv": [0, 0, 2, 1.5], "rotation": 90, "texture": "#0"}
			}
		},
		{
			"from": [4.6, 3.89, 6.92],
			"to": [6.92, 5.05, 9.24],
			"rotation": {"angle": 22.5, "axis": "z", "origin": [6.92, 5.05, 8.08]},
			"faces": {
				"north": {"uv": [0, 0, 2, 1], "texture": "#0"},
				"east": {"uv": [0, 0, 2, 1], "texture": "#0"},
				"south": {"uv": [0, 0, 2, 1], "texture": "#0"},
				"west": {"uv": [0, 0, 2, 1], "texture": "#0"},
				"up": {"uv": [0, 0, 2, 2], "rotation": 270, "texture": "#0"},
				"down": {"uv": [0, 0, 2, 2], "rotation": 90, "texture": "#0"}
			}
		},
		{
			"from": [4.66031, 0.63216, 6.92116],
			"to": [5.82031, 4.11216, 9.23884],
			"rotation": {"angle": -22.5, "axis": "z", "origin": [4.84418, 3.84484, 8.08116]},
			"faces": {
				"north": {"uv": [0, 0, 3, 1], "rotation": 90, "texture": "#0"},
				"east": {"uv": [0, 0, 1.998, 3], "texture": "#0"},
				"south": {"uv": [0, 0, 3, 1], "rotation": 270, "texture": "#0"},
				"west": {"uv": [0, 0, 1.998, 3], "rotation": 180, "texture": "#0"},
				"up": {"uv": [0, 0, 1.998, 1], "rotation": 270, "texture": "#0"},
				"down": {"uv": [0, 0, 1.998, 1], "rotation": 270, "texture": "#0"}
			}
		}
	],
	"display": {
		"thirdperson_righthand": {
			"rotation": [45, 0, 0],
			"scale": [0.5, 0.5, 0.5]
		},
		"thirdperson_lefthand": {
			"rotation": [45, 0, 0],
			"scale": [0.5, 0.5, 0.5]
		},
		"firstperson_righthand": {
			"scale": [0.5, 0.5, 0.5]
		},
		"firstperson_lefthand": {
			"scale": [0.5, 0.5, 0.5]
		},
		"ground": {
			"scale": [0.5, 0.5, 0.5]
		},
		"gui": {
			"rotation": [-24, 40, 0],
			"translation": [0, -3.5, 0],
			"scale": [0.5, 0.5, 0.5]
		},
		"fixed": {
			"rotation": [-90, 0, 0],
			"translation": [0, 0, -14],
			"scale": [2, 2, 2]
		}
	},
	"groups": [
		{
			"name": "group",
			"origin": [7.5, -0.75, 7.5],
			"color": 0,
			"children": [
				0,
				1,
				2,
				3,
				4,
				5,
				6,
				7,
				8,
				9,
				10,
				{
					"name": "feet",
					"origin": [8, 3.96107, 5.2105],
					"color": 0,
					"children": [
						11,
						12,
						13,
						{
							"name": "foot",
							"origin": [8, 3.96107, 5.2105],
							"color": 0,
							"children": [14, 15, 16]
						},
						{
							"name": "foot",
							"origin": [8, 3.96107, 5.2105],
							"color": 0,
							"children": [
								17,
								18,
								19,
								{
									"name": "foot",
									"origin": [8, 3.96107, 5.2105],
									"color": 0,
									"children": [20, 21, 22]
								}
							]
						}
					]
				}
			]
		}
	]
}