{
	"credit": "Made with Blockbench",
	"textures": {
		"0": "block/towels/blue plaid",
		"1": "block/towels/red plaid",
		"2": "block/stripped_oak_log",
		"particle": "block/towels/blue plaid"
	},
	"elements": [
		{
			"from": [0.06586, 6.1416, 14.5],
			"to": [5.06586, 11.1416, 15.5],
			"rotation": {"angle": -45, "axis": "z", "origin": [2.06586, 7.1416, 14]},
			"faces": {
				"north": {"uv": [0, 0, 5, 5], "texture": "#1"},
				"east": {"uv": [0, 0, 1, 5], "texture": "#1"},
				"south": {"uv": [0, 0, 5, 5], "texture": "#1"},
				"west": {"uv": [0, 0, 1, 5], "texture": "#1"},
				"up": {"uv": [0, 0, 5, 1], "texture": "#1"},
				"down": {"uv": [0, 0, 5, 1], "texture": "#1"}
			}
		},
		{
			"from": [2.3, 12.45, 14.5],
			"to": [3.8, 13.95, 15.5],
			"rotation": {"angle": -45, "axis": "z", "origin": [2.35355, 12.3033, 14]},
			"faces": {
				"north": {"uv": [0, 0, 1.5, 1.5], "texture": "#1"},
				"east": {"uv": [0, 0, 1, 1.5], "texture": "#1"},
				"south": {"uv": [0, 0, 1.5, 1.5], "texture": "#1"},
				"west": {"uv": [0, 0, 1, 1.5], "texture": "#1"},
				"up": {"uv": [0, 0, 1.5, 1], "texture": "#1"},
				"down": {"uv": [0, 0, 1.5, 1], "texture": "#1"}
			}
		},
		{
			"from": [12, 12, 13.25],
			"to": [13, 13, 14],
			"rotation": {"angle": 0, "axis": "y", "origin": [9, 0, 0]},
			"faces": {
				"north": {"uv": [0, 0, 1, 1], "texture": "#2"},
				"east": {"uv": [0, 0, 0.75, 1], "texture": "#2"},
				"south": {"uv": [0, 0, 1, 1], "texture": "#2"},
				"west": {"uv": [0, 0, 0.75, 1], "texture": "#2"},
				"up": {"uv": [0, 0, 1, 0.75], "texture": "#2"},
				"down": {"uv": [0, 0, 1, 0.75], "texture": "#2"}
			}
		},
		{
			"from": [12, 12, 14],
			"to": [13, 12.5, 16],
			"rotation": {"angle": 0, "axis": "y", "origin": [9, 0, 0]},
			"faces": {
				"north": {"uv": [0, 0, 1, 0.5], "texture": "#2"},
				"east": {"uv": [0, 0, 2, 0.5], "texture": "#2"},
				"south": {"uv": [0, 0, 1, 0.5], "texture": "#2"},
				"west": {"uv": [0, 0, 2, 0.5], "texture": "#2"},
				"up": {"uv": [0, 0, 1, 2], "texture": "#2"},
				"down": {"uv": [0, 0, 1, 2], "texture": "#2"}
			}
		},
		{
			"from": [6.5, 2.75, 14.25],
			"to": [7, 4.75, 15.25],
			"rotation": {"angle": 0, "axis": "y", "origin": [0, -0.25, 1.25]},
			"faces": {
				"north": {"uv": [7, 3, 7.5, 5], "texture": "#2"},
				"east": {"uv": [7, 3, 8, 5], "texture": "#2"},
				"south": {"uv": [7, 3, 7.5, 5], "texture": "#2"},
				"west": {"uv": [7, 3, 8, 5], "texture": "#2"},
				"up": {"uv": [7, 3, 7.5, 4], "texture": "#2"},
				"down": {"uv": [7, 3, 7.5, 4], "texture": "#2"}
			}
		},
		{
			"from": [5.4, 15.7, 14.25],
			"to": [6.9, 17.2, 15.25],
			"rotation": {"angle": -45, "axis": "z", "origin": [2.35355, 12.3033, 14]},
			"faces": {
				"north": {"uv": [7, 3, 8.5, 4.5], "texture": "#2"},
				"east": {"uv": [7, 3, 8, 4.5], "texture": "#2"},
				"south": {"uv": [7, 3, 8.5, 4.5], "texture": "#2"},
				"west": {"uv": [7, 3, 8, 4.5], "texture": "#2"},
				"up": {"uv": [7, 3, 8.5, 4], "texture": "#2"},
				"down": {"uv": [7, 3, 8.5, 4], "texture": "#2"}
			}
		},
		{
			"from": [7.5, 4.5, 14.26],
			"to": [8.5, 12.25, 15.26],
			"rotation": {"angle": 0, "axis": "y", "origin": [0, -0.25, 1.25]},
			"faces": {
				"north": {"uv": [8, 3, 9, 10.75], "texture": "#2"},
				"east": {"uv": [8, 3, 9, 10.75], "texture": "#2"},
				"south": {"uv": [8, 3, 9, 10.75], "texture": "#2"},
				"west": {"uv": [8, 3, 9, 10.75], "texture": "#2"},
				"up": {"uv": [8, 3, 9, 4], "texture": "#2"},
				"down": {"uv": [8, 3, 9, 4], "texture": "#2"}
			}
		},
		{
			"from": [15.31802, -0.50305, 14.25],
			"to": [15.81802, 1.24695, 15.25],
			"rotation": {"angle": 45, "axis": "z", "origin": [6.31802, -5.50305, 1.25]},
			"faces": {
				"north": {"uv": [7, 3, 7.5, 4.75], "texture": "#2"},
				"east": {"uv": [7, 3, 8, 4.75], "texture": "#2"},
				"south": {"uv": [7, 3, 7.5, 4.75], "texture": "#2"},
				"west": {"uv": [7, 3, 8, 4.75], "texture": "#2"},
				"up": {"uv": [7, 3, 7.5, 4], "texture": "#2"},
				"down": {"uv": [7, 3, 7.5, 4], "texture": "#2"}
			}
		},
		{
			"from": [5.45406, 12.22487, 14.25],
			"to": [5.95406, 13.97487, 15.25],
			"rotation": {"angle": -45, "axis": "z", "origin": [-3.04594, 7.22487, 1.25]},
			"faces": {
				"north": {"uv": [7, 3, 7.5, 4.75], "texture": "#2"},
				"east": {"uv": [7, 3, 8, 4.75], "texture": "#2"},
				"south": {"uv": [7, 3, 7.5, 4.75], "texture": "#2"},
				"west": {"uv": [7, 3, 8, 4.75], "texture": "#2"},
				"up": {"uv": [7, 3, 7.5, 4], "texture": "#2"},
				"down": {"uv": [7, 3, 7.5, 4], "texture": "#2"}
			}
		},
		{
			"from": [9, 2.75, 14.25],
			"to": [9.5, 4.75, 15.25],
			"rotation": {"angle": 0, "axis": "y", "origin": [0, -0.25, 1.25]},
			"faces": {
				"north": {"uv": [7, 3, 7.5, 5], "texture": "#2"},
				"east": {"uv": [7, 3, 8, 5], "texture": "#2"},
				"south": {"uv": [7, 3, 7.5, 5], "texture": "#2"},
				"west": {"uv": [7, 3, 8, 5], "texture": "#2"},
				"up": {"uv": [7, 3, 7.5, 4], "texture": "#2"},
				"down": {"uv": [7, 3, 7.5, 4], "texture": "#2"}
			}
		},
		{
			"from": [7.75, 2.75, 14.25],
			"to": [8.25, 4.75, 15.25],
			"rotation": {"angle": 0, "axis": "y", "origin": [0, -0.25, 1.25]},
			"faces": {
				"north": {"uv": [7, 3, 7.5, 5], "texture": "#2"},
				"east": {"uv": [7, 3, 8, 5], "texture": "#2"},
				"south": {"uv": [7, 3, 7.5, 5], "texture": "#2"},
				"west": {"uv": [7, 3, 8, 5], "texture": "#2"},
				"up": {"uv": [7, 3, 7.5, 4], "texture": "#2"},
				"down": {"uv": [7, 3, 7.5, 4], "texture": "#2"}
			}
		},
		{
			"from": [7, 4.5, 14.249],
			"to": [9, 5.25, 15.249],
			"rotation": {"angle": 0, "axis": "y", "origin": [0, -0.25, 1.25]},
			"faces": {
				"north": {"uv": [7, 3, 9, 3.75], "texture": "#2"},
				"east": {"uv": [7, 3, 8, 3.75], "texture": "#2"},
				"south": {"uv": [7, 3, 9, 3.75], "texture": "#2"},
				"west": {"uv": [7, 3, 8, 3.75], "texture": "#2"},
				"up": {"uv": [7, 3, 9, 4], "texture": "#2"},
				"down": {"uv": [7, 3, 9, 4], "texture": "#2"}
			}
		},
		{
			"from": [3, 12, 14],
			"to": [4, 12.5, 16],
			"faces": {
				"north": {"uv": [0, 0, 1, 0.5], "texture": "#2"},
				"east": {"uv": [0, 0, 2, 0.5], "texture": "#2"},
				"south": {"uv": [0, 0, 1, 0.5], "texture": "#2"},
				"west": {"uv": [0, 0, 2, 0.5], "texture": "#2"},
				"up": {"uv": [0, 0, 1, 2], "texture": "#2"},
				"down": {"uv": [0, 0, 1, 2], "texture": "#2"}
			}
		},
		{
			"from": [3, 12, 13.25],
			"to": [4, 13, 14],
			"faces": {
				"north": {"uv": [0, 0, 1, 1], "texture": "#2"},
				"east": {"uv": [0, 0, 0.75, 1], "texture": "#2"},
				"south": {"uv": [0, 0, 1, 1], "texture": "#2"},
				"west": {"uv": [0, 0, 0.75, 1], "texture": "#2"},
				"up": {"uv": [0, 0, 1, 0.75], "texture": "#2"},
				"down": {"uv": [0, 0, 1, 0.75], "texture": "#2"}
			}
		},
		{
			"from": [7.5, 12, 14],
			"to": [8.5, 12.5, 16],
			"rotation": {"angle": 0, "axis": "y", "origin": [-0.5, 0, 0]},
			"faces": {
				"north": {"uv": [7, 3, 8, 3.5], "texture": "#2"},
				"east": {"uv": [7, 3, 9, 3.5], "texture": "#2"},
				"south": {"uv": [7, 3, 8, 3.5], "texture": "#2"},
				"west": {"uv": [7, 3, 9, 3.5], "texture": "#2"},
				"up": {"uv": [7, 3, 8, 5], "texture": "#2"},
				"down": {"uv": [7, 3, 8, 5], "texture": "#2"}
			}
		},
		{
			"from": [7.5, 12, 13.25],
			"to": [8.5, 13, 14],
			"rotation": {"angle": 0, "axis": "y", "origin": [-0.5, 0, 0]},
			"faces": {
				"north": {"uv": [0, 0, 1, 1], "texture": "#2"},
				"east": {"uv": [0, 0, 0.75, 1], "texture": "#2"},
				"south": {"uv": [0, 0, 1, 1], "texture": "#2"},
				"west": {"uv": [0, 0, 0.75, 1], "texture": "#2"},
				"up": {"uv": [0, 0, 1, 0.75], "texture": "#2"},
				"down": {"uv": [0, 0, 1, 0.75], "texture": "#2"}
			}
		},
		{
			"from": [11.3, 12.45, 14.5],
			"to": [12.8, 13.95, 15.5],
			"rotation": {"angle": -45, "axis": "z", "origin": [11.35355, 12.3033, 14]},
			"faces": {
				"north": {"uv": [0, 0, 1.5, 1.5], "texture": "#0"},
				"east": {"uv": [0, 0, 1, 1.5], "texture": "#0"},
				"south": {"uv": [0, 0, 1.5, 1.5], "texture": "#0"},
				"west": {"uv": [0, 0, 1, 1.5], "texture": "#0"},
				"up": {"uv": [0, 0, 1.5, 1], "texture": "#0"},
				"down": {"uv": [0, 0, 1.5, 1], "texture": "#0"}
			}
		},
		{
			"from": [9.06586, 6.1416, 14.5],
			"to": [14.06586, 11.1416, 15.5],
			"rotation": {"angle": -45, "axis": "z", "origin": [11.06586, 7.1416, 14]},
			"faces": {
				"north": {"uv": [0, 0, 5, 5], "texture": "#0"},
				"east": {"uv": [0, 0, 1, 5], "texture": "#0"},
				"south": {"uv": [0, 0, 5, 5], "texture": "#0"},
				"west": {"uv": [0, 0, 1, 5], "texture": "#0"},
				"up": {"uv": [0, 0, 5, 1], "texture": "#0"},
				"down": {"uv": [0, 0, 5, 1], "texture": "#0"}
			}
		}
	],
	"display": {
		"thirdperson_righthand": {
			"rotation": [90, 0, 0],
			"translation": [0, 3.75, 0],
			"scale": [0.5, 0.5, 0.5]
		},
		"thirdperson_lefthand": {
			"rotation": [90, 0, 0],
			"translation": [0, 3.75, 0],
			"scale": [0.5, 0.5, 0.5]
		},
		"firstperson_righthand": {
			"scale": [0.5, 0.5, 0.5]
		},
		"firstperson_lefthand": {
			"scale": [0.5, 0.5, 0.5]
		},
		"gui": {
			"rotation": [19, 32, 0],
			"translation": [-3.75, 0.75, 0]
		},
		"fixed": {
			"translation": [0, 0, -14],
			"scale": [2, 2, 2]
		}
	},
	"groups": [
		{
			"name": "potholder 1",
			"origin": [0, 0, 0],
			"color": 0,
			"children": [0, 1]
		},
		{
			"name": "potholder 2",
			"origin": [0, 0, 0],
			"color": 0,
			"children": [2, 3]
		},
		{
			"name": "fork thing",
			"origin": [0, 0, 0],
			"color": 0,
			"children": [4, 5, 6, 7, 8, 9, 10, 11]
		},
		{
			"name": "handles",
			"origin": [-0.5, 0, 0],
			"color": 0,
			"children": [12, 13, 14, 15, 16, 17]
		}
	]
}