{
	"credit": "Made with Blockbench",
	"textures": {
		"0": "block/objects/paper",
		"1": "block/objects/notebook",
		"2": "block/objects/notebook rings",
		"3": "block/objects/pen",
		"particle": "block/objects/paper"
	},
	"elements": [
		{
			"name": "paper",
			"from": [2.6875, 0.5, 4.25],
			"to": [8.1875, 1.25, 11.5],
			"rotation": {"angle": 0, "axis": "y", "origin": [9.9375, 0, 8]},
			"faces": {
				"north": {"uv": [0, 7.5, 2.75, 7.75], "texture": "#0"},
				"east": {"uv": [0, 6.5, 3.75, 6.75], "texture": "#0"},
				"south": {"uv": [6, 7, 8.75, 7.25], "texture": "#0"},
				"west": {"uv": [4, 6.5, 7.75, 6.75], "texture": "#0"},
				"up": {"uv": [7.75, 2.75, 4, 0], "rotation": 90, "texture": "#0"},
				"down": {"uv": [7.75, 3, 4, 5.75], "rotation": 270, "texture": "#0"}
			}
		},
		{
			"name": "cover",
			"from": [2.4375, 1.25, 4],
			"to": [8.4375, 1.75, 12],
			"rotation": {"angle": 0, "axis": "z", "origin": [9.9375, 0, 8]},
			"faces": {
				"north": {"uv": [0, 7.5, 3, 7.75], "rotation": 180, "texture": "#1"},
				"east": {"uv": [4, 6.5, 8, 6.75], "rotation": 180, "texture": "#1"},
				"south": {"uv": [6, 7, 9, 7.25], "rotation": 180, "texture": "#1"},
				"west": {"uv": [0, 6.5, 4, 6.75], "rotation": 180, "texture": "#1"},
				"up": {"uv": [8, 3, 4, 6], "rotation": 90, "texture": "#1"},
				"down": {"uv": [8, 3, 4, 0], "rotation": 270, "texture": "#1"}
			}
		},
		{
			"name": "cover",
			"from": [2.4375, 0, 4],
			"to": [8.4375, 0.5, 12],
			"rotation": {"angle": 0, "axis": "y", "origin": [9.9375, 0, 8]},
			"faces": {
				"north": {"uv": [3, 7, 6, 7.25], "texture": "#1"},
				"east": {"uv": [0, 6, 4, 6.25], "texture": "#1"},
				"south": {"uv": [0, 7, 3, 7.25], "texture": "#1"},
				"west": {"uv": [4, 6, 8, 6.25], "texture": "#1"},
				"up": {"uv": [4, 3, 0, 0], "rotation": 90, "texture": "#1"},
				"down": {"uv": [4, 3, 0, 6], "rotation": 270, "texture": "#1"}
			}
		},
		{
			"name": "hexadecagon",
			"from": [9.1875, 0.80109, 7.75],
			"to": [9.4375, 1.19891, 8.25],
			"rotation": {"angle": 45, "axis": "z", "origin": [8.4375, 1, 8]},
			"faces": {
				"north": {"uv": [0, 0, 2, 2], "rotation": 270, "texture": "#2"},
				"east": {"uv": [0, 0, 2, 2], "rotation": 90, "texture": "#2"},
				"south": {"uv": [0, 0, 2, 2], "rotation": 270, "texture": "#2"},
				"west": {"uv": [0, 0, 2, 2], "rotation": 270, "texture": "#2"},
				"up": {"uv": [0, 0, 2, 2], "texture": "#2"},
				"down": {"uv": [0, 0, 2, 2], "rotation": 180, "texture": "#2"}
			}
		},
		{
			"name": "hexadecagon",
			"from": [9.1875, 0.80109, 7.75],
			"to": [9.4375, 1.19891, 8.25],
			"rotation": {"angle": 22.5, "axis": "z", "origin": [8.4375, 1, 8]},
			"faces": {
				"north": {"uv": [0, 0, 2, 2], "rotation": 270, "texture": "#2"},
				"east": {"uv": [0, 0, 2, 2], "rotation": 90, "texture": "#2"},
				"south": {"uv": [0, 0, 2, 2], "rotation": 270, "texture": "#2"},
				"west": {"uv": [0, 0, 2, 2], "rotation": 270, "texture": "#2"},
				"up": {"uv": [0, 0, 2, 2], "texture": "#2"},
				"down": {"uv": [0, 0, 2, 2], "rotation": 180, "texture": "#2"}
			}
		},
		{
			"name": "hexadecagon",
			"from": [9.1875, 0.80109, 7.75],
			"to": [9.4375, 1.19891, 8.25],
			"rotation": {"angle": 0, "axis": "y", "origin": [8.4375, 1, 8]},
			"faces": {
				"north": {"uv": [0, 0, 2, 2], "rotation": 270, "texture": "#2"},
				"east": {"uv": [0, 0, 2, 2], "rotation": 90, "texture": "#2"},
				"south": {"uv": [0, 0, 2, 2], "rotation": 270, "texture": "#2"},
				"west": {"uv": [0, 0, 2, 2], "rotation": 270, "texture": "#2"},
				"up": {"uv": [0, 0, 2, 2], "texture": "#2"},
				"down": {"uv": [0, 0, 2, 2], "rotation": 180, "texture": "#2"}
			}
		},
		{
			"name": "hexadecagon",
			"from": [9.1875, 0.80109, 7.75],
			"to": [9.4375, 1.19891, 8.25],
			"rotation": {"angle": -22.5, "axis": "z", "origin": [8.4375, 1, 8]},
			"faces": {
				"north": {"uv": [0, 0, 2, 2], "rotation": 270, "texture": "#2"},
				"east": {"uv": [0, 0, 2, 2], "rotation": 90, "texture": "#2"},
				"south": {"uv": [0, 0, 2, 2], "rotation": 270, "texture": "#2"},
				"west": {"uv": [0, 0, 2, 2], "rotation": 270, "texture": "#2"},
				"up": {"uv": [0, 0, 2, 2], "texture": "#2"},
				"down": {"uv": [0, 0, 2, 2], "rotation": 180, "texture": "#2"}
			}
		},
		{
			"name": "hexadecagon",
			"from": [9.1875, 0.80109, 7.75],
			"to": [9.4375, 1.19891, 8.25],
			"rotation": {"angle": -45, "axis": "z", "origin": [8.4375, 1, 8]},
			"faces": {
				"north": {"uv": [0, 0, 2, 2], "rotation": 270, "texture": "#2"},
				"east": {"uv": [0, 0, 2, 2], "rotation": 90, "texture": "#2"},
				"south": {"uv": [0, 0, 2, 2], "rotation": 270, "texture": "#2"},
				"west": {"uv": [0, 0, 2, 2], "rotation": 270, "texture": "#2"},
				"up": {"uv": [0, 0, 2, 2], "texture": "#2"},
				"down": {"uv": [0, 0, 2, 2], "rotation": 180, "texture": "#2"}
			}
		},
		{
			"name": "hexadecagon",
			"from": [7.4375, 0.80109, 7.75],
			"to": [7.6875, 1.19891, 8.25],
			"rotation": {"angle": 45, "axis": "z", "origin": [8.4375, 1, 8]},
			"faces": {
				"north": {"uv": [0, 0, 2, 2], "rotation": 270, "texture": "#2"},
				"east": {"uv": [0, 0, 2, 2], "rotation": 90, "texture": "#2"},
				"south": {"uv": [0, 0, 2, 2], "rotation": 270, "texture": "#2"},
				"west": {"uv": [0, 0, 2, 2], "rotation": 270, "texture": "#2"},
				"up": {"uv": [0, 0, 2, 2], "texture": "#2"},
				"down": {"uv": [0, 0, 2, 2], "rotation": 180, "texture": "#2"}
			}
		},
		{
			"name": "hexadecagon",
			"from": [7.4375, 0.80109, 7.75],
			"to": [7.6875, 1.19891, 8.25],
			"rotation": {"angle": 22.5, "axis": "z", "origin": [8.4375, 1, 8]},
			"faces": {
				"north": {"uv": [0, 0, 2, 2], "rotation": 270, "texture": "#2"},
				"east": {"uv": [0, 0, 2, 2], "rotation": 90, "texture": "#2"},
				"south": {"uv": [0, 0, 2, 2], "rotation": 270, "texture": "#2"},
				"west": {"uv": [0, 0, 2, 2], "rotation": 270, "texture": "#2"},
				"up": {"uv": [0, 0, 2, 2], "texture": "#2"},
				"down": {"uv": [0, 0, 2, 2], "rotation": 180, "texture": "#2"}
			}
		},
		{
			"name": "hexadecagon",
			"from": [7.4375, 0.80109, 7.75],
			"to": [7.6875, 1.19891, 8.25],
			"rotation": {"angle": 0, "axis": "y", "origin": [8.4375, 1, 8]},
			"faces": {
				"north": {"uv": [0, 0, 2, 2], "rotation": 270, "texture": "#2"},
				"east": {"uv": [0, 0, 2, 2], "rotation": 90, "texture": "#2"},
				"south": {"uv": [0, 0, 2, 2], "rotation": 270, "texture": "#2"},
				"west": {"uv": [0, 0, 2, 2], "rotation": 270, "texture": "#2"},
				"up": {"uv": [0, 0, 2, 2], "texture": "#2"},
				"down": {"uv": [0, 0, 2, 2], "rotation": 180, "texture": "#2"}
			}
		},
		{
			"name": "hexadecagon",
			"from": [7.4375, 0.80109, 7.75],
			"to": [7.6875, 1.19891, 8.25],
			"rotation": {"angle": -22.5, "axis": "z", "origin": [8.4375, 1, 8]},
			"faces": {
				"north": {"uv": [0, 0, 2, 2], "rotation": 270, "texture": "#2"},
				"east": {"uv": [0, 0, 2, 2], "rotation": 90, "texture": "#2"},
				"south": {"uv": [0, 0, 2, 2], "rotation": 270, "texture": "#2"},
				"west": {"uv": [0, 0, 2, 2], "rotation": 270, "texture": "#2"},
				"up": {"uv": [0, 0, 2, 2], "texture": "#2"},
				"down": {"uv": [0, 0, 2, 2], "rotation": 180, "texture": "#2"}
			}
		},
		{
			"name": "hexadecagon",
			"from": [7.4375, 0.80109, 7.75],
			"to": [7.6875, 1.19891, 8.25],
			"rotation": {"angle": -45, "axis": "z", "origin": [8.4375, 1, 8]},
			"faces": {
				"north": {"uv": [0, 0, 2, 2], "rotation": 270, "texture": "#2"},
				"east": {"uv": [0, 0, 2, 2], "rotation": 90, "texture": "#2"},
				"south": {"uv": [0, 0, 2, 2], "rotation": 270, "texture": "#2"},
				"west": {"uv": [0, 0, 2, 2], "rotation": 270, "texture": "#2"},
				"up": {"uv": [0, 0, 2, 2], "texture": "#2"},
				"down": {"uv": [0, 0, 2, 2], "rotation": 180, "texture": "#2"}
			}
		},
		{
			"name": "hexadecagon",
			"from": [8.23859, 0, 7.75],
			"to": [8.63641, 0.25, 8.25],
			"rotation": {"angle": 22.5, "axis": "z", "origin": [8.4375, 1, 8]},
			"faces": {
				"north": {"uv": [0, 0, 2, 2], "rotation": 270, "texture": "#2"},
				"east": {"uv": [0, 0, 2, 2], "rotation": 90, "texture": "#2"},
				"south": {"uv": [0, 0, 2, 2], "rotation": 270, "texture": "#2"},
				"west": {"uv": [0, 0, 2, 2], "rotation": 270, "texture": "#2"},
				"up": {"uv": [0, 0, 2, 2], "texture": "#2"},
				"down": {"uv": [0, 0, 2, 2], "rotation": 180, "texture": "#2"}
			}
		},
		{
			"name": "hexadecagon",
			"from": [8.23859, 0, 7.75],
			"to": [8.63641, 0.25, 8.25],
			"rotation": {"angle": 0, "axis": "y", "origin": [8.4375, 1, 8]},
			"faces": {
				"north": {"uv": [0, 0, 2, 2], "rotation": 270, "texture": "#2"},
				"east": {"uv": [0, 0, 2, 2], "rotation": 90, "texture": "#2"},
				"south": {"uv": [0, 0, 2, 2], "rotation": 270, "texture": "#2"},
				"west": {"uv": [0, 0, 2, 2], "rotation": 270, "texture": "#2"},
				"up": {"uv": [0, 0, 2, 2], "texture": "#2"},
				"down": {"uv": [0, 0, 2, 2], "rotation": 180, "texture": "#2"}
			}
		},
		{
			"name": "hexadecagon",
			"from": [8.23859, 0, 7.75],
			"to": [8.63641, 0.25, 8.25],
			"rotation": {"angle": -22.5, "axis": "z", "origin": [8.4375, 1, 8]},
			"faces": {
				"north": {"uv": [0, 0, 2, 2], "rotation": 270, "texture": "#2"},
				"east": {"uv": [0, 0, 2, 2], "rotation": 90, "texture": "#2"},
				"south": {"uv": [0, 0, 2, 2], "rotation": 270, "texture": "#2"},
				"west": {"uv": [0, 0, 2, 2], "rotation": 270, "texture": "#2"},
				"up": {"uv": [0, 0, 2, 2], "texture": "#2"},
				"down": {"uv": [0, 0, 2, 2], "rotation": 180, "texture": "#2"}
			}
		},
		{
			"name": "hexadecagon",
			"from": [8.23859, 1.75, 7.75],
			"to": [8.63641, 2, 8.25],
			"rotation": {"angle": 22.5, "axis": "z", "origin": [8.4375, 1, 8]},
			"faces": {
				"north": {"uv": [0, 0, 2, 2], "rotation": 270, "texture": "#2"},
				"east": {"uv": [0, 0, 2, 2], "rotation": 90, "texture": "#2"},
				"south": {"uv": [0, 0, 2, 2], "rotation": 270, "texture": "#2"},
				"west": {"uv": [0, 0, 2, 2], "rotation": 270, "texture": "#2"},
				"up": {"uv": [0, 0, 2, 2], "texture": "#2"},
				"down": {"uv": [0, 0, 2, 2], "rotation": 180, "texture": "#2"}
			}
		},
		{
			"name": "hexadecagon",
			"from": [8.23859, 1.75, 7.75],
			"to": [8.63641, 2, 8.25],
			"rotation": {"angle": 0, "axis": "y", "origin": [8.4375, 1, 8]},
			"faces": {
				"north": {"uv": [0, 0, 2, 2], "rotation": 270, "texture": "#2"},
				"east": {"uv": [0, 0, 2, 2], "rotation": 90, "texture": "#2"},
				"south": {"uv": [0, 0, 2, 2], "rotation": 270, "texture": "#2"},
				"west": {"uv": [0, 0, 2, 2], "rotation": 270, "texture": "#2"},
				"up": {"uv": [0, 0, 2, 2], "texture": "#2"},
				"down": {"uv": [0, 0, 2, 2], "rotation": 180, "texture": "#2"}
			}
		},
		{
			"name": "hexadecagon",
			"from": [8.23859, 1.75, 7.75],
			"to": [8.63641, 2, 8.25],
			"rotation": {"angle": -22.5, "axis": "z", "origin": [8.4375, 1, 8]},
			"faces": {
				"north": {"uv": [0, 0, 2, 2], "rotation": 270, "texture": "#2"},
				"east": {"uv": [0, 0, 2, 2], "rotation": 90, "texture": "#2"},
				"south": {"uv": [0, 0, 2, 2], "rotation": 270, "texture": "#2"},
				"west": {"uv": [0, 0, 2, 2], "rotation": 270, "texture": "#2"},
				"up": {"uv": [0, 0, 2, 2], "texture": "#2"},
				"down": {"uv": [0, 0, 2, 2], "rotation": 180, "texture": "#2"}
			}
		},
		{
			"name": "hexadecagon",
			"from": [9.1875, 0.80109, 10.75],
			"to": [9.4375, 1.19891, 11.25],
			"rotation": {"angle": 45, "axis": "z", "origin": [8.4375, 1, 11]},
			"faces": {
				"north": {"uv": [0, 0, 2, 2], "rotation": 270, "texture": "#2"},
				"east": {"uv": [0, 0, 2, 2], "rotation": 90, "texture": "#2"},
				"south": {"uv": [0, 0, 2, 2], "rotation": 270, "texture": "#2"},
				"west": {"uv": [0, 0, 2, 2], "rotation": 270, "texture": "#2"},
				"up": {"uv": [0, 0, 2, 2], "texture": "#2"},
				"down": {"uv": [0, 0, 2, 2], "rotation": 180, "texture": "#2"}
			}
		},
		{
			"name": "hexadecagon",
			"from": [9.1875, 0.80109, 10.75],
			"to": [9.4375, 1.19891, 11.25],
			"rotation": {"angle": 22.5, "axis": "z", "origin": [8.4375, 1, 11]},
			"faces": {
				"north": {"uv": [0, 0, 2, 2], "rotation": 270, "texture": "#2"},
				"east": {"uv": [0, 0, 2, 2], "rotation": 90, "texture": "#2"},
				"south": {"uv": [0, 0, 2, 2], "rotation": 270, "texture": "#2"},
				"west": {"uv": [0, 0, 2, 2], "rotation": 270, "texture": "#2"},
				"up": {"uv": [0, 0, 2, 2], "texture": "#2"},
				"down": {"uv": [0, 0, 2, 2], "rotation": 180, "texture": "#2"}
			}
		},
		{
			"name": "hexadecagon",
			"from": [9.1875, 0.80109, 10.75],
			"to": [9.4375, 1.19891, 11.25],
			"rotation": {"angle": 0, "axis": "y", "origin": [8.4375, 1, 11]},
			"faces": {
				"north": {"uv": [0, 0, 2, 2], "rotation": 270, "texture": "#2"},
				"east": {"uv": [0, 0, 2, 2], "rotation": 90, "texture": "#2"},
				"south": {"uv": [0, 0, 2, 2], "rotation": 270, "texture": "#2"},
				"west": {"uv": [0, 0, 2, 2], "rotation": 270, "texture": "#2"},
				"up": {"uv": [0, 0, 2, 2], "texture": "#2"},
				"down": {"uv": [0, 0, 2, 2], "rotation": 180, "texture": "#2"}
			}
		},
		{
			"name": "hexadecagon",
			"from": [9.1875, 0.80109, 10.75],
			"to": [9.4375, 1.19891, 11.25],
			"rotation": {"angle": -22.5, "axis": "z", "origin": [8.4375, 1, 11]},
			"faces": {
				"north": {"uv": [0, 0, 2, 2], "rotation": 270, "texture": "#2"},
				"east": {"uv": [0, 0, 2, 2], "rotation": 90, "texture": "#2"},
				"south": {"uv": [0, 0, 2, 2], "rotation": 270, "texture": "#2"},
				"west": {"uv": [0, 0, 2, 2], "rotation": 270, "texture": "#2"},
				"up": {"uv": [0, 0, 2, 2], "texture": "#2"},
				"down": {"uv": [0, 0, 2, 2], "rotation": 180, "texture": "#2"}
			}
		},
		{
			"name": "hexadecagon",
			"from": [9.1875, 0.80109, 10.75],
			"to": [9.4375, 1.19891, 11.25],
			"rotation": {"angle": -45, "axis": "z", "origin": [8.4375, 1, 11]},
			"faces": {
				"north": {"uv": [0, 0, 2, 2], "rotation": 270, "texture": "#2"},
				"east": {"uv": [0, 0, 2, 2], "rotation": 90, "texture": "#2"},
				"south": {"uv": [0, 0, 2, 2], "rotation": 270, "texture": "#2"},
				"west": {"uv": [0, 0, 2, 2], "rotation": 270, "texture": "#2"},
				"up": {"uv": [0, 0, 2, 2], "texture": "#2"},
				"down": {"uv": [0, 0, 2, 2], "rotation": 180, "texture": "#2"}
			}
		},
		{
			"name": "hexadecagon",
			"from": [7.4375, 0.80109, 10.75],
			"to": [7.6875, 1.19891, 11.25],
			"rotation": {"angle": 45, "axis": "z", "origin": [8.4375, 1, 11]},
			"faces": {
				"north": {"uv": [0, 0, 2, 2], "rotation": 270, "texture": "#2"},
				"east": {"uv": [0, 0, 2, 2], "rotation": 90, "texture": "#2"},
				"south": {"uv": [0, 0, 2, 2], "rotation": 270, "texture": "#2"},
				"west": {"uv": [0, 0, 2, 2], "rotation": 270, "texture": "#2"},
				"up": {"uv": [0, 0, 2, 2], "texture": "#2"},
				"down": {"uv": [0, 0, 2, 2], "rotation": 180, "texture": "#2"}
			}
		},
		{
			"name": "hexadecagon",
			"from": [7.4375, 0.80109, 10.75],
			"to": [7.6875, 1.19891, 11.25],
			"rotation": {"angle": 22.5, "axis": "z", "origin": [8.4375, 1, 11]},
			"faces": {
				"north": {"uv": [0, 0, 2, 2], "rotation": 270, "texture": "#2"},
				"east": {"uv": [0, 0, 2, 2], "rotation": 90, "texture": "#2"},
				"south": {"uv": [0, 0, 2, 2], "rotation": 270, "texture": "#2"},
				"west": {"uv": [0, 0, 2, 2], "rotation": 270, "texture": "#2"},
				"up": {"uv": [0, 0, 2, 2], "texture": "#2"},
				"down": {"uv": [0, 0, 2, 2], "rotation": 180, "texture": "#2"}
			}
		},
		{
			"name": "hexadecagon",
			"from": [7.4375, 0.80109, 10.75],
			"to": [7.6875, 1.19891, 11.25],
			"rotation": {"angle": 0, "axis": "y", "origin": [8.4375, 1, 11]},
			"faces": {
				"north": {"uv": [0, 0, 2, 2], "rotation": 270, "texture": "#2"},
				"east": {"uv": [0, 0, 2, 2], "rotation": 90, "texture": "#2"},
				"south": {"uv": [0, 0, 2, 2], "rotation": 270, "texture": "#2"},
				"west": {"uv": [0, 0, 2, 2], "rotation": 270, "texture": "#2"},
				"up": {"uv": [0, 0, 2, 2], "texture": "#2"},
				"down": {"uv": [0, 0, 2, 2], "rotation": 180, "texture": "#2"}
			}
		},
		{
			"name": "hexadecagon",
			"from": [7.4375, 0.80109, 10.75],
			"to": [7.6875, 1.19891, 11.25],
			"rotation": {"angle": -22.5, "axis": "z", "origin": [8.4375, 1, 11]},
			"faces": {
				"north": {"uv": [0, 0, 2, 2], "rotation": 270, "texture": "#2"},
				"east": {"uv": [0, 0, 2, 2], "rotation": 90, "texture": "#2"},
				"south": {"uv": [0, 0, 2, 2], "rotation": 270, "texture": "#2"},
				"west": {"uv": [0, 0, 2, 2], "rotation": 270, "texture": "#2"},
				"up": {"uv": [0, 0, 2, 2], "texture": "#2"},
				"down": {"uv": [0, 0, 2, 2], "rotation": 180, "texture": "#2"}
			}
		},
		{
			"name": "hexadecagon",
			"from": [7.4375, 0.80109, 10.75],
			"to": [7.6875, 1.19891, 11.25],
			"rotation": {"angle": -45, "axis": "z", "origin": [8.4375, 1, 11]},
			"faces": {
				"north": {"uv": [0, 0, 2, 2], "rotation": 270, "texture": "#2"},
				"east": {"uv": [0, 0, 2, 2], "rotation": 90, "texture": "#2"},
				"south": {"uv": [0, 0, 2, 2], "rotation": 270, "texture": "#2"},
				"west": {"uv": [0, 0, 2, 2], "rotation": 270, "texture": "#2"},
				"up": {"uv": [0, 0, 2, 2], "texture": "#2"},
				"down": {"uv": [0, 0, 2, 2], "rotation": 180, "texture": "#2"}
			}
		},
		{
			"name": "hexadecagon",
			"from": [8.23859, 0, 10.75],
			"to": [8.63641, 0.25, 11.25],
			"rotation": {"angle": 22.5, "axis": "z", "origin": [8.4375, 1, 11]},
			"faces": {
				"north": {"uv": [0, 0, 2, 2], "rotation": 270, "texture": "#2"},
				"east": {"uv": [0, 0, 2, 2], "rotation": 90, "texture": "#2"},
				"south": {"uv": [0, 0, 2, 2], "rotation": 270, "texture": "#2"},
				"west": {"uv": [0, 0, 2, 2], "rotation": 270, "texture": "#2"},
				"up": {"uv": [0, 0, 2, 2], "texture": "#2"},
				"down": {"uv": [0, 0, 2, 2], "rotation": 180, "texture": "#2"}
			}
		},
		{
			"name": "hexadecagon",
			"from": [8.23859, 0, 10.75],
			"to": [8.63641, 0.25, 11.25],
			"rotation": {"angle": 0, "axis": "y", "origin": [8.4375, 1, 11]},
			"faces": {
				"north": {"uv": [0, 0, 2, 2], "rotation": 270, "texture": "#2"},
				"east": {"uv": [0, 0, 2, 2], "rotation": 90, "texture": "#2"},
				"south": {"uv": [0, 0, 2, 2], "rotation": 270, "texture": "#2"},
				"west": {"uv": [0, 0, 2, 2], "rotation": 270, "texture": "#2"},
				"up": {"uv": [0, 0, 2, 2], "texture": "#2"},
				"down": {"uv": [0, 0, 2, 2], "rotation": 180, "texture": "#2"}
			}
		},
		{
			"name": "hexadecagon",
			"from": [8.23859, 0, 10.75],
			"to": [8.63641, 0.25, 11.25],
			"rotation": {"angle": -22.5, "axis": "z", "origin": [8.4375, 1, 11]},
			"faces": {
				"north": {"uv": [0, 0, 2, 2], "rotation": 270, "texture": "#2"},
				"east": {"uv": [0, 0, 2, 2], "rotation": 90, "texture": "#2"},
				"south": {"uv": [0, 0, 2, 2], "rotation": 270, "texture": "#2"},
				"west": {"uv": [0, 0, 2, 2], "rotation": 270, "texture": "#2"},
				"up": {"uv": [0, 0, 2, 2], "texture": "#2"},
				"down": {"uv": [0, 0, 2, 2], "rotation": 180, "texture": "#2"}
			}
		},
		{
			"name": "hexadecagon",
			"from": [8.23859, 1.75, 10.75],
			"to": [8.63641, 2, 11.25],
			"rotation": {"angle": 22.5, "axis": "z", "origin": [8.4375, 1, 11]},
			"faces": {
				"north": {"uv": [0, 0, 2, 2], "rotation": 270, "texture": "#2"},
				"east": {"uv": [0, 0, 2, 2], "rotation": 90, "texture": "#2"},
				"south": {"uv": [0, 0, 2, 2], "rotation": 270, "texture": "#2"},
				"west": {"uv": [0, 0, 2, 2], "rotation": 270, "texture": "#2"},
				"up": {"uv": [0, 0, 2, 2], "texture": "#2"},
				"down": {"uv": [0, 0, 2, 2], "rotation": 180, "texture": "#2"}
			}
		},
		{
			"name": "hexadecagon",
			"from": [8.23859, 1.75, 10.75],
			"to": [8.63641, 2, 11.25],
			"rotation": {"angle": 0, "axis": "y", "origin": [8.4375, 1, 11]},
			"faces": {
				"north": {"uv": [0, 0, 2, 2], "rotation": 270, "texture": "#2"},
				"east": {"uv": [0, 0, 2, 2], "rotation": 90, "texture": "#2"},
				"south": {"uv": [0, 0, 2, 2], "rotation": 270, "texture": "#2"},
				"west": {"uv": [0, 0, 2, 2], "rotation": 270, "texture": "#2"},
				"up": {"uv": [0, 0, 2, 2], "texture": "#2"},
				"down": {"uv": [0, 0, 2, 2], "rotation": 180, "texture": "#2"}
			}
		},
		{
			"name": "hexadecagon",
			"from": [8.23859, 1.75, 10.75],
			"to": [8.63641, 2, 11.25],
			"rotation": {"angle": -22.5, "axis": "z", "origin": [8.4375, 1, 11]},
			"faces": {
				"north": {"uv": [0, 0, 2, 2], "rotation": 270, "texture": "#2"},
				"east": {"uv": [0, 0, 2, 2], "rotation": 90, "texture": "#2"},
				"south": {"uv": [0, 0, 2, 2], "rotation": 270, "texture": "#2"},
				"west": {"uv": [0, 0, 2, 2], "rotation": 270, "texture": "#2"},
				"up": {"uv": [0, 0, 2, 2], "texture": "#2"},
				"down": {"uv": [0, 0, 2, 2], "rotation": 180, "texture": "#2"}
			}
		},
		{
			"name": "hexadecagon",
			"from": [9.1875, 0.80109, 4.75],
			"to": [9.4375, 1.19891, 5.25],
			"rotation": {"angle": 45, "axis": "z", "origin": [8.4375, 1, 5]},
			"faces": {
				"north": {"uv": [0, 0, 2, 2], "rotation": 270, "texture": "#2"},
				"east": {"uv": [0, 0, 2, 2], "rotation": 90, "texture": "#2"},
				"south": {"uv": [0, 0, 2, 2], "rotation": 270, "texture": "#2"},
				"west": {"uv": [0, 0, 2, 2], "rotation": 270, "texture": "#2"},
				"up": {"uv": [0, 0, 2, 2], "texture": "#2"},
				"down": {"uv": [0, 0, 2, 2], "rotation": 180, "texture": "#2"}
			}
		},
		{
			"name": "hexadecagon",
			"from": [9.1875, 0.80109, 4.75],
			"to": [9.4375, 1.19891, 5.25],
			"rotation": {"angle": 22.5, "axis": "z", "origin": [8.4375, 1, 5]},
			"faces": {
				"north": {"uv": [0, 0, 2, 2], "rotation": 270, "texture": "#2"},
				"east": {"uv": [0, 0, 2, 2], "rotation": 90, "texture": "#2"},
				"south": {"uv": [0, 0, 2, 2], "rotation": 270, "texture": "#2"},
				"west": {"uv": [0, 0, 2, 2], "rotation": 270, "texture": "#2"},
				"up": {"uv": [0, 0, 2, 2], "texture": "#2"},
				"down": {"uv": [0, 0, 2, 2], "rotation": 180, "texture": "#2"}
			}
		},
		{
			"name": "hexadecagon",
			"from": [9.1875, 0.80109, 4.75],
			"to": [9.4375, 1.19891, 5.25],
			"rotation": {"angle": 0, "axis": "y", "origin": [8.4375, 1, 5]},
			"faces": {
				"north": {"uv": [0, 0, 2, 2], "rotation": 270, "texture": "#2"},
				"east": {"uv": [0, 0, 2, 2], "rotation": 90, "texture": "#2"},
				"south": {"uv": [0, 0, 2, 2], "rotation": 270, "texture": "#2"},
				"west": {"uv": [0, 0, 2, 2], "rotation": 270, "texture": "#2"},
				"up": {"uv": [0, 0, 2, 2], "texture": "#2"},
				"down": {"uv": [0, 0, 2, 2], "rotation": 180, "texture": "#2"}
			}
		},
		{
			"name": "hexadecagon",
			"from": [9.1875, 0.80109, 4.75],
			"to": [9.4375, 1.19891, 5.25],
			"rotation": {"angle": -22.5, "axis": "z", "origin": [8.4375, 1, 5]},
			"faces": {
				"north": {"uv": [0, 0, 2, 2], "rotation": 270, "texture": "#2"},
				"east": {"uv": [0, 0, 2, 2], "rotation": 90, "texture": "#2"},
				"south": {"uv": [0, 0, 2, 2], "rotation": 270, "texture": "#2"},
				"west": {"uv": [0, 0, 2, 2], "rotation": 270, "texture": "#2"},
				"up": {"uv": [0, 0, 2, 2], "texture": "#2"},
				"down": {"uv": [0, 0, 2, 2], "rotation": 180, "texture": "#2"}
			}
		},
		{
			"name": "hexadecagon",
			"from": [9.1875, 0.80109, 4.75],
			"to": [9.4375, 1.19891, 5.25],
			"rotation": {"angle": -45, "axis": "z", "origin": [8.4375, 1, 5]},
			"faces": {
				"north": {"uv": [0, 0, 2, 2], "rotation": 270, "texture": "#2"},
				"east": {"uv": [0, 0, 2, 2], "rotation": 90, "texture": "#2"},
				"south": {"uv": [0, 0, 2, 2], "rotation": 270, "texture": "#2"},
				"west": {"uv": [0, 0, 2, 2], "rotation": 270, "texture": "#2"},
				"up": {"uv": [0, 0, 2, 2], "texture": "#2"},
				"down": {"uv": [0, 0, 2, 2], "rotation": 180, "texture": "#2"}
			}
		},
		{
			"name": "hexadecagon",
			"from": [7.4375, 0.80109, 4.75],
			"to": [7.6875, 1.19891, 5.25],
			"rotation": {"angle": 45, "axis": "z", "origin": [8.4375, 1, 5]},
			"faces": {
				"north": {"uv": [0, 0, 2, 2], "rotation": 270, "texture": "#2"},
				"east": {"uv": [0, 0, 2, 2], "rotation": 90, "texture": "#2"},
				"south": {"uv": [0, 0, 2, 2], "rotation": 270, "texture": "#2"},
				"west": {"uv": [0, 0, 2, 2], "rotation": 270, "texture": "#2"},
				"up": {"uv": [0, 0, 2, 2], "texture": "#2"},
				"down": {"uv": [0, 0, 2, 2], "rotation": 180, "texture": "#2"}
			}
		},
		{
			"name": "hexadecagon",
			"from": [7.4375, 0.80109, 4.75],
			"to": [7.6875, 1.19891, 5.25],
			"rotation": {"angle": 22.5, "axis": "z", "origin": [8.4375, 1, 5]},
			"faces": {
				"north": {"uv": [0, 0, 2, 2], "rotation": 270, "texture": "#2"},
				"east": {"uv": [0, 0, 2, 2], "rotation": 90, "texture": "#2"},
				"south": {"uv": [0, 0, 2, 2], "rotation": 270, "texture": "#2"},
				"west": {"uv": [0, 0, 2, 2], "rotation": 270, "texture": "#2"},
				"up": {"uv": [0, 0, 2, 2], "texture": "#2"},
				"down": {"uv": [0, 0, 2, 2], "rotation": 180, "texture": "#2"}
			}
		},
		{
			"name": "hexadecagon",
			"from": [7.4375, 0.80109, 4.75],
			"to": [7.6875, 1.19891, 5.25],
			"rotation": {"angle": 0, "axis": "y", "origin": [8.4375, 1, 5]},
			"faces": {
				"north": {"uv": [0, 0, 2, 2], "rotation": 270, "texture": "#2"},
				"east": {"uv": [0, 0, 2, 2], "rotation": 90, "texture": "#2"},
				"south": {"uv": [0, 0, 2, 2], "rotation": 270, "texture": "#2"},
				"west": {"uv": [0, 0, 2, 2], "rotation": 270, "texture": "#2"},
				"up": {"uv": [0, 0, 2, 2], "texture": "#2"},
				"down": {"uv": [0, 0, 2, 2], "rotation": 180, "texture": "#2"}
			}
		},
		{
			"name": "hexadecagon",
			"from": [7.4375, 0.80109, 4.75],
			"to": [7.6875, 1.19891, 5.25],
			"rotation": {"angle": -22.5, "axis": "z", "origin": [8.4375, 1, 5]},
			"faces": {
				"north": {"uv": [0, 0, 2, 2], "rotation": 270, "texture": "#2"},
				"east": {"uv": [0, 0, 2, 2], "rotation": 90, "texture": "#2"},
				"south": {"uv": [0, 0, 2, 2], "rotation": 270, "texture": "#2"},
				"west": {"uv": [0, 0, 2, 2], "rotation": 270, "texture": "#2"},
				"up": {"uv": [0, 0, 2, 2], "texture": "#2"},
				"down": {"uv": [0, 0, 2, 2], "rotation": 180, "texture": "#2"}
			}
		},
		{
			"name": "hexadecagon",
			"from": [7.4375, 0.80109, 4.75],
			"to": [7.6875, 1.19891, 5.25],
			"rotation": {"angle": -45, "axis": "z", "origin": [8.4375, 1, 5]},
			"faces": {
				"north": {"uv": [0, 0, 2, 2], "rotation": 270, "texture": "#2"},
				"east": {"uv": [0, 0, 2, 2], "rotation": 90, "texture": "#2"},
				"south": {"uv": [0, 0, 2, 2], "rotation": 270, "texture": "#2"},
				"west": {"uv": [0, 0, 2, 2], "rotation": 270, "texture": "#2"},
				"up": {"uv": [0, 0, 2, 2], "texture": "#2"},
				"down": {"uv": [0, 0, 2, 2], "rotation": 180, "texture": "#2"}
			}
		},
		{
			"name": "hexadecagon",
			"from": [8.23859, 0, 4.75],
			"to": [8.63641, 0.25, 5.25],
			"rotation": {"angle": 22.5, "axis": "z", "origin": [8.4375, 1, 5]},
			"faces": {
				"north": {"uv": [0, 0, 2, 2], "rotation": 270, "texture": "#2"},
				"east": {"uv": [0, 0, 2, 2], "rotation": 90, "texture": "#2"},
				"south": {"uv": [0, 0, 2, 2], "rotation": 270, "texture": "#2"},
				"west": {"uv": [0, 0, 2, 2], "rotation": 270, "texture": "#2"},
				"up": {"uv": [0, 0, 2, 2], "texture": "#2"},
				"down": {"uv": [0, 0, 2, 2], "rotation": 180, "texture": "#2"}
			}
		},
		{
			"name": "hexadecagon",
			"from": [8.23859, 0, 4.75],
			"to": [8.63641, 0.25, 5.25],
			"rotation": {"angle": 0, "axis": "y", "origin": [8.4375, 1, 5]},
			"faces": {
				"north": {"uv": [0, 0, 2, 2], "rotation": 270, "texture": "#2"},
				"east": {"uv": [0, 0, 2, 2], "rotation": 90, "texture": "#2"},
				"south": {"uv": [0, 0, 2, 2], "rotation": 270, "texture": "#2"},
				"west": {"uv": [0, 0, 2, 2], "rotation": 270, "texture": "#2"},
				"up": {"uv": [0, 0, 2, 2], "texture": "#2"},
				"down": {"uv": [0, 0, 2, 2], "rotation": 180, "texture": "#2"}
			}
		},
		{
			"name": "hexadecagon",
			"from": [8.23859, 0, 4.75],
			"to": [8.63641, 0.25, 5.25],
			"rotation": {"angle": -22.5, "axis": "z", "origin": [8.4375, 1, 5]},
			"faces": {
				"north": {"uv": [0, 0, 2, 2], "rotation": 270, "texture": "#2"},
				"east": {"uv": [0, 0, 2, 2], "rotation": 90, "texture": "#2"},
				"south": {"uv": [0, 0, 2, 2], "rotation": 270, "texture": "#2"},
				"west": {"uv": [0, 0, 2, 2], "rotation": 270, "texture": "#2"},
				"up": {"uv": [0, 0, 2, 2], "texture": "#2"},
				"down": {"uv": [0, 0, 2, 2], "rotation": 180, "texture": "#2"}
			}
		},
		{
			"name": "hexadecagon",
			"from": [8.23859, 1.75, 4.75],
			"to": [8.63641, 2, 5.25],
			"rotation": {"angle": 22.5, "axis": "z", "origin": [8.4375, 1, 5]},
			"faces": {
				"north": {"uv": [0, 0, 2, 2], "rotation": 270, "texture": "#2"},
				"east": {"uv": [0, 0, 2, 2], "rotation": 90, "texture": "#2"},
				"south": {"uv": [0, 0, 2, 2], "rotation": 270, "texture": "#2"},
				"west": {"uv": [0, 0, 2, 2], "rotation": 270, "texture": "#2"},
				"up": {"uv": [0, 0, 2, 2], "texture": "#2"},
				"down": {"uv": [0, 0, 2, 2], "rotation": 180, "texture": "#2"}
			}
		},
		{
			"name": "hexadecagon",
			"from": [8.23859, 1.75, 4.75],
			"to": [8.63641, 2, 5.25],
			"rotation": {"angle": 0, "axis": "y", "origin": [8.4375, 1, 5]},
			"faces": {
				"north": {"uv": [0, 0, 2, 2], "rotation": 270, "texture": "#2"},
				"east": {"uv": [0, 0, 2, 2], "rotation": 90, "texture": "#2"},
				"south": {"uv": [0, 0, 2, 2], "rotation": 270, "texture": "#2"},
				"west": {"uv": [0, 0, 2, 2], "rotation": 270, "texture": "#2"},
				"up": {"uv": [0, 0, 2, 2], "texture": "#2"},
				"down": {"uv": [0, 0, 2, 2], "rotation": 180, "texture": "#2"}
			}
		},
		{
			"name": "hexadecagon",
			"from": [8.23859, 1.75, 4.75],
			"to": [8.63641, 2, 5.25],
			"rotation": {"angle": -22.5, "axis": "z", "origin": [8.4375, 1, 5]},
			"faces": {
				"north": {"uv": [0, 0, 2, 2], "rotation": 270, "texture": "#2"},
				"east": {"uv": [0, 0, 2, 2], "rotation": 90, "texture": "#2"},
				"south": {"uv": [0, 0, 2, 2], "rotation": 270, "texture": "#2"},
				"west": {"uv": [0, 0, 2, 2], "rotation": 270, "texture": "#2"},
				"up": {"uv": [0, 0, 2, 2], "texture": "#2"},
				"down": {"uv": [0, 0, 2, 2], "rotation": 180, "texture": "#2"}
			}
		},
		{
			"from": [8.5875, 2.1, 8],
			"to": [8.8375, 2.35, 10],
			"rotation": {"angle": -22.5, "axis": "y", "origin": [15.6875, 0, -3]},
			"faces": {
				"north": {"uv": [0, 0, 0.25, 0.25], "texture": "#3"},
				"east": {"uv": [0, 0, 2, 0.25], "texture": "#3"},
				"south": {"uv": [0, 0, 0.25, 0.25], "texture": "#missing"},
				"west": {"uv": [0, 0, 2, 0.25], "texture": "#3"},
				"up": {"uv": [0, 0, 0.25, 2], "texture": "#3"},
				"down": {"uv": [0, 0, 0.25, 2], "texture": "#3"}
			}
		},
		{
			"from": [8.4375, 2, 8.25],
			"to": [8.9375, 2.5, 9],
			"rotation": {"angle": -22.5, "axis": "y", "origin": [15.6875, 0, -3]},
			"faces": {
				"north": {"uv": [0, 0, 0.5, 0.5], "texture": "#2"},
				"east": {"uv": [0, 0, 0.75, 0.5], "texture": "#2"},
				"south": {"uv": [0, 0, 0.5, 0.5], "texture": "#2"},
				"west": {"uv": [0, 0, 0.75, 0.5], "texture": "#2"},
				"up": {"uv": [0, 0, 0.5, 0.75], "texture": "#2"},
				"down": {"uv": [0, 0, 0.5, 0.75], "texture": "#2"}
			}
		},
		{
			"from": [8.4375, 2, 13.25],
			"to": [8.9375, 2.5, 14],
			"rotation": {"angle": -22.5, "axis": "y", "origin": [15.6875, 0, -3]},
			"faces": {
				"north": {"uv": [0, 0, 0.5, 0.5], "texture": "#missing"},
				"east": {"uv": [0, 0, 0.75, 0.5], "texture": "#2"},
				"south": {"uv": [0, 0, 0.5, 0.5], "texture": "#2"},
				"west": {"uv": [0, 0, 0.75, 0.5], "texture": "#2"},
				"up": {"uv": [0, 0, 0.5, 0.75], "texture": "#2"},
				"down": {"uv": [0, 0, 0.5, 0.75], "texture": "#2"}
			}
		},
		{
			"from": [8.1875, 1.75, 8.75],
			"to": [9.1875, 2.75, 13.75],
			"rotation": {"angle": -22.5, "axis": "y", "origin": [15.6875, 0, -3]},
			"faces": {
				"north": {"uv": [2, 8, 4, 10], "texture": "#3"},
				"east": {"uv": [0, 0, 10, 2], "texture": "#3"},
				"south": {"uv": [0, 8, 2, 10], "texture": "#3"},
				"west": {"uv": [0, 2, 10, 4], "texture": "#3"},
				"up": {"uv": [10, 6, 0, 4], "rotation": 90, "texture": "#3"},
				"down": {"uv": [10, 6, 0, 8], "rotation": 270, "texture": "#3"}
			}
		},
		{
			"from": [7.9375, 2, 12.75],
			"to": [8.1875, 2.5, 13.25],
			"rotation": {"angle": -22.5, "axis": "y", "origin": [15.6875, 0, -3]},
			"faces": {
				"north": {"uv": [0, 0, 0.25, 0.5], "texture": "#2"},
				"east": {"uv": [0, 0, 0.5, 0.5], "texture": "#2"},
				"south": {"uv": [0, 0, 0.25, 0.5], "texture": "#2"},
				"west": {"uv": [0, 0, 0.5, 0.5], "texture": "#2"},
				"up": {"uv": [0, 0, 0.25, 0.5], "texture": "#2"},
				"down": {"uv": [0, 0, 0.25, 0.5], "texture": "#2"}
			}
		},
		{
			"from": [7.6875, 2, 11.25],
			"to": [7.9375, 2.5, 13.25],
			"rotation": {"angle": -22.5, "axis": "y", "origin": [15.6875, 0, -3]},
			"faces": {
				"north": {"uv": [0, 0, 0.25, 0.5], "texture": "#2"},
				"east": {"uv": [0, 0, 2, 0.5], "texture": "#2"},
				"south": {"uv": [0, 0, 0.25, 0.5], "texture": "#2"},
				"west": {"uv": [0, 0, 2, 0.5], "texture": "#2"},
				"up": {"uv": [0, 0, 0.25, 2], "texture": "#2"},
				"down": {"uv": [0, 0, 0.25, 2], "texture": "#2"}
			}
		}
	],
	"display": {
		"thirdperson_righthand": {
			"translation": [1.75, 7.25, 0],
			"scale": [0.75, 0.75, 0.75]
		},
		"thirdperson_lefthand": {
			"translation": [-2, 7.25, 0],
			"scale": [0.75, 0.75, 0.75]
		},
		"firstperson_righthand": {
			"rotation": [0, -180, 0],
			"translation": [0, 7.25, 2],
			"scale": [0.75, 0.75, 0.75]
		},
		"firstperson_lefthand": {
			"rotation": [0, -180, 0],
			"translation": [0, 7.25, 3.5],
			"scale": [0.75, 0.75, 0.75]
		},
		"ground": {
			"translation": [0, 5.5, 0]
		},
		"gui": {
			"rotation": [49, -152, 0],
			"translation": [-2.5, 4, 0]
		},
		"fixed": {
			"rotation": [-90, 0, 0],
			"translation": [0, 0, -14],
			"scale": [2, 2, 2]
		}
	},
	"groups": [
		{
			"name": "notebook",
			"origin": [11.9375, 0, 9],
			"color": 0,
			"children": [
				0,
				1,
				2,
				{
					"name": "hexadecagon",
					"origin": [8, 8, 8],
					"color": 0,
					"children": [
						3,
						4,
						5,
						6,
						7,
						8,
						9,
						10,
						11,
						12,
						13,
						14,
						15,
						16,
						17,
						18,
						{
							"name": "hexadecagon",
							"origin": [8, 8, 8],
							"color": 0,
							"children": [
								19,
								20,
								21,
								22,
								23,
								24,
								25,
								26,
								27,
								28,
								29,
								30,
								31,
								32,
								33,
								34,
								{
									"name": "hexadecagon",
									"origin": [8, 8, 8],
									"color": 0,
									"children": [35, 36, 37, 38, 39, 40, 41, 42, 43, 44, 45, 46, 47, 48, 49, 50]
								}
							]
						}
					]
				}
			]
		},
		{
			"name": "pencil",
			"origin": [1, 0, 0],
			"color": 0,
			"children": [51, 52, 53, 54, 55, 56]
		}
	]
}