{
	"credit": "Made with Blockbench",
	"texture_size": [8, 8],
	"textures": {
		"0": "block/objects/paper",
		"1": "block/objects/notebook",
		"2": "block/objects/notebook rings",
		"3": "block/objects/pen",
		"particle": "block/objects/paper"
	},
	"elements": [
		{
			"name": "paper",
			"from": [4.25, 1, 1.25],
			"to": [11.5, 1.25, 6.75],
			"rotation": {"angle": 0, "axis": "y", "origin": [8, 0, 5.5]},
			"faces": {
				"north": {"uv": [0, 6, 3.75, 6.25], "texture": "#0"},
				"east": {"uv": [0, 7, 2.75, 7.25], "texture": "#0"},
				"south": {"uv": [4, 6, 7.75, 6.25], "texture": "#0"},
				"west": {"uv": [3, 7, 5.75, 7.25], "texture": "#0"},
				"up": {"uv": [3.75, 2.75, 0, 0], "texture": "#0"},
				"down": {"uv": [3.75, 3, 0, 5.75], "texture": "#0"}
			}
		},
		{
			"name": "paper",
			"from": [4.25, 1, 7.25],
			"to": [11.5, 1.75, 12.75],
			"rotation": {"angle": 0, "axis": "y", "origin": [8, 0, 5.5]},
			"faces": {
				"north": {"uv": [0, 6.5, 3.75, 6.75], "texture": "#0"},
				"east": {"uv": [6, 7, 8.75, 7.25], "texture": "#0"},
				"south": {"uv": [4, 6.5, 7.75, 6.75], "texture": "#0"},
				"west": {"uv": [0, 7.5, 2.75, 7.75], "texture": "#0"},
				"up": {"uv": [7.75, 2.75, 4, 0], "texture": "#0"},
				"down": {"uv": [7.75, 3, 4, 5.75], "texture": "#0"}
			}
		},
		{
			"name": "cover",
			"from": [4, 0, 0.75],
			"to": [12, 1, 6.75],
			"rotation": {"angle": 0, "axis": "y", "origin": [8, 0, 5.5]},
			"faces": {
				"north": {"uv": [0, 6.5, 4, 6.75], "texture": "#1"},
				"east": {"uv": [6, 7, 9, 7.25], "texture": "#1"},
				"south": {"uv": [4, 6.5, 8, 6.75], "texture": "#1"},
				"west": {"uv": [0, 7.5, 3, 7.75], "texture": "#1"},
				"up": {"uv": [8, 3, 4, 0], "texture": "#1"},
				"down": {"uv": [8, 3, 4, 6], "texture": "#1"}
			}
		},
		{
			"name": "cover",
			"from": [4, 0, 7.25],
			"to": [12, 1, 13.25],
			"rotation": {"angle": 0, "axis": "y", "origin": [8, 0, 5.5]},
			"faces": {
				"north": {"uv": [0, 6, 4, 6.25], "texture": "#1"},
				"east": {"uv": [0, 7, 3, 7.25], "texture": "#1"},
				"south": {"uv": [4, 6, 8, 6.25], "texture": "#1"},
				"west": {"uv": [3, 7, 6, 7.25], "texture": "#1"},
				"up": {"uv": [4, 3, 0, 0], "texture": "#1"},
				"down": {"uv": [4, 3, 0, 6], "texture": "#1"}
			}
		},
		{
			"from": [5, 0.35, 14.1],
			"to": [7, 0.6, 14.35],
			"rotation": {"angle": 0, "axis": "y", "origin": [-3, 0, -0.25]},
			"faces": {
				"north": {"uv": [0, 0, 2, 0.25], "texture": "#3"},
				"east": {"uv": [0, 0, 0.25, 0.25], "texture": "#missing"},
				"south": {"uv": [0, 0, 2, 0.25], "texture": "#3"},
				"west": {"uv": [0, 0, 0.25, 0.25], "texture": "#3"},
				"up": {"uv": [0, 0, 0.25, 2], "rotation": 270, "texture": "#3"},
				"down": {"uv": [0, 0, 0.25, 2], "rotation": 90, "texture": "#3"}
			}
		},
		{
			"from": [5.25, 0.25, 14],
			"to": [6, 0.75, 14.5],
			"rotation": {"angle": 0, "axis": "y", "origin": [-3, 0, -0.25]},
			"faces": {
				"north": {"uv": [0, 0, 0.375, 0.25], "texture": "#2"},
				"east": {"uv": [0, 0, 0.25, 0.25], "texture": "#2"},
				"south": {"uv": [0, 0, 0.375, 0.25], "texture": "#2"},
				"west": {"uv": [0, 0, 0.25, 0.25], "texture": "#2"},
				"up": {"uv": [0, 0, 0.25, 0.375], "rotation": 270, "texture": "#2"},
				"down": {"uv": [0, 0, 0.25, 0.375], "rotation": 90, "texture": "#2"}
			}
		},
		{
			"from": [10.25, 0.25, 14],
			"to": [11, 0.75, 14.5],
			"rotation": {"angle": 0, "axis": "y", "origin": [-3, 0, -0.25]},
			"faces": {
				"north": {"uv": [0, 0, 0.375, 0.25], "texture": "#2"},
				"east": {"uv": [0, 0, 0.25, 0.25], "texture": "#2"},
				"south": {"uv": [0, 0, 0.375, 0.25], "texture": "#2"},
				"west": {"uv": [0, 0, 0.5, 0.5], "texture": "#missing"},
				"up": {"uv": [0, 0, 0.25, 0.375], "rotation": 270, "texture": "#2"},
				"down": {"uv": [0, 0, 0.25, 0.375], "rotation": 90, "texture": "#2"}
			}
		},
		{
			"from": [5.75, 0, 13.75],
			"to": [10.75, 1, 14.75],
			"rotation": {"angle": 0, "axis": "y", "origin": [-3, 0, -0.25]},
			"faces": {
				"north": {"uv": [0, 0, 10, 2], "texture": "#3"},
				"east": {"uv": [0, 8, 2, 10], "texture": "#3"},
				"south": {"uv": [0, 2, 10, 4], "texture": "#3"},
				"west": {"uv": [2, 8, 4, 10], "texture": "#3"},
				"up": {"uv": [10, 6, 0, 4], "texture": "#3"},
				"down": {"uv": [10, 6, 0, 8], "texture": "#3"}
			}
		},
		{
			"from": [9.75, 0.25, 14.75],
			"to": [10.25, 0.75, 15],
			"rotation": {"angle": 0, "axis": "y", "origin": [-3, 0, -0.25]},
			"faces": {
				"north": {"uv": [0, 0, 0.25, 0.25], "texture": "#2"},
				"east": {"uv": [0, 0, 0.125, 0.25], "texture": "#2"},
				"south": {"uv": [0, 0, 0.25, 0.25], "texture": "#2"},
				"west": {"uv": [0, 0, 0.125, 0.25], "texture": "#2"},
				"up": {"uv": [0, 0, 0.125, 0.25], "rotation": 270, "texture": "#2"},
				"down": {"uv": [0, 0, 0.125, 0.25], "rotation": 90, "texture": "#2"}
			}
		},
		{
			"from": [8.25, 0.25, 15],
			"to": [10.25, 0.75, 15.25],
			"rotation": {"angle": 0, "axis": "y", "origin": [-3, 0, -0.25]},
			"faces": {
				"north": {"uv": [0, 0, 1, 0.25], "texture": "#2"},
				"east": {"uv": [0, 0, 0.125, 0.25], "texture": "#2"},
				"south": {"uv": [0, 0, 1, 0.25], "texture": "#2"},
				"west": {"uv": [0, 0, 0.125, 0.25], "texture": "#2"},
				"up": {"uv": [0, 0, 0.125, 1], "rotation": 270, "texture": "#2"},
				"down": {"uv": [0, 0, 0.125, 1], "rotation": 90, "texture": "#2"}
			}
		},
		{
			"name": "hexadecagon",
			"from": [7.75, 0.80109, 6],
			"to": [8.25, 1.19891, 6.25],
			"rotation": {"angle": 45, "axis": "x", "origin": [8, 1, 7]},
			"faces": {
				"north": {"uv": [0, 0, 2, 2], "rotation": 90, "texture": "#2"},
				"east": {"uv": [0, 0, 2, 2], "rotation": 270, "texture": "#2"},
				"south": {"uv": [0, 0, 2, 2], "rotation": 270, "texture": "#2"},
				"west": {"uv": [0, 0, 2, 2], "rotation": 270, "texture": "#2"},
				"up": {"uv": [0, 0, 2, 2], "rotation": 270, "texture": "#2"},
				"down": {"uv": [0, 0, 2, 2], "rotation": 270, "texture": "#2"}
			}
		},
		{
			"name": "hexadecagon",
			"from": [7.75, 0.80109, 6],
			"to": [8.25, 1.19891, 6.25],
			"rotation": {"angle": 22.5, "axis": "x", "origin": [8, 1, 7]},
			"faces": {
				"north": {"uv": [0, 0, 2, 2], "rotation": 90, "texture": "#2"},
				"east": {"uv": [0, 0, 2, 2], "rotation": 270, "texture": "#2"},
				"south": {"uv": [0, 0, 2, 2], "rotation": 270, "texture": "#2"},
				"west": {"uv": [0, 0, 2, 2], "rotation": 270, "texture": "#2"},
				"up": {"uv": [0, 0, 2, 2], "rotation": 270, "texture": "#2"},
				"down": {"uv": [0, 0, 2, 2], "rotation": 270, "texture": "#2"}
			}
		},
		{
			"name": "hexadecagon",
			"from": [7.75, 0.80109, 6],
			"to": [8.25, 1.19891, 6.25],
			"rotation": {"angle": 0, "axis": "y", "origin": [8, 1, 7]},
			"faces": {
				"north": {"uv": [0, 0, 2, 2], "rotation": 90, "texture": "#2"},
				"east": {"uv": [0, 0, 2, 2], "rotation": 270, "texture": "#2"},
				"south": {"uv": [0, 0, 2, 2], "rotation": 270, "texture": "#2"},
				"west": {"uv": [0, 0, 2, 2], "rotation": 270, "texture": "#2"},
				"up": {"uv": [0, 0, 2, 2], "rotation": 270, "texture": "#2"},
				"down": {"uv": [0, 0, 2, 2], "rotation": 270, "texture": "#2"}
			}
		},
		{
			"name": "hexadecagon",
			"from": [7.75, 0.80109, 6],
			"to": [8.25, 1.19891, 6.25],
			"rotation": {"angle": -22.5, "axis": "x", "origin": [8, 1, 7]},
			"faces": {
				"north": {"uv": [0, 0, 2, 2], "rotation": 90, "texture": "#2"},
				"east": {"uv": [0, 0, 2, 2], "rotation": 270, "texture": "#2"},
				"south": {"uv": [0, 0, 2, 2], "rotation": 270, "texture": "#2"},
				"west": {"uv": [0, 0, 2, 2], "rotation": 270, "texture": "#2"},
				"up": {"uv": [0, 0, 2, 2], "rotation": 270, "texture": "#2"},
				"down": {"uv": [0, 0, 2, 2], "rotation": 270, "texture": "#2"}
			}
		},
		{
			"name": "hexadecagon",
			"from": [7.75, 0.80109, 6],
			"to": [8.25, 1.19891, 6.25],
			"rotation": {"angle": -45, "axis": "x", "origin": [8, 1, 7]},
			"faces": {
				"north": {"uv": [0, 0, 2, 2], "rotation": 90, "texture": "#2"},
				"east": {"uv": [0, 0, 2, 2], "rotation": 270, "texture": "#2"},
				"south": {"uv": [0, 0, 2, 2], "rotation": 270, "texture": "#2"},
				"west": {"uv": [0, 0, 2, 2], "rotation": 270, "texture": "#2"},
				"up": {"uv": [0, 0, 2, 2], "rotation": 270, "texture": "#2"},
				"down": {"uv": [0, 0, 2, 2], "rotation": 270, "texture": "#2"}
			}
		},
		{
			"name": "hexadecagon",
			"from": [7.75, 0.80109, 7.75],
			"to": [8.25, 1.19891, 8],
			"rotation": {"angle": 45, "axis": "x", "origin": [8, 1, 7]},
			"faces": {
				"north": {"uv": [0, 0, 2, 2], "rotation": 90, "texture": "#2"},
				"east": {"uv": [0, 0, 2, 2], "rotation": 270, "texture": "#2"},
				"south": {"uv": [0, 0, 2, 2], "rotation": 270, "texture": "#2"},
				"west": {"uv": [0, 0, 2, 2], "rotation": 270, "texture": "#2"},
				"up": {"uv": [0, 0, 2, 2], "rotation": 270, "texture": "#2"},
				"down": {"uv": [0, 0, 2, 2], "rotation": 270, "texture": "#2"}
			}
		},
		{
			"name": "hexadecagon",
			"from": [7.75, 0.80109, 7.75],
			"to": [8.25, 1.19891, 8],
			"rotation": {"angle": 22.5, "axis": "x", "origin": [8, 1, 7]},
			"faces": {
				"north": {"uv": [0, 0, 2, 2], "rotation": 90, "texture": "#2"},
				"east": {"uv": [0, 0, 2, 2], "rotation": 270, "texture": "#2"},
				"south": {"uv": [0, 0, 2, 2], "rotation": 270, "texture": "#2"},
				"west": {"uv": [0, 0, 2, 2], "rotation": 270, "texture": "#2"},
				"up": {"uv": [0, 0, 2, 2], "rotation": 270, "texture": "#2"},
				"down": {"uv": [0, 0, 2, 2], "rotation": 270, "texture": "#2"}
			}
		},
		{
			"name": "hexadecagon",
			"from": [7.75, 0.80109, 7.75],
			"to": [8.25, 1.19891, 8],
			"rotation": {"angle": 0, "axis": "y", "origin": [8, 1, 7]},
			"faces": {
				"north": {"uv": [0, 0, 2, 2], "rotation": 90, "texture": "#2"},
				"east": {"uv": [0, 0, 2, 2], "rotation": 270, "texture": "#2"},
				"south": {"uv": [0, 0, 2, 2], "rotation": 270, "texture": "#2"},
				"west": {"uv": [0, 0, 2, 2], "rotation": 270, "texture": "#2"},
				"up": {"uv": [0, 0, 2, 2], "rotation": 270, "texture": "#2"},
				"down": {"uv": [0, 0, 2, 2], "rotation": 270, "texture": "#2"}
			}
		},
		{
			"name": "hexadecagon",
			"from": [7.75, 0.80109, 7.75],
			"to": [8.25, 1.19891, 8],
			"rotation": {"angle": -22.5, "axis": "x", "origin": [8, 1, 7]},
			"faces": {
				"north": {"uv": [0, 0, 2, 2], "rotation": 90, "texture": "#2"},
				"east": {"uv": [0, 0, 2, 2], "rotation": 270, "texture": "#2"},
				"south": {"uv": [0, 0, 2, 2], "rotation": 270, "texture": "#2"},
				"west": {"uv": [0, 0, 2, 2], "rotation": 270, "texture": "#2"},
				"up": {"uv": [0, 0, 2, 2], "rotation": 270, "texture": "#2"},
				"down": {"uv": [0, 0, 2, 2], "rotation": 270, "texture": "#2"}
			}
		},
		{
			"name": "hexadecagon",
			"from": [7.75, 0.80109, 7.75],
			"to": [8.25, 1.19891, 8],
			"rotation": {"angle": -45, "axis": "x", "origin": [8, 1, 7]},
			"faces": {
				"north": {"uv": [0, 0, 2, 2], "rotation": 90, "texture": "#2"},
				"east": {"uv": [0, 0, 2, 2], "rotation": 270, "texture": "#2"},
				"south": {"uv": [0, 0, 2, 2], "rotation": 270, "texture": "#2"},
				"west": {"uv": [0, 0, 2, 2], "rotation": 270, "texture": "#2"},
				"up": {"uv": [0, 0, 2, 2], "rotation": 270, "texture": "#2"},
				"down": {"uv": [0, 0, 2, 2], "rotation": 270, "texture": "#2"}
			}
		},
		{
			"name": "hexadecagon",
			"from": [7.75, 0, 6.80109],
			"to": [8.25, 0.25, 7.19891],
			"rotation": {"angle": 22.5, "axis": "x", "origin": [8, 1, 7]},
			"faces": {
				"north": {"uv": [0, 0, 2, 2], "rotation": 90, "texture": "#2"},
				"east": {"uv": [0, 0, 2, 2], "rotation": 270, "texture": "#2"},
				"south": {"uv": [0, 0, 2, 2], "rotation": 270, "texture": "#2"},
				"west": {"uv": [0, 0, 2, 2], "rotation": 270, "texture": "#2"},
				"up": {"uv": [0, 0, 2, 2], "rotation": 270, "texture": "#2"},
				"down": {"uv": [0, 0, 2, 2], "rotation": 270, "texture": "#2"}
			}
		},
		{
			"name": "hexadecagon",
			"from": [7.75, 0, 6.80109],
			"to": [8.25, 0.25, 7.19891],
			"rotation": {"angle": 0, "axis": "y", "origin": [8, 1, 7]},
			"faces": {
				"north": {"uv": [0, 0, 2, 2], "rotation": 90, "texture": "#2"},
				"east": {"uv": [0, 0, 2, 2], "rotation": 270, "texture": "#2"},
				"south": {"uv": [0, 0, 2, 2], "rotation": 270, "texture": "#2"},
				"west": {"uv": [0, 0, 2, 2], "rotation": 270, "texture": "#2"},
				"up": {"uv": [0, 0, 2, 2], "rotation": 270, "texture": "#2"},
				"down": {"uv": [0, 0, 2, 2], "rotation": 270, "texture": "#2"}
			}
		},
		{
			"name": "hexadecagon",
			"from": [7.75, 0, 6.80109],
			"to": [8.25, 0.25, 7.19891],
			"rotation": {"angle": -22.5, "axis": "x", "origin": [8, 1, 7]},
			"faces": {
				"north": {"uv": [0, 0, 2, 2], "rotation": 90, "texture": "#2"},
				"east": {"uv": [0, 0, 2, 2], "rotation": 270, "texture": "#2"},
				"south": {"uv": [0, 0, 2, 2], "rotation": 270, "texture": "#2"},
				"west": {"uv": [0, 0, 2, 2], "rotation": 270, "texture": "#2"},
				"up": {"uv": [0, 0, 2, 2], "rotation": 270, "texture": "#2"},
				"down": {"uv": [0, 0, 2, 2], "rotation": 270, "texture": "#2"}
			}
		},
		{
			"name": "hexadecagon",
			"from": [7.75, 1.75, 6.80109],
			"to": [8.25, 2, 7.19891],
			"rotation": {"angle": 22.5, "axis": "x", "origin": [8, 1, 7]},
			"faces": {
				"north": {"uv": [0, 0, 2, 2], "rotation": 90, "texture": "#2"},
				"east": {"uv": [0, 0, 2, 2], "rotation": 270, "texture": "#2"},
				"south": {"uv": [0, 0, 2, 2], "rotation": 270, "texture": "#2"},
				"west": {"uv": [0, 0, 2, 2], "rotation": 270, "texture": "#2"},
				"up": {"uv": [0, 0, 2, 2], "rotation": 270, "texture": "#2"},
				"down": {"uv": [0, 0, 2, 2], "rotation": 270, "texture": "#2"}
			}
		},
		{
			"name": "hexadecagon",
			"from": [7.75, 1.75, 6.80109],
			"to": [8.25, 2, 7.19891],
			"rotation": {"angle": 0, "axis": "y", "origin": [8, 1, 7]},
			"faces": {
				"north": {"uv": [0, 0, 2, 2], "rotation": 90, "texture": "#2"},
				"east": {"uv": [0, 0, 2, 2], "rotation": 270, "texture": "#2"},
				"south": {"uv": [0, 0, 2, 2], "rotation": 270, "texture": "#2"},
				"west": {"uv": [0, 0, 2, 2], "rotation": 270, "texture": "#2"},
				"up": {"uv": [0, 0, 2, 2], "rotation": 270, "texture": "#2"},
				"down": {"uv": [0, 0, 2, 2], "rotation": 270, "texture": "#2"}
			}
		},
		{
			"name": "hexadecagon",
			"from": [7.75, 1.75, 6.80109],
			"to": [8.25, 2, 7.19891],
			"rotation": {"angle": -22.5, "axis": "x", "origin": [8, 1, 7]},
			"faces": {
				"north": {"uv": [0, 0, 2, 2], "rotation": 90, "texture": "#2"},
				"east": {"uv": [0, 0, 2, 2], "rotation": 270, "texture": "#2"},
				"south": {"uv": [0, 0, 2, 2], "rotation": 270, "texture": "#2"},
				"west": {"uv": [0, 0, 2, 2], "rotation": 270, "texture": "#2"},
				"up": {"uv": [0, 0, 2, 2], "rotation": 270, "texture": "#2"},
				"down": {"uv": [0, 0, 2, 2], "rotation": 270, "texture": "#2"}
			}
		},
		{
			"name": "hexadecagon",
			"from": [10.75, 0.80109, 6],
			"to": [11.25, 1.19891, 6.25],
			"rotation": {"angle": 45, "axis": "x", "origin": [11, 1, 7]},
			"faces": {
				"north": {"uv": [0, 0, 2, 2], "rotation": 90, "texture": "#2"},
				"east": {"uv": [0, 0, 2, 2], "rotation": 270, "texture": "#2"},
				"south": {"uv": [0, 0, 2, 2], "rotation": 270, "texture": "#2"},
				"west": {"uv": [0, 0, 2, 2], "rotation": 270, "texture": "#2"},
				"up": {"uv": [0, 0, 2, 2], "rotation": 270, "texture": "#2"},
				"down": {"uv": [0, 0, 2, 2], "rotation": 270, "texture": "#2"}
			}
		},
		{
			"name": "hexadecagon",
			"from": [10.75, 0.80109, 6],
			"to": [11.25, 1.19891, 6.25],
			"rotation": {"angle": 22.5, "axis": "x", "origin": [11, 1, 7]},
			"faces": {
				"north": {"uv": [0, 0, 2, 2], "rotation": 90, "texture": "#2"},
				"east": {"uv": [0, 0, 2, 2], "rotation": 270, "texture": "#2"},
				"south": {"uv": [0, 0, 2, 2], "rotation": 270, "texture": "#2"},
				"west": {"uv": [0, 0, 2, 2], "rotation": 270, "texture": "#2"},
				"up": {"uv": [0, 0, 2, 2], "rotation": 270, "texture": "#2"},
				"down": {"uv": [0, 0, 2, 2], "rotation": 270, "texture": "#2"}
			}
		},
		{
			"name": "hexadecagon",
			"from": [10.75, 0.80109, 6],
			"to": [11.25, 1.19891, 6.25],
			"rotation": {"angle": 0, "axis": "y", "origin": [11, 1, 7]},
			"faces": {
				"north": {"uv": [0, 0, 2, 2], "rotation": 90, "texture": "#2"},
				"east": {"uv": [0, 0, 2, 2], "rotation": 270, "texture": "#2"},
				"south": {"uv": [0, 0, 2, 2], "rotation": 270, "texture": "#2"},
				"west": {"uv": [0, 0, 2, 2], "rotation": 270, "texture": "#2"},
				"up": {"uv": [0, 0, 2, 2], "rotation": 270, "texture": "#2"},
				"down": {"uv": [0, 0, 2, 2], "rotation": 270, "texture": "#2"}
			}
		},
		{
			"name": "hexadecagon",
			"from": [10.75, 0.80109, 6],
			"to": [11.25, 1.19891, 6.25],
			"rotation": {"angle": -22.5, "axis": "x", "origin": [11, 1, 7]},
			"faces": {
				"north": {"uv": [0, 0, 2, 2], "rotation": 90, "texture": "#2"},
				"east": {"uv": [0, 0, 2, 2], "rotation": 270, "texture": "#2"},
				"south": {"uv": [0, 0, 2, 2], "rotation": 270, "texture": "#2"},
				"west": {"uv": [0, 0, 2, 2], "rotation": 270, "texture": "#2"},
				"up": {"uv": [0, 0, 2, 2], "rotation": 270, "texture": "#2"},
				"down": {"uv": [0, 0, 2, 2], "rotation": 270, "texture": "#2"}
			}
		},
		{
			"name": "hexadecagon",
			"from": [10.75, 0.80109, 6],
			"to": [11.25, 1.19891, 6.25],
			"rotation": {"angle": -45, "axis": "x", "origin": [11, 1, 7]},
			"faces": {
				"north": {"uv": [0, 0, 2, 2], "rotation": 90, "texture": "#2"},
				"east": {"uv": [0, 0, 2, 2], "rotation": 270, "texture": "#2"},
				"south": {"uv": [0, 0, 2, 2], "rotation": 270, "texture": "#2"},
				"west": {"uv": [0, 0, 2, 2], "rotation": 270, "texture": "#2"},
				"up": {"uv": [0, 0, 2, 2], "rotation": 270, "texture": "#2"},
				"down": {"uv": [0, 0, 2, 2], "rotation": 270, "texture": "#2"}
			}
		},
		{
			"name": "hexadecagon",
			"from": [10.75, 0.80109, 7.75],
			"to": [11.25, 1.19891, 8],
			"rotation": {"angle": 45, "axis": "x", "origin": [11, 1, 7]},
			"faces": {
				"north": {"uv": [0, 0, 2, 2], "rotation": 90, "texture": "#2"},
				"east": {"uv": [0, 0, 2, 2], "rotation": 270, "texture": "#2"},
				"south": {"uv": [0, 0, 2, 2], "rotation": 270, "texture": "#2"},
				"west": {"uv": [0, 0, 2, 2], "rotation": 270, "texture": "#2"},
				"up": {"uv": [0, 0, 2, 2], "rotation": 270, "texture": "#2"},
				"down": {"uv": [0, 0, 2, 2], "rotation": 270, "texture": "#2"}
			}
		},
		{
			"name": "hexadecagon",
			"from": [10.75, 0.80109, 7.75],
			"to": [11.25, 1.19891, 8],
			"rotation": {"angle": 22.5, "axis": "x", "origin": [11, 1, 7]},
			"faces": {
				"north": {"uv": [0, 0, 2, 2], "rotation": 90, "texture": "#2"},
				"east": {"uv": [0, 0, 2, 2], "rotation": 270, "texture": "#2"},
				"south": {"uv": [0, 0, 2, 2], "rotation": 270, "texture": "#2"},
				"west": {"uv": [0, 0, 2, 2], "rotation": 270, "texture": "#2"},
				"up": {"uv": [0, 0, 2, 2], "rotation": 270, "texture": "#2"},
				"down": {"uv": [0, 0, 2, 2], "rotation": 270, "texture": "#2"}
			}
		},
		{
			"name": "hexadecagon",
			"from": [10.75, 0.80109, 7.75],
			"to": [11.25, 1.19891, 8],
			"rotation": {"angle": 0, "axis": "y", "origin": [11, 1, 7]},
			"faces": {
				"north": {"uv": [0, 0, 2, 2], "rotation": 90, "texture": "#2"},
				"east": {"uv": [0, 0, 2, 2], "rotation": 270, "texture": "#2"},
				"south": {"uv": [0, 0, 2, 2], "rotation": 270, "texture": "#2"},
				"west": {"uv": [0, 0, 2, 2], "rotation": 270, "texture": "#2"},
				"up": {"uv": [0, 0, 2, 2], "rotation": 270, "texture": "#2"},
				"down": {"uv": [0, 0, 2, 2], "rotation": 270, "texture": "#2"}
			}
		},
		{
			"name": "hexadecagon",
			"from": [10.75, 0.80109, 7.75],
			"to": [11.25, 1.19891, 8],
			"rotation": {"angle": -22.5, "axis": "x", "origin": [11, 1, 7]},
			"faces": {
				"north": {"uv": [0, 0, 2, 2], "rotation": 90, "texture": "#2"},
				"east": {"uv": [0, 0, 2, 2], "rotation": 270, "texture": "#2"},
				"south": {"uv": [0, 0, 2, 2], "rotation": 270, "texture": "#2"},
				"west": {"uv": [0, 0, 2, 2], "rotation": 270, "texture": "#2"},
				"up": {"uv": [0, 0, 2, 2], "rotation": 270, "texture": "#2"},
				"down": {"uv": [0, 0, 2, 2], "rotation": 270, "texture": "#2"}
			}
		},
		{
			"name": "hexadecagon",
			"from": [10.75, 0.80109, 7.75],
			"to": [11.25, 1.19891, 8],
			"rotation": {"angle": -45, "axis": "x", "origin": [11, 1, 7]},
			"faces": {
				"north": {"uv": [0, 0, 2, 2], "rotation": 90, "texture": "#2"},
				"east": {"uv": [0, 0, 2, 2], "rotation": 270, "texture": "#2"},
				"south": {"uv": [0, 0, 2, 2], "rotation": 270, "texture": "#2"},
				"west": {"uv": [0, 0, 2, 2], "rotation": 270, "texture": "#2"},
				"up": {"uv": [0, 0, 2, 2], "rotation": 270, "texture": "#2"},
				"down": {"uv": [0, 0, 2, 2], "rotation": 270, "texture": "#2"}
			}
		},
		{
			"name": "hexadecagon",
			"from": [10.75, 0, 6.80109],
			"to": [11.25, 0.25, 7.19891],
			"rotation": {"angle": 22.5, "axis": "x", "origin": [11, 1, 7]},
			"faces": {
				"north": {"uv": [0, 0, 2, 2], "rotation": 90, "texture": "#2"},
				"east": {"uv": [0, 0, 2, 2], "rotation": 270, "texture": "#2"},
				"south": {"uv": [0, 0, 2, 2], "rotation": 270, "texture": "#2"},
				"west": {"uv": [0, 0, 2, 2], "rotation": 270, "texture": "#2"},
				"up": {"uv": [0, 0, 2, 2], "rotation": 270, "texture": "#2"},
				"down": {"uv": [0, 0, 2, 2], "rotation": 270, "texture": "#2"}
			}
		},
		{
			"name": "hexadecagon",
			"from": [10.75, 0, 6.80109],
			"to": [11.25, 0.25, 7.19891],
			"rotation": {"angle": 0, "axis": "y", "origin": [11, 1, 7]},
			"faces": {
				"north": {"uv": [0, 0, 2, 2], "rotation": 90, "texture": "#2"},
				"east": {"uv": [0, 0, 2, 2], "rotation": 270, "texture": "#2"},
				"south": {"uv": [0, 0, 2, 2], "rotation": 270, "texture": "#2"},
				"west": {"uv": [0, 0, 2, 2], "rotation": 270, "texture": "#2"},
				"up": {"uv": [0, 0, 2, 2], "rotation": 270, "texture": "#2"},
				"down": {"uv": [0, 0, 2, 2], "rotation": 270, "texture": "#2"}
			}
		},
		{
			"name": "hexadecagon",
			"from": [10.75, 0, 6.80109],
			"to": [11.25, 0.25, 7.19891],
			"rotation": {"angle": -22.5, "axis": "x", "origin": [11, 1, 7]},
			"faces": {
				"north": {"uv": [0, 0, 2, 2], "rotation": 90, "texture": "#2"},
				"east": {"uv": [0, 0, 2, 2], "rotation": 270, "texture": "#2"},
				"south": {"uv": [0, 0, 2, 2], "rotation": 270, "texture": "#2"},
				"west": {"uv": [0, 0, 2, 2], "rotation": 270, "texture": "#2"},
				"up": {"uv": [0, 0, 2, 2], "rotation": 270, "texture": "#2"},
				"down": {"uv": [0, 0, 2, 2], "rotation": 270, "texture": "#2"}
			}
		},
		{
			"name": "hexadecagon",
			"from": [10.75, 1.75, 6.80109],
			"to": [11.25, 2, 7.19891],
			"rotation": {"angle": 22.5, "axis": "x", "origin": [11, 1, 7]},
			"faces": {
				"north": {"uv": [0, 0, 2, 2], "rotation": 90, "texture": "#2"},
				"east": {"uv": [0, 0, 2, 2], "rotation": 270, "texture": "#2"},
				"south": {"uv": [0, 0, 2, 2], "rotation": 270, "texture": "#2"},
				"west": {"uv": [0, 0, 2, 2], "rotation": 270, "texture": "#2"},
				"up": {"uv": [0, 0, 2, 2], "rotation": 270, "texture": "#2"},
				"down": {"uv": [0, 0, 2, 2], "rotation": 270, "texture": "#2"}
			}
		},
		{
			"name": "hexadecagon",
			"from": [10.75, 1.75, 6.80109],
			"to": [11.25, 2, 7.19891],
			"rotation": {"angle": 0, "axis": "y", "origin": [11, 1, 7]},
			"faces": {
				"north": {"uv": [0, 0, 2, 2], "rotation": 90, "texture": "#2"},
				"east": {"uv": [0, 0, 2, 2], "rotation": 270, "texture": "#2"},
				"south": {"uv": [0, 0, 2, 2], "rotation": 270, "texture": "#2"},
				"west": {"uv": [0, 0, 2, 2], "rotation": 270, "texture": "#2"},
				"up": {"uv": [0, 0, 2, 2], "rotation": 270, "texture": "#2"},
				"down": {"uv": [0, 0, 2, 2], "rotation": 270, "texture": "#2"}
			}
		},
		{
			"name": "hexadecagon",
			"from": [10.75, 1.75, 6.80109],
			"to": [11.25, 2, 7.19891],
			"rotation": {"angle": -22.5, "axis": "x", "origin": [11, 1, 7]},
			"faces": {
				"north": {"uv": [0, 0, 2, 2], "rotation": 90, "texture": "#2"},
				"east": {"uv": [0, 0, 2, 2], "rotation": 270, "texture": "#2"},
				"south": {"uv": [0, 0, 2, 2], "rotation": 270, "texture": "#2"},
				"west": {"uv": [0, 0, 2, 2], "rotation": 270, "texture": "#2"},
				"up": {"uv": [0, 0, 2, 2], "rotation": 270, "texture": "#2"},
				"down": {"uv": [0, 0, 2, 2], "rotation": 270, "texture": "#2"}
			}
		},
		{
			"name": "hexadecagon",
			"from": [4.75, 0.80109, 6],
			"to": [5.25, 1.19891, 6.25],
			"rotation": {"angle": 45, "axis": "x", "origin": [5, 1, 7]},
			"faces": {
				"north": {"uv": [0, 0, 2, 2], "rotation": 90, "texture": "#2"},
				"east": {"uv": [0, 0, 2, 2], "rotation": 270, "texture": "#2"},
				"south": {"uv": [0, 0, 2, 2], "rotation": 270, "texture": "#2"},
				"west": {"uv": [0, 0, 2, 2], "rotation": 270, "texture": "#2"},
				"up": {"uv": [0, 0, 2, 2], "rotation": 270, "texture": "#2"},
				"down": {"uv": [0, 0, 2, 2], "rotation": 270, "texture": "#2"}
			}
		},
		{
			"name": "hexadecagon",
			"from": [4.75, 0.80109, 6],
			"to": [5.25, 1.19891, 6.25],
			"rotation": {"angle": 22.5, "axis": "x", "origin": [5, 1, 7]},
			"faces": {
				"north": {"uv": [0, 0, 2, 2], "rotation": 90, "texture": "#2"},
				"east": {"uv": [0, 0, 2, 2], "rotation": 270, "texture": "#2"},
				"south": {"uv": [0, 0, 2, 2], "rotation": 270, "texture": "#2"},
				"west": {"uv": [0, 0, 2, 2], "rotation": 270, "texture": "#2"},
				"up": {"uv": [0, 0, 2, 2], "rotation": 270, "texture": "#2"},
				"down": {"uv": [0, 0, 2, 2], "rotation": 270, "texture": "#2"}
			}
		},
		{
			"name": "hexadecagon",
			"from": [4.75, 0.80109, 6],
			"to": [5.25, 1.19891, 6.25],
			"rotation": {"angle": 0, "axis": "y", "origin": [5, 1, 7]},
			"faces": {
				"north": {"uv": [0, 0, 2, 2], "rotation": 90, "texture": "#2"},
				"east": {"uv": [0, 0, 2, 2], "rotation": 270, "texture": "#2"},
				"south": {"uv": [0, 0, 2, 2], "rotation": 270, "texture": "#2"},
				"west": {"uv": [0, 0, 2, 2], "rotation": 270, "texture": "#2"},
				"up": {"uv": [0, 0, 2, 2], "rotation": 270, "texture": "#2"},
				"down": {"uv": [0, 0, 2, 2], "rotation": 270, "texture": "#2"}
			}
		},
		{
			"name": "hexadecagon",
			"from": [4.75, 0.80109, 6],
			"to": [5.25, 1.19891, 6.25],
			"rotation": {"angle": -22.5, "axis": "x", "origin": [5, 1, 7]},
			"faces": {
				"north": {"uv": [0, 0, 2, 2], "rotation": 90, "texture": "#2"},
				"east": {"uv": [0, 0, 2, 2], "rotation": 270, "texture": "#2"},
				"south": {"uv": [0, 0, 2, 2], "rotation": 270, "texture": "#2"},
				"west": {"uv": [0, 0, 2, 2], "rotation": 270, "texture": "#2"},
				"up": {"uv": [0, 0, 2, 2], "rotation": 270, "texture": "#2"},
				"down": {"uv": [0, 0, 2, 2], "rotation": 270, "texture": "#2"}
			}
		},
		{
			"name": "hexadecagon",
			"from": [4.75, 0.80109, 6],
			"to": [5.25, 1.19891, 6.25],
			"rotation": {"angle": -45, "axis": "x", "origin": [5, 1, 7]},
			"faces": {
				"north": {"uv": [0, 0, 2, 2], "rotation": 90, "texture": "#2"},
				"east": {"uv": [0, 0, 2, 2], "rotation": 270, "texture": "#2"},
				"south": {"uv": [0, 0, 2, 2], "rotation": 270, "texture": "#2"},
				"west": {"uv": [0, 0, 2, 2], "rotation": 270, "texture": "#2"},
				"up": {"uv": [0, 0, 2, 2], "rotation": 270, "texture": "#2"},
				"down": {"uv": [0, 0, 2, 2], "rotation": 270, "texture": "#2"}
			}
		},
		{
			"name": "hexadecagon",
			"from": [4.75, 0.80109, 7.75],
			"to": [5.25, 1.19891, 8],
			"rotation": {"angle": 45, "axis": "x", "origin": [5, 1, 7]},
			"faces": {
				"north": {"uv": [0, 0, 2, 2], "rotation": 90, "texture": "#2"},
				"east": {"uv": [0, 0, 2, 2], "rotation": 270, "texture": "#2"},
				"south": {"uv": [0, 0, 2, 2], "rotation": 270, "texture": "#2"},
				"west": {"uv": [0, 0, 2, 2], "rotation": 270, "texture": "#2"},
				"up": {"uv": [0, 0, 2, 2], "rotation": 270, "texture": "#2"},
				"down": {"uv": [0, 0, 2, 2], "rotation": 270, "texture": "#2"}
			}
		},
		{
			"name": "hexadecagon",
			"from": [4.75, 0.80109, 7.75],
			"to": [5.25, 1.19891, 8],
			"rotation": {"angle": 22.5, "axis": "x", "origin": [5, 1, 7]},
			"faces": {
				"north": {"uv": [0, 0, 2, 2], "rotation": 90, "texture": "#2"},
				"east": {"uv": [0, 0, 2, 2], "rotation": 270, "texture": "#2"},
				"south": {"uv": [0, 0, 2, 2], "rotation": 270, "texture": "#2"},
				"west": {"uv": [0, 0, 2, 2], "rotation": 270, "texture": "#2"},
				"up": {"uv": [0, 0, 2, 2], "rotation": 270, "texture": "#2"},
				"down": {"uv": [0, 0, 2, 2], "rotation": 270, "texture": "#2"}
			}
		},
		{
			"name": "hexadecagon",
			"from": [4.75, 0.80109, 7.75],
			"to": [5.25, 1.19891, 8],
			"rotation": {"angle": 0, "axis": "y", "origin": [5, 1, 7]},
			"faces": {
				"north": {"uv": [0, 0, 2, 2], "rotation": 90, "texture": "#2"},
				"east": {"uv": [0, 0, 2, 2], "rotation": 270, "texture": "#2"},
				"south": {"uv": [0, 0, 2, 2], "rotation": 270, "texture": "#2"},
				"west": {"uv": [0, 0, 2, 2], "rotation": 270, "texture": "#2"},
				"up": {"uv": [0, 0, 2, 2], "rotation": 270, "texture": "#2"},
				"down": {"uv": [0, 0, 2, 2], "rotation": 270, "texture": "#2"}
			}
		},
		{
			"name": "hexadecagon",
			"from": [4.75, 0.80109, 7.75],
			"to": [5.25, 1.19891, 8],
			"rotation": {"angle": -22.5, "axis": "x", "origin": [5, 1, 7]},
			"faces": {
				"north": {"uv": [0, 0, 2, 2], "rotation": 90, "texture": "#2"},
				"east": {"uv": [0, 0, 2, 2], "rotation": 270, "texture": "#2"},
				"south": {"uv": [0, 0, 2, 2], "rotation": 270, "texture": "#2"},
				"west": {"uv": [0, 0, 2, 2], "rotation": 270, "texture": "#2"},
				"up": {"uv": [0, 0, 2, 2], "rotation": 270, "texture": "#2"},
				"down": {"uv": [0, 0, 2, 2], "rotation": 270, "texture": "#2"}
			}
		},
		{
			"name": "hexadecagon",
			"from": [4.75, 0.80109, 7.75],
			"to": [5.25, 1.19891, 8],
			"rotation": {"angle": -45, "axis": "x", "origin": [5, 1, 7]},
			"faces": {
				"north": {"uv": [0, 0, 2, 2], "rotation": 90, "texture": "#2"},
				"east": {"uv": [0, 0, 2, 2], "rotation": 270, "texture": "#2"},
				"south": {"uv": [0, 0, 2, 2], "rotation": 270, "texture": "#2"},
				"west": {"uv": [0, 0, 2, 2], "rotation": 270, "texture": "#2"},
				"up": {"uv": [0, 0, 2, 2], "rotation": 270, "texture": "#2"},
				"down": {"uv": [0, 0, 2, 2], "rotation": 270, "texture": "#2"}
			}
		},
		{
			"name": "hexadecagon",
			"from": [4.75, 0, 6.80109],
			"to": [5.25, 0.25, 7.19891],
			"rotation": {"angle": 22.5, "axis": "x", "origin": [5, 1, 7]},
			"faces": {
				"north": {"uv": [0, 0, 2, 2], "rotation": 90, "texture": "#2"},
				"east": {"uv": [0, 0, 2, 2], "rotation": 270, "texture": "#2"},
				"south": {"uv": [0, 0, 2, 2], "rotation": 270, "texture": "#2"},
				"west": {"uv": [0, 0, 2, 2], "rotation": 270, "texture": "#2"},
				"up": {"uv": [0, 0, 2, 2], "rotation": 270, "texture": "#2"},
				"down": {"uv": [0, 0, 2, 2], "rotation": 270, "texture": "#2"}
			}
		},
		{
			"name": "hexadecagon",
			"from": [4.75, 0, 6.80109],
			"to": [5.25, 0.25, 7.19891],
			"rotation": {"angle": 0, "axis": "y", "origin": [5, 1, 7]},
			"faces": {
				"north": {"uv": [0, 0, 2, 2], "rotation": 90, "texture": "#2"},
				"east": {"uv": [0, 0, 2, 2], "rotation": 270, "texture": "#2"},
				"south": {"uv": [0, 0, 2, 2], "rotation": 270, "texture": "#2"},
				"west": {"uv": [0, 0, 2, 2], "rotation": 270, "texture": "#2"},
				"up": {"uv": [0, 0, 2, 2], "rotation": 270, "texture": "#2"},
				"down": {"uv": [0, 0, 2, 2], "rotation": 270, "texture": "#2"}
			}
		},
		{
			"name": "hexadecagon",
			"from": [4.75, 0, 6.80109],
			"to": [5.25, 0.25, 7.19891],
			"rotation": {"angle": -22.5, "axis": "x", "origin": [5, 1, 7]},
			"faces": {
				"north": {"uv": [0, 0, 2, 2], "rotation": 90, "texture": "#2"},
				"east": {"uv": [0, 0, 2, 2], "rotation": 270, "texture": "#2"},
				"south": {"uv": [0, 0, 2, 2], "rotation": 270, "texture": "#2"},
				"west": {"uv": [0, 0, 2, 2], "rotation": 270, "texture": "#2"},
				"up": {"uv": [0, 0, 2, 2], "rotation": 270, "texture": "#2"},
				"down": {"uv": [0, 0, 2, 2], "rotation": 270, "texture": "#2"}
			}
		},
		{
			"name": "hexadecagon",
			"from": [4.75, 1.75, 6.80109],
			"to": [5.25, 2, 7.19891],
			"rotation": {"angle": 22.5, "axis": "x", "origin": [5, 1, 7]},
			"faces": {
				"north": {"uv": [0, 0, 2, 2], "rotation": 90, "texture": "#2"},
				"east": {"uv": [0, 0, 2, 2], "rotation": 270, "texture": "#2"},
				"south": {"uv": [0, 0, 2, 2], "rotation": 270, "texture": "#2"},
				"west": {"uv": [0, 0, 2, 2], "rotation": 270, "texture": "#2"},
				"up": {"uv": [0, 0, 2, 2], "rotation": 270, "texture": "#2"},
				"down": {"uv": [0, 0, 2, 2], "rotation": 270, "texture": "#2"}
			}
		},
		{
			"name": "hexadecagon",
			"from": [4.75, 1.75, 6.80109],
			"to": [5.25, 2, 7.19891],
			"rotation": {"angle": 0, "axis": "y", "origin": [5, 1, 7]},
			"faces": {
				"north": {"uv": [0, 0, 2, 2], "rotation": 90, "texture": "#2"},
				"east": {"uv": [0, 0, 2, 2], "rotation": 270, "texture": "#2"},
				"south": {"uv": [0, 0, 2, 2], "rotation": 270, "texture": "#2"},
				"west": {"uv": [0, 0, 2, 2], "rotation": 270, "texture": "#2"},
				"up": {"uv": [0, 0, 2, 2], "rotation": 270, "texture": "#2"},
				"down": {"uv": [0, 0, 2, 2], "rotation": 270, "texture": "#2"}
			}
		},
		{
			"name": "hexadecagon",
			"from": [4.75, 1.75, 6.80109],
			"to": [5.25, 2, 7.19891],
			"rotation": {"angle": -22.5, "axis": "x", "origin": [5, 1, 7]},
			"faces": {
				"north": {"uv": [0, 0, 2, 2], "rotation": 90, "texture": "#2"},
				"east": {"uv": [0, 0, 2, 2], "rotation": 270, "texture": "#2"},
				"south": {"uv": [0, 0, 2, 2], "rotation": 270, "texture": "#2"},
				"west": {"uv": [0, 0, 2, 2], "rotation": 270, "texture": "#2"},
				"up": {"uv": [0, 0, 2, 2], "rotation": 270, "texture": "#2"},
				"down": {"uv": [0, 0, 2, 2], "rotation": 270, "texture": "#2"}
			}
		}
	],
	"display": {
		"thirdperson_righthand": {
			"rotation": [0, 90, 0],
			"translation": [0, 7.25, 0],
			"scale": [0.75, 0.75, 0.75]
		},
		"thirdperson_lefthand": {
			"rotation": [0, 90, 0],
			"translation": [0, 7.25, 0],
			"scale": [0.75, 0.75, 0.75]
		},
		"firstperson_righthand": {
			"rotation": [0, 90, 0],
			"translation": [0, 7.25, 0],
			"scale": [0.75, 0.75, 0.75]
		},
		"firstperson_lefthand": {
			"rotation": [0, 90, 0],
			"translation": [0, 7.25, 0],
			"scale": [0.75, 0.75, 0.75]
		},
		"ground": {
			"translation": [0, 5.5, 0]
		},
		"gui": {
			"rotation": [49, 110, 0],
			"translation": [0.25, 4.75, 0]
		},
		"fixed": {
			"rotation": [-90, 0, 0],
			"translation": [0, 0, -14],
			"scale": [2, 2, 2]
		}
	},
	"groups": [
		{
			"name": "notebook",
			"origin": [8, 0, 6.5],
			"color": 0,
			"children": [0, 1, 2, 3]
		},
		{
			"name": "pencil",
			"origin": [1, 0, 0],
			"color": 0,
			"children": [4, 5, 6, 7, 8, 9]
		},
		{
			"name": "hexadecagon",
			"origin": [8, 8, 8],
			"color": 0,
			"children": [
				10,
				11,
				12,
				13,
				14,
				15,
				16,
				17,
				18,
				19,
				20,
				21,
				22,
				23,
				24,
				25,
				{
					"name": "hexadecagon",
					"origin": [8, 8, 8],
					"color": 0,
					"children": [
						26,
						27,
						28,
						29,
						30,
						31,
						32,
						33,
						34,
						35,
						36,
						37,
						38,
						39,
						40,
						41,
						{
							"name": "hexadecagon",
							"origin": [8, 8, 8],
							"color": 0,
							"children": [42, 43, 44, 45, 46, 47, 48, 49, 50, 51, 52, 53, 54, 55, 56, 57]
						}
					]
				}
			]
		}
	]
}