{
	"credit": "Made with Blockbench",
	"textures": {
		"frame": "block/piano_chair_white_white",
		"seat": "block/piano_chair_white_white",
		"parts": "block/moviecamera2",
		"particle": "block/piano_chair_white_white"
		},
	"elements": [
		{
			"from": [1.5, 9, 6.5],
			"to": [14.5, 11, 13.5],
			"rotation": {"angle": 0, "axis": "y", "origin": [8.5, 18.5, 12.5]},
			"faces": {
				"north": {"uv": [0.5, 12, 14, 13.5], "rotation": 180, "texture": "#seat"},
				"east": {"uv": [0, 6.5, 2, 13.5], "rotation": 90, "texture": "#seat"},
				"south": {"uv": [0.5, 12, 14, 13.5], "rotation": 180, "texture": "#seat"},
				"west": {"uv": [0, 6.5, 2, 13.5], "rotation": 90, "texture": "#seat"},
				"up": {"uv": [0.5, 6.5, 13.5, 13.5], "texture": "#seat"},
				"down": {"uv": [0.5, 6.5, 13.5, 13.5], "texture": "#seat"}
			}
		},
		{
			"from": [13, 0, 12],
			"to": [14.5, 8, 13.5],
			"rotation": {"angle": 0, "axis": "y", "origin": [13.75, 4, 12.75]},
			"faces": {
				"north": {"uv": [0, 14.5, 8, 16], "rotation": 270, "texture": "#frame"},
				"east": {"uv": [0, 16, 8, 14.5], "rotation": 270, "texture": "#frame"},
				"south": {"uv": [0, 14.5, 8, 16], "rotation": 270, "texture": "#frame"},
				"west": {"uv": [0, 16, 8, 14.5], "rotation": 270, "texture": "#frame"},
				"up": {"uv": [1.5, 14.5, 3, 16], "texture": "#frame"},
				"down": {"uv": [6.5, 12, 8, 13.5], "texture": "#parts"}
			}
		},
		{
			"from": [1.5, 0, 12],
			"to": [3, 8, 13.5],
			"rotation": {"angle": 0, "axis": "y", "origin": [2.25, 4, 12.75]},
			"faces": {
				"north": {"uv": [0, 14.5, 8, 16], "rotation": 270, "texture": "#frame"},
				"east": {"uv": [0, 16, 8, 14.5], "rotation": 270, "texture": "#frame"},
				"south": {"uv": [0, 14.5, 8, 16], "rotation": 270, "texture": "#frame"},
				"west": {"uv": [0, 16, 8, 14.5], "rotation": 270, "texture": "#frame"},
				"up": {"uv": [1.5, 14.5, 3, 16], "texture": "#frame"},
				"down": {"uv": [6.5, 12, 8, 13.5], "texture": "#parts"}
			}
		},
		{
			"from": [13, 0, 6.5],
			"to": [14.5, 8, 8],
			"rotation": {"angle": 0, "axis": "y", "origin": [13.75, 4, 7.25]},
			"faces": {
				"north": {"uv": [0, 14.5, 8, 16], "rotation": 270, "texture": "#frame"},
				"east": {"uv": [0, 16, 8, 14.5], "rotation": 270, "texture": "#frame"},
				"south": {"uv": [0, 14.5, 8, 16], "rotation": 270, "texture": "#frame"},
				"west": {"uv": [0, 16, 8, 14.5], "rotation": 270, "texture": "#frame"},
				"up": {"uv": [1.5, 14.5, 3, 16], "texture": "#frame"},
				"down": {"uv": [6.5, 12, 8, 13.5], "texture": "#parts"}
			}
		},
		{
			"from": [1.5, 0, 6.5],
			"to": [3, 8, 8],
			"rotation": {"angle": 0, "axis": "y", "origin": [2.25, 4, 7.25]},
			"faces": {
				"north": {"uv": [0, 14.5, 8, 16], "rotation": 270, "texture": "#frame"},
				"east": {"uv": [0, 16, 8, 14.5], "rotation": 270, "texture": "#frame"},
				"south": {"uv": [0, 14.5, 8, 16], "rotation": 270, "texture": "#frame"},
				"west": {"uv": [0, 16, 8, 14.5], "rotation": 270, "texture": "#frame"},
				"up": {"uv": [1.5, 14.5, 3, 16], "texture": "#frame"},
				"down": {"uv": [6.5, 12, 8, 13.5], "texture": "#parts"}
			}
		},
		{
			"from": [2, 6, 7],
			"to": [14, 7.9375, 13],
			"rotation": {"angle": 0, "axis": "y", "origin": [2.25, 11.75, 6.75]},
			"faces": {
				"north": {"uv": [4, 14.5, 16, 15.938], "texture": "#frame"},
				"east": {"uv": [10, 14.5, 16, 15.938], "texture": "#frame"},
				"south": {"uv": [4, 14.5, 16, 15.938], "texture": "#frame"},
				"west": {"uv": [10, 14.5, 16, 15.938], "texture": "#frame"},
				"up": {"uv": [0.5, 0.5, 11.5, 5.5], "texture": "#frame"},
				"down": {"uv": [0.5, 0.5, 11.5, 5.5], "texture": "#frame"}
			}
		},
		{
			"from": [10.5, 6, 7.5],
			"to": [11, 9.5, 12.5],
			"rotation": {"angle": 45, "axis": "z", "origin": [10.75, 8.5, 10]},
			"faces": {
				"north": {"uv": [15.5, 0, 16, 3.5], "texture": "#frame"},
				"east": {"uv": [12.5, 0, 16, 5], "rotation": 90, "texture": "#frame"},
				"south": {"uv": [15.5, 0, 16, 3.5], "texture": "#frame"},
				"west": {"uv": [12.5, 0, 16, 5], "rotation": 90, "texture": "#frame"},
				"up": {"uv": [15.5, 0, 16, 5], "texture": "#frame"},
				"down": {"uv": [15.5, 0, 16, 5], "texture": "#frame"}
			}
		},
		{
			"from": [5, 6, 7.5],
			"to": [5.5, 9.5, 12.5],
			"rotation": {"angle": -45, "axis": "z", "origin": [5.25, 8.5, 10]},
			"faces": {
				"north": {"uv": [15.5, 0, 16, 3.5], "texture": "#frame"},
				"east": {"uv": [12.5, 0, 16, 5], "rotation": 90, "texture": "#frame"},
				"south": {"uv": [15.5, 0, 16, 3.5], "texture": "#frame"},
				"west": {"uv": [12.5, 0, 16, 5], "rotation": 90, "texture": "#frame"},
				"up": {"uv": [15.5, 0, 16, 5], "texture": "#frame"},
				"down": {"uv": [15.5, 0, 16, 5], "texture": "#frame"}
			}
		},
		{
			"from": [0.5, 8.5, 9],
			"to": [1.5, 10.5, 11],
			"rotation": {"angle": 45, "axis": "x", "origin": [1, 9.5, 10]},
			"faces": {
				"north": {"uv": [14, 1, 15, 3], "texture": "#parts"},
				"east": {"uv": [9, 2, 11, 4], "texture": "#parts"},
				"south": {"uv": [14, 0.5, 15, 2.5], "rotation": 180, "texture": "#parts"},
				"west": {"uv": [9, 2, 11, 4], "texture": "#parts"},
				"up": {"uv": [14, 0.5, 15, 2.5], "rotation": 180, "texture": "#parts"},
				"down": {"uv": [14, 0.5, 15, 2.5], "rotation": 180, "texture": "#parts"}
			}
		}
	],
	"display": {
		"thirdperson_righthand": {
			"rotation": [75, 45, 0],
			"translation": [0, 2.5, 0],
			"scale": [0.375, 0.375, 0.375]
		},
		"thirdperson_lefthand": {
			"rotation": [75, 45, 0],
			"translation": [0, 2.5, 0],
			"scale": [0.375, 0.375, 0.375]
		},
		"firstperson_righthand": {
			"rotation": [0, 45, 0],
			"scale": [0.4, 0.4, 0.4]
		},
		"firstperson_lefthand": {
			"rotation": [0, 225, 0],
			"scale": [0.4, 0.4, 0.4]
		},
		"ground": {
			"translation": [0, 3, 0],
			"scale": [0.62, 0.62, 0.62]
		},
		"gui": {
			"rotation": [30, 225, 0],
			"scale": [0.625, 0.625, 0.625]
		},
		"fixed": {
			"rotation": [-90, 0, 0],
			"translation": [0, 0, -15],
			"scale": [2, 2, 2]
		}
	}
}