{
	"credit": "Made with Blockbench",
	"ambientocclusion": false,
	"textures": {
		"0": "block/ladder_acacia",
		"particle": "block/ladder_acacia"
	},
	"elements": [
		{
			"from": [3, 9.5, 2],
			"to": [13, 10, 4],
			"rotation": {"angle": 0, "axis": "y", "origin": [3, 9.5, 3]},
			"faces": {
				"north": {"uv": [0, 3.5, 0.5, 13.5], "rotation": 90, "texture": "#0"},
				"east": {"uv": [0, 3.5, 0.5, 5.5], "rotation": 90, "texture": "#0"},
				"south": {"uv": [0, 3.5, 0.5, 13.5], "rotation": 90, "texture": "#0"},
				"west": {"uv": [0, 3.5, 0.5, 5.5], "rotation": 90, "texture": "#0"},
				"up": {"uv": [0.5, 3, 2.5, 13], "rotation": 90, "texture": "#0"},
				"down": {"uv": [5.5, 3, 7.5, 13], "rotation": 90, "texture": "#0"}
			}
		},
		{
			"from": [3, 9.5, 4.5],
			"to": [13, 10, 6.5],
			"rotation": {"angle": 0, "axis": "y", "origin": [3, 9.5, 5.5]},
			"faces": {
				"north": {"uv": [0, 3.5, 0.5, 13.5], "rotation": 90, "texture": "#0"},
				"east": {"uv": [0, 3.5, 0.5, 5.5], "rotation": 90, "texture": "#0"},
				"south": {"uv": [2.5, 3, 3, 13], "rotation": 90, "texture": "#0"},
				"west": {"uv": [0, 3.5, 0.5, 5.5], "rotation": 90, "texture": "#0"},
				"up": {"uv": [3, 3, 5, 13], "rotation": 90, "texture": "#0"},
				"down": {"uv": [5.5, 3, 7.5, 13], "rotation": 90, "texture": "#0"}
			}
		},
		{
			"from": [3, 9.5, 7],
			"to": [13, 10, 9],
			"rotation": {"angle": 0, "axis": "y", "origin": [3, 9.5, 8]},
			"faces": {
				"north": {"uv": [2.5, 3, 3, 13], "rotation": 90, "texture": "#0"},
				"east": {"uv": [0, 3.5, 0.5, 5.5], "rotation": 90, "texture": "#0"},
				"south": {"uv": [0, 3.5, 0.5, 13.5], "rotation": 90, "texture": "#0"},
				"west": {"uv": [0, 3.5, 0.5, 5.5], "rotation": 90, "texture": "#0"},
				"up": {"uv": [5.5, 3, 7.5, 13], "rotation": 90, "texture": "#0"},
				"down": {"uv": [3, 3, 5, 13], "rotation": 90, "texture": "#0"}
			}
		},
		{
			"from": [3, 9.5, 9.5],
			"to": [13, 10, 11.5],
			"rotation": {"angle": 0, "axis": "y", "origin": [3, 9.5, 10.5]},
			"faces": {
				"north": {"uv": [5, 3.5, 5.5, 13.5], "rotation": 90, "texture": "#0"},
				"east": {"uv": [0, 3.5, 0.5, 5.5], "rotation": 90, "texture": "#0"},
				"south": {"uv": [5, 3, 5.5, 13], "rotation": 90, "texture": "#0"},
				"west": {"uv": [0, 3.5, 0.5, 5.5], "rotation": 90, "texture": "#0"},
				"up": {"uv": [3, 3, 5, 13], "rotation": 90, "texture": "#0"},
				"down": {"uv": [0.5, 3, 2.5, 13], "rotation": 90, "texture": "#0"}
			}
		},
		{
			"from": [12, 8, 2.5],
			"to": [13, 9.5, 13],
			"rotation": {"angle": 0, "axis": "y", "origin": [3, 9, 3.5]},
			"faces": {
				"north": {"uv": [9, 0, 10.5, 1], "rotation": 270, "texture": "#0"},
				"east": {"uv": [9, 0, 10.5, 10.5], "rotation": 270, "texture": "#0"},
				"south": {"uv": [9, 0, 10.5, 1], "rotation": 270, "texture": "#0"},
				"west": {"uv": [9, 0, 10.5, 10.5], "rotation": 270, "texture": "#0"},
				"up": {"uv": [8.5, 0, 9.5, 10.5], "texture": "#0"},
				"down": {"uv": [8.5, 0, 9.5, 10.5], "texture": "#0"}
			}
		},
		{
			"from": [3, 8, 2.5],
			"to": [4, 9.5, 13],
			"rotation": {"angle": 0, "axis": "y", "origin": [3, 9, 3.5]},
			"faces": {
				"north": {"uv": [9, 0, 10.5, 1], "rotation": 270, "texture": "#0"},
				"east": {"uv": [9, 0, 10.5, 10.5], "rotation": 270, "texture": "#0"},
				"south": {"uv": [9, 0, 10.5, 1], "rotation": 270, "texture": "#0"},
				"west": {"uv": [9, 0, 10.5, 10.5], "rotation": 270, "texture": "#0"},
				"up": {"uv": [8.5, 0, 9.5, 10.5], "texture": "#0"},
				"down": {"uv": [8.5, 0, 9.5, 10.5], "texture": "#0"}
			}
		},
		{
			"from": [2, 0, 3.5],
			"to": [3, 23.5, 5],
			"rotation": {"angle": 22.5, "axis": "x", "origin": [2.5, 0, 5]},
			"faces": {
				"north": {"uv": [4, 0, 5, 16], "texture": "#0"},
				"east": {"uv": [3.5, 0, 5, 16], "texture": "#0"},
				"south": {"uv": [4, 0, 5, 16], "texture": "#0"},
				"west": {"uv": [0.5, 0, 2, 16], "texture": "#0"},
				"up": {"uv": [14, 0, 15.5, 1], "rotation": 90, "texture": "#0"},
				"down": {"uv": [11, 3, 12.5, 4], "rotation": 90, "texture": "#0"}
			}
		},
		{
			"from": [2.5, 0, 15.5],
			"to": [3.5, 15.3, 17],
			"rotation": {"angle": -22.5, "axis": "x", "origin": [3, 0, 15.5]},
			"faces": {
				"north": {"uv": [4, 0, 5, 15.3], "texture": "#0"},
				"east": {"uv": [3, 0, 4.5, 15.3], "texture": "#0"},
				"south": {"uv": [4, 0, 5, 15.3], "texture": "#0"},
				"west": {"uv": [0.5, 0, 2, 15.3], "texture": "#0"},
				"up": {"uv": [11, 0, 12.5, 1], "rotation": 90, "texture": "#0"},
				"down": {"uv": [11, 3, 12.5, 4], "rotation": 90, "texture": "#0"}
			}
		},
		{
			"from": [12.5, 0, 15.5],
			"to": [13.5, 15.3, 17],
			"rotation": {"angle": -22.5, "axis": "x", "origin": [12.5, 0, 15.5]},
			"faces": {
				"north": {"uv": [0.5, 0, 1.5, 15.3], "texture": "#0"},
				"east": {"uv": [0.5, 0, 2, 15.3], "texture": "#0"},
				"south": {"uv": [6.5, 0, 7.5, 15.3], "texture": "#0"},
				"west": {"uv": [3, 0, 4.5, 15.3], "texture": "#0"},
				"up": {"uv": [14, 0, 15.5, 1], "rotation": 90, "texture": "#0"},
				"down": {"uv": [11, 3, 12.5, 4], "rotation": 90, "texture": "#0"}
			}
		},
		{
			"from": [13, 0, 3.5],
			"to": [14, 23.5, 5],
			"rotation": {"angle": 22.5, "axis": "x", "origin": [13, 0, 5]},
			"faces": {
				"north": {"uv": [0.5, 0, 1.5, 16], "texture": "#0"},
				"east": {"uv": [1, 0, 2.5, 16], "texture": "#0"},
				"south": {"uv": [5.5, 0, 6.5, 16], "texture": "#0"},
				"west": {"uv": [3.5, 0, 5, 16], "texture": "#0"},
				"up": {"uv": [11, 0, 12.5, 1], "rotation": 90, "texture": "#0"},
				"down": {"uv": [11, 3, 12.5, 4], "rotation": 90, "texture": "#0"}
			}
		},
		{
			"from": [3, 21.5, 3.7375],
			"to": [13, 23, 4.7375],
			"rotation": {"angle": 22.5, "axis": "x", "origin": [13, 0, 5]},
			"faces": {
				"north": {"uv": [14.5, 4, 16, 12], "rotation": 90, "texture": "#0"},
				"south": {"uv": [12, 4, 13.5, 12], "rotation": 90, "texture": "#0"},
				"up": {"uv": [12, 4, 13, 12], "rotation": 90, "texture": "#0"},
				"down": {"uv": [14.5, 4, 15.5, 12], "rotation": 90, "texture": "#0"}
			}
		},
		{
			"from": [3, 19, 3.7375],
			"to": [13, 20.5, 4.7375],
			"rotation": {"angle": 22.5, "axis": "x", "origin": [13, 0, 5]},
			"faces": {
				"north": {"uv": [12, 4, 13.5, 12], "rotation": 90, "texture": "#0"},
				"south": {"uv": [13.5, 4, 15, 12], "rotation": 90, "texture": "#0"},
				"up": {"uv": [11, 4, 12, 12], "rotation": 90, "texture": "#0"},
				"down": {"uv": [13, 4, 14, 12], "rotation": 90, "texture": "#0"}
			}
		},
		{
			"from": [3, 4, 3.7375],
			"to": [13, 5.5, 4.7375],
			"rotation": {"angle": 22.5, "axis": "x", "origin": [13, 0, 5]},
			"faces": {
				"north": {"uv": [12, 4, 13.5, 12], "rotation": 90, "texture": "#0"},
				"south": {"uv": [13.5, 4, 15, 12], "rotation": 90, "texture": "#0"},
				"up": {"uv": [15, 4, 16, 12], "rotation": 90, "texture": "#0"},
				"down": {"uv": [12, 4, 13, 12], "rotation": 90, "texture": "#0"}
			}
		},
		{
			"from": [3.5, 3, 15.5],
			"to": [12.5, 4.5, 16.5],
			"rotation": {"angle": -22.5, "axis": "x", "origin": [13, 0, 12.5]},
			"faces": {
				"north": {"uv": [12, 4, 13.5, 12], "rotation": 90, "texture": "#0"},
				"south": {"uv": [12, 4, 13.5, 12], "rotation": 90, "texture": "#0"},
				"up": {"uv": [12, 4, 13, 12], "rotation": 90, "texture": "#0"},
				"down": {"uv": [12, 4, 13, 12], "rotation": 90, "texture": "#0"}
			}
		}
	],
	"display": {
		"thirdperson_righthand": {
			"rotation": [75, 45, 0],
			"translation": [0, 2.5, 0],
			"scale": [0.375, 0.375, 0.375]
		},
		"firstperson_righthand": {
			"rotation": [0, 45, 0],
			"scale": [0.4, 0.4, 0.4]
		},
		"firstperson_lefthand": {
			"rotation": [0, 225, 0],
			"scale": [0.4, 0.4, 0.4]
		},
		"ground": {
			"translation": [0, 3, 0],
			"scale": [0.25, 0.25, 0.25]
		},
		"gui": {
			"rotation": [30, 225, 0],
			"scale": [0.625, 0.625, 0.625]
		},
		"fixed": {
			"rotation": [-90, 0, 0],
			"translation": [0, 0, -15],
			"scale": [2, 2, 2]
		}
	}
}