{
	"credit": "Made with Blockbench",
	"textures": {
		"0": "block/table_mint_top",
		"2": "block/table_mint_parts",
		"3": "block/table_mint_top",
		"particle": "block/table_mint_top"
	},
	"elements": [
		{
			"from": [0, 14.5, 0],
			"to": [16, 16, 16],
			"rotation": {"angle": 0, "axis": "y", "origin": [0, 0, 0.5]},
			"faces": {
				"north": {"uv": [0, 9, 16, 10.5], "texture": "#2"},
				"south": {"uv": [0, 9, 16, 10.5], "texture": "#2"},
				"up": {"uv": [0, 0, 16, 16], "texture": "#0"},
				"down": {"uv": [0, 0, 16, 16], "texture": "#0"}
			}
		},
		{
			"from": [0, 13.5, 0.5],
			"to": [16, 14.5, 15.5],
			"rotation": {"angle": 0, "axis": "y", "origin": [0, -1, 0.5]},
			"faces": {
				"north": {"uv": [0, 3.5, 16, 4.5], "texture": "#2"},
				"south": {"uv": [0, 3.5, 16, 4.5], "texture": "#2"},
				"down": {"uv": [0, 0, 16, 15], "texture": "#3"}
			}
		},
		{
			"from": [0, 9, 2],
			"to": [16, 13.5, 14],
			"faces": {
				"north": {"uv": [0, 0, 16, 4.5], "texture": "#2"},
				"south": {"uv": [0, 4.5, 16, 9], "texture": "#2"},
				"down": {"uv": [0, 0, 16, 12], "texture": "#3"}
			}
		},
		{
			"from": [0, 2, 13.5],
			"to": [16, 3.5, 14.5],
			"rotation": {"angle": 0, "axis": "y", "origin": [8.5, 0, 1.5]},
			"faces": {
				"north": {"uv": [0, 4, 16, 5.5], "texture": "#2"},
				"south": {"uv": [0, 4, 16, 5.5], "texture": "#2"},
				"up": {"uv": [0, 3.5, 16, 4.5], "texture": "#2"},
				"down": {"uv": [0, 4.5, 16, 5.5], "texture": "#2"}
			}
		}
	],
	"display": {
		"thirdperson_righthand": {
			"rotation": [75, 45, 0],
			"translation": [0, 2.5, 0],
			"scale": [0.375, 0.375, 0.375]
		},
		"thirdperson_lefthand": {
			"rotation": [75, 45, 0],
			"translation": [0, 2.5, 0],
			"scale": [0.375, 0.375, 0.375]
		},
		"firstperson_righthand": {
			"rotation": [0, 45, 0],
			"scale": [0.4, 0.4, 0.4]
		},
		"firstperson_lefthand": {
			"rotation": [0, 225, 0],
			"scale": [0.4, 0.4, 0.4]
		},
		"ground": {
			"translation": [0, 3, 0],
			"scale": [0.62, 0.62, 0.62]
		},
		"gui": {
			"rotation": [30, 225, 0],
			"scale": [0.625, 0.625, 0.625]
		},
		"fixed": {
			"translation": [0, 0, 17],
			"scale": [2, 2, 2]
		}
	}
}