{
	"credit": "Made with Blockbench",
	"textures": {
		"particle": "block/stripped_spruce_log"
	},
	"elements": [
		{
			"from": [0, -16, 2],
			"to": [2, 0, 4],
			"rotation": {"angle": 22.5, "axis": "x", "origin": [0, 0, 0]},
			"faces": {
				"north": {"uv": [14, 0, 16, 16], "texture": "#particle"},
				"east": {"uv": [14, 0, 16, 16], "texture": "#particle"},
				"south": {"uv": [0, 0, 2, 16], "texture": "#particle"},
				"west": {"uv": [0, 0, 2, 16], "texture": "#particle"},
				"down": {"uv": [14, 0, 16, 2], "texture": "#particle"}
			}
		},
		{
			"from": [0, 0, 2],
			"to": [2, 16, 4],
			"rotation": {"angle": 22.5, "axis": "x", "origin": [0, 0, 0]},
			"faces": {
				"north": {"uv": [14, 0, 16, 16], "texture": "#particle"},
				"east": {"uv": [14, 0, 16, 16], "texture": "#particle"},
				"south": {"uv": [0, 0, 2, 16], "texture": "#particle"},
				"west": {"uv": [0, 0, 2, 16], "texture": "#particle"},
				"down": {"uv": [14, 0, 16, 2], "texture": "#particle"}
			}
		},
		{
			"from": [0, 16, 2],
			"to": [2, 32, 4],
			"rotation": {"angle": 22.5, "axis": "x", "origin": [0, 0, 0]},
			"faces": {
				"north": {"uv": [14, 0, 16, 16], "texture": "#particle"},
				"east": {"uv": [14, 0, 16, 16], "texture": "#particle"},
				"south": {"uv": [0, 0, 2, 16], "texture": "#particle"},
				"west": {"uv": [0, 0, 2, 16], "texture": "#particle"},
				"up": {"uv": [0, 2, 2, 4], "texture": "#particle"}
			}
		},
		{
			"from": [14, -16, 2],
			"to": [16, 0, 4],
			"rotation": {"angle": 22.5, "axis": "x", "origin": [0, 0, 0]},
			"faces": {
				"north": {"uv": [0, 0, 2, 16], "texture": "#particle"},
				"east": {"uv": [14, 0, 16, 16], "texture": "#particle"},
				"south": {"uv": [14, 0, 16, 16], "texture": "#particle"},
				"west": {"uv": [0, 0, 2, 16], "texture": "#particle"},
				"down": {"uv": [0, 0, 2, 2], "texture": "#particle"}
			}
		},
		{
			"from": [14, 0, 2],
			"to": [16, 16, 4],
			"rotation": {"angle": 22.5, "axis": "x", "origin": [0, 0, 0]},
			"faces": {
				"north": {"uv": [0, 0, 2, 16], "texture": "#particle"},
				"east": {"uv": [14, 0, 16, 16], "texture": "#particle"},
				"south": {"uv": [14, 0, 16, 16], "texture": "#particle"},
				"west": {"uv": [0, 0, 2, 16], "texture": "#particle"},
				"down": {"uv": [0, 0, 2, 2], "texture": "#particle"}
			}
		},
		{
			"from": [14, 16, 2],
			"to": [16, 32, 4],
			"rotation": {"angle": 22.5, "axis": "x", "origin": [0, 0, 0]},
			"faces": {
				"north": {"uv": [0, 0, 2, 16], "texture": "#particle"},
				"east": {"uv": [14, 0, 16, 16], "texture": "#particle"},
				"south": {"uv": [14, 0, 16, 16], "texture": "#particle"},
				"west": {"uv": [0, 0, 2, 16], "texture": "#particle"},
				"up": {"uv": [0, 0, 2, 2], "texture": "#particle"}
			}
		},
		{
			"from": [2, 28, 2],
			"to": [14, 30, 4],
			"rotation": {"angle": 22.5, "axis": "x", "origin": [0, 0, 0]},
			"faces": {
				"north": {"uv": [2, 2, 14, 4], "texture": "#particle"},
				"south": {"uv": [2, 2, 14, 4], "texture": "#particle"},
				"up": {"uv": [2, 2, 14, 4], "texture": "#particle"},
				"down": {"uv": [2, 2, 14, 4], "texture": "#particle"}
			}
		},
		{
			"from": [2, 21, 2],
			"to": [14, 23, 4],
			"rotation": {"angle": 22.5, "axis": "x", "origin": [0, 0, 0]},
			"faces": {
				"north": {"uv": [2, 9, 14, 11], "texture": "#particle"},
				"south": {"uv": [2, 9, 14, 11], "texture": "#particle"},
				"up": {"uv": [2, 9, 14, 11], "texture": "#particle"},
				"down": {"uv": [2, 9, 14, 11], "texture": "#particle"}
			}
		},
		{
			"from": [2, 14, 2],
			"to": [14, 16, 4],
			"rotation": {"angle": 22.5, "axis": "x", "origin": [0, 0, 0]},
			"faces": {
				"north": {"uv": [2, 0, 14, 2], "texture": "#particle"},
				"south": {"uv": [2, 0, 14, 2], "texture": "#particle"},
				"up": {"uv": [2, 0, 14, 2], "texture": "#particle"},
				"down": {"uv": [2, 0, 14, 2], "texture": "#particle"}
			}
		},
		{
			"from": [2, 7, 2],
			"to": [14, 9, 4],
			"rotation": {"angle": 22.5, "axis": "x", "origin": [0, 0, 0]},
			"faces": {
				"north": {"uv": [2, 7, 14, 9], "texture": "#particle"},
				"south": {"uv": [2, 7, 14, 9], "texture": "#particle"},
				"up": {"uv": [2, 7, 14, 9], "texture": "#particle"},
				"down": {"uv": [2, 7, 14, 9], "texture": "#particle"}
			}
		},
		{
			"from": [2, 0, 2],
			"to": [14, 2, 4],
			"rotation": {"angle": 22.5, "axis": "x", "origin": [0, 0, 0]},
			"faces": {
				"north": {"uv": [2, 14, 14, 16], "texture": "#particle"},
				"south": {"uv": [2, 14, 14, 16], "texture": "#particle"},
				"up": {"uv": [2, 14, 14, 16], "texture": "#particle"},
				"down": {"uv": [2, 14, 14, 16], "texture": "#particle"}
			}
		},
		{
			"from": [2, -7, 2],
			"to": [14, -5, 4],
			"rotation": {"angle": 22.5, "axis": "x", "origin": [0, 0, 0]},
			"faces": {
				"north": {"uv": [2, 5, 14, 7], "texture": "#particle"},
				"south": {"uv": [2, 5, 14, 7], "texture": "#particle"},
				"up": {"uv": [2, 5, 14, 7], "texture": "#particle"},
				"down": {"uv": [2, 5, 14, 7], "texture": "#particle"}
			}
		},
		{
			"from": [2, -14, 2],
			"to": [14, -12, 4],
			"rotation": {"angle": 22.5, "axis": "x", "origin": [0, 0, 0]},
			"faces": {
				"north": {"uv": [2, 12, 14, 14], "texture": "#particle"},
				"south": {"uv": [2, 12, 14, 14], "texture": "#particle"},
				"up": {"uv": [2, 12, 14, 14], "texture": "#particle"},
				"down": {"uv": [2, 12, 14, 14], "texture": "#particle"}
			}
		}
	],
	"display": {
		"thirdperson_righthand": {
			"scale": [0.5, 0.5, 0.5]
		},
		"thirdperson_lefthand": {
			"scale": [0.5, 0.49, 0.5]
		},
		"firstperson_righthand": {
			"scale": [0.5, 0.5, 0.5]
		},
		"firstperson_lefthand": {
			"scale": [0.5, 0.5, 0.5]
		},
		"ground": {
			"scale": [0.5, 0.5, 0.5]
		},
		"gui": {
			"rotation": [25, 135, 0],
			"translation": [0, 0.75, 0],
			"scale": [0.28, 0.28, 0.28]
		},
		"fixed": {
			"rotation": [-90, 0, 0],
			"translation": [0, 0, -47],
			"scale": [2, 2, 2]
		}
	},
	"groups": [
		{
			"name": "group",
			"origin": [0, 0, 0],
			"color": 0,
			"children": [0, 1, 2, 3, 4, 5]
		},
		{
			"name": "group",
			"origin": [0, 0, 0],
			"color": 0,
			"children": [6, 7, 8, 9, 10, 11, 12]
		}
	]
}