{
	"credit": "Made with Blockbench",
	"textures": {
		"particle": "block/acacia_log"
	},
	"elements": [
		{
			"from": [-0.1, 16, 14],
			"to": [2.1, 29, 16],
			"faces": {
				"north": {"uv": [14, 3, 16, 16], "texture": "#particle"},
				"east": {"uv": [14, 3, 16, 16], "texture": "#particle"},
				"south": {"uv": [0, 3, 2, 16], "texture": "#particle"},
				"west": {"uv": [0, 3, 2, 16], "texture": "#particle"},
				"up": {"uv": [14, 0, 16, 2], "texture": "#particle"}
			}
		},
		{
			"from": [-0.1, 0, 14],
			"to": [2.1, 16, 16],
			"faces": {
				"north": {"uv": [14, 0, 16, 16], "texture": "#particle"},
				"east": {"uv": [14, 0, 16, 16], "texture": "#particle"},
				"south": {"uv": [0, 0, 2, 16], "texture": "#particle"},
				"west": {"uv": [0, 0, 2, 16], "texture": "#particle"},
				"down": {"uv": [0, 0, 2, 2], "texture": "#particle"}
			}
		},
		{
			"from": [-0.1, -16, 14],
			"to": [2.1, 0, 16],
			"faces": {
				"north": {"uv": [14, 0, 16, 16], "texture": "#particle"},
				"east": {"uv": [14, 0, 16, 16], "texture": "#particle"},
				"south": {"uv": [0, 0, 2, 16], "texture": "#particle"},
				"west": {"uv": [0, 0, 2, 16], "texture": "#particle"},
				"down": {"uv": [0, 0, 2, 2], "texture": "#particle"}
			}
		},
		{
			"from": [13.9, 16, 14],
			"to": [16.1, 29, 16],
			"faces": {
				"north": {"uv": [0, 3, 2, 16], "texture": "#particle"},
				"east": {"uv": [0, 3, 2, 16], "texture": "#particle"},
				"south": {"uv": [14, 3, 16, 16], "texture": "#particle"},
				"west": {"uv": [14, 3, 16, 16], "texture": "#particle"},
				"up": {"uv": [0, 0, 2, 2], "texture": "#particle"}
			}
		},
		{
			"from": [13.9, 0, 14],
			"to": [16.1, 16, 16],
			"faces": {
				"north": {"uv": [0, 0, 2, 16], "texture": "#particle"},
				"east": {"uv": [0, 0, 2, 16], "texture": "#particle"},
				"south": {"uv": [14, 0, 16, 16], "texture": "#particle"},
				"west": {"uv": [14, 0, 16, 16], "texture": "#particle"}
			}
		},
		{
			"from": [13.9, -16, 14],
			"to": [16.1, 0, 16],
			"faces": {
				"north": {"uv": [0, 0, 2, 16], "texture": "#particle"},
				"east": {"uv": [0, 0, 2, 16], "texture": "#particle"},
				"south": {"uv": [14, 0, 16, 16], "texture": "#particle"},
				"west": {"uv": [14, 0, 16, 16], "texture": "#particle"},
				"down": {"uv": [14, 0, 16, 2], "texture": "#particle"}
			}
		},
		{
			"from": [0, -16, 2],
			"to": [2, 0, 4],
			"rotation": {"angle": 22.5, "axis": "x", "origin": [0, 0, 0]},
			"faces": {
				"north": {"uv": [14, 0, 16, 16], "texture": "#particle"},
				"east": {"uv": [14, 0, 16, 16], "texture": "#particle"},
				"south": {"uv": [0, 0, 2, 16], "texture": "#particle"},
				"west": {"uv": [0, 0, 2, 16], "texture": "#particle"},
				"down": {"uv": [0, 0, 2, 2], "texture": "#particle"}
			}
		},
		{
			"from": [0, 0, 2],
			"to": [2, 16, 4],
			"rotation": {"angle": 22.5, "axis": "x", "origin": [0, 0, 0]},
			"faces": {
				"north": {"uv": [14, 0, 16, 16], "texture": "#particle"},
				"east": {"uv": [14, 0, 16, 16], "texture": "#particle"},
				"south": {"uv": [0, 0, 2, 16], "texture": "#particle"},
				"west": {"uv": [0, 0, 2, 16], "texture": "#particle"}
			}
		},
		{
			"from": [0, 16, 2],
			"to": [2, 32, 4],
			"rotation": {"angle": 22.5, "axis": "x", "origin": [0, 0, 0]},
			"faces": {
				"north": {"uv": [14, 0, 16, 16], "texture": "#particle"},
				"east": {"uv": [14, 0, 16, 16], "texture": "#particle"},
				"south": {"uv": [0, 0, 2, 16], "texture": "#particle"},
				"west": {"uv": [0, 0, 2, 16], "texture": "#particle"}
			}
		},
		{
			"from": [14, -16, 2],
			"to": [16, 0, 4],
			"rotation": {"angle": 22.5, "axis": "x", "origin": [0, 0, 0]},
			"faces": {
				"north": {"uv": [0, 0, 2, 16], "texture": "#particle"},
				"east": {"uv": [14, 0, 16, 16], "texture": "#particle"},
				"south": {"uv": [14, 0, 16, 16], "texture": "#particle"},
				"west": {"uv": [0, 0, 2, 16], "texture": "#particle"},
				"down": {"uv": [14, 0, 16, 2], "texture": "#particle"}
			}
		},
		{
			"from": [14, 0, 2],
			"to": [16, 16, 4],
			"rotation": {"angle": 22.5, "axis": "x", "origin": [0, 0, 0]},
			"faces": {
				"north": {"uv": [0, 0, 2, 16], "texture": "#particle"},
				"east": {"uv": [14, 0, 16, 16], "texture": "#particle"},
				"south": {"uv": [14, 0, 16, 16], "texture": "#particle"},
				"west": {"uv": [0, 0, 2, 16], "texture": "#particle"}
			}
		},
		{
			"from": [14, 16, 2],
			"to": [16, 32, 4],
			"rotation": {"angle": 22.5, "axis": "x", "origin": [0, 0, 0]},
			"faces": {
				"north": {"uv": [0, 0, 2, 16], "texture": "#particle"},
				"east": {"uv": [14, 0, 16, 16], "texture": "#particle"},
				"south": {"uv": [14, 0, 16, 16], "texture": "#particle"},
				"west": {"uv": [0, 0, 2, 16], "texture": "#particle"}
			}
		},
		{
			"from": [2, 24, 11],
			"to": [14, 26, 17],
			"faces": {
				"north": {"uv": [2, 0, 14, 2], "texture": "#particle"},
				"east": {"uv": [0, 0, 6, 2], "texture": "#particle"},
				"south": {"uv": [2, 0, 14, 2], "texture": "#particle"},
				"west": {"uv": [10, 0, 16, 2], "texture": "#particle"},
				"up": {"uv": [2, 0, 14, 6], "texture": "#particle"},
				"down": {"uv": [2, 0, 14, 6], "texture": "#particle"}
			}
		},
		{
			"from": [2, 17, 8],
			"to": [14, 19, 14],
			"faces": {
				"north": {"uv": [2, 0, 14, 2], "texture": "#particle"},
				"east": {"uv": [2, 0, 8, 2], "texture": "#particle"},
				"south": {"uv": [2, 0, 14, 2], "texture": "#particle"},
				"west": {"uv": [10, 0, 16, 2], "texture": "#particle"},
				"up": {"uv": [2, 8, 14, 14], "texture": "#particle"},
				"down": {"uv": [2, 8, 14, 14], "texture": "#particle"}
			}
		},
		{
			"from": [2, 10, 5],
			"to": [14, 12, 11],
			"faces": {
				"north": {"uv": [2, 4, 14, 6], "texture": "#particle"},
				"east": {"uv": [5, 4, 11, 6], "texture": "#particle"},
				"south": {"uv": [2, 4, 14, 6], "texture": "#particle"},
				"west": {"uv": [10, 0, 16, 2], "texture": "#particle"},
				"up": {"uv": [2, 5, 14, 11], "texture": "#particle"},
				"down": {"uv": [2, 5, 14, 11], "texture": "#particle"}
			}
		},
		{
			"from": [2, 3, 2],
			"to": [14, 5, 8],
			"faces": {
				"north": {"uv": [2, 11, 14, 13], "texture": "#particle"},
				"east": {"uv": [8, 11, 14, 13], "texture": "#particle"},
				"south": {"uv": [2, 11, 14, 13], "texture": "#particle"},
				"west": {"uv": [10, 0, 16, 2], "texture": "#particle"},
				"up": {"uv": [2, 2, 14, 8], "texture": "#particle"},
				"down": {"uv": [2, 8, 14, 14], "texture": "#particle"}
			}
		},
		{
			"from": [2, -4, -1],
			"to": [14, -2, 5],
			"faces": {
				"north": {"uv": [2, 11, 14, 13], "texture": "#particle"},
				"east": {"uv": [8, 11, 14, 13], "texture": "#particle"},
				"south": {"uv": [2, 11, 14, 13], "texture": "#particle"},
				"west": {"uv": [10, 0, 16, 2], "texture": "#particle"},
				"up": {"uv": [2, 2, 14, 8], "texture": "#particle"},
				"down": {"uv": [2, 2, 14, 8], "texture": "#particle"}
			}
		},
		{
			"from": [2, -11, -4],
			"to": [14, -9, 2],
			"faces": {
				"north": {"uv": [2, 4, 14, 6], "texture": "#particle"},
				"east": {"uv": [5, 4, 11, 6], "texture": "#particle"},
				"south": {"uv": [2, 4, 14, 6], "texture": "#particle"},
				"west": {"uv": [10, 0, 16, 2], "texture": "#particle"},
				"up": {"uv": [2, 5, 14, 11], "texture": "#particle"},
				"down": {"uv": [2, 5, 14, 11], "texture": "#particle"}
			}
		},
		{
			"from": [5.5, -4.7, 14.3],
			"to": [7.5, 11.3, 15.9],
			"rotation": {"angle": -45, "axis": "z", "origin": [0, 0, 0]},
			"faces": {
				"north": {"uv": [0, 0, 2, 16], "texture": "#particle"},
				"east": {"uv": [0, 0, 2, 16], "texture": "#particle"},
				"south": {"uv": [0, 0, 2, 16], "texture": "#particle"},
				"west": {"uv": [0, 0, 2, 16], "texture": "#particle"}
			}
		},
		{
			"from": [5.5, 11.3, 14.3],
			"to": [7.5, 14.3, 15.9],
			"rotation": {"angle": -45, "axis": "z", "origin": [0, 0, 0]},
			"faces": {
				"north": {"uv": [0, 13, 2, 16], "texture": "#particle"},
				"east": {"uv": [0, 13, 2, 16], "texture": "#particle"},
				"south": {"uv": [0, 13, 2, 16], "texture": "#particle"},
				"west": {"uv": [0, 13, 2, 16], "texture": "#particle"}
			}
		},
		{
			"from": [3.5, -16, 14.1],
			"to": [5.5, 0, 15.7],
			"rotation": {"angle": 45, "axis": "z", "origin": [0, 0, 0]},
			"faces": {
				"north": {"uv": [0, 0, 2, 16], "texture": "#particle"},
				"east": {"uv": [0, 0, 2, 16], "texture": "#particle"},
				"south": {"uv": [0, 0, 2, 16], "texture": "#particle"},
				"west": {"uv": [0, 0, 2, 16], "texture": "#particle"},
				"down": {"uv": [0, 0, 2, 1.6], "texture": "#particle"}
			}
		},
		{
			"from": [3.5, 0, 14.1],
			"to": [5.5, 3, 15.7],
			"rotation": {"angle": 45, "axis": "z", "origin": [0, 0, 0]},
			"faces": {
				"north": {"uv": [0, 13, 2, 16], "texture": "#particle"},
				"east": {"uv": [0, 13, 2, 16], "texture": "#particle"},
				"south": {"uv": [0, 13, 2, 16], "texture": "#particle"},
				"west": {"uv": [0, 13, 2, 16], "texture": "#particle"}
			}
		},
		{
			"from": [5.5, 12.3, 14.3],
			"to": [7.5, 28.3, 15.9],
			"rotation": {"angle": -45, "axis": "z", "origin": [0, 17, 0]},
			"faces": {
				"north": {"uv": [0, 0, 2, 16], "texture": "#particle"},
				"east": {"uv": [0, 0, 2, 16], "texture": "#particle"},
				"south": {"uv": [0, 0, 2, 16], "texture": "#particle"},
				"west": {"uv": [0, 0, 2, 16], "texture": "#particle"}
			}
		},
		{
			"from": [5.5, 28.3, 14.3],
			"to": [7.5, 31.3, 15.9],
			"rotation": {"angle": -45, "axis": "z", "origin": [0, 17, 0]},
			"faces": {
				"north": {"uv": [0, 13, 2, 16], "texture": "#particle"},
				"east": {"uv": [0, 13, 2, 16], "texture": "#particle"},
				"south": {"uv": [0, 13, 2, 16], "texture": "#particle"},
				"west": {"uv": [0, 13, 2, 16], "texture": "#particle"}
			}
		},
		{
			"from": [3.5, 1, 14.1],
			"to": [5.5, 17, 15.7],
			"rotation": {"angle": 45, "axis": "z", "origin": [0, 17, 0]},
			"faces": {
				"north": {"uv": [0, 0, 2, 16], "texture": "#particle"},
				"east": {"uv": [0, 0, 2, 16], "texture": "#particle"},
				"south": {"uv": [0, 0, 2, 16], "texture": "#particle"},
				"west": {"uv": [0, 0, 2, 16], "texture": "#particle"}
			}
		},
		{
			"from": [3.5, 17, 14.1],
			"to": [5.5, 20, 15.7],
			"rotation": {"angle": 45, "axis": "z", "origin": [0, 17, 0]},
			"faces": {
				"north": {"uv": [0, 13, 2, 16], "texture": "#particle"},
				"east": {"uv": [0, 13, 2, 16], "texture": "#particle"},
				"south": {"uv": [0, 13, 2, 16], "texture": "#particle"},
				"west": {"uv": [0, 13, 2, 16], "texture": "#particle"}
			}
		},
		{
			"from": [0.1, 4, 1],
			"to": [1.9, 6, 16],
			"rotation": {"angle": 45, "axis": "x", "origin": [0, 0, 0]},
			"faces": {
				"east": {"uv": [0, 0, 2, 15], "rotation": 90, "texture": "#particle"},
				"west": {"uv": [0, 0, 2, 15], "rotation": 90, "texture": "#particle"},
				"up": {"uv": [0, 0, 2, 15], "texture": "#particle"},
				"down": {"uv": [0, 0, 2, 15], "texture": "#particle"}
			}
		},
		{
			"from": [14.1, 4, 1],
			"to": [15.9, 6, 16],
			"rotation": {"angle": 45, "axis": "x", "origin": [0, 0, 0]},
			"faces": {
				"east": {"uv": [0, 0, 2, 15], "rotation": 90, "texture": "#particle"},
				"west": {"uv": [0, 0, 2, 15], "rotation": 90, "texture": "#particle"},
				"up": {"uv": [0, 0, 2, 15], "texture": "#particle"},
				"down": {"uv": [0, 0, 2, 15], "texture": "#particle"}
			}
		}
	],
	"display": {
		"firstperson_righthand": {
			"scale": [0.5, 0.5, 0.5]
		},
		"firstperson_lefthand": {
			"scale": [0.5, 0.5, 0.5]
		},
		"ground": {
			"scale": [0.5, 0.5, 0.5]
		},
		"gui": {
			"rotation": [25, 135, 0],
			"translation": [0, 0.5, 0],
			"scale": [0.28, 0.28, 0.28]
		},
		"fixed": {
			"rotation": [-90, 0, 0],
			"translation": [0, 0, -47],
			"scale": [2, 2, 2]
		}
	},
	"groups": [
		{
			"name": "group",
			"origin": [8, 8, 8],
			"color": 0,
			"children": [0, 1, 2, 3, 4, 5]
		},
		{
			"name": "group",
			"origin": [0, 0, 0],
			"color": 0,
			"children": [6, 7, 8, 9, 10, 11]
		},
		{
			"name": "group",
			"origin": [0, 0, 0],
			"color": 0,
			"children": [12, 13, 14, 15, 16, 17]
		},
		{
			"name": "group",
			"origin": [16, 0, 0],
			"color": 0,
			"children": [
				{
					"name": "group",
					"origin": [16, 0, 0],
					"color": 0,
					"children": [18, 19, 20, 21]
				},
				{
					"name": "group",
					"origin": [16, 0, 0],
					"color": 0,
					"children": [22, 23, 24, 25]
				}
			]
		}, 26, 27]
}