{
	"credit": "Made with Blockbench",
	"texture_size": [96, 96],
	"textures": {
		"0": "block/macaronbox1"
	},
	"elements": [
		{
			"name": "bone",
			"from": [5.25, 0.1, 6.5],
			"to": [10.75, 3.1, 9.5],
			"rotation": {"angle": 0, "axis": "y", "origin": [8, 0, 8]},
			"faces": {
				"north": {"uv": [10.33867, 10.672, 11.99467, 11.66133], "texture": "#0"},
				"east": {"uv": [9.00533, 11.672, 9.99467, 12.66133], "texture": "#0"},
				"south": {"uv": [10.33867, 10.672, 11.99467, 11.66133], "texture": "#0"},
				"west": {"uv": [9.00533, 11.672, 9.99467, 12.66133], "texture": "#0"},
				"up": {"uv": [10.33867, 11.672, 11.99467, 12.66133], "texture": "#0"},
				"down": {"uv": [8.99467, 13.672, 5.33867, 14.66133], "texture": "#0"}
			}
		},
		{
			"name": "bone",
			"from": [10.95, 0.1, 7.5],
			"to": [10.95, 3.2, 8.5],
			"rotation": {"angle": 0, "axis": "y", "origin": [8, 0, 8]},
			"faces": {
				"north": {"uv": [0.01, 0.01, 0.01, 0.01], "texture": "#0"},
				"east": {"uv": [2.33867, 1.7, 2.66133, 0.672], "texture": "#0"},
				"south": {"uv": [0.01, 0.01, 0.01, 0.01], "texture": "#0"},
				"west": {"uv": [2.33867, 1.7, 2.66133, 0.672], "texture": "#0"},
				"up": {"uv": [0.00533, 0.00533, 1.96667, 0.328], "texture": "#0"},
				"down": {"uv": [0.00533, 0.00533, -0.01, -0.01], "texture": "#0"}
			}
		},
		{
			"name": "bone",
			"from": [5.05, 0.1, 7.5],
			"to": [5.05, 3.2, 8.5],
			"rotation": {"angle": 0, "axis": "y", "origin": [8, 0, 8]},
			"faces": {
				"north": {"uv": [0.01, 0.01, 0.01, 0.01], "texture": "#0"},
				"east": {"uv": [2.33867, 1.7, 2.66133, 0.672], "texture": "#0"},
				"south": {"uv": [0.01, 0.01, 0.01, 0.01], "texture": "#0"},
				"west": {"uv": [2.33867, 1.7, 2.66133, 0.672], "texture": "#0"},
				"up": {"uv": [0.00533, 0.00533, 1.96667, 0.328], "texture": "#0"},
				"down": {"uv": [0.00533, 0.00533, -0.01, -0.01], "texture": "#0"}
			}
		},
		{
			"name": "bone",
			"from": [5.05, 3.2, 7.5],
			"to": [10.95, 3.2, 8.5],
			"rotation": {"angle": 0, "axis": "y", "origin": [8, 0, 8]},
			"faces": {
				"north": {"uv": [0.01, 0.01, 0.01, 0.01], "texture": "#0"},
				"east": {"uv": [2.33867, 1.7, 2.66133, 0.672], "texture": "#0"},
				"south": {"uv": [0.01, 0.01, 0.01, 0.01], "texture": "#0"},
				"west": {"uv": [2.33867, 1.7, 2.66133, 0.672], "texture": "#0"},
				"up": {"uv": [0.00533, 0.00533, 1.96667, 0.328], "texture": "#0"},
				"down": {"uv": [0.00533, 0.00533, -0.01, -0.01], "texture": "#0"}
			}
		},
		{
			"name": "bone",
			"from": [6.95, 3.1488, 5.73714],
			"to": [7.95, 3.1488, 6.73714],
			"rotation": {"angle": 22.5, "axis": "x", "origin": [8, 0, 8]},
			"faces": {
				"north": {"uv": [0.01, 0.01, 0.01, 0.01], "texture": "#0"},
				"east": {"uv": [0.01, 0.01, 0.01, 0.01], "texture": "#0"},
				"south": {"uv": [0.01, 0.01, 0.01, 0.01], "texture": "#0"},
				"west": {"uv": [0.01, 0.01, 0.01, 0.01], "texture": "#0"},
				"up": {"uv": [2.672, 2.33867, 2.99467, 2.66133], "texture": "#0"},
				"down": {"uv": [2.672, 2.33867, 2.99467, 2.66133], "texture": "#0"}
			}
		},
		{
			"name": "bone",
			"from": [7.95, 3.3488, 6.73714],
			"to": [8.95, 3.3488, 7.73714],
			"rotation": {"angle": 22.5, "axis": "x", "origin": [8, 0, 8]},
			"faces": {
				"north": {"uv": [0.01, 0.01, 0.01, 0.01], "texture": "#0"},
				"east": {"uv": [0.01, 0.01, 0.01, 0.01], "texture": "#0"},
				"south": {"uv": [0.01, 0.01, 0.01, 0.01], "texture": "#0"},
				"west": {"uv": [0.01, 0.01, 0.01, 0.01], "texture": "#0"},
				"up": {"uv": [2.00533, 1.33867, 2.328, 1.66133], "texture": "#0"},
				"down": {"uv": [2.00533, 1.33867, 2.328, 1.66133], "texture": "#0"}
			}
		},
		{
			"name": "macaron5",
			"from": [6.11, 0.36, 7],
			"to": [6.51, 2.36, 9],
			"rotation": {"angle": 0, "axis": "y", "origin": [8, 0, 8]},
			"faces": {
				"north": {"uv": [12.98933, 5.344, 12.344, 5.98933], "texture": "#0"},
				"east": {"uv": [12.98933, 5.344, 12.344, 5.98933], "texture": "#0"},
				"south": {"uv": [12.98933, 5.344, 12.344, 5.98933], "texture": "#0"},
				"west": {"uv": [12.98933, 5.344, 12.344, 5.98933], "texture": "#0"},
				"up": {"uv": [12.98933, 5.344, 12.344, 5.98933], "texture": "#0"},
				"down": {"uv": [12.98933, 5.344, 12.344, 5.98933], "texture": "#0"}
			}
		},
		{
			"name": "macarontop5",
			"from": [5.91, 0.26, 6.9],
			"to": [6.21, 2.46, 9.1],
			"rotation": {"angle": 0, "axis": "y", "origin": [8, 0, 8]},
			"faces": {
				"north": {"uv": [10.67733, 6.656, 10.98933, 6.01067], "texture": "#0"},
				"east": {"uv": [11.98933, 5.98933, 11.344, 5.344], "texture": "#0"},
				"south": {"uv": [10.67733, 6.01067, 10.98933, 6.656], "texture": "#0"},
				"west": {"uv": [11.98933, 5.98933, 11.344, 5.344], "texture": "#0"},
				"up": {"uv": [10.67733, 6.01067, 10.98933, 6.656], "texture": "#0"},
				"down": {"uv": [10.67733, 6.01067, 10.98933, 6.656], "texture": "#0"}
			}
		},
		{
			"name": "macarontop5",
			"from": [5.61, 0.36, 7],
			"to": [6.01, 2.36, 9],
			"rotation": {"angle": 0, "axis": "y", "origin": [8, 0, 8]},
			"faces": {
				"north": {"uv": [11.344, 7.344, 11.656, 7.98933], "texture": "#0"},
				"east": {"uv": [12.656, 5.344, 12.01067, 5.98933], "texture": "#0"},
				"south": {"uv": [10.67733, 6.656, 10.98933, 6.01067], "texture": "#0"},
				"west": {"uv": [11.98933, 5.98933, 11.344, 5.344], "texture": "#0"},
				"up": {"uv": [12.01067, 8.01067, 12.32267, 8.656], "texture": "#0"},
				"down": {"uv": [10.67733, 6.656, 10.98933, 6.01067], "texture": "#0"}
			}
		},
		{
			"name": "macaronbottom5",
			"from": [6.51, 0.26, 6.9],
			"to": [6.81, 2.46, 9.1],
			"rotation": {"angle": 0, "axis": "y", "origin": [8, 0, 8]},
			"faces": {
				"north": {"uv": [12.01067, 8.656, 12.32267, 8.01067], "texture": "#0"},
				"east": {"uv": [11.98933, 5.98933, 11.344, 5.344], "texture": "#0"},
				"south": {"uv": [11.01067, 7.344, 11.32267, 7.98933], "texture": "#0"},
				"west": {"uv": [11.98933, 5.98933, 11.344, 5.344], "texture": "#0"},
				"up": {"uv": [10.67733, 6.656, 10.98933, 6.01067], "texture": "#0"},
				"down": {"uv": [10.67733, 6.656, 10.98933, 6.01067], "texture": "#0"}
			}
		},
		{
			"name": "macaronbottom5",
			"from": [6.71, 0.36, 7],
			"to": [7.11, 2.36, 9],
			"rotation": {"angle": 0, "axis": "y", "origin": [8, 0, 8]},
			"faces": {
				"north": {"uv": [10.67733, 6.656, 10.98933, 6.01067], "texture": "#0"},
				"east": {"uv": [11.98933, 5.98933, 11.344, 5.344], "texture": "#0"},
				"south": {"uv": [10.67733, 6.01067, 10.98933, 6.656], "texture": "#0"},
				"west": {"uv": [11.98933, 5.98933, 11.344, 5.344], "texture": "#0"},
				"up": {"uv": [10.67733, 7.32267, 10.98933, 6.67733], "texture": "#0"},
				"down": {"uv": [10.67733, 6.01067, 10.98933, 6.656], "texture": "#0"}
			}
		},
		{
			"name": "macaron6",
			"from": [7.81, 0.36, 7],
			"to": [8.21, 2.36, 9],
			"rotation": {"angle": 0, "axis": "y", "origin": [8, 0, 8]},
			"faces": {
				"north": {"uv": [7.656, 5.344, 7.01067, 5.98933], "texture": "#0"},
				"east": {"uv": [7.656, 5.344, 7.01067, 5.98933], "texture": "#0"},
				"south": {"uv": [7.656, 5.344, 7.01067, 5.98933], "texture": "#0"},
				"west": {"uv": [7.656, 5.344, 7.01067, 5.98933], "texture": "#0"},
				"up": {"uv": [7.656, 5.344, 7.01067, 5.98933], "texture": "#0"},
				"down": {"uv": [7.656, 5.344, 7.01067, 5.98933], "texture": "#0"}
			}
		},
		{
			"name": "macarontop6",
			"from": [7.61, 0.26, 6.9],
			"to": [7.91, 2.46, 9.1],
			"rotation": {"angle": 0, "axis": "y", "origin": [8, 0, 8]},
			"faces": {
				"north": {"uv": [5.344, 6.98933, 5.656, 6.344], "texture": "#0"},
				"east": {"uv": [6.656, 5.98933, 6.01067, 5.344], "texture": "#0"},
				"south": {"uv": [7.67733, 8.656, 7.98933, 8.01067], "texture": "#0"},
				"west": {"uv": [6.656, 5.98933, 6.01067, 5.344], "texture": "#0"},
				"up": {"uv": [6.844, 8.32267, 7.156, 7.67733], "texture": "#0"},
				"down": {"uv": [7.67733, 8.01067, 7.98933, 8.656], "texture": "#0"}
			}
		},
		{
			"name": "macarontop6",
			"from": [7.31, 0.36, 7],
			"to": [7.71, 2.36, 9],
			"rotation": {"angle": 0, "axis": "y", "origin": [8, 0, 8]},
			"faces": {
				"north": {"uv": [7.67733, 8.01067, 7.98933, 8.656], "texture": "#0"},
				"east": {"uv": [7.32267, 5.344, 6.67733, 5.98933], "texture": "#0"},
				"south": {"uv": [5.344, 6.344, 5.656, 6.98933], "texture": "#0"},
				"west": {"uv": [6.656, 5.98933, 6.01067, 5.344], "texture": "#0"},
				"up": {"uv": [5.344, 6.98933, 5.656, 6.344], "texture": "#0"},
				"down": {"uv": [7.67733, 8.656, 7.98933, 8.01067], "texture": "#0"}
			}
		},
		{
			"name": "macaronbottom6",
			"from": [8.21, 0.26, 6.9],
			"to": [8.51, 2.46, 9.1],
			"rotation": {"angle": 0, "axis": "y", "origin": [8, 0, 8]},
			"faces": {
				"north": {"uv": [5.344, 6.344, 5.656, 6.98933], "texture": "#0"},
				"east": {"uv": [6.656, 5.98933, 6.01067, 5.344], "texture": "#0"},
				"south": {"uv": [5.67733, 7.01067, 5.98933, 7.656], "texture": "#0"},
				"west": {"uv": [6.656, 5.98933, 6.01067, 5.344], "texture": "#0"},
				"up": {"uv": [7.344, 8.01067, 7.656, 8.656], "texture": "#0"},
				"down": {"uv": [7.344, 8.01067, 7.656, 8.656], "texture": "#0"}
			}
		},
		{
			"name": "macaronbottom6",
			"from": [8.41, 0.36, 7],
			"to": [8.81, 2.36, 9],
			"rotation": {"angle": 0, "axis": "y", "origin": [8, 0, 8]},
			"faces": {
				"north": {"uv": [7.344, 8.01067, 7.656, 8.656], "texture": "#0"},
				"east": {"uv": [6.656, 5.98933, 6.01067, 5.344], "texture": "#0"},
				"south": {"uv": [7.344, 8.01067, 7.656, 8.656], "texture": "#0"},
				"west": {"uv": [6.656, 5.98933, 6.01067, 5.344], "texture": "#0"},
				"up": {"uv": [5.344, 6.344, 5.656, 6.98933], "texture": "#0"},
				"down": {"uv": [7.67733, 8.01067, 7.98933, 8.656], "texture": "#0"}
			}
		},
		{
			"name": "macaron",
			"from": [9.51, 0.36, 7],
			"to": [9.91, 2.36, 9],
			"rotation": {"angle": 0, "axis": "y", "origin": [8, 0, 8]},
			"faces": {
				"north": {"uv": [2.32267, 10.67733, 1.67733, 11.32267], "texture": "#0"},
				"east": {"uv": [2.32267, 10.67733, 1.67733, 11.32267], "texture": "#0"},
				"south": {"uv": [2.32267, 10.67733, 1.67733, 11.32267], "texture": "#0"},
				"west": {"uv": [2.32267, 10.67733, 1.67733, 11.32267], "texture": "#0"},
				"up": {"uv": [2.32267, 10.67733, 1.67733, 11.32267], "texture": "#0"},
				"down": {"uv": [2.32267, 10.67733, 1.67733, 11.32267], "texture": "#0"}
			}
		},
		{
			"name": "macarontop",
			"from": [9.31, 0.26, 6.9],
			"to": [9.61, 2.46, 9.1],
			"rotation": {"angle": 0, "axis": "y", "origin": [8, 0, 8]},
			"faces": {
				"north": {"uv": [0.344, 12.48933, 0.656, 11.844], "texture": "#0"},
				"east": {"uv": [1.32267, 11.32267, 0.67733, 10.67733], "texture": "#0"},
				"south": {"uv": [1.344, 13.98933, 1.656, 13.344], "texture": "#0"},
				"west": {"uv": [1.32267, 11.32267, 0.67733, 10.67733], "texture": "#0"},
				"up": {"uv": [1.344, 13.98933, 1.656, 13.344], "texture": "#0"},
				"down": {"uv": [1.344, 13.98933, 1.656, 13.344], "texture": "#0"}
			}
		},
		{
			"name": "macarontop",
			"from": [9.01, 0.36, 7],
			"to": [9.41, 2.36, 9],
			"rotation": {"angle": 0, "axis": "y", "origin": [8, 0, 8]},
			"faces": {
				"north": {"uv": [0.67733, 12.82267, 0.98933, 12.17733], "texture": "#0"},
				"east": {"uv": [1.98933, 10.67733, 1.344, 11.32267], "texture": "#0"},
				"south": {"uv": [0.67733, 13.32267, 0.98933, 12.67733], "texture": "#0"},
				"west": {"uv": [1.32267, 11.32267, 0.67733, 10.67733], "texture": "#0"},
				"up": {"uv": [0.67733, 12.17733, 0.98933, 12.82267], "texture": "#0"},
				"down": {"uv": [0.344, 12.48933, 0.656, 11.844], "texture": "#0"}
			}
		},
		{
			"name": "macaronbottom",
			"from": [9.91, 0.26, 6.9],
			"to": [10.21, 2.46, 9.1],
			"rotation": {"angle": 0, "axis": "y", "origin": [8, 0, 8]},
			"faces": {
				"north": {"uv": [1.344, 13.98933, 1.656, 13.344], "texture": "#0"},
				"east": {"uv": [1.32267, 11.32267, 0.67733, 10.67733], "texture": "#0"},
				"south": {"uv": [0.67733, 12.17733, 0.98933, 12.82267], "texture": "#0"},
				"west": {"uv": [1.32267, 11.32267, 0.67733, 10.67733], "texture": "#0"},
				"up": {"uv": [0.344, 12.48933, 0.656, 11.844], "texture": "#0"},
				"down": {"uv": [0.67733, 13.32267, 0.98933, 12.67733], "texture": "#0"}
			}
		},
		{
			"name": "macaronbottom",
			"from": [10.11, 0.36, 7],
			"to": [10.51, 2.36, 9],
			"rotation": {"angle": 0, "axis": "y", "origin": [8, 0, 8]},
			"faces": {
				"north": {"uv": [0.344, 12.48933, 0.656, 11.844], "texture": "#0"},
				"east": {"uv": [1.32267, 11.32267, 0.67733, 10.67733], "texture": "#0"},
				"south": {"uv": [0.67733, 12.67733, 0.98933, 13.32267], "texture": "#0"},
				"west": {"uv": [1.32267, 11.32267, 0.67733, 10.67733], "texture": "#0"},
				"up": {"uv": [0.67733, 12.67733, 0.98933, 13.32267], "texture": "#0"},
				"down": {"uv": [0.67733, 12.67733, 0.98933, 13.32267], "texture": "#0"}
			}
		}
	],
	"display": {
		"thirdperson_righthand": {
			"rotation": [70, -180, 0],
			"translation": [-1, 3.5, 7.25]
		},
		"firstperson_righthand": {
			"translation": [0, 6.25, 0]
		},
		"ground": {
			"translation": [0, 4, 0]
		},
		"gui": {
			"rotation": [24, 24, 0],
			"translation": [0, 5, 0]
		},
		"fixed": {
			"rotation": [-90, 0, 0],
			"translation": [0, 0, -15],
			"scale": [2, 2, 2]
		}
	},
	"groups": [
		{
			"name": "bone",
			"origin": [0, 0, 0],
			"color": 0,
			"children": [0, 1, 2, 3, 4, 5]
		},
		{
			"name": "macaron5",
			"origin": [-2.75, 0, 0],
			"color": 1,
			"children": [
				6,
				{
					"name": "macarontop5",
					"origin": [-2.75, 1.5, 0],
					"color": 2,
					"children": [7, 8]
				},
				{
					"name": "macaronbottom5",
					"origin": [-2.75, 0, 0],
					"color": 3,
					"children": [9, 10]
				}
			]
		},
		{
			"name": "macaron6",
			"origin": [-2.75, 0, 0],
			"color": 4,
			"children": [
				11,
				{
					"name": "macarontop6",
					"origin": [-2.75, 1.5, 0],
					"color": 5,
					"children": [12, 13]
				},
				{
					"name": "macaronbottom6",
					"origin": [-2.75, 0, 0],
					"color": 6,
					"children": [14, 15]
				}
			]
		},
		{
			"name": "macaron",
			"origin": [-2.75, 0, 0],
			"color": 7,
			"children": [
				16,
				{
					"name": "macarontop",
					"origin": [-2.75, 1.5, 0],
					"color": 8,
					"children": [17, 18]
				},
				{
					"name": "macaronbottom",
					"origin": [-2.75, 0, 0],
					"color": 9,
					"children": [19, 20]
				}
			]
		}
	]
}