{
	"credit": "Made with Blockbench",
	"texture_size": [96, 96],
	"textures": {
		"0": "block/macaronbox1"
	},
	"elements": [
		{
			"name": "bone",
			"from": [5.25, 0.1, 6.5],
			"to": [10.75, 3.1, 9.5],
			"rotation": {"angle": 0, "axis": "y", "origin": [8, 0, 8]},
			"faces": {
				"north": {"uv": [10.33867, 10.672, 11.99467, 11.66133], "texture": "#0"},
				"east": {"uv": [9.00533, 11.672, 9.99467, 12.66133], "texture": "#0"},
				"south": {"uv": [10.33867, 10.672, 11.99467, 11.66133], "texture": "#0"},
				"west": {"uv": [9.00533, 11.672, 9.99467, 12.66133], "texture": "#0"},
				"up": {"uv": [10.33867, 11.672, 11.99467, 12.66133], "texture": "#0"},
				"down": {"uv": [8.99467, 13.672, 5.33867, 14.66133], "texture": "#0"}
			}
		},
		{
			"name": "bone",
			"from": [10.95, 0.1, 7.5],
			"to": [10.95, 3.2, 8.5],
			"rotation": {"angle": 0, "axis": "y", "origin": [8, 0, 8]},
			"faces": {
				"north": {"uv": [0, 0, 0, 0], "texture": "#0"},
				"east": {"uv": [2.33867, 1.7, 2.66133, 0.672], "texture": "#0"},
				"south": {"uv": [0, 0, 0, 0], "texture": "#0"},
				"west": {"uv": [2.33867, 1.7, 2.66133, 0.672], "texture": "#0"},
				"up": {"uv": [0.00533, 0.00533, 1.96667, 0.328], "texture": "#0"},
				"down": {"uv": [0.00533, 0.00533, 0.00533, 0.00533], "texture": "#0"}
			}
		},
		{
			"name": "bone",
			"from": [5.05, 0.1, 7.5],
			"to": [5.05, 3.2, 8.5],
			"rotation": {"angle": 0, "axis": "y", "origin": [8, 0, 8]},
			"faces": {
				"north": {"uv": [0, 0, 0, 0], "texture": "#0"},
				"east": {"uv": [2.33867, 1.7, 2.66133, 0.672], "texture": "#0"},
				"south": {"uv": [0, 0, 0, 0], "texture": "#0"},
				"west": {"uv": [2.33867, 1.7, 2.66133, 0.672], "texture": "#0"},
				"up": {"uv": [0.00533, 0.00533, 1.96667, 0.328], "texture": "#0"},
				"down": {"uv": [0.00533, 0.00533, 0.00533, 0.00533], "texture": "#0"}
			}
		},
		{
			"name": "bone",
			"from": [5.05, 3.2, 7.5],
			"to": [10.95, 3.2, 8.5],
			"rotation": {"angle": 0, "axis": "y", "origin": [8, 0, 8]},
			"faces": {
				"north": {"uv": [0, 0, 0, 0], "texture": "#0"},
				"east": {"uv": [2.33867, 1.7, 2.66133, 0.672], "texture": "#0"},
				"south": {"uv": [0, 0, 0, 0], "texture": "#0"},
				"west": {"uv": [2.33867, 1.7, 2.66133, 0.672], "texture": "#0"},
				"up": {"uv": [0.00533, 0.00533, 1.96667, 0.328], "texture": "#0"},
				"down": {"uv": [0.00533, 0.00533, 0.00533, 0.00533], "texture": "#0"}
			}
		},
		{
			"name": "bone",
			"from": [6.95, 3.1488, 5.73714],
			"to": [7.95, 3.1488, 6.73714],
			"rotation": {"angle": 22.5, "axis": "x", "origin": [8, 0, 8]},
			"faces": {
				"north": {"uv": [0, 0, 0, 0], "texture": "#0"},
				"east": {"uv": [0, 0, 0, 0], "texture": "#0"},
				"south": {"uv": [0, 0, 0, 0], "texture": "#0"},
				"west": {"uv": [0, 0, 0, 0], "texture": "#0"},
				"up": {"uv": [2.672, 2.33867, 2.99467, 2.66133], "texture": "#0"},
				"down": {"uv": [2.672, 2.33867, 2.99467, 2.66133], "texture": "#0"}
			}
		},
		{
			"name": "bone",
			"from": [7.95, 3.3488, 6.73714],
			"to": [8.95, 3.3488, 7.73714],
			"rotation": {"angle": 22.5, "axis": "x", "origin": [8, 0, 8]},
			"faces": {
				"north": {"uv": [0, 0, 0, 0], "texture": "#0"},
				"east": {"uv": [0, 0, 0, 0], "texture": "#0"},
				"south": {"uv": [0, 0, 0, 0], "texture": "#0"},
				"west": {"uv": [0, 0, 0, 0], "texture": "#0"},
				"up": {"uv": [2.00533, 1.33867, 2.328, 1.66133], "texture": "#0"},
				"down": {"uv": [2.00533, 1.33867, 2.328, 1.66133], "texture": "#0"}
			}
		},
		{
			"name": "macaron2",
			"from": [6.01, 0.36, 7],
			"to": [6.41, 2.36, 9],
			"rotation": {"angle": 0, "axis": "y", "origin": [8, 0, 8]},
			"faces": {
				"north": {"uv": [7.656, 0.01067, 7.01067, 0.656], "texture": "#0"},
				"east": {"uv": [7.656, 0.01067, 7.01067, 0.656], "texture": "#0"},
				"south": {"uv": [7.656, 0.01067, 7.01067, 0.656], "texture": "#0"},
				"west": {"uv": [7.656, 0.01067, 7.01067, 0.656], "texture": "#0"},
				"up": {"uv": [7.656, 0.01067, 7.01067, 0.656], "texture": "#0"},
				"down": {"uv": [7.656, 0.01067, 7.01067, 0.656], "texture": "#0"}
			}
		},
		{
			"name": "macarontop2",
			"from": [5.81, 0.26, 6.9],
			"to": [6.11, 2.46, 9.1],
			"rotation": {"angle": 0, "axis": "y", "origin": [8, 0, 8]},
			"faces": {
				"north": {"uv": [5.67733, 1.16667, 5.98933, 1.812], "texture": "#0"},
				"east": {"uv": [6.656, 0.656, 6.01067, 0.01067], "texture": "#0"},
				"south": {"uv": [5.67733, 1.812, 5.98933, 1.16667], "texture": "#0"},
				"west": {"uv": [6.656, 0.656, 6.01067, 0.01067], "texture": "#0"},
				"up": {"uv": [5.67733, 1.812, 5.98933, 1.16667], "texture": "#0"},
				"down": {"uv": [5.344, 0.64533, 5.656, 0], "texture": "#0"}
			}
		},
		{
			"name": "macarontop2",
			"from": [5.51, 0.36, 7],
			"to": [5.91, 2.36, 9],
			"rotation": {"angle": 0, "axis": "y", "origin": [8, 0, 8]},
			"faces": {
				"north": {"uv": [5.67733, 1.812, 5.98933, 1.16667], "texture": "#0"},
				"east": {"uv": [7.32267, 0.01067, 6.67733, 0.656], "texture": "#0"},
				"south": {"uv": [5.67733, 1.16667, 5.98933, 1.812], "texture": "#0"},
				"west": {"uv": [6.656, 0.656, 6.01067, 0.01067], "texture": "#0"},
				"up": {"uv": [6.01067, 2.01067, 6.32267, 2.656], "texture": "#0"},
				"down": {"uv": [5.67733, 1.812, 5.98933, 1.16667], "texture": "#0"}
			}
		},
		{
			"name": "macaronbottom2",
			"from": [6.41, 0.26, 6.9],
			"to": [6.71, 2.46, 9.1],
			"rotation": {"angle": 0, "axis": "y", "origin": [8, 0, 8]},
			"faces": {
				"north": {"uv": [5.67733, 1.812, 5.98933, 1.16667], "texture": "#0"},
				"east": {"uv": [6.656, 0.656, 6.01067, 0.01067], "texture": "#0"},
				"south": {"uv": [5.67733, 1.16667, 5.98933, 1.812], "texture": "#0"},
				"west": {"uv": [6.656, 0.656, 6.01067, 0.01067], "texture": "#0"},
				"up": {"uv": [6.67733, 2.67733, 7.32267, 2.98933], "texture": "#0"},
				"down": {"uv": [5.67733, 1.16667, 5.98933, 1.812], "texture": "#0"}
			}
		},
		{
			"name": "macaronbottom2",
			"from": [6.61, 0.36, 7],
			"to": [7.01, 2.36, 9],
			"rotation": {"angle": 0, "axis": "y", "origin": [8, 0, 8]},
			"faces": {
				"north": {"uv": [5.67733, 1.16667, 5.98933, 1.812], "texture": "#0"},
				"east": {"uv": [6.656, 0.656, 6.01067, 0.01067], "texture": "#0"},
				"south": {"uv": [5.67733, 1.812, 5.98933, 1.16667], "texture": "#0"},
				"west": {"uv": [6.656, 0.656, 6.01067, 0.01067], "texture": "#0"},
				"up": {"uv": [5.67733, 1.812, 5.98933, 1.16667], "texture": "#0"},
				"down": {"uv": [5.67733, 1.812, 5.98933, 1.16667], "texture": "#0"}
			}
		},
		{
			"name": "macaron3",
			"from": [7.71, 0.36, 7],
			"to": [8.11, 2.36, 9],
			"rotation": {"angle": 0, "axis": "y", "origin": [8, 0, 8]},
			"faces": {
				"north": {"uv": [12.98933, 0.01067, 12.344, 0.656], "texture": "#0"},
				"east": {"uv": [12.98933, 0.01067, 12.344, 0.656], "texture": "#0"},
				"south": {"uv": [12.98933, 0.01067, 12.344, 0.656], "texture": "#0"},
				"west": {"uv": [12.98933, 0.01067, 12.344, 0.656], "texture": "#0"},
				"up": {"uv": [12.98933, 0.01067, 12.344, 0.656], "texture": "#0"},
				"down": {"uv": [12.98933, 0.01067, 12.344, 0.656], "texture": "#0"}
			}
		},
		{
			"name": "macarontop3",
			"from": [7.51, 0.26, 6.9],
			"to": [7.81, 2.46, 9.1],
			"rotation": {"angle": 0, "axis": "y", "origin": [8, 0, 8]},
			"faces": {
				"north": {"uv": [10.67733, 1.97867, 10.98933, 1.33333], "texture": "#0"},
				"east": {"uv": [11.98933, 0.656, 11.344, 0.01067], "texture": "#0"},
				"south": {"uv": [11.32267, 1.33333, 11.01067, 1.97867], "texture": "#0"},
				"west": {"uv": [11.98933, 0.656, 11.344, 0.01067], "texture": "#0"},
				"up": {"uv": [10.67733, 1.33333, 10.98933, 1.97867], "texture": "#0"},
				"down": {"uv": [10.67733, 1.33333, 10.98933, 1.97867], "texture": "#0"}
			}
		},
		{
			"name": "macarontop3",
			"from": [7.21, 0.36, 7],
			"to": [7.61, 2.36, 9],
			"rotation": {"angle": 0, "axis": "y", "origin": [8, 0, 8]},
			"faces": {
				"north": {"uv": [11.01067, 1.33333, 11.32267, 1.97867], "texture": "#0"},
				"east": {"uv": [12.656, 0.01067, 12.01067, 0.656], "texture": "#0"},
				"south": {"uv": [10.67733, 1.97867, 10.98933, 1.33333], "texture": "#0"},
				"west": {"uv": [11.98933, 0.656, 11.344, 0.01067], "texture": "#0"},
				"up": {"uv": [11.01067, 1.97867, 11.32267, 1.33333], "texture": "#0"},
				"down": {"uv": [11.01067, 1.97867, 11.32267, 1.33333], "texture": "#0"}
			}
		},
		{
			"name": "macaronbottom3",
			"from": [8.11, 0.26, 6.9],
			"to": [8.41, 2.46, 9.1],
			"rotation": {"angle": 0, "axis": "y", "origin": [8, 0, 8]},
			"faces": {
				"north": {"uv": [11.01067, 1.33333, 11.32267, 1.97867], "texture": "#0"},
				"east": {"uv": [11.98933, 0.656, 11.344, 0.01067], "texture": "#0"},
				"south": {"uv": [10.67733, 1.14533, 10.98933, 0.5], "texture": "#0"},
				"west": {"uv": [11.98933, 0.656, 11.344, 0.01067], "texture": "#0"},
				"up": {"uv": [10.67733, 1.97867, 10.98933, 1.33333], "texture": "#0"},
				"down": {"uv": [11.01067, 1.97867, 11.32267, 1.33333], "texture": "#0"}
			}
		},
		{
			"name": "macaronbottom3",
			"from": [8.31, 0.36, 7],
			"to": [8.71, 2.36, 9],
			"rotation": {"angle": 0, "axis": "y", "origin": [8, 0, 8]},
			"faces": {
				"north": {"uv": [10.67733, 1.97867, 10.98933, 1.33333], "texture": "#0"},
				"east": {"uv": [11.98933, 0.656, 11.344, 0.01067], "texture": "#0"},
				"south": {"uv": [10.67733, 0.5, 10.98933, 1.14533], "texture": "#0"},
				"west": {"uv": [11.98933, 0.656, 11.344, 0.01067], "texture": "#0"},
				"up": {"uv": [10.67733, 0.5, 10.98933, 1.14533], "texture": "#0"},
				"down": {"uv": [10.67733, 1.33333, 10.98933, 1.97867], "texture": "#0"}
			}
		},
		{
			"name": "macaron4",
			"from": [9.41, 0.36, 7],
			"to": [9.81, 2.36, 9],
			"rotation": {"angle": 0, "axis": "y", "origin": [8, 0, 8]},
			"faces": {
				"north": {"uv": [2.32267, 5.344, 1.67733, 5.98933], "texture": "#0"},
				"east": {"uv": [2.32267, 5.344, 1.67733, 5.98933], "texture": "#0"},
				"south": {"uv": [2.32267, 5.344, 1.67733, 5.98933], "texture": "#0"},
				"west": {"uv": [2.32267, 5.344, 1.67733, 5.98933], "texture": "#0"},
				"up": {"uv": [2.32267, 5.344, 1.67733, 5.98933], "texture": "#0"},
				"down": {"uv": [2.32267, 5.344, 1.67733, 5.98933], "texture": "#0"}
			}
		},
		{
			"name": "macarontop4",
			"from": [9.21, 0.26, 6.9],
			"to": [9.51, 2.46, 9.1],
			"rotation": {"angle": 0, "axis": "y", "origin": [8, 0, 8]},
			"faces": {
				"north": {"uv": [0.33333, 6.5, 0.64533, 7.14533], "texture": "#0"},
				"east": {"uv": [1.32267, 5.98933, 0.67733, 5.344], "texture": "#0"},
				"south": {"uv": [0.344, 6.01067, 0.656, 6.656], "texture": "#0"},
				"west": {"uv": [1.32267, 5.98933, 0.67733, 5.344], "texture": "#0"},
				"up": {"uv": [0.344, 6.01067, 0.656, 6.656], "texture": "#0"},
				"down": {"uv": [0.344, 6.01067, 0.656, 6.656], "texture": "#0"}
			}
		},
		{
			"name": "macarontop4",
			"from": [8.91, 0.36, 7],
			"to": [9.31, 2.36, 9],
			"rotation": {"angle": 0, "axis": "y", "origin": [8, 0, 8]},
			"faces": {
				"north": {"uv": [0.344, 6.01067, 0.656, 6.656], "texture": "#0"},
				"east": {"uv": [1.98933, 5.344, 1.344, 5.98933], "texture": "#0"},
				"south": {"uv": [0.33333, 7.312, 0.64533, 6.66667], "texture": "#0"},
				"west": {"uv": [1.32267, 5.98933, 0.67733, 5.344], "texture": "#0"},
				"up": {"uv": [0, 5.66667, 0.312, 6.312], "texture": "#0"},
				"down": {"uv": [0.33333, 6.5, 0.64533, 7.14533], "texture": "#0"}
			}
		},
		{
			"name": "macaronbottom4",
			"from": [9.81, 0.26, 6.9],
			"to": [10.11, 2.46, 9.1],
			"rotation": {"angle": 0, "axis": "y", "origin": [8, 0, 8]},
			"faces": {
				"north": {"uv": [0.33333, 7.14533, 0.64533, 6.5], "texture": "#0"},
				"east": {"uv": [1.32267, 5.98933, 0.67733, 5.344], "texture": "#0"},
				"south": {"uv": [0.33333, 6.5, 0.64533, 7.14533], "texture": "#0"},
				"west": {"uv": [0.344, 6.01067, 0.656, 6.656], "texture": "#0"},
				"up": {"uv": [0, 5.66667, 0.312, 6.312], "texture": "#0"},
				"down": {"uv": [0.33333, 6.5, 0.64533, 7.14533], "texture": "#0"}
			}
		},
		{
			"name": "macaronbottom4",
			"from": [10.01, 0.36, 7],
			"to": [10.41, 2.36, 9],
			"rotation": {"angle": 0, "axis": "y", "origin": [8, 0, 8]},
			"faces": {
				"north": {"uv": [0.33333, 6.5, 0.64533, 7.14533], "texture": "#0"},
				"east": {"uv": [1.32267, 5.98933, 0.67733, 5.344], "texture": "#0"},
				"south": {"uv": [0.33333, 6.66667, 0.64533, 7.312], "texture": "#0"},
				"west": {"uv": [1.32267, 5.98933, 0.67733, 5.344], "texture": "#0"},
				"up": {"uv": [0.344, 6.01067, 0.656, 6.656], "texture": "#0"},
				"down": {"uv": [0.344, 6.01067, 0.656, 6.656], "texture": "#0"}
			}
		}
	],
	"display": {
		"thirdperson_righthand": {
			"rotation": [70, -180, 0],
			"translation": [-1, 3.5, 7.25]
		},
		"firstperson_righthand": {
			"translation": [0, 6.25, 0]
		},
		"ground": {
			"translation": [0, 4, 0]
		},
		"gui": {
			"rotation": [24, 24, 0],
			"translation": [0, 5, 0]
		},
		"fixed": {
			"rotation": [-90, 0, 0],
			"translation": [0, 0, -15],
			"scale": [2, 2, 2]
		}
	},
	"groups": [
		{
			"name": "bone",
			"origin": [0, 0, 0],
			"color": 0,
			"children": [0, 1, 2, 3, 4, 5]
		},
		{
			"name": "macarons",
			"origin": [0, 0, 0],
			"color": 1,
			"children": [
				{
					"name": "macaron2",
					"origin": [0, 0, 0],
					"color": 2,
					"children": [
						6,
						{
							"name": "macarontop2",
							"origin": [0, 1.5, 0],
							"color": 3,
							"children": [7, 8]
						},
						{
							"name": "macaronbottom2",
							"origin": [0, 0, 0],
							"color": 4,
							"children": [9, 10]
						}
					]
				},
				{
					"name": "macaron3",
					"origin": [0, 0, 0],
					"color": 5,
					"children": [
						11,
						{
							"name": "macarontop3",
							"origin": [0, 1.5, 0],
							"color": 6,
							"children": [12, 13]
						},
						{
							"name": "macaronbottom3",
							"origin": [0, 0, 0],
							"color": 7,
							"children": [14, 15]
						}
					]
				},
				{
					"name": "macaron4",
					"origin": [0, 0, 0],
					"color": 8,
					"children": [
						16,
						{
							"name": "macarontop4",
							"origin": [0, 1.5, 0],
							"color": 9,
							"children": [17, 18]
						},
						{
							"name": "macaronbottom4",
							"origin": [0, 0, 0],
							"color": 0,
							"children": [19, 20]
						}
					]
				}
			]
		}
	]
}