{
	"credit": "Made with Blockbench",
	"texture_size": [32, 32],
	"textures": {
		"1": "block/plate1cyan"
	},
	"elements": [
		{
			"name": "plate",
			"from": [5, 0, 5],
			"to": [11, 1, 11],
			"rotation": {"angle": 0, "axis": "y", "origin": [8, 0, 8]},
			"faces": {
				"north": {"uv": [3.03, 10.03, 5.97, 10.47], "texture": "#1"},
				"east": {"uv": [0.03, 10.03, 2.97, 10.47], "texture": "#1"},
				"south": {"uv": [9.03, 10.03, 11.97, 10.47], "texture": "#1"},
				"west": {"uv": [6.03, 10.03, 8.97, 10.47], "texture": "#1"},
				"up": {"uv": [5.97, 9.97, 3.03, 7.03], "texture": "#1"},
				"down": {"uv": [8.97, 7.03, 6.03, 9.97], "texture": "#1"}
			}
		},
		{
			"name": "plate",
			"from": [11, 0.4, 5],
			"to": [13, 1.4, 11],
			"rotation": {"angle": 0, "axis": "y", "origin": [8, 0, 8]},
			"faces": {
				"north": {"uv": [7.03, 15.53, 7.97, 15.97], "texture": "#1"},
				"east": {"uv": [4.03, 15.53, 6.97, 15.97], "texture": "#1"},
				"south": {"uv": [3.03, 15.53, 3.97, 15.97], "texture": "#1"},
				"west": {"uv": [0.03, 15.53, 2.97, 15.97], "texture": "#1"},
				"up": {"uv": [3.97, 15.47, 3.03, 12.53], "rotation": 180, "texture": "#1"},
				"down": {"uv": [4.97, 12.53, 4.03, 15.47], "rotation": 180, "texture": "#1"}
			}
		},
		{
			"name": "plate",
			"from": [3, 0.4, 3],
			"to": [13, 1.4, 5],
			"rotation": {"angle": 0, "axis": "y", "origin": [8, 0, 8]},
			"faces": {
				"north": {"uv": [11.03, 12.03, 15.97, 12.47], "texture": "#1"},
				"east": {"uv": [10.03, 12.03, 10.97, 12.47], "texture": "#1"},
				"south": {"uv": [5.03, 12.03, 9.97, 12.47], "texture": "#1"},
				"west": {"uv": [4.03, 12.03, 4.97, 12.47], "texture": "#1"},
				"up": {"uv": [9.97, 11.97, 5.03, 11.03], "rotation": 180, "texture": "#1"},
				"down": {"uv": [14.97, 11.03, 10.03, 11.97], "rotation": 180, "texture": "#1"}
			}
		},
		{
			"name": "plate",
			"from": [3, 0.4, 5],
			"to": [5, 1.4, 11],
			"rotation": {"angle": 0, "axis": "y", "origin": [8, 0, 8]},
			"faces": {
				"north": {"uv": [3.03, 15.53, 3.97, 15.97], "texture": "#1"},
				"east": {"uv": [0.03, 15.53, 2.97, 15.97], "texture": "#1"},
				"south": {"uv": [7.03, 15.53, 7.97, 15.97], "texture": "#1"},
				"west": {"uv": [4.03, 15.53, 6.97, 15.97], "texture": "#1"},
				"up": {"uv": [3.97, 15.47, 3.03, 12.53], "texture": "#1"},
				"down": {"uv": [4.97, 12.53, 4.03, 15.47], "texture": "#1"}
			}
		},
		{
			"name": "plate",
			"from": [3, 0.4, 11],
			"to": [13, 1.4, 13],
			"rotation": {"angle": 0, "axis": "y", "origin": [8, 0, 8]},
			"faces": {
				"north": {"uv": [5.03, 12.03, 9.97, 12.47], "texture": "#1"},
				"east": {"uv": [4.03, 12.03, 4.97, 12.47], "texture": "#1"},
				"south": {"uv": [11.03, 12.03, 15.97, 12.47], "texture": "#1"},
				"west": {"uv": [10.03, 12.03, 10.97, 12.47], "texture": "#1"},
				"up": {"uv": [9.97, 11.97, 5.03, 11.03], "texture": "#1"},
				"down": {"uv": [14.97, 11.03, 10.03, 11.97], "texture": "#1"}
			}
		}
	],
	"display": {
		"thirdperson_righthand": {
			"rotation": [83.76, -47.78, 2.75],
			"translation": [0, 4.75, 7.25]
		},
		"firstperson_righthand": {
			"rotation": [-3.56, 32.83, 6.55],
			"translation": [0.75, 3, -5.25]
		},
		"ground": {
			"translation": [0, 4, 0]
		},
		"gui": {
			"rotation": [90, 0, 0]
		},
		"fixed": {
			"rotation": [-90, 0, 0],
			"translation": [0, 0, -15],
			"scale": [2, 2, 2]
		}
	},
	"groups": [
		{
			"name": "plate",
			"origin": [0, 0, 0],
			"color": 0,
			"children": [0, 1, 2, 3, 4]
		}
	]
}