{
	"credit": "Made with Blockbench",
	"textures": {
		"0": "block/acacia_planks",
		"1": "block/stripped_acacia_log",
		"particle": "block/acacia_planks"
	},
	"elements": [
		{
			"from": [-7, 15.01, -15.999],
			"to": [8, 16.01, 0],
			"rotation": {"angle": 0, "axis": "y", "origin": [-7, 0, 0]},
			"faces": {
				"north": {"uv": [1, 0, 16, 1], "texture": "#0"},
				"east": {"uv": [0, 0, 16, 1], "texture": "#0"},
				"south": {"uv": [0, 0, 15, 1], "texture": "#0"},
				"west": {"uv": [0, 0, 16, 1], "texture": "#0"},
				"up": {"uv": [1, 0, 16, 16], "texture": "#0"},
				"down": {"uv": [0, 0, 15, 16], "texture": "#0"}
			}
		},
		{
			"from": [-7, 15.01, 0],
			"to": [8, 16.01, 16],
			"rotation": {"angle": 0, "axis": "y", "origin": [-7, 0, 0]},
			"faces": {
				"north": {"uv": [0, 0, 15, 1], "texture": "#0"},
				"east": {"uv": [0, 0, 16, 1], "texture": "#0"},
				"south": {"uv": [0, 0, 15, 1], "texture": "#0"},
				"west": {"uv": [0, 0, 16, 1], "texture": "#0"},
				"up": {"uv": [1, 0, 16, 16], "texture": "#0"},
				"down": {"uv": [0, 0, 15, 16], "texture": "#0"}
			}
		},
		{
			"from": [-7, 15.01, 16],
			"to": [8, 16.01, 31.999],
			"rotation": {"angle": 0, "axis": "y", "origin": [-7, 0, 0]},
			"faces": {
				"north": {"uv": [0, 0, 15, 1], "texture": "#0"},
				"east": {"uv": [0, 0, 16, 1], "texture": "#0"},
				"south": {"uv": [1, 0, 16, 1], "texture": "#0"},
				"west": {"uv": [0, 0, 16, 1], "texture": "#0"},
				"up": {"uv": [1, 0, 16, 16], "texture": "#0"},
				"down": {"uv": [0, 0, 15, 16], "texture": "#0"}
			}
		},
		{
			"from": [8, 15.01, 16],
			"to": [23, 16.01, 31.999],
			"rotation": {"angle": 0, "axis": "y", "origin": [-7, 0, 0]},
			"faces": {
				"north": {"uv": [0, 0, 15, 1], "texture": "#0"},
				"east": {"uv": [0, 0, 15.999, 1], "texture": "#0"},
				"south": {"uv": [0, 0, 15, 1], "texture": "#0"},
				"west": {"uv": [0, 0, 15.999, 1], "texture": "#0"},
				"up": {"uv": [0, 0, 15, 15.999], "texture": "#0"},
				"down": {"uv": [0, 0, 15, 15.999], "texture": "#0"}
			}
		},
		{
			"from": [8, 15.01, -15.999],
			"to": [23, 16.01, 0],
			"rotation": {"angle": 0, "axis": "y", "origin": [-7, 0, 0]},
			"faces": {
				"north": {"uv": [0, 0, 15, 1], "texture": "#0"},
				"east": {"uv": [0, 0, 15.999, 1], "texture": "#0"},
				"south": {"uv": [0, 0, 15, 1], "texture": "#0"},
				"west": {"uv": [0, 0, 15.999, 1], "texture": "#0"},
				"up": {"uv": [0, 0, 15, 15.999], "texture": "#0"},
				"down": {"uv": [0, 0, 15, 15.999], "texture": "#0"}
			}
		},
		{
			"from": [8, 15.01, 0],
			"to": [23, 16.01, 16],
			"rotation": {"angle": 0, "axis": "y", "origin": [-7, 0, 0]},
			"faces": {
				"north": {"uv": [0, 0, 15, 1], "texture": "#0"},
				"east": {"uv": [0, 0, 16, 1], "texture": "#0"},
				"south": {"uv": [0, 0, 15, 1], "texture": "#0"},
				"west": {"uv": [0, 0, 16, 1], "texture": "#0"},
				"up": {"uv": [0, 0, 15, 16], "texture": "#0"},
				"down": {"uv": [0, 0, 15, 16], "texture": "#0"}
			}
		},
		{
			"name": "almost top",
			"from": [-6, 13, 0],
			"to": [8, 16, 16],
			"rotation": {"angle": 0, "axis": "y", "origin": [-7, 0, -6]},
			"faces": {
				"north": {"uv": [0, 0, 14, 3], "texture": "#0"},
				"east": {"uv": [0, 0, 14, 3], "texture": "#0"},
				"south": {"uv": [0, 0, 14, 3], "texture": "#0"},
				"west": {"uv": [0, 0, 14, 3], "texture": "#0"},
				"up": {"uv": [0, 0, 14, 14], "texture": "#0"},
				"down": {"uv": [2, 0, 16, 16], "texture": "#0"}
			}
		},
		{
			"name": "almost top",
			"from": [8, 13, -15],
			"to": [22, 16, 0],
			"rotation": {"angle": 0, "axis": "y", "origin": [-7, 0, -6]},
			"faces": {
				"north": {"uv": [0, 0, 14, 3], "texture": "#0"},
				"east": {"uv": [0, 0, 14, 3], "texture": "#0"},
				"south": {"uv": [0, 0, 14, 3], "texture": "#0"},
				"west": {"uv": [0, 0, 14, 3], "texture": "#0"},
				"up": {"uv": [0, 0, 14, 14], "texture": "#0"},
				"down": {"uv": [0, 0, 14, 14], "texture": "#0"}
			}
		},
		{
			"name": "almost top",
			"from": [-6, 13, -15],
			"to": [8, 16, 0],
			"rotation": {"angle": 0, "axis": "y", "origin": [-7, 0, -6]},
			"faces": {
				"north": {"uv": [0, 0, 14, 3], "texture": "#0"},
				"east": {"uv": [0, 0, 14, 3], "texture": "#0"},
				"south": {"uv": [0, 0, 14, 3], "texture": "#0"},
				"west": {"uv": [0, 0, 14, 3], "texture": "#0"},
				"up": {"uv": [0, 0, 14, 14], "texture": "#0"},
				"down": {"uv": [0, 0, 14, 14], "texture": "#0"}
			}
		},
		{
			"name": "almost top",
			"from": [8, 13, 0],
			"to": [22, 16, 16],
			"rotation": {"angle": 0, "axis": "y", "origin": [-7, 0, -6]},
			"faces": {
				"north": {"uv": [0, 0, 14, 3], "texture": "#0"},
				"east": {"uv": [0, 0, 14, 3], "texture": "#0"},
				"south": {"uv": [0, 0, 14, 3], "texture": "#0"},
				"west": {"uv": [0, 0, 14, 3], "texture": "#0"},
				"up": {"uv": [0, 0, 14, 14], "texture": "#0"},
				"down": {"uv": [0, 0, 14, 16], "texture": "#0"}
			}
		},
		{
			"name": "almost top",
			"from": [8, 13, 16],
			"to": [22, 16, 31],
			"rotation": {"angle": 0, "axis": "y", "origin": [-7, 0, -6]},
			"faces": {
				"north": {"uv": [0, 0, 14, 3], "texture": "#0"},
				"east": {"uv": [0, 0, 14, 3], "texture": "#0"},
				"south": {"uv": [0, 0, 14, 3], "texture": "#0"},
				"west": {"uv": [0, 0, 14, 3], "texture": "#0"},
				"up": {"uv": [0, 0, 14, 14], "texture": "#0"},
				"down": {"uv": [0, 2, 14, 16], "texture": "#0"}
			}
		},
		{
			"name": "almost top",
			"from": [-6, 13, 16],
			"to": [8, 16, 31],
			"rotation": {"angle": 0, "axis": "y", "origin": [-7, 0, -6]},
			"faces": {
				"north": {"uv": [0, 0, 14, 3], "texture": "#0"},
				"east": {"uv": [0, 0, 14, 3], "texture": "#0"},
				"south": {"uv": [0, 0, 14, 3], "texture": "#0"},
				"west": {"uv": [0, 0, 14, 3], "texture": "#0"},
				"up": {"uv": [0, 0, 14, 14], "texture": "#0"},
				"down": {"uv": [0, 2, 14, 16], "texture": "#0"}
			}
		},
		{
			"name": "leg",
			"from": [-5, -0.25, -13.875],
			"to": [-3, 14, -11.875],
			"rotation": {"angle": 0, "axis": "y", "origin": [1, 0, 1.875]},
			"faces": {
				"north": {"uv": [0, 0, 2, 14.25], "texture": "#1"},
				"east": {"uv": [0, 0, 2, 14.25], "texture": "#1"},
				"south": {"uv": [0, 0, 2, 14.25], "texture": "#1"},
				"west": {"uv": [0, 0, 2, 14.25], "texture": "#1"},
				"up": {"uv": [0, 0, 2, 2], "texture": "#0"},
				"down": {"uv": [0, 0, 2, 2], "texture": "#1"}
			}
		},
		{
			"name": "leg",
			"from": [19, -0.25, 27.875],
			"to": [21, 14, 29.875],
			"rotation": {"angle": 0, "axis": "y", "origin": [1, 0, 1.875]},
			"faces": {
				"north": {"uv": [0, 0, 2, 14.25], "texture": "#1"},
				"east": {"uv": [0, 0, 2, 14.25], "texture": "#1"},
				"south": {"uv": [0, 0, 2, 14.25], "texture": "#1"},
				"west": {"uv": [0, 0, 2, 14.25], "texture": "#1"},
				"up": {"uv": [0, 0, 2, 2], "texture": "#0"},
				"down": {"uv": [0, 0, 2, 2], "texture": "#1"}
			}
		},
		{
			"name": "leg",
			"from": [-5, -0.25, 27.875],
			"to": [-3, 14, 29.875],
			"rotation": {"angle": 0, "axis": "y", "origin": [1, 0, 1.875]},
			"faces": {
				"north": {"uv": [0, 0, 2, 14.25], "texture": "#1"},
				"east": {"uv": [0, 0, 2, 14.25], "texture": "#1"},
				"south": {"uv": [0, 0, 2, 14.25], "texture": "#1"},
				"west": {"uv": [0, 0, 2, 14.25], "texture": "#1"},
				"up": {"uv": [0, 0, 2, 2], "texture": "#0"},
				"down": {"uv": [0, 0, 2, 2], "texture": "#1"}
			}
		},
		{
			"name": "leg",
			"from": [19, -0.25, -13.875],
			"to": [21, 14, -11.875],
			"rotation": {"angle": 0, "axis": "y", "origin": [1, 0, 1.875]},
			"faces": {
				"north": {"uv": [0, 0, 2, 14.25], "texture": "#1"},
				"east": {"uv": [0, 0, 2, 14.25], "texture": "#1"},
				"south": {"uv": [0, 0, 2, 14.25], "texture": "#1"},
				"west": {"uv": [0, 0, 2, 14.25], "texture": "#1"},
				"up": {"uv": [0, 0, 2, 2], "texture": "#0"},
				"down": {"uv": [0, 0, 2, 2], "texture": "#1"}
			}
		}
	],
	"display": {
		"thirdperson_righthand": {
			"scale": [0.3, 0.3, 0.3]
		},
		"thirdperson_lefthand": {
			"scale": [0.3, 0.3, 0.3]
		},
		"firstperson_righthand": {
			"scale": [0.3, 0.3, 0.3]
		},
		"firstperson_lefthand": {
			"scale": [0.3, 0.3, 0.3]
		},
		"ground": {
			"scale": [0.3, 0.3, 0.3]
		},
		"gui": {
			"rotation": [22, 43, 0],
			"translation": [0, -1, 0],
			"scale": [0.3, 0.3, 0.3]
		},
		"fixed": {
			"rotation": [-90, 0, 0],
			"translation": [0, 0, -14],
			"scale": [2, 2, 2]
		}
	},
	"groups": [
		{
			"name": "table",
			"origin": [-7, 0, -5.875],
			"color": 0,
			"children": [
				0,
				1,
				2,
				3,
				4,
				5,
				6,
				7,
				8,
				9,
				10,
				11,
				{
					"name": "legs",
					"origin": [1, 0, 2.125],
					"color": 0,
					"children": [12, 13, 14, 15]
				}
			]
		}
	]
}