{
	"credit": "Made with Blockbench",
	"textures": {
		"0": "block/acacia_planks",
		"1": "block/stripped_acacia_log",
		"particle": "block/acacia_planks"
	},
	"elements": [
		{
			"name": "top",
			"from": [-7, 15.01, -7],
			"to": [8, 16.01, 8],
			"rotation": {"angle": 0, "axis": "y", "origin": [-7, 0, -7]},
			"faces": {
				"north": {"uv": [0, 0, 15, 1], "texture": "#0"},
				"east": {"uv": [0, 0, 15, 1], "texture": "#0"},
				"south": {"uv": [0, 0, 15, 1], "texture": "#0"},
				"west": {"uv": [0, 0, 15, 1], "texture": "#0"},
				"up": {"uv": [1, 1, 16, 16], "texture": "#0"},
				"down": {"uv": [0, 0, 15, 15], "texture": "#0"}
			}
		},
		{
			"name": "top",
			"from": [8, 15.005, -7],
			"to": [23, 16.005, 8],
			"rotation": {"angle": 0, "axis": "y", "origin": [-7, 0, -7]},
			"faces": {
				"north": {"uv": [0, 0, 15, 1], "texture": "#0"},
				"east": {"uv": [0, 0, 15, 1], "texture": "#0"},
				"south": {"uv": [0, 0, 15, 1], "texture": "#0"},
				"west": {"uv": [0, 0, 15, 1], "texture": "#0"},
				"up": {"uv": [0, 1, 15, 16], "texture": "#0"},
				"down": {"uv": [0, 0, 15, 15], "texture": "#0"}
			}
		},
		{
			"name": "top",
			"from": [8, 15.005, 8],
			"to": [23, 16.005, 23],
			"rotation": {"angle": 0, "axis": "y", "origin": [-7, 0, -7]},
			"faces": {
				"north": {"uv": [0, 0, 15, 1], "texture": "#0"},
				"east": {"uv": [0, 0, 15, 1], "texture": "#0"},
				"south": {"uv": [0, 0, 15, 1], "texture": "#0"},
				"west": {"uv": [0, 0, 15, 1], "texture": "#0"},
				"up": {"uv": [0, 0, 15, 15], "texture": "#0"},
				"down": {"uv": [0, 0, 15, 15], "texture": "#0"}
			}
		},
		{
			"name": "top",
			"from": [-7, 15.005, 8],
			"to": [8, 16.005, 23],
			"rotation": {"angle": 0, "axis": "y", "origin": [-7, 0, -7]},
			"faces": {
				"north": {"uv": [0, 0, 15, 1], "texture": "#0"},
				"east": {"uv": [0, 0, 15, 1], "texture": "#0"},
				"south": {"uv": [0, 0, 15, 1], "texture": "#0"},
				"west": {"uv": [0, 0, 15, 1], "texture": "#0"},
				"up": {"uv": [1, 0, 16, 15], "texture": "#0"},
				"down": {"uv": [0, 0, 15, 15], "texture": "#0"}
			}
		},
		{
			"name": "almost top",
			"from": [-6, 13, -6],
			"to": [8, 16, 8],
			"rotation": {"angle": 0, "axis": "y", "origin": [-7, 0, -7]},
			"faces": {
				"north": {"uv": [0, 0, 14, 3], "texture": "#0"},
				"east": {"uv": [0, 0, 14, 3], "texture": "#0"},
				"south": {"uv": [0, 0, 14, 3], "texture": "#0"},
				"west": {"uv": [0, 0, 14, 3], "texture": "#0"},
				"up": {"uv": [0, 0, 14, 14], "texture": "#0"},
				"down": {"uv": [0, 0, 14, 14], "texture": "#0"}
			}
		},
		{
			"name": "almost top",
			"from": [8, 13, -6],
			"to": [22, 16, 8],
			"rotation": {"angle": 0, "axis": "y", "origin": [-7, 0, -7]},
			"faces": {
				"north": {"uv": [0, 0, 14, 3], "texture": "#0"},
				"east": {"uv": [0, 0, 14, 3], "texture": "#0"},
				"south": {"uv": [0, 0, 14, 3], "texture": "#0"},
				"west": {"uv": [0, 0, 14, 3], "texture": "#0"},
				"up": {"uv": [0, 0, 14, 14], "texture": "#0"},
				"down": {"uv": [0, 0, 14, 14], "texture": "#0"}
			}
		},
		{
			"name": "almost top",
			"from": [8, 13, 8],
			"to": [22, 16, 22],
			"rotation": {"angle": 0, "axis": "y", "origin": [-7, 0, -7]},
			"faces": {
				"north": {"uv": [0, 0, 14, 3], "texture": "#0"},
				"east": {"uv": [0, 0, 14, 3], "texture": "#0"},
				"south": {"uv": [0, 0, 14, 3], "texture": "#0"},
				"west": {"uv": [0, 0, 14, 3], "texture": "#0"},
				"up": {"uv": [0, 0, 14, 14], "texture": "#0"},
				"down": {"uv": [0, 2, 14, 16], "texture": "#0"}
			}
		},
		{
			"name": "almost top",
			"from": [-6, 13, 8],
			"to": [8, 16, 22],
			"rotation": {"angle": 0, "axis": "y", "origin": [-7, 0, -7]},
			"faces": {
				"north": {"uv": [0, 0, 14, 3], "texture": "#0"},
				"east": {"uv": [0, 0, 14, 3], "texture": "#0"},
				"south": {"uv": [0, 0, 14, 3], "texture": "#0"},
				"west": {"uv": [0, 0, 14, 3], "texture": "#0"},
				"up": {"uv": [0, 0, 14, 14], "texture": "#0"},
				"down": {"uv": [0, 2, 14, 16], "texture": "#0"}
			}
		},
		{
			"name": "leg",
			"from": [-5, -0.25, -5],
			"to": [-3, 14, -3],
			"rotation": {"angle": 0, "axis": "y", "origin": [1, 0, 1]},
			"faces": {
				"north": {"uv": [0, 0, 2, 14.25], "texture": "#1"},
				"east": {"uv": [0, 0, 2, 14.25], "texture": "#1"},
				"south": {"uv": [0, 0, 2, 14.25], "texture": "#1"},
				"west": {"uv": [0, 0, 2, 14.25], "texture": "#1"},
				"up": {"uv": [0, 0, 2, 2], "texture": "#0"},
				"down": {"uv": [0, 0, 2, 2], "texture": "#1"}
			}
		},
		{
			"name": "leg",
			"from": [19, -0.25, 19],
			"to": [21, 14, 21],
			"rotation": {"angle": 0, "axis": "y", "origin": [1, 0, 1]},
			"faces": {
				"north": {"uv": [0, 0, 2, 14.25], "texture": "#1"},
				"east": {"uv": [0, 0, 2, 14.25], "texture": "#1"},
				"south": {"uv": [0, 0, 2, 14.25], "texture": "#1"},
				"west": {"uv": [0, 0, 2, 14.25], "texture": "#1"},
				"up": {"uv": [0, 0, 2, 2], "texture": "#0"},
				"down": {"uv": [0, 0, 2, 2], "texture": "#1"}
			}
		},
		{
			"name": "leg",
			"from": [-5, -0.25, 19],
			"to": [-3, 14, 21],
			"rotation": {"angle": 0, "axis": "y", "origin": [1, 0, 1]},
			"faces": {
				"north": {"uv": [0, 0, 2, 14.25], "texture": "#1"},
				"east": {"uv": [0, 0, 2, 14.25], "texture": "#1"},
				"south": {"uv": [0, 0, 2, 14.25], "texture": "#1"},
				"west": {"uv": [0, 0, 2, 14.25], "texture": "#1"},
				"up": {"uv": [0, 0, 2, 2], "texture": "#0"},
				"down": {"uv": [0, 0, 2, 2], "texture": "#1"}
			}
		},
		{
			"name": "leg",
			"from": [19, -0.25, -5],
			"to": [21, 14, -3],
			"rotation": {"angle": 0, "axis": "y", "origin": [1, 0, 1]},
			"faces": {
				"north": {"uv": [0, 0, 2, 14.25], "texture": "#1"},
				"east": {"uv": [0, 0, 2, 14.25], "texture": "#1"},
				"south": {"uv": [0, 0, 2, 14.25], "texture": "#1"},
				"west": {"uv": [0, 0, 2, 14.25], "texture": "#1"},
				"up": {"uv": [0, 0, 2, 2], "texture": "#0"},
				"down": {"uv": [0, 0, 2, 2], "texture": "#1"}
			}
		}
	],
	"display": {
		"thirdperson_righthand": {
			"scale": [0.3, 0.3, 0.3]
		},
		"thirdperson_lefthand": {
			"scale": [0.3, 0.3, 0.3]
		},
		"firstperson_righthand": {
			"scale": [0.3, 0.3, 0.3]
		},
		"firstperson_lefthand": {
			"scale": [0.3, 0.3, 0.3]
		},
		"ground": {
			"scale": [0.3, 0.3, 0.3]
		},
		"gui": {
			"rotation": [22, 43, 0],
			"translation": [0, -1, 0],
			"scale": [0.3, 0.3, 0.3]
		},
		"fixed": {
			"rotation": [-90, 0, 0],
			"translation": [0, 0, -14],
			"scale": [2, 2, 2]
		}
	},
	"groups": [
		{
			"name": "table",
			"origin": [-7, 0, -7],
			"color": 0,
			"children": [
				0,
				1,
				2,
				3,
				4,
				5,
				6,
				7,
				{
					"name": "legs",
					"origin": [1, 0, 1],
					"color": 0,
					"children": [8, 9, 10, 11]
				}
			]
		}
	]
}