{
	"credit": "Made with Blockbench",
	"textures": {
		"0": "block/objects/paper",
		"1": "block/objects/notebook",
		"2": "block/objects/notebook rings",
		"3": "block/objects/pen",
		"4": "block/stripped_oak_log",
		"5": "block/oak_planks",
		"particle": "block/objects/paper"
	},
	"elements": [
		{
			"from": [1.5, 9, 4],
			"to": [9.5, 10, 12],
			"rotation": {"angle": 0, "axis": "y", "origin": [0, 0, 0.25]},
			"faces": {
				"north": {"uv": [0, 0, 8, 1], "texture": "#4"},
				"east": {"uv": [0, 0, 8, 1], "texture": "#4"},
				"south": {"uv": [0, 0, 8, 1], "texture": "#4"},
				"west": {"uv": [0, 0, 8, 1], "texture": "#4"},
				"up": {"uv": [0, 0, 8, 8], "texture": "#5"},
				"down": {"uv": [0, 0, 8, 8], "texture": "#4"}
			}
		},
		{
			"from": [0, 10, 2.5],
			"to": [11, 11, 13.5],
			"rotation": {"angle": 0, "axis": "y", "origin": [0, 0, 0.25]},
			"faces": {
				"north": {"uv": [0, 0, 11, 1], "texture": "#4"},
				"east": {"uv": [0, 0, 11, 1], "texture": "#4"},
				"south": {"uv": [0, 0, 11, 1], "texture": "#4"},
				"west": {"uv": [0, 0, 11, 1], "texture": "#4"},
				"up": {"uv": [0, 0, 11, 11], "texture": "#5"},
				"down": {"uv": [0, 0, 11, 11], "texture": "#4"}
			}
		},
		{
			"from": [1, 0, 3.5],
			"to": [2, 10, 4.5],
			"rotation": {"angle": 0, "axis": "y", "origin": [0, 0, 0.25]},
			"faces": {
				"north": {"uv": [0, 0, 1, 10], "texture": "#4"},
				"east": {"uv": [0, 0, 1, 10], "texture": "#4"},
				"south": {"uv": [0, 0, 1, 10], "texture": "#4"},
				"west": {"uv": [0, 0, 1, 10], "texture": "#4"},
				"up": {"uv": [0, 0, 1, 1], "texture": "#5"},
				"down": {"uv": [0, 0, 1, 1], "texture": "#4"}
			}
		},
		{
			"from": [9, 0, 3.5],
			"to": [10, 10, 4.5],
			"rotation": {"angle": 0, "axis": "y", "origin": [0, 0, 0.25]},
			"faces": {
				"north": {"uv": [0, 0, 1, 10], "texture": "#4"},
				"east": {"uv": [0, 0, 1, 10], "texture": "#4"},
				"south": {"uv": [0, 0, 1, 10], "texture": "#4"},
				"west": {"uv": [0, 0, 1, 10], "texture": "#4"},
				"up": {"uv": [0, 0, 1, 1], "texture": "#5"},
				"down": {"uv": [0, 0, 1, 1], "texture": "#4"}
			}
		},
		{
			"from": [1, 0, 11.5],
			"to": [2, 10, 12.5],
			"rotation": {"angle": 0, "axis": "y", "origin": [0, 0, 0.25]},
			"faces": {
				"north": {"uv": [0, 0, 1, 10], "texture": "#4"},
				"east": {"uv": [0, 0, 1, 10], "texture": "#4"},
				"south": {"uv": [0, 0, 1, 10], "texture": "#4"},
				"west": {"uv": [0, 0, 1, 10], "texture": "#4"},
				"up": {"uv": [0, 0, 1, 1], "texture": "#5"},
				"down": {"uv": [0, 0, 1, 1], "texture": "#4"}
			}
		},
		{
			"from": [9, 0, 11.5],
			"to": [10, 10, 12.5],
			"rotation": {"angle": 0, "axis": "y", "origin": [0, 0, 0.25]},
			"faces": {
				"north": {"uv": [0, 0, 1, 10], "texture": "#4"},
				"east": {"uv": [0, 0, 1, 10], "texture": "#4"},
				"south": {"uv": [0, 0, 1, 10], "texture": "#4"},
				"west": {"uv": [0, 0, 1, 10], "texture": "#4"},
				"up": {"uv": [0, 0, 1, 1], "texture": "#5"},
				"down": {"uv": [0, 0, 1, 1], "texture": "#4"}
			}
		},
		{
			"from": [1.5, 3, 4],
			"to": [9.5, 4, 12],
			"rotation": {"angle": 0, "axis": "y", "origin": [0, 0, 0.25]},
			"faces": {
				"north": {"uv": [0, 0, 8, 1], "texture": "#4"},
				"east": {"uv": [0, 0, 8, 1], "texture": "#4"},
				"south": {"uv": [0, 0, 8, 1], "texture": "#4"},
				"west": {"uv": [0, 0, 8, 1], "texture": "#4"},
				"up": {"uv": [0, 0, 8, 8], "texture": "#5"},
				"down": {"uv": [0, 0, 8, 8], "texture": "#4"}
			}
		},
		{
			"name": "paper",
			"from": [2.4375, 11.5, 4.25],
			"to": [7.9375, 12.25, 11.5],
			"rotation": {"angle": 0, "axis": "y", "origin": [9.6875, 11, 8]},
			"faces": {
				"north": {"uv": [0, 7.5, 2.75, 7.75], "texture": "#0"},
				"east": {"uv": [0, 6.5, 3.75, 6.75], "texture": "#0"},
				"south": {"uv": [6, 7, 8.75, 7.25], "texture": "#0"},
				"west": {"uv": [4, 6.5, 7.75, 6.75], "texture": "#0"},
				"up": {"uv": [7.75, 2.75, 4, 0], "rotation": 90, "texture": "#0"},
				"down": {"uv": [7.75, 3, 4, 5.75], "rotation": 270, "texture": "#0"}
			}
		},
		{
			"name": "cover",
			"from": [2.1875, 12.25, 4],
			"to": [8.1875, 12.75, 12],
			"rotation": {"angle": 0, "axis": "y", "origin": [9.6875, 11, 8]},
			"faces": {
				"north": {"uv": [0, 7.5, 3, 7.75], "rotation": 180, "texture": "#1"},
				"east": {"uv": [4, 6.5, 8, 6.75], "rotation": 180, "texture": "#1"},
				"south": {"uv": [6, 7, 9, 7.25], "rotation": 180, "texture": "#1"},
				"west": {"uv": [0, 6.5, 4, 6.75], "rotation": 180, "texture": "#1"},
				"up": {"uv": [8, 3, 4, 6], "rotation": 90, "texture": "#1"},
				"down": {"uv": [8, 3, 4, 0], "rotation": 270, "texture": "#1"}
			}
		},
		{
			"name": "cover",
			"from": [2.1875, 11, 4],
			"to": [8.1875, 11.5, 12],
			"rotation": {"angle": 0, "axis": "y", "origin": [9.6875, 11, 8]},
			"faces": {
				"north": {"uv": [3, 7, 6, 7.25], "texture": "#1"},
				"east": {"uv": [0, 6, 4, 6.25], "texture": "#1"},
				"south": {"uv": [0, 7, 3, 7.25], "texture": "#1"},
				"west": {"uv": [4, 6, 8, 6.25], "texture": "#1"},
				"up": {"uv": [4, 3, 0, 0], "rotation": 90, "texture": "#1"},
				"down": {"uv": [4, 3, 0, 6], "rotation": 270, "texture": "#1"}
			}
		},
		{
			"name": "hexadecagon",
			"from": [8.9375, 11.80109, 7.75],
			"to": [9.1875, 12.19891, 8.25],
			"rotation": {"angle": 45, "axis": "z", "origin": [8.1875, 12, 8]},
			"faces": {
				"north": {"uv": [0, 0, 2, 2], "rotation": 270, "texture": "#2"},
				"east": {"uv": [0, 0, 2, 2], "rotation": 90, "texture": "#2"},
				"south": {"uv": [0, 0, 2, 2], "rotation": 270, "texture": "#2"},
				"west": {"uv": [0, 0, 2, 2], "rotation": 270, "texture": "#2"},
				"up": {"uv": [0, 0, 2, 2], "texture": "#2"},
				"down": {"uv": [0, 0, 2, 2], "rotation": 180, "texture": "#2"}
			}
		},
		{
			"name": "hexadecagon",
			"from": [8.9375, 11.80109, 7.75],
			"to": [9.1875, 12.19891, 8.25],
			"rotation": {"angle": 22.5, "axis": "z", "origin": [8.1875, 12, 8]},
			"faces": {
				"north": {"uv": [0, 0, 2, 2], "rotation": 270, "texture": "#2"},
				"east": {"uv": [0, 0, 2, 2], "rotation": 90, "texture": "#2"},
				"south": {"uv": [0, 0, 2, 2], "rotation": 270, "texture": "#2"},
				"west": {"uv": [0, 0, 2, 2], "rotation": 270, "texture": "#2"},
				"up": {"uv": [0, 0, 2, 2], "texture": "#2"},
				"down": {"uv": [0, 0, 2, 2], "rotation": 180, "texture": "#2"}
			}
		},
		{
			"name": "hexadecagon",
			"from": [8.9375, 11.80109, 7.75],
			"to": [9.1875, 12.19891, 8.25],
			"rotation": {"angle": 0, "axis": "y", "origin": [8.1875, 12, 8]},
			"faces": {
				"north": {"uv": [0, 0, 2, 2], "rotation": 270, "texture": "#2"},
				"east": {"uv": [0, 0, 2, 2], "rotation": 90, "texture": "#2"},
				"south": {"uv": [0, 0, 2, 2], "rotation": 270, "texture": "#2"},
				"west": {"uv": [0, 0, 2, 2], "rotation": 270, "texture": "#2"},
				"up": {"uv": [0, 0, 2, 2], "texture": "#2"},
				"down": {"uv": [0, 0, 2, 2], "rotation": 180, "texture": "#2"}
			}
		},
		{
			"name": "hexadecagon",
			"from": [8.9375, 11.80109, 7.75],
			"to": [9.1875, 12.19891, 8.25],
			"rotation": {"angle": -22.5, "axis": "z", "origin": [8.1875, 12, 8]},
			"faces": {
				"north": {"uv": [0, 0, 2, 2], "rotation": 270, "texture": "#2"},
				"east": {"uv": [0, 0, 2, 2], "rotation": 90, "texture": "#2"},
				"south": {"uv": [0, 0, 2, 2], "rotation": 270, "texture": "#2"},
				"west": {"uv": [0, 0, 2, 2], "rotation": 270, "texture": "#2"},
				"up": {"uv": [0, 0, 2, 2], "texture": "#2"},
				"down": {"uv": [0, 0, 2, 2], "rotation": 180, "texture": "#2"}
			}
		},
		{
			"name": "hexadecagon",
			"from": [8.9375, 11.80109, 7.75],
			"to": [9.1875, 12.19891, 8.25],
			"rotation": {"angle": -45, "axis": "z", "origin": [8.1875, 12, 8]},
			"faces": {
				"north": {"uv": [0, 0, 2, 2], "rotation": 270, "texture": "#2"},
				"east": {"uv": [0, 0, 2, 2], "rotation": 90, "texture": "#2"},
				"south": {"uv": [0, 0, 2, 2], "rotation": 270, "texture": "#2"},
				"west": {"uv": [0, 0, 2, 2], "rotation": 270, "texture": "#2"},
				"up": {"uv": [0, 0, 2, 2], "texture": "#2"},
				"down": {"uv": [0, 0, 2, 2], "rotation": 180, "texture": "#2"}
			}
		},
		{
			"name": "hexadecagon",
			"from": [7.1875, 11.80109, 7.75],
			"to": [7.4375, 12.19891, 8.25],
			"rotation": {"angle": 45, "axis": "z", "origin": [8.1875, 12, 8]},
			"faces": {
				"north": {"uv": [0, 0, 2, 2], "rotation": 270, "texture": "#2"},
				"east": {"uv": [0, 0, 2, 2], "rotation": 90, "texture": "#2"},
				"south": {"uv": [0, 0, 2, 2], "rotation": 270, "texture": "#2"},
				"west": {"uv": [0, 0, 2, 2], "rotation": 270, "texture": "#2"},
				"up": {"uv": [0, 0, 2, 2], "texture": "#2"},
				"down": {"uv": [0, 0, 2, 2], "rotation": 180, "texture": "#2"}
			}
		},
		{
			"name": "hexadecagon",
			"from": [7.1875, 11.80109, 7.75],
			"to": [7.4375, 12.19891, 8.25],
			"rotation": {"angle": 22.5, "axis": "z", "origin": [8.1875, 12, 8]},
			"faces": {
				"north": {"uv": [0, 0, 2, 2], "rotation": 270, "texture": "#2"},
				"east": {"uv": [0, 0, 2, 2], "rotation": 90, "texture": "#2"},
				"south": {"uv": [0, 0, 2, 2], "rotation": 270, "texture": "#2"},
				"west": {"uv": [0, 0, 2, 2], "rotation": 270, "texture": "#2"},
				"up": {"uv": [0, 0, 2, 2], "texture": "#2"},
				"down": {"uv": [0, 0, 2, 2], "rotation": 180, "texture": "#2"}
			}
		},
		{
			"name": "hexadecagon",
			"from": [7.1875, 11.80109, 7.75],
			"to": [7.4375, 12.19891, 8.25],
			"rotation": {"angle": 0, "axis": "y", "origin": [8.1875, 12, 8]},
			"faces": {
				"north": {"uv": [0, 0, 2, 2], "rotation": 270, "texture": "#2"},
				"east": {"uv": [0, 0, 2, 2], "rotation": 90, "texture": "#2"},
				"south": {"uv": [0, 0, 2, 2], "rotation": 270, "texture": "#2"},
				"west": {"uv": [0, 0, 2, 2], "rotation": 270, "texture": "#2"},
				"up": {"uv": [0, 0, 2, 2], "texture": "#2"},
				"down": {"uv": [0, 0, 2, 2], "rotation": 180, "texture": "#2"}
			}
		},
		{
			"name": "hexadecagon",
			"from": [7.1875, 11.80109, 7.75],
			"to": [7.4375, 12.19891, 8.25],
			"rotation": {"angle": -22.5, "axis": "z", "origin": [8.1875, 12, 8]},
			"faces": {
				"north": {"uv": [0, 0, 2, 2], "rotation": 270, "texture": "#2"},
				"east": {"uv": [0, 0, 2, 2], "rotation": 90, "texture": "#2"},
				"south": {"uv": [0, 0, 2, 2], "rotation": 270, "texture": "#2"},
				"west": {"uv": [0, 0, 2, 2], "rotation": 270, "texture": "#2"},
				"up": {"uv": [0, 0, 2, 2], "texture": "#2"},
				"down": {"uv": [0, 0, 2, 2], "rotation": 180, "texture": "#2"}
			}
		},
		{
			"name": "hexadecagon",
			"from": [7.1875, 11.80109, 7.75],
			"to": [7.4375, 12.19891, 8.25],
			"rotation": {"angle": -45, "axis": "z", "origin": [8.1875, 12, 8]},
			"faces": {
				"north": {"uv": [0, 0, 2, 2], "rotation": 270, "texture": "#2"},
				"east": {"uv": [0, 0, 2, 2], "rotation": 90, "texture": "#2"},
				"south": {"uv": [0, 0, 2, 2], "rotation": 270, "texture": "#2"},
				"west": {"uv": [0, 0, 2, 2], "rotation": 270, "texture": "#2"},
				"up": {"uv": [0, 0, 2, 2], "texture": "#2"},
				"down": {"uv": [0, 0, 2, 2], "rotation": 180, "texture": "#2"}
			}
		},
		{
			"name": "hexadecagon",
			"from": [7.98859, 11, 7.75],
			"to": [8.38641, 11.25, 8.25],
			"rotation": {"angle": 22.5, "axis": "z", "origin": [8.1875, 12, 8]},
			"faces": {
				"north": {"uv": [0, 0, 2, 2], "rotation": 270, "texture": "#2"},
				"east": {"uv": [0, 0, 2, 2], "rotation": 90, "texture": "#2"},
				"south": {"uv": [0, 0, 2, 2], "rotation": 270, "texture": "#2"},
				"west": {"uv": [0, 0, 2, 2], "rotation": 270, "texture": "#2"},
				"up": {"uv": [0, 0, 2, 2], "texture": "#2"},
				"down": {"uv": [0, 0, 2, 2], "rotation": 180, "texture": "#2"}
			}
		},
		{
			"name": "hexadecagon",
			"from": [7.98859, 11, 7.75],
			"to": [8.38641, 11.25, 8.25],
			"rotation": {"angle": 0, "axis": "y", "origin": [8.1875, 12, 8]},
			"faces": {
				"north": {"uv": [0, 0, 2, 2], "rotation": 270, "texture": "#2"},
				"east": {"uv": [0, 0, 2, 2], "rotation": 90, "texture": "#2"},
				"south": {"uv": [0, 0, 2, 2], "rotation": 270, "texture": "#2"},
				"west": {"uv": [0, 0, 2, 2], "rotation": 270, "texture": "#2"},
				"up": {"uv": [0, 0, 2, 2], "texture": "#2"},
				"down": {"uv": [0, 0, 2, 2], "rotation": 180, "texture": "#2"}
			}
		},
		{
			"name": "hexadecagon",
			"from": [7.98859, 11, 7.75],
			"to": [8.38641, 11.25, 8.25],
			"rotation": {"angle": -22.5, "axis": "z", "origin": [8.1875, 12, 8]},
			"faces": {
				"north": {"uv": [0, 0, 2, 2], "rotation": 270, "texture": "#2"},
				"east": {"uv": [0, 0, 2, 2], "rotation": 90, "texture": "#2"},
				"south": {"uv": [0, 0, 2, 2], "rotation": 270, "texture": "#2"},
				"west": {"uv": [0, 0, 2, 2], "rotation": 270, "texture": "#2"},
				"up": {"uv": [0, 0, 2, 2], "texture": "#2"},
				"down": {"uv": [0, 0, 2, 2], "rotation": 180, "texture": "#2"}
			}
		},
		{
			"name": "hexadecagon",
			"from": [7.98859, 12.75, 7.75],
			"to": [8.38641, 13, 8.25],
			"rotation": {"angle": 22.5, "axis": "z", "origin": [8.1875, 12, 8]},
			"faces": {
				"north": {"uv": [0, 0, 2, 2], "rotation": 270, "texture": "#2"},
				"east": {"uv": [0, 0, 2, 2], "rotation": 90, "texture": "#2"},
				"south": {"uv": [0, 0, 2, 2], "rotation": 270, "texture": "#2"},
				"west": {"uv": [0, 0, 2, 2], "rotation": 270, "texture": "#2"},
				"up": {"uv": [0, 0, 2, 2], "texture": "#2"},
				"down": {"uv": [0, 0, 2, 2], "rotation": 180, "texture": "#2"}
			}
		},
		{
			"name": "hexadecagon",
			"from": [7.98859, 12.75, 7.75],
			"to": [8.38641, 13, 8.25],
			"rotation": {"angle": 0, "axis": "y", "origin": [8.1875, 12, 8]},
			"faces": {
				"north": {"uv": [0, 0, 2, 2], "rotation": 270, "texture": "#2"},
				"east": {"uv": [0, 0, 2, 2], "rotation": 90, "texture": "#2"},
				"south": {"uv": [0, 0, 2, 2], "rotation": 270, "texture": "#2"},
				"west": {"uv": [0, 0, 2, 2], "rotation": 270, "texture": "#2"},
				"up": {"uv": [0, 0, 2, 2], "texture": "#2"},
				"down": {"uv": [0, 0, 2, 2], "rotation": 180, "texture": "#2"}
			}
		},
		{
			"name": "hexadecagon",
			"from": [7.98859, 12.75, 7.75],
			"to": [8.38641, 13, 8.25],
			"rotation": {"angle": -22.5, "axis": "z", "origin": [8.1875, 12, 8]},
			"faces": {
				"north": {"uv": [0, 0, 2, 2], "rotation": 270, "texture": "#2"},
				"east": {"uv": [0, 0, 2, 2], "rotation": 90, "texture": "#2"},
				"south": {"uv": [0, 0, 2, 2], "rotation": 270, "texture": "#2"},
				"west": {"uv": [0, 0, 2, 2], "rotation": 270, "texture": "#2"},
				"up": {"uv": [0, 0, 2, 2], "texture": "#2"},
				"down": {"uv": [0, 0, 2, 2], "rotation": 180, "texture": "#2"}
			}
		},
		{
			"name": "hexadecagon",
			"from": [8.9375, 11.80109, 10.75],
			"to": [9.1875, 12.19891, 11.25],
			"rotation": {"angle": 45, "axis": "z", "origin": [8.1875, 12, 11]},
			"faces": {
				"north": {"uv": [0, 0, 2, 2], "rotation": 270, "texture": "#2"},
				"east": {"uv": [0, 0, 2, 2], "rotation": 90, "texture": "#2"},
				"south": {"uv": [0, 0, 2, 2], "rotation": 270, "texture": "#2"},
				"west": {"uv": [0, 0, 2, 2], "rotation": 270, "texture": "#2"},
				"up": {"uv": [0, 0, 2, 2], "texture": "#2"},
				"down": {"uv": [0, 0, 2, 2], "rotation": 180, "texture": "#2"}
			}
		},
		{
			"name": "hexadecagon",
			"from": [8.9375, 11.80109, 10.75],
			"to": [9.1875, 12.19891, 11.25],
			"rotation": {"angle": 22.5, "axis": "z", "origin": [8.1875, 12, 11]},
			"faces": {
				"north": {"uv": [0, 0, 2, 2], "rotation": 270, "texture": "#2"},
				"east": {"uv": [0, 0, 2, 2], "rotation": 90, "texture": "#2"},
				"south": {"uv": [0, 0, 2, 2], "rotation": 270, "texture": "#2"},
				"west": {"uv": [0, 0, 2, 2], "rotation": 270, "texture": "#2"},
				"up": {"uv": [0, 0, 2, 2], "texture": "#2"},
				"down": {"uv": [0, 0, 2, 2], "rotation": 180, "texture": "#2"}
			}
		},
		{
			"name": "hexadecagon",
			"from": [8.9375, 11.80109, 10.75],
			"to": [9.1875, 12.19891, 11.25],
			"rotation": {"angle": 0, "axis": "y", "origin": [8.1875, 12, 11]},
			"faces": {
				"north": {"uv": [0, 0, 2, 2], "rotation": 270, "texture": "#2"},
				"east": {"uv": [0, 0, 2, 2], "rotation": 90, "texture": "#2"},
				"south": {"uv": [0, 0, 2, 2], "rotation": 270, "texture": "#2"},
				"west": {"uv": [0, 0, 2, 2], "rotation": 270, "texture": "#2"},
				"up": {"uv": [0, 0, 2, 2], "texture": "#2"},
				"down": {"uv": [0, 0, 2, 2], "rotation": 180, "texture": "#2"}
			}
		},
		{
			"name": "hexadecagon",
			"from": [8.9375, 11.80109, 10.75],
			"to": [9.1875, 12.19891, 11.25],
			"rotation": {"angle": -22.5, "axis": "z", "origin": [8.1875, 12, 11]},
			"faces": {
				"north": {"uv": [0, 0, 2, 2], "rotation": 270, "texture": "#2"},
				"east": {"uv": [0, 0, 2, 2], "rotation": 90, "texture": "#2"},
				"south": {"uv": [0, 0, 2, 2], "rotation": 270, "texture": "#2"},
				"west": {"uv": [0, 0, 2, 2], "rotation": 270, "texture": "#2"},
				"up": {"uv": [0, 0, 2, 2], "texture": "#2"},
				"down": {"uv": [0, 0, 2, 2], "rotation": 180, "texture": "#2"}
			}
		},
		{
			"name": "hexadecagon",
			"from": [8.9375, 11.80109, 10.75],
			"to": [9.1875, 12.19891, 11.25],
			"rotation": {"angle": -45, "axis": "z", "origin": [8.1875, 12, 11]},
			"faces": {
				"north": {"uv": [0, 0, 2, 2], "rotation": 270, "texture": "#2"},
				"east": {"uv": [0, 0, 2, 2], "rotation": 90, "texture": "#2"},
				"south": {"uv": [0, 0, 2, 2], "rotation": 270, "texture": "#2"},
				"west": {"uv": [0, 0, 2, 2], "rotation": 270, "texture": "#2"},
				"up": {"uv": [0, 0, 2, 2], "texture": "#2"},
				"down": {"uv": [0, 0, 2, 2], "rotation": 180, "texture": "#2"}
			}
		},
		{
			"name": "hexadecagon",
			"from": [7.1875, 11.80109, 10.75],
			"to": [7.4375, 12.19891, 11.25],
			"rotation": {"angle": 45, "axis": "z", "origin": [8.1875, 12, 11]},
			"faces": {
				"north": {"uv": [0, 0, 2, 2], "rotation": 270, "texture": "#2"},
				"east": {"uv": [0, 0, 2, 2], "rotation": 90, "texture": "#2"},
				"south": {"uv": [0, 0, 2, 2], "rotation": 270, "texture": "#2"},
				"west": {"uv": [0, 0, 2, 2], "rotation": 270, "texture": "#2"},
				"up": {"uv": [0, 0, 2, 2], "texture": "#2"},
				"down": {"uv": [0, 0, 2, 2], "rotation": 180, "texture": "#2"}
			}
		},
		{
			"name": "hexadecagon",
			"from": [7.1875, 11.80109, 10.75],
			"to": [7.4375, 12.19891, 11.25],
			"rotation": {"angle": 22.5, "axis": "z", "origin": [8.1875, 12, 11]},
			"faces": {
				"north": {"uv": [0, 0, 2, 2], "rotation": 270, "texture": "#2"},
				"east": {"uv": [0, 0, 2, 2], "rotation": 90, "texture": "#2"},
				"south": {"uv": [0, 0, 2, 2], "rotation": 270, "texture": "#2"},
				"west": {"uv": [0, 0, 2, 2], "rotation": 270, "texture": "#2"},
				"up": {"uv": [0, 0, 2, 2], "texture": "#2"},
				"down": {"uv": [0, 0, 2, 2], "rotation": 180, "texture": "#2"}
			}
		},
		{
			"name": "hexadecagon",
			"from": [7.1875, 11.80109, 10.75],
			"to": [7.4375, 12.19891, 11.25],
			"rotation": {"angle": 0, "axis": "y", "origin": [8.1875, 12, 11]},
			"faces": {
				"north": {"uv": [0, 0, 2, 2], "rotation": 270, "texture": "#2"},
				"east": {"uv": [0, 0, 2, 2], "rotation": 90, "texture": "#2"},
				"south": {"uv": [0, 0, 2, 2], "rotation": 270, "texture": "#2"},
				"west": {"uv": [0, 0, 2, 2], "rotation": 270, "texture": "#2"},
				"up": {"uv": [0, 0, 2, 2], "texture": "#2"},
				"down": {"uv": [0, 0, 2, 2], "rotation": 180, "texture": "#2"}
			}
		},
		{
			"name": "hexadecagon",
			"from": [7.1875, 11.80109, 10.75],
			"to": [7.4375, 12.19891, 11.25],
			"rotation": {"angle": -22.5, "axis": "z", "origin": [8.1875, 12, 11]},
			"faces": {
				"north": {"uv": [0, 0, 2, 2], "rotation": 270, "texture": "#2"},
				"east": {"uv": [0, 0, 2, 2], "rotation": 90, "texture": "#2"},
				"south": {"uv": [0, 0, 2, 2], "rotation": 270, "texture": "#2"},
				"west": {"uv": [0, 0, 2, 2], "rotation": 270, "texture": "#2"},
				"up": {"uv": [0, 0, 2, 2], "texture": "#2"},
				"down": {"uv": [0, 0, 2, 2], "rotation": 180, "texture": "#2"}
			}
		},
		{
			"name": "hexadecagon",
			"from": [7.1875, 11.80109, 10.75],
			"to": [7.4375, 12.19891, 11.25],
			"rotation": {"angle": -45, "axis": "z", "origin": [8.1875, 12, 11]},
			"faces": {
				"north": {"uv": [0, 0, 2, 2], "rotation": 270, "texture": "#2"},
				"east": {"uv": [0, 0, 2, 2], "rotation": 90, "texture": "#2"},
				"south": {"uv": [0, 0, 2, 2], "rotation": 270, "texture": "#2"},
				"west": {"uv": [0, 0, 2, 2], "rotation": 270, "texture": "#2"},
				"up": {"uv": [0, 0, 2, 2], "texture": "#2"},
				"down": {"uv": [0, 0, 2, 2], "rotation": 180, "texture": "#2"}
			}
		},
		{
			"name": "hexadecagon",
			"from": [7.98859, 11, 10.75],
			"to": [8.38641, 11.25, 11.25],
			"rotation": {"angle": 22.5, "axis": "z", "origin": [8.1875, 12, 11]},
			"faces": {
				"north": {"uv": [0, 0, 2, 2], "rotation": 270, "texture": "#2"},
				"east": {"uv": [0, 0, 2, 2], "rotation": 90, "texture": "#2"},
				"south": {"uv": [0, 0, 2, 2], "rotation": 270, "texture": "#2"},
				"west": {"uv": [0, 0, 2, 2], "rotation": 270, "texture": "#2"},
				"up": {"uv": [0, 0, 2, 2], "texture": "#2"},
				"down": {"uv": [0, 0, 2, 2], "rotation": 180, "texture": "#2"}
			}
		},
		{
			"name": "hexadecagon",
			"from": [7.98859, 11, 10.75],
			"to": [8.38641, 11.25, 11.25],
			"rotation": {"angle": 0, "axis": "y", "origin": [8.1875, 12, 11]},
			"faces": {
				"north": {"uv": [0, 0, 2, 2], "rotation": 270, "texture": "#2"},
				"east": {"uv": [0, 0, 2, 2], "rotation": 90, "texture": "#2"},
				"south": {"uv": [0, 0, 2, 2], "rotation": 270, "texture": "#2"},
				"west": {"uv": [0, 0, 2, 2], "rotation": 270, "texture": "#2"},
				"up": {"uv": [0, 0, 2, 2], "texture": "#2"},
				"down": {"uv": [0, 0, 2, 2], "rotation": 180, "texture": "#2"}
			}
		},
		{
			"name": "hexadecagon",
			"from": [7.98859, 11, 10.75],
			"to": [8.38641, 11.25, 11.25],
			"rotation": {"angle": -22.5, "axis": "z", "origin": [8.1875, 12, 11]},
			"faces": {
				"north": {"uv": [0, 0, 2, 2], "rotation": 270, "texture": "#2"},
				"east": {"uv": [0, 0, 2, 2], "rotation": 90, "texture": "#2"},
				"south": {"uv": [0, 0, 2, 2], "rotation": 270, "texture": "#2"},
				"west": {"uv": [0, 0, 2, 2], "rotation": 270, "texture": "#2"},
				"up": {"uv": [0, 0, 2, 2], "texture": "#2"},
				"down": {"uv": [0, 0, 2, 2], "rotation": 180, "texture": "#2"}
			}
		},
		{
			"name": "hexadecagon",
			"from": [7.98859, 12.75, 10.75],
			"to": [8.38641, 13, 11.25],
			"rotation": {"angle": 22.5, "axis": "z", "origin": [8.1875, 12, 11]},
			"faces": {
				"north": {"uv": [0, 0, 2, 2], "rotation": 270, "texture": "#2"},
				"east": {"uv": [0, 0, 2, 2], "rotation": 90, "texture": "#2"},
				"south": {"uv": [0, 0, 2, 2], "rotation": 270, "texture": "#2"},
				"west": {"uv": [0, 0, 2, 2], "rotation": 270, "texture": "#2"},
				"up": {"uv": [0, 0, 2, 2], "texture": "#2"},
				"down": {"uv": [0, 0, 2, 2], "rotation": 180, "texture": "#2"}
			}
		},
		{
			"name": "hexadecagon",
			"from": [7.98859, 12.75, 10.75],
			"to": [8.38641, 13, 11.25],
			"rotation": {"angle": 0, "axis": "y", "origin": [8.1875, 12, 11]},
			"faces": {
				"north": {"uv": [0, 0, 2, 2], "rotation": 270, "texture": "#2"},
				"east": {"uv": [0, 0, 2, 2], "rotation": 90, "texture": "#2"},
				"south": {"uv": [0, 0, 2, 2], "rotation": 270, "texture": "#2"},
				"west": {"uv": [0, 0, 2, 2], "rotation": 270, "texture": "#2"},
				"up": {"uv": [0, 0, 2, 2], "texture": "#2"},
				"down": {"uv": [0, 0, 2, 2], "rotation": 180, "texture": "#2"}
			}
		},
		{
			"name": "hexadecagon",
			"from": [7.98859, 12.75, 10.75],
			"to": [8.38641, 13, 11.25],
			"rotation": {"angle": -22.5, "axis": "z", "origin": [8.1875, 12, 11]},
			"faces": {
				"north": {"uv": [0, 0, 2, 2], "rotation": 270, "texture": "#2"},
				"east": {"uv": [0, 0, 2, 2], "rotation": 90, "texture": "#2"},
				"south": {"uv": [0, 0, 2, 2], "rotation": 270, "texture": "#2"},
				"west": {"uv": [0, 0, 2, 2], "rotation": 270, "texture": "#2"},
				"up": {"uv": [0, 0, 2, 2], "texture": "#2"},
				"down": {"uv": [0, 0, 2, 2], "rotation": 180, "texture": "#2"}
			}
		},
		{
			"name": "hexadecagon",
			"from": [8.9375, 11.80109, 4.75],
			"to": [9.1875, 12.19891, 5.25],
			"rotation": {"angle": 45, "axis": "z", "origin": [8.1875, 12, 5]},
			"faces": {
				"north": {"uv": [0, 0, 2, 2], "rotation": 270, "texture": "#2"},
				"east": {"uv": [0, 0, 2, 2], "rotation": 90, "texture": "#2"},
				"south": {"uv": [0, 0, 2, 2], "rotation": 270, "texture": "#2"},
				"west": {"uv": [0, 0, 2, 2], "rotation": 270, "texture": "#2"},
				"up": {"uv": [0, 0, 2, 2], "texture": "#2"},
				"down": {"uv": [0, 0, 2, 2], "rotation": 180, "texture": "#2"}
			}
		},
		{
			"name": "hexadecagon",
			"from": [8.9375, 11.80109, 4.75],
			"to": [9.1875, 12.19891, 5.25],
			"rotation": {"angle": 22.5, "axis": "z", "origin": [8.1875, 12, 5]},
			"faces": {
				"north": {"uv": [0, 0, 2, 2], "rotation": 270, "texture": "#2"},
				"east": {"uv": [0, 0, 2, 2], "rotation": 90, "texture": "#2"},
				"south": {"uv": [0, 0, 2, 2], "rotation": 270, "texture": "#2"},
				"west": {"uv": [0, 0, 2, 2], "rotation": 270, "texture": "#2"},
				"up": {"uv": [0, 0, 2, 2], "texture": "#2"},
				"down": {"uv": [0, 0, 2, 2], "rotation": 180, "texture": "#2"}
			}
		},
		{
			"name": "hexadecagon",
			"from": [8.9375, 11.80109, 4.75],
			"to": [9.1875, 12.19891, 5.25],
			"rotation": {"angle": 0, "axis": "y", "origin": [8.1875, 12, 5]},
			"faces": {
				"north": {"uv": [0, 0, 2, 2], "rotation": 270, "texture": "#2"},
				"east": {"uv": [0, 0, 2, 2], "rotation": 90, "texture": "#2"},
				"south": {"uv": [0, 0, 2, 2], "rotation": 270, "texture": "#2"},
				"west": {"uv": [0, 0, 2, 2], "rotation": 270, "texture": "#2"},
				"up": {"uv": [0, 0, 2, 2], "texture": "#2"},
				"down": {"uv": [0, 0, 2, 2], "rotation": 180, "texture": "#2"}
			}
		},
		{
			"name": "hexadecagon",
			"from": [8.9375, 11.80109, 4.75],
			"to": [9.1875, 12.19891, 5.25],
			"rotation": {"angle": -22.5, "axis": "z", "origin": [8.1875, 12, 5]},
			"faces": {
				"north": {"uv": [0, 0, 2, 2], "rotation": 270, "texture": "#2"},
				"east": {"uv": [0, 0, 2, 2], "rotation": 90, "texture": "#2"},
				"south": {"uv": [0, 0, 2, 2], "rotation": 270, "texture": "#2"},
				"west": {"uv": [0, 0, 2, 2], "rotation": 270, "texture": "#2"},
				"up": {"uv": [0, 0, 2, 2], "texture": "#2"},
				"down": {"uv": [0, 0, 2, 2], "rotation": 180, "texture": "#2"}
			}
		},
		{
			"name": "hexadecagon",
			"from": [8.9375, 11.80109, 4.75],
			"to": [9.1875, 12.19891, 5.25],
			"rotation": {"angle": -45, "axis": "z", "origin": [8.1875, 12, 5]},
			"faces": {
				"north": {"uv": [0, 0, 2, 2], "rotation": 270, "texture": "#2"},
				"east": {"uv": [0, 0, 2, 2], "rotation": 90, "texture": "#2"},
				"south": {"uv": [0, 0, 2, 2], "rotation": 270, "texture": "#2"},
				"west": {"uv": [0, 0, 2, 2], "rotation": 270, "texture": "#2"},
				"up": {"uv": [0, 0, 2, 2], "texture": "#2"},
				"down": {"uv": [0, 0, 2, 2], "rotation": 180, "texture": "#2"}
			}
		},
		{
			"name": "hexadecagon",
			"from": [7.1875, 11.80109, 4.75],
			"to": [7.4375, 12.19891, 5.25],
			"rotation": {"angle": 45, "axis": "z", "origin": [8.1875, 12, 5]},
			"faces": {
				"north": {"uv": [0, 0, 2, 2], "rotation": 270, "texture": "#2"},
				"east": {"uv": [0, 0, 2, 2], "rotation": 90, "texture": "#2"},
				"south": {"uv": [0, 0, 2, 2], "rotation": 270, "texture": "#2"},
				"west": {"uv": [0, 0, 2, 2], "rotation": 270, "texture": "#2"},
				"up": {"uv": [0, 0, 2, 2], "texture": "#2"},
				"down": {"uv": [0, 0, 2, 2], "rotation": 180, "texture": "#2"}
			}
		},
		{
			"name": "hexadecagon",
			"from": [7.1875, 11.80109, 4.75],
			"to": [7.4375, 12.19891, 5.25],
			"rotation": {"angle": 22.5, "axis": "z", "origin": [8.1875, 12, 5]},
			"faces": {
				"north": {"uv": [0, 0, 2, 2], "rotation": 270, "texture": "#2"},
				"east": {"uv": [0, 0, 2, 2], "rotation": 90, "texture": "#2"},
				"south": {"uv": [0, 0, 2, 2], "rotation": 270, "texture": "#2"},
				"west": {"uv": [0, 0, 2, 2], "rotation": 270, "texture": "#2"},
				"up": {"uv": [0, 0, 2, 2], "texture": "#2"},
				"down": {"uv": [0, 0, 2, 2], "rotation": 180, "texture": "#2"}
			}
		},
		{
			"name": "hexadecagon",
			"from": [7.1875, 11.80109, 4.75],
			"to": [7.4375, 12.19891, 5.25],
			"rotation": {"angle": 0, "axis": "y", "origin": [8.1875, 12, 5]},
			"faces": {
				"north": {"uv": [0, 0, 2, 2], "rotation": 270, "texture": "#2"},
				"east": {"uv": [0, 0, 2, 2], "rotation": 90, "texture": "#2"},
				"south": {"uv": [0, 0, 2, 2], "rotation": 270, "texture": "#2"},
				"west": {"uv": [0, 0, 2, 2], "rotation": 270, "texture": "#2"},
				"up": {"uv": [0, 0, 2, 2], "texture": "#2"},
				"down": {"uv": [0, 0, 2, 2], "rotation": 180, "texture": "#2"}
			}
		},
		{
			"name": "hexadecagon",
			"from": [7.1875, 11.80109, 4.75],
			"to": [7.4375, 12.19891, 5.25],
			"rotation": {"angle": -22.5, "axis": "z", "origin": [8.1875, 12, 5]},
			"faces": {
				"north": {"uv": [0, 0, 2, 2], "rotation": 270, "texture": "#2"},
				"east": {"uv": [0, 0, 2, 2], "rotation": 90, "texture": "#2"},
				"south": {"uv": [0, 0, 2, 2], "rotation": 270, "texture": "#2"},
				"west": {"uv": [0, 0, 2, 2], "rotation": 270, "texture": "#2"},
				"up": {"uv": [0, 0, 2, 2], "texture": "#2"},
				"down": {"uv": [0, 0, 2, 2], "rotation": 180, "texture": "#2"}
			}
		},
		{
			"name": "hexadecagon",
			"from": [7.1875, 11.80109, 4.75],
			"to": [7.4375, 12.19891, 5.25],
			"rotation": {"angle": -45, "axis": "z", "origin": [8.1875, 12, 5]},
			"faces": {
				"north": {"uv": [0, 0, 2, 2], "rotation": 270, "texture": "#2"},
				"east": {"uv": [0, 0, 2, 2], "rotation": 90, "texture": "#2"},
				"south": {"uv": [0, 0, 2, 2], "rotation": 270, "texture": "#2"},
				"west": {"uv": [0, 0, 2, 2], "rotation": 270, "texture": "#2"},
				"up": {"uv": [0, 0, 2, 2], "texture": "#2"},
				"down": {"uv": [0, 0, 2, 2], "rotation": 180, "texture": "#2"}
			}
		},
		{
			"name": "hexadecagon",
			"from": [7.98859, 11, 4.75],
			"to": [8.38641, 11.25, 5.25],
			"rotation": {"angle": 22.5, "axis": "z", "origin": [8.1875, 12, 5]},
			"faces": {
				"north": {"uv": [0, 0, 2, 2], "rotation": 270, "texture": "#2"},
				"east": {"uv": [0, 0, 2, 2], "rotation": 90, "texture": "#2"},
				"south": {"uv": [0, 0, 2, 2], "rotation": 270, "texture": "#2"},
				"west": {"uv": [0, 0, 2, 2], "rotation": 270, "texture": "#2"},
				"up": {"uv": [0, 0, 2, 2], "texture": "#2"},
				"down": {"uv": [0, 0, 2, 2], "rotation": 180, "texture": "#2"}
			}
		},
		{
			"name": "hexadecagon",
			"from": [7.98859, 11, 4.75],
			"to": [8.38641, 11.25, 5.25],
			"rotation": {"angle": 0, "axis": "y", "origin": [8.1875, 12, 5]},
			"faces": {
				"north": {"uv": [0, 0, 2, 2], "rotation": 270, "texture": "#2"},
				"east": {"uv": [0, 0, 2, 2], "rotation": 90, "texture": "#2"},
				"south": {"uv": [0, 0, 2, 2], "rotation": 270, "texture": "#2"},
				"west": {"uv": [0, 0, 2, 2], "rotation": 270, "texture": "#2"},
				"up": {"uv": [0, 0, 2, 2], "texture": "#2"},
				"down": {"uv": [0, 0, 2, 2], "rotation": 180, "texture": "#2"}
			}
		},
		{
			"name": "hexadecagon",
			"from": [7.98859, 11, 4.75],
			"to": [8.38641, 11.25, 5.25],
			"rotation": {"angle": -22.5, "axis": "z", "origin": [8.1875, 12, 5]},
			"faces": {
				"north": {"uv": [0, 0, 2, 2], "rotation": 270, "texture": "#2"},
				"east": {"uv": [0, 0, 2, 2], "rotation": 90, "texture": "#2"},
				"south": {"uv": [0, 0, 2, 2], "rotation": 270, "texture": "#2"},
				"west": {"uv": [0, 0, 2, 2], "rotation": 270, "texture": "#2"},
				"up": {"uv": [0, 0, 2, 2], "texture": "#2"},
				"down": {"uv": [0, 0, 2, 2], "rotation": 180, "texture": "#2"}
			}
		},
		{
			"name": "hexadecagon",
			"from": [7.98859, 12.75, 4.75],
			"to": [8.38641, 13, 5.25],
			"rotation": {"angle": 22.5, "axis": "z", "origin": [8.1875, 12, 5]},
			"faces": {
				"north": {"uv": [0, 0, 2, 2], "rotation": 270, "texture": "#2"},
				"east": {"uv": [0, 0, 2, 2], "rotation": 90, "texture": "#2"},
				"south": {"uv": [0, 0, 2, 2], "rotation": 270, "texture": "#2"},
				"west": {"uv": [0, 0, 2, 2], "rotation": 270, "texture": "#2"},
				"up": {"uv": [0, 0, 2, 2], "texture": "#2"},
				"down": {"uv": [0, 0, 2, 2], "rotation": 180, "texture": "#2"}
			}
		},
		{
			"name": "hexadecagon",
			"from": [7.98859, 12.75, 4.75],
			"to": [8.38641, 13, 5.25],
			"rotation": {"angle": 0, "axis": "y", "origin": [8.1875, 12, 5]},
			"faces": {
				"north": {"uv": [0, 0, 2, 2], "rotation": 270, "texture": "#2"},
				"east": {"uv": [0, 0, 2, 2], "rotation": 90, "texture": "#2"},
				"south": {"uv": [0, 0, 2, 2], "rotation": 270, "texture": "#2"},
				"west": {"uv": [0, 0, 2, 2], "rotation": 270, "texture": "#2"},
				"up": {"uv": [0, 0, 2, 2], "texture": "#2"},
				"down": {"uv": [0, 0, 2, 2], "rotation": 180, "texture": "#2"}
			}
		},
		{
			"name": "hexadecagon",
			"from": [7.98859, 12.75, 4.75],
			"to": [8.38641, 13, 5.25],
			"rotation": {"angle": -22.5, "axis": "z", "origin": [8.1875, 12, 5]},
			"faces": {
				"north": {"uv": [0, 0, 2, 2], "rotation": 270, "texture": "#2"},
				"east": {"uv": [0, 0, 2, 2], "rotation": 90, "texture": "#2"},
				"south": {"uv": [0, 0, 2, 2], "rotation": 270, "texture": "#2"},
				"west": {"uv": [0, 0, 2, 2], "rotation": 270, "texture": "#2"},
				"up": {"uv": [0, 0, 2, 2], "texture": "#2"},
				"down": {"uv": [0, 0, 2, 2], "rotation": 180, "texture": "#2"}
			}
		},
		{
			"from": [8.3375, 13.1, 8],
			"to": [8.5875, 13.35, 10],
			"rotation": {"angle": -22.5, "axis": "y", "origin": [15.4375, 11, -3]},
			"faces": {
				"north": {"uv": [0, 0, 0.25, 0.25], "texture": "#3"},
				"east": {"uv": [0, 0, 2, 0.25], "texture": "#3"},
				"south": {"uv": [0, 0, 0.25, 0.25], "texture": "#missing"},
				"west": {"uv": [0, 0, 2, 0.25], "texture": "#3"},
				"up": {"uv": [0, 0, 0.25, 2], "texture": "#3"},
				"down": {"uv": [0, 0, 0.25, 2], "texture": "#3"}
			}
		},
		{
			"from": [8.1875, 13, 8.25],
			"to": [8.6875, 13.5, 9],
			"rotation": {"angle": -22.5, "axis": "y", "origin": [15.4375, 11, -3]},
			"faces": {
				"north": {"uv": [0, 0, 0.5, 0.5], "texture": "#2"},
				"east": {"uv": [0, 0, 0.75, 0.5], "texture": "#2"},
				"south": {"uv": [0, 0, 0.5, 0.5], "texture": "#2"},
				"west": {"uv": [0, 0, 0.75, 0.5], "texture": "#2"},
				"up": {"uv": [0, 0, 0.5, 0.75], "texture": "#2"},
				"down": {"uv": [0, 0, 0.5, 0.75], "texture": "#2"}
			}
		},
		{
			"from": [8.1875, 13, 13.25],
			"to": [8.6875, 13.5, 14],
			"rotation": {"angle": -22.5, "axis": "y", "origin": [15.4375, 11, -3]},
			"faces": {
				"north": {"uv": [0, 0, 0.5, 0.5], "texture": "#missing"},
				"east": {"uv": [0, 0, 0.75, 0.5], "texture": "#2"},
				"south": {"uv": [0, 0, 0.5, 0.5], "texture": "#2"},
				"west": {"uv": [0, 0, 0.75, 0.5], "texture": "#2"},
				"up": {"uv": [0, 0, 0.5, 0.75], "texture": "#2"},
				"down": {"uv": [0, 0, 0.5, 0.75], "texture": "#2"}
			}
		},
		{
			"from": [7.9375, 12.75, 8.75],
			"to": [8.9375, 13.75, 13.75],
			"rotation": {"angle": -22.5, "axis": "y", "origin": [15.4375, 11, -3]},
			"faces": {
				"north": {"uv": [2, 8, 4, 10], "texture": "#3"},
				"east": {"uv": [0, 0, 10, 2], "texture": "#3"},
				"south": {"uv": [0, 8, 2, 10], "texture": "#3"},
				"west": {"uv": [0, 2, 10, 4], "texture": "#3"},
				"up": {"uv": [10, 6, 0, 4], "rotation": 90, "texture": "#3"},
				"down": {"uv": [10, 6, 0, 8], "rotation": 270, "texture": "#3"}
			}
		},
		{
			"from": [7.6875, 13, 12.75],
			"to": [7.9375, 13.5, 13.25],
			"rotation": {"angle": -22.5, "axis": "y", "origin": [15.4375, 11, -3]},
			"faces": {
				"north": {"uv": [0, 0, 0.25, 0.5], "texture": "#2"},
				"east": {"uv": [0, 0, 0.5, 0.5], "texture": "#2"},
				"south": {"uv": [0, 0, 0.25, 0.5], "texture": "#2"},
				"west": {"uv": [0, 0, 0.5, 0.5], "texture": "#2"},
				"up": {"uv": [0, 0, 0.25, 0.5], "texture": "#2"},
				"down": {"uv": [0, 0, 0.25, 0.5], "texture": "#2"}
			}
		},
		{
			"from": [7.4375, 13, 11.25],
			"to": [7.6875, 13.5, 13.25],
			"rotation": {"angle": -22.5, "axis": "y", "origin": [15.4375, 11, -3]},
			"faces": {
				"north": {"uv": [0, 0, 0.25, 0.5], "texture": "#2"},
				"east": {"uv": [0, 0, 2, 0.5], "texture": "#2"},
				"south": {"uv": [0, 0, 0.25, 0.5], "texture": "#2"},
				"west": {"uv": [0, 0, 2, 0.5], "texture": "#2"},
				"up": {"uv": [0, 0, 0.25, 2], "texture": "#2"},
				"down": {"uv": [0, 0, 0.25, 2], "texture": "#2"}
			}
		}
	],
	"display": {
		"thirdperson_righthand": {
			"rotation": [90, 0, 0],
			"translation": [1.75, 4.25, 0],
			"scale": [0.75, 0.75, 0.75]
		},
		"thirdperson_lefthand": {
			"rotation": [90, 0, 0],
			"translation": [-2.25, 4.25, 0],
			"scale": [0.75, 0.75, 0.75]
		},
		"firstperson_righthand": {
			"rotation": [0, -180, 0],
			"translation": [0, 0.75, 2],
			"scale": [0.75, 0.75, 0.75]
		},
		"firstperson_lefthand": {
			"rotation": [0, -180, 0],
			"translation": [0, 0.75, 2],
			"scale": [0.75, 0.75, 0.75]
		},
		"ground": {
			"translation": [0, 0.5, 0],
			"scale": [0.75, 0.75, 0.75]
		},
		"gui": {
			"rotation": [33, -152, 0],
			"translation": [-2.5, 0.5, 0],
			"scale": [0.75, 0.75, 0.75]
		},
		"fixed": {
			"rotation": [-90, 0, 0],
			"translation": [0, 0, -14],
			"scale": [2, 2, 2]
		}
	},
	"groups": [
		{
			"name": "table",
			"origin": [0, 0, 0.25],
			"color": 0,
			"children": [0, 1, 2, 3, 4, 5, 6]
		},
		{
			"name": "notebook",
			"origin": [11.9375, 0, 9],
			"color": 0,
			"children": [
				7,
				8,
				9,
				{
					"name": "hexadecagon",
					"origin": [8, 8, 8],
					"color": 0,
					"children": [
						10,
						11,
						12,
						13,
						14,
						15,
						16,
						17,
						18,
						19,
						20,
						21,
						22,
						23,
						24,
						25,
						{
							"name": "hexadecagon",
							"origin": [8, 8, 8],
							"color": 0,
							"children": [
								26,
								27,
								28,
								29,
								30,
								31,
								32,
								33,
								34,
								35,
								36,
								37,
								38,
								39,
								40,
								41,
								{
									"name": "hexadecagon",
									"origin": [8, 8, 8],
									"color": 0,
									"children": [42, 43, 44, 45, 46, 47, 48, 49, 50, 51, 52, 53, 54, 55, 56, 57]
								}
							]
						}
					]
				},
				{
					"name": "pencil",
					"origin": [1, 0, 0],
					"color": 0,
					"children": [58, 59, 60, 61, 62, 63]
				}
			]
		}
	]
}