{
	"credit": "Made with Blockbench",
	"textures": {
		"0": "block/white_concrete",
		"1": "block/coarse_dirt",
		"2": "block/bamboo_stalk",
		"3": "block/bamboo_small_leaves",
		"4": "block/bamboo_singleleaf",
		"6": "block/stripped_dark_oak_log",
		"particle": "block/white_concrete"
	},
	"elements": [
		{
			"from": [3, 9, 3],
			"to": [13, 13, 13],
			"faces": {
				"north": {"uv": [3, 12, 13, 16], "texture": "#0"},
				"east": {"uv": [3, 12, 13, 16], "texture": "#0"},
				"south": {"uv": [3, 12, 13, 16], "texture": "#0"},
				"west": {"uv": [3, 12, 13, 16], "texture": "#0"},
				"down": {"uv": [3, 3, 13, 13], "texture": "#0"}
			}
		},
		{
			"from": [3, 13, 3],
			"to": [4, 14, 13],
			"faces": {
				"north": {"uv": [12, 11, 13, 12], "texture": "#0"},
				"south": {"uv": [3, 11, 4, 12], "texture": "#0"},
				"west": {"uv": [3, 11, 13, 12], "texture": "#0"},
				"up": {"uv": [3, 3, 4, 13], "texture": "#0"}
			}
		},
		{
			"from": [4, 13, 12],
			"to": [12, 14, 13],
			"faces": {
				"south": {"uv": [4, 11, 12, 12], "texture": "#0"},
				"up": {"uv": [4, 12, 12, 13], "texture": "#0"}
			}
		},
		{
			"from": [4, 13, 3],
			"to": [12, 14, 4],
			"faces": {
				"north": {"uv": [4, 11, 12, 12], "texture": "#0"},
				"up": {"uv": [4, 3, 12, 4], "texture": "#0"}
			}
		},
		{
			"from": [12, 13, 3],
			"to": [13, 14, 13],
			"faces": {
				"north": {"uv": [3, 11, 4, 12], "texture": "#0"},
				"east": {"uv": [3, 11, 13, 12], "texture": "#0"},
				"south": {"uv": [12, 11, 13, 12], "texture": "#0"},
				"up": {"uv": [12, 3, 13, 13], "texture": "#0"}
			}
		},
		{
			"from": [4, 13, 4],
			"to": [12, 14, 12],
			"faces": {
				"up": {"uv": [0, 0, 8, 8], "texture": "#1"}
			}
		},
		{
			"from": [9, 14, 9],
			"to": [12, 24, 12],
			"faces": {
				"north": {"uv": [0, 0, 3, 10], "texture": "#2"},
				"east": {"uv": [0, 0, 3, 10], "texture": "#2"},
				"south": {"uv": [0, 0, 3, 10], "texture": "#2"},
				"west": {"uv": [0, 0, 3, 10], "texture": "#2"},
				"up": {"uv": [13, 0, 16, 3], "texture": "#2"}
			}
		},
		{
			"from": [4, 14, 7],
			"to": [7, 21, 10],
			"faces": {
				"north": {"uv": [0, 3, 3, 10], "texture": "#2"},
				"east": {"uv": [0, 3, 3, 10], "texture": "#2"},
				"south": {"uv": [0, 3, 3, 10], "texture": "#2"},
				"west": {"uv": [0, 3, 3, 10], "texture": "#2"},
				"up": {"uv": [13, 0, 16, 3], "texture": "#2"}
			}
		},
		{
			"from": [8, 14, 5],
			"to": [11, 20, 8],
			"faces": {
				"north": {"uv": [0, 3, 3, 9], "texture": "#2"},
				"east": {"uv": [0, 3, 3, 9], "texture": "#2"},
				"south": {"uv": [0, 3, 3, 9], "texture": "#2"},
				"west": {"uv": [0, 3, 3, 9], "texture": "#2"},
				"up": {"uv": [13, 0, 16, 3], "texture": "#2"}
			}
		},
		{
			"from": [10.5, 14, 7],
			"to": [10.5, 24, 14],
			"faces": {
				"east": {"uv": [7, 0, 14, 10], "texture": "#3"},
				"west": {"uv": [7, 0, 14, 10], "texture": "#3"}
			}
		},
		{
			"from": [3, 15, 3],
			"to": [13, 15, 13],
			"faces": {
				"up": {"uv": [3, 0, 13, 10], "rotation": 90, "texture": "#3"},
				"down": {"uv": [13, 0, 3, 10], "rotation": 90, "texture": "#3"}
			}
		},
		{
			"from": [3, 14.1, 3],
			"to": [13, 14.1, 13],
			"faces": {
				"up": {"uv": [3, 0, 13, 10], "rotation": 180, "texture": "#3"},
				"down": {"uv": [3, 10, 13, 0], "rotation": 180, "texture": "#3"}
			}
		},
		{
			"from": [7, 14, 10.5],
			"to": [14, 24, 10.5],
			"faces": {
				"north": {"uv": [14, 0, 7, 10], "texture": "#3"},
				"south": {"uv": [14, 0, 7, 10], "texture": "#3"}
			}
		},
		{
			"from": [1, 18, 8.5],
			"to": [7, 22, 8.5],
			"faces": {
				"north": {"uv": [7, 1, 1, 5], "texture": "#4"},
				"south": {"uv": [1, 1, 7, 5], "texture": "#4"}
			}
		},
		{
			"from": [2, 0, 12],
			"to": [4, 11, 14],
			"faces": {
				"north": {"uv": [12, 5, 14, 16], "texture": "#6"},
				"east": {"uv": [2, 5, 4, 16], "texture": "#6"},
				"south": {"uv": [2, 5, 4, 16], "texture": "#6"},
				"west": {"uv": [12, 5, 14, 16], "texture": "#6"},
				"up": {"uv": [2, 12, 4, 14], "texture": "#6"},
				"down": {"uv": [2, 2, 4, 4], "texture": "#6"}
			}
		},
		{
			"from": [12, 0, 12],
			"to": [14, 11, 14],
			"faces": {
				"north": {"uv": [2, 5, 4, 16], "texture": "#6"},
				"east": {"uv": [2, 5, 4, 16], "texture": "#6"},
				"south": {"uv": [12, 5, 14, 16], "texture": "#6"},
				"west": {"uv": [12, 5, 14, 16], "texture": "#6"},
				"up": {"uv": [12, 12, 14, 14], "texture": "#6"},
				"down": {"uv": [12, 2, 14, 4], "texture": "#6"}
			}
		},
		{
			"from": [12, 0, 2],
			"to": [14, 11, 4],
			"faces": {
				"north": {"uv": [2, 5, 4, 16], "texture": "#6"},
				"east": {"uv": [12, 5, 14, 16], "texture": "#6"},
				"south": {"uv": [12, 5, 14, 16], "texture": "#6"},
				"west": {"uv": [2, 5, 4, 16], "texture": "#6"},
				"up": {"uv": [12, 2, 14, 4], "texture": "#6"},
				"down": {"uv": [12, 12, 14, 14], "texture": "#6"}
			}
		},
		{
			"from": [2, 0, 2],
			"to": [4, 11, 4],
			"faces": {
				"north": {"uv": [12, 5, 14, 16], "texture": "#6"},
				"east": {"uv": [12, 5, 14, 16], "texture": "#6"},
				"south": {"uv": [2, 5, 4, 16], "texture": "#6"},
				"west": {"uv": [2, 5, 4, 16], "texture": "#6"},
				"up": {"uv": [2, 2, 4, 4], "texture": "#6"},
				"down": {"uv": [2, 12, 4, 14], "texture": "#6"}
			}
		},
		{
			"from": [2, 7, 2],
			"to": [14, 9, 14],
			"faces": {
				"north": {"uv": [2, 7, 14, 9], "texture": "#6"},
				"east": {"uv": [2, 7, 14, 9], "texture": "#6"},
				"south": {"uv": [2, 7, 14, 9], "texture": "#6"},
				"west": {"uv": [2, 7, 14, 9], "texture": "#6"},
				"up": {"uv": [2, 2, 14, 14], "texture": "#6"},
				"down": {"uv": [2, 2, 14, 14], "texture": "#6"}
			}
		},
		{
			"from": [12, 3, 4],
			"to": [14, 4, 12],
			"faces": {
				"east": {"uv": [4, 12, 12, 13], "texture": "#6"},
				"west": {"uv": [4, 12, 12, 13], "texture": "#6"},
				"up": {"uv": [12, 4, 14, 12], "texture": "#6"},
				"down": {"uv": [12, 4, 14, 12], "texture": "#6"}
			}
		},
		{
			"from": [2, 3, 4],
			"to": [4, 4, 12],
			"faces": {
				"east": {"uv": [4, 12, 12, 13], "texture": "#6"},
				"west": {"uv": [4, 12, 12, 13], "texture": "#6"},
				"up": {"uv": [2, 4, 4, 12], "texture": "#6"},
				"down": {"uv": [2, 4, 4, 12], "texture": "#6"}
			}
		},
		{
			"from": [4, 3, 2],
			"to": [12, 4, 4],
			"faces": {
				"north": {"uv": [4, 12, 12, 13], "texture": "#6"},
				"south": {"uv": [4, 12, 12, 13], "texture": "#6"},
				"up": {"uv": [4, 2, 12, 4], "texture": "#6"},
				"down": {"uv": [4, 12, 12, 14], "texture": "#6"}
			}
		},
		{
			"from": [4, 3, 12],
			"to": [12, 4, 14],
			"faces": {
				"north": {"uv": [4, 12, 12, 13], "texture": "#6"},
				"south": {"uv": [4, 12, 12, 13], "texture": "#6"},
				"up": {"uv": [4, 12, 12, 14], "texture": "#6"},
				"down": {"uv": [4, 2, 12, 4], "texture": "#6"}
			}
		}
	],
	"display": {
		"firstperson_righthand": {
			"scale": [0.5, 0.5, 0.5]
		},
		"firstperson_lefthand": {
			"scale": [0.5, 0.5, 0.5]
		},
		"gui": {
			"rotation": [25, 159, 0],
			"translation": [0, -1, 0],
			"scale": [0.5, 0.5, 0.5]
		},
		"fixed": {
			"rotation": [-90, 0, 0],
			"translation": [0, 0, -15],
			"scale": [2, 2, 2]
		}
	},
	"groups": [
		{
			"name": "group",
			"origin": [8, 8, 8],
			"children": [0, 1, 2, 3, 4, 5]
		}, 6, 7, 8, 9, 10, 11, 12, 13,
		{
			"name": "group",
			"origin": [8, 8, 8],
			"children": [14, 15, 16, 17, 18, 19, 20, 21, 22]
		}
	]
}