{
	"credit": "Made with Blockbench",
	"textures": {
		"0": "block/stripped_dark_oak_log"
	},
	"elements": [
		{
			"from": [0, 16, 8],
			"to": [2, 32, 16],
			"faces": {
				"north": {"uv": [14, 0, 16, 16], "texture": "#0"},
				"east": {"uv": [0, 0, 8, 16], "texture": "#0"},
				"south": {"uv": [0, 0, 2, 16], "texture": "#0"},
				"west": {"uv": [8, 0, 16, 16], "texture": "#0"},
				"up": {"uv": [0, 8, 2, 16], "texture": "#0"},
				"down": {"uv": [0, 0, 2, 8], "texture": "#0"}
			}
		},
		{
			"from": [2, 16, 8],
			"to": [14, 18, 16],
			"faces": {
				"north": {"uv": [2, 14, 14, 16], "texture": "#0"},
				"south": {"uv": [2, 14, 14, 16], "texture": "#0"},
				"up": {"uv": [2, 8, 14, 16], "texture": "#0"},
				"down": {"uv": [2, 0, 14, 8], "texture": "#0"}
			}
		},
		{
			"from": [2, 18, 14],
			"to": [14, 30, 16],
			"faces": {
				"north": {"uv": [2, 2, 14, 14], "texture": "#0"},
				"east": {"uv": [0, 2, 2, 14], "texture": "#0"},
				"south": {"uv": [2, 2, 14, 14], "texture": "#0"},
				"west": {"uv": [14, 2, 16, 14], "texture": "#0"},
				"down": {"uv": [2, 0, 14, 2], "texture": "#0"}
			}
		},
		{
			"from": [1, 23, 8],
			"to": [15, 25, 14],
			"faces": {
				"north": {"uv": [1, 7, 15, 9], "texture": "#0"},
				"south": {"uv": [1, 7, 15, 9], "texture": "#0"},
				"up": {"uv": [1, 8, 15, 14], "texture": "#0"},
				"down": {"uv": [1, 2, 15, 8], "texture": "#0"}
			}
		},
		{
			"from": [6, 18, 8],
			"to": [10, 30, 14],
			"faces": {
				"north": {"uv": [6, 2, 10, 14], "texture": "#0"},
				"east": {"uv": [2, 2, 8, 14], "texture": "#0"},
				"west": {"uv": [8, 2, 14, 14], "texture": "#0"},
				"down": {"uv": [6, 2, 10, 8], "texture": "#0"}
			}
		},
		{
			"from": [2, 30, 8],
			"to": [14, 32, 16],
			"faces": {
				"north": {"uv": [2, 0, 14, 2], "texture": "#0"},
				"south": {"uv": [2, 0, 14, 2], "texture": "#0"},
				"up": {"uv": [2, 8, 14, 16], "texture": "#0"},
				"down": {"uv": [2, 0, 14, 8], "texture": "#0"}
			}
		},
		{
			"from": [14, 16, 8],
			"to": [16, 32, 16],
			"faces": {
				"north": {"uv": [0, 0, 2, 16], "texture": "#0"},
				"east": {"uv": [0, 0, 8, 16], "texture": "#0"},
				"south": {"uv": [14, 0, 16, 16], "texture": "#0"},
				"west": {"uv": [8, 0, 16, 16], "texture": "#0"},
				"up": {"uv": [14, 8, 16, 16], "texture": "#0"},
				"down": {"uv": [14, 0, 16, 8], "texture": "#0"}
			}
		},
		{
			"from": [13, 24, 7],
			"to": [15, 30, 8],
			"faces": {
				"north": {"uv": [1, 2, 3, 8], "texture": "#0"},
				"east": {"uv": [13, 2, 14, 8], "texture": "#0"},
				"south": {"uv": [13, 2, 15, 8], "texture": "#0"},
				"west": {"uv": [2, 2, 3, 8], "texture": "#0"},
				"up": {"uv": [2, 8, 4, 9], "texture": "#0"},
				"down": {"uv": [2, 0, 4, 1], "texture": "#0"}
			}
		},
		{
			"from": [11, 24, 7],
			"to": [13, 29, 8],
			"faces": {
				"north": {"uv": [3, 3, 5, 8], "texture": "#0"},
				"east": {"uv": [13, 3, 14, 8], "texture": "#0"},
				"south": {"uv": [11, 3, 13, 8], "texture": "#0"},
				"west": {"uv": [2, 3, 3, 8], "texture": "#0"},
				"up": {"uv": [2, 8, 4, 9], "texture": "#0"},
				"down": {"uv": [2, 0, 4, 1], "texture": "#0"}
			}
		},
		{
			"from": [9, 24, 7],
			"to": [11, 30, 8],
			"faces": {
				"north": {"uv": [5, 2, 7, 8], "texture": "#0"},
				"east": {"uv": [13, 2, 14, 8], "texture": "#0"},
				"south": {"uv": [9, 2, 11, 8], "texture": "#0"},
				"west": {"uv": [2, 2, 3, 8], "texture": "#0"},
				"up": {"uv": [2, 8, 4, 9], "texture": "#0"},
				"down": {"uv": [2, 0, 4, 1], "texture": "#0"}
			}
		},
		{
			"from": [5, 24, 7],
			"to": [7, 30, 8],
			"faces": {
				"north": {"uv": [9, 2, 11, 8], "texture": "#0"},
				"east": {"uv": [8, 2, 9, 8], "texture": "#0"},
				"south": {"uv": [5, 2, 7, 8], "texture": "#0"},
				"west": {"uv": [7, 2, 8, 8], "texture": "#0"},
				"up": {"uv": [2, 8, 4, 9], "texture": "#0"},
				"down": {"uv": [2, 0, 4, 1], "texture": "#0"}
			}
		},
		{
			"from": [3, 24, 7],
			"to": [5, 29, 8],
			"faces": {
				"north": {"uv": [11, 3, 13, 8], "texture": "#0"},
				"east": {"uv": [8, 3, 9, 8], "texture": "#0"},
				"south": {"uv": [3, 3, 5, 8], "texture": "#0"},
				"west": {"uv": [7, 3, 8, 8], "texture": "#0"},
				"up": {"uv": [2, 8, 4, 9], "texture": "#0"},
				"down": {"uv": [2, 0, 4, 1], "texture": "#0"}
			}
		},
		{
			"from": [1, 24, 7],
			"to": [3, 30, 8],
			"faces": {
				"north": {"uv": [13, 2, 15, 8], "texture": "#0"},
				"east": {"uv": [8, 2, 9, 8], "texture": "#0"},
				"south": {"uv": [1, 2, 3, 8], "texture": "#0"},
				"west": {"uv": [7, 2, 8, 8], "texture": "#0"},
				"up": {"uv": [2, 8, 4, 9], "texture": "#0"},
				"down": {"uv": [2, 0, 4, 1], "texture": "#0"}
			}
		},
		{
			"from": [5, 17, 7],
			"to": [7, 23, 8],
			"faces": {
				"north": {"uv": [9, 9, 11, 15], "texture": "#0"},
				"east": {"uv": [8, 9, 9, 15], "texture": "#0"},
				"south": {"uv": [5, 9, 7, 15], "texture": "#0"},
				"west": {"uv": [7, 9, 8, 15], "texture": "#0"},
				"up": {"uv": [5, 7, 7, 8], "texture": "#0"},
				"down": {"uv": [5, 8, 7, 9], "texture": "#0"}
			}
		},
		{
			"from": [3, 17, 7],
			"to": [5, 22, 8],
			"faces": {
				"north": {"uv": [11, 10, 13, 15], "texture": "#0"},
				"east": {"uv": [8, 10, 9, 15], "texture": "#0"},
				"south": {"uv": [3, 10, 5, 15], "texture": "#0"},
				"west": {"uv": [7, 10, 8, 15], "texture": "#0"},
				"up": {"uv": [3, 7, 5, 8], "texture": "#0"},
				"down": {"uv": [3, 8, 5, 9], "texture": "#0"}
			}
		},
		{
			"from": [1, 17, 7],
			"to": [3, 23, 8],
			"faces": {
				"north": {"uv": [13, 9, 15, 15], "texture": "#0"},
				"east": {"uv": [8, 9, 9, 15], "texture": "#0"},
				"south": {"uv": [1, 9, 3, 15], "texture": "#0"},
				"west": {"uv": [7, 9, 8, 15], "texture": "#0"},
				"up": {"uv": [1, 7, 3, 8], "texture": "#0"},
				"down": {"uv": [1, 8, 3, 9], "texture": "#0"}
			}
		},
		{
			"from": [13, 17, 7],
			"to": [15, 23, 8],
			"faces": {
				"north": {"uv": [1, 9, 3, 15], "texture": "#0"},
				"east": {"uv": [8, 9, 9, 15], "texture": "#0"},
				"south": {"uv": [13, 9, 15, 15], "texture": "#0"},
				"west": {"uv": [7, 9, 8, 15], "texture": "#0"},
				"up": {"uv": [2, 8, 4, 9], "texture": "#0"},
				"down": {"uv": [2, 0, 4, 1], "texture": "#0"}
			}
		},
		{
			"from": [11, 17, 7],
			"to": [13, 22, 8],
			"faces": {
				"north": {"uv": [3, 10, 5, 15], "texture": "#0"},
				"east": {"uv": [8, 10, 9, 15], "texture": "#0"},
				"south": {"uv": [11, 10, 13, 15], "texture": "#0"},
				"west": {"uv": [7, 10, 8, 15], "texture": "#0"},
				"up": {"uv": [2, 8, 4, 9], "texture": "#0"},
				"down": {"uv": [2, 0, 4, 1], "texture": "#0"}
			}
		},
		{
			"from": [9, 17, 7],
			"to": [11, 23, 8],
			"faces": {
				"north": {"uv": [5, 9, 7, 15], "texture": "#0"},
				"east": {"uv": [8, 9, 9, 15], "texture": "#0"},
				"south": {"uv": [9, 9, 11, 15], "texture": "#0"},
				"west": {"uv": [7, 9, 8, 15], "texture": "#0"},
				"up": {"uv": [2, 8, 4, 9], "texture": "#0"},
				"down": {"uv": [2, 0, 4, 1], "texture": "#0"}
			}
		},
		{
			"from": [0, 0, 8],
			"to": [2, 16, 16],
			"faces": {
				"north": {"uv": [14, 0, 16, 16], "texture": "#0"},
				"east": {"uv": [0, 0, 8, 16], "texture": "#0"},
				"south": {"uv": [0, 0, 2, 16], "texture": "#0"},
				"west": {"uv": [8, 0, 16, 16], "texture": "#0"},
				"up": {"uv": [0, 8, 2, 16], "texture": "#0"},
				"down": {"uv": [0, 0, 2, 8], "texture": "#0"}
			}
		},
		{
			"from": [2, 0, 8],
			"to": [14, 2, 16],
			"faces": {
				"north": {"uv": [2, 14, 14, 16], "texture": "#0"},
				"south": {"uv": [2, 14, 14, 16], "texture": "#0"},
				"up": {"uv": [2, 8, 14, 16], "texture": "#0"},
				"down": {"uv": [2, 0, 14, 8], "texture": "#0"}
			}
		},
		{
			"from": [2, 2, 14],
			"to": [14, 14, 16],
			"faces": {
				"north": {"uv": [2, 2, 14, 14], "texture": "#0"},
				"east": {"uv": [0, 2, 2, 14], "texture": "#0"},
				"south": {"uv": [2, 2, 14, 14], "texture": "#0"},
				"west": {"uv": [14, 2, 16, 14], "texture": "#0"},
				"down": {"uv": [2, 0, 14, 2], "texture": "#0"}
			}
		},
		{
			"from": [1, 7, 8],
			"to": [15, 9, 14],
			"faces": {
				"north": {"uv": [1, 7, 15, 9], "texture": "#0"},
				"south": {"uv": [1, 7, 15, 9], "texture": "#0"},
				"up": {"uv": [1, 8, 15, 14], "texture": "#0"},
				"down": {"uv": [1, 2, 15, 8], "texture": "#0"}
			}
		},
		{
			"from": [6, 2, 8],
			"to": [10, 14, 14],
			"faces": {
				"north": {"uv": [6, 2, 10, 14], "texture": "#0"},
				"east": {"uv": [2, 2, 8, 14], "texture": "#0"},
				"west": {"uv": [8, 2, 14, 14], "texture": "#0"},
				"down": {"uv": [6, 2, 10, 8], "texture": "#0"}
			}
		},
		{
			"from": [2, 14, 8],
			"to": [14, 16, 16],
			"faces": {
				"north": {"uv": [2, 0, 14, 2], "texture": "#0"},
				"south": {"uv": [2, 0, 14, 2], "texture": "#0"},
				"up": {"uv": [2, 8, 14, 16], "texture": "#0"},
				"down": {"uv": [2, 0, 14, 8], "texture": "#0"}
			}
		},
		{
			"from": [14, 0, 8],
			"to": [16, 16, 16],
			"faces": {
				"north": {"uv": [0, 0, 2, 16], "texture": "#0"},
				"east": {"uv": [0, 0, 8, 16], "texture": "#0"},
				"south": {"uv": [14, 0, 16, 16], "texture": "#0"},
				"west": {"uv": [8, 0, 16, 16], "texture": "#0"},
				"up": {"uv": [14, 8, 16, 16], "texture": "#0"},
				"down": {"uv": [14, 0, 16, 8], "texture": "#0"}
			}
		},
		{
			"from": [13, 8, 7],
			"to": [15, 14, 8],
			"faces": {
				"north": {"uv": [1, 2, 3, 8], "texture": "#0"},
				"east": {"uv": [8, 2, 9, 8], "texture": "#0"},
				"south": {"uv": [13, 2, 15, 8], "texture": "#0"},
				"west": {"uv": [7, 2, 8, 8], "texture": "#0"},
				"up": {"uv": [13, 7, 15, 8], "texture": "#0"},
				"down": {"uv": [13, 8, 15, 9], "texture": "#0"}
			}
		},
		{
			"from": [11, 8, 7],
			"to": [13, 13, 8],
			"faces": {
				"north": {"uv": [3, 3, 5, 8], "texture": "#0"},
				"east": {"uv": [8, 3, 9, 8], "texture": "#0"},
				"south": {"uv": [11, 3, 13, 8], "texture": "#0"},
				"west": {"uv": [7, 3, 8, 8], "texture": "#0"},
				"up": {"uv": [11, 7, 13, 8], "texture": "#0"},
				"down": {"uv": [11, 8, 13, 9], "texture": "#0"}
			}
		},
		{
			"from": [9, 8, 7],
			"to": [11, 14, 8],
			"faces": {
				"north": {"uv": [5, 2, 7, 8], "texture": "#0"},
				"east": {"uv": [8, 2, 9, 8], "texture": "#0"},
				"south": {"uv": [9, 2, 11, 8], "texture": "#0"},
				"west": {"uv": [7, 2, 8, 8], "texture": "#0"},
				"up": {"uv": [9, 7, 11, 8], "texture": "#0"},
				"down": {"uv": [9, 8, 11, 9], "texture": "#0"}
			}
		},
		{
			"from": [5, 8, 7],
			"to": [7, 14, 8],
			"faces": {
				"north": {"uv": [9, 2, 11, 8], "texture": "#0"},
				"east": {"uv": [8, 2, 9, 8], "texture": "#0"},
				"south": {"uv": [5, 2, 7, 8], "texture": "#0"},
				"west": {"uv": [7, 2, 8, 8], "texture": "#0"},
				"up": {"uv": [5, 7, 7, 8], "texture": "#0"},
				"down": {"uv": [5, 8, 7, 9], "texture": "#0"}
			}
		},
		{
			"from": [3, 8, 7],
			"to": [5, 13, 8],
			"faces": {
				"north": {"uv": [11, 3, 13, 8], "texture": "#0"},
				"east": {"uv": [8, 3, 9, 8], "texture": "#0"},
				"south": {"uv": [3, 3, 5, 8], "texture": "#0"},
				"west": {"uv": [7, 3, 8, 8], "texture": "#0"},
				"up": {"uv": [3, 7, 5, 8], "texture": "#0"},
				"down": {"uv": [3, 8, 5, 9], "texture": "#0"}
			}
		},
		{
			"from": [1, 8, 7],
			"to": [3, 14, 8],
			"faces": {
				"north": {"uv": [13, 2, 15, 8], "texture": "#0"},
				"east": {"uv": [8, 2, 9, 8], "texture": "#0"},
				"south": {"uv": [1, 2, 3, 8], "texture": "#0"},
				"west": {"uv": [7, 2, 8, 8], "texture": "#0"},
				"up": {"uv": [1, 7, 3, 8], "texture": "#0"},
				"down": {"uv": [1, 8, 3, 9], "texture": "#0"}
			}
		},
		{
			"from": [5, 1, 7],
			"to": [7, 7, 8],
			"faces": {
				"north": {"uv": [9, 9, 11, 15], "texture": "#0"},
				"east": {"uv": [8, 9, 9, 15], "texture": "#0"},
				"south": {"uv": [5, 9, 7, 15], "texture": "#0"},
				"west": {"uv": [7, 9, 8, 15], "texture": "#0"},
				"up": {"uv": [5, 7, 7, 8], "texture": "#0"},
				"down": {"uv": [5, 8, 7, 9], "texture": "#0"}
			}
		},
		{
			"from": [3, 1, 7],
			"to": [5, 6, 8],
			"faces": {
				"north": {"uv": [11, 10, 13, 15], "texture": "#0"},
				"east": {"uv": [8, 10, 9, 15], "texture": "#0"},
				"south": {"uv": [3, 10, 5, 15], "texture": "#0"},
				"west": {"uv": [7, 10, 8, 15], "texture": "#0"},
				"up": {"uv": [3, 7, 5, 8], "texture": "#0"},
				"down": {"uv": [3, 8, 5, 9], "texture": "#0"}
			}
		},
		{
			"from": [1, 1, 7],
			"to": [3, 7, 8],
			"faces": {
				"north": {"uv": [13, 9, 15, 15], "texture": "#0"},
				"east": {"uv": [8, 9, 9, 15], "texture": "#0"},
				"south": {"uv": [1, 9, 3, 15], "texture": "#0"},
				"west": {"uv": [7, 9, 8, 15], "texture": "#0"},
				"up": {"uv": [1, 7, 3, 8], "texture": "#0"},
				"down": {"uv": [1, 8, 3, 9], "texture": "#0"}
			}
		},
		{
			"from": [13, 1, 7],
			"to": [15, 7, 8],
			"faces": {
				"north": {"uv": [1, 9, 3, 15], "texture": "#0"},
				"east": {"uv": [8, 9, 9, 15], "texture": "#0"},
				"south": {"uv": [13, 9, 15, 15], "texture": "#0"},
				"west": {"uv": [7, 9, 8, 15], "texture": "#0"},
				"up": {"uv": [13, 7, 15, 8], "texture": "#0"},
				"down": {"uv": [13, 8, 15, 9], "texture": "#0"}
			}
		},
		{
			"from": [11, 1, 7],
			"to": [13, 6, 8],
			"faces": {
				"north": {"uv": [3, 10, 5, 15], "texture": "#0"},
				"east": {"uv": [8, 10, 9, 15], "texture": "#0"},
				"south": {"uv": [11, 10, 13, 15], "texture": "#0"},
				"west": {"uv": [7, 10, 8, 15], "texture": "#0"},
				"up": {"uv": [11, 7, 13, 8], "texture": "#0"},
				"down": {"uv": [11, 8, 13, 9], "texture": "#0"}
			}
		},
		{
			"from": [9, 1, 7],
			"to": [11, 7, 8],
			"faces": {
				"north": {"uv": [5, 9, 7, 15], "texture": "#0"},
				"east": {"uv": [8, 9, 9, 15], "texture": "#0"},
				"south": {"uv": [9, 9, 11, 15], "texture": "#0"},
				"west": {"uv": [7, 9, 8, 15], "texture": "#0"},
				"up": {"uv": [9, 7, 11, 8], "texture": "#0"},
				"down": {"uv": [9, 8, 11, 9], "texture": "#0"}
			}
		},
		{
			"from": [0, -16, 8],
			"to": [2, 0, 16],
			"faces": {
				"north": {"uv": [14, 0, 16, 16], "texture": "#0"},
				"east": {"uv": [0, 0, 8, 16], "texture": "#0"},
				"south": {"uv": [0, 0, 2, 16], "texture": "#0"},
				"west": {"uv": [8, 0, 16, 16], "texture": "#0"},
				"up": {"uv": [0, 8, 2, 16], "texture": "#0"},
				"down": {"uv": [0, 0, 2, 8], "texture": "#0"}
			}
		},
		{
			"from": [2, -16, 8],
			"to": [14, -14, 16],
			"faces": {
				"north": {"uv": [2, 14, 14, 16], "texture": "#0"},
				"south": {"uv": [2, 14, 14, 16], "texture": "#0"},
				"up": {"uv": [2, 8, 14, 16], "texture": "#0"},
				"down": {"uv": [2, 0, 14, 8], "texture": "#0"}
			}
		},
		{
			"from": [2, -14, 14],
			"to": [14, -2, 16],
			"faces": {
				"north": {"uv": [2, 2, 14, 14], "texture": "#0"},
				"east": {"uv": [0, 2, 2, 14], "texture": "#0"},
				"south": {"uv": [2, 2, 14, 14], "texture": "#0"},
				"west": {"uv": [14, 2, 16, 14], "texture": "#0"},
				"down": {"uv": [2, 0, 14, 2], "texture": "#0"}
			}
		},
		{
			"from": [1, -9, 8],
			"to": [15, -7, 14],
			"faces": {
				"north": {"uv": [1, 7, 15, 9], "texture": "#0"},
				"south": {"uv": [1, 7, 15, 9], "texture": "#0"},
				"up": {"uv": [1, 8, 15, 14], "texture": "#0"},
				"down": {"uv": [1, 2, 15, 8], "texture": "#0"}
			}
		},
		{
			"from": [6, -14, 8],
			"to": [10, -2, 14],
			"faces": {
				"north": {"uv": [6, 2, 10, 14], "texture": "#0"},
				"east": {"uv": [2, 2, 8, 14], "texture": "#0"},
				"west": {"uv": [8, 2, 14, 14], "texture": "#0"},
				"down": {"uv": [6, 2, 10, 8], "texture": "#0"}
			}
		},
		{
			"from": [2, -2, 8],
			"to": [14, 0, 16],
			"faces": {
				"north": {"uv": [2, 0, 14, 2], "texture": "#0"},
				"south": {"uv": [2, 0, 14, 2], "texture": "#0"},
				"up": {"uv": [2, 8, 14, 16], "texture": "#0"},
				"down": {"uv": [2, 0, 14, 8], "texture": "#0"}
			}
		},
		{
			"from": [14, -16, 8],
			"to": [16, 0, 16],
			"faces": {
				"north": {"uv": [0, 0, 2, 16], "texture": "#0"},
				"east": {"uv": [0, 0, 8, 16], "texture": "#0"},
				"south": {"uv": [14, 0, 16, 16], "texture": "#0"},
				"west": {"uv": [8, 0, 16, 16], "texture": "#0"},
				"up": {"uv": [14, 8, 16, 16], "texture": "#0"},
				"down": {"uv": [14, 0, 16, 8], "texture": "#0"}
			}
		},
		{
			"from": [5, -15, 7],
			"to": [7, -9, 8],
			"faces": {
				"north": {"uv": [9, 9, 11, 15], "texture": "#0"},
				"east": {"uv": [8, 9, 9, 15], "texture": "#0"},
				"south": {"uv": [5, 9, 7, 15], "texture": "#0"},
				"west": {"uv": [7, 9, 8, 15], "texture": "#0"},
				"up": {"uv": [5, 7, 7, 8], "texture": "#0"},
				"down": {"uv": [5, 8, 7, 9], "texture": "#0"}
			}
		},
		{
			"from": [3, -15, 7],
			"to": [5, -10, 8],
			"faces": {
				"north": {"uv": [11, 10, 13, 15], "texture": "#0"},
				"east": {"uv": [8, 10, 9, 15], "texture": "#0"},
				"south": {"uv": [3, 10, 5, 15], "texture": "#0"},
				"west": {"uv": [7, 10, 8, 15], "texture": "#0"},
				"up": {"uv": [3, 7, 5, 8], "texture": "#0"},
				"down": {"uv": [3, 8, 5, 9], "texture": "#0"}
			}
		},
		{
			"from": [1, -15, 7],
			"to": [3, -9, 8],
			"faces": {
				"north": {"uv": [13, 9, 15, 15], "texture": "#0"},
				"east": {"uv": [8, 9, 9, 15], "texture": "#0"},
				"south": {"uv": [1, 9, 3, 15], "texture": "#0"},
				"west": {"uv": [7, 9, 8, 15], "texture": "#0"},
				"up": {"uv": [1, 7, 3, 8], "texture": "#0"},
				"down": {"uv": [1, 8, 3, 9], "texture": "#0"}
			}
		},
		{
			"from": [5, -8, 7],
			"to": [7, -2, 8],
			"faces": {
				"north": {"uv": [9, 2, 11, 8], "texture": "#0"},
				"east": {"uv": [8, 2, 9, 8], "texture": "#0"},
				"south": {"uv": [5, 2, 7, 8], "texture": "#0"},
				"west": {"uv": [7, 2, 8, 8], "texture": "#0"},
				"up": {"uv": [5, 7, 7, 8], "texture": "#0"},
				"down": {"uv": [5, 8, 7, 9], "texture": "#0"}
			}
		},
		{
			"from": [3, -8, 7],
			"to": [5, -3, 8],
			"faces": {
				"north": {"uv": [11, 3, 13, 8], "texture": "#0"},
				"east": {"uv": [8, 3, 9, 8], "texture": "#0"},
				"south": {"uv": [3, 3, 5, 8], "texture": "#0"},
				"west": {"uv": [7, 3, 8, 8], "texture": "#0"},
				"up": {"uv": [3, 7, 5, 8], "texture": "#0"},
				"down": {"uv": [3, 8, 5, 9], "texture": "#0"}
			}
		},
		{
			"from": [1, -8, 7],
			"to": [3, -2, 8],
			"faces": {
				"north": {"uv": [13, 2, 15, 8], "texture": "#0"},
				"east": {"uv": [8, 2, 9, 8], "texture": "#0"},
				"south": {"uv": [1, 2, 3, 8], "texture": "#0"},
				"west": {"uv": [7, 2, 8, 8], "texture": "#0"},
				"up": {"uv": [1, 7, 3, 8], "texture": "#0"},
				"down": {"uv": [1, 8, 3, 9], "texture": "#0"}
			}
		},
		{
			"from": [13, -8, 7],
			"to": [15, -2, 8],
			"faces": {
				"north": {"uv": [1, 2, 3, 8], "texture": "#0"},
				"east": {"uv": [8, 2, 9, 8], "texture": "#0"},
				"south": {"uv": [13, 2, 15, 8], "texture": "#0"},
				"west": {"uv": [7, 2, 8, 8], "texture": "#0"},
				"up": {"uv": [13, 7, 15, 8], "texture": "#0"},
				"down": {"uv": [13, 8, 15, 9], "texture": "#0"}
			}
		},
		{
			"from": [11, -8, 7],
			"to": [13, -3, 8],
			"faces": {
				"north": {"uv": [3, 3, 5, 8], "texture": "#0"},
				"east": {"uv": [8, 3, 9, 8], "texture": "#0"},
				"south": {"uv": [11, 3, 13, 8], "texture": "#0"},
				"west": {"uv": [7, 3, 8, 8], "texture": "#0"},
				"up": {"uv": [11, 7, 13, 8], "texture": "#0"},
				"down": {"uv": [11, 8, 13, 9], "texture": "#0"}
			}
		},
		{
			"from": [9, -8, 7],
			"to": [11, -2, 8],
			"faces": {
				"north": {"uv": [5, 2, 7, 8], "texture": "#0"},
				"east": {"uv": [8, 2, 9, 8], "texture": "#0"},
				"south": {"uv": [9, 2, 11, 8], "texture": "#0"},
				"west": {"uv": [7, 2, 8, 8], "texture": "#0"},
				"up": {"uv": [9, 7, 11, 8], "texture": "#0"},
				"down": {"uv": [9, 8, 11, 9], "texture": "#0"}
			}
		},
		{
			"from": [13, -15, 7],
			"to": [15, -9, 8],
			"faces": {
				"north": {"uv": [1, 9, 3, 15], "texture": "#0"},
				"east": {"uv": [8, 9, 9, 15], "texture": "#0"},
				"south": {"uv": [13, 9, 15, 15], "texture": "#0"},
				"west": {"uv": [7, 9, 8, 15], "texture": "#0"},
				"up": {"uv": [2, 8, 4, 9], "texture": "#0"},
				"down": {"uv": [2, 0, 4, 1], "texture": "#0"}
			}
		},
		{
			"from": [11, -15, 7],
			"to": [13, -10, 8],
			"faces": {
				"north": {"uv": [3, 10, 5, 15], "texture": "#0"},
				"east": {"uv": [8, 10, 9, 15], "texture": "#0"},
				"south": {"uv": [11, 10, 13, 15], "texture": "#0"},
				"west": {"uv": [7, 10, 8, 15], "texture": "#0"},
				"up": {"uv": [2, 8, 4, 9], "texture": "#0"},
				"down": {"uv": [2, 0, 4, 1], "texture": "#0"}
			}
		},
		{
			"from": [9, -15, 7],
			"to": [11, -9, 8],
			"faces": {
				"north": {"uv": [5, 9, 7, 15], "texture": "#0"},
				"east": {"uv": [8, 9, 9, 15], "texture": "#0"},
				"south": {"uv": [9, 9, 11, 15], "texture": "#0"},
				"west": {"uv": [7, 9, 8, 15], "texture": "#0"},
				"up": {"uv": [2, 8, 4, 9], "texture": "#0"},
				"down": {"uv": [2, 0, 4, 1], "texture": "#0"}
			}
		}
	],
	"display": {
		"gui": {
			"rotation": [25, 159, 0],
			"translation": [-0.75, -1, 0],
			"scale": [0.3, 0.3, 0.3]
		},
		"fixed": {
			"rotation": [-90, 0, 0],
			"translation": [0, 0, -45.75],
			"scale": [2, 2, 2]
		}
	},
	"groups": [
		{
			"name": "group",
			"origin": [8, 8, 8],
			"children": [
				{
					"name": "group",
					"origin": [0, 0, 0],
					"children": [0, 1, 2, 3, 4, 5, 6]
				},
				{
					"name": "group",
					"origin": [8, 8, 8],
					"children": [7, 8, 9]
				},
				{
					"name": "group",
					"origin": [8, 8, 8],
					"children": [10, 11, 12]
				},
				{
					"name": "group",
					"origin": [8, 8, 8],
					"children": [13, 14, 15]
				},
				{
					"name": "group",
					"origin": [8, 8, 8],
					"children": [16, 17, 18]
				}
			]
		},
		{
			"name": "group",
			"origin": [0, 0, 0],
			"children": [
				{
					"name": "group",
					"origin": [0, 0, 0],
					"children": [19, 20, 21, 22, 23, 24, 25]
				},
				{
					"name": "group",
					"origin": [8, 8, 8],
					"children": [26, 27, 28]
				},
				{
					"name": "group",
					"origin": [8, 8, 8],
					"children": [29, 30, 31]
				},
				{
					"name": "group",
					"origin": [8, 8, 8],
					"children": [32, 33, 34]
				},
				{
					"name": "group",
					"origin": [8, 8, 8],
					"children": [35, 36, 37]
				}
			]
		},
		{
			"name": "group",
			"origin": [8, 8, 8],
			"children": [
				{
					"name": "group",
					"origin": [0, 0, 0],
					"children": [38, 39, 40, 41, 42, 43, 44]
				},
				{
					"name": "group",
					"origin": [8, 8, 8],
					"children": [45, 46, 47]
				},
				{
					"name": "group",
					"origin": [8, 8, 8],
					"children": [48, 49, 50]
				},
				{
					"name": "group",
					"origin": [8, 8, 8],
					"children": [51, 52, 53]
				},
				{
					"name": "group",
					"origin": [8, 8, 8],
					"children": [54, 55, 56]
				}
			]
		}
	]
}