{
	"credit": "Made with Blockbench",
	"textures": {
		"0": "block/stripped_dark_oak_log"
	},
	"elements": [
		{
			"from": [0, 16, 8],
			"to": [2, 32, 16],
			"faces": {
				"north": {"uv": [14, 0, 16, 16], "texture": "#0"},
				"east": {"uv": [0, 0, 8, 16], "texture": "#0"},
				"south": {"uv": [0, 0, 2, 16], "texture": "#0"},
				"west": {"uv": [8, 0, 16, 16], "texture": "#0"},
				"up": {"uv": [0, 8, 2, 16], "texture": "#0"},
				"down": {"uv": [0, 0, 2, 8], "texture": "#0"}
			}
		},
		{
			"from": [2, 16, 8],
			"to": [14, 18, 16],
			"faces": {
				"north": {"uv": [2, 14, 14, 16], "texture": "#0"},
				"south": {"uv": [2, 14, 14, 16], "texture": "#0"},
				"up": {"uv": [2, 8, 14, 16], "texture": "#0"},
				"down": {"uv": [2, 0, 14, 8], "texture": "#0"}
			}
		},
		{
			"from": [2, 18, 14],
			"to": [14, 30, 16],
			"faces": {
				"north": {"uv": [2, 2, 14, 14], "texture": "#0"},
				"east": {"uv": [0, 2, 2, 14], "texture": "#0"},
				"south": {"uv": [2, 2, 14, 14], "texture": "#0"},
				"west": {"uv": [14, 2, 16, 14], "texture": "#0"},
				"down": {"uv": [2, 0, 14, 2], "texture": "#0"}
			}
		},
		{
			"from": [1, 23, 8],
			"to": [15, 25, 14],
			"faces": {
				"north": {"uv": [1, 7, 15, 9], "texture": "#0"},
				"south": {"uv": [1, 7, 15, 9], "texture": "#0"},
				"up": {"uv": [1, 8, 15, 14], "texture": "#0"},
				"down": {"uv": [1, 2, 15, 8], "texture": "#0"}
			}
		},
		{
			"from": [6, 18, 8],
			"to": [10, 30, 14],
			"faces": {
				"north": {"uv": [6, 2, 10, 14], "texture": "#0"},
				"east": {"uv": [2, 2, 8, 14], "texture": "#0"},
				"west": {"uv": [8, 2, 14, 14], "texture": "#0"},
				"down": {"uv": [6, 2, 10, 8], "texture": "#0"}
			}
		},
		{
			"from": [2, 30, 8],
			"to": [14, 32, 16],
			"faces": {
				"north": {"uv": [2, 0, 14, 2], "texture": "#0"},
				"south": {"uv": [2, 0, 14, 2], "texture": "#0"},
				"up": {"uv": [2, 8, 14, 16], "texture": "#0"},
				"down": {"uv": [2, 0, 14, 8], "texture": "#0"}
			}
		},
		{
			"from": [14, 16, 8],
			"to": [16, 32, 16],
			"faces": {
				"north": {"uv": [0, 0, 2, 16], "texture": "#0"},
				"east": {"uv": [0, 0, 8, 16], "texture": "#0"},
				"south": {"uv": [14, 0, 16, 16], "texture": "#0"},
				"west": {"uv": [8, 0, 16, 16], "texture": "#0"},
				"up": {"uv": [14, 8, 16, 16], "texture": "#0"},
				"down": {"uv": [14, 0, 16, 8], "texture": "#0"}
			}
		},
		{
			"from": [13, 24, 7],
			"to": [15, 30, 8],
			"faces": {
				"north": {"uv": [1, 2, 3, 8], "texture": "#0"},
				"east": {"uv": [13, 2, 14, 8], "texture": "#0"},
				"south": {"uv": [13, 2, 15, 8], "texture": "#0"},
				"west": {"uv": [2, 2, 3, 8], "texture": "#0"},
				"up": {"uv": [2, 8, 4, 9], "texture": "#0"},
				"down": {"uv": [2, 0, 4, 1], "texture": "#0"}
			}
		},
		{
			"from": [11, 24, 7],
			"to": [13, 29, 8],
			"faces": {
				"north": {"uv": [3, 3, 5, 8], "texture": "#0"},
				"east": {"uv": [13, 3, 14, 8], "texture": "#0"},
				"south": {"uv": [11, 3, 13, 8], "texture": "#0"},
				"west": {"uv": [2, 3, 3, 8], "texture": "#0"},
				"up": {"uv": [2, 8, 4, 9], "texture": "#0"},
				"down": {"uv": [2, 0, 4, 1], "texture": "#0"}
			}
		},
		{
			"from": [9, 24, 7],
			"to": [11, 30, 8],
			"faces": {
				"north": {"uv": [5, 2, 7, 8], "texture": "#0"},
				"east": {"uv": [13, 2, 14, 8], "texture": "#0"},
				"south": {"uv": [9, 2, 11, 8], "texture": "#0"},
				"west": {"uv": [2, 2, 3, 8], "texture": "#0"},
				"up": {"uv": [2, 8, 4, 9], "texture": "#0"},
				"down": {"uv": [2, 0, 4, 1], "texture": "#0"}
			}
		},
		{
			"from": [5, 24, 7],
			"to": [7, 30, 8],
			"faces": {
				"north": {"uv": [9, 2, 11, 8], "texture": "#0"},
				"east": {"uv": [8, 2, 9, 8], "texture": "#0"},
				"south": {"uv": [5, 2, 7, 8], "texture": "#0"},
				"west": {"uv": [7, 2, 8, 8], "texture": "#0"},
				"up": {"uv": [2, 8, 4, 9], "texture": "#0"},
				"down": {"uv": [2, 0, 4, 1], "texture": "#0"}
			}
		},
		{
			"from": [3, 24, 7],
			"to": [5, 29, 8],
			"faces": {
				"north": {"uv": [11, 3, 13, 8], "texture": "#0"},
				"east": {"uv": [8, 3, 9, 8], "texture": "#0"},
				"south": {"uv": [3, 3, 5, 8], "texture": "#0"},
				"west": {"uv": [7, 3, 8, 8], "texture": "#0"},
				"up": {"uv": [2, 8, 4, 9], "texture": "#0"},
				"down": {"uv": [2, 0, 4, 1], "texture": "#0"}
			}
		},
		{
			"from": [1, 24, 7],
			"to": [3, 30, 8],
			"faces": {
				"north": {"uv": [13, 2, 15, 8], "texture": "#0"},
				"east": {"uv": [8, 2, 9, 8], "texture": "#0"},
				"south": {"uv": [1, 2, 3, 8], "texture": "#0"},
				"west": {"uv": [7, 2, 8, 8], "texture": "#0"},
				"up": {"uv": [2, 8, 4, 9], "texture": "#0"},
				"down": {"uv": [2, 0, 4, 1], "texture": "#0"}
			}
		},
		{
			"from": [2, 18, 12],
			"to": [6, 23, 13],
			"faces": {
				"north": {"uv": [10, 9, 14, 14], "texture": "#0"},
				"east": {"uv": [3, 9, 4, 14], "texture": "#0"},
				"south": {"uv": [2, 9, 6, 14], "texture": "#0"},
				"west": {"uv": [12, 9, 13, 14], "texture": "#0"}
			}
		},
		{
			"from": [5, 17, 4],
			"to": [7, 23, 5],
			"faces": {
				"north": {"uv": [9, 9, 11, 15], "texture": "#0"},
				"east": {"uv": [11, 9, 12, 15], "texture": "#0"},
				"south": {"uv": [5, 9, 7, 15], "texture": "#0"},
				"west": {"uv": [4, 9, 5, 15], "texture": "#0"},
				"up": {"uv": [2, 8, 4, 9], "texture": "#0"},
				"down": {"uv": [2, 0, 4, 1], "texture": "#0"}
			}
		},
		{
			"from": [6, 18, 5],
			"to": [7, 23, 12],
			"faces": {
				"north": {"uv": [9, 9, 10, 14], "texture": "#0"},
				"east": {"uv": [4, 9, 11, 14], "texture": "#0"},
				"south": {"uv": [6, 9, 7, 14], "texture": "#0"},
				"west": {"uv": [5, 9, 12, 14], "texture": "#0"},
				"up": {"uv": [2, 8, 3, 15], "texture": "#0"},
				"down": {"uv": [2, 0, 3, 7], "texture": "#0"}
			}
		},
		{
			"from": [1, 18, 5],
			"to": [2, 23, 12],
			"faces": {
				"north": {"uv": [14, 9, 15, 14], "texture": "#0"},
				"east": {"uv": [4, 9, 11, 14], "texture": "#0"},
				"south": {"uv": [1, 9, 2, 14], "texture": "#0"},
				"west": {"uv": [5, 9, 12, 14], "texture": "#0"},
				"up": {"uv": [2, 8, 3, 15], "texture": "#0"},
				"down": {"uv": [2, 0, 3, 7], "texture": "#0"}
			}
		},
		{
			"from": [1, 17, 5],
			"to": [7, 18, 12],
			"faces": {
				"north": {"uv": [9, 14, 15, 15], "texture": "#0"},
				"east": {"uv": [4, 14, 11, 15], "texture": "#0"},
				"south": {"uv": [1, 14, 7, 15], "texture": "#0"},
				"west": {"uv": [5, 14, 12, 15], "texture": "#0"},
				"up": {"uv": [2, 8, 8, 15], "texture": "#0"},
				"down": {"uv": [2, 0, 8, 7], "texture": "#0"}
			}
		},
		{
			"from": [3, 17, 4],
			"to": [5, 22, 5],
			"faces": {
				"north": {"uv": [11, 10, 13, 15], "texture": "#0"},
				"east": {"uv": [11, 10, 12, 15], "texture": "#0"},
				"south": {"uv": [3, 10, 5, 15], "texture": "#0"},
				"west": {"uv": [4, 10, 5, 15], "texture": "#0"},
				"up": {"uv": [2, 8, 4, 9], "texture": "#0"},
				"down": {"uv": [2, 0, 4, 1], "texture": "#0"}
			}
		},
		{
			"from": [1, 17, 4],
			"to": [3, 23, 5],
			"faces": {
				"north": {"uv": [13, 9, 15, 15], "texture": "#0"},
				"east": {"uv": [11, 9, 12, 15], "texture": "#0"},
				"south": {"uv": [1, 9, 3, 15], "texture": "#0"},
				"west": {"uv": [4, 9, 5, 15], "texture": "#0"},
				"up": {"uv": [2, 8, 4, 9], "texture": "#0"},
				"down": {"uv": [2, 0, 4, 1], "texture": "#0"}
			}
		},
		{
			"from": [13, 17, 7],
			"to": [15, 23, 8],
			"faces": {
				"north": {"uv": [1, 9, 3, 15], "texture": "#0"},
				"east": {"uv": [8, 9, 9, 15], "texture": "#0"},
				"south": {"uv": [13, 9, 15, 15], "texture": "#0"},
				"west": {"uv": [7, 9, 8, 15], "texture": "#0"},
				"up": {"uv": [2, 8, 4, 9], "texture": "#0"},
				"down": {"uv": [2, 0, 4, 1], "texture": "#0"}
			}
		},
		{
			"from": [11, 17, 7],
			"to": [13, 22, 8],
			"faces": {
				"north": {"uv": [3, 10, 5, 15], "texture": "#0"},
				"east": {"uv": [8, 10, 9, 15], "texture": "#0"},
				"south": {"uv": [11, 10, 13, 15], "texture": "#0"},
				"west": {"uv": [7, 10, 8, 15], "texture": "#0"},
				"up": {"uv": [2, 8, 4, 9], "texture": "#0"},
				"down": {"uv": [2, 0, 4, 1], "texture": "#0"}
			}
		},
		{
			"from": [9, 17, 7],
			"to": [11, 23, 8],
			"faces": {
				"north": {"uv": [5, 9, 7, 15], "texture": "#0"},
				"east": {"uv": [8, 9, 9, 15], "texture": "#0"},
				"south": {"uv": [9, 9, 11, 15], "texture": "#0"},
				"west": {"uv": [7, 9, 8, 15], "texture": "#0"},
				"up": {"uv": [2, 8, 4, 9], "texture": "#0"},
				"down": {"uv": [2, 0, 4, 1], "texture": "#0"}
			}
		},
		{
			"from": [0, 0, 8],
			"to": [2, 16, 16],
			"faces": {
				"north": {"uv": [14, 0, 16, 16], "texture": "#0"},
				"east": {"uv": [0, 0, 8, 16], "texture": "#0"},
				"south": {"uv": [0, 0, 2, 16], "texture": "#0"},
				"west": {"uv": [8, 0, 16, 16], "texture": "#0"},
				"up": {"uv": [0, 8, 2, 16], "texture": "#0"},
				"down": {"uv": [0, 0, 2, 8], "texture": "#0"}
			}
		},
		{
			"from": [2, 0, 8],
			"to": [14, 2, 16],
			"faces": {
				"north": {"uv": [2, 14, 14, 16], "texture": "#0"},
				"south": {"uv": [2, 14, 14, 16], "texture": "#0"},
				"up": {"uv": [2, 8, 14, 16], "texture": "#0"},
				"down": {"uv": [2, 0, 14, 8], "texture": "#0"}
			}
		},
		{
			"from": [2, 2, 14],
			"to": [14, 14, 16],
			"faces": {
				"north": {"uv": [2, 2, 14, 14], "texture": "#0"},
				"east": {"uv": [0, 2, 2, 14], "texture": "#0"},
				"south": {"uv": [2, 2, 14, 14], "texture": "#0"},
				"west": {"uv": [14, 2, 16, 14], "texture": "#0"},
				"down": {"uv": [2, 0, 14, 2], "texture": "#0"}
			}
		},
		{
			"from": [1, 7, 8],
			"to": [15, 9, 14],
			"faces": {
				"north": {"uv": [1, 7, 15, 9], "texture": "#0"},
				"south": {"uv": [1, 7, 15, 9], "texture": "#0"},
				"up": {"uv": [1, 8, 15, 14], "texture": "#0"},
				"down": {"uv": [1, 2, 15, 8], "texture": "#0"}
			}
		},
		{
			"from": [6, 2, 8],
			"to": [10, 14, 14],
			"faces": {
				"north": {"uv": [6, 2, 10, 14], "texture": "#0"},
				"east": {"uv": [2, 2, 8, 14], "texture": "#0"},
				"west": {"uv": [8, 2, 14, 14], "texture": "#0"},
				"down": {"uv": [6, 2, 10, 8], "texture": "#0"}
			}
		},
		{
			"from": [2, 14, 8],
			"to": [14, 16, 16],
			"faces": {
				"north": {"uv": [2, 0, 14, 2], "texture": "#0"},
				"south": {"uv": [2, 0, 14, 2], "texture": "#0"},
				"up": {"uv": [2, 8, 14, 16], "texture": "#0"},
				"down": {"uv": [2, 0, 14, 8], "texture": "#0"}
			}
		},
		{
			"from": [14, 0, 8],
			"to": [16, 16, 16],
			"faces": {
				"north": {"uv": [0, 0, 2, 16], "texture": "#0"},
				"east": {"uv": [0, 0, 8, 16], "texture": "#0"},
				"south": {"uv": [14, 0, 16, 16], "texture": "#0"},
				"west": {"uv": [8, 0, 16, 16], "texture": "#0"},
				"up": {"uv": [14, 8, 16, 16], "texture": "#0"},
				"down": {"uv": [14, 0, 16, 8], "texture": "#0"}
			}
		},
		{
			"from": [13, 1, 7],
			"to": [15, 7, 8],
			"faces": {
				"north": {"uv": [1, 9, 3, 15], "texture": "#0"},
				"east": {"uv": [8, 9, 9, 15], "texture": "#0"},
				"south": {"uv": [13, 9, 15, 15], "texture": "#0"},
				"west": {"uv": [7, 9, 8, 15], "texture": "#0"},
				"up": {"uv": [13, 7, 15, 8], "texture": "#0"},
				"down": {"uv": [13, 8, 15, 9], "texture": "#0"}
			}
		},
		{
			"from": [11, 1, 7],
			"to": [13, 6, 8],
			"faces": {
				"north": {"uv": [3, 10, 5, 15], "texture": "#0"},
				"east": {"uv": [8, 10, 9, 15], "texture": "#0"},
				"south": {"uv": [11, 10, 13, 15], "texture": "#0"},
				"west": {"uv": [7, 10, 8, 15], "texture": "#0"},
				"up": {"uv": [11, 7, 13, 8], "texture": "#0"},
				"down": {"uv": [11, 8, 13, 9], "texture": "#0"}
			}
		},
		{
			"from": [9, 1, 7],
			"to": [11, 7, 8],
			"faces": {
				"north": {"uv": [5, 9, 7, 15], "texture": "#0"},
				"east": {"uv": [8, 9, 9, 15], "texture": "#0"},
				"south": {"uv": [9, 9, 11, 15], "texture": "#0"},
				"west": {"uv": [7, 9, 8, 15], "texture": "#0"},
				"up": {"uv": [9, 7, 11, 8], "texture": "#0"},
				"down": {"uv": [9, 8, 11, 9], "texture": "#0"}
			}
		},
		{
			"from": [5, 1, 7],
			"to": [7, 7, 8],
			"faces": {
				"north": {"uv": [9, 9, 11, 15], "texture": "#0"},
				"east": {"uv": [8, 9, 9, 15], "texture": "#0"},
				"south": {"uv": [5, 9, 7, 15], "texture": "#0"},
				"west": {"uv": [7, 9, 8, 15], "texture": "#0"},
				"up": {"uv": [5, 7, 7, 8], "texture": "#0"},
				"down": {"uv": [5, 8, 7, 9], "texture": "#0"}
			}
		},
		{
			"from": [3, 1, 7],
			"to": [5, 6, 8],
			"faces": {
				"north": {"uv": [11, 10, 13, 15], "texture": "#0"},
				"east": {"uv": [8, 10, 9, 15], "texture": "#0"},
				"south": {"uv": [3, 10, 5, 15], "texture": "#0"},
				"west": {"uv": [7, 10, 8, 15], "texture": "#0"},
				"up": {"uv": [3, 7, 5, 8], "texture": "#0"},
				"down": {"uv": [3, 8, 5, 9], "texture": "#0"}
			}
		},
		{
			"from": [1, 1, 7],
			"to": [3, 7, 8],
			"faces": {
				"north": {"uv": [13, 9, 15, 15], "texture": "#0"},
				"east": {"uv": [8, 9, 9, 15], "texture": "#0"},
				"south": {"uv": [1, 9, 3, 15], "texture": "#0"},
				"west": {"uv": [7, 9, 8, 15], "texture": "#0"},
				"up": {"uv": [1, 7, 3, 8], "texture": "#0"},
				"down": {"uv": [1, 8, 3, 9], "texture": "#0"}
			}
		},
		{
			"from": [5, 8, 7],
			"to": [7, 14, 8],
			"faces": {
				"north": {"uv": [9, 2, 11, 8], "texture": "#0"},
				"east": {"uv": [8, 2, 9, 8], "texture": "#0"},
				"south": {"uv": [5, 2, 7, 8], "texture": "#0"},
				"west": {"uv": [7, 2, 8, 8], "texture": "#0"},
				"up": {"uv": [5, 7, 7, 8], "texture": "#0"},
				"down": {"uv": [5, 8, 7, 9], "texture": "#0"}
			}
		},
		{
			"from": [3, 8, 7],
			"to": [5, 13, 8],
			"faces": {
				"north": {"uv": [11, 3, 13, 8], "texture": "#0"},
				"east": {"uv": [8, 3, 9, 8], "texture": "#0"},
				"south": {"uv": [3, 3, 5, 8], "texture": "#0"},
				"west": {"uv": [7, 3, 8, 8], "texture": "#0"},
				"up": {"uv": [3, 7, 5, 8], "texture": "#0"},
				"down": {"uv": [3, 8, 5, 9], "texture": "#0"}
			}
		},
		{
			"from": [1, 8, 7],
			"to": [3, 14, 8],
			"faces": {
				"north": {"uv": [13, 2, 15, 8], "texture": "#0"},
				"east": {"uv": [8, 2, 9, 8], "texture": "#0"},
				"south": {"uv": [1, 2, 3, 8], "texture": "#0"},
				"west": {"uv": [7, 2, 8, 8], "texture": "#0"},
				"up": {"uv": [1, 7, 3, 8], "texture": "#0"},
				"down": {"uv": [1, 8, 3, 9], "texture": "#0"}
			}
		},
		{
			"from": [10, 9, 10],
			"to": [14, 14, 11],
			"faces": {
				"north": {"uv": [2, 2, 6, 7], "texture": "#0"},
				"east": {"uv": [5, 2, 6, 7], "texture": "#0"},
				"south": {"uv": [10, 2, 14, 7], "texture": "#0"},
				"west": {"uv": [10, 2, 11, 7], "texture": "#0"}
			}
		},
		{
			"from": [13, 8, 2],
			"to": [15, 14, 3],
			"faces": {
				"north": {"uv": [1, 2, 3, 8], "texture": "#0"},
				"east": {"uv": [13, 2, 14, 8], "texture": "#0"},
				"south": {"uv": [13, 2, 15, 8], "texture": "#0"},
				"west": {"uv": [2, 2, 3, 8], "texture": "#0"},
				"up": {"uv": [13, 2, 15, 3], "texture": "#0"},
				"down": {"uv": [13, 13, 15, 14], "texture": "#0"}
			}
		},
		{
			"from": [14, 9, 3],
			"to": [15, 14, 10],
			"faces": {
				"north": {"uv": [1, 2, 2, 7], "texture": "#0"},
				"east": {"uv": [6, 2, 13, 7], "texture": "#0"},
				"south": {"uv": [14, 2, 15, 7], "texture": "#0"},
				"west": {"uv": [3, 2, 10, 7], "texture": "#0"},
				"up": {"uv": [14, 3, 15, 10], "texture": "#0"},
				"down": {"uv": [14, 6, 15, 13], "texture": "#0"}
			}
		},
		{
			"from": [9, 9, 3],
			"to": [10, 14, 10],
			"faces": {
				"north": {"uv": [6, 2, 7, 7], "texture": "#0"},
				"east": {"uv": [6, 2, 13, 7], "texture": "#0"},
				"south": {"uv": [9, 2, 10, 7], "texture": "#0"},
				"west": {"uv": [3, 2, 10, 7], "texture": "#0"},
				"up": {"uv": [9, 3, 10, 10], "texture": "#0"},
				"down": {"uv": [9, 6, 10, 13], "texture": "#0"}
			}
		},
		{
			"from": [9, 8, 3],
			"to": [15, 9, 10],
			"faces": {
				"north": {"uv": [1, 7, 7, 8], "texture": "#0"},
				"east": {"uv": [6, 7, 13, 8], "texture": "#0"},
				"south": {"uv": [9, 7, 15, 8], "texture": "#0"},
				"west": {"uv": [3, 7, 10, 8], "texture": "#0"},
				"up": {"uv": [9, 3, 15, 10], "texture": "#0"},
				"down": {"uv": [9, 6, 15, 13], "texture": "#0"}
			}
		},
		{
			"from": [11, 8, 2],
			"to": [13, 13, 3],
			"faces": {
				"north": {"uv": [3, 3, 5, 8], "texture": "#0"},
				"east": {"uv": [13, 3, 14, 8], "texture": "#0"},
				"south": {"uv": [11, 3, 13, 8], "texture": "#0"},
				"west": {"uv": [2, 3, 3, 8], "texture": "#0"},
				"up": {"uv": [11, 2, 13, 3], "texture": "#0"},
				"down": {"uv": [11, 13, 13, 14], "texture": "#0"}
			}
		},
		{
			"from": [9, 8, 2],
			"to": [11, 14, 3],
			"faces": {
				"north": {"uv": [5, 2, 7, 8], "texture": "#0"},
				"east": {"uv": [13, 2, 14, 8], "texture": "#0"},
				"south": {"uv": [9, 2, 11, 8], "texture": "#0"},
				"west": {"uv": [2, 2, 3, 8], "texture": "#0"},
				"up": {"uv": [9, 2, 11, 3], "texture": "#0"},
				"down": {"uv": [9, 13, 11, 14], "texture": "#0"}
			}
		},
		{
			"from": [0, -16, 8],
			"to": [2, 0, 16],
			"faces": {
				"north": {"uv": [14, 0, 16, 16], "texture": "#0"},
				"east": {"uv": [0, 0, 8, 16], "texture": "#0"},
				"south": {"uv": [0, 0, 2, 16], "texture": "#0"},
				"west": {"uv": [8, 0, 16, 16], "texture": "#0"},
				"up": {"uv": [0, 8, 2, 16], "texture": "#0"},
				"down": {"uv": [0, 0, 2, 8], "texture": "#0"}
			}
		},
		{
			"from": [2, -16, 8],
			"to": [14, -14, 16],
			"faces": {
				"north": {"uv": [2, 14, 14, 16], "texture": "#0"},
				"south": {"uv": [2, 14, 14, 16], "texture": "#0"},
				"up": {"uv": [2, 8, 14, 16], "texture": "#0"},
				"down": {"uv": [2, 0, 14, 8], "texture": "#0"}
			}
		},
		{
			"from": [2, -14, 14],
			"to": [14, -2, 16],
			"faces": {
				"north": {"uv": [2, 2, 14, 14], "texture": "#0"},
				"east": {"uv": [0, 2, 2, 14], "texture": "#0"},
				"south": {"uv": [2, 2, 14, 14], "texture": "#0"},
				"west": {"uv": [14, 2, 16, 14], "texture": "#0"},
				"down": {"uv": [2, 0, 14, 2], "texture": "#0"}
			}
		},
		{
			"from": [1, -9, 8],
			"to": [15, -7, 14],
			"faces": {
				"north": {"uv": [1, 7, 15, 9], "texture": "#0"},
				"south": {"uv": [1, 7, 15, 9], "texture": "#0"},
				"up": {"uv": [1, 8, 15, 14], "texture": "#0"},
				"down": {"uv": [1, 2, 15, 8], "texture": "#0"}
			}
		},
		{
			"from": [6, -14, 8],
			"to": [10, -2, 14],
			"faces": {
				"north": {"uv": [6, 2, 10, 14], "texture": "#0"},
				"east": {"uv": [2, 2, 8, 14], "texture": "#0"},
				"west": {"uv": [8, 2, 14, 14], "texture": "#0"},
				"down": {"uv": [6, 2, 10, 8], "texture": "#0"}
			}
		},
		{
			"from": [2, -2, 8],
			"to": [14, 0, 16],
			"faces": {
				"north": {"uv": [2, 0, 14, 2], "texture": "#0"},
				"south": {"uv": [2, 0, 14, 2], "texture": "#0"},
				"up": {"uv": [2, 8, 14, 16], "texture": "#0"},
				"down": {"uv": [2, 0, 14, 8], "texture": "#0"}
			}
		},
		{
			"from": [14, -16, 8],
			"to": [16, 0, 16],
			"faces": {
				"north": {"uv": [0, 0, 2, 16], "texture": "#0"},
				"east": {"uv": [0, 0, 8, 16], "texture": "#0"},
				"south": {"uv": [14, 0, 16, 16], "texture": "#0"},
				"west": {"uv": [8, 0, 16, 16], "texture": "#0"},
				"up": {"uv": [14, 8, 16, 16], "texture": "#0"},
				"down": {"uv": [14, 0, 16, 8], "texture": "#0"}
			}
		},
		{
			"from": [13, -8, 7],
			"to": [15, -2, 8],
			"faces": {
				"north": {"uv": [1, 2, 3, 8], "texture": "#0"},
				"east": {"uv": [13, 2, 14, 8], "texture": "#0"},
				"south": {"uv": [13, 2, 15, 8], "texture": "#0"},
				"west": {"uv": [2, 2, 3, 8], "texture": "#0"},
				"up": {"uv": [2, 8, 4, 9], "texture": "#0"},
				"down": {"uv": [2, 0, 4, 1], "texture": "#0"}
			}
		},
		{
			"from": [11, -8, 7],
			"to": [13, -3, 8],
			"faces": {
				"north": {"uv": [3, 3, 5, 8], "texture": "#0"},
				"east": {"uv": [13, 3, 14, 8], "texture": "#0"},
				"south": {"uv": [11, 3, 13, 8], "texture": "#0"},
				"west": {"uv": [2, 3, 3, 8], "texture": "#0"},
				"up": {"uv": [2, 8, 4, 9], "texture": "#0"},
				"down": {"uv": [2, 0, 4, 1], "texture": "#0"}
			}
		},
		{
			"from": [9, -8, 7],
			"to": [11, -2, 8],
			"faces": {
				"north": {"uv": [5, 2, 7, 8], "texture": "#0"},
				"east": {"uv": [13, 2, 14, 8], "texture": "#0"},
				"south": {"uv": [9, 2, 11, 8], "texture": "#0"},
				"west": {"uv": [2, 2, 3, 8], "texture": "#0"},
				"up": {"uv": [2, 8, 4, 9], "texture": "#0"},
				"down": {"uv": [2, 0, 4, 1], "texture": "#0"}
			}
		},
		{
			"from": [2, -7, 13],
			"to": [6, -2, 14],
			"faces": {
				"north": {"uv": [10, 2, 14, 7], "texture": "#0"},
				"east": {"uv": [2, 2, 3, 7], "texture": "#0"},
				"south": {"uv": [2, 2, 6, 7], "texture": "#0"},
				"west": {"uv": [13, 2, 14, 7], "texture": "#0"}
			}
		},
		{
			"from": [5, -8, 5],
			"to": [7, -2, 6],
			"faces": {
				"north": {"uv": [9, 2, 11, 8], "texture": "#0"},
				"east": {"uv": [10, 2, 11, 8], "texture": "#0"},
				"south": {"uv": [5, 2, 7, 8], "texture": "#0"},
				"west": {"uv": [5, 2, 6, 8], "texture": "#0"},
				"up": {"uv": [5, 5, 7, 6], "texture": "#0"},
				"down": {"uv": [5, 10, 7, 11], "texture": "#0"}
			}
		},
		{
			"from": [6, -7, 6],
			"to": [7, -2, 13],
			"faces": {
				"north": {"uv": [9, 2, 10, 7], "texture": "#0"},
				"east": {"uv": [3, 2, 10, 7], "texture": "#0"},
				"south": {"uv": [6, 2, 7, 7], "texture": "#0"},
				"west": {"uv": [6, 2, 13, 7], "texture": "#0"},
				"up": {"uv": [6, 6, 7, 13], "texture": "#0"},
				"down": {"uv": [6, 3, 7, 10], "texture": "#0"}
			}
		},
		{
			"from": [1, -7, 6],
			"to": [2, -2, 13],
			"faces": {
				"north": {"uv": [14, 2, 15, 7], "texture": "#0"},
				"east": {"uv": [3, 2, 10, 7], "texture": "#0"},
				"south": {"uv": [1, 2, 2, 7], "texture": "#0"},
				"west": {"uv": [6, 2, 13, 7], "texture": "#0"},
				"up": {"uv": [1, 6, 2, 13], "texture": "#0"},
				"down": {"uv": [1, 3, 2, 10], "texture": "#0"}
			}
		},
		{
			"from": [1, -8, 6],
			"to": [7, -7, 13],
			"faces": {
				"north": {"uv": [9, 7, 15, 8], "texture": "#0"},
				"east": {"uv": [3, 7, 10, 8], "texture": "#0"},
				"south": {"uv": [1, 7, 7, 8], "texture": "#0"},
				"west": {"uv": [6, 7, 13, 8], "texture": "#0"},
				"up": {"uv": [1, 6, 7, 13], "texture": "#0"},
				"down": {"uv": [1, 3, 7, 10], "texture": "#0"}
			}
		},
		{
			"from": [3, -8, 5],
			"to": [5, -3, 6],
			"faces": {
				"north": {"uv": [11, 3, 13, 8], "texture": "#0"},
				"east": {"uv": [10, 3, 11, 8], "texture": "#0"},
				"south": {"uv": [3, 3, 5, 8], "texture": "#0"},
				"west": {"uv": [5, 3, 6, 8], "texture": "#0"},
				"up": {"uv": [3, 5, 5, 6], "texture": "#0"},
				"down": {"uv": [3, 10, 5, 11], "texture": "#0"}
			}
		},
		{
			"from": [1, -8, 5],
			"to": [3, -2, 6],
			"faces": {
				"north": {"uv": [13, 2, 15, 8], "texture": "#0"},
				"east": {"uv": [10, 2, 11, 8], "texture": "#0"},
				"south": {"uv": [1, 2, 3, 8], "texture": "#0"},
				"west": {"uv": [5, 2, 6, 8], "texture": "#0"},
				"up": {"uv": [1, 5, 3, 6], "texture": "#0"},
				"down": {"uv": [1, 10, 3, 11], "texture": "#0"}
			}
		},
		{
			"from": [2, -14, 11],
			"to": [6, -9, 12],
			"faces": {
				"north": {"uv": [10, 9, 14, 14], "texture": "#0"},
				"east": {"uv": [4, 9, 5, 14], "texture": "#0"},
				"south": {"uv": [2, 9, 6, 14], "texture": "#0"},
				"west": {"uv": [11, 9, 12, 14], "texture": "#0"}
			}
		},
		{
			"from": [5, -15, 3],
			"to": [7, -9, 4],
			"faces": {
				"north": {"uv": [9, 9, 11, 15], "texture": "#0"},
				"east": {"uv": [12, 9, 13, 15], "texture": "#0"},
				"south": {"uv": [5, 9, 7, 15], "texture": "#0"},
				"west": {"uv": [3, 9, 4, 15], "texture": "#0"},
				"up": {"uv": [5, 3, 7, 4], "texture": "#0"},
				"down": {"uv": [5, 12, 7, 13], "texture": "#0"}
			}
		},
		{
			"from": [6, -14, 4],
			"to": [7, -9, 11],
			"faces": {
				"north": {"uv": [9, 9, 10, 14], "texture": "#0"},
				"east": {"uv": [5, 9, 12, 14], "texture": "#0"},
				"south": {"uv": [6, 9, 7, 14], "texture": "#0"},
				"west": {"uv": [4, 9, 11, 14], "texture": "#0"},
				"up": {"uv": [6, 4, 7, 11], "texture": "#0"},
				"down": {"uv": [6, 5, 7, 12], "texture": "#0"}
			}
		},
		{
			"from": [1, -14, 4],
			"to": [2, -9, 11],
			"faces": {
				"north": {"uv": [14, 9, 15, 14], "texture": "#0"},
				"east": {"uv": [5, 9, 12, 14], "texture": "#0"},
				"south": {"uv": [1, 9, 2, 14], "texture": "#0"},
				"west": {"uv": [4, 9, 11, 14], "texture": "#0"},
				"up": {"uv": [1, 4, 2, 11], "texture": "#0"},
				"down": {"uv": [1, 5, 2, 12], "texture": "#0"}
			}
		},
		{
			"from": [1, -15, 4],
			"to": [7, -14, 11],
			"faces": {
				"north": {"uv": [9, 14, 15, 15], "texture": "#0"},
				"east": {"uv": [5, 14, 12, 15], "texture": "#0"},
				"south": {"uv": [1, 14, 7, 15], "texture": "#0"},
				"west": {"uv": [4, 14, 11, 15], "texture": "#0"},
				"up": {"uv": [1, 4, 7, 11], "texture": "#0"},
				"down": {"uv": [1, 5, 7, 12], "texture": "#0"}
			}
		},
		{
			"from": [3, -15, 3],
			"to": [5, -10, 4],
			"faces": {
				"north": {"uv": [11, 10, 13, 15], "texture": "#0"},
				"east": {"uv": [12, 10, 13, 15], "texture": "#0"},
				"south": {"uv": [3, 10, 5, 15], "texture": "#0"},
				"west": {"uv": [3, 10, 4, 15], "texture": "#0"},
				"up": {"uv": [3, 3, 5, 4], "texture": "#0"},
				"down": {"uv": [3, 12, 5, 13], "texture": "#0"}
			}
		},
		{
			"from": [1, -15, 3],
			"to": [3, -9, 4],
			"faces": {
				"north": {"uv": [13, 9, 15, 15], "texture": "#0"},
				"east": {"uv": [12, 9, 13, 15], "texture": "#0"},
				"south": {"uv": [1, 9, 3, 15], "texture": "#0"},
				"west": {"uv": [3, 9, 4, 15], "texture": "#0"},
				"up": {"uv": [1, 3, 3, 4], "texture": "#0"},
				"down": {"uv": [1, 12, 3, 13], "texture": "#0"}
			}
		},
		{
			"from": [13, -15, 7],
			"to": [15, -9, 8],
			"faces": {
				"north": {"uv": [1, 9, 3, 15], "texture": "#0"},
				"east": {"uv": [8, 9, 9, 15], "texture": "#0"},
				"south": {"uv": [13, 9, 15, 15], "texture": "#0"},
				"west": {"uv": [7, 9, 8, 15], "texture": "#0"},
				"up": {"uv": [2, 8, 4, 9], "texture": "#0"},
				"down": {"uv": [2, 0, 4, 1], "texture": "#0"}
			}
		},
		{
			"from": [11, -15, 7],
			"to": [13, -10, 8],
			"faces": {
				"north": {"uv": [3, 10, 5, 15], "texture": "#0"},
				"east": {"uv": [8, 10, 9, 15], "texture": "#0"},
				"south": {"uv": [11, 10, 13, 15], "texture": "#0"},
				"west": {"uv": [7, 10, 8, 15], "texture": "#0"},
				"up": {"uv": [2, 8, 4, 9], "texture": "#0"},
				"down": {"uv": [2, 0, 4, 1], "texture": "#0"}
			}
		},
		{
			"from": [9, -15, 7],
			"to": [11, -9, 8],
			"faces": {
				"north": {"uv": [5, 9, 7, 15], "texture": "#0"},
				"east": {"uv": [8, 9, 9, 15], "texture": "#0"},
				"south": {"uv": [9, 9, 11, 15], "texture": "#0"},
				"west": {"uv": [7, 9, 8, 15], "texture": "#0"},
				"up": {"uv": [2, 8, 4, 9], "texture": "#0"},
				"down": {"uv": [2, 0, 4, 1], "texture": "#0"}
			}
		}
	],
	"display": {
		"gui": {
			"rotation": [25, 159, 0],
			"translation": [-0.75, -1, 0],
			"scale": [0.3, 0.3, 0.3]
		},
		"fixed": {
			"rotation": [-90, 0, 0],
			"translation": [0, 0, -45.75],
			"scale": [2, 2, 2]
		}
	},
	"groups": [
		{
			"name": "group",
			"origin": [8, 8, 8],
			"children": [
				{
					"name": "group",
					"origin": [0, 0, 0],
					"children": [0, 1, 2, 3, 4, 5, 6]
				},
				{
					"name": "group",
					"origin": [8, 8, 8],
					"children": [7, 8, 9]
				},
				{
					"name": "group",
					"origin": [8, 8, 8],
					"children": [10, 11, 12]
				},
				{
					"name": "group",
					"origin": [8, 8, 8],
					"children": [13, 14, 15, 16, 17, 18, 19]
				},
				{
					"name": "group",
					"origin": [8, 8, 8],
					"children": [20, 21, 22]
				}
			]
		},
		{
			"name": "group",
			"origin": [0, 0, 0],
			"children": [
				{
					"name": "group",
					"origin": [0, 0, 0],
					"children": [23, 24, 25, 26, 27, 28, 29]
				},
				{
					"name": "group",
					"origin": [8, 8, 8],
					"children": [30, 31, 32]
				},
				{
					"name": "group",
					"origin": [8, 8, 8],
					"children": [33, 34, 35]
				},
				{
					"name": "group",
					"origin": [8, 8, 8],
					"children": [36, 37, 38]
				},
				{
					"name": "group",
					"origin": [8, 8, 8],
					"children": [39, 40, 41, 42, 43, 44, 45]
				}
			]
		},
		{
			"name": "group",
			"origin": [8, 8, 8],
			"children": [
				{
					"name": "group",
					"origin": [0, 0, 0],
					"children": [46, 47, 48, 49, 50, 51, 52]
				},
				{
					"name": "group",
					"origin": [8, 8, 8],
					"children": [53, 54, 55]
				},
				{
					"name": "group",
					"origin": [8, 8, 8],
					"children": [56, 57, 58, 59, 60, 61, 62]
				},
				{
					"name": "group",
					"origin": [8, 8, 8],
					"children": [63, 64, 65, 66, 67, 68, 69]
				},
				{
					"name": "group",
					"origin": [8, 8, 8],
					"children": [70, 71, 72]
				}
			]
		}
	]
}