{
	"credit": "Made with Blockbench",
	"textures": {
		"0": "./bucket_a",
		"1": "./bucket_a_0",
		"particle": "./bucket_a",
		"2_1": "./bread_a"
	},
	"elements": [
		{
			"from": [2, 0, 2],
			"to": [14, 1, 14],
			"faces": {
				"north": {"uv": [2, 15, 14, 16], "texture": "#0"},
				"east": {"uv": [2, 15, 14, 16], "texture": "#0"},
				"south": {"uv": [2, 15, 14, 16], "texture": "#0"},
				"west": {"uv": [2, 15, 14, 16], "texture": "#0"},
				"up": {"uv": [2, 2, 14, 14], "texture": "#1"},
				"down": {"uv": [2, 2, 14, 14], "texture": "#0"}
			}
		},
		{
			"from": [1, 1, 1],
			"to": [2, 6, 15],
			"faces": {
				"north": {"uv": [14, 10, 15, 15], "texture": "#0"},
				"east": {"uv": [1, 10, 15, 15], "texture": "#0"},
				"south": {"uv": [1, 10, 2, 15], "texture": "#0"},
				"west": {"uv": [1, 10, 15, 15], "texture": "#0"},
				"up": {"uv": [1, 1, 2, 15], "texture": "#1"},
				"down": {"uv": [1, 1, 2, 15], "texture": "#0"}
			}
		},
		{
			"from": [14, 1, 1],
			"to": [15, 6, 15],
			"faces": {
				"north": {"uv": [1, 10, 2, 15], "texture": "#0"},
				"east": {"uv": [1, 10, 15, 15], "texture": "#0"},
				"south": {"uv": [14, 10, 15, 15], "texture": "#0"},
				"west": {"uv": [1, 10, 15, 15], "texture": "#0"},
				"up": {"uv": [14, 1, 15, 15], "texture": "#1"},
				"down": {"uv": [14, 1, 15, 15], "texture": "#0"}
			}
		},
		{
			"from": [2, 1, 1],
			"to": [14, 6, 2],
			"faces": {
				"north": {"uv": [2, 10, 14, 15], "texture": "#0"},
				"south": {"uv": [2, 10, 14, 15], "texture": "#0"},
				"up": {"uv": [2, 1, 14, 2], "texture": "#1"},
				"down": {"uv": [2, 14, 14, 15], "texture": "#0"}
			}
		},
		{
			"from": [2, 1, 14],
			"to": [14, 6, 15],
			"faces": {
				"north": {"uv": [2, 10, 14, 15], "texture": "#0"},
				"south": {"uv": [2, 10, 14, 15], "texture": "#0"},
				"up": {"uv": [2, 14, 14, 15], "texture": "#1"},
				"down": {"uv": [2, 1, 14, 2], "texture": "#0"}
			}
		},
		{
			"from": [1, 6, 8],
			"to": [15, 7, 16],
			"faces": {
				"north": {"uv": [1, 9, 15, 10], "texture": "#0"},
				"east": {"uv": [0, 9, 8, 10], "texture": "#0"},
				"south": {"uv": [1, 9, 15, 10], "texture": "#0"},
				"west": {"uv": [8, 9, 16, 10], "texture": "#0"},
				"up": {"uv": [1, 8, 15, 16], "texture": "#0"},
				"down": {"uv": [1, 0, 15, 8], "texture": "#0"}
			}
		},
		{
			"from": [1, 8.44418, -4.28772],
			"to": [15, 9.44418, 4.71228],
			"rotation": {"angle": 22.5, "axis": "x", "origin": [0, -2.55582, -0.28772]},
			"faces": {
				"north": {"uv": [1, 9, 15, 10], "texture": "#0"},
				"east": {"uv": [0, 9, 9, 10], "texture": "#0"},
				"south": {"uv": [1, 9, 15, 10], "texture": "#0"},
				"west": {"uv": [7, 9, 16, 10], "texture": "#0"},
				"up": {"uv": [1, 8, 15, 17], "texture": "#0"},
				"down": {"uv": [1, 0, 15, 9], "texture": "#0"}
			}
		},
		{
			"from": [0.9, 4, 7],
			"to": [2.1, 12, 9],
			"faces": {
				"north": {"uv": [15, 4, 16, 12], "texture": "#1"},
				"east": {"uv": [7, 4, 9, 12], "texture": "#1"},
				"south": {"uv": [0, 4, 1, 12], "texture": "#1"},
				"west": {"uv": [7, 4, 9, 12], "texture": "#1"},
				"up": {"uv": [0, 7, 1, 9], "texture": "#1"},
				"down": {"uv": [0, 7, 1, 9], "texture": "#1"}
			}
		},
		{
			"from": [13.9, 4, 7],
			"to": [15.1, 12, 9],
			"faces": {
				"north": {"uv": [0, 4, 1, 12], "texture": "#1"},
				"east": {"uv": [7, 4, 9, 12], "texture": "#1"},
				"south": {"uv": [15, 4, 16, 12], "texture": "#1"},
				"west": {"uv": [7, 4, 9, 12], "texture": "#1"},
				"up": {"uv": [15, 7, 16, 9], "texture": "#1"},
				"down": {"uv": [15, 7, 16, 9], "texture": "#1"}
			}
		},
		{
			"from": [2.1, 11, 7],
			"to": [8, 12, 9],
			"faces": {
				"north": {"uv": [8, 4, 14, 5], "texture": "#1"},
				"south": {"uv": [2, 4, 8, 5], "texture": "#1"},
				"up": {"uv": [2, 7, 8, 9], "texture": "#1"},
				"down": {"uv": [2, 7, 8, 9], "texture": "#1"}
			}
		},
		{
			"from": [8, 11, 7],
			"to": [13.9, 12, 9],
			"faces": {
				"north": {"uv": [2, 4, 8, 5], "texture": "#1"},
				"south": {"uv": [8, 4, 14, 5], "texture": "#1"},
				"up": {"uv": [8, 7, 14, 9], "texture": "#1"},
				"down": {"uv": [8, 7, 14, 9], "texture": "#1"}
			}
		},
		{
			"from": [3, 8, 5],
			"to": [8, 13, 8],
			"rotation": {"angle": 45, "axis": "x", "origin": [0, 0, 0]},
			"faces": {
				"north": {"uv": [0, 0, 5, 5], "rotation": 180, "texture": "#2_1"},
				"east": {"uv": [5, 0, 10, 3], "rotation": 90, "texture": "#2_1"},
				"south": {"uv": [0, 0, 5, 5], "texture": "#2_1"},
				"west": {"uv": [5, 0, 10, 3], "rotation": 270, "texture": "#2_1"},
				"up": {"uv": [5, 0, 10, 3], "texture": "#2_1"},
				"down": {"uv": [5, 0, 10, 3], "rotation": 180, "texture": "#2_1"}
			}
		},
		{
			"from": [2, 4, 1],
			"to": [7, 9, 4],
			"rotation": {"angle": 45, "axis": "x", "origin": [0, 0, 0]},
			"faces": {
				"north": {"uv": [0, 0, 5, 5], "rotation": 180, "texture": "#2_1"},
				"east": {"uv": [5, 0, 10, 3], "rotation": 90, "texture": "#2_1"},
				"south": {"uv": [0, 0, 5, 5], "texture": "#2_1"},
				"up": {"uv": [5, 0, 10, 3], "texture": "#2_1"},
				"down": {"uv": [5, 0, 10, 3], "rotation": 180, "texture": "#2_1"}
			}
		},
		{
			"from": [8, 4, 1],
			"to": [13, 9, 4],
			"rotation": {"angle": 45, "axis": "x", "origin": [0, 0, 0]},
			"faces": {
				"north": {"uv": [0, 0, 5, 5], "rotation": 180, "texture": "#2_1"},
				"east": {"uv": [5, 0, 10, 3], "rotation": 90, "texture": "#2_1"},
				"south": {"uv": [0, 0, 5, 5], "texture": "#2_1"},
				"west": {"uv": [5, 0, 10, 3], "rotation": 270, "texture": "#2_1"},
				"up": {"uv": [5, 0, 10, 3], "texture": "#2_1"},
				"down": {"uv": [5, 0, 10, 3], "rotation": 180, "texture": "#2_1"}
			}
		},
		{
			"from": [9, 8, 5],
			"to": [14, 13, 8],
			"rotation": {"angle": 45, "axis": "x", "origin": [0, 0, 0]},
			"faces": {
				"north": {"uv": [0, 0, 5, 5], "rotation": 180, "texture": "#2_1"},
				"south": {"uv": [0, 0, 5, 5], "texture": "#2_1"},
				"west": {"uv": [5, 0, 10, 3], "rotation": 270, "texture": "#2_1"},
				"up": {"uv": [5, 0, 10, 3], "texture": "#2_1"},
				"down": {"uv": [5, 0, 10, 3], "rotation": 180, "texture": "#2_1"}
			}
		}
	],
	"display": {
		"thirdperson_righthand": {
			"rotation": [70, 0, 0],
			"translation": [0, -2, -2],
			"scale": [0.7, 0.7, 0.7]
		},
		"thirdperson_lefthand": {
			"rotation": [70, 0, 0],
			"translation": [0, -2, -2],
			"scale": [0.7, 0.7, 0.7]
		},
		"gui": {
			"rotation": [25, 135, 0],
			"translation": [0, 1.5, 0],
			"scale": [0.6, 0.6, 0.6]
		},
		"fixed": {
			"rotation": [-90, 0, 0],
			"translation": [0, 0, -15],
			"scale": [2, 2, 2]
		}
	},
	"groups": [0, 1, 2, 3, 4, 5, 6,
		{
			"name": "group",
			"origin": [0, 0, 0],
			"children": [7, 8, 9, 10]
		},
		{
			"name": "group",
			"origin": [8, 8, 8],
			"children": [11, 12, 13, 14]
		}
	]
}