{
	"credit": "Made with Blockbench",
	"textures": {
		"0": "./bucket_a",
		"1": "./bread_a",
		"2": "block/stripped_dark_oak_log",
		"3": "./bucket_a_0",
		"particle": "./bucket_a"
	},
	"elements": [
		{
			"from": [6, 1, 2],
			"to": [10, 2, 3],
			"rotation": {"angle": -22.5, "axis": "x", "origin": [0, 0, 0]},
			"faces": {
				"north": {"uv": [5, 3, 9, 4], "texture": "#1"},
				"south": {"uv": [5, 3, 9, 4], "texture": "#1"}
			}
		},
		{
			"from": [1, -1, 2],
			"to": [15, 0, 16],
			"rotation": {"angle": -22.5, "axis": "x", "origin": [0, 0, 0]},
			"faces": {
				"north": {"uv": [1, 15, 15, 16], "texture": "#0"},
				"east": {"uv": [1, 15, 15, 16], "texture": "#0"},
				"south": {"uv": [1, 15, 15, 16], "texture": "#0"},
				"west": {"uv": [1, 15, 15, 16], "texture": "#0"},
				"up": {"uv": [1, 1, 15, 15], "texture": "#3"},
				"down": {"uv": [1, 1, 15, 15], "texture": "#0"}
			}
		},
		{
			"from": [1, 0, 2],
			"to": [2, 3, 16],
			"rotation": {"angle": -22.5, "axis": "x", "origin": [0, 0, 0]},
			"faces": {
				"north": {"uv": [14, 12, 15, 15], "texture": "#0"},
				"east": {"uv": [1, 12, 15, 15], "texture": "#0"},
				"south": {"uv": [1, 12, 2, 15], "texture": "#0"},
				"west": {"uv": [1, 12, 15, 15], "texture": "#0"},
				"up": {"uv": [1, 1, 2, 15], "texture": "#3"}
			}
		},
		{
			"from": [14, 0, 2],
			"to": [15, 3, 16],
			"rotation": {"angle": -22.5, "axis": "x", "origin": [0, 0, 0]},
			"faces": {
				"north": {"uv": [1, 12, 2, 15], "texture": "#0"},
				"east": {"uv": [1, 12, 15, 15], "texture": "#0"},
				"south": {"uv": [14, 12, 15, 15], "texture": "#0"},
				"west": {"uv": [1, 12, 15, 15], "texture": "#0"},
				"up": {"uv": [14, 1, 15, 15], "texture": "#3"}
			}
		},
		{
			"from": [2, 2, 2],
			"to": [14, 3, 3],
			"rotation": {"angle": -22.5, "axis": "x", "origin": [0, 0, 0]},
			"faces": {
				"north": {"uv": [2, 12, 14, 13], "texture": "#0"},
				"south": {"uv": [2, 12, 14, 13], "texture": "#0"},
				"up": {"uv": [2, 1, 14, 2], "texture": "#3"}
			}
		},
		{
			"from": [2, 0, 15],
			"to": [14, 1, 16],
			"rotation": {"angle": -22.5, "axis": "x", "origin": [0, 0, 0]},
			"faces": {
				"north": {"uv": [2, 14, 14, 15], "texture": "#0"},
				"south": {"uv": [2, 14, 14, 15], "texture": "#0"}
			}
		},
		{
			"from": [2, 2, 15],
			"to": [14, 3, 16],
			"rotation": {"angle": -22.5, "axis": "x", "origin": [0, 0, 0]},
			"faces": {
				"north": {"uv": [2, 12, 14, 13], "texture": "#0"},
				"south": {"uv": [2, 12, 14, 13], "texture": "#0"},
				"up": {"uv": [2, 14, 14, 15], "texture": "#3"}
			}
		},
		{
			"from": [2, 1, 15],
			"to": [6, 2, 16],
			"rotation": {"angle": -22.5, "axis": "x", "origin": [0, 0, 0]},
			"faces": {
				"north": {"uv": [10, 13, 14, 14], "texture": "#0"},
				"south": {"uv": [2, 13, 6, 14], "texture": "#0"}
			}
		},
		{
			"from": [10, 1, 15],
			"to": [14, 2, 16],
			"rotation": {"angle": -22.5, "axis": "x", "origin": [0, 0, 0]},
			"faces": {
				"north": {"uv": [2, 13, 6, 14], "texture": "#0"},
				"south": {"uv": [10, 13, 14, 14], "texture": "#0"}
			}
		},
		{
			"from": [6, 1, 15],
			"to": [10, 2, 16],
			"rotation": {"angle": -22.5, "axis": "x", "origin": [0, 0, 0]},
			"faces": {
				"north": {"uv": [5, 3, 9, 4], "texture": "#1"},
				"south": {"uv": [5, 3, 9, 4], "texture": "#1"}
			}
		},
		{
			"from": [2, 0, 2],
			"to": [14, 1, 3],
			"rotation": {"angle": -22.5, "axis": "x", "origin": [0, 0, 0]},
			"faces": {
				"north": {"uv": [2, 14, 14, 15], "texture": "#0"},
				"south": {"uv": [2, 14, 14, 15], "texture": "#0"}
			}
		},
		{
			"from": [10, 1, 2],
			"to": [14, 2, 3],
			"rotation": {"angle": -22.5, "axis": "x", "origin": [0, 0, 0]},
			"faces": {
				"north": {"uv": [2, 13, 6, 14], "texture": "#0"},
				"south": {"uv": [10, 13, 14, 14], "texture": "#0"}
			}
		},
		{
			"from": [2, 1, 2],
			"to": [6, 2, 3],
			"rotation": {"angle": -22.5, "axis": "x", "origin": [0, 0, 0]},
			"faces": {
				"north": {"uv": [10, 13, 14, 14], "texture": "#0"},
				"south": {"uv": [2, 13, 6, 14], "texture": "#0"}
			}
		},
		{
			"from": [6, 8, 5],
			"to": [8, 14, 8],
			"rotation": {"angle": 22.5, "axis": "x", "origin": [0, 0, 0]},
			"faces": {
				"north": {"uv": [0, 10, 2, 16], "texture": "#1"},
				"east": {"uv": [6, 13, 12, 16], "rotation": 90, "texture": "#1"},
				"south": {"uv": [4, 10, 6, 16], "texture": "#1"},
				"west": {"uv": [6, 13, 12, 16], "rotation": 90, "texture": "#1"},
				"up": {"uv": [10, 13, 12, 16], "texture": "#1"},
				"down": {"uv": [6, 13, 8, 16], "texture": "#1"}
			}
		},
		{
			"from": [2, 8, 5],
			"to": [4, 14, 8],
			"rotation": {"angle": 22.5, "axis": "x", "origin": [0, 0, 0]},
			"faces": {
				"north": {"uv": [4, 10, 6, 16], "texture": "#1"},
				"east": {"uv": [6, 13, 12, 16], "rotation": 90, "texture": "#1"},
				"south": {"uv": [0, 10, 2, 16], "texture": "#1"},
				"west": {"uv": [6, 13, 12, 16], "rotation": 90, "texture": "#1"},
				"up": {"uv": [6, 13, 8, 16], "texture": "#1"},
				"down": {"uv": [10, 13, 12, 16], "texture": "#1"}
			}
		},
		{
			"from": [4, 8, 5],
			"to": [6, 10, 8],
			"rotation": {"angle": 22.5, "axis": "x", "origin": [0, 0, 0]},
			"faces": {
				"north": {"uv": [2, 14, 4, 16], "texture": "#1"},
				"south": {"uv": [2, 14, 4, 16], "texture": "#1"},
				"up": {"uv": [8, 13, 10, 16], "texture": "#1"},
				"down": {"uv": [8, 13, 10, 16], "texture": "#1"}
			}
		},
		{
			"from": [4, 12, 5],
			"to": [6, 14, 8],
			"rotation": {"angle": 22.5, "axis": "x", "origin": [0, 0, 0]},
			"faces": {
				"north": {"uv": [2, 10, 4, 12], "texture": "#1"},
				"south": {"uv": [2, 10, 4, 12], "texture": "#1"},
				"up": {"uv": [8, 13, 10, 16], "texture": "#1"},
				"down": {"uv": [8, 13, 10, 16], "texture": "#1"}
			}
		},
		{
			"from": [12, 7, 4.5],
			"to": [14, 13, 7.5],
			"rotation": {"angle": 22.5, "axis": "x", "origin": [0, 0, 0]},
			"faces": {
				"north": {"uv": [0, 10, 2, 16], "texture": "#1"},
				"east": {"uv": [6, 13, 12, 16], "rotation": 90, "texture": "#1"},
				"south": {"uv": [4, 10, 6, 16], "texture": "#1"},
				"west": {"uv": [6, 13, 12, 16], "rotation": 90, "texture": "#1"},
				"up": {"uv": [10, 13, 12, 16], "texture": "#1"},
				"down": {"uv": [6, 13, 8, 16], "texture": "#1"}
			}
		},
		{
			"from": [8, 7, 4.5],
			"to": [10, 13, 7.5],
			"rotation": {"angle": 22.5, "axis": "x", "origin": [0, 0, 0]},
			"faces": {
				"north": {"uv": [4, 10, 6, 16], "texture": "#1"},
				"east": {"uv": [6, 13, 12, 16], "rotation": 90, "texture": "#1"},
				"south": {"uv": [0, 10, 2, 16], "texture": "#1"},
				"west": {"uv": [6, 13, 12, 16], "rotation": 90, "texture": "#1"},
				"up": {"uv": [6, 13, 8, 16], "texture": "#1"},
				"down": {"uv": [10, 13, 12, 16], "texture": "#1"}
			}
		},
		{
			"from": [10, 7, 4.5],
			"to": [12, 9, 7.5],
			"rotation": {"angle": 22.5, "axis": "x", "origin": [0, 0, 0]},
			"faces": {
				"north": {"uv": [2, 14, 4, 16], "texture": "#1"},
				"south": {"uv": [2, 14, 4, 16], "texture": "#1"},
				"up": {"uv": [8, 13, 10, 16], "texture": "#1"},
				"down": {"uv": [8, 13, 10, 16], "texture": "#1"}
			}
		},
		{
			"from": [10, 11, 4.5],
			"to": [12, 13, 7.5],
			"rotation": {"angle": 22.5, "axis": "x", "origin": [0, 0, 0]},
			"faces": {
				"north": {"uv": [2, 10, 4, 12], "texture": "#1"},
				"south": {"uv": [2, 10, 4, 12], "texture": "#1"},
				"up": {"uv": [8, 13, 10, 16], "texture": "#1"},
				"down": {"uv": [8, 13, 10, 16], "texture": "#1"}
			}
		},
		{
			"from": [12, 4, 1],
			"to": [14, 10, 4],
			"rotation": {"angle": 22.5, "axis": "x", "origin": [0, 0, 0]},
			"faces": {
				"north": {"uv": [0, 10, 2, 16], "texture": "#1"},
				"east": {"uv": [6, 13, 12, 16], "rotation": 90, "texture": "#1"},
				"south": {"uv": [4, 10, 6, 16], "texture": "#1"},
				"west": {"uv": [6, 13, 12, 16], "rotation": 90, "texture": "#1"},
				"up": {"uv": [10, 13, 12, 16], "texture": "#1"},
				"down": {"uv": [6, 13, 8, 16], "texture": "#1"}
			}
		},
		{
			"from": [8, 4, 1],
			"to": [10, 10, 4],
			"rotation": {"angle": 22.5, "axis": "x", "origin": [0, 0, 0]},
			"faces": {
				"north": {"uv": [4, 10, 6, 16], "texture": "#1"},
				"east": {"uv": [6, 13, 12, 16], "rotation": 90, "texture": "#1"},
				"south": {"uv": [0, 10, 2, 16], "texture": "#1"},
				"west": {"uv": [6, 13, 12, 16], "rotation": 90, "texture": "#1"},
				"up": {"uv": [6, 13, 8, 16], "texture": "#1"},
				"down": {"uv": [10, 13, 12, 16], "texture": "#1"}
			}
		},
		{
			"from": [10, 4, 1],
			"to": [12, 6, 4],
			"rotation": {"angle": 22.5, "axis": "x", "origin": [0, 0, 0]},
			"faces": {
				"north": {"uv": [2, 14, 4, 16], "texture": "#1"},
				"south": {"uv": [2, 14, 4, 16], "texture": "#1"},
				"up": {"uv": [8, 13, 10, 16], "texture": "#1"},
				"down": {"uv": [8, 13, 10, 16], "texture": "#1"}
			}
		},
		{
			"from": [10, 8, 1],
			"to": [12, 10, 4],
			"rotation": {"angle": 22.5, "axis": "x", "origin": [0, 0, 0]},
			"faces": {
				"north": {"uv": [2, 10, 4, 12], "texture": "#1"},
				"south": {"uv": [2, 10, 4, 12], "texture": "#1"},
				"up": {"uv": [8, 13, 10, 16], "texture": "#1"},
				"down": {"uv": [8, 13, 10, 16], "texture": "#1"}
			}
		},
		{
			"from": [6, 3, 1.5],
			"to": [8, 9, 4.5],
			"rotation": {"angle": 22.5, "axis": "x", "origin": [0, 0, 0]},
			"faces": {
				"north": {"uv": [0, 10, 2, 16], "texture": "#1"},
				"east": {"uv": [6, 13, 12, 16], "rotation": 90, "texture": "#1"},
				"south": {"uv": [4, 10, 6, 16], "texture": "#1"},
				"west": {"uv": [6, 13, 12, 16], "rotation": 90, "texture": "#1"},
				"up": {"uv": [10, 13, 12, 16], "texture": "#1"},
				"down": {"uv": [6, 13, 8, 16], "texture": "#1"}
			}
		},
		{
			"from": [2, 3, 1.5],
			"to": [4, 9, 4.5],
			"rotation": {"angle": 22.5, "axis": "x", "origin": [0, 0, 0]},
			"faces": {
				"north": {"uv": [4, 10, 6, 16], "texture": "#1"},
				"east": {"uv": [6, 13, 12, 16], "rotation": 90, "texture": "#1"},
				"south": {"uv": [0, 10, 2, 16], "texture": "#1"},
				"west": {"uv": [6, 13, 12, 16], "rotation": 90, "texture": "#1"},
				"up": {"uv": [6, 13, 8, 16], "texture": "#1"},
				"down": {"uv": [10, 13, 12, 16], "texture": "#1"}
			}
		},
		{
			"from": [4, 3, 1.5],
			"to": [6, 5, 4.5],
			"rotation": {"angle": 22.5, "axis": "x", "origin": [0, 0, 0]},
			"faces": {
				"north": {"uv": [2, 14, 4, 16], "texture": "#1"},
				"south": {"uv": [2, 14, 4, 16], "texture": "#1"},
				"up": {"uv": [8, 13, 10, 16], "texture": "#1"},
				"down": {"uv": [8, 13, 10, 16], "texture": "#1"}
			}
		},
		{
			"from": [4, 7, 1.5],
			"to": [6, 9, 4.5],
			"rotation": {"angle": 22.5, "axis": "x", "origin": [0, 0, 0]},
			"faces": {
				"north": {"uv": [2, 10, 4, 12], "texture": "#1"},
				"south": {"uv": [2, 10, 4, 12], "texture": "#1"},
				"up": {"uv": [8, 13, 10, 16], "texture": "#1"},
				"down": {"uv": [8, 13, 10, 16], "texture": "#1"}
			}
		},
		{
			"from": [2, 0, 11],
			"to": [14, 4, 15],
			"faces": {
				"north": {"uv": [2, 12, 14, 16], "texture": "#2"},
				"east": {"uv": [1, 12, 5, 16], "texture": "#2"},
				"south": {"uv": [2, 12, 14, 16], "texture": "#2"},
				"west": {"uv": [11, 12, 15, 16], "texture": "#2"},
				"up": {"uv": [2, 11, 14, 15], "texture": "#2"},
				"down": {"uv": [2, 1, 14, 5], "texture": "#2"}
			}
		}
	],
	"display": {
		"gui": {
			"rotation": [25, 135, 0],
			"translation": [0, 1.5, 0],
			"scale": [0.7, 0.7, 0.7]
		},
		"fixed": {
			"rotation": [-90, 0, 0],
			"translation": [0, 0, -15],
			"scale": [2, 2, 2]
		}
	},
	"groups": [
		{
			"name": "group",
			"origin": [0, 0, 0],
			"color": 0,
			"children": [0, 1, 2, 3, 4, 5, 6, 7, 8, 9, 10, 11, 12]
		},
		{
			"name": "group",
			"origin": [8, 8, 8],
			"color": 0,
			"children": [
				{
					"name": "group",
					"origin": [8, 8, 8],
					"color": 0,
					"children": [13, 14, 15, 16]
				},
				{
					"name": "group",
					"origin": [8, 8, 8],
					"color": 0,
					"children": [17, 18, 19, 20]
				},
				{
					"name": "group",
					"origin": [8, 8, 8],
					"color": 0,
					"children": [21, 22, 23, 24]
				},
				{
					"name": "group",
					"origin": [8, 8, 8],
					"color": 0,
					"children": [25, 26, 27, 28]
				}
			]
		}, 29]
}