{
	"credit": "Made with Blockbench",
	"textures": {
		"0": "block/stripped_dark_oak_log",
		"particle": "block/stripped_dark_oak_log"
	},
	"elements": [
		{
			"from": [2, 0, 2],
			"to": [14, 2, 3],
			"faces": {
				"north": {"uv": [2, 14, 14, 16], "texture": "#0"},
				"east": {"uv": [13, 14, 14, 16], "texture": "#0"},
				"south": {"uv": [2, 14, 14, 16], "texture": "#0"},
				"west": {"uv": [2, 14, 3, 16], "texture": "#0"},
				"up": {"uv": [2, 2, 14, 3], "texture": "#0"},
				"down": {"uv": [2, 13, 14, 14], "texture": "#0"}
			}
		},
		{
			"from": [2, 3, 2],
			"to": [14, 5, 3],
			"faces": {
				"north": {"uv": [2, 11, 14, 13], "texture": "#0"},
				"east": {"uv": [13, 11, 14, 13], "texture": "#0"},
				"south": {"uv": [2, 11, 14, 13], "texture": "#0"},
				"west": {"uv": [2, 11, 3, 13], "texture": "#0"},
				"up": {"uv": [2, 2, 14, 3], "texture": "#0"},
				"down": {"uv": [2, 13, 14, 14], "texture": "#0"}
			}
		},
		{
			"from": [2, 0, 13],
			"to": [14, 2, 14],
			"faces": {
				"north": {"uv": [2, 14, 14, 16], "texture": "#0"},
				"east": {"uv": [2, 14, 3, 16], "texture": "#0"},
				"south": {"uv": [2, 14, 14, 16], "texture": "#0"},
				"west": {"uv": [13, 14, 14, 16], "texture": "#0"},
				"up": {"uv": [2, 13, 14, 14], "texture": "#0"},
				"down": {"uv": [2, 2, 14, 3], "texture": "#0"}
			}
		},
		{
			"from": [2, 3, 13],
			"to": [14, 5, 14],
			"faces": {
				"north": {"uv": [2, 11, 14, 13], "texture": "#0"},
				"east": {"uv": [2, 11, 3, 13], "texture": "#0"},
				"south": {"uv": [2, 11, 14, 13], "texture": "#0"},
				"west": {"uv": [13, 11, 14, 13], "texture": "#0"},
				"up": {"uv": [2, 13, 14, 14], "texture": "#0"},
				"down": {"uv": [2, 2, 14, 3], "texture": "#0"}
			}
		},
		{
			"from": [2, 0, 3],
			"to": [3, 2, 13],
			"faces": {
				"east": {"uv": [3, 14, 13, 16], "texture": "#0"},
				"west": {"uv": [3, 14, 13, 16], "texture": "#0"},
				"up": {"uv": [2, 3, 3, 13], "texture": "#0"},
				"down": {"uv": [2, 3, 3, 13], "texture": "#0"}
			}
		},
		{
			"from": [2, 3, 3],
			"to": [3, 5, 13],
			"faces": {
				"east": {"uv": [3, 11, 13, 13], "texture": "#0"},
				"west": {"uv": [3, 11, 13, 13], "texture": "#0"},
				"up": {"uv": [2, 3, 3, 13], "texture": "#0"},
				"down": {"uv": [2, 3, 3, 13], "texture": "#0"}
			}
		},
		{
			"from": [13, 0, 3],
			"to": [14, 2, 13],
			"faces": {
				"east": {"uv": [3, 14, 13, 16], "texture": "#0"},
				"west": {"uv": [3, 14, 13, 16], "texture": "#0"},
				"up": {"uv": [13, 3, 14, 13], "texture": "#0"},
				"down": {"uv": [13, 3, 14, 13], "texture": "#0"}
			}
		},
		{
			"from": [13, 3, 3],
			"to": [14, 5, 13],
			"faces": {
				"east": {"uv": [3, 11, 13, 13], "texture": "#0"},
				"west": {"uv": [3, 11, 13, 13], "texture": "#0"},
				"up": {"uv": [13, 3, 14, 13], "texture": "#0"},
				"down": {"uv": [13, 3, 14, 13], "texture": "#0"}
			}
		},
		{
			"from": [2, 2, 2],
			"to": [3, 3, 3],
			"faces": {
				"north": {"uv": [13, 13, 14, 14], "texture": "#0"},
				"east": {"uv": [13, 13, 14, 14], "texture": "#0"},
				"south": {"uv": [2, 13, 3, 14], "texture": "#0"},
				"west": {"uv": [2, 13, 3, 14], "texture": "#0"}
			}
		},
		{
			"from": [2, 2, 13],
			"to": [3, 3, 14],
			"faces": {
				"north": {"uv": [13, 13, 14, 14], "texture": "#0"},
				"east": {"uv": [2, 13, 3, 14], "texture": "#0"},
				"south": {"uv": [2, 13, 3, 14], "texture": "#0"},
				"west": {"uv": [13, 13, 14, 14], "texture": "#0"}
			}
		},
		{
			"from": [13, 2, 13],
			"to": [14, 3, 14],
			"faces": {
				"north": {"uv": [2, 13, 3, 14], "texture": "#0"},
				"east": {"uv": [2, 13, 3, 14], "texture": "#0"},
				"south": {"uv": [13, 13, 14, 14], "texture": "#0"},
				"west": {"uv": [13, 13, 14, 14], "texture": "#0"}
			}
		},
		{
			"from": [13, 2, 2],
			"to": [14, 3, 3],
			"faces": {
				"north": {"uv": [2, 13, 3, 14], "texture": "#0"},
				"east": {"uv": [13, 13, 14, 14], "texture": "#0"},
				"south": {"uv": [13, 13, 14, 14], "texture": "#0"},
				"west": {"uv": [2, 13, 3, 14], "texture": "#0"}
			}
		},
		{
			"from": [3, 0, 3],
			"to": [13, 1, 13],
			"faces": {
				"up": {"uv": [3, 3, 13, 13], "texture": "#0"},
				"down": {"uv": [3, 3, 13, 13], "texture": "#0"}
			}
		},
		{
			"from": [-1, 1, 1],
			"to": [10, 2, 2],
			"rotation": {"angle": 22.5, "axis": "z", "origin": [0, 0, 0]},
			"faces": {
				"north": {"uv": [5, 14, 16, 15], "texture": "#0"},
				"east": {"uv": [14, 14, 15, 15], "texture": "#0"},
				"south": {"uv": [0, 14, 11, 15], "texture": "#0"},
				"west": {"uv": [1, 14, 2, 15], "texture": "#0"},
				"up": {"uv": [0, 1, 11, 2], "texture": "#0"},
				"down": {"uv": [0, 14, 11, 15], "texture": "#0"}
			}
		},
		{
			"from": [-1, 1, 14],
			"to": [10, 2, 15],
			"rotation": {"angle": 22.5, "axis": "z", "origin": [0, 0, 16]},
			"faces": {
				"north": {"uv": [5, 14, 16, 15], "texture": "#0"},
				"east": {"uv": [1, 14, 2, 15], "texture": "#0"},
				"south": {"uv": [0, 14, 11, 15], "texture": "#0"},
				"west": {"uv": [14, 14, 15, 15], "texture": "#0"},
				"up": {"uv": [0, 14, 11, 15], "texture": "#0"},
				"down": {"uv": [0, 1, 11, 2], "texture": "#0"}
			}
		},
		{
			"from": [-2, 1, 1],
			"to": [-1, 2, 15],
			"rotation": {"angle": 22.5, "axis": "z", "origin": [0, 0, 0]},
			"faces": {
				"north": {"uv": [15, 14, 16, 15], "texture": "#0"},
				"east": {"uv": [1, 14, 15, 15], "texture": "#0"},
				"south": {"uv": [0, 14, 1, 15], "texture": "#0"},
				"west": {"uv": [1, 14, 15, 15], "texture": "#0"},
				"up": {"uv": [0, 1, 1, 15], "texture": "#0"},
				"down": {"uv": [0, 1, 1, 15], "texture": "#0"}
			}
		}
	],
	"display": {
		"gui": {
			"rotation": [25, 135, 0],
			"translation": [-1, 2.25, 0],
			"scale": [0.7, 0.7, 0.7]
		},
		"fixed": {
			"rotation": [-90, 0, 0],
			"translation": [0, 32, -15],
			"scale": [2, 2, 2]
		}
	},
	"groups": [0, 1, 2, 3, 4, 5, 6, 7, 8, 9, 10, 11, 12,
		{
			"name": "group",
			"origin": [0, 0, 0],
			"children": [13, 14, 15]
		}
	]
}