{
	"credit": "Made with Blockbench",
	"textures": {
		"0": "block/anvil",
		"particle": "block/anvil"
	},
	"elements": [
		{
			"from": [10, 0, 3],
			"to": [11, 1, 14],
			"faces": {
				"north": {"uv": [5, 15, 6, 16], "texture": "#0"},
				"east": {"uv": [2, 15, 13, 16], "texture": "#0"},
				"south": {"uv": [10, 15, 11, 16], "texture": "#0"},
				"west": {"uv": [3, 15, 14, 16], "texture": "#0"},
				"up": {"uv": [10, 3, 11, 14], "texture": "#0"},
				"down": {"uv": [10, 2, 11, 13], "texture": "#0"}
			}
		},
		{
			"from": [13, 0, 3],
			"to": [14, 1, 14],
			"faces": {
				"north": {"uv": [2, 15, 3, 16], "texture": "#0"},
				"east": {"uv": [2, 15, 13, 16], "texture": "#0"},
				"south": {"uv": [13, 15, 14, 16], "texture": "#0"},
				"west": {"uv": [3, 15, 14, 16], "texture": "#0"},
				"up": {"uv": [13, 3, 14, 14], "texture": "#0"},
				"down": {"uv": [13, 2, 14, 13], "texture": "#0"}
			}
		},
		{
			"from": [4, 0, 3],
			"to": [5, 1, 14],
			"faces": {
				"north": {"uv": [11, 15, 12, 16], "texture": "#0"},
				"east": {"uv": [2, 15, 13, 16], "texture": "#0"},
				"south": {"uv": [4, 15, 5, 16], "texture": "#0"},
				"west": {"uv": [3, 15, 14, 16], "texture": "#0"},
				"up": {"uv": [4, 3, 5, 14], "texture": "#0"},
				"down": {"uv": [4, 2, 5, 13], "texture": "#0"}
			}
		},
		{
			"from": [1, 0, 2],
			"to": [2, 1, 15],
			"faces": {
				"north": {"uv": [14, 15, 15, 16], "texture": "#0"},
				"east": {"uv": [1, 15, 14, 16], "texture": "#0"},
				"south": {"uv": [1, 15, 2, 16], "texture": "#0"},
				"west": {"uv": [2, 15, 15, 16], "texture": "#0"},
				"up": {"uv": [1, 2, 2, 15], "texture": "#0"},
				"down": {"uv": [1, 1, 2, 14], "texture": "#0"}
			}
		},
		{
			"from": [7, 0, 3],
			"to": [8, 1, 14],
			"faces": {
				"north": {"uv": [8, 15, 9, 16], "texture": "#0"},
				"east": {"uv": [2, 15, 13, 16], "texture": "#0"},
				"south": {"uv": [7, 15, 8, 16], "texture": "#0"},
				"west": {"uv": [3, 15, 14, 16], "texture": "#0"},
				"up": {"uv": [7, 3, 8, 14], "texture": "#0"},
				"down": {"uv": [7, 2, 8, 13], "texture": "#0"}
			}
		},
		{
			"from": [2, 0, 14],
			"to": [14, 1, 15],
			"faces": {
				"north": {"uv": [2, 15, 14, 16], "texture": "#0"},
				"east": {"uv": [1, 15, 2, 16], "texture": "#0"},
				"south": {"uv": [2, 15, 14, 16], "texture": "#0"},
				"west": {"uv": [14, 15, 15, 16], "texture": "#0"},
				"up": {"uv": [2, 14, 14, 15], "texture": "#0"},
				"down": {"uv": [2, 1, 14, 2], "texture": "#0"}
			}
		},
		{
			"from": [2, 0, 11],
			"to": [13, 1, 12],
			"faces": {
				"north": {"uv": [3, 15, 14, 16], "texture": "#0"},
				"east": {"uv": [4, 15, 5, 16], "texture": "#0"},
				"south": {"uv": [2, 15, 13, 16], "texture": "#0"},
				"west": {"uv": [11, 15, 12, 16], "texture": "#0"},
				"up": {"uv": [2, 11, 13, 12], "texture": "#0"},
				"down": {"uv": [2, 4, 13, 5], "texture": "#0"}
			}
		},
		{
			"from": [2, 0, 8],
			"to": [13, 1, 9],
			"faces": {
				"north": {"uv": [3, 15, 14, 16], "texture": "#0"},
				"east": {"uv": [7, 15, 8, 16], "texture": "#0"},
				"south": {"uv": [2, 15, 13, 16], "texture": "#0"},
				"west": {"uv": [8, 15, 9, 16], "texture": "#0"},
				"up": {"uv": [2, 8, 13, 9], "texture": "#0"},
				"down": {"uv": [2, 7, 13, 8], "texture": "#0"}
			}
		},
		{
			"from": [2, 0, 5],
			"to": [13, 1, 6],
			"faces": {
				"north": {"uv": [3, 15, 14, 16], "texture": "#0"},
				"east": {"uv": [10, 15, 11, 16], "texture": "#0"},
				"south": {"uv": [2, 15, 13, 16], "texture": "#0"},
				"west": {"uv": [5, 15, 6, 16], "texture": "#0"},
				"up": {"uv": [2, 5, 13, 6], "texture": "#0"},
				"down": {"uv": [2, 10, 13, 11], "texture": "#0"}
			}
		},
		{
			"from": [2, 0, 2],
			"to": [14, 1, 3],
			"faces": {
				"north": {"uv": [2, 15, 14, 16], "texture": "#0"},
				"east": {"uv": [13, 15, 14, 16], "texture": "#0"},
				"south": {"uv": [2, 15, 14, 16], "texture": "#0"},
				"west": {"uv": [2, 15, 3, 16], "texture": "#0"},
				"up": {"uv": [2, 2, 14, 3], "texture": "#0"},
				"down": {"uv": [2, 13, 14, 14], "texture": "#0"}
			}
		},
		{
			"from": [7, 1, 2],
			"to": [8, 3, 3],
			"faces": {
				"north": {"uv": [8, 13, 9, 15], "texture": "#0"},
				"east": {"uv": [13, 13, 14, 15], "texture": "#0"},
				"south": {"uv": [7, 13, 8, 15], "texture": "#0"},
				"west": {"uv": [2, 13, 3, 15], "texture": "#0"},
				"up": {"uv": [7, 2, 8, 3], "texture": "#0"},
				"down": {"uv": [7, 13, 8, 14], "texture": "#0"}
			}
		},
		{
			"from": [10, 1, 2],
			"to": [11, 3, 3],
			"faces": {
				"north": {"uv": [5, 13, 6, 15], "texture": "#0"},
				"east": {"uv": [13, 13, 14, 15], "texture": "#0"},
				"south": {"uv": [10, 13, 11, 15], "texture": "#0"},
				"west": {"uv": [2, 13, 3, 15], "texture": "#0"},
				"up": {"uv": [10, 2, 11, 3], "texture": "#0"},
				"down": {"uv": [10, 13, 11, 14], "texture": "#0"}
			}
		},
		{
			"from": [4, 1, 2],
			"to": [5, 3, 3],
			"faces": {
				"north": {"uv": [11, 13, 12, 15], "texture": "#0"},
				"east": {"uv": [13, 13, 14, 15], "texture": "#0"},
				"south": {"uv": [4, 13, 5, 15], "texture": "#0"},
				"west": {"uv": [2, 13, 3, 15], "texture": "#0"},
				"up": {"uv": [4, 2, 5, 3], "texture": "#0"},
				"down": {"uv": [4, 13, 5, 14], "texture": "#0"}
			}
		},
		{
			"from": [2, 3, 2],
			"to": [13, 4, 3],
			"faces": {
				"north": {"uv": [3, 12, 14, 13], "texture": "#0"},
				"east": {"uv": [13, 12, 14, 13], "texture": "#0"},
				"south": {"uv": [2, 12, 13, 13], "texture": "#0"},
				"west": {"uv": [2, 12, 3, 13], "texture": "#0"},
				"up": {"uv": [2, 2, 13, 3], "texture": "#0"},
				"down": {"uv": [2, 13, 13, 14], "texture": "#0"}
			}
		},
		{
			"from": [1, 1, 14],
			"to": [2, 3, 15],
			"faces": {
				"north": {"uv": [14, 13, 15, 15], "texture": "#0"},
				"east": {"uv": [1, 13, 2, 15], "texture": "#0"},
				"south": {"uv": [1, 13, 2, 15], "texture": "#0"},
				"west": {"uv": [14, 13, 15, 15], "texture": "#0"},
				"up": {"uv": [1, 14, 2, 15], "texture": "#0"},
				"down": {"uv": [1, 1, 2, 2], "texture": "#0"}
			}
		},
		{
			"from": [7, 1, 14],
			"to": [8, 3, 15],
			"faces": {
				"north": {"uv": [8, 13, 9, 15], "texture": "#0"},
				"east": {"uv": [1, 13, 2, 15], "texture": "#0"},
				"south": {"uv": [7, 13, 8, 15], "texture": "#0"},
				"west": {"uv": [14, 13, 15, 15], "texture": "#0"},
				"up": {"uv": [7, 14, 8, 15], "texture": "#0"},
				"down": {"uv": [7, 1, 8, 2], "texture": "#0"}
			}
		},
		{
			"from": [10, 1, 14],
			"to": [11, 3, 15],
			"faces": {
				"north": {"uv": [5, 13, 6, 15], "texture": "#0"},
				"east": {"uv": [1, 13, 2, 15], "texture": "#0"},
				"south": {"uv": [10, 13, 11, 15], "texture": "#0"},
				"west": {"uv": [14, 13, 15, 15], "texture": "#0"},
				"up": {"uv": [10, 14, 11, 15], "texture": "#0"},
				"down": {"uv": [10, 1, 11, 2], "texture": "#0"}
			}
		},
		{
			"from": [13, 1, 14],
			"to": [14, 3, 15],
			"faces": {
				"north": {"uv": [2, 13, 3, 15], "texture": "#0"},
				"east": {"uv": [1, 13, 2, 15], "texture": "#0"},
				"south": {"uv": [13, 13, 14, 15], "texture": "#0"},
				"west": {"uv": [14, 13, 15, 15], "texture": "#0"},
				"up": {"uv": [13, 14, 14, 15], "texture": "#0"},
				"down": {"uv": [13, 1, 14, 2], "texture": "#0"}
			}
		},
		{
			"from": [4, 1, 14],
			"to": [5, 3, 15],
			"faces": {
				"north": {"uv": [11, 13, 12, 15], "texture": "#0"},
				"east": {"uv": [1, 13, 2, 15], "texture": "#0"},
				"south": {"uv": [4, 13, 5, 15], "texture": "#0"},
				"west": {"uv": [14, 13, 15, 15], "texture": "#0"},
				"up": {"uv": [4, 14, 5, 15], "texture": "#0"},
				"down": {"uv": [4, 1, 5, 2], "texture": "#0"}
			}
		},
		{
			"from": [1, 3, 14],
			"to": [14, 4, 15],
			"faces": {
				"north": {"uv": [2, 12, 15, 13], "texture": "#0"},
				"east": {"uv": [1, 12, 2, 13], "texture": "#0"},
				"south": {"uv": [1, 12, 14, 13], "texture": "#0"},
				"west": {"uv": [14, 12, 15, 13], "texture": "#0"},
				"up": {"uv": [1, 14, 14, 15], "texture": "#0"},
				"down": {"uv": [1, 1, 14, 2], "texture": "#0"}
			}
		},
		{
			"from": [13, 1, 2],
			"to": [14, 3, 3],
			"faces": {
				"north": {"uv": [2, 13, 3, 15], "texture": "#0"},
				"east": {"uv": [13, 13, 14, 15], "texture": "#0"},
				"south": {"uv": [13, 13, 14, 15], "texture": "#0"},
				"west": {"uv": [2, 13, 3, 15], "texture": "#0"},
				"up": {"uv": [13, 2, 14, 3], "texture": "#0"},
				"down": {"uv": [13, 13, 14, 14], "texture": "#0"}
			}
		},
		{
			"from": [13, 1, 5],
			"to": [14, 3, 6],
			"faces": {
				"north": {"uv": [2, 13, 3, 15], "texture": "#0"},
				"east": {"uv": [10, 13, 11, 15], "texture": "#0"},
				"south": {"uv": [13, 13, 14, 15], "texture": "#0"},
				"west": {"uv": [5, 13, 6, 15], "texture": "#0"},
				"up": {"uv": [13, 5, 14, 6], "texture": "#0"},
				"down": {"uv": [13, 10, 14, 11], "texture": "#0"}
			}
		},
		{
			"from": [13, 1, 8],
			"to": [14, 3, 9],
			"faces": {
				"north": {"uv": [2, 13, 3, 15], "texture": "#0"},
				"east": {"uv": [7, 13, 8, 15], "texture": "#0"},
				"south": {"uv": [13, 13, 14, 15], "texture": "#0"},
				"west": {"uv": [8, 13, 9, 15], "texture": "#0"},
				"up": {"uv": [13, 8, 14, 9], "texture": "#0"},
				"down": {"uv": [13, 7, 14, 8], "texture": "#0"}
			}
		},
		{
			"from": [13, 1, 11],
			"to": [14, 3, 12],
			"faces": {
				"north": {"uv": [2, 13, 3, 15], "texture": "#0"},
				"east": {"uv": [4, 13, 5, 15], "texture": "#0"},
				"south": {"uv": [13, 13, 14, 15], "texture": "#0"},
				"west": {"uv": [11, 13, 12, 15], "texture": "#0"},
				"up": {"uv": [13, 11, 14, 12], "texture": "#0"},
				"down": {"uv": [13, 4, 14, 5], "texture": "#0"}
			}
		},
		{
			"from": [13, 1, 14],
			"to": [14, 3, 15],
			"faces": {
				"north": {"uv": [2, 13, 3, 15], "texture": "#0"},
				"east": {"uv": [1, 13, 2, 15], "texture": "#0"},
				"south": {"uv": [13, 13, 14, 15], "texture": "#0"},
				"west": {"uv": [14, 13, 15, 15], "texture": "#0"},
				"up": {"uv": [13, 14, 14, 15], "texture": "#0"},
				"down": {"uv": [13, 1, 14, 2], "texture": "#0"}
			}
		},
		{
			"from": [13, 3, 2],
			"to": [14, 4, 14],
			"faces": {
				"north": {"uv": [2, 12, 3, 13], "texture": "#0"},
				"east": {"uv": [2, 12, 14, 13], "texture": "#0"},
				"south": {"uv": [13, 12, 14, 13], "texture": "#0"},
				"west": {"uv": [2, 12, 14, 13], "texture": "#0"},
				"up": {"uv": [13, 2, 14, 14], "texture": "#0"},
				"down": {"uv": [13, 2, 14, 14], "texture": "#0"}
			}
		},
		{
			"from": [1, 1, 2],
			"to": [2, 3, 3],
			"faces": {
				"north": {"uv": [14, 13, 15, 15], "texture": "#0"},
				"east": {"uv": [13, 13, 14, 15], "texture": "#0"},
				"south": {"uv": [1, 13, 2, 15], "texture": "#0"},
				"west": {"uv": [2, 13, 3, 15], "texture": "#0"},
				"up": {"uv": [1, 2, 2, 3], "texture": "#0"},
				"down": {"uv": [1, 13, 2, 14], "texture": "#0"}
			}
		},
		{
			"from": [1, 1, 5],
			"to": [2, 3, 6],
			"faces": {
				"north": {"uv": [14, 13, 15, 15], "texture": "#0"},
				"east": {"uv": [10, 13, 11, 15], "texture": "#0"},
				"south": {"uv": [1, 13, 2, 15], "texture": "#0"},
				"west": {"uv": [5, 13, 6, 15], "texture": "#0"},
				"up": {"uv": [1, 5, 2, 6], "texture": "#0"},
				"down": {"uv": [1, 10, 2, 11], "texture": "#0"}
			}
		},
		{
			"from": [1, 1, 8],
			"to": [2, 3, 9],
			"faces": {
				"north": {"uv": [14, 13, 15, 15], "texture": "#0"},
				"east": {"uv": [7, 13, 8, 15], "texture": "#0"},
				"south": {"uv": [1, 13, 2, 15], "texture": "#0"},
				"west": {"uv": [8, 13, 9, 15], "texture": "#0"},
				"up": {"uv": [1, 8, 2, 9], "texture": "#0"},
				"down": {"uv": [1, 7, 2, 8], "texture": "#0"}
			}
		},
		{
			"from": [1, 1, 11],
			"to": [2, 3, 12],
			"faces": {
				"north": {"uv": [14, 13, 15, 15], "texture": "#0"},
				"east": {"uv": [4, 13, 5, 15], "texture": "#0"},
				"south": {"uv": [1, 13, 2, 15], "texture": "#0"},
				"west": {"uv": [11, 13, 12, 15], "texture": "#0"},
				"up": {"uv": [1, 11, 2, 12], "texture": "#0"},
				"down": {"uv": [1, 4, 2, 5], "texture": "#0"}
			}
		},
		{
			"from": [1, 1, 14],
			"to": [2, 3, 15],
			"faces": {
				"north": {"uv": [14, 13, 15, 15], "texture": "#0"},
				"east": {"uv": [1, 13, 2, 15], "texture": "#0"},
				"south": {"uv": [1, 13, 2, 15], "texture": "#0"},
				"west": {"uv": [14, 13, 15, 15], "texture": "#0"},
				"up": {"uv": [1, 14, 2, 15], "texture": "#0"},
				"down": {"uv": [1, 1, 2, 2], "texture": "#0"}
			}
		},
		{
			"from": [1, 3, 2],
			"to": [2, 4, 14],
			"faces": {
				"north": {"uv": [14, 12, 15, 13], "texture": "#0"},
				"east": {"uv": [2, 12, 14, 13], "texture": "#0"},
				"south": {"uv": [1, 12, 2, 13], "texture": "#0"},
				"west": {"uv": [2, 12, 14, 13], "texture": "#0"},
				"up": {"uv": [1, 2, 2, 14], "texture": "#0"},
				"down": {"uv": [1, 2, 2, 14], "texture": "#0"}
			}
		}
	],
	"display": {
		"gui": {
			"rotation": [25, 159, 0],
			"translation": [0, 2.75, 0],
			"scale": [0.7, 0.7, 0.7]
		},
		"fixed": {
			"rotation": [-90, 0, 0],
			"translation": [0, 0, -15],
			"scale": [2, 2, 2]
		}
	},
	"groups": [
		{
			"name": "group",
			"origin": [8, 8, 8],
			"children": [0, 1, 2, 3, 4, 5, 6, 7, 8, 9]
		},
		{
			"name": "group",
			"origin": [8, 8, 8],
			"children": [10, 11, 12, 13]
		},
		{
			"name": "group",
			"origin": [8, 8, 8],
			"children": [14, 15, 16, 17, 18, 19]
		},
		{
			"name": "group",
			"origin": [8, 8, 8],
			"children": [20, 21, 22, 23, 24, 25]
		},
		{
			"name": "group",
			"origin": [8, 8, 8],
			"children": [26, 27, 28, 29, 30, 31]
		}
	]
}