{
	"credit": "Made with Blockbench",
	"textures": {
		"0": "./chest_a",
		"particle": "./chest_a"
	},
	"elements": [
		{
			"from": [0, 0, 4],
			"to": [16, 7, 14],
			"faces": {
				"north": {"uv": [0, 4.5, 8, 8], "texture": "#0"},
				"east": {"uv": [9.5, 8, 14.5, 11.5], "texture": "#0"},
				"south": {"uv": [8, 4.5, 16, 8], "texture": "#0"},
				"west": {"uv": [9.5, 8, 14.5, 11.5], "texture": "#0"},
				"up": {"uv": [0, 9.5, 8, 14.5], "texture": "#0"},
				"down": {"uv": [8, 1.5, 16, 6.5], "texture": "#0"}
			}
		},
		{
			"from": [-2, 7, 8],
			"to": [10, 13, 16],
			"rotation": {"angle": 22.5, "axis": "y", "origin": [0, 0, 0]},
			"faces": {
				"north": {"uv": [0, 5, 6, 8], "texture": "#0"},
				"east": {"uv": [10, 8, 14, 11], "texture": "#0"},
				"south": {"uv": [9, 5, 15, 8], "texture": "#0"},
				"west": {"uv": [10, 8, 14, 11], "texture": "#0"},
				"up": {"uv": [1, 10, 7, 14], "texture": "#0"},
				"down": {"uv": [9, 2, 15, 6], "texture": "#0"}
			}
		}
	],
	"display": {
		"gui": {
			"rotation": [25, 135, 0],
			"scale": [0.6, 0.6, 0.6]
		},
		"fixed": {
			"rotation": [-90, 0, 0],
			"translation": [0, 0, -15],
			"scale": [2, 2, 2]
		}
	}
}