{
	"credit": "Made with Blockbench",
	"textures": {
		"0": "./chest_a",
		"particle": "./chest_a"
	},
	"elements": [
		{
			"from": [1, 0, 5],
			"to": [15, 8, 15],
			"faces": {
				"north": {"uv": [1, 4, 8, 8], "texture": "#0"},
				"east": {"uv": [9.5, 8, 14.5, 12], "texture": "#0"},
				"south": {"uv": [8.5, 4, 15.5, 8], "texture": "#0"},
				"west": {"uv": [9.5, 8, 14.5, 12], "texture": "#0"},
				"up": {"uv": [0.5, 9.5, 7.5, 14.5], "texture": "#0"},
				"down": {"uv": [8.5, 1.5, 15.5, 6.5], "texture": "#0"}
			}
		},
		{
			"from": [2, 0.6, -0.5],
			"to": [10, 14.6, 1.5],
			"rotation": {"angle": 22.5, "axis": "x", "origin": [0, 0, 0]},
			"faces": {
				"north": {"uv": [0.5, 10, 7.5, 14], "rotation": 90, "texture": "#0"},
				"east": {"uv": [11.5, 0.5, 12.5, 7.5], "texture": "#0"},
				"south": {"uv": [10, 0.5, 14, 7.5], "texture": "#0"},
				"west": {"uv": [11.5, 0.5, 12.5, 7.5], "texture": "#0"},
				"up": {"uv": [10, 8.5, 14, 9.5], "texture": "#0"},
				"down": {"uv": [10, 8.5, 14, 9.5], "rotation": 180, "texture": "#0"}
			}
		}
	],
	"display": {
		"gui": {
			"rotation": [25, 135, 0],
			"scale": [0.62, 0.6, 0.6]
		},
		"fixed": {
			"rotation": [-90, 0, 0],
			"translation": [0, 0, -15],
			"scale": [2, 2, 2]
		}
	}
}