{
	"credit": "Made with Blockbench",
	"textures": {
		"0": "block/dark_oak_log",
		"particle": "block/dark_oak_log"
	},
	"elements": [
		{
			"from": [0, 0, 0],
			"to": [2, 16, 2],
			"faces": {
				"north": {"uv": [14, 0, 16, 16], "texture": "#0"},
				"east": {"uv": [14, 0, 16, 16], "texture": "#0"},
				"south": {"uv": [0, 0, 2, 16], "texture": "#0"},
				"west": {"uv": [0, 0, 2, 16], "texture": "#0"},
				"up": {"uv": [0, 0, 2, 2], "texture": "#0"},
				"down": {"uv": [0, 14, 2, 16], "texture": "#0"}
			}
		},
		{
			"from": [14, 0, 0],
			"to": [16, 16, 2],
			"faces": {
				"north": {"uv": [0, 0, 2, 16], "texture": "#0"},
				"east": {"uv": [14, 0, 16, 16], "texture": "#0"},
				"south": {"uv": [14, 0, 16, 16], "texture": "#0"},
				"west": {"uv": [0, 0, 2, 16], "texture": "#0"},
				"up": {"uv": [14, 0, 16, 2], "texture": "#0"},
				"down": {"uv": [14, 14, 16, 16], "texture": "#0"}
			}
		},
		{
			"from": [14, 0, 14],
			"to": [16, 16, 16],
			"faces": {
				"north": {"uv": [0, 0, 2, 16], "texture": "#0"},
				"east": {"uv": [0, 0, 2, 16], "texture": "#0"},
				"south": {"uv": [14, 0, 16, 16], "texture": "#0"},
				"west": {"uv": [14, 0, 16, 16], "texture": "#0"},
				"up": {"uv": [14, 14, 16, 16], "texture": "#0"},
				"down": {"uv": [14, 0, 16, 2], "texture": "#0"}
			}
		},
		{
			"from": [0, 0, 14],
			"to": [2, 16, 16],
			"faces": {
				"north": {"uv": [14, 0, 16, 16], "texture": "#0"},
				"east": {"uv": [0, 0, 2, 16], "texture": "#0"},
				"south": {"uv": [0, 0, 2, 16], "texture": "#0"},
				"west": {"uv": [14, 0, 16, 16], "texture": "#0"},
				"up": {"uv": [0, 14, 2, 16], "texture": "#0"},
				"down": {"uv": [0, 0, 2, 2], "texture": "#0"}
			}
		},
		{
			"from": [-1, 12, -1],
			"to": [8, 16.1, 8],
			"faces": {
				"north": {"uv": [12, 0, 16.1, 9], "rotation": 90, "texture": "#0"},
				"west": {"uv": [1, 1, 10, 5.1], "texture": "#0"},
				"up": {"uv": [7, 0, 16, 9], "rotation": 270, "texture": "#0"},
				"down": {"uv": [0, 8, 8, 16], "texture": "#0"}
			}
		},
		{
			"from": [8, 12, -1],
			"to": [17, 16.1, 8],
			"faces": {
				"north": {"uv": [12, 7, 16.1, 16], "rotation": 90, "texture": "#0"},
				"east": {"uv": [7, 1, 16, 5.1], "texture": "#0"},
				"up": {"uv": [7, 7, 16, 16], "rotation": 270, "texture": "#0"},
				"down": {"uv": [8, 8, 16, 16], "texture": "#0"}
			}
		},
		{
			"from": [8, 12, 8],
			"to": [17, 16.1, 17],
			"faces": {
				"east": {"uv": [1, 1, 10, 5.1], "texture": "#0"},
				"south": {"uv": [0, 0, 4.1, 9], "rotation": 270, "texture": "#0"},
				"up": {"uv": [0, 7, 9, 16], "rotation": 270, "texture": "#0"},
				"down": {"uv": [8, 0, 16, 8], "texture": "#0"}
			}
		},
		{
			"from": [-1, 12, 8],
			"to": [8, 16.1, 17],
			"faces": {
				"south": {"uv": [0, 0, 4.1, 9], "rotation": 270, "texture": "#0"},
				"west": {"uv": [7, 1, 16, 5.1], "texture": "#0"},
				"up": {"uv": [0, 0, 9, 9], "rotation": 270, "texture": "#0"},
				"down": {"uv": [0, 0, 8, 8], "texture": "#0"}
			}
		},
		{
			"from": [5, 11, 0],
			"to": [11, 12, 2],
			"faces": {
				"north": {"uv": [5, 4, 11, 5], "texture": "#0"},
				"east": {"uv": [14, 4, 16, 5], "texture": "#0"},
				"south": {"uv": [5, 4, 11, 5], "texture": "#0"},
				"west": {"uv": [0, 4, 2, 5], "texture": "#0"},
				"up": {"uv": [5, 0, 11, 2], "texture": "#0"},
				"down": {"uv": [5, 14, 11, 16], "texture": "#0"}
			}
		},
		{
			"from": [5, 9, 0],
			"to": [11, 10, 2],
			"faces": {
				"north": {"uv": [5, 6, 11, 7], "texture": "#0"},
				"east": {"uv": [14, 6, 16, 7], "texture": "#0"},
				"south": {"uv": [5, 6, 11, 7], "texture": "#0"},
				"west": {"uv": [0, 6, 2, 7], "texture": "#0"},
				"up": {"uv": [5, 0, 11, 2], "texture": "#0"},
				"down": {"uv": [5, 14, 11, 16], "texture": "#0"}
			}
		},
		{
			"from": [10, 8, 0],
			"to": [13, 9, 2],
			"rotation": {"angle": 0, "axis": "y", "origin": [16, 0, 0]},
			"faces": {
				"north": {"uv": [3, 7, 6, 8], "texture": "#0"},
				"east": {"uv": [14, 7, 16, 8], "texture": "#0"},
				"south": {"uv": [10, 7, 13, 8], "texture": "#0"},
				"west": {"uv": [0, 7, 2, 8], "texture": "#0"},
				"up": {"uv": [10, 0, 13, 2], "texture": "#0"},
				"down": {"uv": [10, 14, 13, 16], "texture": "#0"}
			}
		},
		{
			"from": [13, 8, 0],
			"to": [14, 11, 2],
			"rotation": {"angle": 0, "axis": "y", "origin": [16, 0, 0]},
			"faces": {
				"north": {"uv": [2, 5, 3, 8], "texture": "#0"},
				"east": {"uv": [14, 5, 16, 8], "texture": "#0"},
				"south": {"uv": [13, 5, 14, 8], "texture": "#0"},
				"west": {"uv": [0, 5, 2, 8], "texture": "#0"},
				"up": {"uv": [13, 0, 14, 2], "texture": "#0"},
				"down": {"uv": [13, 14, 14, 16], "texture": "#0"}
			}
		},
		{
			"from": [12, 10, 0],
			"to": [13, 11, 2],
			"rotation": {"angle": 0, "axis": "y", "origin": [16, 0, 0]},
			"faces": {
				"north": {"uv": [3, 5, 4, 6], "texture": "#0"},
				"east": {"uv": [14, 5, 16, 6], "texture": "#0"},
				"south": {"uv": [12, 5, 13, 6], "texture": "#0"},
				"west": {"uv": [0, 5, 2, 6], "texture": "#0"},
				"up": {"uv": [12, 0, 13, 2], "texture": "#0"},
				"down": {"uv": [12, 14, 13, 16], "texture": "#0"}
			}
		},
		{
			"from": [6, 10, 0],
			"to": [7, 11, 2],
			"rotation": {"angle": 0, "axis": "y", "origin": [16, 0, 0]},
			"faces": {
				"north": {"uv": [9, 5, 10, 6], "texture": "#0"},
				"east": {"uv": [14, 5, 16, 6], "texture": "#0"},
				"south": {"uv": [6, 5, 7, 6], "texture": "#0"},
				"west": {"uv": [0, 5, 2, 6], "texture": "#0"},
				"up": {"uv": [6, 0, 7, 2], "texture": "#0"},
				"down": {"uv": [6, 14, 7, 16], "texture": "#0"}
			}
		},
		{
			"from": [9, 10, 0],
			"to": [10, 11, 2],
			"rotation": {"angle": 0, "axis": "y", "origin": [16, 0, 0]},
			"faces": {
				"north": {"uv": [6, 5, 7, 6], "texture": "#0"},
				"east": {"uv": [14, 5, 16, 6], "texture": "#0"},
				"south": {"uv": [9, 5, 10, 6], "texture": "#0"},
				"west": {"uv": [0, 5, 2, 6], "texture": "#0"},
				"up": {"uv": [9, 0, 10, 2], "texture": "#0"},
				"down": {"uv": [9, 14, 10, 16], "texture": "#0"}
			}
		},
		{
			"from": [3, 8, 0],
			"to": [6, 9, 2],
			"faces": {
				"north": {"uv": [10, 7, 13, 8], "texture": "#0"},
				"east": {"uv": [14, 7, 16, 8], "texture": "#0"},
				"south": {"uv": [3, 7, 6, 8], "texture": "#0"},
				"west": {"uv": [0, 7, 2, 8], "texture": "#0"},
				"up": {"uv": [3, 0, 6, 2], "texture": "#0"},
				"down": {"uv": [3, 14, 6, 16], "texture": "#0"}
			}
		},
		{
			"from": [2, 8, 0],
			"to": [3, 11, 2],
			"faces": {
				"north": {"uv": [13, 5, 14, 8], "texture": "#0"},
				"east": {"uv": [14, 5, 16, 8], "texture": "#0"},
				"south": {"uv": [2, 5, 3, 8], "texture": "#0"},
				"west": {"uv": [0, 5, 2, 8], "texture": "#0"},
				"up": {"uv": [2, 0, 3, 2], "texture": "#0"},
				"down": {"uv": [2, 14, 3, 16], "texture": "#0"}
			}
		},
		{
			"from": [3, 10, 0],
			"to": [4, 11, 2],
			"faces": {
				"north": {"uv": [12, 5, 13, 6], "texture": "#0"},
				"east": {"uv": [14, 5, 16, 6], "texture": "#0"},
				"south": {"uv": [3, 5, 4, 6], "texture": "#0"},
				"west": {"uv": [0, 5, 2, 6], "texture": "#0"},
				"up": {"uv": [3, 0, 4, 2], "texture": "#0"},
				"down": {"uv": [3, 14, 4, 16], "texture": "#0"}
			}
		},
		{
			"from": [5, 11, 14],
			"to": [11, 12, 16],
			"faces": {
				"north": {"uv": [5, 4, 11, 5], "texture": "#0"},
				"east": {"uv": [0, 4, 2, 5], "texture": "#0"},
				"south": {"uv": [5, 4, 11, 5], "texture": "#0"},
				"west": {"uv": [14, 4, 16, 5], "texture": "#0"},
				"up": {"uv": [5, 14, 11, 16], "texture": "#0"},
				"down": {"uv": [5, 0, 11, 2], "texture": "#0"}
			}
		},
		{
			"from": [5, 9, 14],
			"to": [11, 10, 16],
			"faces": {
				"north": {"uv": [5, 6, 11, 7], "texture": "#0"},
				"east": {"uv": [0, 6, 2, 7], "texture": "#0"},
				"south": {"uv": [5, 6, 11, 7], "texture": "#0"},
				"west": {"uv": [14, 6, 16, 7], "texture": "#0"},
				"up": {"uv": [5, 14, 11, 16], "texture": "#0"},
				"down": {"uv": [5, 0, 11, 2], "texture": "#0"}
			}
		},
		{
			"from": [10, 8, 14],
			"to": [13, 9, 16],
			"rotation": {"angle": 0, "axis": "y", "origin": [16, 0, 0]},
			"faces": {
				"north": {"uv": [3, 7, 6, 8], "texture": "#0"},
				"east": {"uv": [0, 7, 2, 8], "texture": "#0"},
				"south": {"uv": [10, 7, 13, 8], "texture": "#0"},
				"west": {"uv": [14, 7, 16, 8], "texture": "#0"},
				"up": {"uv": [10, 14, 13, 16], "texture": "#0"},
				"down": {"uv": [10, 0, 13, 2], "texture": "#0"}
			}
		},
		{
			"from": [13, 8, 14],
			"to": [14, 11, 16],
			"rotation": {"angle": 0, "axis": "y", "origin": [16, 0, 0]},
			"faces": {
				"north": {"uv": [2, 5, 3, 8], "texture": "#0"},
				"east": {"uv": [0, 5, 2, 8], "texture": "#0"},
				"south": {"uv": [13, 5, 14, 8], "texture": "#0"},
				"west": {"uv": [14, 5, 16, 8], "texture": "#0"},
				"up": {"uv": [13, 14, 14, 16], "texture": "#0"},
				"down": {"uv": [13, 0, 14, 2], "texture": "#0"}
			}
		},
		{
			"from": [12, 10, 14],
			"to": [13, 11, 16],
			"rotation": {"angle": 0, "axis": "y", "origin": [16, 0, 0]},
			"faces": {
				"north": {"uv": [3, 5, 4, 6], "texture": "#0"},
				"east": {"uv": [0, 5, 2, 6], "texture": "#0"},
				"south": {"uv": [12, 5, 13, 6], "texture": "#0"},
				"west": {"uv": [14, 5, 16, 6], "texture": "#0"},
				"up": {"uv": [12, 14, 13, 16], "texture": "#0"},
				"down": {"uv": [12, 0, 13, 2], "texture": "#0"}
			}
		},
		{
			"from": [6, 10, 14],
			"to": [7, 11, 16],
			"rotation": {"angle": 0, "axis": "y", "origin": [16, 0, 0]},
			"faces": {
				"north": {"uv": [9, 5, 10, 6], "texture": "#0"},
				"east": {"uv": [0, 5, 2, 6], "texture": "#0"},
				"south": {"uv": [6, 5, 7, 6], "texture": "#0"},
				"west": {"uv": [14, 5, 16, 6], "texture": "#0"},
				"up": {"uv": [6, 14, 7, 16], "texture": "#0"},
				"down": {"uv": [6, 0, 7, 2], "texture": "#0"}
			}
		},
		{
			"from": [9, 10, 14],
			"to": [10, 11, 16],
			"rotation": {"angle": 0, "axis": "y", "origin": [16, 0, 0]},
			"faces": {
				"north": {"uv": [6, 5, 7, 6], "texture": "#0"},
				"east": {"uv": [0, 5, 2, 6], "texture": "#0"},
				"south": {"uv": [9, 5, 10, 6], "texture": "#0"},
				"west": {"uv": [14, 5, 16, 6], "texture": "#0"},
				"up": {"uv": [9, 14, 10, 16], "texture": "#0"},
				"down": {"uv": [9, 0, 10, 2], "texture": "#0"}
			}
		},
		{
			"from": [3, 8, 14],
			"to": [6, 9, 16],
			"faces": {
				"north": {"uv": [10, 7, 13, 8], "texture": "#0"},
				"east": {"uv": [0, 7, 2, 8], "texture": "#0"},
				"south": {"uv": [3, 7, 6, 8], "texture": "#0"},
				"west": {"uv": [14, 7, 16, 8], "texture": "#0"},
				"up": {"uv": [3, 14, 6, 16], "texture": "#0"},
				"down": {"uv": [3, 0, 6, 2], "texture": "#0"}
			}
		},
		{
			"from": [2, 8, 14],
			"to": [3, 11, 16],
			"faces": {
				"north": {"uv": [13, 5, 14, 8], "texture": "#0"},
				"east": {"uv": [0, 5, 2, 8], "texture": "#0"},
				"south": {"uv": [2, 5, 3, 8], "texture": "#0"},
				"west": {"uv": [14, 5, 16, 8], "texture": "#0"},
				"up": {"uv": [2, 14, 3, 16], "texture": "#0"},
				"down": {"uv": [2, 0, 3, 2], "texture": "#0"}
			}
		},
		{
			"from": [3, 10, 14],
			"to": [4, 11, 16],
			"faces": {
				"north": {"uv": [12, 5, 13, 6], "texture": "#0"},
				"east": {"uv": [0, 5, 2, 6], "texture": "#0"},
				"south": {"uv": [3, 5, 4, 6], "texture": "#0"},
				"west": {"uv": [14, 5, 16, 6], "texture": "#0"},
				"up": {"uv": [3, 14, 4, 16], "texture": "#0"},
				"down": {"uv": [3, 0, 4, 2], "texture": "#0"}
			}
		},
		{
			"from": [14, 11, 5],
			"to": [16, 12, 11],
			"faces": {
				"north": {"uv": [0, 4, 2, 5], "texture": "#0"},
				"east": {"uv": [5, 4, 11, 5], "texture": "#0"},
				"south": {"uv": [14, 4, 16, 5], "texture": "#0"},
				"west": {"uv": [5, 4, 11, 5], "texture": "#0"},
				"up": {"uv": [14, 5, 16, 11], "rotation": 90, "texture": "#0"},
				"down": {"uv": [14, 5, 16, 11], "rotation": 270, "texture": "#0"}
			}
		},
		{
			"from": [14, 9, 5],
			"to": [16, 10, 11],
			"faces": {
				"north": {"uv": [0, 6, 2, 7], "texture": "#0"},
				"east": {"uv": [5, 6, 11, 7], "texture": "#0"},
				"south": {"uv": [14, 6, 16, 7], "texture": "#0"},
				"west": {"uv": [5, 6, 11, 7], "texture": "#0"},
				"up": {"uv": [14, 5, 16, 11], "rotation": 90, "texture": "#0"},
				"down": {"uv": [14, 5, 16, 11], "rotation": 270, "texture": "#0"}
			}
		},
		{
			"from": [14, 8, 10],
			"to": [16, 9, 13],
			"rotation": {"angle": 0, "axis": "y", "origin": [0, 0, 16]},
			"faces": {
				"north": {"uv": [0, 7, 2, 8], "texture": "#0"},
				"east": {"uv": [3, 7, 6, 8], "texture": "#0"},
				"south": {"uv": [14, 7, 16, 8], "texture": "#0"},
				"west": {"uv": [10, 7, 13, 8], "texture": "#0"},
				"up": {"uv": [14, 10, 16, 13], "rotation": 90, "texture": "#0"},
				"down": {"uv": [14, 3, 16, 6], "rotation": 270, "texture": "#0"}
			}
		},
		{
			"from": [14, 8, 13],
			"to": [16, 11, 14],
			"rotation": {"angle": 0, "axis": "y", "origin": [0, 0, 16]},
			"faces": {
				"north": {"uv": [0, 5, 2, 8], "texture": "#0"},
				"east": {"uv": [2, 5, 3, 8], "texture": "#0"},
				"south": {"uv": [14, 5, 16, 8], "texture": "#0"},
				"west": {"uv": [13, 5, 14, 8], "texture": "#0"},
				"up": {"uv": [14, 13, 16, 14], "rotation": 90, "texture": "#0"},
				"down": {"uv": [14, 2, 16, 3], "rotation": 270, "texture": "#0"}
			}
		},
		{
			"from": [14, 10, 12],
			"to": [16, 11, 13],
			"rotation": {"angle": 0, "axis": "y", "origin": [0, 0, 16]},
			"faces": {
				"north": {"uv": [0, 5, 2, 6], "texture": "#0"},
				"east": {"uv": [3, 5, 4, 6], "texture": "#0"},
				"south": {"uv": [14, 5, 16, 6], "texture": "#0"},
				"west": {"uv": [12, 5, 13, 6], "texture": "#0"},
				"up": {"uv": [14, 12, 16, 13], "rotation": 90, "texture": "#0"},
				"down": {"uv": [14, 3, 16, 4], "rotation": 270, "texture": "#0"}
			}
		},
		{
			"from": [14, 10, 6],
			"to": [16, 11, 7],
			"rotation": {"angle": 0, "axis": "y", "origin": [0, 0, 16]},
			"faces": {
				"north": {"uv": [0, 5, 2, 6], "texture": "#0"},
				"east": {"uv": [9, 5, 10, 6], "texture": "#0"},
				"south": {"uv": [14, 5, 16, 6], "texture": "#0"},
				"west": {"uv": [6, 5, 7, 6], "texture": "#0"},
				"up": {"uv": [14, 6, 16, 7], "rotation": 90, "texture": "#0"},
				"down": {"uv": [14, 9, 16, 10], "rotation": 270, "texture": "#0"}
			}
		},
		{
			"from": [14, 10, 9],
			"to": [16, 11, 10],
			"rotation": {"angle": 0, "axis": "y", "origin": [0, 0, 16]},
			"faces": {
				"north": {"uv": [0, 5, 2, 6], "texture": "#0"},
				"east": {"uv": [6, 5, 7, 6], "texture": "#0"},
				"south": {"uv": [14, 5, 16, 6], "texture": "#0"},
				"west": {"uv": [9, 5, 10, 6], "texture": "#0"},
				"up": {"uv": [14, 9, 16, 10], "rotation": 90, "texture": "#0"},
				"down": {"uv": [14, 6, 16, 7], "rotation": 270, "texture": "#0"}
			}
		},
		{
			"from": [14, 8, 3],
			"to": [16, 9, 6],
			"faces": {
				"north": {"uv": [0, 7, 2, 8], "texture": "#0"},
				"east": {"uv": [10, 7, 13, 8], "texture": "#0"},
				"south": {"uv": [14, 7, 16, 8], "texture": "#0"},
				"west": {"uv": [3, 7, 6, 8], "texture": "#0"},
				"up": {"uv": [14, 3, 16, 6], "rotation": 90, "texture": "#0"},
				"down": {"uv": [14, 10, 16, 13], "rotation": 270, "texture": "#0"}
			}
		},
		{
			"from": [14, 8, 2],
			"to": [16, 11, 3],
			"faces": {
				"north": {"uv": [0, 5, 2, 8], "texture": "#0"},
				"east": {"uv": [13, 5, 14, 8], "texture": "#0"},
				"south": {"uv": [14, 5, 16, 8], "texture": "#0"},
				"west": {"uv": [2, 5, 3, 8], "texture": "#0"},
				"up": {"uv": [14, 2, 16, 3], "rotation": 90, "texture": "#0"},
				"down": {"uv": [14, 13, 16, 14], "rotation": 270, "texture": "#0"}
			}
		},
		{
			"from": [14, 10, 3],
			"to": [16, 11, 4],
			"faces": {
				"north": {"uv": [0, 5, 2, 6], "texture": "#0"},
				"east": {"uv": [12, 5, 13, 6], "texture": "#0"},
				"south": {"uv": [14, 5, 16, 6], "texture": "#0"},
				"west": {"uv": [3, 5, 4, 6], "texture": "#0"},
				"up": {"uv": [14, 3, 16, 4], "rotation": 90, "texture": "#0"},
				"down": {"uv": [14, 12, 16, 13], "rotation": 270, "texture": "#0"}
			}
		},
		{
			"from": [0, 11, 5],
			"to": [2, 12, 11],
			"faces": {
				"north": {"uv": [14, 4, 16, 5], "texture": "#0"},
				"east": {"uv": [5, 4, 11, 5], "texture": "#0"},
				"south": {"uv": [0, 4, 2, 5], "texture": "#0"},
				"west": {"uv": [5, 4, 11, 5], "texture": "#0"},
				"up": {"uv": [0, 5, 2, 11], "rotation": 90, "texture": "#0"},
				"down": {"uv": [0, 5, 2, 11], "rotation": 270, "texture": "#0"}
			}
		},
		{
			"from": [0, 9, 5],
			"to": [2, 10, 11],
			"faces": {
				"north": {"uv": [14, 6, 16, 7], "texture": "#0"},
				"east": {"uv": [5, 6, 11, 7], "texture": "#0"},
				"south": {"uv": [0, 6, 2, 7], "texture": "#0"},
				"west": {"uv": [5, 6, 11, 7], "texture": "#0"},
				"up": {"uv": [0, 5, 2, 11], "rotation": 90, "texture": "#0"},
				"down": {"uv": [0, 5, 2, 11], "rotation": 270, "texture": "#0"}
			}
		},
		{
			"from": [0, 8, 10],
			"to": [2, 9, 13],
			"rotation": {"angle": 0, "axis": "y", "origin": [0, 0, 16]},
			"faces": {
				"north": {"uv": [14, 7, 16, 8], "texture": "#0"},
				"east": {"uv": [3, 7, 6, 8], "texture": "#0"},
				"south": {"uv": [0, 7, 2, 8], "texture": "#0"},
				"west": {"uv": [10, 7, 13, 8], "texture": "#0"},
				"up": {"uv": [0, 10, 2, 13], "rotation": 90, "texture": "#0"},
				"down": {"uv": [0, 3, 2, 6], "rotation": 270, "texture": "#0"}
			}
		},
		{
			"from": [0, 8, 13],
			"to": [2, 11, 14],
			"rotation": {"angle": 0, "axis": "y", "origin": [0, 0, 16]},
			"faces": {
				"north": {"uv": [14, 5, 16, 8], "texture": "#0"},
				"east": {"uv": [2, 5, 3, 8], "texture": "#0"},
				"south": {"uv": [0, 5, 2, 8], "texture": "#0"},
				"west": {"uv": [13, 5, 14, 8], "texture": "#0"},
				"up": {"uv": [0, 13, 2, 14], "rotation": 90, "texture": "#0"},
				"down": {"uv": [0, 2, 2, 3], "rotation": 270, "texture": "#0"}
			}
		},
		{
			"from": [0, 10, 12],
			"to": [2, 11, 13],
			"rotation": {"angle": 0, "axis": "y", "origin": [0, 0, 16]},
			"faces": {
				"north": {"uv": [14, 5, 16, 6], "texture": "#0"},
				"east": {"uv": [3, 5, 4, 6], "texture": "#0"},
				"south": {"uv": [0, 5, 2, 6], "texture": "#0"},
				"west": {"uv": [12, 5, 13, 6], "texture": "#0"},
				"up": {"uv": [0, 12, 2, 13], "rotation": 90, "texture": "#0"},
				"down": {"uv": [0, 3, 2, 4], "rotation": 270, "texture": "#0"}
			}
		},
		{
			"from": [0, 10, 6],
			"to": [2, 11, 7],
			"rotation": {"angle": 0, "axis": "y", "origin": [0, 0, 16]},
			"faces": {
				"north": {"uv": [14, 5, 16, 6], "texture": "#0"},
				"east": {"uv": [9, 5, 10, 6], "texture": "#0"},
				"south": {"uv": [0, 5, 2, 6], "texture": "#0"},
				"west": {"uv": [6, 5, 7, 6], "texture": "#0"},
				"up": {"uv": [0, 6, 2, 7], "rotation": 90, "texture": "#0"},
				"down": {"uv": [0, 9, 2, 10], "rotation": 270, "texture": "#0"}
			}
		},
		{
			"from": [0, 10, 9],
			"to": [2, 11, 10],
			"rotation": {"angle": 0, "axis": "y", "origin": [0, 0, 16]},
			"faces": {
				"north": {"uv": [14, 5, 16, 6], "texture": "#0"},
				"east": {"uv": [6, 5, 7, 6], "texture": "#0"},
				"south": {"uv": [0, 5, 2, 6], "texture": "#0"},
				"west": {"uv": [9, 5, 10, 6], "texture": "#0"},
				"up": {"uv": [0, 9, 2, 10], "rotation": 90, "texture": "#0"},
				"down": {"uv": [0, 6, 2, 7], "rotation": 270, "texture": "#0"}
			}
		},
		{
			"from": [0, 8, 3],
			"to": [2, 9, 6],
			"faces": {
				"north": {"uv": [14, 7, 16, 8], "texture": "#0"},
				"east": {"uv": [10, 7, 13, 8], "texture": "#0"},
				"south": {"uv": [0, 7, 2, 8], "texture": "#0"},
				"west": {"uv": [3, 7, 6, 8], "texture": "#0"},
				"up": {"uv": [0, 3, 2, 6], "rotation": 90, "texture": "#0"},
				"down": {"uv": [0, 10, 2, 13], "rotation": 270, "texture": "#0"}
			}
		},
		{
			"from": [0, 8, 2],
			"to": [2, 11, 3],
			"faces": {
				"north": {"uv": [14, 5, 16, 8], "texture": "#0"},
				"east": {"uv": [13, 5, 14, 8], "texture": "#0"},
				"south": {"uv": [0, 5, 2, 8], "texture": "#0"},
				"west": {"uv": [2, 5, 3, 8], "texture": "#0"},
				"up": {"uv": [0, 2, 2, 3], "rotation": 90, "texture": "#0"},
				"down": {"uv": [0, 13, 2, 14], "rotation": 270, "texture": "#0"}
			}
		},
		{
			"from": [0, 10, 3],
			"to": [2, 11, 4],
			"faces": {
				"north": {"uv": [14, 5, 16, 6], "texture": "#0"},
				"east": {"uv": [12, 5, 13, 6], "texture": "#0"},
				"south": {"uv": [0, 5, 2, 6], "texture": "#0"},
				"west": {"uv": [3, 5, 4, 6], "texture": "#0"},
				"up": {"uv": [0, 3, 2, 4], "rotation": 90, "texture": "#0"},
				"down": {"uv": [0, 12, 2, 13], "rotation": 270, "texture": "#0"}
			}
		}
	],
	"display": {
		"firstperson_righthand": {
			"scale": [0.5, 0.5, 0.5]
		},
		"firstperson_lefthand": {
			"scale": [0.5, 0.5, 0.5]
		},
		"gui": {
			"rotation": [25, 159, 0],
			"translation": [0.25, -0.25, 0],
			"scale": [0.5, 0.5, 0.5]
		},
		"fixed": {
			"translation": [0, 0, 18],
			"scale": [2, 2, 2]
		}
	},
	"groups": [0, 1, 2, 3,
		{
			"name": "group",
			"origin": [0, 0, 0],
			"children": [4, 5, 6, 7]
		},
		{
			"name": "group",
			"origin": [8, 8, 8],
			"children": [8, 9, 10, 11, 12, 13, 14, 15, 16, 17]
		},
		{
			"name": "group",
			"origin": [8, 8, 8],
			"children": [18, 19, 20, 21, 22, 23, 24, 25, 26, 27]
		},
		{
			"name": "group",
			"origin": [8, 8, 8],
			"children": [28, 29, 30, 31, 32, 33, 34, 35, 36, 37]
		},
		{
			"name": "group",
			"origin": [8, 8, 8],
			"children": [38, 39, 40, 41, 42, 43, 44, 45, 46, 47]
		}
	]
}