{
	"credit": "Made with Blockbench",
	"textures": {
		"0": "./grass_a",
		"1": "block/quartz_block_side",
		"2": "block/dirt",
		"3": "block/stripped_spruce_log",
		"particle": "./grass_a"
	},
	"elements": [
		{
			"from": [5, 0, 5],
			"to": [11, 2, 11],
			"faces": {
				"north": {"uv": [5, 14, 11, 16], "texture": "#1"},
				"east": {"uv": [5, 14, 11, 16], "texture": "#1"},
				"south": {"uv": [5, 14, 11, 16], "texture": "#1"},
				"west": {"uv": [5, 14, 11, 16], "texture": "#1"},
				"up": {"uv": [5, 5, 11, 11], "texture": "#1"},
				"down": {"uv": [5, 5, 11, 11], "texture": "#1"}
			}
		},
		{
			"from": [6, 2, 6],
			"to": [10, 3, 10],
			"faces": {
				"north": {"uv": [6, 13, 10, 14], "texture": "#1"},
				"east": {"uv": [6, 13, 10, 14], "texture": "#1"},
				"south": {"uv": [6, 13, 10, 14], "texture": "#1"},
				"west": {"uv": [6, 13, 10, 14], "texture": "#1"}
			}
		},
		{
			"from": [4, 3, 4],
			"to": [12, 4, 12],
			"faces": {
				"north": {"uv": [4, 12, 12, 13], "texture": "#1"},
				"east": {"uv": [4, 12, 12, 13], "texture": "#1"},
				"south": {"uv": [4, 12, 12, 13], "texture": "#1"},
				"west": {"uv": [4, 12, 12, 13], "texture": "#1"},
				"down": {"uv": [4, 4, 12, 12], "texture": "#1"}
			}
		},
		{
			"from": [4, 4, 4],
			"to": [5, 6, 12],
			"faces": {
				"north": {"uv": [11, 10, 12, 12], "texture": "#1"},
				"east": {"uv": [4, 10, 12, 12], "texture": "#1"},
				"south": {"uv": [4, 10, 5, 12], "texture": "#1"},
				"west": {"uv": [4, 10, 12, 12], "texture": "#1"},
				"up": {"uv": [4, 4, 5, 12], "texture": "#1"}
			}
		},
		{
			"from": [11, 4, 4],
			"to": [12, 6, 12],
			"faces": {
				"north": {"uv": [4, 10, 5, 12], "texture": "#1"},
				"east": {"uv": [4, 10, 12, 12], "texture": "#1"},
				"south": {"uv": [11, 10, 12, 12], "texture": "#1"},
				"west": {"uv": [4, 10, 12, 12], "texture": "#1"},
				"up": {"uv": [11, 4, 12, 12], "texture": "#1"}
			}
		},
		{
			"from": [5, 4, 11],
			"to": [11, 6, 12],
			"faces": {
				"north": {"uv": [5, 10, 11, 12], "texture": "#1"},
				"south": {"uv": [5, 10, 11, 12], "texture": "#1"},
				"up": {"uv": [5, 11, 11, 12], "texture": "#1"}
			}
		},
		{
			"from": [5, 4, 4],
			"to": [11, 6, 5],
			"faces": {
				"north": {"uv": [5, 10, 11, 12], "texture": "#1"},
				"south": {"uv": [5, 10, 11, 12], "texture": "#1"},
				"up": {"uv": [5, 4, 11, 5], "texture": "#1"}
			}
		},
		{
			"from": [3.9, 4, 3.9],
			"to": [12.1, 5, 12.1],
			"faces": {
				"north": {"uv": [0, 1, 8, 2], "texture": "#3"},
				"east": {"uv": [0, 3, 8, 4], "texture": "#3"},
				"south": {"uv": [0, 0, 8, 1], "texture": "#3"},
				"west": {"uv": [0, 2, 8, 3], "texture": "#3"},
				"up": {"uv": [0, 0, 8, 8], "texture": "#3"},
				"down": {"uv": [0, 0, 8, 8], "texture": "#3"}
			}
		},
		{
			"from": [5, 4, 5],
			"to": [11, 6, 11],
			"faces": {
				"up": {"uv": [5, 5, 11, 11], "texture": "#2"}
			}
		},
		{
			"from": [10, 5, 6],
			"to": [10, 9, 7],
			"rotation": {"angle": 0, "axis": "y", "origin": [16, -2, 0]},
			"faces": {
				"east": {"uv": [15, 0, 16, 4], "texture": "#0"},
				"west": {"uv": [15, 6, 16, 10], "texture": "#0"}
			}
		},
		{
			"from": [4, 5.9, 4],
			"to": [12, 5.9, 9],
			"rotation": {"angle": -22.5, "axis": "z", "origin": [16, -2, 0]},
			"faces": {
				"up": {"uv": [8, 0, 13, 8], "rotation": 270, "texture": "#0"},
				"down": {"uv": [8, 0, 13, 8], "rotation": 270, "texture": "#0"}
			}
		},
		{
			"from": [4, 5, 7],
			"to": [12, 5, 12],
			"rotation": {"angle": -22.5, "axis": "z", "origin": [16, -2, 0]},
			"faces": {
				"up": {"uv": [8, 0, 13, 8], "rotation": 270, "texture": "#0"},
				"down": {"uv": [8, 0, 13, 8], "rotation": 270, "texture": "#0"}
			}
		},
		{
			"from": [10, 5, 9],
			"to": [10, 8, 10],
			"rotation": {"angle": 0, "axis": "y", "origin": [16, -2, 0]},
			"faces": {
				"east": {"uv": [15, 0, 16, 3], "texture": "#0"},
				"west": {"uv": [15, 7, 16, 10], "texture": "#0"}
			}
		},
		{
			"from": [10, 5, 7],
			"to": [10, 11, 8],
			"rotation": {"angle": 0, "axis": "y", "origin": [0, -1, 0]},
			"faces": {
				"east": {"uv": [15, 4, 16, 10], "texture": "#0"},
				"west": {"uv": [15, 0, 16, 6], "texture": "#0"}
			}
		},
		{
			"from": [2, 14, 5],
			"to": [10, 14, 10],
			"rotation": {"angle": -22.5, "axis": "z", "origin": [0, -1, 0]},
			"faces": {
				"up": {"uv": [8, 0, 13, 8], "rotation": 270, "texture": "#0"},
				"down": {"uv": [8, 0, 13, 8], "rotation": 270, "texture": "#0"}
			}
		},
		{
			"from": [6, 5, 8],
			"to": [6, 10, 9],
			"rotation": {"angle": 0, "axis": "y", "origin": [16, -1, 16]},
			"faces": {
				"east": {"uv": [15, 0, 16, 5], "texture": "#0"},
				"west": {"uv": [15, 5, 16, 10], "texture": "#0"}
			}
		},
		{
			"from": [5, 13, 6],
			"to": [13, 13, 11],
			"rotation": {"angle": 22.5, "axis": "z", "origin": [16, -1, 16]},
			"faces": {
				"up": {"uv": [13, 8, 8, 0], "rotation": 270, "texture": "#0"},
				"down": {"uv": [13, 8, 8, 0], "rotation": 270, "texture": "#0"}
			}
		},
		{
			"from": [4, 4.6, 3],
			"to": [12, 4.6, 8],
			"rotation": {"angle": 22.5, "axis": "z", "origin": [0, -2, 16]},
			"faces": {
				"up": {"uv": [13, 8, 8, 0], "rotation": 270, "texture": "#0"},
				"down": {"uv": [13, 8, 8, 0], "rotation": 270, "texture": "#0"}
			}
		},
		{
			"from": [7, 5, 5],
			"to": [7, 8, 6],
			"rotation": {"angle": 0, "axis": "y", "origin": [0, -2, 16]},
			"faces": {
				"east": {"uv": [15, 7, 16, 10], "texture": "#0"},
				"west": {"uv": [15, 0, 16, 3], "texture": "#0"}
			}
		},
		{
			"from": [6, 5, 6],
			"to": [7, 10, 6],
			"rotation": {"angle": 0, "axis": "y", "origin": [0, -1, 0]},
			"faces": {
				"north": {"uv": [15, 0, 16, 5], "texture": "#0"},
				"south": {"uv": [15, 5, 16, 10], "texture": "#0"}
			}
		},
		{
			"from": [4, 6.9, 4],
			"to": [9, 6.9, 12],
			"rotation": {"angle": -22.5, "axis": "x", "origin": [0, -1, 0]},
			"faces": {
				"up": {"uv": [8, 0, 13, 8], "rotation": 180, "texture": "#0"},
				"down": {"uv": [8, 0, 13, 8], "texture": "#0"}
			}
		},
		{
			"from": [7, 5, 3],
			"to": [12, 5, 11],
			"rotation": {"angle": -22.5, "axis": "x", "origin": [0, -1, 0]},
			"faces": {
				"up": {"uv": [8, 0, 13, 8], "rotation": 180, "texture": "#0"},
				"down": {"uv": [8, 0, 13, 8], "texture": "#0"}
			}
		},
		{
			"from": [9, 5, 6],
			"to": [10, 8, 6],
			"rotation": {"angle": 0, "axis": "y", "origin": [0, -1, 0]},
			"faces": {
				"north": {"uv": [15, 0, 16, 3], "texture": "#0"},
				"south": {"uv": [15, 7, 16, 10], "texture": "#0"}
			}
		},
		{
			"from": [9, 5, 10],
			"to": [10, 10, 10],
			"rotation": {"angle": 0, "axis": "y", "origin": [16, -1, 16]},
			"faces": {
				"north": {"uv": [15, 5, 16, 10], "texture": "#0"},
				"south": {"uv": [15, 0, 16, 5], "texture": "#0"}
			}
		},
		{
			"from": [7, 6.9, 4],
			"to": [12, 6.9, 12],
			"rotation": {"angle": 22.5, "axis": "x", "origin": [16, -1, 16]},
			"faces": {
				"up": {"uv": [13, 8, 8, 0], "rotation": 180, "texture": "#0"},
				"down": {"uv": [13, 8, 8, 0], "texture": "#0"}
			}
		},
		{
			"from": [4, 4.7, 4],
			"to": [9, 4.7, 12],
			"rotation": {"angle": 22.5, "axis": "x", "origin": [16, -1, 16]},
			"faces": {
				"up": {"uv": [13, 8, 8, 0], "rotation": 180, "texture": "#0"},
				"down": {"uv": [13, 8, 8, 0], "texture": "#0"}
			}
		},
		{
			"from": [6, 5, 9],
			"to": [7, 8, 9],
			"rotation": {"angle": 0, "axis": "y", "origin": [16, -1, 16]},
			"faces": {
				"north": {"uv": [15, 7, 16, 10], "texture": "#0"},
				"south": {"uv": [15, 0, 16, 3], "texture": "#0"}
			}
		},
		{
			"from": [4.5, 10.3, 5],
			"to": [11.5, 10.3, 9],
			"rotation": {"angle": -22.5, "axis": "x", "origin": [0, 0, 16]},
			"faces": {
				"up": {"uv": [16, 11, 9, 15], "texture": "#0"},
				"down": {"uv": [16, 11, 9, 15], "rotation": 180, "texture": "#0"}
			}
		},
		{
			"from": [4, 4, 4.5],
			"to": [8, 4, 11.5],
			"rotation": {"angle": 22.5, "axis": "z", "origin": [0, 0, 16]},
			"faces": {
				"up": {"uv": [16, 11, 9, 15], "rotation": 270, "texture": "#0"},
				"down": {"uv": [16, 11, 9, 15], "rotation": 270, "texture": "#0"}
			}
		},
		{
			"from": [4.5, 10.3, 7],
			"to": [11.5, 10.3, 11],
			"rotation": {"angle": 22.5, "axis": "x", "origin": [0, 0, 0]},
			"faces": {
				"up": {"uv": [16, 15, 9, 11], "texture": "#0"},
				"down": {"uv": [16, 15, 9, 11], "rotation": 180, "texture": "#0"}
			}
		},
		{
			"from": [8, 4, 4.5],
			"to": [12, 4, 11.5],
			"rotation": {"angle": -22.5, "axis": "z", "origin": [16, 0, 16]},
			"faces": {
				"up": {"uv": [16, 15, 9, 11], "rotation": 270, "texture": "#0"},
				"down": {"uv": [16, 15, 9, 11], "rotation": 270, "texture": "#0"}
			}
		},
		{
			"from": [4, 8, 5],
			"to": [12, 8, 11],
			"faces": {
				"north": {"uv": [0, 0, 8, 0], "texture": "#missing"},
				"east": {"uv": [0, 0, 8, 0], "texture": "#missing"},
				"south": {"uv": [0, 0, 8, 0], "texture": "#missing"},
				"west": {"uv": [0, 0, 8, 0], "texture": "#missing"},
				"up": {"uv": [8, 10, 16, 16], "texture": "#0"},
				"down": {"uv": [8, 10, 16, 16], "texture": "#0"}
			}
		},
		{
			"from": [4, 11, 5],
			"to": [12, 11, 11],
			"faces": {
				"north": {"uv": [0, 0, 8, 0], "texture": "#missing"},
				"east": {"uv": [0, 0, 8, 0], "texture": "#missing"},
				"south": {"uv": [0, 0, 8, 0], "texture": "#missing"},
				"west": {"uv": [0, 0, 8, 0], "texture": "#missing"},
				"up": {"uv": [8, 10, 16, 16], "texture": "#0"},
				"down": {"uv": [8, 10, 16, 16], "texture": "#0"}
			}
		}
	],
	"display": {
		"gui": {
			"rotation": [25, 135, 0],
			"translation": [0, 2, 0]
		},
		"fixed": {
			"rotation": [-90, 0, 0],
			"translation": [0, 0, -15],
			"scale": [2, 2, 2]
		}
	},
	"groups": [
		{
			"name": "group",
			"origin": [8, 8, 8],
			"children": [0, 1, 2, 3, 4, 5, 6, 7, 8]
		},
		{
			"name": "group",
			"origin": [0, 0, 16],
			"children": [
				{
					"name": "group",
					"origin": [0, 0, 0],
					"children": [9, 10, 11, 12]
				},
				{
					"name": "group",
					"origin": [0, 0, 0],
					"children": [13, 14]
				},
				{
					"name": "group",
					"origin": [0, 0, 0],
					"children": [15, 16, 17, 18]
				},
				{
					"name": "group",
					"origin": [0, 0, 0],
					"children": [19, 20, 21, 22]
				},
				{
					"name": "group",
					"origin": [0, 0, 0],
					"children": [23, 24, 25, 26]
				}
			]
		},
		{
			"name": "group",
			"origin": [8, 8, 8],
			"children": [27, 28, 29, 30, 31, 32]
		}
	]
}