{
	"credit": "Made with Blockbench",
	"parent": "./cit_item_wall",
	"ambientocclusion": false,
	"textures": {
		"0": "block/anvil",
		"particle": "block/anvil"
	},
	"elements": [
		{
			"from": [4.5, 0.5, -1],
			"to": [5.5, 15.5, 0],
			"faces": {
				"north": {"uv": [11, 0, 12, 15], "texture": "#0"},
				"east": {"uv": [1, 15, 16, 16], "rotation": 270, "texture": "#0"},
				"south": {"uv": [11, 1, 12, 16], "rotation": 180, "texture": "#0"},
				"west": {"uv": [0, 15, 15, 16], "rotation": 90, "texture": "#0"},
				"up": {"uv": [11, 15, 12, 16], "rotation": 180, "texture": "#0"},
				"down": {"uv": [4, 15, 5, 16], "texture": "#0"}
			}
		},
		{
			"from": [1.5, 0.5, -1],
			"to": [2.5, 15.5, 0],
			"faces": {
				"north": {"uv": [14, 0, 15, 15], "texture": "#0"},
				"east": {"uv": [1, 15, 16, 16], "rotation": 270, "texture": "#0"},
				"south": {"uv": [14, 1, 15, 16], "rotation": 180, "texture": "#0"},
				"west": {"uv": [0, 15, 15, 16], "rotation": 90, "texture": "#0"},
				"up": {"uv": [14, 15, 15, 16], "rotation": 180, "texture": "#0"},
				"down": {"uv": [1, 15, 2, 16], "texture": "#0"}
			}
		},
		{
			"from": [10.5, 0.5, -1],
			"to": [11.5, 15.5, 0],
			"faces": {
				"north": {"uv": [5, 0, 6, 15], "texture": "#0"},
				"east": {"uv": [1, 15, 16, 16], "rotation": 270, "texture": "#0"},
				"south": {"uv": [5, 1, 6, 16], "rotation": 180, "texture": "#0"},
				"west": {"uv": [0, 15, 15, 16], "rotation": 90, "texture": "#0"},
				"up": {"uv": [5, 15, 6, 16], "rotation": 180, "texture": "#0"},
				"down": {"uv": [10, 15, 11, 16], "texture": "#0"}
			}
		},
		{
			"from": [13.5, 0.5, -1],
			"to": [14.5, 15.5, 0],
			"faces": {
				"north": {"uv": [2, 0, 3, 15], "texture": "#0"},
				"east": {"uv": [1, 15, 16, 16], "rotation": 270, "texture": "#0"},
				"south": {"uv": [2, 1, 3, 16], "rotation": 180, "texture": "#0"},
				"west": {"uv": [0, 15, 15, 16], "rotation": 90, "texture": "#0"},
				"up": {"uv": [2, 15, 3, 16], "rotation": 180, "texture": "#0"},
				"down": {"uv": [13, 15, 14, 16], "texture": "#0"}
			}
		},
		{
			"from": [7.5, 0.5, -1],
			"to": [8.5, 15.5, 0],
			"faces": {
				"north": {"uv": [8, 0, 9, 15], "texture": "#0"},
				"east": {"uv": [1, 15, 16, 16], "rotation": 270, "texture": "#0"},
				"south": {"uv": [8, 1, 9, 16], "rotation": 180, "texture": "#0"},
				"west": {"uv": [0, 15, 15, 16], "rotation": 90, "texture": "#0"},
				"up": {"uv": [8, 15, 9, 16], "rotation": 180, "texture": "#0"},
				"down": {"uv": [7, 15, 8, 16], "texture": "#0"}
			}
		},
		{
			"from": [0.5, 13.5, -1],
			"to": [15.5, 14.5, 0],
			"faces": {
				"north": {"uv": [1, 1, 16, 2], "texture": "#0"},
				"east": {"uv": [14, 15, 15, 16], "rotation": 270, "texture": "#0"},
				"south": {"uv": [1, 14, 16, 15], "rotation": 180, "texture": "#0"},
				"west": {"uv": [1, 15, 2, 16], "rotation": 90, "texture": "#0"},
				"up": {"uv": [1, 15, 16, 16], "rotation": 180, "texture": "#0"},
				"down": {"uv": [0, 15, 15, 16], "texture": "#0"}
			}
		},
		{
			"from": [0.5, 10.5, -1],
			"to": [15.5, 11.5, 0],
			"faces": {
				"north": {"uv": [1, 4, 16, 5], "texture": "#0"},
				"east": {"uv": [11, 15, 12, 16], "rotation": 270, "texture": "#0"},
				"south": {"uv": [1, 11, 16, 12], "rotation": 180, "texture": "#0"},
				"west": {"uv": [4, 15, 5, 16], "rotation": 90, "texture": "#0"},
				"up": {"uv": [1, 15, 16, 16], "rotation": 180, "texture": "#0"},
				"down": {"uv": [0, 15, 15, 16], "texture": "#0"}
			}
		},
		{
			"from": [0.5, 7.5, -1],
			"to": [15.5, 8.5, 0],
			"faces": {
				"north": {"uv": [1, 7, 16, 8], "texture": "#0"},
				"east": {"uv": [8, 15, 9, 16], "rotation": 270, "texture": "#0"},
				"south": {"uv": [1, 8, 16, 9], "rotation": 180, "texture": "#0"},
				"west": {"uv": [7, 15, 8, 16], "rotation": 90, "texture": "#0"},
				"up": {"uv": [1, 15, 16, 16], "rotation": 180, "texture": "#0"},
				"down": {"uv": [0, 15, 15, 16], "texture": "#0"}
			}
		},
		{
			"from": [0.5, 4.5, -1],
			"to": [15.5, 5.5, 0],
			"faces": {
				"north": {"uv": [1, 10, 16, 11], "texture": "#0"},
				"east": {"uv": [5, 15, 6, 16], "rotation": 270, "texture": "#0"},
				"south": {"uv": [1, 5, 16, 6], "rotation": 180, "texture": "#0"},
				"west": {"uv": [10, 15, 11, 16], "rotation": 90, "texture": "#0"},
				"up": {"uv": [1, 15, 16, 16], "rotation": 180, "texture": "#0"},
				"down": {"uv": [0, 15, 15, 16], "texture": "#0"}
			}
		},
		{
			"from": [0.5, 1.5, -1],
			"to": [15.5, 2.5, 0],
			"faces": {
				"north": {"uv": [1, 13, 16, 14], "texture": "#0"},
				"east": {"uv": [2, 15, 3, 16], "rotation": 270, "texture": "#0"},
				"south": {"uv": [1, 2, 16, 3], "rotation": 180, "texture": "#0"},
				"west": {"uv": [13, 15, 14, 16], "rotation": 90, "texture": "#0"},
				"up": {"uv": [1, 15, 16, 16], "rotation": 180, "texture": "#0"},
				"down": {"uv": [0, 15, 15, 16], "texture": "#0"}
			}
		}
	],
	"display": {
		"gui": {
			"translation": [-2.25, -2.5, 0],
			"scale": [0.7, 0.7, 0.7]
		},
		"fixed": {
			"translation": [0, 0, 17],
			"scale": [2, 2, 2]
		}
	},
	"groups": [
		{
			"name": "group",
			"origin": [8, 8, 8],
			"color": 0,
			"children": [0, 1, 2, 3, 4, 5, 6, 7, 8, 9]
		}
	]
}