{
	"credit": "Made with Blockbench",
	"parent": "./cit_item_wall",
	"ambientocclusion": false,
	"textures": {
		"0": "block/anvil",
		"1": "./iron_ingot_b"
	},
	"elements": [
		{
			"from": [4.5, 0.5, -1],
			"to": [5.5, 15.5, 0],
			"faces": {
				"north": {"uv": [11, 0, 12, 15], "texture": "#0"},
				"east": {"uv": [1, 15, 16, 16], "rotation": 270, "texture": "#0"},
				"south": {"uv": [11, 1, 12, 16], "rotation": 180, "texture": "#0"},
				"west": {"uv": [0, 15, 15, 16], "rotation": 90, "texture": "#0"},
				"up": {"uv": [11, 15, 12, 16], "rotation": 180, "texture": "#0"},
				"down": {"uv": [4, 15, 5, 16], "texture": "#0"}
			}
		},
		{
			"from": [1.5, 0.5, -1],
			"to": [2.5, 15.5, 0],
			"faces": {
				"north": {"uv": [14, 0, 15, 15], "texture": "#0"},
				"east": {"uv": [1, 15, 16, 16], "rotation": 270, "texture": "#0"},
				"south": {"uv": [14, 1, 15, 16], "rotation": 180, "texture": "#0"},
				"west": {"uv": [0, 15, 15, 16], "rotation": 90, "texture": "#0"},
				"up": {"uv": [14, 15, 15, 16], "rotation": 180, "texture": "#0"},
				"down": {"uv": [1, 15, 2, 16], "texture": "#0"}
			}
		},
		{
			"from": [10.5, 0.5, -1],
			"to": [11.5, 15.5, 0],
			"faces": {
				"north": {"uv": [5, 0, 6, 15], "texture": "#0"},
				"east": {"uv": [1, 15, 16, 16], "rotation": 270, "texture": "#0"},
				"south": {"uv": [5, 1, 6, 16], "rotation": 180, "texture": "#0"},
				"west": {"uv": [0, 15, 15, 16], "rotation": 90, "texture": "#0"},
				"up": {"uv": [5, 15, 6, 16], "rotation": 180, "texture": "#0"},
				"down": {"uv": [10, 15, 11, 16], "texture": "#0"}
			}
		},
		{
			"from": [13.5, 0.5, -1],
			"to": [14.5, 15.5, 0],
			"faces": {
				"north": {"uv": [2, 0, 3, 15], "texture": "#0"},
				"east": {"uv": [1, 15, 16, 16], "rotation": 270, "texture": "#0"},
				"south": {"uv": [2, 1, 3, 16], "rotation": 180, "texture": "#0"},
				"west": {"uv": [0, 15, 15, 16], "rotation": 90, "texture": "#0"},
				"up": {"uv": [2, 15, 3, 16], "rotation": 180, "texture": "#0"},
				"down": {"uv": [13, 15, 14, 16], "texture": "#0"}
			}
		},
		{
			"from": [7.5, 0.5, -1],
			"to": [8.5, 15.5, 0],
			"faces": {
				"north": {"uv": [8, 0, 9, 15], "texture": "#0"},
				"east": {"uv": [1, 15, 16, 16], "rotation": 270, "texture": "#0"},
				"south": {"uv": [8, 1, 9, 16], "rotation": 180, "texture": "#0"},
				"west": {"uv": [0, 15, 15, 16], "rotation": 90, "texture": "#0"},
				"up": {"uv": [8, 15, 9, 16], "rotation": 180, "texture": "#0"},
				"down": {"uv": [7, 15, 8, 16], "texture": "#0"}
			}
		},
		{
			"from": [0.5, 13.5, -1],
			"to": [15.5, 14.5, 0],
			"faces": {
				"north": {"uv": [1, 1, 16, 2], "texture": "#0"},
				"east": {"uv": [14, 15, 15, 16], "rotation": 270, "texture": "#0"},
				"south": {"uv": [1, 14, 16, 15], "rotation": 180, "texture": "#0"},
				"west": {"uv": [1, 15, 2, 16], "rotation": 90, "texture": "#0"},
				"up": {"uv": [1, 15, 16, 16], "rotation": 180, "texture": "#0"},
				"down": {"uv": [0, 15, 15, 16], "texture": "#0"}
			}
		},
		{
			"from": [0.5, 10.5, -1],
			"to": [15.5, 11.5, 0],
			"faces": {
				"north": {"uv": [1, 4, 16, 5], "texture": "#0"},
				"east": {"uv": [11, 15, 12, 16], "rotation": 270, "texture": "#0"},
				"south": {"uv": [1, 11, 16, 12], "rotation": 180, "texture": "#0"},
				"west": {"uv": [4, 15, 5, 16], "rotation": 90, "texture": "#0"},
				"up": {"uv": [1, 15, 16, 16], "rotation": 180, "texture": "#0"},
				"down": {"uv": [0, 15, 15, 16], "texture": "#0"}
			}
		},
		{
			"from": [0.5, 7.5, -1],
			"to": [15.5, 8.5, 0],
			"faces": {
				"north": {"uv": [1, 7, 16, 8], "texture": "#0"},
				"east": {"uv": [8, 15, 9, 16], "rotation": 270, "texture": "#0"},
				"south": {"uv": [1, 8, 16, 9], "rotation": 180, "texture": "#0"},
				"west": {"uv": [7, 15, 8, 16], "rotation": 90, "texture": "#0"},
				"up": {"uv": [1, 15, 16, 16], "rotation": 180, "texture": "#0"},
				"down": {"uv": [0, 15, 15, 16], "texture": "#0"}
			}
		},
		{
			"from": [0.5, 4.5, -1],
			"to": [15.5, 5.5, 0],
			"faces": {
				"north": {"uv": [1, 10, 16, 11], "texture": "#0"},
				"east": {"uv": [5, 15, 6, 16], "rotation": 270, "texture": "#0"},
				"south": {"uv": [1, 5, 16, 6], "rotation": 180, "texture": "#0"},
				"west": {"uv": [10, 15, 11, 16], "rotation": 90, "texture": "#0"},
				"up": {"uv": [1, 15, 16, 16], "rotation": 180, "texture": "#0"},
				"down": {"uv": [0, 15, 15, 16], "texture": "#0"}
			}
		},
		{
			"from": [0.5, 1.5, -1],
			"to": [15.5, 2.5, 0],
			"faces": {
				"north": {"uv": [1, 13, 16, 14], "texture": "#0"},
				"east": {"uv": [2, 15, 3, 16], "rotation": 270, "texture": "#0"},
				"south": {"uv": [1, 2, 16, 3], "rotation": 180, "texture": "#0"},
				"west": {"uv": [13, 15, 14, 16], "rotation": 90, "texture": "#0"},
				"up": {"uv": [1, 15, 16, 16], "rotation": 180, "texture": "#0"},
				"down": {"uv": [0, 15, 15, 16], "texture": "#0"}
			}
		},
		{
			"from": [11, 7, -1.2],
			"to": [14, 10, -1.2],
			"faces": {
				"north": {"uv": [13, 0, 16, 3], "texture": "#1"},
				"east": {"uv": [0, 0, 5, 0], "rotation": 90, "texture": "#missing"},
				"south": {"uv": [13, 3, 16, 0], "rotation": 180, "texture": "#1"},
				"west": {"uv": [0, 0, 5, 0], "rotation": 270, "texture": "#missing"},
				"up": {"uv": [0, 0, 4, 0], "texture": "#missing"},
				"down": {"uv": [0, 0, 4, 0], "rotation": 180, "texture": "#missing"}
			}
		},
		{
			"from": [10, 4, -1.1],
			"to": [13, 9, -1.1],
			"faces": {
				"north": {"uv": [13, 11, 16, 16], "texture": "#1"},
				"east": {"uv": [0, 0, 5, 0], "rotation": 90, "texture": "#missing"},
				"south": {"uv": [13, 16, 16, 11], "rotation": 180, "texture": "#1"},
				"west": {"uv": [0, 0, 5, 0], "rotation": 270, "texture": "#missing"},
				"up": {"uv": [0, 0, 4, 0], "texture": "#missing"},
				"down": {"uv": [0, 0, 4, 0], "rotation": 180, "texture": "#missing"}
			}
		},
		{
			"from": [11, 4.5, -1.2],
			"to": [12, 5.5, -1.2],
			"faces": {
				"north": {"uv": [14, 3, 15, 4], "texture": "#1"},
				"east": {"uv": [0, 0, 5, 0], "rotation": 90, "texture": "#missing"},
				"south": {"uv": [14, 4, 15, 3], "rotation": 180, "texture": "#1"},
				"west": {"uv": [0, 0, 5, 0], "rotation": 270, "texture": "#missing"},
				"up": {"uv": [0, 0, 4, 0], "texture": "#missing"},
				"down": {"uv": [0, 0, 4, 0], "rotation": 180, "texture": "#missing"}
			}
		},
		{
			"from": [10, 4.5, -1.1],
			"to": [13, 5.5, -1.1],
			"faces": {
				"north": {"uv": [13, 4, 16, 5], "texture": "#1"},
				"east": {"uv": [0, 0, 5, 0], "rotation": 90, "texture": "#missing"},
				"south": {"uv": [13, 5, 16, 4], "rotation": 180, "texture": "#1"},
				"west": {"uv": [0, 0, 5, 0], "rotation": 270, "texture": "#missing"},
				"up": {"uv": [0, 0, 4, 0], "texture": "#missing"},
				"down": {"uv": [0, 0, 4, 0], "rotation": 180, "texture": "#missing"}
			}
		},
		{
			"from": [4.5, 7.5, -1.04],
			"to": [7.5, 10.5, -1.04],
			"faces": {
				"north": {"uv": [4, 0, 7, 3], "texture": "#1"},
				"east": {"uv": [0, 0, 5, 0], "rotation": 90, "texture": "#missing"},
				"south": {"uv": [4, 3, 7, 0], "rotation": 180, "texture": "#1"},
				"west": {"uv": [0, 0, 5, 0], "rotation": 270, "texture": "#missing"},
				"up": {"uv": [0, 0, 4, 0], "texture": "#missing"},
				"down": {"uv": [0, 0, 4, 0], "rotation": 180, "texture": "#missing"}
			}
		},
		{
			"from": [4, 6, -1.03],
			"to": [8, 11, -1.03],
			"faces": {
				"north": {"uv": [0, 0, 4, 5], "texture": "#1"},
				"east": {"uv": [0, 0, 5, 0], "rotation": 90, "texture": "#missing"},
				"south": {"uv": [0, 5, 4, 0], "rotation": 180, "texture": "#1"},
				"west": {"uv": [0, 0, 5, 0], "rotation": 270, "texture": "#missing"},
				"up": {"uv": [0, 0, 4, 0], "texture": "#missing"},
				"down": {"uv": [0, 0, 4, 0], "rotation": 180, "texture": "#missing"}
			}
		},
		{
			"from": [-1.5, 10.5, -1.02],
			"to": [1.5, 13.5, -1.02],
			"rotation": {"angle": -22.5, "axis": "z", "origin": [0, 0, 0]},
			"faces": {
				"north": {"uv": [7, 0, 10, 3], "texture": "#1"},
				"east": {"uv": [0, 0, 5, 0], "rotation": 90, "texture": "#missing"},
				"south": {"uv": [7, 3, 10, 0], "rotation": 180, "texture": "#1"},
				"west": {"uv": [0, 0, 5, 0], "rotation": 270, "texture": "#missing"},
				"up": {"uv": [0, 0, 4, 0], "texture": "#missing"},
				"down": {"uv": [0, 0, 4, 0], "rotation": 180, "texture": "#missing"}
			}
		},
		{
			"from": [-2, 9, -1.01],
			"to": [2, 14, -1.01],
			"rotation": {"angle": -22.5, "axis": "z", "origin": [0, 0, 0]},
			"faces": {
				"north": {"uv": [0, 0, 4, 5], "texture": "#1"},
				"east": {"uv": [0, 0, 5, 0], "rotation": 90, "texture": "#missing"},
				"south": {"uv": [0, 5, 4, 0], "rotation": 180, "texture": "#1"},
				"west": {"uv": [0, 0, 5, 0], "rotation": 270, "texture": "#missing"},
				"up": {"uv": [0, 0, 4, 0], "texture": "#missing"},
				"down": {"uv": [0, 0, 4, 0], "rotation": 180, "texture": "#missing"}
			}
		}
	],
	"display": {
		"gui": {
			"rotation": [0, -180, 0],
			"translation": [-2.25, -2.5, 0],
			"scale": [0.7, 0.7, 0.7]
		},
		"fixed": {
			"translation": [0, 0, 17],
			"scale": [2, 2, 2]
		}
	},
	"groups": [
		{
			"name": "group",
			"origin": [8, 8, 8],
			"color": 0,
			"children": [0, 1, 2, 3, 4, 5, 6, 7, 8, 9]
		},
		{
			"name": "group",
			"origin": [0, 0, 0],
			"color": 0,
			"children": [10, 11, 12, 13]
		},
		{
			"name": "group",
			"origin": [0, 0, 0],
			"color": 0,
			"children": [
				{
					"name": "group",
					"origin": [8, 8, 8],
					"color": 0,
					"children": [14, 15]
				},
				{
					"name": "group",
					"origin": [0, 0, 0],
					"color": 0,
					"children": [16, 17]
				}
			]
		}
	]
}