{
	"credit": "Made with Blockbench",
	"textures": {
		"0": "./oak_sign_a",
		"1": "block/stripped_oak_log",
		"particle": "./oak_sign_a"
	},
	"elements": [
		{
			"from": [4, 0, 2],
			"to": [14, 1, 10],
			"faces": {
				"north": {"uv": [13, 2, 14, 12], "rotation": 270, "texture": "#0"},
				"east": {"uv": [13, 2, 14, 11], "rotation": 90, "texture": "#0"},
				"south": {"uv": [4, 15, 13, 16], "texture": "#1"},
				"west": {"uv": [2, 15, 10, 16], "texture": "#1"},
				"up": {"uv": [4, 2, 14, 10], "texture": "#0"},
				"down": {"uv": [4, 6, 14, 14], "texture": "#1"}
			}
		},
		{
			"from": [2, 0, 10],
			"to": [12, 1, 14],
			"faces": {
				"north": {"uv": [6, 15.5, 13, 16], "texture": "#1"},
				"east": {"uv": [2, 15, 7, 16], "texture": "#1"},
				"south": {"uv": [2, 13, 12, 14], "texture": "#0"},
				"west": {"uv": [9, 15, 14, 16], "texture": "#1"},
				"up": {"uv": [2, 10, 12, 14], "texture": "#0"},
				"down": {"uv": [2, 2, 12, 6], "texture": "#1"}
			}
		},
		{
			"from": [2, 0, 5],
			"to": [4, 1, 10],
			"faces": {
				"north": {"uv": [11, 15, 14, 16], "texture": "#1"},
				"east": {"uv": [7, 15, 11, 16], "texture": "#1"},
				"west": {"uv": [5, 15, 9, 16], "texture": "#1"},
				"up": {"uv": [2, 5, 4, 10], "texture": "#0"},
				"down": {"uv": [2, 6, 4, 11], "texture": "#1"}
			}
		}
	],
	"display": {
		"thirdperson_righthand": {
			"translation": [0, 8.25, 2.5]
		},
		"thirdperson_lefthand": {
			"translation": [0, 8.25, 2.5]
		},
		"firstperson_righthand": {
			"translation": [0, 5, 0]
		},
		"firstperson_lefthand": {
			"translation": [0, 5, 0]
		},
		"gui": {
			"rotation": [25, -45, 0],
			"translation": [0, 2.75, 0]
		},
		"fixed": {
			"rotation": [-90, 0, 0],
			"translation": [0, 0, -15],
			"scale": [2, 2, 2]
		}
	}
}