{
	"credit": "Made with Blockbench",
	"textures": {
		"0": "block/stripped_oak_log",
		"particle": "block/stripped_oak_log"
	},
	"elements": [
		{
			"from": [8, -3.1, -0.1],
			"to": [24.1, 0.1, 16.1],
			"faces": {
				"north": {"uv": [13, 0, 16, 16], "rotation": 90, "texture": "#0"},
				"east": {"uv": [0, 13, 16, 16], "texture": "#0"},
				"south": {"uv": [0, 0, 3, 16], "rotation": 270, "texture": "#0"},
				"west": {"uv": [0, 0, 16, 3], "texture": "#0"},
				"up": {"uv": [0, 0, 16, 16], "rotation": 90, "texture": "#0"},
				"down": {"uv": [0, 0, 16, 16], "rotation": 90, "texture": "#0"}
			}
		},
		{
			"from": [-8.1, -3.1, -0.1],
			"to": [8, 0.1, 16.1],
			"faces": {
				"north": {"uv": [13, 0, 16, 16], "rotation": 90, "texture": "#0"},
				"east": {"uv": [0, 13, 16, 16], "texture": "#0"},
				"south": {"uv": [0, 0, 3, 16], "rotation": 270, "texture": "#0"},
				"west": {"uv": [0, 0, 16, 3], "texture": "#0"},
				"up": {"uv": [0, 0, 16, 16], "rotation": 90, "texture": "#0"},
				"down": {"uv": [0, 0, 16, 16], "rotation": 90, "texture": "#0"}
			}
		},
		{
			"from": [22.1, -16, -0.1],
			"to": [24.1, -3.1, 1.9],
			"rotation": {"angle": 0, "axis": "y", "origin": [0, 0, 16]},
			"faces": {
				"north": {"uv": [0, 3, 2, 16], "texture": "#0"},
				"east": {"uv": [14, 3, 16, 16], "texture": "#0"},
				"south": {"uv": [14, 3, 16, 16], "texture": "#0"},
				"west": {"uv": [0, 3, 2, 16], "texture": "#0"},
				"down": {"uv": [14, 14, 16, 16], "texture": "#0"}
			}
		},
		{
			"from": [-8.1, -16, -0.1],
			"to": [-6.1, -3.1, 1.9],
			"rotation": {"angle": 0, "axis": "y", "origin": [16, 0, 16]},
			"faces": {
				"north": {"uv": [2, 3, 0, 16], "texture": "#0"},
				"east": {"uv": [2, 3, 0, 16], "texture": "#0"},
				"south": {"uv": [16, 3, 14, 16], "texture": "#0"},
				"west": {"uv": [16, 3, 14, 16], "texture": "#0"},
				"down": {"uv": [16, 14, 14, 16], "texture": "#0"}
			}
		},
		{
			"from": [22.1, -16, 14.1],
			"to": [24.1, -3.1, 16.1],
			"faces": {
				"north": {"uv": [0, 3, 2, 16], "texture": "#0"},
				"east": {"uv": [0, 3, 2, 16], "texture": "#0"},
				"south": {"uv": [14, 3, 16, 16], "texture": "#0"},
				"west": {"uv": [14, 3, 16, 16], "texture": "#0"},
				"down": {"uv": [14, 0, 16, 2], "texture": "#0"}
			}
		},
		{
			"from": [-8.1, -16, 14.1],
			"to": [-6.1, -3.1, 16.1],
			"rotation": {"angle": 0, "axis": "y", "origin": [16, 0, 0]},
			"faces": {
				"north": {"uv": [2, 3, 0, 16], "texture": "#0"},
				"east": {"uv": [16, 3, 14, 16], "texture": "#0"},
				"south": {"uv": [16, 3, 14, 16], "texture": "#0"},
				"west": {"uv": [2, 3, 0, 16], "texture": "#0"},
				"down": {"uv": [16, 0, 14, 2], "texture": "#0"}
			}
		},
		{
			"from": [8, 12.9, -0.1],
			"to": [24.1, 16.1, 16.1],
			"faces": {
				"north": {"uv": [13, 0, 16, 16], "rotation": 90, "texture": "#0"},
				"east": {"uv": [0, 13, 16, 16], "texture": "#0"},
				"south": {"uv": [0, 0, 3, 16], "rotation": 270, "texture": "#0"},
				"west": {"uv": [0, 0, 16, 3], "texture": "#0"},
				"up": {"uv": [0, 0, 16, 16], "rotation": 90, "texture": "#0"},
				"down": {"uv": [0, 0, 16, 16], "rotation": 90, "texture": "#0"}
			}
		},
		{
			"from": [-8.1, 12.9, -0.1],
			"to": [8, 16.1, 16.1],
			"faces": {
				"north": {"uv": [13, 0, 16, 16], "rotation": 90, "texture": "#0"},
				"east": {"uv": [0, 13, 16, 16], "texture": "#0"},
				"south": {"uv": [0, 0, 3, 16], "rotation": 270, "texture": "#0"},
				"west": {"uv": [0, 0, 16, 3], "texture": "#0"},
				"up": {"uv": [0, 0, 16, 16], "rotation": 90, "texture": "#0"},
				"down": {"uv": [0, 0, 16, 16], "rotation": 90, "texture": "#0"}
			}
		},
		{
			"from": [22.1, 0.1, -0.1],
			"to": [24.1, 12.9, 1.9],
			"rotation": {"angle": 0, "axis": "y", "origin": [0, 0, 16]},
			"faces": {
				"north": {"uv": [0, 3, 2, 16], "texture": "#0"},
				"east": {"uv": [14, 3, 16, 16], "texture": "#0"},
				"south": {"uv": [14, 3, 16, 16], "texture": "#0"},
				"west": {"uv": [0, 3, 2, 16], "texture": "#0"},
				"down": {"uv": [14, 14, 16, 16], "texture": "#0"}
			}
		},
		{
			"from": [-8.1, 0.1, -0.1],
			"to": [-6.1, 12.9, 1.9],
			"rotation": {"angle": 0, "axis": "y", "origin": [16, 0, 16]},
			"faces": {
				"north": {"uv": [2, 3, 0, 16], "texture": "#0"},
				"east": {"uv": [2, 3, 0, 16], "texture": "#0"},
				"south": {"uv": [16, 3, 14, 16], "texture": "#0"},
				"west": {"uv": [16, 3, 14, 16], "texture": "#0"},
				"down": {"uv": [16, 14, 14, 16], "texture": "#0"}
			}
		},
		{
			"from": [22.1, 0.1, 14.1],
			"to": [24.1, 12.9, 16.1],
			"faces": {
				"north": {"uv": [0, 3, 2, 16], "texture": "#0"},
				"east": {"uv": [0, 3, 2, 16], "texture": "#0"},
				"south": {"uv": [14, 3, 16, 16], "texture": "#0"},
				"west": {"uv": [14, 3, 16, 16], "texture": "#0"},
				"down": {"uv": [14, 0, 16, 2], "texture": "#0"}
			}
		},
		{
			"from": [-8.1, 0.1, 14.1],
			"to": [-6.1, 12.9, 16.1],
			"rotation": {"angle": 0, "axis": "y", "origin": [16, 0, 0]},
			"faces": {
				"north": {"uv": [2, 3, 0, 16], "texture": "#0"},
				"east": {"uv": [16, 3, 14, 16], "texture": "#0"},
				"south": {"uv": [16, 3, 14, 16], "texture": "#0"},
				"west": {"uv": [2, 3, 0, 16], "texture": "#0"},
				"down": {"uv": [16, 0, 14, 2], "texture": "#0"}
			}
		},
		{
			"from": [8, 28.8, -0.1],
			"to": [24.1, 32, 16.1],
			"faces": {
				"north": {"uv": [13, 0, 16, 16], "rotation": 90, "texture": "#0"},
				"east": {"uv": [0, 13, 16, 16], "texture": "#0"},
				"south": {"uv": [0, 0, 3, 16], "rotation": 270, "texture": "#0"},
				"west": {"uv": [0, 0, 16, 3], "texture": "#0"},
				"up": {"uv": [0, 0, 16, 16], "rotation": 90, "texture": "#0"},
				"down": {"uv": [0, 0, 16, 16], "rotation": 90, "texture": "#0"}
			}
		},
		{
			"from": [-8.1, 28.8, -0.1],
			"to": [8, 32, 16.1],
			"faces": {
				"north": {"uv": [13, 0, 16, 16], "rotation": 90, "texture": "#0"},
				"east": {"uv": [0, 13, 16, 16], "texture": "#0"},
				"south": {"uv": [0, 0, 3, 16], "rotation": 270, "texture": "#0"},
				"west": {"uv": [0, 0, 16, 3], "texture": "#0"},
				"up": {"uv": [0, 0, 16, 16], "rotation": 90, "texture": "#0"},
				"down": {"uv": [0, 0, 16, 16], "rotation": 90, "texture": "#0"}
			}
		},
		{
			"from": [22.1, 16.1, -0.1],
			"to": [24.1, 28.8, 1.9],
			"rotation": {"angle": 0, "axis": "y", "origin": [0, 0, 16]},
			"faces": {
				"north": {"uv": [0, 3, 2, 16], "texture": "#0"},
				"east": {"uv": [14, 3, 16, 16], "texture": "#0"},
				"south": {"uv": [14, 3, 16, 16], "texture": "#0"},
				"west": {"uv": [0, 3, 2, 16], "texture": "#0"},
				"down": {"uv": [14, 14, 16, 16], "texture": "#0"}
			}
		},
		{
			"from": [-8.1, 16.1, -0.1],
			"to": [-6.1, 28.8, 1.9],
			"rotation": {"angle": 0, "axis": "y", "origin": [16, 0, 16]},
			"faces": {
				"north": {"uv": [2, 3, 0, 16], "texture": "#0"},
				"east": {"uv": [2, 3, 0, 16], "texture": "#0"},
				"south": {"uv": [16, 3, 14, 16], "texture": "#0"},
				"west": {"uv": [16, 3, 14, 16], "texture": "#0"},
				"down": {"uv": [16, 14, 14, 16], "texture": "#0"}
			}
		},
		{
			"from": [22.1, 16.1, 14.1],
			"to": [24.1, 28.8, 16.1],
			"faces": {
				"north": {"uv": [0, 3, 2, 16], "texture": "#0"},
				"east": {"uv": [0, 3, 2, 16], "texture": "#0"},
				"south": {"uv": [14, 3, 16, 16], "texture": "#0"},
				"west": {"uv": [14, 3, 16, 16], "texture": "#0"},
				"down": {"uv": [14, 0, 16, 2], "texture": "#0"}
			}
		},
		{
			"from": [-8.1, 16.1, 14.1],
			"to": [-6.1, 28.8, 16.1],
			"rotation": {"angle": 0, "axis": "y", "origin": [16, 0, 0]},
			"faces": {
				"north": {"uv": [2, 3, 0, 16], "texture": "#0"},
				"east": {"uv": [16, 3, 14, 16], "texture": "#0"},
				"south": {"uv": [16, 3, 14, 16], "texture": "#0"},
				"west": {"uv": [2, 3, 0, 16], "texture": "#0"},
				"down": {"uv": [16, 0, 14, 2], "texture": "#0"}
			}
		}
	],
	"display": {
		"thirdperson_righthand": {
			"scale": [0.5, 0.5, 0.5]
		},
		"thirdperson_lefthand": {
			"scale": [0.5, 0.5, 0.5]
		},
		"firstperson_righthand": {
			"scale": [0.2, 0.2, 0.2]
		},
		"firstperson_lefthand": {
			"scale": [0.2, 0.2, 0.2]
		},
		"ground": {
			"scale": [0.5, 0.5, 0.5]
		},
		"gui": {
			"rotation": [25, 135, 0],
			"scale": [0.2, 0.2, 0.2]
		},
		"fixed": {
			"translation": [-16, 32.1, 18],
			"scale": [2, 2, 2]
		}
	},
	"groups": [
		{
			"name": "group",
			"origin": [8, 8, 8],
			"children": [0, 1,
				{
					"name": "group",
					"origin": [8, 8, 8],
					"children": [2, 3, 4, 5]
				}
			]
		},
		{
			"name": "group",
			"origin": [8, 8, 8],
			"children": [6, 7,
				{
					"name": "group",
					"origin": [8, 8, 8],
					"children": [8, 9, 10, 11]
				}
			]
		},
		{
			"name": "group",
			"origin": [8, 8, 8],
			"children": [12, 13,
				{
					"name": "group",
					"origin": [8, 8, 8],
					"children": [14, 15, 16, 17]
				}
			]
		}
	]
}