{
	"credit": "Made with Blockbench",
	"textures": {
		"0": "./oak_leaves_b",
		"1": "./oak_leaves_b_0",
		"particle": "./oak_leaves_b"
	},
	"elements": [
		{
			"from": [0, 0, 0],
			"to": [16, 16, 0],
			"faces": {
				"north": {"uv": [0, 0, 16, 16], "texture": "#0"},
				"south": {"uv": [16, 0, 0, 16], "texture": "#0"}
			}
		},
		{
			"from": [0, 0, -1],
			"to": [16, 16, -1],
			"faces": {
				"north": {"uv": [0, 0, 16, 16], "texture": "#1"},
				"south": {"uv": [16, 0, 0, 16], "texture": "#1"}
			}
		}
	],
	"display": {
		"firstperson_righthand": {
			"scale": [0.5, 0.5, 0.5]
		},
		"firstperson_lefthand": {
			"scale": [0.5, 0.5, 0.5]
		},
		"gui": {
			"rotation": [0, -180, 0]
		},
		"fixed": {
			"translation": [0, 0, 16.75],
			"scale": [2, 2, 2]
		}
	}
}