{
	"credit": "Made with Blockbench",
	"textures": {
		"0": "block/stripped_oak_log",
		"1": "block/anvil",
		"particle": "block/stripped_oak_log"
	},
	"elements": [
		{
			"from": [8, 12, -0.1],
			"to": [24.1, 16.1, 16.1],
			"faces": {
				"north": {"uv": [12, 0, 16, 16], "rotation": 90, "texture": "#0"},
				"east": {"uv": [0, 0, 16, 4], "texture": "#0"},
				"south": {"uv": [0, 0, 4, 16], "rotation": 270, "texture": "#0"},
				"up": {"uv": [0, 0, 16, 16], "rotation": 90, "texture": "#0"},
				"down": {"uv": [0, 0, 16, 16], "rotation": 90, "texture": "#0"}
			}
		},
		{
			"from": [-8.1, 12, -0.1],
			"to": [8, 16.1, 16.1],
			"faces": {
				"north": {"uv": [12, 0, 16, 16], "rotation": 90, "texture": "#0"},
				"south": {"uv": [0, 0, 4, 16], "rotation": 270, "texture": "#0"},
				"west": {"uv": [0, 0, 16, 4], "texture": "#0"},
				"up": {"uv": [0, 0, 16, 16], "rotation": 90, "texture": "#0"},
				"down": {"uv": [0, 0, 16, 16], "rotation": 90, "texture": "#0"}
			}
		},
		{
			"from": [21, 0, 1],
			"to": [23, 12, 3],
			"faces": {
				"north": {"uv": [1, 4, 3, 16], "texture": "#1"},
				"east": {"uv": [13, 4, 15, 16], "texture": "#1"},
				"south": {"uv": [13, 4, 15, 16], "texture": "#1"},
				"west": {"uv": [1, 4, 3, 16], "texture": "#1"},
				"down": {"uv": [13, 13, 15, 15], "texture": "#1"}
			}
		},
		{
			"from": [21, 0, 13],
			"to": [23, 12, 15],
			"faces": {
				"north": {"uv": [1, 4, 3, 16], "texture": "#1"},
				"east": {"uv": [1, 4, 3, 16], "texture": "#1"},
				"south": {"uv": [13, 4, 15, 16], "texture": "#1"},
				"west": {"uv": [13, 4, 15, 16], "texture": "#1"},
				"down": {"uv": [13, 1, 15, 3], "texture": "#1"}
			}
		},
		{
			"from": [-7, 0, 13],
			"to": [-5, 12, 15],
			"faces": {
				"north": {"uv": [14, 4, 16, 16], "texture": "#1"},
				"east": {"uv": [1, 4, 3, 16], "texture": "#1"},
				"south": {"uv": [1, 4, 3, 16], "texture": "#1"},
				"west": {"uv": [13, 4, 15, 16], "texture": "#1"},
				"down": {"uv": [1, 1, 3, 3], "texture": "#1"}
			}
		},
		{
			"from": [-7, 0, 1],
			"to": [-5, 12, 3],
			"faces": {
				"north": {"uv": [14, 4, 16, 16], "texture": "#1"},
				"east": {"uv": [13, 4, 15, 16], "texture": "#1"},
				"south": {"uv": [1, 4, 3, 16], "texture": "#1"},
				"west": {"uv": [1, 4, 3, 16], "texture": "#1"},
				"down": {"uv": [1, 13, 3, 15], "texture": "#1"}
			}
		},
		{
			"from": [-5, 3, 13],
			"to": [8, 5, 15],
			"faces": {
				"north": {"uv": [3, 11, 16, 13], "texture": "#1"},
				"south": {"uv": [0, 11, 13, 13], "texture": "#1"},
				"up": {"uv": [3, 13, 16, 15], "texture": "#1"},
				"down": {"uv": [3, 1, 16, 3], "texture": "#1"}
			}
		},
		{
			"from": [8, 3, 13],
			"to": [21, 5, 15],
			"faces": {
				"north": {"uv": [0, 11, 13, 13], "texture": "#1"},
				"south": {"uv": [3, 11, 16, 13], "texture": "#1"},
				"up": {"uv": [1, 13, 14, 15], "rotation": 180, "texture": "#1"},
				"down": {"uv": [1, 1, 14, 3], "texture": "#1"}
			}
		},
		{
			"from": [21, 3, 3],
			"to": [23, 5, 13],
			"faces": {
				"east": {"uv": [3, 11, 13, 13], "texture": "#1"},
				"west": {"uv": [3, 11, 13, 13], "texture": "#1"},
				"up": {"uv": [13, 3, 15, 13], "texture": "#1"},
				"down": {"uv": [13, 3, 15, 13], "texture": "#1"}
			}
		},
		{
			"from": [-7, 3, 3],
			"to": [-5, 5, 13],
			"faces": {
				"east": {"uv": [3, 11, 13, 13], "texture": "#1"},
				"west": {"uv": [3, 11, 13, 13], "texture": "#1"},
				"up": {"uv": [13, 3, 15, 13], "texture": "#1"},
				"down": {"uv": [13, 3, 15, 13], "texture": "#1"}
			}
		}
	],
	"display": {
		"firstperson_righthand": {
			"scale": [0.3, 0.3, 0.3]
		},
		"firstperson_lefthand": {
			"scale": [0.3, 0.3, 0.3]
		},
		"ground": {
			"scale": [0.5, 0.5, 0.5]
		},
		"gui": {
			"rotation": [25, 159, 0],
			"translation": [0.25, -0.25, 0],
			"scale": [0.3, 0.3, 0.3]
		},
		"fixed": {
			"translation": [-16, 0, 18],
			"scale": [2, 2, 2]
		}
	},
	"groups": [0, 1,
		{
			"name": "group",
			"origin": [0, 0, 0],
			"children": [2, 3, 4, 5]
		},
		{
			"name": "group",
			"origin": [0, 0, 0],
			"children": [6, 7, 8, 9]
		}
	]
}