{
	"credit": "Made with Blockbench",
	"textures": {
		"0": "block/stripped_dark_oak_log",
		"1": "block/anvil",
		"2": "block/stripped_spruce_log",
		"3_2": "./spruce_log_b"
	},
	"elements": [
		{
			"from": [8, 3, 0],
			"to": [24, 4, 16],
			"rotation": {"angle": 0, "axis": "y", "origin": [7, 0, 0]},
			"faces": {
				"north": {"uv": [0, 11, 16, 12], "texture": "#2"},
				"east": {"uv": [0, 11, 16, 12], "texture": "#2"},
				"south": {"uv": [0, 11, 16, 12], "texture": "#2"},
				"up": {"uv": [0, 0, 16, 16], "rotation": 90, "texture": "#2"},
				"down": {"uv": [0, 0, 16, 16], "rotation": 90, "texture": "#2"}
			}
		},
		{
			"from": [-8, 3, 0],
			"to": [8, 4, 16],
			"rotation": {"angle": 0, "axis": "y", "origin": [7, 0, 0]},
			"faces": {
				"north": {"uv": [0, 11, 16, 12], "texture": "#2"},
				"south": {"uv": [0, 11, 16, 12], "texture": "#2"},
				"west": {"uv": [0, 11, 16, 12], "texture": "#2"},
				"up": {"uv": [0, 0, 16, 16], "rotation": 90, "texture": "#2"},
				"down": {"uv": [0, 0, 16, 16], "rotation": 90, "texture": "#2"}
			}
		},
		{
			"from": [13, 12, -0.1],
			"to": [24.1, 16.1, 16.1],
			"rotation": {"angle": 0, "axis": "y", "origin": [7, 0, 0]},
			"faces": {
				"north": {"uv": [0, 0, 11, 4], "texture": "#1"},
				"east": {"uv": [0, 0, 16, 4], "texture": "#1"},
				"south": {"uv": [5, 0, 16, 4], "texture": "#1"},
				"up": {"uv": [5, 0, 16, 16], "texture": "#1"},
				"down": {"uv": [5, 0, 16, 16], "texture": "#1"}
			}
		},
		{
			"from": [3, 12, -0.1],
			"to": [13, 16.1, 16.1],
			"rotation": {"angle": 0, "axis": "y", "origin": [7, 0, 0]},
			"faces": {
				"north": {"uv": [3, 0, 13, 4], "texture": "#1"},
				"south": {"uv": [3, 0, 13, 4], "texture": "#1"},
				"up": {"uv": [4, 0, 14, 16], "texture": "#1"},
				"down": {"uv": [2, 0, 12, 16], "texture": "#1"}
			}
		},
		{
			"from": [-8.1, 12, -0.1],
			"to": [3, 16.1, 16.1],
			"rotation": {"angle": 0, "axis": "y", "origin": [7, 0, 0]},
			"faces": {
				"north": {"uv": [5, 0, 16, 4], "texture": "#1"},
				"south": {"uv": [0, 0, 11, 4], "texture": "#1"},
				"west": {"uv": [0, 0, 16, 4], "texture": "#1"},
				"up": {"uv": [0, 0, 11, 16], "texture": "#1"},
				"down": {"uv": [0, 0, 11, 16], "texture": "#1"}
			}
		},
		{
			"from": [22, 0, -0.1],
			"to": [24.1, 12, 2],
			"rotation": {"angle": 0, "axis": "y", "origin": [7, 0, 0]},
			"faces": {
				"north": {"uv": [0, 6, 2, 16], "texture": "#1"},
				"east": {"uv": [14, 6, 16, 16], "texture": "#1"},
				"south": {"uv": [14, 6, 16, 16], "texture": "#1"},
				"west": {"uv": [0, 6, 2, 16], "texture": "#1"},
				"up": {"uv": [14, 0, 16, 2], "texture": "#1"},
				"down": {"uv": [14, 14, 16, 16], "texture": "#1"}
			}
		},
		{
			"from": [22, 0, 14],
			"to": [24.1, 12, 16.1],
			"rotation": {"angle": 0, "axis": "y", "origin": [7, 0, 0]},
			"faces": {
				"north": {"uv": [0, 6, 2, 16], "texture": "#1"},
				"east": {"uv": [0, 6, 2, 16], "texture": "#1"},
				"south": {"uv": [14, 6, 16, 16], "texture": "#1"},
				"west": {"uv": [14, 6, 16, 16], "texture": "#1"},
				"up": {"uv": [14, 14, 16, 16], "texture": "#1"},
				"down": {"uv": [14, 0, 16, 2], "texture": "#1"}
			}
		},
		{
			"from": [-8.1, 0, 14],
			"to": [-6, 12, 16.1],
			"rotation": {"angle": 0, "axis": "y", "origin": [23, 0, 16]},
			"faces": {
				"north": {"uv": [14, 6, 16, 16], "texture": "#1"},
				"east": {"uv": [0, 6, 2, 16], "texture": "#1"},
				"south": {"uv": [0, 6, 2, 16], "texture": "#1"},
				"west": {"uv": [14, 6, 16, 16], "texture": "#1"},
				"up": {"uv": [0, 14, 2, 16], "texture": "#1"},
				"down": {"uv": [0, 0, 2, 2], "texture": "#1"}
			}
		},
		{
			"from": [-8.1, 0, -0.1],
			"to": [-6, 12, 2],
			"rotation": {"angle": 0, "axis": "y", "origin": [7, 0, 0]},
			"faces": {
				"north": {"uv": [14, 6, 16, 16], "texture": "#1"},
				"east": {"uv": [14, 6, 16, 16], "texture": "#1"},
				"south": {"uv": [0, 6, 2, 16], "texture": "#1"},
				"west": {"uv": [0, 6, 2, 16], "texture": "#1"},
				"up": {"uv": [0, 0, 2, 2], "texture": "#1"},
				"down": {"uv": [0, 14, 2, 16], "texture": "#1"}
			}
		},
		{
			"from": [-8.1, 16.1, -0.1],
			"to": [-6, 17, 2],
			"rotation": {"angle": 0, "axis": "y", "origin": [7, 0, 0]},
			"faces": {
				"north": {"uv": [14, 0, 16, 1], "texture": "#1"},
				"east": {"uv": [14, 0, 16, 1], "texture": "#1"},
				"south": {"uv": [0, 0, 2, 1], "texture": "#1"},
				"west": {"uv": [0, 0, 2, 1], "texture": "#1"},
				"up": {"uv": [0, 0, 2, 2], "texture": "#1"},
				"down": {"uv": [0, 14, 2, 16], "texture": "#1"}
			}
		},
		{
			"from": [-8.1, 16.1, 14],
			"to": [-6, 17, 16.1],
			"rotation": {"angle": 0, "axis": "y", "origin": [23, 0, 16]},
			"faces": {
				"north": {"uv": [14, 0, 16, 1], "texture": "#1"},
				"east": {"uv": [0, 0, 2, 1], "texture": "#1"},
				"south": {"uv": [0, 0, 2, 1], "texture": "#1"},
				"west": {"uv": [14, 0, 16, 1], "texture": "#1"},
				"up": {"uv": [0, 14, 2, 16], "texture": "#1"},
				"down": {"uv": [0, 0, 2, 2], "texture": "#1"}
			}
		},
		{
			"from": [22, 16.1, 14],
			"to": [24.1, 17, 16.1],
			"rotation": {"angle": 0, "axis": "y", "origin": [7, 0, 0]},
			"faces": {
				"north": {"uv": [0, 0, 2, 1], "texture": "#1"},
				"east": {"uv": [0, 0, 2, 1], "texture": "#1"},
				"south": {"uv": [14, 0, 16, 1], "texture": "#1"},
				"west": {"uv": [14, 0, 16, 1], "texture": "#1"},
				"up": {"uv": [14, 14, 16, 16], "texture": "#1"},
				"down": {"uv": [14, 0, 16, 2], "texture": "#1"}
			}
		},
		{
			"from": [22, 16.1, -0.1],
			"to": [24.1, 17, 2],
			"rotation": {"angle": 0, "axis": "y", "origin": [7, 0, 0]},
			"faces": {
				"north": {"uv": [0, 0, 2, 1], "texture": "#1"},
				"east": {"uv": [14, 0, 16, 1], "texture": "#1"},
				"south": {"uv": [14, 0, 16, 1], "texture": "#1"},
				"west": {"uv": [0, 0, 2, 1], "texture": "#1"},
				"up": {"uv": [14, 0, 16, 2], "texture": "#1"},
				"down": {"uv": [14, 14, 16, 16], "texture": "#1"}
			}
		},
		{
			"from": [9, 4, 2],
			"to": [21, 6, 3],
			"rotation": {"angle": 0, "axis": "y", "origin": [7, 4, 0]},
			"faces": {
				"north": {"uv": [2, 14, 14, 16], "texture": "#0"},
				"east": {"uv": [13, 14, 14, 16], "texture": "#0"},
				"south": {"uv": [2, 14, 14, 16], "texture": "#0"},
				"west": {"uv": [2, 14, 3, 16], "texture": "#0"},
				"up": {"uv": [2, 2, 14, 3], "texture": "#0"},
				"down": {"uv": [2, 13, 14, 14], "texture": "#0"}
			}
		},
		{
			"from": [9, 7, 2],
			"to": [21, 9, 3],
			"rotation": {"angle": 0, "axis": "y", "origin": [7, 4, 0]},
			"faces": {
				"north": {"uv": [2, 11, 14, 13], "texture": "#0"},
				"east": {"uv": [13, 11, 14, 13], "texture": "#0"},
				"south": {"uv": [2, 11, 14, 13], "texture": "#0"},
				"west": {"uv": [2, 11, 3, 13], "texture": "#0"},
				"up": {"uv": [2, 2, 14, 3], "texture": "#0"},
				"down": {"uv": [2, 13, 14, 14], "texture": "#0"}
			}
		},
		{
			"from": [9, 4, 13],
			"to": [21, 6, 14],
			"rotation": {"angle": 0, "axis": "y", "origin": [7, 4, 0]},
			"faces": {
				"north": {"uv": [2, 14, 14, 16], "texture": "#0"},
				"east": {"uv": [2, 14, 3, 16], "texture": "#0"},
				"south": {"uv": [2, 14, 14, 16], "texture": "#0"},
				"west": {"uv": [13, 14, 14, 16], "texture": "#0"},
				"up": {"uv": [2, 13, 14, 14], "texture": "#0"},
				"down": {"uv": [2, 2, 14, 3], "texture": "#0"}
			}
		},
		{
			"from": [9, 7, 13],
			"to": [21, 9, 14],
			"rotation": {"angle": 0, "axis": "y", "origin": [7, 4, 0]},
			"faces": {
				"north": {"uv": [2, 11, 14, 13], "texture": "#0"},
				"east": {"uv": [2, 11, 3, 13], "texture": "#0"},
				"south": {"uv": [2, 11, 14, 13], "texture": "#0"},
				"west": {"uv": [13, 11, 14, 13], "texture": "#0"},
				"up": {"uv": [2, 13, 14, 14], "texture": "#0"},
				"down": {"uv": [2, 2, 14, 3], "texture": "#0"}
			}
		},
		{
			"from": [9, 4, 3],
			"to": [10, 6, 13],
			"rotation": {"angle": 0, "axis": "y", "origin": [7, 4, 0]},
			"faces": {
				"east": {"uv": [3, 14, 13, 16], "texture": "#0"},
				"west": {"uv": [3, 14, 13, 16], "texture": "#0"},
				"up": {"uv": [2, 3, 3, 13], "texture": "#0"},
				"down": {"uv": [2, 3, 3, 13], "texture": "#0"}
			}
		},
		{
			"from": [9, 7, 3],
			"to": [10, 9, 13],
			"rotation": {"angle": 0, "axis": "y", "origin": [7, 4, 0]},
			"faces": {
				"east": {"uv": [3, 11, 13, 13], "texture": "#0"},
				"west": {"uv": [3, 11, 13, 13], "texture": "#0"},
				"up": {"uv": [2, 3, 3, 13], "texture": "#0"},
				"down": {"uv": [2, 3, 3, 13], "texture": "#0"}
			}
		},
		{
			"from": [20, 4, 3],
			"to": [21, 6, 13],
			"rotation": {"angle": 0, "axis": "y", "origin": [7, 4, 0]},
			"faces": {
				"east": {"uv": [3, 14, 13, 16], "texture": "#0"},
				"west": {"uv": [3, 14, 13, 16], "texture": "#0"},
				"up": {"uv": [13, 3, 14, 13], "texture": "#0"},
				"down": {"uv": [13, 3, 14, 13], "texture": "#0"}
			}
		},
		{
			"from": [20, 7, 3],
			"to": [21, 9, 13],
			"rotation": {"angle": 0, "axis": "y", "origin": [7, 4, 0]},
			"faces": {
				"east": {"uv": [3, 11, 13, 13], "texture": "#0"},
				"west": {"uv": [3, 11, 13, 13], "texture": "#0"},
				"up": {"uv": [13, 3, 14, 13], "texture": "#0"},
				"down": {"uv": [13, 3, 14, 13], "texture": "#0"}
			}
		},
		{
			"from": [9, 6, 2],
			"to": [10, 7, 3],
			"rotation": {"angle": 0, "axis": "y", "origin": [7, 4, 0]},
			"faces": {
				"north": {"uv": [13, 13, 14, 14], "texture": "#0"},
				"east": {"uv": [13, 13, 14, 14], "texture": "#0"},
				"south": {"uv": [2, 13, 3, 14], "texture": "#0"},
				"west": {"uv": [2, 13, 3, 14], "texture": "#0"}
			}
		},
		{
			"from": [9, 6, 13],
			"to": [10, 7, 14],
			"rotation": {"angle": 0, "axis": "y", "origin": [7, 4, 0]},
			"faces": {
				"north": {"uv": [13, 13, 14, 14], "texture": "#0"},
				"east": {"uv": [2, 13, 3, 14], "texture": "#0"},
				"south": {"uv": [2, 13, 3, 14], "texture": "#0"},
				"west": {"uv": [13, 13, 14, 14], "texture": "#0"}
			}
		},
		{
			"from": [20, 6, 13],
			"to": [21, 7, 14],
			"rotation": {"angle": 0, "axis": "y", "origin": [7, 4, 0]},
			"faces": {
				"north": {"uv": [2, 13, 3, 14], "texture": "#0"},
				"east": {"uv": [2, 13, 3, 14], "texture": "#0"},
				"south": {"uv": [13, 13, 14, 14], "texture": "#0"},
				"west": {"uv": [13, 13, 14, 14], "texture": "#0"}
			}
		},
		{
			"from": [20, 6, 2],
			"to": [21, 7, 3],
			"rotation": {"angle": 0, "axis": "y", "origin": [7, 4, 0]},
			"faces": {
				"north": {"uv": [2, 13, 3, 14], "texture": "#0"},
				"east": {"uv": [13, 13, 14, 14], "texture": "#0"},
				"south": {"uv": [13, 13, 14, 14], "texture": "#0"},
				"west": {"uv": [2, 13, 3, 14], "texture": "#0"}
			}
		},
		{
			"from": [10, 4, 3],
			"to": [20, 5, 13],
			"rotation": {"angle": 0, "axis": "y", "origin": [7, 4, 0]},
			"faces": {
				"up": {"uv": [3, 3, 13, 13], "texture": "#0"},
				"down": {"uv": [3, 3, 13, 13], "texture": "#0"}
			}
		},
		{
			"from": [6, 5, 1],
			"to": [17, 6, 2],
			"rotation": {"angle": 22.5, "axis": "z", "origin": [7, 4, 0]},
			"faces": {
				"north": {"uv": [5, 14, 16, 15], "texture": "#0"},
				"east": {"uv": [14, 14, 15, 15], "texture": "#0"},
				"south": {"uv": [0, 14, 11, 15], "texture": "#0"},
				"west": {"uv": [1, 14, 2, 15], "texture": "#0"},
				"up": {"uv": [0, 1, 11, 2], "texture": "#0"},
				"down": {"uv": [0, 14, 11, 15], "texture": "#0"}
			}
		},
		{
			"from": [6, 5, 14],
			"to": [17, 6, 15],
			"rotation": {"angle": 22.5, "axis": "z", "origin": [7, 4, 16]},
			"faces": {
				"north": {"uv": [5, 14, 16, 15], "texture": "#0"},
				"east": {"uv": [1, 14, 2, 15], "texture": "#0"},
				"south": {"uv": [0, 14, 11, 15], "texture": "#0"},
				"west": {"uv": [14, 14, 15, 15], "texture": "#0"},
				"up": {"uv": [0, 14, 11, 15], "texture": "#0"},
				"down": {"uv": [0, 1, 11, 2], "texture": "#0"}
			}
		},
		{
			"from": [5, 5, 1],
			"to": [6, 6, 15],
			"rotation": {"angle": 22.5, "axis": "z", "origin": [7, 4, 0]},
			"faces": {
				"north": {"uv": [15, 14, 16, 15], "texture": "#0"},
				"east": {"uv": [1, 14, 15, 15], "texture": "#0"},
				"south": {"uv": [0, 14, 1, 15], "texture": "#0"},
				"west": {"uv": [1, 14, 15, 15], "texture": "#0"},
				"up": {"uv": [0, 1, 1, 15], "texture": "#0"},
				"down": {"uv": [0, 1, 1, 15], "texture": "#0"}
			}
		},
		{
			"from": [-5, 4, 3],
			"to": [2, 5, 13],
			"rotation": {"angle": 0, "axis": "y", "origin": [-9, -15, 0]},
			"faces": {
				"north": {"uv": [9, 14, 16, 15], "texture": "#3_2"},
				"east": {"uv": [6, 15, 16, 16], "texture": "#3_2"},
				"south": {"uv": [9, 14, 16, 15], "texture": "#3_2"},
				"west": {"uv": [6, 15, 16, 16], "texture": "#3_2"},
				"up": {"uv": [0, 0, 7, 10], "texture": "#3_2"},
				"down": {"uv": [9, 0, 16, 10], "texture": "#3_2"}
			}
		},
		{
			"from": [-4, 5, 4],
			"to": [3, 6, 14],
			"rotation": {"angle": 0, "axis": "y", "origin": [-9, -15, 0]},
			"faces": {
				"north": {"uv": [9, 14, 16, 15], "texture": "#3_2"},
				"east": {"uv": [6, 15, 16, 16], "texture": "#3_2"},
				"south": {"uv": [9, 14, 16, 15], "texture": "#3_2"},
				"west": {"uv": [6, 15, 16, 16], "texture": "#3_2"},
				"up": {"uv": [0, 0, 7, 10], "texture": "#3_2"},
				"down": {"uv": [9, 0, 16, 10], "texture": "#3_2"}
			}
		},
		{
			"from": [-3, 4.5, -2],
			"to": [4, 4.5, 8],
			"rotation": {"angle": -22.5, "axis": "y", "origin": [-9, -15, 0]},
			"faces": {
				"north": {"uv": [9, 14, 16, 15], "texture": "#3_2"},
				"east": {"uv": [6, 15, 16, 16], "texture": "#3_2"},
				"south": {"uv": [9, 14, 16, 15], "texture": "#3_2"},
				"west": {"uv": [6, 15, 16, 16], "texture": "#3_2"},
				"up": {"uv": [0, 0, 7, 10], "texture": "#3_2"},
				"down": {"uv": [9, 0, 16, 10], "texture": "#3_2"}
			}
		},
		{
			"from": [-8, 5.5, 6],
			"to": [-1, 5.5, 16],
			"rotation": {"angle": 22.5, "axis": "y", "origin": [-9, -15, 0]},
			"faces": {
				"north": {"uv": [9, 14, 16, 15], "texture": "#3_2"},
				"east": {"uv": [6, 15, 16, 16], "texture": "#3_2"},
				"south": {"uv": [9, 14, 16, 15], "texture": "#3_2"},
				"west": {"uv": [6, 15, 16, 16], "texture": "#3_2"},
				"up": {"uv": [0, 0, 7, 10], "texture": "#3_2"},
				"down": {"uv": [9, 0, 16, 10], "texture": "#3_2"}
			}
		},
		{
			"from": [-5, 6.1, 7],
			"to": [2, 6.1, 14],
			"rotation": {"angle": 0, "axis": "y", "origin": [-9, -15, 1]},
			"faces": {
				"north": {"uv": [9, 14, 16, 15], "texture": "#3_2"},
				"east": {"uv": [6, 15, 13, 16], "texture": "#3_2"},
				"south": {"uv": [9, 14, 16, 15], "texture": "#3_2"},
				"west": {"uv": [6, 15, 13, 16], "texture": "#3_2"},
				"up": {"uv": [0, 2, 7, 9], "texture": "#3_2"},
				"down": {"uv": [9, 2, 16, 9], "texture": "#3_2"}
			}
		},
		{
			"from": [-5, 5.7928, -3.45561],
			"to": [2, 5.7928, -1.45561],
			"rotation": {"angle": 22.5, "axis": "x", "origin": [-9, -15.3072, 3.54439]},
			"faces": {
				"north": {"uv": [9, 14, 16, 15], "texture": "#3_2"},
				"east": {"uv": [6, 15, 8, 16], "texture": "#3_2"},
				"south": {"uv": [9, 14, 16, 15], "texture": "#3_2"},
				"west": {"uv": [6, 15, 8, 16], "texture": "#3_2"},
				"up": {"uv": [0, 0, 7, 2], "texture": "#3_2"},
				"down": {"uv": [9, 0, 16, 2], "texture": "#3_2"}
			}
		},
		{
			"from": [-5, 10.53724, 5.69247],
			"to": [2, 10.53724, 6.69247],
			"rotation": {"angle": 22.5, "axis": "x", "origin": [-9, -12.56276, -1.30753]},
			"faces": {
				"north": {"uv": [9, 14, 16, 15], "texture": "#3_2"},
				"east": {"uv": [6, 15, 7, 16], "texture": "#3_2"},
				"south": {"uv": [9, 14, 16, 15], "texture": "#3_2"},
				"west": {"uv": [6, 15, 7, 16], "texture": "#3_2"},
				"up": {"uv": [0, 9, 7, 10], "texture": "#3_2"},
				"down": {"uv": [9, 9, 16, 10], "texture": "#3_2"}
			}
		},
		{
			"from": [17, 7, 9],
			"to": [19, 10, 11],
			"faces": {
				"north": {"uv": [7, 10, 9, 13], "texture": "#3_2"},
				"east": {"uv": [7, 10, 9, 13], "texture": "#3_2"},
				"south": {"uv": [7, 10, 9, 13], "texture": "#3_2"},
				"west": {"uv": [7, 10, 9, 13], "texture": "#3_2"},
				"up": {"uv": [7, 10, 9, 12], "texture": "#3_2"},
				"down": {"uv": [7, 10, 9, 12], "texture": "#3_2"}
			}
		},
		{
			"from": [16.5, 8, 8.5],
			"to": [19.5, 9, 11.5],
			"faces": {
				"north": {"uv": [4, 13, 7, 14], "texture": "#3_2"},
				"east": {"uv": [4, 13, 7, 14], "texture": "#3_2"},
				"south": {"uv": [4, 13, 7, 14], "texture": "#3_2"},
				"west": {"uv": [4, 13, 7, 14], "texture": "#3_2"},
				"up": {"uv": [4, 10, 7, 13], "texture": "#3_2"},
				"down": {"uv": [4, 10, 7, 13], "texture": "#3_2"}
			}
		},
		{
			"from": [16, 5, 8],
			"to": [20, 7, 12],
			"faces": {
				"north": {"uv": [0, 14, 4, 16], "texture": "#3_2"},
				"east": {"uv": [0, 14, 4, 16], "texture": "#3_2"},
				"south": {"uv": [0, 14, 4, 16], "texture": "#3_2"},
				"west": {"uv": [0, 14, 4, 16], "texture": "#3_2"},
				"up": {"uv": [0, 10, 4, 14], "texture": "#3_2"},
				"down": {"uv": [0, 10, 4, 14], "texture": "#3_2"}
			}
		},
		{
			"from": [10, 5, 4],
			"to": [14, 8, 8],
			"faces": {
				"north": {"uv": [9, 10, 13, 13], "texture": "#3_2"},
				"east": {"uv": [9, 10, 13, 13], "texture": "#3_2"},
				"south": {"uv": [9, 10, 13, 13], "texture": "#3_2"},
				"west": {"uv": [9, 10, 13, 13], "texture": "#3_2"},
				"up": {"uv": [0, 10, 4, 14], "texture": "#3_2"},
				"down": {"uv": [0, 10, 4, 14], "texture": "#3_2"}
			}
		},
		{
			"from": [10.5, 9, 4.5],
			"to": [13.5, 10, 7.5],
			"faces": {
				"north": {"uv": [4, 13, 7, 14], "texture": "#3_2"},
				"east": {"uv": [4, 13, 7, 14], "texture": "#3_2"},
				"south": {"uv": [4, 13, 7, 14], "texture": "#3_2"},
				"west": {"uv": [4, 13, 7, 14], "texture": "#3_2"},
				"up": {"uv": [4, 10, 7, 13], "texture": "#3_2"},
				"down": {"uv": [4, 10, 7, 13], "texture": "#3_2"}
			}
		},
		{
			"from": [11, 8, 5],
			"to": [13, 11, 7],
			"faces": {
				"north": {"uv": [7, 10, 9, 13], "texture": "#3_2"},
				"east": {"uv": [7, 10, 9, 13], "texture": "#3_2"},
				"south": {"uv": [7, 10, 9, 13], "texture": "#3_2"},
				"west": {"uv": [7, 10, 9, 13], "texture": "#3_2"},
				"up": {"uv": [7, 10, 9, 12], "texture": "#3_2"},
				"down": {"uv": [7, 10, 9, 12], "texture": "#3_2"}
			}
		}
	],
	"display": {
		"firstperson_righthand": {
			"scale": [0.3, 0.3, 0.3]
		},
		"firstperson_lefthand": {
			"scale": [0.3, 0.3, 0.3]
		},
		"ground": {
			"scale": [0.5, 0.5, 0.5]
		},
		"gui": {
			"rotation": [25, 159, 0],
			"translation": [0.25, -0.25, 0],
			"scale": [0.3, 0.3, 0.3]
		},
		"fixed": {
			"translation": [-16, 0, 18],
			"scale": [2, 2, 2]
		}
	},
	"groups": [
		{
			"name": "group",
			"origin": [0, 0, 0],
			"children": [0, 1, 2, 3, 4,
				{
					"name": "group",
					"origin": [0, 0, 0],
					"children": [5, 6, 7, 8]
				},
				{
					"name": "group",
					"origin": [0, 0, 0],
					"children": [9, 10, 11, 12]
				}
			]
		},
		{
			"name": "group",
			"origin": [8, 8, 8],
			"children": [13, 14, 15, 16, 17, 18, 19, 20, 21, 22, 23, 24, 25,
				{
					"name": "group",
					"origin": [0, 0, 0],
					"children": [26, 27, 28]
				}
			]
		},
		{
			"name": "group",
			"origin": [8, 8, 8],
			"children": [29, 30, 31, 32, 33, 34, 35]
		},
		{
			"name": "group",
			"origin": [8, 8, 8],
			"children": [36, 37, 38, 39, 40, 41]
		}
	]
}