{
	"credit": "Made with Blockbench",
	"textures": {
		"0": "block/stripped_spruce_log",
		"particle": "block/stripped_spruce_log"
	},
	"elements": [
		{
			"from": [8, 28.8, -0.1],
			"to": [24.1, 32, 16.1],
			"faces": {
				"north": {"uv": [0, 0, 16, 3], "texture": "#0"},
				"east": {"uv": [0, 0, 16, 3], "texture": "#0"},
				"south": {"uv": [0, 0, 16, 3], "texture": "#0"},
				"up": {"uv": [0, 0, 16, 16], "rotation": 90, "texture": "#0"},
				"down": {"uv": [0, 0, 16, 16], "rotation": 90, "texture": "#0"}
			}
		},
		{
			"from": [-8.1, 28.8, -0.1],
			"to": [8, 32, 16.1],
			"faces": {
				"north": {"uv": [0, 0, 16, 3], "texture": "#0"},
				"south": {"uv": [0, 0, 16, 3], "texture": "#0"},
				"west": {"uv": [0, 0, 16, 3], "texture": "#0"},
				"up": {"uv": [0, 0, 16, 16], "rotation": 90, "texture": "#0"},
				"down": {"uv": [0, 0, 16, 16], "rotation": 90, "texture": "#0"}
			}
		},
		{
			"from": [24.1, 29.8, -1.1],
			"to": [25.1, 32, 8],
			"faces": {
				"north": {"uv": [0, 0, 1, 2], "texture": "#0"},
				"east": {"uv": [7, 0, 16, 2], "texture": "#0"},
				"up": {"uv": [0, 0, 9.1, 1], "rotation": 90, "texture": "#0"},
				"down": {"uv": [7, 0, 16, 1], "rotation": 90, "texture": "#0"}
			}
		},
		{
			"from": [24.1, 29.8, 8],
			"to": [25.1, 32, 17.1],
			"faces": {
				"east": {"uv": [0, 0, 9, 2], "texture": "#0"},
				"south": {"uv": [15, 0, 16, 2.2], "texture": "#0"},
				"up": {"uv": [7, 0, 16.1, 1], "rotation": 90, "texture": "#0"},
				"down": {"uv": [0, 0, 9, 1], "rotation": 90, "texture": "#0"}
			}
		},
		{
			"from": [8, 29.8, -1.1],
			"to": [24.1, 32, -0.1],
			"faces": {
				"north": {"uv": [0, 0, 2, 16], "rotation": 270, "texture": "#0"},
				"up": {"uv": [15, 0, 16, 16], "rotation": 90, "texture": "#0"},
				"down": {"uv": [0, 0, 1, 16], "rotation": 90, "texture": "#0"}
			}
		},
		{
			"from": [-8.1, 29.8, -1.1],
			"to": [8, 32, -0.1],
			"faces": {
				"north": {"uv": [0, 0, 2, 16], "rotation": 270, "texture": "#0"},
				"up": {"uv": [15, 0, 16, 16], "rotation": 90, "texture": "#0"},
				"down": {"uv": [0, 0, 1, 16], "rotation": 90, "texture": "#0"}
			}
		},
		{
			"from": [8, 29.8, 16.1],
			"to": [24.1, 32, 17.1],
			"faces": {
				"south": {"uv": [14, 0, 16, 16], "rotation": 90, "texture": "#0"},
				"up": {"uv": [0, 0, 1, 16], "rotation": 90, "texture": "#0"},
				"down": {"uv": [15, 0, 16, 16], "rotation": 90, "texture": "#0"}
			}
		},
		{
			"from": [-8.1, 29.8, 16.1],
			"to": [8, 32, 17.1],
			"faces": {
				"south": {"uv": [14, 0, 16, 16], "rotation": 90, "texture": "#0"},
				"up": {"uv": [0, 0, 1, 16], "rotation": 90, "texture": "#0"},
				"down": {"uv": [15, 0, 16, 16], "rotation": 90, "texture": "#0"}
			}
		},
		{
			"from": [-9.1, 29.8, -1.1],
			"to": [-8.1, 32, 8],
			"faces": {
				"north": {"uv": [15, 0, 16, 2], "texture": "#0"},
				"west": {"uv": [0, 0, 9, 2], "texture": "#0"},
				"up": {"uv": [0, 15, 9, 16], "rotation": 90, "texture": "#0"},
				"down": {"uv": [0, 15, 9, 16], "rotation": 90, "texture": "#0"}
			}
		},
		{
			"from": [-9.1, 29.8, 8],
			"to": [-8.1, 32, 17.1],
			"faces": {
				"south": {"uv": [0, 0, 1, 2], "texture": "#0"},
				"west": {"uv": [7, 0, 16, 2], "texture": "#0"},
				"up": {"uv": [0, 15, 9, 16], "rotation": 90, "texture": "#0"},
				"down": {"uv": [7, 15, 16, 16], "rotation": 90, "texture": "#0"}
			}
		},
		{
			"from": [8, 27.8, 0.9],
			"to": [22.1, 28.8, 1.9],
			"faces": {
				"north": {"uv": [0, 0, 14, 1], "texture": "#0"},
				"south": {"uv": [0, 0, 14, 1], "texture": "#0"},
				"down": {"uv": [0, 0, 14, 1], "texture": "#0"}
			}
		},
		{
			"from": [-6.1, 27.8, 0.9],
			"to": [8, 28.8, 1.9],
			"faces": {
				"north": {"uv": [2, 0, 16, 1], "texture": "#0"},
				"south": {"uv": [2, 0, 16, 1], "texture": "#0"},
				"down": {"uv": [2, 0, 16, 1], "texture": "#0"}
			}
		},
		{
			"from": [19, 26.8, 0.9],
			"to": [21, 27.8, 1.9],
			"faces": {
				"north": {"uv": [0, 0, 2, 1], "texture": "#0"},
				"east": {"uv": [14, 0, 15, 1], "texture": "#0"},
				"south": {"uv": [14, 0, 16, 1], "texture": "#0"},
				"west": {"uv": [1, 0, 2, 1], "texture": "#0"},
				"down": {"uv": [14, 14, 16, 15], "texture": "#0"}
			}
		},
		{
			"from": [16, 26.8, 0.9],
			"to": [18, 27.8, 1.9],
			"faces": {
				"north": {"uv": [3, 0, 5, 1], "texture": "#0"},
				"east": {"uv": [14, 0, 15, 1], "texture": "#0"},
				"south": {"uv": [11, 0, 13, 1], "texture": "#0"},
				"west": {"uv": [1, 0, 2, 1], "texture": "#0"},
				"down": {"uv": [11, 14, 13, 15], "texture": "#0"}
			}
		},
		{
			"from": [13, 26.8, 0.9],
			"to": [15, 27.8, 1.9],
			"faces": {
				"north": {"uv": [6, 0, 8, 1], "texture": "#0"},
				"east": {"uv": [14, 0, 15, 1], "texture": "#0"},
				"south": {"uv": [8, 0, 10, 1], "texture": "#0"},
				"west": {"uv": [1, 0, 2, 1], "texture": "#0"},
				"down": {"uv": [8, 14, 10, 15], "texture": "#0"}
			}
		},
		{
			"from": [10, 26.8, 0.9],
			"to": [12, 27.8, 1.9],
			"faces": {
				"north": {"uv": [9, 0, 11, 1], "texture": "#0"},
				"east": {"uv": [14, 0, 15, 1], "texture": "#0"},
				"south": {"uv": [5, 0, 7, 1], "texture": "#0"},
				"west": {"uv": [1, 0, 2, 1], "texture": "#0"},
				"down": {"uv": [5, 14, 7, 15], "texture": "#0"}
			}
		},
		{
			"from": [7, 26.8, 0.9],
			"to": [9, 27.8, 1.9],
			"faces": {
				"north": {"uv": [12, 0, 14, 1], "texture": "#0"},
				"east": {"uv": [14, 0, 15, 1], "texture": "#0"},
				"south": {"uv": [2, 0, 4, 1], "texture": "#0"},
				"west": {"uv": [1, 0, 2, 1], "texture": "#0"},
				"down": {"uv": [2, 14, 4, 15], "texture": "#0"}
			}
		},
		{
			"from": [-5, 26.8, 0.9],
			"to": [-3, 27.8, 1.9],
			"faces": {
				"north": {"uv": [12, 0, 14, 1], "texture": "#0"},
				"east": {"uv": [14, 0, 15, 1], "texture": "#0"},
				"south": {"uv": [2, 0, 4, 1], "texture": "#0"},
				"west": {"uv": [1, 0, 2, 1], "texture": "#0"},
				"down": {"uv": [2, 14, 4, 15], "texture": "#0"}
			}
		},
		{
			"from": [-2, 26.8, 0.9],
			"to": [0, 27.8, 1.9],
			"faces": {
				"north": {"uv": [9, 0, 11, 1], "texture": "#0"},
				"east": {"uv": [14, 0, 15, 1], "texture": "#0"},
				"south": {"uv": [5, 0, 7, 1], "texture": "#0"},
				"west": {"uv": [1, 0, 2, 1], "texture": "#0"},
				"down": {"uv": [5, 14, 7, 15], "texture": "#0"}
			}
		},
		{
			"from": [1, 26.8, 0.9],
			"to": [3, 27.8, 1.9],
			"faces": {
				"north": {"uv": [6, 0, 8, 1], "texture": "#0"},
				"east": {"uv": [14, 0, 15, 1], "texture": "#0"},
				"south": {"uv": [8, 0, 10, 1], "texture": "#0"},
				"west": {"uv": [1, 0, 2, 1], "texture": "#0"},
				"down": {"uv": [8, 14, 10, 15], "texture": "#0"}
			}
		},
		{
			"from": [4, 26.8, 0.9],
			"to": [6, 27.8, 1.9],
			"faces": {
				"north": {"uv": [3, 0, 5, 1], "texture": "#0"},
				"east": {"uv": [14, 0, 15, 1], "texture": "#0"},
				"south": {"uv": [11, 0, 13, 1], "texture": "#0"},
				"west": {"uv": [1, 0, 2, 1], "texture": "#0"},
				"down": {"uv": [11, 14, 13, 15], "texture": "#0"}
			}
		},
		{
			"from": [22.1, -15, -0.1],
			"to": [24.1, 0, 14.1],
			"faces": {
				"north": {"uv": [0, 0, 2, 15], "texture": "#0"},
				"east": {"uv": [2, 0, 16, 15], "texture": "#0"},
				"west": {"uv": [0, 0, 14, 15], "texture": "#0"}
			}
		},
		{
			"from": [22.1, 0, -0.1],
			"to": [24.1, 16, 14.1],
			"faces": {
				"north": {"uv": [0, 3, 2, 19], "texture": "#0"},
				"east": {"uv": [2, 0, 16, 16], "texture": "#0"},
				"west": {"uv": [0, 0, 14, 16], "texture": "#0"}
			}
		},
		{
			"from": [22.1, 16, -0.1],
			"to": [24.1, 28.8, 14.1],
			"faces": {
				"north": {"uv": [0, 3, 2, 16], "texture": "#0"},
				"east": {"uv": [2, 3, 16, 16], "texture": "#0"},
				"west": {"uv": [0, 3, 14, 16], "texture": "#0"}
			}
		},
		{
			"from": [-8.1, -15, -0.1],
			"to": [-6.1, 0, 14.1],
			"rotation": {"angle": 0, "axis": "y", "origin": [16, 0, 0]},
			"faces": {
				"north": {"uv": [14, 0, 16, 15], "texture": "#0"},
				"east": {"uv": [0, 3, 16, 16], "texture": "#0"},
				"west": {"uv": [0, 0, 14, 15], "texture": "#0"}
			}
		},
		{
			"from": [-8.1, 0, -0.1],
			"to": [-6.1, 16, 14.1],
			"rotation": {"angle": 0, "axis": "y", "origin": [16, 0, 0]},
			"faces": {
				"north": {"uv": [14, 0, 16, 16], "texture": "#0"},
				"east": {"uv": [0, 3, 16, 16], "texture": "#0"},
				"west": {"uv": [0, 0, 14, 16], "texture": "#0"}
			}
		},
		{
			"from": [-8.1, 16, -0.1],
			"to": [-6.1, 28.8, 14.1],
			"rotation": {"angle": 0, "axis": "y", "origin": [16, 0, 0]},
			"faces": {
				"north": {"uv": [14, 3, 16, 16], "texture": "#0"},
				"east": {"uv": [2, 3, 16, 16], "texture": "#0"},
				"west": {"uv": [0, 3, 14, 16], "texture": "#0"}
			}
		},
		{
			"from": [7, -15, -0.1],
			"to": [9, -3.1, 14.1],
			"faces": {
				"north": {"uv": [7, 2, 9, 15], "texture": "#0"},
				"east": {"uv": [2, 3, 16, 15], "texture": "#0"},
				"west": {"uv": [0, 3, 14, 15], "texture": "#0"}
			}
		},
		{
			"from": [8, -16, -0.1],
			"to": [24.1, -15, 16.1],
			"faces": {
				"north": {"uv": [0, 15, 16, 16], "texture": "#0"},
				"east": {"uv": [0, 15, 16, 16], "texture": "#0"},
				"south": {"uv": [0, 15, 16, 16], "texture": "#0"},
				"up": {"uv": [0, 0, 16, 16], "rotation": 90, "texture": "#0"},
				"down": {"uv": [0, 0, 16, 16], "rotation": 90, "texture": "#0"}
			}
		},
		{
			"from": [-8.1, -16, -0.1],
			"to": [8, -15, 16.1],
			"rotation": {"angle": 0, "axis": "y", "origin": [16, 0, 0]},
			"faces": {
				"north": {"uv": [0, 15, 16, 16], "texture": "#0"},
				"south": {"uv": [0, 15, 16, 16], "texture": "#0"},
				"west": {"uv": [0, 15, 16, 16], "texture": "#0"},
				"up": {"uv": [0, 0, 16, 16], "rotation": 90, "texture": "#0"},
				"down": {"uv": [0, 0, 16, 16], "rotation": 90, "texture": "#0"}
			}
		},
		{
			"from": [8, -3.1, -0.1],
			"to": [22.1, 0.1, 14.1],
			"faces": {
				"north": {"uv": [0, 0, 14, 3], "texture": "#0"},
				"up": {"uv": [0, 2, 14, 16], "rotation": 90, "texture": "#0"},
				"down": {"uv": [2, 0, 16, 14], "rotation": 90, "texture": "#0"}
			}
		},
		{
			"from": [-6.1, -3.1, -0.1],
			"to": [8, 0.1, 14.1],
			"faces": {
				"north": {"uv": [2, 0, 16, 3], "texture": "#0"},
				"up": {"uv": [0, 0, 14, 14], "rotation": 90, "texture": "#0"},
				"down": {"uv": [2, 0, 16, 14], "rotation": 90, "texture": "#0"}
			}
		},
		{
			"from": [8, 12.9, -0.1],
			"to": [22.1, 16.1, 14.1],
			"faces": {
				"north": {"uv": [0, 0, 14, 2], "texture": "#0"},
				"up": {"uv": [0, 2, 14, 16], "rotation": 90, "texture": "#0"},
				"down": {"uv": [2, 0, 16, 14], "rotation": 90, "texture": "#0"}
			}
		},
		{
			"from": [-6.1, 12.9, -0.1],
			"to": [8, 16.1, 14.1],
			"faces": {
				"north": {"uv": [2, 0, 16, 3], "texture": "#0"},
				"up": {"uv": [0, 0, 14, 14], "rotation": 90, "texture": "#0"},
				"down": {"uv": [2, 0, 16, 14], "rotation": 90, "texture": "#0"}
			}
		},
		{
			"from": [8, -15, 14.1],
			"to": [24.1, 0, 16.1],
			"faces": {
				"north": {"uv": [0, 0, 15, 16], "rotation": 270, "texture": "#0"},
				"east": {"uv": [0, 0, 2, 15], "texture": "#0"},
				"south": {"uv": [0, 0, 16, 15], "texture": "#0"}
			}
		},
		{
			"from": [8, 0, 14.1],
			"to": [24.1, 16, 16.1],
			"faces": {
				"north": {"uv": [0, 0, 16, 16], "rotation": 270, "texture": "#0"},
				"east": {"uv": [0, 0, 2, 16], "texture": "#0"},
				"south": {"uv": [0, 0, 16, 16], "texture": "#0"}
			}
		},
		{
			"from": [8, 16, 14.1],
			"to": [24.1, 28.8, 16.1],
			"faces": {
				"north": {"uv": [0, 0, 13, 16], "rotation": 270, "texture": "#0"},
				"east": {"uv": [0, 3, 2, 16], "texture": "#0"},
				"south": {"uv": [0, 3, 16, 16], "texture": "#0"}
			}
		},
		{
			"from": [-8.1, -15, 14.1],
			"to": [8, 0, 16.1],
			"rotation": {"angle": 0, "axis": "y", "origin": [16, 0, 0]},
			"faces": {
				"north": {"uv": [0, 0, 15, 16], "rotation": 270, "texture": "#0"},
				"south": {"uv": [0, 0, 16, 15], "texture": "#0"},
				"west": {"uv": [14, 0, 16, 15], "texture": "#0"}
			}
		},
		{
			"from": [-8.1, 0, 14.1],
			"to": [8, 16, 16.1],
			"rotation": {"angle": 0, "axis": "y", "origin": [16, 0, 0]},
			"faces": {
				"north": {"uv": [0, 0, 16, 16], "rotation": 270, "texture": "#0"},
				"south": {"uv": [0, 0, 16, 16], "texture": "#0"},
				"west": {"uv": [14, 0, 16, 16], "texture": "#0"}
			}
		},
		{
			"from": [-8.1, 16, 14.1],
			"to": [8, 28.8, 16.1],
			"rotation": {"angle": 0, "axis": "y", "origin": [16, 0, 0]},
			"faces": {
				"north": {"uv": [0, 0, 13, 16], "rotation": 270, "texture": "#0"},
				"south": {"uv": [0, 3, 16, 16], "texture": "#0"},
				"west": {"uv": [14, 3, 16, 16], "texture": "#0"}
			}
		}
	],
	"display": {
		"thirdperson_righthand": {
			"scale": [0.5, 0.5, 0.5]
		},
		"thirdperson_lefthand": {
			"scale": [0.5, 0.5, 0.5]
		},
		"firstperson_righthand": {
			"scale": [0.2, 0.2, 0.2]
		},
		"firstperson_lefthand": {
			"scale": [0.2, 0.2, 0.2]
		},
		"ground": {
			"scale": [0.5, 0.5, 0.5]
		},
		"gui": {
			"rotation": [25, 135, 0],
			"scale": [0.2, 0.2, 0.2]
		},
		"fixed": {
			"translation": [-16, 0.1, 18],
			"scale": [2, 2, 2]
		}
	},
	"groups": [
		{
			"name": "group",
			"origin": [0, 0, 0],
			"children": [0, 1, 2, 3, 4, 5, 6, 7, 8, 9,
				{
					"name": "group",
					"origin": [8, 8, 8],
					"children": [10, 11,
						{
							"name": "group",
							"origin": [0, 0, 0],
							"children": [12, 13, 14, 15, 16, 17, 18, 19, 20]
						}
					]
				}
			]
		},
		{
			"name": "group",
			"origin": [16, 0, 0],
			"children": [21, 22, 23, 24, 25, 26]
		},
		{
			"name": "group",
			"origin": [8, 8, 8],
			"children": [27, 28, 29, 30, 31, 32, 33]
		},
		{
			"name": "group",
			"origin": [0, 0, 0],
			"children": [34, 35, 36, 37, 38, 39]
		}
	]
}