{
	"credit": "Made with Blockbench",
	"textures": {
		"1": "block/anvil",
		"2": "block/stripped_spruce_log",
		"3": "entity/chest/normal",
		"6": "./grass_a",
		"particle": "block/anvil"
	},
	"elements": [
		{
			"from": [-0.1, 12, -0.1],
			"to": [16.1, 16.1, 16.1],
			"faces": {
				"north": {"uv": [0, 0, 16, 4], "texture": "#1"},
				"east": {"uv": [0, 0, 16, 4], "texture": "#1"},
				"south": {"uv": [0, 0, 16, 4], "texture": "#1"},
				"west": {"uv": [0, 0, 16, 4], "texture": "#1"},
				"up": {"uv": [0, 0, 16, 16], "texture": "#1"},
				"down": {"uv": [0, 0, 16, 16], "texture": "#1"}
			}
		},
		{
			"from": [0, 4, 0],
			"to": [16, 5, 16],
			"faces": {
				"north": {"uv": [0, 11, 16, 12], "texture": "#2"},
				"east": {"uv": [0, 11, 16, 12], "texture": "#2"},
				"south": {"uv": [0, 11, 16, 12], "texture": "#2"},
				"west": {"uv": [0, 11, 16, 12], "texture": "#2"},
				"up": {"uv": [0, 0, 16, 16], "texture": "#2"},
				"down": {"uv": [0, 0, 16, 16], "texture": "#2"}
			}
		},
		{
			"from": [14, 0, 14],
			"to": [16.1, 12, 16.1],
			"faces": {
				"north": {"uv": [0, 6, 2, 16], "texture": "#1"},
				"east": {"uv": [0, 6, 2, 16], "texture": "#1"},
				"south": {"uv": [14, 6, 16, 16], "texture": "#1"},
				"west": {"uv": [14, 6, 16, 16], "texture": "#1"},
				"up": {"uv": [14, 14, 16, 16], "texture": "#1"},
				"down": {"uv": [14, 0, 16, 2], "texture": "#1"}
			}
		},
		{
			"from": [-0.1, 0, 14],
			"to": [2, 12, 16.1],
			"rotation": {"angle": 0, "axis": "y", "origin": [16, 0, 16]},
			"faces": {
				"north": {"uv": [14, 6, 16, 16], "texture": "#1"},
				"east": {"uv": [0, 6, 2, 16], "texture": "#1"},
				"south": {"uv": [0, 6, 2, 16], "texture": "#1"},
				"west": {"uv": [14, 6, 16, 16], "texture": "#1"},
				"up": {"uv": [0, 14, 2, 16], "texture": "#1"},
				"down": {"uv": [0, 0, 2, 2], "texture": "#1"}
			}
		},
		{
			"from": [14, 0, -0.1],
			"to": [16.1, 12, 2],
			"faces": {
				"north": {"uv": [0, 6, 2, 16], "texture": "#1"},
				"east": {"uv": [14, 6, 16, 16], "texture": "#1"},
				"south": {"uv": [14, 6, 16, 16], "texture": "#1"},
				"west": {"uv": [0, 6, 2, 16], "texture": "#1"},
				"up": {"uv": [14, 0, 16, 2], "texture": "#1"},
				"down": {"uv": [14, 14, 16, 16], "texture": "#1"}
			}
		},
		{
			"from": [-0.1, 0, -0.1],
			"to": [2, 12, 2],
			"faces": {
				"north": {"uv": [14, 6, 16, 16], "texture": "#1"},
				"east": {"uv": [14, 6, 16, 16], "texture": "#1"},
				"south": {"uv": [0, 6, 2, 16], "texture": "#1"},
				"west": {"uv": [0, 6, 2, 16], "texture": "#1"},
				"up": {"uv": [0, 0, 2, 2], "texture": "#1"},
				"down": {"uv": [0, 14, 2, 16], "texture": "#1"}
			}
		},
		{
			"from": [14, 16.1, 14],
			"to": [16.1, 17, 16.1],
			"faces": {
				"north": {"uv": [0, 0, 2, 1], "texture": "#1"},
				"east": {"uv": [0, 0, 2, 1], "texture": "#1"},
				"south": {"uv": [14, 0, 16, 1], "texture": "#1"},
				"west": {"uv": [14, 0, 16, 1], "texture": "#1"},
				"up": {"uv": [14, 14, 16, 16], "texture": "#1"},
				"down": {"uv": [14, 0, 16, 2], "texture": "#1"}
			}
		},
		{
			"from": [-0.1, 16.1, 14],
			"to": [2, 17, 16.1],
			"rotation": {"angle": 0, "axis": "y", "origin": [16, 0, 16]},
			"faces": {
				"north": {"uv": [14, 0, 16, 1], "texture": "#1"},
				"east": {"uv": [0, 0, 2, 1], "texture": "#1"},
				"south": {"uv": [0, 0, 2, 1], "texture": "#1"},
				"west": {"uv": [14, 0, 16, 1], "texture": "#1"},
				"up": {"uv": [0, 14, 2, 16], "texture": "#1"},
				"down": {"uv": [0, 0, 2, 2], "texture": "#1"}
			}
		},
		{
			"from": [14, 16.1, -0.1],
			"to": [16.1, 17, 2],
			"faces": {
				"north": {"uv": [0, 0, 2, 1], "texture": "#1"},
				"east": {"uv": [14, 0, 16, 1], "texture": "#1"},
				"south": {"uv": [14, 0, 16, 1], "texture": "#1"},
				"west": {"uv": [0, 0, 2, 1], "texture": "#1"},
				"up": {"uv": [14, 0, 16, 2], "texture": "#1"},
				"down": {"uv": [14, 14, 16, 16], "texture": "#1"}
			}
		},
		{
			"from": [-0.1, 16.1, -0.1],
			"to": [2, 17, 2],
			"faces": {
				"north": {"uv": [14, 0, 16, 1], "texture": "#1"},
				"east": {"uv": [14, 0, 16, 1], "texture": "#1"},
				"south": {"uv": [0, 0, 2, 1], "texture": "#1"},
				"west": {"uv": [0, 0, 2, 1], "texture": "#1"},
				"up": {"uv": [0, 0, 2, 2], "texture": "#1"},
				"down": {"uv": [0, 14, 2, 16], "texture": "#1"}
			}
		},
		{
			"from": [10, 7, 8],
			"to": [14, 9, 10],
			"faces": {
				"north": {"uv": [3.75, 6, 4.75, 6.5], "texture": "#3"},
				"east": {"uv": [6.25, 4.75, 6.75, 5.25], "texture": "#3"},
				"up": {"uv": [5.75, 5, 6.75, 5.5], "texture": "#3"}
			}
		},
		{
			"from": [6, 7, 8],
			"to": [10, 9, 10],
			"faces": {
				"north": {"uv": [5.75, 6, 6.75, 6.5], "texture": "#3"},
				"west": {"uv": [3.75, 4.75, 4.25, 5.25], "texture": "#3"},
				"up": {"uv": [3.75, 5, 4.75, 5.5], "texture": "#3"}
			}
		},
		{
			"from": [10, 7, 10],
			"to": [14, 9, 12],
			"faces": {
				"east": {"uv": [3.75, 4.75, 4.25, 5.25], "texture": "#3"},
				"south": {"uv": [5.75, 6.75, 6.75, 7.25], "texture": "#3"},
				"up": {"uv": [5.75, 5.5, 6.75, 6], "texture": "#3"}
			}
		},
		{
			"from": [6, 7, 10],
			"to": [10, 9, 12],
			"faces": {
				"south": {"uv": [3.75, 6.75, 4.75, 7.25], "texture": "#3"},
				"west": {"uv": [6.25, 4.75, 6.75, 5.25], "texture": "#3"},
				"up": {"uv": [3.75, 5.5, 4.75, 6], "texture": "#3"}
			}
		},
		{
			"from": [10, 5, 8],
			"to": [14, 7, 10],
			"faces": {
				"north": {"uv": [3.75, 6.5, 4.75, 7], "texture": "#3"},
				"east": {"uv": [6.25, 7.75, 6.75, 8.25], "texture": "#3"},
				"down": {"uv": [5.75, 6, 6.75, 6.5], "texture": "#3"}
			}
		},
		{
			"from": [6, 5, 8],
			"to": [10, 7, 10],
			"faces": {
				"north": {"uv": [5.75, 6.5, 6.75, 7], "texture": "#3"},
				"west": {"uv": [3.75, 7.75, 4.25, 8.25], "texture": "#3"},
				"down": {"uv": [3.75, 6, 4.75, 6.5], "texture": "#3"}
			}
		},
		{
			"from": [10, 5, 10],
			"to": [14, 7, 12],
			"faces": {
				"east": {"uv": [3.75, 7.75, 4.25, 8.25], "texture": "#3"},
				"south": {"uv": [5.75, 7.25, 6.75, 7.75], "texture": "#3"},
				"down": {"uv": [5.75, 5.5, 6.75, 6], "texture": "#3"}
			}
		},
		{
			"from": [6, 5, 10],
			"to": [10, 7, 12],
			"faces": {
				"south": {"uv": [3.75, 7.25, 4.75, 7.75], "texture": "#3"},
				"west": {"uv": [6.25, 7.75, 6.75, 8.25], "texture": "#3"},
				"down": {"uv": [3.75, 5.5, 4.75, 6], "texture": "#3"}
			}
		},
		{
			"from": [9.5, 6, 7.5],
			"to": [10.5, 8, 8],
			"faces": {
				"north": {"uv": [3.5, 7.25, 3.75, 7.75], "texture": "#3"},
				"east": {"uv": [3.5, 7.25, 3.75, 7.75], "texture": "#3"},
				"south": {"uv": [3.5, 7.25, 3.75, 7.75], "texture": "#3"},
				"west": {"uv": [3.5, 7.25, 3.75, 7.75], "texture": "#3"},
				"up": {"uv": [3.5, 7.25, 3.75, 7.5], "texture": "#3"},
				"down": {"uv": [3.5, 7.25, 3.75, 7.5], "texture": "#3"}
			}
		},
		{
			"from": [3, 5, 4],
			"to": [6, 7, 7],
			"rotation": {"angle": 0, "axis": "y", "origin": [1, 0, 1]},
			"faces": {
				"north": {"uv": [4, 7, 7, 9], "texture": "#6"},
				"east": {"uv": [4, 7, 7, 9], "texture": "#6"},
				"south": {"uv": [4, 7, 7, 9], "texture": "#6"},
				"west": {"uv": [4, 7, 7, 9], "texture": "#6"},
				"down": {"uv": [4, 7, 7, 10], "texture": "#6"}
			}
		},
		{
			"from": [2.5, 7, 3.5],
			"to": [6.5, 8, 7.5],
			"rotation": {"angle": 0, "axis": "y", "origin": [1, 0, 1]},
			"faces": {
				"north": {"uv": [4, 10, 8, 11], "texture": "#6"},
				"east": {"uv": [4, 10, 8, 11], "texture": "#6"},
				"south": {"uv": [4, 10, 8, 11], "texture": "#6"},
				"west": {"uv": [4, 10, 8, 11], "texture": "#6"},
				"up": {"uv": [0, 7, 4, 11], "texture": "#6"},
				"down": {"uv": [4, 7, 8, 11], "texture": "#6"}
			}
		},
		{
			"from": [-2.2, 8, 6.7],
			"to": [2.8, 12, 6.7],
			"rotation": {"angle": 45, "axis": "y", "origin": [1, 0, 1]},
			"faces": {
				"north": {"uv": [9, 11, 14, 15], "texture": "#6"},
				"south": {"uv": [14, 11, 9, 15], "texture": "#6"}
			}
		},
		{
			"from": [-3.2, 8, 6.90675],
			"to": [3.8, 12, 6.90675],
			"rotation": {"angle": 45, "axis": "y", "origin": [0.73223, 0, 1.20675]},
			"faces": {
				"north": {"uv": [9, 11, 16, 15], "texture": "#6"},
				"south": {"uv": [16, 11, 9, 15], "texture": "#6"}
			}
		},
		{
			"from": [0.03153, 8, 3.2],
			"to": [0.03153, 12, 10.2],
			"rotation": {"angle": 45, "axis": "y", "origin": [0.73153, 0, 0.74299]},
			"faces": {
				"east": {"uv": [16, 11, 9, 15], "texture": "#6"},
				"west": {"uv": [9, 11, 16, 15], "texture": "#6"}
			}
		}
	],
	"display": {
		"firstperson_righthand": {
			"scale": [0.5, 0.5, 0.5]
		},
		"firstperson_lefthand": {
			"scale": [0.5, 0.5, 0.5]
		},
		"gui": {
			"rotation": [25, 159, 0],
			"translation": [0.25, -0.25, 0],
			"scale": [0.5, 0.5, 0.5]
		},
		"fixed": {
			"translation": [0, 0, 18],
			"scale": [2, 2, 2]
		}
	},
	"groups": [
		{
			"name": "group",
			"origin": [0, 0, 0],
			"children": [0, 1,
				{
					"name": "group",
					"origin": [0, 0, 0],
					"children": [2, 3, 4, 5]
				},
				{
					"name": "group",
					"origin": [0, 0, 0],
					"children": [6, 7, 8, 9]
				}
			]
		},
		{
			"name": "group",
			"origin": [8, 8, 8],
			"children": [10, 11, 12, 13, 14, 15, 16, 17, 18]
		},
		{
			"name": "group",
			"origin": [0, 0, 0],
			"children": [19, 20, 21, 22, 23]
		}
	]
}