{
	"credit": "Made with Blockbench",
	"parent": "./cit_item",
	"textures": {
		"3": "./stick_b",
		"4": "block/stripped_spruce_log",
		"6": "./stick_a",
		"particle": "./stick_b"
	},
	"elements": [
		{
			"from": [4, 0, 4],
			"to": [12, 6, 12],
			"faces": {
				"north": {"uv": [0, 4, 8, 10], "texture": "#3"},
				"east": {"uv": [0, 10, 8, 16], "texture": "#3"},
				"south": {"uv": [0, 10, 8, 16], "texture": "#3"},
				"west": {"uv": [0, 10, 8, 16], "texture": "#3"},
				"up": {"uv": [8, 8, 16, 16], "texture": "#3"},
				"down": {"uv": [8, 0, 16, 8], "texture": "#3"}
			}
		},
		{
			"from": [6, 6, 10],
			"to": [10, 7, 11],
			"faces": {
				"north": {"uv": [10, 6, 14, 7], "texture": "#3"},
				"south": {"uv": [10, 6, 14, 7], "texture": "#3"},
				"up": {"uv": [10, 6, 14, 7], "texture": "#3"},
				"down": {"uv": [10, 6, 14, 7], "texture": "#3"}
			}
		},
		{
			"from": [6, 6, 5],
			"to": [10, 7, 6],
			"faces": {
				"north": {"uv": [10, 1, 14, 2], "texture": "#3"},
				"south": {"uv": [10, 1, 14, 2], "texture": "#3"},
				"up": {"uv": [10, 1, 14, 2], "texture": "#3"},
				"down": {"uv": [10, 1, 14, 2], "texture": "#3"}
			}
		},
		{
			"from": [5, 6, 5],
			"to": [6, 7, 11],
			"faces": {
				"north": {"uv": [9, 1, 10, 2], "texture": "#3"},
				"east": {"uv": [9, 1, 10, 7], "texture": "#3"},
				"south": {"uv": [9, 1, 10, 2], "texture": "#3"},
				"west": {"uv": [9, 1, 10, 7], "texture": "#3"},
				"up": {"uv": [9, 1, 10, 7], "texture": "#3"},
				"down": {"uv": [9, 1, 10, 7], "texture": "#3"}
			}
		},
		{
			"from": [10, 6, 5],
			"to": [11, 7, 11],
			"faces": {
				"north": {"uv": [14, 1, 15, 2], "texture": "#3"},
				"east": {"uv": [14, 1, 15, 7], "texture": "#3"},
				"south": {"uv": [14, 1, 15, 2], "texture": "#3"},
				"west": {"uv": [14, 1, 15, 7], "texture": "#3"},
				"up": {"uv": [14, 1, 15, 7], "texture": "#3"},
				"down": {"uv": [14, 1, 15, 7], "texture": "#3"}
			}
		},
		{
			"from": [2, 1, 7],
			"to": [3, 5, 9],
			"faces": {
				"north": {"uv": [13, 11, 14, 15], "texture": "#4"},
				"east": {"uv": [7, 11, 9, 15], "texture": "#4"},
				"south": {"uv": [2, 11, 3, 15], "texture": "#4"},
				"west": {"uv": [7, 11, 9, 15], "texture": "#4"},
				"up": {"uv": [2, 7, 3, 9], "texture": "#4"},
				"down": {"uv": [2, 7, 3, 9], "texture": "#4"}
			}
		},
		{
			"from": [3, 1, 7],
			"to": [13, 2, 9],
			"faces": {
				"north": {"uv": [3, 14, 13, 15], "texture": "#4"},
				"east": {"uv": [7, 14, 9, 15], "texture": "#4"},
				"south": {"uv": [3, 14, 13, 15], "texture": "#4"},
				"west": {"uv": [7, 14, 9, 15], "texture": "#4"},
				"up": {"uv": [3, 7, 13, 9], "texture": "#4"},
				"down": {"uv": [3, 7, 13, 9], "texture": "#4"}
			}
		},
		{
			"from": [13, 1, 7],
			"to": [14, 5, 9],
			"faces": {
				"north": {"uv": [2, 11, 3, 15], "texture": "#4"},
				"east": {"uv": [7, 11, 9, 15], "texture": "#4"},
				"south": {"uv": [13, 11, 14, 15], "texture": "#4"},
				"west": {"uv": [7, 11, 9, 15], "texture": "#4"},
				"up": {"uv": [13, 7, 14, 9], "texture": "#4"},
				"down": {"uv": [13, 7, 14, 9], "texture": "#4"}
			}
		},
		{
			"from": [3, 4, 7],
			"to": [13, 5, 9],
			"faces": {
				"north": {"uv": [3, 11, 13, 12], "texture": "#4"},
				"east": {"uv": [7, 11, 9, 12], "texture": "#4"},
				"south": {"uv": [3, 11, 13, 12], "texture": "#4"},
				"west": {"uv": [7, 11, 9, 12], "texture": "#4"},
				"up": {"uv": [3, 7, 13, 9], "texture": "#4"},
				"down": {"uv": [3, 7, 13, 9], "texture": "#4"}
			}
		},
		{
			"from": [7, 7, 5.5],
			"to": [8, 11, 6.5],
			"rotation": {"angle": 22.5, "axis": "x", "origin": [0, -1, 0]},
			"faces": {
				"north": {"uv": [1, 3, 2, 7], "texture": "#6"},
				"east": {"uv": [1, 3, 2, 7], "texture": "#6"},
				"south": {"uv": [1, 3, 2, 7], "texture": "#6"},
				"west": {"uv": [1, 3, 2, 7], "texture": "#6"},
				"down": {"uv": [1, 6, 2, 7], "texture": "#6"}
			}
		},
		{
			"from": [6, 11, 5.5],
			"to": [9, 15, 6.5],
			"rotation": {"angle": 22.5, "axis": "x", "origin": [0, -1, 0]},
			"faces": {
				"north": {"uv": [9, 0, 12, 4], "texture": "#6"},
				"east": {"uv": [10, 0, 11, 4], "texture": "#6"},
				"south": {"uv": [9, 0, 12, 4], "texture": "#6"},
				"west": {"uv": [10, 0, 11, 4], "texture": "#6"},
				"up": {"uv": [9, 0, 12, 1], "texture": "#6"},
				"down": {"uv": [0, 3, 3, 4], "texture": "#6"}
			}
		},
		{
			"from": [5.5, 6, 8],
			"to": [6.5, 10, 9],
			"rotation": {"angle": -22.5, "axis": "z", "origin": [0, -1, 0]},
			"faces": {
				"north": {"uv": [4, 3, 5, 7], "texture": "#6"},
				"east": {"uv": [4, 3, 5, 7], "texture": "#6"},
				"south": {"uv": [4, 3, 5, 7], "texture": "#6"},
				"west": {"uv": [4, 3, 5, 7], "texture": "#6"},
				"down": {"uv": [4, 6, 5, 7], "texture": "#6"}
			}
		},
		{
			"from": [5.5, 10, 7],
			"to": [6.5, 14, 10],
			"rotation": {"angle": -22.5, "axis": "z", "origin": [0, -1, 0]},
			"faces": {
				"north": {"uv": [4, 0, 5, 4], "texture": "#6"},
				"east": {"uv": [3, 0, 6, 4], "texture": "#6"},
				"south": {"uv": [4, 0, 5, 4], "texture": "#6"},
				"west": {"uv": [3, 0, 6, 4], "texture": "#6"},
				"up": {"uv": [3, 7, 4, 10], "texture": "#6"},
				"down": {"uv": [13, 4, 14, 7], "texture": "#6"}
			}
		},
		{
			"from": [8.5, 0, 7],
			"to": [9.5, 4, 8],
			"rotation": {"angle": 22.5, "axis": "z", "origin": [0, -1, 0]},
			"faces": {
				"north": {"uv": [13, 3, 14, 7], "texture": "#6"},
				"east": {"uv": [13, 3, 14, 7], "texture": "#6"},
				"south": {"uv": [13, 3, 14, 7], "texture": "#6"},
				"west": {"uv": [13, 3, 14, 7], "texture": "#6"},
				"down": {"uv": [13, 6, 14, 7], "texture": "#6"}
			}
		},
		{
			"from": [8.5, 4, 6],
			"to": [9.5, 7, 9],
			"rotation": {"angle": 22.5, "axis": "z", "origin": [0, -1, 0]},
			"faces": {
				"north": {"uv": [13, 1, 14, 4], "texture": "#6"},
				"east": {"uv": [12, 1, 15, 4], "texture": "#6"},
				"south": {"uv": [13, 1, 14, 4], "texture": "#6"},
				"west": {"uv": [12, 1, 15, 4], "texture": "#6"},
				"up": {"uv": [12, 7, 13, 10], "texture": "#6"},
				"down": {"uv": [13, 4, 14, 7], "texture": "#6"}
			}
		},
		{
			"from": [7, 0, 8.5],
			"to": [8, 7, 9.5],
			"rotation": {"angle": -22.5, "axis": "x", "origin": [0, -1, 0]},
			"faces": {
				"north": {"uv": [10, 0, 11, 7], "texture": "#6"},
				"east": {"uv": [10, 0, 11, 7], "texture": "#6"},
				"south": {"uv": [10, 0, 11, 7], "texture": "#6"},
				"west": {"uv": [10, 0, 11, 7], "texture": "#6"},
				"up": {"uv": [10, 0, 11, 1], "texture": "#6"},
				"down": {"uv": [10, 6, 11, 7], "texture": "#6"}
			}
		},
		{
			"from": [7, 6, 4.5],
			"to": [8, 13, 5.5],
			"rotation": {"angle": 22.5, "axis": "x", "origin": [-1, -1, 0]},
			"faces": {
				"north": {"uv": [13, 0, 14, 7], "texture": "#6"},
				"east": {"uv": [13, 0, 14, 7], "texture": "#6"},
				"south": {"uv": [13, 0, 14, 7], "texture": "#6"},
				"west": {"uv": [13, 0, 14, 7], "texture": "#6"},
				"up": {"uv": [13, 0, 14, 1], "texture": "#6"},
				"down": {"uv": [13, 6, 14, 7], "texture": "#6"}
			}
		},
		{
			"from": [4.5, 6, 7],
			"to": [5.5, 11, 8],
			"rotation": {"angle": -22.5, "axis": "z", "origin": [0, -1, 0]},
			"faces": {
				"north": {"uv": [13, 0, 14, 5], "texture": "#6"},
				"east": {"uv": [13, 0, 14, 5], "texture": "#6"},
				"south": {"uv": [13, 0, 14, 5], "texture": "#6"},
				"west": {"uv": [13, 0, 14, 5], "texture": "#6"},
				"up": {"uv": [13, 0, 14, 1], "texture": "#6"},
				"down": {"uv": [13, 6, 14, 7], "texture": "#6"}
			}
		},
		{
			"from": [9, -1, 8.5],
			"to": [10, 6, 9.5],
			"rotation": {"angle": -22.5, "axis": "x", "origin": [0, -1, 0]},
			"faces": {
				"north": {"uv": [13, 0, 14, 7], "texture": "#6"},
				"east": {"uv": [13, 0, 14, 7], "texture": "#6"},
				"south": {"uv": [13, 0, 14, 7], "texture": "#6"},
				"west": {"uv": [13, 0, 14, 7], "texture": "#6"},
				"up": {"uv": [13, 0, 14, 1], "texture": "#6"},
				"down": {"uv": [13, 6, 14, 7], "texture": "#6"}
			}
		},
		{
			"from": [8, 5, 4.5],
			"to": [9, 12, 5.5],
			"rotation": {"angle": 22.5, "axis": "x", "origin": [0, -1, 0]},
			"faces": {
				"north": {"uv": [7, 0, 8, 7], "texture": "#6"},
				"east": {"uv": [7, 0, 8, 7], "texture": "#6"},
				"south": {"uv": [7, 0, 8, 7], "texture": "#6"},
				"west": {"uv": [7, 0, 8, 7], "texture": "#6"},
				"up": {"uv": [7, 0, 8, 1], "texture": "#6"},
				"down": {"uv": [7, 6, 8, 7], "texture": "#6"}
			}
		}
	],
	"display": {
		"gui": {
			"rotation": [25, 159, 0],
			"translation": [0, 1.75, 0],
			"scale": [0.8, 0.8, 0.8]
		},
		"fixed": {
			"rotation": [-90, 0, 0],
			"translation": [0, 0, -15],
			"scale": [2, 2, 2]
		}
	},
	"groups": [
		{
			"name": "group",
			"origin": [8, 8, 8],
			"color": 0,
			"children": [0, 1, 2, 3, 4,
				{
					"name": "group",
					"origin": [8, 8, 8],
					"color": 0,
					"children": [5, 6, 7, 8]
				}
			]
		},
		{
			"name": "group",
			"origin": [0, 0, 0],
			"color": 0,
			"children": [9, 10, 11, 12, 13, 14, 15, 16, 17, 18, 19]
		}
	]
}