{
	"credit": "Made with Blockbench",
	"parent": "./cit_item",
	"textures": {
		"0": "block/double_slab/double_slab_birch",
		"6": "./stick_a",
		"10": "./grass_a",
		"3_2": "./spruce_log_b"
	},
	"elements": [
		{
			"from": [7, 5, 13],
			"to": [9, 11, 14],
			"faces": {
				"north": {"uv": [7, 5, 9, 11], "texture": "#0"},
				"east": {"uv": [2, 5, 3, 11], "texture": "#0"},
				"south": {"uv": [7, 5, 9, 11], "texture": "#0"},
				"west": {"uv": [13, 5, 14, 11], "texture": "#0"},
				"up": {"uv": [7, 13, 9, 14], "texture": "#0"}
			}
		},
		{
			"from": [7, 5, 2],
			"to": [9, 11, 3],
			"faces": {
				"north": {"uv": [7, 5, 9, 11], "texture": "#0"},
				"east": {"uv": [13, 5, 14, 11], "texture": "#0"},
				"south": {"uv": [7, 5, 9, 11], "texture": "#0"},
				"west": {"uv": [2, 5, 3, 11], "texture": "#0"},
				"up": {"uv": [7, 2, 9, 3], "texture": "#0"}
			}
		},
		{
			"from": [7, 10, 3],
			"to": [9, 11, 13],
			"faces": {
				"east": {"uv": [3, 5, 13, 6], "texture": "#0"},
				"west": {"uv": [3, 5, 13, 6], "texture": "#0"},
				"up": {"uv": [7, 3, 9, 13], "texture": "#0"},
				"down": {"uv": [7, 3, 9, 13], "texture": "#0"}
			}
		},
		{
			"from": [2, 0, 2],
			"to": [14, 2, 3],
			"faces": {
				"north": {"uv": [2, 14, 14, 16], "texture": "#0"},
				"east": {"uv": [13, 14, 14, 16], "texture": "#0"},
				"south": {"uv": [2, 14, 14, 16], "texture": "#0"},
				"west": {"uv": [2, 14, 3, 16], "texture": "#0"},
				"up": {"uv": [2, 2, 14, 3], "texture": "#0"},
				"down": {"uv": [2, 13, 14, 14], "texture": "#0"}
			}
		},
		{
			"from": [2, 3, 2],
			"to": [14, 5, 3],
			"faces": {
				"north": {"uv": [2, 11, 14, 13], "texture": "#0"},
				"east": {"uv": [13, 11, 14, 13], "texture": "#0"},
				"south": {"uv": [2, 11, 14, 13], "texture": "#0"},
				"west": {"uv": [2, 11, 3, 13], "texture": "#0"},
				"up": {"uv": [2, 2, 14, 3], "texture": "#0"},
				"down": {"uv": [2, 13, 14, 14], "texture": "#0"}
			}
		},
		{
			"from": [2, 0, 3],
			"to": [3, 2, 13],
			"faces": {
				"east": {"uv": [3, 14, 13, 16], "texture": "#0"},
				"west": {"uv": [3, 14, 13, 16], "texture": "#0"},
				"up": {"uv": [2, 3, 3, 13], "texture": "#0"},
				"down": {"uv": [2, 3, 3, 13], "texture": "#0"}
			}
		},
		{
			"from": [2, 3, 3],
			"to": [3, 5, 13],
			"faces": {
				"east": {"uv": [3, 11, 13, 13], "texture": "#0"},
				"west": {"uv": [3, 11, 13, 13], "texture": "#0"},
				"up": {"uv": [2, 3, 3, 13], "texture": "#0"},
				"down": {"uv": [2, 3, 3, 13], "texture": "#0"}
			}
		},
		{
			"from": [2, 0, 13],
			"to": [14, 2, 14],
			"faces": {
				"north": {"uv": [2, 14, 14, 16], "texture": "#0"},
				"east": {"uv": [2, 14, 3, 16], "texture": "#0"},
				"south": {"uv": [2, 14, 14, 16], "texture": "#0"},
				"west": {"uv": [13, 14, 14, 16], "texture": "#0"},
				"up": {"uv": [2, 13, 14, 14], "texture": "#0"},
				"down": {"uv": [2, 2, 14, 3], "texture": "#0"}
			}
		},
		{
			"from": [2, 3, 13],
			"to": [14, 5, 14],
			"faces": {
				"north": {"uv": [2, 11, 14, 13], "texture": "#0"},
				"east": {"uv": [2, 11, 3, 13], "texture": "#0"},
				"south": {"uv": [2, 11, 14, 13], "texture": "#0"},
				"west": {"uv": [13, 11, 14, 13], "texture": "#0"},
				"up": {"uv": [2, 13, 14, 14], "texture": "#0"},
				"down": {"uv": [2, 2, 14, 3], "texture": "#0"}
			}
		},
		{
			"from": [13, 0, 3],
			"to": [14, 2, 13],
			"faces": {
				"east": {"uv": [3, 14, 13, 16], "texture": "#0"},
				"west": {"uv": [3, 14, 13, 16], "texture": "#0"},
				"up": {"uv": [13, 3, 14, 13], "texture": "#0"},
				"down": {"uv": [13, 3, 14, 13], "texture": "#0"}
			}
		},
		{
			"from": [13, 3, 3],
			"to": [14, 5, 13],
			"faces": {
				"east": {"uv": [3, 11, 13, 13], "texture": "#0"},
				"west": {"uv": [3, 11, 13, 13], "texture": "#0"},
				"up": {"uv": [13, 3, 14, 13], "texture": "#0"},
				"down": {"uv": [13, 3, 14, 13], "texture": "#0"}
			}
		},
		{
			"from": [2, 2, 2],
			"to": [3, 3, 3],
			"faces": {
				"north": {"uv": [13, 13, 14, 14], "texture": "#0"},
				"east": {"uv": [13, 13, 14, 14], "texture": "#0"},
				"south": {"uv": [2, 13, 3, 14], "texture": "#0"},
				"west": {"uv": [2, 13, 3, 14], "texture": "#0"}
			}
		},
		{
			"from": [2, 2, 13],
			"to": [3, 3, 14],
			"faces": {
				"north": {"uv": [13, 13, 14, 14], "texture": "#0"},
				"east": {"uv": [2, 13, 3, 14], "texture": "#0"},
				"south": {"uv": [2, 13, 3, 14], "texture": "#0"},
				"west": {"uv": [13, 13, 14, 14], "texture": "#0"}
			}
		},
		{
			"from": [13, 2, 13],
			"to": [14, 3, 14],
			"faces": {
				"north": {"uv": [2, 13, 3, 14], "texture": "#0"},
				"east": {"uv": [2, 13, 3, 14], "texture": "#0"},
				"south": {"uv": [13, 13, 14, 14], "texture": "#0"},
				"west": {"uv": [13, 13, 14, 14], "texture": "#0"}
			}
		},
		{
			"from": [13, 2, 2],
			"to": [14, 3, 3],
			"faces": {
				"north": {"uv": [2, 13, 3, 14], "texture": "#0"},
				"east": {"uv": [13, 13, 14, 14], "texture": "#0"},
				"south": {"uv": [13, 13, 14, 14], "texture": "#0"},
				"west": {"uv": [2, 13, 3, 14], "texture": "#0"}
			}
		},
		{
			"from": [3, 0, 3],
			"to": [13, 1, 13],
			"faces": {
				"up": {"uv": [3, 3, 13, 13], "texture": "#0"},
				"down": {"uv": [3, 3, 13, 13], "texture": "#0"}
			}
		},
		{
			"from": [7, 3, 3],
			"to": [9, 5, 13],
			"faces": {
				"north": {"uv": [7, 11, 9, 13], "texture": "#0"},
				"east": {"uv": [3, 11, 13, 13], "texture": "#0"},
				"south": {"uv": [7, 11, 9, 13], "texture": "#0"},
				"west": {"uv": [3, 11, 13, 13], "texture": "#0"},
				"up": {"uv": [7, 3, 9, 13], "texture": "#0"},
				"down": {"uv": [7, 3, 9, 13], "texture": "#0"}
			}
		},
		{
			"from": [3, 3, 7],
			"to": [13, 5, 9],
			"faces": {
				"north": {"uv": [3, 11, 13, 13], "texture": "#0"},
				"east": {"uv": [7, 11, 9, 13], "texture": "#0"},
				"south": {"uv": [3, 11, 13, 13], "texture": "#0"},
				"west": {"uv": [7, 11, 9, 13], "texture": "#0"},
				"up": {"uv": [3, 7, 13, 9], "texture": "#0"},
				"down": {"uv": [3, 7, 13, 9], "texture": "#0"}
			}
		},
		{
			"from": [10, 5, 8.5],
			"to": [11, 9, 9.5],
			"rotation": {"angle": 22.5, "axis": "x", "origin": [3, -3, 3]},
			"faces": {
				"north": {"uv": [1, 3, 2, 7], "texture": "#6"},
				"east": {"uv": [1, 3, 2, 7], "texture": "#6"},
				"south": {"uv": [1, 3, 2, 7], "texture": "#6"},
				"west": {"uv": [1, 3, 2, 7], "texture": "#6"},
				"down": {"uv": [1, 6, 2, 7], "texture": "#6"}
			}
		},
		{
			"from": [9, 9, 8.5],
			"to": [12, 13, 9.5],
			"rotation": {"angle": 22.5, "axis": "x", "origin": [3, -3, 3]},
			"faces": {
				"north": {"uv": [0, 0, 3, 4], "texture": "#6"},
				"east": {"uv": [1, 0, 2, 4], "texture": "#6"},
				"south": {"uv": [0, 0, 3, 4], "texture": "#6"},
				"west": {"uv": [1, 0, 2, 4], "texture": "#6"},
				"up": {"uv": [0, 0, 3, 1], "texture": "#6"},
				"down": {"uv": [0, 3, 3, 4], "texture": "#6"}
			}
		},
		{
			"from": [8.5, 4, 11],
			"to": [9.5, 8, 12],
			"rotation": {"angle": -22.5, "axis": "z", "origin": [3, -3, 3]},
			"faces": {
				"north": {"uv": [4, 3, 5, 7], "texture": "#6"},
				"east": {"uv": [4, 3, 5, 7], "texture": "#6"},
				"south": {"uv": [4, 3, 5, 7], "texture": "#6"},
				"west": {"uv": [4, 3, 5, 7], "texture": "#6"},
				"down": {"uv": [4, 6, 5, 7], "texture": "#6"}
			}
		},
		{
			"from": [8.5, 8, 10],
			"to": [9.5, 12, 13],
			"rotation": {"angle": -22.5, "axis": "z", "origin": [3, -3, 3]},
			"faces": {
				"north": {"uv": [4, 0, 5, 4], "texture": "#6"},
				"east": {"uv": [3, 0, 6, 4], "texture": "#6"},
				"south": {"uv": [4, 0, 5, 4], "texture": "#6"},
				"west": {"uv": [3, 0, 6, 4], "texture": "#6"},
				"up": {"uv": [3, 7, 4, 10], "texture": "#6"},
				"down": {"uv": [13, 4, 14, 7], "texture": "#6"}
			}
		},
		{
			"from": [11.5, -2, 10],
			"to": [12.5, 2, 11],
			"rotation": {"angle": 22.5, "axis": "z", "origin": [3, -3, 3]},
			"faces": {
				"north": {"uv": [13, 3, 14, 7], "texture": "#6"},
				"east": {"uv": [13, 3, 14, 7], "texture": "#6"},
				"south": {"uv": [13, 3, 14, 7], "texture": "#6"},
				"west": {"uv": [13, 3, 14, 7], "texture": "#6"},
				"down": {"uv": [13, 6, 14, 7], "texture": "#6"}
			}
		},
		{
			"from": [11.5, 2, 9],
			"to": [12.5, 5, 12],
			"rotation": {"angle": 22.5, "axis": "z", "origin": [3, -3, 3]},
			"faces": {
				"north": {"uv": [13, 1, 14, 4], "texture": "#6"},
				"east": {"uv": [12, 1, 15, 4], "texture": "#6"},
				"south": {"uv": [13, 1, 14, 4], "texture": "#6"},
				"west": {"uv": [12, 1, 15, 4], "texture": "#6"},
				"up": {"uv": [12, 7, 13, 10], "texture": "#6"},
				"down": {"uv": [13, 4, 14, 7], "texture": "#6"}
			}
		},
		{
			"from": [10, -2, 11.5],
			"to": [11, 5, 12.5],
			"rotation": {"angle": -22.5, "axis": "x", "origin": [3, -3, 3]},
			"faces": {
				"north": {"uv": [10, 0, 11, 7], "texture": "#6"},
				"east": {"uv": [10, 0, 11, 7], "texture": "#6"},
				"south": {"uv": [10, 0, 11, 7], "texture": "#6"},
				"west": {"uv": [10, 0, 11, 7], "texture": "#6"},
				"up": {"uv": [10, 0, 11, 1], "texture": "#6"},
				"down": {"uv": [10, 6, 11, 7], "texture": "#6"}
			}
		},
		{
			"from": [10, 4, 7.5],
			"to": [11, 11, 8.5],
			"rotation": {"angle": 22.5, "axis": "x", "origin": [2, -3, 3]},
			"faces": {
				"north": {"uv": [13, 0, 14, 7], "texture": "#6"},
				"east": {"uv": [13, 0, 14, 7], "texture": "#6"},
				"south": {"uv": [13, 0, 14, 7], "texture": "#6"},
				"west": {"uv": [13, 0, 14, 7], "texture": "#6"},
				"up": {"uv": [13, 0, 14, 1], "texture": "#6"},
				"down": {"uv": [13, 6, 14, 7], "texture": "#6"}
			}
		},
		{
			"from": [7.5, 4, 10],
			"to": [8.5, 9, 11],
			"rotation": {"angle": -22.5, "axis": "z", "origin": [3, -3, 3]},
			"faces": {
				"north": {"uv": [13, 0, 14, 5], "texture": "#6"},
				"east": {"uv": [13, 0, 14, 5], "texture": "#6"},
				"south": {"uv": [13, 0, 14, 5], "texture": "#6"},
				"west": {"uv": [13, 0, 14, 5], "texture": "#6"},
				"up": {"uv": [13, 0, 14, 1], "texture": "#6"},
				"down": {"uv": [13, 6, 14, 7], "texture": "#6"}
			}
		},
		{
			"from": [12, -3, 11.5],
			"to": [13, 4, 12.5],
			"rotation": {"angle": -22.5, "axis": "x", "origin": [3, -3, 3]},
			"faces": {
				"north": {"uv": [13, 0, 14, 7], "texture": "#6"},
				"east": {"uv": [13, 0, 14, 7], "texture": "#6"},
				"south": {"uv": [13, 0, 14, 7], "texture": "#6"},
				"west": {"uv": [13, 0, 14, 7], "texture": "#6"},
				"up": {"uv": [13, 0, 14, 1], "texture": "#6"},
				"down": {"uv": [13, 6, 14, 7], "texture": "#6"}
			}
		},
		{
			"from": [11, 3, 7.5],
			"to": [12, 10, 8.5],
			"rotation": {"angle": 22.5, "axis": "x", "origin": [3, -3, 3]},
			"faces": {
				"north": {"uv": [7, 0, 8, 7], "texture": "#6"},
				"east": {"uv": [7, 0, 8, 7], "texture": "#6"},
				"south": {"uv": [7, 0, 8, 7], "texture": "#6"},
				"west": {"uv": [7, 0, 8, 7], "texture": "#6"},
				"up": {"uv": [7, 0, 8, 1], "texture": "#6"},
				"down": {"uv": [7, 6, 8, 7], "texture": "#6"}
			}
		},
		{
			"from": [5, 5, 6.5],
			"to": [6, 9, 7.5],
			"rotation": {"angle": -22.5, "axis": "x", "origin": [13, -3, 13]},
			"faces": {
				"north": {"uv": [1, 3, 2, 7], "texture": "#6"},
				"east": {"uv": [1, 3, 2, 7], "texture": "#6"},
				"south": {"uv": [1, 3, 2, 7], "texture": "#6"},
				"west": {"uv": [1, 3, 2, 7], "texture": "#6"},
				"down": {"uv": [2, 7, 1, 6], "texture": "#6"}
			}
		},
		{
			"from": [4, 9, 6.5],
			"to": [7, 13, 7.5],
			"rotation": {"angle": -22.5, "axis": "x", "origin": [13, -3, 13]},
			"faces": {
				"north": {"uv": [6, 0, 9, 4], "texture": "#6"},
				"east": {"uv": [7, 0, 8, 4], "texture": "#6"},
				"south": {"uv": [6, 0, 9, 4], "texture": "#6"},
				"west": {"uv": [7, 0, 8, 4], "texture": "#6"},
				"up": {"uv": [9, 1, 6, 0], "texture": "#6"},
				"down": {"uv": [3, 4, 0, 3], "texture": "#6"}
			}
		},
		{
			"from": [6.5, 4, 4],
			"to": [7.5, 8, 5],
			"rotation": {"angle": 22.5, "axis": "z", "origin": [13, -3, 13]},
			"faces": {
				"north": {"uv": [4, 3, 5, 7], "texture": "#6"},
				"east": {"uv": [4, 3, 5, 7], "texture": "#6"},
				"south": {"uv": [4, 3, 5, 7], "texture": "#6"},
				"west": {"uv": [4, 3, 5, 7], "texture": "#6"},
				"down": {"uv": [5, 7, 4, 6], "texture": "#6"}
			}
		},
		{
			"from": [6.5, 8, 3],
			"to": [7.5, 12, 6],
			"rotation": {"angle": 22.5, "axis": "z", "origin": [13, -3, 13]},
			"faces": {
				"north": {"uv": [10, 0, 11, 4], "texture": "#6"},
				"east": {"uv": [9, 0, 12, 4], "texture": "#6"},
				"south": {"uv": [10, 0, 11, 4], "texture": "#6"},
				"west": {"uv": [9, 0, 12, 4], "texture": "#6"},
				"up": {"uv": [10, 10, 9, 7], "texture": "#6"},
				"down": {"uv": [14, 7, 13, 4], "texture": "#6"}
			}
		},
		{
			"from": [3.5, -2, 5],
			"to": [4.5, 2, 6],
			"rotation": {"angle": -22.5, "axis": "z", "origin": [13, -3, 13]},
			"faces": {
				"north": {"uv": [13, 3, 14, 7], "texture": "#6"},
				"east": {"uv": [13, 3, 14, 7], "texture": "#6"},
				"south": {"uv": [13, 3, 14, 7], "texture": "#6"},
				"west": {"uv": [13, 3, 14, 7], "texture": "#6"},
				"down": {"uv": [14, 7, 13, 6], "texture": "#6"}
			}
		},
		{
			"from": [3.5, 2, 4],
			"to": [4.5, 5, 7],
			"rotation": {"angle": -22.5, "axis": "z", "origin": [13, -3, 13]},
			"faces": {
				"north": {"uv": [13, 1, 14, 4], "texture": "#6"},
				"east": {"uv": [12, 1, 15, 4], "texture": "#6"},
				"south": {"uv": [13, 1, 14, 4], "texture": "#6"},
				"west": {"uv": [12, 1, 15, 4], "texture": "#6"},
				"up": {"uv": [13, 10, 12, 7], "texture": "#6"},
				"down": {"uv": [14, 7, 13, 4], "texture": "#6"}
			}
		},
		{
			"from": [5, -2, 3.5],
			"to": [6, 5, 4.5],
			"rotation": {"angle": 22.5, "axis": "x", "origin": [13, -3, 13]},
			"faces": {
				"north": {"uv": [4, 0, 5, 7], "texture": "#6"},
				"east": {"uv": [4, 0, 5, 7], "texture": "#6"},
				"south": {"uv": [4, 0, 5, 7], "texture": "#6"},
				"west": {"uv": [4, 0, 5, 7], "texture": "#6"},
				"up": {"uv": [5, 1, 4, 0], "texture": "#6"},
				"down": {"uv": [5, 7, 4, 6], "texture": "#6"}
			}
		},
		{
			"from": [5, 4, 7.5],
			"to": [6, 11, 8.5],
			"rotation": {"angle": -22.5, "axis": "x", "origin": [14, -3, 13]},
			"faces": {
				"north": {"uv": [13, 0, 14, 7], "texture": "#6"},
				"east": {"uv": [13, 0, 14, 7], "texture": "#6"},
				"south": {"uv": [13, 0, 14, 7], "texture": "#6"},
				"west": {"uv": [13, 0, 14, 7], "texture": "#6"},
				"up": {"uv": [14, 1, 13, 0], "texture": "#6"},
				"down": {"uv": [14, 7, 13, 6], "texture": "#6"}
			}
		},
		{
			"from": [7.5, 4, 5],
			"to": [8.5, 9, 6],
			"rotation": {"angle": 22.5, "axis": "z", "origin": [13, -3, 13]},
			"faces": {
				"north": {"uv": [13, 0, 14, 5], "texture": "#6"},
				"east": {"uv": [13, 0, 14, 5], "texture": "#6"},
				"south": {"uv": [13, 0, 14, 5], "texture": "#6"},
				"west": {"uv": [13, 0, 14, 5], "texture": "#6"},
				"up": {"uv": [14, 1, 13, 0], "texture": "#6"},
				"down": {"uv": [14, 7, 13, 6], "texture": "#6"}
			}
		},
		{
			"from": [3, -3, 3.5],
			"to": [4, 4, 4.5],
			"rotation": {"angle": 22.5, "axis": "x", "origin": [13, -3, 13]},
			"faces": {
				"north": {"uv": [13, 0, 14, 7], "texture": "#6"},
				"east": {"uv": [13, 0, 14, 7], "texture": "#6"},
				"south": {"uv": [13, 0, 14, 7], "texture": "#6"},
				"west": {"uv": [13, 0, 14, 7], "texture": "#6"},
				"up": {"uv": [14, 1, 13, 0], "texture": "#6"},
				"down": {"uv": [14, 7, 13, 6], "texture": "#6"}
			}
		},
		{
			"from": [4, 3, 7.5],
			"to": [5, 10, 8.5],
			"rotation": {"angle": -22.5, "axis": "x", "origin": [13, -3, 13]},
			"faces": {
				"north": {"uv": [1, 0, 2, 7], "texture": "#6"},
				"east": {"uv": [1, 0, 2, 7], "texture": "#6"},
				"south": {"uv": [1, 0, 2, 7], "texture": "#6"},
				"west": {"uv": [1, 0, 2, 7], "texture": "#6"},
				"up": {"uv": [2, 1, 1, 0], "texture": "#6"},
				"down": {"uv": [2, 7, 1, 6], "texture": "#6"}
			}
		},
		{
			"from": [9.5, 1, 3.5],
			"to": [12.5, 4, 6.5],
			"faces": {
				"north": {"uv": [4, 8, 7, 11], "texture": "#10"},
				"east": {"uv": [4, 8, 7, 11], "texture": "#10"},
				"south": {"uv": [4, 8, 7, 11], "texture": "#10"},
				"west": {"uv": [4, 8, 7, 11], "texture": "#10"},
				"up": {"uv": [8, 8, 11, 11], "texture": "#10"},
				"down": {"uv": [4, 8, 7, 11], "texture": "#10"}
			}
		},
		{
			"from": [4.3, 4, 7.9],
			"to": [4.3, 8, 14.9],
			"rotation": {"angle": 45, "axis": "y", "origin": [0, 0, 0]},
			"faces": {
				"east": {"uv": [9, 12, 16, 16], "texture": "#10"},
				"west": {"uv": [9, 12, 16, 16], "texture": "#10"}
			}
		},
		{
			"from": [0.8, 4, 11.3],
			"to": [7.8, 8, 11.3],
			"rotation": {"angle": 45, "axis": "y", "origin": [0, 0, 0]},
			"faces": {
				"north": {"uv": [9, 12, 16, 16], "texture": "#10"},
				"south": {"uv": [9, 12, 16, 16], "texture": "#10"}
			}
		},
		{
			"from": [3, 1, 9],
			"to": [7, 4, 13],
			"faces": {
				"north": {"uv": [9, 10, 13, 13], "texture": "#3_2"},
				"east": {"uv": [9, 10, 13, 13], "texture": "#3_2"},
				"south": {"uv": [9, 10, 13, 13], "texture": "#3_2"},
				"west": {"uv": [9, 10, 13, 13], "texture": "#3_2"},
				"up": {"uv": [0, 10, 4, 14], "texture": "#3_2"},
				"down": {"uv": [0, 10, 4, 14], "texture": "#3_2"}
			}
		},
		{
			"from": [3.5, 5, 9.5],
			"to": [6.5, 6, 12.5],
			"faces": {
				"north": {"uv": [4, 13, 7, 14], "texture": "#3_2"},
				"east": {"uv": [4, 13, 7, 14], "texture": "#3_2"},
				"south": {"uv": [4, 13, 7, 14], "texture": "#3_2"},
				"west": {"uv": [4, 13, 7, 14], "texture": "#3_2"},
				"up": {"uv": [4, 10, 7, 13], "texture": "#3_2"},
				"down": {"uv": [4, 10, 7, 13], "texture": "#3_2"}
			}
		},
		{
			"from": [4, 4, 10],
			"to": [6, 7, 12],
			"faces": {
				"north": {"uv": [7, 10, 9, 13], "texture": "#3_2"},
				"east": {"uv": [7, 10, 9, 13], "texture": "#3_2"},
				"south": {"uv": [7, 10, 9, 13], "texture": "#3_2"},
				"west": {"uv": [7, 10, 9, 13], "texture": "#3_2"},
				"up": {"uv": [7, 10, 9, 12], "texture": "#3_2"},
				"down": {"uv": [7, 10, 9, 12], "texture": "#3_2"}
			}
		}
	],
	"display": {
		"thirdperson_righthand": {
			"rotation": [66, 0, 0],
			"translation": [0, -2, -1],
			"scale": [0.8, 0.8, 0.8]
		},
		"thirdperson_lefthand": {
			"rotation": [66, 0, 0],
			"translation": [0, -2, -1],
			"scale": [0.8, 0.8, 0.8]
		},
		"gui": {
			"rotation": [25, 135, 0],
			"translation": [0, 1.75, 0],
			"scale": [0.8, 0.8, 0.8]
		},
		"fixed": {
			"rotation": [-90, 0, 0],
			"translation": [0, 0, -15],
			"scale": [2, 2, 2]
		}
	},
	"groups": [
		{
			"name": "group",
			"origin": [0, 0, 0],
			"color": 0,
			"children": [0, 1, 2, 3, 4, 5, 6, 7, 8, 9, 10, 11, 12, 13, 14, 15, 16, 17]
		},
		{
			"name": "group",
			"origin": [8, 8, 8],
			"color": 0,
			"children": [
				{
					"name": "group",
					"origin": [0, 0, 0],
					"color": 0,
					"children": [18, 19, 20, 21, 22, 23, 24, 25, 26, 27, 28]
				},
				{
					"name": "group",
					"origin": [0, 0, 0],
					"color": 0,
					"children": [29, 30, 31, 32, 33, 34, 35, 36, 37, 38, 39]
				}
			]
		},
		{
			"name": "group",
			"origin": [8, 8, 8],
			"color": 0,
			"children": [40, 41, 42]
		},
		{
			"name": "group",
			"origin": [8, 8, 8],
			"color": 0,
			"children": [43, 44, 45]
		}
	]
}