{
	"credit": "Made with Blockbench",
	"parent": "./cit_item",
	"textures": {
		"6": "./stick_a"
	},
	"elements": [
		{
			"from": [6, 0, 5],
			"to": [9, 1, 9],
			"faces": {
				"north": {"uv": [12, 0, 15, 1], "texture": "#6"},
				"east": {"uv": [13, 0, 14, 4], "rotation": 90, "texture": "#6"},
				"south": {"uv": [12, 3, 15, 4], "texture": "#6"},
				"west": {"uv": [13, 0, 14, 4], "rotation": 270, "texture": "#6"},
				"up": {"uv": [12, 0, 15, 4], "texture": "#6"},
				"down": {"uv": [12, 0, 15, 4], "rotation": 180, "texture": "#6"}
			}
		},
		{
			"from": [7, 0, 9],
			"to": [8, 1, 12],
			"faces": {
				"east": {"uv": [13, 4, 14, 7], "rotation": 270, "texture": "#6"},
				"south": {"uv": [13, 6, 14, 7], "texture": "#6"},
				"west": {"uv": [13, 4, 14, 7], "rotation": 270, "texture": "#6"},
				"up": {"uv": [13, 4, 14, 7], "texture": "#6"},
				"down": {"uv": [13, 4, 14, 7], "rotation": 180, "texture": "#6"}
			}
		}
	],
	"display": {
		"thirdperson_righthand": {
			"rotation": [92, 0, 0],
			"translation": [0, 2, 8]
		},
		"thirdperson_lefthand": {
			"rotation": [92, 0, 0],
			"translation": [-1, 2, 8]
		},
		"firstperson_righthand": {
			"rotation": [92, 0, 0],
			"translation": [0, 0, 9.5]
		},
		"firstperson_lefthand": {
			"rotation": [92, 0, 0],
			"translation": [0, 0, 9.5]
		},
		"gui": {
			"rotation": [25, 135, 0],
			"translation": [0, 7.25, 0],
			"scale": [1.2, 1.2, 1.2]
		},
		"fixed": {
			"rotation": [-90, 0, 0],
			"translation": [0, 0, -15],
			"scale": [2, 2, 2]
		}
	}
}