{
	"credit": "Made with Blockbench",
	"textures": {
		"0": "./white_bed_c",
		"particle": "./white_bed_c"
	},
	"elements": [
		{
			"from": [5, 0, 6],
			"to": [11, 5, 12],
			"faces": {
				"north": {"uv": [0, 6, 6, 11], "texture": "#0"},
				"east": {"uv": [10, 0, 16, 5], "texture": "#0"},
				"south": {"uv": [10, 0, 16, 5], "texture": "#0"},
				"west": {"uv": [10, 0, 16, 5], "texture": "#0"},
				"down": {"uv": [0, 7, 6, 13], "texture": "#0"}
			}
		},
		{
			"from": [10, 0, 5],
			"to": [12, 3, 6],
			"faces": {
				"north": {"uv": [0, 13, 2, 16], "texture": "#0"},
				"east": {"uv": [4, 13, 5, 16], "texture": "#0"},
				"south": {"uv": [2, 13, 4, 16], "texture": "#0"},
				"west": {"uv": [4, 13, 5, 16], "texture": "#0"},
				"up": {"uv": [5, 15, 7, 16], "texture": "#0"},
				"down": {"uv": [5, 15, 7, 16], "texture": "#0"}
			}
		},
		{
			"from": [4, 0, 5],
			"to": [6, 3, 6],
			"faces": {
				"north": {"uv": [2, 13, 4, 16], "texture": "#0"},
				"east": {"uv": [4, 13, 5, 16], "texture": "#0"},
				"south": {"uv": [0, 13, 2, 16], "texture": "#0"},
				"west": {"uv": [4, 13, 5, 16], "texture": "#0"},
				"up": {"uv": [5, 15, 7, 16], "texture": "#0"},
				"down": {"uv": [5, 15, 7, 16], "texture": "#0"}
			}
		},
		{
			"from": [4, 0.5, 8],
			"to": [12, 4.5, 10],
			"faces": {
				"north": {"uv": [8, 0, 16, 4], "texture": "#0"},
				"east": {"uv": [14, 0, 16, 4], "texture": "#0"},
				"south": {"uv": [8, 0, 16, 4], "texture": "#0"},
				"west": {"uv": [14, 0, 16, 4], "texture": "#0"},
				"up": {"uv": [8, 0, 16, 2], "texture": "#0"},
				"down": {"uv": [8, 0, 16, 2], "texture": "#0"}
			}
		},
		{
			"from": [4, 5, 5],
			"to": [12, 11, 13],
			"faces": {
				"north": {"uv": [0, 0, 8, 6], "texture": "#0"},
				"east": {"uv": [8, 0, 16, 6], "texture": "#0"},
				"south": {"uv": [8, 0, 16, 6], "texture": "#0"},
				"west": {"uv": [8, 0, 16, 6], "texture": "#0"},
				"up": {"uv": [8, 0, 16, 8], "texture": "#0"},
				"down": {"uv": [8, 0, 16, 8], "texture": "#0"}
			}
		},
		{
			"from": [3, 10, 9],
			"to": [6, 13, 10],
			"faces": {
				"north": {"uv": [16, 9, 13, 12], "texture": "#0"},
				"east": {"uv": [0, 0, 1, 3], "texture": "#0"},
				"south": {"uv": [10, 9, 13, 12], "texture": "#0"},
				"west": {"uv": [0, 0, 1, 3], "texture": "#0"},
				"up": {"uv": [0, 0, 3, 1], "texture": "#0"},
				"down": {"uv": [0, 0, 3, 1], "texture": "#0"}
			}
		},
		{
			"from": [10, 10, 9],
			"to": [13, 13, 10],
			"faces": {
				"north": {"uv": [13, 9, 16, 12], "texture": "#0"},
				"east": {"uv": [0, 0, 1, 3], "texture": "#0"},
				"south": {"uv": [10, 9, 13, 12], "texture": "#0"},
				"west": {"uv": [0, 0, 1, 3], "texture": "#0"},
				"up": {"uv": [0, 0, 3, 1], "texture": "#0"},
				"down": {"uv": [0, 0, 3, 1], "texture": "#0"}
			}
		},
		{
			"from": [5.5, 5.5, 4],
			"to": [10.5, 8.5, 5],
			"faces": {
				"north": {"uv": [11, 13, 16, 16], "texture": "#0"},
				"east": {"uv": [10, 13, 11, 16], "texture": "#0"},
				"west": {"uv": [10, 13, 11, 16], "texture": "#0"},
				"up": {"uv": [11, 12, 16, 13], "texture": "#0"},
				"down": {"uv": [11, 12, 16, 13], "texture": "#0"}
			}
		},
		{
			"from": [7.5, 0.5, 12],
			"to": [8.5, 1.5, 13],
			"faces": {
				"east": {"uv": [1, 2, 2, 3], "texture": "#0"},
				"south": {"uv": [1, 2, 2, 3], "texture": "#0"},
				"west": {"uv": [1, 2, 2, 3], "texture": "#0"},
				"up": {"uv": [1, 2, 2, 3], "texture": "#0"},
				"down": {"uv": [1, 2, 2, 3], "texture": "#0"}
			}
		}
	],
	"display": {
		"thirdperson_righthand": {
			"scale": [0.7, 0.7, 0.7]
		},
		"thirdperson_lefthand": {
			"scale": [0.7, 0.7, 0.7]
		},
		"gui": {
			"rotation": [25, 159, 0],
			"translation": [0, 1.25, 0],
			"scale": [0.7, 0.7, 0.7]
		},
		"head": {
			"translation": [0, 14, 0]
		},
		"fixed": {
			"rotation": [-90, 0, 0],
			"translation": [0, 0, 1],
			"scale": [2, 2, 2]
		}
	}
}