{
	"credit": "Made with Blockbench",
	"textures": {
		"0": "./white_bed_a",
		"1": "block/white_wool",
		"particle": "./white_bed_a"
	},
	"elements": [
		{
			"from": [2, 2, 4],
			"to": [14, 9, 6],
			"rotation": {"angle": 22.5, "axis": "x", "origin": [0, 0, 0]},
			"faces": {
				"north": {"uv": [2, 2, 14, 9], "texture": "#0"},
				"east": {"uv": [0, 2, 2, 9], "texture": "#0"},
				"south": {"uv": [2, 2, 14, 9], "texture": "#0"},
				"west": {"uv": [14, 2, 16, 9], "texture": "#0"},
				"up": {"uv": [2, 0, 14, 2], "rotation": 180, "texture": "#0"},
				"down": {"uv": [2, 9, 14, 11], "rotation": 180, "texture": "#0"}
			}
		},
		{
			"from": [1, 3, 6],
			"to": [15, 13, 8],
			"rotation": {"angle": 22.5, "axis": "x", "origin": [0, 0, 0]},
			"faces": {
				"north": {"uv": [1, 2, 15, 12], "texture": "#1"},
				"east": {"uv": [0, 2, 2, 12], "texture": "#1"},
				"south": {"uv": [1, 2, 15, 12], "texture": "#1"},
				"west": {"uv": [14, 2, 16, 12], "texture": "#1"},
				"up": {"uv": [1, 0, 15, 2], "rotation": 180, "texture": "#1"},
				"down": {"uv": [1, 12, 15, 14], "rotation": 180, "texture": "#1"}
			}
		}
	],
	"display": {
		"gui": {
			"rotation": [25, 135, 0],
			"translation": [-1, 2.25, 0]
		},
		"fixed": {
			"rotation": [-90, 0, 0],
			"translation": [0, 0, 1],
			"scale": [2, 2, 2]
		}
	}
}