{
	"credit": "Made with Blockbench",
	"textures": {
		"0": "block/sinks/sink",
		"1": "block/sinks/sink bottom 1",
		"2": "block/sinks/silver faucet 2",
		"particle": "block/sinks/sink"
	},
	"elements": [
		{
			"from": [7, 17.5, 13],
			"to": [9, 19.5, 14],
			"rotation": {"angle": 0, "axis": "y", "origin": [-8, 0, 0]},
			"faces": {
				"north": {"uv": [4, 4, 6, 6], "texture": "#2"},
				"east": {"uv": [6, 8, 7, 10], "texture": "#2"},
				"south": {"uv": [4, 6, 6, 8], "texture": "#2"},
				"west": {"uv": [8, 6, 9, 8], "texture": "#2"},
				"up": {"uv": [9, 9, 7, 8], "texture": "#2"},
				"down": {"uv": [11, 0, 9, 1], "texture": "#2"}
			}
		},
		{
			"from": [7.5, 18, 12],
			"to": [8.5, 19, 14],
			"rotation": {"angle": 0, "axis": "y", "origin": [-8, 0, 0]},
			"faces": {
				"north": {"uv": [6, 12, 7, 13], "texture": "#2"},
				"east": {"uv": [9, 1, 11, 2], "texture": "#2"},
				"south": {"uv": [12, 8, 13, 9], "texture": "#2"},
				"west": {"uv": [9, 2, 11, 3], "texture": "#2"},
				"up": {"uv": [10, 8, 9, 6], "texture": "#2"},
				"down": {"uv": [8, 9, 7, 11], "texture": "#2"}
			}
		},
		{
			"from": [3, 17.5, 13],
			"to": [5, 19.5, 14],
			"rotation": {"angle": 0, "axis": "y", "origin": [-8, 0, 0]},
			"faces": {
				"north": {"uv": [6, 4, 8, 6], "texture": "#2"},
				"east": {"uv": [8, 9, 9, 11], "texture": "#2"},
				"south": {"uv": [6, 6, 8, 8], "texture": "#2"},
				"west": {"uv": [9, 8, 10, 10], "texture": "#2"},
				"up": {"uv": [11, 4, 9, 3], "texture": "#2"},
				"down": {"uv": [6, 10, 4, 11], "texture": "#2"}
			}
		},
		{
			"from": [3.5, 18, 12],
			"to": [4.5, 19, 14],
			"rotation": {"angle": 0, "axis": "y", "origin": [-8, 0, 0]},
			"faces": {
				"north": {"uv": [9, 12, 10, 13], "texture": "#2"},
				"east": {"uv": [10, 4, 12, 5], "texture": "#2"},
				"south": {"uv": [12, 9, 13, 10], "texture": "#2"},
				"west": {"uv": [10, 5, 12, 6], "texture": "#2"},
				"up": {"uv": [7, 12, 6, 10], "texture": "#2"},
				"down": {"uv": [11, 6, 10, 8], "texture": "#2"}
			}
		},
		{
			"from": [11, 17.5, 13],
			"to": [13, 19.5, 14],
			"rotation": {"angle": 0, "axis": "y", "origin": [-8, 0, 0]},
			"faces": {
				"north": {"uv": [4, 8, 6, 10], "texture": "#2"},
				"east": {"uv": [10, 8, 11, 10], "texture": "#2"},
				"south": {"uv": [8, 4, 10, 6], "texture": "#2"},
				"west": {"uv": [9, 10, 10, 12], "texture": "#2"},
				"up": {"uv": [12, 11, 10, 10], "texture": "#2"},
				"down": {"uv": [2, 11, 0, 12], "texture": "#2"}
			}
		},
		{
			"from": [11.5, 18, 12],
			"to": [12.5, 19, 14],
			"rotation": {"angle": 0, "axis": "y", "origin": [-8, 0, 0]},
			"faces": {
				"north": {"uv": [12, 10, 13, 11], "texture": "#2"},
				"east": {"uv": [11, 0, 13, 1], "texture": "#2"},
				"south": {"uv": [11, 12, 12, 13], "texture": "#2"},
				"west": {"uv": [11, 1, 13, 2], "texture": "#2"},
				"up": {"uv": [3, 13, 2, 11], "texture": "#2"},
				"down": {"uv": [12, 2, 11, 4], "texture": "#2"}
			}
		},
		{
			"from": [3.5, 18, 11],
			"to": [12.5, 19, 12],
			"rotation": {"angle": 0, "axis": "y", "origin": [-8, 0, 0]},
			"faces": {
				"north": {"uv": [0, 0, 9, 1], "texture": "#2"},
				"east": {"uv": [11, 12, 12, 13], "texture": "#2"},
				"south": {"uv": [0, 1, 9, 2], "texture": "#2"},
				"west": {"uv": [0, 12, 1, 13], "texture": "#2"},
				"up": {"uv": [9, 3, 0, 2], "texture": "#2"},
				"down": {"uv": [9, 3, 0, 4], "texture": "#2"}
			}
		},
		{
			"from": [7.5, 19, 11],
			"to": [8.5, 26, 12],
			"rotation": {"angle": 0, "axis": "y", "origin": [-8, 0, 0]},
			"faces": {
				"north": {"uv": [0, 4, 1, 11], "texture": "#2"},
				"east": {"uv": [1, 4, 2, 11], "texture": "#2"},
				"south": {"uv": [2, 4, 3, 11], "texture": "#2"},
				"west": {"uv": [3, 4, 4, 11], "texture": "#2"},
				"up": {"uv": [12, 1, 11, 0], "texture": "#2"},
				"down": {"uv": [2, 12, 1, 13], "texture": "#2"}
			}
		},
		{
			"from": [3.5, 19, 11],
			"to": [4.5, 21, 12],
			"rotation": {"angle": 0, "axis": "y", "origin": [-8, 0, 0]},
			"faces": {
				"north": {"uv": [3, 11, 4, 13], "texture": "#2"},
				"east": {"uv": [4, 11, 5, 13], "texture": "#2"},
				"south": {"uv": [5, 11, 6, 13], "texture": "#2"},
				"west": {"uv": [11, 6, 12, 8], "texture": "#2"},
				"up": {"uv": [14, 2, 13, 1], "texture": "#2"},
				"down": {"uv": [3, 13, 2, 14], "texture": "#2"}
			}
		},
		{
			"from": [11.5, 19, 11],
			"to": [12.5, 21, 12],
			"rotation": {"angle": 0, "axis": "y", "origin": [-8, 0, 0]},
			"faces": {
				"north": {"uv": [7, 11, 8, 13], "texture": "#2"},
				"east": {"uv": [8, 11, 9, 13], "texture": "#2"},
				"south": {"uv": [11, 8, 12, 10], "texture": "#2"},
				"west": {"uv": [10, 11, 11, 13], "texture": "#2"},
				"up": {"uv": [4, 14, 3, 13], "texture": "#2"},
				"down": {"uv": [5, 13, 4, 14], "texture": "#2"}
			}
		},
		{
			"from": [12.5, 20, 11],
			"to": [14, 20.5, 12],
			"rotation": {"angle": 0, "axis": "y", "origin": [-8, 0, 0]},
			"faces": {
				"north": {"uv": [11, 11, 13, 12], "texture": "#2"},
				"east": {"uv": [5, 13, 6, 14], "texture": "#2"},
				"south": {"uv": [0, 12, 2, 13], "texture": "#2"},
				"west": {"uv": [6, 13, 7, 14], "texture": "#2"},
				"up": {"uv": [14, 3, 12, 2], "texture": "#2"},
				"down": {"uv": [14, 3, 12, 4], "texture": "#2"}
			}
		},
		{
			"from": [2, 20, 11],
			"to": [3.5, 20.5, 12],
			"rotation": {"angle": 0, "axis": "y", "origin": [-8, 0, 0]},
			"faces": {
				"north": {"uv": [12, 4, 14, 5], "texture": "#2"},
				"east": {"uv": [7, 13, 8, 14], "texture": "#2"},
				"south": {"uv": [12, 5, 14, 6], "texture": "#2"},
				"west": {"uv": [8, 13, 9, 14], "texture": "#2"},
				"up": {"uv": [14, 7, 12, 6], "texture": "#2"},
				"down": {"uv": [14, 7, 12, 8], "texture": "#2"}
			}
		},
		{
			"name": "hexadecagon",
			"from": [7.5, 25.00272, 7],
			"to": [8.5, 25.99728, 8],
			"rotation": {"angle": 45, "axis": "x", "origin": [8, 25.5, 9.5]},
			"faces": {
				"north": {"uv": [13, 8, 14, 9], "texture": "#2"},
				"east": {"uv": [9, 13, 10, 14], "texture": "#2"},
				"south": {"uv": [13, 9, 14, 10], "texture": "#2"},
				"west": {"uv": [10, 13, 11, 14], "texture": "#2"},
				"up": {"uv": [14, 11, 13, 10], "texture": "#2"},
				"down": {"uv": [12, 13, 11, 14], "texture": "#2"}
			}
		},
		{
			"name": "hexadecagon",
			"from": [7.5, 25.00272, 7],
			"to": [8.5, 25.99728, 8],
			"rotation": {"angle": 22.5, "axis": "x", "origin": [8, 25.5, 9.5]},
			"faces": {
				"north": {"uv": [13, 11, 14, 12], "texture": "#2"},
				"east": {"uv": [12, 13, 13, 14], "texture": "#2"},
				"south": {"uv": [13, 12, 14, 13], "texture": "#2"},
				"west": {"uv": [13, 13, 14, 14], "texture": "#2"},
				"up": {"uv": [1, 15, 0, 14], "texture": "#2"},
				"down": {"uv": [15, 0, 14, 1], "texture": "#2"}
			}
		},
		{
			"name": "hexadecagon",
			"from": [7.5, 24.50272, 7],
			"to": [8.5, 25.99728, 8],
			"rotation": {"angle": 0, "axis": "y", "origin": [8, 25.5, 9.5]},
			"faces": {
				"north": {"uv": [1, 14, 2, 15], "texture": "#2"},
				"east": {"uv": [14, 1, 15, 2], "texture": "#2"},
				"south": {"uv": [2, 14, 3, 15], "texture": "#2"},
				"west": {"uv": [14, 2, 15, 3], "texture": "#2"},
				"up": {"uv": [4, 15, 3, 14], "texture": "#2"},
				"down": {"uv": [15, 3, 14, 4], "texture": "#2"}
			}
		},
		{
			"name": "hexadecagon",
			"from": [7.5, 25.00272, 11],
			"to": [8.5, 25.99728, 12],
			"rotation": {"angle": -22.5, "axis": "x", "origin": [8, 25.5, 9.5]},
			"faces": {
				"north": {"uv": [4, 14, 5, 15], "texture": "#2"},
				"east": {"uv": [14, 4, 15, 5], "texture": "#2"},
				"south": {"uv": [5, 14, 6, 15], "texture": "#2"},
				"west": {"uv": [14, 5, 15, 6], "texture": "#2"},
				"up": {"uv": [7, 15, 6, 14], "texture": "#2"},
				"down": {"uv": [15, 6, 14, 7], "texture": "#2"}
			}
		},
		{
			"name": "hexadecagon",
			"from": [7.5, 25.00272, 11],
			"to": [8.5, 25.99728, 12],
			"rotation": {"angle": -45, "axis": "x", "origin": [8, 25.5, 9.5]},
			"faces": {
				"north": {"uv": [7, 14, 8, 15], "texture": "#2"},
				"east": {"uv": [14, 7, 15, 8], "texture": "#2"},
				"south": {"uv": [8, 14, 9, 15], "texture": "#2"},
				"west": {"uv": [14, 8, 15, 9], "texture": "#2"},
				"up": {"uv": [10, 15, 9, 14], "texture": "#2"},
				"down": {"uv": [15, 9, 14, 10], "texture": "#2"}
			}
		},
		{
			"name": "hexadecagon",
			"from": [7.5, 27, 9.00272],
			"to": [8.5, 28, 9.99728],
			"rotation": {"angle": 22.5, "axis": "x", "origin": [8, 25.5, 9.5]},
			"faces": {
				"north": {"uv": [10, 14, 11, 15], "texture": "#2"},
				"east": {"uv": [14, 10, 15, 11], "texture": "#2"},
				"south": {"uv": [11, 14, 12, 15], "texture": "#2"},
				"west": {"uv": [14, 11, 15, 12], "texture": "#2"},
				"up": {"uv": [13, 15, 12, 14], "texture": "#2"},
				"down": {"uv": [15, 12, 14, 13], "texture": "#2"}
			}
		},
		{
			"name": "hexadecagon",
			"from": [7.5, 27, 9.00272],
			"to": [8.5, 28, 9.99728],
			"rotation": {"angle": 0, "axis": "y", "origin": [8, 25.5, 9.5]},
			"faces": {
				"north": {"uv": [13, 14, 14, 15], "texture": "#2"},
				"east": {"uv": [14, 13, 15, 14], "texture": "#2"},
				"south": {"uv": [14, 14, 15, 15], "texture": "#2"},
				"west": {"uv": [0, 15, 1, 16], "texture": "#2"},
				"up": {"uv": [16, 1, 15, 0], "texture": "#2"},
				"down": {"uv": [2, 15, 1, 16], "texture": "#2"}
			}
		},
		{
			"name": "hexadecagon",
			"from": [7.5, 27, 9.00272],
			"to": [8.5, 28, 9.99728],
			"rotation": {"angle": -22.5, "axis": "x", "origin": [8, 25.5, 9.5]},
			"faces": {
				"north": {"uv": [15, 1, 16, 2], "texture": "#2"},
				"east": {"uv": [2, 15, 3, 16], "texture": "#2"},
				"south": {"uv": [15, 2, 16, 3], "texture": "#2"},
				"west": {"uv": [3, 15, 4, 16], "texture": "#2"},
				"up": {"uv": [16, 4, 15, 3], "texture": "#2"},
				"down": {"uv": [5, 15, 4, 16], "texture": "#2"}
			}
		},
		{
			"from": [0, 8, -1],
			"to": [16, 17, 1],
			"rotation": {"angle": 0, "axis": "y", "origin": [-8, 0, 0]},
			"faces": {
				"north": {"uv": [0, 7, 16, 16], "texture": "#0"},
				"east": {"uv": [0, 0, 2, 9], "texture": "#0"},
				"south": {"uv": [0, 7, 16, 16], "texture": "#0"},
				"west": {"uv": [1, 0, 3, 9], "texture": "#0"},
				"up": {"uv": [0, 1.5, 16, 3.5], "texture": "#0"},
				"down": {"uv": [0, 1.5, 16, 3.5], "texture": "#0"}
			}
		},
		{
			"from": [0, 8, 14],
			"to": [16, 21, 16.02],
			"rotation": {"angle": 0, "axis": "y", "origin": [-8, 0, 0]},
			"faces": {
				"north": {"uv": [0, 0, 16, 13], "texture": "#0"},
				"east": {"uv": [0, 0, 2, 13], "texture": "#0"},
				"south": {"uv": [0, 0, 16, 13], "texture": "#0"},
				"west": {"uv": [0, 0, 2, 13], "texture": "#0"},
				"up": {"uv": [0, 14, 16, 16], "texture": "#0"},
				"down": {"uv": [0, 14, 16, 16], "texture": "#0"}
			}
		},
		{
			"from": [0, 8, 1],
			"to": [2.01, 17, 14],
			"rotation": {"angle": 0, "axis": "y", "origin": [-8, 0, 0]},
			"faces": {
				"north": {"uv": [1, 5, 3.01, 14], "texture": "#0"},
				"east": {"uv": [1, 6, 14, 15], "texture": "#0"},
				"south": {"uv": [1, 5, 3.01, 14], "texture": "#0"},
				"west": {"uv": [1, 6, 14, 15], "texture": "#0"},
				"up": {"uv": [1, 2, 3, 15], "texture": "#0"},
				"down": {"uv": [11.99, 0, 14, 14], "texture": "#0"}
			}
		},
		{
			"from": [14, 8, 1],
			"to": [16.01, 17, 14],
			"rotation": {"angle": 0, "axis": "y", "origin": [-8, 0, 0]},
			"faces": {
				"north": {"uv": [1, 5, 3.01, 14], "texture": "#0"},
				"east": {"uv": [1, 6, 14, 15], "texture": "#0"},
				"south": {"uv": [1, 5, 3.01, 14], "texture": "#0"},
				"west": {"uv": [1, 6, 14, 15], "texture": "#0"},
				"up": {"uv": [1, 2, 3, 15], "texture": "#0"},
				"down": {"uv": [11.99, 0, 14, 14], "texture": "#0"}
			}
		},
		{
			"name": "bottom",
			"from": [2, 8, 1],
			"to": [14, 9, 14],
			"rotation": {"angle": 0, "axis": "y", "origin": [-8, 0, 0]},
			"faces": {
				"north": {"uv": [0, 0, 16, 1], "texture": "#missing"},
				"east": {"uv": [0, 0, 14, 1], "texture": "#missing"},
				"south": {"uv": [0, 0, 16, 1], "texture": "#missing"},
				"west": {"uv": [0, 0, 14, 1], "texture": "#missing"},
				"up": {"uv": [0, 2, 13, 14], "rotation": 90, "texture": "#1"},
				"down": {"uv": [0, 0, 12, 13], "texture": "#0"}
			}
		}
	],
	"display": {
		"thirdperson_righthand": {
			"scale": [0.5, 0.5, 0.5]
		},
		"thirdperson_lefthand": {
			"scale": [0.5, 0.5, 0.5]
		},
		"firstperson_righthand": {
			"scale": [0.5, 0.5, 0.5]
		},
		"firstperson_lefthand": {
			"scale": [0.5, 0.5, 0.5]
		},
		"ground": {
			"scale": [0.5, 0.5, 0.5]
		},
		"gui": {
			"rotation": [27, -146, 0],
			"translation": [-0.25, -3, 0],
			"scale": [0.5, 0.5, 0.5]
		},
		"fixed": {
			"rotation": [-90, 0, 0],
			"translation": [0, 0, 18],
			"scale": [2, 2, 2]
		}
	},
	"groups": [
		{
			"name": "faucet 2",
			"origin": [-8, 0, 0],
			"color": 0,
			"children": [
				0,
				1,
				2,
				3,
				4,
				5,
				6,
				7,
				8,
				9,
				10,
				11,
				{
					"name": "hexadecagon",
					"origin": [0, 8, 8],
					"color": 0,
					"children": [12, 13, 14, 15, 16, 17, 18, 19]
				}
			]
		},
		{
			"name": "sink",
			"origin": [-8, 0, 0],
			"color": 0,
			"children": [20, 21, 22, 23, 24]
		}
	]
}