{
	"credit": "Made with Blockbench",
	"textures": {
		"0": "block/sinks/sink",
		"1": "block/sinks/sink bottom 1",
		"2": "block/sinks/silver faucet 2"
	},
	"elements": [
		{
			"from": [0, 8, -1],
			"to": [16, 17, 1],
			"rotation": {"angle": 0, "axis": "y", "origin": [-8, 0, 0]},
			"faces": {
				"north": {"uv": [0, 7, 16, 16], "texture": "#0"},
				"east": {"uv": [0, 0, 2, 9], "texture": "#0"},
				"south": {"uv": [0, 7, 16, 16], "texture": "#0"},
				"west": {"uv": [1, 0, 3, 9], "texture": "#0"},
				"up": {"uv": [0, 1.5, 16, 3.5], "texture": "#0"},
				"down": {"uv": [0, 1.5, 16, 3.5], "texture": "#0"}
			}
		},
		{
			"from": [0, 8, 14],
			"to": [16, 21, 16.02],
			"rotation": {"angle": 0, "axis": "y", "origin": [-8, 0, 0]},
			"faces": {
				"north": {"uv": [0, 0, 16, 13], "texture": "#0"},
				"east": {"uv": [0, 0, 2, 13], "texture": "#0"},
				"south": {"uv": [0, 0, 16, 13], "texture": "#0"},
				"west": {"uv": [0, 0, 2, 13], "texture": "#0"},
				"up": {"uv": [0, 14, 16, 16], "texture": "#0"},
				"down": {"uv": [0, 14, 16, 16], "texture": "#0"}
			}
		},
		{
			"from": [0, 8, 1],
			"to": [2.01, 17, 14],
			"rotation": {"angle": 0, "axis": "y", "origin": [-8, 0, 0]},
			"faces": {
				"north": {"uv": [1, 5, 3.01, 14], "texture": "#0"},
				"east": {"uv": [1, 6, 14, 15], "texture": "#0"},
				"south": {"uv": [1, 5, 3.01, 14], "texture": "#0"},
				"west": {"uv": [1, 6, 14, 15], "texture": "#0"},
				"up": {"uv": [1, 2, 3, 15], "texture": "#0"},
				"down": {"uv": [11.99, 0, 14, 14], "texture": "#0"}
			}
		},
		{
			"from": [14, 8, 1],
			"to": [16.01, 17, 14],
			"rotation": {"angle": 0, "axis": "y", "origin": [-8, 0, 0]},
			"faces": {
				"north": {"uv": [1, 5, 3.01, 14], "texture": "#0"},
				"east": {"uv": [1, 6, 14, 15], "texture": "#0"},
				"south": {"uv": [1, 5, 3.01, 14], "texture": "#0"},
				"west": {"uv": [1, 6, 14, 15], "texture": "#0"},
				"up": {"uv": [1, 2, 3, 15], "texture": "#0"},
				"down": {"uv": [11.99, 0, 14, 14], "texture": "#0"}
			}
		},
		{
			"name": "bottom",
			"from": [2, 8, 1],
			"to": [14, 9, 14],
			"rotation": {"angle": 0, "axis": "y", "origin": [-8, 0, 0]},
			"faces": {
				"north": {"uv": [0, 0, 16, 1], "texture": "#missing"},
				"east": {"uv": [0, 0, 14, 1], "texture": "#missing"},
				"south": {"uv": [0, 0, 16, 1], "texture": "#missing"},
				"west": {"uv": [0, 0, 14, 1], "texture": "#missing"},
				"up": {"uv": [0, 2, 13, 14], "rotation": 90, "texture": "#1"},
				"down": {"uv": [0, 0, 12, 13], "texture": "#0"}
			}
		},
		{
			"from": [7.5, 18, 11],
			"to": [8.5, 19, 13],
			"rotation": {"angle": 0, "axis": "y", "origin": [-8, 0, 0]},
			"faces": {
				"north": {"uv": [0, 0, 1, 1], "texture": "#2"},
				"east": {"uv": [0, 0, 2, 1], "texture": "#2"},
				"south": {"uv": [0, 0, 1, 1], "texture": "#2"},
				"west": {"uv": [0, 0, 2, 1], "texture": "#2"},
				"up": {"uv": [0, 0, 1, 2], "texture": "#2"},
				"down": {"uv": [0, 0, 1, 2], "texture": "#2"}
			}
		},
		{
			"from": [7, 17.5, 13],
			"to": [9, 19.5, 14],
			"rotation": {"angle": 0, "axis": "y", "origin": [-8, 0, 0]},
			"faces": {
				"north": {"uv": [0, 0, 2, 2], "texture": "#2"},
				"east": {"uv": [0, 0, 1, 2], "texture": "#2"},
				"south": {"uv": [0, 0, 2, 2], "texture": "#2"},
				"west": {"uv": [0, 0, 1, 2], "texture": "#2"},
				"up": {"uv": [0, 0, 2, 1], "texture": "#2"},
				"down": {"uv": [0, 0, 2, 1], "texture": "#2"}
			}
		},
		{
			"from": [2.5, 18, 10],
			"to": [3.5, 19, 13],
			"rotation": {"angle": 0, "axis": "y", "origin": [-8, 0, 0]},
			"faces": {
				"north": {"uv": [0, 0, 1, 1], "texture": "#2"},
				"east": {"uv": [0, 0, 3, 1], "texture": "#2"},
				"south": {"uv": [0, 0, 1, 1], "texture": "#2"},
				"west": {"uv": [0, 0, 3, 1], "texture": "#2"},
				"up": {"uv": [0, 0, 1, 3], "texture": "#2"},
				"down": {"uv": [0, 0, 1, 3], "texture": "#2"}
			}
		},
		{
			"from": [12, 17.5, 13],
			"to": [14, 19.5, 14],
			"rotation": {"angle": 0, "axis": "y", "origin": [-8, 0, 0]},
			"faces": {
				"north": {"uv": [0, 0, 2, 2], "texture": "#2"},
				"east": {"uv": [0, 0, 1, 2], "texture": "#2"},
				"south": {"uv": [0, 0, 2, 2], "texture": "#2"},
				"west": {"uv": [0, 0, 1, 2], "texture": "#2"},
				"up": {"uv": [0, 0, 2, 1], "texture": "#2"},
				"down": {"uv": [0, 0, 2, 1], "texture": "#2"}
			}
		},
		{
			"from": [12.5, 18, 10],
			"to": [13.5, 19, 13],
			"rotation": {"angle": 0, "axis": "y", "origin": [-8, 0, 0]},
			"faces": {
				"north": {"uv": [0, 0, 1, 1], "texture": "#2"},
				"east": {"uv": [0, 0, 3, 1], "texture": "#2"},
				"south": {"uv": [0, 0, 1, 1], "texture": "#2"},
				"west": {"uv": [0, 0, 3, 1], "texture": "#2"},
				"up": {"uv": [0, 0, 1, 3], "texture": "#2"},
				"down": {"uv": [0, 0, 1, 3], "texture": "#2"}
			}
		},
		{
			"from": [2, 17.5, 13],
			"to": [4, 19.5, 14],
			"rotation": {"angle": 0, "axis": "y", "origin": [-8, 0, 0]},
			"faces": {
				"north": {"uv": [0, 0, 2, 2], "texture": "#2"},
				"east": {"uv": [0, 0, 1, 2], "texture": "#2"},
				"south": {"uv": [0, 0, 2, 2], "texture": "#2"},
				"west": {"uv": [0, 0, 1, 2], "texture": "#2"},
				"up": {"uv": [0, 0, 2, 1], "texture": "#2"},
				"down": {"uv": [0, 0, 2, 1], "texture": "#2"}
			}
		},
		{
			"from": [7.25, 17.75, 10.75],
			"to": [8.75, 19.25, 12.25],
			"rotation": {"angle": 0, "axis": "y", "origin": [-8, 0, 0]},
			"faces": {
				"north": {"uv": [0, 0, 1.5, 1.5], "texture": "#2"},
				"east": {"uv": [0, 0, 1.5, 1.5], "texture": "#2"},
				"south": {"uv": [0, 0, 1.5, 1.5], "texture": "#2"},
				"west": {"uv": [0, 0, 1.5, 1.5], "texture": "#2"},
				"up": {"uv": [0, 0, 1.5, 1.5], "texture": "#2"},
				"down": {"uv": [0, 0, 1.5, 1.5], "texture": "#2"}
			}
		},
		{
			"from": [3.5, 18, 11],
			"to": [12.5, 19, 12],
			"rotation": {"angle": 0, "axis": "y", "origin": [-8, 0, 0]},
			"faces": {
				"north": {"uv": [0, 0, 9, 1], "texture": "#2"},
				"east": {"uv": [0, 0, 1, 1], "texture": "#2"},
				"south": {"uv": [0, 0, 9, 1], "texture": "#2"},
				"west": {"uv": [0, 0, 1, 1], "texture": "#2"},
				"up": {"uv": [0, 0, 9, 1], "texture": "#2"},
				"down": {"uv": [0, 0, 9, 1], "texture": "#2"}
			}
		},
		{
			"from": [7.5, 25, 7.5],
			"to": [8.5, 26, 11],
			"rotation": {"angle": 0, "axis": "y", "origin": [-8, 0, 0]},
			"faces": {
				"north": {"uv": [0, 0, 1, 1], "texture": "#2"},
				"east": {"uv": [0, 0, 3.5, 1], "texture": "#2"},
				"south": {"uv": [0, 0, 1, 1], "texture": "#2"},
				"west": {"uv": [0, 0, 3.5, 1], "texture": "#2"},
				"up": {"uv": [0, 0, 1, 3.5], "texture": "#2"},
				"down": {"uv": [0, 0, 1, 3.5], "texture": "#2"}
			}
		},
		{
			"from": [7.5, 24, 7.5],
			"to": [8.5, 25, 8.5],
			"rotation": {"angle": 0, "axis": "y", "origin": [-8, 0, 0]},
			"faces": {
				"north": {"uv": [0, 0, 1, 1], "texture": "#2"},
				"east": {"uv": [0, 0, 1, 1], "texture": "#2"},
				"south": {"uv": [0, 0, 1, 1], "texture": "#2"},
				"west": {"uv": [0, 0, 1, 1], "texture": "#2"},
				"up": {"uv": [0, 0, 1, 1], "texture": "#2"},
				"down": {"uv": [0, 0, 1, 1], "texture": "#2"}
			}
		},
		{
			"from": [7.25, 23.75, 7.25],
			"to": [8.75, 24.25, 8.75],
			"rotation": {"angle": 0, "axis": "y", "origin": [-8, 0, 0]},
			"faces": {
				"north": {"uv": [0, 0, 1.5, 0.5], "texture": "#2"},
				"east": {"uv": [0, 0, 1.5, 0.5], "texture": "#2"},
				"south": {"uv": [0, 0, 1.5, 0.5], "texture": "#2"},
				"west": {"uv": [0, 0, 1.5, 0.5], "texture": "#2"},
				"up": {"uv": [0, 0, 1.5, 1.5], "texture": "#2"},
				"down": {"uv": [0, 0, 1.5, 1.5], "texture": "#2"}
			}
		},
		{
			"from": [7.5, 19, 11],
			"to": [8.5, 26, 12],
			"rotation": {"angle": 0, "axis": "y", "origin": [-8, 0, 0]},
			"faces": {
				"north": {"uv": [0, 0, 1, 7], "texture": "#2"},
				"east": {"uv": [0, 0, 1, 7], "texture": "#2"},
				"south": {"uv": [0, 0, 1, 7], "texture": "#2"},
				"west": {"uv": [0, 0, 1, 7], "texture": "#2"},
				"up": {"uv": [0, 0, 1, 1], "texture": "#2"},
				"down": {"uv": [0, 0, 1, 1], "texture": "#2"}
			}
		},
		{
			"from": [1.5, 18.25, 10.75],
			"to": [4.5, 18.75, 11.25],
			"rotation": {"angle": 0, "axis": "y", "origin": [-0.5, 0, 0]},
			"faces": {
				"north": {"uv": [12, 3, 14, 3.5], "texture": "#2"},
				"east": {"uv": [15, 1, 15.5, 1.5], "texture": "#2"},
				"south": {"uv": [4, 12, 6, 12.5], "texture": "#2"},
				"west": {"uv": [2, 15, 2.5, 15.5], "texture": "#2"},
				"up": {"uv": [14, 4.5, 12, 4], "texture": "#2"},
				"down": {"uv": [14, 5, 12, 5.5], "texture": "#2"}
			}
		},
		{
			"from": [12.75, 17, 10.75],
			"to": [13.25, 20, 11.25],
			"rotation": {"angle": 0, "axis": "y", "origin": [-0.5, 0, 0]},
			"faces": {
				"north": {"uv": [1, 12, 1.5, 14], "texture": "#2"},
				"east": {"uv": [12, 1, 12.5, 3], "texture": "#2"},
				"south": {"uv": [2, 12, 2.5, 14], "texture": "#2"},
				"west": {"uv": [3, 12, 3.5, 14], "texture": "#2"},
				"up": {"uv": [15.5, 0.5, 15, 0], "texture": "#2"},
				"down": {"uv": [1.5, 15, 1, 15.5], "texture": "#2"}
			}
		},
		{
			"from": [11.5, 18.25, 10.75],
			"to": [14.5, 18.75, 11.25],
			"rotation": {"angle": 0, "axis": "y", "origin": [-0.5, 0, 0]},
			"faces": {
				"north": {"uv": [12, 3, 14, 3.5], "texture": "#2"},
				"east": {"uv": [15, 1, 15.5, 1.5], "texture": "#2"},
				"south": {"uv": [4, 12, 6, 12.5], "texture": "#2"},
				"west": {"uv": [2, 15, 2.5, 15.5], "texture": "#2"},
				"up": {"uv": [14, 4.5, 12, 4], "texture": "#2"},
				"down": {"uv": [14, 5, 12, 5.5], "texture": "#2"}
			}
		},
		{
			"from": [2.75, 17, 10.75],
			"to": [3.25, 20, 11.25],
			"rotation": {"angle": 0, "axis": "y", "origin": [-0.5, 0, 0]},
			"faces": {
				"north": {"uv": [1, 12, 1.5, 14], "texture": "#2"},
				"east": {"uv": [12, 1, 12.5, 3], "texture": "#2"},
				"south": {"uv": [2, 12, 2.5, 14], "texture": "#2"},
				"west": {"uv": [3, 12, 3.5, 14], "texture": "#2"},
				"up": {"uv": [15.5, 0.5, 15, 0], "texture": "#2"},
				"down": {"uv": [1.5, 15, 1, 15.5], "texture": "#2"}
			}
		}
	],
	"display": {
		"thirdperson_righthand": {
			"scale": [0.5, 0.5, 0.5]
		},
		"thirdperson_lefthand": {
			"scale": [0.5, 0.5, 0.5]
		},
		"firstperson_righthand": {
			"scale": [0.5, 0.5, 0.5]
		},
		"firstperson_lefthand": {
			"scale": [0.5, 0.5, 0.5]
		},
		"ground": {
			"scale": [0.5, 0.5, 0.5]
		},
		"gui": {
			"rotation": [27, -146, 0],
			"translation": [-0.25, -3, 0],
			"scale": [0.5, 0.5, 0.5]
		},
		"head": {
			"scale": [0.5, 0.5, 0.5]
		},
		"fixed": {
			"rotation": [-90, 0, 0],
			"translation": [0, 0, 18],
			"scale": [2, 2, 2]
		}
	},
	"groups": [
		{
			"name": "sink",
			"origin": [-8, 0, 0],
			"color": 0,
			"children": [0, 1, 2, 3, 4]
		},
		{
			"name": "bucket_sink",
			"origin": [8, 8, 8],
			"color": 0,
			"children": [
				{
					"name": "faucet 1a",
					"origin": [-0.5, 0, 0],
					"color": 0,
					"children": [5, 6, 7, 8, 9, 10, 11, 12, 13, 14, 15, 16, 17, 18, 19, 20]
				}
			]
		}
	]
}