{
	"credit": "Made with Blockbench",
	"texture_size": [16, 24],
	"textures": {
		"0": "block/dead_bush_cny",
		"3": "block/dead_bush_vase",
		"particle": "block/dead_bush_cny"
	},
	"elements": [
		{
			"from": [5, 0, 5],
			"to": [11, 8, 11],
			"rotation": {"angle": 0, "axis": "y", "origin": [13, 8, 13]},
			"faces": {
				"north": {"uv": [0, 0, 6, 8], "texture": "#3"},
				"east": {"uv": [0, 0, 6, 8], "texture": "#3"},
				"south": {"uv": [0, 0, 6, 8], "texture": "#3"},
				"west": {"uv": [0, 0, 6, 8], "texture": "#3"},
				"up": {"uv": [0, 8, 6, 14], "texture": "#3"},
				"down": {"uv": [0, 0, 6, 4], "texture": "#3"}
			}
		},
		{
			"from": [8, 8, 0],
			"to": [8, 32, 16],
			"rotation": {"angle": -45, "axis": "y", "origin": [8, 9, 8]},
			"faces": {
				"north": {"uv": [0, 0, 16, 16], "texture": "#0"},
				"east": {"uv": [0, 0, 16, 16], "texture": "#0"},
				"south": {"uv": [0, 0, 16, 16], "texture": "#0"},
				"west": {"uv": [0, 0, 16, 16], "texture": "#0"},
				"up": {"uv": [0, 0, 16, 16], "texture": "#0"},
				"down": {"uv": [0, 0, 16, 16], "texture": "#0"}
			}
		},
		{
			"from": [0, 8, 8],
			"to": [16, 32, 8],
			"rotation": {"angle": -45, "axis": "y", "origin": [8, 9, 8]},
			"faces": {
				"north": {"uv": [0, 0, 16, 16], "texture": "#0"},
				"east": {"uv": [0, 0, 16, 16], "texture": "#0"},
				"south": {"uv": [0, 0, 16, 16], "texture": "#0"},
				"west": {"uv": [0, 0, 16, 16], "texture": "#0"},
				"up": {"uv": [0, 0, 16, 16], "texture": "#0"},
				"down": {"uv": [0, 0, 16, 16], "texture": "#0"}
			}
		}
	],
	"display": {
		"thirdperson_righthand": {
			"scale": [0.5, 0.5, 0.5]
		},
		"thirdperson_lefthand": {
			"scale": [0.5, 0.5, 0.5]
		},
		"firstperson_righthand": {
			"translation": [0, -16, 0]
		},
		"firstperson_lefthand": {
			"translation": [0, -16, 0]
		},
		"ground": {
			"scale": [0.5, 0.5, 0.5]
		},
		"gui": {
			"rotation": [30, 45, 0],
			"translation": [0, -3, 0],
			"scale": [0.5, 0.5, 0.5]
		},
		"head": {
			"translation": [0, 14, 0]
		},
		"fixed": {
			"rotation": [-90, 0, 0],
			"translation": [0, 0, -14],
			"scale": [2, 2, 2]
		}
	},
	"groups": [0,
		{
			"name": "group",
			"origin": [12, 7, 16],
			"children": [1, 2]
		}
	]
}