{
	"credit": "Made with Blockbench",
	"textures": {
		"0": "block/red_lantern_black",
		"1": "block/red_lantern_side2",
		"2": "block/red_lantern_top1",
		"particle": "block/red_lantern_black"
	},
	"elements": [
		{
			"from": [4, 18, 4],
			"to": [12, 26, 12],
			"rotation": {"angle": 0, "axis": "y", "origin": [12, 26, 12]},
			"faces": {
				"north": {"uv": [2, 2, 10, 10], "texture": "#1"},
				"east": {"uv": [2, 2, 10, 10], "texture": "#1"},
				"south": {"uv": [2, 2, 10, 10], "texture": "#1"},
				"west": {"uv": [2, 2, 10, 10], "texture": "#1"},
				"up": {"uv": [2, 2, 10, 10], "texture": "#2"},
				"down": {"uv": [2, 2, 10, 10], "texture": "#2"}
			}
		},
		{
			"from": [4, 9, 4],
			"to": [12, 17, 12],
			"rotation": {"angle": 0, "axis": "y", "origin": [12, 17, 12]},
			"faces": {
				"north": {"uv": [2, 2, 10, 10], "texture": "#1"},
				"east": {"uv": [2, 2, 10, 10], "texture": "#1"},
				"south": {"uv": [2, 2, 10, 10], "texture": "#1"},
				"west": {"uv": [2, 2, 10, 10], "texture": "#1"},
				"up": {"uv": [2, 2, 10, 10], "texture": "#2"},
				"down": {"uv": [2, 2, 10, 10], "texture": "#2"}
			}
		},
		{
			"from": [4, 0, 4],
			"to": [12, 8, 12],
			"rotation": {"angle": 0, "axis": "y", "origin": [12, 8, 12]},
			"faces": {
				"north": {"uv": [2, 2, 10, 10], "texture": "#1"},
				"east": {"uv": [2, 2, 10, 10], "texture": "#1"},
				"south": {"uv": [2, 2, 10, 10], "texture": "#1"},
				"west": {"uv": [2, 2, 10, 10], "texture": "#1"},
				"up": {"uv": [2, 2, 10, 10], "texture": "#2"},
				"down": {"uv": [2, 2, 10, 10], "texture": "#2"}
			}
		},
		{
			"from": [6, 26, 6],
			"to": [10, 27, 10],
			"rotation": {"angle": 0, "axis": "y", "origin": [17, 34, 14]},
			"faces": {
				"north": {"uv": [8, 2, 12, 3], "texture": "#0"},
				"east": {"uv": [6, 2, 10, 3], "texture": "#0"},
				"south": {"uv": [6, 2, 10, 3], "texture": "#0"},
				"west": {"uv": [6, 2, 10, 3], "texture": "#0"},
				"up": {"uv": [6, 6, 10, 10], "texture": "#0"},
				"down": {"uv": [6, 6, 10, 10], "texture": "#0"}
			}
		},
		{
			"from": [6, 8, 6],
			"to": [10, 9, 10],
			"rotation": {"angle": 0, "axis": "y", "origin": [17, 16, 14]},
			"faces": {
				"north": {"uv": [8, 2, 12, 3], "texture": "#0"},
				"east": {"uv": [6, 2, 10, 3], "texture": "#0"},
				"south": {"uv": [6, 2, 10, 3], "texture": "#0"},
				"west": {"uv": [6, 2, 10, 3], "texture": "#0"},
				"up": {"uv": [6, 6, 10, 10], "texture": "#0"},
				"down": {"uv": [6, 6, 10, 10], "texture": "#0"}
			}
		},
		{
			"from": [6, -1, 6],
			"to": [10, 0, 10],
			"rotation": {"angle": 0, "axis": "y", "origin": [17, 7, 14]},
			"faces": {
				"north": {"uv": [8, 2, 12, 3], "texture": "#0"},
				"east": {"uv": [6, 2, 10, 3], "texture": "#0"},
				"south": {"uv": [6, 2, 10, 3], "texture": "#0"},
				"west": {"uv": [6, 2, 10, 3], "texture": "#0"},
				"up": {"uv": [6, 6, 10, 10], "texture": "#0"},
				"down": {"uv": [6, 6, 10, 10], "texture": "#0"}
			}
		},
		{
			"from": [6, 17, 6],
			"to": [10, 18, 10],
			"rotation": {"angle": 0, "axis": "y", "origin": [17, 25, 14]},
			"faces": {
				"north": {"uv": [8, 2, 12, 3], "texture": "#0"},
				"east": {"uv": [6, 2, 10, 3], "texture": "#0"},
				"south": {"uv": [6, 2, 10, 3], "texture": "#0"},
				"west": {"uv": [6, 2, 10, 3], "texture": "#0"},
				"up": {"uv": [6, 6, 10, 10], "texture": "#0"},
				"down": {"uv": [6, 6, 10, 10], "texture": "#0"}
			}
		}
	],
	"display": {
		"thirdperson_righthand": {
			"scale": [0.5, 0.5, 0.5]
		},
		"thirdperson_lefthand": {
			"scale": [0.5, 0.5, 0.5]
		},
		"firstperson_righthand": {
			"translation": [0, -16, 0]
		},
		"firstperson_lefthand": {
			"translation": [0, -16, 0]
		},
		"ground": {
			"scale": [0.5, 0.5, 0.5]
		},
		"gui": {
			"rotation": [30, 45, 0],
			"translation": [0, -2.5, 0],
			"scale": [0.5, 0.5, 0.5]
		},
		"fixed": {
			"rotation": [90, 0, 0],
			"translation": [0, 0, -36],
			"scale": [2, 2, 2]
		}
	}
}