{
	"credit": "Made with Blockbench",
	"texture_size": [32, 32],
	"textures": {
		"0": "block/crockery2"
	},
	"elements": [
		{
			"name": "plate2",
			"from": [5, 1.5, 5],
			"to": [11, 2.5, 11],
			"faces": {
				"north": {"uv": [9.03, 10.03, 11.97, 10.47], "texture": "#0"},
				"east": {"uv": [6.03, 10.03, 8.97, 10.47], "texture": "#0"},
				"south": {"uv": [3.03, 10.03, 5.97, 10.47], "texture": "#0"},
				"west": {"uv": [0.03, 10.03, 2.97, 10.47], "texture": "#0"},
				"up": {"uv": [5.97, 9.97, 3.03, 7.03], "texture": "#0"},
				"down": {"uv": [8.97, 7.03, 6.03, 9.97], "texture": "#0"}
			}
		},
		{
			"name": "plate2",
			"from": [3, 1.9, 5],
			"to": [5, 2.9, 11],
			"faces": {
				"north": {"uv": [3.03, 15.53, 3.97, 15.97], "texture": "#0"},
				"east": {"uv": [0.03, 15.53, 2.97, 15.97], "texture": "#0"},
				"south": {"uv": [7.03, 15.53, 7.97, 15.97], "texture": "#0"},
				"west": {"uv": [4.53, 15.53, 7.47, 15.97], "texture": "#0"},
				"up": {"uv": [3.97, 15.47, 3.03, 12.53], "rotation": 180, "texture": "#0"},
				"down": {"uv": [4.97, 12.53, 4.03, 15.47], "rotation": 180, "texture": "#0"}
			}
		},
		{
			"name": "plate2",
			"from": [3, 1.9, 11],
			"to": [13, 2.9, 13],
			"faces": {
				"north": {"uv": [5.03, 12.03, 9.97, 12.47], "texture": "#0"},
				"east": {"uv": [4.03, 12.03, 4.97, 12.47], "texture": "#0"},
				"south": {"uv": [11.03, 12.03, 15.97, 12.47], "texture": "#0"},
				"west": {"uv": [10.03, 12.03, 10.97, 12.47], "texture": "#0"},
				"up": {"uv": [9.97, 11.97, 5.03, 11.03], "rotation": 180, "texture": "#0"},
				"down": {"uv": [14.97, 11.03, 10.03, 11.97], "rotation": 180, "texture": "#0"}
			}
		},
		{
			"name": "plate2",
			"from": [11, 1.9, 5],
			"to": [13, 2.9, 11],
			"faces": {
				"north": {"uv": [7.03, 15.53, 7.97, 15.97], "texture": "#0"},
				"east": {"uv": [4.53, 15.53, 7.47, 15.97], "texture": "#0"},
				"south": {"uv": [3.03, 15.53, 3.97, 15.97], "texture": "#0"},
				"west": {"uv": [0.03, 15.53, 2.97, 15.97], "texture": "#0"},
				"up": {"uv": [3.97, 15.47, 3.03, 12.53], "texture": "#0"},
				"down": {"uv": [4.97, 12.53, 4.03, 15.47], "texture": "#0"}
			}
		},
		{
			"name": "plate2",
			"from": [3, 1.9, 3],
			"to": [13, 2.9, 5],
			"faces": {
				"north": {"uv": [11.03, 12.03, 15.97, 12.47], "texture": "#0"},
				"east": {"uv": [10.03, 12.03, 10.97, 12.47], "texture": "#0"},
				"south": {"uv": [5.03, 12.03, 9.97, 12.47], "texture": "#0"},
				"west": {"uv": [4.03, 12.03, 4.97, 12.47], "texture": "#0"},
				"up": {"uv": [9.97, 11.97, 5.03, 11.03], "texture": "#0"},
				"down": {"uv": [14.97, 11.03, 10.03, 11.97], "texture": "#0"}
			}
		},
		{
			"name": "plate3",
			"from": [5, 3, 5],
			"to": [11, 4, 11],
			"faces": {
				"north": {"uv": [9.03, 10.03, 11.97, 10.47], "texture": "#0"},
				"east": {"uv": [6.03, 10.03, 8.97, 10.47], "texture": "#0"},
				"south": {"uv": [3.03, 10.03, 5.97, 10.47], "texture": "#0"},
				"west": {"uv": [0.03, 10.03, 2.97, 10.47], "texture": "#0"},
				"up": {"uv": [5.97, 9.97, 3.03, 7.03], "texture": "#0"},
				"down": {"uv": [8.97, 7.03, 6.03, 9.97], "texture": "#0"}
			}
		},
		{
			"name": "plate3",
			"from": [3, 3.4, 5],
			"to": [5, 4.4, 11],
			"faces": {
				"north": {"uv": [3.03, 15.53, 3.97, 15.97], "texture": "#0"},
				"east": {"uv": [0.03, 15.53, 2.97, 15.97], "texture": "#0"},
				"south": {"uv": [7.03, 15.53, 7.97, 15.97], "texture": "#0"},
				"west": {"uv": [4.53, 15.53, 7.47, 15.97], "texture": "#0"},
				"up": {"uv": [3.97, 15.47, 3.03, 12.53], "rotation": 180, "texture": "#0"},
				"down": {"uv": [4.97, 12.53, 4.03, 15.47], "rotation": 180, "texture": "#0"}
			}
		},
		{
			"name": "plate3",
			"from": [3, 3.4, 11],
			"to": [13, 4.4, 13],
			"faces": {
				"north": {"uv": [5.03, 12.03, 9.97, 12.47], "texture": "#0"},
				"east": {"uv": [4.03, 12.03, 4.97, 12.47], "texture": "#0"},
				"south": {"uv": [11.03, 12.03, 15.97, 12.47], "texture": "#0"},
				"west": {"uv": [10.03, 12.03, 10.97, 12.47], "texture": "#0"},
				"up": {"uv": [9.97, 11.97, 5.03, 11.03], "rotation": 180, "texture": "#0"},
				"down": {"uv": [14.97, 11.03, 10.03, 11.97], "rotation": 180, "texture": "#0"}
			}
		},
		{
			"name": "plate3",
			"from": [11, 3.4, 5],
			"to": [13, 4.4, 11],
			"faces": {
				"north": {"uv": [7.03, 15.53, 7.97, 15.97], "texture": "#0"},
				"east": {"uv": [4.53, 15.53, 7.47, 15.97], "texture": "#0"},
				"south": {"uv": [3.03, 15.53, 3.97, 15.97], "texture": "#0"},
				"west": {"uv": [0.03, 15.53, 2.97, 15.97], "texture": "#0"},
				"up": {"uv": [3.97, 15.47, 3.03, 12.53], "texture": "#0"},
				"down": {"uv": [4.97, 12.53, 4.03, 15.47], "texture": "#0"}
			}
		},
		{
			"name": "plate3",
			"from": [3, 3.4, 3],
			"to": [13, 4.4, 5],
			"faces": {
				"north": {"uv": [11.03, 12.03, 15.97, 12.47], "texture": "#0"},
				"east": {"uv": [10.03, 12.03, 10.97, 12.47], "texture": "#0"},
				"south": {"uv": [5.03, 12.03, 9.97, 12.47], "texture": "#0"},
				"west": {"uv": [4.03, 12.03, 4.97, 12.47], "texture": "#0"},
				"up": {"uv": [9.97, 11.97, 5.03, 11.03], "texture": "#0"},
				"down": {"uv": [14.97, 11.03, 10.03, 11.97], "texture": "#0"}
			}
		},
		{
			"name": "plate",
			"from": [5, 0, 5],
			"to": [11, 1, 11],
			"faces": {
				"north": {"uv": [9.03, 10.03, 11.97, 10.47], "texture": "#0"},
				"east": {"uv": [6.03, 10.03, 8.97, 10.47], "texture": "#0"},
				"south": {"uv": [3.03, 10.03, 5.97, 10.47], "texture": "#0"},
				"west": {"uv": [0.03, 10.03, 2.97, 10.47], "texture": "#0"},
				"up": {"uv": [5.97, 9.97, 3.03, 7.03], "texture": "#0"},
				"down": {"uv": [8.97, 7.03, 6.03, 9.97], "texture": "#0"}
			}
		},
		{
			"name": "plate",
			"from": [3, 0.4, 11],
			"to": [13, 1.4, 13],
			"faces": {
				"north": {"uv": [5.03, 12.03, 9.97, 12.47], "texture": "#0"},
				"east": {"uv": [4.03, 12.03, 4.97, 12.47], "texture": "#0"},
				"south": {"uv": [11.03, 12.03, 15.97, 12.47], "texture": "#0"},
				"west": {"uv": [10.03, 12.03, 10.97, 12.47], "texture": "#0"},
				"up": {"uv": [9.97, 11.97, 5.03, 11.03], "rotation": 180, "texture": "#0"},
				"down": {"uv": [14.97, 11.03, 10.03, 11.97], "rotation": 180, "texture": "#0"}
			}
		},
		{
			"name": "plate",
			"from": [3, 0.4, 5],
			"to": [5, 1.4, 11],
			"faces": {
				"north": {"uv": [3.03, 15.53, 3.97, 15.97], "texture": "#0"},
				"east": {"uv": [0.03, 15.53, 2.97, 15.97], "texture": "#0"},
				"south": {"uv": [7.03, 15.53, 7.97, 15.97], "texture": "#0"},
				"west": {"uv": [4.53, 15.53, 7.47, 15.97], "texture": "#0"},
				"up": {"uv": [3.97, 15.47, 3.03, 12.53], "rotation": 180, "texture": "#0"},
				"down": {"uv": [4.97, 12.53, 4.03, 15.47], "rotation": 180, "texture": "#0"}
			}
		},
		{
			"name": "plate",
			"from": [3, 0.4, 3],
			"to": [13, 1.4, 5],
			"faces": {
				"north": {"uv": [11.03, 12.03, 15.97, 12.47], "texture": "#0"},
				"east": {"uv": [10.03, 12.03, 10.97, 12.47], "texture": "#0"},
				"south": {"uv": [5.03, 12.03, 9.97, 12.47], "texture": "#0"},
				"west": {"uv": [4.03, 12.03, 4.97, 12.47], "texture": "#0"},
				"up": {"uv": [9.97, 11.97, 5.03, 11.03], "texture": "#0"},
				"down": {"uv": [14.97, 11.03, 10.03, 11.97], "texture": "#0"}
			}
		},
		{
			"name": "plate",
			"from": [11, 0.4, 5],
			"to": [13, 1.4, 11],
			"faces": {
				"north": {"uv": [7.03, 15.53, 7.97, 15.97], "texture": "#0"},
				"east": {"uv": [4.53, 15.53, 7.47, 15.97], "texture": "#0"},
				"south": {"uv": [3.03, 15.53, 3.97, 15.97], "texture": "#0"},
				"west": {"uv": [0.03, 15.53, 2.97, 15.97], "texture": "#0"},
				"up": {"uv": [3.97, 15.47, 3.03, 12.53], "texture": "#0"},
				"down": {"uv": [4.97, 12.53, 4.03, 15.47], "texture": "#0"}
			}
		},
		{
			"name": "mini",
			"from": [6, 4.5, 6],
			"to": [7, 5.5, 9],
			"faces": {
				"north": {"uv": [3.53, 4.03, 3.97, 4.47], "texture": "#0"},
				"east": {"uv": [2.03, 4.03, 3.47, 4.47], "texture": "#0"},
				"south": {"uv": [1.53, 4.03, 1.97, 4.47], "texture": "#0"},
				"west": {"uv": [0.03, 4.03, 1.47, 4.47], "texture": "#0"},
				"up": {"uv": [1.97, 3.97, 1.53, 2.53], "texture": "#0"},
				"down": {"uv": [2.47, 2.53, 2.03, 3.97], "texture": "#0"}
			}
		},
		{
			"name": "mini",
			"from": [6, 4.5, 9],
			"to": [11, 5.5, 10],
			"faces": {
				"north": {"uv": [0.53, 1.53, 2.97, 1.97], "texture": "#0"},
				"east": {"uv": [0.03, 1.53, 0.47, 1.97], "texture": "#0"},
				"south": {"uv": [3.53, 1.53, 5.97, 1.97], "texture": "#0"},
				"west": {"uv": [3.03, 1.53, 3.47, 1.97], "texture": "#0"},
				"up": {"uv": [2.97, 1.47, 0.53, 1.03], "rotation": 180, "texture": "#0"},
				"down": {"uv": [5.47, 1.03, 3.03, 1.47], "rotation": 180, "texture": "#0"}
			}
		},
		{
			"name": "mini",
			"from": [7, 4.1, 6],
			"to": [10, 5.1, 9],
			"faces": {
				"north": {"uv": [4.53, 6.53, 5.97, 6.97], "texture": "#0"},
				"east": {"uv": [3.03, 6.53, 4.47, 6.97], "texture": "#0"},
				"south": {"uv": [1.53, 6.53, 2.97, 6.97], "texture": "#0"},
				"west": {"uv": [0.03, 6.53, 1.47, 6.97], "texture": "#0"},
				"up": {"uv": [2.97, 6.47, 1.53, 5.03], "texture": "#0"},
				"down": {"uv": [4.47, 5.03, 3.03, 6.47], "texture": "#0"}
			}
		},
		{
			"name": "mini",
			"from": [10, 4.5, 6],
			"to": [11, 5.5, 9],
			"faces": {
				"north": {"uv": [3.53, 4.03, 3.97, 4.47], "texture": "#0"},
				"east": {"uv": [2.03, 4.03, 3.47, 4.47], "texture": "#0"},
				"south": {"uv": [1.53, 4.03, 1.97, 4.47], "texture": "#0"},
				"west": {"uv": [0.03, 4.03, 1.47, 4.47], "texture": "#0"},
				"up": {"uv": [1.97, 3.97, 1.53, 2.53], "texture": "#0"},
				"down": {"uv": [2.47, 2.53, 2.03, 3.97], "texture": "#0"}
			}
		},
		{
			"name": "mini",
			"from": [6, 4.5, 5],
			"to": [11, 5.5, 6],
			"faces": {
				"north": {"uv": [0.53, 1.53, 2.97, 1.97], "texture": "#0"},
				"east": {"uv": [0.03, 1.53, 0.47, 1.97], "texture": "#0"},
				"south": {"uv": [3.53, 1.53, 5.97, 1.97], "texture": "#0"},
				"west": {"uv": [3.03, 1.53, 3.47, 1.97], "texture": "#0"},
				"up": {"uv": [2.97, 1.47, 0.53, 1.03], "rotation": 180, "texture": "#0"},
				"down": {"uv": [5.47, 1.03, 3.03, 1.47], "rotation": 180, "texture": "#0"}
			}
		}
	],
	"display": {
		"thirdperson_righthand": {
			"rotation": [70, 0, 0],
			"translation": [-5.75, 4.25, 7.25]
		},
		"firstperson_righthand": {
			"translation": [-9.25, 3.25, 0]
		},
		"gui": {
			"rotation": [30.26, 47.82, 0],
			"translation": [0, 5, 0]
		},
		"fixed": {
			"rotation": [-90, 0, 0],
			"translation": [0, 0, -15],
			"scale": [2, 2, 2]
		}
	},
	"groups": [
		{
			"name": "plate2",
			"origin": [0, 1.5, 0],
			"color": 0,
			"children": [0, 1, 2, 3, 4]
		},
		{
			"name": "plate3",
			"origin": [0, 3, 0],
			"color": 1,
			"children": [5, 6, 7, 8, 9]
		},
		{
			"name": "plate",
			"origin": [0, 0, 0],
			"color": 2,
			"children": [10, 11, 12, 13, 14]
		},
		{
			"name": "mini",
			"origin": [0, 0.1, -1],
			"color": 3,
			"children": [15, 16, 17, 18, 19]
		}
	]
}