{
	"credit": "Made with Blockbench",
	"ambientocclusion": false,
	"textures": {
		"1": "block/bowl1a",
		"2": "block/bowl1",
		"particle": "block/bowl1"
	},
	"elements": [
		{
			"from": [11.5, 1, 4.5],
			"to": [12.5, 4, 11.5],
			"rotation": {"angle": 0, "axis": "y", "origin": [2.5, 0, -1]},
			"faces": {
				"north": {"uv": [0.06, 0.06, -0.06, -0.06], "texture": "#2"},
				"east": {"uv": [9.06, 0.06, 15.94, 2.94], "texture": "#2"},
				"south": {"uv": [0.06, 0.06, -0.06, -0.06], "texture": "#2"},
				"west": {"uv": [9.06, 0.06, 15.94, 2.94], "texture": "#2"},
				"up": {"uv": [9.06, 2.06, 15.94, 2.94], "rotation": 90, "texture": "#2"},
				"down": {"uv": [9.06, 2.06, 15.94, 2.94], "rotation": 90, "texture": "#2"}
			}
		},
		{
			"from": [3.5, 1, 4.5],
			"to": [4.5, 4, 11.5],
			"rotation": {"angle": 0, "axis": "y", "origin": [2.5, 0, -1]},
			"faces": {
				"north": {"uv": [0.06, 0.06, -0.06, -0.06], "texture": "#2"},
				"east": {"uv": [9.06, 0.06, 15.94, 2.94], "texture": "#2"},
				"south": {"uv": [0.06, 0.06, -0.06, -0.06], "texture": "#2"},
				"west": {"uv": [9.06, 0.06, 15.94, 2.94], "texture": "#2"},
				"up": {"uv": [9.06, 2.06, 15.94, 2.94], "rotation": 90, "texture": "#2"},
				"down": {"uv": [9.06, 2.06, 15.94, 2.94], "rotation": 90, "texture": "#2"}
			}
		},
		{
			"from": [3.5, 1, 11.5],
			"to": [12.5, 4, 12.5],
			"rotation": {"angle": 0, "axis": "y", "origin": [2.5, 0, -1]},
			"faces": {
				"north": {"uv": [7.06, 4.06, 15.94, 6.94], "texture": "#2"},
				"east": {"uv": [7.06, 4.06, 7.94, 6.94], "texture": "#2"},
				"south": {"uv": [7.06, 4.06, 15.94, 6.94], "texture": "#2"},
				"west": {"uv": [15.06, 4.06, 15.94, 6.94], "texture": "#2"},
				"up": {"uv": [7.06, 6.06, 15.94, 6.94], "texture": "#2"},
				"down": {"uv": [7.06, 6.06, 15.94, 6.94], "texture": "#2"}
			}
		},
		{
			"from": [3.5, 1, 3.5],
			"to": [12.5, 4, 4.5],
			"rotation": {"angle": 0, "axis": "y", "origin": [2.5, 0, -1]},
			"faces": {
				"north": {"uv": [7.06, 4.06, 15.94, 6.94], "texture": "#2"},
				"east": {"uv": [15.06, 4.06, 15.94, 6.94], "texture": "#2"},
				"south": {"uv": [7.06, 4.06, 15.94, 6.94], "texture": "#2"},
				"west": {"uv": [7.06, 4.06, 7.94, 6.94], "texture": "#2"},
				"up": {"uv": [7.06, 6.06, 15.94, 6.94], "texture": "#2"},
				"down": {"uv": [7.06, 6.06, 15.94, 6.94], "texture": "#2"}
			}
		},
		{
			"from": [4.5, 0, 4.5],
			"to": [11.5, 1, 11.5],
			"rotation": {"angle": 0, "axis": "y", "origin": [2.5, 0, -1]},
			"faces": {
				"north": {"uv": [0.06, 5.06, 5.94, 5.94], "texture": "#2"},
				"east": {"uv": [0.06, 5.06, 5.94, 5.94], "texture": "#2"},
				"south": {"uv": [0.06, 5.06, 5.94, 5.94], "texture": "#2"},
				"west": {"uv": [0.06, 5.06, 5.94, 5.94], "texture": "#2"},
				"up": {"uv": [0.06, 0.06, 5.94, 5.94], "texture": "#2"},
				"down": {"uv": [0.06, 0.06, 5.94, 5.94], "texture": "#2"}
			}
		},
		{
			"from": [10.48262, 3.64148, 5.27],
			"to": [11.26262, 5.98148, 10.73],
			"rotation": {"angle": -22.5, "axis": "z", "origin": [7.75262, 4.49948, 8]},
			"faces": {
				"north": {"uv": [0.06, 0.06, -0.06, -0.06], "texture": "#1"},
				"east": {"uv": [9.06, 0.06, 15.94, 2.94], "texture": "#1"},
				"south": {"uv": [0.06, 0.06, -0.06, -0.06], "texture": "#1"},
				"west": {"uv": [9.06, 0.06, 15.94, 2.94], "texture": "#1"},
				"up": {"uv": [9.06, 2.06, 15.94, 2.94], "rotation": 90, "texture": "#1"},
				"down": {"uv": [9.06, 2.06, 15.94, 2.94], "rotation": 90, "texture": "#1"}
			}
		},
		{
			"from": [4.24262, 3.64148, 5.27],
			"to": [5.02262, 5.98148, 10.73],
			"rotation": {"angle": -22.5, "axis": "z", "origin": [7.75262, 4.49948, 8]},
			"faces": {
				"north": {"uv": [0.06, 0.06, -0.06, -0.06], "texture": "#1"},
				"east": {"uv": [9.06, 0.06, 15.94, 2.94], "texture": "#1"},
				"south": {"uv": [0.06, 0.06, -0.06, -0.06], "texture": "#1"},
				"west": {"uv": [9.06, 0.06, 15.94, 2.94], "texture": "#1"},
				"up": {"uv": [9.06, 2.06, 15.94, 2.94], "rotation": 90, "texture": "#1"},
				"down": {"uv": [9.06, 2.06, 15.94, 2.94], "rotation": 90, "texture": "#1"}
			}
		},
		{
			"from": [4.24262, 3.64148, 10.73],
			"to": [11.26262, 5.98148, 11.51],
			"rotation": {"angle": -22.5, "axis": "z", "origin": [7.75262, 4.49948, 8]},
			"faces": {
				"north": {"uv": [7.06, 4.06, 15.94, 6.94], "texture": "#1"},
				"east": {"uv": [7.06, 4.06, 7.94, 6.94], "texture": "#1"},
				"south": {"uv": [7.06, 4.06, 15.94, 6.94], "texture": "#1"},
				"west": {"uv": [15.06, 4.06, 15.94, 6.94], "texture": "#1"},
				"up": {"uv": [7.06, 6.06, 15.94, 6.94], "texture": "#1"},
				"down": {"uv": [7.06, 6.06, 15.94, 6.94], "texture": "#1"}
			}
		},
		{
			"from": [4.24262, 3.64148, 4.49],
			"to": [11.26262, 5.98148, 5.27],
			"rotation": {"angle": -22.5, "axis": "z", "origin": [7.75262, 4.49948, 8]},
			"faces": {
				"north": {"uv": [7.06, 4.06, 15.94, 6.94], "texture": "#1"},
				"east": {"uv": [15.06, 4.06, 15.94, 6.94], "texture": "#1"},
				"south": {"uv": [7.06, 4.06, 15.94, 6.94], "texture": "#1"},
				"west": {"uv": [7.06, 4.06, 7.94, 6.94], "texture": "#1"},
				"up": {"uv": [7.06, 6.06, 15.94, 6.94], "texture": "#1"},
				"down": {"uv": [7.06, 6.06, 15.94, 6.94], "texture": "#1"}
			}
		},
		{
			"from": [5.02262, 2.86148, 5.27],
			"to": [10.48262, 3.64148, 10.73],
			"rotation": {"angle": -22.5, "axis": "z", "origin": [7.75262, 4.49948, 8]},
			"faces": {
				"north": {"uv": [0.06, 5.06, 5.94, 5.94], "texture": "#1"},
				"east": {"uv": [0.06, 5.06, 5.94, 5.94], "texture": "#1"},
				"south": {"uv": [0.06, 5.06, 5.94, 5.94], "texture": "#1"},
				"west": {"uv": [0.06, 5.06, 5.94, 5.94], "texture": "#1"},
				"up": {"uv": [0.06, 0.06, 5.94, 5.94], "texture": "#1"},
				"down": {"uv": [0.06, 0.06, 5.94, 5.94], "texture": "#1"}
			}
		}
	],
	"display": {
		"thirdperson_righthand": {
			"rotation": [70, 0, 0],
			"translation": [-6, 5, 6.25]
		},
		"firstperson_righthand": {
			"translation": [-8.25, 3.25, 0]
		},
		"ground": {
			"translation": [0, 4, 0]
		},
		"gui": {
			"rotation": [24, 24, 0],
			"translation": [0, 4, 0]
		},
		"fixed": {
			"rotation": [-90, 0, 0],
			"translation": [0, 0, -15],
			"scale": [2, 2, 2]
		}
	},
	"groups": [
		{
			"name": "bowl stack",
			"origin": [8, 8, 8],
			"color": 0,
			"children": [
				{
					"name": "bowl",
					"origin": [8, 8, 8],
					"color": 0,
					"children": [0, 1, 2, 3, 4]
				},
				{
					"name": "bowl",
					"origin": [8, 8, 8],
					"color": 0,
					"children": [5, 6, 7, 8, 9]
				}
			]
		}
	]
}