{
	"credit": "Made with Blockbench",
	"textures": {
		"1": "block/bowl1",
		"2": "block/bowl1a",
		"7": "block/plate1",
		"particle": "block/bowl1"
	},
	"elements": [
		{
			"name": "plate",
			"from": [14.4, 2.25, 5],
			"to": [15.4, 8.25, 11],
			"rotation": {"angle": 0, "axis": "z", "origin": [7.18, 0, 8]},
			"faces": {
				"north": {"uv": [3.03, 10.03, 5.97, 10.47], "rotation": 90, "texture": "#7"},
				"east": {"uv": [8.97, 7.03, 6.03, 9.97], "rotation": 270, "texture": "#7"},
				"south": {"uv": [9.03, 10.03, 11.97, 10.47], "rotation": 270, "texture": "#7"},
				"west": {"uv": [5.97, 9.97, 3.03, 7.03], "rotation": 270, "texture": "#7"},
				"up": {"uv": [0.03, 10.03, 2.97, 10.47], "rotation": 270, "texture": "#7"},
				"down": {"uv": [6.03, 10.03, 8.97, 10.47], "rotation": 270, "texture": "#7"}
			}
		},
		{
			"name": "plate",
			"from": [14, 8.25, 5],
			"to": [15, 10.25, 11],
			"rotation": {"angle": 0, "axis": "z", "origin": [7.18, 0, 8]},
			"faces": {
				"north": {"uv": [7.03, 15.53, 7.97, 15.97], "rotation": 90, "texture": "#7"},
				"east": {"uv": [4.97, 12.53, 4.03, 15.47], "rotation": 90, "texture": "#7"},
				"south": {"uv": [3.03, 15.53, 3.97, 15.97], "rotation": 270, "texture": "#7"},
				"west": {"uv": [3.97, 15.47, 3.03, 12.53], "rotation": 90, "texture": "#7"},
				"up": {"uv": [4.03, 15.53, 6.97, 15.97], "rotation": 270, "texture": "#7"},
				"down": {"uv": [0.03, 15.53, 2.97, 15.97], "rotation": 270, "texture": "#7"}
			}
		},
		{
			"name": "plate",
			"from": [14, 0.25, 3],
			"to": [15, 10.25, 5],
			"rotation": {"angle": 0, "axis": "z", "origin": [7.18, 0, 8]},
			"faces": {
				"north": {"uv": [11.03, 12.03, 15.97, 12.47], "rotation": 90, "texture": "#7"},
				"east": {"uv": [14.97, 11.03, 10.03, 11.97], "rotation": 90, "texture": "#7"},
				"south": {"uv": [5.03, 12.03, 9.97, 12.47], "rotation": 270, "texture": "#7"},
				"west": {"uv": [9.97, 11.97, 5.03, 11.03], "rotation": 90, "texture": "#7"},
				"up": {"uv": [10.03, 12.03, 10.97, 12.47], "rotation": 270, "texture": "#7"},
				"down": {"uv": [4.03, 12.03, 4.97, 12.47], "rotation": 270, "texture": "#7"}
			}
		},
		{
			"name": "plate",
			"from": [14, 0.25, 5],
			"to": [15, 2.25, 11],
			"rotation": {"angle": 0, "axis": "z", "origin": [7.18, 0, 8]},
			"faces": {
				"north": {"uv": [3.03, 15.53, 3.97, 15.97], "rotation": 90, "texture": "#7"},
				"east": {"uv": [4.97, 12.53, 4.03, 15.47], "rotation": 270, "texture": "#7"},
				"south": {"uv": [7.03, 15.53, 7.97, 15.97], "rotation": 270, "texture": "#7"},
				"west": {"uv": [3.97, 15.47, 3.03, 12.53], "rotation": 270, "texture": "#7"},
				"up": {"uv": [0.03, 15.53, 2.97, 15.97], "rotation": 270, "texture": "#7"},
				"down": {"uv": [4.03, 15.53, 6.97, 15.97], "rotation": 270, "texture": "#7"}
			}
		},
		{
			"name": "plate",
			"from": [14, 0.25, 11],
			"to": [15, 10.25, 13],
			"rotation": {"angle": 0, "axis": "z", "origin": [7.18, 0, 8]},
			"faces": {
				"north": {"uv": [5.03, 12.03, 9.97, 12.47], "rotation": 90, "texture": "#7"},
				"east": {"uv": [14.97, 11.03, 10.03, 11.97], "rotation": 270, "texture": "#7"},
				"south": {"uv": [11.03, 12.03, 15.97, 12.47], "rotation": 270, "texture": "#7"},
				"west": {"uv": [9.97, 11.97, 5.03, 11.03], "rotation": 270, "texture": "#7"},
				"up": {"uv": [4.03, 12.03, 4.97, 12.47], "rotation": 270, "texture": "#7"},
				"down": {"uv": [10.03, 12.03, 10.97, 12.47], "rotation": 270, "texture": "#7"}
			}
		},
		{
			"name": "plate",
			"from": [12.75, 2.25, 5],
			"to": [13.75, 8.25, 11],
			"rotation": {"angle": 0, "axis": "z", "origin": [7.18, 0, 8]},
			"faces": {
				"north": {"uv": [3.03, 10.03, 5.97, 10.47], "rotation": 90, "texture": "#7"},
				"east": {"uv": [8.97, 7.03, 6.03, 9.97], "rotation": 270, "texture": "#7"},
				"south": {"uv": [9.03, 10.03, 11.97, 10.47], "rotation": 270, "texture": "#7"},
				"west": {"uv": [5.97, 9.97, 3.03, 7.03], "rotation": 270, "texture": "#7"},
				"up": {"uv": [0.03, 10.03, 2.97, 10.47], "rotation": 270, "texture": "#7"},
				"down": {"uv": [6.03, 10.03, 8.97, 10.47], "rotation": 270, "texture": "#7"}
			}
		},
		{
			"name": "plate",
			"from": [12.35, 8.25, 5],
			"to": [13.35, 10.25, 11],
			"rotation": {"angle": 0, "axis": "z", "origin": [7.18, 0, 8]},
			"faces": {
				"north": {"uv": [7.03, 15.53, 7.97, 15.97], "rotation": 90, "texture": "#7"},
				"east": {"uv": [4.97, 12.53, 4.03, 15.47], "rotation": 90, "texture": "#7"},
				"south": {"uv": [3.03, 15.53, 3.97, 15.97], "rotation": 270, "texture": "#7"},
				"west": {"uv": [3.97, 15.47, 3.03, 12.53], "rotation": 90, "texture": "#7"},
				"up": {"uv": [4.03, 15.53, 6.97, 15.97], "rotation": 270, "texture": "#7"},
				"down": {"uv": [0.03, 15.53, 2.97, 15.97], "rotation": 270, "texture": "#7"}
			}
		},
		{
			"name": "plate",
			"from": [12.35, 0.25, 3],
			"to": [13.35, 10.25, 5],
			"rotation": {"angle": 0, "axis": "z", "origin": [7.18, 0, 8]},
			"faces": {
				"north": {"uv": [11.03, 12.03, 15.97, 12.47], "rotation": 90, "texture": "#7"},
				"east": {"uv": [14.97, 11.03, 10.03, 11.97], "rotation": 90, "texture": "#7"},
				"south": {"uv": [5.03, 12.03, 9.97, 12.47], "rotation": 270, "texture": "#7"},
				"west": {"uv": [9.97, 11.97, 5.03, 11.03], "rotation": 90, "texture": "#7"},
				"up": {"uv": [10.03, 12.03, 10.97, 12.47], "rotation": 270, "texture": "#7"},
				"down": {"uv": [4.03, 12.03, 4.97, 12.47], "rotation": 270, "texture": "#7"}
			}
		},
		{
			"name": "plate",
			"from": [12.35, 0.25, 5],
			"to": [13.35, 2.25, 11],
			"rotation": {"angle": 0, "axis": "z", "origin": [7.18, 0, 8]},
			"faces": {
				"north": {"uv": [3.03, 15.53, 3.97, 15.97], "rotation": 90, "texture": "#7"},
				"east": {"uv": [4.97, 12.53, 4.03, 15.47], "rotation": 270, "texture": "#7"},
				"south": {"uv": [7.03, 15.53, 7.97, 15.97], "rotation": 270, "texture": "#7"},
				"west": {"uv": [3.97, 15.47, 3.03, 12.53], "rotation": 270, "texture": "#7"},
				"up": {"uv": [0.03, 15.53, 2.97, 15.97], "rotation": 270, "texture": "#7"},
				"down": {"uv": [4.03, 15.53, 6.97, 15.97], "rotation": 270, "texture": "#7"}
			}
		},
		{
			"name": "plate",
			"from": [12.35, 0.25, 11],
			"to": [13.35, 10.25, 13],
			"rotation": {"angle": 0, "axis": "z", "origin": [7.18, 0, 8]},
			"faces": {
				"north": {"uv": [5.03, 12.03, 9.97, 12.47], "rotation": 90, "texture": "#7"},
				"east": {"uv": [14.97, 11.03, 10.03, 11.97], "rotation": 270, "texture": "#7"},
				"south": {"uv": [11.03, 12.03, 15.97, 12.47], "rotation": 270, "texture": "#7"},
				"west": {"uv": [9.97, 11.97, 5.03, 11.03], "rotation": 270, "texture": "#7"},
				"up": {"uv": [4.03, 12.03, 4.97, 12.47], "rotation": 270, "texture": "#7"},
				"down": {"uv": [10.03, 12.03, 10.97, 12.47], "rotation": 270, "texture": "#7"}
			}
		},
		{
			"name": "plate",
			"from": [11.1, 2.25, 5],
			"to": [12.1, 8.25, 11],
			"rotation": {"angle": 0, "axis": "z", "origin": [7.18, 0, 8]},
			"faces": {
				"north": {"uv": [3.03, 10.03, 5.97, 10.47], "rotation": 90, "texture": "#7"},
				"east": {"uv": [8.97, 7.03, 6.03, 9.97], "rotation": 270, "texture": "#7"},
				"south": {"uv": [9.03, 10.03, 11.97, 10.47], "rotation": 270, "texture": "#7"},
				"west": {"uv": [5.97, 9.97, 3.03, 7.03], "rotation": 270, "texture": "#7"},
				"up": {"uv": [0.03, 10.03, 2.97, 10.47], "rotation": 270, "texture": "#7"},
				"down": {"uv": [6.03, 10.03, 8.97, 10.47], "rotation": 270, "texture": "#7"}
			}
		},
		{
			"name": "plate",
			"from": [10.7, 8.25, 5],
			"to": [11.7, 10.25, 11],
			"rotation": {"angle": 0, "axis": "z", "origin": [7.18, 0, 8]},
			"faces": {
				"north": {"uv": [7.03, 15.53, 7.97, 15.97], "rotation": 90, "texture": "#7"},
				"east": {"uv": [4.97, 12.53, 4.03, 15.47], "rotation": 90, "texture": "#7"},
				"south": {"uv": [3.03, 15.53, 3.97, 15.97], "rotation": 270, "texture": "#7"},
				"west": {"uv": [3.97, 15.47, 3.03, 12.53], "rotation": 90, "texture": "#7"},
				"up": {"uv": [4.03, 15.53, 6.97, 15.97], "rotation": 270, "texture": "#7"},
				"down": {"uv": [0.03, 15.53, 2.97, 15.97], "rotation": 270, "texture": "#7"}
			}
		},
		{
			"name": "plate",
			"from": [10.7, 0.25, 3],
			"to": [11.7, 10.25, 5],
			"rotation": {"angle": 0, "axis": "z", "origin": [7.18, 0, 8]},
			"faces": {
				"north": {"uv": [11.03, 12.03, 15.97, 12.47], "rotation": 90, "texture": "#7"},
				"east": {"uv": [14.97, 11.03, 10.03, 11.97], "rotation": 90, "texture": "#7"},
				"south": {"uv": [5.03, 12.03, 9.97, 12.47], "rotation": 270, "texture": "#7"},
				"west": {"uv": [9.97, 11.97, 5.03, 11.03], "rotation": 90, "texture": "#7"},
				"up": {"uv": [10.03, 12.03, 10.97, 12.47], "rotation": 270, "texture": "#7"},
				"down": {"uv": [4.03, 12.03, 4.97, 12.47], "rotation": 270, "texture": "#7"}
			}
		},
		{
			"name": "plate",
			"from": [10.7, 0.25, 5],
			"to": [11.7, 2.25, 11],
			"rotation": {"angle": 0, "axis": "z", "origin": [7.18, 0, 8]},
			"faces": {
				"north": {"uv": [3.03, 15.53, 3.97, 15.97], "rotation": 90, "texture": "#7"},
				"east": {"uv": [4.97, 12.53, 4.03, 15.47], "rotation": 270, "texture": "#7"},
				"south": {"uv": [7.03, 15.53, 7.97, 15.97], "rotation": 270, "texture": "#7"},
				"west": {"uv": [3.97, 15.47, 3.03, 12.53], "rotation": 270, "texture": "#7"},
				"up": {"uv": [0.03, 15.53, 2.97, 15.97], "rotation": 270, "texture": "#7"},
				"down": {"uv": [4.03, 15.53, 6.97, 15.97], "rotation": 270, "texture": "#7"}
			}
		},
		{
			"name": "plate",
			"from": [10.7, 0.25, 11],
			"to": [11.7, 10.25, 13],
			"rotation": {"angle": 0, "axis": "z", "origin": [7.18, 0, 8]},
			"faces": {
				"north": {"uv": [5.03, 12.03, 9.97, 12.47], "rotation": 90, "texture": "#7"},
				"east": {"uv": [14.97, 11.03, 10.03, 11.97], "rotation": 270, "texture": "#7"},
				"south": {"uv": [11.03, 12.03, 15.97, 12.47], "rotation": 270, "texture": "#7"},
				"west": {"uv": [9.97, 11.97, 5.03, 11.03], "rotation": 270, "texture": "#7"},
				"up": {"uv": [4.03, 12.03, 4.97, 12.47], "rotation": 270, "texture": "#7"},
				"down": {"uv": [10.03, 12.03, 10.97, 12.47], "rotation": 270, "texture": "#7"}
			}
		},
		{
			"from": [4.6, 7.8, 4.5],
			"to": [7.6, 8.8, 11.5],
			"rotation": {"angle": -22.5, "axis": "z", "origin": [8, 1.8, 8]},
			"faces": {
				"north": {"uv": [0.06, 0.06, -0.06, -0.06], "rotation": 90, "texture": "#1"},
				"east": {"uv": [9.06, 2.06, 15.94, 2.94], "texture": "#1"},
				"south": {"uv": [0.06, 0.06, -0.06, -0.06], "rotation": 270, "texture": "#1"},
				"west": {"uv": [9.06, 2.06, 15.94, 2.94], "texture": "#1"},
				"up": {"uv": [9.06, 0.06, 15.94, 2.94], "rotation": 270, "texture": "#1"},
				"down": {"uv": [9.06, 0.06, 15.94, 2.94], "rotation": 270, "texture": "#1"}
			}
		},
		{
			"from": [4.6, -0.2, 4.5],
			"to": [7.6, 0.8, 11.5],
			"rotation": {"angle": -22.5, "axis": "z", "origin": [8, 1.8, 8]},
			"faces": {
				"north": {"uv": [0.06, 0.06, -0.06, -0.06], "rotation": 90, "texture": "#1"},
				"east": {"uv": [9.06, 2.06, 15.94, 2.94], "texture": "#1"},
				"south": {"uv": [0.06, 0.06, -0.06, -0.06], "rotation": 270, "texture": "#1"},
				"west": {"uv": [9.06, 2.06, 15.94, 2.94], "texture": "#1"},
				"up": {"uv": [9.06, 0.06, 15.94, 2.94], "rotation": 270, "texture": "#1"},
				"down": {"uv": [9.06, 0.06, 15.94, 2.94], "rotation": 270, "texture": "#1"}
			}
		},
		{
			"from": [4.6, -0.2, 11.5],
			"to": [7.6, 8.8, 12.5],
			"rotation": {"angle": -22.5, "axis": "z", "origin": [8, 1.8, 8]},
			"faces": {
				"north": {"uv": [7.06, 4.06, 15.94, 6.94], "rotation": 90, "texture": "#1"},
				"east": {"uv": [7.06, 6.06, 15.94, 6.94], "rotation": 270, "texture": "#1"},
				"south": {"uv": [7.06, 4.06, 15.94, 6.94], "rotation": 270, "texture": "#1"},
				"west": {"uv": [7.06, 6.06, 15.94, 6.94], "rotation": 270, "texture": "#1"},
				"up": {"uv": [7.06, 4.06, 7.94, 6.94], "rotation": 270, "texture": "#1"},
				"down": {"uv": [15.06, 4.06, 15.94, 6.94], "rotation": 270, "texture": "#1"}
			}
		},
		{
			"from": [4.6, -0.2, 3.5],
			"to": [7.6, 8.8, 4.5],
			"rotation": {"angle": -22.5, "axis": "z", "origin": [8, 1.8, 8]},
			"faces": {
				"north": {"uv": [7.06, 4.06, 15.94, 6.94], "rotation": 90, "texture": "#1"},
				"east": {"uv": [7.06, 6.06, 15.94, 6.94], "rotation": 270, "texture": "#1"},
				"south": {"uv": [7.06, 4.06, 15.94, 6.94], "rotation": 270, "texture": "#1"},
				"west": {"uv": [7.06, 6.06, 15.94, 6.94], "rotation": 270, "texture": "#1"},
				"up": {"uv": [15.06, 4.06, 15.94, 6.94], "rotation": 270, "texture": "#1"},
				"down": {"uv": [7.06, 4.06, 7.94, 6.94], "rotation": 270, "texture": "#1"}
			}
		},
		{
			"from": [7.6, 0.8, 4.5],
			"to": [8.6, 7.8, 11.5],
			"rotation": {"angle": -22.5, "axis": "z", "origin": [8, 1.8, 8]},
			"faces": {
				"north": {"uv": [0.06, 5.06, 5.94, 5.94], "rotation": 90, "texture": "#1"},
				"east": {"uv": [0.06, 0.06, 5.94, 5.94], "rotation": 270, "texture": "#1"},
				"south": {"uv": [0.06, 5.06, 5.94, 5.94], "rotation": 270, "texture": "#1"},
				"west": {"uv": [0.06, 0.06, 5.94, 5.94], "rotation": 270, "texture": "#1"},
				"up": {"uv": [0.06, 5.06, 5.94, 5.94], "rotation": 270, "texture": "#1"},
				"down": {"uv": [0.06, 5.06, 5.94, 5.94], "rotation": 270, "texture": "#1"}
			}
		},
		{
			"from": [6.15442, 2.48463, 5.27],
			"to": [6.93442, 4.82463, 10.73],
			"rotation": {"angle": 45, "axis": "z", "origin": [3.67442, 3.59263, 8]},
			"faces": {
				"north": {"uv": [0.06, 0.06, -0.06, -0.06], "texture": "#2"},
				"east": {"uv": [9.06, 0.06, 15.94, 2.94], "texture": "#2"},
				"south": {"uv": [0.06, 0.06, -0.06, -0.06], "texture": "#2"},
				"west": {"uv": [9.06, 0.06, 15.94, 2.94], "texture": "#2"},
				"up": {"uv": [9.06, 2.06, 15.94, 2.94], "rotation": 90, "texture": "#2"},
				"down": {"uv": [9.06, 2.06, 15.94, 2.94], "rotation": 90, "texture": "#2"}
			}
		},
		{
			"from": [-0.08558, 2.48463, 5.27],
			"to": [0.69442, 4.82463, 10.73],
			"rotation": {"angle": 45, "axis": "z", "origin": [3.67442, 3.59263, 8]},
			"faces": {
				"north": {"uv": [0.06, 0.06, -0.06, -0.06], "texture": "#2"},
				"east": {"uv": [9.06, 0.06, 15.94, 2.94], "texture": "#2"},
				"south": {"uv": [0.06, 0.06, -0.06, -0.06], "texture": "#2"},
				"west": {"uv": [9.06, 0.06, 15.94, 2.94], "texture": "#2"},
				"up": {"uv": [9.06, 2.06, 15.94, 2.94], "rotation": 90, "texture": "#2"},
				"down": {"uv": [9.06, 2.06, 15.94, 2.94], "rotation": 90, "texture": "#2"}
			}
		},
		{
			"from": [-0.08558, 2.48463, 10.73],
			"to": [6.93442, 4.82463, 11.51],
			"rotation": {"angle": 45, "axis": "z", "origin": [3.67442, 3.59263, 8]},
			"faces": {
				"north": {"uv": [7.06, 4.06, 15.94, 6.94], "texture": "#2"},
				"east": {"uv": [7.06, 4.06, 7.94, 6.94], "texture": "#2"},
				"south": {"uv": [7.06, 4.06, 15.94, 6.94], "texture": "#2"},
				"west": {"uv": [15.06, 4.06, 15.94, 6.94], "texture": "#2"},
				"up": {"uv": [7.06, 6.06, 15.94, 6.94], "texture": "#2"},
				"down": {"uv": [7.06, 6.06, 15.94, 6.94], "texture": "#2"}
			}
		},
		{
			"from": [-0.08558, 2.48463, 4.49],
			"to": [6.93442, 4.82463, 5.27],
			"rotation": {"angle": 45, "axis": "z", "origin": [3.67442, 3.59263, 8]},
			"faces": {
				"north": {"uv": [7.06, 4.06, 15.94, 6.94], "texture": "#2"},
				"east": {"uv": [15.06, 4.06, 15.94, 6.94], "texture": "#2"},
				"south": {"uv": [7.06, 4.06, 15.94, 6.94], "texture": "#2"},
				"west": {"uv": [7.06, 4.06, 7.94, 6.94], "texture": "#2"},
				"up": {"uv": [7.06, 6.06, 15.94, 6.94], "texture": "#2"},
				"down": {"uv": [7.06, 6.06, 15.94, 6.94], "texture": "#2"}
			}
		},
		{
			"from": [0.69442, 1.70463, 5.27],
			"to": [6.15442, 2.48463, 10.73],
			"rotation": {"angle": 45, "axis": "z", "origin": [3.67442, 3.59263, 8]},
			"faces": {
				"north": {"uv": [0.06, 5.06, 5.94, 5.94], "texture": "#2"},
				"east": {"uv": [0.06, 5.06, 5.94, 5.94], "texture": "#2"},
				"south": {"uv": [0.06, 5.06, 5.94, 5.94], "texture": "#2"},
				"west": {"uv": [0.06, 5.06, 5.94, 5.94], "texture": "#2"},
				"up": {"uv": [0.06, 0.06, 5.94, 5.94], "texture": "#2"},
				"down": {"uv": [0.06, 0.06, 5.94, 5.94], "texture": "#2"}
			}
		}
	],
	"display": {
		"thirdperson_righthand": {
			"rotation": [70, 0, 0],
			"translation": [-6.25, 4, 5.75]
		},
		"firstperson_righthand": {
			"rotation": [-2.41, 5.4, -1.65],
			"translation": [-11.25, 1.5, -2]
		},
		"ground": {
			"translation": [0, 4, 0]
		},
		"gui": {
			"rotation": [24, 24, 0],
			"translation": [0, 2, 0]
		},
		"fixed": {
			"rotation": [-90, 0, 0],
			"translation": [0, 0, -15],
			"scale": [2, 2, 2]
		}
	},
	"groups": [
		{
			"name": "plate",
			"origin": [0, 0, 0],
			"color": 0,
			"children": [0, 1, 2, 3, 4]
		},
		{
			"name": "plate",
			"origin": [0, 0, 0],
			"color": 0,
			"children": [5, 6, 7, 8, 9]
		},
		{
			"name": "plate",
			"origin": [0, 0, 0],
			"color": 0,
			"children": [10, 11, 12, 13, 14]
		},
		{
			"name": "bowl stack",
			"origin": [8, 8, 8],
			"color": 0,
			"children": [
				{
					"name": "bowl",
					"origin": [8, 8, 8],
					"color": 0,
					"children": [15, 16, 17, 18, 19]
				},
				{
					"name": "bowl",
					"origin": [8, 8, 8],
					"color": 0,
					"children": [20, 21, 22, 23, 24]
				}
			]
		}
	]
}