{
	"credit": "Made with Blockbench",
	"textures": {
		"0": "block/crockery2",
		"1": "block/jarwhite1",
		"2": "block/Hananacraft archive/lunchbox_contents",
		"3": "block/Hananacraft archive/white_wool_teatowel",
		"particle": "block/jarwhite1"
	},
	"elements": [
		{
			"name": "plate2",
			"from": [8, 1.5, 5],
			"to": [14, 2.5, 11],
			"faces": {
				"north": {"uv": [9.03, 10.03, 11.97, 10.47], "texture": "#0"},
				"east": {"uv": [6.03, 10.03, 8.97, 10.47], "texture": "#0"},
				"south": {"uv": [3.03, 10.03, 5.97, 10.47], "texture": "#0"},
				"west": {"uv": [0.03, 10.03, 2.97, 10.47], "texture": "#0"},
				"up": {"uv": [5.97, 9.97, 3.03, 7.03], "texture": "#0"},
				"down": {"uv": [8.97, 7.03, 6.03, 9.97], "texture": "#0"}
			}
		},
		{
			"name": "plate2",
			"from": [6, 1.9, 5],
			"to": [8, 2.9, 11],
			"faces": {
				"north": {"uv": [3.03, 15.53, 3.97, 15.97], "texture": "#0"},
				"east": {"uv": [0.03, 15.53, 2.97, 15.97], "texture": "#0"},
				"south": {"uv": [7.03, 15.53, 7.97, 15.97], "texture": "#0"},
				"west": {"uv": [4.53, 15.53, 7.47, 15.97], "texture": "#0"},
				"up": {"uv": [3.97, 15.47, 3.03, 12.53], "rotation": 180, "texture": "#0"},
				"down": {"uv": [4.97, 12.53, 4.03, 15.47], "rotation": 180, "texture": "#0"}
			}
		},
		{
			"name": "plate2",
			"from": [6, 1.9, 11],
			"to": [16, 2.9, 13],
			"faces": {
				"north": {"uv": [5.03, 12.03, 9.97, 12.47], "texture": "#0"},
				"east": {"uv": [4.03, 12.03, 4.97, 12.47], "texture": "#0"},
				"south": {"uv": [11.03, 12.03, 15.97, 12.47], "texture": "#0"},
				"west": {"uv": [10.03, 12.03, 10.97, 12.47], "texture": "#0"},
				"up": {"uv": [9.97, 11.97, 5.03, 11.03], "rotation": 180, "texture": "#0"},
				"down": {"uv": [14.97, 11.03, 10.03, 11.97], "rotation": 180, "texture": "#0"}
			}
		},
		{
			"name": "plate2",
			"from": [14, 1.9, 5],
			"to": [16, 2.9, 11],
			"faces": {
				"north": {"uv": [7.03, 15.53, 7.97, 15.97], "texture": "#0"},
				"east": {"uv": [4.53, 15.53, 7.47, 15.97], "texture": "#0"},
				"south": {"uv": [3.03, 15.53, 3.97, 15.97], "texture": "#0"},
				"west": {"uv": [0.03, 15.53, 2.97, 15.97], "texture": "#0"},
				"up": {"uv": [3.97, 15.47, 3.03, 12.53], "texture": "#0"},
				"down": {"uv": [4.97, 12.53, 4.03, 15.47], "texture": "#0"}
			}
		},
		{
			"name": "plate2",
			"from": [6, 1.9, 3],
			"to": [16, 2.9, 5],
			"faces": {
				"north": {"uv": [11.03, 12.03, 15.97, 12.47], "texture": "#0"},
				"east": {"uv": [10.03, 12.03, 10.97, 12.47], "texture": "#0"},
				"south": {"uv": [5.03, 12.03, 9.97, 12.47], "texture": "#0"},
				"west": {"uv": [4.03, 12.03, 4.97, 12.47], "texture": "#0"},
				"up": {"uv": [9.97, 11.97, 5.03, 11.03], "texture": "#0"},
				"down": {"uv": [14.97, 11.03, 10.03, 11.97], "texture": "#0"}
			}
		},
		{
			"name": "plate3",
			"from": [8, 3, 5],
			"to": [14, 4, 11],
			"faces": {
				"north": {"uv": [9.03, 10.03, 11.97, 10.47], "texture": "#0"},
				"east": {"uv": [6.03, 10.03, 8.97, 10.47], "texture": "#0"},
				"south": {"uv": [3.03, 10.03, 5.97, 10.47], "texture": "#0"},
				"west": {"uv": [0.03, 10.03, 2.97, 10.47], "texture": "#0"},
				"up": {"uv": [5.97, 9.97, 3.03, 7.03], "texture": "#0"},
				"down": {"uv": [8.97, 7.03, 6.03, 9.97], "texture": "#0"}
			}
		},
		{
			"name": "plate3",
			"from": [6, 3.4, 5],
			"to": [8, 4.4, 11],
			"faces": {
				"north": {"uv": [3.03, 15.53, 3.97, 15.97], "texture": "#0"},
				"east": {"uv": [0.03, 15.53, 2.97, 15.97], "texture": "#0"},
				"south": {"uv": [7.03, 15.53, 7.97, 15.97], "texture": "#0"},
				"west": {"uv": [4.53, 15.53, 7.47, 15.97], "texture": "#0"},
				"up": {"uv": [3.97, 15.47, 3.03, 12.53], "rotation": 180, "texture": "#0"},
				"down": {"uv": [4.97, 12.53, 4.03, 15.47], "rotation": 180, "texture": "#0"}
			}
		},
		{
			"name": "plate3",
			"from": [6, 3.4, 11],
			"to": [16, 4.4, 13],
			"faces": {
				"north": {"uv": [5.03, 12.03, 9.97, 12.47], "texture": "#0"},
				"east": {"uv": [4.03, 12.03, 4.97, 12.47], "texture": "#0"},
				"south": {"uv": [11.03, 12.03, 15.97, 12.47], "texture": "#0"},
				"west": {"uv": [10.03, 12.03, 10.97, 12.47], "texture": "#0"},
				"up": {"uv": [9.97, 11.97, 5.03, 11.03], "rotation": 180, "texture": "#0"},
				"down": {"uv": [14.97, 11.03, 10.03, 11.97], "rotation": 180, "texture": "#0"}
			}
		},
		{
			"name": "plate3",
			"from": [14, 3.4, 5],
			"to": [16, 4.4, 11],
			"faces": {
				"north": {"uv": [7.03, 15.53, 7.97, 15.97], "texture": "#0"},
				"east": {"uv": [4.53, 15.53, 7.47, 15.97], "texture": "#0"},
				"south": {"uv": [3.03, 15.53, 3.97, 15.97], "texture": "#0"},
				"west": {"uv": [0.03, 15.53, 2.97, 15.97], "texture": "#0"},
				"up": {"uv": [3.97, 15.47, 3.03, 12.53], "texture": "#0"},
				"down": {"uv": [4.97, 12.53, 4.03, 15.47], "texture": "#0"}
			}
		},
		{
			"name": "plate3",
			"from": [6, 3.4, 3],
			"to": [16, 4.4, 5],
			"faces": {
				"north": {"uv": [11.03, 12.03, 15.97, 12.47], "texture": "#0"},
				"east": {"uv": [10.03, 12.03, 10.97, 12.47], "texture": "#0"},
				"south": {"uv": [5.03, 12.03, 9.97, 12.47], "texture": "#0"},
				"west": {"uv": [4.03, 12.03, 4.97, 12.47], "texture": "#0"},
				"up": {"uv": [9.97, 11.97, 5.03, 11.03], "texture": "#0"},
				"down": {"uv": [14.97, 11.03, 10.03, 11.97], "texture": "#0"}
			}
		},
		{
			"name": "plate",
			"from": [8, 0, 5],
			"to": [14, 1, 11],
			"faces": {
				"north": {"uv": [9.03, 10.03, 11.97, 10.47], "texture": "#0"},
				"east": {"uv": [6.03, 10.03, 8.97, 10.47], "texture": "#0"},
				"south": {"uv": [3.03, 10.03, 5.97, 10.47], "texture": "#0"},
				"west": {"uv": [0.03, 10.03, 2.97, 10.47], "texture": "#0"},
				"up": {"uv": [5.97, 9.97, 3.03, 7.03], "texture": "#0"},
				"down": {"uv": [8.97, 7.03, 6.03, 9.97], "texture": "#0"}
			}
		},
		{
			"name": "plate",
			"from": [6, 0.4, 11],
			"to": [16, 1.4, 13],
			"faces": {
				"north": {"uv": [5.03, 12.03, 9.97, 12.47], "texture": "#0"},
				"east": {"uv": [4.03, 12.03, 4.97, 12.47], "texture": "#0"},
				"south": {"uv": [11.03, 12.03, 15.97, 12.47], "texture": "#0"},
				"west": {"uv": [10.03, 12.03, 10.97, 12.47], "texture": "#0"},
				"up": {"uv": [9.97, 11.97, 5.03, 11.03], "rotation": 180, "texture": "#0"},
				"down": {"uv": [14.97, 11.03, 10.03, 11.97], "rotation": 180, "texture": "#0"}
			}
		},
		{
			"name": "plate",
			"from": [6, 0.4, 5],
			"to": [8, 1.4, 11],
			"faces": {
				"north": {"uv": [3.03, 15.53, 3.97, 15.97], "texture": "#0"},
				"east": {"uv": [0.03, 15.53, 2.97, 15.97], "texture": "#0"},
				"south": {"uv": [7.03, 15.53, 7.97, 15.97], "texture": "#0"},
				"west": {"uv": [4.53, 15.53, 7.47, 15.97], "texture": "#0"},
				"up": {"uv": [3.97, 15.47, 3.03, 12.53], "rotation": 180, "texture": "#0"},
				"down": {"uv": [4.97, 12.53, 4.03, 15.47], "rotation": 180, "texture": "#0"}
			}
		},
		{
			"name": "plate",
			"from": [6, 0.4, 3],
			"to": [16, 1.4, 5],
			"faces": {
				"north": {"uv": [11.03, 12.03, 15.97, 12.47], "texture": "#0"},
				"east": {"uv": [10.03, 12.03, 10.97, 12.47], "texture": "#0"},
				"south": {"uv": [5.03, 12.03, 9.97, 12.47], "texture": "#0"},
				"west": {"uv": [4.03, 12.03, 4.97, 12.47], "texture": "#0"},
				"up": {"uv": [9.97, 11.97, 5.03, 11.03], "texture": "#0"},
				"down": {"uv": [14.97, 11.03, 10.03, 11.97], "texture": "#0"}
			}
		},
		{
			"name": "plate",
			"from": [14, 0.4, 5],
			"to": [16, 1.4, 11],
			"faces": {
				"north": {"uv": [7.03, 15.53, 7.97, 15.97], "texture": "#0"},
				"east": {"uv": [4.53, 15.53, 7.47, 15.97], "texture": "#0"},
				"south": {"uv": [3.03, 15.53, 3.97, 15.97], "texture": "#0"},
				"west": {"uv": [0.03, 15.53, 2.97, 15.97], "texture": "#0"},
				"up": {"uv": [3.97, 15.47, 3.03, 12.53], "texture": "#0"},
				"down": {"uv": [4.97, 12.53, 4.03, 15.47], "texture": "#0"}
			}
		},
		{
			"name": "mini",
			"from": [9, 4.5, 6],
			"to": [10, 5.5, 9],
			"faces": {
				"north": {"uv": [3.53, 4.03, 3.97, 4.47], "texture": "#0"},
				"east": {"uv": [2.03, 4.03, 3.47, 4.47], "texture": "#0"},
				"south": {"uv": [1.53, 4.03, 1.97, 4.47], "texture": "#0"},
				"west": {"uv": [0.03, 4.03, 1.47, 4.47], "texture": "#0"},
				"up": {"uv": [1.97, 3.97, 1.53, 2.53], "texture": "#0"},
				"down": {"uv": [2.47, 2.53, 2.03, 3.97], "texture": "#0"}
			}
		},
		{
			"name": "mini",
			"from": [9, 4.5, 9],
			"to": [14, 5.5, 10],
			"faces": {
				"north": {"uv": [0.53, 1.53, 2.97, 1.97], "texture": "#0"},
				"east": {"uv": [0.03, 1.53, 0.47, 1.97], "texture": "#0"},
				"south": {"uv": [3.53, 1.53, 5.97, 1.97], "texture": "#0"},
				"west": {"uv": [3.03, 1.53, 3.47, 1.97], "texture": "#0"},
				"up": {"uv": [2.97, 1.47, 0.53, 1.03], "rotation": 180, "texture": "#0"},
				"down": {"uv": [5.47, 1.03, 3.03, 1.47], "rotation": 180, "texture": "#0"}
			}
		},
		{
			"name": "mini",
			"from": [10, 4.1, 6],
			"to": [13, 5.1, 9],
			"faces": {
				"north": {"uv": [4.53, 6.53, 5.97, 6.97], "texture": "#0"},
				"east": {"uv": [3.03, 6.53, 4.47, 6.97], "texture": "#0"},
				"south": {"uv": [1.53, 6.53, 2.97, 6.97], "texture": "#0"},
				"west": {"uv": [0.03, 6.53, 1.47, 6.97], "texture": "#0"},
				"up": {"uv": [2.97, 6.47, 1.53, 5.03], "texture": "#0"},
				"down": {"uv": [4.47, 5.03, 3.03, 6.47], "texture": "#0"}
			}
		},
		{
			"name": "mini",
			"from": [13, 4.5, 6],
			"to": [14, 5.5, 9],
			"faces": {
				"north": {"uv": [3.53, 4.03, 3.97, 4.47], "texture": "#0"},
				"east": {"uv": [2.03, 4.03, 3.47, 4.47], "texture": "#0"},
				"south": {"uv": [1.53, 4.03, 1.97, 4.47], "texture": "#0"},
				"west": {"uv": [0.03, 4.03, 1.47, 4.47], "texture": "#0"},
				"up": {"uv": [1.97, 3.97, 1.53, 2.53], "texture": "#0"},
				"down": {"uv": [2.47, 2.53, 2.03, 3.97], "texture": "#0"}
			}
		},
		{
			"name": "mini",
			"from": [9, 4.5, 5],
			"to": [14, 5.5, 6],
			"faces": {
				"north": {"uv": [0.53, 1.53, 2.97, 1.97], "texture": "#0"},
				"east": {"uv": [0.03, 1.53, 0.47, 1.97], "texture": "#0"},
				"south": {"uv": [3.53, 1.53, 5.97, 1.97], "texture": "#0"},
				"west": {"uv": [3.03, 1.53, 3.47, 1.97], "texture": "#0"},
				"up": {"uv": [2.97, 1.47, 0.53, 1.03], "rotation": 180, "texture": "#0"},
				"down": {"uv": [5.47, 1.03, 3.03, 1.47], "rotation": 180, "texture": "#0"}
			}
		},
		{
			"from": [0.5, 0, 1.5],
			"to": [5.5, 4, 6.5],
			"rotation": {"angle": 0, "axis": "y", "origin": [6, 5.03125, 6]},
			"faces": {
				"north": {"uv": [10.032, 12.032, 14.968, 15.968], "texture": "#1"},
				"east": {"uv": [10.032, 12.032, 14.968, 15.968], "texture": "#1"},
				"south": {"uv": [10.032, 12.032, 14.968, 15.968], "texture": "#1"},
				"west": {"uv": [10.032, 12.032, 14.968, 15.968], "texture": "#1"},
				"up": {"uv": [11.032, 0.032, 15.968, 4.968], "texture": "#1"},
				"down": {"uv": [3.032, 10.032, 7.968, 14.968], "texture": "#1"}
			}
		},
		{
			"from": [4.5, 4.75, 1.5],
			"to": [5.5, 5.75, 6.5],
			"rotation": {"angle": 0, "axis": "y", "origin": [6, 5.03125, 6]},
			"faces": {
				"north": {"uv": [11.032, 0.032, 11.968, 0.968], "texture": "#1"},
				"east": {"uv": [11.032, 0.032, 15.968, 0.968], "texture": "#1"},
				"south": {"uv": [15.032, 0.032, 15.968, 0.968], "texture": "#1"},
				"west": {"uv": [10.032, 12.032, 14.968, 12.968], "texture": "#1"},
				"up": {"uv": [11.032, 0.032, 11.968, 4.968], "texture": "#1"},
				"down": {"uv": [10.032, 12.032, 14.968, 16.968], "texture": "#1"}
			}
		},
		{
			"from": [1.5, 4.75, 1.5],
			"to": [4.5, 5.75, 2.5],
			"rotation": {"angle": 0, "axis": "y", "origin": [6, 5.03125, 6]},
			"faces": {
				"north": {"uv": [12.032, 0.032, 14.968, 0.968], "texture": "#1"},
				"east": {"uv": [10.032, 12.032, 14.968, 12.968], "texture": "#1"},
				"south": {"uv": [12.032, 0.032, 14.968, 0.968], "texture": "#1"},
				"west": {"uv": [10.032, 12.032, 14.968, 12.968], "texture": "#1"},
				"up": {"uv": [12.032, 0.032, 14.968, 0.968], "texture": "#1"},
				"down": {"uv": [10.032, 12.032, 14.968, 16.968], "texture": "#1"}
			}
		},
		{
			"from": [1.5, 4.75, 5.5],
			"to": [4.5, 5.75, 6.5],
			"rotation": {"angle": 0, "axis": "y", "origin": [6, 5.03125, 6]},
			"faces": {
				"north": {"uv": [12.032, 0.032, 14.968, 0.968], "texture": "#1"},
				"east": {"uv": [10.032, 12.032, 14.968, 12.968], "texture": "#1"},
				"south": {"uv": [12.032, 0.032, 14.968, 0.968], "texture": "#1"},
				"west": {"uv": [10.032, 12.032, 14.968, 12.968], "texture": "#1"},
				"up": {"uv": [12.032, 0.032, 14.968, 0.968], "texture": "#1"},
				"down": {"uv": [10.032, 12.032, 14.968, 16.968], "texture": "#1"}
			}
		},
		{
			"from": [0.5, 4.75, 1.5],
			"to": [1.5, 5.75, 6.5],
			"rotation": {"angle": 0, "axis": "y", "origin": [6, 5.03125, 6]},
			"faces": {
				"north": {"uv": [15.032, 0.032, 15.968, 0.968], "texture": "#1"},
				"east": {"uv": [10.032, 12.032, 14.968, 12.968], "texture": "#1"},
				"south": {"uv": [11.032, 0.032, 11.968, 0.968], "texture": "#1"},
				"west": {"uv": [11.032, 4.032, 15.968, 4.968], "texture": "#1"},
				"up": {"uv": [15.032, 0.032, 15.968, 4.968], "texture": "#1"},
				"down": {"uv": [15.032, 0.032, 15.968, 4.968], "texture": "#1"}
			}
		},
		{
			"from": [1, 3.75, 2],
			"to": [5, 4.75, 6],
			"rotation": {"angle": 0, "axis": "y", "origin": [6, 5.03125, 6]},
			"faces": {
				"north": {"uv": [10.032, 15.032, 13.968, 15.968], "texture": "#1"},
				"east": {"uv": [10.032, 15.032, 13.968, 15.968], "texture": "#1"},
				"south": {"uv": [10.032, 15.032, 13.968, 15.968], "texture": "#1"},
				"west": {"uv": [10.032, 15.032, 13.968, 15.968], "texture": "#1"},
				"up": {"uv": [12.032, 1.032, 14.968, 3.968], "texture": "#1"},
				"down": {"uv": [10.032, 15.032, 13.968, 15.968], "texture": "#1"}
			}
		},
		{
			"from": [0, 0.65, 8],
			"to": [6, 1.65, 14],
			"rotation": {"angle": 0, "axis": "x", "origin": [6.5, 4.5, -1]},
			"faces": {
				"north": {"uv": [0.032, 0.032, 5.968, 0.968], "rotation": 180, "texture": "#2"},
				"east": {"uv": [0.032, 0.032, 0.968, 5.968], "rotation": 90, "texture": "#2"},
				"south": {"uv": [0.032, 0.032, 5.968, 0.968], "texture": "#2"},
				"west": {"uv": [0.032, 0.032, 0.968, 5.968], "rotation": 270, "texture": "#2"},
				"up": {"uv": [0.032, 0.032, 5.968, 5.968], "texture": "#2"},
				"down": {"uv": [0.032, 0.032, 5.968, 5.968], "rotation": 180, "texture": "#2"}
			}
		},
		{
			"from": [0.75, 0.05, 8.75],
			"to": [5.25, 1.05, 13.25],
			"rotation": {"angle": 0, "axis": "x", "origin": [6.5, 4.5, -1]},
			"faces": {
				"north": {"uv": [1.032, 1.032, 5, 1.968], "texture": "#2"},
				"east": {"uv": [1.032, 1.032, 5, 1.968], "texture": "#2"},
				"south": {"uv": [1.032, 1.032, 5, 1.968], "texture": "#2"},
				"west": {"uv": [1.032, 1.032, 5, 1.968], "texture": "#2"},
				"up": {"uv": [1.032, 1.032, 5, 1.968], "texture": "#2"},
				"down": {"uv": [1.032, 1.032, 5, 4.968], "texture": "#2"}
			}
		},
		{
			"from": [0, 2.35, 8],
			"to": [6, 3.35, 14],
			"rotation": {"angle": 0, "axis": "x", "origin": [6.5, 4.5, -1]},
			"faces": {
				"north": {"uv": [0.032, 0.032, 5.968, 0.968], "rotation": 180, "texture": "#2"},
				"east": {"uv": [0.032, 0.032, 0.968, 5.968], "rotation": 90, "texture": "#2"},
				"south": {"uv": [0.032, 0.032, 5.968, 0.968], "texture": "#2"},
				"west": {"uv": [0.032, 0.032, 0.968, 5.968], "rotation": 270, "texture": "#2"},
				"up": {"uv": [0.032, 0.032, 5.968, 5.968], "texture": "#2"},
				"down": {"uv": [0.032, 0.032, 5.968, 5.968], "rotation": 180, "texture": "#2"}
			}
		},
		{
			"from": [0.75, 1.75, 8.75],
			"to": [5.25, 2.75, 13.25],
			"rotation": {"angle": 0, "axis": "x", "origin": [6.5, 4.5, -1]},
			"faces": {
				"north": {"uv": [1.032, 1.032, 5, 1.968], "texture": "#2"},
				"east": {"uv": [1.032, 1.032, 5, 1.968], "texture": "#2"},
				"south": {"uv": [1.032, 1.032, 5, 1.968], "texture": "#2"},
				"west": {"uv": [1.032, 1.032, 5, 1.968], "texture": "#2"},
				"up": {"uv": [1.032, 1.032, 5, 1.968], "texture": "#2"},
				"down": {"uv": [1.032, 1.032, 5, 4.968], "texture": "#2"}
			}
		},
		{
			"from": [3, 0.25, 6],
			"to": [13, 0.25, 15],
			"rotation": {"angle": -22.5, "axis": "y", "origin": [9.5, 0.25, 10.5]},
			"faces": {
				"up": {"uv": [6, 0, 16, 9], "texture": "#3"},
				"down": {"uv": [6, 0, 16, 9], "texture": "#3"}
			}
		}
	],
	"display": {
		"thirdperson_righthand": {
			"rotation": [70, -180, 0],
			"translation": [-5.75, 4.25, 7.25]
		},
		"firstperson_righthand": {
			"translation": [-9.25, 3.25, 0]
		},
		"ground": {
			"translation": [0, 4, 0]
		},
		"gui": {
			"rotation": [30.26, 47.82, 0],
			"translation": [0, 5, 0]
		},
		"fixed": {
			"rotation": [-90, 0, 0],
			"translation": [0, 0, -15],
			"scale": [2, 2, 2]
		}
	},
	"groups": [
		{
			"name": "plate2",
			"origin": [0, 1.5, 0],
			"color": 0,
			"children": [0, 1, 2, 3, 4]
		},
		{
			"name": "plate3",
			"origin": [0, 3, 0],
			"color": 1,
			"children": [5, 6, 7, 8, 9]
		},
		{
			"name": "plate",
			"origin": [0, 0, 0],
			"color": 2,
			"children": [10, 11, 12, 13, 14]
		},
		{
			"name": "mini",
			"origin": [0, 0.1, -1],
			"color": 3,
			"children": [15, 16, 17, 18, 19]
		},
		{
			"name": "white jar",
			"origin": [0, 0, 0],
			"color": 0,
			"children": [20, 21, 22, 23, 24, 25]
		},
		{
			"name": "plate mini",
			"origin": [6.5, 4.5, -1],
			"color": 0,
			"children": [26, 27]
		},
		{
			"name": "plate mini",
			"origin": [6.5, 4.5, -1],
			"color": 0,
			"children": [28, 29]
		},
		30
	]
}