{
	"credit": "Made with Blockbench",
	"textures": {
		"0": "block/plate1",
		"1": "block/glass1",
		"particle": "block/glass1"
	},
	"elements": [
		{
			"name": "plate2",
			"from": [7.25, 2.07, 0.08],
			"to": [13.25, 8.07, 1.08],
			"rotation": {"angle": 0, "axis": "y", "origin": [10.25, 2.07, 7]},
			"faces": {
				"north": {"uv": [8.97, 7.03, 6.03, 9.97], "rotation": 180, "texture": "#0"},
				"east": {"uv": [6.03, 10.03, 8.97, 10.47], "rotation": 270, "texture": "#0"},
				"south": {"uv": [5.97, 9.97, 3.03, 7.03], "texture": "#0"},
				"west": {"uv": [0.03, 10.03, 2.97, 10.47], "rotation": 90, "texture": "#0"},
				"up": {"uv": [9.03, 10.03, 11.97, 10.47], "rotation": 180, "texture": "#0"},
				"down": {"uv": [3.03, 10.03, 5.97, 10.47], "texture": "#0"}
			}
		},
		{
			"name": "plate2",
			"from": [5.25, 2.07, 0.48],
			"to": [7.25, 8.07, 1.48],
			"rotation": {"angle": 0, "axis": "y", "origin": [10.25, 2.07, 7]},
			"faces": {
				"north": {"uv": [4.97, 12.53, 4.03, 15.47], "texture": "#0"},
				"east": {"uv": [0.03, 15.53, 2.97, 15.97], "rotation": 270, "texture": "#0"},
				"south": {"uv": [3.97, 15.47, 3.03, 12.53], "rotation": 180, "texture": "#0"},
				"west": {"uv": [4.53, 15.53, 7.47, 15.97], "rotation": 90, "texture": "#0"},
				"up": {"uv": [3.03, 15.53, 3.97, 15.97], "rotation": 180, "texture": "#0"},
				"down": {"uv": [7.03, 15.53, 7.97, 15.97], "texture": "#0"}
			}
		},
		{
			"name": "plate2",
			"from": [5.25, 0.07, 0.48],
			"to": [15.25, 2.07, 1.48],
			"rotation": {"angle": 0, "axis": "y", "origin": [10.25, 2.07, 7]},
			"faces": {
				"north": {"uv": [14.97, 11.03, 10.03, 11.97], "texture": "#0"},
				"east": {"uv": [4.03, 12.03, 4.97, 12.47], "rotation": 270, "texture": "#0"},
				"south": {"uv": [9.97, 11.97, 5.03, 11.03], "rotation": 180, "texture": "#0"},
				"west": {"uv": [10.03, 12.03, 10.97, 12.47], "rotation": 90, "texture": "#0"},
				"up": {"uv": [5.03, 12.03, 9.97, 12.47], "rotation": 180, "texture": "#0"},
				"down": {"uv": [11.03, 12.03, 15.97, 12.47], "texture": "#0"}
			}
		},
		{
			"name": "plate2",
			"from": [13.25, 2.07, 0.48],
			"to": [15.25, 8.07, 1.48],
			"rotation": {"angle": 0, "axis": "y", "origin": [10.25, 2.07, 7]},
			"faces": {
				"north": {"uv": [4.97, 12.53, 4.03, 15.47], "rotation": 180, "texture": "#0"},
				"east": {"uv": [4.53, 15.53, 7.47, 15.97], "rotation": 270, "texture": "#0"},
				"south": {"uv": [3.97, 15.47, 3.03, 12.53], "texture": "#0"},
				"west": {"uv": [0.03, 15.53, 2.97, 15.97], "rotation": 90, "texture": "#0"},
				"up": {"uv": [7.03, 15.53, 7.97, 15.97], "rotation": 180, "texture": "#0"},
				"down": {"uv": [3.03, 15.53, 3.97, 15.97], "texture": "#0"}
			}
		},
		{
			"name": "plate2",
			"from": [5.25, 8.07, 0.48],
			"to": [15.25, 10.07, 1.48],
			"rotation": {"angle": 0, "axis": "y", "origin": [10.25, 2.07, 7]},
			"faces": {
				"north": {"uv": [14.97, 11.03, 10.03, 11.97], "rotation": 180, "texture": "#0"},
				"east": {"uv": [10.03, 12.03, 10.97, 12.47], "rotation": 270, "texture": "#0"},
				"south": {"uv": [9.97, 11.97, 5.03, 11.03], "texture": "#0"},
				"west": {"uv": [4.03, 12.03, 4.97, 12.47], "rotation": 90, "texture": "#0"},
				"up": {"uv": [11.03, 12.03, 15.97, 12.47], "rotation": 180, "texture": "#0"},
				"down": {"uv": [5.03, 12.03, 9.97, 12.47], "texture": "#0"}
			}
		},
		{
			"name": "plate4",
			"from": [7.25, 2.07, 3.63],
			"to": [13.25, 8.07, 4.63],
			"rotation": {"angle": 0, "axis": "y", "origin": [10.25, 2.07, 7]},
			"faces": {
				"north": {"uv": [8.97, 7.03, 6.03, 9.97], "rotation": 180, "texture": "#0"},
				"east": {"uv": [6.03, 10.03, 8.97, 10.47], "rotation": 270, "texture": "#0"},
				"south": {"uv": [5.97, 9.97, 3.03, 7.03], "texture": "#0"},
				"west": {"uv": [0.03, 10.03, 2.97, 10.47], "rotation": 90, "texture": "#0"},
				"up": {"uv": [9.03, 10.03, 11.97, 10.47], "rotation": 180, "texture": "#0"},
				"down": {"uv": [3.03, 10.03, 5.97, 10.47], "texture": "#0"}
			}
		},
		{
			"name": "plate4",
			"from": [5.25, 2.07, 4.03],
			"to": [7.25, 8.07, 5.03],
			"rotation": {"angle": 0, "axis": "y", "origin": [10.25, 2.07, 7]},
			"faces": {
				"north": {"uv": [4.97, 12.53, 4.03, 15.47], "texture": "#0"},
				"east": {"uv": [0.03, 15.53, 2.97, 15.97], "rotation": 270, "texture": "#0"},
				"south": {"uv": [3.97, 15.47, 3.03, 12.53], "rotation": 180, "texture": "#0"},
				"west": {"uv": [4.53, 15.53, 7.47, 15.97], "rotation": 90, "texture": "#0"},
				"up": {"uv": [3.03, 15.53, 3.97, 15.97], "rotation": 180, "texture": "#0"},
				"down": {"uv": [7.03, 15.53, 7.97, 15.97], "texture": "#0"}
			}
		},
		{
			"name": "plate4",
			"from": [5.25, 0.07, 4.03],
			"to": [15.25, 2.07, 5.03],
			"rotation": {"angle": 0, "axis": "y", "origin": [10.25, 2.07, 7]},
			"faces": {
				"north": {"uv": [14.97, 11.03, 10.03, 11.97], "texture": "#0"},
				"east": {"uv": [4.03, 12.03, 4.97, 12.47], "rotation": 270, "texture": "#0"},
				"south": {"uv": [9.97, 11.97, 5.03, 11.03], "rotation": 180, "texture": "#0"},
				"west": {"uv": [10.03, 12.03, 10.97, 12.47], "rotation": 90, "texture": "#0"},
				"up": {"uv": [5.03, 12.03, 9.97, 12.47], "rotation": 180, "texture": "#0"},
				"down": {"uv": [11.03, 12.03, 15.97, 12.47], "texture": "#0"}
			}
		},
		{
			"name": "plate4",
			"from": [13.25, 2.07, 4.03],
			"to": [15.25, 8.07, 5.03],
			"rotation": {"angle": 0, "axis": "y", "origin": [10.25, 2.07, 7]},
			"faces": {
				"north": {"uv": [4.97, 12.53, 4.03, 15.47], "rotation": 180, "texture": "#0"},
				"east": {"uv": [4.53, 15.53, 7.47, 15.97], "rotation": 270, "texture": "#0"},
				"south": {"uv": [3.97, 15.47, 3.03, 12.53], "texture": "#0"},
				"west": {"uv": [0.03, 15.53, 2.97, 15.97], "rotation": 90, "texture": "#0"},
				"up": {"uv": [7.03, 15.53, 7.97, 15.97], "rotation": 180, "texture": "#0"},
				"down": {"uv": [3.03, 15.53, 3.97, 15.97], "texture": "#0"}
			}
		},
		{
			"name": "plate4",
			"from": [5.25, 8.07, 4.03],
			"to": [15.25, 10.07, 5.03],
			"rotation": {"angle": 0, "axis": "y", "origin": [10.25, 2.07, 7]},
			"faces": {
				"north": {"uv": [14.97, 11.03, 10.03, 11.97], "rotation": 180, "texture": "#0"},
				"east": {"uv": [10.03, 12.03, 10.97, 12.47], "rotation": 270, "texture": "#0"},
				"south": {"uv": [9.97, 11.97, 5.03, 11.03], "texture": "#0"},
				"west": {"uv": [4.03, 12.03, 4.97, 12.47], "rotation": 90, "texture": "#0"},
				"up": {"uv": [11.03, 12.03, 15.97, 12.47], "rotation": 180, "texture": "#0"},
				"down": {"uv": [5.03, 12.03, 9.97, 12.47], "texture": "#0"}
			}
		},
		{
			"name": "plate5",
			"from": [7.25, 2.07, 6.63],
			"to": [13.25, 8.07, 7.63],
			"rotation": {"angle": -22.5, "axis": "x", "origin": [10.25, 5.07, 7.45]},
			"faces": {
				"north": {"uv": [8.97, 7.03, 6.03, 9.97], "rotation": 180, "texture": "#0"},
				"east": {"uv": [6.03, 10.03, 8.97, 10.47], "rotation": 270, "texture": "#0"},
				"south": {"uv": [5.97, 9.97, 3.03, 7.03], "texture": "#0"},
				"west": {"uv": [0.03, 10.03, 2.97, 10.47], "rotation": 90, "texture": "#0"},
				"up": {"uv": [9.03, 10.03, 11.97, 10.47], "rotation": 180, "texture": "#0"},
				"down": {"uv": [3.03, 10.03, 5.97, 10.47], "texture": "#0"}
			}
		},
		{
			"name": "plate5",
			"from": [5.25, 2.07, 7.03],
			"to": [7.25, 8.07, 8.03],
			"rotation": {"angle": -22.5, "axis": "x", "origin": [10.25, 5.07, 7.45]},
			"faces": {
				"north": {"uv": [4.97, 12.53, 4.03, 15.47], "texture": "#0"},
				"east": {"uv": [0.03, 15.53, 2.97, 15.97], "rotation": 270, "texture": "#0"},
				"south": {"uv": [3.97, 15.47, 3.03, 12.53], "rotation": 180, "texture": "#0"},
				"west": {"uv": [4.53, 15.53, 7.47, 15.97], "rotation": 90, "texture": "#0"},
				"up": {"uv": [3.03, 15.53, 3.97, 15.97], "rotation": 180, "texture": "#0"},
				"down": {"uv": [7.03, 15.53, 7.97, 15.97], "texture": "#0"}
			}
		},
		{
			"name": "plate5",
			"from": [5.25, 0.07, 7.03],
			"to": [15.25, 2.07, 8.03],
			"rotation": {"angle": -22.5, "axis": "x", "origin": [10.25, 5.07, 7.45]},
			"faces": {
				"north": {"uv": [14.97, 11.03, 10.03, 11.97], "texture": "#0"},
				"east": {"uv": [4.03, 12.03, 4.97, 12.47], "rotation": 270, "texture": "#0"},
				"south": {"uv": [9.97, 11.97, 5.03, 11.03], "rotation": 180, "texture": "#0"},
				"west": {"uv": [10.03, 12.03, 10.97, 12.47], "rotation": 90, "texture": "#0"},
				"up": {"uv": [5.03, 12.03, 9.97, 12.47], "rotation": 180, "texture": "#0"},
				"down": {"uv": [11.03, 12.03, 15.97, 12.47], "texture": "#0"}
			}
		},
		{
			"name": "plate5",
			"from": [13.25, 2.07, 7.03],
			"to": [15.25, 8.07, 8.03],
			"rotation": {"angle": -22.5, "axis": "x", "origin": [10.25, 5.07, 7.45]},
			"faces": {
				"north": {"uv": [4.97, 12.53, 4.03, 15.47], "rotation": 180, "texture": "#0"},
				"east": {"uv": [4.53, 15.53, 7.47, 15.97], "rotation": 270, "texture": "#0"},
				"south": {"uv": [3.97, 15.47, 3.03, 12.53], "texture": "#0"},
				"west": {"uv": [0.03, 15.53, 2.97, 15.97], "rotation": 90, "texture": "#0"},
				"up": {"uv": [7.03, 15.53, 7.97, 15.97], "rotation": 180, "texture": "#0"},
				"down": {"uv": [3.03, 15.53, 3.97, 15.97], "texture": "#0"}
			}
		},
		{
			"name": "plate5",
			"from": [5.25, 8.07, 7.03],
			"to": [15.25, 10.07, 8.03],
			"rotation": {"angle": -22.5, "axis": "x", "origin": [10.25, 5.07, 7.45]},
			"faces": {
				"north": {"uv": [14.97, 11.03, 10.03, 11.97], "rotation": 180, "texture": "#0"},
				"east": {"uv": [10.03, 12.03, 10.97, 12.47], "rotation": 270, "texture": "#0"},
				"south": {"uv": [9.97, 11.97, 5.03, 11.03], "texture": "#0"},
				"west": {"uv": [4.03, 12.03, 4.97, 12.47], "rotation": 90, "texture": "#0"},
				"up": {"uv": [11.03, 12.03, 15.97, 12.47], "rotation": 180, "texture": "#0"},
				"down": {"uv": [5.03, 12.03, 9.97, 12.47], "texture": "#0"}
			}
		},
		{
			"name": "plate6",
			"from": [7.25, 1.32, 9.78],
			"to": [13.25, 7.32, 10.78],
			"rotation": {"angle": -45, "axis": "x", "origin": [10.25, 5.07, 11.45]},
			"faces": {
				"north": {"uv": [8.97, 7.03, 6.03, 9.97], "rotation": 180, "texture": "#0"},
				"east": {"uv": [6.03, 10.03, 8.97, 10.47], "rotation": 270, "texture": "#0"},
				"south": {"uv": [5.97, 9.97, 3.03, 7.03], "texture": "#0"},
				"west": {"uv": [0.03, 10.03, 2.97, 10.47], "rotation": 90, "texture": "#0"},
				"up": {"uv": [9.03, 10.03, 11.97, 10.47], "rotation": 180, "texture": "#0"},
				"down": {"uv": [3.03, 10.03, 5.97, 10.47], "texture": "#0"}
			}
		},
		{
			"name": "plate6",
			"from": [5.25, 1.32, 10.18],
			"to": [7.25, 7.32, 11.18],
			"rotation": {"angle": -45, "axis": "x", "origin": [10.25, 5.07, 11.45]},
			"faces": {
				"north": {"uv": [4.97, 12.53, 4.03, 15.47], "texture": "#0"},
				"east": {"uv": [0.03, 15.53, 2.97, 15.97], "rotation": 270, "texture": "#0"},
				"south": {"uv": [3.97, 15.47, 3.03, 12.53], "rotation": 180, "texture": "#0"},
				"west": {"uv": [4.53, 15.53, 7.47, 15.97], "rotation": 90, "texture": "#0"},
				"up": {"uv": [3.03, 15.53, 3.97, 15.97], "rotation": 180, "texture": "#0"},
				"down": {"uv": [7.03, 15.53, 7.97, 15.97], "texture": "#0"}
			}
		},
		{
			"name": "plate6",
			"from": [5.25, -0.68, 10.18],
			"to": [15.25, 1.32, 11.18],
			"rotation": {"angle": -45, "axis": "x", "origin": [10.25, 5.07, 11.45]},
			"faces": {
				"north": {"uv": [14.97, 11.03, 10.03, 11.97], "texture": "#0"},
				"east": {"uv": [4.03, 12.03, 4.97, 12.47], "rotation": 270, "texture": "#0"},
				"south": {"uv": [9.97, 11.97, 5.03, 11.03], "rotation": 180, "texture": "#0"},
				"west": {"uv": [10.03, 12.03, 10.97, 12.47], "rotation": 90, "texture": "#0"},
				"up": {"uv": [5.03, 12.03, 9.97, 12.47], "rotation": 180, "texture": "#0"},
				"down": {"uv": [11.03, 12.03, 15.97, 12.47], "texture": "#0"}
			}
		},
		{
			"name": "plate6",
			"from": [13.25, 1.32, 10.18],
			"to": [15.25, 7.32, 11.18],
			"rotation": {"angle": -45, "axis": "x", "origin": [10.25, 5.07, 11.45]},
			"faces": {
				"north": {"uv": [4.97, 12.53, 4.03, 15.47], "rotation": 180, "texture": "#0"},
				"east": {"uv": [4.53, 15.53, 7.47, 15.97], "rotation": 270, "texture": "#0"},
				"south": {"uv": [3.97, 15.47, 3.03, 12.53], "texture": "#0"},
				"west": {"uv": [0.03, 15.53, 2.97, 15.97], "rotation": 90, "texture": "#0"},
				"up": {"uv": [7.03, 15.53, 7.97, 15.97], "rotation": 180, "texture": "#0"},
				"down": {"uv": [3.03, 15.53, 3.97, 15.97], "texture": "#0"}
			}
		},
		{
			"name": "plate6",
			"from": [5.25, 7.32, 10.18],
			"to": [15.25, 9.32, 11.18],
			"rotation": {"angle": -45, "axis": "x", "origin": [10.25, 5.07, 11.45]},
			"faces": {
				"north": {"uv": [14.97, 11.03, 10.03, 11.97], "rotation": 180, "texture": "#0"},
				"east": {"uv": [10.03, 12.03, 10.97, 12.47], "rotation": 270, "texture": "#0"},
				"south": {"uv": [9.97, 11.97, 5.03, 11.03], "texture": "#0"},
				"west": {"uv": [4.03, 12.03, 4.97, 12.47], "rotation": 90, "texture": "#0"},
				"up": {"uv": [11.03, 12.03, 15.97, 12.47], "rotation": 180, "texture": "#0"},
				"down": {"uv": [5.03, 12.03, 9.97, 12.47], "texture": "#0"}
			}
		},
		{
			"name": "plate3",
			"from": [7.25, 2.07, 1.88],
			"to": [13.25, 8.07, 2.88],
			"rotation": {"angle": 0, "axis": "y", "origin": [10.25, 2.07, 7]},
			"faces": {
				"north": {"uv": [8.97, 7.03, 6.03, 9.97], "rotation": 180, "texture": "#0"},
				"east": {"uv": [6.03, 10.03, 8.97, 10.47], "rotation": 270, "texture": "#0"},
				"south": {"uv": [5.97, 9.97, 3.03, 7.03], "texture": "#0"},
				"west": {"uv": [0.03, 10.03, 2.97, 10.47], "rotation": 90, "texture": "#0"},
				"up": {"uv": [9.03, 10.03, 11.97, 10.47], "rotation": 180, "texture": "#0"},
				"down": {"uv": [3.03, 10.03, 5.97, 10.47], "texture": "#0"}
			}
		},
		{
			"name": "plate3",
			"from": [5.25, 2.07, 2.28],
			"to": [7.25, 8.07, 3.28],
			"rotation": {"angle": 0, "axis": "y", "origin": [10.25, 2.07, 7]},
			"faces": {
				"north": {"uv": [4.97, 12.53, 4.03, 15.47], "texture": "#0"},
				"east": {"uv": [0.03, 15.53, 2.97, 15.97], "rotation": 270, "texture": "#0"},
				"south": {"uv": [3.97, 15.47, 3.03, 12.53], "rotation": 180, "texture": "#0"},
				"west": {"uv": [4.53, 15.53, 7.47, 15.97], "rotation": 90, "texture": "#0"},
				"up": {"uv": [3.03, 15.53, 3.97, 15.97], "rotation": 180, "texture": "#0"},
				"down": {"uv": [7.03, 15.53, 7.97, 15.97], "texture": "#0"}
			}
		},
		{
			"name": "plate3",
			"from": [5.25, 0.07, 2.28],
			"to": [15.25, 2.07, 3.28],
			"rotation": {"angle": 0, "axis": "y", "origin": [10.25, 2.07, 7]},
			"faces": {
				"north": {"uv": [14.97, 11.03, 10.03, 11.97], "texture": "#0"},
				"east": {"uv": [4.03, 12.03, 4.97, 12.47], "rotation": 270, "texture": "#0"},
				"south": {"uv": [9.97, 11.97, 5.03, 11.03], "rotation": 180, "texture": "#0"},
				"west": {"uv": [10.03, 12.03, 10.97, 12.47], "rotation": 90, "texture": "#0"},
				"up": {"uv": [5.03, 12.03, 9.97, 12.47], "rotation": 180, "texture": "#0"},
				"down": {"uv": [11.03, 12.03, 15.97, 12.47], "texture": "#0"}
			}
		},
		{
			"name": "plate3",
			"from": [13.25, 2.07, 2.28],
			"to": [15.25, 8.07, 3.28],
			"rotation": {"angle": 0, "axis": "y", "origin": [10.25, 2.07, 7]},
			"faces": {
				"north": {"uv": [4.97, 12.53, 4.03, 15.47], "rotation": 180, "texture": "#0"},
				"east": {"uv": [4.53, 15.53, 7.47, 15.97], "rotation": 270, "texture": "#0"},
				"south": {"uv": [3.97, 15.47, 3.03, 12.53], "texture": "#0"},
				"west": {"uv": [0.03, 15.53, 2.97, 15.97], "rotation": 90, "texture": "#0"},
				"up": {"uv": [7.03, 15.53, 7.97, 15.97], "rotation": 180, "texture": "#0"},
				"down": {"uv": [3.03, 15.53, 3.97, 15.97], "texture": "#0"}
			}
		},
		{
			"name": "plate3",
			"from": [5.25, 8.07, 2.28],
			"to": [15.25, 10.07, 3.28],
			"rotation": {"angle": 0, "axis": "y", "origin": [10.25, 2.07, 7]},
			"faces": {
				"north": {"uv": [14.97, 11.03, 10.03, 11.97], "rotation": 180, "texture": "#0"},
				"east": {"uv": [10.03, 12.03, 10.97, 12.47], "rotation": 270, "texture": "#0"},
				"south": {"uv": [9.97, 11.97, 5.03, 11.03], "texture": "#0"},
				"west": {"uv": [4.03, 12.03, 4.97, 12.47], "rotation": 90, "texture": "#0"},
				"up": {"uv": [11.03, 12.03, 15.97, 12.47], "rotation": 180, "texture": "#0"},
				"down": {"uv": [5.03, 12.03, 9.97, 12.47], "texture": "#0"}
			}
		},
		{
			"from": [0.5, 0, 1],
			"to": [4.5, 7, 5],
			"rotation": {"angle": 0, "axis": "y", "origin": [2.5, 3.16667, 8]},
			"faces": {
				"north": {"uv": [0, 4, 4, 11], "texture": "#1"},
				"east": {"uv": [0, 4, 4, 11], "texture": "#1"},
				"south": {"uv": [0, 4, 4, 11], "texture": "#1"},
				"west": {"uv": [0, 4, 4, 11], "texture": "#1"},
				"up": {"uv": [0, 0, 4, 4], "texture": "#1"}
			}
		},
		{
			"from": [0.5, 0, 6],
			"to": [4.5, 7, 10],
			"rotation": {"angle": 0, "axis": "y", "origin": [2.5, 3.16667, 8]},
			"faces": {
				"north": {"uv": [0, 4, 4, 11], "texture": "#1"},
				"east": {"uv": [0, 4, 4, 11], "texture": "#1"},
				"south": {"uv": [0, 4, 4, 11], "texture": "#1"},
				"west": {"uv": [0, 4, 4, 11], "texture": "#1"},
				"up": {"uv": [0, 0, 4, 4], "texture": "#1"}
			}
		},
		{
			"from": [0.5, 0, 11],
			"to": [4.5, 5, 15],
			"rotation": {"angle": 0, "axis": "y", "origin": [2.5, 3.16667, 8]},
			"faces": {
				"north": {"uv": [0, 4, 4, 9], "texture": "#1"},
				"east": {"uv": [0, 4, 4, 9], "texture": "#1"},
				"south": {"uv": [0, 4, 4, 9], "texture": "#1"},
				"west": {"uv": [0, 4, 4, 9], "texture": "#1"},
				"up": {"uv": [0, 0, 4, 4], "texture": "#1"}
			}
		}
	],
	"display": {
		"thirdperson_righthand": {
			"rotation": [70, -180, 0],
			"translation": [-5.75, 4.25, 6]
		},
		"firstperson_righthand": {
			"translation": [-8.75, -2, 0]
		},
		"ground": {
			"translation": [0, 4, 0]
		},
		"gui": {
			"rotation": [30.26, 0, 0],
			"translation": [0, 3, 0]
		},
		"fixed": {
			"rotation": [-90, 0, 0],
			"translation": [0, 0, -15],
			"scale": [2, 2, 2]
		}
	},
	"groups": [
		{
			"name": "group",
			"origin": [8, 8, 8],
			"color": 0,
			"children": [
				{
					"name": "plate",
					"origin": [0, 1.5, 0],
					"color": 0,
					"children": [0, 1, 2, 3, 4]
				},
				{
					"name": "plate",
					"origin": [0, 1.5, 0],
					"color": 0,
					"children": [5, 6, 7, 8, 9]
				},
				{
					"name": "plate",
					"origin": [0, 1.5, 0],
					"color": 0,
					"children": [10, 11, 12, 13, 14]
				},
				{
					"name": "plate",
					"origin": [0, 1.5, 0],
					"color": 0,
					"children": [15, 16, 17, 18, 19]
				},
				{
					"name": "plate",
					"origin": [0, 1.5, 0],
					"color": 0,
					"children": [20, 21, 22, 23, 24]
				}
			]
		},
		{
			"name": "glass",
			"origin": [8, 8, 8],
			"color": 0,
			"children": [25, 26, 27]
		}
	]
}