{
	"credit": "Made with Blockbench",
	"texture_size": [32, 32],
	"textures": {
		"0": "block/milkbox1a",
		"particle": "block/milkbox1a"
	},
	"elements": [
		{
			"name": "milkbody",
			"from": [1, 0, 2],
			"to": [7.02, 7, 8],
			"rotation": {"angle": 0, "axis": "y", "origin": [4, 0, 5]},
			"faces": {
				"north": {"uv": [3.03, 3.03, 5.97, 6.47], "texture": "#0"},
				"east": {"uv": [0.03, 3.03, 2.97, 6.47], "texture": "#0"},
				"south": {"uv": [9.03, 3.03, 11.97, 6.47], "texture": "#0"},
				"west": {"uv": [6.03, 3.03, 8.97, 6.47], "texture": "#0"},
				"up": {"uv": [5.97, 2.97, 3.03, 0.03], "texture": "#0"},
				"down": {"uv": [8.97, 0.03, 6.03, 2.97], "texture": "#0"}
			}
		},
		{
			"name": "tags",
			"from": [5.3, 0.2, 8.09289],
			"to": [7.3, 1.2, 8.09289],
			"rotation": {"angle": 0, "axis": "y", "origin": [4, 0, 5]},
			"faces": {
				"north": {"uv": [0.03, 0.03, 0.97, 0.47], "texture": "#0"},
				"east": {"uv": [0.03, 0.03, -0.016, 0.47], "texture": "#0"},
				"south": {"uv": [1.03, 0.03, 1.97, 0.47], "texture": "#0"},
				"west": {"uv": [1.03, 0.03, 0.984, 0.47], "texture": "#0"},
				"up": {"uv": [0.97, 0.03, 0.03, -0.016], "texture": "#0"},
				"down": {"uv": [1.97, 0.03, 1.03, -0.016], "texture": "#0"}
			}
		},
		{
			"name": "tags",
			"from": [0.9, 3.9, 2.99289],
			"to": [0.9, 5.9, 6.99289],
			"rotation": {"angle": 0, "axis": "y", "origin": [4, 0, 5]},
			"faces": {
				"north": {"uv": [10.03, 7.03, 9.984, 7.97], "texture": "#0"},
				"east": {"uv": [8.03, 7.03, 9.97, 7.97], "texture": "#0"},
				"south": {"uv": [12.03, 7.03, 11.984, 7.97], "texture": "#0"},
				"west": {"uv": [10.03, 7.03, 11.97, 7.97], "texture": "#0"},
				"up": {"uv": [10.03, 6.97, 9.984, 5.03], "texture": "#0"},
				"down": {"uv": [10.03, 5.03, 9.984, 6.97], "texture": "#0"}
			}
		},
		{
			"name": "roof",
			"from": [1.01, 2.82843, 11.47107],
			"to": [7.01, 7.02843, 12.07107],
			"rotation": {"angle": -45, "axis": "x", "origin": [4, 0, 5]},
			"faces": {
				"north": {"uv": [0.53, 7.53, 3.47, 9.47], "texture": "#0"},
				"east": {"uv": [0.53, 7.53, 0.484, 9.47], "texture": "#0"},
				"south": {"uv": [3.53, 7.53, 6.47, 9.47], "texture": "#0"},
				"west": {"uv": [3.53, 7.53, 3.484, 9.47], "texture": "#0"},
				"up": {"uv": [3.47, 7.53, 0.53, 7.484], "texture": "#0"},
				"down": {"uv": [6.47, 7.53, 3.53, 7.484], "texture": "#0"}
			}
		},
		{
			"name": "roof",
			"from": [1.01, 2.82843, -2.07113],
			"to": [7.01, 7.02843, -1.47113],
			"rotation": {"angle": 45, "axis": "x", "origin": [4, 0, 5]},
			"faces": {
				"north": {"uv": [0.53, 7.53, 3.47, 9.47], "texture": "#0"},
				"east": {"uv": [0.53, 7.53, 0.484, 9.47], "texture": "#0"},
				"south": {"uv": [3.53, 7.53, 6.47, 9.47], "texture": "#0"},
				"west": {"uv": [3.53, 7.53, 3.484, 9.47], "texture": "#0"},
				"up": {"uv": [3.47, 7.53, 0.53, 7.484], "texture": "#0"},
				"down": {"uv": [6.47, 7.53, 3.53, 7.484], "texture": "#0"}
			}
		},
		{
			"name": "top",
			"from": [0.995, 9.9, 4.9],
			"to": [6.995, 10.75, 5.1],
			"rotation": {"angle": 0, "axis": "y", "origin": [4, 0, 5]},
			"faces": {
				"north": {"uv": [1.03, 14.53, 4.1, 14.925], "texture": "#0"},
				"east": {"uv": [1.03, 14.53, 1.1, 14.925], "texture": "#0"},
				"south": {"uv": [4.03, 14.53, 7.1, 14.925], "texture": "#0"},
				"west": {"uv": [4.03, 14.53, 4.1, 14.925], "texture": "#0"},
				"up": {"uv": [4.1, 14.53, 1.03, 14.6], "texture": "#0"},
				"down": {"uv": [6.97, 14.53, 4.03, 14.484], "texture": "#0"}
			}
		},
		{
			"name": "side2",
			"from": [6.0425, 6.20711, 2.75],
			"to": [7.0425, 7.20711, 7.3],
			"rotation": {"angle": 45, "axis": "z", "origin": [6.06414, 6.55226, 5.56667]},
			"faces": {
				"north": {"uv": [2.53, 15.03, 2.97, 15.47], "texture": "#0"},
				"east": {"uv": [0.53, 15.03, 2.47, 15.47], "texture": "#0"},
				"south": {"uv": [5.03, 15.03, 5.47, 15.47], "texture": "#0"},
				"west": {"uv": [3.03, 15.03, 4.97, 15.47], "texture": "#0"},
				"up": {"uv": [2.97, 14.97, 2.53, 13.03], "texture": "#0"},
				"down": {"uv": [3.47, 13.03, 3.03, 14.97], "texture": "#0"}
			}
		},
		{
			"name": "side2",
			"from": [6.0425, 7.20711, 3.55],
			"to": [7.0425, 8.20711, 6.5],
			"rotation": {"angle": 45, "axis": "z", "origin": [6.06414, 6.55226, 5.56667]},
			"faces": {
				"north": {"uv": [2.03, 14.53, 2.47, 14.97], "texture": "#0"},
				"east": {"uv": [0.53, 14.53, 1.97, 14.97], "texture": "#0"},
				"south": {"uv": [4.03, 14.53, 4.47, 14.97], "texture": "#0"},
				"west": {"uv": [2.53, 14.53, 3.97, 14.97], "texture": "#0"},
				"up": {"uv": [2.47, 14.47, 2.03, 13.03], "texture": "#0"},
				"down": {"uv": [2.97, 13.03, 2.53, 14.47], "texture": "#0"}
			}
		},
		{
			"name": "side2",
			"from": [6.0425, 8.20711, 4.25],
			"to": [7.0425, 9.20711, 5.8],
			"rotation": {"angle": 45, "axis": "z", "origin": [6.06414, 6.55226, 5.56667]},
			"faces": {
				"north": {"uv": [1.03, 13.53, 1.47, 13.97], "texture": "#0"},
				"east": {"uv": [0.53, 13.53, 0.97, 13.97], "texture": "#0"},
				"south": {"uv": [2.03, 13.53, 2.47, 13.97], "texture": "#0"},
				"west": {"uv": [1.53, 13.53, 1.97, 13.97], "texture": "#0"},
				"up": {"uv": [1.47, 13.47, 1.03, 13.03], "texture": "#0"},
				"down": {"uv": [1.97, 13.03, 1.53, 13.47], "texture": "#0"}
			}
		},
		{
			"name": "side3",
			"from": [0.9575, 6.20711, 2.75],
			"to": [1.9575, 7.20711, 7.3],
			"rotation": {"angle": -45, "axis": "z", "origin": [1.93586, 6.55226, 5.56667]},
			"faces": {
				"north": {"uv": [2.97, 15.03, 2.53, 15.47], "texture": "#0"},
				"east": {"uv": [4.97, 15.03, 3.03, 15.47], "texture": "#0"},
				"south": {"uv": [5.47, 15.03, 5.03, 15.47], "texture": "#0"},
				"west": {"uv": [2.47, 15.03, 0.53, 15.47], "texture": "#0"},
				"up": {"uv": [2.53, 14.97, 2.97, 13.03], "texture": "#0"},
				"down": {"uv": [3.03, 13.03, 3.47, 14.97], "texture": "#0"}
			}
		},
		{
			"name": "side3",
			"from": [0.9575, 7.20711, 3.55],
			"to": [1.9575, 8.20711, 6.5],
			"rotation": {"angle": -45, "axis": "z", "origin": [1.93586, 6.55226, 5.56667]},
			"faces": {
				"north": {"uv": [2.47, 14.53, 2.03, 14.97], "texture": "#0"},
				"east": {"uv": [3.97, 14.53, 2.53, 14.97], "texture": "#0"},
				"south": {"uv": [4.47, 14.53, 4.03, 14.97], "texture": "#0"},
				"west": {"uv": [1.97, 14.53, 0.53, 14.97], "texture": "#0"},
				"up": {"uv": [2.03, 14.47, 2.47, 13.03], "texture": "#0"},
				"down": {"uv": [2.53, 13.03, 2.97, 14.47], "texture": "#0"}
			}
		},
		{
			"name": "side3",
			"from": [0.9575, 8.20711, 4.25],
			"to": [1.9575, 9.20711, 5.8],
			"rotation": {"angle": -45, "axis": "z", "origin": [1.93586, 6.55226, 5.56667]},
			"faces": {
				"north": {"uv": [1.47, 13.53, 1.03, 13.97], "texture": "#0"},
				"east": {"uv": [1.97, 13.53, 1.53, 13.97], "texture": "#0"},
				"south": {"uv": [2.47, 13.53, 2.03, 13.97], "texture": "#0"},
				"west": {"uv": [0.97, 13.53, 0.53, 13.97], "texture": "#0"},
				"up": {"uv": [1.03, 13.47, 1.47, 13.03], "texture": "#0"},
				"down": {"uv": [1.53, 13.03, 1.97, 13.47], "texture": "#0"}
			}
		},
		{
			"name": "milkbody",
			"from": [9, 0, 1],
			"to": [15.02, 7, 7],
			"rotation": {"angle": 0, "axis": "y", "origin": [12, 0, 4]},
			"faces": {
				"north": {"uv": [3.03, 3.03, 5.97, 6.47], "texture": "#0"},
				"east": {"uv": [0.03, 3.03, 2.97, 6.47], "texture": "#0"},
				"south": {"uv": [9.03, 3.03, 11.97, 6.47], "texture": "#0"},
				"west": {"uv": [6.03, 3.03, 8.97, 6.47], "texture": "#0"},
				"up": {"uv": [5.97, 2.97, 3.03, 0.03], "texture": "#0"},
				"down": {"uv": [8.97, 0.03, 6.03, 2.97], "texture": "#0"}
			}
		},
		{
			"name": "tags",
			"from": [13.3, 0.2, 7.09289],
			"to": [15.3, 1.2, 7.09289],
			"rotation": {"angle": 0, "axis": "y", "origin": [12, 0, 4]},
			"faces": {
				"north": {"uv": [0.03, 0.03, 0.97, 0.47], "texture": "#0"},
				"east": {"uv": [0.03, 0.03, -0.016, 0.47], "texture": "#0"},
				"south": {"uv": [1.03, 0.03, 1.97, 0.47], "texture": "#0"},
				"west": {"uv": [1.03, 0.03, 0.984, 0.47], "texture": "#0"},
				"up": {"uv": [0.97, 0.03, 0.03, -0.016], "texture": "#0"},
				"down": {"uv": [1.97, 0.03, 1.03, -0.016], "texture": "#0"}
			}
		},
		{
			"name": "tags",
			"from": [8.9, 3.9, 1.99289],
			"to": [8.9, 5.9, 5.99289],
			"rotation": {"angle": 0, "axis": "y", "origin": [12, 0, 4]},
			"faces": {
				"north": {"uv": [10.03, 7.03, 9.984, 7.97], "texture": "#0"},
				"east": {"uv": [8.03, 7.03, 9.97, 7.97], "texture": "#0"},
				"south": {"uv": [12.03, 7.03, 11.984, 7.97], "texture": "#0"},
				"west": {"uv": [10.03, 7.03, 11.97, 7.97], "texture": "#0"},
				"up": {"uv": [10.03, 6.97, 9.984, 5.03], "texture": "#0"},
				"down": {"uv": [10.03, 5.03, 9.984, 6.97], "texture": "#0"}
			}
		},
		{
			"name": "roof",
			"from": [9.01, 2.82843, 10.47107],
			"to": [15.01, 7.02843, 11.07107],
			"rotation": {"angle": -45, "axis": "x", "origin": [12, 0, 4]},
			"faces": {
				"north": {"uv": [0.53, 7.53, 3.47, 9.47], "texture": "#0"},
				"east": {"uv": [0.53, 7.53, 0.484, 9.47], "texture": "#0"},
				"south": {"uv": [3.53, 7.53, 6.47, 9.47], "texture": "#0"},
				"west": {"uv": [3.53, 7.53, 3.484, 9.47], "texture": "#0"},
				"up": {"uv": [3.47, 7.53, 0.53, 7.484], "texture": "#0"},
				"down": {"uv": [6.47, 7.53, 3.53, 7.484], "texture": "#0"}
			}
		},
		{
			"name": "roof",
			"from": [9.01, 2.82843, -3.07113],
			"to": [15.01, 7.02843, -2.47113],
			"rotation": {"angle": 45, "axis": "x", "origin": [12, 0, 4]},
			"faces": {
				"north": {"uv": [0.53, 7.53, 3.47, 9.47], "texture": "#0"},
				"east": {"uv": [0.53, 7.53, 0.484, 9.47], "texture": "#0"},
				"south": {"uv": [3.53, 7.53, 6.47, 9.47], "texture": "#0"},
				"west": {"uv": [3.53, 7.53, 3.484, 9.47], "texture": "#0"},
				"up": {"uv": [3.47, 7.53, 0.53, 7.484], "texture": "#0"},
				"down": {"uv": [6.47, 7.53, 3.53, 7.484], "texture": "#0"}
			}
		},
		{
			"name": "top",
			"from": [8.995, 9.9, 3.9],
			"to": [14.995, 10.75, 4.1],
			"rotation": {"angle": 0, "axis": "y", "origin": [12, 0, 4]},
			"faces": {
				"north": {"uv": [1.03, 14.53, 4.1, 14.925], "texture": "#0"},
				"east": {"uv": [1.03, 14.53, 1.1, 14.925], "texture": "#0"},
				"south": {"uv": [4.03, 14.53, 7.1, 14.925], "texture": "#0"},
				"west": {"uv": [4.03, 14.53, 4.1, 14.925], "texture": "#0"},
				"up": {"uv": [4.1, 14.53, 1.03, 14.6], "texture": "#0"},
				"down": {"uv": [6.97, 14.53, 4.03, 14.484], "texture": "#0"}
			}
		},
		{
			"name": "side2",
			"from": [14.0425, 6.20711, 1.75],
			"to": [15.0425, 7.20711, 6.3],
			"rotation": {"angle": 45, "axis": "z", "origin": [14.06414, 6.55226, 4.56667]},
			"faces": {
				"north": {"uv": [2.53, 15.03, 2.97, 15.47], "texture": "#0"},
				"east": {"uv": [0.53, 15.03, 2.47, 15.47], "texture": "#0"},
				"south": {"uv": [5.03, 15.03, 5.47, 15.47], "texture": "#0"},
				"west": {"uv": [3.03, 15.03, 4.97, 15.47], "texture": "#0"},
				"up": {"uv": [2.97, 14.97, 2.53, 13.03], "texture": "#0"},
				"down": {"uv": [3.47, 13.03, 3.03, 14.97], "texture": "#0"}
			}
		},
		{
			"name": "side2",
			"from": [14.0425, 7.20711, 2.55],
			"to": [15.0425, 8.20711, 5.5],
			"rotation": {"angle": 45, "axis": "z", "origin": [14.06414, 6.55226, 4.56667]},
			"faces": {
				"north": {"uv": [2.03, 14.53, 2.47, 14.97], "texture": "#0"},
				"east": {"uv": [0.53, 14.53, 1.97, 14.97], "texture": "#0"},
				"south": {"uv": [4.03, 14.53, 4.47, 14.97], "texture": "#0"},
				"west": {"uv": [2.53, 14.53, 3.97, 14.97], "texture": "#0"},
				"up": {"uv": [2.47, 14.47, 2.03, 13.03], "texture": "#0"},
				"down": {"uv": [2.97, 13.03, 2.53, 14.47], "texture": "#0"}
			}
		},
		{
			"name": "side2",
			"from": [14.0425, 8.20711, 3.25],
			"to": [15.0425, 9.20711, 4.8],
			"rotation": {"angle": 45, "axis": "z", "origin": [14.06414, 6.55226, 4.56667]},
			"faces": {
				"north": {"uv": [1.03, 13.53, 1.47, 13.97], "texture": "#0"},
				"east": {"uv": [0.53, 13.53, 0.97, 13.97], "texture": "#0"},
				"south": {"uv": [2.03, 13.53, 2.47, 13.97], "texture": "#0"},
				"west": {"uv": [1.53, 13.53, 1.97, 13.97], "texture": "#0"},
				"up": {"uv": [1.47, 13.47, 1.03, 13.03], "texture": "#0"},
				"down": {"uv": [1.97, 13.03, 1.53, 13.47], "texture": "#0"}
			}
		},
		{
			"name": "side3",
			"from": [8.9575, 6.20711, 1.75],
			"to": [9.9575, 7.20711, 6.3],
			"rotation": {"angle": -45, "axis": "z", "origin": [9.93586, 6.55226, 4.56667]},
			"faces": {
				"north": {"uv": [2.97, 15.03, 2.53, 15.47], "texture": "#0"},
				"east": {"uv": [4.97, 15.03, 3.03, 15.47], "texture": "#0"},
				"south": {"uv": [5.47, 15.03, 5.03, 15.47], "texture": "#0"},
				"west": {"uv": [2.47, 15.03, 0.53, 15.47], "texture": "#0"},
				"up": {"uv": [2.53, 14.97, 2.97, 13.03], "texture": "#0"},
				"down": {"uv": [3.03, 13.03, 3.47, 14.97], "texture": "#0"}
			}
		},
		{
			"name": "side3",
			"from": [8.9575, 7.20711, 2.55],
			"to": [9.9575, 8.20711, 5.5],
			"rotation": {"angle": -45, "axis": "z", "origin": [9.93586, 6.55226, 4.56667]},
			"faces": {
				"north": {"uv": [2.47, 14.53, 2.03, 14.97], "texture": "#0"},
				"east": {"uv": [3.97, 14.53, 2.53, 14.97], "texture": "#0"},
				"south": {"uv": [4.47, 14.53, 4.03, 14.97], "texture": "#0"},
				"west": {"uv": [1.97, 14.53, 0.53, 14.97], "texture": "#0"},
				"up": {"uv": [2.03, 14.47, 2.47, 13.03], "texture": "#0"},
				"down": {"uv": [2.53, 13.03, 2.97, 14.47], "texture": "#0"}
			}
		},
		{
			"name": "side3",
			"from": [8.9575, 8.20711, 3.25],
			"to": [9.9575, 9.20711, 4.8],
			"rotation": {"angle": -45, "axis": "z", "origin": [9.93586, 6.55226, 4.56667]},
			"faces": {
				"north": {"uv": [1.47, 13.53, 1.03, 13.97], "texture": "#0"},
				"east": {"uv": [1.97, 13.53, 1.53, 13.97], "texture": "#0"},
				"south": {"uv": [2.47, 13.53, 2.03, 13.97], "texture": "#0"},
				"west": {"uv": [0.97, 13.53, 0.53, 13.97], "texture": "#0"},
				"up": {"uv": [1.03, 13.47, 1.47, 13.03], "texture": "#0"},
				"down": {"uv": [1.53, 13.03, 1.97, 13.47], "texture": "#0"}
			}
		},
		{
			"name": "milkbody",
			"from": [5, 0, 9],
			"to": [11.02, 7, 15],
			"rotation": {"angle": 0, "axis": "y", "origin": [8, 0, 12]},
			"faces": {
				"north": {"uv": [3.03, 3.03, 5.97, 6.47], "texture": "#0"},
				"east": {"uv": [0.03, 3.03, 2.97, 6.47], "texture": "#0"},
				"south": {"uv": [9.03, 3.03, 11.97, 6.47], "texture": "#0"},
				"west": {"uv": [6.03, 3.03, 8.97, 6.47], "texture": "#0"},
				"up": {"uv": [5.97, 2.97, 3.03, 0.03], "texture": "#0"},
				"down": {"uv": [8.97, 0.03, 6.03, 2.97], "texture": "#0"}
			}
		},
		{
			"name": "tags",
			"from": [9.3, 0.2, 15.09289],
			"to": [11.3, 1.2, 15.09289],
			"rotation": {"angle": 0, "axis": "y", "origin": [8, 0, 12]},
			"faces": {
				"north": {"uv": [0.03, 0.03, 0.97, 0.47], "texture": "#0"},
				"east": {"uv": [0.03, 0.03, -0.016, 0.47], "texture": "#0"},
				"south": {"uv": [1.03, 0.03, 1.97, 0.47], "texture": "#0"},
				"west": {"uv": [1.03, 0.03, 0.984, 0.47], "texture": "#0"},
				"up": {"uv": [0.97, 0.03, 0.03, -0.016], "texture": "#0"},
				"down": {"uv": [1.97, 0.03, 1.03, -0.016], "texture": "#0"}
			}
		},
		{
			"name": "tags",
			"from": [4.9, 3.9, 9.99289],
			"to": [4.9, 5.9, 13.99289],
			"rotation": {"angle": 0, "axis": "y", "origin": [8, 0, 12]},
			"faces": {
				"north": {"uv": [10.03, 7.03, 9.984, 7.97], "texture": "#0"},
				"east": {"uv": [8.03, 7.03, 9.97, 7.97], "texture": "#0"},
				"south": {"uv": [12.03, 7.03, 11.984, 7.97], "texture": "#0"},
				"west": {"uv": [10.03, 7.03, 11.97, 7.97], "texture": "#0"},
				"up": {"uv": [10.03, 6.97, 9.984, 5.03], "texture": "#0"},
				"down": {"uv": [10.03, 5.03, 9.984, 6.97], "texture": "#0"}
			}
		},
		{
			"name": "roof",
			"from": [5.01, 2.82843, 18.47107],
			"to": [11.01, 7.02843, 19.07107],
			"rotation": {"angle": -45, "axis": "x", "origin": [8, 0, 12]},
			"faces": {
				"north": {"uv": [0.53, 7.53, 3.47, 9.47], "texture": "#0"},
				"east": {"uv": [0.53, 7.53, 0.484, 9.47], "texture": "#0"},
				"south": {"uv": [3.53, 7.53, 6.47, 9.47], "texture": "#0"},
				"west": {"uv": [3.53, 7.53, 3.484, 9.47], "texture": "#0"},
				"up": {"uv": [3.47, 7.53, 0.53, 7.484], "texture": "#0"},
				"down": {"uv": [6.47, 7.53, 3.53, 7.484], "texture": "#0"}
			}
		},
		{
			"name": "roof",
			"from": [5.01, 2.82843, 4.92887],
			"to": [11.01, 7.02843, 5.52887],
			"rotation": {"angle": 45, "axis": "x", "origin": [8, 0, 12]},
			"faces": {
				"north": {"uv": [0.53, 7.53, 3.47, 9.47], "texture": "#0"},
				"east": {"uv": [0.53, 7.53, 0.484, 9.47], "texture": "#0"},
				"south": {"uv": [3.53, 7.53, 6.47, 9.47], "texture": "#0"},
				"west": {"uv": [3.53, 7.53, 3.484, 9.47], "texture": "#0"},
				"up": {"uv": [3.47, 7.53, 0.53, 7.484], "texture": "#0"},
				"down": {"uv": [6.47, 7.53, 3.53, 7.484], "texture": "#0"}
			}
		},
		{
			"name": "top",
			"from": [4.995, 9.9, 11.9],
			"to": [10.995, 10.75, 12.1],
			"rotation": {"angle": 0, "axis": "y", "origin": [8, 0, 12]},
			"faces": {
				"north": {"uv": [1.03, 14.53, 4.1, 14.925], "texture": "#0"},
				"east": {"uv": [1.03, 14.53, 1.1, 14.925], "texture": "#0"},
				"south": {"uv": [4.03, 14.53, 7.1, 14.925], "texture": "#0"},
				"west": {"uv": [4.03, 14.53, 4.1, 14.925], "texture": "#0"},
				"up": {"uv": [4.1, 14.53, 1.03, 14.6], "texture": "#0"},
				"down": {"uv": [6.97, 14.53, 4.03, 14.484], "texture": "#0"}
			}
		},
		{
			"name": "side3",
			"from": [10.0425, 6.20711, 9.75],
			"to": [11.0425, 7.20711, 14.3],
			"rotation": {"angle": 45, "axis": "z", "origin": [10.06414, 6.55226, 12.56667]},
			"faces": {
				"north": {"uv": [2.53, 15.03, 2.97, 15.47], "texture": "#0"},
				"east": {"uv": [0.53, 15.03, 2.47, 15.47], "texture": "#0"},
				"south": {"uv": [5.03, 15.03, 5.47, 15.47], "texture": "#0"},
				"west": {"uv": [3.03, 15.03, 4.97, 15.47], "texture": "#0"},
				"up": {"uv": [2.97, 14.97, 2.53, 13.03], "texture": "#0"},
				"down": {"uv": [3.47, 13.03, 3.03, 14.97], "texture": "#0"}
			}
		},
		{
			"name": "side3",
			"from": [10.0425, 7.20711, 10.55],
			"to": [11.0425, 8.20711, 13.5],
			"rotation": {"angle": 45, "axis": "z", "origin": [10.06414, 6.55226, 12.56667]},
			"faces": {
				"north": {"uv": [2.03, 14.53, 2.47, 14.97], "texture": "#0"},
				"east": {"uv": [0.53, 14.53, 1.97, 14.97], "texture": "#0"},
				"south": {"uv": [4.03, 14.53, 4.47, 14.97], "texture": "#0"},
				"west": {"uv": [2.53, 14.53, 3.97, 14.97], "texture": "#0"},
				"up": {"uv": [2.47, 14.47, 2.03, 13.03], "texture": "#0"},
				"down": {"uv": [2.97, 13.03, 2.53, 14.47], "texture": "#0"}
			}
		},
		{
			"name": "side3",
			"from": [10.0425, 8.20711, 11.25],
			"to": [11.0425, 9.20711, 12.8],
			"rotation": {"angle": 45, "axis": "z", "origin": [10.06414, 6.55226, 12.56667]},
			"faces": {
				"north": {"uv": [1.03, 13.53, 1.47, 13.97], "texture": "#0"},
				"east": {"uv": [0.53, 13.53, 0.97, 13.97], "texture": "#0"},
				"south": {"uv": [2.03, 13.53, 2.47, 13.97], "texture": "#0"},
				"west": {"uv": [1.53, 13.53, 1.97, 13.97], "texture": "#0"},
				"up": {"uv": [1.47, 13.47, 1.03, 13.03], "texture": "#0"},
				"down": {"uv": [1.97, 13.03, 1.53, 13.47], "texture": "#0"}
			}
		},
		{
			"name": "side4",
			"from": [4.9575, 6.20711, 9.75],
			"to": [5.9575, 7.20711, 14.3],
			"rotation": {"angle": -45, "axis": "z", "origin": [5.93586, 6.55226, 12.56667]},
			"faces": {
				"north": {"uv": [2.97, 15.03, 2.53, 15.47], "texture": "#0"},
				"east": {"uv": [4.97, 15.03, 3.03, 15.47], "texture": "#0"},
				"south": {"uv": [5.47, 15.03, 5.03, 15.47], "texture": "#0"},
				"west": {"uv": [2.47, 15.03, 0.53, 15.47], "texture": "#0"},
				"up": {"uv": [2.53, 14.97, 2.97, 13.03], "texture": "#0"},
				"down": {"uv": [3.03, 13.03, 3.47, 14.97], "texture": "#0"}
			}
		},
		{
			"name": "side4",
			"from": [4.9575, 7.20711, 10.55],
			"to": [5.9575, 8.20711, 13.5],
			"rotation": {"angle": -45, "axis": "z", "origin": [5.93586, 6.55226, 12.56667]},
			"faces": {
				"north": {"uv": [2.47, 14.53, 2.03, 14.97], "texture": "#0"},
				"east": {"uv": [3.97, 14.53, 2.53, 14.97], "texture": "#0"},
				"south": {"uv": [4.47, 14.53, 4.03, 14.97], "texture": "#0"},
				"west": {"uv": [1.97, 14.53, 0.53, 14.97], "texture": "#0"},
				"up": {"uv": [2.03, 14.47, 2.47, 13.03], "texture": "#0"},
				"down": {"uv": [2.53, 13.03, 2.97, 14.47], "texture": "#0"}
			}
		},
		{
			"name": "side4",
			"from": [4.9575, 8.20711, 11.25],
			"to": [5.9575, 9.20711, 12.8],
			"rotation": {"angle": -45, "axis": "z", "origin": [5.93586, 6.55226, 12.56667]},
			"faces": {
				"north": {"uv": [1.47, 13.53, 1.03, 13.97], "texture": "#0"},
				"east": {"uv": [1.97, 13.53, 1.53, 13.97], "texture": "#0"},
				"south": {"uv": [2.47, 13.53, 2.03, 13.97], "texture": "#0"},
				"west": {"uv": [0.97, 13.53, 0.53, 13.97], "texture": "#0"},
				"up": {"uv": [1.03, 13.47, 1.47, 13.03], "texture": "#0"},
				"down": {"uv": [1.53, 13.03, 1.97, 13.47], "texture": "#0"}
			}
		}
	],
	"display": {
		"thirdperson_righthand": {
			"rotation": [70, -180, 0],
			"translation": [-6.5, 5, 5]
		},
		"ground": {
			"translation": [0, 4, 0]
		},
		"gui": {
			"rotation": [33.75, -22.75, 0],
			"translation": [-1.25, 2.75, 0]
		},
		"fixed": {
			"rotation": [-90, 0, 0],
			"translation": [0, 0, -15],
			"scale": [2, 2, 2]
		}
	},
	"groups": [
		{
			"name": "milkbox",
			"origin": [0, 0, 0],
			"color": 0,
			"children": [
				{
					"name": "milkbody",
					"origin": [2.5, 7, 2.29289],
					"color": 1,
					"children": [
						0,
						{
							"name": "tags",
							"origin": [3.5, 7, 2.29289],
							"color": 2,
							"children": [1, 2]
						}
					]
				},
				{
					"name": "roof",
					"origin": [0, 0, 0],
					"color": 3,
					"children": [
						3,
						4,
						{
							"name": "top",
							"origin": [0, 0, 0],
							"color": 4,
							"children": [5]
						}
					]
				},
				{
					"name": "side2",
					"origin": [7.8, 6.57574, 0.87574],
					"color": 5,
					"children": [6, 7, 8]
				},
				{
					"name": "side2",
					"origin": [7.8, 6.57574, 0.87574],
					"color": 5,
					"children": [9, 10, 11]
				}
			]
		},
		{
			"name": "milkbox",
			"origin": [0, 0, 0],
			"color": 0,
			"children": [
				{
					"name": "milkbody",
					"origin": [2.5, 7, 2.29289],
					"color": 1,
					"children": [
						12,
						{
							"name": "tags",
							"origin": [3.5, 7, 2.29289],
							"color": 2,
							"children": [13, 14]
						}
					]
				},
				{
					"name": "roof",
					"origin": [0, 0, 0],
					"color": 3,
					"children": [
						15,
						16,
						{
							"name": "top",
							"origin": [0, 0, 0],
							"color": 4,
							"children": [17]
						}
					]
				},
				{
					"name": "side2",
					"origin": [7.8, 6.57574, 0.87574],
					"color": 5,
					"children": [18, 19, 20]
				},
				{
					"name": "side2",
					"origin": [7.8, 6.57574, 0.87574],
					"color": 5,
					"children": [21, 22, 23]
				}
			]
		},
		{
			"name": "milkbox",
			"origin": [0, 0, 0],
			"color": 0,
			"children": [
				{
					"name": "milkbody",
					"origin": [2.5, 7, 2.29289],
					"color": 1,
					"children": [
						24,
						{
							"name": "tags",
							"origin": [3.5, 7, 2.29289],
							"color": 2,
							"children": [25, 26]
						}
					]
				},
				{
					"name": "roof",
					"origin": [0, 0, 0],
					"color": 3,
					"children": [
						27,
						28,
						{
							"name": "top",
							"origin": [0, 0, 0],
							"color": 4,
							"children": [29]
						}
					]
				},
				{
					"name": "side2",
					"origin": [7.8, 6.57574, 0.87574],
					"color": 5,
					"children": [30, 31, 32]
				},
				{
					"name": "side2",
					"origin": [7.8, 6.57574, 0.87574],
					"color": 5,
					"children": [33, 34, 35]
				}
			]
		}
	]
}