{
	"credit": "Made with Blockbench",
	"texture_size": [32, 32],
	"textures": {
		"0": "block/milkbox1b",
		"particle": "block/milkbox1b"
	},
	"elements": [
		{
			"name": "milkbody",
			"from": [1, 0, 6],
			"to": [7.02, 7, 12],
			"rotation": {"angle": 0, "axis": "y", "origin": [4, 0, 9]},
			"faces": {
				"north": {"uv": [3.03, 3.03, 5.97, 6.47], "texture": "#0"},
				"east": {"uv": [0.03, 3.03, 2.97, 6.47], "texture": "#0"},
				"south": {"uv": [9.03, 3.03, 11.97, 6.47], "texture": "#0"},
				"west": {"uv": [6.03, 3.03, 8.97, 6.47], "texture": "#0"},
				"up": {"uv": [5.97, 2.97, 3.03, 0.03], "texture": "#0"},
				"down": {"uv": [8.97, 0.03, 6.03, 2.97], "texture": "#0"}
			}
		},
		{
			"name": "tags",
			"from": [5.3, 0.2, 12.09289],
			"to": [7.3, 1.2, 12.09289],
			"rotation": {"angle": 0, "axis": "y", "origin": [4, 0, 9]},
			"faces": {
				"north": {"uv": [0.03, 0.03, 0.97, 0.47], "texture": "#0"},
				"east": {"uv": [0.03, 0.03, -0.016, 0.47], "texture": "#0"},
				"south": {"uv": [1.03, 0.03, 1.97, 0.47], "texture": "#0"},
				"west": {"uv": [1.03, 0.03, 0.984, 0.47], "texture": "#0"},
				"up": {"uv": [0.97, 0.03, 0.03, -0.016], "texture": "#0"},
				"down": {"uv": [1.97, 0.03, 1.03, -0.016], "texture": "#0"}
			}
		},
		{
			"name": "tags",
			"from": [0.9, 3.9, 6.99289],
			"to": [0.9, 5.9, 10.99289],
			"rotation": {"angle": 0, "axis": "y", "origin": [4, 0, 9]},
			"faces": {
				"north": {"uv": [10.03, 7.03, 9.984, 7.97], "texture": "#0"},
				"east": {"uv": [8.03, 7.03, 9.97, 7.97], "texture": "#0"},
				"south": {"uv": [12.03, 7.03, 11.984, 7.97], "texture": "#0"},
				"west": {"uv": [10.03, 7.03, 11.97, 7.97], "texture": "#0"},
				"up": {"uv": [10.03, 6.97, 9.984, 5.03], "texture": "#0"},
				"down": {"uv": [10.03, 5.03, 9.984, 6.97], "texture": "#0"}
			}
		},
		{
			"name": "roof",
			"from": [1.01, 2.82843, 15.47107],
			"to": [7.01, 7.02843, 16.07107],
			"rotation": {"angle": -45, "axis": "x", "origin": [4, 0, 9]},
			"faces": {
				"north": {"uv": [0.53, 7.53, 3.47, 9.47], "texture": "#0"},
				"east": {"uv": [0.53, 7.53, 0.484, 9.47], "texture": "#0"},
				"south": {"uv": [3.53, 7.53, 6.47, 9.47], "texture": "#0"},
				"west": {"uv": [3.53, 7.53, 3.484, 9.47], "texture": "#0"},
				"up": {"uv": [3.47, 7.53, 0.53, 7.484], "texture": "#0"},
				"down": {"uv": [6.47, 7.53, 3.53, 7.484], "texture": "#0"}
			}
		},
		{
			"name": "roof",
			"from": [1.01, 2.82843, 1.92887],
			"to": [7.01, 7.02843, 2.52887],
			"rotation": {"angle": 45, "axis": "x", "origin": [4, 0, 9]},
			"faces": {
				"north": {"uv": [0.53, 7.53, 3.47, 9.47], "texture": "#0"},
				"east": {"uv": [0.53, 7.53, 0.484, 9.47], "texture": "#0"},
				"south": {"uv": [3.53, 7.53, 6.47, 9.47], "texture": "#0"},
				"west": {"uv": [3.53, 7.53, 3.484, 9.47], "texture": "#0"},
				"up": {"uv": [3.47, 7.53, 0.53, 7.484], "texture": "#0"},
				"down": {"uv": [6.47, 7.53, 3.53, 7.484], "texture": "#0"}
			}
		},
		{
			"name": "top",
			"from": [0.995, 9.9, 8.9],
			"to": [6.995, 10.75, 9.1],
			"rotation": {"angle": 0, "axis": "y", "origin": [4, 0, 9]},
			"faces": {
				"north": {"uv": [1.03, 14.53, 4.1, 14.925], "texture": "#0"},
				"east": {"uv": [1.03, 14.53, 1.1, 14.925], "texture": "#0"},
				"south": {"uv": [4.03, 14.53, 7.1, 14.925], "texture": "#0"},
				"west": {"uv": [4.03, 14.53, 4.1, 14.925], "texture": "#0"},
				"up": {"uv": [4.1, 14.53, 1.03, 14.6], "texture": "#0"},
				"down": {"uv": [6.97, 14.53, 4.03, 14.484], "texture": "#0"}
			}
		},
		{
			"name": "side2",
			"from": [6.0425, 6.20711, 6.75],
			"to": [7.0425, 7.20711, 11.3],
			"rotation": {"angle": 45, "axis": "z", "origin": [6.06414, 6.55226, 9.56667]},
			"faces": {
				"north": {"uv": [2.53, 15.03, 2.97, 15.47], "texture": "#0"},
				"east": {"uv": [0.53, 15.03, 2.47, 15.47], "texture": "#0"},
				"south": {"uv": [5.03, 15.03, 5.47, 15.47], "texture": "#0"},
				"west": {"uv": [3.03, 15.03, 4.97, 15.47], "texture": "#0"},
				"up": {"uv": [2.97, 14.97, 2.53, 13.03], "texture": "#0"},
				"down": {"uv": [3.47, 13.03, 3.03, 14.97], "texture": "#0"}
			}
		},
		{
			"name": "side2",
			"from": [6.0425, 7.20711, 7.55],
			"to": [7.0425, 8.20711, 10.5],
			"rotation": {"angle": 45, "axis": "z", "origin": [6.06414, 6.55226, 9.56667]},
			"faces": {
				"north": {"uv": [2.03, 14.53, 2.47, 14.97], "texture": "#0"},
				"east": {"uv": [0.53, 14.53, 1.97, 14.97], "texture": "#0"},
				"south": {"uv": [4.03, 14.53, 4.47, 14.97], "texture": "#0"},
				"west": {"uv": [2.53, 14.53, 3.97, 14.97], "texture": "#0"},
				"up": {"uv": [2.47, 14.47, 2.03, 13.03], "texture": "#0"},
				"down": {"uv": [2.97, 13.03, 2.53, 14.47], "texture": "#0"}
			}
		},
		{
			"name": "side2",
			"from": [6.0425, 8.20711, 8.25],
			"to": [7.0425, 9.20711, 9.8],
			"rotation": {"angle": 45, "axis": "z", "origin": [6.06414, 6.55226, 9.56667]},
			"faces": {
				"north": {"uv": [1.03, 13.53, 1.47, 13.97], "texture": "#0"},
				"east": {"uv": [0.53, 13.53, 0.97, 13.97], "texture": "#0"},
				"south": {"uv": [2.03, 13.53, 2.47, 13.97], "texture": "#0"},
				"west": {"uv": [1.53, 13.53, 1.97, 13.97], "texture": "#0"},
				"up": {"uv": [1.47, 13.47, 1.03, 13.03], "texture": "#0"},
				"down": {"uv": [1.97, 13.03, 1.53, 13.47], "texture": "#0"}
			}
		},
		{
			"name": "side3",
			"from": [0.9575, 6.20711, 6.75],
			"to": [1.9575, 7.20711, 11.3],
			"rotation": {"angle": -45, "axis": "z", "origin": [1.93586, 6.55226, 9.56667]},
			"faces": {
				"north": {"uv": [2.97, 15.03, 2.53, 15.47], "texture": "#0"},
				"east": {"uv": [4.97, 15.03, 3.03, 15.47], "texture": "#0"},
				"south": {"uv": [5.47, 15.03, 5.03, 15.47], "texture": "#0"},
				"west": {"uv": [2.47, 15.03, 0.53, 15.47], "texture": "#0"},
				"up": {"uv": [2.53, 14.97, 2.97, 13.03], "texture": "#0"},
				"down": {"uv": [3.03, 13.03, 3.47, 14.97], "texture": "#0"}
			}
		},
		{
			"name": "side3",
			"from": [0.9575, 7.20711, 7.55],
			"to": [1.9575, 8.20711, 10.5],
			"rotation": {"angle": -45, "axis": "z", "origin": [1.93586, 6.55226, 9.56667]},
			"faces": {
				"north": {"uv": [2.47, 14.53, 2.03, 14.97], "texture": "#0"},
				"east": {"uv": [3.97, 14.53, 2.53, 14.97], "texture": "#0"},
				"south": {"uv": [4.47, 14.53, 4.03, 14.97], "texture": "#0"},
				"west": {"uv": [1.97, 14.53, 0.53, 14.97], "texture": "#0"},
				"up": {"uv": [2.03, 14.47, 2.47, 13.03], "texture": "#0"},
				"down": {"uv": [2.53, 13.03, 2.97, 14.47], "texture": "#0"}
			}
		},
		{
			"name": "side3",
			"from": [0.9575, 8.20711, 8.25],
			"to": [1.9575, 9.20711, 9.8],
			"rotation": {"angle": -45, "axis": "z", "origin": [1.93586, 6.55226, 9.56667]},
			"faces": {
				"north": {"uv": [1.47, 13.53, 1.03, 13.97], "texture": "#0"},
				"east": {"uv": [1.97, 13.53, 1.53, 13.97], "texture": "#0"},
				"south": {"uv": [2.47, 13.53, 2.03, 13.97], "texture": "#0"},
				"west": {"uv": [0.97, 13.53, 0.53, 13.97], "texture": "#0"},
				"up": {"uv": [1.03, 13.47, 1.47, 13.03], "texture": "#0"},
				"down": {"uv": [1.53, 13.03, 1.97, 13.47], "texture": "#0"}
			}
		},
		{
			"name": "milkbody",
			"from": [9, 0, 4],
			"to": [15.02, 7, 10],
			"rotation": {"angle": 0, "axis": "y", "origin": [12, 0, 7]},
			"faces": {
				"north": {"uv": [3.03, 3.03, 5.97, 6.47], "texture": "#0"},
				"east": {"uv": [0.03, 3.03, 2.97, 6.47], "texture": "#0"},
				"south": {"uv": [9.03, 3.03, 11.97, 6.47], "texture": "#0"},
				"west": {"uv": [6.03, 3.03, 8.97, 6.47], "texture": "#0"},
				"up": {"uv": [5.97, 2.97, 3.03, 0.03], "texture": "#0"},
				"down": {"uv": [8.97, 0.03, 6.03, 2.97], "texture": "#0"}
			}
		},
		{
			"name": "tags",
			"from": [13.3, 0.2, 10.09289],
			"to": [15.3, 1.2, 10.09289],
			"rotation": {"angle": 0, "axis": "y", "origin": [12, 0, 7]},
			"faces": {
				"north": {"uv": [0.03, 0.03, 0.97, 0.47], "texture": "#0"},
				"east": {"uv": [0.03, 0.03, -0.016, 0.47], "texture": "#0"},
				"south": {"uv": [1.03, 0.03, 1.97, 0.47], "texture": "#0"},
				"west": {"uv": [1.03, 0.03, 0.984, 0.47], "texture": "#0"},
				"up": {"uv": [0.97, 0.03, 0.03, -0.016], "texture": "#0"},
				"down": {"uv": [1.97, 0.03, 1.03, -0.016], "texture": "#0"}
			}
		},
		{
			"name": "tags",
			"from": [8.9, 3.9, 4.99289],
			"to": [8.9, 5.9, 8.99289],
			"rotation": {"angle": 0, "axis": "y", "origin": [12, 0, 7]},
			"faces": {
				"north": {"uv": [10.03, 7.03, 9.984, 7.97], "texture": "#0"},
				"east": {"uv": [8.03, 7.03, 9.97, 7.97], "texture": "#0"},
				"south": {"uv": [12.03, 7.03, 11.984, 7.97], "texture": "#0"},
				"west": {"uv": [10.03, 7.03, 11.97, 7.97], "texture": "#0"},
				"up": {"uv": [10.03, 6.97, 9.984, 5.03], "texture": "#0"},
				"down": {"uv": [10.03, 5.03, 9.984, 6.97], "texture": "#0"}
			}
		},
		{
			"name": "roof",
			"from": [9.01, 2.82843, 13.47107],
			"to": [15.01, 7.02843, 14.07107],
			"rotation": {"angle": -45, "axis": "x", "origin": [12, 0, 7]},
			"faces": {
				"north": {"uv": [0.53, 7.53, 3.47, 9.47], "texture": "#0"},
				"east": {"uv": [0.53, 7.53, 0.484, 9.47], "texture": "#0"},
				"south": {"uv": [3.53, 7.53, 6.47, 9.47], "texture": "#0"},
				"west": {"uv": [3.53, 7.53, 3.484, 9.47], "texture": "#0"},
				"up": {"uv": [3.47, 7.53, 0.53, 7.484], "texture": "#0"},
				"down": {"uv": [6.47, 7.53, 3.53, 7.484], "texture": "#0"}
			}
		},
		{
			"name": "roof",
			"from": [9.01, 2.82843, -0.07113],
			"to": [15.01, 7.02843, 0.52887],
			"rotation": {"angle": 45, "axis": "x", "origin": [12, 0, 7]},
			"faces": {
				"north": {"uv": [0.53, 7.53, 3.47, 9.47], "texture": "#0"},
				"east": {"uv": [0.53, 7.53, 0.484, 9.47], "texture": "#0"},
				"south": {"uv": [3.53, 7.53, 6.47, 9.47], "texture": "#0"},
				"west": {"uv": [3.53, 7.53, 3.484, 9.47], "texture": "#0"},
				"up": {"uv": [3.47, 7.53, 0.53, 7.484], "texture": "#0"},
				"down": {"uv": [6.47, 7.53, 3.53, 7.484], "texture": "#0"}
			}
		},
		{
			"name": "top",
			"from": [8.995, 9.9, 6.9],
			"to": [14.995, 10.75, 7.1],
			"rotation": {"angle": 0, "axis": "y", "origin": [12, 0, 7]},
			"faces": {
				"north": {"uv": [1.03, 14.53, 4.1, 14.925], "texture": "#0"},
				"east": {"uv": [1.03, 14.53, 1.1, 14.925], "texture": "#0"},
				"south": {"uv": [4.03, 14.53, 7.1, 14.925], "texture": "#0"},
				"west": {"uv": [4.03, 14.53, 4.1, 14.925], "texture": "#0"},
				"up": {"uv": [4.1, 14.53, 1.03, 14.6], "texture": "#0"},
				"down": {"uv": [6.97, 14.53, 4.03, 14.484], "texture": "#0"}
			}
		},
		{
			"name": "side2",
			"from": [14.0425, 6.20711, 4.75],
			"to": [15.0425, 7.20711, 9.3],
			"rotation": {"angle": 45, "axis": "z", "origin": [14.06414, 6.55226, 7.56667]},
			"faces": {
				"north": {"uv": [2.53, 15.03, 2.97, 15.47], "texture": "#0"},
				"east": {"uv": [0.53, 15.03, 2.47, 15.47], "texture": "#0"},
				"south": {"uv": [5.03, 15.03, 5.47, 15.47], "texture": "#0"},
				"west": {"uv": [3.03, 15.03, 4.97, 15.47], "texture": "#0"},
				"up": {"uv": [2.97, 14.97, 2.53, 13.03], "texture": "#0"},
				"down": {"uv": [3.47, 13.03, 3.03, 14.97], "texture": "#0"}
			}
		},
		{
			"name": "side2",
			"from": [14.0425, 7.20711, 5.55],
			"to": [15.0425, 8.20711, 8.5],
			"rotation": {"angle": 45, "axis": "z", "origin": [14.06414, 6.55226, 7.56667]},
			"faces": {
				"north": {"uv": [2.03, 14.53, 2.47, 14.97], "texture": "#0"},
				"east": {"uv": [0.53, 14.53, 1.97, 14.97], "texture": "#0"},
				"south": {"uv": [4.03, 14.53, 4.47, 14.97], "texture": "#0"},
				"west": {"uv": [2.53, 14.53, 3.97, 14.97], "texture": "#0"},
				"up": {"uv": [2.47, 14.47, 2.03, 13.03], "texture": "#0"},
				"down": {"uv": [2.97, 13.03, 2.53, 14.47], "texture": "#0"}
			}
		},
		{
			"name": "side2",
			"from": [14.0425, 8.20711, 6.25],
			"to": [15.0425, 9.20711, 7.8],
			"rotation": {"angle": 45, "axis": "z", "origin": [14.06414, 6.55226, 7.56667]},
			"faces": {
				"north": {"uv": [1.03, 13.53, 1.47, 13.97], "texture": "#0"},
				"east": {"uv": [0.53, 13.53, 0.97, 13.97], "texture": "#0"},
				"south": {"uv": [2.03, 13.53, 2.47, 13.97], "texture": "#0"},
				"west": {"uv": [1.53, 13.53, 1.97, 13.97], "texture": "#0"},
				"up": {"uv": [1.47, 13.47, 1.03, 13.03], "texture": "#0"},
				"down": {"uv": [1.97, 13.03, 1.53, 13.47], "texture": "#0"}
			}
		},
		{
			"name": "side3",
			"from": [8.9575, 6.20711, 4.75],
			"to": [9.9575, 7.20711, 9.3],
			"rotation": {"angle": -45, "axis": "z", "origin": [9.93586, 6.55226, 7.56667]},
			"faces": {
				"north": {"uv": [2.97, 15.03, 2.53, 15.47], "texture": "#0"},
				"east": {"uv": [4.97, 15.03, 3.03, 15.47], "texture": "#0"},
				"south": {"uv": [5.47, 15.03, 5.03, 15.47], "texture": "#0"},
				"west": {"uv": [2.47, 15.03, 0.53, 15.47], "texture": "#0"},
				"up": {"uv": [2.53, 14.97, 2.97, 13.03], "texture": "#0"},
				"down": {"uv": [3.03, 13.03, 3.47, 14.97], "texture": "#0"}
			}
		},
		{
			"name": "side3",
			"from": [8.9575, 7.20711, 5.55],
			"to": [9.9575, 8.20711, 8.5],
			"rotation": {"angle": -45, "axis": "z", "origin": [9.93586, 6.55226, 7.56667]},
			"faces": {
				"north": {"uv": [2.47, 14.53, 2.03, 14.97], "texture": "#0"},
				"east": {"uv": [3.97, 14.53, 2.53, 14.97], "texture": "#0"},
				"south": {"uv": [4.47, 14.53, 4.03, 14.97], "texture": "#0"},
				"west": {"uv": [1.97, 14.53, 0.53, 14.97], "texture": "#0"},
				"up": {"uv": [2.03, 14.47, 2.47, 13.03], "texture": "#0"},
				"down": {"uv": [2.53, 13.03, 2.97, 14.47], "texture": "#0"}
			}
		},
		{
			"name": "side3",
			"from": [8.9575, 8.20711, 6.25],
			"to": [9.9575, 9.20711, 7.8],
			"rotation": {"angle": -45, "axis": "z", "origin": [9.93586, 6.55226, 7.56667]},
			"faces": {
				"north": {"uv": [1.47, 13.53, 1.03, 13.97], "texture": "#0"},
				"east": {"uv": [1.97, 13.53, 1.53, 13.97], "texture": "#0"},
				"south": {"uv": [2.47, 13.53, 2.03, 13.97], "texture": "#0"},
				"west": {"uv": [0.97, 13.53, 0.53, 13.97], "texture": "#0"},
				"up": {"uv": [1.03, 13.47, 1.47, 13.03], "texture": "#0"},
				"down": {"uv": [1.53, 13.03, 1.97, 13.47], "texture": "#0"}
			}
		}
	],
	"display": {
		"thirdperson_righthand": {
			"rotation": [70, -180, 0],
			"translation": [-6.5, 3, 5]
		},
		"ground": {
			"translation": [0, 4, 0]
		},
		"gui": {
			"rotation": [33.75, -22.75, 0],
			"translation": [0, 2.75, 0]
		},
		"fixed": {
			"rotation": [-90, 0, 0],
			"translation": [0, 0, -15],
			"scale": [2, 2, 2]
		}
	},
	"groups": [
		{
			"name": "milkbox",
			"origin": [0, 0, 0],
			"color": 0,
			"children": [
				{
					"name": "milkbody",
					"origin": [2.5, 7, 2.29289],
					"color": 1,
					"children": [
						0,
						{
							"name": "tags",
							"origin": [3.5, 7, 2.29289],
							"color": 2,
							"children": [1, 2]
						}
					]
				},
				{
					"name": "roof",
					"origin": [0, 0, 0],
					"color": 3,
					"children": [
						3,
						4,
						{
							"name": "top",
							"origin": [0, 0, 0],
							"color": 4,
							"children": [5]
						}
					]
				},
				{
					"name": "side2",
					"origin": [7.8, 6.57574, 0.87574],
					"color": 5,
					"children": [6, 7, 8]
				},
				{
					"name": "side2",
					"origin": [7.8, 6.57574, 0.87574],
					"color": 5,
					"children": [9, 10, 11]
				}
			]
		},
		{
			"name": "milkbox",
			"origin": [0, 0, 0],
			"color": 0,
			"children": [
				{
					"name": "milkbody",
					"origin": [2.5, 7, 2.29289],
					"color": 1,
					"children": [
						12,
						{
							"name": "tags",
							"origin": [3.5, 7, 2.29289],
							"color": 2,
							"children": [13, 14]
						}
					]
				},
				{
					"name": "roof",
					"origin": [0, 0, 0],
					"color": 3,
					"children": [
						15,
						16,
						{
							"name": "top",
							"origin": [0, 0, 0],
							"color": 4,
							"children": [17]
						}
					]
				},
				{
					"name": "side2",
					"origin": [7.8, 6.57574, 0.87574],
					"color": 5,
					"children": [18, 19, 20]
				},
				{
					"name": "side2",
					"origin": [7.8, 6.57574, 0.87574],
					"color": 5,
					"children": [21, 22, 23]
				}
			]
		}
	]
}