{
	"credit": "Made with Blockbench",
	"texture_size": [32, 32],
	"textures": {
		"0": "block/paper2",
		"particle": "block/paper2"
	},
	"elements": [
		{
			"from": [1, 5.25, 0.75],
			"to": [9, 14.25, 0.75],
			"rotation": {"angle": 0, "axis": "y", "origin": [0, 0.25, 0]},
			"faces": {
				"north": {"uv": [0.016, 0.016, 3.984, 4.484], "texture": "#0"},
				"east": {"uv": [0.016, 0.016, 0.016, 4.484], "texture": "#0"},
				"south": {"uv": [4.016, 0.016, 7.984, 4.484], "texture": "#0"},
				"west": {"uv": [0.016, 0.016, 0.016, 4.484], "texture": "#0"},
				"up": {"uv": [3.984, 0.016, 0.016, 0.016], "texture": "#0"},
				"down": {"uv": [3.984, 0.016, 0.016, 0.016], "texture": "#0"}
			}
		},
		{
			"from": [3.5, 13.75, 0.9],
			"to": [6.5, 14.75, 0.9],
			"rotation": {"angle": 0, "axis": "y", "origin": [0, 0.25, 0]},
			"faces": {
				"north": {"uv": [8.016, 1.016, 9.484, 1.484], "texture": "#0"},
				"east": {"uv": [0.016, 0.016, 0.016, 0.484], "texture": "#0"},
				"south": {"uv": [8.016, 1.516, 9.484, 1.984], "texture": "#0"},
				"west": {"uv": [0.016, 0.016, 0.016, 0.484], "texture": "#0"},
				"up": {"uv": [1.484, 0.016, 0.016, 0.016], "texture": "#0"},
				"down": {"uv": [1.484, 0.016, 0.016, 0.016], "texture": "#0"}
			}
		},
		{
			"from": [7, 3.25, 0.25],
			"to": [15, 10.25, 0.25],
			"rotation": {"angle": 0, "axis": "y", "origin": [0, -0.75, 0]},
			"faces": {
				"north": {"uv": [0.016, 4.516, 3.984, 7.984], "texture": "#0"},
				"east": {"uv": [0.016, 0.016, 0.016, 3.484], "texture": "#0"},
				"south": {"uv": [4.016, 4.516, 7.984, 7.984], "texture": "#0"},
				"west": {"uv": [0.016, 0.016, 0.016, 3.484], "texture": "#0"},
				"up": {"uv": [3.984, 0.016, 0.016, 0.016], "texture": "#0"},
				"down": {"uv": [3.984, 0.016, 0.016, 0.016], "texture": "#0"}
			}
		},
		{
			"from": [7, 1.28768, 0.44142],
			"to": [15, 3.28768, 0.44142],
			"rotation": {"angle": -22.5, "axis": "x", "origin": [11, 2.78768, 0.44142]},
			"faces": {
				"north": {"uv": [0.016, 8.016, 3.984, 8.984], "texture": "#0"},
				"east": {"uv": [0.016, 0.016, 0.016, 0.984], "texture": "#0"},
				"south": {"uv": [8.016, 0.016, 11.984, 0.984], "texture": "#0"},
				"west": {"uv": [0.016, 0.016, 0.016, 0.984], "texture": "#0"},
				"up": {"uv": [3.984, 0.016, 0.016, 0.016], "texture": "#0"},
				"down": {"uv": [3.984, 0.016, 0.016, 0.016], "texture": "#0"}
			}
		},
		{
			"from": [9.5, 9.75, 0.5],
			"to": [12.5, 10.75, 0.5],
			"rotation": {"angle": 0, "axis": "y", "origin": [0, 0.25, 0]},
			"faces": {
				"north": {"uv": [8.016, 2.016, 9.484, 2.484], "texture": "#0"},
				"east": {"uv": [0.016, 0.016, 0.016, 0.484], "texture": "#0"},
				"south": {"uv": [8.016, 2.516, 9.484, 2.984], "texture": "#0"},
				"west": {"uv": [0.016, 0.016, 0.016, 0.484], "texture": "#0"},
				"up": {"uv": [1.484, 0.016, 0.016, 0.016], "texture": "#0"},
				"down": {"uv": [1.484, 0.016, 0.016, 0.016], "texture": "#0"}
			}
		}
	],
	"display": {
		"thirdperson_righthand": {
			"rotation": [65, -180, 0],
			"translation": [0, 3.75, -1.5],
			"scale": [0.5, 0.5, 0.5]
		},
		"firstperson_righthand": {
			"translation": [2.75, -0.5, 5]
		},
		"fixed": {
			"rotation": [0, -180, 0],
			"translation": [0, 0, -15],
			"scale": [2, 2, 2]
		}
	},
	"groups": [
		{
			"name": "paper2",
			"origin": [8, 8, 8],
			"color": 0,
			"children": [
				{
					"name": "paper",
					"origin": [8, 8, 8],
					"color": 0,
					"children": [
						0,
						{
							"name": "tape",
							"origin": [8, 8, 8],
							"color": 0,
							"children": [1]
						}
					]
				},
				{
					"name": "paper",
					"origin": [8, 8, 8],
					"color": 0,
					"children": [
						2,
						3,
						{
							"name": "tape",
							"origin": [8, 8, 8],
							"color": 0,
							"children": [4]
						}
					]
				}
			]
		}
	]
}