{
	"credit": "Made with Blockbench",
	"textures": {
		"1": "block/paper1",
		"particle": "block/paper1"
	},
	"elements": [
		{
			"from": [9, 1.5, 0.3],
			"to": [15, 5.5, 0.3],
			"rotation": {"angle": 0, "axis": "y", "origin": [9.18125, 9.21605, 0.51851]},
			"faces": {
				"north": {"uv": [0.032, 5.032, 2.968, 6.968], "texture": "#1"},
				"east": {"uv": [0.032, 0.032, -0.06, 1.968], "texture": "#1"},
				"south": {"uv": [3.5, 4.032, 6.5, 5.968], "texture": "#1"},
				"west": {"uv": [0.032, 0.032, -0.06, 1.968], "texture": "#1"},
				"up": {"uv": [0.032, -0.06, 2.968, 0.032], "texture": "#1"},
				"down": {"uv": [0.032, -0.06, 2.968, 0.032], "texture": "#1"}
			}
		},
		{
			"from": [10.55, 5, 0.5],
			"to": [13.55, 6, 0.5],
			"rotation": {"angle": 0, "axis": "z", "origin": [9.18125, 9.21605, 0.51851]},
			"faces": {
				"north": {"uv": [7.032, 0.032, 8.5, 0.5], "texture": "#1"},
				"east": {"uv": [0.032, 0.032, -0.06, 0.5], "texture": "#1"},
				"south": {"uv": [0.032, 7.032, 1.5, 7.5], "texture": "#1"},
				"west": {"uv": [0.032, 0.032, -0.06, 0.5], "texture": "#1"},
				"up": {"uv": [0.032, -0.06, 1.5, 0.032], "texture": "#1"},
				"down": {"uv": [0.032, -0.06, 1.5, 0.032], "texture": "#1"}
			}
		},
		{
			"from": [9, 10, 0.3],
			"to": [15, 14, 0.3],
			"rotation": {"angle": 0, "axis": "y", "origin": [9.18125, 9.21605, 0.51851]},
			"faces": {
				"north": {"uv": [6.032, 6.032, 8.968, 7.968], "texture": "#1"},
				"east": {"uv": [0.032, 0.032, -0.06, 1.968], "texture": "#1"},
				"south": {"uv": [3.032, 6.032, 5.968, 7.968], "texture": "#1"},
				"west": {"uv": [0.032, 0.032, -0.06, 1.968], "texture": "#1"},
				"up": {"uv": [0.032, -0.06, 2.968, 0.032], "texture": "#1"},
				"down": {"uv": [0.032, -0.06, 2.968, 0.032], "texture": "#1"}
			}
		},
		{
			"from": [9, 8.02394, 0.61664],
			"to": [15, 10.02394, 0.61664],
			"rotation": {"angle": -22.5, "axis": "x", "origin": [9.18125, 9.21605, 0.51851]},
			"faces": {
				"north": {"uv": [6.5, 5.032, 9.5, 5.968], "texture": "#1"},
				"east": {"uv": [0.032, 0.032, -0.06, 0.968], "texture": "#1"},
				"south": {"uv": [6.5, 4.032, 9.5, 4.968], "texture": "#1"},
				"west": {"uv": [0.032, 0.032, -0.06, 0.968], "texture": "#1"},
				"up": {"uv": [0.032, -0.06, 2.968, 0.032], "texture": "#1"},
				"down": {"uv": [0.032, -0.06, 2.968, 0.032], "texture": "#1"}
			}
		},
		{
			"from": [10.45, 13.5, 0.5],
			"to": [13.45, 14.5, 0.5],
			"rotation": {"angle": 0, "axis": "z", "origin": [9.18125, 9.21605, 0.51851]},
			"faces": {
				"north": {"uv": [7.032, 1.032, 8.5, 1.5], "texture": "#1"},
				"east": {"uv": [0.032, 0.032, -0.06, 0.5], "texture": "#1"},
				"south": {"uv": [7.032, 0.5, 8.5, 0.968], "texture": "#1"},
				"west": {"uv": [0.032, 0.032, -0.06, 0.5], "texture": "#1"},
				"up": {"uv": [0.032, -0.06, 1.5, 0.032], "texture": "#1"},
				"down": {"uv": [0.032, -0.06, 1.5, 0.032], "texture": "#1"}
			}
		},
		{
			"from": [1, 8, 0.3],
			"to": [8, 13, 0.3],
			"rotation": {"angle": 0, "axis": "y", "origin": [9.18125, 9.21605, 0.51851]},
			"faces": {
				"north": {"uv": [0.032, 2.5, 3.5, 4.968], "texture": "#1"},
				"east": {"uv": [0.032, 0.032, -0.06, 2.5], "texture": "#1"},
				"south": {"uv": [0.032, 0.032, 3.5, 2.5], "texture": "#1"},
				"west": {"uv": [0.032, 0.032, -0.06, 2.5], "texture": "#1"},
				"up": {"uv": [0.032, -0.06, 3.5, 0.032], "texture": "#1"},
				"down": {"uv": [0.032, -0.06, 3.5, 0.032], "texture": "#1"}
			}
		},
		{
			"from": [1, 4.17618, -0.14873],
			"to": [8, 8.17618, -0.14873],
			"rotation": {"angle": -22.5, "axis": "x", "origin": [9.18125, 9.21605, 0.51851]},
			"faces": {
				"north": {"uv": [3.5, 2.032, 6.968, 3.968], "texture": "#1"},
				"east": {"uv": [0.032, 0.032, -0.06, 1.968], "texture": "#1"},
				"south": {"uv": [3.5, 0.032, 6.968, 1.968], "texture": "#1"},
				"west": {"uv": [0.032, 0.032, -0.06, 1.968], "texture": "#1"},
				"up": {"uv": [0.032, -0.06, 3.5, 0.032], "texture": "#1"},
				"down": {"uv": [0.032, -0.06, 3.5, 0.032], "texture": "#1"}
			}
		},
		{
			"from": [2.95, 12.5, 0.5],
			"to": [5.95, 13.5, 0.5],
			"rotation": {"angle": 0, "axis": "y", "origin": [9.18125, 9.21605, 0.51851]},
			"faces": {
				"north": {"uv": [7.032, 1.5, 8.5, 1.968], "texture": "#1"},
				"east": {"uv": [0.032, 0.032, -0.06, 0.5], "texture": "#1"},
				"south": {"uv": [1.5, 7.032, 2.968, 7.5], "texture": "#1"},
				"west": {"uv": [0.032, 0.032, -0.06, 0.5], "texture": "#1"},
				"up": {"uv": [0.032, -0.06, 1.5, 0.032], "texture": "#1"},
				"down": {"uv": [0.032, -0.06, 1.5, 0.032], "texture": "#1"}
			}
		}
	],
	"display": {
		"thirdperson_righthand": {
			"rotation": [65, -180, 0],
			"translation": [0, 3.75, -1.5],
			"scale": [0.5, 0.5, 0.5]
		},
		"firstperson_righthand": {
			"translation": [2.75, -0.5, 5]
		},
		"fixed": {
			"rotation": [0, -180, 0],
			"translation": [0, 0, -15],
			"scale": [2, 2, 2]
		}
	},
	"groups": [
		{
			"name": "paper1",
			"origin": [8, 8, 8],
			"color": 0,
			"children": [
				{
					"name": "paper",
					"origin": [8, 8, 8],
					"color": 0,
					"children": [
						0,
						{
							"name": "tape",
							"origin": [0, 0, 0],
							"color": 0,
							"children": [1]
						}
					]
				},
				{
					"name": "paper",
					"origin": [8, 8, 8],
					"color": 0,
					"children": [
						2,
						3,
						{
							"name": "tape",
							"origin": [0, 0, 0],
							"color": 0,
							"children": [4]
						}
					]
				},
				{
					"name": "paper",
					"origin": [8, 8, 8],
					"color": 0,
					"children": [
						5,
						6,
						{
							"name": "tape",
							"origin": [0, 0, 0],
							"color": 0,
							"children": [7]
						}
					]
				}
			]
		}
	]
}