{"credit":"Made with Blockbench","textures":{"0":"block/canasto1","1":"block/flowers/rose_red_top","2":"block/flowers/daisy_bottom","particle":"block/canasto1"},"elements":[{"from":[2.65385,0,3.37999],"to":[13.65385,1,12.37999],"rotation":{"angle":0,"axis":"y","origin":[8.65385,0,7.37999]},"faces":{"north":{"uv":[0,8,9,9],"texture":"#0"},"east":{"uv":[0,8,9,9],"texture":"#0"},"south":{"uv":[0,8,9,9],"texture":"#0"},"west":{"uv":[0,8,9,9],"texture":"#0"},"up":{"uv":[0,8,9,9],"texture":"#0"},"down":{"uv":[0,8,9,9],"texture":"#0"}}},{"from":[13.65385,1,3.37999],"to":[14.65385,9,12.37999],"rotation":{"angle":0,"axis":"y","origin":[7.65385,1,7.37999]},"faces":{"north":{"uv":[0,0,1,8],"texture":"#0"},"east":{"uv":[3,0,12,8],"texture":"#0"},"south":{"uv":[0,0,1,8],"texture":"#0"},"west":{"uv":[0,8,9,15],"texture":"#0"},"up":{"uv":[3,0,12,1],"rotation":90,"texture":"#0"},"down":{"uv":[0,8,1,15],"texture":"#0"}}},{"from":[1.65385,1,3.37999],"to":[2.65385,9,12.37999],"rotation":{"angle":0,"axis":"y","origin":[7.65385,1,7.37999]},"faces":{"north":{"uv":[0,0,1,8],"texture":"#0"},"east":{"uv":[0,8,9,15],"texture":"#0"},"south":{"uv":[0,0,1,8],"texture":"#0"},"west":{"uv":[3,0,12,8],"texture":"#0"},"up":{"uv":[3,0,12,1],"rotation":90,"texture":"#0"},"down":{"uv":[0,8,10,9],"texture":"#0"}}},{"from":[1.65385,1,2.37999],"to":[14.65385,9,3.37999],"rotation":{"angle":0,"axis":"y","origin":[8.65385,0,8.37999]},"faces":{"north":{"uv":[0,0,13,8],"texture":"#0"},"east":{"uv":[12,0,13,8],"texture":"#0"},"south":{"uv":[0,8,10,15],"texture":"#0"},"west":{"uv":[2,0,3,8],"texture":"#0"},"up":{"uv":[0,0,13,1],"rotation":180,"texture":"#0"},"down":{"uv":[0,8,10,14],"rotation":180,"texture":"#0"}}},{"from":[1.65385,1,12.37999],"to":[14.65385,9,13.37999],"rotation":{"angle":0,"axis":"y","origin":[8.65385,0,7.37999]},"faces":{"north":{"uv":[0,8,10,15],"texture":"#0"},"east":{"uv":[0,0,1,8],"texture":"#0"},"south":{"uv":[0,0,13,8],"texture":"#0"},"west":{"uv":[12,0,13,8],"texture":"#0"},"up":{"uv":[0,0,13,1],"texture":"#0"},"down":{"uv":[0,8,10,9],"texture":"#0"}}},{"from":[7.65385,15.10346,8.98534],"to":[8.65385,16.10346,9.73534],"rotation":{"angle":0,"axis":"x","origin":[8.15385,15.60346,18.23534]},"faces":{"north":{"uv":[0,1,1,2],"rotation":180,"texture":"#0"},"east":{"uv":[0,1,1,2],"rotation":90,"texture":"#0"},"south":{"uv":[0,1,1,2],"texture":"#0"},"west":{"uv":[0,1,1,2],"rotation":270,"texture":"#0"},"up":{"uv":[0,1,1,2],"texture":"#0"},"down":{"uv":[0,1,1,2],"rotation":180,"texture":"#0"}}},{"from":[7.65385,11.88871,9.89697],"to":[8.65385,12.88871,10.89697],"rotation":{"angle":22.5,"axis":"x","origin":[8.15385,12.38871,17.39697]},"faces":{"north":{"uv":[0,1,1,2],"rotation":180,"texture":"#0"},"east":{"uv":[0,1,1,2],"rotation":90,"texture":"#0"},"south":{"uv":[0,1,1,2],"texture":"#0"},"west":{"uv":[0,1,1,2],"rotation":270,"texture":"#0"},"up":{"uv":[0,1,1,2],"texture":"#0"},"down":{"uv":[0,1,1,2],"rotation":180,"texture":"#0"}}},{"from":[7.65385,11.88871,8.89697],"to":[8.65385,12.88871,9.89697],"rotation":{"angle":22.5,"axis":"x","origin":[8.15385,12.38871,17.39697]},"faces":{"north":{"uv":[0,1,1,2],"rotation":180,"texture":"#0"},"east":{"uv":[0,1,1,2],"rotation":90,"texture":"#0"},"south":{"uv":[0,1,1,2],"texture":"#0"},"west":{"uv":[0,1,1,2],"rotation":270,"texture":"#0"},"up":{"uv":[0,1,1,2],"texture":"#0"},"down":{"uv":[0,1,1,2],"rotation":180,"texture":"#0"}}},{"from":[7.65385,14.71677,12.49731],"to":[8.65385,15.71677,13.49731],"rotation":{"angle":-45,"axis":"x","origin":[8.15385,13.21677,12.99731]},"faces":{"north":{"uv":[0,1,1,2],"texture":"#0"},"east":{"uv":[0,1,1,2],"texture":"#0"},"south":{"uv":[0,1,1,2],"texture":"#0"},"west":{"uv":[0,1,1,2],"texture":"#0"},"up":{"uv":[0,1,1,2],"texture":"#0"},"down":{"uv":[0,1,1,2],"texture":"#0"}}},{"from":[7.65385,13.71677,12.49731],"to":[8.65385,14.71677,13.49731],"rotation":{"angle":-45,"axis":"x","origin":[8.15385,13.21677,12.99731]},"faces":{"north":{"uv":[0,1,1,2],"texture":"#0"},"east":{"uv":[0,1,1,2],"texture":"#0"},"south":{"uv":[0,1,1,2],"texture":"#0"},"west":{"uv":[0,1,1,2],"texture":"#0"},"up":{"uv":[0,1,1,2],"texture":"#0"},"down":{"uv":[0,1,1,2],"texture":"#0"}}},{"from":[7.65385,12.7706,12.22671],"to":[8.65385,13.7706,13.22671],"rotation":{"angle":-22.5,"axis":"x","origin":[8.15385,13.2706,12.72671]},"faces":{"north":{"uv":[0,1,1,2],"texture":"#0"},"east":{"uv":[0,1,1,2],"texture":"#0"},"south":{"uv":[0,1,1,2],"texture":"#0"},"west":{"uv":[0,1,1,2],"texture":"#0"},"up":{"uv":[0,1,1,2],"texture":"#0"},"down":{"uv":[0,1,1,2],"texture":"#0"}}},{"from":[7.65385,12,12.37999],"to":[8.65385,13,13.37999],"rotation":{"angle":0,"axis":"y","origin":[1.65385,9,7.37999]},"faces":{"north":{"uv":[0,1,1,2],"texture":"#0"},"east":{"uv":[0,1,1,2],"texture":"#0"},"south":{"uv":[0,1,1,2],"texture":"#0"},"west":{"uv":[0,1,1,2],"texture":"#0"},"up":{"uv":[0,1,1,2],"texture":"#0"},"down":{"uv":[0,1,1,2],"texture":"#0"}}},{"from":[7.65385,11,12.37999],"to":[8.65385,12,13.37999],"rotation":{"angle":0,"axis":"y","origin":[1.65385,9,7.37999]},"faces":{"north":{"uv":[0,1,1,2],"texture":"#0"},"east":{"uv":[0,1,1,2],"texture":"#0"},"south":{"uv":[0,1,1,2],"texture":"#0"},"west":{"uv":[0,1,1,2],"texture":"#0"},"up":{"uv":[0,1,1,2],"texture":"#0"},"down":{"uv":[0,1,1,2],"texture":"#0"}}},{"from":[7.65385,10,12.37999],"to":[8.65385,11,13.37999],"rotation":{"angle":0,"axis":"y","origin":[1.65385,9,7.37999]},"faces":{"north":{"uv":[0,1,1,2],"texture":"#0"},"east":{"uv":[0,1,1,2],"texture":"#0"},"south":{"uv":[0,1,1,2],"texture":"#0"},"west":{"uv":[0,1,1,2],"texture":"#0"},"up":{"uv":[0,1,1,2],"texture":"#0"},"down":{"uv":[0,1,1,2],"texture":"#0"}}},{"from":[7.65385,15.10346,8.02465],"to":[8.65385,16.10346,9.02465],"rotation":{"angle":0,"axis":"x","origin":[8.15385,15.60346,1.52465]},"faces":{"north":{"uv":[0,1,1,2],"rotation":180,"texture":"#0"},"east":{"uv":[0,1,1,2],"rotation":270,"texture":"#0"},"south":{"uv":[0,1,1,2],"texture":"#0"},"west":{"uv":[0,1,1,2],"rotation":90,"texture":"#0"},"up":{"uv":[0,1,1,2],"rotation":180,"texture":"#0"},"down":{"uv":[0,1,1,2],"texture":"#0"}}},{"from":[7.65385,15.10346,7.02465],"to":[8.65385,16.10346,8.02465],"rotation":{"angle":0,"axis":"x","origin":[8.15385,15.60346,1.52465]},"faces":{"north":{"uv":[0,1,1,2],"rotation":180,"texture":"#0"},"east":{"uv":[0,1,1,2],"rotation":270,"texture":"#0"},"south":{"uv":[0,1,1,2],"texture":"#0"},"west":{"uv":[0,1,1,2],"rotation":90,"texture":"#0"},"up":{"uv":[0,1,1,2],"rotation":180,"texture":"#0"},"down":{"uv":[0,1,1,2],"texture":"#0"}}},{"from":[7.65385,15.10346,6.02465],"to":[8.65385,16.10346,7.02465],"rotation":{"angle":0,"axis":"x","origin":[8.15385,15.60346,1.52465]},"faces":{"north":{"uv":[0,1,1,2],"rotation":180,"texture":"#0"},"east":{"uv":[0,1,1,2],"rotation":270,"texture":"#0"},"south":{"uv":[0,1,1,2],"texture":"#0"},"west":{"uv":[0,1,1,2],"rotation":90,"texture":"#0"},"up":{"uv":[0,1,1,2],"rotation":180,"texture":"#0"},"down":{"uv":[0,1,1,2],"texture":"#0"}}},{"from":[7.65385,13.41944,5.55853],"to":[8.65385,14.41944,6.55853],"rotation":{"angle":-22.5,"axis":"x","origin":[8.15385,13.91944,2.05853]},"faces":{"north":{"uv":[0,1,1,2],"rotation":180,"texture":"#0"},"east":{"uv":[0,1,1,2],"rotation":270,"texture":"#0"},"south":{"uv":[0,1,1,2],"texture":"#0"},"west":{"uv":[0,1,1,2],"rotation":90,"texture":"#0"},"up":{"uv":[0,1,1,2],"rotation":180,"texture":"#0"},"down":{"uv":[0,1,1,2],"texture":"#0"}}},{"from":[7.65385,14.5675,4.33017],"to":[8.65385,15.5675,5.33017],"rotation":{"angle":-22.5,"axis":"x","origin":[8.15385,15.0675,4.83017]},"faces":{"north":{"uv":[0,1,1,2],"rotation":180,"texture":"#0"},"east":{"uv":[0,1,1,2],"rotation":270,"texture":"#0"},"south":{"uv":[0,1,1,2],"texture":"#0"},"west":{"uv":[0,1,1,2],"rotation":90,"texture":"#0"},"up":{"uv":[0,1,1,2],"rotation":180,"texture":"#0"},"down":{"uv":[0,1,1,2],"texture":"#0"}}},{"from":[7.65385,14.71677,2.26267],"to":[8.65385,15.71677,3.26267],"rotation":{"angle":45,"axis":"x","origin":[8.15385,13.21677,2.76267]},"faces":{"north":{"uv":[0,1,1,2],"texture":"#0"},"east":{"uv":[0,1,1,2],"texture":"#0"},"south":{"uv":[0,1,1,2],"texture":"#0"},"west":{"uv":[0,1,1,2],"texture":"#0"},"up":{"uv":[0,1,1,2],"texture":"#0"},"down":{"uv":[0,1,1,2],"texture":"#0"}}},{"from":[7.65385,13.71677,2.26267],"to":[8.65385,14.71677,3.26267],"rotation":{"angle":45,"axis":"x","origin":[8.15385,13.21677,2.76267]},"faces":{"north":{"uv":[0,1,1,2],"texture":"#0"},"east":{"uv":[0,1,1,2],"texture":"#0"},"south":{"uv":[0,1,1,2],"texture":"#0"},"west":{"uv":[0,1,1,2],"texture":"#0"},"up":{"uv":[0,1,1,2],"texture":"#0"},"down":{"uv":[0,1,1,2],"texture":"#0"}}},{"from":[7.65385,12.7706,2.53327],"to":[8.65385,13.7706,3.53327],"rotation":{"angle":22.5,"axis":"x","origin":[8.15385,13.2706,3.03327]},"faces":{"north":{"uv":[0,1,1,2],"texture":"#0"},"east":{"uv":[0,1,1,2],"texture":"#0"},"south":{"uv":[0,1,1,2],"texture":"#0"},"west":{"uv":[0,1,1,2],"texture":"#0"},"up":{"uv":[0,1,1,2],"texture":"#0"},"down":{"uv":[0,1,1,2],"texture":"#0"}}},{"from":[7.65385,12,2.37999],"to":[8.65385,13,3.37999],"rotation":{"angle":0,"axis":"y","origin":[1.65385,9,7.37999]},"faces":{"north":{"uv":[0,1,1,2],"texture":"#0"},"east":{"uv":[0,1,1,2],"texture":"#0"},"south":{"uv":[0,1,1,2],"texture":"#0"},"west":{"uv":[0,1,1,2],"texture":"#0"},"up":{"uv":[0,1,1,2],"texture":"#0"},"down":{"uv":[0,1,1,2],"texture":"#0"}}},{"from":[7.65385,11,2.37999],"to":[8.65385,12,3.37999],"rotation":{"angle":0,"axis":"y","origin":[1.65385,9,7.37999]},"faces":{"north":{"uv":[0,1,1,2],"texture":"#0"},"east":{"uv":[0,1,1,2],"texture":"#0"},"south":{"uv":[0,1,1,2],"texture":"#0"},"west":{"uv":[0,1,1,2],"texture":"#0"},"up":{"uv":[0,1,1,2],"texture":"#0"},"down":{"uv":[0,1,1,2],"texture":"#0"}}},{"from":[7.65385,10,2.37999],"to":[8.65385,11,3.37999],"rotation":{"angle":0,"axis":"y","origin":[1.65385,9,7.37999]},"faces":{"north":{"uv":[0,1,1,2],"texture":"#0"},"east":{"uv":[0,1,1,2],"texture":"#0"},"south":{"uv":[0,1,1,2],"texture":"#0"},"west":{"uv":[0,1,1,2],"texture":"#0"},"up":{"uv":[0,1,1,2],"texture":"#0"},"down":{"uv":[0,1,1,2],"texture":"#0"}}},{"from":[7.65385,9,2.37999],"to":[8.65385,10,3.37999],"rotation":{"angle":0,"axis":"y","origin":[1.65385,9,7.37999]},"faces":{"north":{"uv":[0,1,1,2],"texture":"#0"},"east":{"uv":[0,1,1,2],"texture":"#0"},"south":{"uv":[0,1,1,2],"texture":"#0"},"west":{"uv":[0,1,1,2],"texture":"#0"},"up":{"uv":[0,1,1,2],"texture":"#0"},"down":{"uv":[0,1,1,2],"texture":"#0"}}},{"from":[7.65385,9,12.37999],"to":[8.65385,10,13.37999],"rotation":{"angle":0,"axis":"y","origin":[1.65385,9,7.37999]},"faces":{"north":{"uv":[0,1,1,2],"texture":"#0"},"east":{"uv":[0,1,1,2],"texture":"#0"},"south":{"uv":[0,1,1,2],"texture":"#0"},"west":{"uv":[0,1,1,2],"texture":"#0"},"up":{"uv":[0,1,1,2],"texture":"#0"},"down":{"uv":[0,1,1,2],"texture":"#0"}}},{"from":[6.38066,1,6.95564],"to":[14.38066,9,6.95564],"rotation":{"angle":-22.5,"axis":"y","origin":[10.38066,5,7.08064]},"faces":{"north":{"uv":[3,0,13,9],"texture":"#2"},"east":{"uv":[0,0,0,8],"texture":"#2"},"south":{"uv":[3,0,13,9],"texture":"#2"},"west":{"uv":[0,0,0,8],"texture":"#missing"},"up":{"uv":[0,0,7,0],"rotation":180,"texture":"#missing"},"down":{"uv":[0,0,7,0],"rotation":180,"texture":"#missing"}}},{"from":[4.38066,1,8.95564],"to":[12.38066,9,8.95564],"rotation":{"angle":0,"axis":"y","origin":[8.38066,5,9.08064]},"faces":{"north":{"uv":[3,0,13,9],"texture":"#2"},"east":{"uv":[0,0,0,8],"texture":"#2"},"south":{"uv":[3,0,13,9],"texture":"#2"},"west":{"uv":[0,0,0,8],"texture":"#missing"},"up":{"uv":[0,0,7,0],"rotation":180,"texture":"#missing"},"down":{"uv":[0,0,7,0],"rotation":180,"texture":"#missing"}}},{"from":[0.78185,1,8.43871],"to":[8.78185,9,8.43871],"rotation":{"angle":-22.5,"axis":"y","origin":[7.28185,5,7.81371]},"faces":{"north":{"uv":[3,0,13,9],"texture":"#2"},"east":{"uv":[0,0,0,8],"texture":"#2"},"south":{"uv":[3,0,13,9],"texture":"#2"},"west":{"uv":[0,0,0,8],"texture":"#missing"},"up":{"uv":[0,0,7,0],"rotation":180,"texture":"#missing"},"down":{"uv":[0,0,7,0],"rotation":180,"texture":"#missing"}}},{"from":[-2.25,1,0.5],"to":[-2.25,9,8.5],"rotation":{"angle":45,"axis":"y","origin":[1.625,5,-3.5]},"faces":{"north":{"uv":[0,0,0,8],"texture":"#missing"},"east":{"uv":[3,0,13,9],"texture":"#2"},"south":{"uv":[0,0,0,8],"texture":"#2"},"west":{"uv":[3,0,13,9],"texture":"#2"},"up":{"uv":[0,0,7,0],"rotation":270,"texture":"#missing"},"down":{"uv":[0,0,7,0],"rotation":90,"texture":"#missing"}}},{"from":[10.38066,1,3.20564],"to":[10.38066,9,11.20564],"rotation":{"angle":-22.5,"axis":"y","origin":[10.38066,5,7.08064]},"faces":{"north":{"uv":[0,0,0,8],"texture":"#missing"},"east":{"uv":[3,0,13,9],"texture":"#2"},"south":{"uv":[0,0,0,8],"texture":"#2"},"west":{"uv":[3,0,13,9],"texture":"#2"},"up":{"uv":[0,0,7,0],"rotation":270,"texture":"#missing"},"down":{"uv":[0,0,7,0],"rotation":90,"texture":"#missing"}}},{"from":[8.38066,1,5.20564],"to":[8.38066,9,13.20564],"rotation":{"angle":0,"axis":"y","origin":[8.38066,5,9.08064]},"faces":{"north":{"uv":[0,0,0,8],"texture":"#missing"},"east":{"uv":[3,0,13,9],"texture":"#2"},"south":{"uv":[0,0,0,8],"texture":"#2"},"west":{"uv":[3,0,13,9],"texture":"#2"},"up":{"uv":[0,0,7,0],"rotation":270,"texture":"#missing"},"down":{"uv":[0,0,7,0],"rotation":90,"texture":"#missing"}}},{"from":[4.78185,1,4.68871],"to":[4.78185,9,12.68871],"rotation":{"angle":-22.5,"axis":"y","origin":[7.28185,5,7.81371]},"faces":{"north":{"uv":[0,0,0,8],"texture":"#missing"},"east":{"uv":[3,0,13,9],"texture":"#2"},"south":{"uv":[0,0,0,8],"texture":"#2"},"west":{"uv":[3,0,13,9],"texture":"#2"},"up":{"uv":[0,0,7,0],"rotation":270,"texture":"#missing"},"down":{"uv":[0,0,7,0],"rotation":90,"texture":"#missing"}}},{"from":[-6.5,1,4.5],"to":[1.5,9,4.5],"rotation":{"angle":45,"axis":"y","origin":[1.625,5,-3.5]},"faces":{"north":{"uv":[3,0,13,9],"texture":"#2"},"east":{"uv":[0,0,0,8],"texture":"#missing"},"south":{"uv":[3,0,13,9],"texture":"#2"},"west":{"uv":[0,0,0,8],"texture":"#2"},"up":{"uv":[0,0,7,0],"texture":"#missing"},"down":{"uv":[0,0,7,0],"texture":"#missing"}}},{"from":[7.25,5,5.25],"to":[17.25,15,5.25],"rotation":{"angle":0,"axis":"y","origin":[0,-0.75,0]},"faces":{"north":{"uv":[0,1,16,16],"texture":"#1"},"east":{"uv":[0,0,0,8],"texture":"#missing"},"south":{"uv":[0,1,16,16],"texture":"#1"},"west":{"uv":[1,3,15,15],"texture":"#missing"},"up":{"uv":[0,0,8,0],"texture":"#missing"},"down":{"uv":[0,0,8,0],"texture":"#missing"}}},{"from":[5.75,5.75,12.5],"to":[15.75,15.75,12.5],"rotation":{"angle":22.5,"axis":"y","origin":[12.5,11.25,9.5]},"faces":{"north":{"uv":[0,1,16,16],"texture":"#1"},"east":{"uv":[0,0,0,8],"texture":"#missing"},"south":{"uv":[0,1,16,16],"texture":"#1"},"west":{"uv":[1,3,15,15],"texture":"#missing"},"up":{"uv":[0,0,8,0],"texture":"#missing"},"down":{"uv":[0,0,8,0],"texture":"#missing"}}},{"from":[4.75,6.25,7.5],"to":[14.75,16.25,7.5],"rotation":{"angle":22.5,"axis":"y","origin":[12.5,11.25,9.5]},"faces":{"north":{"uv":[0,0,16,15],"texture":"#1"},"east":{"uv":[0,0,0,8],"texture":"#missing"},"south":{"uv":[0,0,16,15],"texture":"#1"},"west":{"uv":[1,3,15,15],"texture":"#missing"},"up":{"uv":[0,0,8,0],"texture":"#missing"},"down":{"uv":[0,0,8,0],"texture":"#missing"}}},{"from":[0,5.5,3.25],"to":[10,15.5,3.25],"rotation":{"angle":22.5,"axis":"y","origin":[12.5,11.25,9.5]},"faces":{"north":{"uv":[0,1,16,16],"texture":"#1"},"east":{"uv":[0,0,0,8],"texture":"#missing"},"south":{"uv":[0,1,16,16],"texture":"#1"},"west":{"uv":[1,3,15,15],"texture":"#missing"},"up":{"uv":[0,0,8,0],"texture":"#missing"},"down":{"uv":[0,0,8,0],"texture":"#missing"}}},{"from":[-0.36782,4.5,11.15767],"to":[9.63218,14.5,11.15767],"rotation":{"angle":45,"axis":"y","origin":[5.13218,10.5,10.65767]},"faces":{"north":{"uv":[0,1,16,16],"texture":"#1"},"east":{"uv":[0,0,0,8],"texture":"#missing"},"south":{"uv":[0,1,16,16],"texture":"#1"},"west":{"uv":[1,3,15,15],"texture":"#missing"},"up":{"uv":[0,0,8,0],"texture":"#missing"},"down":{"uv":[0,0,8,0],"texture":"#missing"}}},{"from":[4.63218,6.25,8.15767],"to":[14.63218,16.25,8.15767],"rotation":{"angle":45,"axis":"y","origin":[5.13218,11.25,10.65767]},"faces":{"north":{"uv":[0,0,16,15],"texture":"#1"},"east":{"uv":[0,0,0,8],"texture":"#missing"},"south":{"uv":[0,0,16,15],"texture":"#1"},"west":{"uv":[1,3,15,15],"texture":"#missing"},"up":{"uv":[0,0,8,0],"texture":"#missing"},"down":{"uv":[0,0,8,0],"texture":"#missing"}}},{"from":[13.75,5,-0.75],"to":[13.75,15,9.25],"rotation":{"angle":0,"axis":"y","origin":[6,5.25,-4]},"faces":{"north":{"uv":[0,0,0,8],"texture":"#missing"},"east":{"uv":[0,1,16,16],"texture":"#1"},"south":{"uv":[0,0,0,8],"texture":"#missing"},"west":{"uv":[0,1,16,16],"texture":"#1"},"up":{"uv":[0,0,8,0],"rotation":270,"texture":"#missing"},"down":{"uv":[0,0,8,0],"rotation":90,"texture":"#missing"}}},{"from":[11.75,5.75,5.75],"to":[11.75,15.75,15.75],"rotation":{"angle":22.5,"axis":"y","origin":[12.5,11.25,9.5]},"faces":{"north":{"uv":[0,0,0,8],"texture":"#missing"},"east":{"uv":[0,1,16,16],"texture":"#1"},"south":{"uv":[0,0,0,8],"texture":"#missing"},"west":{"uv":[0,1,16,16],"texture":"#1"},"up":{"uv":[0,0,8,0],"rotation":270,"texture":"#missing"},"down":{"uv":[0,0,8,0],"rotation":90,"texture":"#missing"}}},{"from":[10.75,6.25,1.5],"to":[10.75,16.25,11.5],"rotation":{"angle":22.5,"axis":"y","origin":[12.5,11.25,9.5]},"faces":{"north":{"uv":[0,0,0,8],"texture":"#missing"},"east":{"uv":[0,1,16,16],"texture":"#1"},"south":{"uv":[0,0,0,8],"texture":"#missing"},"west":{"uv":[0,1,16,16],"texture":"#1"},"up":{"uv":[0,0,8,0],"rotation":270,"texture":"#missing"},"down":{"uv":[0,0,8,0],"rotation":90,"texture":"#missing"}}},{"from":[5.75,5.75,-3],"to":[5.75,15.75,7],"rotation":{"angle":22.5,"axis":"y","origin":[12.5,11.25,9.5]},"faces":{"north":{"uv":[0,0,0,8],"texture":"#missing"},"east":{"uv":[0,1,16,16],"texture":"#1"},"south":{"uv":[0,0,0,8],"texture":"#missing"},"west":{"uv":[0,1,16,16],"texture":"#1"},"up":{"uv":[0,0,8,0],"rotation":270,"texture":"#missing"},"down":{"uv":[0,0,8,0],"rotation":90,"texture":"#missing"}}},{"from":[5.63218,4.5,5.15767],"to":[5.63218,14.5,15.15767],"rotation":{"angle":45,"axis":"y","origin":[5.13218,10.5,10.65767]},"faces":{"north":{"uv":[0,0,0,8],"texture":"#missing"},"east":{"uv":[0,1,16,16],"texture":"#1"},"south":{"uv":[0,0,0,8],"texture":"#missing"},"west":{"uv":[0,1,16,16],"texture":"#1"},"up":{"uv":[0,0,8,0],"rotation":270,"texture":"#missing"},"down":{"uv":[0,0,8,0],"rotation":90,"texture":"#missing"}}},{"from":[10.63218,5.5,2.15767],"to":[10.63218,15.5,12.15767],"rotation":{"angle":45,"axis":"y","origin":[5.13218,11.25,10.65767]},"faces":{"north":{"uv":[0,0,0,8],"texture":"#missing"},"east":{"uv":[0,1,16,16],"texture":"#1"},"south":{"uv":[0,0,0,8],"texture":"#missing"},"west":{"uv":[0,1,16,16],"texture":"#1"},"up":{"uv":[0,0,8,0],"rotation":270,"texture":"#missing"},"down":{"uv":[0,0,8,0],"rotation":90,"texture":"#missing"}}}],"display":{"thirdperson_righthand":{"scale":[0.5,0.5,0.5]},"thirdperson_lefthand":{"scale":[0.5,0.5,0.5]},"firstperson_righthand":{"scale":[0.5,0.5,0.5]},"firstperson_lefthand":{"scale":[0.5,0.5,0.5]},"ground":{"scale":[0.5,0.5,0.5]},"gui":{"rotation":[0,45,0],"scale":[0.5,0.5,0.5]},"fixed":{"rotation":[-90,0,0],"translation":[0,0,-12],"scale":[1.6,1.6,1.6]}},"groups":[{"name":"todo","origin":[8,8,8],"children":[{"name":"cesto","origin":[0,0,0],"children":[0,1,2,3,4]},{"name":"asa","origin":[0,0,0],"children":[5,6,7,8,9,10,11,12,13,14,15,16,17,18,19,20,21,22,23,24,25,26]}]},{"name":"stem","origin":[1.625,5,-3.5],"children":[27,28,29,30,31,32,33,34]},35,36,37,38,39,40,41,42,43,44,45,46]}