{"credit":"Made with Blockbench","textures":{"0":"block/oak_planks","1":"block/anvil","particle":"block/oak_planks"},"elements":[{"from":[-6,5,0],"to":[8,10,16],"faces":{"north":{"uv":[16,11,0,16],"texture":"#0"},"east":{"uv":[0,11,16,16],"texture":"#0"},"south":{"uv":[16,11,0,16],"texture":"#0"},"west":{"uv":[0,11,16,16],"texture":"#0"},"up":{"uv":[0,0,14,16],"texture":"#0"},"down":{"uv":[0,2,16,16],"rotation":90,"texture":"#0"}}},{"from":[8,5,0],"to":[22,10,16],"faces":{"north":{"uv":[16,11,0,16],"texture":"#0"},"east":{"uv":[0,11,16,16],"texture":"#0"},"south":{"uv":[16,11,0,16],"texture":"#0"},"west":{"uv":[0,11,16,16],"texture":"#0"},"up":{"uv":[0,0,14,16],"texture":"#0"},"down":{"uv":[0,15,16,1],"rotation":90,"texture":"#0"}}},{"from":[-2,0,2],"to":[2,5,4],"faces":{"north":{"uv":[3,4,7,9],"texture":"#1"},"east":{"uv":[7,4,9,9],"texture":"#1"},"south":{"uv":[3,4,7,9],"texture":"#1"},"west":{"uv":[7,4,9,9],"texture":"#1"},"up":{"uv":[0,0,4,12],"texture":"#missing"},"down":{"uv":[1,9,3,13],"rotation":90,"texture":"#1"}}},{"from":[14,0,2],"to":[18,5,4],"faces":{"north":{"uv":[3,4,7,9],"texture":"#1"},"east":{"uv":[7,4,9,9],"texture":"#1"},"south":{"uv":[3,4,7,9],"texture":"#1"},"west":{"uv":[7,4,9,9],"texture":"#1"},"up":{"uv":[0,0,4,12],"texture":"#missing"},"down":{"uv":[1,9,3,13],"rotation":90,"texture":"#1"}}},{"from":[-2,0,12],"to":[2,5,14],"faces":{"north":{"uv":[3,4,7,9],"texture":"#1"},"east":{"uv":[7,4,9,9],"texture":"#1"},"south":{"uv":[3,4,7,9],"texture":"#1"},"west":{"uv":[7,4,9,9],"texture":"#1"},"up":{"uv":[0,0,4,12],"texture":"#missing"},"down":{"uv":[1,9,3,13],"rotation":90,"texture":"#1"}}},{"from":[14,0,12],"to":[18,5,14],"faces":{"north":{"uv":[3,4,7,9],"texture":"#1"},"east":{"uv":[7,4,9,9],"texture":"#1"},"south":{"uv":[3,4,7,9],"texture":"#1"},"west":{"uv":[7,4,9,9],"texture":"#1"},"up":{"uv":[0,0,4,12],"texture":"#missing"},"down":{"uv":[1,9,3,13],"rotation":90,"texture":"#1"}}},{"from":[-2,4,4],"to":[2,5,12],"faces":{"north":{"uv":[0,0,4,1],"texture":"#missing"},"east":{"uv":[2,1,10,2],"texture":"#1"},"south":{"uv":[0,0,4,1],"texture":"#missing"},"west":{"uv":[2,1,10,2],"texture":"#1"},"up":{"uv":[0,0,4,8],"texture":"#missing"},"down":{"uv":[1,1,5,9],"texture":"#1"}}},{"from":[14,4,4],"to":[18,5,12],"faces":{"north":{"uv":[0,0,4,1],"texture":"#missing"},"east":{"uv":[2,1,10,2],"texture":"#1"},"south":{"uv":[0,0,4,1],"texture":"#missing"},"west":{"uv":[2,1,10,2],"texture":"#1"},"up":{"uv":[0,0,4,8],"texture":"#missing"},"down":{"uv":[1,1,5,9],"texture":"#1"}}}],"display":{"thirdperson_righthand":{"scale":[0.3,0.3,0.3]},"firstperson_righthand":{"scale":[0.3,0.3,0.3]},"firstperson_lefthand":{"scale":[0.3,0.3,0.3]},"ground":{"scale":[0.3,0.3,0.3]},"gui":{"rotation":[29,45,0],"scale":[0.3,0.3,0.3]},"fixed":{"rotation":[-90,0,0],"translation":[0,0,-15],"scale":[2,2,2]}}}