{"credit":"Made with Blockbench","textures":{"0":"block/stone_bricks","1":"block/cracked_stone_bricks","particle":"block/stone_bricks"},"elements":[{"from":[-6,5,0],"to":[8,10,16],"faces":{"north":{"uv":[14,11,0,16],"texture":"#0"},"east":{"uv":[0,11,16,16],"texture":"#0"},"south":{"uv":[2,11,16,16],"texture":"#0"},"west":{"uv":[0,11,16,16],"texture":"#0"},"up":{"uv":[2,0,16,16],"texture":"#0"},"down":{"uv":[0,2,16,16],"rotation":90,"texture":"#0"}}},{"from":[8,5,0],"to":[22,10,16],"faces":{"north":{"uv":[16,11,0,16],"texture":"#0"},"east":{"uv":[0,11,16,16],"texture":"#0"},"south":{"uv":[16,11,0,16],"texture":"#0"},"west":{"uv":[0,11,16,16],"texture":"#0"},"up":{"uv":[0,0,14,16],"texture":"#0"},"down":{"uv":[0,15,16,1],"rotation":90,"texture":"#0"}}},{"from":[-2,0,2],"to":[2,5,14],"faces":{"north":{"uv":[1,9,5,14],"texture":"#1"},"east":{"uv":[0,4,12,9],"texture":"#1"},"south":{"uv":[6,0,10,5],"texture":"#1"},"west":{"uv":[0,1,12,6],"texture":"#1"},"up":{"uv":[0,0,4,12],"texture":"#missing"},"down":{"uv":[1,9,3,13],"rotation":90,"texture":"#1"}}},{"from":[14,0,2],"to":[18,5,14],"rotation":{"angle":0,"axis":"y","origin":[16,2.5,8]},"faces":{"north":{"uv":[6,0,10,5],"texture":"#1"},"east":{"uv":[0,1,12,6],"texture":"#1"},"south":{"uv":[1,9,5,14],"texture":"#1"},"west":{"uv":[0,4,12,9],"texture":"#1"},"up":{"uv":[0,0,4,12],"rotation":180,"texture":"#missing"},"down":{"uv":[1,9,3,13],"rotation":270,"texture":"#1"}}}],"display":{"thirdperson_righthand":{"scale":[0.3,0.3,0.3]},"firstperson_righthand":{"scale":[0.3,0.3,0.3]},"firstperson_lefthand":{"scale":[0.3,0.3,0.3]},"ground":{"scale":[0.3,0.3,0.3]},"gui":{"rotation":[29,45,0],"scale":[0.3,0.3,0.3]},"fixed":{"rotation":[-90,0,0],"translation":[0,0,-15],"scale":[2,2,2]}}}