{"credit":"Made with Blockbench","textures":{"0":"block/spruce_log_top","1":"block/spruce_log","2":"block/stripped_spruce_log","particle":"block/spruce_log_top"},"elements":[{"from":[-6,5,0],"to":[8,10,16],"faces":{"north":{"uv":[16,4,11,16],"rotation":90,"texture":"#1"},"east":{"uv":[0,11,16,16],"texture":"#0"},"south":{"uv":[5,0,0,12],"rotation":90,"texture":"#1"},"west":{"uv":[0,11,16,16],"texture":"#0"},"up":{"uv":[0,2,16,16],"rotation":90,"texture":"#2"},"down":{"uv":[0,2,16,16],"rotation":90,"texture":"#1"}}},{"from":[8,5,0],"to":[22,10,16],"faces":{"north":{"uv":[5,0,0,12],"rotation":90,"texture":"#1"},"east":{"uv":[0,11,16,16],"texture":"#0"},"south":{"uv":[16,4,11,16],"rotation":90,"texture":"#1"},"west":{"uv":[0,11,16,16],"texture":"#0"},"up":{"uv":[0,16,16,2],"rotation":90,"texture":"#2"},"down":{"uv":[0,0,16,14],"rotation":90,"texture":"#1"}}},{"from":[-2,0,2],"to":[2,5,14],"faces":{"north":{"uv":[4,9,8,14],"texture":"#1"},"east":{"uv":[2,5,14,10],"texture":"#1"},"south":{"uv":[6,4,10,9],"texture":"#1"},"west":{"uv":[2,5,14,10],"texture":"#1"},"up":{"uv":[0,0,4,12],"texture":"#missing"},"down":{"uv":[12,4,16,16],"texture":"#1"}}},{"from":[14,0,2],"to":[18,5,14],"faces":{"north":{"uv":[9,3,13,8],"texture":"#1"},"east":{"uv":[2,5,14,10],"texture":"#1"},"south":{"uv":[3,9,7,14],"texture":"#1"},"west":{"uv":[2,5,14,10],"texture":"#1"},"up":{"uv":[0,0,4,12],"texture":"#missing"},"down":{"uv":[12,4,16,16],"texture":"#1"}}}],"display":{"thirdperson_righthand":{"scale":[0.3,0.3,0.3]},"firstperson_righthand":{"scale":[0.3,0.3,0.3]},"firstperson_lefthand":{"scale":[0.3,0.3,0.3]},"ground":{"scale":[0.3,0.3,0.3]},"gui":{"rotation":[29,45,0],"scale":[0.3,0.3,0.3]},"fixed":{"rotation":[-90,0,0],"translation":[0,0,-15],"scale":[2,2,2]}}}