{"credit":"Made with Blockbench","textures":{"0":"block/pile_of_dirt","2":"block/iron pitcher","3":"block/logs/oak","particle":"block/pile_of_dirt"},"elements":[{"from":[9.45642,20.75,6.1837],"to":[10.45642,23.75,7.1837],"rotation":{"angle":0,"axis":"y","origin":[0.45642,2,6.6837]},"faces":{"north":{"uv":[13,1,16,2],"rotation":90,"texture":"#2"},"east":{"uv":[13,1,16,2],"rotation":90,"texture":"#2"},"south":{"uv":[13,1,16,2],"rotation":90,"texture":"#2"},"west":{"uv":[13,1,16,2],"rotation":90,"texture":"#2"},"up":{"uv":[15,1,16,2],"rotation":90,"texture":"#2"},"down":{"uv":[15,1,16,2],"rotation":90,"texture":"#2"}}},{"from":[5.95642,2,6.6837],"to":[9.95642,8,6.9337],"rotation":{"angle":0,"axis":"y","origin":[0.45642,2,6.6837]},"faces":{"north":{"uv":[12,3,16,9],"texture":"#2"},"east":{"uv":[0,0,0.25,6],"texture":"#missing"},"south":{"uv":[12,3,16,9],"texture":"#2"},"west":{"uv":[0,0,0.25,6],"texture":"#missing"},"up":{"uv":[12,3,16,3.25],"texture":"#2"},"down":{"uv":[0,0,4,0.25],"texture":"#missing"}}},{"from":[5.95642,2,6.6837],"to":[6.20642,8,8.6837],"rotation":{"angle":-22.5,"axis":"y","origin":[5.95642,2,6.6837]},"faces":{"north":{"uv":[0,0,0.25,6],"texture":"#missing"},"east":{"uv":[14,14,16,8],"texture":"#2"},"south":{"uv":[14,8,14.25,14],"texture":"#2"},"west":{"uv":[16,14,14,8],"texture":"#2"},"up":{"uv":[14,9,16,9.25],"rotation":270,"texture":"#2"},"down":{"uv":[0,0,2,0.25],"rotation":90,"texture":"#missing"}}},{"from":[10.09862,2,6.65541],"to":[10.34862,8,8.65541],"rotation":{"angle":22.5,"axis":"y","origin":[10.22362,5,7.65541]},"faces":{"north":{"uv":[0,0,0.25,6],"texture":"#missing"},"east":{"uv":[14,14,16,8],"texture":"#2"},"south":{"uv":[14,8,14.25,14],"texture":"#2"},"west":{"uv":[16,14,14,8],"texture":"#2"},"up":{"uv":[14,9,16,9.25],"rotation":270,"texture":"#2"},"down":{"uv":[0,0,2,0.25],"rotation":270,"texture":"#missing"}}},{"from":[6.95642,7.75,6.1837],"to":[8.95642,8.75,7.1837],"rotation":{"angle":0,"axis":"y","origin":[0.45642,2,6.6837]},"faces":{"north":{"uv":[13,1,15,2],"texture":"#2"},"east":{"uv":[13,1,14,2],"texture":"#2"},"south":{"uv":[13,1,15,2],"texture":"#2"},"west":{"uv":[14,1,15,2],"texture":"#2"},"up":{"uv":[13,1,15,2],"texture":"#2"},"down":{"uv":[13,1,15,2],"texture":"#2"}}},{"from":[7.45642,9.75,6.1837],"to":[8.45642,19.75,7.1837],"rotation":{"angle":0,"axis":"y","origin":[0.45642,2,6.6837]},"faces":{"north":{"uv":[0,0,1,10],"texture":"#3"},"east":{"uv":[0,0,1,10],"texture":"#3"},"south":{"uv":[0,0,1,10],"texture":"#3"},"west":{"uv":[0,0,1,10],"texture":"#3"},"up":{"uv":[0,0,1,10],"texture":"#3"},"down":{"uv":[0,0,1,10],"texture":"#3"}}},{"from":[6.45642,20.75,6.1837],"to":[9.45642,21.75,7.1837],"rotation":{"angle":0,"axis":"y","origin":[0.45642,2,6.6837]},"faces":{"north":{"uv":[13,0,16,1],"texture":"#2"},"east":{"uv":[13,0,16,1],"texture":"#2"},"south":{"uv":[13,0,16,1],"texture":"#2"},"west":{"uv":[13,0,16,1],"texture":"#2"},"up":{"uv":[13,0,16,1],"texture":"#2"},"down":{"uv":[13,0,16,1],"texture":"#2"}}},{"from":[6.45642,23.75,6.1837],"to":[9.45642,24.75,7.1837],"rotation":{"angle":0,"axis":"y","origin":[0.45642,2,6.6837]},"faces":{"north":{"uv":[13,1,16,2],"texture":"#3"},"east":{"uv":[13,1,14,2],"texture":"#3"},"south":{"uv":[13,1,16,2],"texture":"#3"},"west":{"uv":[13,1,14,2],"texture":"#3"},"up":{"uv":[13,1,16,2],"texture":"#3"},"down":{"uv":[13,1,16,2],"texture":"#3"}}},{"from":[5.45642,20.75,6.1837],"to":[6.45642,23.75,7.1837],"rotation":{"angle":0,"axis":"y","origin":[0.45642,2,6.6837]},"faces":{"north":{"uv":[13,1,16,2],"rotation":90,"texture":"#2"},"east":{"uv":[13,1,16,2],"rotation":90,"texture":"#2"},"south":{"uv":[13,1,16,2],"rotation":90,"texture":"#2"},"west":{"uv":[13,1,16,2],"rotation":90,"texture":"#2"},"up":{"uv":[15,1,16,2],"rotation":90,"texture":"#2"},"down":{"uv":[15,1,16,2],"rotation":90,"texture":"#2"}}},{"from":[7.45642,19.75,6.1837],"to":[8.45642,20.75,7.1837],"rotation":{"angle":0,"axis":"y","origin":[7.45642,18.75,6.1837]},"faces":{"north":{"uv":[14,0,15,1],"texture":"#2"},"east":{"uv":[14,0,15,1],"texture":"#2"},"south":{"uv":[14,0,15,1],"texture":"#2"},"west":{"uv":[14,0,15,1],"texture":"#2"},"up":{"uv":[14,0,15,1],"texture":"#2"},"down":{"uv":[14,0,15,1],"texture":"#2"}}},{"from":[7.45642,8.75,6.1837],"to":[8.45642,9.75,7.1837],"rotation":{"angle":0,"axis":"y","origin":[7.45642,18.75,6.1837]},"faces":{"north":{"uv":[13,0,14,1],"texture":"#2"},"east":{"uv":[13,0,14,1],"texture":"#2"},"south":{"uv":[13,0,14,1],"texture":"#2"},"west":{"uv":[13,0,14,1],"texture":"#2"},"up":{"uv":[13,0,14,1],"texture":"#2"},"down":{"uv":[13,0,14,1],"texture":"#2"}}},{"from":[13,0,14],"to":[14,1,15],"faces":{"north":{"uv":[6,13,7,14],"texture":"#0"},"east":{"uv":[6,13,7,14],"texture":"#0"},"south":{"uv":[6,13,7,14],"texture":"#0"},"west":{"uv":[6,13,7,14],"texture":"#0"},"up":{"uv":[6,13,7,14],"texture":"#0"},"down":{"uv":[6,13,7,14],"texture":"#0"}}},{"from":[3,0,1],"to":[4,1,2],"faces":{"north":{"uv":[3,8,4,9],"texture":"#0"},"east":{"uv":[3,8,4,9],"texture":"#0"},"south":{"uv":[3,8,4,9],"texture":"#0"},"west":{"uv":[3,8,4,9],"texture":"#0"},"up":{"uv":[3,8,4,9],"texture":"#0"},"down":{"uv":[3,8,4,9],"texture":"#0"}}},{"from":[6,1,4],"to":[7,2,5],"faces":{"north":{"uv":[6,4,7,5],"texture":"#0"},"east":{"uv":[6,4,7,5],"texture":"#0"},"south":{"uv":[6,4,7,5],"texture":"#0"},"west":{"uv":[6,4,7,5],"texture":"#0"},"up":{"uv":[6,4,7,5],"texture":"#0"},"down":{"uv":[6,4,7,5],"texture":"#0"}}},{"from":[3,1,3],"to":[4,2,4],"faces":{"north":{"uv":[4,2,5,3],"texture":"#0"},"east":{"uv":[4,2,5,3],"texture":"#0"},"south":{"uv":[4,2,5,3],"texture":"#0"},"west":{"uv":[4,2,5,3],"texture":"#0"},"up":{"uv":[4,2,5,3],"texture":"#0"},"down":{"uv":[4,2,5,3],"texture":"#0"}}},{"from":[4,0,15],"to":[5,1,16],"faces":{"north":{"uv":[2,12,3,13],"texture":"#0"},"east":{"uv":[2,12,3,13],"texture":"#0"},"south":{"uv":[2,12,3,13],"texture":"#0"},"west":{"uv":[2,12,3,13],"texture":"#0"},"up":{"uv":[2,12,3,13],"texture":"#0"},"down":{"uv":[2,12,3,13],"texture":"#0"}}},{"from":[4,1,10],"to":[5,2,11],"faces":{"north":{"uv":[4,10,5,11],"texture":"#0"},"east":{"uv":[4,10,5,11],"texture":"#0"},"south":{"uv":[4,10,5,11],"texture":"#0"},"west":{"uv":[4,10,5,11],"texture":"#0"},"up":{"uv":[4,10,5,11],"texture":"#0"},"down":{"uv":[4,10,5,11],"texture":"#0"}}},{"from":[2,1,7],"to":[3,2,8],"faces":{"north":{"uv":[2,7,3,8],"texture":"#0"},"east":{"uv":[2,7,3,8],"texture":"#0"},"south":{"uv":[2,7,3,8],"texture":"#0"},"west":{"uv":[2,7,3,8],"texture":"#0"},"up":{"uv":[2,7,3,8],"texture":"#0"},"down":{"uv":[2,7,3,8],"texture":"#0"}}},{"from":[11,0,15],"to":[12,1,16],"faces":{"north":{"uv":[8,12,9,13],"texture":"#0"},"east":{"uv":[8,12,9,13],"texture":"#0"},"south":{"uv":[8,12,9,13],"texture":"#0"},"west":{"uv":[8,12,9,13],"texture":"#0"},"up":{"uv":[8,12,9,13],"texture":"#0"},"down":{"uv":[8,12,9,13],"texture":"#0"}}},{"from":[14,0,12],"to":[15,1,14],"faces":{"north":{"uv":[8,12,9,13],"texture":"#0"},"east":{"uv":[8,12,9,14],"rotation":90,"texture":"#0"},"south":{"uv":[8,13,9,14],"texture":"#0"},"west":{"uv":[8,12,9,14],"rotation":270,"texture":"#0"},"up":{"uv":[8,12,9,14],"texture":"#0"},"down":{"uv":[3,4,4,5],"texture":"#0"}}},{"from":[14,0,1],"to":[15,1,2],"faces":{"north":{"uv":[1,3,2,4],"texture":"#0"},"east":{"uv":[1,3,2,4],"texture":"#0"},"south":{"uv":[1,3,2,4],"texture":"#0"},"west":{"uv":[1,3,2,4],"texture":"#0"},"up":{"uv":[1,3,2,4],"texture":"#0"},"down":{"uv":[1,3,2,4],"texture":"#0"}}},{"from":[15,0,2],"to":[16,1,3],"faces":{"north":{"uv":[4,2,5,3],"texture":"#0"},"east":{"uv":[4,2,5,3],"texture":"#0"},"south":{"uv":[4,2,5,3],"texture":"#0"},"west":{"uv":[4,2,5,3],"texture":"#0"},"up":{"uv":[4,2,5,3],"texture":"#0"},"down":{"uv":[4,2,5,3],"texture":"#0"}}},{"from":[14,0,4],"to":[15,1,5],"faces":{"north":{"uv":[14,4,15,5],"texture":"#0"},"east":{"uv":[14,4,15,5],"texture":"#0"},"south":{"uv":[14,4,15,5],"texture":"#0"},"west":{"uv":[14,4,15,5],"texture":"#0"},"up":{"uv":[14,4,15,5],"texture":"#0"},"down":{"uv":[14,4,15,5],"texture":"#0"}}},{"from":[11,1,4],"to":[12,2,5],"faces":{"north":{"uv":[11,4,12,5],"texture":"#0"},"east":{"uv":[11,4,12,5],"texture":"#0"},"south":{"uv":[11,4,12,5],"texture":"#0"},"west":{"uv":[11,4,12,5],"texture":"#0"},"up":{"uv":[11,4,12,5],"texture":"#0"},"down":{"uv":[11,4,12,5],"texture":"#0"}}},{"from":[11,1,7],"to":[12,2,8],"faces":{"north":{"uv":[11,7,12,8],"texture":"#0"},"east":{"uv":[11,7,12,8],"texture":"#0"},"south":{"uv":[11,7,12,8],"texture":"#0"},"west":{"uv":[11,7,12,8],"texture":"#0"},"up":{"uv":[11,7,12,8],"texture":"#0"},"down":{"uv":[11,7,12,8],"texture":"#0"}}},{"from":[11,1,9],"to":[12,2,10],"faces":{"north":{"uv":[11,9,12,10],"texture":"#0"},"east":{"uv":[11,9,12,10],"texture":"#0"},"south":{"uv":[11,9,12,10],"texture":"#0"},"west":{"uv":[11,9,12,10],"texture":"#0"},"up":{"uv":[11,9,12,10],"texture":"#0"},"down":{"uv":[11,9,12,10],"texture":"#0"}}},{"from":[9,1,13],"to":[10,2,14],"faces":{"north":{"uv":[8,13,9,14],"texture":"#0"},"east":{"uv":[8,13,9,14],"texture":"#0"},"south":{"uv":[8,13,9,14],"texture":"#0"},"west":{"uv":[8,13,9,14],"texture":"#0"},"up":{"uv":[8,13,9,14],"texture":"#0"},"down":{"uv":[8,13,9,14],"texture":"#0"}}},{"from":[6,1,13],"to":[7,2,14],"faces":{"north":{"uv":[2,12,3,13],"texture":"#0"},"east":{"uv":[2,12,3,13],"texture":"#0"},"south":{"uv":[2,12,3,13],"texture":"#0"},"west":{"uv":[2,12,3,13],"texture":"#0"},"up":{"uv":[2,12,3,13],"texture":"#0"},"down":{"uv":[2,12,3,13],"texture":"#0"}}},{"from":[11,1,11],"to":[12,2,13],"faces":{"north":{"uv":[11,12,12,13],"texture":"#0"},"east":{"uv":[12,11,11,13],"rotation":90,"texture":"#0"},"south":{"uv":[11,12,12,13],"texture":"#0"},"west":{"uv":[12,11,11,13],"rotation":90,"texture":"#0"},"up":{"uv":[11,11,12,13],"texture":"#0"},"down":{"uv":[0,0,1,2],"texture":"#missing"}}},{"from":[11,1,6],"to":[13,2,7],"faces":{"north":{"uv":[13,6,11,7],"texture":"#0"},"east":{"uv":[12,6,13,7],"texture":"#0"},"south":{"uv":[11,6,13,7],"texture":"#0"},"west":{"uv":[0,0,1,1],"texture":"#missing"},"up":{"uv":[11,6,13,7],"texture":"#0"},"down":{"uv":[0,0,2,1],"texture":"#missing"}}},{"from":[13,0,0],"to":[14,1,2],"faces":{"north":{"uv":[4,4,5,5],"texture":"#0"},"east":{"uv":[4,4,5,6],"rotation":90,"texture":"#0"},"south":{"uv":[4,5,5,6],"texture":"#0"},"west":{"uv":[4,4,5,6],"rotation":270,"texture":"#0"},"up":{"uv":[4,4,5,6],"texture":"#0"},"down":{"uv":[3,4,4,5],"texture":"#0"}}},{"from":[5,0,2],"to":[9,1,3],"faces":{"north":{"uv":[8,2,12,3],"texture":"#0"},"east":{"uv":[7,2,8,3],"texture":"#0"},"south":{"uv":[0,0,4,1],"texture":"#missing"},"west":{"uv":[7,2,8,3],"texture":"#0"},"up":{"uv":[8,2,12,3],"texture":"#0"},"down":{"uv":[3,4,4,5],"texture":"#0"}}},{"from":[5,0,13],"to":[12,1,14],"faces":{"north":{"uv":[0,0,7,1],"texture":"#missing"},"east":{"uv":[10,13,11,14],"texture":"#0"},"south":{"uv":[4,13,11,14],"texture":"#0"},"west":{"uv":[5,13,6,14],"texture":"#0"},"up":{"uv":[4,13,11,14],"texture":"#0"},"down":{"uv":[3,4,4,5],"texture":"#0"}}},{"from":[6,0,1],"to":[8,1,2],"faces":{"north":{"uv":[8,1,10,2],"texture":"#0"},"east":{"uv":[8,1,9,2],"texture":"#0"},"south":{"uv":[0,0,2,1],"texture":"#missing"},"west":{"uv":[8,1,9,2],"texture":"#0"},"up":{"uv":[8,1,10,2],"texture":"#0"},"down":{"uv":[3,4,4,5],"texture":"#0"}}},{"from":[1,0,14],"to":[3,1,15],"faces":{"north":{"uv":[6,10,8,11],"rotation":180,"texture":"#0"},"east":{"uv":[7,10,8,11],"texture":"#0"},"south":{"uv":[6,10,8,11],"texture":"#0"},"west":{"uv":[6,10,7,11],"texture":"#0"},"up":{"uv":[6,10,8,11],"texture":"#0"},"down":{"uv":[3,4,4,5],"texture":"#0"}}},{"from":[10,0,2],"to":[12,1,3],"faces":{"north":{"uv":[3,3,5,4],"texture":"#0"},"east":{"uv":[3,3,4,4],"texture":"#0"},"south":{"uv":[0,0,2,1],"texture":"#missing"},"west":{"uv":[4,3,5,4],"texture":"#0"},"up":{"uv":[3,3,5,4],"texture":"#0"},"down":{"uv":[3,4,4,5],"texture":"#0"}}},{"from":[8,1,4],"to":[10,2,5],"faces":{"north":{"uv":[7,4,9,5],"texture":"#0"},"east":{"uv":[5,2,6,3],"texture":"#0"},"south":{"uv":[0,0,2,1],"texture":"#missing"},"west":{"uv":[8,4,9,5],"texture":"#0"},"up":{"uv":[8,4,10,5],"texture":"#0"},"down":{"uv":[0,0,2,1],"texture":"#missing"}}},{"from":[5,1,11],"to":[9,2,12],"faces":{"north":{"uv":[0,0,4,1],"texture":"#missing"},"east":{"uv":[5,11,6,12],"texture":"#0"},"south":{"uv":[5,11,9,12],"texture":"#0"},"west":{"uv":[5,11,6,12],"texture":"#0"},"up":{"uv":[5,11,9,12],"texture":"#0"},"down":{"uv":[0,0,4,1],"texture":"#missing"}}},{"from":[2,0,4],"to":[3,1,10],"faces":{"north":{"uv":[2,6,3,7],"texture":"#0"},"east":{"uv":[0,0,6,1],"texture":"#missing"},"south":{"uv":[2,6,3,7],"texture":"#0"},"west":{"uv":[2,6,3,12],"rotation":90,"texture":"#0"},"up":{"uv":[2,6,3,12],"texture":"#0"},"down":{"uv":[3,4,4,5],"texture":"#0"}}},{"from":[13,0,5],"to":[14,1,11],"faces":{"north":{"uv":[13,5,14,6],"texture":"#0"},"east":{"uv":[13,5,14,11],"rotation":90,"texture":"#0"},"south":{"uv":[13,10,14,11],"texture":"#0"},"west":{"uv":[0,0,6,1],"texture":"#missing"},"up":{"uv":[13,5,14,11],"texture":"#0"},"down":{"uv":[3,4,4,5],"texture":"#0"}}},{"from":[1,0,5],"to":[2,1,8],"faces":{"north":{"uv":[1,7,2,8],"texture":"#0"},"east":{"uv":[0,0,3,1],"texture":"#missing"},"south":{"uv":[1,7,2,8],"texture":"#0"},"west":{"uv":[1,7,2,10],"rotation":90,"texture":"#0"},"up":{"uv":[1,7,2,10],"texture":"#0"},"down":{"uv":[3,4,4,5],"texture":"#0"}}},{"from":[4,1,6],"to":[5,2,9],"faces":{"north":{"uv":[4,5,5,6],"texture":"#0"},"east":{"uv":[0,0,3,1],"texture":"#missing"},"south":{"uv":[4,5,5,6],"texture":"#0"},"west":{"uv":[4,5,5,8],"rotation":90,"texture":"#0"},"up":{"uv":[4,5,5,8],"texture":"#0"},"down":{"uv":[0,0,1,3],"texture":"#missing"}}},{"from":[14,0,6],"to":[15,1,9],"faces":{"north":{"uv":[4,1,5,2],"texture":"#0"},"east":{"uv":[4,1,7,2],"rotation":180,"texture":"#0"},"south":{"uv":[6,1,7,2],"texture":"#0"},"west":{"uv":[0,0,3,1],"texture":"#missing"},"up":{"uv":[4,1,7,2],"rotation":90,"texture":"#0"},"down":{"uv":[3,4,4,5],"texture":"#0"}}},{"from":[1,0,2],"to":[2,1,3],"faces":{"north":{"uv":[3,3,4,4],"texture":"#0"},"east":{"uv":[3,3,4,4],"texture":"#0"},"south":{"uv":[3,3,4,4],"texture":"#0"},"west":{"uv":[3,3,4,4],"texture":"#0"},"up":{"uv":[3,3,4,4],"texture":"#0"},"down":{"uv":[3,3,4,4],"texture":"#0"}}},{"from":[1,0,12],"to":[2,1,13],"faces":{"north":{"uv":[1,8,2,9],"texture":"#0"},"east":{"uv":[1,8,2,9],"texture":"#0"},"south":{"uv":[1,8,2,9],"texture":"#0"},"west":{"uv":[1,8,2,9],"texture":"#0"},"up":{"uv":[1,8,2,9],"texture":"#0"},"down":{"uv":[1,8,2,9],"texture":"#0"}}},{"from":[6,0,14],"to":[10,1,15],"faces":{"north":{"uv":[0,0,4,1],"texture":"#missing"},"east":{"uv":[9,14,10,15],"texture":"#0"},"south":{"uv":[6,14,10,15],"texture":"#0"},"west":{"uv":[6,14,7,15],"texture":"#0"},"up":{"uv":[6,14,10,15],"texture":"#0"},"down":{"uv":[3,4,4,5],"texture":"#0"}}},{"from":[3,0,3],"to":[13,1,13],"faces":{"north":{"uv":[2,3,12,4],"texture":"#0"},"east":{"uv":[12,3,13,13],"rotation":90,"texture":"#0"},"south":{"uv":[2,12,12,13],"texture":"#0"},"west":{"uv":[3,3,4,13],"rotation":270,"texture":"#0"},"up":{"uv":[3,3,13,13],"texture":"#0"},"down":{"uv":[3,4,4,6],"texture":"#0"}}},{"from":[5,1,5],"to":[11,2,11],"faces":{"north":{"uv":[11,5,5,6],"texture":"#0"},"east":{"uv":[10,5,11,11],"rotation":90,"texture":"#0"},"south":{"uv":[5,10,11,11],"texture":"#0"},"west":{"uv":[5,5,6,11],"rotation":270,"texture":"#0"},"up":{"uv":[5,5,11,11],"texture":"#0"},"down":{"uv":[0,0,6,6],"texture":"#missing"}}}],"display":{"thirdperson_righthand":{"scale":[0.5,0.5,0.5]},"thirdperson_lefthand":{"scale":[0.5,0.5,0.5]},"firstperson_righthand":{"scale":[0.5,0.5,0.5]},"firstperson_lefthand":{"scale":[0.5,0.5,0.5]},"ground":{"scale":[0.5,0.5,0.5]},"gui":{"rotation":[23,29,0],"translation":[0,-1.25,0],"scale":[0.5,0.5,0.5]},"fixed":{"rotation":[-90,0,0],"translation":[0,0,-15],"scale":[2,2,2]}},"groups":[{"name":"shovel","origin":[8,8,8],"children":[0,1,2,3,4,5,6,7,8,9,10]},{"name":"dirt","origin":[8,8,8],"children":[11,12,13,14,15,16,17,18,19,20,21,22,23,24,25,26,27,28,29,30,31,32,33,34,35,36,37,38,39,40,41,42,43,44,45,46,47]}]}