{"credit":"Made with Blockbench","parent":"./cit_item","ambientocclusion":false,"textures":{"0":"block/birch_planks","1":"block/dirt","2":"block/sunflower_front","3":"block/sunflower_back","4":"block/sunflower_bottom","particle":"block/birch_planks"},"elements":[{"from":[2,10,1],"to":[14,10,7],"rotation":{"angle":0,"axis":"y","origin":[0,6,0]},"faces":{"north":{"uv":[0,0,12,0],"texture":"#missing"},"east":{"uv":[0,0,6,0],"texture":"#missing"},"south":{"uv":[0,0,12,0],"texture":"#missing"},"west":{"uv":[0,0,6,0],"texture":"#missing"},"up":{"uv":[0,0,12,6],"texture":"#1"},"down":{"uv":[0,0,12,6],"texture":"#1"}}},{"from":[2,6,1],"to":[14,6,7],"rotation":{"angle":0,"axis":"y","origin":[0,6,0]},"faces":{"north":{"uv":[0,0,12,0],"texture":"#missing"},"east":{"uv":[0,0,6,0],"texture":"#missing"},"south":{"uv":[0,0,12,0],"texture":"#missing"},"west":{"uv":[0,0,6,0],"texture":"#missing"},"up":{"uv":[1,3,13,9],"texture":"#0"},"down":{"uv":[1,3,13,9],"texture":"#0"}}},{"from":[13,6,7],"to":[15,11,8],"rotation":{"angle":0,"axis":"y","origin":[0,6,0]},"faces":{"north":{"uv":[0,0,2,5],"texture":"#0"},"east":{"uv":[0,3,1,8],"texture":"#0"},"south":{"uv":[12,3,14,8],"texture":"#0"},"west":{"uv":[0,0,1,5],"texture":"#0"},"up":{"uv":[0,0,2,1],"texture":"#0"},"down":{"uv":[2,3,4,4],"texture":"#0"}}},{"from":[13,6,0],"to":[15,11,1],"rotation":{"angle":0,"axis":"y","origin":[0,6,0]},"faces":{"north":{"uv":[0,3,2,8],"texture":"#0"},"east":{"uv":[0,3,1,8],"texture":"#0"},"south":{"uv":[12,3,14,8],"texture":"#0"},"west":{"uv":[0,0,1,5],"texture":"#0"},"up":{"uv":[0,0,2,1],"texture":"#0"},"down":{"uv":[2,3,4,4],"texture":"#0"}}},{"from":[3,6,7],"to":[5,11,8],"rotation":{"angle":0,"axis":"y","origin":[0,6,0]},"faces":{"north":{"uv":[2,3,4,8],"texture":"#0"},"east":{"uv":[0,0,1,5],"texture":"#0"},"south":{"uv":[2,3,4,8],"texture":"#0"},"west":{"uv":[0,0,1,5],"texture":"#0"},"up":{"uv":[0,0,2,1],"texture":"#0"},"down":{"uv":[2,3,4,4],"texture":"#0"}}},{"from":[3,6,0],"to":[5,11,1],"rotation":{"angle":0,"axis":"y","origin":[0,6,0]},"faces":{"north":{"uv":[2,3,4,8],"texture":"#0"},"east":{"uv":[0,0,1,5],"texture":"#0"},"south":{"uv":[2,3,4,8],"texture":"#0"},"west":{"uv":[0,0,1,5],"texture":"#0"},"up":{"uv":[0,0,2,1],"texture":"#0"},"down":{"uv":[2,3,4,4],"texture":"#0"}}},{"from":[7,6,7],"to":[9,11,8],"rotation":{"angle":0,"axis":"y","origin":[0,6,0]},"faces":{"north":{"uv":[6,3,8,8],"texture":"#0"},"east":{"uv":[0,0,1,5],"texture":"#0"},"south":{"uv":[6,3,8,8],"texture":"#0"},"west":{"uv":[0,0,1,5],"texture":"#0"},"up":{"uv":[0,0,2,1],"texture":"#0"},"down":{"uv":[2,3,4,4],"texture":"#0"}}},{"from":[7,6,0],"to":[9,11,1],"rotation":{"angle":0,"axis":"y","origin":[0,6,0]},"faces":{"north":{"uv":[6,3,8,8],"texture":"#0"},"east":{"uv":[0,0,1,5],"texture":"#0"},"south":{"uv":[6,3,8,8],"texture":"#0"},"west":{"uv":[0,0,1,5],"texture":"#0"},"up":{"uv":[0,0,2,1],"texture":"#0"},"down":{"uv":[2,3,4,4],"texture":"#0"}}},{"from":[11,6,7],"to":[13,11,8],"rotation":{"angle":0,"axis":"y","origin":[0,6,0]},"faces":{"north":{"uv":[6,7,8,12],"texture":"#0"},"east":{"uv":[0,0,1,5],"texture":"#0"},"south":{"uv":[6,7,8,12],"texture":"#0"},"west":{"uv":[0,0,1,5],"texture":"#0"},"up":{"uv":[0,0,2,1],"texture":"#0"},"down":{"uv":[2,3,4,4],"texture":"#0"}}},{"from":[11,6,0],"to":[13,11,1],"rotation":{"angle":0,"axis":"y","origin":[0,6,0]},"faces":{"north":{"uv":[6,7,8,12],"texture":"#0"},"east":{"uv":[0,0,1,5],"texture":"#0"},"south":{"uv":[6,7,8,12],"texture":"#0"},"west":{"uv":[0,0,1,5],"texture":"#0"},"up":{"uv":[0,0,2,1],"texture":"#0"},"down":{"uv":[2,3,4,4],"texture":"#0"}}},{"from":[1,6,7],"to":[3,11,8],"rotation":{"angle":0,"axis":"y","origin":[0,6,0]},"faces":{"north":{"uv":[0,3,2,8],"texture":"#0"},"east":{"uv":[0,0,1,5],"texture":"#0"},"south":{"uv":[0,3,2,8],"texture":"#0"},"west":{"uv":[0,3,1,8],"texture":"#0"},"up":{"uv":[0,0,2,1],"texture":"#0"},"down":{"uv":[2,3,4,4],"texture":"#0"}}},{"from":[1,6,0],"to":[3,11,1],"rotation":{"angle":0,"axis":"y","origin":[0,6,0]},"faces":{"north":{"uv":[0,3,2,8],"texture":"#0"},"east":{"uv":[0,0,1,5],"texture":"#0"},"south":{"uv":[0,3,2,8],"texture":"#0"},"west":{"uv":[0,3,1,8],"texture":"#0"},"up":{"uv":[0,0,2,1],"texture":"#0"},"down":{"uv":[2,3,4,4],"texture":"#0"}}},{"from":[1,6,5],"to":[2,11,7],"rotation":{"angle":0,"axis":"y","origin":[4.5,8.5,2.5]},"faces":{"north":{"uv":[0,0,1,5],"texture":"#missing"},"east":{"uv":[8,11,10,16],"texture":"#0"},"south":{"uv":[0,0,1,5],"texture":"#missing"},"west":{"uv":[8,11,10,16],"texture":"#0"},"up":{"uv":[5,5,7,6],"rotation":270,"texture":"#0"},"down":{"uv":[3,3,5,4],"rotation":90,"texture":"#0"}}},{"from":[14,6,5],"to":[15,11,7],"rotation":{"angle":0,"axis":"y","origin":[4.5,8.5,2.5]},"faces":{"north":{"uv":[0,0,1,5],"texture":"#missing"},"east":{"uv":[8,11,10,16],"texture":"#0"},"south":{"uv":[0,0,1,5],"texture":"#missing"},"west":{"uv":[8,11,10,16],"texture":"#0"},"up":{"uv":[5,5,7,6],"rotation":270,"texture":"#0"},"down":{"uv":[3,3,5,4],"rotation":90,"texture":"#0"}}},{"from":[1,6,1],"to":[2,11,3],"rotation":{"angle":0,"axis":"y","origin":[4.5,8.5,2.5]},"faces":{"north":{"uv":[0,0,1,5],"texture":"#missing"},"east":{"uv":[4,11,6,16],"texture":"#0"},"south":{"uv":[0,0,1,5],"texture":"#missing"},"west":{"uv":[4,11,6,16],"texture":"#0"},"up":{"uv":[5,5,7,6],"rotation":270,"texture":"#0"},"down":{"uv":[3,3,5,4],"rotation":90,"texture":"#0"}}},{"from":[14,6,1],"to":[15,11,3],"rotation":{"angle":0,"axis":"y","origin":[4.5,8.5,2.5]},"faces":{"north":{"uv":[0,0,1,5],"texture":"#missing"},"east":{"uv":[4,11,6,16],"texture":"#0"},"south":{"uv":[0,0,1,5],"texture":"#missing"},"west":{"uv":[4,11,6,16],"texture":"#0"},"up":{"uv":[5,5,7,6],"rotation":270,"texture":"#0"},"down":{"uv":[3,3,5,4],"rotation":90,"texture":"#0"}}},{"from":[1,6,3],"to":[2,11,5],"rotation":{"angle":0,"axis":"y","origin":[4.5,8.5,2.5]},"faces":{"north":{"uv":[0,0,1,5],"texture":"#missing"},"east":{"uv":[6,11,8,16],"texture":"#0"},"south":{"uv":[0,0,1,5],"texture":"#missing"},"west":{"uv":[6,11,8,16],"texture":"#0"},"up":{"uv":[5,5,7,6],"rotation":270,"texture":"#0"},"down":{"uv":[3,3,5,4],"rotation":90,"texture":"#0"}}},{"from":[14,6,3],"to":[15,11,5],"rotation":{"angle":0,"axis":"y","origin":[4.5,8.5,2.5]},"faces":{"north":{"uv":[0,0,1,5],"texture":"#missing"},"east":{"uv":[6,11,8,16],"texture":"#0"},"south":{"uv":[0,0,1,5],"texture":"#missing"},"west":{"uv":[6,11,8,16],"texture":"#0"},"up":{"uv":[5,5,7,6],"rotation":270,"texture":"#0"},"down":{"uv":[3,3,5,4],"rotation":90,"texture":"#0"}}},{"from":[5,6,7],"to":[7,11,8],"rotation":{"angle":0,"axis":"y","origin":[0,6,0]},"faces":{"north":{"uv":[4,3,6,8],"texture":"#0"},"east":{"uv":[0,0,1,5],"texture":"#0"},"south":{"uv":[4,3,6,8],"texture":"#0"},"west":{"uv":[0,0,1,5],"texture":"#0"},"up":{"uv":[0,0,2,1],"texture":"#0"},"down":{"uv":[2,3,4,4],"texture":"#0"}}},{"from":[5,6,0],"to":[7,11,1],"rotation":{"angle":0,"axis":"y","origin":[0,6,0]},"faces":{"north":{"uv":[4,3,6,8],"texture":"#0"},"east":{"uv":[0,0,1,5],"texture":"#0"},"south":{"uv":[4,3,6,8],"texture":"#0"},"west":{"uv":[0,0,1,5],"texture":"#0"},"up":{"uv":[0,0,2,1],"texture":"#0"},"down":{"uv":[2,3,4,4],"texture":"#0"}}},{"from":[9,6,7],"to":[11,11,8],"rotation":{"angle":0,"axis":"y","origin":[0,6,0]},"faces":{"north":{"uv":[8,3,10,8],"texture":"#0"},"east":{"uv":[0,0,1,5],"texture":"#0"},"south":{"uv":[8,3,10,8],"texture":"#0"},"west":{"uv":[0,0,1,5],"texture":"#0"},"up":{"uv":[0,0,2,1],"texture":"#0"},"down":{"uv":[2,3,4,4],"texture":"#0"}}},{"from":[9,6,0],"to":[11,11,1],"rotation":{"angle":0,"axis":"y","origin":[0,6,0]},"faces":{"north":{"uv":[8,3,10,8],"texture":"#0"},"east":{"uv":[0,0,1,5],"texture":"#0"},"south":{"uv":[8,3,10,8],"texture":"#0"},"west":{"uv":[0,0,1,5],"texture":"#0"},"up":{"uv":[0,0,2,1],"texture":"#0"},"down":{"uv":[2,3,4,4],"texture":"#0"}}},{"from":[1.66489,10.73804,-0.25494],"to":[1.66489,18.73804,7.74506],"rotation":{"angle":45,"axis":"y","origin":[4.86789,23.19116,2.99016],"rescale":true},"faces":{"north":{"uv":[0,0,0,0],"texture":"#2"},"east":{"uv":[0,0,16,16],"texture":"#3"},"south":{"uv":[0,0,0,0],"texture":"#2"},"west":{"uv":[0,0,16,16],"texture":"#2"},"up":{"uv":[0,0,0,0],"texture":"#2"},"down":{"uv":[0,0,0,0],"texture":"#2"}}},{"from":[1.67744,9.23804,9.38803],"to":[9.67744,17.23804,9.38803],"rotation":{"angle":-45,"axis":"y","origin":[9.17744,13.23804,6.38803],"rescale":true},"faces":{"north":{"uv":[0,0,16,16],"texture":"#4"},"east":{"uv":[0,0,0,0],"texture":"#2"},"south":{"uv":[0,0,16,16],"texture":"#4"},"west":{"uv":[0,0,0,0],"texture":"#2"},"up":{"uv":[0,0,0,0],"texture":"#2"},"down":{"uv":[0,0,0,0],"texture":"#2"}}},{"from":[5.08406,10.73804,-0.46615],"to":[5.08406,18.73804,3.53385],"rotation":{"angle":-45,"axis":"y","origin":[-0.16594,14.73804,1.53385]},"faces":{"north":{"uv":[0,0,0,8],"texture":"#missing"},"east":{"uv":[8,0,0,16],"texture":"#3"},"south":{"uv":[0,0,0,8],"texture":"#missing"},"west":{"uv":[0,0,8,16],"texture":"#3"},"up":{"uv":[0,0,0,4],"texture":"#missing"},"down":{"uv":[0,0,0,4],"texture":"#missing"}}},{"from":[6.32692,10.73804,13.28942],"to":[6.32692,18.73804,17.28942],"rotation":{"angle":-45,"axis":"y","origin":[12.07692,14.73804,5.28942]},"faces":{"north":{"uv":[0,0,0,8],"texture":"#missing"},"east":{"uv":[0,0,8,16],"texture":"#2"},"south":{"uv":[0,0,0,8],"texture":"#missing"},"west":{"uv":[8,0,0,16],"texture":"#2"},"up":{"uv":[0,0,0,4],"texture":"#missing"},"down":{"uv":[0,0,0,4],"texture":"#missing"}}},{"from":[7.39679,10.73804,5.14116],"to":[15.39679,18.73804,5.14116],"rotation":{"angle":45,"axis":"y","origin":[12.88689,23.19116,2.99016],"rescale":true},"faces":{"north":{"uv":[0,0,16,16],"texture":"#3"},"east":{"uv":[0,0,0,0],"texture":"#2"},"south":{"uv":[0,0,16,16],"texture":"#2"},"west":{"uv":[0,0,0,0],"texture":"#2"},"up":{"uv":[0,0,0,0],"texture":"#2"},"down":{"uv":[0,0,0,0],"texture":"#2"}}},{"from":[7.39679,9.23804,4.89116],"to":[15.39679,17.23804,4.89116],"rotation":{"angle":45,"axis":"y","origin":[12.88689,23.19116,2.99016],"rescale":true},"faces":{"north":{"uv":[0,0,16,16],"texture":"#4"},"east":{"uv":[0,0,0,0],"texture":"#2"},"south":{"uv":[0,0,16,16],"texture":"#4"},"west":{"uv":[0,0,0,0],"texture":"#2"},"up":{"uv":[0,0,0,0],"texture":"#2"},"down":{"uv":[0,0,0,0],"texture":"#2"}}},{"from":[10.23553,10.75772,3.2505],"to":[10.23553,18.75772,7.2505],"rotation":{"angle":45,"axis":"y","origin":[10.98553,15.75772,3.0005]},"faces":{"north":{"uv":[0,0,0,8],"texture":"#missing"},"east":{"uv":[8,0,0,16],"texture":"#3"},"south":{"uv":[0,0,0,8],"texture":"#missing"},"west":{"uv":[0,0,8,16],"texture":"#3"},"up":{"uv":[0,0,0,4],"texture":"#missing"},"down":{"uv":[0,0,0,4],"texture":"#missing"}}},{"from":[11.05618,10.73804,12.38955],"to":[11.05618,18.73804,16.38955],"rotation":{"angle":45,"axis":"y","origin":[5.30618,14.73804,6.38955]},"faces":{"north":{"uv":[0,0,0,8],"texture":"#missing"},"east":{"uv":[0,0,8,16],"texture":"#2"},"south":{"uv":[0,0,0,8],"texture":"#missing"},"west":{"uv":[8,0,0,16],"texture":"#2"},"up":{"uv":[0,0,0,4],"texture":"#missing"},"down":{"uv":[0,0,0,4],"texture":"#missing"}}},{"from":[3.80722,11.75772,5.00017],"to":[11.80722,19.75772,5.00017],"rotation":{"angle":0,"axis":"y","origin":[7.59931,15.97116,5.00281],"rescale":true},"faces":{"north":{"uv":[0,0,16,16],"texture":"#3"},"east":{"uv":[0,0,0,0],"texture":"#2"},"south":{"uv":[0,0,16,16],"texture":"#2"},"west":{"uv":[0,0,0,0],"texture":"#2"},"up":{"uv":[0,0,0,0],"texture":"#2"},"down":{"uv":[0,0,0,0],"texture":"#2"}}},{"from":[5.17744,9.23804,4.88803],"to":[13.17744,17.23804,4.88803],"rotation":{"angle":0,"axis":"y","origin":[13.17744,13.23804,5.38803],"rescale":true},"faces":{"north":{"uv":[0,0,16,16],"texture":"#4"},"east":{"uv":[0,0,0,0],"texture":"#2"},"south":{"uv":[0,0,16,16],"texture":"#4"},"west":{"uv":[0,0,0,0],"texture":"#2"},"up":{"uv":[0,0,0,0],"texture":"#2"},"down":{"uv":[0,0,0,0],"texture":"#2"}}},{"from":[7.98553,11.75772,5.0005],"to":[7.98553,19.75772,9.0005],"rotation":{"angle":0,"axis":"y","origin":[2.23553,11.75772,5.0005]},"faces":{"north":{"uv":[0,0,0,8],"texture":"#missing"},"east":{"uv":[0,0,8,16],"texture":"#2"},"south":{"uv":[0,0,0,8],"texture":"#missing"},"west":{"uv":[8,0,0,16],"texture":"#2"},"up":{"uv":[0,0,0,4],"texture":"#missing"},"down":{"uv":[0,0,0,4],"texture":"#missing"}}},{"from":[7.98553,11.75772,1.0005],"to":[7.98553,19.75772,5.0005],"rotation":{"angle":0,"axis":"y","origin":[2.23553,11.75772,5.0005]},"faces":{"north":{"uv":[0,0,0,8],"texture":"#missing"},"east":{"uv":[8,0,0,16],"texture":"#3"},"south":{"uv":[0,0,0,8],"texture":"#missing"},"west":{"uv":[0,0,8,16],"texture":"#3"},"up":{"uv":[0,0,0,4],"texture":"#missing"},"down":{"uv":[0,0,0,4],"texture":"#missing"}}},{"from":[12,1,0],"to":[13,8,1],"rotation":{"angle":45,"axis":"x","origin":[0.5,2.5,0.5]},"faces":{"north":{"uv":[2,3,9,4],"rotation":90,"texture":"#0"},"east":{"uv":[2,3,9,4],"rotation":90,"texture":"#0"},"south":{"uv":[7,7,14,8],"rotation":90,"texture":"#0"},"west":{"uv":[2,3,9,4],"rotation":90,"texture":"#0"},"up":{"uv":[0,0,1,1],"texture":"#missing"},"down":{"uv":[0,0,1,1],"texture":"#missing"}}},{"from":[3,1,0],"to":[4,8,1],"rotation":{"angle":45,"axis":"x","origin":[0.5,2.5,0.5]},"faces":{"north":{"uv":[2,3,9,4],"rotation":90,"texture":"#0"},"east":{"uv":[2,3,9,4],"rotation":90,"texture":"#0"},"south":{"uv":[7,7,14,8],"rotation":90,"texture":"#0"},"west":{"uv":[2,3,9,4],"rotation":90,"texture":"#0"},"up":{"uv":[0,0,1,1],"texture":"#missing"},"down":{"uv":[0,0,1,1],"texture":"#missing"}}}],"display":{"thirdperson_righthand":{"rotation":[75,180,0],"translation":[0,2.5,0],"scale":[0.375,0.375,0.375]},"thirdperson_lefthand":{"rotation":[75,180,0],"translation":[0,2.5,0],"scale":[0.375,0.375,0.375]},"firstperson_righthand":{"rotation":[0,180,0],"scale":[0.4,0.4,0.4]},"firstperson_lefthand":{"rotation":[0,180,0],"scale":[0.4,0.4,0.4]},"ground":{"translation":[0,3,0]},"gui":{"rotation":[30,29,0],"translation":[1.25,-2.5,0],"scale":[0.6,0.6,0.6]},"head":{"rotation":[0,-180,0],"translation":[0,0,-14.25]},"fixed":{"rotation":[0,180,0],"translation":[0,8,-14.75],"scale":[2,2,2]}},"groups":[0,{"name":"box","origin":[4.5,2.5,2.5],"children":[1,2,3,4,5,6,7,8,9,10,11,12,13,14,15,16,17,18,19,20,21]},{"name":"flowers","origin":[8,8,8],"children":[{"name":"1","origin":[8,8,8],"children":[22,23,24,25]},{"name":"2","origin":[8,8,8],"children":[26,27,28,29]},{"name":"3","origin":[8,8,8],"children":[30,31,32,33]}]},{"name":"braces","origin":[8,8,8],"children":[34,35]}]}