{"credit":"Made with Blockbench","parent":"./cit_item","ambientocclusion":false,"textures":{"0":"block/birch_planks","1":"block/dirt","2":"block/blue_orchid","particle":"block/birch_planks"},"elements":[{"from":[2,10,1],"to":[14,10,7],"rotation":{"angle":0,"axis":"y","origin":[0,6,0]},"faces":{"north":{"uv":[0,0,12,0],"texture":"#missing"},"east":{"uv":[0,0,6,0],"texture":"#missing"},"south":{"uv":[0,0,12,0],"texture":"#missing"},"west":{"uv":[0,0,6,0],"texture":"#missing"},"up":{"uv":[0,0,12,6],"texture":"#1"},"down":{"uv":[0,0,12,6],"texture":"#1"}}},{"from":[2,6,1],"to":[14,6,7],"rotation":{"angle":0,"axis":"y","origin":[0,6,0]},"faces":{"north":{"uv":[0,0,12,0],"texture":"#missing"},"east":{"uv":[0,0,6,0],"texture":"#missing"},"south":{"uv":[0,0,12,0],"texture":"#missing"},"west":{"uv":[0,0,6,0],"texture":"#missing"},"up":{"uv":[1,3,13,9],"texture":"#0"},"down":{"uv":[1,3,13,9],"texture":"#0"}}},{"from":[13,6,7],"to":[15,11,8],"rotation":{"angle":0,"axis":"y","origin":[0,6,0]},"faces":{"north":{"uv":[0,0,2,5],"texture":"#0"},"east":{"uv":[0,3,1,8],"texture":"#0"},"south":{"uv":[12,3,14,8],"texture":"#0"},"west":{"uv":[0,0,1,5],"texture":"#0"},"up":{"uv":[0,0,2,1],"texture":"#0"},"down":{"uv":[2,3,4,4],"texture":"#0"}}},{"from":[13,6,0],"to":[15,11,1],"rotation":{"angle":0,"axis":"y","origin":[0,6,0]},"faces":{"north":{"uv":[0,3,2,8],"texture":"#0"},"east":{"uv":[0,3,1,8],"texture":"#0"},"south":{"uv":[12,3,14,8],"texture":"#0"},"west":{"uv":[0,0,1,5],"texture":"#0"},"up":{"uv":[0,0,2,1],"texture":"#0"},"down":{"uv":[2,3,4,4],"texture":"#0"}}},{"from":[3,6,7],"to":[5,11,8],"rotation":{"angle":0,"axis":"y","origin":[0,6,0]},"faces":{"north":{"uv":[2,3,4,8],"texture":"#0"},"east":{"uv":[0,0,1,5],"texture":"#0"},"south":{"uv":[2,3,4,8],"texture":"#0"},"west":{"uv":[0,0,1,5],"texture":"#0"},"up":{"uv":[0,0,2,1],"texture":"#0"},"down":{"uv":[2,3,4,4],"texture":"#0"}}},{"from":[3,6,0],"to":[5,11,1],"rotation":{"angle":0,"axis":"y","origin":[0,6,0]},"faces":{"north":{"uv":[2,3,4,8],"texture":"#0"},"east":{"uv":[0,0,1,5],"texture":"#0"},"south":{"uv":[2,3,4,8],"texture":"#0"},"west":{"uv":[0,0,1,5],"texture":"#0"},"up":{"uv":[0,0,2,1],"texture":"#0"},"down":{"uv":[2,3,4,4],"texture":"#0"}}},{"from":[7,6,7],"to":[9,11,8],"rotation":{"angle":0,"axis":"y","origin":[0,6,0]},"faces":{"north":{"uv":[6,3,8,8],"texture":"#0"},"east":{"uv":[0,0,1,5],"texture":"#0"},"south":{"uv":[6,3,8,8],"texture":"#0"},"west":{"uv":[0,0,1,5],"texture":"#0"},"up":{"uv":[0,0,2,1],"texture":"#0"},"down":{"uv":[2,3,4,4],"texture":"#0"}}},{"from":[7,6,0],"to":[9,11,1],"rotation":{"angle":0,"axis":"y","origin":[0,6,0]},"faces":{"north":{"uv":[6,3,8,8],"texture":"#0"},"east":{"uv":[0,0,1,5],"texture":"#0"},"south":{"uv":[6,3,8,8],"texture":"#0"},"west":{"uv":[0,0,1,5],"texture":"#0"},"up":{"uv":[0,0,2,1],"texture":"#0"},"down":{"uv":[2,3,4,4],"texture":"#0"}}},{"from":[11,6,7],"to":[13,11,8],"rotation":{"angle":0,"axis":"y","origin":[0,6,0]},"faces":{"north":{"uv":[6,7,8,12],"texture":"#0"},"east":{"uv":[0,0,1,5],"texture":"#0"},"south":{"uv":[6,7,8,12],"texture":"#0"},"west":{"uv":[0,0,1,5],"texture":"#0"},"up":{"uv":[0,0,2,1],"texture":"#0"},"down":{"uv":[2,3,4,4],"texture":"#0"}}},{"from":[11,6,0],"to":[13,11,1],"rotation":{"angle":0,"axis":"y","origin":[0,6,0]},"faces":{"north":{"uv":[6,7,8,12],"texture":"#0"},"east":{"uv":[0,0,1,5],"texture":"#0"},"south":{"uv":[6,7,8,12],"texture":"#0"},"west":{"uv":[0,0,1,5],"texture":"#0"},"up":{"uv":[0,0,2,1],"texture":"#0"},"down":{"uv":[2,3,4,4],"texture":"#0"}}},{"from":[1,6,7],"to":[3,11,8],"rotation":{"angle":0,"axis":"y","origin":[0,6,0]},"faces":{"north":{"uv":[0,3,2,8],"texture":"#0"},"east":{"uv":[0,0,1,5],"texture":"#0"},"south":{"uv":[0,3,2,8],"texture":"#0"},"west":{"uv":[0,3,1,8],"texture":"#0"},"up":{"uv":[0,0,2,1],"texture":"#0"},"down":{"uv":[2,3,4,4],"texture":"#0"}}},{"from":[1,6,0],"to":[3,11,1],"rotation":{"angle":0,"axis":"y","origin":[0,6,0]},"faces":{"north":{"uv":[0,3,2,8],"texture":"#0"},"east":{"uv":[0,0,1,5],"texture":"#0"},"south":{"uv":[0,3,2,8],"texture":"#0"},"west":{"uv":[0,3,1,8],"texture":"#0"},"up":{"uv":[0,0,2,1],"texture":"#0"},"down":{"uv":[2,3,4,4],"texture":"#0"}}},{"from":[1,6,5],"to":[2,11,7],"rotation":{"angle":0,"axis":"y","origin":[4.5,8.5,2.5]},"faces":{"north":{"uv":[0,0,1,5],"texture":"#missing"},"east":{"uv":[8,11,10,16],"texture":"#0"},"south":{"uv":[0,0,1,5],"texture":"#missing"},"west":{"uv":[8,11,10,16],"texture":"#0"},"up":{"uv":[5,5,7,6],"rotation":270,"texture":"#0"},"down":{"uv":[3,3,5,4],"rotation":90,"texture":"#0"}}},{"from":[14,6,5],"to":[15,11,7],"rotation":{"angle":0,"axis":"y","origin":[4.5,8.5,2.5]},"faces":{"north":{"uv":[0,0,1,5],"texture":"#missing"},"east":{"uv":[8,11,10,16],"texture":"#0"},"south":{"uv":[0,0,1,5],"texture":"#missing"},"west":{"uv":[8,11,10,16],"texture":"#0"},"up":{"uv":[5,5,7,6],"rotation":270,"texture":"#0"},"down":{"uv":[3,3,5,4],"rotation":90,"texture":"#0"}}},{"from":[1,6,1],"to":[2,11,3],"rotation":{"angle":0,"axis":"y","origin":[4.5,8.5,2.5]},"faces":{"north":{"uv":[0,0,1,5],"texture":"#missing"},"east":{"uv":[4,11,6,16],"texture":"#0"},"south":{"uv":[0,0,1,5],"texture":"#missing"},"west":{"uv":[4,11,6,16],"texture":"#0"},"up":{"uv":[5,5,7,6],"rotation":270,"texture":"#0"},"down":{"uv":[3,3,5,4],"rotation":90,"texture":"#0"}}},{"from":[14,6,1],"to":[15,11,3],"rotation":{"angle":0,"axis":"y","origin":[4.5,8.5,2.5]},"faces":{"north":{"uv":[0,0,1,5],"texture":"#missing"},"east":{"uv":[4,11,6,16],"texture":"#0"},"south":{"uv":[0,0,1,5],"texture":"#missing"},"west":{"uv":[4,11,6,16],"texture":"#0"},"up":{"uv":[5,5,7,6],"rotation":270,"texture":"#0"},"down":{"uv":[3,3,5,4],"rotation":90,"texture":"#0"}}},{"from":[1,6,3],"to":[2,11,5],"rotation":{"angle":0,"axis":"y","origin":[4.5,8.5,2.5]},"faces":{"north":{"uv":[0,0,1,5],"texture":"#missing"},"east":{"uv":[6,11,8,16],"texture":"#0"},"south":{"uv":[0,0,1,5],"texture":"#missing"},"west":{"uv":[6,11,8,16],"texture":"#0"},"up":{"uv":[5,5,7,6],"rotation":270,"texture":"#0"},"down":{"uv":[3,3,5,4],"rotation":90,"texture":"#0"}}},{"from":[14,6,3],"to":[15,11,5],"rotation":{"angle":0,"axis":"y","origin":[4.5,8.5,2.5]},"faces":{"north":{"uv":[0,0,1,5],"texture":"#missing"},"east":{"uv":[6,11,8,16],"texture":"#0"},"south":{"uv":[0,0,1,5],"texture":"#missing"},"west":{"uv":[6,11,8,16],"texture":"#0"},"up":{"uv":[5,5,7,6],"rotation":270,"texture":"#0"},"down":{"uv":[3,3,5,4],"rotation":90,"texture":"#0"}}},{"from":[5,6,7],"to":[7,11,8],"rotation":{"angle":0,"axis":"y","origin":[0,6,0]},"faces":{"north":{"uv":[4,3,6,8],"texture":"#0"},"east":{"uv":[0,0,1,5],"texture":"#0"},"south":{"uv":[4,3,6,8],"texture":"#0"},"west":{"uv":[0,0,1,5],"texture":"#0"},"up":{"uv":[0,0,2,1],"texture":"#0"},"down":{"uv":[2,3,4,4],"texture":"#0"}}},{"from":[5,6,0],"to":[7,11,1],"rotation":{"angle":0,"axis":"y","origin":[0,6,0]},"faces":{"north":{"uv":[4,3,6,8],"texture":"#0"},"east":{"uv":[0,0,1,5],"texture":"#0"},"south":{"uv":[4,3,6,8],"texture":"#0"},"west":{"uv":[0,0,1,5],"texture":"#0"},"up":{"uv":[0,0,2,1],"texture":"#0"},"down":{"uv":[2,3,4,4],"texture":"#0"}}},{"from":[9,6,7],"to":[11,11,8],"rotation":{"angle":0,"axis":"y","origin":[0,6,0]},"faces":{"north":{"uv":[8,3,10,8],"texture":"#0"},"east":{"uv":[0,0,1,5],"texture":"#0"},"south":{"uv":[8,3,10,8],"texture":"#0"},"west":{"uv":[0,0,1,5],"texture":"#0"},"up":{"uv":[0,0,2,1],"texture":"#0"},"down":{"uv":[2,3,4,4],"texture":"#0"}}},{"from":[9,6,0],"to":[11,11,1],"rotation":{"angle":0,"axis":"y","origin":[0,6,0]},"faces":{"north":{"uv":[8,3,10,8],"texture":"#0"},"east":{"uv":[0,0,1,5],"texture":"#0"},"south":{"uv":[8,3,10,8],"texture":"#0"},"west":{"uv":[0,0,1,5],"texture":"#0"},"up":{"uv":[0,0,2,1],"texture":"#0"},"down":{"uv":[2,3,4,4],"texture":"#0"}}},{"from":[0.87279,8.73804,2.53716],"to":[8.45698,17.16492,2.54243],"rotation":{"angle":45,"axis":"y","origin":[4.86789,23.19116,2.99016],"rescale":true},"faces":{"north":{"uv":[0,0,16,16],"texture":"#2"},"east":{"uv":[0,0,0,0],"texture":"#2"},"south":{"uv":[0,0,16,16],"texture":"#2"},"west":{"uv":[0,0,0,0],"texture":"#2"},"up":{"uv":[0,0,0,0],"texture":"#2"},"down":{"uv":[0,0,0,0],"texture":"#2"}}},{"from":[4.66489,8.73804,-1.25494],"to":[4.67015,17.16492,6.32926],"rotation":{"angle":45,"axis":"y","origin":[4.86789,23.19116,2.99016],"rescale":true},"faces":{"north":{"uv":[0,0,0,0],"texture":"#2"},"east":{"uv":[0,0,16,16],"texture":"#2"},"south":{"uv":[0,0,0,0],"texture":"#2"},"west":{"uv":[0,0,16,16],"texture":"#2"},"up":{"uv":[0,0,0,0],"texture":"#2"},"down":{"uv":[0,0,0,0],"texture":"#2"}}},{"from":[8.39679,8.73804,2.14116],"to":[15.98098,17.16492,2.14643],"rotation":{"angle":45,"axis":"y","origin":[12.88689,23.19116,2.99016],"rescale":true},"faces":{"north":{"uv":[0,0,16,16],"texture":"#2"},"east":{"uv":[0,0,0,0],"texture":"#2"},"south":{"uv":[0,0,16,16],"texture":"#2"},"west":{"uv":[0,0,0,0],"texture":"#2"},"up":{"uv":[0,0,0,0],"texture":"#2"},"down":{"uv":[0,0,0,0],"texture":"#2"}}},{"from":[12.18889,8.73804,-1.65094],"to":[12.19415,17.16492,5.93326],"rotation":{"angle":45,"axis":"y","origin":[12.88689,23.19116,2.99016],"rescale":true},"faces":{"north":{"uv":[0,0,0,0],"texture":"#2"},"east":{"uv":[0,0,16,16],"texture":"#2"},"south":{"uv":[0,0,0,0],"texture":"#2"},"west":{"uv":[0,0,16,16],"texture":"#2"},"up":{"uv":[0,0,0,0],"texture":"#2"},"down":{"uv":[0,0,0,0],"texture":"#2"}}},{"from":[4.10019,9.75772,3.78852],"to":[11.68438,18.1846,3.79379],"rotation":{"angle":45,"axis":"y","origin":[7.50129,23.19116,4.04352],"rescale":true},"faces":{"north":{"uv":[0,0,16,16],"texture":"#2"},"east":{"uv":[0,0,0,0],"texture":"#2"},"south":{"uv":[0,0,16,16],"texture":"#2"},"west":{"uv":[0,0,0,0],"texture":"#2"},"up":{"uv":[0,0,0,0],"texture":"#2"},"down":{"uv":[0,0,0,0],"texture":"#2"}}},{"from":[7.89229,9.75772,-0.00358],"to":[7.89755,18.1846,7.58062],"rotation":{"angle":45,"axis":"y","origin":[7.50129,23.19116,4.04352],"rescale":true},"faces":{"north":{"uv":[0,0,0,0],"texture":"#2"},"east":{"uv":[0,0,16,16],"texture":"#2"},"south":{"uv":[0,0,0,0],"texture":"#2"},"west":{"uv":[0,0,16,16],"texture":"#2"},"up":{"uv":[0,0,0,0],"texture":"#2"},"down":{"uv":[0,0,0,0],"texture":"#2"}}},{"from":[12,1,0],"to":[13,8,1],"rotation":{"angle":45,"axis":"x","origin":[0.5,2.5,0.5]},"faces":{"north":{"uv":[2,3,9,4],"rotation":90,"texture":"#0"},"east":{"uv":[2,3,9,4],"rotation":90,"texture":"#0"},"south":{"uv":[7,7,14,8],"rotation":90,"texture":"#0"},"west":{"uv":[2,3,9,4],"rotation":90,"texture":"#0"},"up":{"uv":[0,0,1,1],"texture":"#missing"},"down":{"uv":[0,0,1,1],"texture":"#0"}}},{"from":[3,1,0],"to":[4,8,1],"rotation":{"angle":45,"axis":"x","origin":[0.5,2.5,0.5]},"faces":{"north":{"uv":[2,3,9,4],"rotation":90,"texture":"#0"},"east":{"uv":[2,3,9,4],"rotation":90,"texture":"#0"},"south":{"uv":[7,7,14,8],"rotation":90,"texture":"#0"},"west":{"uv":[2,3,9,4],"rotation":90,"texture":"#0"},"up":{"uv":[0,0,1,1],"texture":"#missing"},"down":{"uv":[0,0,1,1],"texture":"#0"}}}],"display":{"thirdperson_righthand":{"rotation":[75,180,0],"translation":[0,2.5,0],"scale":[0.375,0.375,0.375]},"thirdperson_lefthand":{"rotation":[75,180,0],"translation":[0,2.5,0],"scale":[0.375,0.375,0.375]},"firstperson_righthand":{"rotation":[0,180,0],"scale":[0.4,0.4,0.4]},"firstperson_lefthand":{"rotation":[0,180,0],"scale":[0.4,0.4,0.4]},"ground":{"translation":[0,3,0]},"gui":{"rotation":[30,29,0],"translation":[2,-2.5,0],"scale":[0.6,0.6,0.6]},"head":{"rotation":[0,-180,0],"translation":[0,0,-14.25]},"fixed":{"rotation":[0,180,0],"translation":[0,8,-14.75],"scale":[2,2,2]}},"groups":[0,{"name":"box","origin":[4.5,2.5,2.5],"children":[1,2,3,4,5,6,7,8,9,10,11,12,13,14,15,16,17,18,19,20,21]},{"name":"flowers","origin":[8,8,8],"children":[{"name":"1","origin":[8,8,8],"children":[22,23]},{"name":"2","origin":[8,8,8],"children":[24,25]},{"name":"3","origin":[8,8,8],"children":[26,27]},{"name":"3","origin":[8,8,8],"children":[]}]},{"name":"braces","origin":[8,8,8],"children":[28,29]}]}