{"credit":"Made with Blockbench","parent":"./cit_item","textures":{"0":"block/birch_planks","1":"block/dirt","2":"block/orange_tulip","particle":"block/birch_planks"},"elements":[{"from":[2,0,4],"to":[14,0,12],"faces":{"north":{"uv":[0,0,12,0],"texture":"#missing"},"east":{"uv":[0,0,8,0],"texture":"#missing"},"south":{"uv":[0,0,12,0],"texture":"#missing"},"west":{"uv":[0,0,8,0],"texture":"#missing"},"up":{"uv":[0,0,12,8],"texture":"#missing"},"down":{"uv":[2,2,14,10],"texture":"#0"}}},{"from":[2,4,4],"to":[14,4,12],"faces":{"north":{"uv":[0,0,12,0],"texture":"#missing"},"east":{"uv":[0,0,8,0],"texture":"#missing"},"south":{"uv":[0,0,12,0],"texture":"#missing"},"west":{"uv":[0,0,8,0],"texture":"#missing"},"up":{"uv":[0,0,12,8],"texture":"#1"},"down":{"uv":[0,0,12,8],"texture":"#missing"}}},{"from":[1,0,3],"to":[15,5,4],"faces":{"north":{"uv":[0,5,14,10],"texture":"#0"},"east":{"uv":[0,1,1,6],"texture":"#0"},"south":{"uv":[0,5,14,10],"texture":"#0"},"west":{"uv":[15,9,16,14],"texture":"#0"},"up":{"uv":[14,4,0,5],"texture":"#0"},"down":{"uv":[0,3,14,4],"texture":"#0"}}},{"from":[1,0,12],"to":[15,5,13],"faces":{"north":{"uv":[0,5,14,10],"texture":"#0"},"east":{"uv":[5,1,6,6],"texture":"#0"},"south":{"uv":[0,5,14,10],"texture":"#0"},"west":{"uv":[11,5,12,10],"texture":"#0"},"up":{"uv":[0,4,14,5],"texture":"#0"},"down":{"uv":[0,3,14,4],"texture":"#0"}}},{"from":[1,0,4],"to":[2,5,12],"faces":{"north":{"uv":[0,0,1,5],"texture":"#missing"},"east":{"uv":[0,1,8,6],"texture":"#0"},"south":{"uv":[0,0,1,5],"texture":"#missing"},"west":{"uv":[0,1,8,6],"texture":"#0"},"up":{"uv":[0,0,8,1],"rotation":90,"texture":"#0"},"down":{"uv":[2,3,7,4],"rotation":90,"texture":"#0"}}},{"from":[14,0,4],"to":[15,5,12],"faces":{"north":{"uv":[0,0,1,5],"texture":"#missing"},"east":{"uv":[0,1,8,6],"texture":"#0"},"south":{"uv":[0,0,1,5],"texture":"#missing"},"west":{"uv":[0,1,8,6],"texture":"#0"},"up":{"uv":[0,0,8,1],"rotation":90,"texture":"#0"},"down":{"uv":[2,3,7,4],"rotation":90,"texture":"#0"}}},{"from":[0.62279,2.73804,7.71356],"to":[8.20698,11.16492,7.71883],"rotation":{"angle":45,"axis":"y","origin":[4.11789,17.19116,7.41656],"rescale":true},"faces":{"north":{"uv":[0,0,16,16],"texture":"#2"},"east":{"uv":[0,0,0,0],"texture":"#2"},"south":{"uv":[0,0,16,16],"texture":"#2"},"west":{"uv":[0,0,0,0],"texture":"#2"},"up":{"uv":[0,0,0,0],"texture":"#2"},"down":{"uv":[0,0,0,0],"texture":"#2"}}},{"from":[4.41489,2.73804,3.92146],"to":[4.42015,11.16492,11.50566],"rotation":{"angle":45,"axis":"y","origin":[4.11789,17.19116,7.41656],"rescale":true},"faces":{"north":{"uv":[0,0,0,0],"texture":"#2"},"east":{"uv":[0,0,16,16],"texture":"#2"},"south":{"uv":[0,0,0,0],"texture":"#2"},"west":{"uv":[0,0,16,16],"texture":"#2"},"up":{"uv":[0,0,0,0],"texture":"#2"},"down":{"uv":[0,0,0,0],"texture":"#2"}}},{"from":[8.14679,2.73804,7.31756],"to":[15.73098,11.16492,7.32283],"rotation":{"angle":45,"axis":"y","origin":[12.13689,17.19116,7.41656],"rescale":true},"faces":{"north":{"uv":[0,0,16,16],"texture":"#2"},"east":{"uv":[0,0,0,0],"texture":"#2"},"south":{"uv":[0,0,16,16],"texture":"#2"},"west":{"uv":[0,0,0,0],"texture":"#2"},"up":{"uv":[0,0,0,0],"texture":"#2"},"down":{"uv":[0,0,0,0],"texture":"#2"}}},{"from":[11.93889,2.73804,3.52546],"to":[11.94415,11.16492,11.10966],"rotation":{"angle":45,"axis":"y","origin":[12.13689,17.19116,7.41656],"rescale":true},"faces":{"north":{"uv":[0,0,0,0],"texture":"#2"},"east":{"uv":[0,0,16,16],"texture":"#2"},"south":{"uv":[0,0,0,0],"texture":"#2"},"west":{"uv":[0,0,16,16],"texture":"#2"},"up":{"uv":[0,0,0,0],"texture":"#2"},"down":{"uv":[0,0,0,0],"texture":"#2"}}},{"from":[3.85019,3.75772,8.96492],"to":[11.43438,12.1846,8.97019],"rotation":{"angle":45,"axis":"y","origin":[6.75129,17.19116,8.46992],"rescale":true},"faces":{"north":{"uv":[0,0,16,16],"texture":"#2"},"east":{"uv":[0,0,0,0],"texture":"#2"},"south":{"uv":[0,0,16,16],"texture":"#2"},"west":{"uv":[0,0,0,0],"texture":"#2"},"up":{"uv":[0,0,0,0],"texture":"#2"},"down":{"uv":[0,0,0,0],"texture":"#2"}}},{"from":[7.64229,3.75772,5.17282],"to":[7.64755,12.1846,12.75702],"rotation":{"angle":45,"axis":"y","origin":[6.75129,17.19116,8.46992],"rescale":true},"faces":{"north":{"uv":[0,0,0,0],"texture":"#2"},"east":{"uv":[0,0,16,16],"texture":"#2"},"south":{"uv":[0,0,0,0],"texture":"#2"},"west":{"uv":[0,0,16,16],"texture":"#2"},"up":{"uv":[0,0,0,0],"texture":"#2"},"down":{"uv":[0,0,0,0],"texture":"#2"}}}],"display":{"thirdperson_righthand":{"rotation":[75,180,0],"translation":[0,2.5,0],"scale":[0.375,0.375,0.375]},"thirdperson_lefthand":{"rotation":[75,180,0],"translation":[0,2.5,0],"scale":[0.375,0.375,0.375]},"firstperson_righthand":{"rotation":[0,180,0],"scale":[0.4,0.4,0.4]},"firstperson_lefthand":{"rotation":[0,180,0],"scale":[0.4,0.4,0.4]},"ground":{"translation":[0,3,0],"scale":[0.5,0.5,0.5]},"gui":{"rotation":[30,29,0],"translation":[0,1.5,0],"scale":[0.6,0.6,0.6]},"head":{"rotation":[0,-180,0],"translation":[0,0,-14.25]},"fixed":{"rotation":[-90,180,0],"translation":[0,0,-15],"scale":[2,2,2]}},"groups":[0,1,2,3,4,5,{"name":"flowers","origin":[8,8,8],"children":[{"name":"1","origin":[8,8,8],"children":[6,7]},{"name":"2","origin":[8,8,8],"children":[8,9]},{"name":"3","origin":[8,8,8],"children":[10,11]},{"name":"4","origin":[8,8,8],"children":[]}]}]}