{"credit":"Made with Blockbench","parent":"./cit_item","ambientocclusion":false,"textures":{"0":"block/birch_planks","1":"block/dirt","3":"block/sunflower_back","4":"block/sunflower_bottom","2_2":"block/sunflower_front"},"elements":[{"from":[2,0,4],"to":[14,0,12],"faces":{"north":{"uv":[0,0,12,0],"texture":"#missing"},"east":{"uv":[0,0,8,0],"texture":"#missing"},"south":{"uv":[0,0,12,0],"texture":"#missing"},"west":{"uv":[0,0,8,0],"texture":"#missing"},"up":{"uv":[0,0,12,8],"texture":"#missing"},"down":{"uv":[2,2,14,10],"texture":"#0"}}},{"from":[2,4,4],"to":[14,4,12],"faces":{"north":{"uv":[0,0,12,0],"texture":"#missing"},"east":{"uv":[0,0,8,0],"texture":"#missing"},"south":{"uv":[0,0,12,0],"texture":"#missing"},"west":{"uv":[0,0,8,0],"texture":"#missing"},"up":{"uv":[0,0,12,8],"texture":"#1"},"down":{"uv":[0,0,12,8],"texture":"#missing"}}},{"from":[1,0,3],"to":[15,5,4],"faces":{"north":{"uv":[0,5,14,10],"texture":"#0"},"east":{"uv":[0,1,1,6],"texture":"#0"},"south":{"uv":[0,5,14,10],"texture":"#0"},"west":{"uv":[15,9,16,14],"texture":"#0"},"up":{"uv":[14,4,0,5],"texture":"#0"},"down":{"uv":[0,3,14,4],"texture":"#0"}}},{"from":[1,0,12],"to":[15,5,13],"faces":{"north":{"uv":[0,5,14,10],"texture":"#0"},"east":{"uv":[5,1,6,6],"texture":"#0"},"south":{"uv":[0,5,14,10],"texture":"#0"},"west":{"uv":[11,5,12,10],"texture":"#0"},"up":{"uv":[0,4,14,5],"texture":"#0"},"down":{"uv":[0,3,14,4],"texture":"#0"}}},{"from":[1,0,4],"to":[2,5,12],"faces":{"north":{"uv":[0,0,1,5],"texture":"#missing"},"east":{"uv":[0,1,8,6],"texture":"#0"},"south":{"uv":[0,0,1,5],"texture":"#missing"},"west":{"uv":[0,1,8,6],"texture":"#0"},"up":{"uv":[0,0,8,1],"rotation":90,"texture":"#0"},"down":{"uv":[2,3,7,4],"rotation":90,"texture":"#0"}}},{"from":[14,0,4],"to":[15,5,12],"faces":{"north":{"uv":[0,0,1,5],"texture":"#missing"},"east":{"uv":[0,1,8,6],"texture":"#0"},"south":{"uv":[0,0,1,5],"texture":"#missing"},"west":{"uv":[0,1,8,6],"texture":"#0"},"up":{"uv":[0,0,8,1],"rotation":90,"texture":"#0"},"down":{"uv":[2,3,7,4],"rotation":90,"texture":"#0"}}},{"from":[1.68203,5.23804,3.86857],"to":[1.68203,13.23804,11.86857],"rotation":{"angle":45,"axis":"y","origin":[4.88503,17.69116,7.11367],"rescale":true},"faces":{"north":{"uv":[0,0,0,0],"texture":"#2_2"},"east":{"uv":[0,0,16,16],"texture":"#3"},"south":{"uv":[0,0,0,0],"texture":"#2_2"},"west":{"uv":[0,0,16,16],"texture":"#2_2"},"up":{"uv":[0,0,0,0],"texture":"#2_2"},"down":{"uv":[0,0,0,0],"texture":"#2_2"}}},{"from":[1.69458,3.73804,13.51154],"to":[9.69458,11.73804,13.51154],"rotation":{"angle":-45,"axis":"y","origin":[9.19458,7.73804,10.51154],"rescale":true},"faces":{"north":{"uv":[0,0,16,16],"texture":"#4"},"east":{"uv":[0,0,0,0],"texture":"#2_2"},"south":{"uv":[0,0,16,16],"texture":"#4"},"west":{"uv":[0,0,0,0],"texture":"#2_2"},"up":{"uv":[0,0,0,0],"texture":"#2_2"},"down":{"uv":[0,0,0,0],"texture":"#2_2"}}},{"from":[5.1012,5.23804,3.65736],"to":[5.1012,13.23804,7.65736],"rotation":{"angle":-45,"axis":"y","origin":[-0.1488,9.23804,5.65736]},"faces":{"north":{"uv":[0,0,0,8],"texture":"#missing"},"east":{"uv":[8,0,0,16],"texture":"#3"},"south":{"uv":[0,0,0,8],"texture":"#missing"},"west":{"uv":[0,0,8,16],"texture":"#3"},"up":{"uv":[0,0,0,4],"texture":"#missing"},"down":{"uv":[0,0,0,4],"texture":"#missing"}}},{"from":[6.34406,5.23804,17.41293],"to":[6.34406,13.23804,21.41293],"rotation":{"angle":-45,"axis":"y","origin":[12.09406,9.23804,9.41293]},"faces":{"north":{"uv":[0,0,0,8],"texture":"#missing"},"east":{"uv":[0,0,8,16],"texture":"#2_2"},"south":{"uv":[0,0,0,8],"texture":"#missing"},"west":{"uv":[8,0,0,16],"texture":"#2_2"},"up":{"uv":[0,0,0,4],"texture":"#missing"},"down":{"uv":[0,0,0,4],"texture":"#missing"}}},{"from":[7.41393,5.23804,9.26467],"to":[15.41393,13.23804,9.26467],"rotation":{"angle":45,"axis":"y","origin":[12.90403,17.69116,7.11367],"rescale":true},"faces":{"north":{"uv":[0,0,16,16],"texture":"#3"},"east":{"uv":[0,0,0,0],"texture":"#2_2"},"south":{"uv":[0,0,16,16],"texture":"#2_2"},"west":{"uv":[0,0,0,0],"texture":"#2_2"},"up":{"uv":[0,0,0,0],"texture":"#2_2"},"down":{"uv":[0,0,0,0],"texture":"#2_2"}}},{"from":[7.41393,3.73804,9.01467],"to":[15.41393,11.73804,9.01467],"rotation":{"angle":45,"axis":"y","origin":[12.90403,17.69116,7.11367],"rescale":true},"faces":{"north":{"uv":[0,0,16,16],"texture":"#4"},"east":{"uv":[0,0,0,0],"texture":"#2_2"},"south":{"uv":[0,0,16,16],"texture":"#4"},"west":{"uv":[0,0,0,0],"texture":"#2_2"},"up":{"uv":[0,0,0,0],"texture":"#2_2"},"down":{"uv":[0,0,0,0],"texture":"#2_2"}}},{"from":[10.25267,5.25772,7.37401],"to":[10.25267,13.25772,11.37401],"rotation":{"angle":45,"axis":"y","origin":[11.00267,10.25772,7.12401]},"faces":{"north":{"uv":[0,0,0,8],"texture":"#missing"},"east":{"uv":[8,0,0,16],"texture":"#3"},"south":{"uv":[0,0,0,8],"texture":"#missing"},"west":{"uv":[0,0,8,16],"texture":"#3"},"up":{"uv":[0,0,0,4],"texture":"#missing"},"down":{"uv":[0,0,0,4],"texture":"#missing"}}},{"from":[11.07332,5.23804,16.51306],"to":[11.07332,13.23804,20.51306],"rotation":{"angle":45,"axis":"y","origin":[5.32332,9.23804,10.51306]},"faces":{"north":{"uv":[0,0,0,8],"texture":"#missing"},"east":{"uv":[0,0,8,16],"texture":"#2_2"},"south":{"uv":[0,0,0,8],"texture":"#missing"},"west":{"uv":[8,0,0,16],"texture":"#2_2"},"up":{"uv":[0,0,0,4],"texture":"#missing"},"down":{"uv":[0,0,0,4],"texture":"#missing"}}},{"from":[3.82436,6.25772,9.12368],"to":[11.82436,14.25772,9.12368],"rotation":{"angle":0,"axis":"y","origin":[7.61645,10.47116,9.12632],"rescale":true},"faces":{"north":{"uv":[0,0,16,16],"texture":"#3"},"east":{"uv":[0,0,0,0],"texture":"#2_2"},"south":{"uv":[0,0,16,16],"texture":"#2_2"},"west":{"uv":[0,0,0,0],"texture":"#2_2"},"up":{"uv":[0,0,0,0],"texture":"#2_2"},"down":{"uv":[0,0,0,0],"texture":"#2_2"}}},{"from":[5.19458,3.73804,9.01154],"to":[13.19458,11.73804,9.01154],"rotation":{"angle":0,"axis":"y","origin":[13.19458,7.73804,9.51154],"rescale":true},"faces":{"north":{"uv":[0,0,16,16],"texture":"#4"},"east":{"uv":[0,0,0,0],"texture":"#2_2"},"south":{"uv":[0,0,16,16],"texture":"#4"},"west":{"uv":[0,0,0,0],"texture":"#2_2"},"up":{"uv":[0,0,0,0],"texture":"#2_2"},"down":{"uv":[0,0,0,0],"texture":"#2_2"}}},{"from":[8.00267,6.25772,9.12401],"to":[8.00267,14.25772,13.12401],"rotation":{"angle":0,"axis":"y","origin":[2.25267,6.25772,9.12401]},"faces":{"north":{"uv":[0,0,0,8],"texture":"#missing"},"east":{"uv":[0,0,8,16],"texture":"#2_2"},"south":{"uv":[0,0,0,8],"texture":"#missing"},"west":{"uv":[8,0,0,16],"texture":"#2_2"},"up":{"uv":[0,0,0,4],"texture":"#missing"},"down":{"uv":[0,0,0,4],"texture":"#missing"}}},{"from":[8.00267,6.25772,5.12401],"to":[8.00267,14.25772,9.12401],"rotation":{"angle":0,"axis":"y","origin":[2.25267,6.25772,9.12401]},"faces":{"north":{"uv":[0,0,0,8],"texture":"#missing"},"east":{"uv":[8,0,0,16],"texture":"#3"},"south":{"uv":[0,0,0,8],"texture":"#missing"},"west":{"uv":[0,0,8,16],"texture":"#3"},"up":{"uv":[0,0,0,4],"texture":"#missing"},"down":{"uv":[0,0,0,4],"texture":"#missing"}}},{"from":[14.31797,4.73804,2.88143],"to":[14.31797,12.73804,10.88143],"rotation":{"angle":45,"axis":"y","origin":[11.11497,17.19116,7.63633],"rescale":true},"faces":{"north":{"uv":[0,0,0,0],"texture":"#2_2"},"east":{"uv":[0,0,16,16],"texture":"#2_2"},"south":{"uv":[0,0,0,0],"texture":"#2_2"},"west":{"uv":[0,0,16,16],"texture":"#3"},"up":{"uv":[0,0,0,0],"texture":"#2_2"},"down":{"uv":[0,0,0,0],"texture":"#2_2"}}},{"from":[6.30542,3.23804,1.23846],"to":[14.30542,11.23804,1.23846],"rotation":{"angle":-45,"axis":"y","origin":[6.80542,7.23804,4.23846],"rescale":true},"faces":{"north":{"uv":[0,0,16,16],"texture":"#4"},"east":{"uv":[0,0,0,0],"texture":"#2_2"},"south":{"uv":[0,0,16,16],"texture":"#4"},"west":{"uv":[0,0,0,0],"texture":"#2_2"},"up":{"uv":[0,0,0,0],"texture":"#2_2"},"down":{"uv":[0,0,0,0],"texture":"#2_2"}}},{"from":[10.8988,4.73804,7.09264],"to":[10.8988,12.73804,11.09264],"rotation":{"angle":-45,"axis":"y","origin":[16.1488,8.73804,9.09264]},"faces":{"north":{"uv":[0,0,0,8],"texture":"#missing"},"east":{"uv":[0,0,8,16],"texture":"#3"},"south":{"uv":[0,0,0,8],"texture":"#missing"},"west":{"uv":[8,0,0,16],"texture":"#3"},"up":{"uv":[0,4,0,0],"texture":"#missing"},"down":{"uv":[0,4,0,0],"texture":"#missing"}}},{"from":[9.65594,4.73804,-6.66293],"to":[9.65594,12.73804,-2.66293],"rotation":{"angle":-45,"axis":"y","origin":[3.90594,8.73804,5.33707]},"faces":{"north":{"uv":[0,0,0,8],"texture":"#missing"},"east":{"uv":[8,0,0,16],"texture":"#2_2"},"south":{"uv":[0,0,0,8],"texture":"#missing"},"west":{"uv":[0,0,8,16],"texture":"#2_2"},"up":{"uv":[0,4,0,0],"texture":"#missing"},"down":{"uv":[0,4,0,0],"texture":"#missing"}}},{"from":[0.58607,4.73804,5.48533],"to":[8.58607,12.73804,5.48533],"rotation":{"angle":45,"axis":"y","origin":[3.09597,17.19116,7.63633],"rescale":true},"faces":{"north":{"uv":[0,0,16,16],"texture":"#2_2"},"east":{"uv":[0,0,0,0],"texture":"#2_2"},"south":{"uv":[0,0,16,16],"texture":"#3"},"west":{"uv":[0,0,0,0],"texture":"#2_2"},"up":{"uv":[0,0,0,0],"texture":"#2_2"},"down":{"uv":[0,0,0,0],"texture":"#2_2"}}},{"from":[0.58607,3.23804,5.73533],"to":[8.58607,11.23804,5.73533],"rotation":{"angle":45,"axis":"y","origin":[3.09597,17.19116,7.63633],"rescale":true},"faces":{"north":{"uv":[0,0,16,16],"texture":"#4"},"east":{"uv":[0,0,0,0],"texture":"#2_2"},"south":{"uv":[0,0,16,16],"texture":"#4"},"west":{"uv":[0,0,0,0],"texture":"#2_2"},"up":{"uv":[0,0,0,0],"texture":"#2_2"},"down":{"uv":[0,0,0,0],"texture":"#2_2"}}},{"from":[5.74733,4.75772,3.37599],"to":[5.74733,12.75772,7.37599],"rotation":{"angle":45,"axis":"y","origin":[4.99733,9.75772,7.62599]},"faces":{"north":{"uv":[0,0,0,8],"texture":"#missing"},"east":{"uv":[0,0,8,16],"texture":"#3"},"south":{"uv":[0,0,0,8],"texture":"#missing"},"west":{"uv":[8,0,0,16],"texture":"#3"},"up":{"uv":[0,4,0,0],"texture":"#missing"},"down":{"uv":[0,4,0,0],"texture":"#missing"}}},{"from":[4.92668,4.73804,-5.76306],"to":[4.92668,12.73804,-1.76306],"rotation":{"angle":45,"axis":"y","origin":[10.67668,8.73804,4.23694]},"faces":{"north":{"uv":[0,0,0,8],"texture":"#missing"},"east":{"uv":[8,0,0,16],"texture":"#2_2"},"south":{"uv":[0,0,0,8],"texture":"#missing"},"west":{"uv":[0,0,8,16],"texture":"#2_2"},"up":{"uv":[0,4,0,0],"texture":"#missing"},"down":{"uv":[0,4,0,0],"texture":"#missing"}}},{"from":[4.17564,5.75772,5.62632],"to":[12.17564,13.75772,5.62632],"rotation":{"angle":0,"axis":"y","origin":[8.38355,9.97116,5.62368],"rescale":true},"faces":{"north":{"uv":[0,0,16,16],"texture":"#2_2"},"east":{"uv":[0,0,0,0],"texture":"#2_2"},"south":{"uv":[0,0,16,16],"texture":"#3"},"west":{"uv":[0,0,0,0],"texture":"#2_2"},"up":{"uv":[0,0,0,0],"texture":"#2_2"},"down":{"uv":[0,0,0,0],"texture":"#2_2"}}},{"from":[2.80542,3.23804,5.73846],"to":[10.80542,11.23804,5.73846],"rotation":{"angle":0,"axis":"y","origin":[2.80542,7.23804,5.23846],"rescale":true},"faces":{"north":{"uv":[0,0,16,16],"texture":"#4"},"east":{"uv":[0,0,0,0],"texture":"#2_2"},"south":{"uv":[0,0,16,16],"texture":"#4"},"west":{"uv":[0,0,0,0],"texture":"#2_2"},"up":{"uv":[0,0,0,0],"texture":"#2_2"},"down":{"uv":[0,0,0,0],"texture":"#2_2"}}},{"from":[7.99733,5.75772,1.62599],"to":[7.99733,13.75772,5.62599],"rotation":{"angle":0,"axis":"y","origin":[13.74733,5.75772,5.62599]},"faces":{"north":{"uv":[0,0,0,8],"texture":"#missing"},"east":{"uv":[8,0,0,16],"texture":"#2_2"},"south":{"uv":[0,0,0,8],"texture":"#missing"},"west":{"uv":[0,0,8,16],"texture":"#2_2"},"up":{"uv":[0,4,0,0],"texture":"#missing"},"down":{"uv":[0,4,0,0],"texture":"#missing"}}},{"from":[7.99733,5.75772,5.62599],"to":[7.99733,13.75772,9.62599],"rotation":{"angle":0,"axis":"y","origin":[13.74733,5.75772,5.62599]},"faces":{"north":{"uv":[0,0,0,8],"texture":"#missing"},"east":{"uv":[0,0,8,16],"texture":"#3"},"south":{"uv":[0,0,0,8],"texture":"#missing"},"west":{"uv":[8,0,0,16],"texture":"#3"},"up":{"uv":[0,4,0,0],"texture":"#missing"},"down":{"uv":[0,4,0,0],"texture":"#missing"}}}],"display":{"thirdperson_righthand":{"rotation":[75,180,0],"translation":[0,2.5,0],"scale":[0.375,0.375,0.375]},"thirdperson_lefthand":{"rotation":[75,180,0],"translation":[0,2.5,0],"scale":[0.375,0.375,0.375]},"firstperson_righthand":{"rotation":[0,180,0],"scale":[0.4,0.4,0.4]},"firstperson_lefthand":{"rotation":[0,180,0],"scale":[0.4,0.4,0.4]},"ground":{"translation":[0,3,0],"scale":[0.5,0.5,0.5]},"gui":{"rotation":[30,29,0],"translation":[0,1.5,0],"scale":[0.6,0.6,0.6]},"head":{"rotation":[0,-180,0],"translation":[0,0,-14.25]},"fixed":{"rotation":[-90,180,0],"translation":[0,0,-15],"scale":[2,2,2]}},"groups":[0,1,2,3,4,5,{"name":"flowers","origin":[8,8,8],"children":[{"name":"1","origin":[8,8,8],"children":[6,7,8,9]},{"name":"2","origin":[8,8,8],"children":[10,11,12,13]},{"name":"3","origin":[8,8,8],"children":[14,15,16,17]}]},{"name":"flowers","origin":[8,8,8],"children":[{"name":"1","origin":[8,8,8],"children":[18,19,20,21]},{"name":"2","origin":[8,8,8],"children":[22,23,24,25]},{"name":"3","origin":[8,8,8],"children":[26,27,28,29]}]}]}