{"credit":"Made with Blockbench","textures":{"0":"block/birch_planks","1":"block/logs/lilac_planks","2":"block/stripped_oak_log","particle":"block/birch_planks"},"elements":[{"from":[15,25,3.5],"to":[16,30.75,12.5],"rotation":{"angle":45,"axis":"z","origin":[15.5,20.5,8]},"faces":{"north":{"uv":[4,3,5,4],"texture":"#0"},"east":{"uv":[4,4,15,16],"texture":"#0"},"south":{"uv":[4,3,5,4],"texture":"#0"},"west":{"uv":[4,3,5,4],"texture":"#0"},"up":{"uv":[0,0,1,9],"texture":"#missing"},"down":{"uv":[4,3,5,4],"texture":"#0"}}},{"from":[5,20,3.5],"to":[11.6,21,12.5],"rotation":{"angle":45,"axis":"z","origin":[0.5,20.5,8]},"faces":{"north":{"uv":[4,3,5,4],"texture":"#0"},"east":{"uv":[5,10,16,12],"texture":"#0"},"south":{"uv":[4,3,5,4],"texture":"#0"},"west":{"uv":[4,3,5,4],"texture":"#0"},"up":{"uv":[4,0,15,15],"rotation":90,"texture":"#0"},"down":{"uv":[4,3,5,4],"texture":"#0"}}},{"from":[4.5,20,5],"to":[5.5,25,11],"rotation":{"angle":0,"axis":"y","origin":[10,22,13.75]},"faces":{"north":{"uv":[0,0,1,5],"texture":"#missing"},"east":{"uv":[4,1,16,11],"texture":"#1"},"south":{"uv":[0,0,1,5],"texture":"#missing"},"west":{"uv":[4,1,16,11],"texture":"#1"},"up":{"uv":[0,0,6,1],"rotation":270,"texture":"#missing"},"down":{"uv":[0,0,6,1],"rotation":90,"texture":"#missing"}}},{"from":[6.5,26,4],"to":[9.5,27,5],"rotation":{"angle":0,"axis":"y","origin":[0.5,20,1]},"faces":{"north":{"uv":[1,9,7,11],"texture":"#1"},"east":{"uv":[0,0,1,1],"texture":"#missing"},"south":{"uv":[1,9,7,11],"texture":"#1"},"west":{"uv":[0,0,1,1],"texture":"#missing"},"up":{"uv":[0,0,3,1],"texture":"#missing"},"down":{"uv":[0,0,3,1],"texture":"#missing"}}},{"from":[6.5,26,11],"to":[9.5,27,12],"rotation":{"angle":0,"axis":"y","origin":[0.5,20,1]},"faces":{"north":{"uv":[1,9,7,11],"texture":"#1"},"east":{"uv":[0,0,1,1],"texture":"#missing"},"south":{"uv":[1,9,7,11],"texture":"#1"},"west":{"uv":[0,0,1,1],"texture":"#missing"},"up":{"uv":[0,0,3,1],"texture":"#missing"},"down":{"uv":[0,0,3,1],"texture":"#missing"}}},{"from":[7.5,27,4],"to":[8.5,28,5],"rotation":{"angle":0,"axis":"y","origin":[0.5,20,1]},"faces":{"north":{"uv":[0,0,2,2],"texture":"#1"},"east":{"uv":[0,0,1,1],"texture":"#missing"},"south":{"uv":[0,0,1,1],"texture":"#missing"},"west":{"uv":[0,0,1,1],"texture":"#missing"},"up":{"uv":[0,0,1,1],"texture":"#missing"},"down":{"uv":[0,0,1,1],"texture":"#missing"}}},{"from":[7.5,27,11],"to":[8.5,28,12],"rotation":{"angle":0,"axis":"y","origin":[0.5,20,1]},"faces":{"north":{"uv":[0,0,1,1],"texture":"#missing"},"east":{"uv":[0,0,1,1],"texture":"#missing"},"south":{"uv":[0,0,2,2],"texture":"#1"},"west":{"uv":[0,0,1,1],"texture":"#missing"},"up":{"uv":[0,0,1,1],"texture":"#missing"},"down":{"uv":[0,0,1,1],"texture":"#missing"}}},{"from":[9,20,4],"to":[11.5,25,5],"rotation":{"angle":0,"axis":"y","origin":[0.5,20,1]},"faces":{"north":{"uv":[2,5,7,15],"texture":"#1"},"east":{"uv":[6,1,8,11],"texture":"#1"},"south":{"uv":[2,5,7,15],"texture":"#1"},"west":{"uv":[12,3,13,8],"texture":"#1"},"up":{"uv":[0,0,2.5,1],"texture":"#missing"},"down":{"uv":[0,0,2.5,1],"texture":"#missing"}}},{"from":[9,20,11],"to":[11.5,25,12],"rotation":{"angle":0,"axis":"y","origin":[0.5,20,1]},"faces":{"north":{"uv":[2,5,7,15],"texture":"#1"},"east":{"uv":[12,1,14,11],"texture":"#1"},"south":{"uv":[2,5,7,15],"texture":"#1"},"west":{"uv":[12,3,13,8],"texture":"#1"},"up":{"uv":[0,0,2.5,1],"texture":"#missing"},"down":{"uv":[0,0,2.5,1],"texture":"#missing"}}},{"from":[10.5,20,5],"to":[11.5,25,11],"rotation":{"angle":0,"axis":"y","origin":[10,22,13.75]},"faces":{"north":{"uv":[0,0,1,5],"texture":"#missing"},"east":{"uv":[4,1,16,11],"texture":"#1"},"south":{"uv":[0,0,1,5],"texture":"#missing"},"west":{"uv":[4,1,16,11],"texture":"#1"},"up":{"uv":[0,0,6,1],"rotation":270,"texture":"#missing"},"down":{"uv":[0,0,6,1],"rotation":90,"texture":"#missing"}}},{"from":[5.5,25,11],"to":[10.5,26,12],"rotation":{"angle":0,"axis":"y","origin":[0.5,20,1]},"faces":{"north":{"uv":[2,3,12,5],"texture":"#1"},"east":{"uv":[0,0,1,1],"texture":"#missing"},"south":{"uv":[2,3,12,5],"texture":"#1"},"west":{"uv":[0,0,1,1],"texture":"#missing"},"up":{"uv":[0,0,5,1],"texture":"#missing"},"down":{"uv":[0,0,5,1],"texture":"#missing"}}},{"from":[4.5,20,4],"to":[7,25,5],"rotation":{"angle":0,"axis":"y","origin":[0.5,20,1]},"faces":{"north":{"uv":[2,5,7,15],"texture":"#1"},"east":{"uv":[12,3,13,8],"texture":"#1"},"south":{"uv":[2,5,7,15],"texture":"#1"},"west":{"uv":[12,1,14,11],"texture":"#1"},"up":{"uv":[0,0,2.5,1],"texture":"#missing"},"down":{"uv":[0,0,2.5,1],"texture":"#missing"}}},{"from":[4.5,20,11],"to":[7,25,12],"rotation":{"angle":0,"axis":"y","origin":[0.5,20,1]},"faces":{"north":{"uv":[2,5,7,15],"texture":"#1"},"east":{"uv":[12,3,13,8],"texture":"#1"},"south":{"uv":[2,5,7,15],"texture":"#1"},"west":{"uv":[6,1,8,11],"texture":"#1"},"up":{"uv":[0,0,2.5,1],"texture":"#missing"},"down":{"uv":[0,0,2.5,1],"texture":"#missing"}}},{"from":[7,20,4],"to":[9,21,5],"rotation":{"angle":0,"axis":"y","origin":[0.5,20,1]},"faces":{"north":{"uv":[6,12,10,14],"texture":"#1"},"east":{"uv":[0,0,1,1],"texture":"#missing"},"south":{"uv":[6,12,10,14],"texture":"#1"},"west":{"uv":[0,0,1,1],"texture":"#missing"},"up":{"uv":[0,11,2,12],"texture":"#1"},"down":{"uv":[0,0,2,1],"texture":"#missing"}}},{"from":[7,24,4],"to":[9,25,5],"rotation":{"angle":0,"axis":"y","origin":[0.5,20,1]},"faces":{"north":{"uv":[6,5,10,7],"texture":"#1"},"east":{"uv":[0,0,1,1],"texture":"#missing"},"south":{"uv":[6,5,10,7],"texture":"#1"},"west":{"uv":[0,0,1,1],"texture":"#missing"},"up":{"uv":[0,0,2,1],"texture":"#missing"},"down":{"uv":[0,11,2,12],"texture":"#1"}}},{"from":[7,24,11],"to":[9,25,12],"rotation":{"angle":0,"axis":"y","origin":[0.5,20,1]},"faces":{"north":{"uv":[6,5,10,7],"texture":"#1"},"east":{"uv":[0,0,1,1],"texture":"#missing"},"south":{"uv":[6,5,10,7],"texture":"#1"},"west":{"uv":[0,0,1,1],"texture":"#missing"},"up":{"uv":[0,0,2,1],"texture":"#missing"},"down":{"uv":[0,11,2,12],"texture":"#1"}}},{"from":[7,20,11],"to":[9,21,12],"rotation":{"angle":0,"axis":"y","origin":[0.5,20,1]},"faces":{"north":{"uv":[6,12,10,14],"texture":"#1"},"east":{"uv":[0,0,1,1],"texture":"#missing"},"south":{"uv":[6,12,10,14],"texture":"#1"},"west":{"uv":[0,0,1,1],"texture":"#missing"},"up":{"uv":[0,11,2,12],"texture":"#1"},"down":{"uv":[0,0,2,1],"texture":"#missing"}}},{"from":[5.5,25,4],"to":[10.5,26,5],"rotation":{"angle":0,"axis":"y","origin":[0.5,20,1]},"faces":{"north":{"uv":[2,3,12,5],"texture":"#1"},"east":{"uv":[0,0,1,1],"texture":"#missing"},"south":{"uv":[2,3,12,5],"texture":"#1"},"west":{"uv":[0,0,1,1],"texture":"#missing"},"up":{"uv":[0,0,5,1],"texture":"#missing"},"down":{"uv":[0,0,5,1],"texture":"#missing"}}},{"from":[3,19,1.5],"to":[13,20,14.5],"rotation":{"angle":0,"axis":"y","origin":[0,19,1.5]},"faces":{"north":{"uv":[0,0,10,1],"texture":"#2"},"east":{"uv":[0,0,13,1],"texture":"#2"},"south":{"uv":[0,0,10,1],"texture":"#2"},"west":{"uv":[0,0,13,1],"texture":"#2"},"up":{"uv":[0,0,10,13],"texture":"#2"},"down":{"uv":[0,0,10,13],"texture":"#2"}}},{"from":[7,0,7],"to":[9,19,9],"rotation":{"angle":0,"axis":"y","origin":[7,0,7]},"faces":{"north":{"uv":[0,0,2,16],"texture":"#2"},"east":{"uv":[0,0,2,16],"texture":"#2"},"south":{"uv":[0,0,2,16],"texture":"#2"},"west":{"uv":[0,0,2,16],"texture":"#2"},"up":{"uv":[0,0,2,2],"texture":"#2"},"down":{"uv":[0,0,2,2],"texture":"#2"}}}],"display":{"thirdperson_righthand":{"scale":[0.3,0.3,0.3]},"thirdperson_lefthand":{"scale":[0.3,0.3,0.3]},"firstperson_righthand":{"scale":[0.3,0.3,0.3]},"firstperson_lefthand":{"scale":[0.3,0.3,0.3]},"ground":{"scale":[0.5,0.5,0.5]},"gui":{"rotation":[0,42.5,0],"translation":[0,-3,0],"scale":[0.45,0.45,0.45]},"fixed":{"rotation":[-90,0,0],"translation":[0,0,-15.5],"scale":[2,2,2]}},"groups":[{"name":"casita","origin":[8,8,8],"color":0,"children":[{"name":"techo","origin":[8,8,8],"color":0,"children":[0,1]},{"name":"paredes","origin":[8,8,8],"color":0,"children":[2,3,4,5,6,7,8,9,10,11,12,13,14,15,16,17]},{"name":"base","origin":[8,8,8],"color":0,"children":[18]}]},19]}