{"credit":"Made with Blockbench","textures":{"0":"block/boots_red_muddy","particle":"block/boots_red_muddy"},"elements":[{"from":[3.5,0,1.77273],"to":[6.5,1,2.77273],"rotation":{"angle":0,"axis":"y","origin":[1.5,0,1.77273]},"faces":{"north":{"uv":[0,9,3,10],"texture":"#0"},"east":{"uv":[4,9,5,10],"texture":"#0"},"south":{"uv":[0,0,3,1],"texture":"#missing"},"west":{"uv":[4,9,5,10],"texture":"#0"},"up":{"uv":[0,0,3,1],"texture":"#missing"},"down":{"uv":[0,9,3,10],"texture":"#0"}}},{"from":[9.5,0,1.77273],"to":[12.5,1,2.77273],"rotation":{"angle":0,"axis":"y","origin":[1.5,0,1.77273]},"faces":{"north":{"uv":[0,9,3,10],"texture":"#0"},"east":{"uv":[4,9,5,10],"texture":"#0"},"south":{"uv":[0,0,3,1],"texture":"#missing"},"west":{"uv":[4,9,5,10],"texture":"#0"},"up":{"uv":[0,0,3,1],"texture":"#missing"},"down":{"uv":[0,9,3,10],"texture":"#0"}}},{"from":[3.5,1,1.77273],"to":[6.5,2,2.77273],"rotation":{"angle":0,"axis":"y","origin":[1.5,0,1.77273]},"faces":{"north":{"uv":[0,5,1,8],"rotation":90,"texture":"#0"},"east":{"uv":[0,7,1,8],"texture":"#0"},"south":{"uv":[0,5,1,8],"texture":"#0"},"west":{"uv":[0,7,1,8],"texture":"#0"},"up":{"uv":[4,3,5,6],"rotation":90,"texture":"#0"},"down":{"uv":[0,5,1,8],"texture":"#0"}}},{"from":[9.5,1,1.77273],"to":[12.5,2,2.77273],"rotation":{"angle":0,"axis":"y","origin":[1.5,0,1.77273]},"faces":{"north":{"uv":[0,5,1,8],"rotation":90,"texture":"#0"},"east":{"uv":[0,7,1,8],"texture":"#0"},"south":{"uv":[0,5,1,8],"texture":"#0"},"west":{"uv":[0,7,1,8],"texture":"#0"},"up":{"uv":[4,3,5,6],"rotation":90,"texture":"#0"},"down":{"uv":[0,5,1,8],"texture":"#0"}}},{"from":[3.5,4,3.77273],"to":[6.5,5,7.77273],"rotation":{"angle":0,"axis":"y","origin":[1.5,0,1.77273]},"faces":{"north":{"uv":[1,3,4,4],"texture":"#0"},"east":{"uv":[1,0,2,4],"rotation":90,"texture":"#0"},"south":{"uv":[0,0,3,1],"texture":"#missing"},"west":{"uv":[1,0,2,4],"rotation":90,"texture":"#0"},"up":{"uv":[4,4,1,8],"texture":"#0"},"down":{"uv":[0,0,3,4],"texture":"#missing"}}},{"from":[9.5,4,3.77273],"to":[12.5,5,7.77273],"rotation":{"angle":0,"axis":"y","origin":[1.5,0,1.77273]},"faces":{"north":{"uv":[1,3,4,4],"texture":"#0"},"east":{"uv":[1,0,2,4],"rotation":90,"texture":"#0"},"south":{"uv":[0,0,3,1],"texture":"#missing"},"west":{"uv":[1,0,2,4],"rotation":90,"texture":"#0"},"up":{"uv":[1,4,4,8],"texture":"#0"},"down":{"uv":[0,0,3,4],"texture":"#missing"}}},{"from":[2.5,0,2.77273],"to":[7.5,1,9.77273],"rotation":{"angle":0,"axis":"y","origin":[1.5,0,1.77273]},"faces":{"north":{"uv":[1,9,6,10],"texture":"#0"},"east":{"uv":[0,9,7,10],"texture":"#0"},"south":{"uv":[1,9,6,10],"texture":"#0"},"west":{"uv":[0,9,7,10],"texture":"#0"},"up":{"uv":[0,0,5,7],"texture":"#missing"},"down":{"uv":[0,10,7,15],"rotation":90,"texture":"#0"}}},{"from":[8.5,0,2.77273],"to":[13.5,1,9.77273],"rotation":{"angle":0,"axis":"y","origin":[1.5,0,1.77273]},"faces":{"north":{"uv":[1,9,6,10],"texture":"#0"},"east":{"uv":[0,9,7,10],"texture":"#0"},"south":{"uv":[1,9,6,10],"texture":"#0"},"west":{"uv":[0,9,7,10],"texture":"#0"},"up":{"uv":[0,0,5,7],"texture":"#missing"},"down":{"uv":[0,10,7,15],"rotation":90,"texture":"#0"}}},{"from":[2.5,1,2.77273],"to":[7.5,4,7.77273],"rotation":{"angle":0,"axis":"y","origin":[1.5,0,1.77273]},"faces":{"north":{"uv":[5,6,0,9],"rotation":180,"texture":"#0"},"east":{"uv":[15,6,10,9],"rotation":180,"texture":"#0"},"south":{"uv":[0,0,5,2],"texture":"#missing"},"west":{"uv":[10,6,15,9],"rotation":180,"texture":"#0"},"up":{"uv":[0,4,5,9],"rotation":180,"texture":"#0"},"down":{"uv":[0,0,5,5],"texture":"#missing"}}},{"from":[8.5,1,2.77273],"to":[13.5,4,7.77273],"rotation":{"angle":0,"axis":"y","origin":[1.5,0,1.77273]},"faces":{"north":{"uv":[0,6,5,9],"rotation":180,"texture":"#0"},"east":{"uv":[15,6,10,9],"rotation":180,"texture":"#0"},"south":{"uv":[0,0,5,2],"texture":"#missing"},"west":{"uv":[10,6,15,9],"rotation":180,"texture":"#0"},"up":{"uv":[0,4,5,9],"rotation":180,"texture":"#0"},"down":{"uv":[0,0,5,5],"texture":"#missing"}}},{"from":[2.5,1,7.77273],"to":[7.5,3,13.77273],"rotation":{"angle":0,"axis":"y","origin":[1.5,0,1.77273]},"faces":{"north":{"uv":[0,0,5,2],"texture":"#missing"},"east":{"uv":[10,0,16,2],"texture":"#0"},"south":{"uv":[7,9,12,11],"texture":"#0"},"west":{"uv":[16,0,10,2],"texture":"#0"},"up":{"uv":[1,9,2,10],"texture":"#0"},"down":{"uv":[0,9,5,15],"texture":"#0"}}},{"from":[8.5,1,7.77273],"to":[13.5,3,13.77273],"rotation":{"angle":0,"axis":"y","origin":[1.5,0,1.77273]},"faces":{"north":{"uv":[0,0,5,2],"texture":"#missing"},"east":{"uv":[10,0,16,2],"texture":"#0"},"south":{"uv":[12,9,7,11],"texture":"#0"},"west":{"uv":[16,0,10,2],"texture":"#0"},"up":{"uv":[1,9,2,10],"texture":"#0"},"down":{"uv":[0,9,5,15],"texture":"#0"}}},{"from":[2.5,0,10.77273],"to":[7.5,1,13.77273],"rotation":{"angle":0,"axis":"y","origin":[1.5,0,1.77273]},"faces":{"north":{"uv":[0,9,5,10],"texture":"#0"},"east":{"uv":[4,9,7,10],"texture":"#0"},"south":{"uv":[0,9,5,10],"texture":"#0"},"west":{"uv":[4,9,7,10],"texture":"#0"},"up":{"uv":[0,0,5,3],"texture":"#missing"},"down":{"uv":[0,10,3,15],"rotation":90,"texture":"#0"}}},{"from":[8.5,0,10.77273],"to":[13.5,1,13.77273],"rotation":{"angle":0,"axis":"y","origin":[1.5,0,1.77273]},"faces":{"north":{"uv":[0,9,5,10],"texture":"#0"},"east":{"uv":[4,9,7,10],"texture":"#0"},"south":{"uv":[0,9,5,10],"texture":"#0"},"west":{"uv":[4,9,7,10],"texture":"#0"},"up":{"uv":[0,0,5,3],"texture":"#missing"},"down":{"uv":[0,10,3,15],"rotation":90,"texture":"#0"}}},{"from":[2.5,3,7.77273],"to":[7.5,11,8.77273],"rotation":{"angle":0,"axis":"y","origin":[2.5,10,7.77273]},"faces":{"north":{"uv":[5,0,0,8],"texture":"#0"},"east":{"uv":[0,0,1,8],"texture":"#0"},"south":{"uv":[0,0,5,8],"texture":"#0"},"west":{"uv":[0,0,1,8],"texture":"#0"},"up":{"uv":[0,0,5,1],"texture":"#0"},"down":{"uv":[0,0,5,1],"texture":"#missing"}}},{"from":[8.5,3,7.77273],"to":[13.5,11,8.77273],"rotation":{"angle":0,"axis":"y","origin":[2.5,10,7.77273]},"faces":{"north":{"uv":[0,0,5,8],"texture":"#0"},"east":{"uv":[0,0,1,8],"texture":"#0"},"south":{"uv":[0,0,5,8],"texture":"#0"},"west":{"uv":[0,0,1,8],"texture":"#0"},"up":{"uv":[0,0,5,1],"texture":"#0"},"down":{"uv":[0,0,5,1],"texture":"#missing"}}},{"from":[2.5,3,12.77273],"to":[7.5,11,13.77273],"rotation":{"angle":0,"axis":"y","origin":[2.5,10,7.77273]},"faces":{"north":{"uv":[0,0,5,8],"texture":"#0"},"east":{"uv":[4,0,5,8],"texture":"#0"},"south":{"uv":[5,0,0,8],"texture":"#0"},"west":{"uv":[4,0,5,8],"texture":"#0"},"up":{"uv":[0,0,5,1],"texture":"#0"},"down":{"uv":[0,0,5,1],"texture":"#missing"}}},{"from":[8.5,3,12.77273],"to":[13.5,11,13.77273],"rotation":{"angle":0,"axis":"y","origin":[2.5,10,7.77273]},"faces":{"north":{"uv":[0,0,5,8],"texture":"#0"},"east":{"uv":[4,0,5,8],"texture":"#0"},"south":{"uv":[0,0,5,8],"texture":"#0"},"west":{"uv":[4,0,5,8],"texture":"#0"},"up":{"uv":[0,0,5,1],"texture":"#0"},"down":{"uv":[0,0,5,1],"texture":"#missing"}}},{"from":[2.5,3,8.77273],"to":[3.5,11,12.77273],"rotation":{"angle":0,"axis":"y","origin":[2.5,10,8.77273]},"faces":{"north":{"uv":[0,0,1,8],"texture":"#missing"},"east":{"uv":[5,0,9,8],"texture":"#0"},"south":{"uv":[0,0,1,8],"texture":"#missing"},"west":{"uv":[5,0,9,8],"texture":"#0"},"up":{"uv":[6,0,7,4],"texture":"#0"},"down":{"uv":[0,0,1,4],"texture":"#missing"}}},{"from":[8.5,3,8.77273],"to":[9.5,11,12.77273],"rotation":{"angle":0,"axis":"y","origin":[2.5,10,8.77273]},"faces":{"north":{"uv":[0,0,1,8],"texture":"#missing"},"east":{"uv":[5,0,9,8],"texture":"#0"},"south":{"uv":[0,0,1,8],"texture":"#missing"},"west":{"uv":[5,0,9,8],"texture":"#0"},"up":{"uv":[6,0,7,4],"texture":"#0"},"down":{"uv":[0,0,1,4],"texture":"#missing"}}},{"from":[6.5,3,8.77273],"to":[7.5,11,12.77273],"rotation":{"angle":0,"axis":"y","origin":[2.5,10,8.77273]},"faces":{"north":{"uv":[0,0,1,8],"texture":"#missing"},"east":{"uv":[5,0,9,8],"texture":"#0"},"south":{"uv":[0,0,1,8],"texture":"#missing"},"west":{"uv":[5,0,9,8],"texture":"#0"},"up":{"uv":[7,0,8,4],"texture":"#0"},"down":{"uv":[0,0,1,4],"texture":"#missing"}}},{"from":[12.5,3,8.77273],"to":[13.5,11,12.77273],"rotation":{"angle":0,"axis":"y","origin":[2.5,10,8.77273]},"faces":{"north":{"uv":[0,0,1,8],"texture":"#missing"},"east":{"uv":[5,0,9,8],"texture":"#0"},"south":{"uv":[0,0,1,8],"texture":"#missing"},"west":{"uv":[5,0,9,8],"texture":"#0"},"up":{"uv":[7,0,8,4],"texture":"#0"},"down":{"uv":[0,0,1,4],"texture":"#missing"}}}],"display":{"thirdperson_righthand":{"scale":[0.5,0.5,0.5]},"thirdperson_lefthand":{"scale":[0.5,0.5,0.5]},"firstperson_righthand":{"scale":[0.5,0.5,0.5]},"firstperson_lefthand":{"scale":[0.5,0.5,0.5]},"ground":{"scale":[0.5,0.5,0.5]},"gui":{"rotation":[37,-144,0],"scale":[0.5,0.5,0.5]},"fixed":{"rotation":[-90,0,0],"translation":[0,0,-15],"scale":[2,2,2]}}}