{"credit":"Made with Blockbench","parent":"./cit_item","ambientocclusion":false,"textures":{"2":"block/cornflower","3":"block/bricks","5":"block/dirt"},"elements":[{"from":[0.5,0,3.5],"to":[15.5,7,5.5],"rotation":{"angle":0,"axis":"y","origin":[0.5,0,3.5]},"faces":{"north":{"uv":[0,1,15,8],"texture":"#3"},"east":{"uv":[10,1,12,8],"texture":"#3"},"south":{"uv":[0,1,15,8],"texture":"#3"},"west":{"uv":[4,1,6,8],"texture":"#3"},"up":{"uv":[1,10,16,12],"texture":"#3"},"down":{"uv":[0,7,15,9],"texture":"#3"}}},{"from":[0.5,0,10.5],"to":[15.5,7,12.5],"rotation":{"angle":0,"axis":"y","origin":[0.5,0,3.5]},"faces":{"north":{"uv":[0,1,15,8],"texture":"#3"},"east":{"uv":[4,1,6,8],"texture":"#3"},"south":{"uv":[0,1,15,8],"texture":"#3"},"west":{"uv":[10,1,12,8],"texture":"#3"},"up":{"uv":[0,7,15,9],"texture":"#3"},"down":{"uv":[0,0,15,2],"texture":"#3"}}},{"from":[0.5,0,5.5],"to":[2.5,7,10.5],"rotation":{"angle":0,"axis":"y","origin":[0.5,0,3.5]},"faces":{"north":{"uv":[0,0,2,7],"texture":"#missing"},"east":{"uv":[5,1,10,8],"texture":"#3"},"south":{"uv":[0,0,2,7],"texture":"#missing"},"west":{"uv":[5,1,10,8],"texture":"#3"},"up":{"uv":[1,3,6,5],"rotation":90,"texture":"#3"},"down":{"uv":[0,2,2,7],"texture":"#3"}}},{"from":[13.5,0,5.5],"to":[15.5,7,10.5],"rotation":{"angle":0,"axis":"y","origin":[0.5,0,3.5]},"faces":{"north":{"uv":[0,0,2,7],"texture":"#missing"},"east":{"uv":[5,1,10,8],"texture":"#3"},"south":{"uv":[0,0,2,7],"texture":"#missing"},"west":{"uv":[5,1,10,8],"texture":"#3"},"up":{"uv":[9,6,14,8],"rotation":90,"texture":"#3"},"down":{"uv":[13,2,15,7],"texture":"#3"}}},{"from":[2.5,0,5.5],"to":[13.5,0,10.5],"rotation":{"angle":0,"axis":"y","origin":[0.5,0,3.5]},"faces":{"north":{"uv":[0,0,11,0],"texture":"#missing"},"east":{"uv":[0,0,5,0],"texture":"#missing"},"south":{"uv":[0,0,11,0],"texture":"#missing"},"west":{"uv":[0,0,5,0],"texture":"#missing"},"up":{"uv":[0,0,11,5],"texture":"#missing"},"down":{"uv":[2,2,13,7],"texture":"#3"}}},{"from":[2.5,7,5.5],"to":[13.5,7,10.5],"rotation":{"angle":0,"axis":"y","origin":[0.5,0,3.5]},"faces":{"north":{"uv":[0,0,11,0],"texture":"#missing"},"east":{"uv":[0,0,5,0],"texture":"#missing"},"south":{"uv":[0,0,11,0],"texture":"#missing"},"west":{"uv":[0,0,5,0],"texture":"#missing"},"up":{"uv":[0,0,11,5],"texture":"#5"},"down":{"uv":[0,0,11,5],"texture":"#missing"}}},{"from":[0.37279,5.98804,7.71356],"to":[7.95698,14.41492,7.71883],"rotation":{"angle":45,"axis":"y","origin":[4.86789,26.19116,7.41656],"rescale":true},"faces":{"north":{"uv":[0,0,16,16],"texture":"#2"},"east":{"uv":[0,0,0,0],"texture":"#2"},"south":{"uv":[0,0,16,16],"texture":"#2"},"west":{"uv":[0,0,0,0],"texture":"#2"},"up":{"uv":[0,0,0,0],"texture":"#2"},"down":{"uv":[0,0,0,0],"texture":"#2"}}},{"from":[4.16489,5.98804,3.92146],"to":[4.17015,14.41492,11.50566],"rotation":{"angle":45,"axis":"y","origin":[4.86789,26.19116,7.41656],"rescale":true},"faces":{"north":{"uv":[0,0,0,0],"texture":"#2"},"east":{"uv":[0,0,16,16],"texture":"#2"},"south":{"uv":[0,0,0,0],"texture":"#2"},"west":{"uv":[0,0,16,16],"texture":"#2"},"up":{"uv":[0,0,0,0],"texture":"#2"},"down":{"uv":[0,0,0,0],"texture":"#2"}}},{"from":[7.89679,5.98804,7.31756],"to":[15.48098,14.41492,7.32283],"rotation":{"angle":45,"axis":"y","origin":[12.88689,26.19116,7.41656],"rescale":true},"faces":{"north":{"uv":[0,0,16,16],"texture":"#2"},"east":{"uv":[0,0,0,0],"texture":"#2"},"south":{"uv":[0,0,16,16],"texture":"#2"},"west":{"uv":[0,0,0,0],"texture":"#2"},"up":{"uv":[0,0,0,0],"texture":"#2"},"down":{"uv":[0,0,0,0],"texture":"#2"}}},{"from":[11.68889,5.98804,3.52546],"to":[11.69415,14.41492,11.10966],"rotation":{"angle":45,"axis":"y","origin":[12.88689,26.19116,7.41656],"rescale":true},"faces":{"north":{"uv":[0,0,0,0],"texture":"#2"},"east":{"uv":[0,0,16,16],"texture":"#2"},"south":{"uv":[0,0,0,0],"texture":"#2"},"west":{"uv":[0,0,16,16],"texture":"#2"},"up":{"uv":[0,0,0,0],"texture":"#2"},"down":{"uv":[0,0,0,0],"texture":"#2"}}},{"from":[3.60019,7.00772,8.96492],"to":[11.18438,15.4346,8.97019],"rotation":{"angle":45,"axis":"y","origin":[7.50129,26.19116,8.46992],"rescale":true},"faces":{"north":{"uv":[0,0,16,16],"texture":"#2"},"east":{"uv":[0,0,0,0],"texture":"#2"},"south":{"uv":[0,0,16,16],"texture":"#2"},"west":{"uv":[0,0,0,0],"texture":"#2"},"up":{"uv":[0,0,0,0],"texture":"#2"},"down":{"uv":[0,0,0,0],"texture":"#2"}}},{"from":[7.39229,7.00772,5.17282],"to":[7.39755,15.4346,12.75702],"rotation":{"angle":45,"axis":"y","origin":[7.50129,26.19116,8.46992],"rescale":true},"faces":{"north":{"uv":[0,0,0,0],"texture":"#2"},"east":{"uv":[0,0,16,16],"texture":"#2"},"south":{"uv":[0,0,0,0],"texture":"#2"},"west":{"uv":[0,0,16,16],"texture":"#2"},"up":{"uv":[0,0,0,0],"texture":"#2"},"down":{"uv":[0,0,0,0],"texture":"#2"}}}],"display":{"thirdperson_righthand":{"rotation":[75,180,0],"translation":[0,2.5,0],"scale":[0.375,0.375,0.375]},"thirdperson_lefthand":{"rotation":[75,180,0],"translation":[0,2.5,0],"scale":[0.375,0.375,0.375]},"firstperson_righthand":{"rotation":[0,180,0],"scale":[0.4,0.4,0.4]},"firstperson_lefthand":{"rotation":[0,180,0],"scale":[0.4,0.4,0.4]},"ground":{"translation":[0,3,0],"scale":[0.5,0.5,0.5]},"gui":{"rotation":[30,29,0],"translation":[0,2.25,0],"scale":[0.8,0.8,0.8]},"head":{"rotation":[0,-180,0],"translation":[0,0,-14.25]},"fixed":{"rotation":[-90,180,0],"translation":[0,-0.25,-15],"scale":[2,2,2]}},"groups":[{"name":"box","origin":[8,8,8],"children":[0,1,2,3,4,5,{"name":"flowers","origin":[8,8,8],"children":[{"name":"1","origin":[8,8,8],"children":[6,7]},{"name":"2","origin":[8,8,8],"children":[8,9]},{"name":"3","origin":[8,8,8],"children":[10,11]},{"name":"4","origin":[8,8,8],"children":[]}]}]}]}