{"credit":"Made with Blockbench","parent":"./cit_item","ambientocclusion":false,"textures":{"3":"block/bricks","4":"block/sunflower_bottom","5":"block/dirt","particle":"block/bricks","1_2":"block/sunflower_front","1_3":"block/sunflower_back"},"elements":[{"from":[0.5,0,3.5],"to":[15.5,7,5.5],"rotation":{"angle":0,"axis":"y","origin":[0.5,0,3.5]},"faces":{"north":{"uv":[0,1,15,8],"texture":"#3"},"east":{"uv":[10,1,12,8],"texture":"#3"},"south":{"uv":[0,1,15,8],"texture":"#3"},"west":{"uv":[4,1,6,8],"texture":"#3"},"up":{"uv":[1,10,16,12],"texture":"#3"},"down":{"uv":[0,7,15,9],"texture":"#3"}}},{"from":[0.5,0,10.5],"to":[15.5,7,12.5],"rotation":{"angle":0,"axis":"y","origin":[0.5,0,3.5]},"faces":{"north":{"uv":[0,1,15,8],"texture":"#3"},"east":{"uv":[4,1,6,8],"texture":"#3"},"south":{"uv":[0,1,15,8],"texture":"#3"},"west":{"uv":[10,1,12,8],"texture":"#3"},"up":{"uv":[0,7,15,9],"texture":"#3"},"down":{"uv":[0,0,15,2],"texture":"#3"}}},{"from":[0.5,0,5.5],"to":[2.5,7,10.5],"rotation":{"angle":0,"axis":"y","origin":[0.5,0,3.5]},"faces":{"north":{"uv":[0,0,2,7],"texture":"#missing"},"east":{"uv":[5,1,10,8],"texture":"#3"},"south":{"uv":[0,0,2,7],"texture":"#missing"},"west":{"uv":[5,1,10,8],"texture":"#3"},"up":{"uv":[1,3,6,5],"rotation":90,"texture":"#3"},"down":{"uv":[0,2,2,7],"texture":"#3"}}},{"from":[13.5,0,5.5],"to":[15.5,7,10.5],"rotation":{"angle":0,"axis":"y","origin":[0.5,0,3.5]},"faces":{"north":{"uv":[0,0,2,7],"texture":"#missing"},"east":{"uv":[5,1,10,8],"texture":"#3"},"south":{"uv":[0,0,2,7],"texture":"#missing"},"west":{"uv":[5,1,10,8],"texture":"#3"},"up":{"uv":[9,6,14,8],"rotation":90,"texture":"#3"},"down":{"uv":[13,2,15,7],"texture":"#3"}}},{"from":[2.5,0,5.5],"to":[13.5,0,10.5],"rotation":{"angle":0,"axis":"y","origin":[0.5,0,3.5]},"faces":{"north":{"uv":[0,0,11,0],"texture":"#missing"},"east":{"uv":[0,0,5,0],"texture":"#missing"},"south":{"uv":[0,0,11,0],"texture":"#missing"},"west":{"uv":[0,0,5,0],"texture":"#missing"},"up":{"uv":[0,0,11,5],"texture":"#missing"},"down":{"uv":[2,2,13,7],"texture":"#3"}}},{"from":[2.5,6,5.5],"to":[13.5,6,10.5],"rotation":{"angle":0,"axis":"y","origin":[0.5,0,3.5]},"faces":{"north":{"uv":[0,0,11,0],"texture":"#missing"},"east":{"uv":[0,0,5,0],"texture":"#missing"},"south":{"uv":[0,0,11,0],"texture":"#missing"},"west":{"uv":[0,0,5,0],"texture":"#missing"},"up":{"uv":[0,0,11,5],"texture":"#5"},"down":{"uv":[0,0,11,5],"texture":"#missing"}}},{"from":[2.16489,6.98804,2.24506],"to":[2.16489,14.98804,10.24506],"rotation":{"angle":45,"axis":"y","origin":[5.36789,19.44116,5.49016],"rescale":true},"faces":{"north":{"uv":[0,0,0,0],"texture":"#1_2"},"east":{"uv":[0,0,16,16],"texture":"#1_3"},"south":{"uv":[0,0,0,0],"texture":"#1_2"},"west":{"uv":[0,0,16,16],"texture":"#1_2"},"up":{"uv":[0,0,0,0],"texture":"#1_2"},"down":{"uv":[0,0,0,0],"texture":"#1_2"}}},{"from":[2.17744,5.48804,11.88803],"to":[10.17744,13.48804,11.88803],"rotation":{"angle":-45,"axis":"y","origin":[9.67744,9.48804,8.88803],"rescale":true},"faces":{"north":{"uv":[0,0,16,16],"texture":"#4"},"east":{"uv":[0,0,0,0],"texture":"#1_2"},"south":{"uv":[0,0,16,16],"texture":"#4"},"west":{"uv":[0,0,0,0],"texture":"#1_2"},"up":{"uv":[0,0,0,0],"texture":"#1_2"},"down":{"uv":[0,0,0,0],"texture":"#1_2"}}},{"from":[5.58406,6.98804,2.03385],"to":[5.58406,14.98804,6.03385],"rotation":{"angle":-45,"axis":"y","origin":[0.33406,10.98804,4.03385]},"faces":{"north":{"uv":[0,0,0,8],"texture":"#missing"},"east":{"uv":[8,0,0,16],"texture":"#1_3"},"south":{"uv":[0,0,0,8],"texture":"#missing"},"west":{"uv":[0,0,8,16],"texture":"#1_3"},"up":{"uv":[0,0,0,4],"texture":"#missing"},"down":{"uv":[0,0,0,4],"texture":"#missing"}}},{"from":[6.82692,6.98804,15.78942],"to":[6.82692,14.98804,19.78942],"rotation":{"angle":-45,"axis":"y","origin":[12.57692,10.98804,7.78942]},"faces":{"north":{"uv":[0,0,0,8],"texture":"#missing"},"east":{"uv":[0,0,8,16],"texture":"#1_2"},"south":{"uv":[0,0,0,8],"texture":"#missing"},"west":{"uv":[8,0,0,16],"texture":"#1_2"},"up":{"uv":[0,0,0,4],"texture":"#missing"},"down":{"uv":[0,0,0,4],"texture":"#missing"}}},{"from":[7.89679,6.98804,7.64116],"to":[15.89679,14.98804,7.64116],"rotation":{"angle":45,"axis":"y","origin":[13.38689,19.44116,5.49016],"rescale":true},"faces":{"north":{"uv":[0,0,16,16],"texture":"#1_3"},"east":{"uv":[0,0,0,0],"texture":"#1_2"},"south":{"uv":[0,0,16,16],"texture":"#1_2"},"west":{"uv":[0,0,0,0],"texture":"#1_2"},"up":{"uv":[0,0,0,0],"texture":"#1_2"},"down":{"uv":[0,0,0,0],"texture":"#1_2"}}},{"from":[7.89679,5.48804,7.39116],"to":[15.89679,13.48804,7.39116],"rotation":{"angle":45,"axis":"y","origin":[13.38689,19.44116,5.49016],"rescale":true},"faces":{"north":{"uv":[0,0,16,16],"texture":"#4"},"east":{"uv":[0,0,0,0],"texture":"#1_2"},"south":{"uv":[0,0,16,16],"texture":"#4"},"west":{"uv":[0,0,0,0],"texture":"#1_2"},"up":{"uv":[0,0,0,0],"texture":"#1_2"},"down":{"uv":[0,0,0,0],"texture":"#1_2"}}},{"from":[10.73553,7.00772,5.7505],"to":[10.73553,15.00772,9.7505],"rotation":{"angle":45,"axis":"y","origin":[11.48553,12.00772,5.5005]},"faces":{"north":{"uv":[0,0,0,8],"texture":"#missing"},"east":{"uv":[8,0,0,16],"texture":"#1_3"},"south":{"uv":[0,0,0,8],"texture":"#missing"},"west":{"uv":[0,0,8,16],"texture":"#1_3"},"up":{"uv":[0,0,0,4],"texture":"#missing"},"down":{"uv":[0,0,0,4],"texture":"#missing"}}},{"from":[11.55618,6.98804,14.88955],"to":[11.55618,14.98804,18.88955],"rotation":{"angle":45,"axis":"y","origin":[5.80618,10.98804,8.88955]},"faces":{"north":{"uv":[0,0,0,8],"texture":"#missing"},"east":{"uv":[0,0,8,16],"texture":"#1_2"},"south":{"uv":[0,0,0,8],"texture":"#missing"},"west":{"uv":[8,0,0,16],"texture":"#1_2"},"up":{"uv":[0,0,0,4],"texture":"#missing"},"down":{"uv":[0,0,0,4],"texture":"#missing"}}},{"from":[4.30722,8.00772,7.50017],"to":[12.30722,16.00772,7.50017],"rotation":{"angle":0,"axis":"y","origin":[8.09931,12.22116,7.50281],"rescale":true},"faces":{"north":{"uv":[0,0,16,16],"texture":"#1_3"},"east":{"uv":[0,0,0,0],"texture":"#1_2"},"south":{"uv":[0,0,16,16],"texture":"#1_2"},"west":{"uv":[0,0,0,0],"texture":"#1_2"},"up":{"uv":[0,0,0,0],"texture":"#1_2"},"down":{"uv":[0,0,0,0],"texture":"#1_2"}}},{"from":[5.67744,5.48804,7.38803],"to":[13.67744,13.48804,7.38803],"rotation":{"angle":0,"axis":"y","origin":[13.67744,9.48804,7.88803],"rescale":true},"faces":{"north":{"uv":[0,0,16,16],"texture":"#4"},"east":{"uv":[0,0,0,0],"texture":"#1_2"},"south":{"uv":[0,0,16,16],"texture":"#4"},"west":{"uv":[0,0,0,0],"texture":"#1_2"},"up":{"uv":[0,0,0,0],"texture":"#1_2"},"down":{"uv":[0,0,0,0],"texture":"#1_2"}}},{"from":[8.48553,8.00772,7.5005],"to":[8.48553,16.00772,11.5005],"rotation":{"angle":0,"axis":"y","origin":[2.73553,8.00772,7.5005]},"faces":{"north":{"uv":[0,0,0,8],"texture":"#missing"},"east":{"uv":[0,0,8,16],"texture":"#1_2"},"south":{"uv":[0,0,0,8],"texture":"#missing"},"west":{"uv":[8,0,0,16],"texture":"#1_2"},"up":{"uv":[0,0,0,4],"texture":"#missing"},"down":{"uv":[0,0,0,4],"texture":"#missing"}}},{"from":[8.48553,8.00772,3.5005],"to":[8.48553,16.00772,7.5005],"rotation":{"angle":0,"axis":"y","origin":[2.73553,8.00772,7.5005]},"faces":{"north":{"uv":[0,0,0,8],"texture":"#missing"},"east":{"uv":[8,0,0,16],"texture":"#1_3"},"south":{"uv":[0,0,0,8],"texture":"#missing"},"west":{"uv":[0,0,8,16],"texture":"#1_3"},"up":{"uv":[0,0,0,4],"texture":"#missing"},"down":{"uv":[0,0,0,4],"texture":"#missing"}}}],"display":{"thirdperson_righthand":{"rotation":[75,180,0],"translation":[0,2.5,0],"scale":[0.375,0.375,0.375]},"thirdperson_lefthand":{"rotation":[75,180,0],"translation":[0,2.5,0],"scale":[0.375,0.375,0.375]},"firstperson_righthand":{"rotation":[0,180,0],"scale":[0.4,0.4,0.4]},"firstperson_lefthand":{"rotation":[0,180,0],"scale":[0.4,0.4,0.4]},"ground":{"translation":[0,3,0]},"gui":{"rotation":[30,29,0],"translation":[0,1,0],"scale":[0.8,0.8,0.8]},"head":{"rotation":[0,-180,0],"translation":[0,0,-14.25]},"fixed":{"rotation":[-90,180,0],"translation":[0,0,-15],"scale":[2,2,2]}},"groups":[{"name":"box","origin":[8,8,8],"children":[0,1,2,3,4,5]},{"name":"flowers","origin":[8,8,8],"children":[{"name":"1","origin":[8,8,8],"children":[6,7,8,9]},{"name":"2","origin":[8,8,8],"children":[10,11,12,13]},{"name":"3","origin":[8,8,8],"children":[14,15,16,17]}]}]}