{"credit":"Made with Blockbench","parent":"./cit_item","ambientocclusion":false,"textures":{"1":"block/dirt","2":"block/orange_tulip","3":"block/bricks","particle":"block/bricks"},"elements":[{"from":[1,7,1],"to":[15,7,7],"rotation":{"angle":0,"axis":"y","origin":[0,3,0]},"faces":{"north":{"uv":[0,0,14,0],"texture":"#missing"},"east":{"uv":[0,0,5,0],"texture":"#missing"},"south":{"uv":[0,0,14,0],"texture":"#missing"},"west":{"uv":[0,0,5,0],"texture":"#missing"},"up":{"uv":[0,0,14,5],"texture":"#1"},"down":{"uv":[0,0,14,5],"texture":"#missing"}}},{"from":[3,0,1],"to":[9,0,4],"rotation":{"angle":0,"axis":"y","origin":[0,3,0]},"faces":{"north":{"uv":[0,0,14,0],"texture":"#missing"},"east":{"uv":[0,0,5,0],"texture":"#missing"},"south":{"uv":[0,0,14,0],"texture":"#missing"},"west":{"uv":[0,0,5,0],"texture":"#missing"},"up":{"uv":[0,0,14,5],"texture":"#missing"},"down":{"uv":[9,4,15,7],"texture":"#3"}}},{"from":[9,0,1],"to":[13,0,4],"rotation":{"angle":0,"axis":"y","origin":[0,3,0]},"faces":{"north":{"uv":[0,0,14,0],"texture":"#missing"},"east":{"uv":[0,0,5,0],"texture":"#missing"},"south":{"uv":[0,0,14,0],"texture":"#missing"},"west":{"uv":[0,0,5,0],"texture":"#missing"},"up":{"uv":[0,0,14,5],"texture":"#missing"},"down":{"uv":[12,8,16,11],"texture":"#3"}}},{"from":[9,0,4],"to":[13,0,5],"rotation":{"angle":0,"axis":"y","origin":[0,3,0]},"faces":{"north":{"uv":[0,0,14,0],"texture":"#missing"},"east":{"uv":[0,0,5,0],"texture":"#missing"},"south":{"uv":[0,0,14,0],"texture":"#missing"},"west":{"uv":[0,0,5,0],"texture":"#missing"},"up":{"uv":[0,0,14,5],"texture":"#missing"},"down":{"uv":[8,6,12,7],"texture":"#3"}}},{"from":[3,0,4],"to":[9,0,5],"rotation":{"angle":0,"axis":"y","origin":[0,3,0]},"faces":{"north":{"uv":[0,0,14,0],"texture":"#missing"},"east":{"uv":[0,0,5,0],"texture":"#missing"},"south":{"uv":[0,0,14,0],"texture":"#missing"},"west":{"uv":[0,0,5,0],"texture":"#missing"},"up":{"uv":[0,0,14,5],"texture":"#missing"},"down":{"uv":[8,5,14,6],"texture":"#3"}}},{"from":[1,6,7],"to":[15,8,8],"rotation":{"angle":0,"axis":"y","origin":[0,3,0]},"faces":{"north":{"uv":[0,5,14,7],"texture":"#3"},"east":{"uv":[3,8,4,10],"texture":"#3"},"south":{"uv":[1,5,15,7],"texture":"#3"},"west":{"uv":[3,8,4,10],"texture":"#3"},"up":{"uv":[1,6,15,7],"texture":"#3"},"down":{"uv":[1,6,15,7],"texture":"#3"}}},{"from":[2,1,6],"to":[14,6,7],"rotation":{"angle":0,"axis":"y","origin":[0,3,0]},"faces":{"north":{"uv":[1,8,15,9],"texture":"#missing"},"east":{"uv":[14,7,15,12],"texture":"#3"},"south":{"uv":[2,7,14,12],"texture":"#3"},"west":{"uv":[14,7,15,12],"texture":"#3"},"up":{"uv":[1,8,15,9],"texture":"#missing"},"down":{"uv":[2,8,14,9],"texture":"#3"}}},{"from":[0,6,0],"to":[16,8,1],"rotation":{"angle":0,"axis":"y","origin":[0,3,0]},"faces":{"north":{"uv":[0,4,16,6],"texture":"#3"},"east":{"uv":[14,5,15,7],"texture":"#3"},"south":{"uv":[0,4,16,6],"texture":"#3"},"west":{"uv":[15,5,16,7],"texture":"#3"},"up":{"uv":[16,4,0,5],"texture":"#3"},"down":{"uv":[16,4,0,5],"texture":"#3"}}},{"from":[1,1,0],"to":[15,6,1],"rotation":{"angle":0,"axis":"y","origin":[0,3,0]},"faces":{"north":{"uv":[1,7,15,12],"texture":"#3"},"east":{"uv":[14,7,15,12],"texture":"#3"},"south":{"uv":[1,7,15,12],"texture":"#3"},"west":{"uv":[14,7,15,12],"texture":"#3"},"up":{"uv":[1,8,15,9],"texture":"#missing"},"down":{"uv":[1,7,15,8],"texture":"#3"}}},{"from":[2,0,0],"to":[14,1,1],"rotation":{"angle":0,"axis":"y","origin":[0,3,0]},"faces":{"north":{"uv":[1,12,15,13],"texture":"#3"},"east":{"uv":[1,12,2,13],"texture":"#3"},"south":{"uv":[1,12,15,13],"texture":"#3"},"west":{"uv":[1,12,2,13],"texture":"#3"},"up":{"uv":[1,12,15,13],"texture":"#3"},"down":{"uv":[1,12,15,13],"texture":"#3"}}},{"from":[3,0,5],"to":[13,1,6],"rotation":{"angle":0,"axis":"y","origin":[0,3,0]},"faces":{"north":{"uv":[1,14,15,15],"texture":"#missing"},"east":{"uv":[2,12,3,13],"texture":"#3"},"south":{"uv":[3,12,13,13],"texture":"#3"},"west":{"uv":[2,12,3,13],"texture":"#3"},"up":{"uv":[1,14,15,15],"texture":"#missing"},"down":{"uv":[3,12,13,13],"texture":"#3"}}},{"from":[0,6,1],"to":[1,8,7],"rotation":{"angle":0,"axis":"y","origin":[0,3,0]},"faces":{"north":{"uv":[4,7,9,8],"texture":"#missing"},"east":{"uv":[8,4,14,6],"texture":"#3"},"south":{"uv":[3,8,4,10],"texture":"#3"},"west":{"uv":[14,4,8,6],"texture":"#3"},"up":{"uv":[8,4,14,5],"rotation":270,"texture":"#3"},"down":{"uv":[8,4,14,5],"rotation":90,"texture":"#3"}}},{"from":[15,6,1],"to":[16,8,7],"rotation":{"angle":0,"axis":"y","origin":[0,3,0]},"faces":{"north":{"uv":[4,7,9,8],"texture":"#missing"},"east":{"uv":[9,4,15,6],"texture":"#3"},"south":{"uv":[3,8,4,10],"texture":"#3"},"west":{"uv":[14,4,8,6],"texture":"#3"},"up":{"uv":[8,4,14,5],"rotation":270,"texture":"#3"},"down":{"uv":[8,4,14,5],"rotation":90,"texture":"#3"}}},{"from":[1,1,1],"to":[2,6,6],"rotation":{"angle":0,"axis":"y","origin":[0,3,0]},"faces":{"north":{"uv":[4,7,9,8],"texture":"#missing"},"east":{"uv":[4,7,9,8],"texture":"#missing"},"south":{"uv":[1,7,2,12],"texture":"#3"},"west":{"uv":[5,3,10,8],"texture":"#3"},"up":{"uv":[4,7,9,8],"rotation":90,"texture":"#missing"},"down":{"uv":[5,7,10,8],"rotation":90,"texture":"#3"}}},{"from":[14,1,1],"to":[15,6,6],"rotation":{"angle":0,"axis":"y","origin":[0,3,0]},"faces":{"north":{"uv":[4,7,9,8],"texture":"#missing"},"east":{"uv":[5,3,10,8],"texture":"#3"},"south":{"uv":[14,7,15,12],"texture":"#3"},"west":{"uv":[4,7,9,8],"texture":"#missing"},"up":{"uv":[4,7,9,8],"rotation":90,"texture":"#missing"},"down":{"uv":[5,7,10,8],"rotation":90,"texture":"#3"}}},{"from":[2,0,1],"to":[3,1,5],"rotation":{"angle":0,"axis":"y","origin":[0,3,0]},"faces":{"north":{"uv":[4,7,9,8],"texture":"#missing"},"east":{"uv":[4,7,9,8],"texture":"#missing"},"south":{"uv":[2,12,3,13],"texture":"#3"},"west":{"uv":[3,6,7,7],"texture":"#3"},"up":{"uv":[4,7,9,8],"rotation":90,"texture":"#missing"},"down":{"uv":[3,6,7,7],"rotation":90,"texture":"#3"}}},{"from":[13,0,1],"to":[14,1,5],"rotation":{"angle":0,"axis":"y","origin":[0,3,0]},"faces":{"north":{"uv":[4,7,9,8],"texture":"#missing"},"east":{"uv":[3,6,7,7],"texture":"#3"},"south":{"uv":[2,12,3,13],"texture":"#3"},"west":{"uv":[4,7,9,8],"texture":"#missing"},"up":{"uv":[4,7,9,8],"rotation":90,"texture":"#missing"},"down":{"uv":[3,6,7,7],"rotation":90,"texture":"#3"}}},{"from":[2,1,5],"to":[3,1,6],"rotation":{"angle":0,"axis":"y","origin":[0,2,0]},"faces":{"north":{"uv":[0,0,1,0],"texture":"#missing"},"east":{"uv":[0,0,1,0],"texture":"#missing"},"south":{"uv":[0,0,1,0],"texture":"#missing"},"west":{"uv":[0,0,1,0],"texture":"#missing"},"up":{"uv":[0,0,1,1],"texture":"#missing"},"down":{"uv":[0,0,1,1],"texture":"#3"}}},{"from":[13,1,5],"to":[14,1,6],"rotation":{"angle":0,"axis":"y","origin":[0,2,0]},"faces":{"north":{"uv":[0,0,1,0],"texture":"#missing"},"east":{"uv":[0,0,1,0],"texture":"#missing"},"south":{"uv":[0,0,1,0],"texture":"#missing"},"west":{"uv":[0,0,1,0],"texture":"#missing"},"up":{"uv":[0,0,1,1],"texture":"#missing"},"down":{"uv":[0,0,1,1],"texture":"#3"}}},{"from":[1,6,6],"to":[2,6,7],"rotation":{"angle":0,"axis":"y","origin":[0,2,0]},"faces":{"north":{"uv":[0,0,1,0],"texture":"#missing"},"east":{"uv":[0,0,1,0],"texture":"#missing"},"south":{"uv":[0,0,1,0],"texture":"#missing"},"west":{"uv":[0,0,1,0],"texture":"#missing"},"up":{"uv":[0,0,1,1],"texture":"#missing"},"down":{"uv":[0,0,1,1],"texture":"#3"}}},{"from":[14,6,6],"to":[15,6,7],"rotation":{"angle":0,"axis":"y","origin":[0,2,0]},"faces":{"north":{"uv":[0,0,1,0],"texture":"#missing"},"east":{"uv":[0,0,1,0],"texture":"#missing"},"south":{"uv":[0,0,1,0],"texture":"#missing"},"west":{"uv":[0,0,1,0],"texture":"#missing"},"up":{"uv":[0,0,1,1],"texture":"#missing"},"down":{"uv":[0,0,1,1],"texture":"#3"}}},{"from":[0.37279,6.48804,3.28716],"to":[7.95698,14.91492,3.29243],"rotation":{"angle":45,"axis":"y","origin":[4.86789,26.19116,2.99016],"rescale":true},"faces":{"north":{"uv":[0,0,16,16],"texture":"#2"},"east":{"uv":[0,0,0,0],"texture":"#2"},"south":{"uv":[0,0,16,16],"texture":"#2"},"west":{"uv":[0,0,0,0],"texture":"#2"},"up":{"uv":[0,0,0,0],"texture":"#2"},"down":{"uv":[0,0,0,0],"texture":"#2"}}},{"from":[4.16489,6.48804,-0.50494],"to":[4.17015,14.91492,7.07926],"rotation":{"angle":45,"axis":"y","origin":[4.86789,26.19116,2.99016],"rescale":true},"faces":{"north":{"uv":[0,0,0,0],"texture":"#2"},"east":{"uv":[0,0,16,16],"texture":"#2"},"south":{"uv":[0,0,0,0],"texture":"#2"},"west":{"uv":[0,0,16,16],"texture":"#2"},"up":{"uv":[0,0,0,0],"texture":"#2"},"down":{"uv":[0,0,0,0],"texture":"#2"}}},{"from":[7.89679,6.48804,2.89116],"to":[15.48098,14.91492,2.89643],"rotation":{"angle":45,"axis":"y","origin":[12.88689,26.19116,2.99016],"rescale":true},"faces":{"north":{"uv":[0,0,16,16],"texture":"#2"},"east":{"uv":[0,0,0,0],"texture":"#2"},"south":{"uv":[0,0,16,16],"texture":"#2"},"west":{"uv":[0,0,0,0],"texture":"#2"},"up":{"uv":[0,0,0,0],"texture":"#2"},"down":{"uv":[0,0,0,0],"texture":"#2"}}},{"from":[11.68889,6.48804,-0.90094],"to":[11.69415,14.91492,6.68326],"rotation":{"angle":45,"axis":"y","origin":[12.88689,26.19116,2.99016],"rescale":true},"faces":{"north":{"uv":[0,0,0,0],"texture":"#2"},"east":{"uv":[0,0,16,16],"texture":"#2"},"south":{"uv":[0,0,0,0],"texture":"#2"},"west":{"uv":[0,0,16,16],"texture":"#2"},"up":{"uv":[0,0,0,0],"texture":"#2"},"down":{"uv":[0,0,0,0],"texture":"#2"}}},{"from":[3.60019,7.50772,4.53852],"to":[11.18438,15.9346,4.54379],"rotation":{"angle":45,"axis":"y","origin":[7.50129,26.19116,4.04352],"rescale":true},"faces":{"north":{"uv":[0,0,16,16],"texture":"#2"},"east":{"uv":[0,0,0,0],"texture":"#2"},"south":{"uv":[0,0,16,16],"texture":"#2"},"west":{"uv":[0,0,0,0],"texture":"#2"},"up":{"uv":[0,0,0,0],"texture":"#2"},"down":{"uv":[0,0,0,0],"texture":"#2"}}},{"from":[7.39229,7.50772,0.74642],"to":[7.39755,15.9346,8.33062],"rotation":{"angle":45,"axis":"y","origin":[7.50129,26.19116,4.04352],"rescale":true},"faces":{"north":{"uv":[0,0,0,0],"texture":"#2"},"east":{"uv":[0,0,16,16],"texture":"#2"},"south":{"uv":[0,0,0,0],"texture":"#2"},"west":{"uv":[0,0,16,16],"texture":"#2"},"up":{"uv":[0,0,0,0],"texture":"#2"},"down":{"uv":[0,0,0,0],"texture":"#2"}}}],"display":{"thirdperson_righthand":{"rotation":[75,180,0],"translation":[0,2.5,0],"scale":[0.375,0.375,0.375]},"thirdperson_lefthand":{"rotation":[75,180,0],"translation":[0,2.5,0],"scale":[0.375,0.375,0.375]},"firstperson_righthand":{"rotation":[0,180,0],"scale":[0.4,0.4,0.4]},"firstperson_lefthand":{"rotation":[0,180,0],"scale":[0.4,0.4,0.4]},"ground":{"translation":[0,3,0],"scale":[0.5,0.5,0.5]},"gui":{"rotation":[30,29,0],"translation":[2,-0.25,0],"scale":[0.8,0.8,0.8]},"head":{"rotation":[0,-180,0],"translation":[0,0,-14.25]},"fixed":{"rotation":[0,180,0],"translation":[0,14,-15],"scale":[2,2,2]}},"groups":[0,{"name":"box","origin":[8,8,8],"children":[1,2,3,4,5,6,7,8,9,10,11,12,13,14,15,16,17,18,19,20]},{"name":"flowers","origin":[8,8,8],"children":[{"name":"1","origin":[8,8,8],"children":[21,22]},{"name":"2","origin":[8,8,8],"children":[23,24]},{"name":"3","origin":[8,8,8],"children":[25,26]},{"name":"4","origin":[8,8,8],"children":[]}]}]}