{"credit":"Made with Blockbench","textures":{"0":"block/brown_vine_1","1":"block/brown_vine_2","particle":"block/brown_vine_1"},"elements":[{"from":[7,0.55173,17.99962],"to":[15,0.55173,19.99962],"rotation":{"angle":0,"axis":"x","origin":[-1,-0.44827,17.99962]},"faces":{"north":{"uv":[0,0,8,0],"texture":"#missing"},"east":{"uv":[0,0,2,0],"texture":"#missing"},"south":{"uv":[0,0,8,0],"texture":"#missing"},"west":{"uv":[0,0,2,0],"texture":"#missing"},"up":{"uv":[8,1,16,3],"texture":"#0"},"down":{"uv":[6,7,14,9],"texture":"#0"}}},{"from":[7,-0.13844,20.53492],"to":[15,-0.13844,23.53492],"rotation":{"angle":-22.5,"axis":"x","origin":[-1,-1.13844,18.53492]},"faces":{"north":{"uv":[0,0,8,0],"texture":"#missing"},"east":{"uv":[0,0,2,0],"texture":"#missing"},"south":{"uv":[0,0,8,0],"texture":"#missing"},"west":{"uv":[0,0,2,0],"texture":"#missing"},"up":{"uv":[8,3,16,6],"texture":"#0"},"down":{"uv":[8,3,16,6],"texture":"#0"}}},{"from":[11,1.69878,22.77126],"to":[12,1.69878,23.77126],"rotation":{"angle":0,"axis":"x","origin":[0.5,1.69878,24.77126]},"faces":{"north":{"uv":[0,0,8,0],"texture":"#missing"},"east":{"uv":[0,0,2,0],"texture":"#missing"},"south":{"uv":[0,0,8,0],"texture":"#missing"},"west":{"uv":[0,0,2,0],"texture":"#missing"},"up":{"uv":[12,6,13,7],"texture":"#0"},"down":{"uv":[12,6,13,7],"texture":"#0"}}},{"from":[5,0,13.98214],"to":[7,0,15.98214],"rotation":{"angle":0,"axis":"x","origin":[12,0.38276,20.23214]},"faces":{"north":{"uv":[0,0,8,0],"texture":"#missing"},"east":{"uv":[0,0,2,0],"texture":"#missing"},"south":{"uv":[0,0,8,0],"texture":"#missing"},"west":{"uv":[0,0,2,0],"texture":"#missing"},"up":{"uv":[5,4,7,6],"texture":"#0"},"down":{"uv":[5,4,7,6],"texture":"#0"}}},{"from":[3,0,16.98214],"to":[5,0,18.98214],"rotation":{"angle":0,"axis":"x","origin":[12,0.38276,20.23214]},"faces":{"north":{"uv":[0,0,8,0],"texture":"#missing"},"east":{"uv":[0,0,2,0],"texture":"#missing"},"south":{"uv":[0,0,8,0],"texture":"#missing"},"west":{"uv":[0,0,2,0],"texture":"#missing"},"up":{"uv":[3,7,5,9],"texture":"#0"},"down":{"uv":[3,9,5,7],"texture":"#0"}}},{"from":[5,0,15.98214],"to":[6,0,16.98214],"rotation":{"angle":0,"axis":"x","origin":[7.5,0.38276,19.73214]},"faces":{"north":{"uv":[0,0,8,0],"texture":"#missing"},"east":{"uv":[0,0,2,0],"texture":"#missing"},"south":{"uv":[0,0,8,0],"texture":"#missing"},"west":{"uv":[0,0,2,0],"texture":"#missing"},"up":{"uv":[2,6,3,7],"texture":"#0"},"down":{"uv":[2,6,3,7],"texture":"#0"}}},{"from":[3,0,14.98214],"to":[5,0,16.98214],"rotation":{"angle":0,"axis":"x","origin":[12,0.38276,20.23214]},"faces":{"north":{"uv":[0,0,8,0],"texture":"#missing"},"east":{"uv":[0,0,2,0],"texture":"#missing"},"south":{"uv":[0,0,8,0],"texture":"#missing"},"west":{"uv":[0,0,2,0],"texture":"#missing"},"up":{"uv":[3,5,5,7],"texture":"#0"},"down":{"uv":[3,5,5,7],"texture":"#0"}}},{"from":[2,0,15.98214],"to":[3,0,16.98214],"rotation":{"angle":0,"axis":"x","origin":[7.5,0.38276,19.73214]},"faces":{"north":{"uv":[0,0,8,0],"texture":"#missing"},"east":{"uv":[0,0,2,0],"texture":"#missing"},"south":{"uv":[0,0,8,0],"texture":"#missing"},"west":{"uv":[0,0,2,0],"texture":"#missing"},"up":{"uv":[2,6,3,7],"texture":"#0"},"down":{"uv":[2,6,3,7],"texture":"#0"}}},{"from":[1,0,13.98214],"to":[3,0,15.98214],"rotation":{"angle":0,"axis":"x","origin":[12,0.38276,20.23214]},"faces":{"north":{"uv":[0,0,8,0],"texture":"#missing"},"east":{"uv":[0,0,2,0],"texture":"#missing"},"south":{"uv":[0,0,8,0],"texture":"#missing"},"west":{"uv":[0,0,2,0],"texture":"#missing"},"up":{"uv":[1,4,3,6],"texture":"#0"},"down":{"uv":[1,4,3,6],"texture":"#0"}}},{"from":[5,0,16.98214],"to":[6,0,17.98214],"rotation":{"angle":0,"axis":"x","origin":[7.5,0.38276,19.73214]},"faces":{"north":{"uv":[0,0,8,0],"texture":"#missing"},"east":{"uv":[0,0,2,0],"texture":"#missing"},"south":{"uv":[0,0,8,0],"texture":"#missing"},"west":{"uv":[0,0,2,0],"texture":"#missing"},"up":{"uv":[5,7,6,8],"texture":"#0"},"down":{"uv":[5,7,6,8],"texture":"#0"}}},{"from":[5,0,-0.69212],"to":[6,0,0.30788],"rotation":{"angle":0,"axis":"y","origin":[-7,0.21356,-4.69212]},"faces":{"north":{"uv":[0,0,1,0],"texture":"#missing"},"east":{"uv":[0,0,1,0],"texture":"#missing"},"south":{"uv":[0,0,1,0],"texture":"#missing"},"west":{"uv":[0,0,1,0],"texture":"#missing"},"up":{"uv":[7,6,8,7],"texture":"#0"},"down":{"uv":[7,6,8,7],"texture":"#0"}}},{"from":[7,0,-0.69212],"to":[8,0,0.30788],"rotation":{"angle":0,"axis":"y","origin":[-7,0.21356,-4.69212]},"faces":{"north":{"uv":[0,0,1,0],"texture":"#missing"},"east":{"uv":[0,0,1,0],"texture":"#missing"},"south":{"uv":[0,0,1,0],"texture":"#missing"},"west":{"uv":[0,0,1,0],"texture":"#missing"},"up":{"uv":[7,6,8,7],"texture":"#0"},"down":{"uv":[7,6,8,7],"texture":"#0"}}},{"from":[4,-2.44827,-0.00038],"to":[12,-2.44827,1.99962],"rotation":{"angle":-22.5,"axis":"x","origin":[-3,-0.44827,-6.00038]},"faces":{"north":{"uv":[0,0,8,0],"texture":"#missing"},"east":{"uv":[0,0,2,0],"texture":"#missing"},"south":{"uv":[0,0,8,0],"texture":"#missing"},"west":{"uv":[0,0,2,0],"texture":"#missing"},"up":{"uv":[6,7,14,9],"texture":"#0"},"down":{"uv":[6,7,14,9],"texture":"#0"}}},{"from":[4,0.76537,2.15564],"to":[12,0.76537,4.15564],"rotation":{"angle":0,"axis":"x","origin":[8,0.76537,3.15564]},"faces":{"north":{"uv":[0,0,8,0],"texture":"#missing"},"east":{"uv":[0,0,2,0],"texture":"#missing"},"south":{"uv":[0,0,8,0],"texture":"#missing"},"west":{"uv":[0,0,2,0],"texture":"#missing"},"up":{"uv":[6,9,14,11],"texture":"#0"},"down":{"uv":[6,9,14,11],"texture":"#0"}}},{"from":[3,-2.44827,0.99962],"to":[4,-2.44827,1.99962],"rotation":{"angle":-22.5,"axis":"x","origin":[-3,-0.44827,-6.00038]},"faces":{"north":{"uv":[0,0,8,0],"texture":"#missing"},"east":{"uv":[0,0,2,0],"texture":"#missing"},"south":{"uv":[0,0,8,0],"texture":"#missing"},"west":{"uv":[0,0,2,0],"texture":"#missing"},"up":{"uv":[5,8,6,9],"texture":"#0"},"down":{"uv":[5,8,6,9],"texture":"#0"}}},{"from":[3,0.76444,2.15602],"to":[4,0.76444,3.15602],"rotation":{"angle":0,"axis":"x","origin":[3.5,0.76444,2.65602]},"faces":{"north":{"uv":[0,0,8,0],"texture":"#missing"},"east":{"uv":[0,0,2,0],"texture":"#missing"},"south":{"uv":[0,0,8,0],"texture":"#missing"},"west":{"uv":[0,0,2,0],"texture":"#missing"},"up":{"uv":[5,9,6,10],"texture":"#0"},"down":{"uv":[5,9,6,10],"texture":"#0"}}},{"from":[5,0.38276,4.23214],"to":[8,0.38276,6.23214],"rotation":{"angle":-22.5,"axis":"x","origin":[8,0.38276,3.23214]},"faces":{"north":{"uv":[0,0,8,0],"texture":"#missing"},"east":{"uv":[0,0,2,0],"texture":"#missing"},"south":{"uv":[0,0,8,0],"texture":"#missing"},"west":{"uv":[0,0,2,0],"texture":"#missing"},"up":{"uv":[7,11,10,13],"texture":"#0"},"down":{"uv":[7,13,10,11],"texture":"#0"}}},{"from":[7,2.88376,7.47855],"to":[14,2.88376,9.47855],"rotation":{"angle":-22.5,"axis":"x","origin":[4,1.74532,13.47855]},"faces":{"north":{"uv":[0,0,8,0],"texture":"#missing"},"east":{"uv":[0,0,2,0],"texture":"#missing"},"south":{"uv":[0,0,8,0],"texture":"#missing"},"west":{"uv":[0,0,2,0],"texture":"#missing"},"up":{"uv":[0,14,7,16],"texture":"#1"},"down":{"uv":[0,16,7,14],"texture":"#1"}}},{"from":[7,0.5,5.49962],"to":[14,0.5,7.49962],"rotation":{"angle":0,"axis":"x","origin":[4,0.05173,12.49962]},"faces":{"north":{"uv":[0,0,8,0],"texture":"#missing"},"east":{"uv":[0,0,2,0],"texture":"#missing"},"south":{"uv":[0,0,8,0],"texture":"#missing"},"west":{"uv":[0,0,2,0],"texture":"#missing"},"up":{"uv":[0,12,7,14],"texture":"#1"},"down":{"uv":[0,12,7,14],"texture":"#1"}}},{"from":[1,2.88376,-5.52145],"to":[8,2.88376,-3.52145],"rotation":{"angle":-22.5,"axis":"x","origin":[-2,1.74532,0.47855]},"faces":{"north":{"uv":[0,0,8,0],"texture":"#missing"},"east":{"uv":[0,0,2,0],"texture":"#missing"},"south":{"uv":[0,0,8,0],"texture":"#missing"},"west":{"uv":[0,0,2,0],"texture":"#missing"},"up":{"uv":[6,14,13,16],"texture":"#1"},"down":{"uv":[6,16,13,14],"texture":"#1"}}},{"from":[1,0.5,-7.50038],"to":[8,0.5,-5.50038],"rotation":{"angle":0,"axis":"x","origin":[-2,0.05173,-0.50038]},"faces":{"north":{"uv":[0,0,8,0],"texture":"#missing"},"east":{"uv":[0,0,2,0],"texture":"#missing"},"south":{"uv":[0,0,8,0],"texture":"#missing"},"west":{"uv":[0,0,2,0],"texture":"#missing"},"up":{"uv":[6,12,13,14],"texture":"#1"},"down":{"uv":[6,14,13,12],"texture":"#1"}}},{"from":[0,2.88376,-11.02145],"to":[7,2.88376,-9.02145],"rotation":{"angle":-22.5,"axis":"x","origin":[-3,1.74532,-5.02145]},"faces":{"north":{"uv":[0,0,8,0],"texture":"#missing"},"east":{"uv":[0,0,2,0],"texture":"#missing"},"south":{"uv":[0,0,8,0],"texture":"#missing"},"west":{"uv":[0,0,2,0],"texture":"#missing"},"up":{"uv":[0,14,7,16],"texture":"#1"},"down":{"uv":[0,16,7,14],"texture":"#1"}}},{"from":[0,0.5,-13.00038],"to":[7,0.5,-11.00038],"rotation":{"angle":0,"axis":"x","origin":[-3,0.05173,-6.00038]},"faces":{"north":{"uv":[0,0,8,0],"texture":"#missing"},"east":{"uv":[0,0,2,0],"texture":"#missing"},"south":{"uv":[0,0,8,0],"texture":"#missing"},"west":{"uv":[0,0,2,0],"texture":"#missing"},"up":{"uv":[0,12,7,14],"texture":"#1"},"down":{"uv":[0,12,7,14],"texture":"#1"}}},{"from":[8,0.55173,8.99962],"to":[16,0.55173,10.99962],"rotation":{"angle":-22.5,"axis":"x","origin":[12,0.55173,9.99962]},"faces":{"north":{"uv":[0,0,8,0],"texture":"#missing"},"east":{"uv":[0,0,2,0],"texture":"#missing"},"south":{"uv":[0,0,8,0],"texture":"#missing"},"west":{"uv":[0,0,2,0],"texture":"#missing"},"up":{"uv":[8,0,16,2],"texture":"#1"},"down":{"uv":[8,2,16,0],"texture":"#1"}}},{"from":[8,0.93434,10.92311],"to":[16,0.93434,13.92311],"rotation":{"angle":0,"axis":"x","origin":[12,0.93434,12.42311]},"faces":{"north":{"uv":[0,0,8,0],"texture":"#missing"},"east":{"uv":[0,0,2,0],"texture":"#missing"},"south":{"uv":[0,0,8,0],"texture":"#missing"},"west":{"uv":[0,0,2,0],"texture":"#missing"},"up":{"uv":[8,2,16,5],"texture":"#1"},"down":{"uv":[8,5,16,2],"texture":"#1"}}},{"from":[12,1.12576,13.88544],"to":[13,1.12576,14.88544],"rotation":{"angle":-22.5,"axis":"x","origin":[8.5,1.12576,14.38544]},"faces":{"north":{"uv":[0,0,8,0],"texture":"#missing"},"east":{"uv":[0,0,2,0],"texture":"#missing"},"south":{"uv":[0,0,8,0],"texture":"#missing"},"west":{"uv":[0,0,2,0],"texture":"#missing"},"up":{"uv":[12,5,13,6],"texture":"#1"},"down":{"uv":[12,5,13,6],"texture":"#1"}}},{"from":[6,2.88376,-2.52145],"to":[13,2.88376,-0.52145],"rotation":{"angle":-22.5,"axis":"x","origin":[3,1.74532,3.47855]},"faces":{"north":{"uv":[0,0,8,0],"texture":"#missing"},"east":{"uv":[0,0,2,0],"texture":"#missing"},"south":{"uv":[0,0,8,0],"texture":"#missing"},"west":{"uv":[0,0,2,0],"texture":"#missing"},"up":{"uv":[0,14,7,16],"texture":"#1"},"down":{"uv":[0,16,7,14],"texture":"#1"}}},{"from":[2,2.88376,-8.52145],"to":[9,2.88376,-6.52145],"rotation":{"angle":-22.5,"axis":"x","origin":[-1,1.74532,-2.52145]},"faces":{"north":{"uv":[0,0,8,0],"texture":"#missing"},"east":{"uv":[0,0,2,0],"texture":"#missing"},"south":{"uv":[0,0,8,0],"texture":"#missing"},"west":{"uv":[0,0,2,0],"texture":"#missing"},"up":{"uv":[0,14,7,16],"texture":"#1"},"down":{"uv":[0,16,7,14],"texture":"#1"}}},{"from":[6,0.5,-4.50038],"to":[13,0.5,-2.50038],"rotation":{"angle":0,"axis":"x","origin":[3,0.05173,2.49962]},"faces":{"north":{"uv":[0,0,8,0],"texture":"#missing"},"east":{"uv":[0,0,2,0],"texture":"#missing"},"south":{"uv":[0,0,8,0],"texture":"#missing"},"west":{"uv":[0,0,2,0],"texture":"#missing"},"up":{"uv":[0,12,7,14],"texture":"#1"},"down":{"uv":[0,12,7,14],"texture":"#1"}}},{"from":[2,0.5,-10.50038],"to":[9,0.5,-8.50038],"rotation":{"angle":0,"axis":"x","origin":[-1,0.05173,-3.50038]},"faces":{"north":{"uv":[0,0,8,0],"texture":"#missing"},"east":{"uv":[0,0,2,0],"texture":"#missing"},"south":{"uv":[0,0,8,0],"texture":"#missing"},"west":{"uv":[0,0,2,0],"texture":"#missing"},"up":{"uv":[0,12,7,14],"texture":"#1"},"down":{"uv":[0,12,7,14],"texture":"#1"}}},{"from":[1,0.25,4],"to":[9,0.25,14],"faces":{"north":{"uv":[0,0,7,0],"texture":"#missing"},"east":{"uv":[0,0,11,0],"texture":"#missing"},"south":{"uv":[0,0,7,0],"texture":"#missing"},"west":{"uv":[0,0,11,0],"texture":"#missing"},"up":{"uv":[0,0,8,10],"texture":"#0"},"down":{"uv":[0,10,8,0],"texture":"#0"}}},{"from":[9,0.25,10],"to":[13,0.25,14],"faces":{"north":{"uv":[0,0,7,0],"texture":"#missing"},"east":{"uv":[0,0,11,0],"texture":"#missing"},"south":{"uv":[0,0,7,0],"texture":"#missing"},"west":{"uv":[0,0,11,0],"texture":"#missing"},"up":{"uv":[8,6,12,10],"texture":"#0"},"down":{"uv":[8,10,12,6],"texture":"#0"}}},{"from":[9,0.25,14],"to":[12,0.25,17],"faces":{"north":{"uv":[0,0,7,0],"texture":"#missing"},"east":{"uv":[0,0,11,0],"texture":"#missing"},"south":{"uv":[0,0,7,0],"texture":"#missing"},"west":{"uv":[0,0,11,0],"texture":"#missing"},"up":{"uv":[7,10,10,13],"texture":"#0"},"down":{"uv":[7,13,10,10],"texture":"#0"}}}],"display":{"thirdperson_righthand":{"scale":[0.5,0.5,0.5]},"thirdperson_lefthand":{"scale":[0.5,0.5,0.5]},"ground":{"translation":[0,1,0],"scale":[0.5,0.5,0.5]},"gui":{"rotation":[90,0,0],"translation":[0,-2.25,0],"scale":[0.4,0.4,0.4]},"fixed":{"rotation":[90,0,-180],"translation":[0,9.75,-16],"scale":[2,2,2]}},"groups":[{"name":"2","origin":[1,0,-1],"children":[0,1,2]},{"name":"3","origin":[8,8,8],"children":[3,4,5,6,7,8,9]},{"name":"4","origin":[7.5,0.38276,7.73214],"children":[10,11,12,13,14,15,16]},{"name":"8","origin":[8,8,8],"children":[17,18]},{"name":"8","origin":[8,8,8],"children":[19,20]},{"name":"8","origin":[8,8,8],"children":[21,22]},{"name":"9","origin":[8,8,8],"children":[23,24,25]},{"name":"8","origin":[8,8,8],"children":[26,27,28,29]},30,31,32]}