{"credit":"Made with Blockbench","textures":{"0":"block/brown_vine_1","1":"block/brown_vine_2","particle":"block/brown_vine_1"},"elements":[{"from":[7,0.55173,15.99962],"to":[15,0.55173,17.99962],"rotation":{"angle":0,"axis":"x","origin":[-1,-0.44827,15.99962]},"faces":{"north":{"uv":[0,0,8,0],"texture":"#missing"},"east":{"uv":[0,0,2,0],"texture":"#missing"},"south":{"uv":[0,0,8,0],"texture":"#missing"},"west":{"uv":[0,0,2,0],"texture":"#missing"},"up":{"uv":[8,1,16,3],"texture":"#0"},"down":{"uv":[6,7,14,9],"texture":"#0"}}},{"from":[8.71465,-0.21847,15.99962],"to":[8.71465,7.78153,17.99962],"rotation":{"angle":0,"axis":"x","origin":[8.74242,0.52395,12.86027]},"faces":{"north":{"uv":[0,0,8,0],"rotation":90,"texture":"#missing"},"east":{"uv":[6,7,14,9],"rotation":270,"texture":"#0"},"south":{"uv":[0,0,8,0],"rotation":270,"texture":"#missing"},"west":{"uv":[8,1,16,3],"rotation":270,"texture":"#0"},"up":{"uv":[0,0,2,0],"rotation":270,"texture":"#missing"},"down":{"uv":[0,0,2,0],"rotation":270,"texture":"#missing"}}},{"from":[7,-0.13844,18.53492],"to":[15,-0.13844,21.53492],"rotation":{"angle":-22.5,"axis":"x","origin":[-1,-1.13844,16.53492]},"faces":{"north":{"uv":[0,0,8,0],"texture":"#missing"},"east":{"uv":[0,0,2,0],"texture":"#missing"},"south":{"uv":[0,0,8,0],"texture":"#missing"},"west":{"uv":[0,0,2,0],"texture":"#missing"},"up":{"uv":[8,3,16,6],"texture":"#0"},"down":{"uv":[8,3,16,6],"texture":"#0"}}},{"from":[10.6845,-0.21847,17.61903],"to":[10.6845,7.78153,20.61903],"rotation":{"angle":-22.5,"axis":"y","origin":[8.74242,0.52395,12.86027]},"faces":{"north":{"uv":[0,0,8,0],"rotation":90,"texture":"#missing"},"east":{"uv":[8,3,16,6],"rotation":270,"texture":"#0"},"south":{"uv":[0,0,8,0],"rotation":270,"texture":"#missing"},"west":{"uv":[8,3,16,6],"rotation":270,"texture":"#0"},"up":{"uv":[0,0,2,0],"rotation":270,"texture":"#missing"},"down":{"uv":[0,0,2,0],"rotation":270,"texture":"#missing"}}},{"from":[11,1.69878,20.77126],"to":[12,1.69878,21.77126],"rotation":{"angle":0,"axis":"x","origin":[0.5,1.69878,22.77126]},"faces":{"north":{"uv":[0,0,8,0],"texture":"#missing"},"east":{"uv":[0,0,2,0],"texture":"#missing"},"south":{"uv":[0,0,8,0],"texture":"#missing"},"west":{"uv":[0,0,2,0],"texture":"#missing"},"up":{"uv":[12,6,13,7],"texture":"#0"},"down":{"uv":[12,6,13,7],"texture":"#0"}}},{"from":[7.5676,3.78153,20.77126],"to":[7.5676,4.78153,21.77126],"rotation":{"angle":0,"axis":"x","origin":[8.74242,0.52395,12.86027]},"faces":{"north":{"uv":[0,0,8,0],"rotation":90,"texture":"#missing"},"east":{"uv":[12,6,13,7],"rotation":270,"texture":"#0"},"south":{"uv":[0,0,8,0],"rotation":270,"texture":"#missing"},"west":{"uv":[12,6,13,7],"rotation":270,"texture":"#0"},"up":{"uv":[0,0,2,0],"rotation":270,"texture":"#missing"},"down":{"uv":[0,0,2,0],"rotation":270,"texture":"#missing"}}},{"from":[5,0,11.98214],"to":[7,0,13.98214],"rotation":{"angle":0,"axis":"x","origin":[12,0.38276,18.23214]},"faces":{"north":{"uv":[0,0,8,0],"texture":"#missing"},"east":{"uv":[0,0,2,0],"texture":"#missing"},"south":{"uv":[0,0,8,0],"texture":"#missing"},"west":{"uv":[0,0,2,0],"texture":"#missing"},"up":{"uv":[5,4,7,6],"texture":"#0"},"down":{"uv":[5,4,7,6],"texture":"#0"}}},{"from":[9.26638,-2.21847,11.98214],"to":[9.26638,-0.21847,13.98214],"rotation":{"angle":0,"axis":"x","origin":[8.74242,0.52395,12.86027]},"faces":{"north":{"uv":[0,0,8,0],"rotation":90,"texture":"#missing"},"east":{"uv":[5,4,7,6],"rotation":270,"texture":"#0"},"south":{"uv":[0,0,8,0],"rotation":270,"texture":"#missing"},"west":{"uv":[5,4,7,6],"rotation":270,"texture":"#0"},"up":{"uv":[0,0,2,0],"rotation":270,"texture":"#missing"},"down":{"uv":[0,0,2,0],"rotation":270,"texture":"#missing"}}},{"from":[3,0,14.98214],"to":[5,0,16.98214],"rotation":{"angle":0,"axis":"x","origin":[12,0.38276,18.23214]},"faces":{"north":{"uv":[0,0,8,0],"texture":"#missing"},"east":{"uv":[0,0,2,0],"texture":"#missing"},"south":{"uv":[0,0,8,0],"texture":"#missing"},"west":{"uv":[0,0,2,0],"texture":"#missing"},"up":{"uv":[3,7,5,9],"texture":"#0"},"down":{"uv":[3,9,5,7],"texture":"#0"}}},{"from":[9.26638,-4.21847,14.98214],"to":[9.26638,-2.21847,16.98214],"rotation":{"angle":0,"axis":"x","origin":[8.74242,0.52395,12.86027]},"faces":{"north":{"uv":[0,0,8,0],"rotation":90,"texture":"#missing"},"east":{"uv":[3,9,5,7],"rotation":270,"texture":"#0"},"south":{"uv":[0,0,8,0],"rotation":270,"texture":"#missing"},"west":{"uv":[3,7,5,9],"rotation":270,"texture":"#0"},"up":{"uv":[0,0,2,0],"rotation":270,"texture":"#missing"},"down":{"uv":[0,0,2,0],"rotation":270,"texture":"#missing"}}},{"from":[5,0,13.98214],"to":[6,0,14.98214],"rotation":{"angle":0,"axis":"x","origin":[7.5,0.38276,17.73214]},"faces":{"north":{"uv":[0,0,8,0],"texture":"#missing"},"east":{"uv":[0,0,2,0],"texture":"#missing"},"south":{"uv":[0,0,8,0],"texture":"#missing"},"west":{"uv":[0,0,2,0],"texture":"#missing"},"up":{"uv":[2,6,3,7],"texture":"#0"},"down":{"uv":[2,6,3,7],"texture":"#0"}}},{"from":[9.26638,-2.21847,13.98214],"to":[9.26638,-1.21847,14.98214],"rotation":{"angle":0,"axis":"x","origin":[8.74242,0.52395,12.86027]},"faces":{"north":{"uv":[0,0,8,0],"rotation":90,"texture":"#missing"},"east":{"uv":[2,6,3,7],"rotation":270,"texture":"#0"},"south":{"uv":[0,0,8,0],"rotation":270,"texture":"#missing"},"west":{"uv":[2,6,3,7],"rotation":270,"texture":"#0"},"up":{"uv":[0,0,2,0],"rotation":270,"texture":"#missing"},"down":{"uv":[0,0,2,0],"rotation":270,"texture":"#missing"}}},{"from":[3,0,12.98214],"to":[5,0,14.98214],"rotation":{"angle":0,"axis":"x","origin":[12,0.38276,18.23214]},"faces":{"north":{"uv":[0,0,8,0],"texture":"#missing"},"east":{"uv":[0,0,2,0],"texture":"#missing"},"south":{"uv":[0,0,8,0],"texture":"#missing"},"west":{"uv":[0,0,2,0],"texture":"#missing"},"up":{"uv":[3,5,5,7],"texture":"#0"},"down":{"uv":[3,5,5,7],"texture":"#0"}}},{"from":[9.26638,-4.21847,12.98214],"to":[9.26638,-2.21847,14.98214],"rotation":{"angle":0,"axis":"x","origin":[8.74242,0.52395,12.86027]},"faces":{"north":{"uv":[0,0,8,0],"rotation":90,"texture":"#missing"},"east":{"uv":[3,5,5,7],"rotation":270,"texture":"#0"},"south":{"uv":[0,0,8,0],"rotation":270,"texture":"#missing"},"west":{"uv":[3,5,5,7],"rotation":270,"texture":"#0"},"up":{"uv":[0,0,2,0],"rotation":270,"texture":"#missing"},"down":{"uv":[0,0,2,0],"rotation":270,"texture":"#missing"}}},{"from":[2,0,13.98214],"to":[3,0,14.98214],"rotation":{"angle":0,"axis":"x","origin":[7.5,0.38276,17.73214]},"faces":{"north":{"uv":[0,0,8,0],"texture":"#missing"},"east":{"uv":[0,0,2,0],"texture":"#missing"},"south":{"uv":[0,0,8,0],"texture":"#missing"},"west":{"uv":[0,0,2,0],"texture":"#missing"},"up":{"uv":[2,6,3,7],"texture":"#0"},"down":{"uv":[2,6,3,7],"texture":"#0"}}},{"from":[9.26638,-5.21847,13.98214],"to":[9.26638,-4.21847,14.98214],"rotation":{"angle":0,"axis":"x","origin":[8.74242,0.52395,12.86027]},"faces":{"north":{"uv":[0,0,8,0],"rotation":90,"texture":"#missing"},"east":{"uv":[2,6,3,7],"rotation":270,"texture":"#0"},"south":{"uv":[0,0,8,0],"rotation":270,"texture":"#missing"},"west":{"uv":[2,6,3,7],"rotation":270,"texture":"#0"},"up":{"uv":[0,0,2,0],"rotation":270,"texture":"#missing"},"down":{"uv":[0,0,2,0],"rotation":270,"texture":"#missing"}}},{"from":[1,0,11.98214],"to":[3,0,13.98214],"rotation":{"angle":0,"axis":"x","origin":[12,0.38276,18.23214]},"faces":{"north":{"uv":[0,0,8,0],"texture":"#missing"},"east":{"uv":[0,0,2,0],"texture":"#missing"},"south":{"uv":[0,0,8,0],"texture":"#missing"},"west":{"uv":[0,0,2,0],"texture":"#missing"},"up":{"uv":[1,4,3,6],"texture":"#0"},"down":{"uv":[1,4,3,6],"texture":"#0"}}},{"from":[9.26638,-6.21847,11.98214],"to":[9.26638,-4.21847,13.98214],"rotation":{"angle":0,"axis":"x","origin":[8.74242,0.52395,12.86027]},"faces":{"north":{"uv":[0,0,8,0],"rotation":90,"texture":"#missing"},"east":{"uv":[1,4,3,6],"rotation":270,"texture":"#0"},"south":{"uv":[0,0,8,0],"rotation":270,"texture":"#missing"},"west":{"uv":[1,4,3,6],"rotation":270,"texture":"#0"},"up":{"uv":[0,0,2,0],"rotation":270,"texture":"#missing"},"down":{"uv":[0,0,2,0],"rotation":270,"texture":"#missing"}}},{"from":[5,0,14.98214],"to":[6,0,15.98214],"rotation":{"angle":0,"axis":"x","origin":[7.5,0.38276,17.73214]},"faces":{"north":{"uv":[0,0,8,0],"texture":"#missing"},"east":{"uv":[0,0,2,0],"texture":"#missing"},"south":{"uv":[0,0,8,0],"texture":"#missing"},"west":{"uv":[0,0,2,0],"texture":"#missing"},"up":{"uv":[5,7,6,8],"texture":"#0"},"down":{"uv":[5,7,6,8],"texture":"#0"}}},{"from":[9.26638,-2.21847,14.98214],"to":[9.26638,-1.21847,15.98214],"rotation":{"angle":0,"axis":"x","origin":[8.74242,0.52395,12.86027]},"faces":{"north":{"uv":[0,0,8,0],"rotation":90,"texture":"#missing"},"east":{"uv":[5,7,6,8],"rotation":270,"texture":"#0"},"south":{"uv":[0,0,8,0],"rotation":270,"texture":"#missing"},"west":{"uv":[5,7,6,8],"rotation":270,"texture":"#0"},"up":{"uv":[0,0,2,0],"rotation":270,"texture":"#missing"},"down":{"uv":[0,0,2,0],"rotation":270,"texture":"#missing"}}},{"from":[5,0,-2.69212],"to":[6,0,-1.69212],"rotation":{"angle":0,"axis":"y","origin":[-7,0.21356,-6.69212]},"faces":{"north":{"uv":[0,0,1,0],"texture":"#missing"},"east":{"uv":[0,0,1,0],"texture":"#missing"},"south":{"uv":[0,0,1,0],"texture":"#missing"},"west":{"uv":[0,0,1,0],"texture":"#missing"},"up":{"uv":[7,6,8,7],"texture":"#0"},"down":{"uv":[7,6,8,7],"texture":"#0"}}},{"from":[9.26638,-2.21847,-2.69212],"to":[9.26638,-1.21847,-1.69212],"rotation":{"angle":0,"axis":"y","origin":[8.74242,0.52395,12.86027]},"faces":{"north":{"uv":[0,0,1,0],"rotation":90,"texture":"#missing"},"east":{"uv":[7,6,8,7],"rotation":270,"texture":"#0"},"south":{"uv":[0,0,1,0],"rotation":270,"texture":"#missing"},"west":{"uv":[7,6,8,7],"rotation":270,"texture":"#0"},"up":{"uv":[0,0,1,0],"rotation":270,"texture":"#missing"},"down":{"uv":[0,0,1,0],"rotation":270,"texture":"#missing"}}},{"from":[7,0,-2.69212],"to":[8,0,-1.69212],"rotation":{"angle":0,"axis":"y","origin":[-7,0.21356,-6.69212]},"faces":{"north":{"uv":[0,0,1,0],"texture":"#missing"},"east":{"uv":[0,0,1,0],"texture":"#missing"},"south":{"uv":[0,0,1,0],"texture":"#missing"},"west":{"uv":[0,0,1,0],"texture":"#missing"},"up":{"uv":[7,6,8,7],"texture":"#0"},"down":{"uv":[7,6,8,7],"texture":"#0"}}},{"from":[9.26638,-0.21847,-2.69212],"to":[9.26638,0.78153,-1.69212],"rotation":{"angle":0,"axis":"y","origin":[8.74242,0.52395,12.86027]},"faces":{"north":{"uv":[0,0,1,0],"rotation":90,"texture":"#missing"},"east":{"uv":[7,6,8,7],"rotation":270,"texture":"#0"},"south":{"uv":[0,0,1,0],"rotation":270,"texture":"#missing"},"west":{"uv":[7,6,8,7],"rotation":270,"texture":"#0"},"up":{"uv":[0,0,1,0],"rotation":270,"texture":"#missing"},"down":{"uv":[0,0,1,0],"rotation":270,"texture":"#missing"}}},{"from":[4,-2.44827,-2.00038],"to":[12,-2.44827,-0.00038],"rotation":{"angle":-22.5,"axis":"x","origin":[-3,-0.44827,-8.00038]},"faces":{"north":{"uv":[0,0,8,0],"texture":"#missing"},"east":{"uv":[0,0,2,0],"texture":"#missing"},"south":{"uv":[0,0,8,0],"texture":"#missing"},"west":{"uv":[0,0,2,0],"texture":"#missing"},"up":{"uv":[6,7,14,9],"texture":"#0"},"down":{"uv":[6,7,14,9],"texture":"#0"}}},{"from":[3.65761,-3.21847,-0.78451],"to":[3.65761,4.78153,1.21549],"rotation":{"angle":-22.5,"axis":"y","origin":[8.74242,0.52395,12.86027]},"faces":{"north":{"uv":[0,0,8,0],"rotation":90,"texture":"#missing"},"east":{"uv":[6,7,14,9],"rotation":270,"texture":"#0"},"south":{"uv":[0,0,8,0],"rotation":270,"texture":"#missing"},"west":{"uv":[6,7,14,9],"rotation":270,"texture":"#0"},"up":{"uv":[0,0,2,0],"rotation":270,"texture":"#missing"},"down":{"uv":[0,0,2,0],"rotation":270,"texture":"#missing"}}},{"from":[4,0.76537,0.15564],"to":[12,0.76537,2.15564],"rotation":{"angle":0,"axis":"x","origin":[8,0.76537,1.15564]},"faces":{"north":{"uv":[0,0,8,0],"texture":"#missing"},"east":{"uv":[0,0,2,0],"texture":"#missing"},"south":{"uv":[0,0,8,0],"texture":"#missing"},"west":{"uv":[0,0,2,0],"texture":"#missing"},"up":{"uv":[6,9,14,11],"texture":"#0"},"down":{"uv":[6,9,14,11],"texture":"#0"}}},{"from":[8.50101,-3.21847,0.15564],"to":[8.50101,4.78153,2.15564],"rotation":{"angle":0,"axis":"x","origin":[8.74242,0.52395,12.86027]},"faces":{"north":{"uv":[0,0,8,0],"rotation":90,"texture":"#missing"},"east":{"uv":[6,9,14,11],"rotation":270,"texture":"#0"},"south":{"uv":[0,0,8,0],"rotation":270,"texture":"#missing"},"west":{"uv":[6,9,14,11],"rotation":270,"texture":"#0"},"up":{"uv":[0,0,2,0],"rotation":270,"texture":"#missing"},"down":{"uv":[0,0,2,0],"rotation":270,"texture":"#missing"}}},{"from":[3,-2.44827,-1.00038],"to":[4,-2.44827,-0.00038],"rotation":{"angle":-22.5,"axis":"x","origin":[-3,-0.44827,-8.00038]},"faces":{"north":{"uv":[0,0,8,0],"texture":"#missing"},"east":{"uv":[0,0,2,0],"texture":"#missing"},"south":{"uv":[0,0,8,0],"texture":"#missing"},"west":{"uv":[0,0,2,0],"texture":"#missing"},"up":{"uv":[5,8,6,9],"texture":"#0"},"down":{"uv":[5,8,6,9],"texture":"#0"}}},{"from":[3.65761,-4.21847,0.21549],"to":[3.65761,-3.21847,1.21549],"rotation":{"angle":-22.5,"axis":"y","origin":[8.74242,0.52395,12.86027]},"faces":{"north":{"uv":[0,0,8,0],"rotation":90,"texture":"#missing"},"east":{"uv":[5,8,6,9],"rotation":270,"texture":"#0"},"south":{"uv":[0,0,8,0],"rotation":270,"texture":"#missing"},"west":{"uv":[5,8,6,9],"rotation":270,"texture":"#0"},"up":{"uv":[0,0,2,0],"rotation":270,"texture":"#missing"},"down":{"uv":[0,0,2,0],"rotation":270,"texture":"#missing"}}},{"from":[3,0.76444,0.15602],"to":[4,0.76444,1.15602],"rotation":{"angle":0,"axis":"x","origin":[3.5,0.76444,0.65602]},"faces":{"north":{"uv":[0,0,8,0],"texture":"#missing"},"east":{"uv":[0,0,2,0],"texture":"#missing"},"south":{"uv":[0,0,8,0],"texture":"#missing"},"west":{"uv":[0,0,2,0],"texture":"#missing"},"up":{"uv":[5,9,6,10],"texture":"#0"},"down":{"uv":[5,9,6,10],"texture":"#0"}}},{"from":[8.50194,-4.21847,0.15602],"to":[8.50194,-3.21847,1.15602],"rotation":{"angle":0,"axis":"x","origin":[8.74242,0.52395,12.86027]},"faces":{"north":{"uv":[0,0,8,0],"rotation":90,"texture":"#missing"},"east":{"uv":[5,9,6,10],"rotation":270,"texture":"#0"},"south":{"uv":[0,0,8,0],"rotation":270,"texture":"#missing"},"west":{"uv":[5,9,6,10],"rotation":270,"texture":"#0"},"up":{"uv":[0,0,2,0],"rotation":270,"texture":"#missing"},"down":{"uv":[0,0,2,0],"rotation":270,"texture":"#missing"}}},{"from":[5,0.38276,2.23214],"to":[8,0.38276,4.23214],"rotation":{"angle":-22.5,"axis":"x","origin":[8,0.38276,1.23214]},"faces":{"north":{"uv":[0,0,8,0],"texture":"#missing"},"east":{"uv":[0,0,2,0],"texture":"#missing"},"south":{"uv":[0,0,8,0],"texture":"#missing"},"west":{"uv":[0,0,2,0],"texture":"#missing"},"up":{"uv":[7,11,10,13],"texture":"#0"},"down":{"uv":[7,13,10,11],"texture":"#0"}}},{"from":[4.42297,-2.21847,3.06325],"to":[4.42297,0.78153,5.06325],"rotation":{"angle":-22.5,"axis":"y","origin":[8.74242,0.52395,12.86027]},"faces":{"north":{"uv":[0,0,8,0],"rotation":90,"texture":"#missing"},"east":{"uv":[7,13,10,11],"rotation":270,"texture":"#0"},"south":{"uv":[0,0,8,0],"rotation":270,"texture":"#missing"},"west":{"uv":[7,11,10,13],"rotation":270,"texture":"#0"},"up":{"uv":[0,0,2,0],"rotation":270,"texture":"#missing"},"down":{"uv":[0,0,2,0],"rotation":270,"texture":"#missing"}}},{"from":[7,2.88376,5.47855],"to":[14,2.88376,7.47855],"rotation":{"angle":-22.5,"axis":"x","origin":[4,1.74532,11.47855]},"faces":{"north":{"uv":[0,0,8,0],"texture":"#missing"},"east":{"uv":[0,0,2,0],"texture":"#missing"},"south":{"uv":[0,0,8,0],"texture":"#missing"},"west":{"uv":[0,0,2,0],"texture":"#missing"},"up":{"uv":[0,14,7,16],"texture":"#1"},"down":{"uv":[0,16,7,14],"texture":"#1"}}},{"from":[5.94682,-0.21847,6.05112],"to":[5.94682,6.78153,8.05112],"rotation":{"angle":-22.5,"axis":"y","origin":[8.74242,0.52395,12.86027]},"faces":{"north":{"uv":[0,0,8,0],"rotation":90,"texture":"#missing"},"east":{"uv":[0,16,7,14],"rotation":270,"texture":"#1"},"south":{"uv":[0,0,8,0],"rotation":270,"texture":"#missing"},"west":{"uv":[0,14,7,16],"rotation":270,"texture":"#1"},"up":{"uv":[0,0,2,0],"rotation":270,"texture":"#missing"},"down":{"uv":[0,0,2,0],"rotation":270,"texture":"#missing"}}},{"from":[7,0.5,3.49962],"to":[14,0.5,5.49962],"rotation":{"angle":0,"axis":"x","origin":[4,0.05173,10.49962]},"faces":{"north":{"uv":[0,0,8,0],"texture":"#missing"},"east":{"uv":[0,0,2,0],"texture":"#missing"},"south":{"uv":[0,0,8,0],"texture":"#missing"},"west":{"uv":[0,0,2,0],"texture":"#missing"},"up":{"uv":[0,12,7,14],"texture":"#1"},"down":{"uv":[0,12,7,14],"texture":"#1"}}},{"from":[8.76638,-0.21847,3.49962],"to":[8.76638,6.78153,5.49962],"rotation":{"angle":0,"axis":"x","origin":[8.74242,0.52395,12.86027]},"faces":{"north":{"uv":[0,0,8,0],"rotation":90,"texture":"#missing"},"east":{"uv":[0,12,7,14],"rotation":270,"texture":"#1"},"south":{"uv":[0,0,8,0],"rotation":270,"texture":"#missing"},"west":{"uv":[0,12,7,14],"rotation":270,"texture":"#1"},"up":{"uv":[0,0,2,0],"rotation":270,"texture":"#missing"},"down":{"uv":[0,0,2,0],"rotation":270,"texture":"#missing"}}},{"from":[4,2.88376,25.47855],"to":[11,2.88376,27.47855],"rotation":{"angle":-22.5,"axis":"x","origin":[1,1.74532,31.47855]},"faces":{"north":{"uv":[0,0,8,0],"texture":"#missing"},"east":{"uv":[0,0,2,0],"texture":"#missing"},"south":{"uv":[0,0,8,0],"texture":"#missing"},"west":{"uv":[0,0,2,0],"texture":"#missing"},"up":{"uv":[6,14,13,16],"texture":"#1"},"down":{"uv":[6,16,13,14],"texture":"#1"}}},{"from":[13.60049,-3.21847,24.52872],"to":[13.60049,3.78153,26.52872],"rotation":{"angle":-22.5,"axis":"y","origin":[8.74242,0.52395,12.86027]},"faces":{"north":{"uv":[0,0,8,0],"rotation":90,"texture":"#missing"},"east":{"uv":[6,16,13,14],"rotation":270,"texture":"#1"},"south":{"uv":[0,0,8,0],"rotation":270,"texture":"#missing"},"west":{"uv":[6,14,13,16],"rotation":270,"texture":"#1"},"up":{"uv":[0,0,2,0],"rotation":270,"texture":"#missing"},"down":{"uv":[0,0,2,0],"rotation":270,"texture":"#missing"}}},{"from":[4,0.5,23.49962],"to":[11,0.5,25.49962],"rotation":{"angle":0,"axis":"x","origin":[1,0.05173,30.49962]},"faces":{"north":{"uv":[0,0,8,0],"texture":"#missing"},"east":{"uv":[0,0,2,0],"texture":"#missing"},"south":{"uv":[0,0,8,0],"texture":"#missing"},"west":{"uv":[0,0,2,0],"texture":"#missing"},"up":{"uv":[6,12,13,14],"texture":"#1"},"down":{"uv":[6,14,13,12],"texture":"#1"}}},{"from":[8.76638,-3.21847,23.49962],"to":[8.76638,3.78153,25.49962],"rotation":{"angle":0,"axis":"x","origin":[8.74242,0.52395,12.86027]},"faces":{"north":{"uv":[0,0,8,0],"rotation":90,"texture":"#missing"},"east":{"uv":[6,14,13,12],"rotation":270,"texture":"#1"},"south":{"uv":[0,0,8,0],"rotation":270,"texture":"#missing"},"west":{"uv":[6,12,13,14],"rotation":270,"texture":"#1"},"up":{"uv":[0,0,2,0],"rotation":270,"texture":"#missing"},"down":{"uv":[0,0,2,0],"rotation":270,"texture":"#missing"}}},{"from":[3,2.88376,19.97855],"to":[10,2.88376,21.97855],"rotation":{"angle":-22.5,"axis":"x","origin":[0,1.74532,25.97855]},"faces":{"north":{"uv":[0,0,8,0],"texture":"#missing"},"east":{"uv":[0,0,2,0],"texture":"#missing"},"south":{"uv":[0,0,8,0],"texture":"#missing"},"west":{"uv":[0,0,2,0],"texture":"#missing"},"up":{"uv":[0,14,7,16],"texture":"#1"},"down":{"uv":[0,16,7,14],"texture":"#1"}}},{"from":[11.49573,-4.21847,19.44738],"to":[11.49573,2.78153,21.44738],"rotation":{"angle":-22.5,"axis":"y","origin":[8.74242,0.52395,12.86027]},"faces":{"north":{"uv":[0,0,8,0],"rotation":90,"texture":"#missing"},"east":{"uv":[0,16,7,14],"rotation":270,"texture":"#1"},"south":{"uv":[0,0,8,0],"rotation":270,"texture":"#missing"},"west":{"uv":[0,14,7,16],"rotation":270,"texture":"#1"},"up":{"uv":[0,0,2,0],"rotation":270,"texture":"#missing"},"down":{"uv":[0,0,2,0],"rotation":270,"texture":"#missing"}}},{"from":[3,0.5,17.99962],"to":[10,0.5,19.99962],"rotation":{"angle":0,"axis":"x","origin":[0,0.05173,24.99962]},"faces":{"north":{"uv":[0,0,8,0],"texture":"#missing"},"east":{"uv":[0,0,2,0],"texture":"#missing"},"south":{"uv":[0,0,8,0],"texture":"#missing"},"west":{"uv":[0,0,2,0],"texture":"#missing"},"up":{"uv":[0,12,7,14],"texture":"#1"},"down":{"uv":[0,12,7,14],"texture":"#1"}}},{"from":[8.76638,-4.21847,17.99962],"to":[8.76638,2.78153,19.99962],"rotation":{"angle":0,"axis":"x","origin":[8.74242,0.52395,12.86027]},"faces":{"north":{"uv":[0,0,8,0],"rotation":90,"texture":"#missing"},"east":{"uv":[0,12,7,14],"rotation":270,"texture":"#1"},"south":{"uv":[0,0,8,0],"rotation":270,"texture":"#missing"},"west":{"uv":[0,12,7,14],"rotation":270,"texture":"#1"},"up":{"uv":[0,0,2,0],"rotation":270,"texture":"#missing"},"down":{"uv":[0,0,2,0],"rotation":270,"texture":"#missing"}}},{"from":[8,0.55173,6.99962],"to":[16,0.55173,8.99962],"rotation":{"angle":-22.5,"axis":"x","origin":[12,0.55173,7.99962]},"faces":{"north":{"uv":[0,0,8,0],"texture":"#missing"},"east":{"uv":[0,0,2,0],"texture":"#missing"},"south":{"uv":[0,0,8,0],"texture":"#missing"},"west":{"uv":[0,0,2,0],"texture":"#missing"},"up":{"uv":[8,0,16,2],"texture":"#1"},"down":{"uv":[8,2,16,0],"texture":"#1"}}},{"from":[6.85667,0.78153,7.38025],"to":[6.85667,8.78153,9.38025],"rotation":{"angle":-22.5,"axis":"y","origin":[8.74242,0.52395,12.86027]},"faces":{"north":{"uv":[0,0,8,0],"rotation":90,"texture":"#missing"},"east":{"uv":[8,2,16,0],"rotation":270,"texture":"#1"},"south":{"uv":[0,0,8,0],"rotation":270,"texture":"#missing"},"west":{"uv":[8,0,16,2],"rotation":270,"texture":"#1"},"up":{"uv":[0,0,2,0],"rotation":270,"texture":"#missing"},"down":{"uv":[0,0,2,0],"rotation":270,"texture":"#missing"}}},{"from":[8,0.93434,8.92311],"to":[16,0.93434,11.92311],"rotation":{"angle":0,"axis":"x","origin":[12,0.93434,10.42311]},"faces":{"north":{"uv":[0,0,8,0],"texture":"#missing"},"east":{"uv":[0,0,2,0],"texture":"#missing"},"south":{"uv":[0,0,8,0],"texture":"#missing"},"west":{"uv":[0,0,2,0],"texture":"#missing"},"up":{"uv":[8,2,16,5],"texture":"#1"},"down":{"uv":[8,5,16,2],"texture":"#1"}}},{"from":[8.33204,0.78153,8.92311],"to":[8.33204,8.78153,11.92311],"rotation":{"angle":0,"axis":"x","origin":[8.74242,0.52395,12.86027]},"faces":{"north":{"uv":[0,0,8,0],"rotation":90,"texture":"#missing"},"east":{"uv":[8,5,16,2],"rotation":270,"texture":"#1"},"south":{"uv":[0,0,8,0],"rotation":270,"texture":"#missing"},"west":{"uv":[8,2,16,5],"rotation":270,"texture":"#1"},"up":{"uv":[0,0,2,0],"rotation":270,"texture":"#missing"},"down":{"uv":[0,0,2,0],"rotation":270,"texture":"#missing"}}},{"from":[12,1.12576,11.88544],"to":[13,1.12576,12.88544],"rotation":{"angle":-22.5,"axis":"x","origin":[8.5,1.12576,12.38544]},"faces":{"north":{"uv":[0,0,8,0],"texture":"#missing"},"east":{"uv":[0,0,2,0],"texture":"#missing"},"south":{"uv":[0,0,8,0],"texture":"#missing"},"west":{"uv":[0,0,2,0],"texture":"#missing"},"up":{"uv":[12,5,13,6],"texture":"#1"},"down":{"uv":[12,5,13,6],"texture":"#1"}}},{"from":[8.00472,4.78153,12.15189],"to":[8.00472,5.78153,13.15189],"rotation":{"angle":-22.5,"axis":"y","origin":[8.74242,0.52395,12.86027]},"faces":{"north":{"uv":[0,0,8,0],"rotation":90,"texture":"#missing"},"east":{"uv":[12,5,13,6],"rotation":270,"texture":"#1"},"south":{"uv":[0,0,8,0],"rotation":270,"texture":"#missing"},"west":{"uv":[12,5,13,6],"rotation":270,"texture":"#1"},"up":{"uv":[0,0,2,0],"rotation":270,"texture":"#missing"},"down":{"uv":[0,0,2,0],"rotation":270,"texture":"#missing"}}},{"from":[7,2.88376,29.47855],"to":[14,2.88376,31.47855],"rotation":{"angle":-22.5,"axis":"x","origin":[4,1.74532,35.47855]},"faces":{"north":{"uv":[0,0,8,0],"texture":"#missing"},"east":{"uv":[0,0,2,0],"texture":"#missing"},"south":{"uv":[0,0,8,0],"texture":"#missing"},"west":{"uv":[0,0,2,0],"texture":"#missing"},"up":{"uv":[0,14,7,16],"texture":"#1"},"down":{"uv":[0,16,7,14],"texture":"#1"}}},{"from":[15.13123,-0.21847,28.22423],"to":[15.13123,6.78153,30.22423],"rotation":{"angle":-22.5,"axis":"y","origin":[8.74242,0.52395,12.86027]},"faces":{"north":{"uv":[0,0,8,0],"rotation":90,"texture":"#missing"},"east":{"uv":[0,16,7,14],"rotation":270,"texture":"#1"},"south":{"uv":[0,0,8,0],"rotation":270,"texture":"#missing"},"west":{"uv":[0,14,7,16],"rotation":270,"texture":"#1"},"up":{"uv":[0,0,2,0],"rotation":270,"texture":"#missing"},"down":{"uv":[0,0,2,0],"rotation":270,"texture":"#missing"}}},{"from":[5,2.88376,22.47855],"to":[12,2.88376,24.47855],"rotation":{"angle":-22.5,"axis":"x","origin":[2,1.74532,28.47855]},"faces":{"north":{"uv":[0,0,8,0],"texture":"#missing"},"east":{"uv":[0,0,2,0],"texture":"#missing"},"south":{"uv":[0,0,8,0],"texture":"#missing"},"west":{"uv":[0,0,2,0],"texture":"#missing"},"up":{"uv":[0,14,7,16],"texture":"#1"},"down":{"uv":[0,16,7,14],"texture":"#1"}}},{"from":[12.45244,-2.21847,21.75708],"to":[12.45244,4.78153,23.75708],"rotation":{"angle":-22.5,"axis":"y","origin":[8.74242,0.52395,12.86027]},"faces":{"north":{"uv":[0,0,8,0],"rotation":90,"texture":"#missing"},"east":{"uv":[0,16,7,14],"rotation":270,"texture":"#1"},"south":{"uv":[0,0,8,0],"rotation":270,"texture":"#missing"},"west":{"uv":[0,14,7,16],"rotation":270,"texture":"#1"},"up":{"uv":[0,0,2,0],"rotation":270,"texture":"#missing"},"down":{"uv":[0,0,2,0],"rotation":270,"texture":"#missing"}}},{"from":[7,0.5,27.49962],"to":[14,0.5,29.49962],"rotation":{"angle":0,"axis":"x","origin":[4,0.05173,34.49962]},"faces":{"north":{"uv":[0,0,8,0],"texture":"#missing"},"east":{"uv":[0,0,2,0],"texture":"#missing"},"south":{"uv":[0,0,8,0],"texture":"#missing"},"west":{"uv":[0,0,2,0],"texture":"#missing"},"up":{"uv":[0,12,7,14],"texture":"#1"},"down":{"uv":[0,12,7,14],"texture":"#1"}}},{"from":[8.76638,-0.21847,27.49962],"to":[8.76638,6.78153,29.49962],"rotation":{"angle":0,"axis":"x","origin":[8.74242,0.52395,12.86027]},"faces":{"north":{"uv":[0,0,8,0],"rotation":90,"texture":"#missing"},"east":{"uv":[0,12,7,14],"rotation":270,"texture":"#1"},"south":{"uv":[0,0,8,0],"rotation":270,"texture":"#missing"},"west":{"uv":[0,12,7,14],"rotation":270,"texture":"#1"},"up":{"uv":[0,0,2,0],"rotation":270,"texture":"#missing"},"down":{"uv":[0,0,2,0],"rotation":270,"texture":"#missing"}}},{"from":[5,0.5,20.49962],"to":[12,0.5,22.49962],"rotation":{"angle":0,"axis":"x","origin":[2,0.05173,27.49962]},"faces":{"north":{"uv":[0,0,8,0],"texture":"#missing"},"east":{"uv":[0,0,2,0],"texture":"#missing"},"south":{"uv":[0,0,8,0],"texture":"#missing"},"west":{"uv":[0,0,2,0],"texture":"#missing"},"up":{"uv":[0,12,7,14],"texture":"#1"},"down":{"uv":[0,12,7,14],"texture":"#1"}}},{"from":[8.76638,-2.21847,20.49962],"to":[8.76638,4.78153,22.49962],"rotation":{"angle":0,"axis":"x","origin":[8.74242,0.52395,12.86027]},"faces":{"north":{"uv":[0,0,8,0],"rotation":90,"texture":"#missing"},"east":{"uv":[0,12,7,14],"rotation":270,"texture":"#1"},"south":{"uv":[0,0,8,0],"rotation":270,"texture":"#missing"},"west":{"uv":[0,12,7,14],"rotation":270,"texture":"#1"},"up":{"uv":[0,0,2,0],"rotation":270,"texture":"#missing"},"down":{"uv":[0,0,2,0],"rotation":270,"texture":"#missing"}}},{"from":[1,0.25,2],"to":[9,0.25,12],"rotation":{"angle":0,"axis":"y","origin":[0,0,-2]},"faces":{"north":{"uv":[0,0,7,0],"texture":"#missing"},"east":{"uv":[0,0,11,0],"texture":"#missing"},"south":{"uv":[0,0,7,0],"texture":"#missing"},"west":{"uv":[0,0,11,0],"texture":"#missing"},"up":{"uv":[0,0,8,10],"texture":"#0"},"down":{"uv":[0,10,8,0],"texture":"#0"}}},{"from":[9.01638,-6.21847,2],"to":[9.01638,1.78153,12],"rotation":{"angle":0,"axis":"y","origin":[8.74242,0.52395,12.86027]},"faces":{"north":{"uv":[0,0,7,0],"rotation":90,"texture":"#missing"},"east":{"uv":[0,10,8,0],"rotation":270,"texture":"#0"},"south":{"uv":[0,0,7,0],"rotation":270,"texture":"#missing"},"west":{"uv":[0,0,8,10],"rotation":270,"texture":"#0"},"up":{"uv":[0,0,11,0],"rotation":270,"texture":"#missing"},"down":{"uv":[0,0,11,0],"rotation":270,"texture":"#missing"}}},{"from":[9,0.25,8],"to":[13,0.25,12],"rotation":{"angle":0,"axis":"y","origin":[0,0,-2]},"faces":{"north":{"uv":[0,0,7,0],"texture":"#missing"},"east":{"uv":[0,0,11,0],"texture":"#missing"},"south":{"uv":[0,0,7,0],"texture":"#missing"},"west":{"uv":[0,0,11,0],"texture":"#missing"},"up":{"uv":[8,6,12,10],"texture":"#0"},"down":{"uv":[8,10,12,6],"texture":"#0"}}},{"from":[9.01638,1.78153,8],"to":[9.01638,5.78153,12],"rotation":{"angle":0,"axis":"y","origin":[8.74242,0.52395,12.86027]},"faces":{"north":{"uv":[0,0,7,0],"rotation":90,"texture":"#missing"},"east":{"uv":[8,10,12,6],"rotation":270,"texture":"#0"},"south":{"uv":[0,0,7,0],"rotation":270,"texture":"#missing"},"west":{"uv":[8,6,12,10],"rotation":270,"texture":"#0"},"up":{"uv":[0,0,11,0],"rotation":270,"texture":"#missing"},"down":{"uv":[0,0,11,0],"rotation":270,"texture":"#missing"}}},{"from":[9,0.25,12],"to":[12,0.25,15],"rotation":{"angle":0,"axis":"y","origin":[0,0,-2]},"faces":{"north":{"uv":[0,0,7,0],"texture":"#missing"},"east":{"uv":[0,0,11,0],"texture":"#missing"},"south":{"uv":[0,0,7,0],"texture":"#missing"},"west":{"uv":[0,0,11,0],"texture":"#missing"},"up":{"uv":[7,10,10,13],"texture":"#0"},"down":{"uv":[7,13,10,10],"texture":"#0"}}},{"from":[9.01638,1.78153,12],"to":[9.01638,4.78153,15],"rotation":{"angle":0,"axis":"y","origin":[8.74242,0.52395,12.86027]},"faces":{"north":{"uv":[0,0,7,0],"rotation":90,"texture":"#missing"},"east":{"uv":[7,13,10,10],"rotation":270,"texture":"#0"},"south":{"uv":[0,0,7,0],"rotation":270,"texture":"#missing"},"west":{"uv":[7,10,10,13],"rotation":270,"texture":"#0"},"up":{"uv":[0,0,11,0],"rotation":270,"texture":"#missing"},"down":{"uv":[0,0,11,0],"rotation":270,"texture":"#missing"}}}],"display":{"thirdperson_righthand":{"scale":[0.5,0.5,0.5]},"thirdperson_lefthand":{"scale":[0.5,0.5,0.5]},"ground":{"translation":[0,1,0],"scale":[0.5,0.5,0.5]},"gui":{"rotation":[90,0,10],"translation":[-0.25,2.5,0],"scale":[0.4,0.4,0.4]},"fixed":{"rotation":[-180,0,-180],"translation":[0,16,-16],"scale":[2,2,2]}},"groups":[{"name":"2","origin":[1,0,-1],"children":[0,1,2,3,4,5]},{"name":"3","origin":[8,8,8],"children":[6,7,8,9,10,11,12,13,14,15,16,17,18,19]},{"name":"4","origin":[7.5,0.38276,7.73214],"children":[20,21,22,23,24,25,26,27,28,29,30,31,32,33]},{"name":"8","origin":[8,8,8],"children":[34,35,36,37]},{"name":"8","origin":[8,8,8],"children":[38,39,40,41]},{"name":"8","origin":[8,8,8],"children":[42,43,44,45]},{"name":"9","origin":[8,8,8],"children":[46,47,48,49,50,51]},{"name":"8","origin":[8,8,8],"children":[52,53,54,55,56,57,58,59]},60,61,62,63,64,65]}