{"credit":"Made with Blockbench","textures":{"1":"block/brown_vine_2","2":"block/brown_vine_1","particle":"block/brown_vine_1"},"elements":[{"from":[5,1.25,6.25],"to":[12,1.25,8.25],"rotation":{"angle":-22.5,"axis":"x","origin":[5,1.25,6.25]},"faces":{"north":{"uv":[0,0,7,0],"texture":"#2"},"east":{"uv":[0,0,2,0],"texture":"#2"},"south":{"uv":[0,0,7,0],"texture":"#2"},"west":{"uv":[0,0,2,0],"texture":"#2"},"up":{"uv":[0,0,7,2],"texture":"#2"},"down":{"uv":[0,2,7,0],"texture":"#2"}}},{"from":[4.24002,-1.61328,6.97071],"to":[4.24002,5.38672,8.97071],"rotation":{"angle":-22.5,"axis":"y","origin":[7.48387,1.87059,13.81062]},"faces":{"north":{"uv":[0,0,7,0],"rotation":90,"texture":"#2"},"east":{"uv":[0,2,7,0],"rotation":270,"texture":"#2"},"south":{"uv":[0,0,7,0],"rotation":270,"texture":"#2"},"west":{"uv":[0,0,7,2],"rotation":270,"texture":"#2"},"up":{"uv":[0,0,2,0],"rotation":270,"texture":"#2"},"down":{"uv":[0,0,2,0],"rotation":270,"texture":"#2"}}},{"from":[5,2.01437,8.09776],"to":[12,2.01437,10.09776],"rotation":{"angle":0,"axis":"x","origin":[8.5,2.01437,9.09776]},"faces":{"north":{"uv":[0,0,7,0],"texture":"#2"},"east":{"uv":[0,0,2,0],"texture":"#2"},"south":{"uv":[0,0,7,0],"texture":"#2"},"west":{"uv":[0,0,2,0],"texture":"#2"},"up":{"uv":[0,2,7,4],"texture":"#2"},"down":{"uv":[0,2,7,4],"texture":"#2"}}},{"from":[6.34009,-1.61328,8.09776],"to":[6.34009,5.38672,10.09776],"rotation":{"angle":0,"axis":"x","origin":[7.48387,1.87059,13.81062]},"faces":{"north":{"uv":[0,0,7,0],"rotation":90,"texture":"#2"},"east":{"uv":[0,2,7,4],"rotation":270,"texture":"#2"},"south":{"uv":[0,0,7,0],"rotation":270,"texture":"#2"},"west":{"uv":[0,2,7,4],"rotation":270,"texture":"#2"},"up":{"uv":[0,0,2,0],"rotation":270,"texture":"#2"},"down":{"uv":[0,0,2,0],"rotation":270,"texture":"#2"}}},{"from":[8,2.01437,10.09776],"to":[9,2.01437,11.09776],"rotation":{"angle":0,"axis":"y","origin":[2,1.01437,6.09776]},"faces":{"north":{"uv":[0,0,1,0],"texture":"#2"},"east":{"uv":[0,0,1,0],"texture":"#2"},"south":{"uv":[0,0,1,0],"texture":"#2"},"west":{"uv":[0,0,1,0],"texture":"#2"},"up":{"uv":[3,4,4,5],"texture":"#2"},"down":{"uv":[3,4,4,5],"texture":"#2"}}},{"from":[6.34009,1.38672,10.09776],"to":[6.34009,2.38672,11.09776],"rotation":{"angle":0,"axis":"y","origin":[7.48387,1.87059,13.81062]},"faces":{"north":{"uv":[0,0,1,0],"rotation":90,"texture":"#2"},"east":{"uv":[3,4,4,5],"rotation":270,"texture":"#2"},"south":{"uv":[0,0,1,0],"rotation":270,"texture":"#2"},"west":{"uv":[3,4,4,5],"rotation":270,"texture":"#2"},"up":{"uv":[0,0,1,0],"rotation":270,"texture":"#2"},"down":{"uv":[0,0,1,0],"rotation":270,"texture":"#2"}}},{"from":[11,0,17.98214],"to":[13,0,19.98214],"rotation":{"angle":0,"axis":"x","origin":[18,0.38276,24.23214]},"faces":{"north":{"uv":[0,0,8,0],"texture":"#2"},"east":{"uv":[0,0,2,0],"texture":"#2"},"south":{"uv":[0,0,8,0],"texture":"#2"},"west":{"uv":[0,0,2,0],"texture":"#2"},"up":{"uv":[5,4,7,6],"texture":"#2"},"down":{"uv":[5,4,7,6],"texture":"#2"}}},{"from":[9.35446,0.38672,19.23214],"to":[9.35446,2.38672,21.23214],"rotation":{"angle":0,"axis":"x","origin":[8.48387,0.87059,13.81062]},"faces":{"north":{"uv":[0,0,8,0],"rotation":90,"texture":"#2"},"east":{"uv":[5,4,7,6],"rotation":270,"texture":"#2"},"south":{"uv":[0,0,8,0],"rotation":270,"texture":"#2"},"west":{"uv":[5,4,7,6],"rotation":270,"texture":"#2"},"up":{"uv":[0,0,2,0],"rotation":270,"texture":"#2"},"down":{"uv":[0,0,2,0],"rotation":270,"texture":"#2"}}},{"from":[9,0,20.98214],"to":[11,0,22.98214],"rotation":{"angle":0,"axis":"x","origin":[18,0.38276,24.23214]},"faces":{"north":{"uv":[0,0,8,0],"texture":"#2"},"east":{"uv":[0,0,2,0],"texture":"#2"},"south":{"uv":[0,0,8,0],"texture":"#2"},"west":{"uv":[0,0,2,0],"texture":"#2"},"up":{"uv":[3,7,5,9],"texture":"#2"},"down":{"uv":[3,9,5,7],"texture":"#2"}}},{"from":[9.35446,-1.61328,22.23214],"to":[9.35446,0.38672,24.23214],"rotation":{"angle":0,"axis":"x","origin":[8.48387,0.87059,13.81062]},"faces":{"north":{"uv":[0,0,8,0],"rotation":90,"texture":"#2"},"east":{"uv":[3,9,5,7],"rotation":270,"texture":"#2"},"south":{"uv":[0,0,8,0],"rotation":270,"texture":"#2"},"west":{"uv":[3,7,5,9],"rotation":270,"texture":"#2"},"up":{"uv":[0,0,2,0],"rotation":270,"texture":"#2"},"down":{"uv":[0,0,2,0],"rotation":270,"texture":"#2"}}},{"from":[11,0,19.98214],"to":[12,0,20.98214],"rotation":{"angle":0,"axis":"x","origin":[13.5,0.38276,23.73214]},"faces":{"north":{"uv":[0,0,8,0],"texture":"#2"},"east":{"uv":[0,0,2,0],"texture":"#2"},"south":{"uv":[0,0,8,0],"texture":"#2"},"west":{"uv":[0,0,2,0],"texture":"#2"},"up":{"uv":[2,6,3,7],"texture":"#2"},"down":{"uv":[2,6,3,7],"texture":"#2"}}},{"from":[9.35446,0.38672,21.23214],"to":[9.35446,1.38672,22.23214],"rotation":{"angle":0,"axis":"x","origin":[8.48387,0.87059,13.81062]},"faces":{"north":{"uv":[0,0,8,0],"rotation":90,"texture":"#2"},"east":{"uv":[2,6,3,7],"rotation":270,"texture":"#2"},"south":{"uv":[0,0,8,0],"rotation":270,"texture":"#2"},"west":{"uv":[2,6,3,7],"rotation":270,"texture":"#2"},"up":{"uv":[0,0,2,0],"rotation":270,"texture":"#2"},"down":{"uv":[0,0,2,0],"rotation":270,"texture":"#2"}}},{"from":[9,0,18.98214],"to":[11,0,20.98214],"rotation":{"angle":0,"axis":"x","origin":[18,0.38276,24.23214]},"faces":{"north":{"uv":[0,0,8,0],"texture":"#2"},"east":{"uv":[0,0,2,0],"texture":"#2"},"south":{"uv":[0,0,8,0],"texture":"#2"},"west":{"uv":[0,0,2,0],"texture":"#2"},"up":{"uv":[3,5,5,7],"texture":"#2"},"down":{"uv":[3,5,5,7],"texture":"#2"}}},{"from":[9.35446,-1.61328,20.23214],"to":[9.35446,0.38672,22.23214],"rotation":{"angle":0,"axis":"x","origin":[8.48387,0.87059,13.81062]},"faces":{"north":{"uv":[0,0,8,0],"rotation":90,"texture":"#2"},"east":{"uv":[3,5,5,7],"rotation":270,"texture":"#2"},"south":{"uv":[0,0,8,0],"rotation":270,"texture":"#2"},"west":{"uv":[3,5,5,7],"rotation":270,"texture":"#2"},"up":{"uv":[0,0,2,0],"rotation":270,"texture":"#2"},"down":{"uv":[0,0,2,0],"rotation":270,"texture":"#2"}}},{"from":[8,0,19.98214],"to":[9,0,20.98214],"rotation":{"angle":0,"axis":"x","origin":[13.5,0.38276,23.73214]},"faces":{"north":{"uv":[0,0,8,0],"texture":"#2"},"east":{"uv":[0,0,2,0],"texture":"#2"},"south":{"uv":[0,0,8,0],"texture":"#2"},"west":{"uv":[0,0,2,0],"texture":"#2"},"up":{"uv":[2,6,3,7],"texture":"#2"},"down":{"uv":[2,6,3,7],"texture":"#2"}}},{"from":[7,0,17.98214],"to":[9,0,19.98214],"rotation":{"angle":0,"axis":"x","origin":[18,0.38276,24.23214]},"faces":{"north":{"uv":[0,0,8,0],"texture":"#2"},"east":{"uv":[0,0,2,0],"texture":"#2"},"south":{"uv":[0,0,8,0],"texture":"#2"},"west":{"uv":[0,0,2,0],"texture":"#2"},"up":{"uv":[1,4,3,6],"texture":"#2"},"down":{"uv":[1,4,3,6],"texture":"#2"}}},{"from":[9.35446,-3.61328,19.23214],"to":[9.35446,-1.61328,21.23214],"rotation":{"angle":0,"axis":"x","origin":[8.48387,0.87059,13.81062]},"faces":{"north":{"uv":[0,0,8,0],"rotation":90,"texture":"#2"},"east":{"uv":[1,4,3,6],"rotation":270,"texture":"#2"},"south":{"uv":[0,0,8,0],"rotation":270,"texture":"#2"},"west":{"uv":[1,4,3,6],"rotation":270,"texture":"#2"},"up":{"uv":[0,0,2,0],"rotation":270,"texture":"#2"},"down":{"uv":[0,0,2,0],"rotation":270,"texture":"#2"}}},{"from":[11,0,20.98214],"to":[12,0,21.98214],"rotation":{"angle":0,"axis":"x","origin":[13.5,0.38276,23.73214]},"faces":{"north":{"uv":[0,0,8,0],"texture":"#2"},"east":{"uv":[0,0,2,0],"texture":"#2"},"south":{"uv":[0,0,8,0],"texture":"#2"},"west":{"uv":[0,0,2,0],"texture":"#2"},"up":{"uv":[5,7,6,8],"texture":"#2"},"down":{"uv":[5,7,6,8],"texture":"#2"}}},{"from":[9.35446,0.38672,22.23214],"to":[9.35446,1.38672,23.23214],"rotation":{"angle":0,"axis":"x","origin":[8.48387,0.87059,13.81062]},"faces":{"north":{"uv":[0,0,8,0],"rotation":90,"texture":"#2"},"east":{"uv":[5,7,6,8],"rotation":270,"texture":"#2"},"south":{"uv":[0,0,8,0],"rotation":270,"texture":"#2"},"west":{"uv":[5,7,6,8],"rotation":270,"texture":"#2"},"up":{"uv":[0,0,2,0],"rotation":270,"texture":"#2"},"down":{"uv":[0,0,2,0],"rotation":270,"texture":"#2"}}},{"from":[1,1.25,2.94626],"to":[8,1.25,4.94626],"rotation":{"angle":0,"axis":"x","origin":[-7,1.48129,2.94626]},"faces":{"north":{"uv":[0,0,8,0],"texture":"#missing"},"east":{"uv":[0,0,2,0],"texture":"#missing"},"south":{"uv":[0,0,8,0],"texture":"#missing"},"west":{"uv":[0,0,2,0],"texture":"#missing"},"up":{"uv":[6,12,13,14],"texture":"#1"},"down":{"uv":[6,14,14,12],"texture":"#1"}}},{"from":[7.10446,-5.61328,2.94626],"to":[7.10446,1.38672,4.94626],"rotation":{"angle":0,"axis":"x","origin":[7.48387,1.87059,13.81062]},"faces":{"north":{"uv":[0,0,8,0],"rotation":90,"texture":"#missing"},"east":{"uv":[6,14,14,12],"rotation":270,"texture":"#1"},"south":{"uv":[0,0,8,0],"rotation":270,"texture":"#missing"},"west":{"uv":[6,12,13,14],"rotation":270,"texture":"#1"},"up":{"uv":[0,0,2,0],"rotation":270,"texture":"#missing"},"down":{"uv":[0,0,2,0],"rotation":270,"texture":"#missing"}}},{"from":[1,0.57137,5.53454],"to":[9,0.57137,7.53454],"rotation":{"angle":-22.5,"axis":"x","origin":[-7,-0.56707,3.53454]},"faces":{"north":{"uv":[0,0,8,0],"texture":"#missing"},"east":{"uv":[0,0,2,0],"texture":"#missing"},"south":{"uv":[0,0,8,0],"texture":"#missing"},"west":{"uv":[0,0,2,0],"texture":"#missing"},"up":{"uv":[6,14,14,16],"texture":"#1"},"down":{"uv":[6,12,14,14],"texture":"#1"}}},{"from":[3.74117,-5.61328,5.76659],"to":[3.74117,2.38672,7.76659],"rotation":{"angle":-22.5,"axis":"y","origin":[7.48387,1.87059,13.81062]},"faces":{"north":{"uv":[0,0,8,0],"rotation":90,"texture":"#missing"},"east":{"uv":[6,12,14,14],"rotation":270,"texture":"#1"},"south":{"uv":[0,0,8,0],"rotation":270,"texture":"#missing"},"west":{"uv":[6,14,14,16],"rotation":270,"texture":"#1"},"up":{"uv":[0,0,2,0],"rotation":270,"texture":"#missing"},"down":{"uv":[0,0,2,0],"rotation":270,"texture":"#missing"}}},{"from":[8,2.88376,25.47855],"to":[15,2.88376,27.47855],"rotation":{"angle":-22.5,"axis":"x","origin":[5,1.74532,31.47855]},"faces":{"north":{"uv":[0,0,8,0],"texture":"#missing"},"east":{"uv":[0,0,2,0],"texture":"#missing"},"south":{"uv":[0,0,8,0],"texture":"#missing"},"west":{"uv":[0,0,2,0],"texture":"#missing"},"up":{"uv":[0,14,7,16],"texture":"#1"},"down":{"uv":[0,16,7,14],"texture":"#1"}}},{"from":[13.29851,-1.61328,24.4684],"to":[13.29851,5.38672,26.4684],"rotation":{"angle":-22.5,"axis":"y","origin":[8.48387,-1.12941,13.81062]},"faces":{"north":{"uv":[0,0,8,0],"rotation":90,"texture":"#missing"},"east":{"uv":[0,16,7,14],"rotation":270,"texture":"#1"},"south":{"uv":[0,0,8,0],"rotation":270,"texture":"#missing"},"west":{"uv":[0,14,7,16],"rotation":270,"texture":"#1"},"up":{"uv":[0,0,2,0],"rotation":270,"texture":"#missing"},"down":{"uv":[0,0,2,0],"rotation":270,"texture":"#missing"}}},{"from":[8,0.5,23.49962],"to":[15,0.5,25.49962],"rotation":{"angle":0,"axis":"x","origin":[5,0.05173,30.49962]},"faces":{"north":{"uv":[0,0,8,0],"texture":"#missing"},"east":{"uv":[0,0,2,0],"texture":"#missing"},"south":{"uv":[0,0,8,0],"texture":"#missing"},"west":{"uv":[0,0,2,0],"texture":"#missing"},"up":{"uv":[0,12,7,14],"texture":"#1"},"down":{"uv":[0,14,7,12],"texture":"#1"}}},{"from":[8.85446,-1.61328,23.49962],"to":[8.85446,5.38672,25.49962],"rotation":{"angle":0,"axis":"x","origin":[8.48387,-1.12941,13.81062]},"faces":{"north":{"uv":[0,0,8,0],"rotation":90,"texture":"#missing"},"east":{"uv":[0,14,7,12],"rotation":270,"texture":"#1"},"south":{"uv":[0,0,8,0],"rotation":270,"texture":"#missing"},"west":{"uv":[0,12,7,14],"rotation":270,"texture":"#1"},"up":{"uv":[0,0,2,0],"rotation":270,"texture":"#missing"},"down":{"uv":[0,0,2,0],"rotation":270,"texture":"#missing"}}},{"from":[7,2.88376,16.47855],"to":[14,2.88376,18.47855],"rotation":{"angle":-22.5,"axis":"x","origin":[4,1.74532,22.47855]},"faces":{"north":{"uv":[0,0,8,0],"texture":"#missing"},"east":{"uv":[0,0,2,0],"texture":"#missing"},"south":{"uv":[0,0,8,0],"texture":"#missing"},"west":{"uv":[0,0,2,0],"texture":"#missing"},"up":{"uv":[6,14,13,16],"texture":"#1"},"down":{"uv":[6,16,13,14],"texture":"#1"}}},{"from":[9.85436,-3.61328,18.15349],"to":[9.85436,3.38672,20.15349],"rotation":{"angle":-22.5,"axis":"y","origin":[8.48387,-2.12941,15.81062]},"faces":{"north":{"uv":[0,0,8,0],"rotation":90,"texture":"#missing"},"east":{"uv":[6,16,13,14],"rotation":270,"texture":"#1"},"south":{"uv":[0,0,8,0],"rotation":270,"texture":"#missing"},"west":{"uv":[6,14,13,16],"rotation":270,"texture":"#1"},"up":{"uv":[0,0,2,0],"rotation":270,"texture":"#missing"},"down":{"uv":[0,0,2,0],"rotation":270,"texture":"#missing"}}},{"from":[7,0.5,14.49962],"to":[14,0.5,16.49962],"rotation":{"angle":0,"axis":"x","origin":[4,0.05173,21.49962]},"faces":{"north":{"uv":[0,0,8,0],"texture":"#missing"},"east":{"uv":[0,0,2,0],"texture":"#missing"},"south":{"uv":[0,0,8,0],"texture":"#missing"},"west":{"uv":[0,0,2,0],"texture":"#missing"},"up":{"uv":[6,12,13,14],"texture":"#1"},"down":{"uv":[6,14,13,12],"texture":"#1"}}},{"from":[8.85446,-3.61328,16.49962],"to":[8.85446,3.38672,18.49962],"rotation":{"angle":0,"axis":"x","origin":[8.48387,-2.12941,15.81062]},"faces":{"north":{"uv":[0,0,8,0],"rotation":90,"texture":"#missing"},"east":{"uv":[6,14,13,12],"rotation":270,"texture":"#1"},"south":{"uv":[0,0,8,0],"rotation":270,"texture":"#missing"},"west":{"uv":[6,12,13,14],"rotation":270,"texture":"#1"},"up":{"uv":[0,0,2,0],"rotation":270,"texture":"#missing"},"down":{"uv":[0,0,2,0],"rotation":270,"texture":"#missing"}}},{"from":[2,3.13376,9.97855],"to":[9,3.13376,11.97855],"rotation":{"angle":-22.5,"axis":"x","origin":[-1,1.99532,15.97855]},"faces":{"north":{"uv":[0,0,8,0],"texture":"#missing"},"east":{"uv":[0,0,2,0],"texture":"#missing"},"south":{"uv":[0,0,8,0],"texture":"#missing"},"west":{"uv":[0,0,2,0],"texture":"#missing"},"up":{"uv":[0,14,7,16],"texture":"#1"},"down":{"uv":[0,16,7,14],"texture":"#1"}}},{"from":[8.13595,-2.61328,10.24394],"to":[8.13595,4.38672,12.24394],"rotation":{"angle":-22.5,"axis":"y","origin":[9.48387,3.87059,13.81062]},"faces":{"north":{"uv":[0,0,8,0],"rotation":90,"texture":"#missing"},"east":{"uv":[0,16,7,14],"rotation":270,"texture":"#1"},"south":{"uv":[0,0,8,0],"rotation":270,"texture":"#missing"},"west":{"uv":[0,14,7,16],"rotation":270,"texture":"#1"},"up":{"uv":[0,0,2,0],"rotation":270,"texture":"#missing"},"down":{"uv":[0,0,2,0],"rotation":270,"texture":"#missing"}}},{"from":[2,0.75,7.99962],"to":[9,0.75,9.99962],"rotation":{"angle":0,"axis":"x","origin":[-1,0.30173,14.99962]},"faces":{"north":{"uv":[0,0,8,0],"texture":"#missing"},"east":{"uv":[0,0,2,0],"texture":"#missing"},"south":{"uv":[0,0,8,0],"texture":"#missing"},"west":{"uv":[0,0,2,0],"texture":"#missing"},"up":{"uv":[0,12,7,14],"texture":"#1"},"down":{"uv":[0,14,7,12],"texture":"#1"}}},{"from":[9.60446,-2.61328,7.99962],"to":[9.60446,4.38672,9.99962],"rotation":{"angle":0,"axis":"x","origin":[9.48387,3.87059,13.81062]},"faces":{"north":{"uv":[0,0,8,0],"rotation":90,"texture":"#missing"},"east":{"uv":[0,14,7,12],"rotation":270,"texture":"#1"},"south":{"uv":[0,0,8,0],"rotation":270,"texture":"#missing"},"west":{"uv":[0,12,7,14],"rotation":270,"texture":"#1"},"up":{"uv":[0,0,2,0],"rotation":270,"texture":"#missing"},"down":{"uv":[0,0,2,0],"rotation":270,"texture":"#missing"}}},{"from":[6,1.05173,7.99962],"to":[12,1.05173,9.99962],"rotation":{"angle":0,"axis":"x","origin":[-2,0.05173,7.99962]},"faces":{"north":{"uv":[0,0,8,0],"texture":"#2"},"east":{"uv":[0,0,2,0],"texture":"#2"},"south":{"uv":[0,0,8,0],"texture":"#2"},"west":{"uv":[0,0,2,0],"texture":"#2"},"up":{"uv":[10,11,16,13],"texture":"#2"},"down":{"uv":[10,13,16,11],"texture":"#2"}}},{"from":[9.30273,1.38672,7.99962],"to":[9.30273,7.38672,9.99962],"rotation":{"angle":0,"axis":"x","origin":[9.48387,3.87059,13.81062]},"faces":{"north":{"uv":[0,0,8,0],"rotation":90,"texture":"#2"},"east":{"uv":[10,13,16,11],"rotation":270,"texture":"#2"},"south":{"uv":[0,0,8,0],"rotation":270,"texture":"#2"},"west":{"uv":[10,11,16,13],"rotation":270,"texture":"#2"},"up":{"uv":[0,0,2,0],"rotation":270,"texture":"#2"},"down":{"uv":[0,0,2,0],"rotation":270,"texture":"#2"}}},{"from":[4,0.36156,10.53492],"to":[12,0.36156,12.53492],"rotation":{"angle":-22.5,"axis":"x","origin":[-2,-0.63844,8.53492]},"faces":{"north":{"uv":[0,0,8,0],"texture":"#2"},"east":{"uv":[0,0,2,0],"texture":"#2"},"south":{"uv":[0,0,8,0],"texture":"#2"},"west":{"uv":[0,0,2,0],"texture":"#2"},"up":{"uv":[8,13,16,15],"texture":"#2"},"down":{"uv":[8,15,16,13],"texture":"#2"}}},{"from":[7.85911,-0.61328,10.35903],"to":[7.85911,7.38672,12.35903],"rotation":{"angle":-22.5,"axis":"y","origin":[9.48387,3.87059,13.81062]},"faces":{"north":{"uv":[0,0,8,0],"rotation":90,"texture":"#2"},"east":{"uv":[8,15,16,13],"rotation":270,"texture":"#2"},"south":{"uv":[0,0,8,0],"rotation":270,"texture":"#2"},"west":{"uv":[8,13,16,15],"rotation":270,"texture":"#2"},"up":{"uv":[0,0,2,0],"rotation":270,"texture":"#2"},"down":{"uv":[0,0,2,0],"rotation":270,"texture":"#2"}}},{"from":[9,1.81518,11.84776],"to":[10,1.81518,12.84776],"rotation":{"angle":0,"axis":"x","origin":[4.5,1.81518,12.34776]},"faces":{"north":{"uv":[0,0,8,0],"texture":"#2"},"east":{"uv":[0,0,2,0],"texture":"#2"},"south":{"uv":[0,0,8,0],"texture":"#2"},"west":{"uv":[0,0,2,0],"texture":"#2"},"up":{"uv":[13,15,14,16],"texture":"#2"},"down":{"uv":[13,15,14,16],"texture":"#2"}}},{"from":[8.53928,4.38672,11.84776],"to":[8.53928,5.38672,12.84776],"rotation":{"angle":0,"axis":"x","origin":[9.48387,3.87059,13.81062]},"faces":{"north":{"uv":[0,0,8,0],"rotation":90,"texture":"#2"},"east":{"uv":[13,15,14,16],"rotation":270,"texture":"#2"},"south":{"uv":[0,0,8,0],"rotation":270,"texture":"#2"},"west":{"uv":[13,15,14,16],"rotation":270,"texture":"#2"},"up":{"uv":[0,0,2,0],"rotation":270,"texture":"#2"},"down":{"uv":[0,0,2,0],"rotation":270,"texture":"#2"}}},{"from":[-1,2.88376,8.22855],"to":[6,2.88376,10.22855],"rotation":{"angle":-22.5,"axis":"x","origin":[-4,1.74532,14.22855]},"faces":{"north":{"uv":[0,0,8,0],"texture":"#missing"},"east":{"uv":[0,0,2,0],"texture":"#missing"},"south":{"uv":[0,0,8,0],"texture":"#missing"},"west":{"uv":[0,0,2,0],"texture":"#missing"},"up":{"uv":[0,14,7,16],"texture":"#1"},"down":{"uv":[0,16,7,14],"texture":"#1"}}},{"from":[7.69722,-5.61328,8.53148],"to":[7.69722,1.38672,10.53148],"rotation":{"angle":-22.5,"axis":"y","origin":[9.48387,3.87059,13.81062]},"faces":{"north":{"uv":[0,0,8,0],"rotation":90,"texture":"#missing"},"east":{"uv":[0,16,7,14],"rotation":270,"texture":"#1"},"south":{"uv":[0,0,8,0],"rotation":270,"texture":"#missing"},"west":{"uv":[0,14,7,16],"rotation":270,"texture":"#1"},"up":{"uv":[0,0,2,0],"rotation":270,"texture":"#missing"},"down":{"uv":[0,0,2,0],"rotation":270,"texture":"#missing"}}},{"from":[-1,0.5,6.24962],"to":[6,0.5,8.24962],"rotation":{"angle":0,"axis":"x","origin":[-4,0.05173,13.24962]},"faces":{"north":{"uv":[0,0,8,0],"texture":"#missing"},"east":{"uv":[0,0,2,0],"texture":"#missing"},"south":{"uv":[0,0,8,0],"texture":"#missing"},"west":{"uv":[0,0,2,0],"texture":"#missing"},"up":{"uv":[0,12,7,14],"texture":"#1"},"down":{"uv":[0,14,7,12],"texture":"#1"}}},{"from":[9.85446,-5.61328,6.24962],"to":[9.85446,1.38672,8.24962],"rotation":{"angle":0,"axis":"x","origin":[9.48387,3.87059,13.81062]},"faces":{"north":{"uv":[0,0,8,0],"rotation":90,"texture":"#missing"},"east":{"uv":[0,14,7,12],"rotation":270,"texture":"#1"},"south":{"uv":[0,0,8,0],"rotation":270,"texture":"#missing"},"west":{"uv":[0,12,7,14],"rotation":270,"texture":"#1"},"up":{"uv":[0,0,2,0],"rotation":270,"texture":"#missing"},"down":{"uv":[0,0,2,0],"rotation":270,"texture":"#missing"}}},{"from":[7,1.25,1.25],"to":[14,1.25,3.25],"rotation":{"angle":0,"axis":"x","origin":[7,1.25,1.25]},"faces":{"north":{"uv":[0,0,7,0],"texture":"#2"},"east":{"uv":[0,0,2,0],"texture":"#2"},"south":{"uv":[0,0,7,0],"texture":"#2"},"west":{"uv":[0,0,2,0],"texture":"#2"},"up":{"uv":[0,10,7,12],"texture":"#2"},"down":{"uv":[0,12,7,10],"texture":"#2"}}},{"from":[7.10446,0.38672,1.25],"to":[7.10446,7.38672,3.25],"rotation":{"angle":0,"axis":"x","origin":[7.48387,1.87059,13.81062]},"faces":{"north":{"uv":[0,0,7,0],"rotation":90,"texture":"#2"},"east":{"uv":[0,12,7,10],"rotation":270,"texture":"#2"},"south":{"uv":[0,0,7,0],"rotation":270,"texture":"#2"},"west":{"uv":[0,10,7,12],"rotation":270,"texture":"#2"},"up":{"uv":[0,0,2,0],"rotation":270,"texture":"#2"},"down":{"uv":[0,0,2,0],"rotation":270,"texture":"#2"}}},{"from":[8,1.63276,3.17426],"to":[14,1.63276,5.17426],"rotation":{"angle":-22.5,"axis":"x","origin":[11.5,1.63276,4.17426]},"faces":{"north":{"uv":[0,0,7,0],"texture":"#2"},"east":{"uv":[0,0,2,0],"texture":"#2"},"south":{"uv":[0,0,7,0],"texture":"#2"},"west":{"uv":[0,0,2,0],"texture":"#2"},"up":{"uv":[0,12,6,14],"texture":"#2"},"down":{"uv":[0,14,7,12],"texture":"#2"}}},{"from":[3.09205,1.38672,4.19945],"to":[3.09205,7.38672,6.19945],"rotation":{"angle":-22.5,"axis":"y","origin":[7.48387,1.87059,13.81062]},"faces":{"north":{"uv":[0,0,7,0],"rotation":90,"texture":"#2"},"east":{"uv":[0,14,7,12],"rotation":270,"texture":"#2"},"south":{"uv":[0,0,7,0],"rotation":270,"texture":"#2"},"west":{"uv":[0,12,6,14],"rotation":270,"texture":"#2"},"up":{"uv":[0,0,2,0],"rotation":270,"texture":"#2"},"down":{"uv":[0,0,2,0],"rotation":270,"texture":"#2"}}},{"from":[11,2.01437,5.09776],"to":[13,2.01437,7.09776],"rotation":{"angle":0,"axis":"y","origin":[4,1.01437,1.09776]},"faces":{"north":{"uv":[0,0,1,0],"texture":"#2"},"east":{"uv":[0,0,1,0],"texture":"#2"},"south":{"uv":[0,0,1,0],"texture":"#2"},"west":{"uv":[0,0,1,0],"texture":"#2"},"up":{"uv":[3,14,5,16],"texture":"#2"},"down":{"uv":[3,16,5,14],"texture":"#2"}}},{"from":[6.34009,4.38672,5.09776],"to":[6.34009,6.38672,7.09776],"rotation":{"angle":0,"axis":"y","origin":[7.48387,1.87059,13.81062]},"faces":{"north":{"uv":[0,0,1,0],"rotation":90,"texture":"#2"},"east":{"uv":[3,16,5,14],"rotation":270,"texture":"#2"},"south":{"uv":[0,0,1,0],"rotation":270,"texture":"#2"},"west":{"uv":[3,14,5,16],"rotation":270,"texture":"#2"},"up":{"uv":[0,0,1,0],"rotation":270,"texture":"#2"},"down":{"uv":[0,0,1,0],"rotation":270,"texture":"#2"}}},{"from":[3.25,0.88376,14.22855],"to":[10.25,0.88376,16.22855],"rotation":{"angle":0,"axis":"x","origin":[0.25,-0.25468,20.22855]},"faces":{"north":{"uv":[0,0,8,0],"texture":"#missing"},"east":{"uv":[0,0,2,0],"texture":"#missing"},"south":{"uv":[0,0,8,0],"texture":"#missing"},"west":{"uv":[0,0,2,0],"texture":"#missing"},"up":{"uv":[6,14,13,16],"texture":"#1"},"down":{"uv":[6,16,13,14],"texture":"#1"}}},{"from":[8.4707,-4.36328,14.22855],"to":[8.4707,2.63672,16.22855],"rotation":{"angle":0,"axis":"x","origin":[8.48387,0.87059,13.81062]},"faces":{"north":{"uv":[0,0,8,0],"rotation":90,"texture":"#missing"},"east":{"uv":[6,16,13,14],"rotation":270,"texture":"#1"},"south":{"uv":[0,0,8,0],"rotation":270,"texture":"#missing"},"west":{"uv":[6,14,13,16],"rotation":270,"texture":"#1"},"up":{"uv":[0,0,2,0],"rotation":270,"texture":"#missing"},"down":{"uv":[0,0,2,0],"rotation":270,"texture":"#missing"}}},{"from":[3.25,2.8313,13.01949],"to":[10.25,2.8313,14.01949],"rotation":{"angle":-22.5,"axis":"x","origin":[0.25,2.38303,19.01949]},"faces":{"north":{"uv":[0,0,8,0],"texture":"#missing"},"east":{"uv":[0,0,2,0],"texture":"#missing"},"south":{"uv":[0,0,8,0],"texture":"#missing"},"west":{"uv":[0,0,2,0],"texture":"#missing"},"up":{"uv":[6,13,13,14],"texture":"#1"},"down":{"uv":[6,14,13,13],"texture":"#1"}}},{"from":[8.63164,-4.36328,13.20177],"to":[8.63164,2.63672,14.20177],"rotation":{"angle":-22.5,"axis":"y","origin":[8.48387,0.87059,13.81062]},"faces":{"north":{"uv":[0,0,8,0],"rotation":90,"texture":"#missing"},"east":{"uv":[6,14,13,13],"rotation":270,"texture":"#1"},"south":{"uv":[0,0,8,0],"rotation":270,"texture":"#missing"},"west":{"uv":[6,13,13,14],"rotation":270,"texture":"#1"},"up":{"uv":[0,0,2,0],"rotation":270,"texture":"#missing"},"down":{"uv":[0,0,2,0],"rotation":270,"texture":"#missing"}}},{"from":[7.25,0.501,12.30429],"to":[8.25,0.501,13.30429],"rotation":{"angle":0,"axis":"x","origin":[-2.25,0.501,9.80429]},"faces":{"north":{"uv":[0,0,8,0],"texture":"#2"},"east":{"uv":[0,0,2,0],"texture":"#2"},"south":{"uv":[0,0,8,0],"texture":"#2"},"west":{"uv":[0,0,2,0],"texture":"#2"},"up":{"uv":[10,12,11,13],"texture":"#1"},"down":{"uv":[10,12,11,13],"texture":"#1"}}},{"from":[8.85346,-0.36328,12.30429],"to":[8.85346,0.63672,13.30429],"rotation":{"angle":0,"axis":"x","origin":[8.48387,0.87059,13.81062]},"faces":{"north":{"uv":[0,0,8,0],"rotation":90,"texture":"#2"},"east":{"uv":[10,12,11,13],"rotation":270,"texture":"#1"},"south":{"uv":[0,0,8,0],"rotation":270,"texture":"#2"},"west":{"uv":[10,12,11,13],"rotation":270,"texture":"#1"},"up":{"uv":[0,0,2,0],"rotation":270,"texture":"#2"},"down":{"uv":[0,0,2,0],"rotation":270,"texture":"#2"}}},{"from":[5.25,0.501,12.30429],"to":[6.25,0.501,13.30429],"rotation":{"angle":0,"axis":"x","origin":[-2.25,0.501,9.80429]},"faces":{"north":{"uv":[0,0,8,0],"texture":"#2"},"east":{"uv":[0,0,2,0],"texture":"#2"},"south":{"uv":[0,0,8,0],"texture":"#2"},"west":{"uv":[0,0,2,0],"texture":"#2"},"up":{"uv":[10,12,11,13],"texture":"#1"},"down":{"uv":[10,12,11,13],"texture":"#1"}}},{"from":[8.85346,-2.36328,12.30429],"to":[8.85346,-1.36328,13.30429],"rotation":{"angle":0,"axis":"x","origin":[8.48387,0.87059,13.81062]},"faces":{"north":{"uv":[0,0,8,0],"rotation":90,"texture":"#2"},"east":{"uv":[10,12,11,13],"rotation":270,"texture":"#1"},"south":{"uv":[0,0,8,0],"rotation":270,"texture":"#2"},"west":{"uv":[10,12,11,13],"rotation":270,"texture":"#1"},"up":{"uv":[0,0,2,0],"rotation":270,"texture":"#2"},"down":{"uv":[0,0,2,0],"rotation":270,"texture":"#2"}}},{"from":[6,0.63376,28.47855],"to":[13,0.63376,30.47855],"rotation":{"angle":0,"axis":"x","origin":[9,-0.50468,17.47855]},"faces":{"north":{"uv":[0,0,8,0],"texture":"#missing"},"east":{"uv":[0,0,2,0],"texture":"#missing"},"south":{"uv":[0,0,8,0],"texture":"#missing"},"west":{"uv":[0,0,2,0],"texture":"#missing"},"up":{"uv":[6,14,13,16],"texture":"#1"},"down":{"uv":[6,16,13,14],"texture":"#1"}}},{"from":[10.7207,-5.11328,29.97855],"to":[10.7207,1.88672,31.97855],"rotation":{"angle":0,"axis":"x","origin":[-6.51613,0.87059,13.81062]},"faces":{"north":{"uv":[0,0,8,0],"rotation":90,"texture":"#missing"},"east":{"uv":[6,16,13,14],"rotation":270,"texture":"#1"},"south":{"uv":[0,0,8,0],"rotation":270,"texture":"#missing"},"west":{"uv":[6,14,13,16],"rotation":270,"texture":"#1"},"up":{"uv":[0,0,2,0],"rotation":270,"texture":"#missing"},"down":{"uv":[0,0,2,0],"rotation":270,"texture":"#missing"}}}],"display":{"thirdperson_righthand":{"scale":[0.5,0.5,0.5]},"thirdperson_lefthand":{"scale":[0.5,0.5,0.5]},"ground":{"translation":[0,1,0],"scale":[0.5,0.5,0.5]},"gui":{"rotation":[90,0,165],"translation":[-0.5,3,0],"scale":[0.4,0.4,0.4]},"fixed":{"rotation":[-180,0,-180],"translation":[0,17,-14],"scale":[2,2,2]}},"groups":[{"name":"1","origin":[-2,-0.23563,-1.15224],"children":[0,1,2,3,4,5]},{"name":"3","origin":[8,8,8],"children":[6,7,8,9,10,11,12,13,14,15,16,17,18]},{"name":"7","origin":[8,8,8],"children":[19,20,21,22]},{"name":"8","origin":[8,8,8],"children":[23,24,25,26]},{"name":"8","origin":[8,8,8],"children":[27,28,29,30]},{"name":"8","origin":[8,8,8],"children":[31,32,33,34]},{"name":"10","origin":[1,0,-1],"children":[35,36,37,38,39,40]},{"name":"8","origin":[8,8,8],"children":[41,42,43,44]},{"name":"1","origin":[-2,-0.23563,-1.15224],"children":[45,46,47,48,49,50]},{"name":"8","origin":[8,8,8],"children":[51,52,53,54,55,56,57,58]},59,60]}