{"credit":"Made with Blockbench","textures":{"0":"block/brown_vine_1","1":"block/brown_vine_2","particle":"block/brown_vine_1"},"elements":[{"from":[1,0,-1],"to":[8,0,1],"rotation":{"angle":-22.5,"axis":"x","origin":[1,0,-1]},"faces":{"north":{"uv":[0,0,7,0],"texture":"#missing"},"east":{"uv":[0,0,2,0],"texture":"#missing"},"south":{"uv":[0,0,7,0],"texture":"#missing"},"west":{"uv":[0,0,2,0],"texture":"#missing"},"up":{"uv":[0,0,7,2],"texture":"#0"},"down":{"uv":[0,0,7,2],"texture":"#0"}}},{"from":[8,-2.44827,6.99962],"to":[16,-2.44827,8.99962],"rotation":{"angle":-22.5,"axis":"x","origin":[1,-0.44827,0.99962]},"faces":{"north":{"uv":[0,0,8,0],"texture":"#missing"},"east":{"uv":[0,0,2,0],"texture":"#missing"},"south":{"uv":[0,0,8,0],"texture":"#missing"},"west":{"uv":[0,0,2,0],"texture":"#missing"},"up":{"uv":[6,7,14,9],"texture":"#0"},"down":{"uv":[6,7,14,9],"texture":"#0"}}},{"from":[8,0.55173,-0.00038],"to":[16,0.55173,1.99962],"rotation":{"angle":0,"axis":"x","origin":[0,-0.44827,-0.00038]},"faces":{"north":{"uv":[0,0,8,0],"texture":"#missing"},"east":{"uv":[0,0,2,0],"texture":"#missing"},"south":{"uv":[0,0,8,0],"texture":"#missing"},"west":{"uv":[0,0,2,0],"texture":"#missing"},"up":{"uv":[8,1,16,3],"texture":"#0"},"down":{"uv":[6,7,14,9],"texture":"#0"}}},{"from":[-1,0.55173,7.99962],"to":[6,0.55173,9.99962],"rotation":{"angle":0,"axis":"x","origin":[-9,-0.44827,7.99962]},"faces":{"north":{"uv":[0,0,8,0],"texture":"#missing"},"east":{"uv":[0,0,2,0],"texture":"#missing"},"south":{"uv":[0,0,8,0],"texture":"#missing"},"west":{"uv":[0,0,2,0],"texture":"#missing"},"up":{"uv":[6,12,13,14],"texture":"#1"},"down":{"uv":[6,12,14,14],"texture":"#1"}}},{"from":[11,0.55173,4.99962],"to":[18,0.55173,6.99962],"rotation":{"angle":0,"axis":"x","origin":[3,-0.44827,4.99962]},"faces":{"north":{"uv":[0,0,8,0],"texture":"#missing"},"east":{"uv":[0,0,2,0],"texture":"#missing"},"south":{"uv":[0,0,8,0],"texture":"#missing"},"west":{"uv":[0,0,2,0],"texture":"#missing"},"up":{"uv":[6,12,13,14],"texture":"#1"},"down":{"uv":[6,12,14,14],"texture":"#1"}}},{"from":[5,0.55173,11.99962],"to":[12,0.55173,13.99962],"rotation":{"angle":0,"axis":"x","origin":[-3,-0.44827,11.99962]},"faces":{"north":{"uv":[0,0,8,0],"texture":"#missing"},"east":{"uv":[0,0,2,0],"texture":"#missing"},"south":{"uv":[0,0,8,0],"texture":"#missing"},"west":{"uv":[0,0,2,0],"texture":"#missing"},"up":{"uv":[7,6,14,8],"texture":"#1"},"down":{"uv":[7,8,14,6],"texture":"#1"}}},{"from":[9,0,9.99962],"to":[16,0,11.99962],"rotation":{"angle":0,"axis":"x","origin":[1,-0.44827,9.99962]},"faces":{"north":{"uv":[0,0,8,0],"texture":"#missing"},"east":{"uv":[0,0,2,0],"texture":"#missing"},"south":{"uv":[0,0,8,0],"texture":"#missing"},"west":{"uv":[0,0,2,0],"texture":"#missing"},"up":{"uv":[0,6,7,8],"texture":"#1"},"down":{"uv":[0,8,7,6],"texture":"#1"}}},{"from":[2,0,10.49962],"to":[9,0,12.49962],"rotation":{"angle":0,"axis":"x","origin":[-6,-0.44827,10.49962]},"faces":{"north":{"uv":[0,0,8,0],"texture":"#missing"},"east":{"uv":[0,0,2,0],"texture":"#missing"},"south":{"uv":[0,0,8,0],"texture":"#missing"},"west":{"uv":[0,0,2,0],"texture":"#missing"},"up":{"uv":[0,12,7,14],"texture":"#1"},"down":{"uv":[0,12,7,14],"texture":"#1"}}},{"from":[-1,0.5,11.49962],"to":[6,0.5,13.49962],"rotation":{"angle":0,"axis":"x","origin":[-9,-0.44827,11.49962]},"faces":{"north":{"uv":[0,0,8,0],"texture":"#missing"},"east":{"uv":[0,0,2,0],"texture":"#missing"},"south":{"uv":[0,0,8,0],"texture":"#missing"},"west":{"uv":[0,0,2,0],"texture":"#missing"},"up":{"uv":[0,12,7,14],"texture":"#1"},"down":{"uv":[0,12,7,14],"texture":"#1"}}},{"from":[-3,0,3.49962],"to":[4,0,5.49962],"rotation":{"angle":0,"axis":"x","origin":[-6,-0.44827,10.49962]},"faces":{"north":{"uv":[0,0,8,0],"texture":"#missing"},"east":{"uv":[0,0,2,0],"texture":"#missing"},"south":{"uv":[0,0,8,0],"texture":"#missing"},"west":{"uv":[0,0,2,0],"texture":"#missing"},"up":{"uv":[0,12,7,14],"texture":"#1"},"down":{"uv":[0,12,7,14],"texture":"#1"}}},{"from":[8,-0.13844,2.53492],"to":[16,-0.13844,5.53492],"rotation":{"angle":-22.5,"axis":"x","origin":[0,-1.13844,0.53492]},"faces":{"north":{"uv":[0,0,8,0],"texture":"#missing"},"east":{"uv":[0,0,2,0],"texture":"#missing"},"south":{"uv":[0,0,8,0],"texture":"#missing"},"west":{"uv":[0,0,2,0],"texture":"#missing"},"up":{"uv":[8,3,16,6],"texture":"#0"},"down":{"uv":[8,3,16,6],"texture":"#0"}}},{"from":[-1,-0.13844,10.53492],"to":[7,-0.13844,12.53492],"rotation":{"angle":-22.5,"axis":"x","origin":[-9,-1.13844,8.53492]},"faces":{"north":{"uv":[0,0,8,0],"texture":"#missing"},"east":{"uv":[0,0,2,0],"texture":"#missing"},"south":{"uv":[0,0,8,0],"texture":"#missing"},"west":{"uv":[0,0,2,0],"texture":"#missing"},"up":{"uv":[6,14,14,16],"texture":"#1"},"down":{"uv":[6,12,14,14],"texture":"#1"}}},{"from":[11,-0.13844,7.53492],"to":[19,-0.13844,9.53492],"rotation":{"angle":-22.5,"axis":"x","origin":[3,-1.13844,5.53492]},"faces":{"north":{"uv":[0,0,8,0],"texture":"#missing"},"east":{"uv":[0,0,2,0],"texture":"#missing"},"south":{"uv":[0,0,8,0],"texture":"#missing"},"west":{"uv":[0,0,2,0],"texture":"#missing"},"up":{"uv":[6,14,14,16],"texture":"#1"},"down":{"uv":[6,12,14,14],"texture":"#1"}}},{"from":[5,-0.13844,14.53492],"to":[13,-0.13844,17.53492],"rotation":{"angle":-22.5,"axis":"x","origin":[-3,-1.13844,12.53492]},"faces":{"north":{"uv":[0,0,8,0],"texture":"#missing"},"east":{"uv":[0,0,2,0],"texture":"#missing"},"south":{"uv":[0,0,8,0],"texture":"#missing"},"west":{"uv":[0,0,2,0],"texture":"#missing"},"up":{"uv":[7,8,15,11],"texture":"#1"},"down":{"uv":[7,11,14,8],"texture":"#1"}}},{"from":[9,-0.67871,12.58752],"to":[17,-0.67871,15.58752],"rotation":{"angle":-22.5,"axis":"x","origin":[1,-1.81714,10.58752]},"faces":{"north":{"uv":[0,0,8,0],"texture":"#missing"},"east":{"uv":[0,0,2,0],"texture":"#missing"},"south":{"uv":[0,0,8,0],"texture":"#missing"},"west":{"uv":[0,0,2,0],"texture":"#missing"},"up":{"uv":[0,8,8,11],"texture":"#1"},"down":{"uv":[0,11,8,8],"texture":"#1"}}},{"from":[2,-0.67863,13.0879],"to":[9,-0.67863,15.0879],"rotation":{"angle":-22.5,"axis":"x","origin":[-6,-1.81707,11.0879]},"faces":{"north":{"uv":[0,0,8,0],"texture":"#missing"},"east":{"uv":[0,0,2,0],"texture":"#missing"},"south":{"uv":[0,0,8,0],"texture":"#missing"},"west":{"uv":[0,0,2,0],"texture":"#missing"},"up":{"uv":[0,14,7,16],"texture":"#1"},"down":{"uv":[0,16,7,14],"texture":"#1"}}},{"from":[-1,-0.08991,14.53894],"to":[6,-0.08991,16.53894],"rotation":{"angle":-22.5,"axis":"x","origin":[-9,-2.40698,12.53894]},"faces":{"north":{"uv":[0,0,8,0],"texture":"#missing"},"east":{"uv":[0,0,2,0],"texture":"#missing"},"south":{"uv":[0,0,8,0],"texture":"#missing"},"west":{"uv":[0,0,2,0],"texture":"#missing"},"up":{"uv":[0,14,7,16],"texture":"#1"},"down":{"uv":[0,16,7,14],"texture":"#1"}}},{"from":[-3,2.38376,5.47855],"to":[4,2.38376,7.47855],"rotation":{"angle":-22.5,"axis":"x","origin":[-6,1.24532,11.47855]},"faces":{"north":{"uv":[0,0,8,0],"texture":"#missing"},"east":{"uv":[0,0,2,0],"texture":"#missing"},"south":{"uv":[0,0,8,0],"texture":"#missing"},"west":{"uv":[0,0,2,0],"texture":"#missing"},"up":{"uv":[0,14,7,16],"texture":"#1"},"down":{"uv":[0,16,7,14],"texture":"#1"}}},{"from":[7,-2.44827,7.99962],"to":[8,-2.44827,8.99962],"rotation":{"angle":-22.5,"axis":"x","origin":[1,-0.44827,0.99962]},"faces":{"north":{"uv":[0,0,8,0],"texture":"#missing"},"east":{"uv":[0,0,2,0],"texture":"#missing"},"south":{"uv":[0,0,8,0],"texture":"#missing"},"west":{"uv":[0,0,2,0],"texture":"#missing"},"up":{"uv":[5,8,6,9],"texture":"#0"},"down":{"uv":[5,8,6,9],"texture":"#0"}}},{"from":[7,0.76444,9.15602],"to":[8,0.76444,10.15602],"rotation":{"angle":0,"axis":"x","origin":[7.5,0.76444,9.65602]},"faces":{"north":{"uv":[0,0,8,0],"texture":"#missing"},"east":{"uv":[0,0,2,0],"texture":"#missing"},"south":{"uv":[0,0,8,0],"texture":"#missing"},"west":{"uv":[0,0,2,0],"texture":"#missing"},"up":{"uv":[5,9,6,10],"texture":"#0"},"down":{"uv":[5,9,6,10],"texture":"#0"}}},{"from":[3,0.38276,4.73214],"to":[4,0.38276,5.73214],"rotation":{"angle":0,"axis":"x","origin":[7.5,0.38276,7.73214]},"faces":{"north":{"uv":[0,0,8,0],"texture":"#missing"},"east":{"uv":[0,0,2,0],"texture":"#missing"},"south":{"uv":[0,0,8,0],"texture":"#missing"},"west":{"uv":[0,0,2,0],"texture":"#missing"},"up":{"uv":[2,6,3,7],"texture":"#0"},"down":{"uv":[2,6,3,7],"texture":"#0"}}},{"from":[6,0.38276,4.73214],"to":[7,0.38276,5.73214],"rotation":{"angle":0,"axis":"x","origin":[7.5,0.38276,7.73214]},"faces":{"north":{"uv":[0,0,8,0],"texture":"#missing"},"east":{"uv":[0,0,2,0],"texture":"#missing"},"south":{"uv":[0,0,8,0],"texture":"#missing"},"west":{"uv":[0,0,2,0],"texture":"#missing"},"up":{"uv":[2,6,3,7],"texture":"#0"},"down":{"uv":[2,6,3,7],"texture":"#0"}}},{"from":[6,0.38276,5.73214],"to":[7,0.38276,6.73214],"rotation":{"angle":0,"axis":"x","origin":[7.5,0.38276,7.73214]},"faces":{"north":{"uv":[0,0,8,0],"texture":"#missing"},"east":{"uv":[0,0,2,0],"texture":"#missing"},"south":{"uv":[0,0,8,0],"texture":"#missing"},"west":{"uv":[0,0,2,0],"texture":"#missing"},"up":{"uv":[5,7,6,8],"texture":"#0"},"down":{"uv":[5,7,6,8],"texture":"#0"}}},{"from":[12,1.69878,4.77126],"to":[13,1.69878,5.77126],"rotation":{"angle":0,"axis":"x","origin":[1.5,1.69878,6.77126]},"faces":{"north":{"uv":[0,0,8,0],"texture":"#missing"},"east":{"uv":[0,0,2,0],"texture":"#missing"},"south":{"uv":[0,0,8,0],"texture":"#missing"},"west":{"uv":[0,0,2,0],"texture":"#missing"},"up":{"uv":[12,6,13,7],"texture":"#0"},"down":{"uv":[12,6,13,7],"texture":"#0"}}},{"from":[8,0.76537,9.15564],"to":[16,0.76537,11.15564],"rotation":{"angle":0,"axis":"x","origin":[12,0.76537,10.15564]},"faces":{"north":{"uv":[0,0,8,0],"texture":"#missing"},"east":{"uv":[0,0,2,0],"texture":"#missing"},"south":{"uv":[0,0,8,0],"texture":"#missing"},"west":{"uv":[0,0,2,0],"texture":"#missing"},"up":{"uv":[6,9,14,11],"texture":"#0"},"down":{"uv":[6,9,14,11],"texture":"#0"}}},{"from":[9,0.38276,11.23214],"to":[12,0.38276,13.23214],"rotation":{"angle":-22.5,"axis":"x","origin":[12,0.38276,10.23214]},"faces":{"north":{"uv":[0,0,8,0],"texture":"#missing"},"east":{"uv":[0,0,2,0],"texture":"#missing"},"south":{"uv":[0,0,8,0],"texture":"#missing"},"west":{"uv":[0,0,2,0],"texture":"#missing"},"up":{"uv":[7,11,10,13],"texture":"#0"},"down":{"uv":[7,13,10,11],"texture":"#0"}}},{"from":[6,0.38276,2.73214],"to":[9,0.38276,4.73214],"rotation":{"angle":0,"axis":"x","origin":[12,0.38276,8.23214]},"faces":{"north":{"uv":[0,0,8,0],"texture":"#missing"},"east":{"uv":[0,0,2,0],"texture":"#missing"},"south":{"uv":[0,0,8,0],"texture":"#missing"},"west":{"uv":[0,0,2,0],"texture":"#missing"},"up":{"uv":[5,4,8,6],"texture":"#0"},"down":{"uv":[5,4,8,6],"texture":"#0"}}},{"from":[2,0.38276,2.73214],"to":[4,0.38276,4.73214],"rotation":{"angle":0,"axis":"x","origin":[12,0.38276,8.23214]},"faces":{"north":{"uv":[0,0,8,0],"texture":"#missing"},"east":{"uv":[0,0,2,0],"texture":"#missing"},"south":{"uv":[0,0,8,0],"texture":"#missing"},"west":{"uv":[0,0,2,0],"texture":"#missing"},"up":{"uv":[1,4,3,6],"texture":"#0"},"down":{"uv":[1,4,3,6],"texture":"#0"}}},{"from":[4,0.38276,5.73214],"to":[6,0.38276,7.73214],"rotation":{"angle":0,"axis":"x","origin":[12,0.38276,8.23214]},"faces":{"north":{"uv":[0,0,8,0],"texture":"#missing"},"east":{"uv":[0,0,2,0],"texture":"#missing"},"south":{"uv":[0,0,8,0],"texture":"#missing"},"west":{"uv":[0,0,2,0],"texture":"#missing"},"up":{"uv":[3,7,5,9],"texture":"#0"},"down":{"uv":[3,9,5,7],"texture":"#0"}}},{"from":[4,0.38276,3.73214],"to":[6,0.38276,5.73214],"rotation":{"angle":0,"axis":"x","origin":[12,0.38276,8.23214]},"faces":{"north":{"uv":[0,0,8,0],"texture":"#missing"},"east":{"uv":[0,0,2,0],"texture":"#missing"},"south":{"uv":[0,0,8,0],"texture":"#missing"},"west":{"uv":[0,0,2,0],"texture":"#missing"},"up":{"uv":[3,5,5,7],"texture":"#0"},"down":{"uv":[3,5,5,7],"texture":"#0"}}},{"from":[1,0.76437,0.84776],"to":[8,0.76437,2.84776],"rotation":{"angle":0,"axis":"x","origin":[4.5,0.76437,1.84776]},"faces":{"north":{"uv":[0,0,7,0],"texture":"#missing"},"east":{"uv":[0,0,2,0],"texture":"#missing"},"south":{"uv":[0,0,7,0],"texture":"#missing"},"west":{"uv":[0,0,2,0],"texture":"#missing"},"up":{"uv":[0,2,7,4],"texture":"#0"},"down":{"uv":[0,2,7,4],"texture":"#0"}}},{"from":[4,0.76437,2.84776],"to":[5,0.76437,3.84776],"rotation":{"angle":0,"axis":"y","origin":[-2,-0.23563,-1.15224]},"faces":{"north":{"uv":[0,0,1,0],"texture":"#missing"},"east":{"uv":[0,0,1,0],"texture":"#missing"},"south":{"uv":[0,0,1,0],"texture":"#missing"},"west":{"uv":[0,0,1,0],"texture":"#missing"},"up":{"uv":[3,4,4,5],"texture":"#0"},"down":{"uv":[3,4,4,5],"texture":"#0"}}},{"from":[9,0,6.30788],"to":[10,0,7.30788],"rotation":{"angle":0,"axis":"y","origin":[-3,0.21356,2.30788]},"faces":{"north":{"uv":[0,0,1,0],"texture":"#missing"},"east":{"uv":[0,0,1,0],"texture":"#missing"},"south":{"uv":[0,0,1,0],"texture":"#missing"},"west":{"uv":[0,0,1,0],"texture":"#missing"},"up":{"uv":[7,6,8,7],"texture":"#0"},"down":{"uv":[7,6,8,7],"texture":"#0"}}},{"from":[11,0,6.30788],"to":[12,0,7.30788],"rotation":{"angle":0,"axis":"y","origin":[-3,0.21356,2.30788]},"faces":{"north":{"uv":[0,0,1,0],"texture":"#missing"},"east":{"uv":[0,0,1,0],"texture":"#missing"},"south":{"uv":[0,0,1,0],"texture":"#missing"},"west":{"uv":[0,0,1,0],"texture":"#missing"},"up":{"uv":[7,6,8,7],"texture":"#0"},"down":{"uv":[7,6,8,7],"texture":"#0"}}}],"display":{"thirdperson_righthand":{"scale":[0.5,0.5,0.5]},"thirdperson_lefthand":{"scale":[0.5,0.5,0.5]},"ground":{"translation":[0,1,0],"scale":[0.5,0.5,0.5]},"gui":{"rotation":[90,0,0],"scale":[0.5,0.5,0.5]},"fixed":{"rotation":[90,0,-180],"translation":[0,0,-16],"scale":[2,2,2]}}}