{"credit":"Made with Blockbench","textures":{"0":"block/brown_mushroom","1":"block/red_mushroom","particle":"block/brown_mushroom"},"elements":[{"from":[8,0,2],"to":[8,16,18],"rotation":{"angle":0,"axis":"y","origin":[8,5,9]},"faces":{"north":{"uv":[0,0,0,10],"texture":"#missing"},"east":{"uv":[0,0,16,16],"texture":"#0"},"south":{"uv":[0,0,0,10],"texture":"#missing"},"west":{"uv":[0,0,16,16],"texture":"#0"},"up":{"uv":[0,0,10,0],"rotation":90,"texture":"#missing"},"down":{"uv":[0,0,10,0],"rotation":270,"texture":"#missing"}}},{"from":[2,0,6],"to":[2,16,22],"rotation":{"angle":22.5,"axis":"y","origin":[2,8,14]},"faces":{"north":{"uv":[0,0,0,10],"texture":"#1"},"east":{"uv":[0,0,16,16],"texture":"#1"},"south":{"uv":[0,0,0,10],"texture":"#1"},"west":{"uv":[0,0,16,16],"texture":"#1"},"up":{"uv":[0,0,10,0],"rotation":90,"texture":"#1"},"down":{"uv":[0,0,10,0],"rotation":270,"texture":"#1"}}},{"from":[4,0,5],"to":[20,16,5],"rotation":{"angle":0,"axis":"y","origin":[13,8,12]},"faces":{"north":{"uv":[0,0,16,16],"texture":"#1"},"east":{"uv":[0,0,0,10],"texture":"#1"},"south":{"uv":[0,0,16,16],"texture":"#1"},"west":{"uv":[0,0,0,10],"texture":"#1"},"up":{"uv":[0,0,10,0],"rotation":180,"texture":"#1"},"down":{"uv":[0,0,10,0],"rotation":180,"texture":"#1"}}},{"from":[0,0,10],"to":[16,16,10],"rotation":{"angle":0,"axis":"y","origin":[3,0,8]},"faces":{"north":{"uv":[0,0,16,16],"texture":"#0"},"east":{"uv":[0,0,0,10],"texture":"#missing"},"south":{"uv":[0,0,16,16],"texture":"#0"},"west":{"uv":[0,0,0,10],"texture":"#missing"},"up":{"uv":[0,0,10,0],"texture":"#missing"},"down":{"uv":[0,0,10,0],"texture":"#missing"}}},{"from":[-6,0,14],"to":[10,16,14],"rotation":{"angle":22.5,"axis":"y","origin":[2,8,14]},"faces":{"north":{"uv":[0,0,16,16],"texture":"#1"},"east":{"uv":[0,0,0,10],"texture":"#1"},"south":{"uv":[0,0,16,16],"texture":"#1"},"west":{"uv":[0,0,0,10],"texture":"#1"},"up":{"uv":[0,0,10,0],"texture":"#1"},"down":{"uv":[0,0,10,0],"texture":"#1"}}},{"from":[12,0,-3],"to":[12,16,13],"rotation":{"angle":0,"axis":"y","origin":[13,8,12]},"faces":{"north":{"uv":[0,0,0,10],"texture":"#1"},"east":{"uv":[0,0,16,16],"texture":"#1"},"south":{"uv":[0,0,0,10],"texture":"#1"},"west":{"uv":[16,0,0,16],"texture":"#1"},"up":{"uv":[0,0,10,0],"rotation":90,"texture":"#1"},"down":{"uv":[0,0,10,0],"rotation":270,"texture":"#1"}}},{"from":[3,0,-7],"to":[3,16,9],"rotation":{"angle":-45,"axis":"y","origin":[3,8,1]},"faces":{"north":{"uv":[0,0,0,10],"texture":"#missing"},"east":{"uv":[0,0,16,16],"texture":"#0"},"south":{"uv":[0,0,0,10],"texture":"#missing"},"west":{"uv":[16,0,0,16],"texture":"#0"},"up":{"uv":[0,0,10,0],"rotation":90,"texture":"#missing"},"down":{"uv":[0,0,10,0],"rotation":270,"texture":"#missing"}}},{"from":[-5,0,1],"to":[11,16,1],"rotation":{"angle":-45,"axis":"y","origin":[3,8,1]},"faces":{"north":{"uv":[0,0,16,16],"texture":"#0"},"east":{"uv":[0,0,0,10],"texture":"#missing"},"south":{"uv":[16,0,0,16],"texture":"#0"},"west":{"uv":[0,0,0,10],"texture":"#missing"},"up":{"uv":[0,0,10,0],"texture":"#missing"},"down":{"uv":[0,0,10,0],"texture":"#missing"}}}],"display":{"thirdperson_righthand":{"translation":[0,4,-2.5],"scale":[0.3,0.3,0.3]},"thirdperson_lefthand":{"translation":[0,4,-2.5],"scale":[0.3,0.3,0.3]},"firstperson_righthand":{"translation":[0,4,6.5],"scale":[0.3,0.3,0.3]},"firstperson_lefthand":{"translation":[0,4,6.5],"scale":[0.3,0.3,0.3]},"ground":{"translation":[0,2,0],"scale":[0.5,0.5,0.5]},"gui":{"rotation":[-23,24,0],"translation":[1.5,1.5,0],"scale":[0.7,0.7,0.7]},"fixed":{"rotation":[-90,90,0],"translation":[0,0,-15],"scale":[2,2,2]}}}