{"credit":"Made with Blockbench","textures":{"0":"block/brown_mushroom","particle":"block/brown_mushroom"},"elements":[{"from":[0,0,8],"to":[16,16,8],"rotation":{"angle":0,"axis":"y","origin":[3,0,8]},"faces":{"north":{"uv":[0,0,16,16],"texture":"#0"},"east":{"uv":[0,0,0,10],"texture":"#missing"},"south":{"uv":[0,0,16,16],"texture":"#0"},"west":{"uv":[0,0,0,10],"texture":"#missing"},"up":{"uv":[0,0,10,0],"texture":"#missing"},"down":{"uv":[0,0,10,0],"texture":"#missing"}}},{"from":[8,0,0],"to":[8,16,16],"rotation":{"angle":0,"axis":"y","origin":[8,5,9]},"faces":{"north":{"uv":[0,0,0,10],"texture":"#missing"},"east":{"uv":[0,0,16,16],"texture":"#0"},"south":{"uv":[0,0,0,10],"texture":"#missing"},"west":{"uv":[0,0,16,16],"texture":"#0"},"up":{"uv":[0,0,10,0],"rotation":90,"texture":"#missing"},"down":{"uv":[0,0,10,0],"rotation":270,"texture":"#missing"}}}],"display":{"thirdperson_righthand":{"translation":[0,4,-2.5],"scale":[0.5,0.5,0.5]},"thirdperson_lefthand":{"translation":[0,4,-2.5],"scale":[0.5,0.5,0.5]},"firstperson_righthand":{"translation":[0,4,1.25],"scale":[0.5,0.5,0.5]},"firstperson_lefthand":{"translation":[0,4,3],"scale":[0.5,0.5,0.5]},"ground":{"translation":[0,1,0],"scale":[0.5,0.5,0.5]},"gui":{"rotation":[-10,28,0],"translation":[-0.25,3.5,0]},"fixed":{"rotation":[-90,0,0],"translation":[0,0,-15],"scale":[2,2,2]}}}