{"credit":"Made with Blockbench","textures":{"0":"block/dark_oak_planks","1":"block/rope","particle":"block/dark_oak_planks"},"elements":[{"from":[11,-9,2.5],"to":[21,-8,14.5],"rotation":{"angle":0,"axis":"y","origin":[-6,-15,3]},"faces":{"north":{"uv":[0,0,10,1],"texture":"#0"},"east":{"uv":[0,0,12,1],"texture":"#0"},"south":{"uv":[0,0,10,1],"texture":"#0"},"west":{"uv":[0,0,12,1],"texture":"#0"},"up":{"uv":[0,0,10,12],"texture":"#0"},"down":{"uv":[0,0,10,12],"texture":"#0"}}},{"from":[18,-9.61,13.5667],"to":[21,1.39,14.5667],"rotation":{"angle":22.5,"axis":"x","origin":[16,-9.11,16.0667]},"faces":{"north":{"uv":[0,4,11,7],"rotation":90,"texture":"#0"},"east":{"uv":[0,0,11,1],"rotation":270,"texture":"#0"},"south":{"uv":[0,8,11,11],"rotation":90,"texture":"#0"},"west":{"uv":[0,0,11,1],"rotation":90,"texture":"#0"},"up":{"uv":[0,0,3,1],"rotation":180,"texture":"#0"},"down":{"uv":[0,0,3,1],"texture":"#0"}}},{"from":[14,-9.61,13.5667],"to":[17,-0.61,14.5667],"rotation":{"angle":22.5,"axis":"x","origin":[16,-9.11,16.0667]},"faces":{"north":{"uv":[0,0,9,3],"rotation":90,"texture":"#0"},"east":{"uv":[0,0,9,1],"rotation":270,"texture":"#0"},"south":{"uv":[4,4,13,7],"rotation":90,"texture":"#0"},"west":{"uv":[0,0,9,1],"rotation":90,"texture":"#0"},"up":{"uv":[0,0,3,1],"rotation":180,"texture":"#0"},"down":{"uv":[0,0,3,1],"texture":"#0"}}},{"from":[3,-9.61,13.5667],"to":[6,-0.61,14.5667],"rotation":{"angle":22.5,"axis":"x","origin":[16,-9.11,16.0667]},"faces":{"north":{"uv":[0,4,9,7],"rotation":90,"texture":"#0"},"east":{"uv":[0,0,9,1],"rotation":270,"texture":"#0"},"south":{"uv":[0,8,9,11],"rotation":90,"texture":"#0"},"west":{"uv":[0,0,9,1],"rotation":90,"texture":"#0"},"up":{"uv":[0,0,3,1],"rotation":180,"texture":"#0"},"down":{"uv":[0,0,3,1],"texture":"#0"}}},{"from":[-1,-9.61,13.5667],"to":[2,-0.61,14.5667],"rotation":{"angle":22.5,"axis":"x","origin":[16,-9.11,16.0667]},"faces":{"north":{"uv":[7,8,16,11],"rotation":90,"texture":"#0"},"east":{"uv":[0,0,9,1],"rotation":270,"texture":"#0"},"south":{"uv":[0,12,9,15],"rotation":90,"texture":"#0"},"west":{"uv":[0,0,9,1],"rotation":90,"texture":"#0"},"up":{"uv":[0,0,3,1],"rotation":180,"texture":"#0"},"down":{"uv":[0,0,3,1],"texture":"#0"}}},{"from":[-5,-9,2.5],"to":[11,-8,14.5],"rotation":{"angle":0,"axis":"y","origin":[-6,-15,3]},"faces":{"north":{"uv":[0,0,16,1],"texture":"#0"},"east":{"uv":[0,0,12,1],"texture":"#0"},"south":{"uv":[0,0,16,1],"texture":"#0"},"west":{"uv":[0,0,12,1],"texture":"#0"},"up":{"uv":[0,0,16,12],"texture":"#0"},"down":{"uv":[0,0,16,12],"texture":"#0"}}},{"from":[-4.99,-5,2.5],"to":[-2.01,-4,15.5],"rotation":{"angle":0,"axis":"y","origin":[-8,-7,7]},"faces":{"north":{"uv":[0,0,2.98,1],"texture":"#0"},"east":{"uv":[0,0,13,1],"texture":"#0"},"south":{"uv":[0,0,2.98,1],"texture":"#0"},"west":{"uv":[0,0,13,1],"texture":"#0"},"up":{"uv":[3,8,16,10.98],"rotation":90,"texture":"#0"},"down":{"uv":[0,8,13,10.98],"rotation":90,"texture":"#0"}}},{"from":[18.01,-5,2.5],"to":[20.99,-4,15.5],"rotation":{"angle":0,"axis":"y","origin":[-8,-7,7]},"faces":{"north":{"uv":[0,0,2.98,1],"texture":"#0"},"east":{"uv":[0,0,13,1],"texture":"#0"},"south":{"uv":[0,0,2.98,1],"texture":"#0"},"west":{"uv":[0,0,13,1],"texture":"#0"},"up":{"uv":[0,0,13,2.98],"rotation":90,"texture":"#0"},"down":{"uv":[0,0,13,2.98],"rotation":90,"texture":"#0"}}},{"from":[19,-8,5.5],"to":[20,-5,7.5],"rotation":{"angle":0,"axis":"y","origin":[-10,-13,5]},"faces":{"north":{"uv":[0,0,1,3],"texture":"#0"},"east":{"uv":[0,0,2,3],"texture":"#0"},"south":{"uv":[0,0,1,3],"texture":"#0"},"west":{"uv":[0,0,2,3],"texture":"#0"},"up":{"uv":[0,0,1,2],"texture":"#0"},"down":{"uv":[0,0,1,2],"texture":"#0"}}},{"from":[-4,-8,5.5],"to":[-3,-5,7.5],"rotation":{"angle":0,"axis":"y","origin":[-10,-13,5]},"faces":{"north":{"uv":[0,0,1,3],"texture":"#0"},"east":{"uv":[0,0,2,3],"texture":"#0"},"south":{"uv":[0,0,1,3],"texture":"#0"},"west":{"uv":[0,0,2,3],"texture":"#0"},"up":{"uv":[0,0,1,2],"texture":"#0"},"down":{"uv":[0,0,1,2],"texture":"#0"}}},{"from":[11,-0.61,13.5667],"to":[18,1.39,14.5667],"rotation":{"angle":22.5,"axis":"x","origin":[16,-9.11,16.0667]},"faces":{"north":{"uv":[4,4,11,6],"rotation":180,"texture":"#0"},"east":{"uv":[0,0,2,1],"rotation":270,"texture":"#0"},"south":{"uv":[4,4,11,6],"rotation":180,"texture":"#0"},"west":{"uv":[0,0,2,1],"rotation":90,"texture":"#0"},"up":{"uv":[0,0,7,1],"rotation":180,"texture":"#0"},"down":{"uv":[0,0,7,1],"texture":"#0"}}},{"from":[7,-9.61,13.5667],"to":[9,-0.61,14.5667],"rotation":{"angle":22.5,"axis":"x","origin":[16,-9.11,16.0667]},"faces":{"north":{"uv":[2,1,11,3],"rotation":90,"texture":"#0"},"east":{"uv":[0,0,9,1],"rotation":270,"texture":"#0"},"south":{"uv":[2,1,11,3],"rotation":90,"texture":"#0"},"west":{"uv":[0,0,9,1],"rotation":90,"texture":"#0"},"up":{"uv":[0,0,2,1],"rotation":180,"texture":"#0"},"down":{"uv":[0,0,2,1],"texture":"#0"}}},{"from":[10,-9.61,13.5667],"to":[13,-0.61,14.5667],"rotation":{"angle":22.5,"axis":"x","origin":[16,-9.11,16.0667]},"faces":{"north":{"uv":[0,12,9,15],"rotation":90,"texture":"#0"},"east":{"uv":[0,0,9,1],"rotation":270,"texture":"#0"},"south":{"uv":[7,8,16,11],"rotation":90,"texture":"#0"},"west":{"uv":[0,0,9,1],"rotation":90,"texture":"#0"},"up":{"uv":[0,0,3,1],"rotation":180,"texture":"#0"},"down":{"uv":[0,0,3,1],"texture":"#0"}}},{"from":[-2,-0.61,13.5667],"to":[11,1.39,14.5667],"rotation":{"angle":22.5,"axis":"x","origin":[3,-9.11,16.0667]},"faces":{"north":{"uv":[3,12,16,14],"rotation":180,"texture":"#0"},"east":{"uv":[0,0,2,1],"rotation":270,"texture":"#0"},"south":{"uv":[0,0,13,2],"texture":"#0"},"west":{"uv":[0,0,2,1],"rotation":90,"texture":"#0"},"up":{"uv":[0,0,13,1],"rotation":180,"texture":"#0"},"down":{"uv":[0,0,13,1],"texture":"#0"}}},{"from":[-5,-9.61,13.5667],"to":[-2,1.39,14.5667],"rotation":{"angle":22.5,"axis":"x","origin":[3,-9.11,16.0667]},"faces":{"north":{"uv":[0,12,11,15],"rotation":90,"texture":"#0"},"east":{"uv":[0,0,11,1],"rotation":270,"texture":"#0"},"south":{"uv":[5,12,16,15],"rotation":90,"texture":"#0"},"west":{"uv":[0,0,11,1],"rotation":90,"texture":"#0"},"up":{"uv":[0,0,3,1],"rotation":180,"texture":"#0"},"down":{"uv":[0,0,3,1],"texture":"#0"}}},{"from":[-3.99,-4,4.75],"to":[-3.24,4,5.5],"rotation":{"angle":22.5,"axis":"x","origin":[-3.615,0,3.875]},"faces":{"north":{"uv":[0,0,3,16],"texture":"#1"},"east":{"uv":[0,0,3,16],"texture":"#1"},"south":{"uv":[0,0,3,16],"texture":"#1"},"west":{"uv":[0,0,3,16],"texture":"#1"},"up":{"uv":[0,0,3,16],"texture":"#1"},"down":{"uv":[0,0,3,16],"texture":"#1"}}},{"from":[19.01,-4,4.75],"to":[19.76,4,5.5],"rotation":{"angle":22.5,"axis":"x","origin":[-3.615,0,3.875]},"faces":{"north":{"uv":[0,0,3,16],"texture":"#1"},"east":{"uv":[0,0,3,16],"texture":"#1"},"south":{"uv":[0,0,3,16],"texture":"#1"},"west":{"uv":[0,0,3,16],"texture":"#1"},"up":{"uv":[0,0,3,16],"texture":"#1"},"down":{"uv":[0,0,3,16],"texture":"#1"}}},{"from":[-3.99,4,4.75],"to":[-3.24,12,5.5],"rotation":{"angle":22.5,"axis":"x","origin":[-3.615,0,3.875]},"faces":{"north":{"uv":[0,0,3,16],"texture":"#1"},"east":{"uv":[0,0,3,16],"texture":"#1"},"south":{"uv":[0,0,3,16],"texture":"#1"},"west":{"uv":[0,0,3,16],"texture":"#1"},"up":{"uv":[0,0,3,16],"texture":"#1"},"down":{"uv":[0,0,3,16],"texture":"#1"}}},{"from":[19.01,4,4.75],"to":[19.76,12,5.5],"rotation":{"angle":22.5,"axis":"x","origin":[-3.615,0,3.875]},"faces":{"north":{"uv":[0,0,3,16],"texture":"#1"},"east":{"uv":[0,0,3,16],"texture":"#1"},"south":{"uv":[0,0,3,16],"texture":"#1"},"west":{"uv":[0,0,3,16],"texture":"#1"},"up":{"uv":[0,0,3,16],"texture":"#1"},"down":{"uv":[0,0,3,16],"texture":"#1"}}},{"from":[19.01,15.91268,11.46632],"to":[19.76,23.91268,12.21632],"rotation":{"angle":0,"axis":"x","origin":[19.385,6.91268,8.09132]},"faces":{"north":{"uv":[0,0,3,16],"texture":"#1"},"east":{"uv":[0,0,3,16],"texture":"#1"},"south":{"uv":[0,0,3,16],"texture":"#1"},"west":{"uv":[0,0,3,16],"texture":"#1"},"up":{"uv":[0,0,3,16],"texture":"#1"},"down":{"uv":[0,0,3,16],"texture":"#1"}}},{"from":[19.01,23.91268,11.46632],"to":[19.76,31.91268,12.21632],"rotation":{"angle":0,"axis":"x","origin":[19.385,6.91268,8.09132]},"faces":{"north":{"uv":[0,0,3,16],"texture":"#1"},"east":{"uv":[0,0,3,16],"texture":"#1"},"south":{"uv":[0,0,3,16],"texture":"#1"},"west":{"uv":[0,0,3,16],"texture":"#1"},"up":{"uv":[0,0,3,16],"texture":"#1"},"down":{"uv":[0,0,3,16],"texture":"#1"}}},{"from":[-3.99,15.91268,11.46632],"to":[-3.24,23.91268,12.21632],"rotation":{"angle":0,"axis":"x","origin":[19.385,6.91268,8.09132]},"faces":{"north":{"uv":[0,0,3,16],"texture":"#1"},"east":{"uv":[0,0,3,16],"texture":"#1"},"south":{"uv":[0,0,3,16],"texture":"#1"},"west":{"uv":[0,0,3,16],"texture":"#1"},"up":{"uv":[0,0,3,16],"texture":"#1"},"down":{"uv":[0,0,3,16],"texture":"#1"}}},{"from":[-3.99,23.91268,11.46632],"to":[-3.24,31.91268,12.21632],"rotation":{"angle":0,"axis":"x","origin":[19.385,6.91268,8.09132]},"faces":{"north":{"uv":[0,0,3,16],"texture":"#1"},"east":{"uv":[0,0,3,16],"texture":"#1"},"south":{"uv":[0,0,3,16],"texture":"#1"},"west":{"uv":[0,0,3,16],"texture":"#1"},"up":{"uv":[0,0,3,16],"texture":"#1"},"down":{"uv":[0,0,3,16],"texture":"#1"}}},{"from":[-3.99,-2.08732,14.71632],"to":[-3.24,5.91268,15.46632],"rotation":{"angle":-22.5,"axis":"x","origin":[-3.615,6.91268,8.09132]},"faces":{"north":{"uv":[0,0,3,16],"texture":"#1"},"east":{"uv":[0,0,3,16],"texture":"#1"},"south":{"uv":[0,0,3,16],"texture":"#1"},"west":{"uv":[0,0,3,16],"texture":"#1"},"up":{"uv":[0,0,3,16],"texture":"#1"},"down":{"uv":[0,0,3,16],"texture":"#1"}}},{"from":[19.01,-2.08732,14.71632],"to":[19.76,5.91268,15.46632],"rotation":{"angle":-22.5,"axis":"x","origin":[-3.615,6.91268,8.09132]},"faces":{"north":{"uv":[0,0,3,16],"texture":"#1"},"east":{"uv":[0,0,3,16],"texture":"#1"},"south":{"uv":[0,0,3,16],"texture":"#1"},"west":{"uv":[0,0,3,16],"texture":"#1"},"up":{"uv":[0,0,3,16],"texture":"#1"},"down":{"uv":[0,0,3,16],"texture":"#1"}}},{"from":[-3.99,5.91268,14.71632],"to":[-3.24,13.91268,15.46632],"rotation":{"angle":-22.5,"axis":"x","origin":[-4.365,6.91268,8.09132]},"faces":{"north":{"uv":[0,0,3,16],"texture":"#1"},"east":{"uv":[0,0,3,16],"texture":"#1"},"south":{"uv":[0,0,3,16],"texture":"#1"},"west":{"uv":[0,0,3,16],"texture":"#1"},"up":{"uv":[0,0,3,16],"texture":"#1"},"down":{"uv":[0,0,3,16],"texture":"#1"}}},{"from":[19.01,5.91268,14.71632],"to":[19.76,13.91268,15.46632],"rotation":{"angle":-22.5,"axis":"x","origin":[-4.365,6.91268,8.09132]},"faces":{"north":{"uv":[0,0,3,16],"texture":"#1"},"east":{"uv":[0,0,3,16],"texture":"#1"},"south":{"uv":[0,0,3,16],"texture":"#1"},"west":{"uv":[0,0,3,16],"texture":"#1"},"up":{"uv":[0,0,3,16],"texture":"#1"},"down":{"uv":[0,0,3,16],"texture":"#1"}}},{"from":[19.01,12,4.75],"to":[19.76,18,5.5],"rotation":{"angle":22.5,"axis":"x","origin":[-3.615,0,3.875]},"faces":{"north":{"uv":[0,2,3,12],"texture":"#1"},"east":{"uv":[0,0,3,12],"texture":"#1"},"south":{"uv":[0,2,3,12],"texture":"#1"},"west":{"uv":[0,2,3,12],"texture":"#1"},"up":{"uv":[0,2,3,12],"texture":"#1"},"down":{"uv":[0,2,3,12],"texture":"#1"}}},{"from":[-3.99,12,4.75],"to":[-3.24,18,5.5],"rotation":{"angle":22.5,"axis":"x","origin":[-3.615,0,3.875]},"faces":{"north":{"uv":[0,2,3,12],"texture":"#1"},"east":{"uv":[0,0,3,12],"texture":"#1"},"south":{"uv":[0,2,3,12],"texture":"#1"},"west":{"uv":[0,2,3,12],"texture":"#1"},"up":{"uv":[0,2,3,12],"texture":"#1"},"down":{"uv":[0,2,3,12],"texture":"#1"}}},{"from":[-4.24,30.8711,10.43901],"to":[-3.14,31.8711,13.43901],"rotation":{"angle":0,"axis":"y","origin":[0.02,53.74221,30.37803]},"faces":{"north":{"uv":[7,13,9,14],"texture":"#1"},"east":{"uv":[7,13,9,14],"texture":"#1"},"south":{"uv":[7,13,9,14],"texture":"#1"},"west":{"uv":[7,13,9,14],"texture":"#1"},"up":{"uv":[7,13,9,14],"texture":"#1"},"down":{"uv":[7,13,9,14],"texture":"#1"}}},{"from":[18.76,30.8711,10.43901],"to":[19.86,31.8711,13.43901],"rotation":{"angle":0,"axis":"y","origin":[0.02,53.74221,30.37803]},"faces":{"north":{"uv":[7,13,9,14],"texture":"#1"},"east":{"uv":[7,13,9,14],"texture":"#1"},"south":{"uv":[7,13,9,14],"texture":"#1"},"west":{"uv":[7,13,9,14],"texture":"#1"},"up":{"uv":[7,13,9,14],"texture":"#1"},"down":{"uv":[7,13,9,14],"texture":"#1"}}},{"from":[-3.99,-6,3],"to":[-2.99,-5,4],"rotation":{"angle":0,"axis":"y","origin":[-4.99,1,-2.5]},"faces":{"north":{"uv":[0,0,1,1],"texture":"#1"},"east":{"uv":[0,0,1,1],"texture":"#1"},"south":{"uv":[0,0,1,1],"texture":"#1"},"west":{"uv":[0,0,1,1],"texture":"#1"},"up":{"uv":[0,0,1,1],"texture":"#1"},"down":{"uv":[0,0,1,1],"texture":"#1"}}},{"from":[-3.99,0,18],"to":[-2.99,1,19],"rotation":{"angle":-22.5,"axis":"x","origin":[-3.49,0.5,18.5]},"faces":{"north":{"uv":[0,0,1,1],"texture":"#1"},"east":{"uv":[0,0,1,1],"texture":"#1"},"south":{"uv":[0,0,1,1],"texture":"#1"},"west":{"uv":[0,0,1,1],"texture":"#1"},"up":{"uv":[0,0,1,1],"texture":"#1"},"down":{"uv":[0,0,1,1],"texture":"#1"}}},{"from":[19.01,0,18],"to":[20.01,1,19],"rotation":{"angle":-22.5,"axis":"x","origin":[-3.49,0.5,18.5]},"faces":{"north":{"uv":[0,0,1,1],"texture":"#1"},"east":{"uv":[0,0,1,1],"texture":"#1"},"south":{"uv":[0,0,1,1],"texture":"#1"},"west":{"uv":[0,0,1,1],"texture":"#1"},"up":{"uv":[0,0,1,1],"texture":"#1"},"down":{"uv":[0,0,1,1],"texture":"#1"}}},{"from":[-3.99,0,18],"to":[-2.99,1,19],"rotation":{"angle":-22.5,"axis":"x","origin":[-3.49,0.5,18.5]},"faces":{"north":{"uv":[0,0,1,1],"texture":"#1"},"east":{"uv":[0,0,1,1],"texture":"#1"},"south":{"uv":[0,0,1,1],"texture":"#1"},"west":{"uv":[0,0,1,1],"texture":"#1"},"up":{"uv":[0,0,1,1],"texture":"#1"},"down":{"uv":[0,0,1,1],"texture":"#1"}}},{"from":[19.01,-6,3],"to":[20.01,-5,4],"rotation":{"angle":0,"axis":"y","origin":[-4.99,1,-2.5]},"faces":{"north":{"uv":[0,0,1,1],"texture":"#1"},"east":{"uv":[0,0,1,1],"texture":"#1"},"south":{"uv":[0,0,1,1],"texture":"#1"},"west":{"uv":[0,0,1,1],"texture":"#1"},"up":{"uv":[0,0,1,1],"texture":"#1"},"down":{"uv":[0,0,1,1],"texture":"#1"}}}],"display":{"thirdperson_righthand":{"scale":[0.2,0.2,0.2]},"thirdperson_lefthand":{"scale":[0.2,0.2,0.2]},"firstperson_righthand":{"scale":[0.2,0.2,0.2]},"firstperson_lefthand":{"scale":[0.2,0.2,0.2]},"ground":{"scale":[0.5,0.5,0.5]},"gui":{"rotation":[16,-151,0],"translation":[1,-0.25,0],"scale":[0.3,0.3,0.3]},"fixed":{"rotation":[-90,0,0],"translation":[0,0,-47],"scale":[2,2,2]}},"groups":[{"name":"bench","origin":[8,8,8],"children":[0,1,2,3,4,5,6,7,8,9,10,11,12,13,14]},{"name":"ropes","origin":[8,8,8],"children":[15,16,17,18,19,20,21,22,23,24,25,26,27,28,29,30]},31,32,33,34,35]}