{"credit":"Made with Blockbench","textures":{"0":"block/oak_planks","1":"block/rope","particle":"block/oak_planks"},"elements":[{"from":[7.6,-8,13.6],"to":[8.4,-6.25,14.4],"rotation":{"angle":0,"axis":"y","origin":[0,0,-0.5]},"faces":{"north":{"uv":[2,5,3,6],"texture":"#1"},"east":{"uv":[2,5,3,6],"texture":"#1"},"south":{"uv":[2,5,3,6],"texture":"#1"},"west":{"uv":[2,5,3,6],"texture":"#1"},"up":{"uv":[2,5,3,6],"texture":"#1"},"down":{"uv":[2,5,3,6],"texture":"#1"}}},{"from":[7.6,-8,1.6],"to":[8.4,-6.25,2.4],"rotation":{"angle":0,"axis":"y","origin":[0,0,-0.5]},"faces":{"north":{"uv":[2,5,3,6],"texture":"#1"},"east":{"uv":[2,5,3,6],"texture":"#1"},"south":{"uv":[2,5,3,6],"texture":"#1"},"west":{"uv":[2,5,3,6],"texture":"#1"},"up":{"uv":[2,5,3,6],"texture":"#1"},"down":{"uv":[2,5,3,6],"texture":"#1"}}},{"from":[7.6,28,13.6],"to":[8.4,30.75,14.4],"rotation":{"angle":0,"axis":"y","origin":[0,0,-0.5]},"faces":{"north":{"uv":[2,5,3,6],"texture":"#1"},"east":{"uv":[2,5,3,6],"texture":"#1"},"south":{"uv":[2,5,3,6],"texture":"#1"},"west":{"uv":[2,5,3,6],"texture":"#1"},"up":{"uv":[2,5,3,6],"texture":"#1"},"down":{"uv":[2,5,3,6],"texture":"#1"}}},{"from":[7.6,28,1.6],"to":[8.4,30.75,2.4],"rotation":{"angle":0,"axis":"y","origin":[0,0,-0.5]},"faces":{"north":{"uv":[2,5,3,6],"texture":"#1"},"east":{"uv":[2,5,3,6],"texture":"#1"},"south":{"uv":[2,5,3,6],"texture":"#1"},"west":{"uv":[2,5,3,6],"texture":"#1"},"up":{"uv":[2,5,3,6],"texture":"#1"},"down":{"uv":[2,5,3,6],"texture":"#1"}}},{"from":[7.75,14,13.75],"to":[8.25,22,14.25],"rotation":{"angle":0,"axis":"y","origin":[0,0,-0.5]},"faces":{"north":{"uv":[0,0,4,16],"texture":"#1"},"east":{"uv":[0,0,4,16],"texture":"#1"},"south":{"uv":[0,0,4,16],"texture":"#1"},"west":{"uv":[0,0,4,16],"texture":"#1"},"up":{"uv":[0,6,12,6.5],"rotation":90,"texture":"#missing"},"down":{"uv":[0,6,12,6.5],"rotation":90,"texture":"#missing"}}},{"from":[7.75,22,13.75],"to":[8.25,30,14.25],"rotation":{"angle":0,"axis":"y","origin":[0,0,-0.5]},"faces":{"north":{"uv":[0,0,4,16],"texture":"#1"},"east":{"uv":[0,0,4,16],"texture":"#1"},"south":{"uv":[0,0,4,16],"texture":"#1"},"west":{"uv":[0,0,4,16],"texture":"#1"},"up":{"uv":[0,6,12,6.5],"rotation":90,"texture":"#missing"},"down":{"uv":[0,6,12,6.5],"rotation":90,"texture":"#missing"}}},{"from":[7.75,22,1.75],"to":[8.25,30,2.25],"rotation":{"angle":0,"axis":"y","origin":[0,0,-0.5]},"faces":{"north":{"uv":[0,0,4,16],"texture":"#1"},"east":{"uv":[0,0,4,16],"texture":"#1"},"south":{"uv":[0,0,4,16],"texture":"#1"},"west":{"uv":[0,0,4,16],"texture":"#1"},"up":{"uv":[0,6,12,6.5],"rotation":90,"texture":"#missing"},"down":{"uv":[0,6,12,6.5],"rotation":90,"texture":"#missing"}}},{"from":[7.75,14,1.75],"to":[8.25,22,2.25],"rotation":{"angle":0,"axis":"y","origin":[0,0,-0.5]},"faces":{"north":{"uv":[0,0,4,16],"texture":"#1"},"east":{"uv":[0,0,4,16],"texture":"#1"},"south":{"uv":[0,0,4,16],"texture":"#1"},"west":{"uv":[0,0,4,16],"texture":"#1"},"up":{"uv":[0,6,12,6.5],"rotation":90,"texture":"#missing"},"down":{"uv":[0,6,12,6.5],"rotation":90,"texture":"#missing"}}},{"from":[7.75,6,13.75],"to":[8.25,14,14.25],"rotation":{"angle":0,"axis":"y","origin":[0,0,-0.5]},"faces":{"north":{"uv":[0,0,4,16],"texture":"#1"},"east":{"uv":[0,0,4,16],"texture":"#1"},"south":{"uv":[0,0,4,16],"texture":"#1"},"west":{"uv":[0,0,4,16],"texture":"#1"},"up":{"uv":[0,6,12,6.5],"rotation":90,"texture":"#missing"},"down":{"uv":[0,6,12,6.5],"rotation":90,"texture":"#missing"}}},{"from":[7.75,6,1.75],"to":[8.25,14,2.25],"rotation":{"angle":0,"axis":"y","origin":[0,0,-0.5]},"faces":{"north":{"uv":[0,0,4,16],"texture":"#1"},"east":{"uv":[0,0,4,16],"texture":"#1"},"south":{"uv":[0,0,4,16],"texture":"#1"},"west":{"uv":[0,0,4,16],"texture":"#1"},"up":{"uv":[0,6,12,6.5],"rotation":90,"texture":"#missing"},"down":{"uv":[0,6,12,6.5],"rotation":90,"texture":"#missing"}}},{"from":[7.75,-2,13.75],"to":[8.25,6,14.25],"rotation":{"angle":0,"axis":"y","origin":[0,0,-0.5]},"faces":{"north":{"uv":[0,0,4,16],"texture":"#1"},"east":{"uv":[0,0,4,16],"texture":"#1"},"south":{"uv":[0,0,4,16],"texture":"#1"},"west":{"uv":[0,0,4,16],"texture":"#1"},"up":{"uv":[0,6,12,6.5],"rotation":90,"texture":"#missing"},"down":{"uv":[0,6,12,6.5],"rotation":90,"texture":"#missing"}}},{"from":[7.75,-2,1.75],"to":[8.25,6,2.25],"rotation":{"angle":0,"axis":"y","origin":[0,0,-0.5]},"faces":{"north":{"uv":[0,0,4,16],"texture":"#1"},"east":{"uv":[0,0,4,16],"texture":"#1"},"south":{"uv":[0,0,4,16],"texture":"#1"},"west":{"uv":[0,0,4,16],"texture":"#1"},"up":{"uv":[0,6,12,6.5],"rotation":90,"texture":"#missing"},"down":{"uv":[0,6,12,6.5],"rotation":90,"texture":"#missing"}}},{"from":[7.75,-6,13.75],"to":[8.25,-2,14.25],"rotation":{"angle":0,"axis":"y","origin":[0,0,-0.5]},"faces":{"north":{"uv":[0,0,4,8],"texture":"#1"},"east":{"uv":[0,0,4,8],"texture":"#1"},"south":{"uv":[0,0,4,8],"texture":"#1"},"west":{"uv":[0,0,4,8],"texture":"#1"},"up":{"uv":[0,6,12,6.5],"rotation":90,"texture":"#missing"},"down":{"uv":[0,6,12,6.5],"rotation":90,"texture":"#missing"}}},{"from":[7.75,-6,1.75],"to":[8.25,-2,2.25],"rotation":{"angle":0,"axis":"y","origin":[0,0,-0.5]},"faces":{"north":{"uv":[0,0,4,8],"texture":"#1"},"east":{"uv":[0,0,4,8],"texture":"#1"},"south":{"uv":[0,0,4,8],"texture":"#1"},"west":{"uv":[0,0,4,8],"texture":"#1"},"up":{"uv":[0,6,12,6.5],"rotation":90,"texture":"#missing"},"down":{"uv":[0,6,12,6.5],"rotation":90,"texture":"#missing"}}},{"from":[5,-7,0.5],"to":[11,-6,15.5],"rotation":{"angle":0,"axis":"y","origin":[0,0,-0.5]},"faces":{"north":{"uv":[9,0,15,1],"texture":"#0"},"east":{"uv":[0,13,15,14],"texture":"#0"},"south":{"uv":[8,0,14,1],"texture":"#0"},"west":{"uv":[1,2,16,3],"texture":"#0"},"up":{"uv":[1,6,16,0],"rotation":90,"texture":"#0"},"down":{"uv":[1,6,16,0],"rotation":90,"texture":"#0"}}}],"display":{"thirdperson_righthand":{"rotation":[75,45,0],"translation":[0,2.5,0],"scale":[0.3,0.3,0.3]},"thirdperson_lefthand":{"rotation":[75,45,0],"translation":[0,2.5,0],"scale":[0.3,0.3,0.3]},"firstperson_righthand":{"rotation":[0,45,0],"translation":[2.75,3.25,0],"scale":[0.25,0.25,0.25]},"firstperson_lefthand":{"rotation":[0,45,0],"translation":[2.75,3.25,0],"scale":[0.25,0.25,0.25]},"ground":{"translation":[0,3.5,0],"scale":[0.35,0.35,0.35]},"gui":{"rotation":[30,225,0],"translation":[0.25,0.75,0],"scale":[0.25,0.25,0.25]},"head":{"rotation":[0,90,0],"translation":[0,12.25,0],"scale":[0.25,0.25,0.25]},"fixed":{"rotation":[-90,0,0],"translation":[0,0,-47],"scale":[2,2,2]}},"groups":[{"name":"hamaca","origin":[15,4,12],"children":[{"name":"soga","origin":[0,0,0],"children":[0,1,2,3,4,5,6,7,8,9,10,11,12,13]},14]}]}