{"credit":"Made with Blockbench","parent":"./cit_item","ambientocclusion":false,"textures":{"1":"block/dirt","2":"block/lilac_top","particle":"block/dark_oak_planks","3_0":"block/dark_oak_planks"},"elements":[{"from":[2.02273,4,4],"to":[14.02273,4,12],"rotation":{"angle":0,"axis":"y","origin":[0.02273,0,3]},"faces":{"north":{"uv":[0,0,12,0],"texture":"#missing"},"east":{"uv":[0,0,8,0],"texture":"#missing"},"south":{"uv":[0,0,12,0],"texture":"#missing"},"west":{"uv":[0,0,8,0],"texture":"#missing"},"up":{"uv":[0,0,12,8],"texture":"#1"},"down":{"uv":[0,0,12,8],"texture":"#missing"}}},{"from":[3.02273,1,12],"to":[4.02273,4,12.5],"rotation":{"angle":0,"axis":"y","origin":[0.02273,0,3]},"faces":{"north":{"uv":[0,1,1,2],"texture":"#3_0"},"east":{"uv":[0,1,1,2],"texture":"#3_0"},"south":{"uv":[0,1,1,2],"texture":"#3_0"},"west":{"uv":[0,1,1,2],"texture":"#3_0"},"up":{"uv":[0,1,1,2],"texture":"#3_0"},"down":{"uv":[0,1,1,2],"texture":"#3_0"}}},{"from":[3.02273,1,3.5],"to":[4.02273,4,4],"rotation":{"angle":0,"axis":"y","origin":[0.02273,0,3]},"faces":{"north":{"uv":[0,1,1,2],"texture":"#3_0"},"east":{"uv":[0,1,1,2],"texture":"#3_0"},"south":{"uv":[0,1,1,2],"texture":"#3_0"},"west":{"uv":[0,1,1,2],"texture":"#3_0"},"up":{"uv":[0,1,1,2],"texture":"#3_0"},"down":{"uv":[0,1,1,2],"texture":"#3_0"}}},{"from":[6.02273,1,3.5],"to":[7.02273,4,4],"rotation":{"angle":0,"axis":"y","origin":[0.02273,0,3]},"faces":{"north":{"uv":[0,1,1,2],"texture":"#3_0"},"east":{"uv":[0,1,1,2],"texture":"#3_0"},"south":{"uv":[0,1,1,2],"texture":"#3_0"},"west":{"uv":[0,1,1,2],"texture":"#3_0"},"up":{"uv":[0,1,1,2],"texture":"#3_0"},"down":{"uv":[0,1,1,2],"texture":"#3_0"}}},{"from":[9.02273,1,3.5],"to":[10.02273,4,4],"rotation":{"angle":0,"axis":"y","origin":[0.02273,0,3]},"faces":{"north":{"uv":[0,1,1,2],"texture":"#3_0"},"east":{"uv":[0,1,1,2],"texture":"#3_0"},"south":{"uv":[0,1,1,2],"texture":"#3_0"},"west":{"uv":[0,1,1,2],"texture":"#3_0"},"up":{"uv":[0,1,1,2],"texture":"#3_0"},"down":{"uv":[0,1,1,2],"texture":"#3_0"}}},{"from":[12.02273,1,3.5],"to":[13.02273,4,4],"rotation":{"angle":0,"axis":"y","origin":[0.02273,0,3]},"faces":{"north":{"uv":[0,1,1,2],"texture":"#3_0"},"east":{"uv":[0,1,1,2],"texture":"#3_0"},"south":{"uv":[0,1,1,2],"texture":"#3_0"},"west":{"uv":[0,1,1,2],"texture":"#3_0"},"up":{"uv":[0,1,1,2],"texture":"#3_0"},"down":{"uv":[0,1,1,2],"texture":"#3_0"}}},{"from":[6.02273,1,12],"to":[7.02273,4,12.5],"rotation":{"angle":0,"axis":"y","origin":[0.02273,0,3]},"faces":{"north":{"uv":[0,1,1,2],"texture":"#3_0"},"east":{"uv":[0,1,1,2],"texture":"#3_0"},"south":{"uv":[0,1,1,2],"texture":"#3_0"},"west":{"uv":[0,1,1,2],"texture":"#3_0"},"up":{"uv":[0,1,1,2],"texture":"#3_0"},"down":{"uv":[0,1,1,2],"texture":"#3_0"}}},{"from":[9.02273,1,12],"to":[10.02273,4,12.5],"rotation":{"angle":0,"axis":"y","origin":[0.02273,0,3]},"faces":{"north":{"uv":[0,1,1,2],"texture":"#3_0"},"east":{"uv":[0,1,1,2],"texture":"#3_0"},"south":{"uv":[0,1,1,2],"texture":"#3_0"},"west":{"uv":[0,1,1,2],"texture":"#3_0"},"up":{"uv":[0,1,1,2],"texture":"#3_0"},"down":{"uv":[0,1,1,2],"texture":"#3_0"}}},{"from":[12.02273,1,12],"to":[13.02273,4,12.5],"rotation":{"angle":0,"axis":"y","origin":[0.02273,0,3]},"faces":{"north":{"uv":[0,1,1,2],"texture":"#3_0"},"east":{"uv":[0,1,1,2],"texture":"#3_0"},"south":{"uv":[0,1,1,2],"texture":"#3_0"},"west":{"uv":[0,1,1,2],"texture":"#3_0"},"up":{"uv":[0,1,1,2],"texture":"#3_0"},"down":{"uv":[0,1,1,2],"texture":"#3_0"}}},{"from":[1.52273,1,6],"to":[2.02273,4,7],"rotation":{"angle":0,"axis":"y","origin":[0.02273,0,3]},"faces":{"north":{"uv":[0,1,1,2],"texture":"#3_0"},"east":{"uv":[0,1,1,2],"texture":"#3_0"},"south":{"uv":[0,1,1,2],"texture":"#3_0"},"west":{"uv":[0,1,1,2],"texture":"#3_0"},"up":{"uv":[0,1,1,2],"texture":"#3_0"},"down":{"uv":[0,1,1,2],"texture":"#3_0"}}},{"from":[1.52273,1,9],"to":[2.02273,4,10],"rotation":{"angle":0,"axis":"y","origin":[0.02273,0,3]},"faces":{"north":{"uv":[0,1,1,2],"texture":"#3_0"},"east":{"uv":[0,1,1,2],"texture":"#3_0"},"south":{"uv":[0,1,1,2],"texture":"#3_0"},"west":{"uv":[0,1,1,2],"texture":"#3_0"},"up":{"uv":[0,1,1,2],"texture":"#3_0"},"down":{"uv":[0,1,1,2],"texture":"#3_0"}}},{"from":[14.02273,1,9],"to":[14.52273,4,10],"rotation":{"angle":0,"axis":"y","origin":[0.02273,0,3]},"faces":{"north":{"uv":[0,1,1,2],"texture":"#3_0"},"east":{"uv":[0,1,1,2],"texture":"#3_0"},"south":{"uv":[0,1,1,2],"texture":"#3_0"},"west":{"uv":[0,1,1,2],"texture":"#3_0"},"up":{"uv":[0,1,1,2],"texture":"#3_0"},"down":{"uv":[0,1,1,2],"texture":"#3_0"}}},{"from":[14.02273,1,6],"to":[14.52273,4,7],"rotation":{"angle":0,"axis":"y","origin":[0.02273,0,3]},"faces":{"north":{"uv":[0,1,1,2],"texture":"#3_0"},"east":{"uv":[0,1,1,2],"texture":"#3_0"},"south":{"uv":[0,1,1,2],"texture":"#3_0"},"west":{"uv":[0,1,1,2],"texture":"#3_0"},"up":{"uv":[0,1,1,2],"texture":"#3_0"},"down":{"uv":[0,1,1,2],"texture":"#3_0"}}},{"from":[2.02273,0,4],"to":[14.02273,0,12],"rotation":{"angle":0,"axis":"y","origin":[0.02273,0,3]},"faces":{"north":{"uv":[0,0,14,0],"texture":"#missing"},"east":{"uv":[0,0,5,0],"texture":"#missing"},"south":{"uv":[0,0,14,0],"texture":"#missing"},"west":{"uv":[0,0,5,0],"texture":"#missing"},"up":{"uv":[0,0,14,5],"texture":"#missing"},"down":{"uv":[2,2,16,7],"texture":"#3_0"}}},{"from":[2.02273,4,12],"to":[14.02273,5,13],"rotation":{"angle":0,"axis":"y","origin":[0.02273,0,3]},"faces":{"north":{"uv":[1,8,15,9],"texture":"#3_0"},"east":{"uv":[1,8,15,9],"texture":"#3_0"},"south":{"uv":[1,8,15,9],"texture":"#3_0"},"west":{"uv":[1,8,15,9],"texture":"#3_0"},"up":{"uv":[1,8,15,9],"texture":"#3_0"},"down":{"uv":[1,8,15,9],"texture":"#3_0"}}},{"from":[2.02273,4,3],"to":[14.02273,5,4],"rotation":{"angle":0,"axis":"y","origin":[0.02273,0,3]},"faces":{"north":{"uv":[1,8,15,9],"texture":"#3_0"},"east":{"uv":[1,8,15,9],"texture":"#3_0"},"south":{"uv":[1,8,15,9],"texture":"#3_0"},"west":{"uv":[1,8,15,9],"texture":"#3_0"},"up":{"uv":[1,8,15,9],"texture":"#3_0"},"down":{"uv":[1,8,15,9],"texture":"#3_0"}}},{"from":[2.02273,0,12],"to":[14.02273,1,13],"rotation":{"angle":0,"axis":"y","origin":[0.02273,0,3]},"faces":{"north":{"uv":[1,14,15,15],"texture":"#3_0"},"east":{"uv":[1,14,15,15],"texture":"#3_0"},"south":{"uv":[1,14,15,15],"texture":"#3_0"},"west":{"uv":[1,14,15,15],"texture":"#3_0"},"up":{"uv":[1,14,15,15],"texture":"#3_0"},"down":{"uv":[1,14,15,15],"texture":"#3_0"}}},{"from":[2.02273,0,3],"to":[14.02273,1,4],"rotation":{"angle":0,"axis":"y","origin":[0.02273,0,3]},"faces":{"north":{"uv":[1,14,15,15],"texture":"#3_0"},"east":{"uv":[1,14,15,15],"texture":"#3_0"},"south":{"uv":[1,14,15,15],"texture":"#3_0"},"west":{"uv":[1,14,15,15],"texture":"#3_0"},"up":{"uv":[1,14,15,15],"texture":"#3_0"},"down":{"uv":[1,14,15,15],"texture":"#3_0"}}},{"from":[2.02273,1,12],"to":[14.02273,4,12],"rotation":{"angle":0,"axis":"y","origin":[0.02273,0,3]},"faces":{"north":{"uv":[1,4,15,7],"texture":"#3_0"},"east":{"uv":[0,0,0,3],"texture":"#missing"},"south":{"uv":[1,4,15,7],"texture":"#3_0"},"west":{"uv":[0,0,0,3],"texture":"#missing"},"up":{"uv":[0,0,14,0],"texture":"#missing"},"down":{"uv":[0,0,14,0],"texture":"#missing"}}},{"from":[2.02273,1,4],"to":[14.02273,4,4],"rotation":{"angle":0,"axis":"y","origin":[0.02273,0,3]},"faces":{"north":{"uv":[1,4,15,7],"texture":"#3_0"},"east":{"uv":[0,0,0,3],"texture":"#missing"},"south":{"uv":[1,4,15,7],"texture":"#3_0"},"west":{"uv":[0,0,0,3],"texture":"#missing"},"up":{"uv":[0,0,14,0],"texture":"#missing"},"down":{"uv":[0,0,14,0],"texture":"#missing"}}},{"from":[1.02273,4,4],"to":[2.02273,5,9],"rotation":{"angle":0,"axis":"y","origin":[0.02273,0,3]},"faces":{"north":{"uv":[4,9,9,10],"texture":"#3_0"},"east":{"uv":[4,9,9,10],"texture":"#3_0"},"south":{"uv":[4,9,9,10],"texture":"#3_0"},"west":{"uv":[4,9,9,10],"texture":"#3_0"},"up":{"uv":[4,9,9,10],"rotation":90,"texture":"#3_0"},"down":{"uv":[4,9,9,10],"rotation":90,"texture":"#3_0"}}},{"from":[1.02273,4,9],"to":[2.02273,5,12],"rotation":{"angle":0,"axis":"y","origin":[0.02273,0,3]},"faces":{"north":{"uv":[9,9,12,10],"texture":"#3_0"},"east":{"uv":[9,9,12,10],"texture":"#3_0"},"south":{"uv":[9,9,12,10],"texture":"#3_0"},"west":{"uv":[9,9,12,10],"texture":"#3_0"},"up":{"uv":[9,9,12,10],"rotation":90,"texture":"#3_0"},"down":{"uv":[9,9,12,10],"rotation":90,"texture":"#3_0"}}},{"from":[14.02273,4,9],"to":[15.02273,5,12],"rotation":{"angle":0,"axis":"y","origin":[0.02273,0,3]},"faces":{"north":{"uv":[4,7,9,8],"texture":"#3_0"},"east":{"uv":[9,9,12,10],"texture":"#3_0"},"south":{"uv":[4,7,9,8],"texture":"#3_0"},"west":{"uv":[9,9,12,10],"texture":"#3_0"},"up":{"uv":[9,9,12,10],"rotation":90,"texture":"#3_0"},"down":{"uv":[9,9,12,10],"rotation":90,"texture":"#3_0"}}},{"from":[1.02273,0,4],"to":[2.02273,1,9],"rotation":{"angle":0,"axis":"y","origin":[0.02273,0,3]},"faces":{"north":{"uv":[4,7,9,8],"texture":"#3_0"},"east":{"uv":[4,7,9,8],"texture":"#3_0"},"south":{"uv":[4,7,9,8],"texture":"#3_0"},"west":{"uv":[4,9,9,10],"texture":"#3_0"},"up":{"uv":[4,9,9,10],"rotation":90,"texture":"#3_0"},"down":{"uv":[4,9,9,10],"rotation":90,"texture":"#3_0"}}},{"from":[1.02273,0,9],"to":[2.02273,1,12],"rotation":{"angle":0,"axis":"y","origin":[0.02273,0,3]},"faces":{"north":{"uv":[4,7,9,8],"texture":"#3_0"},"east":{"uv":[4,7,9,8],"texture":"#3_0"},"south":{"uv":[4,7,9,8],"texture":"#3_0"},"west":{"uv":[9,9,12,10],"texture":"#3_0"},"up":{"uv":[9,9,12,10],"rotation":90,"texture":"#3_0"},"down":{"uv":[9,9,12,10],"rotation":90,"texture":"#3_0"}}},{"from":[14.02273,0,9],"to":[15.02273,1,12],"rotation":{"angle":0,"axis":"y","origin":[0.02273,0,3]},"faces":{"north":{"uv":[4,7,9,8],"texture":"#3_0"},"east":{"uv":[9,9,12,10],"texture":"#3_0"},"south":{"uv":[4,7,9,8],"texture":"#3_0"},"west":{"uv":[4,7,9,8],"texture":"#3_0"},"up":{"uv":[9,9,12,10],"rotation":90,"texture":"#3_0"},"down":{"uv":[9,9,12,10],"rotation":90,"texture":"#3_0"}}},{"from":[14.02273,0,4],"to":[15.02273,1,9],"rotation":{"angle":0,"axis":"y","origin":[0.02273,0,3]},"faces":{"north":{"uv":[4,7,9,8],"texture":"#3_0"},"east":{"uv":[4,9,9,10],"texture":"#3_0"},"south":{"uv":[4,7,9,8],"texture":"#3_0"},"west":{"uv":[4,7,9,8],"texture":"#3_0"},"up":{"uv":[4,9,9,10],"rotation":90,"texture":"#3_0"},"down":{"uv":[4,9,9,10],"rotation":90,"texture":"#3_0"}}},{"from":[14.02273,4,4],"to":[15.02273,5,9],"rotation":{"angle":0,"axis":"y","origin":[0.02273,0,3]},"faces":{"north":{"uv":[4,7,9,8],"texture":"#3_0"},"east":{"uv":[4,9,9,10],"texture":"#3_0"},"south":{"uv":[4,7,9,8],"texture":"#3_0"},"west":{"uv":[4,9,9,10],"texture":"#3_0"},"up":{"uv":[4,9,9,10],"rotation":90,"texture":"#3_0"},"down":{"uv":[4,9,9,10],"rotation":90,"texture":"#3_0"}}},{"from":[2.02273,1,4],"to":[2.02273,4,9],"rotation":{"angle":0,"axis":"y","origin":[0.02273,0,3]},"faces":{"north":{"uv":[0,0,0,3],"texture":"#missing"},"east":{"uv":[10,4,15,7],"texture":"#3_0"},"south":{"uv":[0,0,0,3],"texture":"#missing"},"west":{"uv":[10,4,15,7],"texture":"#3_0"},"up":{"uv":[0,0,0,5],"texture":"#missing"},"down":{"uv":[0,0,0,5],"texture":"#missing"}}},{"from":[2.02273,1,9],"to":[2.02273,4,12],"rotation":{"angle":0,"axis":"y","origin":[0.02273,0,3]},"faces":{"north":{"uv":[0,0,0,3],"texture":"#missing"},"east":{"uv":[10,4,15,7],"texture":"#3_0"},"south":{"uv":[0,0,0,3],"texture":"#missing"},"west":{"uv":[10,4,15,7],"texture":"#3_0"},"up":{"uv":[0,0,0,5],"texture":"#missing"},"down":{"uv":[0,0,0,5],"texture":"#missing"}}},{"from":[14.02273,1,9],"to":[14.02273,4,12],"rotation":{"angle":0,"axis":"y","origin":[0.02273,0,3]},"faces":{"north":{"uv":[0,0,0,3],"texture":"#missing"},"east":{"uv":[10,4,15,7],"texture":"#3_0"},"south":{"uv":[0,0,0,3],"texture":"#missing"},"west":{"uv":[10,4,15,7],"texture":"#3_0"},"up":{"uv":[0,0,0,5],"texture":"#missing"},"down":{"uv":[0,0,0,5],"texture":"#missing"}}},{"from":[14.02273,1,4],"to":[14.02273,4,9],"rotation":{"angle":0,"axis":"y","origin":[0.02273,0,3]},"faces":{"north":{"uv":[0,0,0,3],"texture":"#missing"},"east":{"uv":[10,4,15,7],"texture":"#3_0"},"south":{"uv":[0,0,0,3],"texture":"#missing"},"west":{"uv":[10,4,15,7],"texture":"#3_0"},"up":{"uv":[0,0,0,5],"texture":"#missing"},"down":{"uv":[0,0,0,5],"texture":"#missing"}}},{"from":[1.02273,0,12],"to":[2.02273,5,13],"rotation":{"angle":0,"axis":"y","origin":[0.02273,0,3]},"faces":{"north":{"uv":[0,9,1,14],"texture":"#3_0"},"east":{"uv":[0,9,1,14],"texture":"#3_0"},"south":{"uv":[0,9,1,14],"texture":"#3_0"},"west":{"uv":[0,9,1,14],"texture":"#3_0"},"up":{"uv":[0,9,1,10],"texture":"#3_0"},"down":{"uv":[0,9,1,10],"texture":"#3_0"}}},{"from":[14.02273,0,12],"to":[15.02273,5,13],"rotation":{"angle":0,"axis":"y","origin":[0.02273,0,3]},"faces":{"north":{"uv":[0,9,1,14],"texture":"#3_0"},"east":{"uv":[0,9,1,14],"texture":"#3_0"},"south":{"uv":[0,9,1,14],"texture":"#3_0"},"west":{"uv":[0,9,1,14],"texture":"#3_0"},"up":{"uv":[0,9,1,10],"texture":"#3_0"},"down":{"uv":[0,9,1,10],"texture":"#3_0"}}},{"from":[14.02273,0,3],"to":[15.02273,5,4],"rotation":{"angle":0,"axis":"y","origin":[0.02273,0,3]},"faces":{"north":{"uv":[0,9,1,14],"texture":"#3_0"},"east":{"uv":[0,9,1,14],"texture":"#3_0"},"south":{"uv":[0,9,1,14],"texture":"#3_0"},"west":{"uv":[0,9,1,14],"texture":"#3_0"},"up":{"uv":[0,9,1,10],"texture":"#3_0"},"down":{"uv":[0,9,1,10],"texture":"#3_0"}}},{"from":[1.02273,0,3],"to":[2.02273,5,4],"rotation":{"angle":0,"axis":"y","origin":[0.02273,0,3]},"faces":{"north":{"uv":[0,9,1,14],"texture":"#3_0"},"east":{"uv":[0,9,1,14],"texture":"#3_0"},"south":{"uv":[0,9,1,14],"texture":"#3_0"},"west":{"uv":[0,9,1,14],"texture":"#3_0"},"up":{"uv":[0,9,1,10],"texture":"#3_0"},"down":{"uv":[0,9,1,10],"texture":"#3_0"}}},{"from":[0.12279,3.98804,5.71356],"to":[7.70698,12.41492,5.71883],"rotation":{"angle":45,"axis":"y","origin":[6.11789,23.19116,5.41656],"rescale":true},"faces":{"north":{"uv":[0,0,16,16],"texture":"#2"},"east":{"uv":[0,0,0,0],"texture":"#2"},"south":{"uv":[0,0,16,16],"texture":"#2"},"west":{"uv":[0,0,0,0],"texture":"#2"},"up":{"uv":[0,0,0,0],"texture":"#2"},"down":{"uv":[0,0,0,0],"texture":"#2"}}},{"from":[3.91489,3.98804,1.92146],"to":[3.92015,12.41492,9.50566],"rotation":{"angle":45,"axis":"y","origin":[6.11789,23.19116,5.41656],"rescale":true},"faces":{"north":{"uv":[0,0,0,0],"texture":"#2"},"east":{"uv":[0,0,16,16],"texture":"#2"},"south":{"uv":[0,0,0,0],"texture":"#2"},"west":{"uv":[0,0,16,16],"texture":"#2"},"up":{"uv":[0,0,0,0],"texture":"#2"},"down":{"uv":[0,0,0,0],"texture":"#2"}}},{"from":[7.64679,3.98804,5.31756],"to":[15.23098,12.41492,5.32283],"rotation":{"angle":45,"axis":"y","origin":[14.13689,23.19116,5.41656],"rescale":true},"faces":{"north":{"uv":[0,0,16,16],"texture":"#2"},"east":{"uv":[0,0,0,0],"texture":"#2"},"south":{"uv":[0,0,16,16],"texture":"#2"},"west":{"uv":[0,0,0,0],"texture":"#2"},"up":{"uv":[0,0,0,0],"texture":"#2"},"down":{"uv":[0,0,0,0],"texture":"#2"}}},{"from":[11.43889,3.98804,1.52546],"to":[11.44415,12.41492,9.10966],"rotation":{"angle":45,"axis":"y","origin":[14.13689,23.19116,5.41656],"rescale":true},"faces":{"north":{"uv":[0,0,0,0],"texture":"#2"},"east":{"uv":[0,0,16,16],"texture":"#2"},"south":{"uv":[0,0,0,0],"texture":"#2"},"west":{"uv":[0,0,16,16],"texture":"#2"},"up":{"uv":[0,0,0,0],"texture":"#2"},"down":{"uv":[0,0,0,0],"texture":"#2"}}},{"from":[3.35019,5.00772,6.96492],"to":[10.93438,13.4346,6.97019],"rotation":{"angle":45,"axis":"y","origin":[8.75129,23.19116,6.46992],"rescale":true},"faces":{"north":{"uv":[0,0,16,16],"texture":"#2"},"east":{"uv":[0,0,0,0],"texture":"#2"},"south":{"uv":[0,0,16,16],"texture":"#2"},"west":{"uv":[0,0,0,0],"texture":"#2"},"up":{"uv":[0,0,0,0],"texture":"#2"},"down":{"uv":[0,0,0,0],"texture":"#2"}}},{"from":[7.14229,5.00772,3.17282],"to":[7.14755,13.4346,10.75702],"rotation":{"angle":45,"axis":"y","origin":[8.75129,23.19116,6.46992],"rescale":true},"faces":{"north":{"uv":[0,0,0,0],"texture":"#2"},"east":{"uv":[0,0,16,16],"texture":"#2"},"south":{"uv":[0,0,0,0],"texture":"#2"},"west":{"uv":[0,0,16,16],"texture":"#2"},"up":{"uv":[0,0,0,0],"texture":"#2"},"down":{"uv":[0,0,0,0],"texture":"#2"}}}],"display":{"thirdperson_righthand":{"rotation":[75,180,0],"translation":[0,2.5,0],"scale":[0.375,0.375,0.375]},"thirdperson_lefthand":{"rotation":[75,180,0],"translation":[0,2.5,0],"scale":[0.375,0.375,0.375]},"firstperson_righthand":{"rotation":[0,180,0],"scale":[0.4,0.4,0.4]},"firstperson_lefthand":{"rotation":[0,180,0],"scale":[0.4,0.4,0.4]},"ground":{"translation":[0,3,0],"scale":[0.5,0.5,0.5]},"gui":{"rotation":[30,29,0],"translation":[2,1,0],"scale":[0.8,0.8,0.8]},"head":{"rotation":[0,-180,0],"translation":[0,0,-14.25]},"fixed":{"rotation":[-90,180,0],"translation":[0,0,-15],"scale":[2,2,2]}},"groups":[0,{"name":"box","origin":[8,8,8],"children":[1,2,3,4,5,6,7,8,9,10,11,12,13,14,15,16,17,18,19,20,21,22,23,24,25,26,27,28,29,30,31,32,33,34,35]},{"name":"flowers","origin":[8,8,8],"children":[{"name":"1","origin":[8,8,8],"children":[36,37]},{"name":"2","origin":[8,8,8],"children":[38,39]},{"name":"3","origin":[8,8,8],"children":[40,41]},{"name":"4","origin":[8,8,8],"children":[]}]}]}