{"credit":"Made with Blockbench","parent":"./cit_item","ambientocclusion":false,"textures":{"1":"block/dirt","3":"block/sunflower_back","4":"block/sunflower_bottom","2_2":"block/sunflower_front","particle":"block/dark_oak_planks","3_0":"block/dark_oak_planks"},"elements":[{"from":[2.02273,4,4],"to":[14.02273,4,12],"rotation":{"angle":0,"axis":"y","origin":[0.02273,0,3]},"faces":{"north":{"uv":[0,0,12,0],"texture":"#missing"},"east":{"uv":[0,0,8,0],"texture":"#missing"},"south":{"uv":[0,0,12,0],"texture":"#missing"},"west":{"uv":[0,0,8,0],"texture":"#missing"},"up":{"uv":[0,0,12,8],"texture":"#1"},"down":{"uv":[0,0,12,8],"texture":"#missing"}}},{"from":[1.70476,5.23804,4.86857],"to":[1.70476,13.23804,12.86857],"rotation":{"angle":45,"axis":"y","origin":[4.90776,17.69116,8.11367],"rescale":true},"faces":{"north":{"uv":[0,0,0,0],"texture":"#2_2"},"east":{"uv":[0,0,16,16],"texture":"#3"},"south":{"uv":[0,0,0,0],"texture":"#2_2"},"west":{"uv":[0,0,16,16],"texture":"#2_2"},"up":{"uv":[0,0,0,0],"texture":"#2_2"},"down":{"uv":[0,0,0,0],"texture":"#2_2"}}},{"from":[1.71731,3.73804,14.51154],"to":[9.71731,11.73804,14.51154],"rotation":{"angle":-45,"axis":"y","origin":[9.21731,7.73804,11.51154],"rescale":true},"faces":{"north":{"uv":[0,0,16,16],"texture":"#4"},"east":{"uv":[0,0,0,0],"texture":"#2_2"},"south":{"uv":[0,0,16,16],"texture":"#4"},"west":{"uv":[0,0,0,0],"texture":"#2_2"},"up":{"uv":[0,0,0,0],"texture":"#2_2"},"down":{"uv":[0,0,0,0],"texture":"#2_2"}}},{"from":[5.12393,5.23804,4.65736],"to":[5.12393,13.23804,8.65736],"rotation":{"angle":-45,"axis":"y","origin":[-0.12607,9.23804,6.65736]},"faces":{"north":{"uv":[0,0,0,8],"texture":"#missing"},"east":{"uv":[8,0,0,16],"texture":"#3"},"south":{"uv":[0,0,0,8],"texture":"#missing"},"west":{"uv":[0,0,8,16],"texture":"#3"},"up":{"uv":[0,0,0,4],"texture":"#missing"},"down":{"uv":[0,0,0,4],"texture":"#missing"}}},{"from":[6.36679,5.23804,18.41293],"to":[6.36679,13.23804,22.41293],"rotation":{"angle":-45,"axis":"y","origin":[12.11679,9.23804,10.41293]},"faces":{"north":{"uv":[0,0,0,8],"texture":"#missing"},"east":{"uv":[0,0,8,16],"texture":"#2_2"},"south":{"uv":[0,0,0,8],"texture":"#missing"},"west":{"uv":[8,0,0,16],"texture":"#2_2"},"up":{"uv":[0,0,0,4],"texture":"#missing"},"down":{"uv":[0,0,0,4],"texture":"#missing"}}},{"from":[7.43666,5.23804,10.26467],"to":[15.43666,13.23804,10.26467],"rotation":{"angle":45,"axis":"y","origin":[12.92676,17.69116,8.11367],"rescale":true},"faces":{"north":{"uv":[0,0,16,16],"texture":"#3"},"east":{"uv":[0,0,0,0],"texture":"#2_2"},"south":{"uv":[0,0,16,16],"texture":"#2_2"},"west":{"uv":[0,0,0,0],"texture":"#2_2"},"up":{"uv":[0,0,0,0],"texture":"#2_2"},"down":{"uv":[0,0,0,0],"texture":"#2_2"}}},{"from":[7.43666,3.73804,10.01467],"to":[15.43666,11.73804,10.01467],"rotation":{"angle":45,"axis":"y","origin":[12.92676,17.69116,8.11367],"rescale":true},"faces":{"north":{"uv":[0,0,16,16],"texture":"#4"},"east":{"uv":[0,0,0,0],"texture":"#2_2"},"south":{"uv":[0,0,16,16],"texture":"#4"},"west":{"uv":[0,0,0,0],"texture":"#2_2"},"up":{"uv":[0,0,0,0],"texture":"#2_2"},"down":{"uv":[0,0,0,0],"texture":"#2_2"}}},{"from":[10.2754,5.25772,8.37401],"to":[10.2754,13.25772,12.37401],"rotation":{"angle":45,"axis":"y","origin":[11.0254,10.25772,8.12401]},"faces":{"north":{"uv":[0,0,0,8],"texture":"#missing"},"east":{"uv":[8,0,0,16],"texture":"#3"},"south":{"uv":[0,0,0,8],"texture":"#missing"},"west":{"uv":[0,0,8,16],"texture":"#3"},"up":{"uv":[0,0,0,4],"texture":"#missing"},"down":{"uv":[0,0,0,4],"texture":"#missing"}}},{"from":[11.09605,5.23804,17.51306],"to":[11.09605,13.23804,21.51306],"rotation":{"angle":45,"axis":"y","origin":[5.34605,9.23804,11.51306]},"faces":{"north":{"uv":[0,0,0,8],"texture":"#missing"},"east":{"uv":[0,0,8,16],"texture":"#2_2"},"south":{"uv":[0,0,0,8],"texture":"#missing"},"west":{"uv":[8,0,0,16],"texture":"#2_2"},"up":{"uv":[0,0,0,4],"texture":"#missing"},"down":{"uv":[0,0,0,4],"texture":"#missing"}}},{"from":[3.84709,6.25772,10.12368],"to":[11.84709,14.25772,10.12368],"rotation":{"angle":0,"axis":"y","origin":[7.63918,10.47116,10.12632],"rescale":true},"faces":{"north":{"uv":[0,0,16,16],"texture":"#3"},"east":{"uv":[0,0,0,0],"texture":"#2_2"},"south":{"uv":[0,0,16,16],"texture":"#2_2"},"west":{"uv":[0,0,0,0],"texture":"#2_2"},"up":{"uv":[0,0,0,0],"texture":"#2_2"},"down":{"uv":[0,0,0,0],"texture":"#2_2"}}},{"from":[5.21731,3.73804,10.01154],"to":[13.21731,11.73804,10.01154],"rotation":{"angle":0,"axis":"y","origin":[13.21731,7.73804,10.51154],"rescale":true},"faces":{"north":{"uv":[0,0,16,16],"texture":"#4"},"east":{"uv":[0,0,0,0],"texture":"#2_2"},"south":{"uv":[0,0,16,16],"texture":"#4"},"west":{"uv":[0,0,0,0],"texture":"#2_2"},"up":{"uv":[0,0,0,0],"texture":"#2_2"},"down":{"uv":[0,0,0,0],"texture":"#2_2"}}},{"from":[8.0254,6.25772,10.12401],"to":[8.0254,14.25772,14.12401],"rotation":{"angle":0,"axis":"y","origin":[2.2754,6.25772,10.12401]},"faces":{"north":{"uv":[0,0,0,8],"texture":"#missing"},"east":{"uv":[0,0,8,16],"texture":"#2_2"},"south":{"uv":[0,0,0,8],"texture":"#missing"},"west":{"uv":[8,0,0,16],"texture":"#2_2"},"up":{"uv":[0,0,0,4],"texture":"#missing"},"down":{"uv":[0,0,0,4],"texture":"#missing"}}},{"from":[8.0254,6.25772,6.12401],"to":[8.0254,14.25772,10.12401],"rotation":{"angle":0,"axis":"y","origin":[2.2754,6.25772,10.12401]},"faces":{"north":{"uv":[0,0,0,8],"texture":"#missing"},"east":{"uv":[8,0,0,16],"texture":"#3"},"south":{"uv":[0,0,0,8],"texture":"#missing"},"west":{"uv":[0,0,8,16],"texture":"#3"},"up":{"uv":[0,0,0,4],"texture":"#missing"},"down":{"uv":[0,0,0,4],"texture":"#missing"}}},{"from":[14.3407,4.73804,3.88143],"to":[14.3407,12.73804,11.88143],"rotation":{"angle":45,"axis":"y","origin":[11.1377,17.19116,8.63633],"rescale":true},"faces":{"north":{"uv":[0,0,0,0],"texture":"#2_2"},"east":{"uv":[0,0,16,16],"texture":"#2_2"},"south":{"uv":[0,0,0,0],"texture":"#2_2"},"west":{"uv":[0,0,16,16],"texture":"#3"},"up":{"uv":[0,0,0,0],"texture":"#2_2"},"down":{"uv":[0,0,0,0],"texture":"#2_2"}}},{"from":[6.32815,3.23804,2.23846],"to":[14.32815,11.23804,2.23846],"rotation":{"angle":-45,"axis":"y","origin":[6.82815,7.23804,5.23846],"rescale":true},"faces":{"north":{"uv":[0,0,16,16],"texture":"#4"},"east":{"uv":[0,0,0,0],"texture":"#2_2"},"south":{"uv":[0,0,16,16],"texture":"#4"},"west":{"uv":[0,0,0,0],"texture":"#2_2"},"up":{"uv":[0,0,0,0],"texture":"#2_2"},"down":{"uv":[0,0,0,0],"texture":"#2_2"}}},{"from":[10.92153,4.73804,8.09264],"to":[10.92153,12.73804,12.09264],"rotation":{"angle":-45,"axis":"y","origin":[16.17153,8.73804,10.09264]},"faces":{"north":{"uv":[0,0,0,8],"texture":"#missing"},"east":{"uv":[0,0,8,16],"texture":"#3"},"south":{"uv":[0,0,0,8],"texture":"#missing"},"west":{"uv":[8,0,0,16],"texture":"#3"},"up":{"uv":[0,4,0,0],"texture":"#missing"},"down":{"uv":[0,4,0,0],"texture":"#missing"}}},{"from":[9.67867,4.73804,-5.66293],"to":[9.67867,12.73804,-1.66293],"rotation":{"angle":-45,"axis":"y","origin":[3.92867,8.73804,6.33707]},"faces":{"north":{"uv":[0,0,0,8],"texture":"#missing"},"east":{"uv":[8,0,0,16],"texture":"#2_2"},"south":{"uv":[0,0,0,8],"texture":"#missing"},"west":{"uv":[0,0,8,16],"texture":"#2_2"},"up":{"uv":[0,4,0,0],"texture":"#missing"},"down":{"uv":[0,4,0,0],"texture":"#missing"}}},{"from":[0.6088,4.73804,6.48533],"to":[8.6088,12.73804,6.48533],"rotation":{"angle":45,"axis":"y","origin":[3.1187,17.19116,8.63633],"rescale":true},"faces":{"north":{"uv":[0,0,16,16],"texture":"#2_2"},"east":{"uv":[0,0,0,0],"texture":"#2_2"},"south":{"uv":[0,0,16,16],"texture":"#3"},"west":{"uv":[0,0,0,0],"texture":"#2_2"},"up":{"uv":[0,0,0,0],"texture":"#2_2"},"down":{"uv":[0,0,0,0],"texture":"#2_2"}}},{"from":[0.6088,3.23804,6.73533],"to":[8.6088,11.23804,6.73533],"rotation":{"angle":45,"axis":"y","origin":[3.1187,17.19116,8.63633],"rescale":true},"faces":{"north":{"uv":[0,0,16,16],"texture":"#4"},"east":{"uv":[0,0,0,0],"texture":"#2_2"},"south":{"uv":[0,0,16,16],"texture":"#4"},"west":{"uv":[0,0,0,0],"texture":"#2_2"},"up":{"uv":[0,0,0,0],"texture":"#2_2"},"down":{"uv":[0,0,0,0],"texture":"#2_2"}}},{"from":[5.77006,4.75772,4.37599],"to":[5.77006,12.75772,8.37599],"rotation":{"angle":45,"axis":"y","origin":[5.02006,9.75772,8.62599]},"faces":{"north":{"uv":[0,0,0,8],"texture":"#missing"},"east":{"uv":[0,0,8,16],"texture":"#3"},"south":{"uv":[0,0,0,8],"texture":"#missing"},"west":{"uv":[8,0,0,16],"texture":"#3"},"up":{"uv":[0,4,0,0],"texture":"#missing"},"down":{"uv":[0,4,0,0],"texture":"#missing"}}},{"from":[4.94941,4.73804,-4.76306],"to":[4.94941,12.73804,-0.76306],"rotation":{"angle":45,"axis":"y","origin":[10.69941,8.73804,5.23694]},"faces":{"north":{"uv":[0,0,0,8],"texture":"#missing"},"east":{"uv":[8,0,0,16],"texture":"#2_2"},"south":{"uv":[0,0,0,8],"texture":"#missing"},"west":{"uv":[0,0,8,16],"texture":"#2_2"},"up":{"uv":[0,4,0,0],"texture":"#missing"},"down":{"uv":[0,4,0,0],"texture":"#missing"}}},{"from":[4.19837,5.75772,6.62632],"to":[12.19837,13.75772,6.62632],"rotation":{"angle":0,"axis":"y","origin":[8.40628,9.97116,6.62368],"rescale":true},"faces":{"north":{"uv":[0,0,16,16],"texture":"#2_2"},"east":{"uv":[0,0,0,0],"texture":"#2_2"},"south":{"uv":[0,0,16,16],"texture":"#3"},"west":{"uv":[0,0,0,0],"texture":"#2_2"},"up":{"uv":[0,0,0,0],"texture":"#2_2"},"down":{"uv":[0,0,0,0],"texture":"#2_2"}}},{"from":[2.82815,3.23804,6.73846],"to":[10.82815,11.23804,6.73846],"rotation":{"angle":0,"axis":"y","origin":[2.82815,7.23804,6.23846],"rescale":true},"faces":{"north":{"uv":[0,0,16,16],"texture":"#4"},"east":{"uv":[0,0,0,0],"texture":"#2_2"},"south":{"uv":[0,0,16,16],"texture":"#4"},"west":{"uv":[0,0,0,0],"texture":"#2_2"},"up":{"uv":[0,0,0,0],"texture":"#2_2"},"down":{"uv":[0,0,0,0],"texture":"#2_2"}}},{"from":[8.02006,5.75772,2.62599],"to":[8.02006,13.75772,6.62599],"rotation":{"angle":0,"axis":"y","origin":[13.77006,5.75772,6.62599]},"faces":{"north":{"uv":[0,0,0,8],"texture":"#missing"},"east":{"uv":[8,0,0,16],"texture":"#2_2"},"south":{"uv":[0,0,0,8],"texture":"#missing"},"west":{"uv":[0,0,8,16],"texture":"#2_2"},"up":{"uv":[0,4,0,0],"texture":"#missing"},"down":{"uv":[0,4,0,0],"texture":"#missing"}}},{"from":[8.02006,5.75772,6.62599],"to":[8.02006,13.75772,10.62599],"rotation":{"angle":0,"axis":"y","origin":[13.77006,5.75772,6.62599]},"faces":{"north":{"uv":[0,0,0,8],"texture":"#missing"},"east":{"uv":[0,0,8,16],"texture":"#3"},"south":{"uv":[0,0,0,8],"texture":"#missing"},"west":{"uv":[8,0,0,16],"texture":"#3"},"up":{"uv":[0,4,0,0],"texture":"#missing"},"down":{"uv":[0,4,0,0],"texture":"#missing"}}},{"from":[3.02273,1,12],"to":[4.02273,4,12.5],"rotation":{"angle":0,"axis":"y","origin":[0.02273,0,3]},"faces":{"north":{"uv":[0,1,1,2],"texture":"#3_0"},"east":{"uv":[0,1,1,2],"texture":"#3_0"},"south":{"uv":[0,1,1,2],"texture":"#3_0"},"west":{"uv":[0,1,1,2],"texture":"#3_0"},"up":{"uv":[0,1,1,2],"texture":"#3_0"},"down":{"uv":[0,1,1,2],"texture":"#3_0"}}},{"from":[3.02273,1,3.5],"to":[4.02273,4,4],"rotation":{"angle":0,"axis":"y","origin":[0.02273,0,3]},"faces":{"north":{"uv":[0,1,1,2],"texture":"#3_0"},"east":{"uv":[0,1,1,2],"texture":"#3_0"},"south":{"uv":[0,1,1,2],"texture":"#3_0"},"west":{"uv":[0,1,1,2],"texture":"#3_0"},"up":{"uv":[0,1,1,2],"texture":"#3_0"},"down":{"uv":[0,1,1,2],"texture":"#3_0"}}},{"from":[6.02273,1,3.5],"to":[7.02273,4,4],"rotation":{"angle":0,"axis":"y","origin":[0.02273,0,3]},"faces":{"north":{"uv":[0,1,1,2],"texture":"#3_0"},"east":{"uv":[0,1,1,2],"texture":"#3_0"},"south":{"uv":[0,1,1,2],"texture":"#3_0"},"west":{"uv":[0,1,1,2],"texture":"#3_0"},"up":{"uv":[0,1,1,2],"texture":"#3_0"},"down":{"uv":[0,1,1,2],"texture":"#3_0"}}},{"from":[9.02273,1,3.5],"to":[10.02273,4,4],"rotation":{"angle":0,"axis":"y","origin":[0.02273,0,3]},"faces":{"north":{"uv":[0,1,1,2],"texture":"#3_0"},"east":{"uv":[0,1,1,2],"texture":"#3_0"},"south":{"uv":[0,1,1,2],"texture":"#3_0"},"west":{"uv":[0,1,1,2],"texture":"#3_0"},"up":{"uv":[0,1,1,2],"texture":"#3_0"},"down":{"uv":[0,1,1,2],"texture":"#3_0"}}},{"from":[12.02273,1,3.5],"to":[13.02273,4,4],"rotation":{"angle":0,"axis":"y","origin":[0.02273,0,3]},"faces":{"north":{"uv":[0,1,1,2],"texture":"#3_0"},"east":{"uv":[0,1,1,2],"texture":"#3_0"},"south":{"uv":[0,1,1,2],"texture":"#3_0"},"west":{"uv":[0,1,1,2],"texture":"#3_0"},"up":{"uv":[0,1,1,2],"texture":"#3_0"},"down":{"uv":[0,1,1,2],"texture":"#3_0"}}},{"from":[6.02273,1,12],"to":[7.02273,4,12.5],"rotation":{"angle":0,"axis":"y","origin":[0.02273,0,3]},"faces":{"north":{"uv":[0,1,1,2],"texture":"#3_0"},"east":{"uv":[0,1,1,2],"texture":"#3_0"},"south":{"uv":[0,1,1,2],"texture":"#3_0"},"west":{"uv":[0,1,1,2],"texture":"#3_0"},"up":{"uv":[0,1,1,2],"texture":"#3_0"},"down":{"uv":[0,1,1,2],"texture":"#3_0"}}},{"from":[9.02273,1,12],"to":[10.02273,4,12.5],"rotation":{"angle":0,"axis":"y","origin":[0.02273,0,3]},"faces":{"north":{"uv":[0,1,1,2],"texture":"#3_0"},"east":{"uv":[0,1,1,2],"texture":"#3_0"},"south":{"uv":[0,1,1,2],"texture":"#3_0"},"west":{"uv":[0,1,1,2],"texture":"#3_0"},"up":{"uv":[0,1,1,2],"texture":"#3_0"},"down":{"uv":[0,1,1,2],"texture":"#3_0"}}},{"from":[12.02273,1,12],"to":[13.02273,4,12.5],"rotation":{"angle":0,"axis":"y","origin":[0.02273,0,3]},"faces":{"north":{"uv":[0,1,1,2],"texture":"#3_0"},"east":{"uv":[0,1,1,2],"texture":"#3_0"},"south":{"uv":[0,1,1,2],"texture":"#3_0"},"west":{"uv":[0,1,1,2],"texture":"#3_0"},"up":{"uv":[0,1,1,2],"texture":"#3_0"},"down":{"uv":[0,1,1,2],"texture":"#3_0"}}},{"from":[1.52273,1,6],"to":[2.02273,4,7],"rotation":{"angle":0,"axis":"y","origin":[0.02273,0,3]},"faces":{"north":{"uv":[0,1,1,2],"texture":"#3_0"},"east":{"uv":[0,1,1,2],"texture":"#3_0"},"south":{"uv":[0,1,1,2],"texture":"#3_0"},"west":{"uv":[0,1,1,2],"texture":"#3_0"},"up":{"uv":[0,1,1,2],"texture":"#3_0"},"down":{"uv":[0,1,1,2],"texture":"#3_0"}}},{"from":[1.52273,1,9],"to":[2.02273,4,10],"rotation":{"angle":0,"axis":"y","origin":[0.02273,0,3]},"faces":{"north":{"uv":[0,1,1,2],"texture":"#3_0"},"east":{"uv":[0,1,1,2],"texture":"#3_0"},"south":{"uv":[0,1,1,2],"texture":"#3_0"},"west":{"uv":[0,1,1,2],"texture":"#3_0"},"up":{"uv":[0,1,1,2],"texture":"#3_0"},"down":{"uv":[0,1,1,2],"texture":"#3_0"}}},{"from":[14.02273,1,9],"to":[14.52273,4,10],"rotation":{"angle":0,"axis":"y","origin":[0.02273,0,3]},"faces":{"north":{"uv":[0,1,1,2],"texture":"#3_0"},"east":{"uv":[0,1,1,2],"texture":"#3_0"},"south":{"uv":[0,1,1,2],"texture":"#3_0"},"west":{"uv":[0,1,1,2],"texture":"#3_0"},"up":{"uv":[0,1,1,2],"texture":"#3_0"},"down":{"uv":[0,1,1,2],"texture":"#3_0"}}},{"from":[14.02273,1,6],"to":[14.52273,4,7],"rotation":{"angle":0,"axis":"y","origin":[0.02273,0,3]},"faces":{"north":{"uv":[0,1,1,2],"texture":"#3_0"},"east":{"uv":[0,1,1,2],"texture":"#3_0"},"south":{"uv":[0,1,1,2],"texture":"#3_0"},"west":{"uv":[0,1,1,2],"texture":"#3_0"},"up":{"uv":[0,1,1,2],"texture":"#3_0"},"down":{"uv":[0,1,1,2],"texture":"#3_0"}}},{"from":[2.02273,0,4],"to":[14.02273,0,12],"rotation":{"angle":0,"axis":"y","origin":[0.02273,0,3]},"faces":{"north":{"uv":[0,0,14,0],"texture":"#missing"},"east":{"uv":[0,0,5,0],"texture":"#missing"},"south":{"uv":[0,0,14,0],"texture":"#missing"},"west":{"uv":[0,0,5,0],"texture":"#missing"},"up":{"uv":[0,0,14,5],"texture":"#missing"},"down":{"uv":[2,2,16,7],"texture":"#3_0"}}},{"from":[2.02273,4,12],"to":[14.02273,5,13],"rotation":{"angle":0,"axis":"y","origin":[0.02273,0,3]},"faces":{"north":{"uv":[1,8,15,9],"texture":"#3_0"},"east":{"uv":[1,8,15,9],"texture":"#3_0"},"south":{"uv":[1,8,15,9],"texture":"#3_0"},"west":{"uv":[1,8,15,9],"texture":"#3_0"},"up":{"uv":[1,8,15,9],"texture":"#3_0"},"down":{"uv":[1,8,15,9],"texture":"#3_0"}}},{"from":[2.02273,4,3],"to":[14.02273,5,4],"rotation":{"angle":0,"axis":"y","origin":[0.02273,0,3]},"faces":{"north":{"uv":[1,8,15,9],"texture":"#3_0"},"east":{"uv":[1,8,15,9],"texture":"#3_0"},"south":{"uv":[1,8,15,9],"texture":"#3_0"},"west":{"uv":[1,8,15,9],"texture":"#3_0"},"up":{"uv":[1,8,15,9],"texture":"#3_0"},"down":{"uv":[1,8,15,9],"texture":"#3_0"}}},{"from":[2.02273,0,12],"to":[14.02273,1,13],"rotation":{"angle":0,"axis":"y","origin":[0.02273,0,3]},"faces":{"north":{"uv":[1,14,15,15],"texture":"#3_0"},"east":{"uv":[1,14,15,15],"texture":"#3_0"},"south":{"uv":[1,14,15,15],"texture":"#3_0"},"west":{"uv":[1,14,15,15],"texture":"#3_0"},"up":{"uv":[1,14,15,15],"texture":"#3_0"},"down":{"uv":[1,14,15,15],"texture":"#3_0"}}},{"from":[2.02273,0,3],"to":[14.02273,1,4],"rotation":{"angle":0,"axis":"y","origin":[0.02273,0,3]},"faces":{"north":{"uv":[1,14,15,15],"texture":"#3_0"},"east":{"uv":[1,14,15,15],"texture":"#3_0"},"south":{"uv":[1,14,15,15],"texture":"#3_0"},"west":{"uv":[1,14,15,15],"texture":"#3_0"},"up":{"uv":[1,14,15,15],"texture":"#3_0"},"down":{"uv":[1,14,15,15],"texture":"#3_0"}}},{"from":[2.02273,1,12],"to":[14.02273,4,12],"rotation":{"angle":0,"axis":"y","origin":[0.02273,0,3]},"faces":{"north":{"uv":[1,4,15,7],"texture":"#3_0"},"east":{"uv":[0,0,0,3],"texture":"#missing"},"south":{"uv":[1,4,15,7],"texture":"#3_0"},"west":{"uv":[0,0,0,3],"texture":"#missing"},"up":{"uv":[0,0,14,0],"texture":"#missing"},"down":{"uv":[0,0,14,0],"texture":"#missing"}}},{"from":[2.02273,1,4],"to":[14.02273,4,4],"rotation":{"angle":0,"axis":"y","origin":[0.02273,0,3]},"faces":{"north":{"uv":[1,4,15,7],"texture":"#3_0"},"east":{"uv":[0,0,0,3],"texture":"#missing"},"south":{"uv":[1,4,15,7],"texture":"#3_0"},"west":{"uv":[0,0,0,3],"texture":"#missing"},"up":{"uv":[0,0,14,0],"texture":"#missing"},"down":{"uv":[0,0,14,0],"texture":"#missing"}}},{"from":[1.02273,4,4],"to":[2.02273,5,9],"rotation":{"angle":0,"axis":"y","origin":[0.02273,0,3]},"faces":{"north":{"uv":[4,9,9,10],"texture":"#3_0"},"east":{"uv":[4,9,9,10],"texture":"#3_0"},"south":{"uv":[4,9,9,10],"texture":"#3_0"},"west":{"uv":[4,9,9,10],"texture":"#3_0"},"up":{"uv":[4,9,9,10],"rotation":90,"texture":"#3_0"},"down":{"uv":[4,9,9,10],"rotation":90,"texture":"#3_0"}}},{"from":[1.02273,4,9],"to":[2.02273,5,12],"rotation":{"angle":0,"axis":"y","origin":[0.02273,0,3]},"faces":{"north":{"uv":[9,9,12,10],"texture":"#3_0"},"east":{"uv":[9,9,12,10],"texture":"#3_0"},"south":{"uv":[9,9,12,10],"texture":"#3_0"},"west":{"uv":[9,9,12,10],"texture":"#3_0"},"up":{"uv":[9,9,12,10],"rotation":90,"texture":"#3_0"},"down":{"uv":[9,9,12,10],"rotation":90,"texture":"#3_0"}}},{"from":[14.02273,4,9],"to":[15.02273,5,12],"rotation":{"angle":0,"axis":"y","origin":[0.02273,0,3]},"faces":{"north":{"uv":[4,7,9,8],"texture":"#3_0"},"east":{"uv":[9,9,12,10],"texture":"#3_0"},"south":{"uv":[4,7,9,8],"texture":"#3_0"},"west":{"uv":[9,9,12,10],"texture":"#3_0"},"up":{"uv":[9,9,12,10],"rotation":90,"texture":"#3_0"},"down":{"uv":[9,9,12,10],"rotation":90,"texture":"#3_0"}}},{"from":[1.02273,0,4],"to":[2.02273,1,9],"rotation":{"angle":0,"axis":"y","origin":[0.02273,0,3]},"faces":{"north":{"uv":[4,7,9,8],"texture":"#3_0"},"east":{"uv":[4,7,9,8],"texture":"#3_0"},"south":{"uv":[4,7,9,8],"texture":"#3_0"},"west":{"uv":[4,9,9,10],"texture":"#3_0"},"up":{"uv":[4,9,9,10],"rotation":90,"texture":"#3_0"},"down":{"uv":[4,9,9,10],"rotation":90,"texture":"#3_0"}}},{"from":[1.02273,0,9],"to":[2.02273,1,12],"rotation":{"angle":0,"axis":"y","origin":[0.02273,0,3]},"faces":{"north":{"uv":[4,7,9,8],"texture":"#3_0"},"east":{"uv":[4,7,9,8],"texture":"#3_0"},"south":{"uv":[4,7,9,8],"texture":"#3_0"},"west":{"uv":[9,9,12,10],"texture":"#3_0"},"up":{"uv":[9,9,12,10],"rotation":90,"texture":"#3_0"},"down":{"uv":[9,9,12,10],"rotation":90,"texture":"#3_0"}}},{"from":[14.02273,0,9],"to":[15.02273,1,12],"rotation":{"angle":0,"axis":"y","origin":[0.02273,0,3]},"faces":{"north":{"uv":[4,7,9,8],"texture":"#3_0"},"east":{"uv":[9,9,12,10],"texture":"#3_0"},"south":{"uv":[4,7,9,8],"texture":"#3_0"},"west":{"uv":[4,7,9,8],"texture":"#3_0"},"up":{"uv":[9,9,12,10],"rotation":90,"texture":"#3_0"},"down":{"uv":[9,9,12,10],"rotation":90,"texture":"#3_0"}}},{"from":[14.02273,0,4],"to":[15.02273,1,9],"rotation":{"angle":0,"axis":"y","origin":[0.02273,0,3]},"faces":{"north":{"uv":[4,7,9,8],"texture":"#3_0"},"east":{"uv":[4,9,9,10],"texture":"#3_0"},"south":{"uv":[4,7,9,8],"texture":"#3_0"},"west":{"uv":[4,7,9,8],"texture":"#3_0"},"up":{"uv":[4,9,9,10],"rotation":90,"texture":"#3_0"},"down":{"uv":[4,9,9,10],"rotation":90,"texture":"#3_0"}}},{"from":[14.02273,4,4],"to":[15.02273,5,9],"rotation":{"angle":0,"axis":"y","origin":[0.02273,0,3]},"faces":{"north":{"uv":[4,7,9,8],"texture":"#3_0"},"east":{"uv":[4,9,9,10],"texture":"#3_0"},"south":{"uv":[4,7,9,8],"texture":"#3_0"},"west":{"uv":[4,9,9,10],"texture":"#3_0"},"up":{"uv":[4,9,9,10],"rotation":90,"texture":"#3_0"},"down":{"uv":[4,9,9,10],"rotation":90,"texture":"#3_0"}}},{"from":[2.02273,1,4],"to":[2.02273,4,9],"rotation":{"angle":0,"axis":"y","origin":[0.02273,0,3]},"faces":{"north":{"uv":[0,0,0,3],"texture":"#missing"},"east":{"uv":[10,4,15,7],"texture":"#3_0"},"south":{"uv":[0,0,0,3],"texture":"#missing"},"west":{"uv":[10,4,15,7],"texture":"#3_0"},"up":{"uv":[0,0,0,5],"texture":"#missing"},"down":{"uv":[0,0,0,5],"texture":"#missing"}}},{"from":[2.02273,1,9],"to":[2.02273,4,12],"rotation":{"angle":0,"axis":"y","origin":[0.02273,0,3]},"faces":{"north":{"uv":[0,0,0,3],"texture":"#missing"},"east":{"uv":[10,4,15,7],"texture":"#3_0"},"south":{"uv":[0,0,0,3],"texture":"#missing"},"west":{"uv":[10,4,15,7],"texture":"#3_0"},"up":{"uv":[0,0,0,5],"texture":"#missing"},"down":{"uv":[0,0,0,5],"texture":"#missing"}}},{"from":[14.02273,1,9],"to":[14.02273,4,12],"rotation":{"angle":0,"axis":"y","origin":[0.02273,0,3]},"faces":{"north":{"uv":[0,0,0,3],"texture":"#missing"},"east":{"uv":[10,4,15,7],"texture":"#3_0"},"south":{"uv":[0,0,0,3],"texture":"#missing"},"west":{"uv":[10,4,15,7],"texture":"#3_0"},"up":{"uv":[0,0,0,5],"texture":"#missing"},"down":{"uv":[0,0,0,5],"texture":"#missing"}}},{"from":[14.02273,1,4],"to":[14.02273,4,9],"rotation":{"angle":0,"axis":"y","origin":[0.02273,0,3]},"faces":{"north":{"uv":[0,0,0,3],"texture":"#missing"},"east":{"uv":[10,4,15,7],"texture":"#3_0"},"south":{"uv":[0,0,0,3],"texture":"#missing"},"west":{"uv":[10,4,15,7],"texture":"#3_0"},"up":{"uv":[0,0,0,5],"texture":"#missing"},"down":{"uv":[0,0,0,5],"texture":"#missing"}}},{"from":[1.02273,0,12],"to":[2.02273,5,13],"rotation":{"angle":0,"axis":"y","origin":[0.02273,0,3]},"faces":{"north":{"uv":[0,9,1,14],"texture":"#3_0"},"east":{"uv":[0,9,1,14],"texture":"#3_0"},"south":{"uv":[0,9,1,14],"texture":"#3_0"},"west":{"uv":[0,9,1,14],"texture":"#3_0"},"up":{"uv":[0,9,1,10],"texture":"#3_0"},"down":{"uv":[0,9,1,10],"texture":"#3_0"}}},{"from":[14.02273,0,12],"to":[15.02273,5,13],"rotation":{"angle":0,"axis":"y","origin":[0.02273,0,3]},"faces":{"north":{"uv":[0,9,1,14],"texture":"#3_0"},"east":{"uv":[0,9,1,14],"texture":"#3_0"},"south":{"uv":[0,9,1,14],"texture":"#3_0"},"west":{"uv":[0,9,1,14],"texture":"#3_0"},"up":{"uv":[0,9,1,10],"texture":"#3_0"},"down":{"uv":[0,9,1,10],"texture":"#3_0"}}},{"from":[14.02273,0,3],"to":[15.02273,5,4],"rotation":{"angle":0,"axis":"y","origin":[0.02273,0,3]},"faces":{"north":{"uv":[0,9,1,14],"texture":"#3_0"},"east":{"uv":[0,9,1,14],"texture":"#3_0"},"south":{"uv":[0,9,1,14],"texture":"#3_0"},"west":{"uv":[0,9,1,14],"texture":"#3_0"},"up":{"uv":[0,9,1,10],"texture":"#3_0"},"down":{"uv":[0,9,1,10],"texture":"#3_0"}}},{"from":[1.02273,0,3],"to":[2.02273,5,4],"rotation":{"angle":0,"axis":"y","origin":[0.02273,0,3]},"faces":{"north":{"uv":[0,9,1,14],"texture":"#3_0"},"east":{"uv":[0,9,1,14],"texture":"#3_0"},"south":{"uv":[0,9,1,14],"texture":"#3_0"},"west":{"uv":[0,9,1,14],"texture":"#3_0"},"up":{"uv":[0,9,1,10],"texture":"#3_0"},"down":{"uv":[0,9,1,10],"texture":"#3_0"}}}],"display":{"thirdperson_righthand":{"rotation":[75,180,0],"translation":[0,2.5,0],"scale":[0.375,0.375,0.375]},"thirdperson_lefthand":{"rotation":[75,180,0],"translation":[0,2.5,0],"scale":[0.375,0.375,0.375]},"firstperson_righthand":{"rotation":[0,180,0],"scale":[0.4,0.4,0.4]},"firstperson_lefthand":{"rotation":[0,180,0],"scale":[0.4,0.4,0.4]},"ground":{"translation":[0,3,0],"scale":[0.5,0.5,0.5]},"gui":{"rotation":[30,29,0],"translation":[2,1,0],"scale":[0.8,0.8,0.8]},"head":{"rotation":[0,-180,0],"translation":[0,0,-14.25]},"fixed":{"rotation":[-90,180,0],"translation":[0,0,-15],"scale":[2,2,2]}},"groups":[0,{"name":"flowers","origin":[8,8,8],"children":[{"name":"1","origin":[8,8,8],"children":[1,2,3,4]},{"name":"2","origin":[8,8,8],"children":[5,6,7,8]},{"name":"3","origin":[8,8,8],"children":[9,10,11,12]}]},{"name":"flowers","origin":[8,8,8],"children":[{"name":"1","origin":[8,8,8],"children":[13,14,15,16]},{"name":"2","origin":[8,8,8],"children":[17,18,19,20]},{"name":"3","origin":[8,8,8],"children":[21,22,23,24]}]},{"name":"box","origin":[8,8,8],"children":[25,26,27,28,29,30,31,32,33,34,35,36,37,38,39,40,41,42,43,44,45,46,47,48,49,50,51,52,53,54,55,56,57,58,59]},{"name":"flowers","origin":[8,8,8],"children":[{"name":"1","origin":[8,8,8],"children":[]},{"name":"2","origin":[8,8,8],"children":[]},{"name":"3","origin":[8,8,8],"children":[]},{"name":"4","origin":[8,8,8],"children":[]}]}]}