{"credit":"Made with Blockbench","parent":"./cit_item","ambientocclusion":false,"textures":{"0":"block/dark_oak_planks","1":"block/dirt","2":"block/blue_orchid","particle":"block/dark_oak_planks"},"elements":[{"from":[1,4,1],"to":[15,4,6],"faces":{"north":{"uv":[0,0,14,0],"texture":"#missing"},"east":{"uv":[0,0,5,0],"texture":"#missing"},"south":{"uv":[0,0,14,0],"texture":"#missing"},"west":{"uv":[0,0,5,0],"texture":"#missing"},"up":{"uv":[0,0,14,5],"texture":"#1"},"down":{"uv":[0,0,14,5],"texture":"#missing"}}},{"from":[3,1,6],"to":[4,4,6.5],"faces":{"north":{"uv":[0,1,1,2],"texture":"#0"},"east":{"uv":[0,1,1,2],"texture":"#0"},"south":{"uv":[0,1,1,2],"texture":"#0"},"west":{"uv":[0,1,1,2],"texture":"#0"},"up":{"uv":[0,1,1,2],"texture":"#0"},"down":{"uv":[0,1,1,2],"texture":"#0"}}},{"from":[3,1,0.5],"to":[4,4,1],"faces":{"north":{"uv":[0,1,1,2],"texture":"#0"},"east":{"uv":[0,1,1,2],"texture":"#0"},"south":{"uv":[0,1,1,2],"texture":"#0"},"west":{"uv":[0,1,1,2],"texture":"#0"},"up":{"uv":[0,1,1,2],"texture":"#0"},"down":{"uv":[0,1,1,2],"texture":"#0"}}},{"from":[6,1,0.5],"to":[7,4,1],"faces":{"north":{"uv":[0,1,1,2],"texture":"#0"},"east":{"uv":[0,1,1,2],"texture":"#0"},"south":{"uv":[0,1,1,2],"texture":"#0"},"west":{"uv":[0,1,1,2],"texture":"#0"},"up":{"uv":[0,1,1,2],"texture":"#0"},"down":{"uv":[0,1,1,2],"texture":"#0"}}},{"from":[9,1,0.5],"to":[10,4,1],"faces":{"north":{"uv":[0,1,1,2],"texture":"#0"},"east":{"uv":[0,1,1,2],"texture":"#0"},"south":{"uv":[0,1,1,2],"texture":"#0"},"west":{"uv":[0,1,1,2],"texture":"#0"},"up":{"uv":[0,1,1,2],"texture":"#0"},"down":{"uv":[0,1,1,2],"texture":"#0"}}},{"from":[12,1,0.5],"to":[13,4,1],"faces":{"north":{"uv":[0,1,1,2],"texture":"#0"},"east":{"uv":[0,1,1,2],"texture":"#0"},"south":{"uv":[0,1,1,2],"texture":"#0"},"west":{"uv":[0,1,1,2],"texture":"#0"},"up":{"uv":[0,1,1,2],"texture":"#0"},"down":{"uv":[0,1,1,2],"texture":"#0"}}},{"from":[6,1,6],"to":[7,4,6.5],"faces":{"north":{"uv":[0,1,1,2],"texture":"#0"},"east":{"uv":[0,1,1,2],"texture":"#0"},"south":{"uv":[0,1,1,2],"texture":"#0"},"west":{"uv":[0,1,1,2],"texture":"#0"},"up":{"uv":[0,1,1,2],"texture":"#0"},"down":{"uv":[0,1,1,2],"texture":"#0"}}},{"from":[9,1,6],"to":[10,4,6.5],"faces":{"north":{"uv":[0,1,1,2],"texture":"#0"},"east":{"uv":[0,1,1,2],"texture":"#0"},"south":{"uv":[0,1,1,2],"texture":"#0"},"west":{"uv":[0,1,1,2],"texture":"#0"},"up":{"uv":[0,1,1,2],"texture":"#0"},"down":{"uv":[0,1,1,2],"texture":"#0"}}},{"from":[12,1,6],"to":[13,4,6.5],"faces":{"north":{"uv":[0,1,1,2],"texture":"#0"},"east":{"uv":[0,1,1,2],"texture":"#0"},"south":{"uv":[0,1,1,2],"texture":"#0"},"west":{"uv":[0,1,1,2],"texture":"#0"},"up":{"uv":[0,1,1,2],"texture":"#0"},"down":{"uv":[0,1,1,2],"texture":"#0"}}},{"from":[0,1,3],"to":[0.5,4,4],"faces":{"north":{"uv":[0,1,1,2],"texture":"#0"},"east":{"uv":[0,1,1,2],"texture":"#0"},"south":{"uv":[0,1,1,2],"texture":"#0"},"west":{"uv":[0,1,1,2],"texture":"#0"},"up":{"uv":[0,1,1,2],"texture":"#0"},"down":{"uv":[0,1,1,2],"texture":"#0"}}},{"from":[15,1,3],"to":[15.5,4,4],"faces":{"north":{"uv":[0,1,1,2],"texture":"#0"},"east":{"uv":[0,1,1,2],"texture":"#0"},"south":{"uv":[0,1,1,2],"texture":"#0"},"west":{"uv":[0,1,1,2],"texture":"#0"},"up":{"uv":[0,1,1,2],"texture":"#0"},"down":{"uv":[0,1,1,2],"texture":"#0"}}},{"from":[1,0,1],"to":[15,0,6],"faces":{"north":{"uv":[0,0,14,0],"texture":"#missing"},"east":{"uv":[0,0,5,0],"texture":"#missing"},"south":{"uv":[0,0,14,0],"texture":"#missing"},"west":{"uv":[0,0,5,0],"texture":"#missing"},"up":{"uv":[0,0,14,5],"texture":"#missing"},"down":{"uv":[2,2,16,7],"texture":"#0"}}},{"from":[1,4,6],"to":[15,5,7],"faces":{"north":{"uv":[1,8,15,9],"texture":"#0"},"east":{"uv":[1,8,15,9],"texture":"#0"},"south":{"uv":[1,8,15,9],"texture":"#0"},"west":{"uv":[1,8,15,9],"texture":"#0"},"up":{"uv":[1,8,15,9],"texture":"#0"},"down":{"uv":[1,8,15,9],"texture":"#0"}}},{"from":[1,4,0],"to":[15,5,1],"faces":{"north":{"uv":[1,8,15,9],"texture":"#0"},"east":{"uv":[1,8,15,9],"texture":"#0"},"south":{"uv":[1,8,15,9],"texture":"#0"},"west":{"uv":[1,8,15,9],"texture":"#0"},"up":{"uv":[1,8,15,9],"texture":"#0"},"down":{"uv":[1,8,15,9],"texture":"#0"}}},{"from":[1,0,6],"to":[15,1,7],"faces":{"north":{"uv":[1,14,15,15],"texture":"#0"},"east":{"uv":[1,14,15,15],"texture":"#0"},"south":{"uv":[1,14,15,15],"texture":"#0"},"west":{"uv":[1,14,15,15],"texture":"#0"},"up":{"uv":[1,14,15,15],"texture":"#0"},"down":{"uv":[1,14,15,15],"texture":"#0"}}},{"from":[1,0,0],"to":[15,1,1],"faces":{"north":{"uv":[1,14,15,15],"texture":"#0"},"east":{"uv":[1,14,15,15],"texture":"#0"},"south":{"uv":[1,14,15,15],"texture":"#0"},"west":{"uv":[1,14,15,15],"texture":"#0"},"up":{"uv":[1,14,15,15],"texture":"#0"},"down":{"uv":[1,14,15,15],"texture":"#0"}}},{"from":[1,1,6],"to":[15,4,6],"faces":{"north":{"uv":[1,4,15,7],"texture":"#0"},"east":{"uv":[0,0,0,3],"texture":"#missing"},"south":{"uv":[1,4,15,7],"texture":"#0"},"west":{"uv":[0,0,0,3],"texture":"#missing"},"up":{"uv":[0,0,14,0],"texture":"#missing"},"down":{"uv":[0,0,14,0],"texture":"#missing"}}},{"from":[1,1,1],"to":[15,4,1],"faces":{"north":{"uv":[1,4,15,7],"texture":"#0"},"east":{"uv":[0,0,0,3],"texture":"#missing"},"south":{"uv":[1,4,15,7],"texture":"#0"},"west":{"uv":[0,0,0,3],"texture":"#missing"},"up":{"uv":[0,0,14,0],"texture":"#missing"},"down":{"uv":[0,0,14,0],"texture":"#missing"}}},{"from":[0,4,1],"to":[1,5,6],"faces":{"north":{"uv":[4,7,9,8],"texture":"#0"},"east":{"uv":[4,7,9,8],"texture":"#0"},"south":{"uv":[4,7,9,8],"texture":"#0"},"west":{"uv":[4,7,9,8],"texture":"#0"},"up":{"uv":[4,7,9,8],"rotation":90,"texture":"#0"},"down":{"uv":[4,7,9,8],"rotation":90,"texture":"#0"}}},{"from":[0,0,1],"to":[1,1,6],"faces":{"north":{"uv":[4,7,9,8],"texture":"#0"},"east":{"uv":[4,7,9,8],"texture":"#0"},"south":{"uv":[4,7,9,8],"texture":"#0"},"west":{"uv":[4,7,9,8],"texture":"#0"},"up":{"uv":[4,7,9,8],"rotation":90,"texture":"#0"},"down":{"uv":[4,7,9,8],"rotation":90,"texture":"#0"}}},{"from":[15,0,1],"to":[16,1,6],"faces":{"north":{"uv":[4,7,9,8],"texture":"#0"},"east":{"uv":[4,7,9,8],"texture":"#0"},"south":{"uv":[4,7,9,8],"texture":"#0"},"west":{"uv":[4,7,9,8],"texture":"#0"},"up":{"uv":[4,7,9,8],"rotation":90,"texture":"#0"},"down":{"uv":[4,7,9,8],"rotation":90,"texture":"#0"}}},{"from":[15,4,1],"to":[16,5,6],"faces":{"north":{"uv":[4,7,9,8],"texture":"#0"},"east":{"uv":[4,7,9,8],"texture":"#0"},"south":{"uv":[4,7,9,8],"texture":"#0"},"west":{"uv":[4,7,9,8],"texture":"#0"},"up":{"uv":[4,7,9,8],"rotation":90,"texture":"#0"},"down":{"uv":[4,7,9,8],"rotation":90,"texture":"#0"}}},{"from":[1,1,1],"to":[1,4,6],"faces":{"north":{"uv":[0,0,0,3],"texture":"#missing"},"east":{"uv":[10,4,15,7],"texture":"#0"},"south":{"uv":[0,0,0,3],"texture":"#missing"},"west":{"uv":[10,4,15,7],"texture":"#0"},"up":{"uv":[0,0,0,5],"texture":"#missing"},"down":{"uv":[0,0,0,5],"texture":"#missing"}}},{"from":[15,1,1],"to":[15,4,6],"faces":{"north":{"uv":[0,0,0,3],"texture":"#missing"},"east":{"uv":[10,4,15,7],"texture":"#0"},"south":{"uv":[0,0,0,3],"texture":"#missing"},"west":{"uv":[10,4,15,7],"texture":"#0"},"up":{"uv":[0,0,0,5],"texture":"#missing"},"down":{"uv":[0,0,0,5],"texture":"#missing"}}},{"from":[0,0,6],"to":[1,5,7],"faces":{"north":{"uv":[0,9,1,14],"texture":"#0"},"east":{"uv":[0,9,1,14],"texture":"#0"},"south":{"uv":[0,9,1,14],"texture":"#0"},"west":{"uv":[0,9,1,14],"texture":"#0"},"up":{"uv":[0,9,1,10],"texture":"#0"},"down":{"uv":[0,9,1,10],"texture":"#0"}}},{"from":[15,0,6],"to":[16,5,7],"faces":{"north":{"uv":[0,9,1,14],"texture":"#0"},"east":{"uv":[0,9,1,14],"texture":"#0"},"south":{"uv":[0,9,1,14],"texture":"#0"},"west":{"uv":[0,9,1,14],"texture":"#0"},"up":{"uv":[0,9,1,10],"texture":"#0"},"down":{"uv":[0,9,1,10],"texture":"#0"}}},{"from":[15,0,0],"to":[16,5,1],"faces":{"north":{"uv":[0,9,1,14],"texture":"#0"},"east":{"uv":[0,9,1,14],"texture":"#0"},"south":{"uv":[0,9,1,14],"texture":"#0"},"west":{"uv":[0,9,1,14],"texture":"#0"},"up":{"uv":[0,9,1,10],"texture":"#0"},"down":{"uv":[0,9,1,10],"texture":"#0"}}},{"from":[0,0,0],"to":[1,5,1],"faces":{"north":{"uv":[0,9,1,14],"texture":"#0"},"east":{"uv":[0,9,1,14],"texture":"#0"},"south":{"uv":[0,9,1,14],"texture":"#0"},"west":{"uv":[0,9,1,14],"texture":"#0"},"up":{"uv":[0,9,1,10],"texture":"#0"},"down":{"uv":[0,9,1,10],"texture":"#0"}}},{"from":[3,-5,0],"to":[4,0,1],"faces":{"north":{"uv":[0,3,1,4],"texture":"#0"},"east":{"uv":[0,3,1,4],"texture":"#0"},"south":{"uv":[0,3,1,4],"texture":"#0"},"west":{"uv":[0,3,1,4],"texture":"#0"},"up":{"uv":[0,3,1,4],"texture":"#0"},"down":{"uv":[0,3,1,4],"texture":"#0"}}},{"from":[12,-5,0],"to":[13,0,1],"rotation":{"angle":0,"axis":"y","origin":[9,0,0]},"faces":{"north":{"uv":[0,3,1,4],"texture":"#0"},"east":{"uv":[0,3,1,4],"texture":"#0"},"south":{"uv":[0,3,1,4],"texture":"#0"},"west":{"uv":[0,3,1,4],"texture":"#0"},"up":{"uv":[0,3,1,4],"texture":"#0"},"down":{"uv":[0,3,1,4],"texture":"#0"}}},{"from":[3,-1,4],"to":[4,0,6],"rotation":{"angle":0,"axis":"y","origin":[0,0,-1]},"faces":{"north":{"uv":[0,3,1,4],"rotation":90,"texture":"#0"},"east":{"uv":[0,3,1,4],"rotation":90,"texture":"#0"},"south":{"uv":[0,3,1,4],"rotation":90,"texture":"#0"},"west":{"uv":[0,3,1,4],"rotation":90,"texture":"#0"},"up":{"uv":[0,3,1,4],"rotation":90,"texture":"#0"},"down":{"uv":[0,3,1,4],"rotation":90,"texture":"#0"}}},{"from":[12,-1,4],"to":[13,0,6],"rotation":{"angle":0,"axis":"y","origin":[9,0,-1]},"faces":{"north":{"uv":[0,3,1,4],"rotation":90,"texture":"#0"},"east":{"uv":[0,3,1,4],"rotation":90,"texture":"#0"},"south":{"uv":[0,3,1,4],"rotation":90,"texture":"#0"},"west":{"uv":[0,3,1,4],"rotation":90,"texture":"#0"},"up":{"uv":[0,3,1,4],"rotation":90,"texture":"#0"},"down":{"uv":[0,3,1,4],"rotation":90,"texture":"#0"}}},{"from":[3.01,-4.2294,0.15328],"to":[3.99,-2.2294,1.15328],"rotation":{"angle":22.5,"axis":"x","origin":[3.5,-3.7294,0.65328]},"faces":{"north":{"uv":[0,3,1,4],"texture":"#0"},"east":{"uv":[0,3,1,4],"texture":"#0"},"south":{"uv":[0,3,1,4],"texture":"#0"},"west":{"uv":[0,3,1,4],"texture":"#0"},"up":{"uv":[0,3,1,4],"texture":"#0"},"down":{"uv":[0,3,1,4],"texture":"#0"}}},{"from":[12.01,-4.2294,0.15328],"to":[12.99,-2.2294,1.15328],"rotation":{"angle":22.5,"axis":"x","origin":[12.5,-3.7294,0.65328]},"faces":{"north":{"uv":[0,3,1,4],"texture":"#0"},"east":{"uv":[0,3,1,4],"texture":"#0"},"south":{"uv":[0,3,1,4],"texture":"#0"},"west":{"uv":[0,3,1,4],"texture":"#0"},"up":{"uv":[0,3,1,4],"texture":"#0"},"down":{"uv":[0,3,1,4],"texture":"#0"}}},{"from":[3.01,-2.79869,1.32603],"to":[3.99,-0.79869,2.32603],"rotation":{"angle":45,"axis":"x","origin":[3.5,-1.79869,1.82603]},"faces":{"north":{"uv":[0,3,1,4],"texture":"#0"},"east":{"uv":[0,3,1,4],"texture":"#0"},"south":{"uv":[0,3,1,4],"texture":"#0"},"west":{"uv":[0,3,1,4],"texture":"#0"},"up":{"uv":[0,3,1,4],"texture":"#0"},"down":{"uv":[0,3,1,4],"texture":"#0"}}},{"from":[12.01,-2.79869,1.32603],"to":[12.99,-0.79869,2.32603],"rotation":{"angle":45,"axis":"x","origin":[12.5,-1.79869,1.82603]},"faces":{"north":{"uv":[0,3,1,4],"texture":"#0"},"east":{"uv":[0,3,1,4],"texture":"#0"},"south":{"uv":[0,3,1,4],"texture":"#0"},"west":{"uv":[0,3,1,4],"texture":"#0"},"up":{"uv":[0,3,1,4],"texture":"#0"},"down":{"uv":[0,3,1,4],"texture":"#0"}}},{"from":[3,-1.31728,2.2948],"to":[4,-0.31728,4.2948],"rotation":{"angle":-22.5,"axis":"x","origin":[3.5,-0.81728,3.2948]},"faces":{"north":{"uv":[0,3,1,4],"rotation":90,"texture":"#0"},"east":{"uv":[0,3,1,4],"rotation":90,"texture":"#0"},"south":{"uv":[0,3,1,4],"rotation":90,"texture":"#0"},"west":{"uv":[0,3,1,4],"rotation":90,"texture":"#0"},"up":{"uv":[0,3,1,4],"rotation":90,"texture":"#0"},"down":{"uv":[0,3,1,4],"rotation":90,"texture":"#0"}}},{"from":[12,-1.31728,2.2948],"to":[13,-0.31728,4.2948],"rotation":{"angle":-22.5,"axis":"x","origin":[12.5,-0.81728,3.2948]},"faces":{"north":{"uv":[0,3,1,4],"rotation":90,"texture":"#0"},"east":{"uv":[0,3,1,4],"rotation":90,"texture":"#0"},"south":{"uv":[0,3,1,4],"rotation":90,"texture":"#0"},"west":{"uv":[0,3,1,4],"rotation":90,"texture":"#0"},"up":{"uv":[0,3,1,4],"rotation":90,"texture":"#0"},"down":{"uv":[0,3,1,4],"rotation":90,"texture":"#0"}}},{"from":[3.5,-2,1],"to":[3.5,0,2],"faces":{"north":{"uv":[0,2,1,3],"texture":"#0"},"east":{"uv":[0,2,1,3],"texture":"#0"},"south":{"uv":[0,2,1,3],"texture":"#0"},"west":{"uv":[0,2,1,3],"texture":"#0"},"up":{"uv":[0,2,1,3],"texture":"#0"},"down":{"uv":[0,2,1,3],"texture":"#0"}}},{"from":[12.5,-2,1],"to":[12.5,0,2],"rotation":{"angle":0,"axis":"y","origin":[9,0,0]},"faces":{"north":{"uv":[0,2,1,3],"texture":"#0"},"east":{"uv":[0,2,1,3],"texture":"#0"},"south":{"uv":[0,2,1,3],"texture":"#0"},"west":{"uv":[0,2,1,3],"texture":"#0"},"up":{"uv":[0,2,1,3],"texture":"#0"},"down":{"uv":[0,2,1,3],"texture":"#0"}}},{"from":[3.5,-1,2],"to":[3.5,0,4],"faces":{"north":{"uv":[0,2,1,3],"texture":"#0"},"east":{"uv":[0,2,1,3],"texture":"#0"},"south":{"uv":[0,2,1,3],"texture":"#0"},"west":{"uv":[0,2,1,3],"texture":"#0"},"up":{"uv":[0,2,1,3],"texture":"#0"},"down":{"uv":[0,2,1,3],"texture":"#0"}}},{"from":[12.5,-1,2],"to":[12.5,0,4],"rotation":{"angle":0,"axis":"y","origin":[9,0,0]},"faces":{"north":{"uv":[0,2,1,3],"texture":"#0"},"east":{"uv":[0,2,1,3],"texture":"#0"},"south":{"uv":[0,2,1,3],"texture":"#0"},"west":{"uv":[0,2,1,3],"texture":"#0"},"up":{"uv":[0,2,1,3],"texture":"#0"},"down":{"uv":[0,2,1,3],"texture":"#0"}}},{"from":[0.37279,3.48804,3.28716],"to":[7.95698,11.91492,3.29243],"rotation":{"angle":45,"axis":"y","origin":[4.86789,23.19116,2.99016],"rescale":true},"faces":{"north":{"uv":[0,0,16,16],"texture":"#2"},"east":{"uv":[0,0,0,0],"texture":"#2"},"south":{"uv":[0,0,16,16],"texture":"#2"},"west":{"uv":[0,0,0,0],"texture":"#2"},"up":{"uv":[0,0,0,0],"texture":"#2"},"down":{"uv":[0,0,0,0],"texture":"#2"}}},{"from":[4.16489,3.48804,-0.50494],"to":[4.17015,11.91492,7.07926],"rotation":{"angle":45,"axis":"y","origin":[4.86789,23.19116,2.99016],"rescale":true},"faces":{"north":{"uv":[0,0,0,0],"texture":"#2"},"east":{"uv":[0,0,16,16],"texture":"#2"},"south":{"uv":[0,0,0,0],"texture":"#2"},"west":{"uv":[0,0,16,16],"texture":"#2"},"up":{"uv":[0,0,0,0],"texture":"#2"},"down":{"uv":[0,0,0,0],"texture":"#2"}}},{"from":[7.89679,3.48804,2.89116],"to":[15.48098,11.91492,2.89643],"rotation":{"angle":45,"axis":"y","origin":[12.88689,23.19116,2.99016],"rescale":true},"faces":{"north":{"uv":[0,0,16,16],"texture":"#2"},"east":{"uv":[0,0,0,0],"texture":"#2"},"south":{"uv":[0,0,16,16],"texture":"#2"},"west":{"uv":[0,0,0,0],"texture":"#2"},"up":{"uv":[0,0,0,0],"texture":"#2"},"down":{"uv":[0,0,0,0],"texture":"#2"}}},{"from":[11.68889,3.48804,-0.90094],"to":[11.69415,11.91492,6.68326],"rotation":{"angle":45,"axis":"y","origin":[12.88689,23.19116,2.99016],"rescale":true},"faces":{"north":{"uv":[0,0,0,0],"texture":"#2"},"east":{"uv":[0,0,16,16],"texture":"#2"},"south":{"uv":[0,0,0,0],"texture":"#2"},"west":{"uv":[0,0,16,16],"texture":"#2"},"up":{"uv":[0,0,0,0],"texture":"#2"},"down":{"uv":[0,0,0,0],"texture":"#2"}}},{"from":[3.60019,4.50772,4.53852],"to":[11.18438,12.9346,4.54379],"rotation":{"angle":45,"axis":"y","origin":[7.50129,23.19116,4.04352],"rescale":true},"faces":{"north":{"uv":[0,0,16,16],"texture":"#2"},"east":{"uv":[0,0,0,0],"texture":"#2"},"south":{"uv":[0,0,16,16],"texture":"#2"},"west":{"uv":[0,0,0,0],"texture":"#2"},"up":{"uv":[0,0,0,0],"texture":"#2"},"down":{"uv":[0,0,0,0],"texture":"#2"}}},{"from":[7.39229,4.50772,0.74642],"to":[7.39755,12.9346,8.33062],"rotation":{"angle":45,"axis":"y","origin":[7.50129,23.19116,4.04352],"rescale":true},"faces":{"north":{"uv":[0,0,0,0],"texture":"#2"},"east":{"uv":[0,0,16,16],"texture":"#2"},"south":{"uv":[0,0,0,0],"texture":"#2"},"west":{"uv":[0,0,16,16],"texture":"#2"},"up":{"uv":[0,0,0,0],"texture":"#2"},"down":{"uv":[0,0,0,0],"texture":"#2"}}}],"display":{"thirdperson_righthand":{"rotation":[75,180,0],"translation":[0,2.5,0],"scale":[0.375,0.375,0.375]},"thirdperson_lefthand":{"rotation":[75,180,0],"translation":[0,2.5,0],"scale":[0.375,0.375,0.375]},"firstperson_righthand":{"rotation":[0,180,0],"scale":[0.4,0.4,0.4]},"firstperson_lefthand":{"rotation":[0,180,0],"scale":[0.4,0.4,0.4]},"ground":{"translation":[0,3,0],"scale":[0.5,0.5,0.5]},"gui":{"rotation":[30,29,0],"translation":[2,1,0],"scale":[0.8,0.8,0.8]},"head":{"rotation":[0,-180,0],"translation":[0,0,-14.25]},"fixed":{"rotation":[0,180,0],"translation":[0,17,-15],"scale":[2,2,2]}},"groups":[0,{"name":"box","origin":[8,8,8],"children":[1,2,3,4,5,6,7,8,9,10,11,12,13,14,15,16,17,18,19,20,21,22,23,24,25,26,27]},{"name":"BRACES","origin":[0,0,0],"children":[28,29,30,31,32,33,34,35,36,37,38,39,40,41]},{"name":"flowers","origin":[8,8,8],"children":[{"name":"1","origin":[8,8,8],"children":[42,43]},{"name":"2","origin":[8,8,8],"children":[44,45]},{"name":"3","origin":[8,8,8],"children":[46,47]},{"name":"4","origin":[8,8,8],"children":[]}]}]}