{"credit":"Made with Blockbench","parent":"./cit_item","ambientocclusion":false,"textures":{"0":"block/dark_oak_planks","1":"block/dirt","3":"block/sunflower_back","4":"block/sunflower_bottom","2_2":"block/sunflower_front"},"elements":[{"from":[1,4,1],"to":[15,4,6],"faces":{"north":{"uv":[0,0,14,0],"texture":"#missing"},"east":{"uv":[0,0,5,0],"texture":"#missing"},"south":{"uv":[0,0,14,0],"texture":"#missing"},"west":{"uv":[0,0,5,0],"texture":"#missing"},"up":{"uv":[0,0,14,5],"texture":"#1"},"down":{"uv":[0,0,14,5],"texture":"#missing"}}},{"from":[3,1,6],"to":[4,4,6.5],"faces":{"north":{"uv":[0,1,1,2],"texture":"#0"},"east":{"uv":[0,1,1,2],"texture":"#0"},"south":{"uv":[0,1,1,2],"texture":"#0"},"west":{"uv":[0,1,1,2],"texture":"#0"},"up":{"uv":[0,1,1,2],"texture":"#0"},"down":{"uv":[0,1,1,2],"texture":"#0"}}},{"from":[3,1,0.5],"to":[4,4,1],"faces":{"north":{"uv":[0,1,1,2],"texture":"#0"},"east":{"uv":[0,1,1,2],"texture":"#0"},"south":{"uv":[0,1,1,2],"texture":"#0"},"west":{"uv":[0,1,1,2],"texture":"#0"},"up":{"uv":[0,1,1,2],"texture":"#0"},"down":{"uv":[0,1,1,2],"texture":"#0"}}},{"from":[6,1,0.5],"to":[7,4,1],"faces":{"north":{"uv":[0,1,1,2],"texture":"#0"},"east":{"uv":[0,1,1,2],"texture":"#0"},"south":{"uv":[0,1,1,2],"texture":"#0"},"west":{"uv":[0,1,1,2],"texture":"#0"},"up":{"uv":[0,1,1,2],"texture":"#0"},"down":{"uv":[0,1,1,2],"texture":"#0"}}},{"from":[9,1,0.5],"to":[10,4,1],"faces":{"north":{"uv":[0,1,1,2],"texture":"#0"},"east":{"uv":[0,1,1,2],"texture":"#0"},"south":{"uv":[0,1,1,2],"texture":"#0"},"west":{"uv":[0,1,1,2],"texture":"#0"},"up":{"uv":[0,1,1,2],"texture":"#0"},"down":{"uv":[0,1,1,2],"texture":"#0"}}},{"from":[12,1,0.5],"to":[13,4,1],"faces":{"north":{"uv":[0,1,1,2],"texture":"#0"},"east":{"uv":[0,1,1,2],"texture":"#0"},"south":{"uv":[0,1,1,2],"texture":"#0"},"west":{"uv":[0,1,1,2],"texture":"#0"},"up":{"uv":[0,1,1,2],"texture":"#0"},"down":{"uv":[0,1,1,2],"texture":"#0"}}},{"from":[6,1,6],"to":[7,4,6.5],"faces":{"north":{"uv":[0,1,1,2],"texture":"#0"},"east":{"uv":[0,1,1,2],"texture":"#0"},"south":{"uv":[0,1,1,2],"texture":"#0"},"west":{"uv":[0,1,1,2],"texture":"#0"},"up":{"uv":[0,1,1,2],"texture":"#0"},"down":{"uv":[0,1,1,2],"texture":"#0"}}},{"from":[9,1,6],"to":[10,4,6.5],"faces":{"north":{"uv":[0,1,1,2],"texture":"#0"},"east":{"uv":[0,1,1,2],"texture":"#0"},"south":{"uv":[0,1,1,2],"texture":"#0"},"west":{"uv":[0,1,1,2],"texture":"#0"},"up":{"uv":[0,1,1,2],"texture":"#0"},"down":{"uv":[0,1,1,2],"texture":"#0"}}},{"from":[12,1,6],"to":[13,4,6.5],"faces":{"north":{"uv":[0,1,1,2],"texture":"#0"},"east":{"uv":[0,1,1,2],"texture":"#0"},"south":{"uv":[0,1,1,2],"texture":"#0"},"west":{"uv":[0,1,1,2],"texture":"#0"},"up":{"uv":[0,1,1,2],"texture":"#0"},"down":{"uv":[0,1,1,2],"texture":"#0"}}},{"from":[0,1,3],"to":[0.5,4,4],"faces":{"north":{"uv":[0,1,1,2],"texture":"#0"},"east":{"uv":[0,1,1,2],"texture":"#0"},"south":{"uv":[0,1,1,2],"texture":"#0"},"west":{"uv":[0,1,1,2],"texture":"#0"},"up":{"uv":[0,1,1,2],"texture":"#0"},"down":{"uv":[0,1,1,2],"texture":"#0"}}},{"from":[15,1,3],"to":[15.5,4,4],"faces":{"north":{"uv":[0,1,1,2],"texture":"#0"},"east":{"uv":[0,1,1,2],"texture":"#0"},"south":{"uv":[0,1,1,2],"texture":"#0"},"west":{"uv":[0,1,1,2],"texture":"#0"},"up":{"uv":[0,1,1,2],"texture":"#0"},"down":{"uv":[0,1,1,2],"texture":"#0"}}},{"from":[1,0,1],"to":[15,0,6],"faces":{"north":{"uv":[0,0,14,0],"texture":"#missing"},"east":{"uv":[0,0,5,0],"texture":"#missing"},"south":{"uv":[0,0,14,0],"texture":"#missing"},"west":{"uv":[0,0,5,0],"texture":"#missing"},"up":{"uv":[0,0,14,5],"texture":"#missing"},"down":{"uv":[2,2,16,7],"texture":"#0"}}},{"from":[1,4,6],"to":[15,5,7],"faces":{"north":{"uv":[1,8,15,9],"texture":"#0"},"east":{"uv":[1,8,15,9],"texture":"#0"},"south":{"uv":[1,8,15,9],"texture":"#0"},"west":{"uv":[1,8,15,9],"texture":"#0"},"up":{"uv":[1,8,15,9],"texture":"#0"},"down":{"uv":[1,8,15,9],"texture":"#0"}}},{"from":[1,4,0],"to":[15,5,1],"faces":{"north":{"uv":[1,8,15,9],"texture":"#0"},"east":{"uv":[1,8,15,9],"texture":"#0"},"south":{"uv":[1,8,15,9],"texture":"#0"},"west":{"uv":[1,8,15,9],"texture":"#0"},"up":{"uv":[1,8,15,9],"texture":"#0"},"down":{"uv":[1,8,15,9],"texture":"#0"}}},{"from":[1,0,6],"to":[15,1,7],"faces":{"north":{"uv":[1,14,15,15],"texture":"#0"},"east":{"uv":[1,14,15,15],"texture":"#0"},"south":{"uv":[1,14,15,15],"texture":"#0"},"west":{"uv":[1,14,15,15],"texture":"#0"},"up":{"uv":[1,14,15,15],"texture":"#0"},"down":{"uv":[1,14,15,15],"texture":"#0"}}},{"from":[1,0,0],"to":[15,1,1],"faces":{"north":{"uv":[1,14,15,15],"texture":"#0"},"east":{"uv":[1,14,15,15],"texture":"#0"},"south":{"uv":[1,14,15,15],"texture":"#0"},"west":{"uv":[1,14,15,15],"texture":"#0"},"up":{"uv":[1,14,15,15],"texture":"#0"},"down":{"uv":[1,14,15,15],"texture":"#0"}}},{"from":[1,1,6],"to":[15,4,6],"faces":{"north":{"uv":[1,4,15,7],"texture":"#0"},"east":{"uv":[0,0,0,3],"texture":"#missing"},"south":{"uv":[1,4,15,7],"texture":"#0"},"west":{"uv":[0,0,0,3],"texture":"#missing"},"up":{"uv":[0,0,14,0],"texture":"#missing"},"down":{"uv":[0,0,14,0],"texture":"#missing"}}},{"from":[1,1,1],"to":[15,4,1],"faces":{"north":{"uv":[1,4,15,7],"texture":"#0"},"east":{"uv":[0,0,0,3],"texture":"#missing"},"south":{"uv":[1,4,15,7],"texture":"#0"},"west":{"uv":[0,0,0,3],"texture":"#missing"},"up":{"uv":[0,0,14,0],"texture":"#missing"},"down":{"uv":[0,0,14,0],"texture":"#missing"}}},{"from":[0,4,1],"to":[1,5,6],"faces":{"north":{"uv":[4,7,9,8],"texture":"#0"},"east":{"uv":[4,7,9,8],"texture":"#0"},"south":{"uv":[4,7,9,8],"texture":"#0"},"west":{"uv":[4,7,9,8],"texture":"#0"},"up":{"uv":[4,7,9,8],"rotation":90,"texture":"#0"},"down":{"uv":[4,7,9,8],"rotation":90,"texture":"#0"}}},{"from":[0,0,1],"to":[1,1,6],"faces":{"north":{"uv":[4,7,9,8],"texture":"#0"},"east":{"uv":[4,7,9,8],"texture":"#0"},"south":{"uv":[4,7,9,8],"texture":"#0"},"west":{"uv":[4,7,9,8],"texture":"#0"},"up":{"uv":[4,7,9,8],"rotation":90,"texture":"#0"},"down":{"uv":[4,7,9,8],"rotation":90,"texture":"#0"}}},{"from":[15,0,1],"to":[16,1,6],"faces":{"north":{"uv":[4,7,9,8],"texture":"#0"},"east":{"uv":[4,7,9,8],"texture":"#0"},"south":{"uv":[4,7,9,8],"texture":"#0"},"west":{"uv":[4,7,9,8],"texture":"#0"},"up":{"uv":[4,7,9,8],"rotation":90,"texture":"#0"},"down":{"uv":[4,7,9,8],"rotation":90,"texture":"#0"}}},{"from":[15,4,1],"to":[16,5,6],"faces":{"north":{"uv":[4,7,9,8],"texture":"#0"},"east":{"uv":[4,7,9,8],"texture":"#0"},"south":{"uv":[4,7,9,8],"texture":"#0"},"west":{"uv":[4,7,9,8],"texture":"#0"},"up":{"uv":[4,7,9,8],"rotation":90,"texture":"#0"},"down":{"uv":[4,7,9,8],"rotation":90,"texture":"#0"}}},{"from":[1,1,1],"to":[1,4,6],"faces":{"north":{"uv":[0,0,0,3],"texture":"#missing"},"east":{"uv":[10,4,15,7],"texture":"#0"},"south":{"uv":[0,0,0,3],"texture":"#missing"},"west":{"uv":[10,4,15,7],"texture":"#0"},"up":{"uv":[0,0,0,5],"texture":"#missing"},"down":{"uv":[0,0,0,5],"texture":"#missing"}}},{"from":[15,1,1],"to":[15,4,6],"faces":{"north":{"uv":[0,0,0,3],"texture":"#missing"},"east":{"uv":[10,4,15,7],"texture":"#0"},"south":{"uv":[0,0,0,3],"texture":"#missing"},"west":{"uv":[10,4,15,7],"texture":"#0"},"up":{"uv":[0,0,0,5],"texture":"#missing"},"down":{"uv":[0,0,0,5],"texture":"#missing"}}},{"from":[0,0,6],"to":[1,5,7],"faces":{"north":{"uv":[0,9,1,14],"texture":"#0"},"east":{"uv":[0,9,1,14],"texture":"#0"},"south":{"uv":[0,9,1,14],"texture":"#0"},"west":{"uv":[0,9,1,14],"texture":"#0"},"up":{"uv":[0,9,1,10],"texture":"#0"},"down":{"uv":[0,9,1,10],"texture":"#0"}}},{"from":[15,0,6],"to":[16,5,7],"faces":{"north":{"uv":[0,9,1,14],"texture":"#0"},"east":{"uv":[0,9,1,14],"texture":"#0"},"south":{"uv":[0,9,1,14],"texture":"#0"},"west":{"uv":[0,9,1,14],"texture":"#0"},"up":{"uv":[0,9,1,10],"texture":"#0"},"down":{"uv":[0,9,1,10],"texture":"#0"}}},{"from":[15,0,0],"to":[16,5,1],"faces":{"north":{"uv":[0,9,1,14],"texture":"#0"},"east":{"uv":[0,9,1,14],"texture":"#0"},"south":{"uv":[0,9,1,14],"texture":"#0"},"west":{"uv":[0,9,1,14],"texture":"#0"},"up":{"uv":[0,9,1,10],"texture":"#0"},"down":{"uv":[0,9,1,10],"texture":"#0"}}},{"from":[0,0,0],"to":[1,5,1],"faces":{"north":{"uv":[0,9,1,14],"texture":"#0"},"east":{"uv":[0,9,1,14],"texture":"#0"},"south":{"uv":[0,9,1,14],"texture":"#0"},"west":{"uv":[0,9,1,14],"texture":"#0"},"up":{"uv":[0,9,1,10],"texture":"#0"},"down":{"uv":[0,9,1,10],"texture":"#0"}}},{"from":[3,-5,0],"to":[4,0,1],"faces":{"north":{"uv":[0,3,1,4],"texture":"#0"},"east":{"uv":[0,3,1,4],"texture":"#0"},"south":{"uv":[0,3,1,4],"texture":"#0"},"west":{"uv":[0,3,1,4],"texture":"#0"},"up":{"uv":[0,3,1,4],"texture":"#0"},"down":{"uv":[0,3,1,4],"texture":"#0"}}},{"from":[12,-5,0],"to":[13,0,1],"rotation":{"angle":0,"axis":"y","origin":[9,0,0]},"faces":{"north":{"uv":[0,3,1,4],"texture":"#0"},"east":{"uv":[0,3,1,4],"texture":"#0"},"south":{"uv":[0,3,1,4],"texture":"#0"},"west":{"uv":[0,3,1,4],"texture":"#0"},"up":{"uv":[0,3,1,4],"texture":"#0"},"down":{"uv":[0,3,1,4],"texture":"#0"}}},{"from":[3,-1,4],"to":[4,0,6],"rotation":{"angle":0,"axis":"y","origin":[0,0,-1]},"faces":{"north":{"uv":[0,3,1,4],"rotation":90,"texture":"#0"},"east":{"uv":[0,3,1,4],"rotation":90,"texture":"#0"},"south":{"uv":[0,3,1,4],"rotation":90,"texture":"#0"},"west":{"uv":[0,3,1,4],"rotation":90,"texture":"#0"},"up":{"uv":[0,3,1,4],"rotation":90,"texture":"#0"},"down":{"uv":[0,3,1,4],"rotation":90,"texture":"#0"}}},{"from":[12,-1,4],"to":[13,0,6],"rotation":{"angle":0,"axis":"y","origin":[9,0,-1]},"faces":{"north":{"uv":[0,3,1,4],"rotation":90,"texture":"#0"},"east":{"uv":[0,3,1,4],"rotation":90,"texture":"#0"},"south":{"uv":[0,3,1,4],"rotation":90,"texture":"#0"},"west":{"uv":[0,3,1,4],"rotation":90,"texture":"#0"},"up":{"uv":[0,3,1,4],"rotation":90,"texture":"#0"},"down":{"uv":[0,3,1,4],"rotation":90,"texture":"#0"}}},{"from":[3.01,-4.2294,0.15328],"to":[3.99,-2.2294,1.15328],"rotation":{"angle":22.5,"axis":"x","origin":[3.5,-3.7294,0.65328]},"faces":{"north":{"uv":[0,3,1,4],"texture":"#0"},"east":{"uv":[0,3,1,4],"texture":"#0"},"south":{"uv":[0,3,1,4],"texture":"#0"},"west":{"uv":[0,3,1,4],"texture":"#0"},"up":{"uv":[0,3,1,4],"texture":"#0"},"down":{"uv":[0,3,1,4],"texture":"#0"}}},{"from":[12.01,-4.2294,0.15328],"to":[12.99,-2.2294,1.15328],"rotation":{"angle":22.5,"axis":"x","origin":[12.5,-3.7294,0.65328]},"faces":{"north":{"uv":[0,3,1,4],"texture":"#0"},"east":{"uv":[0,3,1,4],"texture":"#0"},"south":{"uv":[0,3,1,4],"texture":"#0"},"west":{"uv":[0,3,1,4],"texture":"#0"},"up":{"uv":[0,3,1,4],"texture":"#0"},"down":{"uv":[0,3,1,4],"texture":"#0"}}},{"from":[3.01,-2.79869,1.32603],"to":[3.99,-0.79869,2.32603],"rotation":{"angle":45,"axis":"x","origin":[3.5,-1.79869,1.82603]},"faces":{"north":{"uv":[0,3,1,4],"texture":"#0"},"east":{"uv":[0,3,1,4],"texture":"#0"},"south":{"uv":[0,3,1,4],"texture":"#0"},"west":{"uv":[0,3,1,4],"texture":"#0"},"up":{"uv":[0,3,1,4],"texture":"#0"},"down":{"uv":[0,3,1,4],"texture":"#0"}}},{"from":[12.01,-2.79869,1.32603],"to":[12.99,-0.79869,2.32603],"rotation":{"angle":45,"axis":"x","origin":[12.5,-1.79869,1.82603]},"faces":{"north":{"uv":[0,3,1,4],"texture":"#0"},"east":{"uv":[0,3,1,4],"texture":"#0"},"south":{"uv":[0,3,1,4],"texture":"#0"},"west":{"uv":[0,3,1,4],"texture":"#0"},"up":{"uv":[0,3,1,4],"texture":"#0"},"down":{"uv":[0,3,1,4],"texture":"#0"}}},{"from":[3,-1.31728,2.2948],"to":[4,-0.31728,4.2948],"rotation":{"angle":-22.5,"axis":"x","origin":[3.5,-0.81728,3.2948]},"faces":{"north":{"uv":[0,3,1,4],"rotation":90,"texture":"#0"},"east":{"uv":[0,3,1,4],"rotation":90,"texture":"#0"},"south":{"uv":[0,3,1,4],"rotation":90,"texture":"#0"},"west":{"uv":[0,3,1,4],"rotation":90,"texture":"#0"},"up":{"uv":[0,3,1,4],"rotation":90,"texture":"#0"},"down":{"uv":[0,3,1,4],"rotation":90,"texture":"#0"}}},{"from":[12,-1.31728,2.2948],"to":[13,-0.31728,4.2948],"rotation":{"angle":-22.5,"axis":"x","origin":[12.5,-0.81728,3.2948]},"faces":{"north":{"uv":[0,3,1,4],"rotation":90,"texture":"#0"},"east":{"uv":[0,3,1,4],"rotation":90,"texture":"#0"},"south":{"uv":[0,3,1,4],"rotation":90,"texture":"#0"},"west":{"uv":[0,3,1,4],"rotation":90,"texture":"#0"},"up":{"uv":[0,3,1,4],"rotation":90,"texture":"#0"},"down":{"uv":[0,3,1,4],"rotation":90,"texture":"#0"}}},{"from":[3.5,-2,1],"to":[3.5,0,2],"faces":{"north":{"uv":[0,2,1,3],"texture":"#0"},"east":{"uv":[0,2,1,3],"texture":"#0"},"south":{"uv":[0,2,1,3],"texture":"#0"},"west":{"uv":[0,2,1,3],"texture":"#0"},"up":{"uv":[0,2,1,3],"texture":"#0"},"down":{"uv":[0,2,1,3],"texture":"#0"}}},{"from":[12.5,-2,1],"to":[12.5,0,2],"rotation":{"angle":0,"axis":"y","origin":[9,0,0]},"faces":{"north":{"uv":[0,2,1,3],"texture":"#0"},"east":{"uv":[0,2,1,3],"texture":"#0"},"south":{"uv":[0,2,1,3],"texture":"#0"},"west":{"uv":[0,2,1,3],"texture":"#0"},"up":{"uv":[0,2,1,3],"texture":"#0"},"down":{"uv":[0,2,1,3],"texture":"#0"}}},{"from":[3.5,-1,2],"to":[3.5,0,4],"faces":{"north":{"uv":[0,2,1,3],"texture":"#0"},"east":{"uv":[0,2,1,3],"texture":"#0"},"south":{"uv":[0,2,1,3],"texture":"#0"},"west":{"uv":[0,2,1,3],"texture":"#0"},"up":{"uv":[0,2,1,3],"texture":"#0"},"down":{"uv":[0,2,1,3],"texture":"#0"}}},{"from":[12.5,-1,2],"to":[12.5,0,4],"rotation":{"angle":0,"axis":"y","origin":[9,0,0]},"faces":{"north":{"uv":[0,2,1,3],"texture":"#0"},"east":{"uv":[0,2,1,3],"texture":"#0"},"south":{"uv":[0,2,1,3],"texture":"#0"},"west":{"uv":[0,2,1,3],"texture":"#0"},"up":{"uv":[0,2,1,3],"texture":"#0"},"down":{"uv":[0,2,1,3],"texture":"#0"}}},{"from":[1.66489,4.73804,-1.75494],"to":[1.66489,12.73804,6.24506],"rotation":{"angle":45,"axis":"y","origin":[4.86789,17.19116,1.49016],"rescale":true},"faces":{"north":{"uv":[0,0,0,0],"texture":"#2_2"},"east":{"uv":[0,0,16,16],"texture":"#3"},"south":{"uv":[0,0,0,0],"texture":"#2_2"},"west":{"uv":[0,0,16,16],"texture":"#2_2"},"up":{"uv":[0,0,0,0],"texture":"#2_2"},"down":{"uv":[0,0,0,0],"texture":"#2_2"}}},{"from":[1.67744,3.23804,7.88803],"to":[9.67744,11.23804,7.88803],"rotation":{"angle":-45,"axis":"y","origin":[9.17744,7.23804,4.88803],"rescale":true},"faces":{"north":{"uv":[0,0,16,16],"texture":"#4"},"east":{"uv":[0,0,0,0],"texture":"#2_2"},"south":{"uv":[0,0,16,16],"texture":"#4"},"west":{"uv":[0,0,0,0],"texture":"#2_2"},"up":{"uv":[0,0,0,0],"texture":"#2_2"},"down":{"uv":[0,0,0,0],"texture":"#2_2"}}},{"from":[5.08406,4.73804,-1.96615],"to":[5.08406,12.73804,2.03385],"rotation":{"angle":-45,"axis":"y","origin":[-0.16594,8.73804,0.03385]},"faces":{"north":{"uv":[0,0,0,8],"texture":"#missing"},"east":{"uv":[8,0,0,16],"texture":"#3"},"south":{"uv":[0,0,0,8],"texture":"#missing"},"west":{"uv":[0,0,8,16],"texture":"#3"},"up":{"uv":[0,0,0,4],"texture":"#missing"},"down":{"uv":[0,0,0,4],"texture":"#missing"}}},{"from":[6.32692,4.73804,11.78942],"to":[6.32692,12.73804,15.78942],"rotation":{"angle":-45,"axis":"y","origin":[12.07692,8.73804,3.78942]},"faces":{"north":{"uv":[0,0,0,8],"texture":"#missing"},"east":{"uv":[0,0,8,16],"texture":"#2_2"},"south":{"uv":[0,0,0,8],"texture":"#missing"},"west":{"uv":[8,0,0,16],"texture":"#2_2"},"up":{"uv":[0,0,0,4],"texture":"#missing"},"down":{"uv":[0,0,0,4],"texture":"#missing"}}},{"from":[7.39679,4.73804,3.64116],"to":[15.39679,12.73804,3.64116],"rotation":{"angle":45,"axis":"y","origin":[12.88689,17.19116,1.49016],"rescale":true},"faces":{"north":{"uv":[0,0,16,16],"texture":"#3"},"east":{"uv":[0,0,0,0],"texture":"#2_2"},"south":{"uv":[0,0,16,16],"texture":"#2_2"},"west":{"uv":[0,0,0,0],"texture":"#2_2"},"up":{"uv":[0,0,0,0],"texture":"#2_2"},"down":{"uv":[0,0,0,0],"texture":"#2_2"}}},{"from":[7.39679,3.23804,3.39116],"to":[15.39679,11.23804,3.39116],"rotation":{"angle":45,"axis":"y","origin":[12.88689,17.19116,1.49016],"rescale":true},"faces":{"north":{"uv":[0,0,16,16],"texture":"#4"},"east":{"uv":[0,0,0,0],"texture":"#2_2"},"south":{"uv":[0,0,16,16],"texture":"#4"},"west":{"uv":[0,0,0,0],"texture":"#2_2"},"up":{"uv":[0,0,0,0],"texture":"#2_2"},"down":{"uv":[0,0,0,0],"texture":"#2_2"}}},{"from":[10.23553,4.75772,1.7505],"to":[10.23553,12.75772,5.7505],"rotation":{"angle":45,"axis":"y","origin":[10.98553,9.75772,1.5005]},"faces":{"north":{"uv":[0,0,0,8],"texture":"#missing"},"east":{"uv":[8,0,0,16],"texture":"#3"},"south":{"uv":[0,0,0,8],"texture":"#missing"},"west":{"uv":[0,0,8,16],"texture":"#3"},"up":{"uv":[0,0,0,4],"texture":"#missing"},"down":{"uv":[0,0,0,4],"texture":"#missing"}}},{"from":[11.05618,4.73804,10.88955],"to":[11.05618,12.73804,14.88955],"rotation":{"angle":45,"axis":"y","origin":[5.30618,8.73804,4.88955]},"faces":{"north":{"uv":[0,0,0,8],"texture":"#missing"},"east":{"uv":[0,0,8,16],"texture":"#2_2"},"south":{"uv":[0,0,0,8],"texture":"#missing"},"west":{"uv":[8,0,0,16],"texture":"#2_2"},"up":{"uv":[0,0,0,4],"texture":"#missing"},"down":{"uv":[0,0,0,4],"texture":"#missing"}}},{"from":[3.80722,5.75772,3.50017],"to":[11.80722,13.75772,3.50017],"rotation":{"angle":0,"axis":"y","origin":[7.59931,9.97116,3.50281],"rescale":true},"faces":{"north":{"uv":[0,0,16,16],"texture":"#3"},"east":{"uv":[0,0,0,0],"texture":"#2_2"},"south":{"uv":[0,0,16,16],"texture":"#2_2"},"west":{"uv":[0,0,0,0],"texture":"#2_2"},"up":{"uv":[0,0,0,0],"texture":"#2_2"},"down":{"uv":[0,0,0,0],"texture":"#2_2"}}},{"from":[5.17744,3.23804,3.38803],"to":[13.17744,11.23804,3.38803],"rotation":{"angle":0,"axis":"y","origin":[13.17744,7.23804,3.88803],"rescale":true},"faces":{"north":{"uv":[0,0,16,16],"texture":"#4"},"east":{"uv":[0,0,0,0],"texture":"#2_2"},"south":{"uv":[0,0,16,16],"texture":"#4"},"west":{"uv":[0,0,0,0],"texture":"#2_2"},"up":{"uv":[0,0,0,0],"texture":"#2_2"},"down":{"uv":[0,0,0,0],"texture":"#2_2"}}},{"from":[7.98553,5.75772,3.5005],"to":[7.98553,13.75772,7.5005],"rotation":{"angle":0,"axis":"y","origin":[2.23553,5.75772,3.5005]},"faces":{"north":{"uv":[0,0,0,8],"texture":"#missing"},"east":{"uv":[0,0,8,16],"texture":"#2_2"},"south":{"uv":[0,0,0,8],"texture":"#missing"},"west":{"uv":[8,0,0,16],"texture":"#2_2"},"up":{"uv":[0,0,0,4],"texture":"#missing"},"down":{"uv":[0,0,0,4],"texture":"#missing"}}},{"from":[7.98553,5.75772,-0.4995],"to":[7.98553,13.75772,3.5005],"rotation":{"angle":0,"axis":"y","origin":[2.23553,5.75772,3.5005]},"faces":{"north":{"uv":[0,0,0,8],"texture":"#missing"},"east":{"uv":[8,0,0,16],"texture":"#3"},"south":{"uv":[0,0,0,8],"texture":"#missing"},"west":{"uv":[0,0,8,16],"texture":"#3"},"up":{"uv":[0,0,0,4],"texture":"#missing"},"down":{"uv":[0,0,0,4],"texture":"#missing"}}}],"display":{"thirdperson_righthand":{"rotation":[75,180,0],"translation":[0,2.5,0],"scale":[0.375,0.375,0.375]},"thirdperson_lefthand":{"rotation":[75,180,0],"translation":[0,2.5,0],"scale":[0.375,0.375,0.375]},"firstperson_righthand":{"rotation":[0,180,0],"scale":[0.4,0.4,0.4]},"firstperson_lefthand":{"rotation":[0,180,0],"scale":[0.4,0.4,0.4]},"ground":{"translation":[0,3,0]},"gui":{"rotation":[30,29,0],"translation":[2,-1.25,0],"scale":[0.8,0.8,0.8]},"head":{"rotation":[0,-180,0],"translation":[0,0,-14.25]},"fixed":{"rotation":[0,180,0],"translation":[0,8,-14.75],"scale":[2,2,2]}},"groups":[0,{"name":"box","origin":[8,8,8],"children":[1,2,3,4,5,6,7,8,9,10,11,12,13,14,15,16,17,18,19,20,21,22,23,24,25,26,27]},{"name":"BRACES","origin":[0,0,0],"children":[28,29,30,31,32,33,34,35,36,37,38,39,40,41]},{"name":"flowers","origin":[8,8,8],"children":[{"name":"1","origin":[8,8,8],"children":[42,43,44,45]},{"name":"2","origin":[8,8,8],"children":[46,47,48,49]},{"name":"3","origin":[8,8,8],"children":[50,51,52,53]}]}]}