{"credit":"Made with Blockbench","textures":{"0":"block/doormat_2","particle":"block/doormat_2"},"elements":[{"from":[0,0,2],"to":[16,1,14],"faces":{"north":{"uv":[0,2,16,3],"texture":"#0"},"east":{"uv":[0,2,12,3],"texture":"#0"},"south":{"uv":[0,2,16,3],"texture":"#0"},"west":{"uv":[0,2,12,3],"texture":"#0"},"up":{"uv":[0,4,16,16],"texture":"#0"},"down":{"uv":[0,4,16,16],"rotation":90,"texture":"#0"}}},{"from":[-1.5,0.5,2],"to":[0,0.5,8],"faces":{"north":{"uv":[0,0,16,2],"rotation":270,"texture":"#0"},"east":{"uv":[0,0,16,2],"rotation":270,"texture":"#0"},"south":{"uv":[0,0,16,2],"rotation":270,"texture":"#0"},"west":{"uv":[0,0,16,2],"rotation":270,"texture":"#0"},"up":{"uv":[0,0,16,2],"rotation":270,"texture":"#0"},"down":{"uv":[0,0,16,2],"rotation":270,"texture":"#0"}}},{"from":[16,0.5,8],"to":[17.5,0.5,14],"rotation":{"angle":0,"axis":"y","origin":[-3.75,0.5,8]},"faces":{"north":{"uv":[0,0,16,2],"rotation":90,"texture":"#0"},"east":{"uv":[0,0,16,2],"rotation":90,"texture":"#0"},"south":{"uv":[0,0,16,2],"rotation":90,"texture":"#0"},"west":{"uv":[0,0,16,2],"rotation":90,"texture":"#0"},"up":{"uv":[0,0,16,2],"rotation":90,"texture":"#0"},"down":{"uv":[0,0,16,2],"rotation":90,"texture":"#0"}}},{"from":[-1.5,0.5,8],"to":[0,0.5,14],"faces":{"north":{"uv":[0,0,16,2],"rotation":270,"texture":"#0"},"east":{"uv":[0,0,16,2],"rotation":270,"texture":"#0"},"south":{"uv":[0,0,16,2],"rotation":270,"texture":"#0"},"west":{"uv":[0,0,16,2],"rotation":270,"texture":"#0"},"up":{"uv":[0,0,16,2],"rotation":270,"texture":"#0"},"down":{"uv":[0,0,16,2],"rotation":270,"texture":"#0"}}},{"from":[16,0.5,2],"to":[17.5,0.5,8],"rotation":{"angle":0,"axis":"y","origin":[-3.75,0.5,8]},"faces":{"north":{"uv":[0,0,16,2],"rotation":270,"texture":"#0"},"east":{"uv":[0,0,16,2],"rotation":270,"texture":"#0"},"south":{"uv":[0,0,16,2],"rotation":270,"texture":"#0"},"west":{"uv":[0,0,16,2],"rotation":270,"texture":"#0"},"up":{"uv":[0,0,16,2],"rotation":90,"texture":"#0"},"down":{"uv":[0,0,16,2],"rotation":90,"texture":"#0"}}}],"display":{"thirdperson_righthand":{"translation":[0,3.25,0],"scale":[0.5,0.5,0.5]},"thirdperson_lefthand":{"translation":[0,3.25,0],"scale":[0.5,0.5,0.5]},"firstperson_righthand":{"translation":[0,3.5,0],"scale":[0.8,0.8,0.8]},"firstperson_lefthand":{"translation":[0,3.5,0],"scale":[0.8,0.8,0.8]},"ground":{"translation":[0,3.5,0]},"gui":{"rotation":[-90,0,0],"scale":[0.7,0.7,0.7]},"fixed":{"rotation":[-90,0,0],"translation":[0,0,-15],"scale":[2,2,2]}}}