{"credit":"Made with Blockbench","textures":{"0":"block/canasto1","1":"block/logs/spruce","2":"block/flowers/sunflower_back","3":"block/flowers/sunflower_front","4":"block/flowers/sunflower_stem","particle":"block/canasto1"},"elements":[{"from":[2,0,0],"to":[13,6,1],"rotation":{"angle":-22.5,"axis":"x","origin":[2,0,0]},"faces":{"north":{"uv":[3,2,12,8],"texture":"#0"},"east":{"uv":[0,0,1,6],"texture":"#missing"},"south":{"uv":[3,2,12,8],"texture":"#0"},"west":{"uv":[12,0,13,6],"texture":"#0"},"up":{"uv":[10,0,11,1],"texture":"#0"},"down":{"uv":[0,8,9,9],"texture":"#0"}}},{"from":[3,0,13],"to":[14,6,14],"rotation":{"angle":-22.5,"axis":"x","origin":[2,0,0]},"faces":{"north":{"uv":[3,2,12,8],"texture":"#0"},"east":{"uv":[12,0,13,6],"texture":"#0"},"south":{"uv":[3,2,12,8],"texture":"#0"},"west":{"uv":[0,0,1,6],"texture":"#missing"},"up":{"uv":[10,0,11,1],"texture":"#0"},"down":{"uv":[0,8,9,9],"texture":"#0"}}},{"from":[2,0,1],"to":[3,6,14],"rotation":{"angle":-22.5,"axis":"x","origin":[2,0,0]},"faces":{"north":{"uv":[0,0,1,6],"texture":"#missing"},"east":{"uv":[0,2,12,8],"texture":"#0"},"south":{"uv":[12,0,13,6],"texture":"#0"},"west":{"uv":[0,2,12,8],"texture":"#0"},"up":{"uv":[10,0,11,1],"texture":"#0"},"down":{"uv":[0,8,1,13],"texture":"#0"}}},{"from":[13,0,0],"to":[14,6,13],"rotation":{"angle":-22.5,"axis":"x","origin":[2,0,0]},"faces":{"north":{"uv":[12,0,13,6],"texture":"#0"},"east":{"uv":[0,2,12,8],"texture":"#0"},"south":{"uv":[0,0,1,6],"texture":"#missing"},"west":{"uv":[0,2,12,8],"texture":"#0"},"up":{"uv":[10,0,11,1],"texture":"#0"},"down":{"uv":[0,8,1,13],"texture":"#0"}}},{"from":[3,0,1],"to":[13,1,13],"rotation":{"angle":-22.5,"axis":"x","origin":[2,0,0]},"faces":{"north":{"uv":[0,0,10,1],"texture":"#missing"},"east":{"uv":[0,0,12,1],"texture":"#missing"},"south":{"uv":[0,0,10,1],"texture":"#missing"},"west":{"uv":[0,0,12,1],"texture":"#missing"},"up":{"uv":[0,8,10,12],"texture":"#0"},"down":{"uv":[0,8,10,12],"texture":"#0"}}},{"from":[0.53553,0,11.19239],"to":[6.53553,5,13.19239],"rotation":{"angle":-22.5,"axis":"y","origin":[3.53553,2,12.19239]},"faces":{"north":{"uv":[5,6,0,0],"rotation":90,"texture":"#1"},"east":{"uv":[0,0,2,5],"texture":"#1"},"south":{"uv":[5,6,0,0],"rotation":90,"texture":"#1"},"west":{"uv":[0,0,2,5],"texture":"#1"},"up":{"uv":[0,0,2,6],"rotation":270,"texture":"#1"},"down":{"uv":[0,0,2,6],"rotation":90,"texture":"#1"}}},{"from":[9.00269,0,11.87117],"to":[15.00269,5,13.87117],"rotation":{"angle":0,"axis":"y","origin":[10.00269,2.5,14.87117]},"faces":{"north":{"uv":[0,0,6,5],"texture":"#1"},"east":{"uv":[0,0,2,5],"texture":"#1"},"south":{"uv":[0,0,6,5],"texture":"#1"},"west":{"uv":[0,0,2,5],"texture":"#1"},"up":{"uv":[0,0,2,6],"rotation":270,"texture":"#1"},"down":{"uv":[0,0,2,6],"rotation":90,"texture":"#1"}}},{"from":[2.5,6.23044,4.15851],"to":[11.5,15.23044,4.15851],"rotation":{"angle":22.5,"axis":"x","origin":[8,8.23044,4.15851]},"faces":{"north":{"uv":[0,0,16,16],"texture":"#3"},"east":{"uv":[0,0,0,12],"texture":"#missing"},"south":{"uv":[16,0,0,16],"texture":"#2"},"west":{"uv":[0,0,0,12],"texture":"#missing"},"up":{"uv":[0,0,12,0],"texture":"#missing"},"down":{"uv":[0,0,12,0],"texture":"#missing"}}},{"from":[4.75,4.73044,4.65851],"to":[13.75,13.73044,4.65851],"rotation":{"angle":22.5,"axis":"x","origin":[8,8.23044,4.15851]},"faces":{"north":{"uv":[0,0,16,16],"texture":"#4"},"east":{"uv":[0,0,0,12],"texture":"#missing"},"south":{"uv":[16,0,0,16],"texture":"#4"},"west":{"uv":[0,0,0,12],"texture":"#missing"},"up":{"uv":[0,0,12,0],"texture":"#missing"},"down":{"uv":[0,0,12,0],"texture":"#missing"}}},{"from":[4.75,6.76118,7.85403],"to":[13.75,15.76118,7.85403],"rotation":{"angle":22.5,"axis":"x","origin":[8,9.76118,7.85403]},"faces":{"north":{"uv":[16,0,0,16],"texture":"#3"},"east":{"uv":[0,0,0,12],"texture":"#missing"},"south":{"uv":[0,0,16,16],"texture":"#2"},"west":{"uv":[0,0,0,12],"texture":"#missing"},"up":{"uv":[0,0,12,0],"texture":"#missing"},"down":{"uv":[0,0,12,0],"texture":"#missing"}}},{"from":[2,4.76118,8.60403],"to":[11,13.76118,8.60403],"rotation":{"angle":22.5,"axis":"x","origin":[8,9.76118,7.85403]},"faces":{"north":{"uv":[16,0,0,16],"texture":"#4"},"east":{"uv":[0,0,0,12],"texture":"#missing"},"south":{"uv":[0,0,16,16],"texture":"#4"},"west":{"uv":[0,0,0,12],"texture":"#missing"},"up":{"uv":[0,0,12,0],"texture":"#missing"},"down":{"uv":[0,0,12,0],"texture":"#missing"}}},{"from":[5,3.94971,0.46299],"to":[14,12.94971,0.46299],"rotation":{"angle":22.5,"axis":"x","origin":[8,6.69971,0.46299]},"faces":{"north":{"uv":[16,16,0,0],"texture":"#3"},"east":{"uv":[0,0,0,12],"texture":"#missing"},"south":{"uv":[0,0,16,16],"texture":"#2"},"west":{"uv":[0,0,0,12],"texture":"#missing"},"up":{"uv":[0,0,12,0],"texture":"#missing"},"down":{"uv":[0,0,12,0],"texture":"#missing"}}},{"from":[2.25,1.44971,1.21299],"to":[11.25,10.44971,1.21299],"rotation":{"angle":22.5,"axis":"x","origin":[8,6.69971,0.46299]},"faces":{"north":{"uv":[16,0,0,16],"texture":"#4"},"east":{"uv":[0,0,0,12],"texture":"#missing"},"south":{"uv":[0,0,16,16],"texture":"#4"},"west":{"uv":[0,0,0,12],"texture":"#missing"},"up":{"uv":[0,0,12,0],"texture":"#missing"},"down":{"uv":[0,0,12,0],"texture":"#missing"}}}],"display":{"thirdperson_righthand":{"scale":[0.5,0.5,0.5]},"thirdperson_lefthand":{"scale":[0.5,0.5,0.5]},"firstperson_righthand":{"scale":[0.5,0.5,0.5]},"firstperson_lefthand":{"scale":[0.5,0.5,0.5]},"ground":{"scale":[0.5,0.5,0.5]},"fixed":{"rotation":[-90,0,0],"translation":[0,2,-15],"scale":[2,2,2]}},"groups":[{"name":"basket","origin":[8,8,8],"children":[0,1,2,3,4]},5,6,7,8,9,10,11,12]}