{"credit":"Made with Blockbench","textures":{"0":"block/bell_side","2":"block/bell_top","3":"block/bell_bottom","4":"block/chain","particle":"block/bell_side"},"elements":[{"from":[5.5,0,5.5],"to":[6.5,5,6.5],"rotation":{"angle":0,"axis":"y","origin":[5.5,0,4.5]},"faces":{"north":{"uv":[1,0,2,5],"texture":"#0"},"east":{"uv":[1,0,2,5],"texture":"#0"},"south":{"uv":[1,0,2,5],"texture":"#0"},"west":{"uv":[1,0,2,5],"texture":"#0"},"up":{"uv":[1,1,2,2],"texture":"#2"},"down":{"uv":[1,1,2,2],"texture":"#3"}}},{"from":[5.5,0,9.5],"to":[6.5,5,10.5],"rotation":{"angle":0,"axis":"y","origin":[5.5,0,4.5]},"faces":{"north":{"uv":[1,0,2,5],"texture":"#0"},"east":{"uv":[1,0,2,5],"texture":"#0"},"south":{"uv":[1,0,2,5],"texture":"#0"},"west":{"uv":[1,0,2,5],"texture":"#0"},"up":{"uv":[1,1,2,2],"texture":"#2"},"down":{"uv":[1,1,2,2],"texture":"#3"}}},{"from":[9.5,0,9.5],"to":[10.5,5,10.5],"rotation":{"angle":0,"axis":"y","origin":[5.5,0,4.5]},"faces":{"north":{"uv":[1,0,2,5],"texture":"#0"},"east":{"uv":[1,0,2,5],"texture":"#0"},"south":{"uv":[1,0,2,5],"texture":"#0"},"west":{"uv":[1,0,2,5],"texture":"#0"},"up":{"uv":[1,1,2,2],"texture":"#2"},"down":{"uv":[1,1,2,2],"texture":"#3"}}},{"from":[9.5,0,5.5],"to":[10.5,5,6.5],"rotation":{"angle":0,"axis":"y","origin":[5.5,0,4.5]},"faces":{"north":{"uv":[1,0,2,5],"texture":"#0"},"east":{"uv":[1,0,2,5],"texture":"#0"},"south":{"uv":[1,0,2,5],"texture":"#0"},"west":{"uv":[1,0,2,5],"texture":"#0"},"up":{"uv":[1,1,2,2],"texture":"#2"},"down":{"uv":[1,1,2,2],"texture":"#3"}}},{"from":[6.5,5,6.5],"to":[7.5,6,7.5],"rotation":{"angle":0,"axis":"y","origin":[6.5,0,5.5]},"faces":{"north":{"uv":[2,2,3,3],"texture":"#2"},"east":{"uv":[2,2,3,3],"texture":"#2"},"south":{"uv":[2,2,3,3],"texture":"#2"},"west":{"uv":[2,2,3,3],"texture":"#2"},"up":{"uv":[2,2,3,3],"texture":"#2"},"down":{"uv":[2,2,3,3],"texture":"#2"}}},{"from":[6.5,5,8.5],"to":[7.5,6,9.5],"rotation":{"angle":0,"axis":"y","origin":[6.5,0,5.5]},"faces":{"north":{"uv":[2,2,3,3],"texture":"#2"},"east":{"uv":[2,2,3,3],"texture":"#2"},"south":{"uv":[2,2,3,3],"texture":"#2"},"west":{"uv":[2,2,3,3],"texture":"#2"},"up":{"uv":[2,2,3,3],"texture":"#2"},"down":{"uv":[2,2,3,3],"texture":"#2"}}},{"from":[8.5,5,8.5],"to":[9.5,6,9.5],"rotation":{"angle":0,"axis":"y","origin":[6.5,0,5.5]},"faces":{"north":{"uv":[2,2,3,3],"texture":"#2"},"east":{"uv":[2,2,3,3],"texture":"#2"},"south":{"uv":[2,2,3,3],"texture":"#2"},"west":{"uv":[2,2,3,3],"texture":"#2"},"up":{"uv":[2,2,3,3],"texture":"#2"},"down":{"uv":[2,2,3,3],"texture":"#2"}}},{"from":[7.5,5,6.5],"to":[8.5,6,7.5],"rotation":{"angle":0,"axis":"y","origin":[6.5,0,5.5]},"faces":{"north":{"uv":[3,2,4,3],"texture":"#2"},"east":{"uv":[3,2,4,3],"texture":"#2"},"south":{"uv":[3,2,4,3],"texture":"#2"},"west":{"uv":[3,2,4,3],"texture":"#2"},"up":{"uv":[3,2,4,3],"texture":"#2"},"down":{"uv":[3,2,4,3],"texture":"#2"}}},{"from":[7.5,5,8.5],"to":[8.5,6,9.5],"rotation":{"angle":0,"axis":"y","origin":[6.5,0,5.5]},"faces":{"north":{"uv":[3,2,4,3],"texture":"#2"},"east":{"uv":[3,2,4,3],"texture":"#2"},"south":{"uv":[3,2,4,3],"texture":"#2"},"west":{"uv":[3,2,4,3],"texture":"#2"},"up":{"uv":[3,2,4,3],"texture":"#2"},"down":{"uv":[3,2,4,3],"texture":"#2"}}},{"from":[8.5,5,7.5],"to":[9.5,6,8.5],"rotation":{"angle":0,"axis":"y","origin":[6.5,0,5.5]},"faces":{"north":{"uv":[3,2,4,3],"texture":"#2"},"east":{"uv":[3,2,4,3],"texture":"#2"},"south":{"uv":[3,2,4,3],"texture":"#2"},"west":{"uv":[3,2,4,3],"texture":"#2"},"up":{"uv":[3,2,4,3],"texture":"#2"},"down":{"uv":[3,2,4,3],"texture":"#2"}}},{"from":[6.5,5,7.5],"to":[7.5,6,8.5],"rotation":{"angle":0,"axis":"y","origin":[6.5,0,5.5]},"faces":{"north":{"uv":[3,2,4,3],"texture":"#2"},"east":{"uv":[3,2,4,3],"texture":"#2"},"south":{"uv":[3,2,4,3],"texture":"#2"},"west":{"uv":[3,2,4,3],"texture":"#2"},"up":{"uv":[3,2,4,3],"texture":"#2"},"down":{"uv":[3,2,4,3],"texture":"#2"}}},{"from":[8.5,5,6.5],"to":[9.5,6,7.5],"rotation":{"angle":0,"axis":"y","origin":[6.5,0,5.5]},"faces":{"north":{"uv":[5,2,6,3],"texture":"#2"},"east":{"uv":[5,2,6,3],"texture":"#2"},"south":{"uv":[5,2,6,3],"texture":"#2"},"west":{"uv":[5,2,6,3],"texture":"#2"},"up":{"uv":[5,2,6,3],"texture":"#2"},"down":{"uv":[5,2,6,3],"texture":"#2"}}},{"from":[4.5,-1,10.5],"to":[5.5,0,11.5],"rotation":{"angle":0,"axis":"y","origin":[5.5,0,-0.5]},"faces":{"north":{"uv":[0,0,1,1],"texture":"#3"},"east":{"uv":[0,0,1,1],"texture":"#3"},"south":{"uv":[0,0,1,1],"texture":"#3"},"west":{"uv":[0,0,1,1],"texture":"#3"},"up":{"uv":[0,0,1,1],"texture":"#3"},"down":{"uv":[0,0,1,1],"texture":"#3"}}},{"from":[4.5,-1,4.5],"to":[5.5,0,5.5],"rotation":{"angle":0,"axis":"y","origin":[5.5,0,-0.5]},"faces":{"north":{"uv":[0,0,1,1],"texture":"#3"},"east":{"uv":[0,0,1,1],"texture":"#3"},"south":{"uv":[0,0,1,1],"texture":"#3"},"west":{"uv":[0,0,1,1],"texture":"#3"},"up":{"uv":[0,0,1,1],"texture":"#3"},"down":{"uv":[0,0,1,1],"texture":"#3"}}},{"from":[10.5,-1,10.5],"to":[11.5,0,11.5],"rotation":{"angle":0,"axis":"y","origin":[5.5,0,-0.5]},"faces":{"north":{"uv":[0,0,1,1],"texture":"#3"},"east":{"uv":[0,0,1,1],"texture":"#3"},"south":{"uv":[0,0,1,1],"texture":"#3"},"west":{"uv":[0,0,1,1],"texture":"#3"},"up":{"uv":[0,0,1,1],"texture":"#3"},"down":{"uv":[0,0,1,1],"texture":"#3"}}},{"from":[10.5,-1,4.5],"to":[11.5,0,5.5],"rotation":{"angle":0,"axis":"y","origin":[5.5,0,-0.5]},"faces":{"north":{"uv":[0,0,1,1],"texture":"#3"},"east":{"uv":[0,0,1,1],"texture":"#3"},"south":{"uv":[0,0,1,1],"texture":"#3"},"west":{"uv":[0,0,1,1],"texture":"#3"},"up":{"uv":[0,0,1,1],"texture":"#3"},"down":{"uv":[0,0,1,1],"texture":"#3"}}},{"from":[5.5,-1,10.5],"to":[6.5,0,11.5],"rotation":{"angle":0,"axis":"y","origin":[5.5,0,-0.5]},"faces":{"north":{"uv":[1,0,2,1],"texture":"#3"},"east":{"uv":[1,0,2,1],"texture":"#3"},"south":{"uv":[1,0,2,1],"texture":"#3"},"west":{"uv":[1,0,2,1],"texture":"#3"},"up":{"uv":[1,0,2,1],"texture":"#3"},"down":{"uv":[1,0,2,1],"texture":"#3"}}},{"from":[5.5,-1,4.5],"to":[6.5,0,5.5],"rotation":{"angle":0,"axis":"y","origin":[5.5,0,-0.5]},"faces":{"north":{"uv":[1,0,2,1],"texture":"#3"},"east":{"uv":[1,0,2,1],"texture":"#3"},"south":{"uv":[1,0,2,1],"texture":"#3"},"west":{"uv":[1,0,2,1],"texture":"#3"},"up":{"uv":[1,0,2,1],"texture":"#3"},"down":{"uv":[1,0,2,1],"texture":"#3"}}},{"from":[6.5,-1,10.5],"to":[7.5,0,11.5],"rotation":{"angle":0,"axis":"y","origin":[5.5,0,-0.5]},"faces":{"north":{"uv":[2,0,3,1],"texture":"#3"},"east":{"uv":[2,0,3,1],"texture":"#3"},"south":{"uv":[2,0,3,1],"texture":"#3"},"west":{"uv":[2,0,3,1],"texture":"#3"},"up":{"uv":[2,0,3,1],"texture":"#3"},"down":{"uv":[2,0,3,1],"texture":"#3"}}},{"from":[6.5,-1,4.5],"to":[7.5,0,5.5],"rotation":{"angle":0,"axis":"y","origin":[5.5,0,-0.5]},"faces":{"north":{"uv":[2,0,3,1],"texture":"#3"},"east":{"uv":[2,0,3,1],"texture":"#3"},"south":{"uv":[2,0,3,1],"texture":"#3"},"west":{"uv":[2,0,3,1],"texture":"#3"},"up":{"uv":[2,0,3,1],"texture":"#3"},"down":{"uv":[2,0,3,1],"texture":"#3"}}},{"from":[9.5,-1,10.5],"to":[10.5,0,11.5],"rotation":{"angle":0,"axis":"y","origin":[5.5,0,-0.5]},"faces":{"north":{"uv":[2,0,3,1],"texture":"#3"},"east":{"uv":[2,0,3,1],"texture":"#3"},"south":{"uv":[2,0,3,1],"texture":"#3"},"west":{"uv":[2,0,3,1],"texture":"#3"},"up":{"uv":[2,0,3,1],"texture":"#3"},"down":{"uv":[2,0,3,1],"texture":"#3"}}},{"from":[10.5,-1,9.5],"to":[11.5,0,10.5],"rotation":{"angle":0,"axis":"y","origin":[5.5,0,-0.5]},"faces":{"north":{"uv":[2,0,3,1],"texture":"#3"},"east":{"uv":[2,0,3,1],"texture":"#3"},"south":{"uv":[2,0,3,1],"texture":"#3"},"west":{"uv":[2,0,3,1],"texture":"#3"},"up":{"uv":[2,0,3,1],"texture":"#3"},"down":{"uv":[2,0,3,1],"texture":"#3"}}},{"from":[4.5,-1,9.5],"to":[5.5,0,10.5],"rotation":{"angle":0,"axis":"y","origin":[5.5,0,-0.5]},"faces":{"north":{"uv":[2,0,3,1],"texture":"#3"},"east":{"uv":[2,0,3,1],"texture":"#3"},"south":{"uv":[2,0,3,1],"texture":"#3"},"west":{"uv":[2,0,3,1],"texture":"#3"},"up":{"uv":[2,0,3,1],"texture":"#3"},"down":{"uv":[2,0,3,1],"texture":"#3"}}},{"from":[10.5,-1,5.5],"to":[11.5,0,6.5],"rotation":{"angle":0,"axis":"y","origin":[5.5,0,-0.5]},"faces":{"north":{"uv":[2,0,3,1],"texture":"#3"},"east":{"uv":[2,0,3,1],"texture":"#3"},"south":{"uv":[2,0,3,1],"texture":"#3"},"west":{"uv":[2,0,3,1],"texture":"#3"},"up":{"uv":[2,0,3,1],"texture":"#3"},"down":{"uv":[2,0,3,1],"texture":"#3"}}},{"from":[4.5,-1,5.5],"to":[5.5,0,6.5],"rotation":{"angle":0,"axis":"y","origin":[5.5,0,-0.5]},"faces":{"north":{"uv":[2,0,3,1],"texture":"#3"},"east":{"uv":[2,0,3,1],"texture":"#3"},"south":{"uv":[2,0,3,1],"texture":"#3"},"west":{"uv":[2,0,3,1],"texture":"#3"},"up":{"uv":[2,0,3,1],"texture":"#3"},"down":{"uv":[2,0,3,1],"texture":"#3"}}},{"from":[9.5,-1,4.5],"to":[10.5,0,5.5],"rotation":{"angle":0,"axis":"y","origin":[5.5,0,-0.5]},"faces":{"north":{"uv":[2,0,3,1],"texture":"#3"},"east":{"uv":[2,0,3,1],"texture":"#3"},"south":{"uv":[2,0,3,1],"texture":"#3"},"west":{"uv":[2,0,3,1],"texture":"#3"},"up":{"uv":[2,0,3,1],"texture":"#3"},"down":{"uv":[2,0,3,1],"texture":"#3"}}},{"from":[8.5,-1,10.5],"to":[9.5,0,11.5],"rotation":{"angle":0,"axis":"y","origin":[5.5,0,-0.5]},"faces":{"north":{"uv":[2,0,3,1],"texture":"#3"},"east":{"uv":[2,0,3,1],"texture":"#3"},"south":{"uv":[2,0,3,1],"texture":"#3"},"west":{"uv":[2,0,3,1],"texture":"#3"},"up":{"uv":[2,0,3,1],"texture":"#3"},"down":{"uv":[2,0,3,1],"texture":"#3"}}},{"from":[10.5,-1,8.5],"to":[11.5,0,9.5],"rotation":{"angle":0,"axis":"y","origin":[5.5,0,-0.5]},"faces":{"north":{"uv":[2,0,3,1],"texture":"#3"},"east":{"uv":[2,0,3,1],"texture":"#3"},"south":{"uv":[2,0,3,1],"texture":"#3"},"west":{"uv":[2,0,3,1],"texture":"#3"},"up":{"uv":[2,0,3,1],"texture":"#3"},"down":{"uv":[2,0,3,1],"texture":"#3"}}},{"from":[4.5,-1,8.5],"to":[5.5,0,9.5],"rotation":{"angle":0,"axis":"y","origin":[5.5,0,-0.5]},"faces":{"north":{"uv":[2,0,3,1],"texture":"#3"},"east":{"uv":[2,0,3,1],"texture":"#3"},"south":{"uv":[2,0,3,1],"texture":"#3"},"west":{"uv":[2,0,3,1],"texture":"#3"},"up":{"uv":[2,0,3,1],"texture":"#3"},"down":{"uv":[2,0,3,1],"texture":"#3"}}},{"from":[10.5,-1,6.5],"to":[11.5,0,7.5],"rotation":{"angle":0,"axis":"y","origin":[5.5,0,-0.5]},"faces":{"north":{"uv":[2,0,3,1],"texture":"#3"},"east":{"uv":[2,0,3,1],"texture":"#3"},"south":{"uv":[2,0,3,1],"texture":"#3"},"west":{"uv":[2,0,3,1],"texture":"#3"},"up":{"uv":[2,0,3,1],"texture":"#3"},"down":{"uv":[2,0,3,1],"texture":"#3"}}},{"from":[4.5,-1,6.5],"to":[5.5,0,7.5],"rotation":{"angle":0,"axis":"y","origin":[5.5,0,-0.5]},"faces":{"north":{"uv":[2,0,3,1],"texture":"#3"},"east":{"uv":[2,0,3,1],"texture":"#3"},"south":{"uv":[2,0,3,1],"texture":"#3"},"west":{"uv":[2,0,3,1],"texture":"#3"},"up":{"uv":[2,0,3,1],"texture":"#3"},"down":{"uv":[2,0,3,1],"texture":"#3"}}},{"from":[8.5,-1,4.5],"to":[9.5,0,5.5],"rotation":{"angle":0,"axis":"y","origin":[5.5,0,-0.5]},"faces":{"north":{"uv":[2,0,3,1],"texture":"#3"},"east":{"uv":[2,0,3,1],"texture":"#3"},"south":{"uv":[2,0,3,1],"texture":"#3"},"west":{"uv":[2,0,3,1],"texture":"#3"},"up":{"uv":[2,0,3,1],"texture":"#3"},"down":{"uv":[2,0,3,1],"texture":"#3"}}},{"from":[7.5,-1,10.5],"to":[8.5,0,11.5],"rotation":{"angle":0,"axis":"y","origin":[5.5,0,-0.5]},"faces":{"north":{"uv":[3,0,4,1],"texture":"#3"},"east":{"uv":[3,0,4,1],"texture":"#3"},"south":{"uv":[3,0,4,1],"texture":"#3"},"west":{"uv":[3,0,4,1],"texture":"#3"},"up":{"uv":[3,0,4,1],"texture":"#3"},"down":{"uv":[3,0,4,1],"texture":"#3"}}},{"from":[10.5,-1,7.5],"to":[11.5,0,8.5],"rotation":{"angle":0,"axis":"y","origin":[5.5,0,-0.5]},"faces":{"north":{"uv":[3,0,4,1],"texture":"#3"},"east":{"uv":[3,0,4,1],"texture":"#3"},"south":{"uv":[3,0,4,1],"texture":"#3"},"west":{"uv":[3,0,4,1],"texture":"#3"},"up":{"uv":[3,0,4,1],"texture":"#3"},"down":{"uv":[3,0,4,1],"texture":"#3"}}},{"from":[4.5,-1,7.5],"to":[5.5,0,8.5],"rotation":{"angle":0,"axis":"y","origin":[5.5,0,-0.5]},"faces":{"north":{"uv":[3,0,4,1],"texture":"#3"},"east":{"uv":[3,0,4,1],"texture":"#3"},"south":{"uv":[3,0,4,1],"texture":"#3"},"west":{"uv":[3,0,4,1],"texture":"#3"},"up":{"uv":[3,0,4,1],"texture":"#3"},"down":{"uv":[3,0,4,1],"texture":"#3"}}},{"from":[7.5,-1,4.5],"to":[8.5,0,5.5],"rotation":{"angle":0,"axis":"y","origin":[5.5,0,-0.5]},"faces":{"north":{"uv":[3,0,4,1],"texture":"#3"},"east":{"uv":[3,0,4,1],"texture":"#3"},"south":{"uv":[3,0,4,1],"texture":"#3"},"west":{"uv":[3,0,4,1],"texture":"#3"},"up":{"uv":[3,0,4,1],"texture":"#3"},"down":{"uv":[3,0,4,1],"texture":"#3"}}},{"from":[7.5,6,7.5],"to":[8.5,7,8.5],"rotation":{"angle":0,"axis":"y","origin":[8.5,7,5.5]},"faces":{"north":{"uv":[4,3,5,4],"texture":"#2"},"east":{"uv":[4,3,5,4],"texture":"#2"},"south":{"uv":[4,3,5,4],"texture":"#2"},"west":{"uv":[4,3,5,4],"texture":"#2"},"up":{"uv":[4,3,5,4],"texture":"#2"},"down":{"uv":[4,3,5,4],"texture":"#2"}}},{"from":[9.5,0,8.5],"to":[10.5,5,9.5],"rotation":{"angle":0,"axis":"y","origin":[7.5,5,6.5]},"faces":{"north":{"uv":[4,0,5,5],"texture":"#0"},"east":{"uv":[4,0,5,5],"texture":"#0"},"south":{"uv":[4,0,5,5],"texture":"#0"},"west":{"uv":[4,0,5,5],"texture":"#0"},"up":{"uv":[2,1,3,2],"texture":"#2"},"down":{"uv":[2,1,3,2],"texture":"#3"}}},{"from":[5.5,0,8.5],"to":[6.5,5,9.5],"rotation":{"angle":0,"axis":"y","origin":[7.5,5,6.5]},"faces":{"north":{"uv":[0,0,1,5],"texture":"#missing"},"east":{"uv":[4,0,5,5],"texture":"#0"},"south":{"uv":[0,0,1,5],"texture":"#missing"},"west":{"uv":[4,0,5,5],"texture":"#0"},"up":{"uv":[2,1,3,2],"texture":"#2"},"down":{"uv":[2,1,3,2],"texture":"#3"}}},{"from":[9.5,0,7.5],"to":[10.5,5,8.5],"rotation":{"angle":0,"axis":"y","origin":[7.5,5,6.5]},"faces":{"north":{"uv":[3,0,4,5],"texture":"#0"},"east":{"uv":[3,0,4,5],"texture":"#0"},"south":{"uv":[3,0,4,5],"texture":"#0"},"west":{"uv":[3,0,4,5],"texture":"#0"},"up":{"uv":[3,1,4,2],"texture":"#2"},"down":{"uv":[3,1,4,2],"texture":"#3"}}},{"from":[7.5,0,5.5],"to":[8.5,5,6.5],"rotation":{"angle":0,"axis":"y","origin":[7.5,5,6.5]},"faces":{"north":{"uv":[3,0,4,5],"texture":"#0"},"east":{"uv":[3,0,4,5],"texture":"#0"},"south":{"uv":[3,0,4,5],"texture":"#0"},"west":{"uv":[3,0,4,5],"texture":"#0"},"up":{"uv":[3,1,4,2],"texture":"#2"},"down":{"uv":[3,1,4,2],"texture":"#3"}}},{"from":[7.5,0,9.5],"to":[8.5,5,10.5],"rotation":{"angle":0,"axis":"y","origin":[7.5,5,6.5]},"faces":{"north":{"uv":[3,0,4,5],"texture":"#0"},"east":{"uv":[3,0,4,5],"texture":"#0"},"south":{"uv":[3,0,4,5],"texture":"#0"},"west":{"uv":[3,0,4,5],"texture":"#0"},"up":{"uv":[3,1,4,2],"texture":"#2"},"down":{"uv":[3,1,4,2],"texture":"#3"}}},{"from":[5.5,0,7.5],"to":[6.5,5,8.5],"rotation":{"angle":0,"axis":"y","origin":[7.5,5,6.5]},"faces":{"north":{"uv":[0,0,1,5],"texture":"#missing"},"east":{"uv":[3,0,4,5],"texture":"#0"},"south":{"uv":[0,0,1,5],"texture":"#missing"},"west":{"uv":[3,0,4,5],"texture":"#0"},"up":{"uv":[3,1,4,2],"texture":"#2"},"down":{"uv":[3,1,4,2],"texture":"#3"}}},{"from":[8.5,0,5.5],"to":[9.5,5,6.5],"rotation":{"angle":0,"axis":"y","origin":[7.5,5,6.5]},"faces":{"north":{"uv":[4,0,5,5],"texture":"#0"},"east":{"uv":[4,0,5,5],"texture":"#0"},"south":{"uv":[4,0,5,5],"texture":"#0"},"west":{"uv":[4,0,5,5],"texture":"#0"},"up":{"uv":[2,1,3,2],"texture":"#2"},"down":{"uv":[2,1,3,2],"texture":"#3"}}},{"from":[8.5,0,9.5],"to":[9.5,5,10.5],"rotation":{"angle":0,"axis":"y","origin":[7.5,5,6.5]},"faces":{"north":{"uv":[4,0,5,5],"texture":"#0"},"east":{"uv":[4,0,5,5],"texture":"#0"},"south":{"uv":[4,0,5,5],"texture":"#0"},"west":{"uv":[4,0,5,5],"texture":"#0"},"up":{"uv":[2,1,3,2],"texture":"#2"},"down":{"uv":[2,1,3,2],"texture":"#3"}}},{"from":[6.5,0,5.5],"to":[7.5,5,6.5],"rotation":{"angle":0,"axis":"y","origin":[7.5,5,6.5]},"faces":{"north":{"uv":[4,0,5,5],"texture":"#0"},"east":{"uv":[4,0,5,5],"texture":"#0"},"south":{"uv":[4,0,5,5],"texture":"#0"},"west":{"uv":[4,0,5,5],"texture":"#0"},"up":{"uv":[2,1,3,2],"texture":"#2"},"down":{"uv":[2,1,3,2],"texture":"#3"}}},{"from":[6.5,0,9.5],"to":[7.5,5,10.5],"rotation":{"angle":0,"axis":"y","origin":[7.5,5,6.5]},"faces":{"north":{"uv":[4,0,5,5],"texture":"#0"},"east":{"uv":[4,0,5,5],"texture":"#0"},"south":{"uv":[4,0,5,5],"texture":"#0"},"west":{"uv":[4,0,5,5],"texture":"#0"},"up":{"uv":[2,1,3,2],"texture":"#2"},"down":{"uv":[2,1,3,2],"texture":"#3"}}},{"from":[9.5,0,6.5],"to":[10.5,5,7.5],"rotation":{"angle":0,"axis":"y","origin":[7.5,5,6.5]},"faces":{"north":{"uv":[0,0,1,5],"texture":"#missing"},"east":{"uv":[4,0,5,5],"texture":"#0"},"south":{"uv":[0,0,1,5],"texture":"#missing"},"west":{"uv":[4,0,5,5],"texture":"#0"},"up":{"uv":[2,1,3,2],"texture":"#2"},"down":{"uv":[2,1,3,2],"texture":"#3"}}},{"from":[5.5,0,6.5],"to":[6.5,5,7.5],"rotation":{"angle":0,"axis":"y","origin":[7.5,5,6.5]},"faces":{"north":{"uv":[0,0,1,5],"texture":"#missing"},"east":{"uv":[4,0,5,5],"texture":"#0"},"south":{"uv":[0,0,1,5],"texture":"#missing"},"west":{"uv":[4,0,5,5],"texture":"#0"},"up":{"uv":[2,1,3,2],"texture":"#2"},"down":{"uv":[2,1,3,2],"texture":"#3"}}},{"from":[7.75,-2,7.75],"to":[8.25,5,8.25],"rotation":{"angle":0,"axis":"y","origin":[7.75,0,6.75]},"faces":{"north":{"uv":[3,3,4,4],"texture":"#2"},"east":{"uv":[3,3,4,4],"texture":"#2"},"south":{"uv":[3,3,4,4],"texture":"#2"},"west":{"uv":[3,3,4,4],"texture":"#2"},"up":{"uv":[3,3,4,4],"texture":"#2"},"down":{"uv":[3,3,4,4],"texture":"#2"}}},{"from":[7.5,-3,7.5],"to":[8.5,-2,8.5],"rotation":{"angle":0,"axis":"y","origin":[7.5,0,6.5]},"faces":{"north":{"uv":[4,2,5,3],"texture":"#3"},"east":{"uv":[4,2,5,3],"texture":"#3"},"south":{"uv":[4,2,5,3],"texture":"#3"},"west":{"uv":[4,2,5,3],"texture":"#3"},"up":{"uv":[4,2,5,3],"texture":"#3"},"down":{"uv":[4,2,5,3],"texture":"#3"}}},{"from":[8.5,15,6.5],"to":[9.5,16,7.5],"rotation":{"angle":0,"axis":"y","origin":[7.5,15,8.5]},"faces":{"north":{"uv":[0,3,1,4],"texture":"#4"},"east":{"uv":[0,3,1,4],"texture":"#4"},"south":{"uv":[0,3,1,4],"texture":"#4"},"west":{"uv":[0,3,1,4],"texture":"#4"},"up":{"uv":[0,3,1,4],"texture":"#4"},"down":{"uv":[0,3,1,4],"texture":"#4"}}},{"from":[7.5,15,6.5],"to":[8.5,16,7.5],"rotation":{"angle":0,"axis":"y","origin":[7.5,15,8.5]},"faces":{"north":{"uv":[2,2,3,3],"texture":"#4"},"east":{"uv":[2,2,3,3],"texture":"#4"},"south":{"uv":[2,2,3,3],"texture":"#4"},"west":{"uv":[2,2,3,3],"texture":"#4"},"up":{"uv":[2,2,3,3],"texture":"#4"},"down":{"uv":[2,2,3,3],"texture":"#4"}}},{"from":[6.5,15,6.5],"to":[7.5,16,7.5],"rotation":{"angle":0,"axis":"y","origin":[7.5,15,8.5]},"faces":{"north":{"uv":[2,1,3,2],"texture":"#4"},"east":{"uv":[2,1,3,2],"texture":"#4"},"south":{"uv":[2,1,3,2],"texture":"#4"},"west":{"uv":[2,1,3,2],"texture":"#4"},"up":{"uv":[2,1,3,2],"texture":"#4"},"down":{"uv":[2,1,3,2],"texture":"#4"}}},{"from":[7.5,14,7.5],"to":[8.5,15,8.5],"rotation":{"angle":0,"axis":"y","origin":[7.5,15,8.5]},"faces":{"north":{"uv":[0,1,1,2],"texture":"#4"},"east":{"uv":[0,1,1,2],"texture":"#4"},"south":{"uv":[0,1,1,2],"texture":"#4"},"west":{"uv":[0,1,1,2],"texture":"#4"},"up":{"uv":[0,1,1,2],"texture":"#4"},"down":{"uv":[0,1,1,2],"texture":"#4"}}},{"from":[8.5,15,7.5],"to":[9.5,16,8.5],"rotation":{"angle":0,"axis":"y","origin":[7.5,15,8.5]},"faces":{"north":{"uv":[1,3,2,4],"texture":"#4"},"east":{"uv":[1,3,2,4],"texture":"#4"},"south":{"uv":[1,3,2,4],"texture":"#4"},"west":{"uv":[1,3,2,4],"texture":"#4"},"up":{"uv":[1,3,2,4],"texture":"#4"},"down":{"uv":[1,3,2,4],"texture":"#4"}}},{"from":[8.5,15,8.5],"to":[9.5,16,9.5],"rotation":{"angle":0,"axis":"y","origin":[7.5,15,8.5]},"faces":{"north":{"uv":[2,3,3,4],"texture":"#4"},"east":{"uv":[2,3,3,4],"texture":"#4"},"south":{"uv":[2,3,3,4],"texture":"#4"},"west":{"uv":[2,3,3,4],"texture":"#4"},"up":{"uv":[2,3,3,4],"texture":"#4"},"down":{"uv":[2,3,3,4],"texture":"#4"}}},{"from":[7.5,15,8.5],"to":[8.5,16,9.5],"rotation":{"angle":0,"axis":"y","origin":[7.5,15,8.5]},"faces":{"north":{"uv":[3,3,4,4],"texture":"#4"},"east":{"uv":[3,3,4,4],"texture":"#4"},"south":{"uv":[3,3,4,4],"texture":"#4"},"west":{"uv":[3,3,4,4],"texture":"#4"},"up":{"uv":[3,3,4,4],"texture":"#4"},"down":{"uv":[3,3,4,4],"texture":"#4"}}},{"from":[6.5,15,8.5],"to":[7.5,16,9.5],"rotation":{"angle":0,"axis":"y","origin":[7.5,15,8.5]},"faces":{"north":{"uv":[0,2,1,3],"texture":"#4"},"east":{"uv":[0,2,1,3],"texture":"#4"},"south":{"uv":[0,2,1,3],"texture":"#4"},"west":{"uv":[0,2,1,3],"texture":"#4"},"up":{"uv":[0,2,1,3],"texture":"#4"},"down":{"uv":[0,2,1,3],"texture":"#4"}}},{"from":[6.5,15,7.5],"to":[7.5,16,8.5],"rotation":{"angle":0,"axis":"y","origin":[7.5,15,8.5]},"faces":{"north":{"uv":[1,1,2,2],"texture":"#4"},"east":{"uv":[1,1,2,2],"texture":"#4"},"south":{"uv":[1,1,2,2],"texture":"#4"},"west":{"uv":[1,1,2,2],"texture":"#4"},"up":{"uv":[1,1,2,2],"texture":"#4"},"down":{"uv":[1,1,2,2],"texture":"#4"}}},{"from":[7,6,8],"to":[9,14,8],"rotation":{"angle":0,"axis":"y","origin":[10,11,7]},"faces":{"north":{"uv":[3,0,6,16],"texture":"#4"},"east":{"uv":[3,0,6,16],"texture":"#4"},"south":{"uv":[3,0,6,16],"texture":"#4"},"west":{"uv":[3,0,6,16],"texture":"#4"},"up":{"uv":[0,0,0,2],"rotation":90,"texture":"#missing"},"down":{"uv":[0,0,0,2],"rotation":270,"texture":"#missing"}}},{"from":[8,6,7],"to":[8,14,9],"rotation":{"angle":0,"axis":"y","origin":[8,0,6]},"faces":{"north":{"uv":[0,0,0,8],"texture":"#missing"},"east":{"uv":[0,0,3,16],"texture":"#4"},"south":{"uv":[0,0,0,8],"texture":"#missing"},"west":{"uv":[0,0,3,16],"texture":"#4"},"up":{"uv":[0,0,0,2],"texture":"#missing"},"down":{"uv":[0,0,0,2],"texture":"#missing"}}}],"display":{"thirdperson_righthand":{"scale":[0.5,0.5,0.5]},"thirdperson_lefthand":{"scale":[0.5,0.5,0.5]},"firstperson_righthand":{"scale":[0.5,0.5,0.5]},"firstperson_lefthand":{"scale":[0.5,0.5,0.5]},"ground":{"scale":[0.5,0.5,0.5]},"gui":{"rotation":[23,50,0],"translation":[0.75,0,0],"scale":[0.5,0.5,0.5]},"fixed":{"rotation":[90,-180,0],"translation":[0,0,-15],"scale":[2,2,2]}},"groups":[0,1,2,3,4,5,6,7,8,9,10,11,12,13,14,15,16,17,18,19,20,21,22,23,24,25,26,27,28,29,30,31,32,33,34,35,36,37,38,39,40,41,42,43,44,45,46,47,48,49,50,{"name":"chain","origin":[8,8,8],"children":[51,52,53,54,55,56,57,58,59,60,61]}]}