{"credit":"Made with Blockbench","textures":{"0":"block/green_vine_1","1":"block/green_vine_2","particle":"block/green_vine_1"},"elements":[{"from":[-9,0,2],"to":[-2,0,4],"rotation":{"angle":-22.5,"axis":"x","origin":[-9,0,2]},"faces":{"north":{"uv":[0,0,7,0],"texture":"#missing"},"east":{"uv":[0,0,2,0],"texture":"#missing"},"south":{"uv":[0,0,7,0],"texture":"#missing"},"west":{"uv":[0,0,2,0],"texture":"#missing"},"up":{"uv":[0,0,7,2],"texture":"#0"},"down":{"uv":[0,0,7,2],"texture":"#0"}}},{"from":[-9,0.76437,3.84776],"to":[-2,0.76437,5.84776],"rotation":{"angle":0,"axis":"x","origin":[-5.5,0.76437,4.84776]},"faces":{"north":{"uv":[0,0,7,0],"texture":"#missing"},"east":{"uv":[0,0,2,0],"texture":"#missing"},"south":{"uv":[0,0,7,0],"texture":"#missing"},"west":{"uv":[0,0,2,0],"texture":"#missing"},"up":{"uv":[0,2,7,4],"texture":"#0"},"down":{"uv":[0,2,7,4],"texture":"#0"}}},{"from":[-6,0.76437,5.84776],"to":[-5,0.76437,6.84776],"rotation":{"angle":0,"axis":"y","origin":[-12,-0.23563,1.84776]},"faces":{"north":{"uv":[0,0,1,0],"texture":"#missing"},"east":{"uv":[0,0,1,0],"texture":"#missing"},"south":{"uv":[0,0,1,0],"texture":"#missing"},"west":{"uv":[0,0,1,0],"texture":"#missing"},"up":{"uv":[3,4,4,5],"texture":"#0"},"down":{"uv":[3,4,4,5],"texture":"#0"}}},{"from":[-7,0,3.99962],"to":[0,0,5.99962],"rotation":{"angle":0,"axis":"x","origin":[-15,-0.44827,3.99962]},"faces":{"north":{"uv":[0,0,8,0],"texture":"#missing"},"east":{"uv":[0,0,2,0],"texture":"#missing"},"south":{"uv":[0,0,8,0],"texture":"#missing"},"west":{"uv":[0,0,2,0],"texture":"#missing"},"up":{"uv":[7,6,14,8],"texture":"#1"},"down":{"uv":[7,8,14,6],"texture":"#1"}}},{"from":[-7,0.5741,5.88582],"to":[1,0.5741,8.88582],"rotation":{"angle":-22.5,"axis":"x","origin":[-3,0.5741,7.38582]},"faces":{"north":{"uv":[0,0,8,0],"texture":"#missing"},"east":{"uv":[0,0,2,0],"texture":"#missing"},"south":{"uv":[0,0,8,0],"texture":"#missing"},"west":{"uv":[0,0,2,0],"texture":"#missing"},"up":{"uv":[7,8,15,11],"texture":"#1"},"down":{"uv":[7,11,14,8],"texture":"#1"}}},{"from":[-16,0.5,0.94626],"to":[-9,0.5,2.94626],"rotation":{"angle":0,"axis":"x","origin":[-24,0.73129,0.94626]},"faces":{"north":{"uv":[0,0,8,0],"texture":"#missing"},"east":{"uv":[0,0,2,0],"texture":"#missing"},"south":{"uv":[0,0,8,0],"texture":"#missing"},"west":{"uv":[0,0,2,0],"texture":"#missing"},"up":{"uv":[6,12,13,14],"texture":"#1"},"down":{"uv":[6,12,14,14],"texture":"#1"}}},{"from":[-16,-0.17863,3.53454],"to":[-8,-0.17863,5.53454],"rotation":{"angle":-22.5,"axis":"x","origin":[-24,-1.31707,1.53454]},"faces":{"north":{"uv":[0,0,8,0],"texture":"#missing"},"east":{"uv":[0,0,2,0],"texture":"#missing"},"south":{"uv":[0,0,8,0],"texture":"#missing"},"west":{"uv":[0,0,2,0],"texture":"#missing"},"up":{"uv":[6,14,14,16],"texture":"#1"},"down":{"uv":[6,12,14,14],"texture":"#1"}}},{"from":[3,3.28376,3.77855],"to":[6,3.28376,5.77855],"rotation":{"angle":-22.5,"axis":"x","origin":[-1,2.14532,9.77855]},"faces":{"north":{"uv":[0,0,8,0],"texture":"#missing"},"east":{"uv":[0,0,2,0],"texture":"#missing"},"south":{"uv":[0,0,8,0],"texture":"#missing"},"west":{"uv":[0,0,2,0],"texture":"#missing"},"up":{"uv":[2,14,5,16],"texture":"#1"},"down":{"uv":[2,16,5,14],"texture":"#1"}}},{"from":[2,0.9,1.79962],"to":[7,0.9,3.79962],"rotation":{"angle":0,"axis":"x","origin":[-1,0.45173,8.79962]},"faces":{"north":{"uv":[0,0,8,0],"texture":"#missing"},"east":{"uv":[0,0,2,0],"texture":"#missing"},"south":{"uv":[0,0,8,0],"texture":"#missing"},"west":{"uv":[0,0,2,0],"texture":"#missing"},"up":{"uv":[1,12,6,14],"texture":"#1"},"down":{"uv":[1,14,6,12],"texture":"#1"}}},{"from":[9,0.55173,6.99962],"to":[15,0.55173,8.99962],"rotation":{"angle":0,"axis":"x","origin":[1,-0.44827,6.99962]},"faces":{"north":{"uv":[0,0,8,0],"texture":"#missing"},"east":{"uv":[0,0,2,0],"texture":"#missing"},"south":{"uv":[0,0,8,0],"texture":"#missing"},"west":{"uv":[0,0,2,0],"texture":"#missing"},"up":{"uv":[10,11,16,13],"texture":"#0"},"down":{"uv":[10,13,16,11],"texture":"#0"}}},{"from":[7,-0.13844,9.53492],"to":[15,-0.13844,11.53492],"rotation":{"angle":-22.5,"axis":"x","origin":[1,-1.13844,7.53492]},"faces":{"north":{"uv":[0,0,8,0],"texture":"#missing"},"east":{"uv":[0,0,2,0],"texture":"#missing"},"south":{"uv":[0,0,8,0],"texture":"#missing"},"west":{"uv":[0,0,2,0],"texture":"#missing"},"up":{"uv":[8,13,16,15],"texture":"#0"},"down":{"uv":[8,15,16,13],"texture":"#0"}}},{"from":[12,1.31518,10.84776],"to":[13,1.31518,11.84776],"rotation":{"angle":0,"axis":"x","origin":[7.5,1.31518,11.34776]},"faces":{"north":{"uv":[0,0,8,0],"texture":"#missing"},"east":{"uv":[0,0,2,0],"texture":"#missing"},"south":{"uv":[0,0,8,0],"texture":"#missing"},"west":{"uv":[0,0,2,0],"texture":"#missing"},"up":{"uv":[13,15,14,16],"texture":"#0"},"down":{"uv":[13,15,14,16],"texture":"#0"}}},{"from":[0,2.63376,4.97855],"to":[3,2.63376,5.97855],"rotation":{"angle":-22.5,"axis":"x","origin":[-3,1.49532,10.97855]},"faces":{"north":{"uv":[0,0,8,0],"texture":"#missing"},"east":{"uv":[0,0,2,0],"texture":"#missing"},"south":{"uv":[0,0,8,0],"texture":"#missing"},"west":{"uv":[0,0,2,0],"texture":"#missing"},"up":{"uv":[2,15,5,16],"texture":"#1"},"down":{"uv":[2,16,5,15],"texture":"#1"}}},{"from":[0,0.25,2.99962],"to":[3,0.25,4.99962],"rotation":{"angle":0,"axis":"x","origin":[-3,-0.19827,9.99962]},"faces":{"north":{"uv":[0,0,8,0],"texture":"#missing"},"east":{"uv":[0,0,2,0],"texture":"#missing"},"south":{"uv":[0,0,8,0],"texture":"#missing"},"west":{"uv":[0,0,2,0],"texture":"#missing"},"up":{"uv":[2,13,5,15],"texture":"#1"},"down":{"uv":[2,15,5,13],"texture":"#1"}}},{"from":[6,-2.19827,2.99962],"to":[13,-2.19827,4.99962],"rotation":{"angle":-22.5,"axis":"x","origin":[-1,-0.19827,-3.00038]},"faces":{"north":{"uv":[0,0,8,0],"texture":"#missing"},"east":{"uv":[0,0,2,0],"texture":"#missing"},"south":{"uv":[0,0,8,0],"texture":"#missing"},"west":{"uv":[0,0,2,0],"texture":"#missing"},"up":{"uv":[0,10,7,12],"texture":"#0"},"down":{"uv":[0,12,7,10],"texture":"#0"}}},{"from":[6,1.01537,5.15564],"to":[14,1.01537,7.15564],"rotation":{"angle":0,"axis":"x","origin":[10,1.01537,6.15564]},"faces":{"north":{"uv":[0,0,8,0],"texture":"#missing"},"east":{"uv":[0,0,2,0],"texture":"#missing"},"south":{"uv":[0,0,8,0],"texture":"#missing"},"west":{"uv":[0,0,2,0],"texture":"#missing"},"up":{"uv":[0,12,8,14],"texture":"#0"},"down":{"uv":[0,14,8,12],"texture":"#0"}}},{"from":[8,0.63276,7.23214],"to":[11,0.63276,9.23214],"rotation":{"angle":-22.5,"axis":"x","origin":[10,0.63276,6.23214]},"faces":{"north":{"uv":[0,0,8,0],"texture":"#missing"},"east":{"uv":[0,0,2,0],"texture":"#missing"},"south":{"uv":[0,0,8,0],"texture":"#missing"},"west":{"uv":[0,0,2,0],"texture":"#missing"},"up":{"uv":[2,14,5,16],"texture":"#0"},"down":{"uv":[2,16,5,14],"texture":"#0"}}},{"from":[11,0,15],"to":[14,0,18],"faces":{"north":{"uv":[0,0,3,0],"texture":"#missing"},"east":{"uv":[0,0,4,0],"texture":"#missing"},"south":{"uv":[0,0,3,0],"texture":"#missing"},"west":{"uv":[0,0,4,0],"texture":"#missing"},"up":{"uv":[7,10,10,13],"texture":"#0"},"down":{"uv":[7,13,10,10],"texture":"#0"}}},{"from":[13,0,11],"to":[16,0,15],"faces":{"north":{"uv":[0,0,3,0],"texture":"#missing"},"east":{"uv":[0,0,4,0],"texture":"#missing"},"south":{"uv":[0,0,3,0],"texture":"#missing"},"west":{"uv":[0,0,4,0],"texture":"#missing"},"up":{"uv":[9,6,12,10],"texture":"#0"},"down":{"uv":[9,10,12,6],"texture":"#0"}}},{"from":[4,0,5],"to":[13,0,15],"faces":{"north":{"uv":[0,0,9,0],"texture":"#missing"},"east":{"uv":[0,0,11,0],"texture":"#missing"},"south":{"uv":[0,0,9,0],"texture":"#missing"},"west":{"uv":[0,0,11,0],"texture":"#missing"},"up":{"uv":[0,0,9,10],"texture":"#0"},"down":{"uv":[0,10,9,0],"texture":"#0"}}},{"from":[1,2.78376,14.77855],"to":[4,2.78376,16.77855],"rotation":{"angle":-22.5,"axis":"x","origin":[-3,1.64532,20.77855]},"faces":{"north":{"uv":[0,0,8,0],"texture":"#missing"},"east":{"uv":[0,0,2,0],"texture":"#missing"},"south":{"uv":[0,0,8,0],"texture":"#missing"},"west":{"uv":[0,0,2,0],"texture":"#missing"},"up":{"uv":[2,14,5,16],"texture":"#1"},"down":{"uv":[2,16,5,14],"texture":"#1"}}},{"from":[0,0.4,12.79962],"to":[5,0.4,14.79962],"rotation":{"angle":0,"axis":"x","origin":[-3,-0.04827,19.79962]},"faces":{"north":{"uv":[0,0,8,0],"texture":"#missing"},"east":{"uv":[0,0,2,0],"texture":"#missing"},"south":{"uv":[0,0,8,0],"texture":"#missing"},"west":{"uv":[0,0,2,0],"texture":"#missing"},"up":{"uv":[1,12,6,14],"texture":"#1"},"down":{"uv":[1,14,6,12],"texture":"#1"}}},{"from":[11,2.78376,2.77855],"to":[14,2.78376,4.77855],"rotation":{"angle":-22.5,"axis":"x","origin":[7,1.64532,8.77855]},"faces":{"north":{"uv":[0,0,8,0],"texture":"#missing"},"east":{"uv":[0,0,2,0],"texture":"#missing"},"south":{"uv":[0,0,8,0],"texture":"#missing"},"west":{"uv":[0,0,2,0],"texture":"#missing"},"up":{"uv":[2,14,5,16],"texture":"#1"},"down":{"uv":[2,16,5,14],"texture":"#1"}}},{"from":[10,0.4,0.79962],"to":[15,0.4,2.79962],"rotation":{"angle":0,"axis":"x","origin":[7,-0.04827,7.79962]},"faces":{"north":{"uv":[0,0,8,0],"texture":"#missing"},"east":{"uv":[0,0,2,0],"texture":"#missing"},"south":{"uv":[0,0,8,0],"texture":"#missing"},"west":{"uv":[0,0,2,0],"texture":"#missing"},"up":{"uv":[1,12,6,14],"texture":"#1"},"down":{"uv":[1,14,6,12],"texture":"#1"}}},{"from":[-16,2.63376,5.97855],"to":[-13,2.63376,6.97855],"rotation":{"angle":-22.5,"axis":"x","origin":[-19,1.49532,11.97855]},"faces":{"north":{"uv":[0,0,8,0],"texture":"#missing"},"east":{"uv":[0,0,2,0],"texture":"#missing"},"south":{"uv":[0,0,8,0],"texture":"#missing"},"west":{"uv":[0,0,2,0],"texture":"#missing"},"up":{"uv":[2,15,5,16],"texture":"#1"},"down":{"uv":[2,16,5,15],"texture":"#1"}}},{"from":[-16,0.25,3.99962],"to":[-13,0.25,5.99962],"rotation":{"angle":0,"axis":"x","origin":[-19,-0.19827,10.99962]},"faces":{"north":{"uv":[0,0,8,0],"texture":"#missing"},"east":{"uv":[0,0,2,0],"texture":"#missing"},"south":{"uv":[0,0,8,0],"texture":"#missing"},"west":{"uv":[0,0,2,0],"texture":"#missing"},"up":{"uv":[2,13,5,15],"texture":"#1"},"down":{"uv":[2,15,5,13],"texture":"#1"}}},{"from":[-13,0,2.99962],"to":[-6,0,4.99962],"rotation":{"angle":0,"axis":"x","origin":[-21,-0.44827,2.99962]},"faces":{"north":{"uv":[0,0,8,0],"texture":"#missing"},"east":{"uv":[0,0,2,0],"texture":"#missing"},"south":{"uv":[0,0,8,0],"texture":"#missing"},"west":{"uv":[0,0,2,0],"texture":"#missing"},"up":{"uv":[0,6,7,8],"texture":"#1"},"down":{"uv":[0,8,7,6],"texture":"#1"}}},{"from":[-13,0.5741,4.88582],"to":[-5,0.5741,7.88582],"rotation":{"angle":-22.5,"axis":"x","origin":[-9,0.5741,6.38582]},"faces":{"north":{"uv":[0,0,8,0],"texture":"#missing"},"east":{"uv":[0,0,2,0],"texture":"#missing"},"south":{"uv":[0,0,8,0],"texture":"#missing"},"west":{"uv":[0,0,2,0],"texture":"#missing"},"up":{"uv":[0,8,8,11],"texture":"#1"},"down":{"uv":[0,11,7,8],"texture":"#1"}}},{"from":[-14,0.55173,9.99962],"to":[-8,0.55173,11.99962],"rotation":{"angle":0,"axis":"x","origin":[-22,-0.44827,9.99962]},"faces":{"north":{"uv":[0,0,8,0],"texture":"#missing"},"east":{"uv":[0,0,2,0],"texture":"#missing"},"south":{"uv":[0,0,8,0],"texture":"#missing"},"west":{"uv":[0,0,2,0],"texture":"#missing"},"up":{"uv":[10,11,16,13],"texture":"#0"},"down":{"uv":[10,13,16,11],"texture":"#0"}}},{"from":[-16,-0.13844,12.53492],"to":[-8,-0.13844,14.53492],"rotation":{"angle":-22.5,"axis":"x","origin":[-22,-1.13844,10.53492]},"faces":{"north":{"uv":[0,0,8,0],"texture":"#missing"},"east":{"uv":[0,0,2,0],"texture":"#missing"},"south":{"uv":[0,0,8,0],"texture":"#missing"},"west":{"uv":[0,0,2,0],"texture":"#missing"},"up":{"uv":[8,13,16,15],"texture":"#0"},"down":{"uv":[8,15,16,13],"texture":"#0"}}},{"from":[-11,1.31518,13.84776],"to":[-10,1.31518,14.84776],"rotation":{"angle":0,"axis":"x","origin":[-15.5,1.31518,14.34776]},"faces":{"north":{"uv":[0,0,8,0],"texture":"#missing"},"east":{"uv":[0,0,2,0],"texture":"#missing"},"south":{"uv":[0,0,8,0],"texture":"#missing"},"west":{"uv":[0,0,2,0],"texture":"#missing"},"up":{"uv":[13,15,14,16],"texture":"#0"},"down":{"uv":[13,15,14,16],"texture":"#0"}}},{"from":[-2,1.13261,13.92312],"to":[1,1.13261,14.92312],"rotation":{"angle":0,"axis":"x","origin":[-5,-0.00583,19.92312]},"faces":{"north":{"uv":[0,0,8,0],"texture":"#missing"},"east":{"uv":[0,0,2,0],"texture":"#missing"},"south":{"uv":[0,0,8,0],"texture":"#missing"},"west":{"uv":[0,0,2,0],"texture":"#missing"},"up":{"uv":[2,15,5,16],"texture":"#1"},"down":{"uv":[2,16,5,15],"texture":"#1"}}},{"from":[-2,0.75,11.99962],"to":[1,0.75,13.99962],"rotation":{"angle":-22.5,"axis":"x","origin":[-0.5,0.75,12.99962]},"faces":{"north":{"uv":[0,0,8,0],"texture":"#missing"},"east":{"uv":[0,0,2,0],"texture":"#missing"},"south":{"uv":[0,0,8,0],"texture":"#missing"},"west":{"uv":[0,0,2,0],"texture":"#missing"},"up":{"uv":[2,13,5,15],"texture":"#1"},"down":{"uv":[2,15,5,13],"texture":"#1"}}}],"display":{"thirdperson_righthand":{"scale":[0.5,0.5,0.5]},"thirdperson_lefthand":{"scale":[0.5,0.5,0.5]},"ground":{"translation":[0,1,0],"scale":[0.5,0.5,0.5]},"gui":{"rotation":[90,0,0],"translation":[2.25,-0.5,0],"scale":[0.4,0.4,0.4]},"fixed":{"rotation":[90,0,-180],"translation":[0,0.25,-16],"scale":[2,2,2]}},"groups":[{"name":"1","origin":[-2,-0.23563,-1.15224],"children":[0,1,2]},{"name":"6","origin":[8,8,8],"children":[3,4]},{"name":"7","origin":[8,8,8],"children":[5,6]},{"name":"8","origin":[8,8,8],"children":[7,8]},{"name":"10","origin":[1,0,-1],"children":[9,10,11]},{"name":"11","origin":[8,8,8],"children":[12,13]},{"name":"12","origin":[7.5,0.38276,7.73214],"children":[14,15,16]},{"name":"13","origin":[0,0,0],"children":[17,18,19]},{"name":"8","origin":[8,8,8],"children":[20,21]},{"name":"8","origin":[8,8,8],"children":[22,23]},{"name":"11","origin":[8,8,8],"children":[24,25]},{"name":"6","origin":[8,8,8],"children":[26,27]},{"name":"10","origin":[1,0,-1],"children":[28,29,30]},{"name":"11","origin":[8,8,8],"children":[31,32]}]}