{"credit":"Made with Blockbench","textures":{"0":"block/green_vine_1","1":"block/green_vine_2","particle":"block/green_vine_1"},"elements":[{"from":[8,0.5,4.98214],"to":[10,0.5,6.98214],"rotation":{"angle":-22.5,"axis":"x","origin":[9,0.5,5.98214]},"faces":{"north":{"uv":[0,0,8,0],"texture":"#missing"},"east":{"uv":[0,0,2,0],"texture":"#missing"},"south":{"uv":[0,0,8,0],"texture":"#missing"},"west":{"uv":[0,0,2,0],"texture":"#missing"},"up":{"uv":[5,4,7,6],"texture":"#0"},"down":{"uv":[5,4,7,6],"texture":"#0"}}},{"from":[6,1.26529,7.82952],"to":[8,1.26529,9.82952],"rotation":{"angle":0,"axis":"x","origin":[10,1.14805,20.07952]},"faces":{"north":{"uv":[0,0,8,0],"texture":"#missing"},"east":{"uv":[0,0,2,0],"texture":"#missing"},"south":{"uv":[0,0,8,0],"texture":"#missing"},"west":{"uv":[0,0,2,0],"texture":"#missing"},"up":{"uv":[3,7,5,9],"texture":"#0"},"down":{"uv":[3,9,5,7],"texture":"#0"}}},{"from":[8,1.07403,6.86796],"to":[9,1.07403,7.86796],"rotation":{"angle":-22.5,"axis":"x","origin":[8.5,1.07403,7.36796]},"faces":{"north":{"uv":[0,0,8,0],"texture":"#missing"},"east":{"uv":[0,0,2,0],"texture":"#missing"},"south":{"uv":[0,0,8,0],"texture":"#missing"},"west":{"uv":[0,0,2,0],"texture":"#missing"},"up":{"uv":[2,6,3,7],"texture":"#0"},"down":{"uv":[2,6,3,7],"texture":"#0"}}},{"from":[6,0.49908,5.98252],"to":[8,0.49908,7.98252],"rotation":{"angle":-22.5,"axis":"x","origin":[7,0.49908,5.98252]},"faces":{"north":{"uv":[0,0,8,0],"texture":"#missing"},"east":{"uv":[0,0,2,0],"texture":"#missing"},"south":{"uv":[0,0,8,0],"texture":"#missing"},"west":{"uv":[0,0,2,0],"texture":"#missing"},"up":{"uv":[3,5,5,7],"texture":"#0"},"down":{"uv":[3,5,5,7],"texture":"#0"}}},{"from":[5,1.07403,6.86796],"to":[6,1.07403,7.86796],"rotation":{"angle":-22.5,"axis":"x","origin":[5.5,1.07403,7.36796]},"faces":{"north":{"uv":[0,0,8,0],"texture":"#missing"},"east":{"uv":[0,0,2,0],"texture":"#missing"},"south":{"uv":[0,0,8,0],"texture":"#missing"},"west":{"uv":[0,0,2,0],"texture":"#missing"},"up":{"uv":[2,6,3,7],"texture":"#0"},"down":{"uv":[2,6,3,7],"texture":"#0"}}},{"from":[4,0.5,4.98214],"to":[6,0.5,6.98214],"rotation":{"angle":-22.5,"axis":"x","origin":[5,0.5,5.98214]},"faces":{"north":{"uv":[0,0,8,0],"texture":"#missing"},"east":{"uv":[0,0,2,0],"texture":"#missing"},"south":{"uv":[0,0,8,0],"texture":"#missing"},"west":{"uv":[0,0,2,0],"texture":"#missing"},"up":{"uv":[1,4,3,6],"texture":"#0"},"down":{"uv":[1,4,3,6],"texture":"#0"}}},{"from":[8,1.26529,7.82952],"to":[9,1.26529,8.82952],"rotation":{"angle":0,"axis":"x","origin":[6.5,1.14805,19.57952]},"faces":{"north":{"uv":[0,0,8,0],"texture":"#missing"},"east":{"uv":[0,0,2,0],"texture":"#missing"},"south":{"uv":[0,0,8,0],"texture":"#missing"},"west":{"uv":[0,0,2,0],"texture":"#missing"},"up":{"uv":[5,7,6,8],"texture":"#0"},"down":{"uv":[5,7,6,8],"texture":"#0"}}},{"from":[6,0.5,7.99962],"to":[13,0.5,9.99962],"rotation":{"angle":0,"axis":"x","origin":[-2,0.05173,7.99962]},"faces":{"north":{"uv":[0,0,8,0],"texture":"#missing"},"east":{"uv":[0,0,2,0],"texture":"#missing"},"south":{"uv":[0,0,8,0],"texture":"#missing"},"west":{"uv":[0,0,2,0],"texture":"#missing"},"up":{"uv":[0,6,7,8],"texture":"#1"},"down":{"uv":[0,8,7,6],"texture":"#1"}}},{"from":[6,-0.17871,10.58752],"to":[14,-0.17871,13.58752],"rotation":{"angle":-22.5,"axis":"x","origin":[-2,-1.31714,8.58752]},"faces":{"north":{"uv":[0,0,8,0],"texture":"#missing"},"east":{"uv":[0,0,2,0],"texture":"#missing"},"south":{"uv":[0,0,8,0],"texture":"#missing"},"west":{"uv":[0,0,2,0],"texture":"#missing"},"up":{"uv":[0,8,8,11],"texture":"#1"},"down":{"uv":[0,11,8,8],"texture":"#1"}}},{"from":[1,0,9.99962],"to":[8,0,11.99962],"rotation":{"angle":0,"axis":"x","origin":[-7,-0.44827,9.99962]},"faces":{"north":{"uv":[0,0,8,0],"texture":"#missing"},"east":{"uv":[0,0,2,0],"texture":"#missing"},"south":{"uv":[0,0,8,0],"texture":"#missing"},"west":{"uv":[0,0,2,0],"texture":"#missing"},"up":{"uv":[7,6,14,8],"texture":"#1"},"down":{"uv":[7,8,14,6],"texture":"#1"}}},{"from":[1,0.5741,11.88582],"to":[9,0.5741,14.88582],"rotation":{"angle":-22.5,"axis":"x","origin":[5,0.5741,13.38582]},"faces":{"north":{"uv":[0,0,8,0],"texture":"#missing"},"east":{"uv":[0,0,2,0],"texture":"#missing"},"south":{"uv":[0,0,8,0],"texture":"#missing"},"west":{"uv":[0,0,2,0],"texture":"#missing"},"up":{"uv":[7,8,15,11],"texture":"#1"},"down":{"uv":[7,11,14,8],"texture":"#1"}}},{"from":[3,3.03376,2.77855],"to":[6,3.03376,4.77855],"rotation":{"angle":-22.5,"axis":"x","origin":[-1,1.89532,8.77855]},"faces":{"north":{"uv":[0,0,8,0],"texture":"#missing"},"east":{"uv":[0,0,2,0],"texture":"#missing"},"south":{"uv":[0,0,8,0],"texture":"#missing"},"west":{"uv":[0,0,2,0],"texture":"#missing"},"up":{"uv":[2,14,5,16],"texture":"#1"},"down":{"uv":[2,16,5,14],"texture":"#1"}}},{"from":[2,0.65,0.79962],"to":[7,0.65,2.79962],"rotation":{"angle":0,"axis":"x","origin":[-1,0.20173,7.79962]},"faces":{"north":{"uv":[0,0,8,0],"texture":"#missing"},"east":{"uv":[0,0,2,0],"texture":"#missing"},"south":{"uv":[0,0,8,0],"texture":"#missing"},"west":{"uv":[0,0,2,0],"texture":"#missing"},"up":{"uv":[1,12,6,14],"texture":"#1"},"down":{"uv":[1,14,6,12],"texture":"#1"}}},{"from":[0,2.63376,-1.02145],"to":[3,2.63376,-0.02145],"rotation":{"angle":-22.5,"axis":"x","origin":[-3,1.49532,4.97855]},"faces":{"north":{"uv":[0,0,8,0],"texture":"#missing"},"east":{"uv":[0,0,2,0],"texture":"#missing"},"south":{"uv":[0,0,8,0],"texture":"#missing"},"west":{"uv":[0,0,2,0],"texture":"#missing"},"up":{"uv":[2,15,5,16],"texture":"#1"},"down":{"uv":[2,16,5,15],"texture":"#1"}}},{"from":[0,0.25,-3.00038],"to":[3,0.25,-1.00038],"rotation":{"angle":0,"axis":"x","origin":[-3,-0.19827,3.99962]},"faces":{"north":{"uv":[0,0,8,0],"texture":"#missing"},"east":{"uv":[0,0,2,0],"texture":"#missing"},"south":{"uv":[0,0,8,0],"texture":"#missing"},"west":{"uv":[0,0,2,0],"texture":"#missing"},"up":{"uv":[2,13,5,15],"texture":"#1"},"down":{"uv":[2,15,5,13],"texture":"#1"}}},{"from":[2,0.25,15.99962],"to":[5,0.25,16.99962],"rotation":{"angle":0,"axis":"x","origin":[-0.5,0.75,-3.50038]},"faces":{"north":{"uv":[0,0,8,0],"texture":"#missing"},"east":{"uv":[0,0,2,0],"texture":"#missing"},"south":{"uv":[0,0,8,0],"texture":"#missing"},"west":{"uv":[0,0,2,0],"texture":"#missing"},"up":{"uv":[2,15,5,16],"texture":"#1"},"down":{"uv":[2,16,5,15],"texture":"#1"}}},{"from":[1,0.25,12.99962],"to":[4,0.25,13.99962],"rotation":{"angle":0,"axis":"x","origin":[0.5,0.75,-6.50038]},"faces":{"north":{"uv":[0,0,8,0],"texture":"#missing"},"east":{"uv":[0,0,2,0],"texture":"#missing"},"south":{"uv":[0,0,8,0],"texture":"#missing"},"west":{"uv":[0,0,2,0],"texture":"#missing"},"up":{"uv":[1,12,4,13],"texture":"#1"},"down":{"uv":[1,12,4,13],"texture":"#1"}}},{"from":[2,0.25,13.99962],"to":[5,0.25,15.99962],"rotation":{"angle":0,"axis":"x","origin":[-0.5,0.75,-5.00038]},"faces":{"north":{"uv":[0,0,8,0],"texture":"#missing"},"east":{"uv":[0,0,2,0],"texture":"#missing"},"south":{"uv":[0,0,8,0],"texture":"#missing"},"west":{"uv":[0,0,2,0],"texture":"#missing"},"up":{"uv":[2,13,5,15],"texture":"#1"},"down":{"uv":[2,15,5,13],"texture":"#1"}}},{"from":[6,0,1],"to":[15,0,11],"faces":{"north":{"uv":[0,0,9,0],"texture":"#missing"},"east":{"uv":[0,0,10,0],"texture":"#missing"},"south":{"uv":[0,0,9,0],"texture":"#missing"},"west":{"uv":[0,0,10,0],"texture":"#missing"},"up":{"uv":[0,0,9,10],"texture":"#0"},"down":{"uv":[0,10,9,0],"texture":"#0"}}},{"from":[15,0,7],"to":[18,0,11],"faces":{"north":{"uv":[0,0,9,0],"texture":"#missing"},"east":{"uv":[0,0,10,0],"texture":"#missing"},"south":{"uv":[0,0,9,0],"texture":"#missing"},"west":{"uv":[0,0,10,0],"texture":"#missing"},"up":{"uv":[9,6,12,10],"texture":"#0"},"down":{"uv":[0,10,9,0],"texture":"#0"}}},{"from":[13,0,11],"to":[16,0,15],"faces":{"north":{"uv":[0,0,9,0],"texture":"#missing"},"east":{"uv":[0,0,10,0],"texture":"#missing"},"south":{"uv":[0,0,9,0],"texture":"#missing"},"west":{"uv":[0,0,10,0],"texture":"#missing"},"up":{"uv":[7,10,10,14],"texture":"#0"},"down":{"uv":[7,14,10,10],"texture":"#0"}}},{"from":[-1,3.03376,14.77855],"to":[2,3.03376,16.77855],"rotation":{"angle":-22.5,"axis":"x","origin":[-5,1.89532,20.77855]},"faces":{"north":{"uv":[0,0,8,0],"texture":"#missing"},"east":{"uv":[0,0,2,0],"texture":"#missing"},"south":{"uv":[0,0,8,0],"texture":"#missing"},"west":{"uv":[0,0,2,0],"texture":"#missing"},"up":{"uv":[2,14,5,16],"texture":"#1"},"down":{"uv":[2,16,5,14],"texture":"#1"}}},{"from":[-2,0.65,12.79962],"to":[3,0.65,14.79962],"rotation":{"angle":0,"axis":"x","origin":[-5,0.20173,19.79962]},"faces":{"north":{"uv":[0,0,8,0],"texture":"#missing"},"east":{"uv":[0,0,2,0],"texture":"#missing"},"south":{"uv":[0,0,8,0],"texture":"#missing"},"west":{"uv":[0,0,2,0],"texture":"#missing"},"up":{"uv":[1,12,6,14],"texture":"#1"},"down":{"uv":[1,14,6,12],"texture":"#1"}}},{"from":[-2,1.13168,-4.0765],"to":[1,1.13168,-3.0765],"rotation":{"angle":0,"axis":"x","origin":[-0.5,1.13168,-3.5765]},"faces":{"north":{"uv":[0,0,8,0],"texture":"#missing"},"east":{"uv":[0,0,2,0],"texture":"#missing"},"south":{"uv":[0,0,8,0],"texture":"#missing"},"west":{"uv":[0,0,2,0],"texture":"#missing"},"up":{"uv":[2,15,5,16],"texture":"#1"},"down":{"uv":[2,16,5,15],"texture":"#1"}}},{"from":[-3,0.36632,-6.92426],"to":[0,0.36632,-5.92426],"rotation":{"angle":0,"axis":"x","origin":[-0.5,0.36632,-6.42426]},"faces":{"north":{"uv":[0,0,8,0],"texture":"#missing"},"east":{"uv":[0,0,2,0],"texture":"#missing"},"south":{"uv":[0,0,8,0],"texture":"#missing"},"west":{"uv":[0,0,2,0],"texture":"#missing"},"up":{"uv":[1,12,4,13],"texture":"#1"},"down":{"uv":[1,12,4,13],"texture":"#1"}}},{"from":[-2,0.75,-6.00038],"to":[1,0.75,-4.00038],"rotation":{"angle":-22.5,"axis":"x","origin":[-0.5,0.75,-5.00038]},"faces":{"north":{"uv":[0,0,8,0],"texture":"#missing"},"east":{"uv":[0,0,2,0],"texture":"#missing"},"south":{"uv":[0,0,8,0],"texture":"#missing"},"west":{"uv":[0,0,2,0],"texture":"#missing"},"up":{"uv":[2,13,5,15],"texture":"#1"},"down":{"uv":[2,15,5,13],"texture":"#1"}}}],"display":{"thirdperson_righthand":{"scale":[0.5,0.5,0.5]},"thirdperson_lefthand":{"scale":[0.5,0.5,0.5]},"ground":{"translation":[0,1,0],"scale":[0.5,0.5,0.5]},"gui":{"rotation":[90,0,0],"translation":[0,-0.5,0],"scale":[0.4,0.4,0.4]},"fixed":{"rotation":[90,0,-180],"translation":[0,-20.25,-16],"scale":[2,2,2]}},"groups":[{"name":"3","origin":[8,8,8],"children":[0,1,2,3,4,5,6]},{"name":"5","origin":[8,8,8],"children":[7,8]},{"name":"6","origin":[8,8,8],"children":[9,10]},{"name":"8","origin":[8,8,8],"children":[11,12]},{"name":"11","origin":[8,8,8],"children":[13,14]},{"name":"11","origin":[8,8,8],"children":[15,16,17]},{"name":"13","origin":[8,8,8],"children":[18,19,20]},{"name":"8","origin":[8,8,8],"children":[21,22]},{"name":"11","origin":[8,8,8],"children":[23,24,25]}]}