{"credit":"Made with Blockbench","textures":{"0":"block/green_vine_1","1":"block/green_vine_2","particle":"block/green_vine_1"},"elements":[{"from":[12,0.5,3.94626],"to":[19,0.5,5.94626],"rotation":{"angle":0,"axis":"x","origin":[4,0.73129,3.94626]},"faces":{"north":{"uv":[0,0,8,0],"texture":"#missing"},"east":{"uv":[0,0,2,0],"texture":"#missing"},"south":{"uv":[0,0,8,0],"texture":"#missing"},"west":{"uv":[0,0,2,0],"texture":"#missing"},"up":{"uv":[6,12,13,14],"texture":"#1"},"down":{"uv":[6,12,14,14],"texture":"#1"}}},{"from":[12,-0.17863,6.53454],"to":[20,-0.17863,8.53454],"rotation":{"angle":-22.5,"axis":"x","origin":[4,-1.31707,4.53454]},"faces":{"north":{"uv":[0,0,8,0],"texture":"#missing"},"east":{"uv":[0,0,2,0],"texture":"#missing"},"south":{"uv":[0,0,8,0],"texture":"#missing"},"west":{"uv":[0,0,2,0],"texture":"#missing"},"up":{"uv":[6,14,14,16],"texture":"#1"},"down":{"uv":[6,12,14,14],"texture":"#1"}}},{"from":[-2,2.88376,6.47855],"to":[5,2.88376,8.47855],"rotation":{"angle":-22.5,"axis":"x","origin":[-5,1.74532,12.47855]},"faces":{"north":{"uv":[0,0,8,0],"texture":"#missing"},"east":{"uv":[0,0,2,0],"texture":"#missing"},"south":{"uv":[0,0,8,0],"texture":"#missing"},"west":{"uv":[0,0,2,0],"texture":"#missing"},"up":{"uv":[0,14,7,16],"texture":"#1"},"down":{"uv":[0,16,7,14],"texture":"#1"}}},{"from":[-2,0.5,4.49962],"to":[5,0.5,6.49962],"rotation":{"angle":0,"axis":"x","origin":[-5,0.05173,11.49962]},"faces":{"north":{"uv":[0,0,8,0],"texture":"#missing"},"east":{"uv":[0,0,2,0],"texture":"#missing"},"south":{"uv":[0,0,8,0],"texture":"#missing"},"west":{"uv":[0,0,2,0],"texture":"#missing"},"up":{"uv":[0,12,7,14],"texture":"#1"},"down":{"uv":[0,14,7,12],"texture":"#1"}}},{"from":[1,0.55173,8.99962],"to":[9,0.55173,10.99962],"rotation":{"angle":-22.5,"axis":"x","origin":[5,0.55173,9.99962]},"faces":{"north":{"uv":[0,0,8,0],"texture":"#missing"},"east":{"uv":[0,0,2,0],"texture":"#missing"},"south":{"uv":[0,0,8,0],"texture":"#missing"},"west":{"uv":[0,0,2,0],"texture":"#missing"},"up":{"uv":[8,0,16,2],"texture":"#1"},"down":{"uv":[8,2,16,0],"texture":"#1"}}},{"from":[1,0.93434,10.92311],"to":[9,0.93434,13.92311],"rotation":{"angle":0,"axis":"x","origin":[5,0.93434,12.42311]},"faces":{"north":{"uv":[0,0,8,0],"texture":"#missing"},"east":{"uv":[0,0,2,0],"texture":"#missing"},"south":{"uv":[0,0,8,0],"texture":"#missing"},"west":{"uv":[0,0,2,0],"texture":"#missing"},"up":{"uv":[8,2,16,5],"texture":"#1"},"down":{"uv":[8,5,16,2],"texture":"#1"}}},{"from":[5,1.12576,13.88544],"to":[6,1.12576,14.88544],"rotation":{"angle":-22.5,"axis":"x","origin":[1.5,1.12576,14.38544]},"faces":{"north":{"uv":[0,0,8,0],"texture":"#missing"},"east":{"uv":[0,0,2,0],"texture":"#missing"},"south":{"uv":[0,0,8,0],"texture":"#missing"},"west":{"uv":[0,0,2,0],"texture":"#missing"},"up":{"uv":[12,5,13,6],"texture":"#1"},"down":{"uv":[12,5,13,6],"texture":"#1"}}},{"from":[7,0.05173,5.99962],"to":[13,0.05173,7.99962],"rotation":{"angle":0,"axis":"x","origin":[-1,-0.94827,5.99962]},"faces":{"north":{"uv":[0,0,8,0],"texture":"#missing"},"east":{"uv":[0,0,2,0],"texture":"#missing"},"south":{"uv":[0,0,8,0],"texture":"#missing"},"west":{"uv":[0,0,2,0],"texture":"#missing"},"up":{"uv":[10,11,16,13],"texture":"#0"},"down":{"uv":[10,13,16,11],"texture":"#0"}}},{"from":[7,0.05173,5.99962],"to":[13,0.05173,7.99962],"rotation":{"angle":0,"axis":"x","origin":[-1,-0.94827,5.99962]},"faces":{"north":{"uv":[0,0,8,0],"texture":"#missing"},"east":{"uv":[0,0,2,0],"texture":"#missing"},"south":{"uv":[0,0,8,0],"texture":"#missing"},"west":{"uv":[0,0,2,0],"texture":"#missing"},"up":{"uv":[10,11,16,13],"texture":"#0"},"down":{"uv":[10,13,16,11],"texture":"#0"}}},{"from":[5,-0.63844,8.53492],"to":[13,-0.63844,10.53492],"rotation":{"angle":-22.5,"axis":"x","origin":[-1,-1.63844,6.53492]},"faces":{"north":{"uv":[0,0,8,0],"texture":"#missing"},"east":{"uv":[0,0,2,0],"texture":"#missing"},"south":{"uv":[0,0,8,0],"texture":"#missing"},"west":{"uv":[0,0,2,0],"texture":"#missing"},"up":{"uv":[8,13,16,15],"texture":"#0"},"down":{"uv":[8,15,16,13],"texture":"#0"}}},{"from":[10,0.81518,9.84776],"to":[11,0.81518,10.84776],"rotation":{"angle":0,"axis":"x","origin":[5.5,0.81518,10.34776]},"faces":{"north":{"uv":[0,0,8,0],"texture":"#missing"},"east":{"uv":[0,0,2,0],"texture":"#missing"},"south":{"uv":[0,0,8,0],"texture":"#missing"},"west":{"uv":[0,0,2,0],"texture":"#missing"},"up":{"uv":[13,15,14,16],"texture":"#0"},"down":{"uv":[13,15,14,16],"texture":"#0"}}},{"from":[23,2.63376,3.97855],"to":[26,2.63376,4.97855],"rotation":{"angle":-22.5,"axis":"x","origin":[20,1.49532,9.97855]},"faces":{"north":{"uv":[0,0,8,0],"texture":"#missing"},"east":{"uv":[0,0,2,0],"texture":"#missing"},"south":{"uv":[0,0,8,0],"texture":"#missing"},"west":{"uv":[0,0,2,0],"texture":"#missing"},"up":{"uv":[2,15,5,16],"texture":"#1"},"down":{"uv":[2,16,5,15],"texture":"#1"}}},{"from":[23,0.25,1.99962],"to":[26,0.25,3.99962],"rotation":{"angle":0,"axis":"x","origin":[20,-0.19827,8.99962]},"faces":{"north":{"uv":[0,0,8,0],"texture":"#missing"},"east":{"uv":[0,0,2,0],"texture":"#missing"},"south":{"uv":[0,0,8,0],"texture":"#missing"},"west":{"uv":[0,0,2,0],"texture":"#missing"},"up":{"uv":[2,13,5,15],"texture":"#1"},"down":{"uv":[2,15,5,13],"texture":"#1"}}},{"from":[18,2.88376,6.47855],"to":[25,2.88376,8.47855],"rotation":{"angle":-22.5,"axis":"x","origin":[15,1.74532,12.47855]},"faces":{"north":{"uv":[0,0,8,0],"texture":"#missing"},"east":{"uv":[0,0,2,0],"texture":"#missing"},"south":{"uv":[0,0,8,0],"texture":"#missing"},"west":{"uv":[0,0,2,0],"texture":"#missing"},"up":{"uv":[0,14,7,16],"texture":"#1"},"down":{"uv":[0,16,7,14],"texture":"#1"}}},{"from":[18,0.5,4.49962],"to":[25,0.5,6.49962],"rotation":{"angle":0,"axis":"x","origin":[15,0.05173,11.49962]},"faces":{"north":{"uv":[0,0,8,0],"texture":"#missing"},"east":{"uv":[0,0,2,0],"texture":"#missing"},"south":{"uv":[0,0,8,0],"texture":"#missing"},"west":{"uv":[0,0,2,0],"texture":"#missing"},"up":{"uv":[0,12,7,14],"texture":"#1"},"down":{"uv":[0,14,7,12],"texture":"#1"}}},{"from":[28,2.88376,1.47855],"to":[31,2.88376,3.47855],"rotation":{"angle":-22.5,"axis":"x","origin":[24,1.74532,7.47855]},"faces":{"north":{"uv":[0,0,8,0],"texture":"#missing"},"east":{"uv":[0,0,2,0],"texture":"#missing"},"south":{"uv":[0,0,8,0],"texture":"#missing"},"west":{"uv":[0,0,2,0],"texture":"#missing"},"up":{"uv":[2,14,5,16],"texture":"#1"},"down":{"uv":[2,16,5,14],"texture":"#1"}}},{"from":[27,0.5,-0.50038],"to":[32,0.5,1.49962],"rotation":{"angle":0,"axis":"x","origin":[24,0.05173,6.49962]},"faces":{"north":{"uv":[0,0,8,0],"texture":"#missing"},"east":{"uv":[0,0,2,0],"texture":"#missing"},"south":{"uv":[0,0,8,0],"texture":"#missing"},"west":{"uv":[0,0,2,0],"texture":"#missing"},"up":{"uv":[1,12,6,14],"texture":"#1"},"down":{"uv":[1,14,6,12],"texture":"#1"}}},{"from":[6,0.25,8.92311],"to":[14,0.25,10.92311],"rotation":{"angle":0,"axis":"x","origin":[-1,0.93434,14.92311]},"faces":{"north":{"uv":[0,0,8,0],"texture":"#missing"},"east":{"uv":[0,0,2,0],"texture":"#missing"},"south":{"uv":[0,0,8,0],"texture":"#missing"},"west":{"uv":[0,0,2,0],"texture":"#missing"},"up":{"uv":[0,6,8,8],"texture":"#1"},"down":{"uv":[0,8,8,6],"texture":"#1"}}},{"from":[6,0.25,10.92311],"to":[14,0.25,13.92311],"rotation":{"angle":0,"axis":"x","origin":[-1,0.93434,17.42311]},"faces":{"north":{"uv":[0,0,8,0],"texture":"#missing"},"east":{"uv":[0,0,2,0],"texture":"#missing"},"south":{"uv":[0,0,8,0],"texture":"#missing"},"west":{"uv":[0,0,2,0],"texture":"#missing"},"up":{"uv":[0,8,8,11],"texture":"#1"},"down":{"uv":[0,11,8,8],"texture":"#1"}}},{"from":[25,0.249,2.49962],"to":[32,0.249,5.49962],"rotation":{"angle":0,"axis":"x","origin":[15,-0.63944,17.49962]},"faces":{"north":{"uv":[0,0,8,0],"texture":"#missing"},"east":{"uv":[0,0,2,0],"texture":"#missing"},"south":{"uv":[0,0,8,0],"texture":"#missing"},"west":{"uv":[0,0,2,0],"texture":"#missing"},"up":{"uv":[7,8,14,11],"texture":"#1"},"down":{"uv":[7,11,14,8],"texture":"#1"}}},{"from":[25,0.25,0.49962],"to":[32,0.25,2.49962],"rotation":{"angle":0,"axis":"x","origin":[15,0.05173,16.49962]},"faces":{"north":{"uv":[0,0,8,0],"texture":"#missing"},"east":{"uv":[0,0,2,0],"texture":"#missing"},"south":{"uv":[0,0,8,0],"texture":"#missing"},"west":{"uv":[0,0,2,0],"texture":"#missing"},"up":{"uv":[7,6,14,8],"texture":"#1"},"down":{"uv":[7,8,14,6],"texture":"#1"}}},{"from":[14,0.05173,0.99962],"to":[23,0.05173,10.99962],"rotation":{"angle":0,"axis":"x","origin":[7,-0.94827,14.99962]},"faces":{"north":{"uv":[0,0,8,0],"texture":"#missing"},"east":{"uv":[0,0,2,0],"texture":"#missing"},"south":{"uv":[0,0,8,0],"texture":"#missing"},"west":{"uv":[0,0,2,0],"texture":"#missing"},"up":{"uv":[0,0,9,10],"texture":"#0"},"down":{"uv":[10,13,16,11],"texture":"#0"}}},{"from":[23,0.05173,6.99962],"to":[26,0.05173,10.99962],"rotation":{"angle":0,"axis":"x","origin":[7,-0.94827,14.99962]},"faces":{"north":{"uv":[0,0,8,0],"texture":"#missing"},"east":{"uv":[0,0,2,0],"texture":"#missing"},"south":{"uv":[0,0,8,0],"texture":"#missing"},"west":{"uv":[0,0,2,0],"texture":"#missing"},"up":{"uv":[9,6,12,10],"texture":"#0"},"down":{"uv":[9,10,12,6],"texture":"#0"}}},{"from":[21,0.05173,10.99962],"to":[24,0.05173,13.99962],"rotation":{"angle":0,"axis":"x","origin":[7,-0.94827,14.99962]},"faces":{"north":{"uv":[0,0,8,0],"texture":"#missing"},"east":{"uv":[0,0,2,0],"texture":"#missing"},"south":{"uv":[0,0,8,0],"texture":"#missing"},"west":{"uv":[0,0,2,0],"texture":"#missing"},"up":{"uv":[7,10,10,13],"texture":"#0"},"down":{"uv":[7,13,10,10],"texture":"#0"}}},{"from":[21,2.88376,14.47855],"to":[28,2.88376,16.47855],"rotation":{"angle":-22.5,"axis":"x","origin":[18,1.74532,20.47855]},"faces":{"north":{"uv":[0,0,8,0],"texture":"#missing"},"east":{"uv":[0,0,2,0],"texture":"#missing"},"south":{"uv":[0,0,8,0],"texture":"#missing"},"west":{"uv":[0,0,2,0],"texture":"#missing"},"up":{"uv":[0,14,7,16],"texture":"#1"},"down":{"uv":[0,16,7,14],"texture":"#1"}}},{"from":[21,0.5,12.49962],"to":[28,0.5,14.49962],"rotation":{"angle":0,"axis":"x","origin":[18,0.05173,19.49962]},"faces":{"north":{"uv":[0,0,8,0],"texture":"#missing"},"east":{"uv":[0,0,2,0],"texture":"#missing"},"south":{"uv":[0,0,8,0],"texture":"#missing"},"west":{"uv":[0,0,2,0],"texture":"#missing"},"up":{"uv":[0,12,7,14],"texture":"#1"},"down":{"uv":[0,14,7,12],"texture":"#1"}}},{"from":[25,2.38376,15.47855],"to":[32,2.38376,17.47855],"rotation":{"angle":-22.5,"axis":"x","origin":[22,1.24532,21.47855]},"faces":{"north":{"uv":[0,0,8,0],"texture":"#missing"},"east":{"uv":[0,0,2,0],"texture":"#missing"},"south":{"uv":[0,0,8,0],"texture":"#missing"},"west":{"uv":[0,0,2,0],"texture":"#missing"},"up":{"uv":[0,14,7,16],"texture":"#1"},"down":{"uv":[0,16,7,14],"texture":"#1"}}},{"from":[25,0,13.49962],"to":[32,0,15.49962],"rotation":{"angle":0,"axis":"x","origin":[22,-0.44827,20.49962]},"faces":{"north":{"uv":[0,0,8,0],"texture":"#missing"},"east":{"uv":[0,0,2,0],"texture":"#missing"},"south":{"uv":[0,0,8,0],"texture":"#missing"},"west":{"uv":[0,0,2,0],"texture":"#missing"},"up":{"uv":[0,12,7,14],"texture":"#1"},"down":{"uv":[0,14,7,12],"texture":"#1"}}}],"display":{"thirdperson_righthand":{"scale":[0.5,0.5,0.5]},"thirdperson_lefthand":{"scale":[0.5,0.5,0.5]},"ground":{"translation":[0,1,0],"scale":[0.5,0.5,0.5]},"gui":{"rotation":[90,0,0],"translation":[-3,-0.5,0],"scale":[0.4,0.4,0.4]},"fixed":{"rotation":[90,0,-180],"translation":[0,0.25,-16],"scale":[2,2,2]}},"groups":[{"name":"7","origin":[8,8,8],"children":[0,1]},{"name":"8","origin":[8,8,8],"children":[2,3]},{"name":"9","origin":[8,8,8],"children":[4,5,6]},{"name":"10","origin":[1,0,-1],"children":[7,8,9,10]},{"name":"11","origin":[8,8,8],"children":[11,12]},{"name":"8","origin":[8,8,8],"children":[13,14]},{"name":"8","origin":[8,8,8],"children":[15,16]},{"name":"9","origin":[8,8,8],"children":[17,18]},{"name":"8","origin":[8,8,8],"children":[19,20]},{"name":"10","origin":[1,0,-1],"children":[21,22,23]},{"name":"8","origin":[8,8,8],"children":[24,25]},{"name":"8","origin":[8,8,8],"children":[26,27]}]}