{"credit":"Made with Blockbench","textures":{"1":"block/green_vine_2","2":"block/green_vine_1","particle":"block/green_vine_1"},"elements":[{"from":[4,0,26.25],"to":[11,0,28.25],"rotation":{"angle":-22.5,"axis":"x","origin":[4,0,26.25]},"faces":{"north":{"uv":[0,0,7,0],"texture":"#2"},"east":{"uv":[0,0,2,0],"texture":"#2"},"south":{"uv":[0,0,7,0],"texture":"#2"},"west":{"uv":[0,0,2,0],"texture":"#2"},"up":{"uv":[0,0,7,2],"texture":"#2"},"down":{"uv":[0,0,7,2],"texture":"#2"}}},{"from":[4,0.76437,28.09776],"to":[11,0.76437,30.09776],"rotation":{"angle":0,"axis":"x","origin":[7.5,0.76437,29.09776]},"faces":{"north":{"uv":[0,0,7,0],"texture":"#2"},"east":{"uv":[0,0,2,0],"texture":"#2"},"south":{"uv":[0,0,7,0],"texture":"#2"},"west":{"uv":[0,0,2,0],"texture":"#2"},"up":{"uv":[0,2,7,4],"texture":"#2"},"down":{"uv":[0,2,7,4],"texture":"#2"}}},{"from":[7,0.76437,30.09776],"to":[8,0.76437,31.09776],"rotation":{"angle":0,"axis":"y","origin":[1,-0.23563,26.09776]},"faces":{"north":{"uv":[0,0,1,0],"texture":"#2"},"east":{"uv":[0,0,1,0],"texture":"#2"},"south":{"uv":[0,0,1,0],"texture":"#2"},"west":{"uv":[0,0,1,0],"texture":"#2"},"up":{"uv":[3,4,4,5],"texture":"#2"},"down":{"uv":[3,4,4,5],"texture":"#2"}}},{"from":[5,0,13.98214],"to":[7,0,15.98214],"rotation":{"angle":0,"axis":"x","origin":[12,0.38276,20.23214]},"faces":{"north":{"uv":[0,0,8,0],"texture":"#2"},"east":{"uv":[0,0,2,0],"texture":"#2"},"south":{"uv":[0,0,8,0],"texture":"#2"},"west":{"uv":[0,0,2,0],"texture":"#2"},"up":{"uv":[5,4,7,6],"texture":"#2"},"down":{"uv":[5,4,7,6],"texture":"#2"}}},{"from":[3,0,16.98214],"to":[5,0,18.98214],"rotation":{"angle":0,"axis":"x","origin":[12,0.38276,20.23214]},"faces":{"north":{"uv":[0,0,8,0],"texture":"#2"},"east":{"uv":[0,0,2,0],"texture":"#2"},"south":{"uv":[0,0,8,0],"texture":"#2"},"west":{"uv":[0,0,2,0],"texture":"#2"},"up":{"uv":[3,7,5,9],"texture":"#2"},"down":{"uv":[3,9,5,7],"texture":"#2"}}},{"from":[5,0,15.98214],"to":[6,0,16.98214],"rotation":{"angle":0,"axis":"x","origin":[7.5,0.38276,19.73214]},"faces":{"north":{"uv":[0,0,8,0],"texture":"#2"},"east":{"uv":[0,0,2,0],"texture":"#2"},"south":{"uv":[0,0,8,0],"texture":"#2"},"west":{"uv":[0,0,2,0],"texture":"#2"},"up":{"uv":[2,6,3,7],"texture":"#2"},"down":{"uv":[2,6,3,7],"texture":"#2"}}},{"from":[3,0,14.98214],"to":[5,0,16.98214],"rotation":{"angle":0,"axis":"x","origin":[12,0.38276,20.23214]},"faces":{"north":{"uv":[0,0,8,0],"texture":"#2"},"east":{"uv":[0,0,2,0],"texture":"#2"},"south":{"uv":[0,0,8,0],"texture":"#2"},"west":{"uv":[0,0,2,0],"texture":"#2"},"up":{"uv":[3,5,5,7],"texture":"#2"},"down":{"uv":[3,5,5,7],"texture":"#2"}}},{"from":[2,0,15.98214],"to":[3,0,16.98214],"rotation":{"angle":0,"axis":"x","origin":[7.5,0.38276,19.73214]},"faces":{"north":{"uv":[0,0,8,0],"texture":"#2"},"east":{"uv":[0,0,2,0],"texture":"#2"},"south":{"uv":[0,0,8,0],"texture":"#2"},"west":{"uv":[0,0,2,0],"texture":"#2"},"up":{"uv":[2,6,3,7],"texture":"#2"},"down":{"uv":[2,6,3,7],"texture":"#2"}}},{"from":[1,0,13.98214],"to":[3,0,15.98214],"rotation":{"angle":0,"axis":"x","origin":[12,0.38276,20.23214]},"faces":{"north":{"uv":[0,0,8,0],"texture":"#2"},"east":{"uv":[0,0,2,0],"texture":"#2"},"south":{"uv":[0,0,8,0],"texture":"#2"},"west":{"uv":[0,0,2,0],"texture":"#2"},"up":{"uv":[1,4,3,6],"texture":"#2"},"down":{"uv":[1,4,3,6],"texture":"#2"}}},{"from":[5,0,16.98214],"to":[6,0,17.98214],"rotation":{"angle":0,"axis":"x","origin":[7.5,0.38276,19.73214]},"faces":{"north":{"uv":[0,0,8,0],"texture":"#2"},"east":{"uv":[0,0,2,0],"texture":"#2"},"south":{"uv":[0,0,8,0],"texture":"#2"},"west":{"uv":[0,0,2,0],"texture":"#2"},"up":{"uv":[5,7,6,8],"texture":"#2"},"down":{"uv":[5,7,6,8],"texture":"#2"}}},{"from":[0,0,22.94626],"to":[7,0,24.94626],"rotation":{"angle":0,"axis":"x","origin":[-8,0.23129,22.94626]},"faces":{"north":{"uv":[0,0,8,0],"texture":"#missing"},"east":{"uv":[0,0,2,0],"texture":"#missing"},"south":{"uv":[0,0,8,0],"texture":"#missing"},"west":{"uv":[0,0,2,0],"texture":"#missing"},"up":{"uv":[6,12,13,14],"texture":"#1"},"down":{"uv":[6,12,14,14],"texture":"#1"}}},{"from":[0,-0.67863,25.53454],"to":[8,-0.67863,27.53454],"rotation":{"angle":-22.5,"axis":"x","origin":[-8,-1.81707,23.53454]},"faces":{"north":{"uv":[0,0,8,0],"texture":"#missing"},"east":{"uv":[0,0,2,0],"texture":"#missing"},"south":{"uv":[0,0,8,0],"texture":"#missing"},"west":{"uv":[0,0,2,0],"texture":"#missing"},"up":{"uv":[6,14,14,16],"texture":"#1"},"down":{"uv":[6,12,14,14],"texture":"#1"}}},{"from":[2,2.88376,21.47855],"to":[9,2.88376,23.47855],"rotation":{"angle":-22.5,"axis":"x","origin":[-1,1.74532,27.47855]},"faces":{"north":{"uv":[0,0,8,0],"texture":"#missing"},"east":{"uv":[0,0,2,0],"texture":"#missing"},"south":{"uv":[0,0,8,0],"texture":"#missing"},"west":{"uv":[0,0,2,0],"texture":"#missing"},"up":{"uv":[0,14,7,16],"texture":"#1"},"down":{"uv":[0,16,7,14],"texture":"#1"}}},{"from":[2,0.5,19.49962],"to":[9,0.5,21.49962],"rotation":{"angle":0,"axis":"x","origin":[-1,0.05173,26.49962]},"faces":{"north":{"uv":[0,0,8,0],"texture":"#missing"},"east":{"uv":[0,0,2,0],"texture":"#missing"},"south":{"uv":[0,0,8,0],"texture":"#missing"},"west":{"uv":[0,0,2,0],"texture":"#missing"},"up":{"uv":[0,12,7,14],"texture":"#1"},"down":{"uv":[0,12,7,14],"texture":"#1"}}},{"from":[1,2.88376,12.47855],"to":[8,2.88376,14.47855],"rotation":{"angle":-22.5,"axis":"x","origin":[-2,1.74532,18.47855]},"faces":{"north":{"uv":[0,0,8,0],"texture":"#missing"},"east":{"uv":[0,0,2,0],"texture":"#missing"},"south":{"uv":[0,0,8,0],"texture":"#missing"},"west":{"uv":[0,0,2,0],"texture":"#missing"},"up":{"uv":[6,14,13,16],"texture":"#1"},"down":{"uv":[6,16,13,14],"texture":"#1"}}},{"from":[1,0.5,10.49962],"to":[8,0.5,12.49962],"rotation":{"angle":0,"axis":"x","origin":[-2,0.05173,17.49962]},"faces":{"north":{"uv":[0,0,8,0],"texture":"#missing"},"east":{"uv":[0,0,2,0],"texture":"#missing"},"south":{"uv":[0,0,8,0],"texture":"#missing"},"west":{"uv":[0,0,2,0],"texture":"#missing"},"up":{"uv":[6,12,13,14],"texture":"#1"},"down":{"uv":[6,14,13,12],"texture":"#1"}}},{"from":[3,2.88376,1.97855],"to":[10,2.88376,3.97855],"rotation":{"angle":-22.5,"axis":"x","origin":[0,1.74532,7.97855]},"faces":{"north":{"uv":[0,0,8,0],"texture":"#missing"},"east":{"uv":[0,0,2,0],"texture":"#missing"},"south":{"uv":[0,0,8,0],"texture":"#missing"},"west":{"uv":[0,0,2,0],"texture":"#missing"},"up":{"uv":[0,14,7,16],"texture":"#1"},"down":{"uv":[0,16,7,14],"texture":"#1"}}},{"from":[3,0.5,-0.00038],"to":[10,0.5,1.99962],"rotation":{"angle":0,"axis":"x","origin":[0,0.05173,6.99962]},"faces":{"north":{"uv":[0,0,8,0],"texture":"#missing"},"east":{"uv":[0,0,2,0],"texture":"#missing"},"south":{"uv":[0,0,8,0],"texture":"#missing"},"west":{"uv":[0,0,2,0],"texture":"#missing"},"up":{"uv":[0,12,7,14],"texture":"#1"},"down":{"uv":[0,12,7,14],"texture":"#1"}}},{"from":[0,0.55173,3.99962],"to":[6,0.55173,5.99962],"rotation":{"angle":0,"axis":"x","origin":[-8,-0.44827,3.99962]},"faces":{"north":{"uv":[0,0,8,0],"texture":"#2"},"east":{"uv":[0,0,2,0],"texture":"#2"},"south":{"uv":[0,0,8,0],"texture":"#2"},"west":{"uv":[0,0,2,0],"texture":"#2"},"up":{"uv":[10,11,16,13],"texture":"#2"},"down":{"uv":[10,13,16,11],"texture":"#2"}}},{"from":[-2,-0.13844,6.53492],"to":[6,-0.13844,8.53492],"rotation":{"angle":-22.5,"axis":"x","origin":[-8,-1.13844,4.53492]},"faces":{"north":{"uv":[0,0,8,0],"texture":"#2"},"east":{"uv":[0,0,2,0],"texture":"#2"},"south":{"uv":[0,0,8,0],"texture":"#2"},"west":{"uv":[0,0,2,0],"texture":"#2"},"up":{"uv":[8,13,16,15],"texture":"#2"},"down":{"uv":[8,15,16,13],"texture":"#2"}}},{"from":[3,1.31518,7.84776],"to":[4,1.31518,8.84776],"rotation":{"angle":0,"axis":"x","origin":[-1.5,1.31518,8.34776]},"faces":{"north":{"uv":[0,0,8,0],"texture":"#2"},"east":{"uv":[0,0,2,0],"texture":"#2"},"south":{"uv":[0,0,8,0],"texture":"#2"},"west":{"uv":[0,0,2,0],"texture":"#2"},"up":{"uv":[13,15,14,16],"texture":"#2"},"down":{"uv":[13,15,14,16],"texture":"#2"}}},{"from":[10,0.251,5.55429],"to":[11,0.251,6.55429],"rotation":{"angle":0,"axis":"x","origin":[0.5,0.251,3.05429]},"faces":{"north":{"uv":[0,0,8,0],"texture":"#2"},"east":{"uv":[0,0,2,0],"texture":"#2"},"south":{"uv":[0,0,8,0],"texture":"#2"},"west":{"uv":[0,0,2,0],"texture":"#2"},"up":{"uv":[10,12,11,13],"texture":"#1"},"down":{"uv":[10,12,11,13],"texture":"#1"}}},{"from":[8,0.251,5.55429],"to":[9,0.251,6.55429],"rotation":{"angle":0,"axis":"x","origin":[0.5,0.251,3.05429]},"faces":{"north":{"uv":[0,0,8,0],"texture":"#2"},"east":{"uv":[0,0,2,0],"texture":"#2"},"south":{"uv":[0,0,8,0],"texture":"#2"},"west":{"uv":[0,0,2,0],"texture":"#2"},"up":{"uv":[10,12,11,13],"texture":"#1"},"down":{"uv":[10,12,11,13],"texture":"#1"}}},{"from":[2,2.88376,-4.52145],"to":[9,2.88376,-2.52145],"rotation":{"angle":-22.5,"axis":"x","origin":[-1,1.74532,1.47855]},"faces":{"north":{"uv":[0,0,8,0],"texture":"#missing"},"east":{"uv":[0,0,2,0],"texture":"#missing"},"south":{"uv":[0,0,8,0],"texture":"#missing"},"west":{"uv":[0,0,2,0],"texture":"#missing"},"up":{"uv":[0,14,7,16],"texture":"#1"},"down":{"uv":[0,16,7,14],"texture":"#1"}}},{"from":[2,0.5,-6.50038],"to":[9,0.5,-4.50038],"rotation":{"angle":0,"axis":"x","origin":[-1,0.05173,0.49962]},"faces":{"north":{"uv":[0,0,8,0],"texture":"#missing"},"east":{"uv":[0,0,2,0],"texture":"#missing"},"south":{"uv":[0,0,8,0],"texture":"#missing"},"west":{"uv":[0,0,2,0],"texture":"#missing"},"up":{"uv":[0,12,7,14],"texture":"#1"},"down":{"uv":[0,12,7,14],"texture":"#1"}}},{"from":[6,0,21.25],"to":[13,0,23.25],"rotation":{"angle":0,"axis":"x","origin":[6,0,21.25]},"faces":{"north":{"uv":[0,0,7,0],"texture":"#2"},"east":{"uv":[0,0,2,0],"texture":"#2"},"south":{"uv":[0,0,7,0],"texture":"#2"},"west":{"uv":[0,0,2,0],"texture":"#2"},"up":{"uv":[0,10,7,12],"texture":"#2"},"down":{"uv":[0,12,7,10],"texture":"#2"}}},{"from":[7,0.38276,23.17426],"to":[13,0.38276,25.17426],"rotation":{"angle":-22.5,"axis":"x","origin":[10.5,0.38276,24.17426]},"faces":{"north":{"uv":[0,0,7,0],"texture":"#2"},"east":{"uv":[0,0,2,0],"texture":"#2"},"south":{"uv":[0,0,7,0],"texture":"#2"},"west":{"uv":[0,0,2,0],"texture":"#2"},"up":{"uv":[0,12,6,14],"texture":"#2"},"down":{"uv":[0,14,7,12],"texture":"#2"}}},{"from":[10,0.76437,25.09776],"to":[12,0.76437,27.09776],"rotation":{"angle":0,"axis":"y","origin":[3,-0.23563,21.09776]},"faces":{"north":{"uv":[0,0,1,0],"texture":"#2"},"east":{"uv":[0,0,1,0],"texture":"#2"},"south":{"uv":[0,0,1,0],"texture":"#2"},"west":{"uv":[0,0,1,0],"texture":"#2"},"up":{"uv":[3,14,5,16],"texture":"#2"},"down":{"uv":[3,16,5,14],"texture":"#2"}}},{"from":[6,0.63376,7.47855],"to":[13,0.63376,9.47855],"rotation":{"angle":0,"axis":"x","origin":[3,-0.50468,13.47855]},"faces":{"north":{"uv":[0,0,8,0],"texture":"#missing"},"east":{"uv":[0,0,2,0],"texture":"#missing"},"south":{"uv":[0,0,8,0],"texture":"#missing"},"west":{"uv":[0,0,2,0],"texture":"#missing"},"up":{"uv":[6,14,13,16],"texture":"#1"},"down":{"uv":[6,16,13,14],"texture":"#1"}}},{"from":[10,0.63376,17.47855],"to":[17,0.63376,19.47855],"rotation":{"angle":0,"axis":"x","origin":[3,-0.50468,13.47855]},"faces":{"north":{"uv":[0,0,8,0],"texture":"#missing"},"east":{"uv":[0,0,2,0],"texture":"#missing"},"south":{"uv":[0,0,8,0],"texture":"#missing"},"west":{"uv":[0,0,2,0],"texture":"#missing"},"up":{"uv":[6,14,13,16],"texture":"#1"},"down":{"uv":[6,16,13,14],"texture":"#1"}}},{"from":[6,2.5813,6.26949],"to":[13,2.5813,7.26949],"rotation":{"angle":-22.5,"axis":"x","origin":[3,2.13303,12.26949]},"faces":{"north":{"uv":[0,0,8,0],"texture":"#missing"},"east":{"uv":[0,0,2,0],"texture":"#missing"},"south":{"uv":[0,0,8,0],"texture":"#missing"},"west":{"uv":[0,0,2,0],"texture":"#missing"},"up":{"uv":[6,13,13,14],"texture":"#1"},"down":{"uv":[6,14,13,13],"texture":"#1"}}}],"display":{"thirdperson_righthand":{"scale":[0.5,0.5,0.5]},"thirdperson_lefthand":{"scale":[0.5,0.5,0.5]},"ground":{"translation":[0,1,0],"scale":[0.5,0.5,0.5]},"gui":{"rotation":[90,0,0],"translation":[0,2,0],"scale":[0.4,0.4,0.4]},"fixed":{"rotation":[90,0,-180],"translation":[0,31,-16],"scale":[2,2,2]}},"groups":[{"name":"1","origin":[-2,-0.23563,-1.15224],"children":[0,1,2]},{"name":"3","origin":[8,8,8],"children":[3,4,5,6,7,8,9]},{"name":"7","origin":[8,8,8],"children":[10,11]},{"name":"8","origin":[8,8,8],"children":[12,13]},{"name":"8","origin":[8,8,8],"children":[14,15]},{"name":"8","origin":[8,8,8],"children":[16,17]},{"name":"10","origin":[1,0,-1],"children":[18,19,20,21,22]},{"name":"8","origin":[8,8,8],"children":[23,24]},{"name":"1","origin":[-2,-0.23563,-1.15224],"children":[25,26,27]},{"name":"8","origin":[8,8,8],"children":[28,29,30]}]}