{"credit":"Made with Blockbench","textures":{"1":"block/maceta_2","4":"block/flowers/plant_5"},"elements":[{"from":[7.5,5,3.5],"to":[16.5,7,4.5],"rotation":{"angle":0,"axis":"y","origin":[7.5,5,3.5]},"faces":{"north":{"uv":[0,15,4.5,16],"texture":"#1"},"east":{"uv":[0,15,0.5,16],"texture":"#1"},"south":{"uv":[0,10.5,4.5,11],"texture":"#1"},"west":{"uv":[0,15,0.5,16],"texture":"#1"},"up":{"uv":[0,10.5,4.5,11],"texture":"#1"},"down":{"uv":[0,15.5,4.5,16],"texture":"#1"}}},{"from":[7.5,5,4.5],"to":[8.5,7,11.5],"rotation":{"angle":0,"axis":"y","origin":[12,6,11]},"faces":{"north":{"uv":[0,0,1,2],"texture":"#missing"},"east":{"uv":[0.5,10.5,4,11],"texture":"#1"},"south":{"uv":[0,0,1,2],"texture":"#missing"},"west":{"uv":[0.5,15,4,16],"texture":"#1"},"up":{"uv":[0.5,10.5,4,11],"rotation":90,"texture":"#1"},"down":{"uv":[0.5,15.5,4,16],"rotation":90,"texture":"#1"}}},{"from":[8.5,2,4.5],"to":[15.5,5,5.5],"rotation":{"angle":0,"axis":"y","origin":[8.5,2,0.5]},"faces":{"north":{"uv":[0,13.5,3.5,15],"texture":"#1"},"east":{"uv":[0,13.5,0.5,15],"texture":"#1"},"south":{"uv":[0,0,7,3],"texture":"#missing"},"west":{"uv":[0,13.5,0.5,15],"texture":"#1"},"up":{"uv":[0,0,7,1],"texture":"#missing"},"down":{"uv":[0,14.5,3.5,15],"texture":"#1"}}},{"from":[8.5,2,5.5],"to":[9.5,5,10.5],"rotation":{"angle":0,"axis":"y","origin":[12,3,9]},"faces":{"north":{"uv":[0,0,1,3],"rotation":180,"texture":"#missing"},"east":{"uv":[0,0,5,3],"rotation":180,"texture":"#missing"},"south":{"uv":[0,0,1,3],"rotation":180,"texture":"#missing"},"west":{"uv":[0.5,13.5,3,15],"texture":"#1"},"up":{"uv":[0,0,5,1],"rotation":90,"texture":"#missing"},"down":{"uv":[0.5,14.5,3,15],"rotation":90,"texture":"#1"}}},{"from":[9.5,1,5.5],"to":[14.5,2,10.5],"rotation":{"angle":0,"axis":"y","origin":[9.5,1,5.5]},"faces":{"north":{"uv":[0,13,2.5,13.5],"texture":"#1"},"east":{"uv":[0,13,2.5,13.5],"texture":"#1"},"south":{"uv":[0,13,2.5,13.5],"texture":"#1"},"west":{"uv":[0,13,2.5,13.5],"texture":"#1"},"up":{"uv":[0,0,5,5],"texture":"#missing"},"down":{"uv":[0,10.5,2.5,13],"texture":"#1"}}},{"from":[8.5,2,10.5],"to":[15.5,5,11.5],"rotation":{"angle":0,"axis":"y","origin":[8.5,2,0.5]},"faces":{"north":{"uv":[0,0,7,3],"texture":"#missing"},"east":{"uv":[0,13.5,0.5,15],"texture":"#1"},"south":{"uv":[0,13.5,3.5,15],"texture":"#1"},"west":{"uv":[0,13.5,0.5,15],"texture":"#1"},"up":{"uv":[0,0,7,1],"texture":"#missing"},"down":{"uv":[0,14.5,3.5,15],"texture":"#1"}}},{"from":[14.5,2,5.5],"to":[15.5,5,10.5],"rotation":{"angle":0,"axis":"y","origin":[12,3,9]},"faces":{"north":{"uv":[0,0,1,3],"rotation":180,"texture":"#missing"},"east":{"uv":[0.5,13.5,3,15],"texture":"#1"},"south":{"uv":[0,0,1,3],"rotation":180,"texture":"#missing"},"west":{"uv":[0,0,5,3],"rotation":180,"texture":"#missing"},"up":{"uv":[0,0,5,1],"rotation":90,"texture":"#missing"},"down":{"uv":[0.5,14.5,3,15],"rotation":90,"texture":"#1"}}},{"from":[7.5,5,11.5],"to":[16.5,7,12.5],"rotation":{"angle":0,"axis":"y","origin":[7.5,5,3.5]},"faces":{"north":{"uv":[0,10.5,4.5,11],"texture":"#1"},"east":{"uv":[0,15,0.5,16],"texture":"#1"},"south":{"uv":[0,15,4.5,16],"texture":"#1"},"west":{"uv":[0,15,0.5,16],"texture":"#1"},"up":{"uv":[0,10.5,4.5,11],"texture":"#1"},"down":{"uv":[0,15.5,4.5,16],"texture":"#1"}}},{"from":[15.5,5,4.5],"to":[16.5,7,11.5],"rotation":{"angle":0,"axis":"y","origin":[12,6,11]},"faces":{"north":{"uv":[0,0,1,2],"texture":"#missing"},"east":{"uv":[0.5,15,4,16],"texture":"#1"},"south":{"uv":[0,0,1,2],"texture":"#missing"},"west":{"uv":[0.5,10.5,4,11],"texture":"#1"},"up":{"uv":[0.5,10.5,4,11],"rotation":90,"texture":"#1"},"down":{"uv":[0.5,15.5,4,16],"rotation":90,"texture":"#1"}}},{"from":[8.5,5.999,4.5],"to":[15.5,5.999,11.5],"rotation":{"angle":0,"axis":"y","origin":[3.5,1.999,-0.5]},"faces":{"north":{"uv":[0,0,7,0],"texture":"#missing"},"east":{"uv":[0,0,7,0],"texture":"#missing"},"south":{"uv":[0,0,7,0],"texture":"#missing"},"west":{"uv":[0,0,7,0],"texture":"#missing"},"up":{"uv":[0,7,3.5,10.5],"texture":"#1"},"down":{"uv":[0,0,7,7],"texture":"#missing"}}},{"from":[11.75,7,3.75],"to":[12.25,7.75,4.25],"rotation":{"angle":0,"axis":"y","origin":[6,7,3.5]},"faces":{"north":{"uv":[0,10.5,0.5,11],"texture":"#1"},"east":{"uv":[0,10.5,0.5,11],"texture":"#1"},"south":{"uv":[0,10.5,0.5,11],"texture":"#1"},"west":{"uv":[0,10.5,0.5,11],"texture":"#1"},"up":{"uv":[0,10.5,0.5,11],"texture":"#1"},"down":{"uv":[0,10.5,0.5,11],"texture":"#1"}}},{"from":[7.75,7,7.75],"to":[8.25,7.75,8.25],"rotation":{"angle":0,"axis":"y","origin":[6,7,3.5]},"faces":{"north":{"uv":[0,10.5,0.5,11],"texture":"#1"},"east":{"uv":[0,10.5,0.5,11],"texture":"#1"},"south":{"uv":[0,10.5,0.5,11],"texture":"#1"},"west":{"uv":[0,10.5,0.5,11],"texture":"#1"},"up":{"uv":[0,10.5,0.5,11],"texture":"#1"},"down":{"uv":[0,10.5,0.5,11],"texture":"#1"}}},{"from":[15.75,7,7.75],"to":[16.25,7.75,8.25],"rotation":{"angle":0,"axis":"y","origin":[6,7,3.5]},"faces":{"north":{"uv":[0,10.5,0.5,11],"texture":"#1"},"east":{"uv":[0,10.5,0.5,11],"texture":"#1"},"south":{"uv":[0,10.5,0.5,11],"texture":"#1"},"west":{"uv":[0,10.5,0.5,11],"texture":"#1"},"up":{"uv":[0,10.5,0.5,11],"texture":"#1"},"down":{"uv":[0,10.5,0.5,11],"texture":"#1"}}},{"from":[11.75,7,11.75],"to":[12.25,7.75,12.25],"rotation":{"angle":0,"axis":"y","origin":[6,7,3.5]},"faces":{"north":{"uv":[0,10.5,0.5,11],"texture":"#1"},"east":{"uv":[0,10.5,0.5,11],"texture":"#1"},"south":{"uv":[0,10.5,0.5,11],"texture":"#1"},"west":{"uv":[0,10.5,0.5,11],"texture":"#1"},"up":{"uv":[0,10.5,0.5,11],"texture":"#1"},"down":{"uv":[0,10.5,0.5,11],"texture":"#1"}}},{"from":[7.5,7,8],"to":[16.5,22,8],"rotation":{"angle":0,"axis":"y","origin":[12,13,0]},"faces":{"north":{"uv":[10.5,1.5,15,9],"texture":"#1"},"east":{"uv":[0,0,0,16],"texture":"#missing"},"south":{"uv":[10.5,1.5,15,9],"texture":"#1"},"west":{"uv":[0,0,0,16],"texture":"#missing"},"up":{"uv":[0,0,13,0],"texture":"#missing"},"down":{"uv":[0,0,13,0],"texture":"#missing"}}},{"from":[12,7,3.5],"to":[12,22,12.5],"rotation":{"angle":0,"axis":"y","origin":[12,16,8]},"faces":{"north":{"uv":[0,0,0,16],"texture":"#missing"},"east":{"uv":[10.5,1.5,15,9],"texture":"#1"},"south":{"uv":[0,0,0,16],"texture":"#missing"},"west":{"uv":[10.5,1.5,15,9],"texture":"#1"},"up":{"uv":[0,0,13,0],"rotation":90,"texture":"#missing"},"down":{"uv":[0,0,13,0],"rotation":270,"texture":"#missing"}}},{"from":[0,13,6.5],"to":[1,23,9.5],"rotation":{"angle":0,"axis":"y","origin":[0,0,-0.5]},"faces":{"north":{"uv":[5,0,5.5,5],"texture":"#1"},"east":{"uv":[5,0,6.5,5],"texture":"#1"},"south":{"uv":[5,0,5.5,5],"texture":"#1"},"west":{"uv":[5,0,6.5,5],"texture":"#1"},"up":{"uv":[0,0,1,3],"texture":"#missing"},"down":{"uv":[5,0.5,5.5,2],"rotation":180,"texture":"#1"}}},{"from":[0,23,6.5],"to":[13,24,9.5],"rotation":{"angle":0,"axis":"z","origin":[4,23.5,7.5]},"faces":{"north":{"uv":[5.5,0,6,6.5],"rotation":270,"texture":"#1"},"east":{"uv":[5,0.5,5.5,2],"rotation":270,"texture":"#1"},"south":{"uv":[5.5,0,6,6.5],"rotation":270,"texture":"#1"},"west":{"uv":[5,0.5,5.5,2],"rotation":270,"texture":"#1"},"up":{"uv":[5,0,6.5,6.5],"rotation":270,"texture":"#1"},"down":{"uv":[5,0,6.5,6.5],"rotation":270,"texture":"#1"}}},{"from":[0,12,7.5],"to":[1,13,8.5],"rotation":{"angle":0,"axis":"y","origin":[0,0,7.5]},"faces":{"north":{"uv":[4,10.5,4.5,11],"texture":"#1"},"east":{"uv":[4,10.5,4.5,11],"texture":"#1"},"south":{"uv":[4,10.5,4.5,11],"texture":"#1"},"west":{"uv":[4,10.5,4.5,11],"texture":"#1"},"up":{"uv":[4,10.5,4.5,11],"texture":"#1"},"down":{"uv":[4,10.5,4.5,11],"texture":"#1"}}},{"from":[13,23,7.5],"to":[14,24,8.5],"rotation":{"angle":0,"axis":"y","origin":[1,11,6.5]},"faces":{"north":{"uv":[4,10.5,4.5,11],"texture":"#1"},"east":{"uv":[4,10.5,4.5,11],"texture":"#1"},"south":{"uv":[4,10.5,4.5,11],"texture":"#1"},"west":{"uv":[4,10.5,4.5,11],"texture":"#1"},"up":{"uv":[4,10.5,4.5,11],"texture":"#1"},"down":{"uv":[4,10.5,4.5,11],"texture":"#1"}}},{"from":[11.5,22,7.5],"to":[12.5,23,8.5],"rotation":{"angle":0,"axis":"y","origin":[1,11,6.5]},"faces":{"north":{"uv":[4,10.5,4.5,11],"texture":"#1"},"east":{"uv":[4,10.5,4.5,11],"texture":"#1"},"south":{"uv":[4,10.5,4.5,11],"texture":"#1"},"west":{"uv":[4,10.5,4.5,11],"texture":"#1"},"up":{"uv":[4,10.5,4.5,11],"texture":"#1"},"down":{"uv":[4,10.5,4.5,11],"texture":"#1"}}},{"from":[1,13,8],"to":[11,23,8],"rotation":{"angle":0,"axis":"y","origin":[0,0,7]},"faces":{"north":{"uv":[0,0,5,5],"texture":"#1"},"east":{"uv":[0,0,0,10],"texture":"#missing"},"south":{"uv":[5,0,0,5],"texture":"#1"},"west":{"uv":[0,0,0,10],"texture":"#missing"},"up":{"uv":[0,0,10,0],"texture":"#missing"},"down":{"uv":[0,0,10,0],"texture":"#missing"}}},{"from":[5.5345,-8.25,3.05607],"to":[11.5345,7.75,3.05607],"rotation":{"angle":-22.5,"axis":"y","origin":[11.0345,-0.25,3.05607]},"faces":{"north":{"uv":[11,0,15.5,16],"texture":"#4"},"east":{"uv":[6,0,15.5,16],"texture":"#4"},"south":{"uv":[15.5,0,11,16],"texture":"#4"},"west":{"uv":[6,0,15.5,16],"texture":"#4"},"up":{"uv":[6,0,15.5,16],"texture":"#4"},"down":{"uv":[6,0,15.5,16],"texture":"#4"}}},{"from":[13.07305,5.01387,2.5569],"to":[19.07305,8.01387,2.5569],"rotation":{"angle":0,"axis":"x","origin":[16.07305,7.55042,3.25]},"faces":{"north":{"uv":[3.5,3.5,9.5,6],"texture":"#4"},"east":{"uv":[3.5,3.5,9.5,6],"texture":"#4"},"south":{"uv":[9.5,3.5,3.5,6],"texture":"#4"},"west":{"uv":[3.5,3.5,9.5,6],"texture":"#4"},"up":{"uv":[3.5,3.5,9.5,6],"rotation":90,"texture":"#4"},"down":{"uv":[3.5,3.5,9.5,6],"rotation":270,"texture":"#4"}}},{"from":[11.2677,-8.25,2.10028],"to":[17.2677,7.75,2.10028],"rotation":{"angle":22.5,"axis":"y","origin":[14.2677,-0.25,2.10028]},"faces":{"north":{"uv":[6,0,11,16],"texture":"#4"},"east":{"uv":[6,0,11,16],"texture":"#4"},"south":{"uv":[11,0,6,16],"texture":"#4"},"west":{"uv":[6,0,11,16],"texture":"#4"},"up":{"uv":[6,0,11,16],"texture":"#4"},"down":{"uv":[6,0,11,16],"texture":"#4"}}},{"from":[9,-2.25,-2.75],"to":[14,-0.25,-2.75],"rotation":{"angle":22.5,"axis":"x","origin":[6.5,-13.25,-4.75]},"faces":{"north":{"uv":[11,9.5,16,11.5],"texture":"#4"},"east":{"uv":[16,9.5,11,11.5],"texture":"#4"},"south":{"uv":[16,9.5,11,11.5],"texture":"#4"},"west":{"uv":[16,9.5,11,11.5],"texture":"#4"},"up":{"uv":[16,9.5,11,11.5],"texture":"#4"},"down":{"uv":[16,9.5,11,11.5],"texture":"#4"}}},{"from":[9,3.75,-2.75],"to":[14,5.75,-2.75],"rotation":{"angle":22.5,"axis":"x","origin":[6.5,-7.25,-4.75]},"faces":{"north":{"uv":[11,9.5,16,11.5],"texture":"#4"},"east":{"uv":[16,9.5,11,11.5],"texture":"#4"},"south":{"uv":[16,9.5,11,11.5],"texture":"#4"},"west":{"uv":[16,9.5,11,11.5],"texture":"#4"},"up":{"uv":[16,9.5,11,11.5],"texture":"#4"},"down":{"uv":[16,9.5,11,11.5],"texture":"#4"}}},{"from":[13.07305,8.24283,2.78701],"to":[19.07305,8.24283,5.78701],"rotation":{"angle":-22.5,"axis":"x","origin":[16.07305,7.55042,3.25]},"faces":{"north":{"uv":[3.5,3.5,9.5,0.5],"rotation":180,"texture":"#4"},"east":{"uv":[3.5,0.5,9.5,3.5],"rotation":270,"texture":"#4"},"south":{"uv":[3.5,0.5,9.5,3.5],"texture":"#4"},"west":{"uv":[3.5,0.5,9.5,3.5],"rotation":90,"texture":"#4"},"up":{"uv":[3.5,0.5,9.5,3.5],"rotation":180,"texture":"#4"},"down":{"uv":[9.5,0.5,3.5,3.5],"texture":"#4"}}},{"from":[8.5,0.14731,1.30728],"to":[13.5,2.14731,1.30728],"rotation":{"angle":0,"axis":"y","origin":[9,0.14731,1.30728]},"faces":{"north":{"uv":[11.5,11.5,16,13.5],"texture":"#4"},"east":{"uv":[11.5,11.5,16,13.5],"texture":"#4"},"south":{"uv":[11.5,11.5,16,13.5],"texture":"#4"},"west":{"uv":[11.5,11.5,16,13.5],"texture":"#4"},"up":{"uv":[11.5,11.5,16,13.5],"texture":"#4"},"down":{"uv":[11.5,11.5,16,13.5],"texture":"#4"}}},{"from":[8.5,-5.85269,1.30728],"to":[13.5,-3.85269,1.30728],"rotation":{"angle":0,"axis":"y","origin":[9,-5.85269,1.30728]},"faces":{"north":{"uv":[11.5,11.5,16,13.5],"texture":"#4"},"east":{"uv":[11.5,11.5,16,13.5],"texture":"#4"},"south":{"uv":[11.5,11.5,16,13.5],"texture":"#4"},"west":{"uv":[11.5,11.5,16,13.5],"texture":"#4"},"up":{"uv":[11.5,11.5,16,13.5],"texture":"#4"},"down":{"uv":[11.5,11.5,16,13.5],"texture":"#4"}}},{"from":[19.19272,-5.35269,4.75],"to":[19.19272,-3.35269,9.75],"rotation":{"angle":0,"axis":"y","origin":[19.19272,-5.35269,5.25]},"faces":{"north":{"uv":[11.5,11.5,16,13.5],"texture":"#4"},"east":{"uv":[11.5,11.5,16,13.5],"texture":"#4"},"south":{"uv":[11.5,11.5,16,13.5],"texture":"#4"},"west":{"uv":[11.5,11.5,16,13.5],"texture":"#4"},"up":{"uv":[11.5,11.5,16,13.5],"rotation":90,"texture":"#4"},"down":{"uv":[11.5,11.5,16,13.5],"rotation":270,"texture":"#4"}}},{"from":[23.25,-1.75,5.25],"to":[23.25,0.25,10.25],"rotation":{"angle":22.5,"axis":"z","origin":[25.25,-12.75,2.75]},"faces":{"north":{"uv":[16,9.5,11,11.5],"texture":"#4"},"east":{"uv":[11,9.5,16,11.5],"texture":"#4"},"south":{"uv":[16,9.5,11,11.5],"texture":"#4"},"west":{"uv":[16,9.5,11,11.5],"texture":"#4"},"up":{"uv":[16,9.5,11,11.5],"rotation":90,"texture":"#4"},"down":{"uv":[16,9.5,11,11.5],"rotation":270,"texture":"#4"}}},{"from":[16.68523,-8.5,7.66013],"to":[16.68523,7.5,13.66013],"rotation":{"angle":22.5,"axis":"y","origin":[17.74625,-0.5,8.09982]},"faces":{"north":{"uv":[6,0,11,16],"texture":"#4"},"east":{"uv":[6,0,11,16],"texture":"#4"},"south":{"uv":[6,0,11,16],"texture":"#4"},"west":{"uv":[11,0,6,16],"texture":"#4"},"up":{"uv":[6,0,11,16],"rotation":90,"texture":"#4"},"down":{"uv":[6,0,11,16],"rotation":270,"texture":"#4"}}},{"from":[16.79289,7.20711,6.5],"to":[18.79289,7.20711,10.5],"rotation":{"angle":-22.5,"axis":"z","origin":[17.79289,7.20711,8.5]},"faces":{"north":{"uv":[7,9.5,11,7.5],"rotation":90,"texture":"#4"},"east":{"uv":[7,9.5,11,7.5],"rotation":270,"texture":"#4"},"south":{"uv":[7,9.5,11,7.5],"rotation":270,"texture":"#4"},"west":{"uv":[7,9.5,11,7.5],"rotation":270,"texture":"#4"},"up":{"uv":[11,9,9.5,5.5],"texture":"#4"},"down":{"uv":[7,9.5,11,7.5],"rotation":270,"texture":"#4"}}},{"from":[13.79289,8.20711,8.5],"to":[15.79289,8.20711,12.5],"rotation":{"angle":-22.5,"axis":"z","origin":[14.79289,8.20711,10.5]},"faces":{"north":{"uv":[7,9.5,11,7.5],"rotation":90,"texture":"#4"},"east":{"uv":[7,9.5,11,7.5],"rotation":270,"texture":"#4"},"south":{"uv":[7,9.5,11,7.5],"rotation":270,"texture":"#4"},"west":{"uv":[7,9.5,11,7.5],"rotation":270,"texture":"#4"},"up":{"uv":[11,9,9.5,5.5],"texture":"#4"},"down":{"uv":[7,9.5,11,7.5],"rotation":270,"texture":"#4"}}},{"from":[19.14095,-1.11541,5.75],"to":[19.14095,1.88459,9.75],"rotation":{"angle":0,"axis":"y","origin":[4.14095,-7.11541,1.75]},"faces":{"north":{"uv":[12.5,6.5,16,9],"texture":"#4"},"east":{"uv":[12.5,6.5,16,9],"texture":"#4"},"south":{"uv":[12.5,6.5,16,9],"texture":"#4"},"west":{"uv":[12.5,6.5,16,9],"texture":"#4"},"up":{"uv":[12.5,6.5,16,9],"texture":"#4"},"down":{"uv":[12.5,6.5,16,9],"texture":"#4"}}},{"from":[16.14095,4.88459,3.75],"to":[16.14095,7.88459,7.75],"rotation":{"angle":0,"axis":"y","origin":[1.14095,-1.11541,-0.25]},"faces":{"north":{"uv":[12.5,6.5,16,9],"texture":"#4"},"east":{"uv":[12.5,6.5,16,9],"texture":"#4"},"south":{"uv":[12.5,6.5,16,9],"texture":"#4"},"west":{"uv":[12.5,6.5,16,9],"texture":"#4"},"up":{"uv":[12.5,6.5,16,9],"texture":"#4"},"down":{"uv":[12.5,6.5,16,9],"texture":"#4"}}},{"from":[17.39095,2.88459,2.75],"to":[17.39095,5.88459,6.75],"rotation":{"angle":45,"axis":"y","origin":[16.14095,11.88459,4.75]},"faces":{"north":{"uv":[12.5,6.5,16,9],"texture":"#4"},"east":{"uv":[12.5,6.5,16,9],"texture":"#4"},"south":{"uv":[12.5,6.5,16,9],"texture":"#4"},"west":{"uv":[12.5,6.5,16,9],"texture":"#4"},"up":{"uv":[12.5,6.5,16,9],"texture":"#4"},"down":{"uv":[12.5,6.5,16,9],"texture":"#4"}}},{"from":[18.27743,5.76376,6.5],"to":[21.27743,5.76376,10.5],"rotation":{"angle":-45,"axis":"z","origin":[19.77743,5.76376,8.5]},"faces":{"north":{"uv":[7,5.5,11,7.5],"rotation":270,"texture":"#4"},"east":{"uv":[7,5.5,11,7.5],"rotation":90,"texture":"#4"},"south":{"uv":[7,5.5,11,7.5],"rotation":90,"texture":"#4"},"west":{"uv":[7,5.5,11,7.5],"rotation":90,"texture":"#4"},"up":{"uv":[9.5,9,7,5.5],"texture":"#4"},"down":{"uv":[11,5.5,7,7.5],"rotation":90,"texture":"#4"}}},{"from":[15.27743,6.76376,8.5],"to":[18.27743,6.76376,12.5],"rotation":{"angle":-45,"axis":"z","origin":[16.77743,6.76376,10.5]},"faces":{"north":{"uv":[7,5.5,11,7.5],"rotation":270,"texture":"#4"},"east":{"uv":[7,5.5,11,7.5],"rotation":90,"texture":"#4"},"south":{"uv":[7,5.5,11,7.5],"rotation":90,"texture":"#4"},"west":{"uv":[7,5.5,11,7.5],"rotation":90,"texture":"#4"},"up":{"uv":[9.5,9,7,5.5],"texture":"#4"},"down":{"uv":[11,5.5,7,7.5],"rotation":90,"texture":"#4"}}},{"from":[16.68609,-8.5,2.53916],"to":[16.68609,7.5,8.53916],"rotation":{"angle":-22.5,"axis":"y","origin":[17.74625,-0.5,8.09982]},"faces":{"north":{"uv":[6,0,15.5,16],"texture":"#4"},"east":{"uv":[11,0,15.5,16],"texture":"#4"},"south":{"uv":[6,0,15.5,16],"texture":"#4"},"west":{"uv":[15.5,0,11,16],"texture":"#4"},"up":{"uv":[6,0,15.5,16],"rotation":90,"texture":"#4"},"down":{"uv":[6,0,15.5,16],"rotation":270,"texture":"#4"}}},{"from":[16.5,-0.75,5.75],"to":[19.5,-0.75,9.75],"rotation":{"angle":-45,"axis":"z","origin":[22.5,1,6]},"faces":{"north":{"uv":[12,3.5,16,6.5],"rotation":90,"texture":"#4"},"east":{"uv":[12,3.5,16,6.5],"rotation":270,"texture":"#4"},"south":{"uv":[12,3.5,16,6.5],"rotation":270,"texture":"#4"},"west":{"uv":[12,3.5,16,6.5],"rotation":270,"texture":"#4"},"up":{"uv":[12,3.5,16,6.5],"rotation":270,"texture":"#4"},"down":{"uv":[12,3.5,16,6.5],"rotation":270,"texture":"#4"}}},{"from":[13.5,5.25,3.75],"to":[16.5,5.25,7.75],"rotation":{"angle":-45,"axis":"z","origin":[19.5,7,4]},"faces":{"north":{"uv":[12,3.5,16,6.5],"rotation":90,"texture":"#4"},"east":{"uv":[12,3.5,16,6.5],"rotation":270,"texture":"#4"},"south":{"uv":[12,3.5,16,6.5],"rotation":270,"texture":"#4"},"west":{"uv":[12,3.5,16,6.5],"rotation":270,"texture":"#4"},"up":{"uv":[12,3.5,16,6.5],"rotation":270,"texture":"#4"},"down":{"uv":[12,3.5,16,6.5],"rotation":270,"texture":"#4"}}},{"from":[17.39095,5.88459,2.75],"to":[17.39095,8.88459,6.75],"rotation":{"angle":45,"axis":"y","origin":[16.14095,11.88459,4.75]},"faces":{"north":{"uv":[12,3.5,16,6.5],"texture":"#4"},"east":{"uv":[12,3.5,16,6.5],"texture":"#4"},"south":{"uv":[12,3.5,16,6.5],"texture":"#4"},"west":{"uv":[12,3.5,16,6.5],"texture":"#4"},"up":{"uv":[12,3.5,16,6.5],"texture":"#4"},"down":{"uv":[12,3.5,16,6.5],"texture":"#4"}}},{"from":[10.32305,8.24283,8.71299],"to":[16.32305,8.24283,11.71299],"rotation":{"angle":-22.5,"axis":"x","origin":[13.32305,7.55042,11.25]},"faces":{"north":{"uv":[3.5,0.5,9.5,3.5],"texture":"#4"},"east":{"uv":[3.5,0.5,9.5,3.5],"rotation":90,"texture":"#4"},"south":{"uv":[3.5,3.5,9.5,0.5],"rotation":180,"texture":"#4"},"west":{"uv":[3.5,0.5,9.5,3.5],"rotation":270,"texture":"#4"},"up":{"uv":[3.5,0.5,9.5,3.5],"texture":"#4"},"down":{"uv":[9.5,0.5,3.5,3.5],"rotation":180,"texture":"#4"}}},{"from":[10.32305,5.01387,11.9431],"to":[16.32305,8.01387,11.9431],"rotation":{"angle":-45,"axis":"x","origin":[13.32305,7.55042,11.25]},"faces":{"north":{"uv":[9.5,3.5,3.5,6],"texture":"#4"},"east":{"uv":[3.5,3.5,9.5,6],"texture":"#4"},"south":{"uv":[3.5,3.5,9.5,6],"texture":"#4"},"west":{"uv":[3.5,3.5,9.5,6],"texture":"#4"},"up":{"uv":[3.5,3.5,9.5,6],"rotation":270,"texture":"#4"},"down":{"uv":[3.5,3.5,9.5,6],"rotation":90,"texture":"#4"}}},{"from":[11.17893,-8.25,16.32107],"to":[17.17893,7.75,16.32107],"rotation":{"angle":-22.5,"axis":"y","origin":[20.92893,12.75,16.07107]},"faces":{"north":{"uv":[15.5,0,11,16],"texture":"#4"},"east":{"uv":[6,0,15.5,16],"texture":"#4"},"south":{"uv":[11,0,15.5,16],"texture":"#4"},"west":{"uv":[6,0,15.5,16],"texture":"#4"},"up":{"uv":[6,0,15.5,16],"texture":"#4"},"down":{"uv":[6,0,15.5,16],"texture":"#4"}}},{"from":[10.71504,-8.25,12.64817],"to":[10.71504,7.75,18.64817],"rotation":{"angle":-22.5,"axis":"y","origin":[11.46504,0.75,15.39817]},"faces":{"north":{"uv":[6,0,11,16],"texture":"#4"},"east":{"uv":[6,0,11,16],"texture":"#4"},"south":{"uv":[6,0,11,16],"texture":"#4"},"west":{"uv":[11,0,6,16],"texture":"#4"},"up":{"uv":[6,0,11,16],"rotation":270,"texture":"#4"},"down":{"uv":[6,0,11,16],"rotation":90,"texture":"#4"}}},{"from":[3.82305,1.99283,9.96299],"to":[9.82305,1.99283,12.96299],"rotation":{"angle":22.5,"axis":"x","origin":[6.82305,1.30042,12.5]},"faces":{"north":{"uv":[3.5,0.5,9.5,3.5],"texture":"#4"},"east":{"uv":[3.5,0.5,9.5,3.5],"rotation":90,"texture":"#4"},"south":{"uv":[3.5,3.5,9.5,0.5],"rotation":180,"texture":"#4"},"west":{"uv":[3.5,0.5,9.5,3.5],"rotation":270,"texture":"#4"},"up":{"uv":[3.5,0.5,9.5,3.5],"texture":"#4"},"down":{"uv":[9.5,0.5,3.5,3.5],"rotation":180,"texture":"#4"}}},{"from":[3.82305,-1.23613,13.1931],"to":[9.82305,1.76387,13.1931],"rotation":{"angle":0,"axis":"x","origin":[6.82305,1.30042,12.5]},"faces":{"north":{"uv":[9.5,3.5,3.5,6],"texture":"#4"},"east":{"uv":[3.5,3.5,9.5,6],"texture":"#4"},"south":{"uv":[3.5,3.5,9.5,6],"texture":"#4"},"west":{"uv":[3.5,3.5,9.5,6],"texture":"#4"},"up":{"uv":[3.5,3.5,9.5,6],"rotation":270,"texture":"#4"},"down":{"uv":[3.5,3.5,9.5,6],"rotation":90,"texture":"#4"}}},{"from":[7.78516,7.02245,10.30709],"to":[11.78516,7.02245,12.30709],"rotation":{"angle":22.5,"axis":"x","origin":[9.78516,6.73543,12.5]},"faces":{"north":{"uv":[7,9.5,11,7.5],"rotation":270,"texture":"#4"},"east":{"uv":[7,9.5,11,7.5],"rotation":90,"texture":"#4"},"south":{"uv":[7,9.5,11,7.5],"rotation":270,"texture":"#4"},"west":{"uv":[7,9.5,11,7.5],"rotation":270,"texture":"#4"},"up":{"uv":[11,9,9.5,5.5],"rotation":90,"texture":"#4"},"down":{"uv":[7,9.5,11,7.5],"rotation":180,"texture":"#4"}}},{"from":[7.78516,6.92678,12.21194],"to":[11.78516,6.92678,15.21194],"rotation":{"angle":45,"axis":"x","origin":[9.78516,6.73543,12.5]},"faces":{"north":{"uv":[7,5.5,11,7.5],"rotation":90,"texture":"#4"},"east":{"uv":[7,5.5,11,7.5],"rotation":270,"texture":"#4"},"south":{"uv":[7,5.5,11,7.5],"rotation":90,"texture":"#4"},"west":{"uv":[7,5.5,11,7.5],"rotation":90,"texture":"#4"},"up":{"uv":[9.5,9,7,5.5],"rotation":90,"texture":"#4"},"down":{"uv":[11,5.5,7,7.5],"texture":"#4"}}},{"from":[11.03516,-1.97755,13.30709],"to":[15.03516,-1.97755,15.30709],"rotation":{"angle":22.5,"axis":"x","origin":[13.03516,-2.26457,15.5]},"faces":{"north":{"uv":[7,9.5,11,7.5],"rotation":270,"texture":"#4"},"east":{"uv":[7,9.5,11,7.5],"rotation":90,"texture":"#4"},"south":{"uv":[7,9.5,11,7.5],"rotation":270,"texture":"#4"},"west":{"uv":[7,9.5,11,7.5],"rotation":270,"texture":"#4"},"up":{"uv":[11,9,9.5,5.5],"rotation":90,"texture":"#4"},"down":{"uv":[7,9.5,11,7.5],"rotation":180,"texture":"#4"}}},{"from":[11.03516,-2.07322,15.21194],"to":[15.03516,-2.07322,18.21194],"rotation":{"angle":45,"axis":"x","origin":[13.03516,-2.26457,15.5]},"faces":{"north":{"uv":[7,5.5,11,7.5],"rotation":90,"texture":"#4"},"east":{"uv":[7,5.5,11,7.5],"rotation":270,"texture":"#4"},"south":{"uv":[7,5.5,11,7.5],"rotation":90,"texture":"#4"},"west":{"uv":[7,5.5,11,7.5],"rotation":90,"texture":"#4"},"up":{"uv":[9.5,9,7,5.5],"rotation":90,"texture":"#4"},"down":{"uv":[11,5.5,7,7.5],"texture":"#4"}}},{"from":[9.25,-12,13.33859],"to":[16.25,-9,13.33859],"rotation":{"angle":0,"axis":"y","origin":[13,-9.44484,13.0443]},"faces":{"north":{"uv":[15,13,8,16],"texture":"#4"},"east":{"uv":[15,13,8,16],"texture":"#4"},"south":{"uv":[15,13,8,16],"texture":"#4"},"west":{"uv":[15,13,8,16],"texture":"#4"},"up":{"uv":[15,13,8,16],"rotation":180,"texture":"#4"},"down":{"uv":[15,13,8,16],"rotation":180,"texture":"#4"}}},{"from":[12.75,-9.49063,13.58231],"to":[13.75,-7.49063,13.58231],"rotation":{"angle":-45,"axis":"x","origin":[13,-9.44484,13.0443]},"faces":{"north":{"uv":[15,9.5,7.5,13],"texture":"#4"},"east":{"uv":[15,9.5,7.5,13],"texture":"#4"},"south":{"uv":[11.5,11,10.5,13],"texture":"#4"},"west":{"uv":[15,9.5,7.5,13],"texture":"#4"},"up":{"uv":[15,9.5,7.5,13],"rotation":180,"texture":"#4"},"down":{"uv":[15,9.5,7.5,13],"rotation":180,"texture":"#4"}}},{"from":[11.55866,2.57119,5.74862],"to":[11.55866,4.57119,10.74862],"rotation":{"angle":-22.5,"axis":"z","origin":[22.75,18.60925,8.49862]},"faces":{"north":{"uv":[16,9.5,11,11.5],"texture":"#4"},"east":{"uv":[16,9.5,11,11.5],"texture":"#4"},"south":{"uv":[16,9.5,11,11.5],"texture":"#4"},"west":{"uv":[11,9.5,16,11.5],"texture":"#4"},"up":{"uv":[16,9.5,11,11.5],"rotation":270,"texture":"#4"},"down":{"uv":[16,9.5,11,11.5],"rotation":90,"texture":"#4"}}},{"from":[13.80866,3.57119,6.74862],"to":[13.80866,5.57119,11.74862],"rotation":{"angle":-22.5,"axis":"z","origin":[22.75,18.60925,8.49862]},"faces":{"north":{"uv":[16,9.5,11,11.5],"texture":"#4"},"east":{"uv":[16,9.5,11,11.5],"texture":"#4"},"south":{"uv":[16,9.5,11,11.5],"texture":"#4"},"west":{"uv":[11,9.5,16,11.5],"texture":"#4"},"up":{"uv":[16,9.5,11,11.5],"rotation":270,"texture":"#4"},"down":{"uv":[16,9.5,11,11.5],"rotation":90,"texture":"#4"}}},{"from":[9.63446,8.1376,1.44862],"to":[9.63446,10.1376,6.44862],"rotation":{"angle":-45,"axis":"y","origin":[8.73446,8.1376,5.49862]},"faces":{"north":{"uv":[16,9.5,11,11.5],"texture":"#4"},"east":{"uv":[16,9.5,11,11.5],"texture":"#4"},"south":{"uv":[16,9.5,11,11.5],"texture":"#4"},"west":{"uv":[11,9.5,16,11.5],"texture":"#4"},"up":{"uv":[16,9.5,11,11.5],"rotation":270,"texture":"#4"},"down":{"uv":[16,9.5,11,11.5],"rotation":90,"texture":"#4"}}},{"from":[11.17597,0.72343,6.24862],"to":[11.17597,2.72343,11.24862],"rotation":{"angle":-22.5,"axis":"z","origin":[22.17597,17.72343,8.24862]},"faces":{"north":{"uv":[11.5,11.5,16,13.5],"texture":"#4"},"east":{"uv":[11.5,11.5,16,13.5],"texture":"#4"},"south":{"uv":[11.5,11.5,16,13.5],"texture":"#4"},"west":{"uv":[11.5,11.5,16,13.5],"texture":"#4"},"up":{"uv":[11.5,11.5,16,13.5],"rotation":270,"texture":"#4"},"down":{"uv":[11.5,11.5,16,13.5],"rotation":90,"texture":"#4"}}},{"from":[13.42597,1.72343,7.24862],"to":[13.42597,3.72343,12.24862],"rotation":{"angle":-22.5,"axis":"z","origin":[22.17597,17.72343,8.24862]},"faces":{"north":{"uv":[11.5,11.5,16,13.5],"texture":"#4"},"east":{"uv":[11.5,11.5,16,13.5],"texture":"#4"},"south":{"uv":[11.5,11.5,16,13.5],"texture":"#4"},"west":{"uv":[11.5,11.5,16,13.5],"texture":"#4"},"up":{"uv":[11.5,11.5,16,13.5],"rotation":270,"texture":"#4"},"down":{"uv":[11.5,11.5,16,13.5],"rotation":90,"texture":"#4"}}},{"from":[9.63446,6.1376,1.94862],"to":[9.63446,8.1376,6.94862],"rotation":{"angle":-45,"axis":"y","origin":[8.73446,8.1376,5.49862]},"faces":{"north":{"uv":[11.5,11.5,16,13.5],"texture":"#4"},"east":{"uv":[11.5,11.5,16,13.5],"texture":"#4"},"south":{"uv":[11.5,11.5,16,13.5],"texture":"#4"},"west":{"uv":[11.5,11.5,16,13.5],"texture":"#4"},"up":{"uv":[11.5,11.5,16,13.5],"rotation":270,"texture":"#4"},"down":{"uv":[11.5,11.5,16,13.5],"rotation":90,"texture":"#4"}}},{"from":[4.83167,-2,7.50333],"to":[4.83167,8,13.50333],"rotation":{"angle":22.5,"axis":"y","origin":[-3.66833,-0.25,5.50333]},"faces":{"north":{"uv":[15.5,4,11,16],"texture":"#4"},"east":{"uv":[11,4.5,15.5,16],"texture":"#4"},"south":{"uv":[15.5,4,11,16],"texture":"#4"},"west":{"uv":[15.5,4.5,11,16],"texture":"#4"},"up":{"uv":[15.5,4,11,16],"texture":"#4"},"down":{"uv":[15.5,4,11,16],"texture":"#4"}}},{"from":[0.20863,-2,14.42171],"to":[6.20863,8,14.42171],"rotation":{"angle":22.5,"axis":"y","origin":[-5.29137,-0.25,9.42171]},"faces":{"north":{"uv":[11,5,6,16],"texture":"#4"},"east":{"uv":[11,4,6,16],"texture":"#4"},"south":{"uv":[6,5,11,16],"texture":"#4"},"west":{"uv":[11,4,6,16],"texture":"#4"},"up":{"uv":[11,4,6,16],"texture":"#4"},"down":{"uv":[11,4,6,16],"texture":"#4"}}},{"from":[6,5.75,8],"to":[18,11.75,8],"rotation":{"angle":-45,"axis":"y","origin":[12,8.75,8]},"faces":{"north":{"uv":[4,0,16,6],"texture":"#4"},"east":{"uv":[0,0,0,6],"texture":"#missing"},"south":{"uv":[16,0,4,6],"texture":"#4"},"west":{"uv":[0,0,0,6],"texture":"#missing"},"up":{"uv":[0,0,12,0],"texture":"#missing"},"down":{"uv":[0,0,12,0],"texture":"#missing"}}},{"from":[12,5.75,2],"to":[12,11.75,14],"rotation":{"angle":-45,"axis":"y","origin":[12,8.75,8]},"faces":{"north":{"uv":[0,0,0,6],"texture":"#missing"},"east":{"uv":[16,0,4,6],"texture":"#4"},"south":{"uv":[0,0,0,6],"texture":"#missing"},"west":{"uv":[4,0,16,6],"texture":"#4"},"up":{"uv":[0,0,12,0],"rotation":270,"texture":"#missing"},"down":{"uv":[0,0,12,0],"rotation":90,"texture":"#missing"}}}],"display":{"thirdperson_righthand":{"scale":[0.3,0.3,0.3]},"thirdperson_lefthand":{"scale":[0.3,0.3,0.3]},"firstperson_righthand":{"scale":[0.3,0.3,0.3]},"firstperson_lefthand":{"scale":[0.3,0.3,0.3]},"ground":{"scale":[0.3,0.3,0.3]},"gui":{"rotation":[10,19,0],"translation":[-0.5,0.5,0],"scale":[0.35,0.35,0.35]},"fixed":{"rotation":[90,90,-90],"translation":[0,-22,-15],"scale":[2,2,2]}},"groups":[{"name":"maceta","origin":[8,8,8],"children":[0,1,2,3,4,5,6,7,8,9]},{"name":"sosten","origin":[8,8,8],"children":[10,11,12,13,14,15,16,17,18,19,20]},21,{"name":"flor","origin":[8,8,8],"children":[{"name":"rama 1","origin":[8,8,8],"children":[22,23,24,25,26,27,28,29]},{"name":"rama 2","origin":[8,8,8],"children":[30,31,32,33,34,35,36,37,38,39,40,41,42,43]},{"name":"rama 3","origin":[16.92893,12,15.07107],"children":[44,45,46,47,48,49,50,51,52,53,54,55]},{"name":"rama 4","origin":[8,8,8],"children":[56,57,58,59,60,61,62,63]},64,65]}]}