{"credit":"Made with Blockbench","textures":{"0":"block/flowers/lavender","1":"block/maceta_2","particle":"block/flowers/lavender"},"elements":[{"from":[7.5,5,3.5],"to":[16.5,7,4.5],"rotation":{"angle":0,"axis":"y","origin":[7.5,5,3.5]},"faces":{"north":{"uv":[0,15,4.5,16],"texture":"#1"},"east":{"uv":[0,15,0.5,16],"texture":"#1"},"south":{"uv":[0,10.5,4.5,11],"texture":"#1"},"west":{"uv":[0,15,0.5,16],"texture":"#1"},"up":{"uv":[0,10.5,4.5,11],"texture":"#1"},"down":{"uv":[0,15.5,4.5,16],"texture":"#1"}}},{"from":[7.5,5,4.5],"to":[8.5,7,11.5],"rotation":{"angle":0,"axis":"y","origin":[12,6,11]},"faces":{"north":{"uv":[0,0,1,2],"texture":"#missing"},"east":{"uv":[0.5,10.5,4,11],"texture":"#1"},"south":{"uv":[0,0,1,2],"texture":"#missing"},"west":{"uv":[0.5,15,4,16],"texture":"#1"},"up":{"uv":[0.5,10.5,4,11],"rotation":90,"texture":"#1"},"down":{"uv":[0.5,15.5,4,16],"rotation":90,"texture":"#1"}}},{"from":[8.5,2,4.5],"to":[15.5,5,5.5],"rotation":{"angle":0,"axis":"y","origin":[8.5,2,0.5]},"faces":{"north":{"uv":[0,13.5,3.5,15],"texture":"#1"},"east":{"uv":[0,13.5,0.5,15],"texture":"#1"},"south":{"uv":[0,0,7,3],"texture":"#missing"},"west":{"uv":[0,13.5,0.5,15],"texture":"#1"},"up":{"uv":[0,0,7,1],"texture":"#missing"},"down":{"uv":[0,14.5,3.5,15],"texture":"#1"}}},{"from":[8.5,2,5.5],"to":[9.5,5,10.5],"rotation":{"angle":0,"axis":"y","origin":[12,3,9]},"faces":{"north":{"uv":[0,0,1,3],"rotation":180,"texture":"#missing"},"east":{"uv":[0,0,5,3],"rotation":180,"texture":"#missing"},"south":{"uv":[0,0,1,3],"rotation":180,"texture":"#missing"},"west":{"uv":[0.5,13.5,3,15],"texture":"#1"},"up":{"uv":[0,0,5,1],"rotation":90,"texture":"#missing"},"down":{"uv":[0.5,14.5,3,15],"rotation":90,"texture":"#1"}}},{"from":[9.5,1,5.5],"to":[14.5,2,10.5],"rotation":{"angle":0,"axis":"y","origin":[9.5,1,5.5]},"faces":{"north":{"uv":[0,13,2.5,13.5],"texture":"#1"},"east":{"uv":[0,13,2.5,13.5],"texture":"#1"},"south":{"uv":[0,13,2.5,13.5],"texture":"#1"},"west":{"uv":[0,13,2.5,13.5],"texture":"#1"},"up":{"uv":[0,0,5,5],"texture":"#missing"},"down":{"uv":[0,10.5,2.5,13],"texture":"#1"}}},{"from":[8.5,2,10.5],"to":[15.5,5,11.5],"rotation":{"angle":0,"axis":"y","origin":[8.5,2,0.5]},"faces":{"north":{"uv":[0,0,7,3],"texture":"#missing"},"east":{"uv":[0,13.5,0.5,15],"texture":"#1"},"south":{"uv":[0,13.5,3.5,15],"texture":"#1"},"west":{"uv":[0,13.5,0.5,15],"texture":"#1"},"up":{"uv":[0,0,7,1],"texture":"#missing"},"down":{"uv":[0,14.5,3.5,15],"texture":"#1"}}},{"from":[14.5,2,5.5],"to":[15.5,5,10.5],"rotation":{"angle":0,"axis":"y","origin":[12,3,9]},"faces":{"north":{"uv":[0,0,1,3],"rotation":180,"texture":"#missing"},"east":{"uv":[0.5,13.5,3,15],"texture":"#1"},"south":{"uv":[0,0,1,3],"rotation":180,"texture":"#missing"},"west":{"uv":[0,0,5,3],"rotation":180,"texture":"#missing"},"up":{"uv":[0,0,5,1],"rotation":90,"texture":"#missing"},"down":{"uv":[0.5,14.5,3,15],"rotation":90,"texture":"#1"}}},{"from":[7.5,5,11.5],"to":[16.5,7,12.5],"rotation":{"angle":0,"axis":"y","origin":[7.5,5,3.5]},"faces":{"north":{"uv":[0,10.5,4.5,11],"texture":"#1"},"east":{"uv":[0,15,0.5,16],"texture":"#1"},"south":{"uv":[0,15,4.5,16],"texture":"#1"},"west":{"uv":[0,15,0.5,16],"texture":"#1"},"up":{"uv":[0,10.5,4.5,11],"texture":"#1"},"down":{"uv":[0,15.5,4.5,16],"texture":"#1"}}},{"from":[15.5,5,4.5],"to":[16.5,7,11.5],"rotation":{"angle":0,"axis":"y","origin":[12,6,11]},"faces":{"north":{"uv":[0,0,1,2],"texture":"#missing"},"east":{"uv":[0.5,15,4,16],"texture":"#1"},"south":{"uv":[0,0,1,2],"texture":"#missing"},"west":{"uv":[0.5,10.5,4,11],"texture":"#1"},"up":{"uv":[0.5,10.5,4,11],"rotation":90,"texture":"#1"},"down":{"uv":[0.5,15.5,4,16],"rotation":90,"texture":"#1"}}},{"from":[8.5,5.999,4.5],"to":[15.5,5.999,11.5],"rotation":{"angle":0,"axis":"y","origin":[3.5,1.999,-0.5]},"faces":{"north":{"uv":[0,0,7,0],"texture":"#missing"},"east":{"uv":[0,0,7,0],"texture":"#missing"},"south":{"uv":[0,0,7,0],"texture":"#missing"},"west":{"uv":[0,0,7,0],"texture":"#missing"},"up":{"uv":[0,7,3.5,10.5],"texture":"#1"},"down":{"uv":[0,0,7,7],"texture":"#missing"}}},{"from":[11.75,7,3.75],"to":[12.25,7.75,4.25],"rotation":{"angle":0,"axis":"y","origin":[6,7,3.5]},"faces":{"north":{"uv":[0,10.5,0.5,11],"texture":"#1"},"east":{"uv":[0,10.5,0.5,11],"texture":"#1"},"south":{"uv":[0,10.5,0.5,11],"texture":"#1"},"west":{"uv":[0,10.5,0.5,11],"texture":"#1"},"up":{"uv":[0,10.5,0.5,11],"texture":"#1"},"down":{"uv":[0,10.5,0.5,11],"texture":"#1"}}},{"from":[7.75,7,7.75],"to":[8.25,7.75,8.25],"rotation":{"angle":0,"axis":"y","origin":[6,7,3.5]},"faces":{"north":{"uv":[0,10.5,0.5,11],"texture":"#1"},"east":{"uv":[0,10.5,0.5,11],"texture":"#1"},"south":{"uv":[0,10.5,0.5,11],"texture":"#1"},"west":{"uv":[0,10.5,0.5,11],"texture":"#1"},"up":{"uv":[0,10.5,0.5,11],"texture":"#1"},"down":{"uv":[0,10.5,0.5,11],"texture":"#1"}}},{"from":[15.75,7,7.75],"to":[16.25,7.75,8.25],"rotation":{"angle":0,"axis":"y","origin":[6,7,3.5]},"faces":{"north":{"uv":[0,10.5,0.5,11],"texture":"#1"},"east":{"uv":[0,10.5,0.5,11],"texture":"#1"},"south":{"uv":[0,10.5,0.5,11],"texture":"#1"},"west":{"uv":[0,10.5,0.5,11],"texture":"#1"},"up":{"uv":[0,10.5,0.5,11],"texture":"#1"},"down":{"uv":[0,10.5,0.5,11],"texture":"#1"}}},{"from":[11.75,7,11.75],"to":[12.25,7.75,12.25],"rotation":{"angle":0,"axis":"y","origin":[6,7,3.5]},"faces":{"north":{"uv":[0,10.5,0.5,11],"texture":"#1"},"east":{"uv":[0,10.5,0.5,11],"texture":"#1"},"south":{"uv":[0,10.5,0.5,11],"texture":"#1"},"west":{"uv":[0,10.5,0.5,11],"texture":"#1"},"up":{"uv":[0,10.5,0.5,11],"texture":"#1"},"down":{"uv":[0,10.5,0.5,11],"texture":"#1"}}},{"from":[7.5,7,8],"to":[16.5,22,8],"rotation":{"angle":0,"axis":"y","origin":[12,13,0]},"faces":{"north":{"uv":[10.5,1.5,15,9],"texture":"#1"},"east":{"uv":[0,0,0,16],"texture":"#missing"},"south":{"uv":[10.5,1.5,15,9],"texture":"#1"},"west":{"uv":[0,0,0,16],"texture":"#missing"},"up":{"uv":[0,0,13,0],"texture":"#missing"},"down":{"uv":[0,0,13,0],"texture":"#missing"}}},{"from":[12,7,3.5],"to":[12,22,12.5],"rotation":{"angle":0,"axis":"y","origin":[12,16,8]},"faces":{"north":{"uv":[0,0,0,16],"texture":"#missing"},"east":{"uv":[10.5,1.5,15,9],"texture":"#1"},"south":{"uv":[0,0,0,16],"texture":"#missing"},"west":{"uv":[10.5,1.5,15,9],"texture":"#1"},"up":{"uv":[0,0,13,0],"rotation":90,"texture":"#missing"},"down":{"uv":[0,0,13,0],"rotation":270,"texture":"#missing"}}},{"from":[0,13,6.5],"to":[1,23,9.5],"rotation":{"angle":0,"axis":"y","origin":[0,0,-0.5]},"faces":{"north":{"uv":[5,0,5.5,5],"texture":"#1"},"east":{"uv":[5,0,6.5,5],"texture":"#1"},"south":{"uv":[5,0,5.5,5],"texture":"#1"},"west":{"uv":[5,0,6.5,5],"texture":"#1"},"up":{"uv":[0,0,1,3],"texture":"#missing"},"down":{"uv":[5,0.5,5.5,2],"rotation":180,"texture":"#1"}}},{"from":[0,23,6.5],"to":[13,24,9.5],"rotation":{"angle":0,"axis":"z","origin":[4,23.5,7.5]},"faces":{"north":{"uv":[5.5,0,6,6.5],"rotation":270,"texture":"#1"},"east":{"uv":[5,0.5,5.5,2],"rotation":270,"texture":"#1"},"south":{"uv":[5.5,0,6,6.5],"rotation":270,"texture":"#1"},"west":{"uv":[5,0.5,5.5,2],"rotation":270,"texture":"#1"},"up":{"uv":[5,0,6.5,6.5],"rotation":270,"texture":"#1"},"down":{"uv":[5,0,6.5,6.5],"rotation":270,"texture":"#1"}}},{"from":[0,12,7.5],"to":[1,13,8.5],"rotation":{"angle":0,"axis":"y","origin":[0,0,7.5]},"faces":{"north":{"uv":[4,10.5,4.5,11],"texture":"#1"},"east":{"uv":[4,10.5,4.5,11],"texture":"#1"},"south":{"uv":[4,10.5,4.5,11],"texture":"#1"},"west":{"uv":[4,10.5,4.5,11],"texture":"#1"},"up":{"uv":[4,10.5,4.5,11],"texture":"#1"},"down":{"uv":[4,10.5,4.5,11],"texture":"#1"}}},{"from":[13,23,7.5],"to":[14,24,8.5],"rotation":{"angle":0,"axis":"y","origin":[1,11,6.5]},"faces":{"north":{"uv":[4,10.5,4.5,11],"texture":"#1"},"east":{"uv":[4,10.5,4.5,11],"texture":"#1"},"south":{"uv":[4,10.5,4.5,11],"texture":"#1"},"west":{"uv":[4,10.5,4.5,11],"texture":"#1"},"up":{"uv":[4,10.5,4.5,11],"texture":"#1"},"down":{"uv":[4,10.5,4.5,11],"texture":"#1"}}},{"from":[11.5,22,7.5],"to":[12.5,23,8.5],"rotation":{"angle":0,"axis":"y","origin":[1,11,6.5]},"faces":{"north":{"uv":[4,10.5,4.5,11],"texture":"#1"},"east":{"uv":[4,10.5,4.5,11],"texture":"#1"},"south":{"uv":[4,10.5,4.5,11],"texture":"#1"},"west":{"uv":[4,10.5,4.5,11],"texture":"#1"},"up":{"uv":[4,10.5,4.5,11],"texture":"#1"},"down":{"uv":[4,10.5,4.5,11],"texture":"#1"}}},{"from":[1,13,8],"to":[11,23,8],"rotation":{"angle":0,"axis":"y","origin":[0,0,7]},"faces":{"north":{"uv":[0,0,5,5],"texture":"#1"},"east":{"uv":[0,0,0,10],"texture":"#missing"},"south":{"uv":[5,0,0,5],"texture":"#1"},"west":{"uv":[0,0,0,10],"texture":"#missing"},"up":{"uv":[0,0,10,0],"texture":"#missing"},"down":{"uv":[0,0,10,0],"texture":"#missing"}}},{"from":[14.52941,-3,14],"to":[14.52941,-1,16],"rotation":{"angle":45,"axis":"y","origin":[12,-1.14706,11.85294]},"faces":{"north":{"uv":[0,0,0,3],"rotation":180,"texture":"#missing"},"east":{"uv":[3,8,5,10],"rotation":180,"texture":"#0"},"south":{"uv":[0,0,0,3],"rotation":180,"texture":"#missing"},"west":{"uv":[5,8,3,10],"rotation":180,"texture":"#0"},"up":{"uv":[0,0,2,0],"rotation":270,"texture":"#missing"},"down":{"uv":[0,0,2,0],"rotation":90,"texture":"#missing"}}},{"from":[14.52941,-1,13],"to":[14.52941,1,15],"rotation":{"angle":45,"axis":"y","origin":[12,-1.14706,11.85294]},"faces":{"north":{"uv":[0,0,0,8],"texture":"#missing"},"east":{"uv":[1,10,3,8],"texture":"#0"},"south":{"uv":[0,0,0,8],"texture":"#missing"},"west":{"uv":[3,10,1,8],"texture":"#0"},"up":{"uv":[0,0,8,0],"rotation":90,"texture":"#missing"},"down":{"uv":[0,0,8,0],"rotation":270,"texture":"#missing"}}},{"from":[14.52941,-4,18],"to":[14.52941,-1,20],"rotation":{"angle":45,"axis":"y","origin":[12,-1.14706,11.85294]},"faces":{"north":{"uv":[0,0,0,3],"rotation":180,"texture":"#missing"},"east":{"uv":[14,11,16,14],"rotation":180,"texture":"#0"},"south":{"uv":[0,0,0,3],"rotation":180,"texture":"#missing"},"west":{"uv":[16,11,14,14],"rotation":180,"texture":"#0"},"up":{"uv":[0,0,2,0],"rotation":270,"texture":"#missing"},"down":{"uv":[0,0,2,0],"rotation":90,"texture":"#missing"}}},{"from":[15.30676,-7,1.01151],"to":[15.30676,-4,3.01151],"rotation":{"angle":-45,"axis":"y","origin":[15.30676,-6.5,4.51151]},"faces":{"north":{"uv":[0,0,0,3],"rotation":180,"texture":"#missing"},"east":{"uv":[14,5,12,8],"rotation":180,"texture":"#0"},"south":{"uv":[0,0,0,3],"rotation":180,"texture":"#missing"},"west":{"uv":[12,5,14,8],"rotation":180,"texture":"#0"},"up":{"uv":[0,0,2,0],"rotation":270,"texture":"#missing"},"down":{"uv":[0,0,2,0],"rotation":90,"texture":"#missing"}}},{"from":[13.8223,6,16.29289],"to":[13.8223,7,17.29289],"rotation":{"angle":45,"axis":"y","origin":[11.29289,6.85294,11.14583]},"faces":{"north":{"uv":[0,0,0,3],"rotation":180,"texture":"#missing"},"east":{"uv":[4,8,3,9],"rotation":180,"texture":"#0"},"south":{"uv":[0,0,0,3],"rotation":180,"texture":"#missing"},"west":{"uv":[4,8,3,9],"rotation":180,"texture":"#0"},"up":{"uv":[0,0,2,0],"rotation":270,"texture":"#missing"},"down":{"uv":[0,0,2,0],"rotation":90,"texture":"#missing"}}},{"from":[14.52941,6,3],"to":[14.52941,7,4],"rotation":{"angle":45,"axis":"y","origin":[12,-1.14706,11.85294]},"faces":{"north":{"uv":[0,0,0,3],"rotation":180,"texture":"#missing"},"east":{"uv":[4,8,3,9],"rotation":180,"texture":"#0"},"south":{"uv":[0,0,0,3],"rotation":180,"texture":"#missing"},"west":{"uv":[4,8,3,9],"rotation":180,"texture":"#0"},"up":{"uv":[0,0,2,0],"rotation":270,"texture":"#missing"},"down":{"uv":[0,0,2,0],"rotation":90,"texture":"#missing"}}},{"from":[14.52941,7,2],"to":[14.52941,8,3],"rotation":{"angle":45,"axis":"y","origin":[12,-1.14706,11.85294]},"faces":{"north":{"uv":[0,0,0,3],"rotation":180,"texture":"#missing"},"east":{"uv":[3,8,2,9],"rotation":180,"texture":"#0"},"south":{"uv":[0,0,0,3],"rotation":180,"texture":"#missing"},"west":{"uv":[3,8,2,9],"rotation":180,"texture":"#0"},"up":{"uv":[0,0,2,0],"rotation":270,"texture":"#missing"},"down":{"uv":[0,0,2,0],"rotation":90,"texture":"#missing"}}},{"from":[5.76082,-1,0.05745],"to":[5.76082,0,1.05745],"rotation":{"angle":-45,"axis":"y","origin":[5.76082,-9.5,14.05745]},"faces":{"north":{"uv":[0,0,0,3],"rotation":180,"texture":"#missing"},"east":{"uv":[4,9,3,10],"rotation":180,"texture":"#0"},"south":{"uv":[0,0,0,3],"rotation":180,"texture":"#missing"},"west":{"uv":[4,9,3,10],"rotation":180,"texture":"#0"},"up":{"uv":[0,0,2,0],"rotation":270,"texture":"#missing"},"down":{"uv":[0,0,2,0],"rotation":90,"texture":"#missing"}}},{"from":[18.13519,-3,5.18308],"to":[18.13519,-2,6.18308],"rotation":{"angle":-45,"axis":"y","origin":[18.13519,-9.5,1.68308]},"faces":{"north":{"uv":[0,0,0,3],"rotation":180,"texture":"#missing"},"east":{"uv":[4,9,3,10],"rotation":180,"texture":"#0"},"south":{"uv":[0,0,0,3],"rotation":180,"texture":"#missing"},"west":{"uv":[4,9,3,10],"rotation":180,"texture":"#0"},"up":{"uv":[0,0,2,0],"rotation":270,"texture":"#missing"},"down":{"uv":[0,0,2,0],"rotation":90,"texture":"#missing"}}},{"from":[18.13519,-5,5.18308],"to":[18.13519,-4,6.18308],"rotation":{"angle":-45,"axis":"y","origin":[18.13519,-9.5,1.68308]},"faces":{"north":{"uv":[0,0,0,3],"rotation":180,"texture":"#missing"},"east":{"uv":[4,9,3,10],"rotation":180,"texture":"#0"},"south":{"uv":[0,0,0,3],"rotation":180,"texture":"#missing"},"west":{"uv":[4,9,3,10],"rotation":180,"texture":"#0"},"up":{"uv":[0,0,2,0],"rotation":270,"texture":"#missing"},"down":{"uv":[0,0,2,0],"rotation":90,"texture":"#missing"}}},{"from":[17.07453,-2,17.24374],"to":[17.07453,-1,18.24374],"rotation":{"angle":-45,"axis":"y","origin":[17.07453,-6.5,2.74374]},"faces":{"north":{"uv":[0,0,0,3],"rotation":180,"texture":"#missing"},"east":{"uv":[4,9,3,10],"rotation":180,"texture":"#0"},"south":{"uv":[0,0,0,3],"rotation":180,"texture":"#missing"},"west":{"uv":[4,9,3,10],"rotation":180,"texture":"#0"},"up":{"uv":[0,0,2,0],"rotation":270,"texture":"#missing"},"down":{"uv":[0,0,2,0],"rotation":90,"texture":"#missing"}}},{"from":[17.07453,0,18.24374],"to":[17.07453,1,19.24374],"rotation":{"angle":-45,"axis":"y","origin":[17.07453,-6.5,2.74374]},"faces":{"north":{"uv":[0,0,0,3],"rotation":180,"texture":"#missing"},"east":{"uv":[4,9,3,10],"rotation":180,"texture":"#0"},"south":{"uv":[0,0,0,3],"rotation":180,"texture":"#missing"},"west":{"uv":[4,9,3,10],"rotation":180,"texture":"#0"},"up":{"uv":[0,0,2,0],"rotation":270,"texture":"#missing"},"down":{"uv":[0,0,2,0],"rotation":90,"texture":"#missing"}}},{"from":[17.07453,-1,16.24374],"to":[17.07453,0,17.24374],"rotation":{"angle":-45,"axis":"y","origin":[17.07453,-6.5,2.74374]},"faces":{"north":{"uv":[0,0,0,3],"rotation":180,"texture":"#missing"},"east":{"uv":[4,9,3,10],"rotation":180,"texture":"#0"},"south":{"uv":[0,0,0,3],"rotation":180,"texture":"#missing"},"west":{"uv":[4,9,3,10],"rotation":180,"texture":"#0"},"up":{"uv":[0,0,2,0],"rotation":270,"texture":"#missing"},"down":{"uv":[0,0,2,0],"rotation":90,"texture":"#missing"}}},{"from":[17.07453,6,16.24374],"to":[17.07453,7,17.24374],"rotation":{"angle":-45,"axis":"y","origin":[17.07453,-6.5,2.74374]},"faces":{"north":{"uv":[0,0,0,3],"rotation":180,"texture":"#missing"},"east":{"uv":[5,10,4,11],"rotation":180,"texture":"#0"},"south":{"uv":[0,0,0,3],"rotation":180,"texture":"#missing"},"west":{"uv":[5,10,4,11],"rotation":180,"texture":"#0"},"up":{"uv":[0,0,2,0],"rotation":270,"texture":"#missing"},"down":{"uv":[0,0,2,0],"rotation":90,"texture":"#missing"}}},{"from":[17.07453,7,17.24374],"to":[17.07453,8,18.24374],"rotation":{"angle":-45,"axis":"y","origin":[17.07453,-6.5,2.74374]},"faces":{"north":{"uv":[0,0,0,3],"rotation":180,"texture":"#missing"},"east":{"uv":[5,10,4,11],"rotation":180,"texture":"#0"},"south":{"uv":[0,0,0,3],"rotation":180,"texture":"#missing"},"west":{"uv":[5,10,4,11],"rotation":180,"texture":"#0"},"up":{"uv":[0,0,2,0],"rotation":270,"texture":"#missing"},"down":{"uv":[0,0,2,0],"rotation":90,"texture":"#missing"}}},{"from":[14.52941,-6,16],"to":[14.52941,-3,17],"rotation":{"angle":45,"axis":"y","origin":[12,-1.14706,11.85294]},"faces":{"north":{"uv":[0,0,0,3],"rotation":180,"texture":"#missing"},"east":{"uv":[16,11,15,14],"rotation":180,"texture":"#0"},"south":{"uv":[0,0,0,3],"rotation":180,"texture":"#missing"},"west":{"uv":[16,11,15,14],"rotation":180,"texture":"#0"},"up":{"uv":[0,0,2,0],"rotation":90,"texture":"#missing"},"down":{"uv":[0,0,2,0],"rotation":270,"texture":"#missing"}}},{"from":[14.52941,-6,15],"to":[14.52941,-3,16],"rotation":{"angle":45,"axis":"y","origin":[12,-1.14706,11.85294]},"faces":{"north":{"uv":[0,0,0,3],"rotation":180,"texture":"#missing"},"east":{"uv":[8,7,7,10],"rotation":180,"texture":"#0"},"south":{"uv":[0,0,0,3],"rotation":180,"texture":"#missing"},"west":{"uv":[8,7,7,10],"rotation":180,"texture":"#0"},"up":{"uv":[0,0,2,0],"rotation":90,"texture":"#missing"},"down":{"uv":[0,0,2,0],"rotation":270,"texture":"#missing"}}},{"from":[14.52941,-8,3],"to":[14.52941,-5,4],"rotation":{"angle":45,"axis":"y","origin":[12,-1.14706,11.85294]},"faces":{"north":{"uv":[0,0,0,3],"rotation":180,"texture":"#missing"},"east":{"uv":[8,7,7,10],"rotation":180,"texture":"#0"},"south":{"uv":[0,0,0,3],"rotation":180,"texture":"#missing"},"west":{"uv":[8,7,7,10],"rotation":180,"texture":"#0"},"up":{"uv":[0,0,2,0],"rotation":90,"texture":"#missing"},"down":{"uv":[0,0,2,0],"rotation":270,"texture":"#missing"}}},{"from":[14.52941,-8,18],"to":[14.52941,-5,19],"rotation":{"angle":45,"axis":"y","origin":[12,-1.14706,11.85294]},"faces":{"north":{"uv":[0,0,0,3],"rotation":180,"texture":"#missing"},"east":{"uv":[15,5,14,8],"rotation":180,"texture":"#0"},"south":{"uv":[0,0,0,3],"rotation":180,"texture":"#missing"},"west":{"uv":[15,5,14,8],"rotation":180,"texture":"#0"},"up":{"uv":[0,0,2,0],"rotation":90,"texture":"#missing"},"down":{"uv":[0,0,2,0],"rotation":270,"texture":"#missing"}}},{"from":[14.52941,-7,16],"to":[14.52941,-6,17],"rotation":{"angle":45,"axis":"y","origin":[12,-1.14706,11.85294]},"faces":{"north":{"uv":[0,0,0,3],"rotation":180,"texture":"#missing"},"east":{"uv":[15,7,14,8],"rotation":180,"texture":"#0"},"south":{"uv":[0,0,0,3],"rotation":180,"texture":"#missing"},"west":{"uv":[15,7,14,8],"rotation":180,"texture":"#0"},"up":{"uv":[0,0,2,0],"rotation":90,"texture":"#missing"},"down":{"uv":[0,0,2,0],"rotation":270,"texture":"#missing"}}},{"from":[6.99826,-3,13.07001],"to":[6.99826,-2,14.07001],"rotation":{"angle":-45,"axis":"y","origin":[6.99826,-2.5,12.82001]},"faces":{"north":{"uv":[0,0,0,3],"rotation":180,"texture":"#missing"},"east":{"uv":[16,7,15,8],"rotation":180,"texture":"#0"},"south":{"uv":[0,0,0,3],"rotation":180,"texture":"#missing"},"west":{"uv":[16,7,15,8],"rotation":180,"texture":"#0"},"up":{"uv":[0,0,2,0],"rotation":90,"texture":"#missing"},"down":{"uv":[0,0,2,0],"rotation":270,"texture":"#missing"}}},{"from":[6.99826,0,11.07001],"to":[6.99826,1,12.07001],"rotation":{"angle":-45,"axis":"y","origin":[6.99826,-2.5,12.82001]},"faces":{"north":{"uv":[0,0,0,3],"rotation":180,"texture":"#missing"},"east":{"uv":[12,8,11,9],"rotation":180,"texture":"#0"},"south":{"uv":[0,0,0,3],"rotation":180,"texture":"#missing"},"west":{"uv":[12,8,11,9],"rotation":180,"texture":"#0"},"up":{"uv":[0,0,2,0],"rotation":90,"texture":"#missing"},"down":{"uv":[0,0,2,0],"rotation":270,"texture":"#missing"}}},{"from":[17.07453,-1,10.85034],"to":[17.07453,4,16.85034],"rotation":{"angle":45,"axis":"y","origin":[17.07453,2,13.35034]},"faces":{"north":{"uv":[0,0,8,0],"rotation":90,"texture":"#missing"},"east":{"uv":[11,8,16,14],"rotation":90,"texture":"#0"},"south":{"uv":[0,0,8,0],"rotation":90,"texture":"#missing"},"west":{"uv":[16,8,11,14],"rotation":270,"texture":"#0"},"up":{"uv":[0,0,0,8],"texture":"#missing"},"down":{"uv":[0,0,0,8],"rotation":180,"texture":"#missing"}}},{"from":[14.52941,5,9],"to":[14.52941,13,17],"rotation":{"angle":45,"axis":"y","origin":[12,-1.14706,11.85294]},"faces":{"north":{"uv":[0,0,0,8],"texture":"#missing"},"east":{"uv":[16,0,8,8],"texture":"#0"},"south":{"uv":[0,0,0,8],"texture":"#missing"},"west":{"uv":[8,0,16,8],"texture":"#0"},"up":{"uv":[0,0,16,0],"rotation":90,"texture":"#missing"},"down":{"uv":[0,0,16,0],"rotation":270,"texture":"#missing"}}},{"from":[14.52941,5,1],"to":[14.52941,13,9],"rotation":{"angle":45,"axis":"y","origin":[12,-1.14706,11.85294]},"faces":{"north":{"uv":[0,0,0,8],"texture":"#missing"},"east":{"uv":[8,0,0,8],"texture":"#0"},"south":{"uv":[0,0,0,8],"texture":"#missing"},"west":{"uv":[0,0,8,8],"texture":"#0"},"up":{"uv":[0,0,16,0],"rotation":90,"texture":"#missing"},"down":{"uv":[0,0,16,0],"rotation":270,"texture":"#missing"}}},{"from":[14.52941,6,9],"to":[22.52941,13,9],"rotation":{"angle":45,"axis":"y","origin":[12,-1.14706,11.85294]},"faces":{"north":{"uv":[16,0,8,7],"texture":"#0"},"east":{"uv":[0,0,0,8],"texture":"#missing"},"south":{"uv":[8,0,16,7],"texture":"#0"},"west":{"uv":[0,0,0,8],"texture":"#missing"},"up":{"uv":[0,0,16,0],"texture":"#missing"},"down":{"uv":[0,0,16,0],"texture":"#missing"}}},{"from":[4.52941,5,9],"to":[14.52941,12,9],"rotation":{"angle":45,"axis":"y","origin":[12,-1.14706,11.85294]},"faces":{"north":{"uv":[6,0,16,7],"texture":"#0"},"east":{"uv":[0,0,0,8],"texture":"#missing"},"south":{"uv":[16,0,6,7],"texture":"#0"},"west":{"uv":[0,0,0,8],"texture":"#missing"},"up":{"uv":[0,0,16,0],"texture":"#missing"},"down":{"uv":[0,0,16,0],"texture":"#missing"}}},{"from":[20.02941,1,9],"to":[25.02941,6,9],"rotation":{"angle":45,"axis":"y","origin":[12,-1.14706,11.85294]},"faces":{"north":{"uv":[16,11,11,6],"texture":"#0"},"east":{"uv":[0,0,0,8],"texture":"#missing"},"south":{"uv":[11,11,16,6],"texture":"#0"},"west":{"uv":[0,0,0,8],"texture":"#missing"},"up":{"uv":[0,0,8,0],"texture":"#missing"},"down":{"uv":[0,0,8,0],"texture":"#missing"}}},{"from":[19.76685,-4,7.86612],"to":[24.76685,1,7.86612],"rotation":{"angle":45,"axis":"y","origin":[13.23744,-1.14706,10.96906]},"faces":{"north":{"uv":[16,11,11,6],"texture":"#0"},"east":{"uv":[0,0,0,8],"texture":"#missing"},"south":{"uv":[11,11,16,6],"texture":"#0"},"west":{"uv":[0,0,0,8],"texture":"#missing"},"up":{"uv":[0,0,8,0],"texture":"#missing"},"down":{"uv":[0,0,8,0],"texture":"#missing"}}},{"from":[14.52941,-3,-2],"to":[14.52941,5,4],"rotation":{"angle":45,"axis":"y","origin":[12,-1.14706,11.85294]},"faces":{"north":{"uv":[0,0,0,8],"texture":"#missing"},"east":{"uv":[6,8,0,16],"texture":"#0"},"south":{"uv":[0,0,0,8],"texture":"#missing"},"west":{"uv":[0,8,6,16],"texture":"#0"},"up":{"uv":[0,0,8,0],"rotation":90,"texture":"#missing"},"down":{"uv":[0,0,8,0],"rotation":270,"texture":"#missing"}}},{"from":[14.52941,-8,-1],"to":[14.52941,0,5],"rotation":{"angle":45,"axis":"y","origin":[12,-1.14706,11.85294]},"faces":{"north":{"uv":[0,0,0,8],"texture":"#missing"},"east":{"uv":[6,8,0,16],"texture":"#0"},"south":{"uv":[0,0,0,8],"texture":"#missing"},"west":{"uv":[0,8,6,16],"texture":"#0"},"up":{"uv":[0,0,8,0],"rotation":90,"texture":"#missing"},"down":{"uv":[0,0,8,0],"rotation":270,"texture":"#missing"}}},{"from":[5.52859,-4,12.28968],"to":[7.52859,-1,12.28968],"rotation":{"angle":45,"axis":"y","origin":[7.52859,-2.5,12.28968]},"faces":{"north":{"uv":[14,11,16,14],"rotation":180,"texture":"#0"},"east":{"uv":[0,0,0,3],"rotation":180,"texture":"#missing"},"south":{"uv":[16,11,14,14],"rotation":180,"texture":"#0"},"west":{"uv":[0,0,0,3],"rotation":180,"texture":"#missing"},"up":{"uv":[0,0,2,0],"rotation":180,"texture":"#missing"},"down":{"uv":[0,0,2,0],"rotation":180,"texture":"#missing"}}},{"from":[6.52941,0,9],"to":[8.52941,2,9],"rotation":{"angle":45,"axis":"y","origin":[12,-1.14706,11.85294]},"faces":{"north":{"uv":[3,12,5,10],"texture":"#0"},"east":{"uv":[0,0,0,8],"texture":"#missing"},"south":{"uv":[3,12,5,10],"texture":"#0"},"west":{"uv":[0,0,0,8],"texture":"#missing"},"up":{"uv":[0,0,8,0],"rotation":180,"texture":"#missing"},"down":{"uv":[0,0,8,0],"rotation":180,"texture":"#missing"}}},{"from":[5.52941,2,9],"to":[8.52941,5,9],"rotation":{"angle":45,"axis":"y","origin":[12,-1.14706,11.85294]},"faces":{"north":{"uv":[6,11,3,8],"texture":"#0"},"east":{"uv":[0,0,0,8],"texture":"#missing"},"south":{"uv":[3,11,6,8],"texture":"#0"},"west":{"uv":[0,0,0,8],"texture":"#missing"},"up":{"uv":[0,0,8,0],"rotation":180,"texture":"#missing"},"down":{"uv":[0,0,8,0],"rotation":180,"texture":"#missing"}}},{"from":[7.52941,-1,9],"to":[8.52941,0,9],"rotation":{"angle":45,"axis":"y","origin":[12,-1.14706,11.85294]},"faces":{"north":{"uv":[4,11,3,10],"texture":"#0"},"east":{"uv":[0,0,0,8],"texture":"#missing"},"south":{"uv":[4,11,3,10],"texture":"#0"},"west":{"uv":[0,0,0,8],"texture":"#missing"},"up":{"uv":[0,0,8,0],"rotation":180,"texture":"#missing"},"down":{"uv":[0,0,8,0],"rotation":180,"texture":"#missing"}}},{"from":[11.70098,2,16.17157],"to":[11.70098,6,17.17157],"rotation":{"angle":45,"axis":"y","origin":[9.17157,2.85294,9.02451]},"faces":{"north":{"uv":[0,0,0,8],"texture":"#missing"},"east":{"uv":[13,9,14,13],"texture":"#0"},"south":{"uv":[0,0,0,8],"texture":"#missing"},"west":{"uv":[13,9,14,13],"texture":"#0"},"up":{"uv":[0,0,8,0],"rotation":90,"texture":"#missing"},"down":{"uv":[0,0,8,0],"rotation":270,"texture":"#missing"}}}],"display":{"thirdperson_righthand":{"scale":[0.3,0.3,0.3]},"thirdperson_lefthand":{"scale":[0.3,0.3,0.3]},"firstperson_righthand":{"scale":[0.3,0.3,0.3]},"firstperson_lefthand":{"scale":[0.3,0.3,0.3]},"ground":{"scale":[0.3,0.3,0.3]},"gui":{"rotation":[10,19,0],"translation":[-0.5,0.5,0],"scale":[0.35,0.35,0.35]},"fixed":{"rotation":[90,90,-90],"translation":[0,-22,-15],"scale":[2,2,2]}},"groups":[{"name":"maceta","origin":[8,8,8],"children":[0,1,2,3,4,5,6,7,8,9]},{"name":"sosten","origin":[8,8,8],"children":[10,11,12,13,14,15,16,17,18,19,20]},21,{"name":"flor","origin":[8,8,8],"children":[22,23,24,25,26,27,28,29,30,31,32,33,34,35,36,37,38,39,40,41,42,43,44,45,46,47,48,49,50,51,52,53,54,55,56,57]}]}