{"credit":"Made with Blockbench","textures":{"0":"block/flowers/plant_4","1":"block/maceta_2","particle":"block/flowers/plant_4"},"elements":[{"from":[3.5,4,3.5],"to":[12.5,6,4.5],"rotation":{"angle":0,"axis":"y","origin":[3.5,4,3.5]},"faces":{"north":{"uv":[0,15,4.5,16],"texture":"#1"},"east":{"uv":[0,15,0.5,16],"texture":"#1"},"south":{"uv":[0,10.5,4.5,11],"texture":"#1"},"west":{"uv":[0,15,0.5,16],"texture":"#1"},"up":{"uv":[0,10.5,4.5,11],"texture":"#1"},"down":{"uv":[0,15.5,4.5,16],"texture":"#1"}}},{"from":[3.5,4,4.5],"to":[4.5,6,11.5],"rotation":{"angle":0,"axis":"y","origin":[8,5,11]},"faces":{"north":{"uv":[0,0,1,2],"texture":"#missing"},"east":{"uv":[0.5,10.5,4,11],"texture":"#1"},"south":{"uv":[0,0,1,2],"texture":"#missing"},"west":{"uv":[0.5,15,4,16],"texture":"#1"},"up":{"uv":[0.5,10.5,4,11],"rotation":90,"texture":"#1"},"down":{"uv":[0.5,15.5,4,16],"rotation":90,"texture":"#1"}}},{"from":[4.5,1,4.5],"to":[11.5,4,5.5],"rotation":{"angle":0,"axis":"y","origin":[4.5,1,0.5]},"faces":{"north":{"uv":[0,13.5,3.5,15],"texture":"#1"},"east":{"uv":[0,13.5,0.5,15],"texture":"#1"},"south":{"uv":[0,0,7,3],"texture":"#missing"},"west":{"uv":[0,13.5,0.5,15],"texture":"#1"},"up":{"uv":[0,0,7,1],"texture":"#missing"},"down":{"uv":[0,14.5,3.5,15],"texture":"#1"}}},{"from":[4.5,1,5.5],"to":[5.5,4,10.5],"rotation":{"angle":0,"axis":"y","origin":[8,2,9]},"faces":{"north":{"uv":[0,0,1,3],"rotation":180,"texture":"#missing"},"east":{"uv":[0,0,5,3],"rotation":180,"texture":"#missing"},"south":{"uv":[0,0,1,3],"rotation":180,"texture":"#missing"},"west":{"uv":[0.5,13.5,3,15],"texture":"#1"},"up":{"uv":[0,0,5,1],"rotation":90,"texture":"#missing"},"down":{"uv":[0.5,14.5,3,15],"rotation":90,"texture":"#1"}}},{"from":[5.5,0,5.5],"to":[10.5,1,10.5],"rotation":{"angle":0,"axis":"y","origin":[5.5,0,5.5]},"faces":{"north":{"uv":[0,13,2.5,13.5],"texture":"#1"},"east":{"uv":[0,13,2.5,13.5],"texture":"#1"},"south":{"uv":[0,13,2.5,13.5],"texture":"#1"},"west":{"uv":[0,13,2.5,13.5],"texture":"#1"},"up":{"uv":[0,0,5,5],"texture":"#missing"},"down":{"uv":[0,10.5,2.5,13],"texture":"#1"}}},{"from":[4.5,1,10.5],"to":[11.5,4,11.5],"rotation":{"angle":0,"axis":"y","origin":[4.5,1,0.5]},"faces":{"north":{"uv":[0,0,7,3],"texture":"#missing"},"east":{"uv":[0,13.5,0.5,15],"texture":"#1"},"south":{"uv":[0,13.5,3.5,15],"texture":"#1"},"west":{"uv":[0,13.5,0.5,15],"texture":"#1"},"up":{"uv":[0,0,7,1],"texture":"#missing"},"down":{"uv":[0,14.5,3.5,15],"texture":"#1"}}},{"from":[10.5,1,5.5],"to":[11.5,4,10.5],"rotation":{"angle":0,"axis":"y","origin":[8,2,9]},"faces":{"north":{"uv":[0,0,1,3],"rotation":180,"texture":"#missing"},"east":{"uv":[0.5,13.5,3,15],"texture":"#1"},"south":{"uv":[0,0,1,3],"rotation":180,"texture":"#missing"},"west":{"uv":[0,0,5,3],"rotation":180,"texture":"#missing"},"up":{"uv":[0,0,5,1],"rotation":90,"texture":"#missing"},"down":{"uv":[0.5,14.5,3,15],"rotation":90,"texture":"#1"}}},{"from":[3.5,4,11.5],"to":[12.5,6,12.5],"rotation":{"angle":0,"axis":"y","origin":[3.5,4,3.5]},"faces":{"north":{"uv":[0,10.5,4.5,11],"texture":"#1"},"east":{"uv":[0,15,0.5,16],"texture":"#1"},"south":{"uv":[0,15,4.5,16],"texture":"#1"},"west":{"uv":[0,15,0.5,16],"texture":"#1"},"up":{"uv":[0,10.5,4.5,11],"texture":"#1"},"down":{"uv":[0,15.5,4.5,16],"texture":"#1"}}},{"from":[11.5,4,4.5],"to":[12.5,6,11.5],"rotation":{"angle":0,"axis":"y","origin":[8,5,11]},"faces":{"north":{"uv":[0,0,1,2],"texture":"#missing"},"east":{"uv":[0.5,15,4,16],"texture":"#1"},"south":{"uv":[0,0,1,2],"texture":"#missing"},"west":{"uv":[0.5,10.5,4,11],"texture":"#1"},"up":{"uv":[0.5,10.5,4,11],"rotation":90,"texture":"#1"},"down":{"uv":[0.5,15.5,4,16],"rotation":90,"texture":"#1"}}},{"from":[4.5,4.999,4.5],"to":[11.5,4.999,11.5],"rotation":{"angle":0,"axis":"y","origin":[-0.5,0.999,-0.5]},"faces":{"north":{"uv":[0,0,7,0],"texture":"#missing"},"east":{"uv":[0,0,7,0],"texture":"#missing"},"south":{"uv":[0,0,7,0],"texture":"#missing"},"west":{"uv":[0,0,7,0],"texture":"#missing"},"up":{"uv":[0,7,3.5,10.5],"texture":"#1"},"down":{"uv":[0,0,7,7],"texture":"#missing"}}},{"from":[7.75,6,3.75],"to":[8.25,6.75,4.25],"rotation":{"angle":0,"axis":"y","origin":[3,6,3.5]},"faces":{"north":{"uv":[0,10.5,0.5,11],"texture":"#1"},"east":{"uv":[0,10.5,0.5,11],"texture":"#1"},"south":{"uv":[0,10.5,0.5,11],"texture":"#1"},"west":{"uv":[0,10.5,0.5,11],"texture":"#1"},"up":{"uv":[0,10.5,0.5,11],"texture":"#1"},"down":{"uv":[0,10.5,0.5,11],"texture":"#1"}}},{"from":[3.75,6,7.75],"to":[4.25,6.75,8.25],"rotation":{"angle":0,"axis":"y","origin":[3,6,3.5]},"faces":{"north":{"uv":[0,10.5,0.5,11],"texture":"#1"},"east":{"uv":[0,10.5,0.5,11],"texture":"#1"},"south":{"uv":[0,10.5,0.5,11],"texture":"#1"},"west":{"uv":[0,10.5,0.5,11],"texture":"#1"},"up":{"uv":[0,10.5,0.5,11],"texture":"#1"},"down":{"uv":[0,10.5,0.5,11],"texture":"#1"}}},{"from":[11.75,6,7.75],"to":[12.25,6.75,8.25],"rotation":{"angle":0,"axis":"y","origin":[3,6,3.5]},"faces":{"north":{"uv":[0,10.5,0.5,11],"texture":"#1"},"east":{"uv":[0,10.5,0.5,11],"texture":"#1"},"south":{"uv":[0,10.5,0.5,11],"texture":"#1"},"west":{"uv":[0,10.5,0.5,11],"texture":"#1"},"up":{"uv":[0,10.5,0.5,11],"texture":"#1"},"down":{"uv":[0,10.5,0.5,11],"texture":"#1"}}},{"from":[7.75,6,11.75],"to":[8.25,6.75,12.25],"rotation":{"angle":0,"axis":"y","origin":[3,6,3.5]},"faces":{"north":{"uv":[0,10.5,0.5,11],"texture":"#1"},"east":{"uv":[0,10.5,0.5,11],"texture":"#1"},"south":{"uv":[0,10.5,0.5,11],"texture":"#1"},"west":{"uv":[0,10.5,0.5,11],"texture":"#1"},"up":{"uv":[0,10.5,0.5,11],"texture":"#1"},"down":{"uv":[0,10.5,0.5,11],"texture":"#1"}}},{"from":[3.5,6,8],"to":[12.5,24,8],"rotation":{"angle":0,"axis":"y","origin":[8,12,0]},"faces":{"north":{"uv":[10.5,0,15,9],"texture":"#1"},"east":{"uv":[0,0,0,16],"texture":"#missing"},"south":{"uv":[10.5,0,15,9],"texture":"#1"},"west":{"uv":[0,0,0,16],"texture":"#missing"},"up":{"uv":[0,0,13,0],"texture":"#missing"},"down":{"uv":[0,0,13,0],"texture":"#missing"}}},{"from":[8,6,3.5],"to":[8,24,12.5],"rotation":{"angle":0,"axis":"y","origin":[8,15,8]},"faces":{"north":{"uv":[0,0,0,16],"texture":"#missing"},"east":{"uv":[10.5,0,15,9],"texture":"#1"},"south":{"uv":[0,0,0,16],"texture":"#missing"},"west":{"uv":[10.5,0,15,9],"texture":"#1"},"up":{"uv":[0,0,13,0],"rotation":90,"texture":"#missing"},"down":{"uv":[0,0,13,0],"rotation":270,"texture":"#missing"}}},{"from":[9,5.93277,3.88581],"to":[11,7.93277,3.88581],"rotation":{"angle":45,"axis":"x","origin":[9,8.43277,2.63581]},"faces":{"north":{"uv":[6,8,7,9],"rotation":180,"texture":"#0"},"east":{"uv":[6,8,7,9],"rotation":180,"texture":"#0"},"south":{"uv":[6,8,7,9],"rotation":180,"texture":"#0"},"west":{"uv":[6,8,7,9],"rotation":180,"texture":"#0"},"up":{"uv":[6,8,7,9],"rotation":180,"texture":"#0"},"down":{"uv":[6,8,7,9],"rotation":180,"texture":"#0"}}},{"from":[9,9.25,3.5],"to":[11,9.25,6.5],"rotation":{"angle":22.5,"axis":"x","origin":[9,9,-2]},"faces":{"north":{"uv":[6,6.5,7,8],"rotation":180,"texture":"#0"},"east":{"uv":[6,6.5,7,8],"rotation":180,"texture":"#0"},"south":{"uv":[6,6.5,7,8],"rotation":180,"texture":"#0"},"west":{"uv":[6,6.5,7,8],"rotation":180,"texture":"#0"},"up":{"uv":[6,6.5,7,8],"rotation":180,"texture":"#0"},"down":{"uv":[6,6.5,7,8],"rotation":180,"texture":"#0"}}},{"from":[6,8.75,3.75],"to":[8,8.75,6.75],"rotation":{"angle":22.5,"axis":"x","origin":[6,8.5,-1.75]},"faces":{"north":{"uv":[6,6.5,7,8],"rotation":180,"texture":"#0"},"east":{"uv":[6,6.5,7,8],"rotation":180,"texture":"#0"},"south":{"uv":[6,6.5,7,8],"rotation":180,"texture":"#0"},"west":{"uv":[6,6.5,7,8],"rotation":180,"texture":"#0"},"up":{"uv":[6,6.5,7,8],"rotation":180,"texture":"#0"},"down":{"uv":[6,6.5,7,8],"rotation":180,"texture":"#0"}}},{"from":[7,-2.5,1.25],"to":[7,6.5,3.25],"rotation":{"angle":0,"axis":"y","origin":[-2,1.5,-1.75]},"faces":{"north":{"uv":[6,6.5,7,12.5],"texture":"#0"},"east":{"uv":[6,6.5,7,12.5],"texture":"#0"},"south":{"uv":[6,6.5,7,12.5],"texture":"#0"},"west":{"uv":[6,7.5,7,12.5],"texture":"#0"},"up":{"uv":[6,6.5,7,12.5],"texture":"#0"},"down":{"uv":[6,6.5,7,12.5],"texture":"#0"}}},{"from":[7,-9.5,1.25],"to":[7,-2.5,3.25],"rotation":{"angle":0,"axis":"y","origin":[-2,1.5,-1.75]},"faces":{"north":{"uv":[6,6.5,7,12.5],"texture":"#0"},"east":{"uv":[6,6.5,7,10.5],"texture":"#0"},"south":{"uv":[6,6.5,7,12.5],"texture":"#0"},"west":{"uv":[6,7.5,7,10.5],"texture":"#0"},"up":{"uv":[6,6.5,7,12.5],"texture":"#0"},"down":{"uv":[6,6.5,7,12.5],"texture":"#0"}}},{"from":[6,5.43277,4.13581],"to":[8,7.43277,4.13581],"rotation":{"angle":45,"axis":"x","origin":[6,7.93277,2.88581]},"faces":{"north":{"uv":[6,8,7,9],"rotation":180,"texture":"#0"},"east":{"uv":[6,8,7,9],"rotation":180,"texture":"#0"},"south":{"uv":[6,8,7,9],"rotation":180,"texture":"#0"},"west":{"uv":[6,8,7,9],"rotation":180,"texture":"#0"},"up":{"uv":[6,8,7,9],"rotation":180,"texture":"#0"},"down":{"uv":[6,8,7,9],"rotation":180,"texture":"#0"}}},{"from":[9,-2.13309,1.83772],"to":[11,5.86691,1.83772],"rotation":{"angle":0,"axis":"x","origin":[9,4.36691,0.33772]},"faces":{"north":{"uv":[6,8,7,12.5],"texture":"#0"},"east":{"uv":[6,8,7,12.5],"texture":"#0"},"south":{"uv":[6,8,7,12.5],"texture":"#0"},"west":{"uv":[6,8,7,12.5],"texture":"#0"},"up":{"uv":[6,8,7,12.5],"texture":"#0"},"down":{"uv":[6,8,7,12.5],"texture":"#0"}}},{"from":[6,-2.63309,2.08772],"to":[8,5.36691,2.08772],"rotation":{"angle":0,"axis":"x","origin":[6,3.86691,0.58772]},"faces":{"north":{"uv":[6,8,7,12.5],"texture":"#0"},"east":{"uv":[6,8,7,12.5],"texture":"#0"},"south":{"uv":[6,8,7,12.5],"texture":"#0"},"west":{"uv":[6,8,7,12.5],"texture":"#0"},"up":{"uv":[6,8,7,12.5],"texture":"#0"},"down":{"uv":[6,8,7,12.5],"texture":"#0"}}},{"from":[6,-8.63309,2.08772],"to":[8,-3.63309,2.08772],"rotation":{"angle":0,"axis":"x","origin":[6,3.86691,0.58772]},"faces":{"north":{"uv":[6,8,7,10.5],"texture":"#0"},"east":{"uv":[6,8,7,12.5],"texture":"#0"},"south":{"uv":[6,8,7,10.5],"texture":"#0"},"west":{"uv":[6,8,7,12.5],"texture":"#0"},"up":{"uv":[6,8,7,12.5],"texture":"#0"},"down":{"uv":[6,8,7,12.5],"texture":"#0"}}},{"from":[10,-2,1],"to":[10,7,3],"rotation":{"angle":0,"axis":"y","origin":[1,2,-2]},"faces":{"north":{"uv":[6,6.5,7,12.5],"texture":"#0"},"east":{"uv":[6,6.5,7,12.5],"texture":"#0"},"south":{"uv":[6,6.5,7,12.5],"texture":"#0"},"west":{"uv":[6,7.5,7,12.5],"texture":"#0"},"up":{"uv":[6,6.5,7,12.5],"texture":"#0"},"down":{"uv":[6,6.5,7,12.5],"texture":"#0"}}},{"from":[6.40513,7.62553,10.23106],"to":[11.40513,7.62553,14.23106],"rotation":{"angle":-22.5,"axis":"x","origin":[8.90513,4.69991,13.5]},"faces":{"north":{"uv":[3.5,4.5,6,6.5],"rotation":270,"texture":"#0"},"east":{"uv":[3.5,4.5,6,6.5],"rotation":270,"texture":"#0"},"south":{"uv":[3.5,4.5,6,6.5],"rotation":270,"texture":"#0"},"west":{"uv":[3.5,4.5,6,6.5],"rotation":270,"texture":"#0"},"up":{"uv":[3.5,4.5,6,6.5],"texture":"#0"},"down":{"uv":[3.5,4.5,6,6.5],"rotation":180,"texture":"#0"}}},{"from":[6.5,5,11],"to":[9.5,8,11],"rotation":{"angle":0,"axis":"y","origin":[4.5,2,11]},"faces":{"north":{"uv":[6,5,7.5,6.5],"texture":"#0"},"east":{"uv":[6,5,7.5,6.5],"texture":"#0"},"south":{"uv":[6,5,7.5,6.5],"texture":"#0"},"west":{"uv":[6,5,7.5,6.5],"texture":"#0"},"up":{"uv":[6,5,7.5,6.5],"texture":"#0"},"down":{"uv":[6,5,7.5,6.5],"texture":"#0"}}},{"from":[8,5,9.5],"to":[8,8,12.5],"rotation":{"angle":0,"axis":"y","origin":[8,6,11.5]},"faces":{"north":{"uv":[6,5,7.5,6.5],"texture":"#0"},"east":{"uv":[6,5,7.5,6.5],"texture":"#0"},"south":{"uv":[6,5,7.5,6.5],"texture":"#0"},"west":{"uv":[6,5,7.5,6.5],"texture":"#0"},"up":{"uv":[6,5,7.5,6.5],"texture":"#0"},"down":{"uv":[6,5,7.5,6.5],"texture":"#0"}}},{"from":[6.40513,6.49391,11.07685],"to":[11.40513,6.49391,14.07685],"rotation":{"angle":45,"axis":"x","origin":[8.90513,4.69991,13.5]},"faces":{"north":{"uv":[2.5,6.5,5,8],"rotation":270,"texture":"#0"},"east":{"uv":[2.5,6.5,5,8],"rotation":270,"texture":"#0"},"south":{"uv":[2.5,6.5,5,8],"rotation":270,"texture":"#0"},"west":{"uv":[2.5,6.5,5,8],"rotation":270,"texture":"#0"},"up":{"uv":[2.5,6.5,5,8],"texture":"#0"},"down":{"uv":[2.5,6.5,5,8],"rotation":180,"texture":"#0"}}},{"from":[6.40513,-4.43873,15.17615],"to":[11.40513,5.56127,15.17615],"rotation":{"angle":0,"axis":"z","origin":[8.90513,4.69991,13.5]},"faces":{"north":{"uv":[2.5,8,5,13],"texture":"#0"},"east":{"uv":[2.5,8,5,13],"texture":"#0"},"south":{"uv":[2.5,8,5,13],"texture":"#0"},"west":{"uv":[2.5,8,5,13],"texture":"#0"},"up":{"uv":[2.5,8,5,13],"rotation":90,"texture":"#0"},"down":{"uv":[2.5,8,5,13],"rotation":270,"texture":"#0"}}},{"from":[8.25,-7,10],"to":[8.25,10,17],"rotation":{"angle":0,"axis":"y","origin":[13,0.5,10.5]},"faces":{"north":{"uv":[2.5,4.5,6,13],"texture":"#0"},"east":{"uv":[2.5,4.5,6,13],"texture":"#0"},"south":{"uv":[2.5,4.5,6,13],"texture":"#0"},"west":{"uv":[6,4.5,2.5,13],"texture":"#0"},"up":{"uv":[2.5,4.5,6,13],"rotation":90,"texture":"#0"},"down":{"uv":[2.5,4.5,6,13],"rotation":270,"texture":"#0"}}},{"from":[10.5,-9,7.5],"to":[17.5,8,7.5],"rotation":{"angle":0,"axis":"y","origin":[10.5,-5,8]},"faces":{"north":{"uv":[2.5,4.5,6,13],"texture":"#0"},"east":{"uv":[2.5,4.5,6,13],"texture":"#0"},"south":{"uv":[6,4.5,2.5,13],"texture":"#0"},"west":{"uv":[2.5,4.5,6,13],"texture":"#0"},"up":{"uv":[2.5,4.5,6,13],"texture":"#0"},"down":{"uv":[2.5,4.5,6,13],"texture":"#0"}}},{"from":[11.55645,2.08569,5],"to":[14.55645,2.08569,10],"rotation":{"angle":-45,"axis":"z","origin":[18.05645,2.08569,8.5]},"faces":{"north":{"uv":[2.5,6.5,5,8],"rotation":270,"texture":"#0"},"east":{"uv":[2.5,6.5,5,8],"rotation":270,"texture":"#0"},"south":{"uv":[2.5,6.5,5,8],"rotation":270,"texture":"#0"},"west":{"uv":[2.5,6.5,5,8],"rotation":270,"texture":"#0"},"up":{"uv":[2.5,6.5,5,8],"rotation":270,"texture":"#0"},"down":{"uv":[2.5,6.5,5,8],"rotation":270,"texture":"#0"}}},{"from":[9.76544,5.15186,5],"to":[13.76544,5.15186,10],"rotation":{"angle":22.5,"axis":"z","origin":[9.76544,5.15186,8]},"faces":{"north":{"uv":[3.5,4.5,6,6.5],"rotation":270,"texture":"#0"},"east":{"uv":[3.5,4.5,6,6.5],"rotation":270,"texture":"#0"},"south":{"uv":[3.5,4.5,6,6.5],"rotation":270,"texture":"#0"},"west":{"uv":[3.5,4.5,6,6.5],"rotation":270,"texture":"#0"},"up":{"uv":[3.5,4.5,6,6.5],"rotation":270,"texture":"#0"},"down":{"uv":[3.5,4.5,6,6.5],"rotation":270,"texture":"#0"}}},{"from":[15.58128,-5.43873,5],"to":[15.58128,4.56127,10],"rotation":{"angle":0,"axis":"z","origin":[15.58128,-0.43873,9.5]},"faces":{"north":{"uv":[2.5,8,5,13],"texture":"#0"},"east":{"uv":[2.5,8,5,13],"texture":"#0"},"south":{"uv":[2.5,8,5,13],"texture":"#0"},"west":{"uv":[2.5,8,5,13],"texture":"#0"},"up":{"uv":[2.5,8,5,13],"texture":"#0"},"down":{"uv":[2.5,8,5,13],"texture":"#0"}}},{"from":[4.1138,6.0731,6.25],"to":[7.1138,6.0731,9.25],"rotation":{"angle":-22.5,"axis":"z","origin":[5.6138,7.5731,8]},"faces":{"north":{"uv":[7.5,4.5,9,6],"rotation":90,"texture":"#0"},"east":{"uv":[7.5,4.5,9,6],"rotation":90,"texture":"#0"},"south":{"uv":[7.5,4.5,9,6],"rotation":90,"texture":"#0"},"west":{"uv":[7.5,4.5,9,6],"rotation":90,"texture":"#0"},"up":{"uv":[7.5,4.5,9,6],"rotation":90,"texture":"#0"},"down":{"uv":[7.5,4.5,9,6],"rotation":90,"texture":"#0"}}},{"from":[-1.49371,-10.00941,7.25],"to":[5.50629,7.99059,7.25],"rotation":{"angle":0,"axis":"y","origin":[-3.49371,-3.00941,7.25]},"faces":{"north":{"uv":[7.5,4.5,11,13.5],"texture":"#0"},"east":{"uv":[8,6.5,11,13.5],"texture":"#0"},"south":{"uv":[11,4.5,7.5,13.5],"texture":"#0"},"west":{"uv":[8,6.5,11,13.5],"texture":"#0"},"up":{"uv":[8,6.5,11,13.5],"rotation":90,"texture":"#0"},"down":{"uv":[8,6.5,11,13.5],"rotation":270,"texture":"#0"}}},{"from":[2.50629,-10.00941,4.25],"to":[2.50629,3.99059,10.25],"rotation":{"angle":0,"axis":"y","origin":[2.50629,-10.00941,3.25]},"faces":{"north":{"uv":[8,6.5,11,13.5],"texture":"#0"},"east":{"uv":[8,6.5,11,13.5],"texture":"#0"},"south":{"uv":[8,6.5,11,13.5],"texture":"#0"},"west":{"uv":[8,6.5,11,13.5],"texture":"#0"},"up":{"uv":[8,6.5,11,13.5],"texture":"#0"},"down":{"uv":[8,6.5,11,13.5],"texture":"#0"}}},{"from":[3.08031,3.87641,6.25],"to":[3.08031,6.87641,9.25],"rotation":{"angle":-22.5,"axis":"z","origin":[3.08031,5.37641,7.75]},"faces":{"north":{"uv":[9,5,10.5,6.5],"texture":"#0"},"east":{"uv":[9,5,10.5,6.5],"texture":"#0"},"south":{"uv":[9,5,10.5,6.5],"texture":"#0"},"west":{"uv":[9,5,10.5,6.5],"texture":"#0"},"up":{"uv":[9,5,10.5,6.5],"texture":"#0"},"down":{"uv":[9,5,10.5,6.5],"texture":"#0"}}}],"display":{"thirdperson_righthand":{"scale":[0.3,0.3,0.3]},"thirdperson_lefthand":{"scale":[0.3,0.3,0.3]},"firstperson_righthand":{"scale":[0.3,0.3,0.3]},"firstperson_lefthand":{"scale":[0.3,0.3,0.3]},"ground":{"scale":[0.3,0.3,0.3]},"gui":{"rotation":[10,19,0],"translation":[0,1,0],"scale":[0.35,0.35,0.35]},"fixed":{"rotation":[90,0,0],"translation":[0,0,-31],"scale":[2,2,2]}},"groups":[{"name":"maceta","origin":[8,8,8],"children":[0,1,2,3,4,5,6,7,8,9]},{"name":"sosten","origin":[8,8,8],"children":[10,11,12,13,14,15]},{"name":"plant","origin":[8,8,8],"children":[{"name":"rama 2","origin":[8,4.36691,0.33772],"children":[16,17,18,19,20,21,22,23,24,25]},{"name":"rama 4","origin":[13,-1.5,7.5],"children":[26,27,28,29,30,31]},{"name":"rama 3","origin":[14.58128,-1.43873,9.5],"children":[32,33,34,35]},{"name":"rama 1","origin":[3.08031,5.37641,7.75],"children":[36,37,38,39]}]}]}