{"credit":"Made with Blockbench","textures":{"0":"block/flowers/poppy","1":"block/maceta_2","particle":"block/flowers/poppy"},"elements":[{"from":[3.5,4,3.5],"to":[12.5,6,4.5],"rotation":{"angle":0,"axis":"y","origin":[3.5,4,3.5]},"faces":{"north":{"uv":[0,15,4.5,16],"texture":"#1"},"east":{"uv":[0,15,0.5,16],"texture":"#1"},"south":{"uv":[0,10.5,4.5,11],"texture":"#1"},"west":{"uv":[0,15,0.5,16],"texture":"#1"},"up":{"uv":[0,10.5,4.5,11],"texture":"#1"},"down":{"uv":[0,15.5,4.5,16],"texture":"#1"}}},{"from":[3.5,4,4.5],"to":[4.5,6,11.5],"rotation":{"angle":0,"axis":"y","origin":[8,5,11]},"faces":{"north":{"uv":[0,0,1,2],"texture":"#missing"},"east":{"uv":[0.5,10.5,4,11],"texture":"#1"},"south":{"uv":[0,0,1,2],"texture":"#missing"},"west":{"uv":[0.5,15,4,16],"texture":"#1"},"up":{"uv":[0.5,10.5,4,11],"rotation":90,"texture":"#1"},"down":{"uv":[0.5,15.5,4,16],"rotation":90,"texture":"#1"}}},{"from":[4.5,1,4.5],"to":[11.5,4,5.5],"rotation":{"angle":0,"axis":"y","origin":[4.5,1,0.5]},"faces":{"north":{"uv":[0,13.5,3.5,15],"texture":"#1"},"east":{"uv":[0,13.5,0.5,15],"texture":"#1"},"south":{"uv":[0,0,7,3],"texture":"#missing"},"west":{"uv":[0,13.5,0.5,15],"texture":"#1"},"up":{"uv":[0,0,7,1],"texture":"#missing"},"down":{"uv":[0,14.5,3.5,15],"texture":"#1"}}},{"from":[4.5,1,5.5],"to":[5.5,4,10.5],"rotation":{"angle":0,"axis":"y","origin":[8,2,9]},"faces":{"north":{"uv":[0,0,1,3],"rotation":180,"texture":"#missing"},"east":{"uv":[0,0,5,3],"rotation":180,"texture":"#missing"},"south":{"uv":[0,0,1,3],"rotation":180,"texture":"#missing"},"west":{"uv":[0.5,13.5,3,15],"texture":"#1"},"up":{"uv":[0,0,5,1],"rotation":90,"texture":"#missing"},"down":{"uv":[0.5,14.5,3,15],"rotation":90,"texture":"#1"}}},{"from":[5.5,0,5.5],"to":[10.5,1,10.5],"rotation":{"angle":0,"axis":"y","origin":[5.5,0,5.5]},"faces":{"north":{"uv":[0,13,2.5,13.5],"texture":"#1"},"east":{"uv":[0,13,2.5,13.5],"texture":"#1"},"south":{"uv":[0,13,2.5,13.5],"texture":"#1"},"west":{"uv":[0,13,2.5,13.5],"texture":"#1"},"up":{"uv":[0,0,5,5],"texture":"#missing"},"down":{"uv":[0,10.5,2.5,13],"texture":"#1"}}},{"from":[4.5,1,10.5],"to":[11.5,4,11.5],"rotation":{"angle":0,"axis":"y","origin":[4.5,1,0.5]},"faces":{"north":{"uv":[0,0,7,3],"texture":"#missing"},"east":{"uv":[0,13.5,0.5,15],"texture":"#1"},"south":{"uv":[0,13.5,3.5,15],"texture":"#1"},"west":{"uv":[0,13.5,0.5,15],"texture":"#1"},"up":{"uv":[0,0,7,1],"texture":"#missing"},"down":{"uv":[0,14.5,3.5,15],"texture":"#1"}}},{"from":[10.5,1,5.5],"to":[11.5,4,10.5],"rotation":{"angle":0,"axis":"y","origin":[8,2,9]},"faces":{"north":{"uv":[0,0,1,3],"rotation":180,"texture":"#missing"},"east":{"uv":[0.5,13.5,3,15],"texture":"#1"},"south":{"uv":[0,0,1,3],"rotation":180,"texture":"#missing"},"west":{"uv":[0,0,5,3],"rotation":180,"texture":"#missing"},"up":{"uv":[0,0,5,1],"rotation":90,"texture":"#missing"},"down":{"uv":[0.5,14.5,3,15],"rotation":90,"texture":"#1"}}},{"from":[3.5,4,11.5],"to":[12.5,6,12.5],"rotation":{"angle":0,"axis":"y","origin":[3.5,4,3.5]},"faces":{"north":{"uv":[0,10.5,4.5,11],"texture":"#1"},"east":{"uv":[0,15,0.5,16],"texture":"#1"},"south":{"uv":[0,15,4.5,16],"texture":"#1"},"west":{"uv":[0,15,0.5,16],"texture":"#1"},"up":{"uv":[0,10.5,4.5,11],"texture":"#1"},"down":{"uv":[0,15.5,4.5,16],"texture":"#1"}}},{"from":[11.5,4,4.5],"to":[12.5,6,11.5],"rotation":{"angle":0,"axis":"y","origin":[8,5,11]},"faces":{"north":{"uv":[0,0,1,2],"texture":"#missing"},"east":{"uv":[0.5,15,4,16],"texture":"#1"},"south":{"uv":[0,0,1,2],"texture":"#missing"},"west":{"uv":[0.5,10.5,4,11],"texture":"#1"},"up":{"uv":[0.5,10.5,4,11],"rotation":90,"texture":"#1"},"down":{"uv":[0.5,15.5,4,16],"rotation":90,"texture":"#1"}}},{"from":[4.5,4.999,4.5],"to":[11.5,4.999,11.5],"rotation":{"angle":0,"axis":"y","origin":[-0.5,0.999,-0.5]},"faces":{"north":{"uv":[0,0,7,0],"texture":"#missing"},"east":{"uv":[0,0,7,0],"texture":"#missing"},"south":{"uv":[0,0,7,0],"texture":"#missing"},"west":{"uv":[0,0,7,0],"texture":"#missing"},"up":{"uv":[0,7,3.5,10.5],"texture":"#1"},"down":{"uv":[0,0,7,7],"texture":"#missing"}}},{"from":[10.52941,1,14],"to":[10.52941,6,19],"rotation":{"angle":45,"axis":"y","origin":[8,-1.14706,11.85294]},"faces":{"north":{"uv":[0,0,0,8],"texture":"#missing"},"east":{"uv":[1,7,6,2],"texture":"#0"},"south":{"uv":[0,0,0,8],"texture":"#missing"},"west":{"uv":[6,7,1,2],"texture":"#0"},"up":{"uv":[0,0,8,0],"rotation":90,"texture":"#missing"},"down":{"uv":[0,0,8,0],"rotation":270,"texture":"#missing"}}},{"from":[9.8223,6,16.29289],"to":[9.8223,7,17.29289],"rotation":{"angle":45,"axis":"y","origin":[7.29289,6.85294,11.14583]},"faces":{"north":{"uv":[0,0,0,3],"rotation":180,"texture":"#missing"},"east":{"uv":[4,8,3,9],"rotation":180,"texture":"#0"},"south":{"uv":[0,0,0,3],"rotation":180,"texture":"#missing"},"west":{"uv":[4,8,3,9],"rotation":180,"texture":"#0"},"up":{"uv":[0,0,2,0],"rotation":270,"texture":"#missing"},"down":{"uv":[0,0,2,0],"rotation":90,"texture":"#missing"}}},{"from":[0.47834,4,7.33994],"to":[1.47834,5,7.33994],"rotation":{"angle":45,"axis":"y","origin":[8.47834,5,7.33994]},"faces":{"north":{"uv":[4,9,3,10],"rotation":180,"texture":"#0"},"east":{"uv":[0,0,0,3],"rotation":180,"texture":"#missing"},"south":{"uv":[4,9,3,10],"rotation":180,"texture":"#0"},"west":{"uv":[0,0,0,3],"rotation":180,"texture":"#missing"},"up":{"uv":[0,0,2,0],"rotation":180,"texture":"#missing"},"down":{"uv":[0,0,2,0],"rotation":180,"texture":"#missing"}}},{"from":[1.47834,3,7.33994],"to":[2.47834,4,7.33994],"rotation":{"angle":45,"axis":"y","origin":[8.47834,5,7.33994]},"faces":{"north":{"uv":[4,9,3,10],"rotation":180,"texture":"#0"},"east":{"uv":[0,0,0,3],"rotation":180,"texture":"#missing"},"south":{"uv":[4,9,3,10],"rotation":180,"texture":"#0"},"west":{"uv":[0,0,0,3],"rotation":180,"texture":"#missing"},"up":{"uv":[0,0,2,0],"rotation":180,"texture":"#missing"},"down":{"uv":[0,0,2,0],"rotation":180,"texture":"#missing"}}},{"from":[-2.35009,-2,10.16836],"to":[-1.35009,-1,10.16836],"rotation":{"angle":45,"axis":"y","origin":[5.64991,5,10.16836]},"faces":{"north":{"uv":[9,10,8,11],"rotation":180,"texture":"#0"},"east":{"uv":[0,0,0,3],"rotation":180,"texture":"#missing"},"south":{"uv":[9,10,8,11],"rotation":180,"texture":"#0"},"west":{"uv":[0,0,0,3],"rotation":180,"texture":"#missing"},"up":{"uv":[0,0,2,0],"rotation":180,"texture":"#missing"},"down":{"uv":[0,0,2,0],"rotation":180,"texture":"#missing"}}},{"from":[1.77123,1,8.04704],"to":[2.77123,3,8.04704],"rotation":{"angle":45,"axis":"y","origin":[7.77123,2,8.04704]},"faces":{"north":{"uv":[9,9,8,11],"rotation":180,"texture":"#0"},"east":{"uv":[0,0,0,3],"rotation":180,"texture":"#missing"},"south":{"uv":[9,9,8,11],"rotation":180,"texture":"#0"},"west":{"uv":[0,0,0,3],"rotation":180,"texture":"#missing"},"up":{"uv":[0,0,2,0],"rotation":180,"texture":"#missing"},"down":{"uv":[0,0,2,0],"rotation":180,"texture":"#missing"}}},{"from":[13.07453,6,16.24374],"to":[13.07453,7,17.24374],"rotation":{"angle":-45,"axis":"y","origin":[13.07453,-6.5,2.74374]},"faces":{"north":{"uv":[0,0,0,3],"rotation":180,"texture":"#missing"},"east":{"uv":[5,10,4,11],"rotation":180,"texture":"#0"},"south":{"uv":[0,0,0,3],"rotation":180,"texture":"#missing"},"west":{"uv":[5,10,4,11],"rotation":180,"texture":"#0"},"up":{"uv":[0,0,2,0],"rotation":270,"texture":"#missing"},"down":{"uv":[0,0,2,0],"rotation":90,"texture":"#missing"}}},{"from":[13.07453,7,17.24374],"to":[13.07453,8,18.24374],"rotation":{"angle":-45,"axis":"y","origin":[13.07453,-6.5,2.74374]},"faces":{"north":{"uv":[0,0,0,3],"rotation":180,"texture":"#missing"},"east":{"uv":[5,10,4,11],"rotation":180,"texture":"#0"},"south":{"uv":[0,0,0,3],"rotation":180,"texture":"#missing"},"west":{"uv":[5,10,4,11],"rotation":180,"texture":"#0"},"up":{"uv":[0,0,2,0],"rotation":270,"texture":"#missing"},"down":{"uv":[0,0,2,0],"rotation":90,"texture":"#missing"}}},{"from":[13.07453,0,-4.64966],"to":[13.07453,5,0.35034],"rotation":{"angle":45,"axis":"y","origin":[13.07453,2,13.35034]},"faces":{"north":{"uv":[0,0,8,0],"rotation":90,"texture":"#missing"},"east":{"uv":[7,7,2,12],"rotation":90,"texture":"#0"},"south":{"uv":[0,0,8,0],"rotation":90,"texture":"#missing"},"west":{"uv":[2,7,7,12],"rotation":270,"texture":"#0"},"up":{"uv":[0,0,0,8],"texture":"#missing"},"down":{"uv":[0,0,0,8],"rotation":180,"texture":"#missing"}}},{"from":[13.07453,-1,-3.64966],"to":[13.07453,0,-1.64966],"rotation":{"angle":45,"axis":"y","origin":[13.07453,2,13.35034]},"faces":{"north":{"uv":[0,0,8,0],"rotation":90,"texture":"#missing"},"east":{"uv":[1,10,2,8],"rotation":90,"texture":"#0"},"south":{"uv":[0,0,8,0],"rotation":90,"texture":"#missing"},"west":{"uv":[1,8,2,10],"rotation":270,"texture":"#0"},"up":{"uv":[0,0,0,8],"texture":"#missing"},"down":{"uv":[0,0,0,8],"rotation":180,"texture":"#missing"}}},{"from":[5.22458,0,-8.80722],"to":[5.22458,5,-2.80722],"rotation":{"angle":-45,"axis":"y","origin":[-1.77542,1,7.69278]},"faces":{"north":{"uv":[0,0,8,0],"rotation":90,"texture":"#missing"},"east":{"uv":[6,13,1,7],"rotation":90,"texture":"#0"},"south":{"uv":[0,0,8,0],"rotation":90,"texture":"#missing"},"west":{"uv":[1,13,6,7],"rotation":270,"texture":"#0"},"up":{"uv":[0,0,0,8],"texture":"#missing"},"down":{"uv":[0,0,0,8],"rotation":180,"texture":"#missing"}}},{"from":[10.52941,5,9],"to":[10.52941,13,17],"rotation":{"angle":45,"axis":"y","origin":[8,-1.14706,11.85294]},"faces":{"north":{"uv":[0,0,0,8],"texture":"#missing"},"east":{"uv":[16,0,8,8],"texture":"#0"},"south":{"uv":[0,0,0,8],"texture":"#missing"},"west":{"uv":[8,0,16,8],"texture":"#0"},"up":{"uv":[0,0,16,0],"rotation":90,"texture":"#missing"},"down":{"uv":[0,0,16,0],"rotation":270,"texture":"#missing"}}},{"from":[10.52941,5,1],"to":[10.52941,13,9],"rotation":{"angle":45,"axis":"y","origin":[8,-1.14706,11.85294]},"faces":{"north":{"uv":[0,0,0,8],"texture":"#missing"},"east":{"uv":[8,2,0,10],"texture":"#0"},"south":{"uv":[0,0,0,8],"texture":"#missing"},"west":{"uv":[1,2,9,10],"texture":"#0"},"up":{"uv":[0,0,16,0],"rotation":90,"texture":"#missing"},"down":{"uv":[0,0,16,0],"rotation":270,"texture":"#missing"}}},{"from":[11.52941,5,9],"to":[19.52941,12,9],"rotation":{"angle":45,"axis":"y","origin":[8,-1.14706,11.85294]},"faces":{"north":{"uv":[16,4,8,11],"texture":"#0"},"east":{"uv":[0,0,0,8],"texture":"#missing"},"south":{"uv":[8,3,16,10],"texture":"#0"},"west":{"uv":[0,0,0,8],"texture":"#missing"},"up":{"uv":[0,0,16,0],"texture":"#missing"},"down":{"uv":[0,0,16,0],"texture":"#missing"}}},{"from":[0.52941,5,9],"to":[10.52941,12,9],"rotation":{"angle":45,"axis":"y","origin":[8,-1.14706,11.85294]},"faces":{"north":{"uv":[6,3,16,9],"texture":"#0"},"east":{"uv":[0,0,0,8],"texture":"#missing"},"south":{"uv":[16,3,6,10],"texture":"#0"},"west":{"uv":[0,0,0,8],"texture":"#missing"},"up":{"uv":[0,0,16,0],"texture":"#missing"},"down":{"uv":[0,0,16,0],"texture":"#missing"}}},{"from":[-0.47059,-1,9],"to":[4.52941,4,9],"rotation":{"angle":45,"axis":"y","origin":[8,-1.14706,11.85294]},"faces":{"north":{"uv":[13,5,8,10],"texture":"#0"},"east":{"uv":[0,0,0,8],"texture":"#missing"},"south":{"uv":[8,5,13,10],"texture":"#0"},"west":{"uv":[0,0,0,8],"texture":"#missing"},"up":{"uv":[0,0,8,0],"texture":"#missing"},"down":{"uv":[0,0,8,0],"texture":"#missing"}}},{"from":[12.52941,-2,9],"to":[15.52941,1,9],"rotation":{"angle":45,"axis":"y","origin":[8,-1.14706,11.85294]},"faces":{"north":{"uv":[10,11,13,14],"texture":"#0"},"east":{"uv":[0,0,0,8],"texture":"#missing"},"south":{"uv":[13,11,10,14],"texture":"#0"},"west":{"uv":[0,0,0,8],"texture":"#missing"},"up":{"uv":[0,0,8,0],"rotation":180,"texture":"#missing"},"down":{"uv":[0,0,8,0],"rotation":180,"texture":"#missing"}}},{"from":[7.75,6,3.75],"to":[8.25,6.75,4.25],"rotation":{"angle":0,"axis":"y","origin":[3,6,3.5]},"faces":{"north":{"uv":[0,10.5,0.5,11],"texture":"#1"},"east":{"uv":[0,10.5,0.5,11],"texture":"#1"},"south":{"uv":[0,10.5,0.5,11],"texture":"#1"},"west":{"uv":[0,10.5,0.5,11],"texture":"#1"},"up":{"uv":[0,10.5,0.5,11],"texture":"#1"},"down":{"uv":[0,10.5,0.5,11],"texture":"#1"}}},{"from":[3.75,6,7.75],"to":[4.25,6.75,8.25],"rotation":{"angle":0,"axis":"y","origin":[3,6,3.5]},"faces":{"north":{"uv":[0,10.5,0.5,11],"texture":"#1"},"east":{"uv":[0,10.5,0.5,11],"texture":"#1"},"south":{"uv":[0,10.5,0.5,11],"texture":"#1"},"west":{"uv":[0,10.5,0.5,11],"texture":"#1"},"up":{"uv":[0,10.5,0.5,11],"texture":"#1"},"down":{"uv":[0,10.5,0.5,11],"texture":"#1"}}},{"from":[11.75,6,7.75],"to":[12.25,6.75,8.25],"rotation":{"angle":0,"axis":"y","origin":[3,6,3.5]},"faces":{"north":{"uv":[0,10.5,0.5,11],"texture":"#1"},"east":{"uv":[0,10.5,0.5,11],"texture":"#1"},"south":{"uv":[0,10.5,0.5,11],"texture":"#1"},"west":{"uv":[0,10.5,0.5,11],"texture":"#1"},"up":{"uv":[0,10.5,0.5,11],"texture":"#1"},"down":{"uv":[0,10.5,0.5,11],"texture":"#1"}}},{"from":[7.75,6,11.75],"to":[8.25,6.75,12.25],"rotation":{"angle":0,"axis":"y","origin":[3,6,3.5]},"faces":{"north":{"uv":[0,10.5,0.5,11],"texture":"#1"},"east":{"uv":[0,10.5,0.5,11],"texture":"#1"},"south":{"uv":[0,10.5,0.5,11],"texture":"#1"},"west":{"uv":[0,10.5,0.5,11],"texture":"#1"},"up":{"uv":[0,10.5,0.5,11],"texture":"#1"},"down":{"uv":[0,10.5,0.5,11],"texture":"#1"}}},{"from":[3.5,6,8],"to":[12.5,24,8],"rotation":{"angle":0,"axis":"y","origin":[8,12,0]},"faces":{"north":{"uv":[10.5,0,15,9],"texture":"#1"},"east":{"uv":[0,0,0,16],"texture":"#missing"},"south":{"uv":[10.5,0,15,9],"texture":"#1"},"west":{"uv":[0,0,0,16],"texture":"#missing"},"up":{"uv":[0,0,13,0],"texture":"#missing"},"down":{"uv":[0,0,13,0],"texture":"#missing"}}},{"from":[8,6,3.5],"to":[8,24,12.5],"rotation":{"angle":0,"axis":"y","origin":[8,15,8]},"faces":{"north":{"uv":[0,0,0,16],"texture":"#missing"},"east":{"uv":[10.5,0,15,9],"texture":"#1"},"south":{"uv":[0,0,0,16],"texture":"#missing"},"west":{"uv":[10.5,0,15,9],"texture":"#1"},"up":{"uv":[0,0,13,0],"rotation":90,"texture":"#missing"},"down":{"uv":[0,0,13,0],"rotation":270,"texture":"#missing"}}}],"display":{"thirdperson_righthand":{"scale":[0.3,0.3,0.3]},"thirdperson_lefthand":{"scale":[0.3,0.3,0.3]},"firstperson_righthand":{"scale":[0.3,0.3,0.3]},"firstperson_lefthand":{"scale":[0.3,0.3,0.3]},"ground":{"scale":[0.3,0.3,0.3]},"gui":{"rotation":[10,19,0],"translation":[0,1,0],"scale":[0.35,0.35,0.35]},"fixed":{"rotation":[90,0,0],"translation":[0,0,-31],"scale":[2,2,2]}},"groups":[{"name":"maceta","origin":[8,8,8],"children":[0,1,2,3,4,5,6,7,8,9]},{"name":"flor","origin":[8,8,8],"children":[10,11,12,13,14,15,16,17,18,19,20,21,22,23,24,25,26]},{"name":"sosten","origin":[8,8,8],"children":[27,28,29,30,31,32]}]}