{"credit":"Made with Blockbench","textures":{"1":"block/maceta_2","4":"block/flowers/plant_5","particle":"block/flowers/poppy"},"elements":[{"from":[3.5,4,3.5],"to":[12.5,6,4.5],"rotation":{"angle":0,"axis":"y","origin":[3.5,4,3.5]},"faces":{"north":{"uv":[0,15,4.5,16],"texture":"#1"},"east":{"uv":[0,15,0.5,16],"texture":"#1"},"south":{"uv":[0,10.5,4.5,11],"texture":"#1"},"west":{"uv":[0,15,0.5,16],"texture":"#1"},"up":{"uv":[0,10.5,4.5,11],"texture":"#1"},"down":{"uv":[0,15.5,4.5,16],"texture":"#1"}}},{"from":[3.5,4,4.5],"to":[4.5,6,11.5],"rotation":{"angle":0,"axis":"y","origin":[8,5,11]},"faces":{"north":{"uv":[0,0,1,2],"texture":"#missing"},"east":{"uv":[0.5,10.5,4,11],"texture":"#1"},"south":{"uv":[0,0,1,2],"texture":"#missing"},"west":{"uv":[0.5,15,4,16],"texture":"#1"},"up":{"uv":[0.5,10.5,4,11],"rotation":90,"texture":"#1"},"down":{"uv":[0.5,15.5,4,16],"rotation":90,"texture":"#1"}}},{"from":[4.5,1,4.5],"to":[11.5,4,5.5],"rotation":{"angle":0,"axis":"y","origin":[4.5,1,0.5]},"faces":{"north":{"uv":[0,13.5,3.5,15],"texture":"#1"},"east":{"uv":[0,13.5,0.5,15],"texture":"#1"},"south":{"uv":[0,0,7,3],"texture":"#missing"},"west":{"uv":[0,13.5,0.5,15],"texture":"#1"},"up":{"uv":[0,0,7,1],"texture":"#missing"},"down":{"uv":[0,14.5,3.5,15],"texture":"#1"}}},{"from":[4.5,1,5.5],"to":[5.5,4,10.5],"rotation":{"angle":0,"axis":"y","origin":[8,2,9]},"faces":{"north":{"uv":[0,0,1,3],"rotation":180,"texture":"#missing"},"east":{"uv":[0,0,5,3],"rotation":180,"texture":"#missing"},"south":{"uv":[0,0,1,3],"rotation":180,"texture":"#missing"},"west":{"uv":[0.5,13.5,3,15],"texture":"#1"},"up":{"uv":[0,0,5,1],"rotation":90,"texture":"#missing"},"down":{"uv":[0.5,14.5,3,15],"rotation":90,"texture":"#1"}}},{"from":[5.5,0,5.5],"to":[10.5,1,10.5],"rotation":{"angle":0,"axis":"y","origin":[5.5,0,5.5]},"faces":{"north":{"uv":[0,13,2.5,13.5],"texture":"#1"},"east":{"uv":[0,13,2.5,13.5],"texture":"#1"},"south":{"uv":[0,13,2.5,13.5],"texture":"#1"},"west":{"uv":[0,13,2.5,13.5],"texture":"#1"},"up":{"uv":[0,0,5,5],"texture":"#missing"},"down":{"uv":[0,10.5,2.5,13],"texture":"#1"}}},{"from":[4.5,1,10.5],"to":[11.5,4,11.5],"rotation":{"angle":0,"axis":"y","origin":[4.5,1,0.5]},"faces":{"north":{"uv":[0,0,7,3],"texture":"#missing"},"east":{"uv":[0,13.5,0.5,15],"texture":"#1"},"south":{"uv":[0,13.5,3.5,15],"texture":"#1"},"west":{"uv":[0,13.5,0.5,15],"texture":"#1"},"up":{"uv":[0,0,7,1],"texture":"#missing"},"down":{"uv":[0,14.5,3.5,15],"texture":"#1"}}},{"from":[10.5,1,5.5],"to":[11.5,4,10.5],"rotation":{"angle":0,"axis":"y","origin":[8,2,9]},"faces":{"north":{"uv":[0,0,1,3],"rotation":180,"texture":"#missing"},"east":{"uv":[0.5,13.5,3,15],"texture":"#1"},"south":{"uv":[0,0,1,3],"rotation":180,"texture":"#missing"},"west":{"uv":[0,0,5,3],"rotation":180,"texture":"#missing"},"up":{"uv":[0,0,5,1],"rotation":90,"texture":"#missing"},"down":{"uv":[0.5,14.5,3,15],"rotation":90,"texture":"#1"}}},{"from":[3.5,4,11.5],"to":[12.5,6,12.5],"rotation":{"angle":0,"axis":"y","origin":[3.5,4,3.5]},"faces":{"north":{"uv":[0,10.5,4.5,11],"texture":"#1"},"east":{"uv":[0,15,0.5,16],"texture":"#1"},"south":{"uv":[0,15,4.5,16],"texture":"#1"},"west":{"uv":[0,15,0.5,16],"texture":"#1"},"up":{"uv":[0,10.5,4.5,11],"texture":"#1"},"down":{"uv":[0,15.5,4.5,16],"texture":"#1"}}},{"from":[11.5,4,4.5],"to":[12.5,6,11.5],"rotation":{"angle":0,"axis":"y","origin":[8,5,11]},"faces":{"north":{"uv":[0,0,1,2],"texture":"#missing"},"east":{"uv":[0.5,15,4,16],"texture":"#1"},"south":{"uv":[0,0,1,2],"texture":"#missing"},"west":{"uv":[0.5,10.5,4,11],"texture":"#1"},"up":{"uv":[0.5,10.5,4,11],"rotation":90,"texture":"#1"},"down":{"uv":[0.5,15.5,4,16],"rotation":90,"texture":"#1"}}},{"from":[4.5,4.999,4.5],"to":[11.5,4.999,11.5],"rotation":{"angle":0,"axis":"y","origin":[-0.5,0.999,-0.5]},"faces":{"north":{"uv":[0,0,7,0],"texture":"#missing"},"east":{"uv":[0,0,7,0],"texture":"#missing"},"south":{"uv":[0,0,7,0],"texture":"#missing"},"west":{"uv":[0,0,7,0],"texture":"#missing"},"up":{"uv":[0,7,3.5,10.5],"texture":"#1"},"down":{"uv":[0,0,7,7],"texture":"#missing"}}},{"from":[1.5345,-9,3.05607],"to":[7.5345,7,3.05607],"rotation":{"angle":-22.5,"axis":"y","origin":[7.0345,-1,3.05607]},"faces":{"north":{"uv":[11,0,15.5,16],"texture":"#4"},"east":{"uv":[6,0,15.5,16],"texture":"#4"},"south":{"uv":[15.5,0,11,16],"texture":"#4"},"west":{"uv":[6,0,15.5,16],"texture":"#4"},"up":{"uv":[6,0,15.5,16],"texture":"#4"},"down":{"uv":[6,0,15.5,16],"texture":"#4"}}},{"from":[9.07305,4.26387,2.5569],"to":[15.07305,7.26387,2.5569],"rotation":{"angle":0,"axis":"x","origin":[12.07305,6.80042,3.25]},"faces":{"north":{"uv":[3.5,3.5,9.5,6],"texture":"#4"},"east":{"uv":[3.5,3.5,9.5,6],"texture":"#4"},"south":{"uv":[9.5,3.5,3.5,6],"texture":"#4"},"west":{"uv":[3.5,3.5,9.5,6],"texture":"#4"},"up":{"uv":[3.5,3.5,9.5,6],"rotation":90,"texture":"#4"},"down":{"uv":[3.5,3.5,9.5,6],"rotation":270,"texture":"#4"}}},{"from":[7.2677,-9,2.10028],"to":[13.2677,7,2.10028],"rotation":{"angle":22.5,"axis":"y","origin":[10.2677,-1,2.10028]},"faces":{"north":{"uv":[6,0,11,16],"texture":"#4"},"east":{"uv":[6,0,11,16],"texture":"#4"},"south":{"uv":[11,0,6,16],"texture":"#4"},"west":{"uv":[6,0,11,16],"texture":"#4"},"up":{"uv":[6,0,11,16],"texture":"#4"},"down":{"uv":[6,0,11,16],"texture":"#4"}}},{"from":[5,-3,-2.75],"to":[10,-1,-2.75],"rotation":{"angle":22.5,"axis":"x","origin":[2.5,-14,-4.75]},"faces":{"north":{"uv":[11,9.5,16,11.5],"texture":"#4"},"east":{"uv":[16,9.5,11,11.5],"texture":"#4"},"south":{"uv":[16,9.5,11,11.5],"texture":"#4"},"west":{"uv":[16,9.5,11,11.5],"texture":"#4"},"up":{"uv":[16,9.5,11,11.5],"texture":"#4"},"down":{"uv":[16,9.5,11,11.5],"texture":"#4"}}},{"from":[5,3,-2.75],"to":[10,5,-2.75],"rotation":{"angle":22.5,"axis":"x","origin":[2.5,-8,-4.75]},"faces":{"north":{"uv":[11,9.5,16,11.5],"texture":"#4"},"east":{"uv":[16,9.5,11,11.5],"texture":"#4"},"south":{"uv":[16,9.5,11,11.5],"texture":"#4"},"west":{"uv":[16,9.5,11,11.5],"texture":"#4"},"up":{"uv":[16,9.5,11,11.5],"texture":"#4"},"down":{"uv":[16,9.5,11,11.5],"texture":"#4"}}},{"from":[9.07305,7.49283,2.78701],"to":[15.07305,7.49283,5.78701],"rotation":{"angle":-22.5,"axis":"x","origin":[12.07305,6.80042,3.25]},"faces":{"north":{"uv":[3.5,3.5,9.5,0.5],"rotation":180,"texture":"#4"},"east":{"uv":[3.5,0.5,9.5,3.5],"rotation":270,"texture":"#4"},"south":{"uv":[3.5,0.5,9.5,3.5],"texture":"#4"},"west":{"uv":[3.5,0.5,9.5,3.5],"rotation":90,"texture":"#4"},"up":{"uv":[3.5,0.5,9.5,3.5],"rotation":180,"texture":"#4"},"down":{"uv":[9.5,0.5,3.5,3.5],"texture":"#4"}}},{"from":[4.5,-0.60269,1.30728],"to":[9.5,1.39731,1.30728],"rotation":{"angle":0,"axis":"y","origin":[5,-0.60269,1.30728]},"faces":{"north":{"uv":[11.5,11.5,16,13.5],"texture":"#4"},"east":{"uv":[11.5,11.5,16,13.5],"texture":"#4"},"south":{"uv":[11.5,11.5,16,13.5],"texture":"#4"},"west":{"uv":[11.5,11.5,16,13.5],"texture":"#4"},"up":{"uv":[11.5,11.5,16,13.5],"texture":"#4"},"down":{"uv":[11.5,11.5,16,13.5],"texture":"#4"}}},{"from":[4.5,-6.60269,1.30728],"to":[9.5,-4.60269,1.30728],"rotation":{"angle":0,"axis":"y","origin":[5,-6.60269,1.30728]},"faces":{"north":{"uv":[11.5,11.5,16,13.5],"texture":"#4"},"east":{"uv":[11.5,11.5,16,13.5],"texture":"#4"},"south":{"uv":[11.5,11.5,16,13.5],"texture":"#4"},"west":{"uv":[11.5,11.5,16,13.5],"texture":"#4"},"up":{"uv":[11.5,11.5,16,13.5],"texture":"#4"},"down":{"uv":[11.5,11.5,16,13.5],"texture":"#4"}}},{"from":[15.19272,-6.10269,4.75],"to":[15.19272,-4.10269,9.75],"rotation":{"angle":0,"axis":"y","origin":[15.19272,-6.10269,5.25]},"faces":{"north":{"uv":[11.5,11.5,16,13.5],"texture":"#4"},"east":{"uv":[11.5,11.5,16,13.5],"texture":"#4"},"south":{"uv":[11.5,11.5,16,13.5],"texture":"#4"},"west":{"uv":[11.5,11.5,16,13.5],"texture":"#4"},"up":{"uv":[11.5,11.5,16,13.5],"rotation":90,"texture":"#4"},"down":{"uv":[11.5,11.5,16,13.5],"rotation":270,"texture":"#4"}}},{"from":[19.25,-2.5,5.25],"to":[19.25,-0.5,10.25],"rotation":{"angle":22.5,"axis":"z","origin":[21.25,-13.5,2.75]},"faces":{"north":{"uv":[16,9.5,11,11.5],"texture":"#4"},"east":{"uv":[11,9.5,16,11.5],"texture":"#4"},"south":{"uv":[16,9.5,11,11.5],"texture":"#4"},"west":{"uv":[16,9.5,11,11.5],"texture":"#4"},"up":{"uv":[16,9.5,11,11.5],"rotation":90,"texture":"#4"},"down":{"uv":[16,9.5,11,11.5],"rotation":270,"texture":"#4"}}},{"from":[12.68523,-9.25,7.66013],"to":[12.68523,6.75,13.66013],"rotation":{"angle":22.5,"axis":"y","origin":[13.74625,-1.25,8.09982]},"faces":{"north":{"uv":[6,0,11,16],"texture":"#4"},"east":{"uv":[6,0,11,16],"texture":"#4"},"south":{"uv":[6,0,11,16],"texture":"#4"},"west":{"uv":[11,0,6,16],"texture":"#4"},"up":{"uv":[6,0,11,16],"rotation":90,"texture":"#4"},"down":{"uv":[6,0,11,16],"rotation":270,"texture":"#4"}}},{"from":[12.79289,6.45711,6.5],"to":[14.79289,6.45711,10.5],"rotation":{"angle":-22.5,"axis":"z","origin":[13.79289,6.45711,8.5]},"faces":{"north":{"uv":[7,9.5,11,7.5],"rotation":90,"texture":"#4"},"east":{"uv":[7,9.5,11,7.5],"rotation":270,"texture":"#4"},"south":{"uv":[7,9.5,11,7.5],"rotation":270,"texture":"#4"},"west":{"uv":[7,9.5,11,7.5],"rotation":270,"texture":"#4"},"up":{"uv":[11,9,9.5,5.5],"texture":"#4"},"down":{"uv":[7,9.5,11,7.5],"rotation":270,"texture":"#4"}}},{"from":[9.79289,7.45711,8.5],"to":[11.79289,7.45711,12.5],"rotation":{"angle":-22.5,"axis":"z","origin":[10.79289,7.45711,10.5]},"faces":{"north":{"uv":[7,9.5,11,7.5],"rotation":90,"texture":"#4"},"east":{"uv":[7,9.5,11,7.5],"rotation":270,"texture":"#4"},"south":{"uv":[7,9.5,11,7.5],"rotation":270,"texture":"#4"},"west":{"uv":[7,9.5,11,7.5],"rotation":270,"texture":"#4"},"up":{"uv":[11,9,9.5,5.5],"texture":"#4"},"down":{"uv":[7,9.5,11,7.5],"rotation":270,"texture":"#4"}}},{"from":[15.14095,-1.86541,5.75],"to":[15.14095,1.13459,9.75],"rotation":{"angle":0,"axis":"y","origin":[0.14095,-7.86541,1.75]},"faces":{"north":{"uv":[12.5,6.5,16,9],"texture":"#4"},"east":{"uv":[12.5,6.5,16,9],"texture":"#4"},"south":{"uv":[12.5,6.5,16,9],"texture":"#4"},"west":{"uv":[12.5,6.5,16,9],"texture":"#4"},"up":{"uv":[12.5,6.5,16,9],"texture":"#4"},"down":{"uv":[12.5,6.5,16,9],"texture":"#4"}}},{"from":[12.14095,4.13459,3.75],"to":[12.14095,7.13459,7.75],"rotation":{"angle":0,"axis":"y","origin":[-2.85905,-1.86541,-0.25]},"faces":{"north":{"uv":[12.5,6.5,16,9],"texture":"#4"},"east":{"uv":[12.5,6.5,16,9],"texture":"#4"},"south":{"uv":[12.5,6.5,16,9],"texture":"#4"},"west":{"uv":[12.5,6.5,16,9],"texture":"#4"},"up":{"uv":[12.5,6.5,16,9],"texture":"#4"},"down":{"uv":[12.5,6.5,16,9],"texture":"#4"}}},{"from":[13.39095,2.13459,2.75],"to":[13.39095,5.13459,6.75],"rotation":{"angle":45,"axis":"y","origin":[12.14095,11.13459,4.75]},"faces":{"north":{"uv":[12.5,6.5,16,9],"texture":"#4"},"east":{"uv":[12.5,6.5,16,9],"texture":"#4"},"south":{"uv":[12.5,6.5,16,9],"texture":"#4"},"west":{"uv":[12.5,6.5,16,9],"texture":"#4"},"up":{"uv":[12.5,6.5,16,9],"texture":"#4"},"down":{"uv":[12.5,6.5,16,9],"texture":"#4"}}},{"from":[14.27743,5.01376,6.5],"to":[17.27743,5.01376,10.5],"rotation":{"angle":-45,"axis":"z","origin":[15.77743,5.01376,8.5]},"faces":{"north":{"uv":[7,5.5,11,7.5],"rotation":270,"texture":"#4"},"east":{"uv":[7,5.5,11,7.5],"rotation":90,"texture":"#4"},"south":{"uv":[7,5.5,11,7.5],"rotation":90,"texture":"#4"},"west":{"uv":[7,5.5,11,7.5],"rotation":90,"texture":"#4"},"up":{"uv":[9.5,9,7,5.5],"texture":"#4"},"down":{"uv":[11,5.5,7,7.5],"rotation":90,"texture":"#4"}}},{"from":[11.27743,6.01376,8.5],"to":[14.27743,6.01376,12.5],"rotation":{"angle":-45,"axis":"z","origin":[12.77743,6.01376,10.5]},"faces":{"north":{"uv":[7,5.5,11,7.5],"rotation":270,"texture":"#4"},"east":{"uv":[7,5.5,11,7.5],"rotation":90,"texture":"#4"},"south":{"uv":[7,5.5,11,7.5],"rotation":90,"texture":"#4"},"west":{"uv":[7,5.5,11,7.5],"rotation":90,"texture":"#4"},"up":{"uv":[9.5,9,7,5.5],"texture":"#4"},"down":{"uv":[11,5.5,7,7.5],"rotation":90,"texture":"#4"}}},{"from":[12.68609,-9.25,2.53916],"to":[12.68609,6.75,8.53916],"rotation":{"angle":-22.5,"axis":"y","origin":[13.74625,-1.25,8.09982]},"faces":{"north":{"uv":[6,0,15.5,16],"texture":"#4"},"east":{"uv":[11,0,15.5,16],"texture":"#4"},"south":{"uv":[6,0,15.5,16],"texture":"#4"},"west":{"uv":[15.5,0,11,16],"texture":"#4"},"up":{"uv":[6,0,15.5,16],"rotation":90,"texture":"#4"},"down":{"uv":[6,0,15.5,16],"rotation":270,"texture":"#4"}}},{"from":[12.5,-1.5,5.75],"to":[15.5,-1.5,9.75],"rotation":{"angle":-45,"axis":"z","origin":[18.5,0.25,6]},"faces":{"north":{"uv":[12,3.5,16,6.5],"rotation":90,"texture":"#4"},"east":{"uv":[12,3.5,16,6.5],"rotation":270,"texture":"#4"},"south":{"uv":[12,3.5,16,6.5],"rotation":270,"texture":"#4"},"west":{"uv":[12,3.5,16,6.5],"rotation":270,"texture":"#4"},"up":{"uv":[12,3.5,16,6.5],"rotation":270,"texture":"#4"},"down":{"uv":[12,3.5,16,6.5],"rotation":270,"texture":"#4"}}},{"from":[9.5,4.5,3.75],"to":[12.5,4.5,7.75],"rotation":{"angle":-45,"axis":"z","origin":[15.5,6.25,4]},"faces":{"north":{"uv":[12,3.5,16,6.5],"rotation":90,"texture":"#4"},"east":{"uv":[12,3.5,16,6.5],"rotation":270,"texture":"#4"},"south":{"uv":[12,3.5,16,6.5],"rotation":270,"texture":"#4"},"west":{"uv":[12,3.5,16,6.5],"rotation":270,"texture":"#4"},"up":{"uv":[12,3.5,16,6.5],"rotation":270,"texture":"#4"},"down":{"uv":[12,3.5,16,6.5],"rotation":270,"texture":"#4"}}},{"from":[13.39095,5.13459,2.75],"to":[13.39095,8.13459,6.75],"rotation":{"angle":45,"axis":"y","origin":[12.14095,11.13459,4.75]},"faces":{"north":{"uv":[12,3.5,16,6.5],"texture":"#4"},"east":{"uv":[12,3.5,16,6.5],"texture":"#4"},"south":{"uv":[12,3.5,16,6.5],"texture":"#4"},"west":{"uv":[12,3.5,16,6.5],"texture":"#4"},"up":{"uv":[12,3.5,16,6.5],"texture":"#4"},"down":{"uv":[12,3.5,16,6.5],"texture":"#4"}}},{"from":[6.32305,7.49283,8.71299],"to":[12.32305,7.49283,11.71299],"rotation":{"angle":-22.5,"axis":"x","origin":[9.32305,6.80042,11.25]},"faces":{"north":{"uv":[3.5,0.5,9.5,3.5],"texture":"#4"},"east":{"uv":[3.5,0.5,9.5,3.5],"rotation":90,"texture":"#4"},"south":{"uv":[3.5,3.5,9.5,0.5],"rotation":180,"texture":"#4"},"west":{"uv":[3.5,0.5,9.5,3.5],"rotation":270,"texture":"#4"},"up":{"uv":[3.5,0.5,9.5,3.5],"texture":"#4"},"down":{"uv":[9.5,0.5,3.5,3.5],"rotation":180,"texture":"#4"}}},{"from":[6.32305,4.26387,11.9431],"to":[12.32305,7.26387,11.9431],"rotation":{"angle":-45,"axis":"x","origin":[9.32305,6.80042,11.25]},"faces":{"north":{"uv":[9.5,3.5,3.5,6],"texture":"#4"},"east":{"uv":[3.5,3.5,9.5,6],"texture":"#4"},"south":{"uv":[3.5,3.5,9.5,6],"texture":"#4"},"west":{"uv":[3.5,3.5,9.5,6],"texture":"#4"},"up":{"uv":[3.5,3.5,9.5,6],"rotation":270,"texture":"#4"},"down":{"uv":[3.5,3.5,9.5,6],"rotation":90,"texture":"#4"}}},{"from":[7.17893,-9,16.32107],"to":[13.17893,7,16.32107],"rotation":{"angle":-22.5,"axis":"y","origin":[16.92893,12,16.07107]},"faces":{"north":{"uv":[15.5,0,11,16],"texture":"#4"},"east":{"uv":[6,0,15.5,16],"texture":"#4"},"south":{"uv":[11,0,15.5,16],"texture":"#4"},"west":{"uv":[6,0,15.5,16],"texture":"#4"},"up":{"uv":[6,0,15.5,16],"texture":"#4"},"down":{"uv":[6,0,15.5,16],"texture":"#4"}}},{"from":[6.71504,-9,12.64817],"to":[6.71504,7,18.64817],"rotation":{"angle":-22.5,"axis":"y","origin":[7.46504,0,15.39817]},"faces":{"north":{"uv":[6,0,11,16],"texture":"#4"},"east":{"uv":[6,0,11,16],"texture":"#4"},"south":{"uv":[6,0,11,16],"texture":"#4"},"west":{"uv":[11,0,6,16],"texture":"#4"},"up":{"uv":[6,0,11,16],"rotation":270,"texture":"#4"},"down":{"uv":[6,0,11,16],"rotation":90,"texture":"#4"}}},{"from":[-0.17695,1.24283,9.96299],"to":[5.82305,1.24283,12.96299],"rotation":{"angle":22.5,"axis":"x","origin":[2.82305,0.55042,12.5]},"faces":{"north":{"uv":[3.5,0.5,9.5,3.5],"texture":"#4"},"east":{"uv":[3.5,0.5,9.5,3.5],"rotation":90,"texture":"#4"},"south":{"uv":[3.5,3.5,9.5,0.5],"rotation":180,"texture":"#4"},"west":{"uv":[3.5,0.5,9.5,3.5],"rotation":270,"texture":"#4"},"up":{"uv":[3.5,0.5,9.5,3.5],"texture":"#4"},"down":{"uv":[9.5,0.5,3.5,3.5],"rotation":180,"texture":"#4"}}},{"from":[-0.17695,-1.98613,13.1931],"to":[5.82305,1.01387,13.1931],"rotation":{"angle":0,"axis":"x","origin":[2.82305,0.55042,12.5]},"faces":{"north":{"uv":[9.5,3.5,3.5,6],"texture":"#4"},"east":{"uv":[3.5,3.5,9.5,6],"texture":"#4"},"south":{"uv":[3.5,3.5,9.5,6],"texture":"#4"},"west":{"uv":[3.5,3.5,9.5,6],"texture":"#4"},"up":{"uv":[3.5,3.5,9.5,6],"rotation":270,"texture":"#4"},"down":{"uv":[3.5,3.5,9.5,6],"rotation":90,"texture":"#4"}}},{"from":[3.78516,6.27245,10.30709],"to":[7.78516,6.27245,12.30709],"rotation":{"angle":22.5,"axis":"x","origin":[5.78516,5.98543,12.5]},"faces":{"north":{"uv":[7,9.5,11,7.5],"rotation":270,"texture":"#4"},"east":{"uv":[7,9.5,11,7.5],"rotation":90,"texture":"#4"},"south":{"uv":[7,9.5,11,7.5],"rotation":270,"texture":"#4"},"west":{"uv":[7,9.5,11,7.5],"rotation":270,"texture":"#4"},"up":{"uv":[11,9,9.5,5.5],"rotation":90,"texture":"#4"},"down":{"uv":[7,9.5,11,7.5],"rotation":180,"texture":"#4"}}},{"from":[3.78516,6.17678,12.21194],"to":[7.78516,6.17678,15.21194],"rotation":{"angle":45,"axis":"x","origin":[5.78516,5.98543,12.5]},"faces":{"north":{"uv":[7,5.5,11,7.5],"rotation":90,"texture":"#4"},"east":{"uv":[7,5.5,11,7.5],"rotation":270,"texture":"#4"},"south":{"uv":[7,5.5,11,7.5],"rotation":90,"texture":"#4"},"west":{"uv":[7,5.5,11,7.5],"rotation":90,"texture":"#4"},"up":{"uv":[9.5,9,7,5.5],"rotation":90,"texture":"#4"},"down":{"uv":[11,5.5,7,7.5],"texture":"#4"}}},{"from":[7.03516,-2.72755,13.30709],"to":[11.03516,-2.72755,15.30709],"rotation":{"angle":22.5,"axis":"x","origin":[9.03516,-3.01457,15.5]},"faces":{"north":{"uv":[7,9.5,11,7.5],"rotation":270,"texture":"#4"},"east":{"uv":[7,9.5,11,7.5],"rotation":90,"texture":"#4"},"south":{"uv":[7,9.5,11,7.5],"rotation":270,"texture":"#4"},"west":{"uv":[7,9.5,11,7.5],"rotation":270,"texture":"#4"},"up":{"uv":[11,9,9.5,5.5],"rotation":90,"texture":"#4"},"down":{"uv":[7,9.5,11,7.5],"rotation":180,"texture":"#4"}}},{"from":[7.03516,-2.82322,15.21194],"to":[11.03516,-2.82322,18.21194],"rotation":{"angle":45,"axis":"x","origin":[9.03516,-3.01457,15.5]},"faces":{"north":{"uv":[7,5.5,11,7.5],"rotation":90,"texture":"#4"},"east":{"uv":[7,5.5,11,7.5],"rotation":270,"texture":"#4"},"south":{"uv":[7,5.5,11,7.5],"rotation":90,"texture":"#4"},"west":{"uv":[7,5.5,11,7.5],"rotation":90,"texture":"#4"},"up":{"uv":[9.5,9,7,5.5],"rotation":90,"texture":"#4"},"down":{"uv":[11,5.5,7,7.5],"texture":"#4"}}},{"from":[5.25,-12.75,13.33859],"to":[12.25,-9.75,13.33859],"rotation":{"angle":0,"axis":"y","origin":[9,-10.19484,13.0443]},"faces":{"north":{"uv":[15,13,8,16],"texture":"#4"},"east":{"uv":[15,13,8,16],"texture":"#4"},"south":{"uv":[15,13,8,16],"texture":"#4"},"west":{"uv":[15,13,8,16],"texture":"#4"},"up":{"uv":[15,13,8,16],"rotation":180,"texture":"#4"},"down":{"uv":[15,13,8,16],"rotation":180,"texture":"#4"}}},{"from":[8.75,-10.24063,13.58231],"to":[9.75,-8.24063,13.58231],"rotation":{"angle":-45,"axis":"x","origin":[9,-10.19484,13.0443]},"faces":{"north":{"uv":[15,9.5,7.5,13],"texture":"#4"},"east":{"uv":[15,9.5,7.5,13],"texture":"#4"},"south":{"uv":[11.5,11,10.5,13],"texture":"#4"},"west":{"uv":[15,9.5,7.5,13],"texture":"#4"},"up":{"uv":[15,9.5,7.5,13],"rotation":180,"texture":"#4"},"down":{"uv":[15,9.5,7.5,13],"rotation":180,"texture":"#4"}}},{"from":[7.55866,1.82119,5.74862],"to":[7.55866,3.82119,10.74862],"rotation":{"angle":-22.5,"axis":"z","origin":[18.75,17.85925,8.49862]},"faces":{"north":{"uv":[16,9.5,11,11.5],"texture":"#4"},"east":{"uv":[16,9.5,11,11.5],"texture":"#4"},"south":{"uv":[16,9.5,11,11.5],"texture":"#4"},"west":{"uv":[11,9.5,16,11.5],"texture":"#4"},"up":{"uv":[16,9.5,11,11.5],"rotation":270,"texture":"#4"},"down":{"uv":[16,9.5,11,11.5],"rotation":90,"texture":"#4"}}},{"from":[9.80866,2.82119,6.74862],"to":[9.80866,4.82119,11.74862],"rotation":{"angle":-22.5,"axis":"z","origin":[18.75,17.85925,8.49862]},"faces":{"north":{"uv":[16,9.5,11,11.5],"texture":"#4"},"east":{"uv":[16,9.5,11,11.5],"texture":"#4"},"south":{"uv":[16,9.5,11,11.5],"texture":"#4"},"west":{"uv":[11,9.5,16,11.5],"texture":"#4"},"up":{"uv":[16,9.5,11,11.5],"rotation":270,"texture":"#4"},"down":{"uv":[16,9.5,11,11.5],"rotation":90,"texture":"#4"}}},{"from":[5.63446,7.3876,1.44862],"to":[5.63446,9.3876,6.44862],"rotation":{"angle":-45,"axis":"y","origin":[4.73446,7.3876,5.49862]},"faces":{"north":{"uv":[16,9.5,11,11.5],"texture":"#4"},"east":{"uv":[16,9.5,11,11.5],"texture":"#4"},"south":{"uv":[16,9.5,11,11.5],"texture":"#4"},"west":{"uv":[11,9.5,16,11.5],"texture":"#4"},"up":{"uv":[16,9.5,11,11.5],"rotation":270,"texture":"#4"},"down":{"uv":[16,9.5,11,11.5],"rotation":90,"texture":"#4"}}},{"from":[7.17597,-0.02657,6.24862],"to":[7.17597,1.97343,11.24862],"rotation":{"angle":-22.5,"axis":"z","origin":[18.17597,16.97343,8.24862]},"faces":{"north":{"uv":[11.5,11.5,16,13.5],"texture":"#4"},"east":{"uv":[11.5,11.5,16,13.5],"texture":"#4"},"south":{"uv":[11.5,11.5,16,13.5],"texture":"#4"},"west":{"uv":[11.5,11.5,16,13.5],"texture":"#4"},"up":{"uv":[11.5,11.5,16,13.5],"rotation":270,"texture":"#4"},"down":{"uv":[11.5,11.5,16,13.5],"rotation":90,"texture":"#4"}}},{"from":[9.42597,0.97343,7.24862],"to":[9.42597,2.97343,12.24862],"rotation":{"angle":-22.5,"axis":"z","origin":[18.17597,16.97343,8.24862]},"faces":{"north":{"uv":[11.5,11.5,16,13.5],"texture":"#4"},"east":{"uv":[11.5,11.5,16,13.5],"texture":"#4"},"south":{"uv":[11.5,11.5,16,13.5],"texture":"#4"},"west":{"uv":[11.5,11.5,16,13.5],"texture":"#4"},"up":{"uv":[11.5,11.5,16,13.5],"rotation":270,"texture":"#4"},"down":{"uv":[11.5,11.5,16,13.5],"rotation":90,"texture":"#4"}}},{"from":[5.63446,5.3876,1.94862],"to":[5.63446,7.3876,6.94862],"rotation":{"angle":-45,"axis":"y","origin":[4.73446,7.3876,5.49862]},"faces":{"north":{"uv":[11.5,11.5,16,13.5],"texture":"#4"},"east":{"uv":[11.5,11.5,16,13.5],"texture":"#4"},"south":{"uv":[11.5,11.5,16,13.5],"texture":"#4"},"west":{"uv":[11.5,11.5,16,13.5],"texture":"#4"},"up":{"uv":[11.5,11.5,16,13.5],"rotation":270,"texture":"#4"},"down":{"uv":[11.5,11.5,16,13.5],"rotation":90,"texture":"#4"}}},{"from":[0.83167,-2.75,7.50333],"to":[0.83167,7.25,13.50333],"rotation":{"angle":22.5,"axis":"y","origin":[-7.66833,-1,5.50333]},"faces":{"north":{"uv":[15.5,4,11,16],"texture":"#4"},"east":{"uv":[11,4.5,15.5,16],"texture":"#4"},"south":{"uv":[15.5,4,11,16],"texture":"#4"},"west":{"uv":[15.5,4.5,11,16],"texture":"#4"},"up":{"uv":[15.5,4,11,16],"texture":"#4"},"down":{"uv":[15.5,4,11,16],"texture":"#4"}}},{"from":[-3.79137,-2.75,14.42171],"to":[2.20863,7.25,14.42171],"rotation":{"angle":22.5,"axis":"y","origin":[-9.29137,-1,9.42171]},"faces":{"north":{"uv":[11,5,6,16],"texture":"#4"},"east":{"uv":[11,4,6,16],"texture":"#4"},"south":{"uv":[6,5,11,16],"texture":"#4"},"west":{"uv":[11,4,6,16],"texture":"#4"},"up":{"uv":[11,4,6,16],"texture":"#4"},"down":{"uv":[11,4,6,16],"texture":"#4"}}},{"from":[2,5,8],"to":[14,11,8],"rotation":{"angle":-45,"axis":"y","origin":[8,8,8]},"faces":{"north":{"uv":[4,0,16,6],"texture":"#4"},"east":{"uv":[0,0,0,6],"texture":"#missing"},"south":{"uv":[16,0,4,6],"texture":"#4"},"west":{"uv":[0,0,0,6],"texture":"#missing"},"up":{"uv":[0,0,12,0],"texture":"#missing"},"down":{"uv":[0,0,12,0],"texture":"#missing"}}},{"from":[8,5,2],"to":[8,11,14],"rotation":{"angle":-45,"axis":"y","origin":[8,8,8]},"faces":{"north":{"uv":[0,0,0,6],"texture":"#missing"},"east":{"uv":[16,0,4,6],"texture":"#4"},"south":{"uv":[0,0,0,6],"texture":"#missing"},"west":{"uv":[4,0,16,6],"texture":"#4"},"up":{"uv":[0,0,12,0],"rotation":270,"texture":"#missing"},"down":{"uv":[0,0,12,0],"rotation":90,"texture":"#missing"}}},{"from":[7.75,6,3.75],"to":[8.25,6.75,4.25],"rotation":{"angle":0,"axis":"y","origin":[3,6,3.5]},"faces":{"north":{"uv":[0,10.5,0.5,11],"texture":"#1"},"east":{"uv":[0,10.5,0.5,11],"texture":"#1"},"south":{"uv":[0,10.5,0.5,11],"texture":"#1"},"west":{"uv":[0,10.5,0.5,11],"texture":"#1"},"up":{"uv":[0,10.5,0.5,11],"texture":"#1"},"down":{"uv":[0,10.5,0.5,11],"texture":"#1"}}},{"from":[3.75,6,7.75],"to":[4.25,6.75,8.25],"rotation":{"angle":0,"axis":"y","origin":[3,6,3.5]},"faces":{"north":{"uv":[0,10.5,0.5,11],"texture":"#1"},"east":{"uv":[0,10.5,0.5,11],"texture":"#1"},"south":{"uv":[0,10.5,0.5,11],"texture":"#1"},"west":{"uv":[0,10.5,0.5,11],"texture":"#1"},"up":{"uv":[0,10.5,0.5,11],"texture":"#1"},"down":{"uv":[0,10.5,0.5,11],"texture":"#1"}}},{"from":[11.75,6,7.75],"to":[12.25,6.75,8.25],"rotation":{"angle":0,"axis":"y","origin":[3,6,3.5]},"faces":{"north":{"uv":[0,10.5,0.5,11],"texture":"#1"},"east":{"uv":[0,10.5,0.5,11],"texture":"#1"},"south":{"uv":[0,10.5,0.5,11],"texture":"#1"},"west":{"uv":[0,10.5,0.5,11],"texture":"#1"},"up":{"uv":[0,10.5,0.5,11],"texture":"#1"},"down":{"uv":[0,10.5,0.5,11],"texture":"#1"}}},{"from":[7.75,6,11.75],"to":[8.25,6.75,12.25],"rotation":{"angle":0,"axis":"y","origin":[3,6,3.5]},"faces":{"north":{"uv":[0,10.5,0.5,11],"texture":"#1"},"east":{"uv":[0,10.5,0.5,11],"texture":"#1"},"south":{"uv":[0,10.5,0.5,11],"texture":"#1"},"west":{"uv":[0,10.5,0.5,11],"texture":"#1"},"up":{"uv":[0,10.5,0.5,11],"texture":"#1"},"down":{"uv":[0,10.5,0.5,11],"texture":"#1"}}},{"from":[3.5,6,8],"to":[12.5,24,8],"rotation":{"angle":0,"axis":"y","origin":[8,12,0]},"faces":{"north":{"uv":[10.5,0,15,9],"texture":"#1"},"east":{"uv":[0,0,0,16],"texture":"#missing"},"south":{"uv":[10.5,0,15,9],"texture":"#1"},"west":{"uv":[0,0,0,16],"texture":"#missing"},"up":{"uv":[0,0,13,0],"texture":"#missing"},"down":{"uv":[0,0,13,0],"texture":"#missing"}}},{"from":[8,6,3.5],"to":[8,24,12.5],"rotation":{"angle":0,"axis":"y","origin":[8,15,8]},"faces":{"north":{"uv":[0,0,0,16],"texture":"#missing"},"east":{"uv":[10.5,0,15,9],"texture":"#1"},"south":{"uv":[0,0,0,16],"texture":"#missing"},"west":{"uv":[10.5,0,15,9],"texture":"#1"},"up":{"uv":[0,0,13,0],"rotation":90,"texture":"#missing"},"down":{"uv":[0,0,13,0],"rotation":270,"texture":"#missing"}}}],"display":{"thirdperson_righthand":{"scale":[0.3,0.3,0.3]},"thirdperson_lefthand":{"scale":[0.3,0.3,0.3]},"firstperson_righthand":{"scale":[0.3,0.3,0.3]},"firstperson_lefthand":{"scale":[0.3,0.3,0.3]},"ground":{"scale":[0.3,0.3,0.3]},"gui":{"rotation":[10,19,0],"translation":[0,1,0],"scale":[0.35,0.35,0.35]},"fixed":{"rotation":[90,0,0],"translation":[0,0,-31],"scale":[2,2,2]}},"groups":[{"name":"maceta","origin":[8,8,8],"children":[0,1,2,3,4,5,6,7,8,9]},{"name":"flor","origin":[8,8,8],"children":[{"name":"rama 1","origin":[8,8,8],"children":[10,11,12,13,14,15,16,17]},{"name":"rama 2","origin":[8,8,8],"children":[18,19,20,21,22,23,24,25,26,27,28,29,30,31]},{"name":"rama 3","origin":[16.92893,12,15.07107],"children":[32,33,34,35,36,37,38,39,40,41,42,43]},{"name":"rama 4","origin":[8,8,8],"children":[44,45,46,47,48,49,50,51]},52,53]},{"name":"sosten","origin":[8,8,8],"children":[54,55,56,57,58,59]}]}