{"credit":"Made with Blockbench","textures":{"0":"block/flowers/plant_4","1":"block/maceta_2","particle":"block/flowers/plant_4"},"elements":[{"from":[7.5,5,3.5],"to":[16.5,7,4.5],"rotation":{"angle":0,"axis":"y","origin":[7.5,5,3.5]},"faces":{"north":{"uv":[0,15,4.5,16],"texture":"#1"},"east":{"uv":[0,15,0.5,16],"texture":"#1"},"south":{"uv":[0,10.5,4.5,11],"texture":"#1"},"west":{"uv":[0,15,0.5,16],"texture":"#1"},"up":{"uv":[0,10.5,4.5,11],"texture":"#1"},"down":{"uv":[0,15.5,4.5,16],"texture":"#1"}}},{"from":[7.5,5,4.5],"to":[8.5,7,11.5],"rotation":{"angle":0,"axis":"y","origin":[12,6,11]},"faces":{"north":{"uv":[0,0,1,2],"texture":"#missing"},"east":{"uv":[0.5,10.5,4,11],"texture":"#1"},"south":{"uv":[0,0,1,2],"texture":"#missing"},"west":{"uv":[0.5,15,4,16],"texture":"#1"},"up":{"uv":[0.5,10.5,4,11],"rotation":90,"texture":"#1"},"down":{"uv":[0.5,15.5,4,16],"rotation":90,"texture":"#1"}}},{"from":[8.5,2,4.5],"to":[15.5,5,5.5],"rotation":{"angle":0,"axis":"y","origin":[8.5,2,0.5]},"faces":{"north":{"uv":[0,13.5,3.5,15],"texture":"#1"},"east":{"uv":[0,13.5,0.5,15],"texture":"#1"},"south":{"uv":[0,0,7,3],"texture":"#missing"},"west":{"uv":[0,13.5,0.5,15],"texture":"#1"},"up":{"uv":[0,0,7,1],"texture":"#missing"},"down":{"uv":[0,14.5,3.5,15],"texture":"#1"}}},{"from":[8.5,2,5.5],"to":[9.5,5,10.5],"rotation":{"angle":0,"axis":"y","origin":[12,3,9]},"faces":{"north":{"uv":[0,0,1,3],"rotation":180,"texture":"#missing"},"east":{"uv":[0,0,5,3],"rotation":180,"texture":"#missing"},"south":{"uv":[0,0,1,3],"rotation":180,"texture":"#missing"},"west":{"uv":[0.5,13.5,3,15],"texture":"#1"},"up":{"uv":[0,0,5,1],"rotation":90,"texture":"#missing"},"down":{"uv":[0.5,14.5,3,15],"rotation":90,"texture":"#1"}}},{"from":[9.5,1,5.5],"to":[14.5,2,10.5],"rotation":{"angle":0,"axis":"y","origin":[9.5,1,5.5]},"faces":{"north":{"uv":[0,13,2.5,13.5],"texture":"#1"},"east":{"uv":[0,13,2.5,13.5],"texture":"#1"},"south":{"uv":[0,13,2.5,13.5],"texture":"#1"},"west":{"uv":[0,13,2.5,13.5],"texture":"#1"},"up":{"uv":[0,0,5,5],"texture":"#missing"},"down":{"uv":[0,10.5,2.5,13],"texture":"#1"}}},{"from":[8.5,2,10.5],"to":[15.5,5,11.5],"rotation":{"angle":0,"axis":"y","origin":[8.5,2,0.5]},"faces":{"north":{"uv":[0,0,7,3],"texture":"#missing"},"east":{"uv":[0,13.5,0.5,15],"texture":"#1"},"south":{"uv":[0,13.5,3.5,15],"texture":"#1"},"west":{"uv":[0,13.5,0.5,15],"texture":"#1"},"up":{"uv":[0,0,7,1],"texture":"#missing"},"down":{"uv":[0,14.5,3.5,15],"texture":"#1"}}},{"from":[14.5,2,5.5],"to":[15.5,5,10.5],"rotation":{"angle":0,"axis":"y","origin":[12,3,9]},"faces":{"north":{"uv":[0,0,1,3],"rotation":180,"texture":"#missing"},"east":{"uv":[0.5,13.5,3,15],"texture":"#1"},"south":{"uv":[0,0,1,3],"rotation":180,"texture":"#missing"},"west":{"uv":[0,0,5,3],"rotation":180,"texture":"#missing"},"up":{"uv":[0,0,5,1],"rotation":90,"texture":"#missing"},"down":{"uv":[0.5,14.5,3,15],"rotation":90,"texture":"#1"}}},{"from":[7.5,5,11.5],"to":[16.5,7,12.5],"rotation":{"angle":0,"axis":"y","origin":[7.5,5,3.5]},"faces":{"north":{"uv":[0,10.5,4.5,11],"texture":"#1"},"east":{"uv":[0,15,0.5,16],"texture":"#1"},"south":{"uv":[0,15,4.5,16],"texture":"#1"},"west":{"uv":[0,15,0.5,16],"texture":"#1"},"up":{"uv":[0,10.5,4.5,11],"texture":"#1"},"down":{"uv":[0,15.5,4.5,16],"texture":"#1"}}},{"from":[15.5,5,4.5],"to":[16.5,7,11.5],"rotation":{"angle":0,"axis":"y","origin":[12,6,11]},"faces":{"north":{"uv":[0,0,1,2],"texture":"#missing"},"east":{"uv":[0.5,15,4,16],"texture":"#1"},"south":{"uv":[0,0,1,2],"texture":"#missing"},"west":{"uv":[0.5,10.5,4,11],"texture":"#1"},"up":{"uv":[0.5,10.5,4,11],"rotation":90,"texture":"#1"},"down":{"uv":[0.5,15.5,4,16],"rotation":90,"texture":"#1"}}},{"from":[8.5,5.999,4.5],"to":[15.5,5.999,11.5],"rotation":{"angle":0,"axis":"y","origin":[3.5,1.999,-0.5]},"faces":{"north":{"uv":[0,0,7,0],"texture":"#missing"},"east":{"uv":[0,0,7,0],"texture":"#missing"},"south":{"uv":[0,0,7,0],"texture":"#missing"},"west":{"uv":[0,0,7,0],"texture":"#missing"},"up":{"uv":[0,7,3.5,10.5],"texture":"#1"},"down":{"uv":[0,0,7,7],"texture":"#missing"}}},{"from":[11.75,7,3.75],"to":[12.25,7.75,4.25],"rotation":{"angle":0,"axis":"y","origin":[6,7,3.5]},"faces":{"north":{"uv":[0,10.5,0.5,11],"texture":"#1"},"east":{"uv":[0,10.5,0.5,11],"texture":"#1"},"south":{"uv":[0,10.5,0.5,11],"texture":"#1"},"west":{"uv":[0,10.5,0.5,11],"texture":"#1"},"up":{"uv":[0,10.5,0.5,11],"texture":"#1"},"down":{"uv":[0,10.5,0.5,11],"texture":"#1"}}},{"from":[7.75,7,7.75],"to":[8.25,7.75,8.25],"rotation":{"angle":0,"axis":"y","origin":[6,7,3.5]},"faces":{"north":{"uv":[0,10.5,0.5,11],"texture":"#1"},"east":{"uv":[0,10.5,0.5,11],"texture":"#1"},"south":{"uv":[0,10.5,0.5,11],"texture":"#1"},"west":{"uv":[0,10.5,0.5,11],"texture":"#1"},"up":{"uv":[0,10.5,0.5,11],"texture":"#1"},"down":{"uv":[0,10.5,0.5,11],"texture":"#1"}}},{"from":[15.75,7,7.75],"to":[16.25,7.75,8.25],"rotation":{"angle":0,"axis":"y","origin":[6,7,3.5]},"faces":{"north":{"uv":[0,10.5,0.5,11],"texture":"#1"},"east":{"uv":[0,10.5,0.5,11],"texture":"#1"},"south":{"uv":[0,10.5,0.5,11],"texture":"#1"},"west":{"uv":[0,10.5,0.5,11],"texture":"#1"},"up":{"uv":[0,10.5,0.5,11],"texture":"#1"},"down":{"uv":[0,10.5,0.5,11],"texture":"#1"}}},{"from":[11.75,7,11.75],"to":[12.25,7.75,12.25],"rotation":{"angle":0,"axis":"y","origin":[6,7,3.5]},"faces":{"north":{"uv":[0,10.5,0.5,11],"texture":"#1"},"east":{"uv":[0,10.5,0.5,11],"texture":"#1"},"south":{"uv":[0,10.5,0.5,11],"texture":"#1"},"west":{"uv":[0,10.5,0.5,11],"texture":"#1"},"up":{"uv":[0,10.5,0.5,11],"texture":"#1"},"down":{"uv":[0,10.5,0.5,11],"texture":"#1"}}},{"from":[7.5,7,8],"to":[16.5,22,8],"rotation":{"angle":0,"axis":"y","origin":[12,13,0]},"faces":{"north":{"uv":[10.5,1.5,15,9],"texture":"#1"},"east":{"uv":[0,0,0,16],"texture":"#missing"},"south":{"uv":[10.5,1.5,15,9],"texture":"#1"},"west":{"uv":[0,0,0,16],"texture":"#missing"},"up":{"uv":[0,0,13,0],"texture":"#missing"},"down":{"uv":[0,0,13,0],"texture":"#missing"}}},{"from":[12,7,3.5],"to":[12,22,12.5],"rotation":{"angle":0,"axis":"y","origin":[12,16,8]},"faces":{"north":{"uv":[0,0,0,16],"texture":"#missing"},"east":{"uv":[10.5,1.5,15,9],"texture":"#1"},"south":{"uv":[0,0,0,16],"texture":"#missing"},"west":{"uv":[10.5,1.5,15,9],"texture":"#1"},"up":{"uv":[0,0,13,0],"rotation":90,"texture":"#missing"},"down":{"uv":[0,0,13,0],"rotation":270,"texture":"#missing"}}},{"from":[0,13,6.5],"to":[1,23,9.5],"rotation":{"angle":0,"axis":"y","origin":[0,0,-0.5]},"faces":{"north":{"uv":[5,0,5.5,5],"texture":"#1"},"east":{"uv":[5,0,6.5,5],"texture":"#1"},"south":{"uv":[5,0,5.5,5],"texture":"#1"},"west":{"uv":[5,0,6.5,5],"texture":"#1"},"up":{"uv":[0,0,1,3],"texture":"#missing"},"down":{"uv":[5,0.5,5.5,2],"rotation":180,"texture":"#1"}}},{"from":[0,23,6.5],"to":[13,24,9.5],"rotation":{"angle":0,"axis":"z","origin":[4,23.5,7.5]},"faces":{"north":{"uv":[5.5,0,6,6.5],"rotation":270,"texture":"#1"},"east":{"uv":[5,0.5,5.5,2],"rotation":270,"texture":"#1"},"south":{"uv":[5.5,0,6,6.5],"rotation":270,"texture":"#1"},"west":{"uv":[5,0.5,5.5,2],"rotation":270,"texture":"#1"},"up":{"uv":[5,0,6.5,6.5],"rotation":270,"texture":"#1"},"down":{"uv":[5,0,6.5,6.5],"rotation":270,"texture":"#1"}}},{"from":[0,12,7.5],"to":[1,13,8.5],"rotation":{"angle":0,"axis":"y","origin":[0,0,7.5]},"faces":{"north":{"uv":[4,10.5,4.5,11],"texture":"#1"},"east":{"uv":[4,10.5,4.5,11],"texture":"#1"},"south":{"uv":[4,10.5,4.5,11],"texture":"#1"},"west":{"uv":[4,10.5,4.5,11],"texture":"#1"},"up":{"uv":[4,10.5,4.5,11],"texture":"#1"},"down":{"uv":[4,10.5,4.5,11],"texture":"#1"}}},{"from":[13,23,7.5],"to":[14,24,8.5],"rotation":{"angle":0,"axis":"y","origin":[1,11,6.5]},"faces":{"north":{"uv":[4,10.5,4.5,11],"texture":"#1"},"east":{"uv":[4,10.5,4.5,11],"texture":"#1"},"south":{"uv":[4,10.5,4.5,11],"texture":"#1"},"west":{"uv":[4,10.5,4.5,11],"texture":"#1"},"up":{"uv":[4,10.5,4.5,11],"texture":"#1"},"down":{"uv":[4,10.5,4.5,11],"texture":"#1"}}},{"from":[11.5,22,7.5],"to":[12.5,23,8.5],"rotation":{"angle":0,"axis":"y","origin":[1,11,6.5]},"faces":{"north":{"uv":[4,10.5,4.5,11],"texture":"#1"},"east":{"uv":[4,10.5,4.5,11],"texture":"#1"},"south":{"uv":[4,10.5,4.5,11],"texture":"#1"},"west":{"uv":[4,10.5,4.5,11],"texture":"#1"},"up":{"uv":[4,10.5,4.5,11],"texture":"#1"},"down":{"uv":[4,10.5,4.5,11],"texture":"#1"}}},{"from":[13,6.93277,3.88581],"to":[15,8.93277,3.88581],"rotation":{"angle":45,"axis":"x","origin":[13,9.43277,2.63581]},"faces":{"north":{"uv":[6,8,7,9],"rotation":180,"texture":"#0"},"east":{"uv":[6,8,7,9],"rotation":180,"texture":"#0"},"south":{"uv":[6,8,7,9],"rotation":180,"texture":"#0"},"west":{"uv":[6,8,7,9],"rotation":180,"texture":"#0"},"up":{"uv":[6,8,7,9],"rotation":180,"texture":"#0"},"down":{"uv":[6,8,7,9],"rotation":180,"texture":"#0"}}},{"from":[13,10.25,3.5],"to":[15,10.25,6.5],"rotation":{"angle":22.5,"axis":"x","origin":[13,10,-2]},"faces":{"north":{"uv":[6,6.5,7,8],"rotation":180,"texture":"#0"},"east":{"uv":[6,6.5,7,8],"rotation":180,"texture":"#0"},"south":{"uv":[6,6.5,7,8],"rotation":180,"texture":"#0"},"west":{"uv":[6,6.5,7,8],"rotation":180,"texture":"#0"},"up":{"uv":[6,6.5,7,8],"rotation":180,"texture":"#0"},"down":{"uv":[6,6.5,7,8],"rotation":180,"texture":"#0"}}},{"from":[10,9.75,3.75],"to":[12,9.75,6.75],"rotation":{"angle":22.5,"axis":"x","origin":[10,9.5,-1.75]},"faces":{"north":{"uv":[6,6.5,7,8],"rotation":180,"texture":"#0"},"east":{"uv":[6,6.5,7,8],"rotation":180,"texture":"#0"},"south":{"uv":[6,6.5,7,8],"rotation":180,"texture":"#0"},"west":{"uv":[6,6.5,7,8],"rotation":180,"texture":"#0"},"up":{"uv":[6,6.5,7,8],"rotation":180,"texture":"#0"},"down":{"uv":[6,6.5,7,8],"rotation":180,"texture":"#0"}}},{"from":[11,-1.5,1.25],"to":[11,7.5,3.25],"rotation":{"angle":0,"axis":"y","origin":[2,2.5,-1.75]},"faces":{"north":{"uv":[6,6.5,7,12.5],"texture":"#0"},"east":{"uv":[6,6.5,7,12.5],"texture":"#0"},"south":{"uv":[6,6.5,7,12.5],"texture":"#0"},"west":{"uv":[6,7.5,7,12.5],"texture":"#0"},"up":{"uv":[6,6.5,7,12.5],"texture":"#0"},"down":{"uv":[6,6.5,7,12.5],"texture":"#0"}}},{"from":[11,-8.5,1.25],"to":[11,-1.5,3.25],"rotation":{"angle":0,"axis":"y","origin":[2,2.5,-1.75]},"faces":{"north":{"uv":[6,6.5,7,12.5],"texture":"#0"},"east":{"uv":[6,6.5,7,10.5],"texture":"#0"},"south":{"uv":[6,6.5,7,12.5],"texture":"#0"},"west":{"uv":[6,7.5,7,10.5],"texture":"#0"},"up":{"uv":[6,6.5,7,12.5],"texture":"#0"},"down":{"uv":[6,6.5,7,12.5],"texture":"#0"}}},{"from":[10,6.43277,4.13581],"to":[12,8.43277,4.13581],"rotation":{"angle":45,"axis":"x","origin":[10,8.93277,2.88581]},"faces":{"north":{"uv":[6,8,7,9],"rotation":180,"texture":"#0"},"east":{"uv":[6,8,7,9],"rotation":180,"texture":"#0"},"south":{"uv":[6,8,7,9],"rotation":180,"texture":"#0"},"west":{"uv":[6,8,7,9],"rotation":180,"texture":"#0"},"up":{"uv":[6,8,7,9],"rotation":180,"texture":"#0"},"down":{"uv":[6,8,7,9],"rotation":180,"texture":"#0"}}},{"from":[13,-1.13309,1.83772],"to":[15,6.86691,1.83772],"rotation":{"angle":0,"axis":"x","origin":[13,5.36691,0.33772]},"faces":{"north":{"uv":[6,8,7,12.5],"texture":"#0"},"east":{"uv":[6,8,7,12.5],"texture":"#0"},"south":{"uv":[6,8,7,12.5],"texture":"#0"},"west":{"uv":[6,8,7,12.5],"texture":"#0"},"up":{"uv":[6,8,7,12.5],"texture":"#0"},"down":{"uv":[6,8,7,12.5],"texture":"#0"}}},{"from":[10,-1.63309,2.08772],"to":[12,6.36691,2.08772],"rotation":{"angle":0,"axis":"x","origin":[10,4.86691,0.58772]},"faces":{"north":{"uv":[6,8,7,12.5],"texture":"#0"},"east":{"uv":[6,8,7,12.5],"texture":"#0"},"south":{"uv":[6,8,7,12.5],"texture":"#0"},"west":{"uv":[6,8,7,12.5],"texture":"#0"},"up":{"uv":[6,8,7,12.5],"texture":"#0"},"down":{"uv":[6,8,7,12.5],"texture":"#0"}}},{"from":[10,-7.63309,2.08772],"to":[12,-2.63309,2.08772],"rotation":{"angle":0,"axis":"x","origin":[10,4.86691,0.58772]},"faces":{"north":{"uv":[6,8,7,10.5],"texture":"#0"},"east":{"uv":[6,8,7,12.5],"texture":"#0"},"south":{"uv":[6,8,7,10.5],"texture":"#0"},"west":{"uv":[6,8,7,12.5],"texture":"#0"},"up":{"uv":[6,8,7,12.5],"texture":"#0"},"down":{"uv":[6,8,7,12.5],"texture":"#0"}}},{"from":[14,-1,1],"to":[14,8,3],"rotation":{"angle":0,"axis":"y","origin":[5,3,-2]},"faces":{"north":{"uv":[6,6.5,7,12.5],"texture":"#0"},"east":{"uv":[6,6.5,7,12.5],"texture":"#0"},"south":{"uv":[6,6.5,7,12.5],"texture":"#0"},"west":{"uv":[6,7.5,7,12.5],"texture":"#0"},"up":{"uv":[6,6.5,7,12.5],"texture":"#0"},"down":{"uv":[6,6.5,7,12.5],"texture":"#0"}}},{"from":[10.40513,8.62553,10.23106],"to":[15.40513,8.62553,14.23106],"rotation":{"angle":-22.5,"axis":"x","origin":[12.90513,5.69991,13.5]},"faces":{"north":{"uv":[3.5,4.5,6,6.5],"rotation":270,"texture":"#0"},"east":{"uv":[3.5,4.5,6,6.5],"rotation":270,"texture":"#0"},"south":{"uv":[3.5,4.5,6,6.5],"rotation":270,"texture":"#0"},"west":{"uv":[3.5,4.5,6,6.5],"rotation":270,"texture":"#0"},"up":{"uv":[3.5,4.5,6,6.5],"texture":"#0"},"down":{"uv":[3.5,4.5,6,6.5],"rotation":180,"texture":"#0"}}},{"from":[10.5,6,11],"to":[13.5,9,11],"rotation":{"angle":0,"axis":"y","origin":[8.5,3,11]},"faces":{"north":{"uv":[6,5,7.5,6.5],"texture":"#0"},"east":{"uv":[6,5,7.5,6.5],"texture":"#0"},"south":{"uv":[6,5,7.5,6.5],"texture":"#0"},"west":{"uv":[6,5,7.5,6.5],"texture":"#0"},"up":{"uv":[6,5,7.5,6.5],"texture":"#0"},"down":{"uv":[6,5,7.5,6.5],"texture":"#0"}}},{"from":[12,6,9.5],"to":[12,9,12.5],"rotation":{"angle":0,"axis":"y","origin":[12,7,11.5]},"faces":{"north":{"uv":[6,5,7.5,6.5],"texture":"#0"},"east":{"uv":[6,5,7.5,6.5],"texture":"#0"},"south":{"uv":[6,5,7.5,6.5],"texture":"#0"},"west":{"uv":[6,5,7.5,6.5],"texture":"#0"},"up":{"uv":[6,5,7.5,6.5],"texture":"#0"},"down":{"uv":[6,5,7.5,6.5],"texture":"#0"}}},{"from":[10.40513,7.49391,11.07685],"to":[15.40513,7.49391,14.07685],"rotation":{"angle":45,"axis":"x","origin":[12.90513,5.69991,13.5]},"faces":{"north":{"uv":[2.5,6.5,5,8],"rotation":270,"texture":"#0"},"east":{"uv":[2.5,6.5,5,8],"rotation":270,"texture":"#0"},"south":{"uv":[2.5,6.5,5,8],"rotation":270,"texture":"#0"},"west":{"uv":[2.5,6.5,5,8],"rotation":270,"texture":"#0"},"up":{"uv":[2.5,6.5,5,8],"texture":"#0"},"down":{"uv":[2.5,6.5,5,8],"rotation":180,"texture":"#0"}}},{"from":[10.40513,-3.43873,15.17615],"to":[15.40513,6.56127,15.17615],"rotation":{"angle":0,"axis":"z","origin":[12.90513,5.69991,13.5]},"faces":{"north":{"uv":[2.5,8,5,13],"texture":"#0"},"east":{"uv":[2.5,8,5,13],"texture":"#0"},"south":{"uv":[2.5,8,5,13],"texture":"#0"},"west":{"uv":[2.5,8,5,13],"texture":"#0"},"up":{"uv":[2.5,8,5,13],"rotation":90,"texture":"#0"},"down":{"uv":[2.5,8,5,13],"rotation":270,"texture":"#0"}}},{"from":[12.25,-6,10],"to":[12.25,11,17],"rotation":{"angle":0,"axis":"y","origin":[17,1.5,10.5]},"faces":{"north":{"uv":[2.5,4.5,6,13],"texture":"#0"},"east":{"uv":[2.5,4.5,6,13],"texture":"#0"},"south":{"uv":[2.5,4.5,6,13],"texture":"#0"},"west":{"uv":[6,4.5,2.5,13],"texture":"#0"},"up":{"uv":[2.5,4.5,6,13],"rotation":90,"texture":"#0"},"down":{"uv":[2.5,4.5,6,13],"rotation":270,"texture":"#0"}}},{"from":[14.5,-8,7.5],"to":[21.5,9,7.5],"rotation":{"angle":0,"axis":"y","origin":[14.5,-4,8]},"faces":{"north":{"uv":[2.5,4.5,6,13],"texture":"#0"},"east":{"uv":[2.5,4.5,6,13],"texture":"#0"},"south":{"uv":[6,4.5,2.5,13],"texture":"#0"},"west":{"uv":[2.5,4.5,6,13],"texture":"#0"},"up":{"uv":[2.5,4.5,6,13],"texture":"#0"},"down":{"uv":[2.5,4.5,6,13],"texture":"#0"}}},{"from":[15.55645,3.08569,5],"to":[18.55645,3.08569,10],"rotation":{"angle":-45,"axis":"z","origin":[22.05645,3.08569,8.5]},"faces":{"north":{"uv":[2.5,6.5,5,8],"rotation":270,"texture":"#0"},"east":{"uv":[2.5,6.5,5,8],"rotation":270,"texture":"#0"},"south":{"uv":[2.5,6.5,5,8],"rotation":270,"texture":"#0"},"west":{"uv":[2.5,6.5,5,8],"rotation":270,"texture":"#0"},"up":{"uv":[2.5,6.5,5,8],"rotation":270,"texture":"#0"},"down":{"uv":[2.5,6.5,5,8],"rotation":270,"texture":"#0"}}},{"from":[13.76544,6.15186,5],"to":[17.76544,6.15186,10],"rotation":{"angle":22.5,"axis":"z","origin":[13.76544,6.15186,8]},"faces":{"north":{"uv":[3.5,4.5,6,6.5],"rotation":270,"texture":"#0"},"east":{"uv":[3.5,4.5,6,6.5],"rotation":270,"texture":"#0"},"south":{"uv":[3.5,4.5,6,6.5],"rotation":270,"texture":"#0"},"west":{"uv":[3.5,4.5,6,6.5],"rotation":270,"texture":"#0"},"up":{"uv":[3.5,4.5,6,6.5],"rotation":270,"texture":"#0"},"down":{"uv":[3.5,4.5,6,6.5],"rotation":270,"texture":"#0"}}},{"from":[19.58128,-4.43873,5],"to":[19.58128,5.56127,10],"rotation":{"angle":0,"axis":"z","origin":[19.58128,0.56127,9.5]},"faces":{"north":{"uv":[2.5,8,5,13],"texture":"#0"},"east":{"uv":[2.5,8,5,13],"texture":"#0"},"south":{"uv":[2.5,8,5,13],"texture":"#0"},"west":{"uv":[2.5,8,5,13],"texture":"#0"},"up":{"uv":[2.5,8,5,13],"texture":"#0"},"down":{"uv":[2.5,8,5,13],"texture":"#0"}}},{"from":[8.1138,7.0731,6.25],"to":[11.1138,7.0731,9.25],"rotation":{"angle":-22.5,"axis":"z","origin":[9.6138,8.5731,8]},"faces":{"north":{"uv":[7.5,4.5,9,6],"rotation":90,"texture":"#0"},"east":{"uv":[7.5,4.5,9,6],"rotation":90,"texture":"#0"},"south":{"uv":[7.5,4.5,9,6],"rotation":90,"texture":"#0"},"west":{"uv":[7.5,4.5,9,6],"rotation":90,"texture":"#0"},"up":{"uv":[7.5,4.5,9,6],"rotation":90,"texture":"#0"},"down":{"uv":[7.5,4.5,9,6],"rotation":90,"texture":"#0"}}},{"from":[2.50629,-9.00941,7.25],"to":[9.50629,8.99059,7.25],"rotation":{"angle":0,"axis":"y","origin":[0.50629,-2.00941,7.25]},"faces":{"north":{"uv":[7.5,4.5,11,13.5],"texture":"#0"},"east":{"uv":[8,6.5,11,13.5],"texture":"#0"},"south":{"uv":[11,4.5,7.5,13.5],"texture":"#0"},"west":{"uv":[8,6.5,11,13.5],"texture":"#0"},"up":{"uv":[8,6.5,11,13.5],"rotation":90,"texture":"#0"},"down":{"uv":[8,6.5,11,13.5],"rotation":270,"texture":"#0"}}},{"from":[6.50629,-9.00941,4.25],"to":[6.50629,4.99059,10.25],"rotation":{"angle":0,"axis":"y","origin":[6.50629,-9.00941,3.25]},"faces":{"north":{"uv":[8,6.5,11,13.5],"texture":"#0"},"east":{"uv":[8,6.5,11,13.5],"texture":"#0"},"south":{"uv":[8,6.5,11,13.5],"texture":"#0"},"west":{"uv":[8,6.5,11,13.5],"texture":"#0"},"up":{"uv":[8,6.5,11,13.5],"texture":"#0"},"down":{"uv":[8,6.5,11,13.5],"texture":"#0"}}},{"from":[7.08031,4.87641,6.25],"to":[7.08031,7.87641,9.25],"rotation":{"angle":-22.5,"axis":"z","origin":[7.08031,6.37641,7.75]},"faces":{"north":{"uv":[9,5,10.5,6.5],"texture":"#0"},"east":{"uv":[9,5,10.5,6.5],"texture":"#0"},"south":{"uv":[9,5,10.5,6.5],"texture":"#0"},"west":{"uv":[9,5,10.5,6.5],"texture":"#0"},"up":{"uv":[9,5,10.5,6.5],"texture":"#0"},"down":{"uv":[9,5,10.5,6.5],"texture":"#0"}}},{"from":[1,13,8],"to":[11,23,8],"rotation":{"angle":0,"axis":"y","origin":[0,0,7]},"faces":{"north":{"uv":[0,0,5,5],"texture":"#1"},"east":{"uv":[0,0,0,10],"texture":"#missing"},"south":{"uv":[5,0,0,5],"texture":"#1"},"west":{"uv":[0,0,0,10],"texture":"#missing"},"up":{"uv":[0,0,10,0],"texture":"#missing"},"down":{"uv":[0,0,10,0],"texture":"#missing"}}}],"display":{"thirdperson_righthand":{"scale":[0.3,0.3,0.3]},"thirdperson_lefthand":{"scale":[0.3,0.3,0.3]},"firstperson_righthand":{"scale":[0.3,0.3,0.3]},"firstperson_lefthand":{"scale":[0.3,0.3,0.3]},"ground":{"scale":[0.3,0.3,0.3]},"gui":{"rotation":[10,19,0],"translation":[-0.5,0.5,0],"scale":[0.35,0.35,0.35]},"fixed":{"rotation":[90,90,-90],"translation":[0,-22,-15],"scale":[2,2,2]}},"groups":[{"name":"maceta","origin":[8,8,8],"children":[0,1,2,3,4,5,6,7,8,9]},{"name":"sosten","origin":[8,8,8],"children":[10,11,12,13,14,15,16,17,18,19,20]},{"name":"plant","origin":[8,8,8],"children":[{"name":"rama 2","origin":[8,4.36691,0.33772],"children":[21,22,23,24,25,26,27,28,29,30]},{"name":"rama 4","origin":[13,-1.5,7.5],"children":[31,32,33,34,35,36]},{"name":"rama 3","origin":[14.58128,-1.43873,9.5],"children":[37,38,39,40]},{"name":"rama 1","origin":[3.08031,5.37641,7.75],"children":[41,42,43,44]}]},45]}