{"credit":"Made with Blockbench","textures":{"0":"block/flowers/daisy_top","1":"block/maceta_2","particle":"block/flowers/daisy_top"},"elements":[{"from":[3.5,4,3.5],"to":[12.5,6,4.5],"rotation":{"angle":0,"axis":"y","origin":[3.5,4,3.5]},"faces":{"north":{"uv":[0,15,4.5,16],"texture":"#1"},"east":{"uv":[0,15,0.5,16],"texture":"#1"},"south":{"uv":[0,10.5,4.5,11],"texture":"#1"},"west":{"uv":[0,15,0.5,16],"texture":"#1"},"up":{"uv":[0,10.5,4.5,11],"texture":"#1"},"down":{"uv":[0,15.5,4.5,16],"texture":"#1"}}},{"from":[3.5,4,4.5],"to":[4.5,6,11.5],"rotation":{"angle":0,"axis":"y","origin":[8,5,11]},"faces":{"north":{"uv":[0,0,1,2],"texture":"#missing"},"east":{"uv":[0.5,10.5,4,11],"texture":"#1"},"south":{"uv":[0,0,1,2],"texture":"#missing"},"west":{"uv":[0.5,15,4,16],"texture":"#1"},"up":{"uv":[0.5,10.5,4,11],"rotation":90,"texture":"#1"},"down":{"uv":[0.5,15.5,4,16],"rotation":90,"texture":"#1"}}},{"from":[4.5,1,4.5],"to":[11.5,4,5.5],"rotation":{"angle":0,"axis":"y","origin":[4.5,1,0.5]},"faces":{"north":{"uv":[0,13.5,3.5,15],"texture":"#1"},"east":{"uv":[0,13.5,0.5,15],"texture":"#1"},"south":{"uv":[0,0,7,3],"texture":"#missing"},"west":{"uv":[0,13.5,0.5,15],"texture":"#1"},"up":{"uv":[0,0,7,1],"texture":"#missing"},"down":{"uv":[0,14.5,3.5,15],"texture":"#1"}}},{"from":[4.5,1,5.5],"to":[5.5,4,10.5],"rotation":{"angle":0,"axis":"y","origin":[8,2,9]},"faces":{"north":{"uv":[0,0,1,3],"rotation":180,"texture":"#missing"},"east":{"uv":[0,0,5,3],"rotation":180,"texture":"#missing"},"south":{"uv":[0,0,1,3],"rotation":180,"texture":"#missing"},"west":{"uv":[0.5,13.5,3,15],"texture":"#1"},"up":{"uv":[0,0,5,1],"rotation":90,"texture":"#missing"},"down":{"uv":[0.5,14.5,3,15],"rotation":90,"texture":"#1"}}},{"from":[5.5,0,5.5],"to":[10.5,1,10.5],"rotation":{"angle":0,"axis":"y","origin":[5.5,0,5.5]},"faces":{"north":{"uv":[0,13,2.5,13.5],"texture":"#1"},"east":{"uv":[0,13,2.5,13.5],"texture":"#1"},"south":{"uv":[0,13,2.5,13.5],"texture":"#1"},"west":{"uv":[0,13,2.5,13.5],"texture":"#1"},"up":{"uv":[0,0,5,5],"texture":"#missing"},"down":{"uv":[0,10.5,2.5,13],"texture":"#1"}}},{"from":[4.5,1,10.5],"to":[11.5,4,11.5],"rotation":{"angle":0,"axis":"y","origin":[4.5,1,0.5]},"faces":{"north":{"uv":[0,0,7,3],"texture":"#missing"},"east":{"uv":[0,13.5,0.5,15],"texture":"#1"},"south":{"uv":[0,13.5,3.5,15],"texture":"#1"},"west":{"uv":[0,13.5,0.5,15],"texture":"#1"},"up":{"uv":[0,0,7,1],"texture":"#missing"},"down":{"uv":[0,14.5,3.5,15],"texture":"#1"}}},{"from":[10.5,1,5.5],"to":[11.5,4,10.5],"rotation":{"angle":0,"axis":"y","origin":[8,2,9]},"faces":{"north":{"uv":[0,0,1,3],"rotation":180,"texture":"#missing"},"east":{"uv":[0.5,13.5,3,15],"texture":"#1"},"south":{"uv":[0,0,1,3],"rotation":180,"texture":"#missing"},"west":{"uv":[0,0,5,3],"rotation":180,"texture":"#missing"},"up":{"uv":[0,0,5,1],"rotation":90,"texture":"#missing"},"down":{"uv":[0.5,14.5,3,15],"rotation":90,"texture":"#1"}}},{"from":[3.5,4,11.5],"to":[12.5,6,12.5],"rotation":{"angle":0,"axis":"y","origin":[3.5,4,3.5]},"faces":{"north":{"uv":[0,10.5,4.5,11],"texture":"#1"},"east":{"uv":[0,15,0.5,16],"texture":"#1"},"south":{"uv":[0,15,4.5,16],"texture":"#1"},"west":{"uv":[0,15,0.5,16],"texture":"#1"},"up":{"uv":[0,10.5,4.5,11],"texture":"#1"},"down":{"uv":[0,15.5,4.5,16],"texture":"#1"}}},{"from":[11.5,4,4.5],"to":[12.5,6,11.5],"rotation":{"angle":0,"axis":"y","origin":[8,5,11]},"faces":{"north":{"uv":[0,0,1,2],"texture":"#missing"},"east":{"uv":[0.5,15,4,16],"texture":"#1"},"south":{"uv":[0,0,1,2],"texture":"#missing"},"west":{"uv":[0.5,10.5,4,11],"texture":"#1"},"up":{"uv":[0.5,10.5,4,11],"rotation":90,"texture":"#1"},"down":{"uv":[0.5,15.5,4,16],"rotation":90,"texture":"#1"}}},{"from":[4.5,4.999,4.5],"to":[11.5,4.999,11.5],"rotation":{"angle":0,"axis":"y","origin":[-0.5,0.999,-0.5]},"faces":{"north":{"uv":[0,0,7,0],"texture":"#missing"},"east":{"uv":[0,0,7,0],"texture":"#missing"},"south":{"uv":[0,0,7,0],"texture":"#missing"},"west":{"uv":[0,0,7,0],"texture":"#missing"},"up":{"uv":[0,7,3.5,10.5],"texture":"#1"},"down":{"uv":[0,0,7,7],"texture":"#missing"}}},{"from":[10.52941,-6,13],"to":[10.52941,-4,15],"rotation":{"angle":45,"axis":"y","origin":[8,-1.14706,11.85294]},"faces":{"north":{"uv":[0,0,0,3],"rotation":180,"texture":"#missing"},"east":{"uv":[3,8,5,10],"rotation":180,"texture":"#0"},"south":{"uv":[0,0,0,3],"rotation":180,"texture":"#missing"},"west":{"uv":[5,8,3,10],"rotation":180,"texture":"#0"},"up":{"uv":[0,0,2,0],"rotation":270,"texture":"#missing"},"down":{"uv":[0,0,2,0],"rotation":90,"texture":"#missing"}}},{"from":[10.52941,-4,15],"to":[10.52941,-2,17],"rotation":{"angle":45,"axis":"y","origin":[8,-1.14706,11.85294]},"faces":{"north":{"uv":[0,0,0,8],"texture":"#missing"},"east":{"uv":[1,10,3,8],"texture":"#0"},"south":{"uv":[0,0,0,8],"texture":"#missing"},"west":{"uv":[3,10,1,8],"texture":"#0"},"up":{"uv":[0,0,8,0],"rotation":90,"texture":"#missing"},"down":{"uv":[0,0,8,0],"rotation":270,"texture":"#missing"}}},{"from":[0.70016,-8,0.97598],"to":[2.70016,-6,0.97598],"rotation":{"angle":-45,"axis":"y","origin":[0.70016,-9,0.97598]},"faces":{"north":{"uv":[3,10,1,8],"texture":"#0"},"east":{"uv":[0,0,0,8],"texture":"#missing"},"south":{"uv":[1,10,3,8],"texture":"#0"},"west":{"uv":[0,0,0,8],"texture":"#missing"},"up":{"uv":[0,0,8,0],"rotation":180,"texture":"#missing"},"down":{"uv":[0,0,8,0],"rotation":180,"texture":"#missing"}}},{"from":[10.52941,-7,16],"to":[10.52941,-4,18],"rotation":{"angle":45,"axis":"y","origin":[8,-1.14706,11.85294]},"faces":{"north":{"uv":[0,0,0,3],"rotation":180,"texture":"#missing"},"east":{"uv":[14,5,16,8],"rotation":180,"texture":"#0"},"south":{"uv":[0,0,0,3],"rotation":180,"texture":"#missing"},"west":{"uv":[16,5,14,8],"rotation":180,"texture":"#0"},"up":{"uv":[0,0,2,0],"rotation":270,"texture":"#missing"},"down":{"uv":[0,0,2,0],"rotation":90,"texture":"#missing"}}},{"from":[11.30676,-7,3.51151],"to":[11.30676,-4,5.51151],"rotation":{"angle":-45,"axis":"y","origin":[11.30676,-6.5,4.51151]},"faces":{"north":{"uv":[0,0,0,3],"rotation":180,"texture":"#missing"},"east":{"uv":[14,5,16,8],"rotation":180,"texture":"#0"},"south":{"uv":[0,0,0,3],"rotation":180,"texture":"#missing"},"west":{"uv":[16,5,14,8],"rotation":180,"texture":"#0"},"up":{"uv":[0,0,2,0],"rotation":270,"texture":"#missing"},"down":{"uv":[0,0,2,0],"rotation":90,"texture":"#missing"}}},{"from":[10.52941,-9,17],"to":[10.52941,-8,18],"rotation":{"angle":45,"axis":"y","origin":[8,-1.14706,11.85294]},"faces":{"north":{"uv":[0,0,0,3],"rotation":180,"texture":"#missing"},"east":{"uv":[4,9,3,10],"rotation":180,"texture":"#0"},"south":{"uv":[0,0,0,3],"rotation":180,"texture":"#missing"},"west":{"uv":[4,9,3,10],"rotation":180,"texture":"#0"},"up":{"uv":[0,0,2,0],"rotation":270,"texture":"#missing"},"down":{"uv":[0,0,2,0],"rotation":90,"texture":"#missing"}}},{"from":[13.07453,-7,2.24374],"to":[13.07453,-6,3.24374],"rotation":{"angle":-45,"axis":"y","origin":[13.07453,-6.5,2.74374]},"faces":{"north":{"uv":[0,0,0,3],"rotation":180,"texture":"#missing"},"east":{"uv":[4,9,3,10],"rotation":180,"texture":"#0"},"south":{"uv":[0,0,0,3],"rotation":180,"texture":"#missing"},"west":{"uv":[4,9,3,10],"rotation":180,"texture":"#0"},"up":{"uv":[0,0,2,0],"rotation":270,"texture":"#missing"},"down":{"uv":[0,0,2,0],"rotation":90,"texture":"#missing"}}},{"from":[13.07453,-5,1.24374],"to":[13.07453,-4,2.24374],"rotation":{"angle":-45,"axis":"y","origin":[13.07453,-6.5,2.74374]},"faces":{"north":{"uv":[0,0,0,3],"rotation":180,"texture":"#missing"},"east":{"uv":[4,9,3,10],"rotation":180,"texture":"#0"},"south":{"uv":[0,0,0,3],"rotation":180,"texture":"#missing"},"west":{"uv":[4,9,3,10],"rotation":180,"texture":"#0"},"up":{"uv":[0,0,2,0],"rotation":270,"texture":"#missing"},"down":{"uv":[0,0,2,0],"rotation":90,"texture":"#missing"}}},{"from":[13.07453,-5,15.24374],"to":[13.07453,-4,16.24374],"rotation":{"angle":-45,"axis":"y","origin":[13.07453,-6.5,2.74374]},"faces":{"north":{"uv":[0,0,0,3],"rotation":180,"texture":"#missing"},"east":{"uv":[4,9,3,10],"rotation":180,"texture":"#0"},"south":{"uv":[0,0,0,3],"rotation":180,"texture":"#missing"},"west":{"uv":[4,9,3,10],"rotation":180,"texture":"#0"},"up":{"uv":[0,0,2,0],"rotation":270,"texture":"#missing"},"down":{"uv":[0,0,2,0],"rotation":90,"texture":"#missing"}}},{"from":[13.07453,-6,14.24374],"to":[13.07453,-5,15.24374],"rotation":{"angle":-45,"axis":"y","origin":[13.07453,-6.5,2.74374]},"faces":{"north":{"uv":[0,0,0,3],"rotation":180,"texture":"#missing"},"east":{"uv":[6,3,5,4],"rotation":180,"texture":"#0"},"south":{"uv":[0,0,0,3],"rotation":180,"texture":"#missing"},"west":{"uv":[6,3,5,4],"rotation":180,"texture":"#0"},"up":{"uv":[0,0,2,0],"rotation":270,"texture":"#missing"},"down":{"uv":[0,0,2,0],"rotation":90,"texture":"#missing"}}},{"from":[13.07453,-7,15.24374],"to":[13.07453,-6,16.24374],"rotation":{"angle":-45,"axis":"y","origin":[13.07453,-6.5,2.74374]},"faces":{"north":{"uv":[0,0,0,3],"rotation":180,"texture":"#missing"},"east":{"uv":[7,9,6,10],"rotation":180,"texture":"#0"},"south":{"uv":[0,0,0,3],"rotation":180,"texture":"#missing"},"west":{"uv":[7,9,6,10],"rotation":180,"texture":"#0"},"up":{"uv":[0,0,2,0],"rotation":270,"texture":"#missing"},"down":{"uv":[0,0,2,0],"rotation":90,"texture":"#missing"}}},{"from":[13.07453,-8,18.24374],"to":[13.07453,-7,19.24374],"rotation":{"angle":-45,"axis":"y","origin":[13.07453,-6.5,2.74374]},"faces":{"north":{"uv":[0,0,0,3],"rotation":180,"texture":"#missing"},"east":{"uv":[4,9,3,10],"rotation":180,"texture":"#0"},"south":{"uv":[0,0,0,3],"rotation":180,"texture":"#missing"},"west":{"uv":[4,9,3,10],"rotation":180,"texture":"#0"},"up":{"uv":[0,0,2,0],"rotation":270,"texture":"#missing"},"down":{"uv":[0,0,2,0],"rotation":90,"texture":"#missing"}}},{"from":[13.07453,-12,18.24374],"to":[13.07453,-11,19.24374],"rotation":{"angle":-45,"axis":"y","origin":[13.07453,-6.5,2.74374]},"faces":{"north":{"uv":[0,0,0,3],"rotation":180,"texture":"#missing"},"east":{"uv":[5,10,4,11],"rotation":180,"texture":"#0"},"south":{"uv":[0,0,0,3],"rotation":180,"texture":"#missing"},"west":{"uv":[5,10,4,11],"rotation":180,"texture":"#0"},"up":{"uv":[0,0,2,0],"rotation":270,"texture":"#missing"},"down":{"uv":[0,0,2,0],"rotation":90,"texture":"#missing"}}},{"from":[10.52941,-12,16],"to":[10.52941,-9,17],"rotation":{"angle":45,"axis":"y","origin":[8,-1.14706,11.85294]},"faces":{"north":{"uv":[0,0,0,3],"rotation":180,"texture":"#missing"},"east":{"uv":[16,5,15,8],"rotation":180,"texture":"#0"},"south":{"uv":[0,0,0,3],"rotation":180,"texture":"#missing"},"west":{"uv":[16,5,15,8],"rotation":180,"texture":"#0"},"up":{"uv":[0,0,2,0],"rotation":90,"texture":"#missing"},"down":{"uv":[0,0,2,0],"rotation":270,"texture":"#missing"}}},{"from":[10.52941,-12,1],"to":[10.52941,-9,2],"rotation":{"angle":45,"axis":"y","origin":[8,-1.14706,11.85294]},"faces":{"north":{"uv":[0,0,0,3],"rotation":180,"texture":"#missing"},"east":{"uv":[16,5,15,8],"rotation":180,"texture":"#0"},"south":{"uv":[0,0,0,3],"rotation":180,"texture":"#missing"},"west":{"uv":[16,5,15,8],"rotation":180,"texture":"#0"},"up":{"uv":[0,0,2,0],"rotation":90,"texture":"#missing"},"down":{"uv":[0,0,2,0],"rotation":270,"texture":"#missing"}}},{"from":[2.99826,-10,12.07001],"to":[2.99826,-7,13.07001],"rotation":{"angle":-45,"axis":"y","origin":[2.99826,-8.5,12.82001]},"faces":{"north":{"uv":[0,0,0,3],"rotation":180,"texture":"#missing"},"east":{"uv":[16,5,15,8],"rotation":180,"texture":"#0"},"south":{"uv":[0,0,0,3],"rotation":180,"texture":"#missing"},"west":{"uv":[16,5,15,8],"rotation":180,"texture":"#0"},"up":{"uv":[0,0,2,0],"rotation":90,"texture":"#missing"},"down":{"uv":[0,0,2,0],"rotation":270,"texture":"#missing"}}},{"from":[10.52941,-13,0],"to":[10.52941,-10,1],"rotation":{"angle":45,"axis":"y","origin":[8,-1.14706,11.85294]},"faces":{"north":{"uv":[0,0,0,3],"rotation":180,"texture":"#missing"},"east":{"uv":[16,5,15,8],"rotation":180,"texture":"#0"},"south":{"uv":[0,0,0,3],"rotation":180,"texture":"#missing"},"west":{"uv":[16,5,15,8],"rotation":180,"texture":"#0"},"up":{"uv":[0,0,2,0],"rotation":90,"texture":"#missing"},"down":{"uv":[0,0,2,0],"rotation":270,"texture":"#missing"}}},{"from":[2.99826,-11,11.07001],"to":[2.99826,-8,12.07001],"rotation":{"angle":-45,"axis":"y","origin":[2.99826,-8.5,12.82001]},"faces":{"north":{"uv":[0,0,0,3],"rotation":180,"texture":"#missing"},"east":{"uv":[16,5,15,8],"rotation":180,"texture":"#0"},"south":{"uv":[0,0,0,3],"rotation":180,"texture":"#missing"},"west":{"uv":[16,5,15,8],"rotation":180,"texture":"#0"},"up":{"uv":[0,0,2,0],"rotation":90,"texture":"#missing"},"down":{"uv":[0,0,2,0],"rotation":270,"texture":"#missing"}}},{"from":[10.52941,-14,2],"to":[10.52941,-11,3],"rotation":{"angle":45,"axis":"y","origin":[8,-1.14706,11.85294]},"faces":{"north":{"uv":[0,0,0,3],"rotation":180,"texture":"#missing"},"east":{"uv":[16,5,15,8],"rotation":180,"texture":"#0"},"south":{"uv":[0,0,0,3],"rotation":180,"texture":"#missing"},"west":{"uv":[16,5,15,8],"rotation":180,"texture":"#0"},"up":{"uv":[0,0,2,0],"rotation":90,"texture":"#missing"},"down":{"uv":[0,0,2,0],"rotation":270,"texture":"#missing"}}},{"from":[2.99826,-12,13.07001],"to":[2.99826,-9,14.07001],"rotation":{"angle":-45,"axis":"y","origin":[2.99826,-8.5,12.82001]},"faces":{"north":{"uv":[0,0,0,3],"rotation":180,"texture":"#missing"},"east":{"uv":[16,5,15,8],"rotation":180,"texture":"#0"},"south":{"uv":[0,0,0,3],"rotation":180,"texture":"#missing"},"west":{"uv":[16,5,15,8],"rotation":180,"texture":"#0"},"up":{"uv":[0,0,2,0],"rotation":90,"texture":"#missing"},"down":{"uv":[0,0,2,0],"rotation":270,"texture":"#missing"}}},{"from":[-7.85536,-9,9.61522],"to":[-7.85536,-6,10.61522],"rotation":{"angle":45,"axis":"y","origin":[-10.38478,-3.14706,-6.53184]},"faces":{"north":{"uv":[0,0,0,3],"rotation":180,"texture":"#missing"},"east":{"uv":[15,5,14,8],"rotation":180,"texture":"#0"},"south":{"uv":[0,0,0,3],"rotation":180,"texture":"#missing"},"west":{"uv":[15,5,14,8],"rotation":180,"texture":"#0"},"up":{"uv":[0,0,2,0],"rotation":270,"texture":"#missing"},"down":{"uv":[0,0,2,0],"rotation":90,"texture":"#missing"}}},{"from":[2.99826,-7,13.07001],"to":[2.99826,-4,14.07001],"rotation":{"angle":-45,"axis":"y","origin":[2.99826,-8.5,12.82001]},"faces":{"north":{"uv":[0,0,0,3],"rotation":180,"texture":"#missing"},"east":{"uv":[15,5,14,8],"rotation":180,"texture":"#0"},"south":{"uv":[0,0,0,3],"rotation":180,"texture":"#missing"},"west":{"uv":[15,5,14,8],"rotation":180,"texture":"#0"},"up":{"uv":[0,0,2,0],"rotation":270,"texture":"#missing"},"down":{"uv":[0,0,2,0],"rotation":90,"texture":"#missing"}}},{"from":[10.52941,-10,15],"to":[10.52941,-7,16],"rotation":{"angle":45,"axis":"y","origin":[8,-1.14706,11.85294]},"faces":{"north":{"uv":[0,0,0,3],"rotation":180,"texture":"#missing"},"east":{"uv":[16,5,15,8],"rotation":180,"texture":"#0"},"south":{"uv":[0,0,0,3],"rotation":180,"texture":"#missing"},"west":{"uv":[16,5,15,8],"rotation":180,"texture":"#0"},"up":{"uv":[0,0,2,0],"rotation":90,"texture":"#missing"},"down":{"uv":[0,0,2,0],"rotation":270,"texture":"#missing"}}},{"from":[15.19585,-5,4.12242],"to":[15.19585,-2,5.12242],"rotation":{"angle":-45,"axis":"y","origin":[15.19585,-3.5,0.62242]},"faces":{"north":{"uv":[0,0,0,3],"rotation":180,"texture":"#missing"},"east":{"uv":[16,5,15,8],"rotation":180,"texture":"#0"},"south":{"uv":[0,0,0,3],"rotation":180,"texture":"#missing"},"west":{"uv":[16,5,15,8],"rotation":180,"texture":"#0"},"up":{"uv":[0,0,2,0],"rotation":90,"texture":"#missing"},"down":{"uv":[0,0,2,0],"rotation":270,"texture":"#missing"}}},{"from":[15.19585,-10,4.12242],"to":[15.19585,-7,5.12242],"rotation":{"angle":-45,"axis":"y","origin":[15.19585,-3.5,0.62242]},"faces":{"north":{"uv":[0,0,0,3],"rotation":180,"texture":"#missing"},"east":{"uv":[16,5,15,8],"rotation":180,"texture":"#0"},"south":{"uv":[0,0,0,3],"rotation":180,"texture":"#missing"},"west":{"uv":[16,5,15,8],"rotation":180,"texture":"#0"},"up":{"uv":[0,0,2,0],"rotation":90,"texture":"#missing"},"down":{"uv":[0,0,2,0],"rotation":270,"texture":"#missing"}}},{"from":[15.19585,-6,3.12242],"to":[15.19585,-3,4.12242],"rotation":{"angle":-45,"axis":"y","origin":[15.19585,-3.5,0.62242]},"faces":{"north":{"uv":[0,0,0,3],"rotation":180,"texture":"#missing"},"east":{"uv":[16,5,15,8],"rotation":180,"texture":"#0"},"south":{"uv":[0,0,0,3],"rotation":180,"texture":"#missing"},"west":{"uv":[16,5,15,8],"rotation":180,"texture":"#0"},"up":{"uv":[0,0,2,0],"rotation":90,"texture":"#missing"},"down":{"uv":[0,0,2,0],"rotation":270,"texture":"#missing"}}},{"from":[10.52941,-10,14],"to":[10.52941,-9,15],"rotation":{"angle":45,"axis":"y","origin":[8,-1.14706,11.85294]},"faces":{"north":{"uv":[0,0,0,3],"rotation":180,"texture":"#missing"},"east":{"uv":[16,7,15,8],"rotation":180,"texture":"#0"},"south":{"uv":[0,0,0,3],"rotation":180,"texture":"#missing"},"west":{"uv":[16,7,15,8],"rotation":180,"texture":"#0"},"up":{"uv":[0,0,2,0],"rotation":90,"texture":"#missing"},"down":{"uv":[0,0,2,0],"rotation":270,"texture":"#missing"}}},{"from":[9.8223,-5,2.29289],"to":[9.8223,-4,3.29289],"rotation":{"angle":45,"axis":"y","origin":[7.29289,-3.14706,11.14583]},"faces":{"north":{"uv":[0,0,0,3],"rotation":180,"texture":"#missing"},"east":{"uv":[16,7,15,8],"rotation":180,"texture":"#0"},"south":{"uv":[0,0,0,3],"rotation":180,"texture":"#missing"},"west":{"uv":[16,7,15,8],"rotation":180,"texture":"#0"},"up":{"uv":[0,0,2,0],"rotation":90,"texture":"#missing"},"down":{"uv":[0,0,2,0],"rotation":270,"texture":"#missing"}}},{"from":[2.99826,-3,13.07001],"to":[2.99826,-2,14.07001],"rotation":{"angle":-45,"axis":"y","origin":[2.99826,-2.5,12.82001]},"faces":{"north":{"uv":[0,0,0,3],"rotation":180,"texture":"#missing"},"east":{"uv":[16,7,15,8],"rotation":180,"texture":"#0"},"south":{"uv":[0,0,0,3],"rotation":180,"texture":"#missing"},"west":{"uv":[16,7,15,8],"rotation":180,"texture":"#0"},"up":{"uv":[0,0,2,0],"rotation":90,"texture":"#missing"},"down":{"uv":[0,0,2,0],"rotation":270,"texture":"#missing"}}},{"from":[2.99826,-2,14.07001],"to":[2.99826,-1,15.07001],"rotation":{"angle":-45,"axis":"y","origin":[2.99826,-2.5,12.82001]},"faces":{"north":{"uv":[0,0,0,3],"rotation":180,"texture":"#missing"},"east":{"uv":[12,8,11,9],"rotation":180,"texture":"#0"},"south":{"uv":[0,0,0,3],"rotation":180,"texture":"#missing"},"west":{"uv":[12,8,11,9],"rotation":180,"texture":"#0"},"up":{"uv":[0,0,2,0],"rotation":90,"texture":"#missing"},"down":{"uv":[0,0,2,0],"rotation":270,"texture":"#missing"}}},{"from":[10.52941,-2,12],"to":[10.52941,6,20],"rotation":{"angle":45,"axis":"y","origin":[8,-1.14706,11.85294]},"faces":{"north":{"uv":[0,0,0,8],"texture":"#missing"},"east":{"uv":[16,8,8,16],"texture":"#0"},"south":{"uv":[0,0,0,8],"texture":"#missing"},"west":{"uv":[8,8,16,16],"texture":"#0"},"up":{"uv":[0,0,8,0],"rotation":90,"texture":"#missing"},"down":{"uv":[0,0,8,0],"rotation":270,"texture":"#missing"}}},{"from":[10.52941,5,1],"to":[10.52941,13,17],"rotation":{"angle":45,"axis":"y","origin":[8,-1.14706,11.85294]},"faces":{"north":{"uv":[0,0,0,8],"texture":"#missing"},"east":{"uv":[0,0,16,8],"texture":"#0"},"south":{"uv":[0,0,0,8],"texture":"#missing"},"west":{"uv":[16,0,0,8],"texture":"#0"},"up":{"uv":[0,0,16,0],"rotation":90,"texture":"#missing"},"down":{"uv":[0,0,16,0],"rotation":270,"texture":"#missing"}}},{"from":[2.52941,5,9],"to":[18.52941,13,9],"rotation":{"angle":45,"axis":"y","origin":[8,-1.14706,11.85294]},"faces":{"north":{"uv":[0,0,16,8],"texture":"#0"},"east":{"uv":[0,0,0,8],"texture":"#missing"},"south":{"uv":[16,0,0,8],"texture":"#0"},"west":{"uv":[0,0,0,8],"texture":"#missing"},"up":{"uv":[0,0,16,0],"texture":"#missing"},"down":{"uv":[0,0,16,0],"texture":"#missing"}}},{"from":[13.52941,-2,9],"to":[21.52941,6,9],"rotation":{"angle":45,"axis":"y","origin":[8,-1.14706,11.85294]},"faces":{"north":{"uv":[1,8,9,16],"texture":"#0"},"east":{"uv":[0,0,0,8],"texture":"#missing"},"south":{"uv":[8,8,0,16],"texture":"#0"},"west":{"uv":[0,0,0,8],"texture":"#missing"},"up":{"uv":[0,0,8,0],"texture":"#missing"},"down":{"uv":[0,0,8,0],"texture":"#missing"}}},{"from":[10.52941,-3,-3],"to":[10.52941,5,5],"rotation":{"angle":45,"axis":"y","origin":[8,-1.14706,11.85294]},"faces":{"north":{"uv":[0,0,0,8],"texture":"#missing"},"east":{"uv":[8,8,0,16],"texture":"#0"},"south":{"uv":[0,0,0,8],"texture":"#missing"},"west":{"uv":[0,8,8,16],"texture":"#0"},"up":{"uv":[0,0,8,0],"rotation":90,"texture":"#missing"},"down":{"uv":[0,0,8,0],"rotation":270,"texture":"#missing"}}},{"from":[10.52941,-6,0],"to":[10.52941,-3,2],"rotation":{"angle":45,"axis":"y","origin":[8,-1.14706,11.85294]},"faces":{"north":{"uv":[0,0,0,3],"texture":"#missing"},"east":{"uv":[14,5,16,8],"texture":"#0"},"south":{"uv":[0,0,0,3],"texture":"#missing"},"west":{"uv":[16,5,14,8],"texture":"#0"},"up":{"uv":[0,0,2,0],"rotation":90,"texture":"#missing"},"down":{"uv":[0,0,2,0],"rotation":270,"texture":"#missing"}}},{"from":[2.52859,-4,12.28968],"to":[4.52859,-1,12.28968],"rotation":{"angle":45,"axis":"y","origin":[3.52859,-2.5,12.28968]},"faces":{"north":{"uv":[14,5,16,8],"rotation":180,"texture":"#0"},"east":{"uv":[0,0,0,3],"rotation":180,"texture":"#missing"},"south":{"uv":[16,5,14,8],"rotation":180,"texture":"#0"},"west":{"uv":[0,0,0,3],"rotation":180,"texture":"#missing"},"up":{"uv":[0,0,2,0],"rotation":180,"texture":"#missing"},"down":{"uv":[0,0,2,0],"rotation":180,"texture":"#missing"}}},{"from":[3.52941,3,9],"to":[5.52941,5,9],"rotation":{"angle":45,"axis":"y","origin":[8,-1.14706,11.85294]},"faces":{"north":{"uv":[3,10,1,8],"texture":"#0"},"east":{"uv":[0,0,0,8],"texture":"#missing"},"south":{"uv":[1,10,3,8],"texture":"#0"},"west":{"uv":[0,0,0,8],"texture":"#missing"},"up":{"uv":[0,0,8,0],"rotation":180,"texture":"#missing"},"down":{"uv":[0,0,8,0],"rotation":180,"texture":"#missing"}}},{"from":[1.52941,0,9],"to":[4.52941,3,9],"rotation":{"angle":45,"axis":"y","origin":[8,-1.14706,11.85294]},"faces":{"north":{"uv":[6,11,3,8],"texture":"#0"},"east":{"uv":[0,0,0,8],"texture":"#missing"},"south":{"uv":[3,11,6,8],"texture":"#0"},"west":{"uv":[0,0,0,8],"texture":"#missing"},"up":{"uv":[0,0,8,0],"rotation":180,"texture":"#missing"},"down":{"uv":[0,0,8,0],"rotation":180,"texture":"#missing"}}},{"from":[3.52941,-1,9],"to":[4.52941,0,9],"rotation":{"angle":45,"axis":"y","origin":[8,-1.14706,11.85294]},"faces":{"north":{"uv":[4,11,3,10],"texture":"#0"},"east":{"uv":[0,0,0,8],"texture":"#missing"},"south":{"uv":[4,11,3,10],"texture":"#0"},"west":{"uv":[0,0,0,8],"texture":"#missing"},"up":{"uv":[0,0,8,0],"rotation":180,"texture":"#missing"},"down":{"uv":[0,0,8,0],"rotation":180,"texture":"#missing"}}},{"from":[4.52941,0,9],"to":[5.52941,2,9],"rotation":{"angle":45,"axis":"y","origin":[8,-1.14706,11.85294]},"faces":{"north":{"uv":[4,11,3,10],"texture":"#0"},"east":{"uv":[0,0,0,8],"texture":"#missing"},"south":{"uv":[4,11,3,10],"texture":"#0"},"west":{"uv":[0,0,0,8],"texture":"#missing"},"up":{"uv":[0,0,8,0],"rotation":180,"texture":"#missing"},"down":{"uv":[0,0,8,0],"rotation":180,"texture":"#missing"}}},{"from":[10.52941,6,15],"to":[10.52941,8,17],"rotation":{"angle":45,"axis":"y","origin":[8,-1.14706,11.85294]},"faces":{"north":{"uv":[0,0,0,8],"texture":"#missing"},"east":{"uv":[1,8,3,10],"texture":"#0"},"south":{"uv":[0,0,0,8],"texture":"#missing"},"west":{"uv":[1,8,3,10],"texture":"#0"},"up":{"uv":[0,0,8,0],"rotation":90,"texture":"#missing"},"down":{"uv":[0,0,8,0],"rotation":270,"texture":"#missing"}}},{"from":[16.52941,6,9],"to":[18.52941,8,9],"rotation":{"angle":45,"axis":"y","origin":[8,-1.14706,11.85294]},"faces":{"north":{"uv":[3,8,1,10],"texture":"#0"},"east":{"uv":[0,0,0,8],"texture":"#missing"},"south":{"uv":[1,8,3,10],"texture":"#0"},"west":{"uv":[0,0,0,8],"texture":"#missing"},"up":{"uv":[0,0,8,0],"rotation":180,"texture":"#missing"},"down":{"uv":[0,0,8,0],"rotation":180,"texture":"#missing"}}},{"from":[7.75,6,3.75],"to":[8.25,6.75,4.25],"rotation":{"angle":0,"axis":"y","origin":[3,6,3.5]},"faces":{"north":{"uv":[0,10.5,0.5,11],"texture":"#1"},"east":{"uv":[0,10.5,0.5,11],"texture":"#1"},"south":{"uv":[0,10.5,0.5,11],"texture":"#1"},"west":{"uv":[0,10.5,0.5,11],"texture":"#1"},"up":{"uv":[0,10.5,0.5,11],"texture":"#1"},"down":{"uv":[0,10.5,0.5,11],"texture":"#1"}}},{"from":[3.75,6,7.75],"to":[4.25,6.75,8.25],"rotation":{"angle":0,"axis":"y","origin":[3,6,3.5]},"faces":{"north":{"uv":[0,10.5,0.5,11],"texture":"#1"},"east":{"uv":[0,10.5,0.5,11],"texture":"#1"},"south":{"uv":[0,10.5,0.5,11],"texture":"#1"},"west":{"uv":[0,10.5,0.5,11],"texture":"#1"},"up":{"uv":[0,10.5,0.5,11],"texture":"#1"},"down":{"uv":[0,10.5,0.5,11],"texture":"#1"}}},{"from":[11.75,6,7.75],"to":[12.25,6.75,8.25],"rotation":{"angle":0,"axis":"y","origin":[3,6,3.5]},"faces":{"north":{"uv":[0,10.5,0.5,11],"texture":"#1"},"east":{"uv":[0,10.5,0.5,11],"texture":"#1"},"south":{"uv":[0,10.5,0.5,11],"texture":"#1"},"west":{"uv":[0,10.5,0.5,11],"texture":"#1"},"up":{"uv":[0,10.5,0.5,11],"texture":"#1"},"down":{"uv":[0,10.5,0.5,11],"texture":"#1"}}},{"from":[7.75,6,11.75],"to":[8.25,6.75,12.25],"rotation":{"angle":0,"axis":"y","origin":[3,6,3.5]},"faces":{"north":{"uv":[0,10.5,0.5,11],"texture":"#1"},"east":{"uv":[0,10.5,0.5,11],"texture":"#1"},"south":{"uv":[0,10.5,0.5,11],"texture":"#1"},"west":{"uv":[0,10.5,0.5,11],"texture":"#1"},"up":{"uv":[0,10.5,0.5,11],"texture":"#1"},"down":{"uv":[0,10.5,0.5,11],"texture":"#1"}}},{"from":[3.5,6,8],"to":[12.5,24,8],"rotation":{"angle":0,"axis":"y","origin":[8,12,0]},"faces":{"north":{"uv":[10.5,0,15,9],"texture":"#1"},"east":{"uv":[0,0,0,16],"texture":"#missing"},"south":{"uv":[10.5,0,15,9],"texture":"#1"},"west":{"uv":[0,0,0,16],"texture":"#missing"},"up":{"uv":[0,0,13,0],"texture":"#missing"},"down":{"uv":[0,0,13,0],"texture":"#missing"}}},{"from":[8,6,3.5],"to":[8,24,12.5],"rotation":{"angle":0,"axis":"y","origin":[8,15,8]},"faces":{"north":{"uv":[0,0,0,16],"texture":"#missing"},"east":{"uv":[10.5,0,15,9],"texture":"#1"},"south":{"uv":[0,0,0,16],"texture":"#missing"},"west":{"uv":[10.5,0,15,9],"texture":"#1"},"up":{"uv":[0,0,13,0],"rotation":90,"texture":"#missing"},"down":{"uv":[0,0,13,0],"rotation":270,"texture":"#missing"}}}],"display":{"thirdperson_righthand":{"scale":[0.3,0.3,0.3]},"thirdperson_lefthand":{"scale":[0.3,0.3,0.3]},"firstperson_righthand":{"scale":[0.3,0.3,0.3]},"firstperson_lefthand":{"scale":[0.3,0.3,0.3]},"ground":{"scale":[0.3,0.3,0.3]},"gui":{"rotation":[10,19,0],"translation":[0,1,0],"scale":[0.35,0.35,0.35]},"fixed":{"rotation":[90,0,0],"translation":[0,0,-31],"scale":[2,2,2]}},"groups":[{"name":"maceta","origin":[8,8,8],"children":[0,1,2,3,4,5,6,7,8,9]},{"name":"flor","origin":[8,8,8],"children":[10,11,12,13,14,15,16,17,18,19,20,21,22,23,24,25,26,27,28,29,30,31,32,33,34,35,36,37,38,39,40,41,42,43,44,45,46,47,48,49,50,51,52]},{"name":"sosten","origin":[8,8,8],"children":[53,54,55,56,57,58]}]}