{"credit":"Made with Blockbench","textures":{"1":"block/maceta_2","particle":"block/flowers/poppy","3_0":"block/flowers/poppy"},"elements":[{"from":[7.5,5,3.5],"to":[16.5,7,4.5],"rotation":{"angle":0,"axis":"y","origin":[7.5,5,3.5]},"faces":{"north":{"uv":[0,15,4.5,16],"texture":"#1"},"east":{"uv":[0,15,0.5,16],"texture":"#1"},"south":{"uv":[0,10.5,4.5,11],"texture":"#1"},"west":{"uv":[0,15,0.5,16],"texture":"#1"},"up":{"uv":[0,10.5,4.5,11],"texture":"#1"},"down":{"uv":[0,15.5,4.5,16],"texture":"#1"}}},{"from":[7.5,5,4.5],"to":[8.5,7,11.5],"rotation":{"angle":0,"axis":"y","origin":[12,6,11]},"faces":{"north":{"uv":[0,0,1,2],"texture":"#missing"},"east":{"uv":[0.5,10.5,4,11],"texture":"#1"},"south":{"uv":[0,0,1,2],"texture":"#missing"},"west":{"uv":[0.5,15,4,16],"texture":"#1"},"up":{"uv":[0.5,10.5,4,11],"rotation":90,"texture":"#1"},"down":{"uv":[0.5,15.5,4,16],"rotation":90,"texture":"#1"}}},{"from":[8.5,2,4.5],"to":[15.5,5,5.5],"rotation":{"angle":0,"axis":"y","origin":[8.5,2,0.5]},"faces":{"north":{"uv":[0,13.5,3.5,15],"texture":"#1"},"east":{"uv":[0,13.5,0.5,15],"texture":"#1"},"south":{"uv":[0,0,7,3],"texture":"#missing"},"west":{"uv":[0,13.5,0.5,15],"texture":"#1"},"up":{"uv":[0,0,7,1],"texture":"#missing"},"down":{"uv":[0,14.5,3.5,15],"texture":"#1"}}},{"from":[8.5,2,5.5],"to":[9.5,5,10.5],"rotation":{"angle":0,"axis":"y","origin":[12,3,9]},"faces":{"north":{"uv":[0,0,1,3],"rotation":180,"texture":"#missing"},"east":{"uv":[0,0,5,3],"rotation":180,"texture":"#missing"},"south":{"uv":[0,0,1,3],"rotation":180,"texture":"#missing"},"west":{"uv":[0.5,13.5,3,15],"texture":"#1"},"up":{"uv":[0,0,5,1],"rotation":90,"texture":"#missing"},"down":{"uv":[0.5,14.5,3,15],"rotation":90,"texture":"#1"}}},{"from":[9.5,1,5.5],"to":[14.5,2,10.5],"rotation":{"angle":0,"axis":"y","origin":[9.5,1,5.5]},"faces":{"north":{"uv":[0,13,2.5,13.5],"texture":"#1"},"east":{"uv":[0,13,2.5,13.5],"texture":"#1"},"south":{"uv":[0,13,2.5,13.5],"texture":"#1"},"west":{"uv":[0,13,2.5,13.5],"texture":"#1"},"up":{"uv":[0,0,5,5],"texture":"#missing"},"down":{"uv":[0,10.5,2.5,13],"texture":"#1"}}},{"from":[8.5,2,10.5],"to":[15.5,5,11.5],"rotation":{"angle":0,"axis":"y","origin":[8.5,2,0.5]},"faces":{"north":{"uv":[0,0,7,3],"texture":"#missing"},"east":{"uv":[0,13.5,0.5,15],"texture":"#1"},"south":{"uv":[0,13.5,3.5,15],"texture":"#1"},"west":{"uv":[0,13.5,0.5,15],"texture":"#1"},"up":{"uv":[0,0,7,1],"texture":"#missing"},"down":{"uv":[0,14.5,3.5,15],"texture":"#1"}}},{"from":[14.5,2,5.5],"to":[15.5,5,10.5],"rotation":{"angle":0,"axis":"y","origin":[12,3,9]},"faces":{"north":{"uv":[0,0,1,3],"rotation":180,"texture":"#missing"},"east":{"uv":[0.5,13.5,3,15],"texture":"#1"},"south":{"uv":[0,0,1,3],"rotation":180,"texture":"#missing"},"west":{"uv":[0,0,5,3],"rotation":180,"texture":"#missing"},"up":{"uv":[0,0,5,1],"rotation":90,"texture":"#missing"},"down":{"uv":[0.5,14.5,3,15],"rotation":90,"texture":"#1"}}},{"from":[7.5,5,11.5],"to":[16.5,7,12.5],"rotation":{"angle":0,"axis":"y","origin":[7.5,5,3.5]},"faces":{"north":{"uv":[0,10.5,4.5,11],"texture":"#1"},"east":{"uv":[0,15,0.5,16],"texture":"#1"},"south":{"uv":[0,15,4.5,16],"texture":"#1"},"west":{"uv":[0,15,0.5,16],"texture":"#1"},"up":{"uv":[0,10.5,4.5,11],"texture":"#1"},"down":{"uv":[0,15.5,4.5,16],"texture":"#1"}}},{"from":[15.5,5,4.5],"to":[16.5,7,11.5],"rotation":{"angle":0,"axis":"y","origin":[12,6,11]},"faces":{"north":{"uv":[0,0,1,2],"texture":"#missing"},"east":{"uv":[0.5,15,4,16],"texture":"#1"},"south":{"uv":[0,0,1,2],"texture":"#missing"},"west":{"uv":[0.5,10.5,4,11],"texture":"#1"},"up":{"uv":[0.5,10.5,4,11],"rotation":90,"texture":"#1"},"down":{"uv":[0.5,15.5,4,16],"rotation":90,"texture":"#1"}}},{"from":[8.5,5.999,4.5],"to":[15.5,5.999,11.5],"rotation":{"angle":0,"axis":"y","origin":[3.5,1.999,-0.5]},"faces":{"north":{"uv":[0,0,7,0],"texture":"#missing"},"east":{"uv":[0,0,7,0],"texture":"#missing"},"south":{"uv":[0,0,7,0],"texture":"#missing"},"west":{"uv":[0,0,7,0],"texture":"#missing"},"up":{"uv":[0,7,3.5,10.5],"texture":"#1"},"down":{"uv":[0,0,7,7],"texture":"#missing"}}},{"from":[11.75,7,3.75],"to":[12.25,7.75,4.25],"rotation":{"angle":0,"axis":"y","origin":[6,7,3.5]},"faces":{"north":{"uv":[0,10.5,0.5,11],"texture":"#1"},"east":{"uv":[0,10.5,0.5,11],"texture":"#1"},"south":{"uv":[0,10.5,0.5,11],"texture":"#1"},"west":{"uv":[0,10.5,0.5,11],"texture":"#1"},"up":{"uv":[0,10.5,0.5,11],"texture":"#1"},"down":{"uv":[0,10.5,0.5,11],"texture":"#1"}}},{"from":[7.75,7,7.75],"to":[8.25,7.75,8.25],"rotation":{"angle":0,"axis":"y","origin":[6,7,3.5]},"faces":{"north":{"uv":[0,10.5,0.5,11],"texture":"#1"},"east":{"uv":[0,10.5,0.5,11],"texture":"#1"},"south":{"uv":[0,10.5,0.5,11],"texture":"#1"},"west":{"uv":[0,10.5,0.5,11],"texture":"#1"},"up":{"uv":[0,10.5,0.5,11],"texture":"#1"},"down":{"uv":[0,10.5,0.5,11],"texture":"#1"}}},{"from":[15.75,7,7.75],"to":[16.25,7.75,8.25],"rotation":{"angle":0,"axis":"y","origin":[6,7,3.5]},"faces":{"north":{"uv":[0,10.5,0.5,11],"texture":"#1"},"east":{"uv":[0,10.5,0.5,11],"texture":"#1"},"south":{"uv":[0,10.5,0.5,11],"texture":"#1"},"west":{"uv":[0,10.5,0.5,11],"texture":"#1"},"up":{"uv":[0,10.5,0.5,11],"texture":"#1"},"down":{"uv":[0,10.5,0.5,11],"texture":"#1"}}},{"from":[11.75,7,11.75],"to":[12.25,7.75,12.25],"rotation":{"angle":0,"axis":"y","origin":[6,7,3.5]},"faces":{"north":{"uv":[0,10.5,0.5,11],"texture":"#1"},"east":{"uv":[0,10.5,0.5,11],"texture":"#1"},"south":{"uv":[0,10.5,0.5,11],"texture":"#1"},"west":{"uv":[0,10.5,0.5,11],"texture":"#1"},"up":{"uv":[0,10.5,0.5,11],"texture":"#1"},"down":{"uv":[0,10.5,0.5,11],"texture":"#1"}}},{"from":[7.5,7,8],"to":[16.5,22,8],"rotation":{"angle":0,"axis":"y","origin":[12,13,0]},"faces":{"north":{"uv":[10.5,1.5,15,9],"texture":"#1"},"east":{"uv":[0,0,0,16],"texture":"#missing"},"south":{"uv":[10.5,1.5,15,9],"texture":"#1"},"west":{"uv":[0,0,0,16],"texture":"#missing"},"up":{"uv":[0,0,13,0],"texture":"#missing"},"down":{"uv":[0,0,13,0],"texture":"#missing"}}},{"from":[12,7,3.5],"to":[12,22,12.5],"rotation":{"angle":0,"axis":"y","origin":[12,16,8]},"faces":{"north":{"uv":[0,0,0,16],"texture":"#missing"},"east":{"uv":[10.5,1.5,15,9],"texture":"#1"},"south":{"uv":[0,0,0,16],"texture":"#missing"},"west":{"uv":[10.5,1.5,15,9],"texture":"#1"},"up":{"uv":[0,0,13,0],"rotation":90,"texture":"#missing"},"down":{"uv":[0,0,13,0],"rotation":270,"texture":"#missing"}}},{"from":[0,13,6.5],"to":[1,23,9.5],"rotation":{"angle":0,"axis":"y","origin":[0,0,-0.5]},"faces":{"north":{"uv":[5,0,5.5,5],"texture":"#1"},"east":{"uv":[5,0,6.5,5],"texture":"#1"},"south":{"uv":[5,0,5.5,5],"texture":"#1"},"west":{"uv":[5,0,6.5,5],"texture":"#1"},"up":{"uv":[0,0,1,3],"texture":"#missing"},"down":{"uv":[5,0.5,5.5,2],"rotation":180,"texture":"#1"}}},{"from":[0,23,6.5],"to":[13,24,9.5],"rotation":{"angle":0,"axis":"z","origin":[4,23.5,7.5]},"faces":{"north":{"uv":[5.5,0,6,6.5],"rotation":270,"texture":"#1"},"east":{"uv":[5,0.5,5.5,2],"rotation":270,"texture":"#1"},"south":{"uv":[5.5,0,6,6.5],"rotation":270,"texture":"#1"},"west":{"uv":[5,0.5,5.5,2],"rotation":270,"texture":"#1"},"up":{"uv":[5,0,6.5,6.5],"rotation":270,"texture":"#1"},"down":{"uv":[5,0,6.5,6.5],"rotation":270,"texture":"#1"}}},{"from":[0,12,7.5],"to":[1,13,8.5],"rotation":{"angle":0,"axis":"y","origin":[0,0,7.5]},"faces":{"north":{"uv":[4,10.5,4.5,11],"texture":"#1"},"east":{"uv":[4,10.5,4.5,11],"texture":"#1"},"south":{"uv":[4,10.5,4.5,11],"texture":"#1"},"west":{"uv":[4,10.5,4.5,11],"texture":"#1"},"up":{"uv":[4,10.5,4.5,11],"texture":"#1"},"down":{"uv":[4,10.5,4.5,11],"texture":"#1"}}},{"from":[13,23,7.5],"to":[14,24,8.5],"rotation":{"angle":0,"axis":"y","origin":[1,11,6.5]},"faces":{"north":{"uv":[4,10.5,4.5,11],"texture":"#1"},"east":{"uv":[4,10.5,4.5,11],"texture":"#1"},"south":{"uv":[4,10.5,4.5,11],"texture":"#1"},"west":{"uv":[4,10.5,4.5,11],"texture":"#1"},"up":{"uv":[4,10.5,4.5,11],"texture":"#1"},"down":{"uv":[4,10.5,4.5,11],"texture":"#1"}}},{"from":[11.5,22,7.5],"to":[12.5,23,8.5],"rotation":{"angle":0,"axis":"y","origin":[1,11,6.5]},"faces":{"north":{"uv":[4,10.5,4.5,11],"texture":"#1"},"east":{"uv":[4,10.5,4.5,11],"texture":"#1"},"south":{"uv":[4,10.5,4.5,11],"texture":"#1"},"west":{"uv":[4,10.5,4.5,11],"texture":"#1"},"up":{"uv":[4,10.5,4.5,11],"texture":"#1"},"down":{"uv":[4,10.5,4.5,11],"texture":"#1"}}},{"from":[1,13,8],"to":[11,23,8],"rotation":{"angle":0,"axis":"y","origin":[0,0,7]},"faces":{"north":{"uv":[0,0,5,5],"texture":"#1"},"east":{"uv":[0,0,0,10],"texture":"#missing"},"south":{"uv":[5,0,0,5],"texture":"#1"},"west":{"uv":[0,0,0,10],"texture":"#missing"},"up":{"uv":[0,0,10,0],"texture":"#missing"},"down":{"uv":[0,0,10,0],"texture":"#missing"}}},{"from":[14.77941,1,14],"to":[14.77941,6,19],"rotation":{"angle":45,"axis":"y","origin":[12.25,-1.14706,11.85294]},"faces":{"north":{"uv":[0,0,0,8],"texture":"#missing"},"east":{"uv":[1,7,6,2],"texture":"#3_0"},"south":{"uv":[0,0,0,8],"texture":"#missing"},"west":{"uv":[6,7,1,2],"texture":"#3_0"},"up":{"uv":[0,0,8,0],"rotation":90,"texture":"#missing"},"down":{"uv":[0,0,8,0],"rotation":270,"texture":"#missing"}}},{"from":[14.0723,6,16.29289],"to":[14.0723,7,17.29289],"rotation":{"angle":45,"axis":"y","origin":[11.54289,6.85294,11.14583]},"faces":{"north":{"uv":[0,0,0,3],"rotation":180,"texture":"#missing"},"east":{"uv":[4,8,3,9],"rotation":180,"texture":"#3_0"},"south":{"uv":[0,0,0,3],"rotation":180,"texture":"#missing"},"west":{"uv":[4,8,3,9],"rotation":180,"texture":"#3_0"},"up":{"uv":[0,0,2,0],"rotation":270,"texture":"#missing"},"down":{"uv":[0,0,2,0],"rotation":90,"texture":"#missing"}}},{"from":[4.72834,4,7.33994],"to":[5.72834,5,7.33994],"rotation":{"angle":45,"axis":"y","origin":[12.72834,5,7.33994]},"faces":{"north":{"uv":[4,9,3,10],"rotation":180,"texture":"#3_0"},"east":{"uv":[0,0,0,3],"rotation":180,"texture":"#missing"},"south":{"uv":[4,9,3,10],"rotation":180,"texture":"#3_0"},"west":{"uv":[0,0,0,3],"rotation":180,"texture":"#missing"},"up":{"uv":[0,0,2,0],"rotation":180,"texture":"#missing"},"down":{"uv":[0,0,2,0],"rotation":180,"texture":"#missing"}}},{"from":[5.72834,3,7.33994],"to":[6.72834,4,7.33994],"rotation":{"angle":45,"axis":"y","origin":[12.72834,5,7.33994]},"faces":{"north":{"uv":[4,9,3,10],"rotation":180,"texture":"#3_0"},"east":{"uv":[0,0,0,3],"rotation":180,"texture":"#missing"},"south":{"uv":[4,9,3,10],"rotation":180,"texture":"#3_0"},"west":{"uv":[0,0,0,3],"rotation":180,"texture":"#missing"},"up":{"uv":[0,0,2,0],"rotation":180,"texture":"#missing"},"down":{"uv":[0,0,2,0],"rotation":180,"texture":"#missing"}}},{"from":[1.89991,-2,10.16836],"to":[2.89991,-1,10.16836],"rotation":{"angle":45,"axis":"y","origin":[9.89991,5,10.16836]},"faces":{"north":{"uv":[9,10,8,11],"rotation":180,"texture":"#3_0"},"east":{"uv":[0,0,0,3],"rotation":180,"texture":"#missing"},"south":{"uv":[9,10,8,11],"rotation":180,"texture":"#3_0"},"west":{"uv":[0,0,0,3],"rotation":180,"texture":"#missing"},"up":{"uv":[0,0,2,0],"rotation":180,"texture":"#missing"},"down":{"uv":[0,0,2,0],"rotation":180,"texture":"#missing"}}},{"from":[6.02123,1,8.04704],"to":[7.02123,3,8.04704],"rotation":{"angle":45,"axis":"y","origin":[12.02123,2,8.04704]},"faces":{"north":{"uv":[9,9,8,11],"rotation":180,"texture":"#3_0"},"east":{"uv":[0,0,0,3],"rotation":180,"texture":"#missing"},"south":{"uv":[9,9,8,11],"rotation":180,"texture":"#3_0"},"west":{"uv":[0,0,0,3],"rotation":180,"texture":"#missing"},"up":{"uv":[0,0,2,0],"rotation":180,"texture":"#missing"},"down":{"uv":[0,0,2,0],"rotation":180,"texture":"#missing"}}},{"from":[17.32453,6,16.24374],"to":[17.32453,7,17.24374],"rotation":{"angle":-45,"axis":"y","origin":[17.32453,-6.5,2.74374]},"faces":{"north":{"uv":[0,0,0,3],"rotation":180,"texture":"#missing"},"east":{"uv":[5,10,4,11],"rotation":180,"texture":"#3_0"},"south":{"uv":[0,0,0,3],"rotation":180,"texture":"#missing"},"west":{"uv":[5,10,4,11],"rotation":180,"texture":"#3_0"},"up":{"uv":[0,0,2,0],"rotation":270,"texture":"#missing"},"down":{"uv":[0,0,2,0],"rotation":90,"texture":"#missing"}}},{"from":[17.32453,7,17.24374],"to":[17.32453,8,18.24374],"rotation":{"angle":-45,"axis":"y","origin":[17.32453,-6.5,2.74374]},"faces":{"north":{"uv":[0,0,0,3],"rotation":180,"texture":"#missing"},"east":{"uv":[5,10,4,11],"rotation":180,"texture":"#3_0"},"south":{"uv":[0,0,0,3],"rotation":180,"texture":"#missing"},"west":{"uv":[5,10,4,11],"rotation":180,"texture":"#3_0"},"up":{"uv":[0,0,2,0],"rotation":270,"texture":"#missing"},"down":{"uv":[0,0,2,0],"rotation":90,"texture":"#missing"}}},{"from":[17.32453,0,-4.64966],"to":[17.32453,5,0.35034],"rotation":{"angle":45,"axis":"y","origin":[17.32453,2,13.35034]},"faces":{"north":{"uv":[0,0,8,0],"rotation":90,"texture":"#missing"},"east":{"uv":[7,7,2,12],"rotation":90,"texture":"#3_0"},"south":{"uv":[0,0,8,0],"rotation":90,"texture":"#missing"},"west":{"uv":[2,7,7,12],"rotation":270,"texture":"#3_0"},"up":{"uv":[0,0,0,8],"texture":"#missing"},"down":{"uv":[0,0,0,8],"rotation":180,"texture":"#missing"}}},{"from":[17.32453,-1,-3.64966],"to":[17.32453,0,-1.64966],"rotation":{"angle":45,"axis":"y","origin":[17.32453,2,13.35034]},"faces":{"north":{"uv":[0,0,8,0],"rotation":90,"texture":"#missing"},"east":{"uv":[1,10,2,8],"rotation":90,"texture":"#3_0"},"south":{"uv":[0,0,8,0],"rotation":90,"texture":"#missing"},"west":{"uv":[1,8,2,10],"rotation":270,"texture":"#3_0"},"up":{"uv":[0,0,0,8],"texture":"#missing"},"down":{"uv":[0,0,0,8],"rotation":180,"texture":"#missing"}}},{"from":[9.47458,0,-8.80722],"to":[9.47458,5,-2.80722],"rotation":{"angle":-45,"axis":"y","origin":[2.47458,1,7.69278]},"faces":{"north":{"uv":[0,0,8,0],"rotation":90,"texture":"#missing"},"east":{"uv":[6,13,1,7],"rotation":90,"texture":"#3_0"},"south":{"uv":[0,0,8,0],"rotation":90,"texture":"#missing"},"west":{"uv":[1,13,6,7],"rotation":270,"texture":"#3_0"},"up":{"uv":[0,0,0,8],"texture":"#missing"},"down":{"uv":[0,0,0,8],"rotation":180,"texture":"#missing"}}},{"from":[14.77941,5,9],"to":[14.77941,13,17],"rotation":{"angle":45,"axis":"y","origin":[12.25,-1.14706,11.85294]},"faces":{"north":{"uv":[0,0,0,8],"texture":"#missing"},"east":{"uv":[16,0,8,8],"texture":"#3_0"},"south":{"uv":[0,0,0,8],"texture":"#missing"},"west":{"uv":[8,0,16,8],"texture":"#3_0"},"up":{"uv":[0,0,16,0],"rotation":90,"texture":"#missing"},"down":{"uv":[0,0,16,0],"rotation":270,"texture":"#missing"}}},{"from":[14.77941,5,1],"to":[14.77941,13,9],"rotation":{"angle":45,"axis":"y","origin":[12.25,-1.14706,11.85294]},"faces":{"north":{"uv":[0,0,0,8],"texture":"#missing"},"east":{"uv":[8,2,0,10],"texture":"#3_0"},"south":{"uv":[0,0,0,8],"texture":"#missing"},"west":{"uv":[1,2,9,10],"texture":"#3_0"},"up":{"uv":[0,0,16,0],"rotation":90,"texture":"#missing"},"down":{"uv":[0,0,16,0],"rotation":270,"texture":"#missing"}}},{"from":[15.77941,5,9],"to":[23.77941,12,9],"rotation":{"angle":45,"axis":"y","origin":[12.25,-1.14706,11.85294]},"faces":{"north":{"uv":[16,4,8,11],"texture":"#3_0"},"east":{"uv":[0,0,0,8],"texture":"#missing"},"south":{"uv":[8,3,16,10],"texture":"#3_0"},"west":{"uv":[0,0,0,8],"texture":"#missing"},"up":{"uv":[0,0,16,0],"texture":"#missing"},"down":{"uv":[0,0,16,0],"texture":"#missing"}}},{"from":[4.77941,5,9],"to":[14.77941,12,9],"rotation":{"angle":45,"axis":"y","origin":[12.25,-1.14706,11.85294]},"faces":{"north":{"uv":[6,3,16,9],"texture":"#3_0"},"east":{"uv":[0,0,0,8],"texture":"#missing"},"south":{"uv":[16,3,6,10],"texture":"#3_0"},"west":{"uv":[0,0,0,8],"texture":"#missing"},"up":{"uv":[0,0,16,0],"texture":"#missing"},"down":{"uv":[0,0,16,0],"texture":"#missing"}}},{"from":[3.77941,-1,9],"to":[8.77941,4,9],"rotation":{"angle":45,"axis":"y","origin":[12.25,-1.14706,11.85294]},"faces":{"north":{"uv":[13,5,8,10],"texture":"#3_0"},"east":{"uv":[0,0,0,8],"texture":"#missing"},"south":{"uv":[8,5,13,10],"texture":"#3_0"},"west":{"uv":[0,0,0,8],"texture":"#missing"},"up":{"uv":[0,0,8,0],"texture":"#missing"},"down":{"uv":[0,0,8,0],"texture":"#missing"}}},{"from":[16.77941,-2,9],"to":[19.77941,1,9],"rotation":{"angle":45,"axis":"y","origin":[12.25,-1.14706,11.85294]},"faces":{"north":{"uv":[10,11,13,14],"texture":"#3_0"},"east":{"uv":[0,0,0,8],"texture":"#missing"},"south":{"uv":[13,11,10,14],"texture":"#3_0"},"west":{"uv":[0,0,0,8],"texture":"#missing"},"up":{"uv":[0,0,8,0],"rotation":180,"texture":"#missing"},"down":{"uv":[0,0,8,0],"rotation":180,"texture":"#missing"}}}],"display":{"thirdperson_righthand":{"scale":[0.3,0.3,0.3]},"thirdperson_lefthand":{"scale":[0.3,0.3,0.3]},"firstperson_righthand":{"scale":[0.3,0.3,0.3]},"firstperson_lefthand":{"scale":[0.3,0.3,0.3]},"ground":{"scale":[0.3,0.3,0.3]},"gui":{"rotation":[10,19,0],"translation":[-0.5,0.5,0],"scale":[0.35,0.35,0.35]},"fixed":{"rotation":[90,90,-90],"translation":[0,-22,-15],"scale":[2,2,2]}},"groups":[{"name":"maceta","origin":[8,8,8],"children":[0,1,2,3,4,5,6,7,8,9]},{"name":"sosten","origin":[8,8,8],"children":[10,11,12,13,14,15,16,17,18,19,20]},21,{"name":"flor","origin":[8,8,8],"children":[22,23,24,25,26,27,28,29,30,31,32,33,34,35,36,37,38]}]}