{"credit":"Made with Blockbench","parent":"./cit_item_torch_wall","ambientocclusion":false,"textures":{"particle":"block/lantern white","1_0":"block/lantern white"},"elements":[{"from":[3.5,6,0.5],"to":[12.5,7.01,9.5],"rotation":{"angle":0,"axis":"y","origin":[3.5,0,3.5]},"faces":{"north":{"uv":[7,4,16,5],"texture":"#1_0"},"east":{"uv":[7,4,16,5],"texture":"#1_0"},"south":{"uv":[7,4,16,5],"texture":"#1_0"},"west":{"uv":[7,4,16,5],"texture":"#1_0"},"up":{"uv":[7,0,16,9],"texture":"#1_0"},"down":{"uv":[6,1,7,2],"texture":"#1_0"}}},{"from":[4,15.77,1],"to":[12,16.77,9],"rotation":{"angle":0,"axis":"y","origin":[4,0,4]},"faces":{"north":{"uv":[6,0,6.25,8],"rotation":90,"texture":"#1_0"},"east":{"uv":[6,0,6.25,8],"rotation":90,"texture":"#1_0"},"south":{"uv":[6,0,6.25,8],"rotation":90,"texture":"#1_0"},"west":{"uv":[6,0,6.25,8],"rotation":90,"texture":"#1_0"},"up":{"uv":[8,1,16,9],"texture":"#1_0"},"down":{"uv":[6,0,7,1],"texture":"#1_0"}}},{"from":[4,5.02,1],"to":[12,6.02,9],"rotation":{"angle":0,"axis":"y","origin":[4,0,4]},"faces":{"north":{"uv":[6,0,6.25,8],"rotation":90,"texture":"#1_0"},"east":{"uv":[6,0,6.25,8],"rotation":90,"texture":"#1_0"},"south":{"uv":[6,0,6.25,8],"rotation":90,"texture":"#1_0"},"west":{"uv":[6,0,6.25,8],"rotation":90,"texture":"#1_0"},"up":{"uv":[8,1,16,9],"texture":"#1_0"},"down":{"uv":[6,0,7,1],"texture":"#1_0"}}},{"from":[10.5,7.01,1.5],"to":[11.5,16.01,2.5],"rotation":{"angle":0,"axis":"y","origin":[-0.5,0.01,4.5]},"faces":{"north":{"uv":[7,0,8,9],"texture":"#1_0"},"east":{"uv":[7,0,8,9],"texture":"#1_0"},"south":{"uv":[7,0,8,9],"texture":"#1_0"},"west":{"uv":[7,0,8,9],"texture":"#1_0"},"up":{"uv":[7,0,8,9],"texture":"#1_0"},"down":{"uv":[7,0,8,9],"texture":"#1_0"}}},{"from":[10.5,7.01,7.5],"to":[11.5,16.01,8.5],"rotation":{"angle":0,"axis":"y","origin":[-0.5,0.01,4.5]},"faces":{"north":{"uv":[12,0,13,9],"texture":"#1_0"},"east":{"uv":[12,0,13,9],"texture":"#1_0"},"south":{"uv":[12,0,13,9],"texture":"#1_0"},"west":{"uv":[12,0,13,9],"texture":"#1_0"},"up":{"uv":[12,0,13,9],"texture":"#1_0"},"down":{"uv":[12,0,13,9],"texture":"#1_0"}}},{"from":[4.5,7.01,7.5],"to":[5.5,16.01,8.5],"rotation":{"angle":0,"axis":"y","origin":[-0.5,0.01,4.5]},"faces":{"north":{"uv":[10,0,11,9],"texture":"#1_0"},"east":{"uv":[10,0,11,9],"texture":"#1_0"},"south":{"uv":[10,0,11,9],"texture":"#1_0"},"west":{"uv":[10,0,11,9],"texture":"#1_0"},"up":{"uv":[10,0,11,9],"texture":"#1_0"},"down":{"uv":[10,0,11,9],"texture":"#1_0"}}},{"from":[4.5,7.01,1.5],"to":[5.5,16.01,2.5],"rotation":{"angle":0,"axis":"y","origin":[-0.5,0.01,4.5]},"faces":{"north":{"uv":[8,0,9,9],"texture":"#1_0"},"east":{"uv":[8,0,9,9],"texture":"#1_0"},"south":{"uv":[8,0,9,9],"texture":"#1_0"},"west":{"uv":[8,0,9,9],"texture":"#1_0"},"up":{"uv":[8,0,9,9],"texture":"#1_0"},"down":{"uv":[8,0,9,9],"texture":"#1_0"}}},{"from":[5.5,16.77,2.5],"to":[10.5,17.77,7.5],"rotation":{"angle":0,"axis":"y","origin":[0.5,12,5.5]},"faces":{"north":{"uv":[6,0,6.25,4],"rotation":90,"texture":"#1_0"},"east":{"uv":[6,0,6.25,4],"rotation":90,"texture":"#1_0"},"south":{"uv":[6,0,6.25,4],"rotation":90,"texture":"#1_0"},"west":{"uv":[6,0,6.25,4],"rotation":90,"texture":"#1_0"},"up":{"uv":[7,2,11,6],"texture":"#1_0"},"down":{"uv":[6,0,7,1],"texture":"#1_0"}}},{"from":[5.5,4.02,2.5],"to":[10.5,5.02,7.5],"rotation":{"angle":0,"axis":"y","origin":[8,19.27,8]},"faces":{"north":{"uv":[6,0,6.25,4],"rotation":270,"texture":"#1_0"},"east":{"uv":[6,0,6.25,4],"rotation":270,"texture":"#1_0"},"south":{"uv":[6,0,6.25,4],"rotation":270,"texture":"#1_0"},"west":{"uv":[6,0,6.25,4],"rotation":270,"texture":"#1_0"},"up":{"uv":[6,0,7,1],"texture":"#1_0"},"down":{"uv":[7,2,11,6],"texture":"#1_0"}}},{"from":[5.5,13.01,8.5],"to":[10.5,15.01,8.5],"rotation":{"angle":0,"axis":"y","origin":[9.5,1.01,4.5]},"faces":{"north":{"uv":[5,10,16,16],"texture":"#1_0"},"east":{"uv":[5,10,16,16],"texture":"#1_0"},"south":{"uv":[5,14,10,16],"texture":"#1_0"},"west":{"uv":[5,10,16,16],"texture":"#1_0"},"up":{"uv":[5,10,16,16],"texture":"#1_0"},"down":{"uv":[5,10,16,16],"texture":"#1_0"}}},{"from":[5.5,13.01,1.5],"to":[10.5,15.01,1.5],"rotation":{"angle":0,"axis":"y","origin":[9.5,1.01,4.5]},"faces":{"north":{"uv":[5,14,10,16],"texture":"#1_0"},"east":{"uv":[5,10,16,16],"texture":"#1_0"},"south":{"uv":[5,10,16,16],"texture":"#1_0"},"west":{"uv":[5,10,16,16],"texture":"#1_0"},"up":{"uv":[5,10,16,16],"texture":"#1_0"},"down":{"uv":[5,10,16,16],"texture":"#1_0"}}},{"from":[11.499,13.01,2.5],"to":[11.499,15.01,7.5],"rotation":{"angle":0,"axis":"y","origin":[11.499,9.01,4]},"faces":{"north":{"uv":[5,10,16,16],"texture":"#1_0"},"east":{"uv":[5,14,10,16],"texture":"#1_0"},"south":{"uv":[5,10,16,16],"texture":"#1_0"},"west":{"uv":[5,10,16,16],"texture":"#1_0"},"up":{"uv":[5,10,16,16],"texture":"#1_0"},"down":{"uv":[5,10,16,16],"texture":"#1_0"}}},{"from":[4.499,13.01,2.5],"to":[4.499,15.01,7.5],"rotation":{"angle":0,"axis":"y","origin":[11.499,9.01,4]},"faces":{"north":{"uv":[5,10,16,16],"texture":"#1_0"},"east":{"uv":[5,10,16,16],"texture":"#1_0"},"south":{"uv":[5,10,16,16],"texture":"#1_0"},"west":{"uv":[5,14,10,16],"texture":"#1_0"},"up":{"uv":[5,10,16,16],"texture":"#1_0"},"down":{"uv":[5,10,16,16],"texture":"#1_0"}}},{"from":[7.25,17.77,4.25],"to":[8.75,18.77,5.75],"rotation":{"angle":0,"axis":"y","origin":[7.25,12.52,7.25]},"faces":{"north":{"uv":[8,3,9,4],"texture":"#1_0"},"east":{"uv":[8,3,9,4],"texture":"#1_0"},"south":{"uv":[8,3,9,4],"texture":"#1_0"},"west":{"uv":[8,3,9,4],"texture":"#1_0"},"up":{"uv":[8,3,9,4],"texture":"#1_0"},"down":{"uv":[8,3,9,4],"texture":"#1_0"}}},{"from":[7.25,3.02,4.25],"to":[8.75,4.02,5.75],"rotation":{"angle":0,"axis":"y","origin":[8,19.27,8]},"faces":{"north":{"uv":[8,3,9,4],"rotation":180,"texture":"#1_0"},"east":{"uv":[8,3,9,4],"rotation":180,"texture":"#1_0"},"south":{"uv":[8,3,9,4],"rotation":180,"texture":"#1_0"},"west":{"uv":[8,3,9,4],"rotation":180,"texture":"#1_0"},"up":{"uv":[8,3,9,4],"texture":"#1_0"},"down":{"uv":[8,3,9,4],"texture":"#1_0"}}},{"from":[11.5,7.01,2.5],"to":[11.5,13.01,7.5],"rotation":{"angle":0,"axis":"y","origin":[11.5,1.01,5.5]},"faces":{"north":{"uv":[0,10,5,16],"texture":"#1_0"},"east":{"uv":[0,10,5,16],"texture":"#1_0"},"south":{"uv":[0,10,5,16],"texture":"#1_0"},"west":{"uv":[0,10,5,16],"texture":"#1_0"},"up":{"uv":[0,10,5,16],"texture":"#1_0"},"down":{"uv":[0,10,5,16],"texture":"#1_0"}}},{"from":[4.5,7.01,2.5],"to":[4.5,13.01,7.5],"rotation":{"angle":0,"axis":"y","origin":[11.5,1.01,5.5]},"faces":{"north":{"uv":[0,10,5,16],"texture":"#1_0"},"east":{"uv":[0,10,5,16],"texture":"#1_0"},"south":{"uv":[0,10,5,16],"texture":"#1_0"},"west":{"uv":[0,10,5,16],"texture":"#1_0"},"up":{"uv":[0,10,5,16],"texture":"#1_0"},"down":{"uv":[0,10,5,16],"texture":"#1_0"}}},{"from":[5.5,7.01,1.5],"to":[10.5,13.01,1.5],"rotation":{"angle":0,"axis":"y","origin":[8,4.51,4.5]},"faces":{"north":{"uv":[0,10,5,16],"texture":"#1_0"},"east":{"uv":[0,10,5,16],"texture":"#1_0"},"south":{"uv":[0,10,5,16],"texture":"#1_0"},"west":{"uv":[0,10,5,16],"texture":"#1_0"},"up":{"uv":[0,10,5,16],"texture":"#1_0"},"down":{"uv":[0,10,5,16],"texture":"#1_0"}}},{"from":[5.5,7.01,8.5],"to":[10.5,13.01,8.5],"rotation":{"angle":0,"axis":"y","origin":[8,4.51,4.5]},"faces":{"north":{"uv":[0,10,5,16],"texture":"#1_0"},"east":{"uv":[0,10,5,16],"texture":"#1_0"},"south":{"uv":[0,10,5,16],"texture":"#1_0"},"west":{"uv":[0,10,5,16],"texture":"#1_0"},"up":{"uv":[0,10,5,16],"texture":"#1_0"},"down":{"uv":[0,10,5,16],"texture":"#1_0"}}},{"from":[3,14.77,0],"to":[13,15.77,1],"rotation":{"angle":0,"axis":"y","origin":[3,9.77,3]},"faces":{"north":{"uv":[7,0,16,1],"texture":"#1_0"},"east":{"uv":[15,0,16,1],"texture":"#1_0"},"south":{"uv":[7,0,16,1],"texture":"#1_0"},"west":{"uv":[7,0,8,1],"texture":"#1_0"},"up":{"uv":[6,8,16,9],"texture":"#1_0"},"down":{"uv":[7,0,16,1],"texture":"#1_0"}}},{"from":[3,14.77,9],"to":[13,15.77,10],"rotation":{"angle":0,"axis":"y","origin":[3,9.77,3]},"faces":{"north":{"uv":[6,8,16,9],"texture":"#1_0"},"east":{"uv":[15,0,16,1],"texture":"#1_0"},"south":{"uv":[6,8,16,9],"texture":"#1_0"},"west":{"uv":[15,0,16,1],"texture":"#1_0"},"up":{"uv":[6,8,16,9],"texture":"#1_0"},"down":{"uv":[6,8,16,9],"texture":"#1_0"}}},{"from":[12,14.77,1],"to":[13,15.77,9],"rotation":{"angle":0,"axis":"y","origin":[-2,8.77,4]},"faces":{"north":{"uv":[7,0,15,1],"texture":"#1_0"},"east":{"uv":[7,0,15,1],"texture":"#1_0"},"south":{"uv":[7,0,15,1],"texture":"#1_0"},"west":{"uv":[7,0,15,1],"texture":"#1_0"},"up":{"uv":[7,0,15,1],"rotation":90,"texture":"#1_0"},"down":{"uv":[7,0,15,1],"rotation":90,"texture":"#1_0"}}},{"from":[3,14.77,1],"to":[4,15.77,9],"rotation":{"angle":0,"axis":"y","origin":[-2,8.77,4]},"faces":{"north":{"uv":[7,0,15,1],"texture":"#1_0"},"east":{"uv":[7,0,15,1],"texture":"#1_0"},"south":{"uv":[7,0,15,1],"texture":"#1_0"},"west":{"uv":[7,0,15,1],"texture":"#1_0"},"up":{"uv":[7,0,15,1],"rotation":90,"texture":"#1_0"},"down":{"uv":[7,0,15,1],"rotation":90,"texture":"#1_0"}}}],"display":{"thirdperson_righthand":{"scale":[0.5,0.5,0.5]},"thirdperson_lefthand":{"scale":[0.5,0.5,0.5]},"firstperson_righthand":{"scale":[0.5,0.5,0.5]},"firstperson_lefthand":{"scale":[0.5,0.5,0.5]},"ground":{"scale":[0.5,0.5,0.5]},"gui":{"rotation":[25,-30,0],"translation":[0,-0.5,0],"scale":[0.5,0.5,0.5]},"fixed":{"translation":[0,-1,3.75],"scale":[2,2,2]}},"groups":[{"name":"lantern_white_floor","origin":[8,8,8],"children":[0,1,2,3,4,5,6,7,8,9,10,11,12,13,14,15,16,17,18,19,20,21,22]}]}