{"credit":"Made with Blockbench","ambientocclusion":false,"textures":{"0":"block/lantern white","particle":"block/lantern white"},"elements":[{"from":[3.5,1,3.5],"to":[12.5,2.01,12.5],"rotation":{"angle":0,"axis":"y","origin":[3.5,0,3.5]},"faces":{"north":{"uv":[7,4,16,5],"texture":"#0"},"east":{"uv":[7,4,16,5],"texture":"#0"},"south":{"uv":[7,4,16,5],"texture":"#0"},"west":{"uv":[7,4,16,5],"texture":"#0"},"up":{"uv":[7,0,16,9],"texture":"#0"},"down":{"uv":[6,1,7,2],"texture":"#0"}}},{"from":[4,9.77,4],"to":[12,10.77,12],"rotation":{"angle":0,"axis":"y","origin":[4,0,4]},"faces":{"north":{"uv":[6,0,6.25,8],"rotation":90,"texture":"#0"},"east":{"uv":[6,0,6.25,8],"rotation":90,"texture":"#0"},"south":{"uv":[6,0,6.25,8],"rotation":90,"texture":"#0"},"west":{"uv":[6,0,6.25,8],"rotation":90,"texture":"#0"},"up":{"uv":[8,1,16,9],"texture":"#0"},"down":{"uv":[6,0,7,1],"texture":"#0"}}},{"from":[10.45017,2.01,4.4335],"to":[11.55017,10.01,5.5335],"rotation":{"angle":0,"axis":"y","origin":[-0.54983,0.01,4.4335]},"faces":{"north":{"uv":[7,0,8,8],"texture":"#0"},"east":{"uv":[7,0,8,8],"texture":"#0"},"south":{"uv":[7,0,8,8],"texture":"#0"},"west":{"uv":[7,0,8,8],"texture":"#0"},"up":{"uv":[7,0,8,8],"texture":"#0"},"down":{"uv":[7,0,8,8],"texture":"#0"}}},{"from":[10.45017,2.01,10.4335],"to":[11.55017,10.01,11.5335],"rotation":{"angle":0,"axis":"y","origin":[-0.54983,0.01,4.4335]},"faces":{"north":{"uv":[12,0,13,8],"texture":"#0"},"east":{"uv":[12,0,13,8],"texture":"#0"},"south":{"uv":[12,0,13,8],"texture":"#0"},"west":{"uv":[12,0,13,8],"texture":"#0"},"up":{"uv":[12,0,13,8],"texture":"#0"},"down":{"uv":[12,0,13,8],"texture":"#0"}}},{"from":[4.45017,2.01,10.4335],"to":[5.55017,10.01,11.5335],"rotation":{"angle":0,"axis":"y","origin":[-0.54983,0.01,4.4335]},"faces":{"north":{"uv":[10,0,11,8],"texture":"#0"},"east":{"uv":[10,0,11,8],"texture":"#0"},"south":{"uv":[10,0,11,8],"texture":"#0"},"west":{"uv":[10,0,11,8],"texture":"#0"},"up":{"uv":[10,0,11,8],"texture":"#0"},"down":{"uv":[10,0,11,8],"texture":"#0"}}},{"from":[4.45017,2.01,4.4335],"to":[5.55017,10.01,5.5335],"rotation":{"angle":0,"axis":"y","origin":[-0.54983,0.01,4.4335]},"faces":{"north":{"uv":[8,0,9,8],"texture":"#0"},"east":{"uv":[8,0,9,8],"texture":"#0"},"south":{"uv":[8,0,9,8],"texture":"#0"},"west":{"uv":[8,0,9,8],"texture":"#0"},"up":{"uv":[8,0,9,8],"texture":"#0"},"down":{"uv":[8,0,9,8],"texture":"#0"}}},{"from":[8.95,10.251,5.95],"to":[10.05,12.751,7.05],"rotation":{"angle":0,"axis":"y","origin":[8.45,10.001,6.45]},"faces":{"north":{"uv":[8,4,9,6.5],"texture":"#0"},"east":{"uv":[8,4,9,6.5],"texture":"#0"},"south":{"uv":[8,4,9,6.5],"texture":"#0"},"west":{"uv":[8,4,9,6.5],"texture":"#0"},"up":{"uv":[8,4,9,6.5],"texture":"#0"},"down":{"uv":[8,4,9,6.5],"texture":"#0"}}},{"from":[8.95,10.251,8.95],"to":[10.05,12.751,10.05],"rotation":{"angle":0,"axis":"y","origin":[8.45,10.001,6.45]},"faces":{"north":{"uv":[8,3,9,5.5],"texture":"#0"},"east":{"uv":[8,3,9,5.5],"texture":"#0"},"south":{"uv":[8,3,9,5.5],"texture":"#0"},"west":{"uv":[8,3,9,5.5],"texture":"#0"},"up":{"uv":[8,3,9,5.5],"texture":"#0"},"down":{"uv":[8,3,9,5.5],"texture":"#0"}}},{"from":[6.21,10.251,8.61],"to":[7.31,12.751,9.71],"rotation":{"angle":0,"axis":"y","origin":[8.71,10.001,6.11]},"faces":{"north":{"uv":[13,2,14,4.5],"texture":"#0"},"east":{"uv":[13,2,14,4.5],"texture":"#0"},"south":{"uv":[13,2,14,4.5],"texture":"#0"},"west":{"uv":[13,2,14,4.5],"texture":"#0"},"up":{"uv":[13,2,14,4.5],"texture":"#0"},"down":{"uv":[13,2,14,4.5],"texture":"#0"}}},{"from":[5.95,10.251,5.95],"to":[7.05,12.751,7.05],"rotation":{"angle":0,"axis":"y","origin":[8.45,10.001,6.45]},"faces":{"north":{"uv":[12,4,13,6.5],"texture":"#0"},"east":{"uv":[12,4,13,6.5],"texture":"#0"},"south":{"uv":[12,4,13,6.5],"texture":"#0"},"west":{"uv":[12,4,13,6.5],"texture":"#0"},"up":{"uv":[12,4,13,6.5],"texture":"#0"},"down":{"uv":[12,4,13,6.5],"texture":"#0"}}},{"from":[5.5,12.77,5.5],"to":[10.5,13.77,10.5],"rotation":{"angle":0,"axis":"y","origin":[0.5,12,5.5]},"faces":{"north":{"uv":[6,0,6.25,4],"rotation":90,"texture":"#0"},"east":{"uv":[6,0,6.25,4],"rotation":90,"texture":"#0"},"south":{"uv":[6,0,6.25,4],"rotation":90,"texture":"#0"},"west":{"uv":[6,0,6.25,4],"rotation":90,"texture":"#0"},"up":{"uv":[7,2,11,6],"texture":"#0"},"down":{"uv":[6,0,7,1],"texture":"#0"}}},{"from":[5.55017,7.01,11.5325],"to":[10.55017,9.01,11.5325],"rotation":{"angle":0,"axis":"y","origin":[9.55017,1.01,4.5325]},"faces":{"north":{"uv":[5,10,16,16],"texture":"#0"},"east":{"uv":[5,10,16,16],"texture":"#0"},"south":{"uv":[5,14,10,16],"texture":"#0"},"west":{"uv":[5,10,16,16],"texture":"#0"},"up":{"uv":[5,10,16,16],"texture":"#0"},"down":{"uv":[5,10,16,16],"texture":"#0"}}},{"from":[5.45017,7.01,4.4335],"to":[10.45017,9.01,4.4335],"rotation":{"angle":0,"axis":"y","origin":[9.45017,1.01,4.4335]},"faces":{"north":{"uv":[5,14,10,16],"texture":"#0"},"east":{"uv":[5,10,16,16],"texture":"#0"},"south":{"uv":[5,10,16,16],"texture":"#0"},"west":{"uv":[5,10,16,16],"texture":"#0"},"up":{"uv":[5,10,16,16],"texture":"#0"},"down":{"uv":[5,10,16,16],"texture":"#0"}}},{"from":[11.54917,7.01,5.5335],"to":[11.54917,9.01,10.5335],"rotation":{"angle":0,"axis":"y","origin":[11.54917,9.01,4.0335]},"faces":{"north":{"uv":[5,10,16,16],"texture":"#0"},"east":{"uv":[5,14,10,16],"texture":"#0"},"south":{"uv":[5,10,16,16],"texture":"#0"},"west":{"uv":[5,10,16,16],"texture":"#0"},"up":{"uv":[5,10,16,16],"texture":"#0"},"down":{"uv":[5,10,16,16],"texture":"#0"}}},{"from":[10.049,10.251,6.95],"to":[10.049,12.751,8.95],"rotation":{"angle":0,"axis":"y","origin":[10.049,9.001,2.45]},"faces":{"north":{"uv":[5,10,10,16],"texture":"#0"},"east":{"uv":[7.75,11,9.25,16],"texture":"#0"},"south":{"uv":[5,10,10,16],"texture":"#0"},"west":{"uv":[5,10,10,16],"texture":"#0"},"up":{"uv":[5,10,10,16],"texture":"#0"},"down":{"uv":[5,10,10,16],"texture":"#0"}}},{"from":[5.949,10.251,6.95],"to":[5.949,12.751,8.95],"rotation":{"angle":0,"axis":"y","origin":[9.949,9.001,2.45]},"faces":{"north":{"uv":[5,10,10,16],"texture":"#0"},"east":{"uv":[5,10,10,16],"texture":"#0"},"south":{"uv":[5,10,10,16],"texture":"#0"},"west":{"uv":[7.75,11,9.25,16],"texture":"#0"},"up":{"uv":[5,10,10,16],"texture":"#0"},"down":{"uv":[5,10,10,16],"texture":"#0"}}},{"from":[7.05,10.251,5.949],"to":[9.05,12.751,5.949],"rotation":{"angle":0,"axis":"y","origin":[8.05,11.251,5.949]},"faces":{"north":{"uv":[7.75,11,9.25,16],"texture":"#0"},"east":{"uv":[5,10,10,16],"texture":"#0"},"south":{"uv":[5,10,10,16],"texture":"#0"},"west":{"uv":[5,10,10,16],"texture":"#0"},"up":{"uv":[5,10,10,16],"texture":"#0"},"down":{"uv":[5,10,10,16],"texture":"#0"}}},{"from":[7.05,10.251,10.049],"to":[9.05,12.751,10.049],"rotation":{"angle":0,"axis":"y","origin":[8.05,11.251,6.049]},"faces":{"north":{"uv":[5,10,10,16],"texture":"#0"},"east":{"uv":[5,10,10,16],"texture":"#0"},"south":{"uv":[7.75,11,9.25,16],"texture":"#0"},"west":{"uv":[5,10,10,16],"texture":"#0"},"up":{"uv":[5,10,10,16],"texture":"#0"},"down":{"uv":[5,10,10,16],"texture":"#0"}}},{"from":[4.45017,7.01,5.5335],"to":[4.45017,9.01,10.5335],"rotation":{"angle":0,"axis":"y","origin":[11.45017,9.01,4.0335]},"faces":{"north":{"uv":[5,10,16,16],"texture":"#0"},"east":{"uv":[5,10,16,16],"texture":"#0"},"south":{"uv":[5,10,16,16],"texture":"#0"},"west":{"uv":[5,14,10,16],"texture":"#0"},"up":{"uv":[5,10,16,16],"texture":"#0"},"down":{"uv":[5,10,16,16],"texture":"#0"}}},{"from":[6.75,13.77,6.75],"to":[9.25,14.77,9.25],"rotation":{"angle":0,"axis":"y","origin":[6.75,12.52,6.75]},"faces":{"north":{"uv":[8,3,9,4],"texture":"#0"},"east":{"uv":[8,3,9,4],"texture":"#0"},"south":{"uv":[8,3,9,4],"texture":"#0"},"west":{"uv":[8,3,9,4],"texture":"#0"},"up":{"uv":[8,3,9,4],"texture":"#0"},"down":{"uv":[8,3,9,4],"texture":"#0"}}},{"from":[11.54917,2.01,5.5335],"to":[11.54917,7.01,10.5335],"rotation":{"angle":0,"axis":"y","origin":[11.54917,1.01,5.5335]},"faces":{"north":{"uv":[0,10,5,16],"texture":"#0"},"east":{"uv":[0,10,5,15],"texture":"#0"},"south":{"uv":[0,10,5,16],"texture":"#0"},"west":{"uv":[0,10,5,16],"texture":"#0"},"up":{"uv":[0,10,5,16],"texture":"#0"},"down":{"uv":[0,10,5,16],"texture":"#0"}}},{"from":[4.45017,2.01,5.5335],"to":[4.45017,7.01,10.5335],"rotation":{"angle":0,"axis":"y","origin":[11.45017,1.01,5.5335]},"faces":{"north":{"uv":[0,10,5,16],"texture":"#0"},"east":{"uv":[0,10,5,16],"texture":"#0"},"south":{"uv":[0,10,5,16],"texture":"#0"},"west":{"uv":[0,10,5,16],"texture":"#0"},"up":{"uv":[0,10,5,16],"texture":"#0"},"down":{"uv":[0,10,5,16],"texture":"#0"}}},{"from":[5.45017,2.01,4.4335],"to":[10.45017,7.01,4.4335],"rotation":{"angle":0,"axis":"y","origin":[7.95017,4.51,4.4335]},"faces":{"north":{"uv":[0,10,5,15],"texture":"#0"},"east":{"uv":[0,10,5,16],"texture":"#0"},"south":{"uv":[0,10,5,16],"texture":"#0"},"west":{"uv":[0,10,5,16],"texture":"#0"},"up":{"uv":[0,10,5,16],"texture":"#0"},"down":{"uv":[0,10,5,16],"texture":"#0"}}},{"from":[5.55017,2.01,11.5325],"to":[10.55017,7.01,11.5325],"rotation":{"angle":0,"axis":"y","origin":[8.05017,4.51,4.5325]},"faces":{"north":{"uv":[0,10,5,16],"texture":"#0"},"east":{"uv":[0,10,5,16],"texture":"#0"},"south":{"uv":[0,10,5,15],"texture":"#0"},"west":{"uv":[0,10,5,16],"texture":"#0"},"up":{"uv":[0,10,5,16],"texture":"#0"},"down":{"uv":[0,10,5,16],"texture":"#0"}}},{"from":[3,8.77,3],"to":[13,9.77,4],"rotation":{"angle":0,"axis":"y","origin":[3,9.77,3]},"faces":{"north":{"uv":[7,0,16,1],"texture":"#0"},"east":{"uv":[15,0,16,1],"texture":"#0"},"south":{"uv":[7,0,16,1],"texture":"#0"},"west":{"uv":[7,0,8,1],"texture":"#0"},"up":{"uv":[6,8,16,9],"texture":"#0"},"down":{"uv":[7,0,16,1],"texture":"#0"}}},{"from":[3,8.77,12],"to":[13,9.77,13],"rotation":{"angle":0,"axis":"y","origin":[3,9.77,3]},"faces":{"north":{"uv":[6,8,16,9],"texture":"#0"},"east":{"uv":[15,0,16,1],"texture":"#0"},"south":{"uv":[6,8,16,9],"texture":"#0"},"west":{"uv":[15,0,16,1],"texture":"#0"},"up":{"uv":[6,8,16,9],"texture":"#0"},"down":{"uv":[6,8,16,9],"texture":"#0"}}},{"from":[12,8.77,4],"to":[13,9.77,12],"rotation":{"angle":0,"axis":"y","origin":[-2,8.77,4]},"faces":{"north":{"uv":[7,0,15,1],"texture":"#0"},"east":{"uv":[7,0,15,1],"texture":"#0"},"south":{"uv":[7,0,15,1],"texture":"#0"},"west":{"uv":[7,0,15,1],"texture":"#0"},"up":{"uv":[7,0,15,1],"rotation":90,"texture":"#0"},"down":{"uv":[7,0,15,1],"rotation":90,"texture":"#0"}}},{"from":[3,8.77,4],"to":[4,9.77,12],"rotation":{"angle":0,"axis":"y","origin":[-2,8.77,4]},"faces":{"north":{"uv":[7,0,15,1],"texture":"#0"},"east":{"uv":[7,0,15,1],"texture":"#0"},"south":{"uv":[7,0,15,1],"texture":"#0"},"west":{"uv":[7,0,15,1],"texture":"#0"},"up":{"uv":[7,0,15,1],"rotation":90,"texture":"#0"},"down":{"uv":[7,0,15,1],"rotation":90,"texture":"#0"}}},{"from":[7,14.77,7.5],"to":[8,15.77,8.5],"rotation":{"angle":0,"axis":"y","origin":[7,14.77,7.5]},"faces":{"north":{"uv":[7,1,8,2],"texture":"#0"},"east":{"uv":[7,1,8,2],"texture":"#0"},"south":{"uv":[7,1,8,2],"texture":"#0"},"west":{"uv":[7,1,8,2],"texture":"#0"},"up":{"uv":[7,1,8,2],"texture":"#0"},"down":{"uv":[7,1,8,2],"texture":"#0"}}},{"from":[8,17.77,7.5],"to":[9,18.77,8.5],"rotation":{"angle":0,"axis":"y","origin":[7,14.77,7.5]},"faces":{"north":{"uv":[7,1,8,2],"texture":"#0"},"east":{"uv":[7,1,8,2],"texture":"#0"},"south":{"uv":[7,1,8,2],"texture":"#0"},"west":{"uv":[7,1,8,2],"texture":"#0"},"up":{"uv":[7,1,8,2],"texture":"#0"},"down":{"uv":[7,1,8,2],"texture":"#0"}}},{"from":[6,15.77,7.5],"to":[7,16.77,8.5],"rotation":{"angle":0,"axis":"y","origin":[7,14.77,7.5]},"faces":{"north":{"uv":[8,2,9,3],"texture":"#0"},"east":{"uv":[8,2,9,3],"texture":"#0"},"south":{"uv":[8,2,9,3],"texture":"#0"},"west":{"uv":[8,2,9,3],"texture":"#0"},"up":{"uv":[8,2,9,3],"texture":"#0"},"down":{"uv":[8,2,9,3],"texture":"#0"}}},{"from":[6,16.77,7.5],"to":[7,17.77,8.5],"rotation":{"angle":0,"axis":"y","origin":[7,14.77,7.5]},"faces":{"north":{"uv":[8,2,9,3],"texture":"#0"},"east":{"uv":[8,2,9,3],"texture":"#0"},"south":{"uv":[8,2,9,3],"texture":"#0"},"west":{"uv":[8,2,9,3],"texture":"#0"},"up":{"uv":[8,2,9,3],"texture":"#0"},"down":{"uv":[8,2,9,3],"texture":"#0"}}},{"from":[8,14.77,7.5],"to":[9,15.77,8.5],"rotation":{"angle":0,"axis":"y","origin":[7,14.77,7.5]},"faces":{"north":{"uv":[7,1,8,2],"texture":"#0"},"east":{"uv":[7,1,8,2],"texture":"#0"},"south":{"uv":[7,1,8,2],"texture":"#0"},"west":{"uv":[7,1,8,2],"texture":"#0"},"up":{"uv":[7,1,8,2],"texture":"#0"},"down":{"uv":[7,1,8,2],"texture":"#0"}}},{"from":[7,17.77,7.5],"to":[8,18.77,8.5],"rotation":{"angle":0,"axis":"y","origin":[7,14.77,7.5]},"faces":{"north":{"uv":[7,1,8,2],"texture":"#0"},"east":{"uv":[7,1,8,2],"texture":"#0"},"south":{"uv":[7,1,8,2],"texture":"#0"},"west":{"uv":[7,1,8,2],"texture":"#0"},"up":{"uv":[7,1,8,2],"texture":"#0"},"down":{"uv":[7,1,8,2],"texture":"#0"}}},{"from":[9,15.77,7.5],"to":[10,16.77,8.5],"rotation":{"angle":0,"axis":"y","origin":[7,14.77,7.5]},"faces":{"north":{"uv":[12,3,13,4],"texture":"#0"},"east":{"uv":[12,3,13,4],"texture":"#0"},"south":{"uv":[12,3,13,4],"texture":"#0"},"west":{"uv":[12,3,13,4],"texture":"#0"},"up":{"uv":[12,3,13,4],"texture":"#0"},"down":{"uv":[12,3,13,4],"texture":"#0"}}},{"from":[9,16.77,7.5],"to":[10,17.77,8.5],"rotation":{"angle":0,"axis":"y","origin":[7,14.77,7.5]},"faces":{"north":{"uv":[12,3,13,4],"texture":"#0"},"east":{"uv":[12,3,13,4],"texture":"#0"},"south":{"uv":[12,3,13,4],"texture":"#0"},"west":{"uv":[12,3,13,4],"texture":"#0"},"up":{"uv":[12,3,13,4],"texture":"#0"},"down":{"uv":[12,3,13,4],"texture":"#0"}}}],"display":{"thirdperson_righthand":{"scale":[0.5,0.5,0.5]},"thirdperson_lefthand":{"scale":[0.5,0.5,0.5]},"firstperson_righthand":{"scale":[0.5,0.5,0.5]},"firstperson_lefthand":{"scale":[0.5,0.5,0.5]},"ground":{"scale":[0.5,0.5,0.5]},"gui":{"rotation":[25,-30,0],"translation":[0,-0.5,0],"scale":[0.5,0.5,0.5]},"fixed":{"rotation":[90,0,0],"translation":[0,0,-15],"scale":[2,2,2]}}}