{"credit":"Made with Blockbench","ambientocclusion":false,"textures":{"0":"block/lantern white","particle":"block/lantern white"},"elements":[{"from":[3.5,1,3.5],"to":[12.5,2.01,12.5],"rotation":{"angle":0,"axis":"y","origin":[3.5,0,3.5]},"faces":{"north":{"uv":[7,4,16,5],"texture":"#0"},"east":{"uv":[7,4,16,5],"texture":"#0"},"south":{"uv":[7,4,16,5],"texture":"#0"},"west":{"uv":[7,4,16,5],"texture":"#0"},"up":{"uv":[7,0,16,9],"texture":"#0"},"down":{"uv":[6,1,7,2],"texture":"#0"}}},{"from":[2.5,0,2.5],"to":[13.5,1.01,13.5],"rotation":{"angle":0,"axis":"y","origin":[3.5,0,3.5]},"faces":{"north":{"uv":[7,4,16,5],"texture":"#0"},"east":{"uv":[7,4,16,5],"texture":"#0"},"south":{"uv":[7,4,16,5],"texture":"#0"},"west":{"uv":[7,4,16,5],"texture":"#0"},"up":{"uv":[7,0,16,9],"texture":"#0"},"down":{"uv":[6,1,7,2],"texture":"#0"}}},{"from":[4,10.77,4],"to":[12,11.77,12],"rotation":{"angle":0,"axis":"y","origin":[4,0,4]},"faces":{"north":{"uv":[6,0,6.25,8],"rotation":90,"texture":"#0"},"east":{"uv":[6,0,6.25,8],"rotation":90,"texture":"#0"},"south":{"uv":[6,0,6.25,8],"rotation":90,"texture":"#0"},"west":{"uv":[6,0,6.25,8],"rotation":90,"texture":"#0"},"up":{"uv":[8,1,16,9],"texture":"#0"},"down":{"uv":[6,0,7,1],"texture":"#0"}}},{"from":[10.5,2.01,4.5],"to":[11.5,11.01,5.5],"rotation":{"angle":0,"axis":"y","origin":[-0.5,0.01,4.5]},"faces":{"north":{"uv":[7,0,8,9],"texture":"#0"},"east":{"uv":[7,0,8,9],"texture":"#0"},"south":{"uv":[7,0,8,9],"texture":"#0"},"west":{"uv":[7,0,8,9],"texture":"#0"},"up":{"uv":[7,0,8,9],"texture":"#0"},"down":{"uv":[7,0,8,9],"texture":"#0"}}},{"from":[10.5,2.01,10.5],"to":[11.5,11.01,11.5],"rotation":{"angle":0,"axis":"y","origin":[-0.5,0.01,4.5]},"faces":{"north":{"uv":[12,0,13,9],"texture":"#0"},"east":{"uv":[12,0,13,9],"texture":"#0"},"south":{"uv":[12,0,13,9],"texture":"#0"},"west":{"uv":[12,0,13,9],"texture":"#0"},"up":{"uv":[12,0,13,9],"texture":"#0"},"down":{"uv":[12,0,13,9],"texture":"#0"}}},{"from":[4.5,2.01,10.5],"to":[5.5,11.01,11.5],"rotation":{"angle":0,"axis":"y","origin":[-0.5,0.01,4.5]},"faces":{"north":{"uv":[10,0,11,9],"texture":"#0"},"east":{"uv":[10,0,11,9],"texture":"#0"},"south":{"uv":[10,0,11,9],"texture":"#0"},"west":{"uv":[10,0,11,9],"texture":"#0"},"up":{"uv":[10,0,11,9],"texture":"#0"},"down":{"uv":[10,0,11,9],"texture":"#0"}}},{"from":[4.5,2.01,4.5],"to":[5.5,11.01,5.5],"rotation":{"angle":0,"axis":"y","origin":[-0.5,0.01,4.5]},"faces":{"north":{"uv":[8,0,9,9],"texture":"#0"},"east":{"uv":[8,0,9,9],"texture":"#0"},"south":{"uv":[8,0,9,9],"texture":"#0"},"west":{"uv":[8,0,9,9],"texture":"#0"},"up":{"uv":[8,0,9,9],"texture":"#0"},"down":{"uv":[8,0,9,9],"texture":"#0"}}},{"from":[9,11.001,6],"to":[10,13.501,7],"rotation":{"angle":0,"axis":"y","origin":[8.5,10.001,6.5]},"faces":{"north":{"uv":[8,4,9,6.5],"texture":"#0"},"east":{"uv":[8,4,9,6.5],"texture":"#0"},"south":{"uv":[8,4,9,6.5],"texture":"#0"},"west":{"uv":[8,4,9,6.5],"texture":"#0"},"up":{"uv":[8,4,9,6.5],"texture":"#0"},"down":{"uv":[8,4,9,6.5],"texture":"#0"}}},{"from":[9,11.001,9],"to":[10,13.501,10],"rotation":{"angle":0,"axis":"y","origin":[8.5,10.001,6.5]},"faces":{"north":{"uv":[8,3,9,5.5],"texture":"#0"},"east":{"uv":[8,3,9,5.5],"texture":"#0"},"south":{"uv":[8,3,9,5.5],"texture":"#0"},"west":{"uv":[8,3,9,5.5],"texture":"#0"},"up":{"uv":[8,3,9,5.5],"texture":"#0"},"down":{"uv":[8,3,9,5.5],"texture":"#0"}}},{"from":[6,11.001,9],"to":[7,13.501,10],"rotation":{"angle":0,"axis":"y","origin":[8.5,10.001,6.5]},"faces":{"north":{"uv":[13,2,14,4.5],"texture":"#0"},"east":{"uv":[13,2,14,4.5],"texture":"#0"},"south":{"uv":[13,2,14,4.5],"texture":"#0"},"west":{"uv":[13,2,14,4.5],"texture":"#0"},"up":{"uv":[13,2,14,4.5],"texture":"#0"},"down":{"uv":[13,2,14,4.5],"texture":"#0"}}},{"from":[6,11.001,6],"to":[7,13.501,7],"rotation":{"angle":0,"axis":"y","origin":[8.5,10.001,6.5]},"faces":{"north":{"uv":[12,4,13,6.5],"texture":"#0"},"east":{"uv":[12,4,13,6.5],"texture":"#0"},"south":{"uv":[12,4,13,6.5],"texture":"#0"},"west":{"uv":[12,4,13,6.5],"texture":"#0"},"up":{"uv":[12,4,13,6.5],"texture":"#0"},"down":{"uv":[12,4,13,6.5],"texture":"#0"}}},{"from":[5.5,13.27,5.5],"to":[10.5,14.27,10.5],"rotation":{"angle":0,"axis":"y","origin":[0.5,12,5.5]},"faces":{"north":{"uv":[6,0,6.25,4],"rotation":90,"texture":"#0"},"east":{"uv":[6,0,6.25,4],"rotation":90,"texture":"#0"},"south":{"uv":[6,0,6.25,4],"rotation":90,"texture":"#0"},"west":{"uv":[6,0,6.25,4],"rotation":90,"texture":"#0"},"up":{"uv":[7,2,11,6],"texture":"#0"},"down":{"uv":[6,0,7,1],"texture":"#0"}}},{"from":[5.5,8.01,11.5],"to":[10.5,10.01,11.5],"rotation":{"angle":0,"axis":"y","origin":[9.5,1.01,4.5]},"faces":{"north":{"uv":[5,10,16,16],"texture":"#0"},"east":{"uv":[5,10,16,16],"texture":"#0"},"south":{"uv":[5,14,10,16],"texture":"#0"},"west":{"uv":[5,10,16,16],"texture":"#0"},"up":{"uv":[5,10,16,16],"texture":"#0"},"down":{"uv":[5,10,16,16],"texture":"#0"}}},{"from":[5.5,8.01,4.5],"to":[10.5,10.01,4.5],"rotation":{"angle":0,"axis":"y","origin":[9.5,1.01,4.5]},"faces":{"north":{"uv":[5,14,10,16],"texture":"#0"},"east":{"uv":[5,10,16,16],"texture":"#0"},"south":{"uv":[5,10,16,16],"texture":"#0"},"west":{"uv":[5,10,16,16],"texture":"#0"},"up":{"uv":[5,10,16,16],"texture":"#0"},"down":{"uv":[5,10,16,16],"texture":"#0"}}},{"from":[11.499,8.01,5.5],"to":[11.499,10.01,10.5],"rotation":{"angle":0,"axis":"y","origin":[11.499,9.01,4]},"faces":{"north":{"uv":[5,10,16,16],"texture":"#0"},"east":{"uv":[5,14,10,16],"texture":"#0"},"south":{"uv":[5,10,16,16],"texture":"#0"},"west":{"uv":[5,10,16,16],"texture":"#0"},"up":{"uv":[5,10,16,16],"texture":"#0"},"down":{"uv":[5,10,16,16],"texture":"#0"}}},{"from":[9.999,11.001,7],"to":[9.999,13.501,9],"rotation":{"angle":0,"axis":"y","origin":[9.999,9.001,2.5]},"faces":{"north":{"uv":[5,10,10,16],"texture":"#0"},"east":{"uv":[7.75,11,9.25,16],"texture":"#0"},"south":{"uv":[5,10,10,16],"texture":"#0"},"west":{"uv":[5,10,10,16],"texture":"#0"},"up":{"uv":[5,10,10,16],"texture":"#0"},"down":{"uv":[5,10,10,16],"texture":"#0"}}},{"from":[5.999,11.001,7],"to":[5.999,13.501,9],"rotation":{"angle":0,"axis":"y","origin":[9.999,9.001,2.5]},"faces":{"north":{"uv":[5,10,10,16],"texture":"#0"},"east":{"uv":[5,10,10,16],"texture":"#0"},"south":{"uv":[5,10,10,16],"texture":"#0"},"west":{"uv":[7.75,11,9.25,16],"texture":"#0"},"up":{"uv":[5,10,10,16],"texture":"#0"},"down":{"uv":[5,10,10,16],"texture":"#0"}}},{"from":[7,11.001,6],"to":[9,13.501,6],"rotation":{"angle":0,"axis":"y","origin":[8,11.251,6]},"faces":{"north":{"uv":[7.75,11,9.25,16],"texture":"#0"},"east":{"uv":[5,10,10,16],"texture":"#0"},"south":{"uv":[5,10,10,16],"texture":"#0"},"west":{"uv":[5,10,10,16],"texture":"#0"},"up":{"uv":[5,10,10,16],"texture":"#0"},"down":{"uv":[5,10,10,16],"texture":"#0"}}},{"from":[7,11.001,10],"to":[9,13.501,10],"rotation":{"angle":0,"axis":"y","origin":[8,11.251,6]},"faces":{"north":{"uv":[5,10,10,16],"texture":"#0"},"east":{"uv":[5,10,10,16],"texture":"#0"},"south":{"uv":[7.75,11,9.25,16],"texture":"#0"},"west":{"uv":[5,10,10,16],"texture":"#0"},"up":{"uv":[5,10,10,16],"texture":"#0"},"down":{"uv":[5,10,10,16],"texture":"#0"}}},{"from":[4.499,8.01,5.5],"to":[4.499,10.01,10.5],"rotation":{"angle":0,"axis":"y","origin":[11.499,9.01,4]},"faces":{"north":{"uv":[5,10,16,16],"texture":"#0"},"east":{"uv":[5,10,16,16],"texture":"#0"},"south":{"uv":[5,10,16,16],"texture":"#0"},"west":{"uv":[5,14,10,16],"texture":"#0"},"up":{"uv":[5,10,16,16],"texture":"#0"},"down":{"uv":[5,10,16,16],"texture":"#0"}}},{"from":[7.25,14.27,7.25],"to":[8.75,15.27,8.75],"rotation":{"angle":0,"axis":"y","origin":[7.25,12.52,7.25]},"faces":{"north":{"uv":[8,3,9,4],"texture":"#0"},"east":{"uv":[8,3,9,4],"texture":"#0"},"south":{"uv":[8,3,9,4],"texture":"#0"},"west":{"uv":[8,3,9,4],"texture":"#0"},"up":{"uv":[8,3,9,4],"texture":"#0"},"down":{"uv":[8,3,9,4],"texture":"#0"}}},{"from":[11.5,2.01,5.5],"to":[11.5,8.01,10.5],"rotation":{"angle":0,"axis":"y","origin":[11.5,1.01,5.5]},"faces":{"north":{"uv":[0,10,5,16],"texture":"#0"},"east":{"uv":[0,10,5,16],"texture":"#0"},"south":{"uv":[0,10,5,16],"texture":"#0"},"west":{"uv":[0,10,5,16],"texture":"#0"},"up":{"uv":[0,10,5,16],"texture":"#0"},"down":{"uv":[0,10,5,16],"texture":"#0"}}},{"from":[4.5,2.01,5.5],"to":[4.5,8.01,10.5],"rotation":{"angle":0,"axis":"y","origin":[11.5,1.01,5.5]},"faces":{"north":{"uv":[0,10,5,16],"texture":"#0"},"east":{"uv":[0,10,5,16],"texture":"#0"},"south":{"uv":[0,10,5,16],"texture":"#0"},"west":{"uv":[0,10,5,16],"texture":"#0"},"up":{"uv":[0,10,5,16],"texture":"#0"},"down":{"uv":[0,10,5,16],"texture":"#0"}}},{"from":[5.5,2.01,4.5],"to":[10.5,8.01,4.5],"rotation":{"angle":0,"axis":"y","origin":[8,4.51,4.5]},"faces":{"north":{"uv":[0,10,5,16],"texture":"#0"},"east":{"uv":[0,10,5,16],"texture":"#0"},"south":{"uv":[0,10,5,16],"texture":"#0"},"west":{"uv":[0,10,5,16],"texture":"#0"},"up":{"uv":[0,10,5,16],"texture":"#0"},"down":{"uv":[0,10,5,16],"texture":"#0"}}},{"from":[5.5,2.01,11.5],"to":[10.5,8.01,11.5],"rotation":{"angle":0,"axis":"y","origin":[8,4.51,4.5]},"faces":{"north":{"uv":[0,10,5,16],"texture":"#0"},"east":{"uv":[0,10,5,16],"texture":"#0"},"south":{"uv":[0,10,5,16],"texture":"#0"},"west":{"uv":[0,10,5,16],"texture":"#0"},"up":{"uv":[0,10,5,16],"texture":"#0"},"down":{"uv":[0,10,5,16],"texture":"#0"}}},{"from":[3,9.77,3],"to":[13,10.77,4],"rotation":{"angle":0,"axis":"y","origin":[3,9.77,3]},"faces":{"north":{"uv":[7,0,16,1],"texture":"#0"},"east":{"uv":[15,0,16,1],"texture":"#0"},"south":{"uv":[7,0,16,1],"texture":"#0"},"west":{"uv":[7,0,8,1],"texture":"#0"},"up":{"uv":[6,8,16,9],"texture":"#0"},"down":{"uv":[7,0,16,1],"texture":"#0"}}},{"from":[3,9.77,12],"to":[13,10.77,13],"rotation":{"angle":0,"axis":"y","origin":[3,9.77,3]},"faces":{"north":{"uv":[6,8,16,9],"texture":"#0"},"east":{"uv":[15,0,16,1],"texture":"#0"},"south":{"uv":[6,8,16,9],"texture":"#0"},"west":{"uv":[15,0,16,1],"texture":"#0"},"up":{"uv":[6,8,16,9],"texture":"#0"},"down":{"uv":[6,8,16,9],"texture":"#0"}}},{"from":[12,9.77,4],"to":[13,10.77,12],"rotation":{"angle":0,"axis":"y","origin":[-2,8.77,4]},"faces":{"north":{"uv":[7,0,15,1],"texture":"#0"},"east":{"uv":[7,0,15,1],"texture":"#0"},"south":{"uv":[7,0,15,1],"texture":"#0"},"west":{"uv":[7,0,15,1],"texture":"#0"},"up":{"uv":[7,0,15,1],"rotation":90,"texture":"#0"},"down":{"uv":[7,0,15,1],"rotation":90,"texture":"#0"}}},{"from":[3,9.77,4],"to":[4,10.77,12],"rotation":{"angle":0,"axis":"y","origin":[-2,8.77,4]},"faces":{"north":{"uv":[7,0,15,1],"texture":"#0"},"east":{"uv":[7,0,15,1],"texture":"#0"},"south":{"uv":[7,0,15,1],"texture":"#0"},"west":{"uv":[7,0,15,1],"texture":"#0"},"up":{"uv":[7,0,15,1],"rotation":90,"texture":"#0"},"down":{"uv":[7,0,15,1],"rotation":90,"texture":"#0"}}},{"from":[7.25,15.25,7.625],"to":[8.75,16,8.375],"rotation":{"angle":0,"axis":"y","origin":[0.25,0,7.625]},"faces":{"north":{"uv":[2,3,3.5,3.75],"texture":"#0"},"east":{"uv":[2,3,3.5,3.75],"texture":"#0"},"south":{"uv":[2,3,3.5,3.75],"texture":"#0"},"west":{"uv":[2,3,3.5,3.75],"texture":"#0"},"up":{"uv":[2,3,3.5,3.75],"texture":"#0"},"down":{"uv":[2,3,3.5,3.75],"texture":"#0"}}},{"from":[7.25,17.5,7.625],"to":[8.75,18.25,8.375],"rotation":{"angle":0,"axis":"y","origin":[0.25,0.25,7.625]},"faces":{"north":{"uv":[2,3,3.5,3.75],"texture":"#0"},"east":{"uv":[2,3,3.5,3.75],"texture":"#0"},"south":{"uv":[2,3,3.5,3.75],"texture":"#0"},"west":{"uv":[2,3,3.5,3.75],"texture":"#0"},"up":{"uv":[2,3,3.5,3.75],"texture":"#0"},"down":{"uv":[2,3,3.5,3.75],"texture":"#0"}}},{"from":[8.75,16,7.625],"to":[9.5,17.5,8.375],"rotation":{"angle":0,"axis":"y","origin":[-0.25,-1.25,7.625]},"faces":{"north":{"uv":[2,3,3,4],"texture":"#0"},"east":{"uv":[2,3,3,4],"texture":"#0"},"south":{"uv":[2,3,3,4],"texture":"#0"},"west":{"uv":[2,3,3,4],"texture":"#0"},"up":{"uv":[2,3,3,4],"texture":"#0"},"down":{"uv":[2,3,3,4],"texture":"#0"}}},{"from":[6.5,16,7.625],"to":[7.25,17.5,8.375],"rotation":{"angle":0,"axis":"y","origin":[-0.5,-1.25,7.625]},"faces":{"north":{"uv":[3,3,4,4],"texture":"#0"},"east":{"uv":[3,3,4,4],"texture":"#0"},"south":{"uv":[3,3,4,4],"texture":"#0"},"west":{"uv":[3,3,4,4],"texture":"#0"},"up":{"uv":[3,3,4,4],"texture":"#0"},"down":{"uv":[3,3,4,4],"texture":"#0"}}}],"display":{"thirdperson_righthand":{"scale":[0.5,0.5,0.5]},"thirdperson_lefthand":{"scale":[0.5,0.5,0.5]},"firstperson_righthand":{"scale":[0.5,0.5,0.5]},"firstperson_lefthand":{"scale":[0.5,0.5,0.5]},"ground":{"scale":[0.5,0.5,0.5]},"gui":{"rotation":[25,-30,0],"translation":[0,-0.5,0],"scale":[0.5,0.5,0.5]},"fixed":{"rotation":[-90,0,0],"translation":[0,0,-15],"scale":[2,2,2]}}}