{"credit":"Made with Blockbench","parent":"./cit_item_wall","textures":{"1":"block/led_string","2":"block/led_lights_0","particle":"block/led_string"},"elements":[{"from":[5.75,0,6],"to":[5.75,16,10],"rotation":{"angle":0,"axis":"y","origin":[6,0,6]},"faces":{"north":{"uv":[0,0,0,16],"texture":"#missing"},"east":{"uv":[13,0,9,16],"texture":"#1"},"south":{"uv":[0,0,0,16],"texture":"#missing"},"west":{"uv":[9,0,13,16],"texture":"#1"},"up":{"uv":[0,0,0,4],"texture":"#missing"},"down":{"uv":[0,0,0,4],"texture":"#missing"}}},{"from":[10.25,0,6],"to":[10.25,16,10],"rotation":{"angle":0,"axis":"y","origin":[6,0,6]},"faces":{"north":{"uv":[0,0,0,16],"texture":"#missing"},"east":{"uv":[1,0,5,16],"texture":"#1"},"south":{"uv":[0,0,0,16],"texture":"#missing"},"west":{"uv":[5,0,1,16],"texture":"#1"},"up":{"uv":[0,0,0,4],"texture":"#missing"},"down":{"uv":[0,0,0,4],"texture":"#missing"}}},{"from":[6,0,10.25],"to":[10,16,10.25],"rotation":{"angle":0,"axis":"y","origin":[10,0.5,12]},"faces":{"north":{"uv":[4,0,0,16],"texture":"#1"},"east":{"uv":[0,0,0,16],"texture":"#missing"},"south":{"uv":[0,0,4,16],"texture":"#1"},"west":{"uv":[0,0,0,16],"texture":"#missing"},"up":{"uv":[0,0,0,4],"rotation":90,"texture":"#missing"},"down":{"uv":[0,0,0,4],"rotation":270,"texture":"#missing"}}},{"from":[6,0,5.75],"to":[10,16,5.75],"rotation":{"angle":0,"axis":"y","origin":[10,0.5,12]},"faces":{"north":{"uv":[5,0,9,16],"texture":"#1"},"east":{"uv":[0,0,0,16],"texture":"#missing"},"south":{"uv":[9,0,5,16],"texture":"#1"},"west":{"uv":[0,0,0,16],"texture":"#missing"},"up":{"uv":[0,0,0,4],"rotation":90,"texture":"#missing"},"down":{"uv":[0,0,0,4],"rotation":270,"texture":"#missing"}}},{"from":[6,1,4.75],"to":[7,2,5.75],"faces":{"north":{"uv":[0,2,1,3],"texture":"#2"},"east":{"uv":[0,2,1,3],"texture":"#2"},"south":{"uv":[0,2,1,3],"texture":"#2"},"west":{"uv":[0,2,1,3],"texture":"#2"},"up":{"uv":[0,2,1,3],"texture":"#2"},"down":{"uv":[0,2,1,3],"texture":"#2"}}},{"from":[7,4,4.75],"to":[8,5,5.75],"faces":{"north":{"uv":[0,0,1,1],"texture":"#2"},"east":{"uv":[0,0,1,1],"texture":"#2"},"south":{"uv":[0,0,1,1],"texture":"#2"},"west":{"uv":[0,0,1,1],"texture":"#2"},"up":{"uv":[0,0,1,1],"texture":"#2"},"down":{"uv":[0,0,1,1],"texture":"#2"}}},{"from":[9,3,4.75],"to":[10,4,5.75],"faces":{"north":{"uv":[0,3,1,4],"texture":"#2"},"east":{"uv":[0,3,1,4],"texture":"#2"},"south":{"uv":[0,3,1,4],"texture":"#2"},"west":{"uv":[0,3,1,4],"texture":"#2"},"up":{"uv":[0,3,1,4],"texture":"#2"},"down":{"uv":[0,3,1,4],"texture":"#2"}}},{"from":[9,9,4.75],"to":[10,10,5.75],"faces":{"north":{"uv":[0,1,1,2],"texture":"#2"},"east":{"uv":[0,1,1,2],"texture":"#2"},"south":{"uv":[0,1,1,2],"texture":"#2"},"west":{"uv":[0,1,1,2],"texture":"#2"},"up":{"uv":[0,1,1,2],"texture":"#2"},"down":{"uv":[0,1,1,2],"texture":"#2"}}},{"from":[7,10,4.75],"to":[8,11,5.75],"faces":{"north":{"uv":[0,0,1,1],"texture":"#2"},"east":{"uv":[0,0,1,1],"texture":"#2"},"south":{"uv":[0,0,1,1],"texture":"#2"},"west":{"uv":[0,0,1,1],"texture":"#2"},"up":{"uv":[0,0,1,1],"texture":"#2"},"down":{"uv":[0,0,1,1],"texture":"#2"}}},{"from":[8,13,4.75],"to":[9,14,5.75],"faces":{"north":{"uv":[0,4,1,5],"texture":"#2"},"east":{"uv":[0,4,1,5],"texture":"#2"},"south":{"uv":[0,4,1,5],"texture":"#2"},"west":{"uv":[0,4,1,5],"texture":"#2"},"up":{"uv":[0,4,1,5],"texture":"#2"},"down":{"uv":[0,4,1,5],"texture":"#2"}}},{"from":[8,0,10.25],"to":[9,1,11.25],"faces":{"north":{"uv":[0,0,1,1],"texture":"#2"},"east":{"uv":[0,0,1,1],"texture":"#2"},"south":{"uv":[0,0,1,1],"texture":"#2"},"west":{"uv":[0,0,1,1],"texture":"#2"},"up":{"uv":[0,0,1,1],"texture":"#2"},"down":{"uv":[0,0,1,1],"texture":"#2"}}},{"from":[7,3,10.25],"to":[8,4,11.25],"faces":{"north":{"uv":[0,2,1,3],"texture":"#2"},"east":{"uv":[0,2,1,3],"texture":"#2"},"south":{"uv":[0,2,1,3],"texture":"#2"},"west":{"uv":[0,2,1,3],"texture":"#2"},"up":{"uv":[0,2,1,3],"texture":"#2"},"down":{"uv":[0,2,1,3],"texture":"#2"}}},{"from":[9,4,10.25],"to":[10,5,11.25],"faces":{"north":{"uv":[0,4,1,5],"texture":"#2"},"east":{"uv":[0,4,1,5],"texture":"#2"},"south":{"uv":[0,4,1,5],"texture":"#2"},"west":{"uv":[0,4,1,5],"texture":"#2"},"up":{"uv":[0,4,1,5],"texture":"#2"},"down":{"uv":[0,4,1,5],"texture":"#2"}}},{"from":[7,11,10.25],"to":[8,12,11.25],"faces":{"north":{"uv":[0,0,1,1],"texture":"#2"},"east":{"uv":[0,0,1,1],"texture":"#2"},"south":{"uv":[0,0,1,1],"texture":"#2"},"west":{"uv":[0,0,1,1],"texture":"#2"},"up":{"uv":[0,0,1,1],"texture":"#2"},"down":{"uv":[0,0,1,1],"texture":"#2"}}},{"from":[7,6,10.25],"to":[8,7,11.25],"faces":{"north":{"uv":[0,3,1,4],"texture":"#2"},"east":{"uv":[0,3,1,4],"texture":"#2"},"south":{"uv":[0,3,1,4],"texture":"#2"},"west":{"uv":[0,3,1,4],"texture":"#2"},"up":{"uv":[0,3,1,4],"texture":"#2"},"down":{"uv":[0,3,1,4],"texture":"#2"}}},{"from":[8,14,10.25],"to":[9,15,11.25],"faces":{"north":{"uv":[0,1,1,2],"texture":"#2"},"east":{"uv":[0,1,1,2],"texture":"#2"},"south":{"uv":[0,1,1,2],"texture":"#2"},"west":{"uv":[0,1,1,2],"texture":"#2"},"up":{"uv":[0,1,1,2],"texture":"#2"},"down":{"uv":[0,1,1,2],"texture":"#2"}}},{"from":[10.25,0,8],"to":[11.25,1,9],"faces":{"north":{"uv":[0,0,1,1],"texture":"#2"},"east":{"uv":[0,0,1,1],"texture":"#2"},"south":{"uv":[0,0,1,1],"texture":"#2"},"west":{"uv":[0,0,1,1],"texture":"#2"},"up":{"uv":[0,0,1,1],"texture":"#2"},"down":{"uv":[0,0,1,1],"texture":"#2"}}},{"from":[10.25,1,6],"to":[11.25,2,7],"faces":{"north":{"uv":[0,1,1,2],"texture":"#2"},"east":{"uv":[0,1,1,2],"texture":"#2"},"south":{"uv":[0,1,1,2],"texture":"#2"},"west":{"uv":[0,1,1,2],"texture":"#2"},"up":{"uv":[0,1,1,2],"texture":"#2"},"down":{"uv":[0,1,1,2],"texture":"#2"}}},{"from":[10.25,3,9],"to":[11.25,4,10],"faces":{"north":{"uv":[0,2,1,3],"texture":"#2"},"east":{"uv":[0,2,1,3],"texture":"#2"},"south":{"uv":[0,2,1,3],"texture":"#2"},"west":{"uv":[0,2,1,3],"texture":"#2"},"up":{"uv":[0,2,1,3],"texture":"#2"},"down":{"uv":[0,2,1,3],"texture":"#2"}}},{"from":[10.25,6,9],"to":[11.25,7,10],"faces":{"north":{"uv":[0,0,1,1],"texture":"#2"},"east":{"uv":[0,0,1,1],"texture":"#2"},"south":{"uv":[0,0,1,1],"texture":"#2"},"west":{"uv":[0,0,1,1],"texture":"#2"},"up":{"uv":[0,0,1,1],"texture":"#2"},"down":{"uv":[0,0,1,1],"texture":"#2"}}},{"from":[10.25,11,9],"to":[11.25,12,10],"faces":{"north":{"uv":[0,4,1,5],"texture":"#2"},"east":{"uv":[0,4,1,5],"texture":"#2"},"south":{"uv":[0,4,1,5],"texture":"#2"},"west":{"uv":[0,4,1,5],"texture":"#2"},"up":{"uv":[0,4,1,5],"texture":"#2"},"down":{"uv":[0,4,1,5],"texture":"#2"}}},{"from":[10.25,14,8],"to":[11.25,15,9],"faces":{"north":{"uv":[0,2,1,3],"texture":"#2"},"east":{"uv":[0,2,1,3],"texture":"#2"},"south":{"uv":[0,2,1,3],"texture":"#2"},"west":{"uv":[0,2,1,3],"texture":"#2"},"up":{"uv":[0,2,1,3],"texture":"#2"},"down":{"uv":[0,2,1,3],"texture":"#2"}}},{"from":[10.25,15,6],"to":[11.25,16,7],"faces":{"north":{"uv":[0,0,1,1],"texture":"#2"},"east":{"uv":[0,0,1,1],"texture":"#2"},"south":{"uv":[0,0,1,1],"texture":"#2"},"west":{"uv":[0,0,1,1],"texture":"#2"},"up":{"uv":[0,0,1,1],"texture":"#2"},"down":{"uv":[0,0,1,1],"texture":"#2"}}},{"from":[10.25,7,6],"to":[11.25,8,7],"faces":{"north":{"uv":[0,1,1,2],"texture":"#2"},"east":{"uv":[0,1,1,2],"texture":"#2"},"south":{"uv":[0,1,1,2],"texture":"#2"},"west":{"uv":[0,1,1,2],"texture":"#2"},"up":{"uv":[0,1,1,2],"texture":"#2"},"down":{"uv":[0,1,1,2],"texture":"#2"}}},{"from":[10.25,4,7],"to":[11.25,5,8],"faces":{"north":{"uv":[0,4,1,5],"texture":"#2"},"east":{"uv":[0,4,1,5],"texture":"#2"},"south":{"uv":[0,4,1,5],"texture":"#2"},"west":{"uv":[0,4,1,5],"texture":"#2"},"up":{"uv":[0,4,1,5],"texture":"#2"},"down":{"uv":[0,4,1,5],"texture":"#2"}}},{"from":[4.75,0,8],"to":[5.75,1,9],"faces":{"north":{"uv":[0,2,1,3],"texture":"#2"},"east":{"uv":[0,2,1,3],"texture":"#2"},"south":{"uv":[0,2,1,3],"texture":"#2"},"west":{"uv":[0,2,1,3],"texture":"#2"},"up":{"uv":[0,2,1,3],"texture":"#2"},"down":{"uv":[0,2,1,3],"texture":"#2"}}},{"from":[4.75,2,9],"to":[5.75,3,10],"faces":{"north":{"uv":[0,0,1,1],"texture":"#2"},"east":{"uv":[0,0,1,1],"texture":"#2"},"south":{"uv":[0,0,1,1],"texture":"#2"},"west":{"uv":[0,0,1,1],"texture":"#2"},"up":{"uv":[0,0,1,1],"texture":"#2"},"down":{"uv":[0,0,1,1],"texture":"#2"}}},{"from":[4.75,7,9],"to":[5.75,8,10],"faces":{"north":{"uv":[0,3,1,4],"texture":"#2"},"east":{"uv":[0,3,1,4],"texture":"#2"},"south":{"uv":[0,3,1,4],"texture":"#2"},"west":{"uv":[0,3,1,4],"texture":"#2"},"up":{"uv":[0,3,1,4],"texture":"#2"},"down":{"uv":[0,3,1,4],"texture":"#2"}}},{"from":[4.75,7,7],"to":[5.75,8,8],"faces":{"north":{"uv":[0,2,1,3],"texture":"#2"},"east":{"uv":[0,2,1,3],"texture":"#2"},"south":{"uv":[0,2,1,3],"texture":"#2"},"west":{"uv":[0,2,1,3],"texture":"#2"},"up":{"uv":[0,2,1,3],"texture":"#2"},"down":{"uv":[0,2,1,3],"texture":"#2"}}},{"from":[4.75,5,6],"to":[5.75,6,7],"faces":{"north":{"uv":[0,0,1,1],"texture":"#2"},"east":{"uv":[0,0,1,1],"texture":"#2"},"south":{"uv":[0,0,1,1],"texture":"#2"},"west":{"uv":[0,0,1,1],"texture":"#2"},"up":{"uv":[0,0,1,1],"texture":"#2"},"down":{"uv":[0,0,1,1],"texture":"#2"}}},{"from":[4.75,9,6],"to":[5.75,10,7],"faces":{"north":{"uv":[0,0,1,1],"texture":"#2"},"east":{"uv":[0,0,1,1],"texture":"#2"},"south":{"uv":[0,0,1,1],"texture":"#2"},"west":{"uv":[0,0,1,1],"texture":"#2"},"up":{"uv":[0,0,1,1],"texture":"#2"},"down":{"uv":[0,0,1,1],"texture":"#2"}}},{"from":[4.75,13,6],"to":[5.75,14,7],"faces":{"north":{"uv":[0,1,1,2],"texture":"#2"},"east":{"uv":[0,1,1,2],"texture":"#2"},"south":{"uv":[0,1,1,2],"texture":"#2"},"west":{"uv":[0,1,1,2],"texture":"#2"},"up":{"uv":[0,1,1,2],"texture":"#2"},"down":{"uv":[0,1,1,2],"texture":"#2"}}},{"from":[4.75,13,9],"to":[5.75,14,10],"faces":{"north":{"uv":[0,0,1,1],"texture":"#2"},"east":{"uv":[0,0,1,1],"texture":"#2"},"south":{"uv":[0,0,1,1],"texture":"#2"},"west":{"uv":[0,0,1,1],"texture":"#2"},"up":{"uv":[0,0,1,1],"texture":"#2"},"down":{"uv":[0,0,1,1],"texture":"#2"}}},{"from":[4.75,11,7],"to":[5.75,12,8],"faces":{"north":{"uv":[0,4,1,5],"texture":"#2"},"east":{"uv":[0,4,1,5],"texture":"#2"},"south":{"uv":[0,4,1,5],"texture":"#2"},"west":{"uv":[0,4,1,5],"texture":"#2"},"up":{"uv":[0,4,1,5],"texture":"#2"},"down":{"uv":[0,4,1,5],"texture":"#2"}}}],"display":{"thirdperson_righthand":{"translation":[0,0,-2],"scale":[0.3,0.3,0.3]},"thirdperson_lefthand":{"translation":[0,0,-2],"scale":[0.3,0.3,0.3]},"firstperson_righthand":{"translation":[0,0,1],"scale":[0.3,0.3,0.3]},"firstperson_lefthand":{"translation":[0,0,1],"scale":[0.3,0.3,0.3]},"ground":{"scale":[0.3,0.3,0.3]},"gui":{"rotation":[30,-22.5,0],"translation":[0.5,-0.5,0],"scale":[0.4,0.4,0.4]},"fixed":{"translation":[0,0,17.75],"scale":[2,2,2]}}}