{"credit":"Made with Blockbench","parent":"./cit_item_wall","textures":{"1":"block/led_string","2":"block/led_lights_0","particle":"block/led_string"},"elements":[{"from":[-1.25,14,14],"to":[-0.25,15,15],"rotation":{"angle":0,"axis":"y","origin":[-2.75,9,5]},"faces":{"north":{"uv":[0,0,1,1],"texture":"#2"},"east":{"uv":[0,0,1,1],"texture":"#2"},"south":{"uv":[0,0,1,1],"texture":"#2"},"west":{"uv":[0,0,1,1],"texture":"#2"},"up":{"uv":[0,0,1,1],"texture":"#2"},"down":{"uv":[0,0,1,1],"texture":"#2"}}},{"from":[16.28333,14,1.01667],"to":[17.28333,15,2.01667],"rotation":{"angle":0,"axis":"y","origin":[12.76667,7.75,-0.49167]},"faces":{"north":{"uv":[0,0,1,1],"texture":"#2"},"east":{"uv":[0,0,1,1],"texture":"#2"},"south":{"uv":[0,0,1,1],"texture":"#2"},"west":{"uv":[0,0,1,1],"texture":"#2"},"up":{"uv":[0,0,1,1],"rotation":180,"texture":"#2"},"down":{"uv":[0,0,1,1],"rotation":180,"texture":"#2"}}},{"from":[13.98333,14,16.25],"to":[14.98333,15,17.25],"rotation":{"angle":0,"axis":"y","origin":[-0.73333,7.75,8.28333]},"faces":{"north":{"uv":[0,0,1,1],"texture":"#2"},"east":{"uv":[0,0,1,1],"texture":"#2"},"south":{"uv":[0,0,1,1],"texture":"#2"},"west":{"uv":[0,0,1,1],"texture":"#2"},"up":{"uv":[0,0,1,1],"rotation":270,"texture":"#2"},"down":{"uv":[0,0,1,1],"rotation":90,"texture":"#2"}}},{"from":[1.05,14,-1.23333],"to":[2.05,15,-0.23333],"rotation":{"angle":0,"axis":"y","origin":[12.76667,7.75,-0.49167]},"faces":{"north":{"uv":[0,0,1,1],"texture":"#2"},"east":{"uv":[0,0,1,1],"texture":"#2"},"south":{"uv":[0,0,1,1],"texture":"#2"},"west":{"uv":[0,0,1,1],"texture":"#2"},"up":{"uv":[0,0,1,1],"rotation":90,"texture":"#2"},"down":{"uv":[0,0,1,1],"rotation":270,"texture":"#2"}}},{"from":[-1.25,12,15],"to":[-0.25,13,16],"rotation":{"angle":0,"axis":"y","origin":[-2.75,9,5]},"faces":{"north":{"uv":[0,0,1,1],"texture":"#2"},"east":{"uv":[0,0,1,1],"texture":"#2"},"south":{"uv":[0,0,1,1],"texture":"#2"},"west":{"uv":[0,0,1,1],"texture":"#2"},"up":{"uv":[0,0,1,1],"texture":"#2"},"down":{"uv":[0,0,1,1],"texture":"#2"}}},{"from":[16.28333,12,0.01667],"to":[17.28333,13,1.01667],"rotation":{"angle":0,"axis":"y","origin":[12.76667,7.75,-0.49167]},"faces":{"north":{"uv":[0,0,1,1],"texture":"#2"},"east":{"uv":[0,0,1,1],"texture":"#2"},"south":{"uv":[0,0,1,1],"texture":"#2"},"west":{"uv":[0,0,1,1],"texture":"#2"},"up":{"uv":[0,0,1,1],"rotation":180,"texture":"#2"},"down":{"uv":[0,0,1,1],"rotation":180,"texture":"#2"}}},{"from":[14.98333,12,16.25],"to":[15.98333,13,17.25],"rotation":{"angle":0,"axis":"y","origin":[-0.73333,7.75,8.28333]},"faces":{"north":{"uv":[0,0,1,1],"texture":"#2"},"east":{"uv":[0,0,1,1],"texture":"#2"},"south":{"uv":[0,0,1,1],"texture":"#2"},"west":{"uv":[0,0,1,1],"texture":"#2"},"up":{"uv":[0,0,1,1],"rotation":270,"texture":"#2"},"down":{"uv":[0,0,1,1],"rotation":90,"texture":"#2"}}},{"from":[0.05,12,-1.23333],"to":[1.05,13,-0.23333],"rotation":{"angle":0,"axis":"y","origin":[12.76667,7.75,-0.49167]},"faces":{"north":{"uv":[0,0,1,1],"texture":"#2"},"east":{"uv":[0,0,1,1],"texture":"#2"},"south":{"uv":[0,0,1,1],"texture":"#2"},"west":{"uv":[0,0,1,1],"texture":"#2"},"up":{"uv":[0,0,1,1],"rotation":90,"texture":"#2"},"down":{"uv":[0,0,1,1],"rotation":270,"texture":"#2"}}},{"from":[-1.25,13,12],"to":[-0.25,14,13],"rotation":{"angle":0,"axis":"y","origin":[-2.75,9,5]},"faces":{"north":{"uv":[0,0,1,1],"texture":"#2"},"east":{"uv":[0,0,1,1],"texture":"#2"},"south":{"uv":[0,0,1,1],"texture":"#2"},"west":{"uv":[0,0,1,1],"texture":"#2"},"up":{"uv":[0,0,1,1],"texture":"#2"},"down":{"uv":[0,0,1,1],"texture":"#2"}}},{"from":[16.28333,13,3.01667],"to":[17.28333,14,4.01667],"rotation":{"angle":0,"axis":"y","origin":[12.76667,7.75,-0.49167]},"faces":{"north":{"uv":[0,0,1,1],"texture":"#2"},"east":{"uv":[0,0,1,1],"texture":"#2"},"south":{"uv":[0,0,1,1],"texture":"#2"},"west":{"uv":[0,0,1,1],"texture":"#2"},"up":{"uv":[0,0,1,1],"rotation":180,"texture":"#2"},"down":{"uv":[0,0,1,1],"rotation":180,"texture":"#2"}}},{"from":[11.98333,13,16.25],"to":[12.98333,14,17.25],"rotation":{"angle":0,"axis":"y","origin":[-0.73333,7.75,8.28333]},"faces":{"north":{"uv":[0,0,1,1],"texture":"#2"},"east":{"uv":[0,0,1,1],"texture":"#2"},"south":{"uv":[0,0,1,1],"texture":"#2"},"west":{"uv":[0,0,1,1],"texture":"#2"},"up":{"uv":[0,0,1,1],"rotation":270,"texture":"#2"},"down":{"uv":[0,0,1,1],"rotation":90,"texture":"#2"}}},{"from":[3.05,13,-1.23333],"to":[4.05,14,-0.23333],"rotation":{"angle":0,"axis":"y","origin":[12.76667,7.75,-0.49167]},"faces":{"north":{"uv":[0,0,1,1],"texture":"#2"},"east":{"uv":[0,0,1,1],"texture":"#2"},"south":{"uv":[0,0,1,1],"texture":"#2"},"west":{"uv":[0,0,1,1],"texture":"#2"},"up":{"uv":[0,0,1,1],"rotation":90,"texture":"#2"},"down":{"uv":[0,0,1,1],"rotation":270,"texture":"#2"}}},{"from":[-1.25,13,9],"to":[-0.25,14,10],"rotation":{"angle":0,"axis":"y","origin":[-2.75,9,5]},"faces":{"north":{"uv":[0,0,1,1],"texture":"#2"},"east":{"uv":[0,0,1,1],"texture":"#2"},"south":{"uv":[0,0,1,1],"texture":"#2"},"west":{"uv":[0,0,1,1],"texture":"#2"},"up":{"uv":[0,0,1,1],"texture":"#2"},"down":{"uv":[0,0,1,1],"texture":"#2"}}},{"from":[16.28333,13,6.01667],"to":[17.28333,14,7.01667],"rotation":{"angle":0,"axis":"y","origin":[12.76667,7.75,-0.49167]},"faces":{"north":{"uv":[0,0,1,1],"texture":"#2"},"east":{"uv":[0,0,1,1],"texture":"#2"},"south":{"uv":[0,0,1,1],"texture":"#2"},"west":{"uv":[0,0,1,1],"texture":"#2"},"up":{"uv":[0,0,1,1],"rotation":180,"texture":"#2"},"down":{"uv":[0,0,1,1],"rotation":180,"texture":"#2"}}},{"from":[8.98333,13,16.25],"to":[9.98333,14,17.25],"rotation":{"angle":0,"axis":"y","origin":[-0.73333,7.75,8.28333]},"faces":{"north":{"uv":[0,0,1,1],"texture":"#2"},"east":{"uv":[0,0,1,1],"texture":"#2"},"south":{"uv":[0,0,1,1],"texture":"#2"},"west":{"uv":[0,0,1,1],"texture":"#2"},"up":{"uv":[0,0,1,1],"rotation":270,"texture":"#2"},"down":{"uv":[0,0,1,1],"rotation":90,"texture":"#2"}}},{"from":[6.05,13,-1.23333],"to":[7.05,14,-0.23333],"rotation":{"angle":0,"axis":"y","origin":[12.76667,7.75,-0.49167]},"faces":{"north":{"uv":[0,0,1,1],"texture":"#2"},"east":{"uv":[0,0,1,1],"texture":"#2"},"south":{"uv":[0,0,1,1],"texture":"#2"},"west":{"uv":[0,0,1,1],"texture":"#2"},"up":{"uv":[0,0,1,1],"rotation":90,"texture":"#2"},"down":{"uv":[0,0,1,1],"rotation":270,"texture":"#2"}}},{"from":[-1.25,13,6],"to":[-0.25,14,7],"rotation":{"angle":0,"axis":"y","origin":[-2.75,9,5]},"faces":{"north":{"uv":[0,0,1,1],"texture":"#2"},"east":{"uv":[0,0,1,1],"texture":"#2"},"south":{"uv":[0,0,1,1],"texture":"#2"},"west":{"uv":[0,0,1,1],"texture":"#2"},"up":{"uv":[0,0,1,1],"texture":"#2"},"down":{"uv":[0,0,1,1],"texture":"#2"}}},{"from":[16.28333,13,9.01667],"to":[17.28333,14,10.01667],"rotation":{"angle":0,"axis":"y","origin":[12.76667,7.75,-0.49167]},"faces":{"north":{"uv":[0,0,1,1],"texture":"#2"},"east":{"uv":[0,0,1,1],"texture":"#2"},"south":{"uv":[0,0,1,1],"texture":"#2"},"west":{"uv":[0,0,1,1],"texture":"#2"},"up":{"uv":[0,0,1,1],"rotation":180,"texture":"#2"},"down":{"uv":[0,0,1,1],"rotation":180,"texture":"#2"}}},{"from":[5.98333,13,16.25],"to":[6.98333,14,17.25],"rotation":{"angle":0,"axis":"y","origin":[-0.73333,7.75,8.28333]},"faces":{"north":{"uv":[0,0,1,1],"texture":"#2"},"east":{"uv":[0,0,1,1],"texture":"#2"},"south":{"uv":[0,0,1,1],"texture":"#2"},"west":{"uv":[0,0,1,1],"texture":"#2"},"up":{"uv":[0,0,1,1],"rotation":270,"texture":"#2"},"down":{"uv":[0,0,1,1],"rotation":90,"texture":"#2"}}},{"from":[9.05,13,-1.23333],"to":[10.05,14,-0.23333],"rotation":{"angle":0,"axis":"y","origin":[12.76667,7.75,-0.49167]},"faces":{"north":{"uv":[0,0,1,1],"texture":"#2"},"east":{"uv":[0,0,1,1],"texture":"#2"},"south":{"uv":[0,0,1,1],"texture":"#2"},"west":{"uv":[0,0,1,1],"texture":"#2"},"up":{"uv":[0,0,1,1],"rotation":90,"texture":"#2"},"down":{"uv":[0,0,1,1],"rotation":270,"texture":"#2"}}},{"from":[-1.25,15,4],"to":[-0.25,16,5],"rotation":{"angle":0,"axis":"y","origin":[-2.75,9,5]},"faces":{"north":{"uv":[0,0,1,1],"texture":"#2"},"east":{"uv":[0,0,1,1],"texture":"#2"},"south":{"uv":[0,0,1,1],"texture":"#2"},"west":{"uv":[0,0,1,1],"texture":"#2"},"up":{"uv":[0,0,1,1],"texture":"#2"},"down":{"uv":[0,0,1,1],"texture":"#2"}}},{"from":[16.28333,15,11.01667],"to":[17.28333,16,12.01667],"rotation":{"angle":0,"axis":"y","origin":[12.76667,7.75,-0.49167]},"faces":{"north":{"uv":[0,0,1,1],"texture":"#2"},"east":{"uv":[0,0,1,1],"texture":"#2"},"south":{"uv":[0,0,1,1],"texture":"#2"},"west":{"uv":[0,0,1,1],"texture":"#2"},"up":{"uv":[0,0,1,1],"rotation":180,"texture":"#2"},"down":{"uv":[0,0,1,1],"rotation":180,"texture":"#2"}}},{"from":[3.98333,15,16.25],"to":[4.98333,16,17.25],"rotation":{"angle":0,"axis":"y","origin":[-0.73333,7.75,8.28333]},"faces":{"north":{"uv":[0,0,1,1],"texture":"#2"},"east":{"uv":[0,0,1,1],"texture":"#2"},"south":{"uv":[0,0,1,1],"texture":"#2"},"west":{"uv":[0,0,1,1],"texture":"#2"},"up":{"uv":[0,0,1,1],"rotation":270,"texture":"#2"},"down":{"uv":[0,0,1,1],"rotation":90,"texture":"#2"}}},{"from":[11.05,15,-1.23333],"to":[12.05,16,-0.23333],"rotation":{"angle":0,"axis":"y","origin":[12.76667,7.75,-0.49167]},"faces":{"north":{"uv":[0,0,1,1],"texture":"#2"},"east":{"uv":[0,0,1,1],"texture":"#2"},"south":{"uv":[0,0,1,1],"texture":"#2"},"west":{"uv":[0,0,1,1],"texture":"#2"},"up":{"uv":[0,0,1,1],"rotation":90,"texture":"#2"},"down":{"uv":[0,0,1,1],"rotation":270,"texture":"#2"}}},{"from":[-1.25,14,2],"to":[-0.25,15,3],"rotation":{"angle":0,"axis":"y","origin":[-2.75,9,5]},"faces":{"north":{"uv":[0,0,1,1],"texture":"#2"},"east":{"uv":[0,0,1,1],"texture":"#2"},"south":{"uv":[0,0,1,1],"texture":"#2"},"west":{"uv":[0,0,1,1],"texture":"#2"},"up":{"uv":[0,0,1,1],"texture":"#2"},"down":{"uv":[0,0,1,1],"texture":"#2"}}},{"from":[16.28333,14,13.01667],"to":[17.28333,15,14.01667],"rotation":{"angle":0,"axis":"y","origin":[12.76667,7.75,-0.49167]},"faces":{"north":{"uv":[0,0,1,1],"texture":"#2"},"east":{"uv":[0,0,1,1],"texture":"#2"},"south":{"uv":[0,0,1,1],"texture":"#2"},"west":{"uv":[0,0,1,1],"texture":"#2"},"up":{"uv":[0,0,1,1],"rotation":180,"texture":"#2"},"down":{"uv":[0,0,1,1],"rotation":180,"texture":"#2"}}},{"from":[1.98333,14,16.25],"to":[2.98333,15,17.25],"rotation":{"angle":0,"axis":"y","origin":[-0.73333,7.75,8.28333]},"faces":{"north":{"uv":[0,0,1,1],"texture":"#2"},"east":{"uv":[0,0,1,1],"texture":"#2"},"south":{"uv":[0,0,1,1],"texture":"#2"},"west":{"uv":[0,0,1,1],"texture":"#2"},"up":{"uv":[0,0,1,1],"rotation":270,"texture":"#2"},"down":{"uv":[0,0,1,1],"rotation":90,"texture":"#2"}}},{"from":[13.05,14,-1.23333],"to":[14.05,15,-0.23333],"rotation":{"angle":0,"axis":"y","origin":[12.76667,7.75,-0.49167]},"faces":{"north":{"uv":[0,0,1,1],"texture":"#2"},"east":{"uv":[0,0,1,1],"texture":"#2"},"south":{"uv":[0,0,1,1],"texture":"#2"},"west":{"uv":[0,0,1,1],"texture":"#2"},"up":{"uv":[0,0,1,1],"rotation":90,"texture":"#2"},"down":{"uv":[0,0,1,1],"rotation":270,"texture":"#2"}}},{"from":[-1.25,11,1],"to":[-0.25,12,2],"rotation":{"angle":0,"axis":"y","origin":[-2.75,9,5]},"faces":{"north":{"uv":[0,0,1,1],"texture":"#2"},"east":{"uv":[0,0,1,1],"texture":"#2"},"south":{"uv":[0,0,1,1],"texture":"#2"},"west":{"uv":[0,0,1,1],"texture":"#2"},"up":{"uv":[0,0,1,1],"texture":"#2"},"down":{"uv":[0,0,1,1],"texture":"#2"}}},{"from":[16.28333,11,14.01667],"to":[17.28333,12,15.01667],"rotation":{"angle":0,"axis":"y","origin":[12.76667,7.75,-0.49167]},"faces":{"north":{"uv":[0,0,1,1],"texture":"#2"},"east":{"uv":[0,0,1,1],"texture":"#2"},"south":{"uv":[0,0,1,1],"texture":"#2"},"west":{"uv":[0,0,1,1],"texture":"#2"},"up":{"uv":[0,0,1,1],"rotation":180,"texture":"#2"},"down":{"uv":[0,0,1,1],"rotation":180,"texture":"#2"}}},{"from":[0.98333,11,16.25],"to":[1.98333,12,17.25],"rotation":{"angle":0,"axis":"y","origin":[-0.73333,7.75,8.28333]},"faces":{"north":{"uv":[0,0,1,1],"texture":"#2"},"east":{"uv":[0,0,1,1],"texture":"#2"},"south":{"uv":[0,0,1,1],"texture":"#2"},"west":{"uv":[0,0,1,1],"texture":"#2"},"up":{"uv":[0,0,1,1],"rotation":270,"texture":"#2"},"down":{"uv":[0,0,1,1],"rotation":90,"texture":"#2"}}},{"from":[14.05,11,-1.23333],"to":[15.05,12,-0.23333],"rotation":{"angle":0,"axis":"y","origin":[12.76667,7.75,-0.49167]},"faces":{"north":{"uv":[0,0,1,1],"texture":"#2"},"east":{"uv":[0,0,1,1],"texture":"#2"},"south":{"uv":[0,0,1,1],"texture":"#2"},"west":{"uv":[0,0,1,1],"texture":"#2"},"up":{"uv":[0,0,1,1],"rotation":90,"texture":"#2"},"down":{"uv":[0,0,1,1],"rotation":270,"texture":"#2"}}},{"from":[-1.25,6,1],"to":[-0.25,7,2],"rotation":{"angle":0,"axis":"y","origin":[-2.75,9,5]},"faces":{"north":{"uv":[0,0,1,1],"texture":"#2"},"east":{"uv":[0,0,1,1],"texture":"#2"},"south":{"uv":[0,0,1,1],"texture":"#2"},"west":{"uv":[0,0,1,1],"texture":"#2"},"up":{"uv":[0,0,1,1],"texture":"#2"},"down":{"uv":[0,0,1,1],"texture":"#2"}}},{"from":[16.28333,6,14.01667],"to":[17.28333,7,15.01667],"rotation":{"angle":0,"axis":"y","origin":[12.76667,7.75,-0.49167]},"faces":{"north":{"uv":[0,0,1,1],"texture":"#2"},"east":{"uv":[0,0,1,1],"texture":"#2"},"south":{"uv":[0,0,1,1],"texture":"#2"},"west":{"uv":[0,0,1,1],"texture":"#2"},"up":{"uv":[0,0,1,1],"rotation":180,"texture":"#2"},"down":{"uv":[0,0,1,1],"rotation":180,"texture":"#2"}}},{"from":[0.98333,6,16.25],"to":[1.98333,7,17.25],"rotation":{"angle":0,"axis":"y","origin":[-0.73333,7.75,8.28333]},"faces":{"north":{"uv":[0,0,1,1],"texture":"#2"},"east":{"uv":[0,0,1,1],"texture":"#2"},"south":{"uv":[0,0,1,1],"texture":"#2"},"west":{"uv":[0,0,1,1],"texture":"#2"},"up":{"uv":[0,0,1,1],"rotation":270,"texture":"#2"},"down":{"uv":[0,0,1,1],"rotation":90,"texture":"#2"}}},{"from":[14.05,6,-1.23333],"to":[15.05,7,-0.23333],"rotation":{"angle":0,"axis":"y","origin":[12.76667,7.75,-0.49167]},"faces":{"north":{"uv":[0,0,1,1],"texture":"#2"},"east":{"uv":[0,0,1,1],"texture":"#2"},"south":{"uv":[0,0,1,1],"texture":"#2"},"west":{"uv":[0,0,1,1],"texture":"#2"},"up":{"uv":[0,0,1,1],"rotation":90,"texture":"#2"},"down":{"uv":[0,0,1,1],"rotation":270,"texture":"#2"}}},{"from":[-1.25,3,1],"to":[-0.25,4,2],"rotation":{"angle":0,"axis":"y","origin":[-2.75,9,5]},"faces":{"north":{"uv":[0,0,1,1],"texture":"#2"},"east":{"uv":[0,0,1,1],"texture":"#2"},"south":{"uv":[0,0,1,1],"texture":"#2"},"west":{"uv":[0,0,1,1],"texture":"#2"},"up":{"uv":[0,0,1,1],"texture":"#2"},"down":{"uv":[0,0,1,1],"texture":"#2"}}},{"from":[16.28333,3,14.01667],"to":[17.28333,4,15.01667],"rotation":{"angle":0,"axis":"y","origin":[12.76667,7.75,-0.49167]},"faces":{"north":{"uv":[0,0,1,1],"texture":"#2"},"east":{"uv":[0,0,1,1],"texture":"#2"},"south":{"uv":[0,0,1,1],"texture":"#2"},"west":{"uv":[0,0,1,1],"texture":"#2"},"up":{"uv":[0,0,1,1],"rotation":180,"texture":"#2"},"down":{"uv":[0,0,1,1],"rotation":180,"texture":"#2"}}},{"from":[0.98333,3,16.25],"to":[1.98333,4,17.25],"rotation":{"angle":0,"axis":"y","origin":[-0.73333,7.75,8.28333]},"faces":{"north":{"uv":[0,0,1,1],"texture":"#2"},"east":{"uv":[0,0,1,1],"texture":"#2"},"south":{"uv":[0,0,1,1],"texture":"#2"},"west":{"uv":[0,0,1,1],"texture":"#2"},"up":{"uv":[0,0,1,1],"rotation":270,"texture":"#2"},"down":{"uv":[0,0,1,1],"rotation":90,"texture":"#2"}}},{"from":[14.05,3,-1.23333],"to":[15.05,4,-0.23333],"rotation":{"angle":0,"axis":"y","origin":[12.76667,7.75,-0.49167]},"faces":{"north":{"uv":[0,0,1,1],"texture":"#2"},"east":{"uv":[0,0,1,1],"texture":"#2"},"south":{"uv":[0,0,1,1],"texture":"#2"},"west":{"uv":[0,0,1,1],"texture":"#2"},"up":{"uv":[0,0,1,1],"rotation":90,"texture":"#2"},"down":{"uv":[0,0,1,1],"rotation":270,"texture":"#2"}}},{"from":[-1.25,0,2],"to":[-0.25,1,3],"rotation":{"angle":0,"axis":"y","origin":[-2.75,9,5]},"faces":{"north":{"uv":[0,0,1,1],"texture":"#2"},"east":{"uv":[0,0,1,1],"texture":"#2"},"south":{"uv":[0,0,1,1],"texture":"#2"},"west":{"uv":[0,0,1,1],"texture":"#2"},"up":{"uv":[0,0,1,1],"texture":"#2"},"down":{"uv":[0,0,1,1],"texture":"#2"}}},{"from":[16.28333,0,13.01667],"to":[17.28333,1,14.01667],"rotation":{"angle":0,"axis":"y","origin":[12.76667,7.75,-0.49167]},"faces":{"north":{"uv":[0,0,1,1],"texture":"#2"},"east":{"uv":[0,0,1,1],"texture":"#2"},"south":{"uv":[0,0,1,1],"texture":"#2"},"west":{"uv":[0,0,1,1],"texture":"#2"},"up":{"uv":[0,0,1,1],"rotation":180,"texture":"#2"},"down":{"uv":[0,0,1,1],"rotation":180,"texture":"#2"}}},{"from":[1.98333,0,16.25],"to":[2.98333,1,17.25],"rotation":{"angle":0,"axis":"y","origin":[-0.73333,7.75,8.28333]},"faces":{"north":{"uv":[0,0,1,1],"texture":"#2"},"east":{"uv":[0,0,1,1],"texture":"#2"},"south":{"uv":[0,0,1,1],"texture":"#2"},"west":{"uv":[0,0,1,1],"texture":"#2"},"up":{"uv":[0,0,1,1],"rotation":270,"texture":"#2"},"down":{"uv":[0,0,1,1],"rotation":90,"texture":"#2"}}},{"from":[13.05,0,-1.23333],"to":[14.05,1,-0.23333],"rotation":{"angle":0,"axis":"y","origin":[12.76667,7.75,-0.49167]},"faces":{"north":{"uv":[0,0,1,1],"texture":"#2"},"east":{"uv":[0,0,1,1],"texture":"#2"},"south":{"uv":[0,0,1,1],"texture":"#2"},"west":{"uv":[0,0,1,1],"texture":"#2"},"up":{"uv":[0,0,1,1],"rotation":90,"texture":"#2"},"down":{"uv":[0,0,1,1],"rotation":270,"texture":"#2"}}},{"from":[-1.25,1,4],"to":[-0.25,2,5],"rotation":{"angle":0,"axis":"y","origin":[-2.75,9,5]},"faces":{"north":{"uv":[0,0,1,1],"texture":"#2"},"east":{"uv":[0,0,1,1],"texture":"#2"},"south":{"uv":[0,0,1,1],"texture":"#2"},"west":{"uv":[0,0,1,1],"texture":"#2"},"up":{"uv":[0,0,1,1],"texture":"#2"},"down":{"uv":[0,0,1,1],"texture":"#2"}}},{"from":[16.28333,1,11.01667],"to":[17.28333,2,12.01667],"rotation":{"angle":0,"axis":"y","origin":[12.76667,7.75,-0.49167]},"faces":{"north":{"uv":[0,0,1,1],"texture":"#2"},"east":{"uv":[0,0,1,1],"texture":"#2"},"south":{"uv":[0,0,1,1],"texture":"#2"},"west":{"uv":[0,0,1,1],"texture":"#2"},"up":{"uv":[0,0,1,1],"rotation":180,"texture":"#2"},"down":{"uv":[0,0,1,1],"rotation":180,"texture":"#2"}}},{"from":[3.98333,1,16.25],"to":[4.98333,2,17.25],"rotation":{"angle":0,"axis":"y","origin":[-0.73333,7.75,8.28333]},"faces":{"north":{"uv":[0,0,1,1],"texture":"#2"},"east":{"uv":[0,0,1,1],"texture":"#2"},"south":{"uv":[0,0,1,1],"texture":"#2"},"west":{"uv":[0,0,1,1],"texture":"#2"},"up":{"uv":[0,0,1,1],"rotation":270,"texture":"#2"},"down":{"uv":[0,0,1,1],"rotation":90,"texture":"#2"}}},{"from":[11.05,1,-1.23333],"to":[12.05,2,-0.23333],"rotation":{"angle":0,"axis":"y","origin":[12.76667,7.75,-0.49167]},"faces":{"north":{"uv":[0,0,1,1],"texture":"#2"},"east":{"uv":[0,0,1,1],"texture":"#2"},"south":{"uv":[0,0,1,1],"texture":"#2"},"west":{"uv":[0,0,1,1],"texture":"#2"},"up":{"uv":[0,0,1,1],"rotation":90,"texture":"#2"},"down":{"uv":[0,0,1,1],"rotation":270,"texture":"#2"}}},{"from":[-1.25,1,8],"to":[-0.25,2,9],"rotation":{"angle":0,"axis":"y","origin":[-2.75,9,5]},"faces":{"north":{"uv":[0,0,1,1],"texture":"#2"},"east":{"uv":[0,0,1,1],"texture":"#2"},"south":{"uv":[0,0,1,1],"texture":"#2"},"west":{"uv":[0,0,1,1],"texture":"#2"},"up":{"uv":[0,0,1,1],"texture":"#2"},"down":{"uv":[0,0,1,1],"texture":"#2"}}},{"from":[16.28333,1,7.01667],"to":[17.28333,2,8.01667],"rotation":{"angle":0,"axis":"y","origin":[12.76667,7.75,-0.49167]},"faces":{"north":{"uv":[0,0,1,1],"texture":"#2"},"east":{"uv":[0,0,1,1],"texture":"#2"},"south":{"uv":[0,0,1,1],"texture":"#2"},"west":{"uv":[0,0,1,1],"texture":"#2"},"up":{"uv":[0,0,1,1],"rotation":180,"texture":"#2"},"down":{"uv":[0,0,1,1],"rotation":180,"texture":"#2"}}},{"from":[7.98333,1,16.25],"to":[8.98333,2,17.25],"rotation":{"angle":0,"axis":"y","origin":[-0.73333,7.75,8.28333]},"faces":{"north":{"uv":[0,0,1,1],"texture":"#2"},"east":{"uv":[0,0,1,1],"texture":"#2"},"south":{"uv":[0,0,1,1],"texture":"#2"},"west":{"uv":[0,0,1,1],"texture":"#2"},"up":{"uv":[0,0,1,1],"rotation":270,"texture":"#2"},"down":{"uv":[0,0,1,1],"rotation":90,"texture":"#2"}}},{"from":[7.05,1,-1.23333],"to":[8.05,2,-0.23333],"rotation":{"angle":0,"axis":"y","origin":[12.76667,7.75,-0.49167]},"faces":{"north":{"uv":[0,0,1,1],"texture":"#2"},"east":{"uv":[0,0,1,1],"texture":"#2"},"south":{"uv":[0,0,1,1],"texture":"#2"},"west":{"uv":[0,0,1,1],"texture":"#2"},"up":{"uv":[0,0,1,1],"rotation":90,"texture":"#2"},"down":{"uv":[0,0,1,1],"rotation":270,"texture":"#2"}}},{"from":[-1.25,1,14],"to":[-0.25,2,15],"rotation":{"angle":0,"axis":"y","origin":[-2.75,9,5]},"faces":{"north":{"uv":[0,0,1,1],"texture":"#2"},"east":{"uv":[0,0,1,1],"texture":"#2"},"south":{"uv":[0,0,1,1],"texture":"#2"},"west":{"uv":[0,0,1,1],"texture":"#2"},"up":{"uv":[0,0,1,1],"texture":"#2"},"down":{"uv":[0,0,1,1],"texture":"#2"}}},{"from":[16.28333,1,1.01667],"to":[17.28333,2,2.01667],"rotation":{"angle":0,"axis":"y","origin":[12.76667,7.75,-0.49167]},"faces":{"north":{"uv":[0,0,1,1],"texture":"#2"},"east":{"uv":[0,0,1,1],"texture":"#2"},"south":{"uv":[0,0,1,1],"texture":"#2"},"west":{"uv":[0,0,1,1],"texture":"#2"},"up":{"uv":[0,0,1,1],"rotation":180,"texture":"#2"},"down":{"uv":[0,0,1,1],"rotation":180,"texture":"#2"}}},{"from":[13.98333,1,16.25],"to":[14.98333,2,17.25],"rotation":{"angle":0,"axis":"y","origin":[-0.73333,7.75,8.28333]},"faces":{"north":{"uv":[0,0,1,1],"texture":"#2"},"east":{"uv":[0,0,1,1],"texture":"#2"},"south":{"uv":[0,0,1,1],"texture":"#2"},"west":{"uv":[0,0,1,1],"texture":"#2"},"up":{"uv":[0,0,1,1],"rotation":270,"texture":"#2"},"down":{"uv":[0,0,1,1],"rotation":90,"texture":"#2"}}},{"from":[1.05,1,-1.23333],"to":[2.05,2,-0.23333],"rotation":{"angle":0,"axis":"y","origin":[12.76667,7.75,-0.49167]},"faces":{"north":{"uv":[0,0,1,1],"texture":"#2"},"east":{"uv":[0,0,1,1],"texture":"#2"},"south":{"uv":[0,0,1,1],"texture":"#2"},"west":{"uv":[0,0,1,1],"texture":"#2"},"up":{"uv":[0,0,1,1],"rotation":90,"texture":"#2"},"down":{"uv":[0,0,1,1],"rotation":270,"texture":"#2"}}},{"from":[-1.25,0,11],"to":[-0.25,1,12],"rotation":{"angle":0,"axis":"y","origin":[-2.75,9,5]},"faces":{"north":{"uv":[0,0,1,1],"texture":"#2"},"east":{"uv":[0,0,1,1],"texture":"#2"},"south":{"uv":[0,0,1,1],"texture":"#2"},"west":{"uv":[0,0,1,1],"texture":"#2"},"up":{"uv":[0,0,1,1],"texture":"#2"},"down":{"uv":[0,0,1,1],"texture":"#2"}}},{"from":[16.28333,0,4.01667],"to":[17.28333,1,5.01667],"rotation":{"angle":0,"axis":"y","origin":[12.76667,7.75,-0.49167]},"faces":{"north":{"uv":[0,0,1,1],"texture":"#2"},"east":{"uv":[0,0,1,1],"texture":"#2"},"south":{"uv":[0,0,1,1],"texture":"#2"},"west":{"uv":[0,0,1,1],"texture":"#2"},"up":{"uv":[0,0,1,1],"rotation":180,"texture":"#2"},"down":{"uv":[0,0,1,1],"rotation":180,"texture":"#2"}}},{"from":[10.98333,0,16.25],"to":[11.98333,1,17.25],"rotation":{"angle":0,"axis":"y","origin":[-0.73333,7.75,8.28333]},"faces":{"north":{"uv":[0,0,1,1],"texture":"#2"},"east":{"uv":[0,0,1,1],"texture":"#2"},"south":{"uv":[0,0,1,1],"texture":"#2"},"west":{"uv":[0,0,1,1],"texture":"#2"},"up":{"uv":[0,0,1,1],"rotation":270,"texture":"#2"},"down":{"uv":[0,0,1,1],"rotation":90,"texture":"#2"}}},{"from":[4.05,0,-1.23333],"to":[5.05,1,-0.23333],"rotation":{"angle":0,"axis":"y","origin":[12.76667,7.75,-0.49167]},"faces":{"north":{"uv":[0,0,1,1],"texture":"#2"},"east":{"uv":[0,0,1,1],"texture":"#2"},"south":{"uv":[0,0,1,1],"texture":"#2"},"west":{"uv":[0,0,1,1],"texture":"#2"},"up":{"uv":[0,0,1,1],"rotation":90,"texture":"#2"},"down":{"uv":[0,0,1,1],"rotation":270,"texture":"#2"}}},{"from":[-1.25,2,12],"to":[-0.25,3,13],"rotation":{"angle":0,"axis":"y","origin":[-2.75,9,5]},"faces":{"north":{"uv":[0,0,1,1],"texture":"#2"},"east":{"uv":[0,0,1,1],"texture":"#2"},"south":{"uv":[0,0,1,1],"texture":"#2"},"west":{"uv":[0,0,1,1],"texture":"#2"},"up":{"uv":[0,0,1,1],"texture":"#2"},"down":{"uv":[0,0,1,1],"texture":"#2"}}},{"from":[16.28333,2,3.01667],"to":[17.28333,3,4.01667],"rotation":{"angle":0,"axis":"y","origin":[12.76667,7.75,-0.49167]},"faces":{"north":{"uv":[0,0,1,1],"texture":"#2"},"east":{"uv":[0,0,1,1],"texture":"#2"},"south":{"uv":[0,0,1,1],"texture":"#2"},"west":{"uv":[0,0,1,1],"texture":"#2"},"up":{"uv":[0,0,1,1],"rotation":180,"texture":"#2"},"down":{"uv":[0,0,1,1],"rotation":180,"texture":"#2"}}},{"from":[11.98333,2,16.25],"to":[12.98333,3,17.25],"rotation":{"angle":0,"axis":"y","origin":[-0.73333,7.75,8.28333]},"faces":{"north":{"uv":[0,0,1,1],"texture":"#2"},"east":{"uv":[0,0,1,1],"texture":"#2"},"south":{"uv":[0,0,1,1],"texture":"#2"},"west":{"uv":[0,0,1,1],"texture":"#2"},"up":{"uv":[0,0,1,1],"rotation":270,"texture":"#2"},"down":{"uv":[0,0,1,1],"rotation":90,"texture":"#2"}}},{"from":[3.05,2,-1.23333],"to":[4.05,3,-0.23333],"rotation":{"angle":0,"axis":"y","origin":[12.76667,7.75,-0.49167]},"faces":{"north":{"uv":[0,0,1,1],"texture":"#2"},"east":{"uv":[0,0,1,1],"texture":"#2"},"south":{"uv":[0,0,1,1],"texture":"#2"},"west":{"uv":[0,0,1,1],"texture":"#2"},"up":{"uv":[0,0,1,1],"rotation":90,"texture":"#2"},"down":{"uv":[0,0,1,1],"rotation":270,"texture":"#2"}}},{"from":[-1.25,6,15],"to":[-0.25,7,16],"rotation":{"angle":0,"axis":"y","origin":[-2.75,9,5]},"faces":{"north":{"uv":[0,0,1,1],"texture":"#2"},"east":{"uv":[0,0,1,1],"texture":"#2"},"south":{"uv":[0,0,1,1],"texture":"#2"},"west":{"uv":[0,0,1,1],"texture":"#2"},"up":{"uv":[0,0,1,1],"texture":"#2"},"down":{"uv":[0,0,1,1],"texture":"#2"}}},{"from":[16.28333,6,0.01667],"to":[17.28333,7,1.01667],"rotation":{"angle":0,"axis":"y","origin":[12.76667,7.75,-0.49167]},"faces":{"north":{"uv":[0,0,1,1],"texture":"#2"},"east":{"uv":[0,0,1,1],"texture":"#2"},"south":{"uv":[0,0,1,1],"texture":"#2"},"west":{"uv":[0,0,1,1],"texture":"#2"},"up":{"uv":[0,0,1,1],"rotation":180,"texture":"#2"},"down":{"uv":[0,0,1,1],"rotation":180,"texture":"#2"}}},{"from":[14.98333,6,16.25],"to":[15.98333,7,17.25],"rotation":{"angle":0,"axis":"y","origin":[-0.73333,7.75,8.28333]},"faces":{"north":{"uv":[0,0,1,1],"texture":"#2"},"east":{"uv":[0,0,1,1],"texture":"#2"},"south":{"uv":[0,0,1,1],"texture":"#2"},"west":{"uv":[0,0,1,1],"texture":"#2"},"up":{"uv":[0,0,1,1],"rotation":270,"texture":"#2"},"down":{"uv":[0,0,1,1],"rotation":90,"texture":"#2"}}},{"from":[0.05,6,-1.23333],"to":[1.05,7,-0.23333],"rotation":{"angle":0,"axis":"y","origin":[12.76667,7.75,-0.49167]},"faces":{"north":{"uv":[0,0,1,1],"texture":"#2"},"east":{"uv":[0,0,1,1],"texture":"#2"},"south":{"uv":[0,0,1,1],"texture":"#2"},"west":{"uv":[0,0,1,1],"texture":"#2"},"up":{"uv":[0,0,1,1],"rotation":90,"texture":"#2"},"down":{"uv":[0,0,1,1],"rotation":270,"texture":"#2"}}},{"from":[-1.25,5,9],"to":[-0.25,6,10],"rotation":{"angle":0,"axis":"y","origin":[-2.75,9,5]},"faces":{"north":{"uv":[0,0,1,1],"texture":"#2"},"east":{"uv":[0,0,1,1],"texture":"#2"},"south":{"uv":[0,0,1,1],"texture":"#2"},"west":{"uv":[0,0,1,1],"texture":"#2"},"up":{"uv":[0,0,1,1],"texture":"#2"},"down":{"uv":[0,0,1,1],"texture":"#2"}}},{"from":[16.28333,5,6.01667],"to":[17.28333,6,7.01667],"rotation":{"angle":0,"axis":"y","origin":[12.76667,7.75,-0.49167]},"faces":{"north":{"uv":[0,0,1,1],"texture":"#2"},"east":{"uv":[0,0,1,1],"texture":"#2"},"south":{"uv":[0,0,1,1],"texture":"#2"},"west":{"uv":[0,0,1,1],"texture":"#2"},"up":{"uv":[0,0,1,1],"rotation":180,"texture":"#2"},"down":{"uv":[0,0,1,1],"rotation":180,"texture":"#2"}}},{"from":[8.98333,5,16.25],"to":[9.98333,6,17.25],"rotation":{"angle":0,"axis":"y","origin":[-0.73333,7.75,8.28333]},"faces":{"north":{"uv":[0,0,1,1],"texture":"#2"},"east":{"uv":[0,0,1,1],"texture":"#2"},"south":{"uv":[0,0,1,1],"texture":"#2"},"west":{"uv":[0,0,1,1],"texture":"#2"},"up":{"uv":[0,0,1,1],"rotation":270,"texture":"#2"},"down":{"uv":[0,0,1,1],"rotation":90,"texture":"#2"}}},{"from":[6.05,5,-1.23333],"to":[7.05,6,-0.23333],"rotation":{"angle":0,"axis":"y","origin":[12.76667,7.75,-0.49167]},"faces":{"north":{"uv":[0,0,1,1],"texture":"#2"},"east":{"uv":[0,0,1,1],"texture":"#2"},"south":{"uv":[0,0,1,1],"texture":"#2"},"west":{"uv":[0,0,1,1],"texture":"#2"},"up":{"uv":[0,0,1,1],"rotation":90,"texture":"#2"},"down":{"uv":[0,0,1,1],"rotation":270,"texture":"#2"}}},{"from":[-1.25,4,7],"to":[-0.25,5,8],"rotation":{"angle":0,"axis":"y","origin":[-2.75,9,5]},"faces":{"north":{"uv":[0,0,1,1],"texture":"#2"},"east":{"uv":[0,0,1,1],"texture":"#2"},"south":{"uv":[0,0,1,1],"texture":"#2"},"west":{"uv":[0,0,1,1],"texture":"#2"},"up":{"uv":[0,0,1,1],"texture":"#2"},"down":{"uv":[0,0,1,1],"texture":"#2"}}},{"from":[16.28333,4,8.01667],"to":[17.28333,5,9.01667],"rotation":{"angle":0,"axis":"y","origin":[12.76667,7.75,-0.49167]},"faces":{"north":{"uv":[0,0,1,1],"texture":"#2"},"east":{"uv":[0,0,1,1],"texture":"#2"},"south":{"uv":[0,0,1,1],"texture":"#2"},"west":{"uv":[0,0,1,1],"texture":"#2"},"up":{"uv":[0,0,1,1],"rotation":180,"texture":"#2"},"down":{"uv":[0,0,1,1],"rotation":180,"texture":"#2"}}},{"from":[6.98333,4,16.25],"to":[7.98333,5,17.25],"rotation":{"angle":0,"axis":"y","origin":[-0.73333,7.75,8.28333]},"faces":{"north":{"uv":[0,0,1,1],"texture":"#2"},"east":{"uv":[0,0,1,1],"texture":"#2"},"south":{"uv":[0,0,1,1],"texture":"#2"},"west":{"uv":[0,0,1,1],"texture":"#2"},"up":{"uv":[0,0,1,1],"rotation":270,"texture":"#2"},"down":{"uv":[0,0,1,1],"rotation":90,"texture":"#2"}}},{"from":[8.05,4,-1.23333],"to":[9.05,5,-0.23333],"rotation":{"angle":0,"axis":"y","origin":[12.76667,7.75,-0.49167]},"faces":{"north":{"uv":[0,0,1,1],"texture":"#2"},"east":{"uv":[0,0,1,1],"texture":"#2"},"south":{"uv":[0,0,1,1],"texture":"#2"},"west":{"uv":[0,0,1,1],"texture":"#2"},"up":{"uv":[0,0,1,1],"rotation":90,"texture":"#2"},"down":{"uv":[0,0,1,1],"rotation":270,"texture":"#2"}}},{"from":[-1.25,3,5],"to":[-0.25,4,6],"rotation":{"angle":0,"axis":"y","origin":[-2.75,9,5]},"faces":{"north":{"uv":[0,0,1,1],"texture":"#2"},"east":{"uv":[0,0,1,1],"texture":"#2"},"south":{"uv":[0,0,1,1],"texture":"#2"},"west":{"uv":[0,0,1,1],"texture":"#2"},"up":{"uv":[0,0,1,1],"texture":"#2"},"down":{"uv":[0,0,1,1],"texture":"#2"}}},{"from":[16.28333,3,10.01667],"to":[17.28333,4,11.01667],"rotation":{"angle":0,"axis":"y","origin":[12.76667,7.75,-0.49167]},"faces":{"north":{"uv":[0,0,1,1],"texture":"#2"},"east":{"uv":[0,0,1,1],"texture":"#2"},"south":{"uv":[0,0,1,1],"texture":"#2"},"west":{"uv":[0,0,1,1],"texture":"#2"},"up":{"uv":[0,0,1,1],"rotation":180,"texture":"#2"},"down":{"uv":[0,0,1,1],"rotation":180,"texture":"#2"}}},{"from":[4.98333,3,16.25],"to":[5.98333,4,17.25],"rotation":{"angle":0,"axis":"y","origin":[-0.73333,7.75,8.28333]},"faces":{"north":{"uv":[0,0,1,1],"texture":"#2"},"east":{"uv":[0,0,1,1],"texture":"#2"},"south":{"uv":[0,0,1,1],"texture":"#2"},"west":{"uv":[0,0,1,1],"texture":"#2"},"up":{"uv":[0,0,1,1],"rotation":270,"texture":"#2"},"down":{"uv":[0,0,1,1],"rotation":90,"texture":"#2"}}},{"from":[10.05,3,-1.23333],"to":[11.05,4,-0.23333],"rotation":{"angle":0,"axis":"y","origin":[12.76667,7.75,-0.49167]},"faces":{"north":{"uv":[0,0,1,1],"texture":"#2"},"east":{"uv":[0,0,1,1],"texture":"#2"},"south":{"uv":[0,0,1,1],"texture":"#2"},"west":{"uv":[0,0,1,1],"texture":"#2"},"up":{"uv":[0,0,1,1],"rotation":90,"texture":"#2"},"down":{"uv":[0,0,1,1],"rotation":270,"texture":"#2"}}},{"from":[-1.25,4,3],"to":[-0.25,5,4],"rotation":{"angle":0,"axis":"y","origin":[-2.75,9,4.1]},"faces":{"north":{"uv":[0,0,1,1],"texture":"#2"},"east":{"uv":[0,0,1,1],"texture":"#2"},"south":{"uv":[0,0,1,1],"texture":"#2"},"west":{"uv":[0,0,1,1],"texture":"#2"},"up":{"uv":[0,0,1,1],"texture":"#2"},"down":{"uv":[0,0,1,1],"texture":"#2"}}},{"from":[16.28333,4,12.01667],"to":[17.28333,5,13.01667],"rotation":{"angle":0,"axis":"y","origin":[12.76667,7.75,-0.49167]},"faces":{"north":{"uv":[0,0,1,1],"texture":"#2"},"east":{"uv":[0,0,1,1],"texture":"#2"},"south":{"uv":[0,0,1,1],"texture":"#2"},"west":{"uv":[0,0,1,1],"texture":"#2"},"up":{"uv":[0,0,1,1],"rotation":180,"texture":"#2"},"down":{"uv":[0,0,1,1],"rotation":180,"texture":"#2"}}},{"from":[2.98333,4,16.25],"to":[3.98333,5,17.25],"rotation":{"angle":0,"axis":"y","origin":[-0.73333,7.75,8.28333]},"faces":{"north":{"uv":[0,0,1,1],"texture":"#2"},"east":{"uv":[0,0,1,1],"texture":"#2"},"south":{"uv":[0,0,1,1],"texture":"#2"},"west":{"uv":[0,0,1,1],"texture":"#2"},"up":{"uv":[0,0,1,1],"rotation":270,"texture":"#2"},"down":{"uv":[0,0,1,1],"rotation":90,"texture":"#2"}}},{"from":[12.05,4,-1.23333],"to":[13.05,5,-0.23333],"rotation":{"angle":0,"axis":"y","origin":[12.76667,7.75,-0.49167]},"faces":{"north":{"uv":[0,0,1,1],"texture":"#2"},"east":{"uv":[0,0,1,1],"texture":"#2"},"south":{"uv":[0,0,1,1],"texture":"#2"},"west":{"uv":[0,0,1,1],"texture":"#2"},"up":{"uv":[0,0,1,1],"rotation":90,"texture":"#2"},"down":{"uv":[0,0,1,1],"rotation":270,"texture":"#2"}}},{"from":[-1.25,9,5],"to":[-0.25,10,6],"rotation":{"angle":0,"axis":"y","origin":[-2.75,7,5.1]},"faces":{"north":{"uv":[0,0,1,1],"texture":"#2"},"east":{"uv":[0,0,1,1],"texture":"#2"},"south":{"uv":[0,0,1,1],"texture":"#2"},"west":{"uv":[0,0,1,1],"texture":"#2"},"up":{"uv":[0,0,1,1],"texture":"#2"},"down":{"uv":[0,0,1,1],"texture":"#2"}}},{"from":[16.28333,9,10.01667],"to":[17.28333,10,11.01667],"rotation":{"angle":0,"axis":"y","origin":[12.76667,7.75,-0.49167]},"faces":{"north":{"uv":[0,0,1,1],"texture":"#2"},"east":{"uv":[0,0,1,1],"texture":"#2"},"south":{"uv":[0,0,1,1],"texture":"#2"},"west":{"uv":[0,0,1,1],"texture":"#2"},"up":{"uv":[0,0,1,1],"rotation":180,"texture":"#2"},"down":{"uv":[0,0,1,1],"rotation":180,"texture":"#2"}}},{"from":[4.98333,9,16.25],"to":[5.98333,10,17.25],"rotation":{"angle":0,"axis":"y","origin":[-0.73333,7.75,8.28333]},"faces":{"north":{"uv":[0,0,1,1],"texture":"#2"},"east":{"uv":[0,0,1,1],"texture":"#2"},"south":{"uv":[0,0,1,1],"texture":"#2"},"west":{"uv":[0,0,1,1],"texture":"#2"},"up":{"uv":[0,0,1,1],"rotation":270,"texture":"#2"},"down":{"uv":[0,0,1,1],"rotation":90,"texture":"#2"}}},{"from":[10.05,9,-1.23333],"to":[11.05,10,-0.23333],"rotation":{"angle":0,"axis":"y","origin":[12.76667,7.75,-0.49167]},"faces":{"north":{"uv":[0,0,1,1],"texture":"#2"},"east":{"uv":[0,0,1,1],"texture":"#2"},"south":{"uv":[0,0,1,1],"texture":"#2"},"west":{"uv":[0,0,1,1],"texture":"#2"},"up":{"uv":[0,0,1,1],"rotation":90,"texture":"#2"},"down":{"uv":[0,0,1,1],"rotation":270,"texture":"#2"}}},{"from":[-1.25,9,9],"to":[-0.25,10,10],"rotation":{"angle":0,"axis":"y","origin":[-2.75,7,5.1]},"faces":{"north":{"uv":[0,0,1,1],"texture":"#2"},"east":{"uv":[0,0,1,1],"texture":"#2"},"south":{"uv":[0,0,1,1],"texture":"#2"},"west":{"uv":[0,0,1,1],"texture":"#2"},"up":{"uv":[0,0,1,1],"texture":"#2"},"down":{"uv":[0,0,1,1],"texture":"#2"}}},{"from":[16.28333,9,6.01667],"to":[17.28333,10,7.01667],"rotation":{"angle":0,"axis":"y","origin":[12.76667,7.75,-0.49167]},"faces":{"north":{"uv":[0,0,1,1],"texture":"#2"},"east":{"uv":[0,0,1,1],"texture":"#2"},"south":{"uv":[0,0,1,1],"texture":"#2"},"west":{"uv":[0,0,1,1],"texture":"#2"},"up":{"uv":[0,0,1,1],"rotation":180,"texture":"#2"},"down":{"uv":[0,0,1,1],"rotation":180,"texture":"#2"}}},{"from":[8.98333,9,16.25],"to":[9.98333,10,17.25],"rotation":{"angle":0,"axis":"y","origin":[-0.73333,7.75,8.28333]},"faces":{"north":{"uv":[0,0,1,1],"texture":"#2"},"east":{"uv":[0,0,1,1],"texture":"#2"},"south":{"uv":[0,0,1,1],"texture":"#2"},"west":{"uv":[0,0,1,1],"texture":"#2"},"up":{"uv":[0,0,1,1],"rotation":270,"texture":"#2"},"down":{"uv":[0,0,1,1],"rotation":90,"texture":"#2"}}},{"from":[6.05,9,-1.23333],"to":[7.05,10,-0.23333],"rotation":{"angle":0,"axis":"y","origin":[12.76667,7.75,-0.49167]},"faces":{"north":{"uv":[0,0,1,1],"texture":"#2"},"east":{"uv":[0,0,1,1],"texture":"#2"},"south":{"uv":[0,0,1,1],"texture":"#2"},"west":{"uv":[0,0,1,1],"texture":"#2"},"up":{"uv":[0,0,1,1],"rotation":90,"texture":"#2"},"down":{"uv":[0,0,1,1],"rotation":270,"texture":"#2"}}},{"from":[-1.25,7,4],"to":[-0.25,8,5],"rotation":{"angle":0,"axis":"y","origin":[-2.75,7,5.1]},"faces":{"north":{"uv":[0,0,1,1],"texture":"#2"},"east":{"uv":[0,0,1,1],"texture":"#2"},"south":{"uv":[0,0,1,1],"texture":"#2"},"west":{"uv":[0,0,1,1],"texture":"#2"},"up":{"uv":[0,0,1,1],"texture":"#2"},"down":{"uv":[0,0,1,1],"texture":"#2"}}},{"from":[16.28333,7,11.01667],"to":[17.28333,8,12.01667],"rotation":{"angle":0,"axis":"y","origin":[12.76667,7.75,-0.49167]},"faces":{"north":{"uv":[0,0,1,1],"texture":"#2"},"east":{"uv":[0,0,1,1],"texture":"#2"},"south":{"uv":[0,0,1,1],"texture":"#2"},"west":{"uv":[0,0,1,1],"texture":"#2"},"up":{"uv":[0,0,1,1],"rotation":180,"texture":"#2"},"down":{"uv":[0,0,1,1],"rotation":180,"texture":"#2"}}},{"from":[3.98333,7,16.25],"to":[4.98333,8,17.25],"rotation":{"angle":0,"axis":"y","origin":[-0.73333,7.75,8.28333]},"faces":{"north":{"uv":[0,0,1,1],"texture":"#2"},"east":{"uv":[0,0,1,1],"texture":"#2"},"south":{"uv":[0,0,1,1],"texture":"#2"},"west":{"uv":[0,0,1,1],"texture":"#2"},"up":{"uv":[0,0,1,1],"rotation":270,"texture":"#2"},"down":{"uv":[0,0,1,1],"rotation":90,"texture":"#2"}}},{"from":[11.05,7,-1.23333],"to":[12.05,8,-0.23333],"rotation":{"angle":0,"axis":"y","origin":[12.76667,7.75,-0.49167]},"faces":{"north":{"uv":[0,0,1,1],"texture":"#2"},"east":{"uv":[0,0,1,1],"texture":"#2"},"south":{"uv":[0,0,1,1],"texture":"#2"},"west":{"uv":[0,0,1,1],"texture":"#2"},"up":{"uv":[0,0,1,1],"rotation":90,"texture":"#2"},"down":{"uv":[0,0,1,1],"rotation":270,"texture":"#2"}}},{"from":[-1.25,7,12],"to":[-0.25,8,13],"rotation":{"angle":0,"axis":"y","origin":[-2.75,7,5.1]},"faces":{"north":{"uv":[0,0,1,1],"texture":"#2"},"east":{"uv":[0,0,1,1],"texture":"#2"},"south":{"uv":[0,0,1,1],"texture":"#2"},"west":{"uv":[0,0,1,1],"texture":"#2"},"up":{"uv":[0,0,1,1],"texture":"#2"},"down":{"uv":[0,0,1,1],"texture":"#2"}}},{"from":[16.28333,7,3.01667],"to":[17.28333,8,4.01667],"rotation":{"angle":0,"axis":"y","origin":[12.76667,7.75,-0.49167]},"faces":{"north":{"uv":[0,0,1,1],"texture":"#2"},"east":{"uv":[0,0,1,1],"texture":"#2"},"south":{"uv":[0,0,1,1],"texture":"#2"},"west":{"uv":[0,0,1,1],"texture":"#2"},"up":{"uv":[0,0,1,1],"rotation":180,"texture":"#2"},"down":{"uv":[0,0,1,1],"rotation":180,"texture":"#2"}}},{"from":[11.98333,7,16.25],"to":[12.98333,8,17.25],"rotation":{"angle":0,"axis":"y","origin":[-0.73333,7.75,8.28333]},"faces":{"north":{"uv":[0,0,1,1],"texture":"#2"},"east":{"uv":[0,0,1,1],"texture":"#2"},"south":{"uv":[0,0,1,1],"texture":"#2"},"west":{"uv":[0,0,1,1],"texture":"#2"},"up":{"uv":[0,0,1,1],"rotation":270,"texture":"#2"},"down":{"uv":[0,0,1,1],"rotation":90,"texture":"#2"}}},{"from":[3.05,7,-1.23333],"to":[4.05,8,-0.23333],"rotation":{"angle":0,"axis":"y","origin":[12.76667,7.75,-0.49167]},"faces":{"north":{"uv":[0,0,1,1],"texture":"#2"},"east":{"uv":[0,0,1,1],"texture":"#2"},"south":{"uv":[0,0,1,1],"texture":"#2"},"west":{"uv":[0,0,1,1],"texture":"#2"},"up":{"uv":[0,0,1,1],"rotation":90,"texture":"#2"},"down":{"uv":[0,0,1,1],"rotation":270,"texture":"#2"}}},{"from":[-1.25,7,10],"to":[-0.25,8,11],"rotation":{"angle":0,"axis":"y","origin":[-2.75,7,5.1]},"faces":{"north":{"uv":[0,0,1,1],"texture":"#2"},"east":{"uv":[0,0,1,1],"texture":"#2"},"south":{"uv":[0,0,1,1],"texture":"#2"},"west":{"uv":[0,0,1,1],"texture":"#2"},"up":{"uv":[0,0,1,1],"texture":"#2"},"down":{"uv":[0,0,1,1],"texture":"#2"}}},{"from":[16.28333,7,5.01667],"to":[17.28333,8,6.01667],"rotation":{"angle":0,"axis":"y","origin":[12.76667,7.75,-0.49167]},"faces":{"north":{"uv":[0,0,1,1],"texture":"#2"},"east":{"uv":[0,0,1,1],"texture":"#2"},"south":{"uv":[0,0,1,1],"texture":"#2"},"west":{"uv":[0,0,1,1],"texture":"#2"},"up":{"uv":[0,0,1,1],"rotation":180,"texture":"#2"},"down":{"uv":[0,0,1,1],"rotation":180,"texture":"#2"}}},{"from":[9.98333,7,16.25],"to":[10.98333,8,17.25],"rotation":{"angle":0,"axis":"y","origin":[-0.73333,7.75,8.28333]},"faces":{"north":{"uv":[0,0,1,1],"texture":"#2"},"east":{"uv":[0,0,1,1],"texture":"#2"},"south":{"uv":[0,0,1,1],"texture":"#2"},"west":{"uv":[0,0,1,1],"texture":"#2"},"up":{"uv":[0,0,1,1],"rotation":270,"texture":"#2"},"down":{"uv":[0,0,1,1],"rotation":90,"texture":"#2"}}},{"from":[5.05,7,-1.23333],"to":[6.05,8,-0.23333],"rotation":{"angle":0,"axis":"y","origin":[12.76667,7.75,-0.49167]},"faces":{"north":{"uv":[0,0,1,1],"texture":"#2"},"east":{"uv":[0,0,1,1],"texture":"#2"},"south":{"uv":[0,0,1,1],"texture":"#2"},"west":{"uv":[0,0,1,1],"texture":"#2"},"up":{"uv":[0,0,1,1],"rotation":90,"texture":"#2"},"down":{"uv":[0,0,1,1],"rotation":270,"texture":"#2"}}},{"from":[-1.25,10,7],"to":[-0.25,11,8],"rotation":{"angle":0,"axis":"y","origin":[-2.75,10,5.1]},"faces":{"north":{"uv":[0,0,1,1],"texture":"#2"},"east":{"uv":[0,0,1,1],"texture":"#2"},"south":{"uv":[0,0,1,1],"texture":"#2"},"west":{"uv":[0,0,1,1],"texture":"#2"},"up":{"uv":[0,0,1,1],"texture":"#2"},"down":{"uv":[0,0,1,1],"texture":"#2"}}},{"from":[16.28333,10,8.01667],"to":[17.28333,11,9.01667],"rotation":{"angle":0,"axis":"y","origin":[12.76667,7.75,-0.49167]},"faces":{"north":{"uv":[0,0,1,1],"texture":"#2"},"east":{"uv":[0,0,1,1],"texture":"#2"},"south":{"uv":[0,0,1,1],"texture":"#2"},"west":{"uv":[0,0,1,1],"texture":"#2"},"up":{"uv":[0,0,1,1],"rotation":180,"texture":"#2"},"down":{"uv":[0,0,1,1],"rotation":180,"texture":"#2"}}},{"from":[6.98333,10,16.25],"to":[7.98333,11,17.25],"rotation":{"angle":0,"axis":"y","origin":[-0.73333,7.75,8.28333]},"faces":{"north":{"uv":[0,0,1,1],"texture":"#2"},"east":{"uv":[0,0,1,1],"texture":"#2"},"south":{"uv":[0,0,1,1],"texture":"#2"},"west":{"uv":[0,0,1,1],"texture":"#2"},"up":{"uv":[0,0,1,1],"rotation":270,"texture":"#2"},"down":{"uv":[0,0,1,1],"rotation":90,"texture":"#2"}}},{"from":[8.05,10,-1.23333],"to":[9.05,11,-0.23333],"rotation":{"angle":0,"axis":"y","origin":[12.76667,7.75,-0.49167]},"faces":{"north":{"uv":[0,0,1,1],"texture":"#2"},"east":{"uv":[0,0,1,1],"texture":"#2"},"south":{"uv":[0,0,1,1],"texture":"#2"},"west":{"uv":[0,0,1,1],"texture":"#2"},"up":{"uv":[0,0,1,1],"rotation":90,"texture":"#2"},"down":{"uv":[0,0,1,1],"rotation":270,"texture":"#2"}}},{"from":[-1.25,11,10],"to":[-0.25,12,11],"rotation":{"angle":0,"axis":"y","origin":[-2.75,10,5.1]},"faces":{"north":{"uv":[0,0,1,1],"texture":"#2"},"east":{"uv":[0,0,1,1],"texture":"#2"},"south":{"uv":[0,0,1,1],"texture":"#2"},"west":{"uv":[0,0,1,1],"texture":"#2"},"up":{"uv":[0,0,1,1],"texture":"#2"},"down":{"uv":[0,0,1,1],"texture":"#2"}}},{"from":[16.28333,11,5.01667],"to":[17.28333,12,6.01667],"rotation":{"angle":0,"axis":"y","origin":[12.76667,7.75,-0.49167]},"faces":{"north":{"uv":[0,0,1,1],"texture":"#2"},"east":{"uv":[0,0,1,1],"texture":"#2"},"south":{"uv":[0,0,1,1],"texture":"#2"},"west":{"uv":[0,0,1,1],"texture":"#2"},"up":{"uv":[0,0,1,1],"rotation":180,"texture":"#2"},"down":{"uv":[0,0,1,1],"rotation":180,"texture":"#2"}}},{"from":[9.98333,11,16.25],"to":[10.98333,12,17.25],"rotation":{"angle":0,"axis":"y","origin":[-0.73333,7.75,8.28333]},"faces":{"north":{"uv":[0,0,1,1],"texture":"#2"},"east":{"uv":[0,0,1,1],"texture":"#2"},"south":{"uv":[0,0,1,1],"texture":"#2"},"west":{"uv":[0,0,1,1],"texture":"#2"},"up":{"uv":[0,0,1,1],"rotation":270,"texture":"#2"},"down":{"uv":[0,0,1,1],"rotation":90,"texture":"#2"}}},{"from":[5.05,11,-1.23333],"to":[6.05,12,-0.23333],"rotation":{"angle":0,"axis":"y","origin":[12.76667,7.75,-0.49167]},"faces":{"north":{"uv":[0,0,1,1],"texture":"#2"},"east":{"uv":[0,0,1,1],"texture":"#2"},"south":{"uv":[0,0,1,1],"texture":"#2"},"west":{"uv":[0,0,1,1],"texture":"#2"},"up":{"uv":[0,0,1,1],"rotation":90,"texture":"#2"},"down":{"uv":[0,0,1,1],"rotation":270,"texture":"#2"}}},{"from":[-1.25,9,14],"to":[-0.25,10,15],"rotation":{"angle":0,"axis":"y","origin":[-2.75,10,5.1]},"faces":{"north":{"uv":[0,0,1,1],"texture":"#2"},"east":{"uv":[0,0,1,1],"texture":"#2"},"south":{"uv":[0,0,1,1],"texture":"#2"},"west":{"uv":[0,0,1,1],"texture":"#2"},"up":{"uv":[0,0,1,1],"texture":"#2"},"down":{"uv":[0,0,1,1],"texture":"#2"}}},{"from":[16.28333,9,1.01667],"to":[17.28333,10,2.01667],"rotation":{"angle":0,"axis":"y","origin":[12.76667,7.75,-0.49167]},"faces":{"north":{"uv":[0,0,1,1],"texture":"#2"},"east":{"uv":[0,0,1,1],"texture":"#2"},"south":{"uv":[0,0,1,1],"texture":"#2"},"west":{"uv":[0,0,1,1],"texture":"#2"},"up":{"uv":[0,0,1,1],"rotation":180,"texture":"#2"},"down":{"uv":[0,0,1,1],"rotation":180,"texture":"#2"}}},{"from":[13.98333,9,16.25],"to":[14.98333,10,17.25],"rotation":{"angle":0,"axis":"y","origin":[-0.73333,7.75,8.28333]},"faces":{"north":{"uv":[0,0,1,1],"texture":"#2"},"east":{"uv":[0,0,1,1],"texture":"#2"},"south":{"uv":[0,0,1,1],"texture":"#2"},"west":{"uv":[0,0,1,1],"texture":"#2"},"up":{"uv":[0,0,1,1],"rotation":270,"texture":"#2"},"down":{"uv":[0,0,1,1],"rotation":90,"texture":"#2"}}},{"from":[1.05,9,-1.23333],"to":[2.05,10,-0.23333],"rotation":{"angle":0,"axis":"y","origin":[12.76667,7.75,-0.49167]},"faces":{"north":{"uv":[0,0,1,1],"texture":"#2"},"east":{"uv":[0,0,1,1],"texture":"#2"},"south":{"uv":[0,0,1,1],"texture":"#2"},"west":{"uv":[0,0,1,1],"texture":"#2"},"up":{"uv":[0,0,1,1],"rotation":90,"texture":"#2"},"down":{"uv":[0,0,1,1],"rotation":270,"texture":"#2"}}},{"from":[-0.25,0,0],"to":[-0.25,16,16],"faces":{"north":{"uv":[0,0,0,16],"texture":"#missing"},"east":{"uv":[16,0,0,16],"texture":"#1"},"south":{"uv":[0,0,0,16],"texture":"#missing"},"west":{"uv":[0,0,16,16],"texture":"#1"},"up":{"uv":[0,0,0,16],"texture":"#missing"},"down":{"uv":[0,0,0,16],"texture":"#missing"}}},{"from":[16.28333,0,0.01667],"to":[16.28333,16,16.01667],"rotation":{"angle":0,"axis":"y","origin":[12.76667,7.75,-0.49167]},"faces":{"north":{"uv":[0,0,0,16],"texture":"#missing"},"east":{"uv":[0,0,16,16],"texture":"#1"},"south":{"uv":[0,0,0,16],"texture":"#missing"},"west":{"uv":[16,0,0,16],"texture":"#1"},"up":{"uv":[0,0,0,16],"rotation":180,"texture":"#missing"},"down":{"uv":[0,0,0,16],"rotation":180,"texture":"#missing"}}},{"from":[-0.01667,0,16.25],"to":[15.98333,16,16.25],"rotation":{"angle":0,"axis":"y","origin":[-0.73333,7.75,8.28333]},"faces":{"north":{"uv":[16,0,0,16],"texture":"#1"},"east":{"uv":[0,0,0,16],"texture":"#missing"},"south":{"uv":[0,0,16,16],"texture":"#1"},"west":{"uv":[0,0,0,16],"texture":"#missing"},"up":{"uv":[0,0,0,16],"rotation":270,"texture":"#missing"},"down":{"uv":[0,0,0,16],"rotation":90,"texture":"#missing"}}},{"from":[0.05,0,-0.23333],"to":[16.05,16,-0.23333],"rotation":{"angle":0,"axis":"y","origin":[12.76667,7.75,-0.49167]},"faces":{"north":{"uv":[0,0,16,16],"texture":"#1"},"east":{"uv":[0,0,0,16],"texture":"#missing"},"south":{"uv":[16,0,0,16],"texture":"#1"},"west":{"uv":[0,0,0,16],"texture":"#missing"},"up":{"uv":[0,0,0,16],"rotation":90,"texture":"#missing"},"down":{"uv":[0,0,0,16],"rotation":270,"texture":"#missing"}}}],"display":{"thirdperson_righthand":{"translation":[0,0,-2],"scale":[0.3,0.3,0.3]},"thirdperson_lefthand":{"translation":[0,0,-2],"scale":[0.3,0.3,0.3]},"firstperson_righthand":{"translation":[0,0,1],"scale":[0.3,0.3,0.3]},"firstperson_lefthand":{"translation":[0,0,1],"scale":[0.3,0.3,0.3]},"ground":{"scale":[0.3,0.3,0.3]},"gui":{"rotation":[30,-22.5,0],"translation":[0.5,-0.5,0],"scale":[0.4,0.4,0.4]},"fixed":{"translation":[0,0,16.75],"scale":[2,2,2]}}}