{"credit":"Made with Blockbench","textures":{"0":"block/metal back black","2":"block/metal bottom bench black","particle":"block/metal back black"},"elements":[{"from":[10.13388,8,11.90901],"to":[13.63388,9,12.90901],"rotation":{"angle":45,"axis":"y","origin":[11.88388,8.5,12.40901]},"faces":{"north":{"uv":[13,0,14,3.5],"rotation":270,"texture":"#0"},"east":{"uv":[13,0,14,3.5],"rotation":270,"texture":"#0"},"south":{"uv":[13,0,14,3.5],"rotation":270,"texture":"#0"},"west":{"uv":[13,0,14,3.5],"rotation":270,"texture":"#0"},"up":{"uv":[13,0,14,3.5],"rotation":270,"texture":"#0"},"down":{"uv":[13,0,14,3.5],"rotation":270,"texture":"#0"}}},{"from":[12.47487,8,4.52513],"to":[13.47487,9,11.52513],"rotation":{"angle":0,"axis":"y","origin":[7.47487,0.5,11.02513]},"faces":{"north":{"uv":[9,0,16,1],"rotation":90,"texture":"#0"},"east":{"uv":[9,0,16,1],"texture":"#0"},"south":{"uv":[9,0,16,1],"rotation":90,"texture":"#0"},"west":{"uv":[9,0,16,1],"texture":"#0"},"up":{"uv":[9,0,16,1],"rotation":90,"texture":"#0"},"down":{"uv":[9,0,16,1],"rotation":90,"texture":"#0"}}},{"from":[10.2364,8,2.89376],"to":[13.7364,9,3.89376],"rotation":{"angle":-45,"axis":"y","origin":[11.6364,0.5,3.39376]},"faces":{"north":{"uv":[13,0,14,3.5],"rotation":270,"texture":"#0"},"east":{"uv":[13,0,14,3.5],"rotation":270,"texture":"#0"},"south":{"uv":[13,0,14,3.5],"rotation":270,"texture":"#0"},"west":{"uv":[13,0,14,3.5],"rotation":270,"texture":"#0"},"up":{"uv":[13,0,14,3.5],"rotation":270,"texture":"#0"},"down":{"uv":[13,0,14,3.5],"rotation":270,"texture":"#0"}}},{"from":[4.5,8,2.05025],"to":[11,9,3.05025],"rotation":{"angle":0,"axis":"y","origin":[-0.25,0,0.05025]},"faces":{"north":{"uv":[9.5,5,16,6],"texture":"#0"},"east":{"uv":[9.5,5,16,6],"texture":"#0"},"south":{"uv":[9.5,5,16,6],"texture":"#0"},"west":{"uv":[9.5,5,16,6],"texture":"#0"},"up":{"uv":[9.5,5,16,6],"texture":"#0"},"down":{"uv":[9.5,5,16,6],"texture":"#0"}}},{"from":[-2,8,2.05025],"to":[4.5,9,3.05025],"rotation":{"angle":0,"axis":"y","origin":[0.25,0,0.05025]},"faces":{"north":{"uv":[9.5,5,16,6],"rotation":180,"texture":"#0"},"east":{"uv":[9.5,5,16,6],"rotation":180,"texture":"#0"},"south":{"uv":[9.5,5,16,6],"rotation":180,"texture":"#0"},"west":{"uv":[9.5,5,16,6],"rotation":180,"texture":"#0"},"up":{"uv":[9.5,5,16,6],"rotation":180,"texture":"#0"},"down":{"uv":[9.5,5,16,6],"rotation":180,"texture":"#0"}}},{"from":[-2,8,13.05025],"to":[4.5,9,14.05025],"rotation":{"angle":0,"axis":"y","origin":[0.25,0,0.05025]},"faces":{"north":{"uv":[9.5,5,16,6],"texture":"#0"},"east":{"uv":[9.5,5,16,6],"texture":"#0"},"south":{"uv":[9.5,5,16,6],"texture":"#0"},"west":{"uv":[9.5,5,16,6],"texture":"#0"},"up":{"uv":[9.5,5,16,6],"texture":"#0"},"down":{"uv":[9.5,5,16,6],"texture":"#0"}}},{"from":[-8.5,8,2.05025],"to":[-2,9,3.05025],"rotation":{"angle":0,"axis":"y","origin":[0.75,0,0.05025]},"faces":{"north":{"uv":[9.5,5,16,6],"texture":"#0"},"east":{"uv":[9.5,5,16,6],"texture":"#0"},"south":{"uv":[9.5,5,16,6],"texture":"#0"},"west":{"uv":[9.5,5,16,6],"texture":"#0"},"up":{"uv":[9.5,5,16,6],"texture":"#0"},"down":{"uv":[9.5,5,16,6],"texture":"#0"}}},{"from":[-8.5,8,13.05025],"to":[-2,9,14.05025],"rotation":{"angle":0,"axis":"y","origin":[0.75,0,0.05025]},"faces":{"north":{"uv":[9.5,5,16,6],"texture":"#0"},"east":{"uv":[9.5,5,16,6],"texture":"#0"},"south":{"uv":[9.5,5,16,6],"texture":"#0"},"west":{"uv":[9.5,5,16,6],"texture":"#0"},"up":{"uv":[9.5,5,16,6],"texture":"#0"},"down":{"uv":[9.5,5,16,6],"texture":"#0"}}},{"from":[4.5,8,2.05025],"to":[11,9,3.05025],"rotation":{"angle":0,"axis":"y","origin":[-0.25,0,0.05025]},"faces":{"north":{"uv":[10,5,16.5,6],"rotation":180,"texture":"#0"},"east":{"uv":[10,5,16.5,6],"texture":"#0"},"south":{"uv":[10,5,16.5,6],"texture":"#0"},"west":{"uv":[10,5,16.5,6],"texture":"#0"},"up":{"uv":[10,5,16.5,6],"texture":"#0"},"down":{"uv":[10,5,16.5,6],"texture":"#0"}}},{"from":[-2.6486,8,-0.37348],"to":[0.8514,9,0.62652],"rotation":{"angle":45,"axis":"y","origin":[-0.8986,8.5,12.12652]},"faces":{"north":{"uv":[13,2,14,5],"rotation":270,"texture":"#0"},"east":{"uv":[13,2,14,5],"rotation":270,"texture":"#0"},"south":{"uv":[13,2,14,5],"rotation":270,"texture":"#0"},"west":{"uv":[13,2,14,5],"rotation":270,"texture":"#0"},"up":{"uv":[13,2,14,5],"rotation":270,"texture":"#0"},"down":{"uv":[13,2,14,5],"rotation":270,"texture":"#0"}}},{"from":[-10.97487,8,4.52513],"to":[-9.97487,9,11.52513],"rotation":{"angle":0,"axis":"y","origin":[-4.97487,0.5,11.02513]},"faces":{"north":{"uv":[9,5,16,6],"texture":"#0"},"east":{"uv":[9,5,16,6],"texture":"#0"},"south":{"uv":[9,5,16,6],"texture":"#0"},"west":{"uv":[9,5,16,6],"texture":"#0"},"up":{"uv":[9,5,16,6],"rotation":90,"texture":"#0"},"down":{"uv":[9,5,16,6],"rotation":90,"texture":"#0"}}},{"from":[-1.83898,8,15.46913],"to":[1.66102,9,16.46913],"rotation":{"angle":-45,"axis":"y","origin":[-0.43898,0.5,2.96913]},"faces":{"north":{"uv":[13,1,14,4.5],"rotation":270,"texture":"#0"},"east":{"uv":[13,1,14,4.5],"rotation":270,"texture":"#0"},"south":{"uv":[13,1,14,4.5],"rotation":270,"texture":"#0"},"west":{"uv":[13,1,14,4.5],"rotation":270,"texture":"#0"},"up":{"uv":[13,1,14,4.5],"rotation":270,"texture":"#0"},"down":{"uv":[13,1,14,4.5],"rotation":270,"texture":"#0"}}},{"from":[4.5,8,13],"to":[11,9,14],"rotation":{"angle":0,"axis":"y","origin":[0,0,-1]},"faces":{"north":{"uv":[9.5,0,16,1],"texture":"#0"},"east":{"uv":[9.5,0,16,1],"texture":"#0"},"south":{"uv":[9.5,0,16,1],"texture":"#0"},"west":{"uv":[9.5,0,16,1],"texture":"#0"},"up":{"uv":[9.5,0,16,1],"texture":"#0"},"down":{"uv":[9.5,0,16,1],"texture":"#0"}}},{"from":[-9.13216,8.92126,14],"to":[-8.13216,13.42126,15],"rotation":{"angle":22.5,"axis":"z","origin":[-7.88216,10.17126,14.5]},"faces":{"north":{"uv":[12,0,13,4.5],"texture":"#0"},"east":{"uv":[12,0,13,4.5],"texture":"#0"},"south":{"uv":[12,0,13,4.5],"texture":"#0"},"west":{"uv":[12,0,13,4.5],"texture":"#0"},"up":{"uv":[12,0,13,4.5],"texture":"#0"},"down":{"uv":[12,0,13,4.5],"texture":"#0"}}},{"from":[-10.28073,12.69552,14],"to":[-9.28073,17.19552,15],"rotation":{"angle":0,"axis":"z","origin":[-9.78073,14.94552,14.5]},"faces":{"north":{"uv":[13,0,14,4.5],"texture":"#0"},"east":{"uv":[13,0,14,4.5],"texture":"#0"},"south":{"uv":[13,0,14,4.5],"texture":"#0"},"west":{"uv":[13,0,14,4.5],"texture":"#0"},"up":{"uv":[13,0,14,4.5],"texture":"#0"},"down":{"uv":[13,0,14,4.5],"texture":"#0"}}},{"from":[-9.45776,16.83291,13.99],"to":[-8.45776,19.83291,14.99],"rotation":{"angle":-22.5,"axis":"z","origin":[-8.95776,19.08291,14.5]},"faces":{"north":{"uv":[13,5,14,8],"texture":"#0"},"east":{"uv":[13,5,14,8],"texture":"#0"},"south":{"uv":[13,5,14,8],"texture":"#0"},"west":{"uv":[13,5,14,8],"texture":"#0"},"up":{"uv":[13,5,14,8],"texture":"#0"},"down":{"uv":[13,5,14,8],"texture":"#0"}}},{"from":[-8.57202,19.32071,14],"to":[-7.57202,21.32071,15],"rotation":{"angle":-45,"axis":"z","origin":[-8.07202,20.32071,14.5]},"faces":{"north":{"uv":[13,2,14,4],"texture":"#0"},"east":{"uv":[13,2,14,4],"texture":"#0"},"south":{"uv":[13,2,14,4],"texture":"#0"},"west":{"uv":[13,2,14,4],"texture":"#0"},"up":{"uv":[13,2,14,4],"texture":"#0"},"down":{"uv":[13,2,14,4],"texture":"#0"}}},{"from":[5.28153,20.38137,13.999],"to":[10.19653,21.38137,14.999],"rotation":{"angle":0,"axis":"z","origin":[6.28153,20.88137,14.5]},"faces":{"north":{"uv":[11,0,12,4.915],"rotation":270,"texture":"#0"},"east":{"uv":[11,0,12,4.915],"rotation":270,"texture":"#0"},"south":{"uv":[11,0,12,4.915],"rotation":270,"texture":"#0"},"west":{"uv":[11,0,12,4.915],"rotation":270,"texture":"#0"},"up":{"uv":[11,0,12,4.915],"rotation":270,"texture":"#0"},"down":{"uv":[11,0,12,4.915],"rotation":270,"texture":"#0"}}},{"from":[0.36653,20.38137,13.999],"to":[5.28153,21.38137,14.999],"rotation":{"angle":0,"axis":"z","origin":[6.36653,20.88137,14.5]},"faces":{"north":{"uv":[11,0,12,4.915],"rotation":270,"texture":"#0"},"east":{"uv":[11,0,12,4.915],"rotation":270,"texture":"#0"},"south":{"uv":[11,0,12,4.915],"rotation":270,"texture":"#0"},"west":{"uv":[11,0,12,4.915],"rotation":270,"texture":"#0"},"up":{"uv":[11,0,12,4.915],"rotation":270,"texture":"#0"},"down":{"uv":[11,0,12,4.915],"rotation":270,"texture":"#0"}}},{"from":[-4.54847,20.38137,13.999],"to":[0.36653,21.38137,14.999],"rotation":{"angle":0,"axis":"z","origin":[6.45153,20.88137,14.5]},"faces":{"north":{"uv":[11,0,12,4.915],"rotation":270,"texture":"#0"},"east":{"uv":[11,0,12,4.915],"rotation":270,"texture":"#0"},"south":{"uv":[11,0,12,4.915],"rotation":270,"texture":"#0"},"west":{"uv":[11,0,12,4.915],"rotation":270,"texture":"#0"},"up":{"uv":[11,0,12,4.915],"rotation":270,"texture":"#0"},"down":{"uv":[11,0,12,4.915],"rotation":270,"texture":"#0"}}},{"from":[-7.71347,20.38137,13.999],"to":[-4.54847,21.38137,14.999],"rotation":{"angle":0,"axis":"z","origin":[6.53653,20.88137,14.5]},"faces":{"north":{"uv":[11,0,12,4.915],"rotation":270,"texture":"#0"},"east":{"uv":[11,0,12,4.915],"rotation":270,"texture":"#0"},"south":{"uv":[11,0,12,4.915],"rotation":270,"texture":"#0"},"west":{"uv":[11,0,12,4.915],"rotation":270,"texture":"#0"},"up":{"uv":[11,0,12,4.915],"rotation":270,"texture":"#0"},"down":{"uv":[11,0,12,4.915],"rotation":270,"texture":"#0"}}},{"from":[6.86732,17.90531,14],"to":[8.86732,18.90531,15],"rotation":{"angle":-45,"axis":"z","origin":[11.50639,16.09815,14.5]},"faces":{"north":{"uv":[11,4,12,6],"rotation":270,"texture":"#0"},"east":{"uv":[11,0,12,2],"rotation":270,"texture":"#0"},"south":{"uv":[11,0,12,2],"rotation":270,"texture":"#0"},"west":{"uv":[11,0,12,2],"rotation":270,"texture":"#0"},"up":{"uv":[11,0,12,2],"rotation":270,"texture":"#0"},"down":{"uv":[11,0,12,2],"rotation":270,"texture":"#0"}}},{"from":[12.08994,16.61058,13.99],"to":[13.08994,19.61058,14.99],"rotation":{"angle":22.5,"axis":"z","origin":[11.50639,16.09815,14.5]},"faces":{"north":{"uv":[11,6,12,9],"texture":"#0"},"east":{"uv":[11,6,12,9],"texture":"#0"},"south":{"uv":[11,6,12,9],"texture":"#0"},"west":{"uv":[11,6,12,9],"texture":"#0"},"up":{"uv":[11,6,12,9],"texture":"#0"},"down":{"uv":[11,6,12,9],"texture":"#0"}}},{"from":[11.7733,12.67758,14],"to":[12.7733,17.17758,15],"rotation":{"angle":0,"axis":"z","origin":[11.50639,16.09815,14.5]},"faces":{"north":{"uv":[14,0,15,4.5],"texture":"#0"},"east":{"uv":[14,0,15,4.5],"texture":"#0"},"south":{"uv":[14,0,15,4.5],"texture":"#0"},"west":{"uv":[14,0,15,4.5],"texture":"#0"},"up":{"uv":[14,0,15,4.5],"texture":"#0"},"down":{"uv":[14,0,15,4.5],"texture":"#0"}}},{"from":[12.99329,8.9213,14],"to":[13.99329,13.4213,15],"rotation":{"angle":-22.5,"axis":"z","origin":[11.51382,16.11609,14.5]},"faces":{"north":{"uv":[15,6,16,10],"texture":"#0"},"east":{"uv":[15,6,16,10],"texture":"#0"},"south":{"uv":[15,6,16,10],"texture":"#0"},"west":{"uv":[15,6,16,10],"texture":"#0"},"up":{"uv":[15,6,16,10],"texture":"#0"},"down":{"uv":[15,6,16,10],"texture":"#0"}}},{"from":[4.5,8,14.001],"to":[11,9,15.001],"rotation":{"angle":0,"axis":"y","origin":[0,0,-1]},"faces":{"north":{"uv":[9.5,9,16,10],"texture":"#0"},"east":{"uv":[9.5,9,16,10],"texture":"#0"},"south":{"uv":[9.5,9,16,10],"texture":"#0"},"west":{"uv":[9.5,9,16,10],"texture":"#0"},"up":{"uv":[9.5,9,16,10],"texture":"#0"},"down":{"uv":[9.5,9,16,10],"texture":"#0"}}},{"from":[-2,8,14.001],"to":[4.5,9,15.001],"rotation":{"angle":0,"axis":"y","origin":[0.5,0,-1]},"faces":{"north":{"uv":[9,9,15.5,10],"texture":"#0"},"east":{"uv":[9,9,15.5,10],"texture":"#0"},"south":{"uv":[9,9,15.5,10],"texture":"#0"},"west":{"uv":[9,9,15.5,10],"texture":"#0"},"up":{"uv":[9,9,15.5,10],"texture":"#0"},"down":{"uv":[9,9,15.5,10],"texture":"#0"}}},{"from":[-8.5,8,14.001],"to":[-2,9,15.001],"rotation":{"angle":0,"axis":"y","origin":[0.5,0,-1]},"faces":{"north":{"uv":[9.5,9,16,10],"texture":"#0"},"east":{"uv":[9.5,9,16,10],"texture":"#0"},"south":{"uv":[9.5,9,16,10],"texture":"#0"},"west":{"uv":[9.5,9,16,10],"texture":"#0"},"up":{"uv":[9.5,9,16,10],"texture":"#0"},"down":{"uv":[9.5,9,16,10],"texture":"#0"}}},{"from":[11.28251,7,1.38932],"to":[12.28251,8,4.18932],"rotation":{"angle":45,"axis":"y","origin":[12.49084,4.16667,2.53936]},"faces":{"north":{"uv":[11,0,12,1],"texture":"#0"},"east":{"uv":[11,0,13.8,1],"texture":"#0"},"south":{"uv":[13,0,14,1],"texture":"#0"},"west":{"uv":[11,0,13.8,1],"texture":"#0"},"up":{"uv":[11,0,13.8,1],"rotation":90,"texture":"#0"},"down":{"uv":[11,0,13.8,1],"rotation":90,"texture":"#0"}}},{"from":[11.78251,6,1.78937],"to":[12.78251,7,3.78937],"rotation":{"angle":45,"axis":"y","origin":[12.49084,4.16667,2.53936]},"faces":{"north":{"uv":[11,5,12,6],"texture":"#0"},"east":{"uv":[10,5,12,6],"texture":"#0"},"south":{"uv":[11,5,12,6],"texture":"#0"},"west":{"uv":[10,5,12,6],"texture":"#0"},"up":{"uv":[10,5,12,6],"rotation":90,"texture":"#0"},"down":{"uv":[10,5,12,6],"rotation":90,"texture":"#0"}}},{"from":[11.03251,2,2.28937],"to":[12.03251,5,3.28937],"rotation":{"angle":45,"axis":"y","origin":[12.49084,4.16667,2.53936]},"faces":{"north":{"uv":[13,8,14,11],"texture":"#0"},"east":{"uv":[13,8,14,11],"texture":"#0"},"south":{"uv":[13,8,14,11],"texture":"#0"},"west":{"uv":[13,8,14,11],"texture":"#0"},"up":{"uv":[13,8,14,11],"texture":"#0"},"down":{"uv":[13,8,14,11],"texture":"#0"}}},{"from":[11.53251,1,2.28937],"to":[12.53251,2,3.28937],"rotation":{"angle":45,"axis":"y","origin":[12.49084,4.16667,2.53936]},"faces":{"north":{"uv":[13,3,14,4],"texture":"#0"},"east":{"uv":[13,3,14,4],"texture":"#0"},"south":{"uv":[13,3,14,4],"texture":"#0"},"west":{"uv":[13,3,14,4],"texture":"#0"},"up":{"uv":[13,3,14,4],"texture":"#0"},"down":{"uv":[13,3,14,4],"texture":"#0"}}},{"from":[12.03251,0,2.28937],"to":[13.03251,1,3.28937],"rotation":{"angle":45,"axis":"y","origin":[12.49084,4.16667,2.53936]},"faces":{"north":{"uv":[10,10,11,11],"texture":"#0"},"east":{"uv":[10,10,11,11],"texture":"#0"},"south":{"uv":[10,10,11,11],"texture":"#0"},"west":{"uv":[10,10,11,11],"texture":"#0"},"up":{"uv":[10,10,11,11],"texture":"#0"},"down":{"uv":[10,10,11,11],"texture":"#0"}}},{"from":[11.28251,5,2.28937],"to":[12.28251,6,3.28937],"rotation":{"angle":45,"axis":"y","origin":[12.49084,4.16667,2.53936]},"faces":{"north":{"uv":[12,9,13,10],"texture":"#0"},"east":{"uv":[12,9,13,10],"texture":"#0"},"south":{"uv":[12,9,13,10],"texture":"#0"},"west":{"uv":[12,9,13,10],"texture":"#0"},"up":{"uv":[12,9,13,10],"texture":"#0"},"down":{"uv":[12,9,13,10],"texture":"#0"}}},{"from":[-11.61309,7,6.16229],"to":[-10.61309,8,8.96229],"rotation":{"angle":-45,"axis":"y","origin":[-5.07143,4.16667,7.31233]},"faces":{"north":{"uv":[12,0,11,1],"texture":"#0"},"east":{"uv":[13.8,0,11,1],"texture":"#0"},"south":{"uv":[14,0,13,1],"texture":"#0"},"west":{"uv":[13.8,0,11,1],"texture":"#0"},"up":{"uv":[11,1,13.8,0],"rotation":90,"texture":"#0"},"down":{"uv":[11,1,13.8,0],"rotation":90,"texture":"#0"}}},{"from":[-12.11309,6,6.56234],"to":[-11.11309,7,8.56234],"rotation":{"angle":-45,"axis":"y","origin":[-5.07143,4.16667,7.31233]},"faces":{"north":{"uv":[12,5,11,6],"texture":"#0"},"east":{"uv":[12,5,10,6],"texture":"#0"},"south":{"uv":[12,5,11,6],"texture":"#0"},"west":{"uv":[12,5,10,6],"texture":"#0"},"up":{"uv":[10,6,12,5],"rotation":90,"texture":"#0"},"down":{"uv":[10,6,12,5],"rotation":90,"texture":"#0"}}},{"from":[-11.36309,2,7.06234],"to":[-10.36309,5,8.06234],"rotation":{"angle":-45,"axis":"y","origin":[-5.07143,4.16667,7.31233]},"faces":{"north":{"uv":[14,8,13,11],"texture":"#0"},"east":{"uv":[14,8,13,11],"texture":"#0"},"south":{"uv":[14,8,13,11],"texture":"#0"},"west":{"uv":[14,8,13,11],"texture":"#0"},"up":{"uv":[14,8,13,11],"texture":"#0"},"down":{"uv":[14,8,13,11],"texture":"#0"}}},{"from":[-11.86309,1,7.06234],"to":[-10.86309,2,8.06234],"rotation":{"angle":-45,"axis":"y","origin":[-5.07143,4.16667,7.31233]},"faces":{"north":{"uv":[14,3,13,4],"texture":"#0"},"east":{"uv":[14,3,13,4],"texture":"#0"},"south":{"uv":[14,3,13,4],"texture":"#0"},"west":{"uv":[14,3,13,4],"texture":"#0"},"up":{"uv":[14,3,13,4],"texture":"#0"},"down":{"uv":[14,3,13,4],"texture":"#0"}}},{"from":[-12.36309,0,7.06234],"to":[-11.36309,1,8.06234],"rotation":{"angle":-45,"axis":"y","origin":[-5.07143,4.16667,7.31233]},"faces":{"north":{"uv":[11,10,10,11],"texture":"#0"},"east":{"uv":[11,10,10,11],"texture":"#0"},"south":{"uv":[11,10,10,11],"texture":"#0"},"west":{"uv":[11,10,10,11],"texture":"#0"},"up":{"uv":[11,10,10,11],"texture":"#0"},"down":{"uv":[11,10,10,11],"texture":"#0"}}},{"from":[-11.61309,5,7.06234],"to":[-10.61309,6,8.06234],"rotation":{"angle":-45,"axis":"y","origin":[-5.07143,4.16667,7.31233]},"faces":{"north":{"uv":[13,9,12,10],"texture":"#0"},"east":{"uv":[13,9,12,10],"texture":"#0"},"south":{"uv":[13,9,12,10],"texture":"#0"},"west":{"uv":[13,9,12,10],"texture":"#0"},"up":{"uv":[13,9,12,10],"texture":"#0"},"down":{"uv":[13,9,12,10],"texture":"#0"}}},{"from":[12.85266,12.45,6.61104],"to":[13.85266,13.45,11.61104],"rotation":{"angle":0,"axis":"y","origin":[13.85266,9.69552,4.61104]},"faces":{"north":{"uv":[11,2,16,3],"texture":"#0"},"east":{"uv":[11,2,16,3],"texture":"#0"},"south":{"uv":[11,2,16,3],"texture":"#0"},"west":{"uv":[11,2,16,3],"texture":"#0"},"up":{"uv":[11,2,16,3],"rotation":90,"texture":"#0"},"down":{"uv":[11,2,16,3],"rotation":90,"texture":"#0"}}},{"from":[12.852,13.66865,6.76014],"to":[13.852,14.66865,7.76014],"rotation":{"angle":-22.5,"axis":"x","origin":[13.35266,11.16865,10.26014]},"faces":{"north":{"uv":[13,2,14,3],"texture":"#0"},"east":{"uv":[13,2,14,3],"texture":"#0"},"south":{"uv":[13,2,14,3],"texture":"#0"},"west":{"uv":[13,2,14,3],"texture":"#0"},"up":{"uv":[13,2,14,3],"texture":"#0"},"down":{"uv":[13,2,14,3],"texture":"#0"}}},{"from":[12.85266,11.87149,5.64911],"to":[13.85266,12.87149,6.64911],"rotation":{"angle":22.5,"axis":"x","origin":[13.35266,12.87149,6.14911]},"faces":{"north":{"uv":[13,4,14,5],"rotation":180,"texture":"#0"},"east":{"uv":[13,4,14,5],"rotation":180,"texture":"#0"},"south":{"uv":[13,4,14,5],"rotation":180,"texture":"#0"},"west":{"uv":[13,4,14,5],"rotation":180,"texture":"#0"},"up":{"uv":[13,4,14,5],"rotation":180,"texture":"#0"},"down":{"uv":[13,4,14,5],"rotation":180,"texture":"#0"}}},{"from":[12.852,11.13896,5.30448],"to":[13.852,12.13896,6.30448],"rotation":{"angle":0,"axis":"x","origin":[13.35266,11.63896,5.80448]},"faces":{"north":{"uv":[13,5,14,6],"rotation":180,"texture":"#0"},"east":{"uv":[13,5,14,6],"rotation":180,"texture":"#0"},"south":{"uv":[13,5,14,6],"rotation":180,"texture":"#0"},"west":{"uv":[13,5,14,6],"rotation":180,"texture":"#0"},"up":{"uv":[13,5,14,6],"rotation":180,"texture":"#0"},"down":{"uv":[13,5,14,6],"rotation":180,"texture":"#0"}}},{"from":[12.85266,10.36836,5.45776],"to":[13.85266,11.36836,6.45776],"rotation":{"angle":-22.5,"axis":"x","origin":[13.35266,10.86836,5.95776]},"faces":{"north":{"uv":[13,5,14,6],"rotation":180,"texture":"#0"},"east":{"uv":[13,5,14,6],"rotation":180,"texture":"#0"},"south":{"uv":[13,5,14,6],"rotation":180,"texture":"#0"},"west":{"uv":[13,5,14,6],"rotation":180,"texture":"#0"},"up":{"uv":[13,5,14,6],"rotation":180,"texture":"#0"},"down":{"uv":[13,5,14,6],"rotation":180,"texture":"#0"}}},{"from":[12.852,9.71508,5.89427],"to":[13.852,10.71508,6.89427],"rotation":{"angle":-45,"axis":"x","origin":[13.35266,10.21508,6.39427]},"faces":{"north":{"uv":[12,5,13,6],"rotation":180,"texture":"#0"},"east":{"uv":[12,5,13,6],"rotation":180,"texture":"#0"},"south":{"uv":[12,5,13,6],"rotation":180,"texture":"#0"},"west":{"uv":[12,5,13,6],"rotation":180,"texture":"#0"},"up":{"uv":[12,5,13,6],"rotation":180,"texture":"#0"},"down":{"uv":[12,5,13,6],"rotation":180,"texture":"#0"}}},{"from":[12.85266,9.27857,6.54755],"to":[13.85266,10.27857,7.54755],"rotation":{"angle":22.5,"axis":"x","origin":[13.35266,9.77857,7.04755]},"faces":{"north":{"uv":[13,6,14,7],"rotation":180,"texture":"#0"},"east":{"uv":[13,6,14,7],"rotation":180,"texture":"#0"},"south":{"uv":[13,6,14,7],"rotation":180,"texture":"#0"},"west":{"uv":[13,6,14,7],"rotation":180,"texture":"#0"},"up":{"uv":[13,6,14,7],"rotation":180,"texture":"#0"},"down":{"uv":[13,6,14,7],"rotation":180,"texture":"#0"}}},{"from":[12.852,9.12529,7.31815],"to":[13.852,10.12529,8.31815],"rotation":{"angle":0,"axis":"x","origin":[13.35266,9.62529,7.81815]},"faces":{"north":{"uv":[12,5,13,6],"rotation":180,"texture":"#0"},"east":{"uv":[12,5,13,6],"rotation":180,"texture":"#0"},"south":{"uv":[12,5,13,6],"rotation":180,"texture":"#0"},"west":{"uv":[12,5,13,6],"rotation":180,"texture":"#0"},"up":{"uv":[12,5,13,6],"rotation":180,"texture":"#0"},"down":{"uv":[12,5,13,6],"rotation":180,"texture":"#0"}}},{"from":[12.85266,9.27857,8.08875],"to":[13.85266,10.27857,9.08875],"rotation":{"angle":-22.5,"axis":"x","origin":[13.35266,9.77857,8.58875]},"faces":{"north":{"uv":[13,5,14,6],"rotation":180,"texture":"#0"},"east":{"uv":[13,5,14,6],"rotation":180,"texture":"#0"},"south":{"uv":[13,5,14,6],"rotation":180,"texture":"#0"},"west":{"uv":[13,5,14,6],"rotation":180,"texture":"#0"},"up":{"uv":[13,5,14,6],"rotation":180,"texture":"#0"},"down":{"uv":[13,5,14,6],"rotation":180,"texture":"#0"}}},{"from":[12.852,9.71508,8.74203],"to":[13.852,10.71508,9.74203],"rotation":{"angle":-45,"axis":"x","origin":[13.35266,10.21508,9.24203]},"faces":{"north":{"uv":[14,3,15,4],"rotation":180,"texture":"#0"},"east":{"uv":[14,3,15,4],"rotation":180,"texture":"#0"},"south":{"uv":[14,3,15,4],"rotation":180,"texture":"#0"},"west":{"uv":[14,3,15,4],"rotation":180,"texture":"#0"},"up":{"uv":[14,3,15,4],"rotation":180,"texture":"#0"},"down":{"uv":[14,3,15,4],"rotation":180,"texture":"#0"}}},{"from":[12.85266,10.36836,9.17854],"to":[13.85266,11.36836,10.17854],"rotation":{"angle":22.5,"axis":"x","origin":[13.35266,10.86836,9.67854]},"faces":{"north":{"uv":[11,5,12,6],"rotation":180,"texture":"#0"},"east":{"uv":[11,5,12,6],"rotation":180,"texture":"#0"},"south":{"uv":[11,5,12,6],"rotation":180,"texture":"#0"},"west":{"uv":[11,5,12,6],"rotation":180,"texture":"#0"},"up":{"uv":[11,5,12,6],"rotation":180,"texture":"#0"},"down":{"uv":[11,5,12,6],"rotation":180,"texture":"#0"}}},{"from":[12.852,11.13896,9.33182],"to":[13.852,12.63896,10.33182],"rotation":{"angle":0,"axis":"x","origin":[13.35266,11.63896,9.83182]},"faces":{"north":{"uv":[13,5,14,6.5],"rotation":180,"texture":"#0"},"east":{"uv":[13,5,14,6.5],"rotation":180,"texture":"#0"},"south":{"uv":[13,5,14,6.5],"rotation":180,"texture":"#0"},"west":{"uv":[13,5,14,6.5],"rotation":180,"texture":"#0"},"up":{"uv":[13,5,14,6.5],"rotation":180,"texture":"#0"},"down":{"uv":[13,5,14,6.5],"rotation":180,"texture":"#0"}}},{"from":[12.69938,12.44552,11.38164],"to":[13.69938,13.44552,14.38164],"rotation":{"angle":-22.5,"axis":"y","origin":[13.19938,16.44552,11.88164]},"faces":{"north":{"uv":[13,6,16,7],"texture":"#0"},"east":{"uv":[13,6,16,7],"texture":"#0"},"south":{"uv":[13,6,16,7],"texture":"#0"},"west":{"uv":[13,6,16,7],"texture":"#0"},"up":{"uv":[13,6,16,7],"rotation":90,"texture":"#0"},"down":{"uv":[13,6,16,7],"rotation":90,"texture":"#0"}}},{"from":[-11.35266,12.45,6.61104],"to":[-10.35266,13.45,11.61104],"rotation":{"angle":0,"axis":"y","origin":[-11.35266,9.69552,4.61104]},"faces":{"north":{"uv":[16,2,11,3],"texture":"#0"},"east":{"uv":[16,2,11,3],"texture":"#0"},"south":{"uv":[16,2,11,3],"texture":"#0"},"west":{"uv":[16,2,11,3],"texture":"#0"},"up":{"uv":[11,3,16,2],"rotation":90,"texture":"#0"},"down":{"uv":[11,3,16,2],"rotation":90,"texture":"#0"}}},{"from":[-11.352,13.66865,6.76014],"to":[-10.352,14.66865,7.76014],"rotation":{"angle":-22.5,"axis":"x","origin":[-10.85266,11.16865,10.26014]},"faces":{"north":{"uv":[14,2,13,3],"texture":"#0"},"east":{"uv":[14,2,13,3],"texture":"#0"},"south":{"uv":[14,2,13,3],"texture":"#0"},"west":{"uv":[14,2,13,3],"texture":"#0"},"up":{"uv":[14,2,13,3],"texture":"#0"},"down":{"uv":[14,2,13,3],"texture":"#0"}}},{"from":[-11.35266,11.87149,5.64911],"to":[-10.35266,12.87149,6.64911],"rotation":{"angle":22.5,"axis":"x","origin":[-10.85266,12.87149,6.14911]},"faces":{"north":{"uv":[14,4,13,5],"rotation":180,"texture":"#0"},"east":{"uv":[14,4,13,5],"rotation":180,"texture":"#0"},"south":{"uv":[14,4,13,5],"rotation":180,"texture":"#0"},"west":{"uv":[14,4,13,5],"rotation":180,"texture":"#0"},"up":{"uv":[14,4,13,5],"rotation":180,"texture":"#0"},"down":{"uv":[14,4,13,5],"rotation":180,"texture":"#0"}}},{"from":[-11.352,11.13896,5.30448],"to":[-10.352,12.13896,6.30448],"rotation":{"angle":0,"axis":"x","origin":[-10.85266,11.63896,5.80448]},"faces":{"north":{"uv":[14,5,13,6],"rotation":180,"texture":"#0"},"east":{"uv":[14,5,13,6],"rotation":180,"texture":"#0"},"south":{"uv":[14,5,13,6],"rotation":180,"texture":"#0"},"west":{"uv":[14,5,13,6],"rotation":180,"texture":"#0"},"up":{"uv":[14,5,13,6],"rotation":180,"texture":"#0"},"down":{"uv":[14,5,13,6],"rotation":180,"texture":"#0"}}},{"from":[-11.35266,10.36836,5.45776],"to":[-10.35266,11.36836,6.45776],"rotation":{"angle":-22.5,"axis":"x","origin":[-10.85266,10.86836,5.95776]},"faces":{"north":{"uv":[14,5,13,6],"rotation":180,"texture":"#0"},"east":{"uv":[14,5,13,6],"rotation":180,"texture":"#0"},"south":{"uv":[14,5,13,6],"rotation":180,"texture":"#0"},"west":{"uv":[14,5,13,6],"rotation":180,"texture":"#0"},"up":{"uv":[14,5,13,6],"rotation":180,"texture":"#0"},"down":{"uv":[14,5,13,6],"rotation":180,"texture":"#0"}}},{"from":[-11.352,9.71508,5.89427],"to":[-10.352,10.71508,6.89427],"rotation":{"angle":-45,"axis":"x","origin":[-10.85266,10.21508,6.39427]},"faces":{"north":{"uv":[13,5,12,6],"rotation":180,"texture":"#0"},"east":{"uv":[13,5,12,6],"rotation":180,"texture":"#0"},"south":{"uv":[13,5,12,6],"rotation":180,"texture":"#0"},"west":{"uv":[13,5,12,6],"rotation":180,"texture":"#0"},"up":{"uv":[13,5,12,6],"rotation":180,"texture":"#0"},"down":{"uv":[13,5,12,6],"rotation":180,"texture":"#0"}}},{"from":[-11.35266,9.27857,6.54755],"to":[-10.35266,10.27857,7.54755],"rotation":{"angle":22.5,"axis":"x","origin":[-10.85266,9.77857,7.04755]},"faces":{"north":{"uv":[14,6,13,7],"rotation":180,"texture":"#0"},"east":{"uv":[14,6,13,7],"rotation":180,"texture":"#0"},"south":{"uv":[14,6,13,7],"rotation":180,"texture":"#0"},"west":{"uv":[14,6,13,7],"rotation":180,"texture":"#0"},"up":{"uv":[14,6,13,7],"rotation":180,"texture":"#0"},"down":{"uv":[14,6,13,7],"rotation":180,"texture":"#0"}}},{"from":[-11.352,9.12529,7.31815],"to":[-10.352,10.12529,8.31815],"rotation":{"angle":0,"axis":"x","origin":[-10.85266,9.62529,7.81815]},"faces":{"north":{"uv":[13,5,12,6],"rotation":180,"texture":"#0"},"east":{"uv":[13,5,12,6],"rotation":180,"texture":"#0"},"south":{"uv":[13,5,12,6],"rotation":180,"texture":"#0"},"west":{"uv":[13,5,12,6],"rotation":180,"texture":"#0"},"up":{"uv":[13,5,12,6],"rotation":180,"texture":"#0"},"down":{"uv":[13,5,12,6],"rotation":180,"texture":"#0"}}},{"from":[-11.35266,9.27857,8.08875],"to":[-10.35266,10.27857,9.08875],"rotation":{"angle":-22.5,"axis":"x","origin":[-10.85266,9.77857,8.58875]},"faces":{"north":{"uv":[14,5,13,6],"rotation":180,"texture":"#0"},"east":{"uv":[14,5,13,6],"rotation":180,"texture":"#0"},"south":{"uv":[14,5,13,6],"rotation":180,"texture":"#0"},"west":{"uv":[14,5,13,6],"rotation":180,"texture":"#0"},"up":{"uv":[14,5,13,6],"rotation":180,"texture":"#0"},"down":{"uv":[14,5,13,6],"rotation":180,"texture":"#0"}}},{"from":[-11.352,9.71508,8.74203],"to":[-10.352,10.71508,9.74203],"rotation":{"angle":-45,"axis":"x","origin":[-10.85266,10.21508,9.24203]},"faces":{"north":{"uv":[15,3,14,4],"rotation":180,"texture":"#0"},"east":{"uv":[15,3,14,4],"rotation":180,"texture":"#0"},"south":{"uv":[15,3,14,4],"rotation":180,"texture":"#0"},"west":{"uv":[15,3,14,4],"rotation":180,"texture":"#0"},"up":{"uv":[15,3,14,4],"rotation":180,"texture":"#0"},"down":{"uv":[15,3,14,4],"rotation":180,"texture":"#0"}}},{"from":[-11.35266,10.36836,9.17854],"to":[-10.35266,11.36836,10.17854],"rotation":{"angle":22.5,"axis":"x","origin":[-10.85266,10.86836,9.67854]},"faces":{"north":{"uv":[12,5,11,6],"rotation":180,"texture":"#0"},"east":{"uv":[12,5,11,6],"rotation":180,"texture":"#0"},"south":{"uv":[12,5,11,6],"rotation":180,"texture":"#0"},"west":{"uv":[12,5,11,6],"rotation":180,"texture":"#0"},"up":{"uv":[12,5,11,6],"rotation":180,"texture":"#0"},"down":{"uv":[12,5,11,6],"rotation":180,"texture":"#0"}}},{"from":[-11.352,11.13896,9.33182],"to":[-10.352,12.63896,10.33182],"rotation":{"angle":0,"axis":"x","origin":[-10.85266,11.63896,9.83182]},"faces":{"north":{"uv":[14,5,13,6.5],"rotation":180,"texture":"#0"},"east":{"uv":[14,5,13,6.5],"rotation":180,"texture":"#0"},"south":{"uv":[14,5,13,6.5],"rotation":180,"texture":"#0"},"west":{"uv":[14,5,13,6.5],"rotation":180,"texture":"#0"},"up":{"uv":[14,5,13,6.5],"rotation":180,"texture":"#0"},"down":{"uv":[14,5,13,6.5],"rotation":180,"texture":"#0"}}},{"from":[-11.19938,12.44552,11.38164],"to":[-10.19938,13.44552,14.38164],"rotation":{"angle":22.5,"axis":"y","origin":[-10.69938,16.44552,11.88164]},"faces":{"north":{"uv":[16,6,13,7],"texture":"#0"},"east":{"uv":[16,6,13,7],"texture":"#0"},"south":{"uv":[16,6,13,7],"texture":"#0"},"west":{"uv":[16,6,13,7],"texture":"#0"},"up":{"uv":[13,7,16,6],"rotation":90,"texture":"#0"},"down":{"uv":[13,7,16,6],"rotation":90,"texture":"#0"}}},{"from":[8.06554,7,-1.27177],"to":[9.06554,8,1.52823],"rotation":{"angle":-45,"axis":"y","origin":[-4.97612,4.16667,11.3782]},"faces":{"north":{"uv":[14,0,13,1],"texture":"#0"},"east":{"uv":[13.8,0,11,1],"texture":"#0"},"south":{"uv":[12,0,11,1],"texture":"#0"},"west":{"uv":[13.8,0,11,1],"texture":"#0"},"up":{"uv":[11,1,13.8,0],"rotation":270,"texture":"#0"},"down":{"uv":[11,1,13.8,0],"rotation":270,"texture":"#0"}}},{"from":[8.56554,6,-0.87181],"to":[9.56554,7,1.12819],"rotation":{"angle":-45,"axis":"y","origin":[-4.97612,4.16667,11.3782]},"faces":{"north":{"uv":[12,5,11,6],"texture":"#0"},"east":{"uv":[12,5,10,6],"texture":"#0"},"south":{"uv":[12,5,11,6],"texture":"#0"},"west":{"uv":[12,5,10,6],"texture":"#0"},"up":{"uv":[10,6,12,5],"rotation":270,"texture":"#0"},"down":{"uv":[10,6,12,5],"rotation":270,"texture":"#0"}}},{"from":[7.81554,2,-0.37181],"to":[8.81554,5,0.62819],"rotation":{"angle":-45,"axis":"y","origin":[-4.97612,4.16667,11.3782]},"faces":{"north":{"uv":[14,8,13,11],"texture":"#0"},"east":{"uv":[14,8,13,11],"texture":"#0"},"south":{"uv":[14,8,13,11],"texture":"#0"},"west":{"uv":[14,8,13,11],"texture":"#0"},"up":{"uv":[14,8,13,11],"rotation":180,"texture":"#0"},"down":{"uv":[14,8,13,11],"rotation":180,"texture":"#0"}}},{"from":[8.31554,1,-0.37181],"to":[9.31554,2,0.62819],"rotation":{"angle":-45,"axis":"y","origin":[-4.97612,4.16667,11.3782]},"faces":{"north":{"uv":[14,3,13,4],"texture":"#0"},"east":{"uv":[14,3,13,4],"texture":"#0"},"south":{"uv":[14,3,13,4],"texture":"#0"},"west":{"uv":[14,3,13,4],"texture":"#0"},"up":{"uv":[14,3,13,4],"rotation":180,"texture":"#0"},"down":{"uv":[14,3,13,4],"rotation":180,"texture":"#0"}}},{"from":[8.81554,0,-0.37181],"to":[9.81554,1,0.62819],"rotation":{"angle":-45,"axis":"y","origin":[-4.97612,4.16667,11.3782]},"faces":{"north":{"uv":[11,10,10,11],"texture":"#0"},"east":{"uv":[11,10,10,11],"texture":"#0"},"south":{"uv":[11,10,10,11],"texture":"#0"},"west":{"uv":[11,10,10,11],"texture":"#0"},"up":{"uv":[11,10,10,11],"rotation":180,"texture":"#0"},"down":{"uv":[11,10,10,11],"rotation":180,"texture":"#0"}}},{"from":[8.06554,5,-0.37181],"to":[9.06554,6,0.62819],"rotation":{"angle":-45,"axis":"y","origin":[-4.97612,4.16667,11.3782]},"faces":{"north":{"uv":[13,9,12,10],"texture":"#0"},"east":{"uv":[13,9,12,10],"texture":"#0"},"south":{"uv":[13,9,12,10],"texture":"#0"},"west":{"uv":[13,9,12,10],"texture":"#0"},"up":{"uv":[13,9,12,10],"rotation":180,"texture":"#0"},"down":{"uv":[13,9,12,10],"rotation":180,"texture":"#0"}}},{"from":[-9.77476,7,11.28598],"to":[-6.97476,8,12.28598],"rotation":{"angle":-45,"axis":"y","origin":[-10.37473,4.16667,10.49431]},"faces":{"north":{"uv":[13.8,0,11,1],"texture":"#0"},"east":{"uv":[14,0,13,1],"texture":"#0"},"south":{"uv":[13.8,0,11,1],"texture":"#0"},"west":{"uv":[12,0,11,1],"texture":"#0"},"up":{"uv":[11,1,13.8,0],"texture":"#0"},"down":{"uv":[11,1,13.8,0],"rotation":180,"texture":"#0"}}},{"from":[-9.37472,6,11.78598],"to":[-7.37472,7,12.78598],"rotation":{"angle":-45,"axis":"y","origin":[-10.37473,4.16667,10.49431]},"faces":{"north":{"uv":[12,5,10,6],"texture":"#0"},"east":{"uv":[12,5,11,6],"texture":"#0"},"south":{"uv":[12,5,10,6],"texture":"#0"},"west":{"uv":[12,5,11,6],"texture":"#0"},"up":{"uv":[10,6,12,5],"texture":"#0"},"down":{"uv":[10,6,12,5],"rotation":180,"texture":"#0"}}},{"from":[-8.87472,2,11.03598],"to":[-7.87472,5,12.03598],"rotation":{"angle":-45,"axis":"y","origin":[-10.37473,4.16667,10.49431]},"faces":{"north":{"uv":[14,8,13,11],"texture":"#0"},"east":{"uv":[14,8,13,11],"texture":"#0"},"south":{"uv":[14,8,13,11],"texture":"#0"},"west":{"uv":[14,8,13,11],"texture":"#0"},"up":{"uv":[14,8,13,11],"rotation":270,"texture":"#0"},"down":{"uv":[14,8,13,11],"rotation":90,"texture":"#0"}}},{"from":[-8.87472,1,11.53598],"to":[-7.87472,2,12.53598],"rotation":{"angle":-45,"axis":"y","origin":[-10.37473,4.16667,10.49431]},"faces":{"north":{"uv":[14,3,13,4],"texture":"#0"},"east":{"uv":[14,3,13,4],"texture":"#0"},"south":{"uv":[14,3,13,4],"texture":"#0"},"west":{"uv":[14,3,13,4],"texture":"#0"},"up":{"uv":[14,3,13,4],"rotation":270,"texture":"#0"},"down":{"uv":[14,3,13,4],"rotation":90,"texture":"#0"}}},{"from":[-8.87472,0,12.03598],"to":[-7.87472,1,13.03598],"rotation":{"angle":-45,"axis":"y","origin":[-10.37473,4.16667,10.49431]},"faces":{"north":{"uv":[11,10,10,11],"texture":"#0"},"east":{"uv":[11,10,10,11],"texture":"#0"},"south":{"uv":[11,10,10,11],"texture":"#0"},"west":{"uv":[11,10,10,11],"texture":"#0"},"up":{"uv":[11,10,10,11],"rotation":270,"texture":"#0"},"down":{"uv":[11,10,10,11],"rotation":90,"texture":"#0"}}},{"from":[-8.87472,5,11.28598],"to":[-7.87472,6,12.28598],"rotation":{"angle":-45,"axis":"y","origin":[-10.37473,4.16667,10.49431]},"faces":{"north":{"uv":[13,9,12,10],"texture":"#0"},"east":{"uv":[13,9,12,10],"texture":"#0"},"south":{"uv":[13,9,12,10],"texture":"#0"},"west":{"uv":[13,9,12,10],"texture":"#0"},"up":{"uv":[13,9,12,10],"rotation":270,"texture":"#0"},"down":{"uv":[13,9,12,10],"rotation":90,"texture":"#0"}}},{"from":[-9.75,9,14.35],"to":[-0.75,21,14.35],"faces":{"north":{"uv":[4,1.5,13,13.5],"texture":"#2"},"east":{"uv":[4,1.5,13,13.5],"texture":"#2"},"south":{"uv":[2.5,1.5,11.5,13.5],"texture":"#2"},"west":{"uv":[4,1.5,13,13.5],"texture":"#2"},"up":{"uv":[4,1.5,13,13.5],"texture":"#2"},"down":{"uv":[4,1.5,13,13.5],"texture":"#2"}}},{"from":[3.25,9,14.35],"to":[12.25,21,14.35],"faces":{"north":{"uv":[2.5,1.5,11.5,13.5],"texture":"#2"},"east":{"uv":[2.5,1.5,11.5,13.5],"texture":"#2"},"south":{"uv":[4,1.5,13,13.5],"texture":"#2"},"west":{"uv":[2.5,1.5,11.5,13.5],"texture":"#2"},"up":{"uv":[2.5,1.5,11.5,13.5],"texture":"#2"},"down":{"uv":[2.5,1.5,11.5,13.5],"texture":"#2"}}},{"from":[-10.75,8.74,3],"to":[0.25,8.74,14],"rotation":{"angle":0,"axis":"y","origin":[-0.25,0,-0.5]},"faces":{"north":{"uv":[2.5,2.5,13.5,13.5],"texture":"#2"},"east":{"uv":[2.5,2.5,13.5,13.5],"texture":"#2"},"south":{"uv":[2.5,2.5,13.5,13.5],"texture":"#2"},"west":{"uv":[2.5,2.5,13.5,13.5],"texture":"#2"},"up":{"uv":[2.5,2.5,13.5,13.5],"texture":"#2"},"down":{"uv":[2.5,2,13.5,13],"texture":"#2"}}},{"from":[2.25,8.74,3],"to":[13.25,8.74,14],"rotation":{"angle":0,"axis":"y","origin":[-0.25,0,-0.5]},"faces":{"north":{"uv":[2,2.5,13,13.5],"texture":"#2"},"east":{"uv":[2,2.5,13,13.5],"texture":"#2"},"south":{"uv":[2,2.5,13,13.5],"texture":"#2"},"west":{"uv":[2,2.5,13,13.5],"texture":"#2"},"up":{"uv":[2,2.5,13,13.5],"texture":"#2"},"down":{"uv":[2,2,13,13],"texture":"#2"}}},{"from":[0.25,8.74,3],"to":[2.25,8.74,14],"rotation":{"angle":0,"axis":"y","origin":[0.5,17.481,6]},"faces":{"north":{"uv":[13,6.5,2,8.5],"rotation":90,"texture":"#2"},"east":{"uv":[13,6.5,2,8.5],"rotation":90,"texture":"#2"},"south":{"uv":[13,6.5,2,8.5],"rotation":90,"texture":"#2"},"west":{"uv":[13,6.5,2,8.5],"rotation":90,"texture":"#2"},"up":{"uv":[13,6.5,2,8.5],"rotation":90,"texture":"#2"},"down":{"uv":[13,6.5,2,8.5],"rotation":90,"texture":"#2"}}},{"from":[-0.75,8.5,14.351],"to":[3.25,20.5,14.351],"rotation":{"angle":0,"axis":"y","origin":[-2,18,28.702]},"faces":{"north":{"uv":[1.5,5.5,13.5,9.5],"rotation":90,"texture":"#2"},"east":{"uv":[2.5,5.25,13,9.75],"rotation":90,"texture":"#2"},"south":{"uv":[1.5,5.5,13.5,9.5],"rotation":90,"texture":"#2"},"west":{"uv":[2.5,5.25,13,9.75],"rotation":90,"texture":"#2"},"up":{"uv":[2.5,5.25,13,9.75],"rotation":90,"texture":"#2"},"down":{"uv":[2.5,5.25,13,9.75],"rotation":90,"texture":"#2"}}}],"display":{"thirdperson_righthand":{"rotation":[75,45,0],"translation":[0,2.5,0],"scale":[0.3,0.3,0.3]},"thirdperson_lefthand":{"rotation":[75,45,0],"translation":[0,2.5,0],"scale":[0.3,0.3,0.3]},"firstperson_righthand":{"rotation":[0,19,0],"scale":[0.3,0.3,0.3]},"firstperson_lefthand":{"rotation":[0,12,0],"scale":[0.3,0.3,0.3]},"ground":{"translation":[0,0.25,0],"scale":[0.5,0.5,0.5]},"gui":{"rotation":[30,225,0],"translation":[-2,-2.5,0],"scale":[0.45,0.45,0.45]},"head":{"translation":[0,13.75,0],"scale":[0.8,0.8,0.8]},"fixed":{"rotation":[-90,0,0],"translation":[0,-2,-15],"scale":[2,2,2]}},"groups":[{"name":"asiento","origin":[-0.25,0,0.05025],"children":[0,1,2,3,4,5,6,7,8,9,10,11,12]},{"name":"respaldo","origin":[8,8,8],"children":[13,14,15,16,17,18,19,20,21,22,23,24,25,26,27]},{"name":"pata 1","origin":[8,8,8],"children":[28,29,30,31,32,33]},{"name":"pata 2","origin":[8,8,8],"children":[34,35,36,37,38,39]},{"name":"apoya brazos","origin":[8,8,8],"children":[40,41,42,43,44,45,46,47,48,49,50,51,52]},{"name":"apoya brazos","origin":[8,8,8],"children":[53,54,55,56,57,58,59,60,61,62,63,64,65]},{"name":"pata 3","origin":[8,8,8],"children":[66,67,68,69,70,71]},{"name":"pata 4","origin":[8,8,8],"children":[72,73,74,75,76,77]},78,79,80,81,82,83]}