{"credit":"Made with Blockbench","parent":"block/cube_bottom_top","ambientocclusion":false,"textures":{"0":"block/metal back black","1":"block/metal table bottom oscuro","2":"block/metal table top black","particle":"block/metal back black"},"elements":[{"from":[7.46768,6,5.99406],"to":[8.46768,7,8.99406],"rotation":{"angle":22.5,"axis":"y","origin":[6.70225,9,8.25602]},"faces":{"north":{"uv":[9.5,7,10.5,8],"texture":"#0"},"east":{"uv":[9.5,7,10.5,8],"texture":"#0"},"south":{"uv":[9.5,7,10.5,8],"texture":"#0"},"west":{"uv":[9.5,7,10.5,8],"texture":"#0"},"up":{"uv":[9.5,7,10.5,8],"texture":"#0"},"down":{"uv":[9.5,7,10.5,8],"texture":"#0"}}},{"from":[5.26136,6,7.03922],"to":[8.26136,7,8.03922],"rotation":{"angle":-22.5,"axis":"y","origin":[6.70225,9,8.25602]},"faces":{"north":{"uv":[9.5,7,10.5,8],"texture":"#0"},"east":{"uv":[9.5,7,10.5,8],"texture":"#0"},"south":{"uv":[9.5,7,10.5,8],"texture":"#0"},"west":{"uv":[9.5,7,10.5,8],"texture":"#0"},"up":{"uv":[9.5,7,10.5,8],"texture":"#0"},"down":{"uv":[9.5,7,10.5,8],"texture":"#0"}}},{"from":[8.89156,6,6.08043],"to":[9.89156,7,9.08043],"rotation":{"angle":-45,"axis":"y","origin":[9.39156,9,6.58043]},"faces":{"north":{"uv":[9.5,7,10.5,8],"texture":"#0"},"east":{"uv":[9.5,7,10.5,8],"texture":"#0"},"south":{"uv":[9.5,7,10.5,8],"texture":"#0"},"west":{"uv":[9.5,7,10.5,8],"texture":"#0"},"up":{"uv":[9.5,7,10.5,8],"texture":"#0"},"down":{"uv":[9.5,7,10.5,8],"texture":"#0"}}},{"from":[6.91906,6,6.69692],"to":[7.91906,7,9.69692],"rotation":{"angle":-45,"axis":"y","origin":[6.70225,9,8.25602]},"faces":{"north":{"uv":[9.5,7,10.5,8],"texture":"#0"},"east":{"uv":[9.5,7,10.5,8],"texture":"#0"},"south":{"uv":[9.5,7,10.5,8],"texture":"#0"},"west":{"uv":[9.5,7,10.5,8],"texture":"#0"},"up":{"uv":[9.5,7,10.5,8],"texture":"#0"},"down":{"uv":[9.5,7,10.5,8],"texture":"#0"}}},{"from":[7.2089,6,8.874],"to":[10.2089,7,9.874],"rotation":{"angle":-45,"axis":"y","origin":[9.48481,9,9.01803]},"faces":{"north":{"uv":[9.5,7,10.5,8],"texture":"#0"},"east":{"uv":[9.5,7,10.5,8],"texture":"#0"},"south":{"uv":[9.5,7,10.5,8],"texture":"#0"},"west":{"uv":[9.5,7,10.5,8],"texture":"#0"},"up":{"uv":[9.5,7,10.5,8],"texture":"#0"},"down":{"uv":[9.5,7,10.5,8],"texture":"#0"}}},{"from":[4.90539,6,6.68325],"to":[7.90539,7,7.68325],"rotation":{"angle":-45,"axis":"y","origin":[6.70225,9,8.25602]},"faces":{"north":{"uv":[9.5,7,10.5,8],"texture":"#0"},"east":{"uv":[9.5,7,10.5,8],"texture":"#0"},"south":{"uv":[9.5,7,10.5,8],"texture":"#0"},"west":{"uv":[9.5,7,10.5,8],"texture":"#0"},"up":{"uv":[9.5,7,10.5,8],"texture":"#0"},"down":{"uv":[9.5,7,10.5,8],"texture":"#0"}}},{"from":[7.32806,6,6.73371],"to":[10.32806,7,7.73371],"rotation":{"angle":22.5,"axis":"y","origin":[9.82806,9,7.23371]},"faces":{"north":{"uv":[9.5,7,10.5,8],"texture":"#0"},"east":{"uv":[9.5,7,10.5,8],"texture":"#0"},"south":{"uv":[9.5,7,10.5,8],"texture":"#0"},"west":{"uv":[9.5,7,10.5,8],"texture":"#0"},"up":{"uv":[9.5,7,10.5,8],"texture":"#0"},"down":{"uv":[9.5,7,10.5,8],"texture":"#0"}}},{"from":[5.45401,6,8.00773],"to":[8.45401,7,9.00773],"rotation":{"angle":22.5,"axis":"y","origin":[6.70225,9,8.25602]},"faces":{"north":{"uv":[9.5,7,10.5,8],"texture":"#0"},"east":{"uv":[9.5,7,10.5,8],"texture":"#0"},"south":{"uv":[9.5,7,10.5,8],"texture":"#0"},"west":{"uv":[9.5,7,10.5,8],"texture":"#0"},"up":{"uv":[9.5,7,10.5,8],"texture":"#0"},"down":{"uv":[9.5,7,10.5,8],"texture":"#0"}}},{"from":[7.97109,6,7.01457],"to":[8.97109,7,10.01457],"rotation":{"angle":22.5,"axis":"y","origin":[9.48481,9,9.01803]},"faces":{"north":{"uv":[9.5,7,10.5,8],"texture":"#0"},"east":{"uv":[9.5,7,10.5,8],"texture":"#0"},"south":{"uv":[9.5,7,10.5,8],"texture":"#0"},"west":{"uv":[9.5,7,10.5,8],"texture":"#0"},"up":{"uv":[9.5,7,10.5,8],"texture":"#0"},"down":{"uv":[9.5,7,10.5,8],"texture":"#0"}}},{"from":[7.2089,6,8.16206],"to":[10.2089,7,9.16206],"rotation":{"angle":-22.5,"axis":"y","origin":[9.48481,9,9.01803]},"faces":{"north":{"uv":[9.5,7,10.5,8],"texture":"#0"},"east":{"uv":[9.5,7,10.5,8],"texture":"#0"},"south":{"uv":[9.5,7,10.5,8],"texture":"#0"},"west":{"uv":[9.5,7,10.5,8],"texture":"#0"},"up":{"uv":[9.5,7,10.5,8],"texture":"#0"},"down":{"uv":[9.5,7,10.5,8],"texture":"#0"}}},{"from":[7.46768,6,5.49064],"to":[8.46768,7,8.49064],"rotation":{"angle":0,"axis":"y","origin":[7.46768,8.5,5.49064]},"faces":{"north":{"uv":[9.5,7,10.5,8],"texture":"#0"},"east":{"uv":[9.5,7,10.5,8],"texture":"#0"},"south":{"uv":[9.5,7,10.5,8],"texture":"#0"},"west":{"uv":[9.5,7,10.5,8],"texture":"#0"},"up":{"uv":[9.5,7,10.5,8],"texture":"#0"},"down":{"uv":[9.5,7,10.5,8],"texture":"#0"}}},{"from":[7.46768,6,7.51798],"to":[8.46768,7,10.51798],"rotation":{"angle":0,"axis":"y","origin":[6.70225,9,8.25602]},"faces":{"north":{"uv":[9.5,7,10.5,8],"texture":"#0"},"east":{"uv":[9.5,7,10.5,8],"texture":"#0"},"south":{"uv":[9.5,7,10.5,8],"texture":"#0"},"west":{"uv":[9.5,7,10.5,8],"texture":"#0"},"up":{"uv":[9.5,7,10.5,8],"texture":"#0"},"down":{"uv":[9.5,7,10.5,8],"texture":"#0"}}},{"from":[7.48135,6,7.50431],"to":[10.48135,7,8.50431],"rotation":{"angle":0,"axis":"y","origin":[9.48481,9,9.01803]},"faces":{"north":{"uv":[9.5,7,10.5,8],"texture":"#0"},"east":{"uv":[9.5,7,10.5,8],"texture":"#0"},"south":{"uv":[9.5,7,10.5,8],"texture":"#0"},"west":{"uv":[9.5,7,10.5,8],"texture":"#0"},"up":{"uv":[9.5,7,10.5,8],"texture":"#0"},"down":{"uv":[9.5,7,10.5,8],"texture":"#0"}}},{"from":[5.45401,6,7.50431],"to":[8.45401,7,8.50431],"rotation":{"angle":0,"axis":"y","origin":[6.70225,9,8.25602]},"faces":{"north":{"uv":[9.5,7,10.5,8],"texture":"#0"},"east":{"uv":[9.5,7,10.5,8],"texture":"#0"},"south":{"uv":[9.5,7,10.5,8],"texture":"#0"},"west":{"uv":[9.5,7,10.5,8],"texture":"#0"},"up":{"uv":[9.5,7,10.5,8],"texture":"#0"},"down":{"uv":[9.5,7,10.5,8],"texture":"#0"}}},{"from":[8.23827,6,5.64392],"to":[9.23827,7,8.64392],"rotation":{"angle":-22.5,"axis":"y","origin":[8.73827,9,6.14392]},"faces":{"north":{"uv":[9.5,7,10.5,8],"texture":"#0"},"east":{"uv":[9.5,7,10.5,8],"texture":"#0"},"south":{"uv":[9.5,7,10.5,8],"texture":"#0"},"west":{"uv":[9.5,7,10.5,8],"texture":"#0"},"up":{"uv":[9.5,7,10.5,8],"texture":"#0"},"down":{"uv":[9.5,7,10.5,8],"texture":"#0"}}},{"from":[7.27503,6,7.05289],"to":[8.27503,7,10.05289],"rotation":{"angle":-22.5,"axis":"y","origin":[6.70225,9,8.25602]},"faces":{"north":{"uv":[9.5,7,10.5,8],"texture":"#0"},"east":{"uv":[9.5,7,10.5,8],"texture":"#0"},"south":{"uv":[9.5,7,10.5,8],"texture":"#0"},"west":{"uv":[9.5,7,10.5,8],"texture":"#0"},"up":{"uv":[9.5,7,10.5,8],"texture":"#0"},"down":{"uv":[9.5,7,10.5,8],"texture":"#0"}}},{"from":[15.49542,15,6.10127],"to":[16.21542,15.72,9.80927],"rotation":{"angle":0,"axis":"y","origin":[15.50632,13.74,7.97209]},"faces":{"north":{"uv":[11,6,16.15,7],"rotation":90,"texture":"#0"},"east":{"uv":[10,6,15.15,7],"rotation":90,"texture":"#0"},"south":{"uv":[11,6,16.15,7],"rotation":90,"texture":"#0"},"west":{"uv":[11,6,16.15,7],"rotation":90,"texture":"#0"},"up":{"uv":[11,6,16.15,7],"rotation":90,"texture":"#0"},"down":{"uv":[10,6,15.15,7],"rotation":90,"texture":"#0"}}},{"from":[3.43176,15,0.36691],"to":[6.31176,15.72,1.08691],"rotation":{"angle":22.5,"axis":"y","origin":[4.87176,13.74,0.72691]},"faces":{"north":{"uv":[11,2,15,3],"rotation":180,"texture":"#0"},"east":{"uv":[11,2,15,3],"rotation":180,"texture":"#0"},"south":{"uv":[11,2,15,3],"rotation":180,"texture":"#0"},"west":{"uv":[11,2,15,3],"rotation":180,"texture":"#0"},"up":{"uv":[11,2,15,3],"rotation":180,"texture":"#0"},"down":{"uv":[11,2,15,3],"rotation":180,"texture":"#0"}}},{"from":[3.8963,15,16.02228],"to":[6.7763,15.72,16.74228],"rotation":{"angle":-22.5,"axis":"y","origin":[7.9902,13.74,14.6405]},"faces":{"north":{"uv":[11,2,15,3],"rotation":180,"texture":"#0"},"east":{"uv":[11,2,15,3],"rotation":180,"texture":"#0"},"south":{"uv":[11,2,15,3],"rotation":180,"texture":"#0"},"west":{"uv":[11,2,15,3],"rotation":180,"texture":"#0"},"up":{"uv":[11,2,15,3],"rotation":180,"texture":"#0"},"down":{"uv":[11,2,15,3],"rotation":180,"texture":"#0"}}},{"from":[-0.86864,15,3.98365],"to":[-0.14864,15.72,6.86365],"rotation":{"angle":-22.5,"axis":"y","origin":[1.23314,13.74,8.07755]},"faces":{"north":{"uv":[10,1,14,2],"rotation":270,"texture":"#0"},"east":{"uv":[10,1,14,2],"rotation":270,"texture":"#0"},"south":{"uv":[10,1,14,2],"rotation":270,"texture":"#0"},"west":{"uv":[10,1,14,2],"rotation":270,"texture":"#0"},"up":{"uv":[10,1,14,2],"rotation":270,"texture":"#0"},"down":{"uv":[10,1,14,2],"rotation":270,"texture":"#0"}}},{"from":[16.1445,15,9.39806],"to":[16.8645,15.72,12.27806],"rotation":{"angle":-22.5,"axis":"y","origin":[15.50632,13.74,7.97209]},"faces":{"north":{"uv":[12,6,16,7],"rotation":270,"texture":"#0"},"east":{"uv":[11.5,6,15.5,7],"rotation":270,"texture":"#0"},"south":{"uv":[12,6,16,7],"rotation":270,"texture":"#0"},"west":{"uv":[12,6,16,7],"rotation":270,"texture":"#0"},"up":{"uv":[12,6,16,7],"rotation":270,"texture":"#0"},"down":{"uv":[11.5,6,15.5,7],"rotation":270,"texture":"#0"}}},{"from":[6.06437,15,-0.15676],"to":[9.95237,15.72,0.56324],"rotation":{"angle":0,"axis":"y","origin":[2.28437,1.86,2.36324]},"faces":{"north":{"uv":[10,2,15.4,3],"texture":"#0"},"east":{"uv":[11,2,16.4,3],"texture":"#0"},"south":{"uv":[11,2,16.4,3],"texture":"#0"},"west":{"uv":[11,2,16.4,3],"texture":"#0"},"up":{"uv":[10,2,15.4,3],"texture":"#0"},"down":{"uv":[10,2,15.4,3],"texture":"#0"}}},{"from":[6.06437,15,15.39776],"to":[9.95237,15.72,16.11776],"rotation":{"angle":0,"axis":"y","origin":[7.9902,13.74,14.6405]},"faces":{"north":{"uv":[11,0,16,1],"texture":"#0"},"east":{"uv":[11,0,16,1],"texture":"#0"},"south":{"uv":[10.5,0,15.5,1],"texture":"#0"},"west":{"uv":[11,0,16,1],"texture":"#0"},"up":{"uv":[11,0,16,1],"texture":"#0"},"down":{"uv":[10.5,0.5,15.5,1.5],"texture":"#0"}}},{"from":[-0.24411,15,6.15172],"to":[0.47589,15.72,9.85972],"rotation":{"angle":0,"axis":"y","origin":[1.23314,13.74,8.07755]},"faces":{"north":{"uv":[11,0,16.15,1],"rotation":90,"texture":"#0"},"east":{"uv":[11,0,16.15,1],"rotation":90,"texture":"#0"},"south":{"uv":[11,0,16.15,1],"rotation":90,"texture":"#0"},"west":{"uv":[10.5,0.5,15.5,1.5],"rotation":90,"texture":"#0"},"up":{"uv":[11,0,16.15,1],"rotation":90,"texture":"#0"},"down":{"uv":[10.5,0.5,15.65,1.5],"rotation":90,"texture":"#0"}}},{"from":[16.13807,15,3.68166],"to":[16.85807,15.72,6.56166],"rotation":{"angle":22.5,"axis":"y","origin":[15.50632,13.74,7.97209]},"faces":{"north":{"uv":[11,1,15,2],"rotation":270,"texture":"#0"},"east":{"uv":[11,1,15,2],"rotation":270,"texture":"#0"},"south":{"uv":[11,1,15,2],"rotation":270,"texture":"#0"},"west":{"uv":[11,1,15,2],"rotation":270,"texture":"#0"},"up":{"uv":[11,1,15,2],"rotation":270,"texture":"#0"},"down":{"uv":[11,1,15,2],"rotation":270,"texture":"#0"}}},{"from":[1.16,15,0.98],"to":[4.76,15.72,1.7],"rotation":{"angle":45,"axis":"y","origin":[4.04,2.58,2.6]},"faces":{"north":{"uv":[9,5,14,6],"texture":"#0"},"east":{"uv":[9,5,14,6],"texture":"#0"},"south":{"uv":[9,5,14,6],"texture":"#0"},"west":{"uv":[9,5,14,6],"texture":"#0"},"up":{"uv":[9,5,14,6],"texture":"#0"},"down":{"uv":[9,5,14,6],"texture":"#0"}}},{"from":[1.41224,15,17.42897],"to":[5.01224,15.72,18.14897],"rotation":{"angle":-45,"axis":"y","origin":[7.9902,13.74,14.6405]},"faces":{"north":{"uv":[11,3,16,4],"texture":"#0"},"east":{"uv":[11,3,16,4],"texture":"#0"},"south":{"uv":[10.5,3,15.5,4],"texture":"#0"},"west":{"uv":[11,3,16,4],"texture":"#0"},"up":{"uv":[11,3,16,4],"texture":"#0"},"down":{"uv":[10.5,3,15.5,4],"texture":"#0"}}},{"from":[10.40177,15,8.25456],"to":[11.12177,15.72,11.85456],"rotation":{"angle":45,"axis":"y","origin":[3.02177,13.74,2.85456]},"faces":{"north":{"uv":[11,6,16,7],"rotation":270,"texture":"#0"},"east":{"uv":[11,6,16,7],"rotation":270,"texture":"#0"},"south":{"uv":[11,6,16,7],"rotation":270,"texture":"#0"},"west":{"uv":[11,6,16,7],"rotation":270,"texture":"#0"},"up":{"uv":[11,6,16,7],"rotation":270,"texture":"#0"},"down":{"uv":[10.5,6,15.5,7],"rotation":270,"texture":"#0"}}},{"from":[10.77224,15,8.06897],"to":[11.49224,15.72,11.66897],"rotation":{"angle":-45,"axis":"y","origin":[7.9902,13.74,14.6405]},"faces":{"north":{"uv":[10,0,15,1],"rotation":90,"texture":"#0"},"east":{"uv":[10,0,15,1],"rotation":90,"texture":"#0"},"south":{"uv":[10,0,15,1],"rotation":90,"texture":"#0"},"west":{"uv":[10,0,15,1],"rotation":90,"texture":"#0"},"up":{"uv":[10,0,15,1],"rotation":90,"texture":"#0"},"down":{"uv":[10,0,15,1],"rotation":90,"texture":"#0"}}},{"from":[9.63215,15,0.50467],"to":[12.51215,15.72,1.22467],"rotation":{"angle":-22.5,"axis":"y","origin":[11.43215,13.74,0.86467]},"faces":{"north":{"uv":[11,5,15,6],"rotation":180,"texture":"#0"},"east":{"uv":[11,5,15,6],"rotation":180,"texture":"#0"},"south":{"uv":[11,5,15,6],"rotation":180,"texture":"#0"},"west":{"uv":[11,5,15,6],"rotation":180,"texture":"#0"},"up":{"uv":[11,5,15,6],"rotation":180,"texture":"#0"},"down":{"uv":[11,5,15,6],"rotation":180,"texture":"#0"}}},{"from":[9.19571,15,16.01881],"to":[12.07571,15.72,16.73881],"rotation":{"angle":22.5,"axis":"y","origin":[7.9902,13.74,14.6405]},"faces":{"north":{"uv":[10,0,14,1],"rotation":180,"texture":"#0"},"east":{"uv":[10,0,14,1],"rotation":180,"texture":"#0"},"south":{"uv":[10,0,14,1],"rotation":180,"texture":"#0"},"west":{"uv":[10,0,14,1],"rotation":180,"texture":"#0"},"up":{"uv":[10,0,14,1],"rotation":180,"texture":"#0"},"down":{"uv":[10,0,14,1],"rotation":180,"texture":"#0"}}},{"from":[-0.86516,15,9.09804],"to":[-0.14516,15.72,11.97804],"rotation":{"angle":22.5,"axis":"y","origin":[1.23314,13.74,7.89253]},"faces":{"north":{"uv":[12,5,16,6],"rotation":90,"texture":"#0"},"east":{"uv":[12,5,16,6],"rotation":90,"texture":"#0"},"south":{"uv":[12,5,16,6],"rotation":90,"texture":"#0"},"west":{"uv":[11,5,15,6],"rotation":90,"texture":"#0"},"up":{"uv":[12,5,16,6],"rotation":90,"texture":"#0"},"down":{"uv":[11.5,5,15.5,6],"rotation":90,"texture":"#0"}}},{"from":[3.34996,0,5.14057],"to":[4.34996,1,6.54057],"rotation":{"angle":-45,"axis":"y","origin":[5.89996,3.3,5.842]},"faces":{"north":{"uv":[11,10,12,11],"texture":"#0"},"east":{"uv":[11,10,12,11],"texture":"#0"},"south":{"uv":[11,10,12,11],"texture":"#0"},"west":{"uv":[11,10,12,11],"texture":"#0"},"up":{"uv":[11,10,12,11],"rotation":90,"texture":"#0"},"down":{"uv":[11,10,12,11],"rotation":270,"texture":"#0"}}},{"from":[11.69996,0,9.39342],"to":[12.69996,1,10.79342],"rotation":{"angle":-45,"axis":"y","origin":[10.14996,3.3,10.092]},"faces":{"north":{"uv":[11,10,12,11],"texture":"#0"},"east":{"uv":[11,10,12,11],"texture":"#0"},"south":{"uv":[11,10,12,11],"texture":"#0"},"west":{"uv":[11,10,12,11],"texture":"#0"},"up":{"uv":[11,10,12,11],"rotation":270,"texture":"#0"},"down":{"uv":[11,10,12,11],"rotation":90,"texture":"#0"}}},{"from":[11.69996,0,5.14342],"to":[12.69996,1,6.54342],"rotation":{"angle":45,"axis":"y","origin":[10.14996,3.3,5.842]},"faces":{"north":{"uv":[11,10,12,11],"texture":"#0"},"east":{"uv":[11,10,12,11],"texture":"#0"},"south":{"uv":[11,10,12,11],"texture":"#0"},"west":{"uv":[11,10,12,11],"texture":"#0"},"up":{"uv":[11,10,12,11],"rotation":270,"texture":"#0"},"down":{"uv":[11,10,12,11],"rotation":90,"texture":"#0"}}},{"from":[5.37574,2,9.21421],"to":[6.77574,5,10.61421],"rotation":{"angle":-45,"axis":"y","origin":[6.07574,4.5,9.91421]},"faces":{"north":{"uv":[13,8,14,11],"texture":"#0"},"east":{"uv":[13,8,14,11],"texture":"#0"},"south":{"uv":[13,8,14,11],"texture":"#0"},"west":{"uv":[13,8,14,11],"texture":"#0"},"up":{"uv":[13,8,14,11],"texture":"#0"},"down":{"uv":[13,8,14,11],"texture":"#0"}}},{"from":[5.44996,2,5.14057],"to":[6.84996,5,6.54057],"rotation":{"angle":-45,"axis":"y","origin":[5.89996,3.3,5.842]},"faces":{"north":{"uv":[13,8,14,11],"texture":"#0"},"east":{"uv":[13,8,14,11],"texture":"#0"},"south":{"uv":[13,8,14,11],"texture":"#0"},"west":{"uv":[13,8,14,11],"texture":"#0"},"up":{"uv":[13,8,14,11],"rotation":90,"texture":"#0"},"down":{"uv":[13,8,14,11],"rotation":270,"texture":"#0"}}},{"from":[9.19996,2,9.39342],"to":[10.59996,5,10.79342],"rotation":{"angle":-45,"axis":"y","origin":[10.14996,3.3,10.092]},"faces":{"north":{"uv":[13,8,14,11],"texture":"#0"},"east":{"uv":[13,8,14,11],"texture":"#0"},"south":{"uv":[13,8,14,11],"texture":"#0"},"west":{"uv":[13,8,14,11],"texture":"#0"},"up":{"uv":[13,8,14,11],"rotation":270,"texture":"#0"},"down":{"uv":[13,8,14,11],"rotation":90,"texture":"#0"}}},{"from":[9.19996,2,5.14342],"to":[10.59996,5,6.54342],"rotation":{"angle":45,"axis":"y","origin":[10.14996,3.3,5.842]},"faces":{"north":{"uv":[13,8,14,11],"texture":"#0"},"east":{"uv":[13,8,14,11],"texture":"#0"},"south":{"uv":[13,8,14,11],"texture":"#0"},"west":{"uv":[13,8,14,11],"texture":"#0"},"up":{"uv":[13,8,14,11],"rotation":270,"texture":"#0"},"down":{"uv":[13,8,14,11],"rotation":90,"texture":"#0"}}},{"from":[6.41673,0,12.60104],"to":[7.81673,1,13.60104],"rotation":{"angle":-45,"axis":"y","origin":[7.66673,5.5,9.10104]},"faces":{"north":{"uv":[11,10,12,11],"texture":"#0"},"east":{"uv":[11,10,12,11],"texture":"#0"},"south":{"uv":[11,10,12,11],"texture":"#0"},"west":{"uv":[11,10,12,11],"texture":"#0"},"up":{"uv":[11,10,12,11],"texture":"#0"},"down":{"uv":[11,10,12,11],"texture":"#0"}}},{"from":[5.44996,5,5.14057],"to":[7.44996,6,6.54057],"rotation":{"angle":-45,"axis":"y","origin":[5.89996,3.3,5.842]},"faces":{"north":{"uv":[11,5,13,6],"texture":"#0"},"east":{"uv":[11,5,13,6],"texture":"#0"},"south":{"uv":[11,5,13,6],"texture":"#0"},"west":{"uv":[11,5,11,6],"texture":"#0"},"up":{"uv":[11,6,12,7],"rotation":90,"texture":"#0"},"down":{"uv":[11,5,13,6],"rotation":270,"texture":"#0"}}},{"from":[8.59996,5,9.39342],"to":[10.59996,6,10.79342],"rotation":{"angle":-45,"axis":"y","origin":[10.14996,3.3,10.092]},"faces":{"north":{"uv":[11,5,13,6],"texture":"#0"},"east":{"uv":[11,5,11,6],"texture":"#0"},"south":{"uv":[11,5,13,6],"texture":"#0"},"west":{"uv":[11,5,13,6],"texture":"#0"},"up":{"uv":[11,6,12,7],"rotation":270,"texture":"#0"},"down":{"uv":[11,5,13,6],"rotation":90,"texture":"#0"}}},{"from":[8.59996,5,5.14342],"to":[10.59996,6,6.54342],"rotation":{"angle":45,"axis":"y","origin":[10.14996,3.3,5.842]},"faces":{"north":{"uv":[11,5,13,6],"texture":"#0"},"east":{"uv":[11,5,11,6],"texture":"#0"},"south":{"uv":[11,5,13,6],"texture":"#0"},"west":{"uv":[11,5,13,6],"texture":"#0"},"up":{"uv":[11,6,12,7],"rotation":270,"texture":"#0"},"down":{"uv":[11,5,13,6],"rotation":90,"texture":"#0"}}},{"from":[6.41673,1,10.10104],"to":[7.81673,2,12.60104],"rotation":{"angle":-45,"axis":"y","origin":[7.66673,5.5,9.10104]},"faces":{"north":{"uv":[12,10,14.5,11],"texture":"#0"},"east":{"uv":[12,10,14.5,11],"texture":"#0"},"south":{"uv":[12,10,14,11],"texture":"#0"},"west":{"uv":[12,10,14.5,11],"texture":"#0"},"up":{"uv":[12,10,14,11],"texture":"#0"},"down":{"uv":[12,10,14.5,11],"texture":"#0"}}},{"from":[4.34996,1,5.14057],"to":[6.84996,2,6.54057],"rotation":{"angle":-45,"axis":"y","origin":[5.89996,3.3,5.842]},"faces":{"north":{"uv":[12,10,14.5,11],"texture":"#0"},"east":{"uv":[12,10,14.5,11],"texture":"#0"},"south":{"uv":[12,10,14.5,11],"texture":"#0"},"west":{"uv":[12,10,14,11],"texture":"#0"},"up":{"uv":[12,10,14,11],"rotation":90,"texture":"#0"},"down":{"uv":[12,10,14.5,11],"rotation":270,"texture":"#0"}}},{"from":[9.19996,1,9.39342],"to":[11.69996,2,10.79342],"rotation":{"angle":-45,"axis":"y","origin":[10.14996,3.3,10.092]},"faces":{"north":{"uv":[12,10,14.5,11],"texture":"#0"},"east":{"uv":[12,10,14,11],"texture":"#0"},"south":{"uv":[12,10,14.5,11],"texture":"#0"},"west":{"uv":[12,10,14.5,11],"texture":"#0"},"up":{"uv":[12,10,14,11],"rotation":270,"texture":"#0"},"down":{"uv":[12,10,14.5,11],"rotation":90,"texture":"#0"}}},{"from":[9.19996,1,5.14342],"to":[11.69996,2,6.54342],"rotation":{"angle":45,"axis":"y","origin":[10.14996,3.3,5.842]},"faces":{"north":{"uv":[12,10,14.5,11],"texture":"#0"},"east":{"uv":[12,10,14,11],"texture":"#0"},"south":{"uv":[12,10,14.5,11],"texture":"#0"},"west":{"uv":[12,10,14.5,11],"texture":"#0"},"up":{"uv":[12,10,14,11],"rotation":270,"texture":"#0"},"down":{"uv":[12,10,14.5,11],"rotation":90,"texture":"#0"}}},{"from":[6.48744,5,9.53033],"to":[7.88744,6,11.53033],"rotation":{"angle":-45,"axis":"y","origin":[7.73744,5.5,9.03033]},"faces":{"north":{"uv":[11,5,13,6],"texture":"#0"},"east":{"uv":[11,5,13,6],"texture":"#0"},"south":{"uv":[11,5,11,6],"texture":"#0"},"west":{"uv":[11,5,13,6],"texture":"#0"},"up":{"uv":[11,6,12,7],"texture":"#0"},"down":{"uv":[11,5,13,6],"texture":"#0"}}},{"from":[6.49196,5,6.44203],"to":[7.49196,6,7.44203],"rotation":{"angle":0,"axis":"y","origin":[5.89996,3.3,5.842]},"faces":{"north":{"uv":[12,10,13,11],"texture":"#0"},"east":{"uv":[12,10,13,11],"texture":"#0"},"south":{"uv":[12,10,13,11],"texture":"#0"},"west":{"uv":[12,10,13,11],"texture":"#0"},"up":{"uv":[12,10,13,11],"rotation":90,"texture":"#0"},"down":{"uv":[12,10,13,11],"rotation":270,"texture":"#0"}}},{"from":[8.55797,5,8.49196],"to":[9.55797,6,9.49196],"rotation":{"angle":0,"axis":"y","origin":[10.14996,3.3,10.092]},"faces":{"north":{"uv":[12,10,13,11],"texture":"#0"},"east":{"uv":[12,10,13,11],"texture":"#0"},"south":{"uv":[12,10,13,11],"texture":"#0"},"west":{"uv":[12,10,13,11],"texture":"#0"},"up":{"uv":[12,10,13,11],"rotation":270,"texture":"#0"},"down":{"uv":[12,10,13,11],"rotation":90,"texture":"#0"}}},{"from":[8.54993,5,6.43399],"to":[9.54993,6,7.43399],"rotation":{"angle":0,"axis":"y","origin":[10.14996,3.3,5.842]},"faces":{"north":{"uv":[12,10,13,11],"texture":"#0"},"east":{"uv":[12,10,13,11],"texture":"#0"},"south":{"uv":[12,10,13,11],"texture":"#0"},"west":{"uv":[12,10,13,11],"texture":"#0"},"up":{"uv":[12,10,13,11],"rotation":180,"texture":"#0"},"down":{"uv":[12,10,13,11],"rotation":180,"texture":"#0"}}},{"from":[10.5,13,4.5],"to":[11.5,15,5.5],"rotation":{"angle":0,"axis":"y","origin":[7.5,0,7.5]},"faces":{"north":{"uv":[11,1,12,3],"texture":"#0"},"east":{"uv":[11,1,12,3],"texture":"#0"},"south":{"uv":[11,1,12,3],"texture":"#0"},"west":{"uv":[11,1,12,3],"texture":"#0"},"up":{"uv":[11,1,12,2],"texture":"#0"},"down":{"uv":[11,1,12,2],"texture":"#0"}}},{"from":[4.5,13,4.5],"to":[5.5,15,5.5],"rotation":{"angle":0,"axis":"y","origin":[7.5,0,7.5]},"faces":{"north":{"uv":[11,1,12,3],"texture":"#0"},"east":{"uv":[11,1,12,3],"texture":"#0"},"south":{"uv":[11,1,12,3],"texture":"#0"},"west":{"uv":[11,1,12,3],"texture":"#0"},"up":{"uv":[11,1,12,2],"texture":"#0"},"down":{"uv":[11,1,12,2],"texture":"#0"}}},{"from":[5.5,9,9.5],"to":[6.5,13,10.5],"rotation":{"angle":0,"axis":"y","origin":[8.5,0,6.5]},"faces":{"north":{"uv":[13,2,14,6],"texture":"#0"},"east":{"uv":[13,2,14,6],"texture":"#0"},"south":{"uv":[13,2,14,6],"texture":"#0"},"west":{"uv":[13,2,14,6],"texture":"#0"},"up":{"uv":[11,1,12,2],"texture":"#0"},"down":{"uv":[13,10,14,11],"texture":"#0"}}},{"from":[9.5,9,9.5],"to":[10.5,13,10.5],"rotation":{"angle":0,"axis":"y","origin":[8.5,0,6.5]},"faces":{"north":{"uv":[13,2,14,6],"texture":"#0"},"east":{"uv":[13,2,14,6],"texture":"#0"},"south":{"uv":[13,2,14,6],"texture":"#0"},"west":{"uv":[13,2,14,6],"texture":"#0"},"up":{"uv":[11,1,12,2],"texture":"#0"},"down":{"uv":[13,10,14,11],"texture":"#0"}}},{"from":[9.5,9,5.5],"to":[10.5,13,6.5],"rotation":{"angle":0,"axis":"y","origin":[8.5,0,6.5]},"faces":{"north":{"uv":[13,2,14,6],"texture":"#0"},"east":{"uv":[13,2,14,6],"texture":"#0"},"south":{"uv":[13,2,14,6],"texture":"#0"},"west":{"uv":[13,2,14,6],"texture":"#0"},"up":{"uv":[11,1,12,2],"texture":"#0"},"down":{"uv":[13,10,14,11],"texture":"#0"}}},{"from":[5.5,9,5.5],"to":[6.5,13,6.5],"rotation":{"angle":0,"axis":"y","origin":[8.5,0,6.5]},"faces":{"north":{"uv":[13,2,14,6],"texture":"#0"},"east":{"uv":[13,2,14,6],"texture":"#0"},"south":{"uv":[13,2,14,6],"texture":"#0"},"west":{"uv":[13,2,14,6],"texture":"#0"},"up":{"uv":[11,1,12,2],"texture":"#0"},"down":{"uv":[13,10,14,11],"texture":"#0"}}},{"from":[6.5,7,8.5],"to":[7.5,9,9.5],"rotation":{"angle":0,"axis":"y","origin":[9.5,1.5,5.5]},"faces":{"north":{"uv":[11,5,12,7],"texture":"#0"},"east":{"uv":[11,5,12,7],"texture":"#0"},"south":{"uv":[11,5,12,7],"texture":"#0"},"west":{"uv":[11,5,12,7],"texture":"#0"},"up":{"uv":[11,5,12,7],"texture":"#0"},"down":{"uv":[11,5,12,7],"texture":"#0"}}},{"from":[6.5,7,6.5],"to":[7.5,9,7.5],"rotation":{"angle":0,"axis":"y","origin":[9.5,1.5,5.5]},"faces":{"north":{"uv":[11,5,12,7],"texture":"#0"},"east":{"uv":[11,5,12,7],"texture":"#0"},"south":{"uv":[11,5,12,7],"texture":"#0"},"west":{"uv":[11,5,12,7],"texture":"#0"},"up":{"uv":[11,5,12,7],"texture":"#0"},"down":{"uv":[11,5,12,7],"texture":"#0"}}},{"from":[8.5,7,6.5],"to":[9.5,9,7.5],"rotation":{"angle":0,"axis":"y","origin":[9.5,1.5,5.5]},"faces":{"north":{"uv":[11,5,12,7],"texture":"#0"},"east":{"uv":[11,5,12,7],"texture":"#0"},"south":{"uv":[11,5,12,7],"texture":"#0"},"west":{"uv":[11,5,12,7],"texture":"#0"},"up":{"uv":[11,5,12,7],"texture":"#0"},"down":{"uv":[11,5,12,7],"texture":"#0"}}},{"from":[8.5,7,8.5],"to":[9.5,9,9.5],"rotation":{"angle":0,"axis":"y","origin":[9.5,1.5,5.5]},"faces":{"north":{"uv":[11,5,12,7],"texture":"#0"},"east":{"uv":[11,5,12,7],"texture":"#0"},"south":{"uv":[11,5,12,7],"texture":"#0"},"west":{"uv":[11,5,12,7],"texture":"#0"},"up":{"uv":[11,5,12,7],"texture":"#0"},"down":{"uv":[11,5,12,7],"texture":"#0"}}},{"from":[6.5,5,8.5],"to":[7.5,6,9.5],"rotation":{"angle":0,"axis":"y","origin":[6.5,4.5,8.5]},"faces":{"north":{"uv":[12,10,13,11],"texture":"#0"},"east":{"uv":[12,10,13,11],"texture":"#0"},"south":{"uv":[12,10,13,11],"texture":"#0"},"west":{"uv":[12,10,13,11],"texture":"#0"},"up":{"uv":[12,10,13,11],"texture":"#0"},"down":{"uv":[12,10,13,11],"texture":"#0"}}},{"from":[10.5,13,10.5],"to":[11.5,15,11.5],"rotation":{"angle":0,"axis":"y","origin":[7.5,0,7.5]},"faces":{"north":{"uv":[11,1,12,3],"texture":"#0"},"east":{"uv":[11,1,12,3],"texture":"#0"},"south":{"uv":[11,1,12,3],"texture":"#0"},"west":{"uv":[11,1,12,3],"texture":"#0"},"up":{"uv":[11,1,12,2],"texture":"#0"},"down":{"uv":[11,1,12,2],"texture":"#0"}}},{"from":[4.5,13,10.5],"to":[5.5,15,11.5],"rotation":{"angle":0,"axis":"y","origin":[7.5,0,7.5]},"faces":{"north":{"uv":[11,1,12,3],"texture":"#0"},"east":{"uv":[11,1,12,3],"texture":"#0"},"south":{"uv":[11,1,12,3],"texture":"#0"},"west":{"uv":[11,1,12,3],"texture":"#0"},"up":{"uv":[11,1,12,2],"texture":"#0"},"down":{"uv":[11,1,12,2],"texture":"#0"}}},{"from":[0.08,15.396,0.08],"to":[15.92,15.396,15.92],"rotation":{"angle":0,"axis":"y","origin":[2.24,-1.08,2.24]},"faces":{"north":{"uv":[0,0,16,0],"texture":"#missing"},"east":{"uv":[0,0,16,0],"texture":"#missing"},"south":{"uv":[0,0,16,0],"texture":"#missing"},"west":{"uv":[0,0,16,0],"texture":"#missing"},"up":{"uv":[0,0,16,16],"texture":"#1"},"down":{"uv":[0,0,16,16],"texture":"#1"}}},{"from":[0.08,15.252,0.08],"to":[15.92,15.252,15.92],"rotation":{"angle":0,"axis":"y","origin":[2.24,-1.08,2.24]},"faces":{"north":{"uv":[0,0,16,0],"texture":"#missing"},"east":{"uv":[0,0,16,0],"texture":"#missing"},"south":{"uv":[0,0,16,0],"texture":"#missing"},"west":{"uv":[0,0,16,0],"texture":"#missing"},"up":{"uv":[0,0,16,16],"texture":"#1"},"down":{"uv":[0,0,16,16],"texture":"#1"}}},{"from":[0.08,15.432,0.08],"to":[15.92,15.432,15.92],"rotation":{"angle":0,"axis":"y","origin":[2.24,-1.08,2.24]},"faces":{"north":{"uv":[0,0,16,0],"texture":"#missing"},"east":{"uv":[0,0,16,0],"texture":"#missing"},"south":{"uv":[0,0,16,0],"texture":"#missing"},"west":{"uv":[0,0,16,0],"texture":"#missing"},"up":{"uv":[0,0,16,16],"texture":"#2"},"down":{"uv":[0,0,16,16],"texture":"#2"}}}],"display":{"thirdperson_righthand":{"scale":[0.3,0.3,0.3]},"thirdperson_lefthand":{"scale":[0.3,0.3,0.3]},"firstperson_righthand":{"scale":[0.3,0.3,0.3]},"firstperson_lefthand":{"scale":[0.3,0.3,0.3]},"ground":{"scale":[0.5,0.5,0.5]},"gui":{"rotation":[20,-27,0],"translation":[0,-1,0],"scale":[0.5,0.5,0.5]},"fixed":{"rotation":[-90,0,0],"translation":[32,32,-15],"scale":[2,2,2]}},"groups":[{"name":"eje","origin":[0,0,0],"children":[0,1,2,3,4,5,6,7,8,9,10,11,12,13,14,15]},{"name":"tabla","origin":[0,0,0],"children":[16,17,18,19,20,21,22,23,24,25,26,27,28,29,30,31]},{"name":"patas","origin":[8,8,8],"children":[32,33,34,35,36,37,38,39,40,41,42,43,44,45,46,47,48,49,50,51,52,53,54,55,56,57,58,59,60,61,62,63]},64,65,66]}