{"credit":"Made with Blockbench","textures":{"0":"block/acacia_planks","1":"block/pillow1"},"elements":[{"from":[1.5,2.25,-1],"to":[2.5,5.25,13],"rotation":{"angle":22.5,"axis":"x","origin":[1,1.5,5]},"faces":{"north":{"uv":[3,0,4,3],"texture":"#0"},"east":{"uv":[0,0,3,14],"rotation":90,"texture":"#0"},"south":{"uv":[3,0,4,3],"texture":"#0"},"west":{"uv":[0,0,3,14],"rotation":90,"texture":"#0"},"up":{"uv":[3,2,4,16],"texture":"#0"},"down":{"uv":[3,2,4,16],"texture":"#0"}}},{"from":[2.5,3.25,7],"to":[13.5,5.25,8],"rotation":{"angle":22.5,"axis":"x","origin":[1,1.5,5]},"faces":{"north":{"uv":[4,0,6,11],"rotation":90,"texture":"#0"},"east":{"uv":[0,0,1,2],"texture":"#missing"},"south":{"uv":[4,4,6,15],"rotation":90,"texture":"#0"},"west":{"uv":[0,0,1,2],"texture":"#missing"},"up":{"uv":[3,0,4,11],"rotation":90,"texture":"#0"},"down":{"uv":[3,0,4,11],"rotation":90,"texture":"#0"}}},{"from":[2.5,4.25,8],"to":[13.5,5.25,9],"rotation":{"angle":22.5,"axis":"x","origin":[1,1.5,5]},"faces":{"north":{"uv":[3,0,4,11],"rotation":90,"texture":"#0"},"east":{"uv":[3,0,4,11],"rotation":90,"texture":"#0"},"south":{"uv":[3,0,4,11],"rotation":90,"texture":"#0"},"west":{"uv":[3,0,4,11],"rotation":90,"texture":"#0"},"up":{"uv":[3,0,4,11],"rotation":90,"texture":"#0"},"down":{"uv":[3,0,4,11],"rotation":90,"texture":"#0"}}},{"from":[1.5,5.25,4.5],"to":[14.5,5.75,6.5],"rotation":{"angle":22.5,"axis":"x","origin":[1,1.5,5]},"faces":{"north":{"uv":[3,0,4,13],"rotation":90,"texture":"#0"},"east":{"uv":[3,3,4,4],"texture":"#0"},"south":{"uv":[3,0,4,13],"rotation":90,"texture":"#0"},"west":{"uv":[3,3,4,4],"texture":"#0"},"up":{"uv":[3,1,5,14],"rotation":90,"texture":"#0"},"down":{"uv":[3,1,5,14],"rotation":90,"texture":"#0"}}},{"from":[1.5,5.25,2],"to":[14.5,5.75,4],"rotation":{"angle":22.5,"axis":"x","origin":[1,1.5,5]},"faces":{"north":{"uv":[3,0,4,13],"rotation":90,"texture":"#0"},"east":{"uv":[3,3,4,4],"texture":"#0"},"south":{"uv":[3,0,4,13],"rotation":90,"texture":"#0"},"west":{"uv":[3,3,4,4],"texture":"#0"},"up":{"uv":[8,3,10,16],"rotation":90,"texture":"#0"},"down":{"uv":[8,3,10,16],"rotation":90,"texture":"#0"}}},{"from":[1.5,5.25,-0.5],"to":[14.5,5.75,1.5],"rotation":{"angle":22.5,"axis":"x","origin":[1,1.5,5]},"faces":{"north":{"uv":[3,0,4,13],"rotation":90,"texture":"#0"},"east":{"uv":[3,3,4,4],"texture":"#0"},"south":{"uv":[3,0,4,13],"rotation":90,"texture":"#0"},"west":{"uv":[3,3,4,4],"texture":"#0"},"up":{"uv":[13,0,15,13],"rotation":90,"texture":"#0"},"down":{"uv":[13,0,15,13],"rotation":90,"texture":"#0"}}},{"from":[1.5,6.31564,0.60164],"to":[14.5,8.31564,1.10164],"rotation":{"angle":22.5,"axis":"x","origin":[8,8.06564,-0.39836]},"faces":{"north":{"uv":[2,3,0,16],"rotation":90,"texture":"#0"},"east":{"uv":[3,3,4,4],"texture":"#0"},"south":{"uv":[2,3,0,16],"rotation":90,"texture":"#0"},"west":{"uv":[3,3,4,4],"texture":"#0"},"up":{"uv":[4,3,3,16],"rotation":90,"texture":"#0"},"down":{"uv":[4,3,3,16],"rotation":90,"texture":"#0"}}},{"from":[1.5,3.81564,0.60164],"to":[14.5,5.81564,1.10164],"rotation":{"angle":22.5,"axis":"x","origin":[8,8.06564,-0.39836]},"faces":{"north":{"uv":[10,0,8,13],"rotation":90,"texture":"#0"},"east":{"uv":[3,3,4,4],"texture":"#0"},"south":{"uv":[10,0,8,13],"rotation":90,"texture":"#0"},"west":{"uv":[3,3,4,4],"texture":"#0"},"up":{"uv":[4,3,3,16],"rotation":90,"texture":"#0"},"down":{"uv":[4,3,3,16],"rotation":90,"texture":"#0"}}},{"from":[13.5,2.25,-1],"to":[14.5,5.25,13],"rotation":{"angle":22.5,"axis":"x","origin":[0,1.5,5]},"faces":{"north":{"uv":[3,0,4,3],"texture":"#0"},"east":{"uv":[4,0,7,14],"rotation":90,"texture":"#0"},"south":{"uv":[3,0,4,3],"texture":"#0"},"west":{"uv":[4,0,7,14],"rotation":90,"texture":"#0"},"up":{"uv":[3,2,4,16],"texture":"#0"},"down":{"uv":[3,2,4,16],"texture":"#0"}}},{"from":[14.5,0,3],"to":[15.5,10,4],"rotation":{"angle":0,"axis":"y","origin":[-0.5,0,-1]},"faces":{"north":{"uv":[7,0,8,10],"texture":"#0"},"east":{"uv":[7,0,8,10],"texture":"#0"},"south":{"uv":[7,0,8,10],"texture":"#0"},"west":{"uv":[7,0,8,10],"texture":"#0"},"up":{"uv":[7,0,8,10],"texture":"#0"},"down":{"uv":[3,0,4,1],"texture":"#0"}}},{"from":[0.5,0,3],"to":[1.5,10,4],"rotation":{"angle":0,"axis":"y","origin":[-0.5,0,-1]},"faces":{"north":{"uv":[7,0,8,10],"texture":"#0"},"east":{"uv":[7,0,8,10],"texture":"#0"},"south":{"uv":[7,0,8,10],"texture":"#0"},"west":{"uv":[7,0,8,10],"texture":"#0"},"up":{"uv":[7,0,8,10],"texture":"#0"},"down":{"uv":[3,0,4,1],"texture":"#0"}}},{"from":[14.5,0,2],"to":[15.5,10,3],"rotation":{"angle":0,"axis":"y","origin":[-0.5,0,-1]},"faces":{"north":{"uv":[3,0,4,10],"texture":"#0"},"east":{"uv":[3,0,4,10],"texture":"#0"},"south":{"uv":[3,0,4,10],"texture":"#0"},"west":{"uv":[3,0,4,10],"texture":"#0"},"up":{"uv":[3,0,4,10],"texture":"#0"},"down":{"uv":[3,0,4,1],"texture":"#0"}}},{"from":[0.5,0,2],"to":[1.5,10,3],"rotation":{"angle":0,"axis":"y","origin":[-0.5,0,-1]},"faces":{"north":{"uv":[3,0,4,10],"texture":"#0"},"east":{"uv":[3,0,4,10],"texture":"#0"},"south":{"uv":[3,0,4,10],"texture":"#0"},"west":{"uv":[3,0,4,10],"texture":"#0"},"up":{"uv":[3,0,4,10],"texture":"#0"},"down":{"uv":[3,0,4,1],"texture":"#0"}}},{"from":[14.5,10,0],"to":[16.5,11,12],"rotation":{"angle":0,"axis":"y","origin":[-0.5,0,-1]},"faces":{"north":{"uv":[0,0,2,1],"texture":"#0"},"east":{"uv":[4,5,16,6],"texture":"#0"},"south":{"uv":[0,0,2,1],"texture":"#0"},"west":{"uv":[4,5,16,6],"texture":"#0"},"up":{"uv":[2,0,4,12],"texture":"#0"},"down":{"uv":[2,0,4,12],"texture":"#0"}}},{"from":[-0.5,10,0],"to":[1.5,11,12],"rotation":{"angle":0,"axis":"y","origin":[-0.5,0,-1]},"faces":{"north":{"uv":[0,0,2,1],"texture":"#0"},"east":{"uv":[4,5,16,6],"texture":"#0"},"south":{"uv":[0,0,2,1],"texture":"#0"},"west":{"uv":[4,5,16,6],"texture":"#0"},"up":{"uv":[13,2,15,14],"texture":"#0"},"down":{"uv":[13,2,15,14],"texture":"#0"}}},{"from":[1.5,2.75,2],"to":[14.5,3.75,3],"rotation":{"angle":0,"axis":"y","origin":[3,0,5]},"faces":{"north":{"uv":[3,0,4,11],"rotation":90,"texture":"#0"},"east":{"uv":[3,0,4,11],"rotation":90,"texture":"#0"},"south":{"uv":[3,0,4,11],"rotation":90,"texture":"#0"},"west":{"uv":[3,0,4,11],"rotation":90,"texture":"#0"},"up":{"uv":[3,0,4,11],"rotation":90,"texture":"#0"},"down":{"uv":[3,0,4,11],"rotation":90,"texture":"#0"}}},{"from":[1.5,1.59964,10.3516],"to":[3.5,15.59964,11.3516],"rotation":{"angle":22.5,"axis":"x","origin":[3,8.09964,15.8516]},"faces":{"north":{"uv":[9,2,11,16],"texture":"#0"},"east":{"uv":[7,2,8,16],"texture":"#0"},"south":{"uv":[9,2,11,16],"texture":"#0"},"west":{"uv":[7,2,8,16],"texture":"#0"},"up":{"uv":[0,4,2,5],"texture":"#0"},"down":{"uv":[0,0,2,1],"texture":"#missing"}}},{"from":[4,1.59964,10.3516],"to":[6,16.59964,11.3516],"rotation":{"angle":22.5,"axis":"x","origin":[3,8.09964,15.8516]},"faces":{"north":{"uv":[9,0,11,14],"texture":"#0"},"east":{"uv":[9,2,10,16],"texture":"#0"},"south":{"uv":[14,0,16,14],"texture":"#0"},"west":{"uv":[9,2,10,16],"texture":"#0"},"up":{"uv":[0,4,2,5],"texture":"#0"},"down":{"uv":[0,0,2,1],"texture":"#missing"}}},{"from":[10,1.59964,10.3516],"to":[12,16.59964,11.3516],"rotation":{"angle":22.5,"axis":"x","origin":[3,8.09964,15.8516]},"faces":{"north":{"uv":[14,2,16,16],"texture":"#0"},"east":{"uv":[9,0,10,14],"texture":"#0"},"south":{"uv":[14,2,16,16],"texture":"#0"},"west":{"uv":[9,0,10,14],"texture":"#0"},"up":{"uv":[0,4,2,5],"texture":"#0"},"down":{"uv":[0,0,2,1],"texture":"#missing"}}},{"from":[6.5,1.59964,10.3516],"to":[9.5,17.59964,11.3516],"rotation":{"angle":22.5,"axis":"x","origin":[3,8.09964,15.8516]},"faces":{"north":{"uv":[7,0,10,16],"texture":"#0"},"east":{"uv":[7,0,8,16],"texture":"#0"},"south":{"uv":[7,0,10,16],"texture":"#0"},"west":{"uv":[7,0,8,16],"texture":"#0"},"up":{"uv":[0,4,3,5],"texture":"#0"},"down":{"uv":[0,0,3,1],"texture":"#missing"}}},{"from":[12.5,1.59964,10.3516],"to":[14.5,15.59964,11.3516],"rotation":{"angle":22.5,"axis":"x","origin":[3,8.09964,15.8516]},"faces":{"north":{"uv":[0,0,2,14],"texture":"#0"},"east":{"uv":[7,2,8,16],"texture":"#0"},"south":{"uv":[0,0,2,14],"texture":"#0"},"west":{"uv":[7,2,8,16],"texture":"#0"},"up":{"uv":[0,4,2,5],"texture":"#0"},"down":{"uv":[0,0,2,1],"texture":"#missing"}}},{"from":[0.5,10,12],"to":[15.5,11,12.5],"rotation":{"angle":0,"axis":"y","origin":[-1,20,25]},"faces":{"north":{"uv":[3,0,4,15],"rotation":90,"texture":"#0"},"east":{"uv":[3,0,4,1],"rotation":90,"texture":"#0"},"south":{"uv":[3,0,4,15],"rotation":90,"texture":"#0"},"west":{"uv":[3,0,4,1],"rotation":90,"texture":"#0"},"up":{"uv":[3,0,4,15],"rotation":90,"texture":"#0"},"down":{"uv":[3,0,4,15],"rotation":90,"texture":"#0"}}},{"from":[3,7.5,6.75],"to":[13,17.5,7.75],"rotation":{"angle":22.5,"axis":"x","origin":[8,4.5,1]},"faces":{"north":{"uv":[0,0,10,10],"texture":"#1"},"east":{"uv":[12,0,13,10],"texture":"#1"},"south":{"uv":[0,0,10,10],"texture":"#1"},"west":{"uv":[13,0,14,10],"texture":"#1"},"up":{"uv":[11,0,12,10],"rotation":90,"texture":"#1"},"down":{"uv":[12,0,13,10],"rotation":90,"texture":"#1"}}}],"display":{"thirdperson_righthand":{"translation":[0,0,-1],"scale":[0.3,0.3,0.3]},"thirdperson_lefthand":{"translation":[0,0,-1],"scale":[0.3,0.3,0.3]},"firstperson_righthand":{"translation":[0,0,0.75],"scale":[0.3,0.3,0.3]},"firstperson_lefthand":{"translation":[0,0,0.75],"scale":[0.3,0.3,0.3]},"ground":{"scale":[0.4,0.4,0.4]},"gui":{"rotation":[34,-137,0],"translation":[0,-0.5,0],"scale":[0.5,0.5,0.5]},"fixed":{"rotation":[-90,0,0],"translation":[0,0,-15],"scale":[2,2,2]}}}