{"credit":"Made with Blockbench","textures":{"0":"block/birch_planks","1":"block/pillow1","particle":"block/birch_planks"},"elements":[{"from":[1.5,2.25,-1],"to":[2.5,5.25,13],"rotation":{"angle":22.5,"axis":"x","origin":[1,1.5,5]},"faces":{"north":{"uv":[4,0,5,3],"texture":"#0"},"east":{"uv":[14,11,0,14],"texture":"#0"},"south":{"uv":[4,0,5,3],"texture":"#0"},"west":{"uv":[0,11,14,14],"texture":"#0"},"up":{"uv":[0,3,14,4],"rotation":90,"texture":"#0"},"down":{"uv":[0,3,14,4],"rotation":90,"texture":"#0"}}},{"from":[2.5,3.25,7],"to":[13.5,5.25,8],"rotation":{"angle":22.5,"axis":"x","origin":[1,1.5,5]},"faces":{"north":{"uv":[5,0,16,2],"texture":"#0"},"east":{"uv":[0,0,1,2],"texture":"#missing"},"south":{"uv":[5,0,16,2],"texture":"#0"},"west":{"uv":[0,0,1,2],"texture":"#missing"},"up":{"uv":[5,3,16,4],"texture":"#0"},"down":{"uv":[5,3,16,4],"texture":"#0"}}},{"from":[2.5,4.25,8],"to":[13.5,5.25,9],"rotation":{"angle":22.5,"axis":"x","origin":[1,1.5,5]},"faces":{"north":{"uv":[0,0,11,1],"texture":"#missing"},"east":{"uv":[0,0,1,1],"texture":"#missing"},"south":{"uv":[5,3,16,4],"texture":"#0"},"west":{"uv":[0,0,1,1],"texture":"#missing"},"up":{"uv":[5,3,16,4],"texture":"#0"},"down":{"uv":[5,3,16,4],"texture":"#0"}}},{"from":[1.5,5.25,4.5],"to":[14.5,5.75,6.5],"rotation":{"angle":22.5,"axis":"x","origin":[1,1.5,5]},"faces":{"north":{"uv":[1,3,14,3.5],"texture":"#0"},"east":{"uv":[4,3,6,3.5],"texture":"#0"},"south":{"uv":[1,3,14,3.5],"texture":"#0"},"west":{"uv":[4,3,6,3.5],"texture":"#0"},"up":{"uv":[3,4,16,6],"texture":"#0"},"down":{"uv":[3,4,16,6],"texture":"#0"}}},{"from":[1.5,5.25,2],"to":[14.5,5.75,4],"rotation":{"angle":22.5,"axis":"x","origin":[1,1.5,5]},"faces":{"north":{"uv":[1,3,14,3.5],"texture":"#0"},"east":{"uv":[4,3,6,3.5],"texture":"#0"},"south":{"uv":[1,3,14,3.5],"texture":"#0"},"west":{"uv":[4,3,6,3.5],"texture":"#0"},"up":{"uv":[3,8,16,10],"texture":"#0"},"down":{"uv":[0,8,13,10],"texture":"#0"}}},{"from":[1.5,5.25,-0.5],"to":[14.5,5.75,1.5],"rotation":{"angle":22.5,"axis":"x","origin":[1,1.5,5]},"faces":{"north":{"uv":[1,3,14,3.5],"texture":"#0"},"east":{"uv":[4,3,6,3.5],"texture":"#0"},"south":{"uv":[1,3,14,3.5],"texture":"#0"},"west":{"uv":[4,3,6,3.5],"texture":"#0"},"up":{"uv":[2,12,15,14],"texture":"#0"},"down":{"uv":[2,12,15,14],"texture":"#0"}}},{"from":[1.5,6.31564,0.60164],"to":[14.5,8.31564,1.10164],"rotation":{"angle":22.5,"axis":"x","origin":[8,8.06564,-0.39836]},"faces":{"north":{"uv":[13,8,0,10],"rotation":180,"texture":"#0"},"east":{"uv":[4,3,6,3.5],"rotation":90,"texture":"#0"},"south":{"uv":[0,9,13,11],"rotation":180,"texture":"#0"},"west":{"uv":[4,3,6,3.5],"rotation":90,"texture":"#0"},"up":{"uv":[1,3,14,3.5],"texture":"#0"},"down":{"uv":[1,3,14,3.5],"texture":"#0"}}},{"from":[1.5,3.81564,0.60164],"to":[14.5,5.81564,1.10164],"rotation":{"angle":22.5,"axis":"x","origin":[8,8.06564,-0.39836]},"faces":{"north":{"uv":[14,4,1,6],"rotation":180,"texture":"#0"},"east":{"uv":[4,3,6,3.5],"rotation":90,"texture":"#0"},"south":{"uv":[14,4,1,6],"rotation":180,"texture":"#0"},"west":{"uv":[4,3,6,3.5],"rotation":90,"texture":"#0"},"up":{"uv":[1,3,14,3.5],"texture":"#0"},"down":{"uv":[1,3,14,3.5],"texture":"#0"}}},{"from":[13.5,2.25,-1],"to":[14.5,5.25,13],"rotation":{"angle":22.5,"axis":"x","origin":[0,1.5,5]},"faces":{"north":{"uv":[4,0,5,3],"texture":"#0"},"east":{"uv":[14,11,0,14],"texture":"#0"},"south":{"uv":[4,0,5,3],"texture":"#0"},"west":{"uv":[0,11,14,14],"texture":"#0"},"up":{"uv":[0,3,14,4],"rotation":90,"texture":"#0"},"down":{"uv":[0,3,14,4],"rotation":90,"texture":"#0"}}},{"from":[14.5,0,3],"to":[15.5,10,4],"rotation":{"angle":0,"axis":"y","origin":[-0.5,0,-1]},"faces":{"north":{"uv":[0,0,1,10],"texture":"#missing"},"east":{"uv":[6,3,16,4],"rotation":90,"texture":"#0"},"south":{"uv":[6,7,16,8],"rotation":90,"texture":"#0"},"west":{"uv":[2,3,12,4],"rotation":90,"texture":"#0"},"up":{"uv":[0,0,1,1],"texture":"#missing"},"down":{"uv":[0,0,1,1],"texture":"#0"}}},{"from":[0.5,0,3],"to":[1.5,10,4],"rotation":{"angle":0,"axis":"y","origin":[-0.5,0,-1]},"faces":{"north":{"uv":[0,0,1,10],"texture":"#missing"},"east":{"uv":[6,3,16,4],"rotation":90,"texture":"#0"},"south":{"uv":[6,7,16,8],"rotation":90,"texture":"#0"},"west":{"uv":[2,3,12,4],"rotation":90,"texture":"#0"},"up":{"uv":[0,0,1,1],"texture":"#missing"},"down":{"uv":[0,0,1,1],"texture":"#0"}}},{"from":[14.5,0,2],"to":[15.5,10,3],"rotation":{"angle":0,"axis":"y","origin":[-0.5,0,-1]},"faces":{"north":{"uv":[4,11,14,12],"rotation":90,"texture":"#0"},"east":{"uv":[0,3,10,4],"rotation":90,"texture":"#0"},"south":{"uv":[0,0,1,10],"texture":"#missing"},"west":{"uv":[0,7,10,8],"rotation":90,"texture":"#0"},"up":{"uv":[0,0,1,1],"texture":"#missing"},"down":{"uv":[0,0,1,1],"texture":"#0"}}},{"from":[0.5,0,2],"to":[1.5,10,3],"rotation":{"angle":0,"axis":"y","origin":[-0.5,0,-1]},"faces":{"north":{"uv":[4,11,14,12],"rotation":90,"texture":"#0"},"east":{"uv":[0,3,10,4],"rotation":90,"texture":"#0"},"south":{"uv":[0,0,1,10],"texture":"#missing"},"west":{"uv":[0,7,10,8],"rotation":90,"texture":"#0"},"up":{"uv":[0,0,1,1],"texture":"#missing"},"down":{"uv":[0,0,1,1],"texture":"#0"}}},{"from":[14.5,10,0],"to":[16.5,11,12],"rotation":{"angle":0,"axis":"y","origin":[-0.5,0,-1]},"faces":{"north":{"uv":[0,0,2,1],"texture":"#0"},"east":{"uv":[3,5,15,6],"texture":"#0"},"south":{"uv":[0,0,2,1],"texture":"#0"},"west":{"uv":[2,1,14,2],"texture":"#0"},"up":{"uv":[2,0,14,2],"rotation":90,"texture":"#0"},"down":{"uv":[2,8,14,10],"rotation":90,"texture":"#0"}}},{"from":[-0.5,10,0],"to":[1.5,11,12],"rotation":{"angle":0,"axis":"y","origin":[-0.5,0,-1]},"faces":{"north":{"uv":[0,0,2,1],"texture":"#0"},"east":{"uv":[2,12,14,13],"texture":"#0"},"south":{"uv":[0,0,2,1],"texture":"#0"},"west":{"uv":[3,5,15,6],"texture":"#0"},"up":{"uv":[2,8,14,10],"rotation":90,"texture":"#0"},"down":{"uv":[3,5,15,7],"rotation":90,"texture":"#0"}}},{"from":[1.5,2.75,2],"to":[14.5,3.75,3],"rotation":{"angle":0,"axis":"y","origin":[3,0,5]},"faces":{"north":{"uv":[2,3,15,4],"texture":"#0"},"east":{"uv":[0,0,1,1],"texture":"#missing"},"south":{"uv":[2,3,15,4],"texture":"#0"},"west":{"uv":[0,0,1,1],"texture":"#missing"},"up":{"uv":[2,3,15,4],"texture":"#0"},"down":{"uv":[2,3,15,4],"texture":"#0"}}},{"from":[1.5,1.59964,10.3516],"to":[3.5,15.59964,11.3516],"rotation":{"angle":22.5,"axis":"x","origin":[3,8.09964,15.8516]},"faces":{"north":{"uv":[1,12,15,15],"rotation":90,"texture":"#0"},"east":{"uv":[1,7,15,8],"rotation":90,"texture":"#0"},"south":{"uv":[0,8,14,11],"rotation":90,"texture":"#0"},"west":{"uv":[2,9,16,10],"rotation":90,"texture":"#0"},"up":{"uv":[0,4,2,5],"texture":"#0"},"down":{"uv":[0,0,2,1],"texture":"#missing"}}},{"from":[4,1.59964,10.3516],"to":[6,16.59964,11.3516],"rotation":{"angle":22.5,"axis":"x","origin":[3,8.09964,15.8516]},"faces":{"north":{"uv":[1,8,16,11],"rotation":90,"texture":"#0"},"east":{"uv":[0,3,15,4],"rotation":90,"texture":"#0"},"south":{"uv":[1,8,16,11],"rotation":90,"texture":"#0"},"west":{"uv":[0,3,15,4],"rotation":90,"texture":"#0"},"up":{"uv":[0,4,2,5],"texture":"#0"},"down":{"uv":[0,0,2,1],"texture":"#missing"}}},{"from":[10,1.59964,10.3516],"to":[12,16.59964,11.3516],"rotation":{"angle":22.5,"axis":"x","origin":[3,8.09964,15.8516]},"faces":{"north":{"uv":[1,4,16,7],"rotation":90,"texture":"#0"},"east":{"uv":[0,3,15,4],"rotation":90,"texture":"#0"},"south":{"uv":[0,0,15,3],"rotation":90,"texture":"#0"},"west":{"uv":[0,3,15,4],"rotation":90,"texture":"#0"},"up":{"uv":[0,4,2,5],"texture":"#0"},"down":{"uv":[0,0,2,1],"texture":"#missing"}}},{"from":[6.5,1.59964,10.3516],"to":[9.5,17.59964,11.3516],"rotation":{"angle":22.5,"axis":"x","origin":[3,8.09964,15.8516]},"faces":{"north":{"uv":[0,0,16,3],"rotation":90,"texture":"#0"},"east":{"uv":[0,3,16,4],"rotation":90,"texture":"#0"},"south":{"uv":[0,4,16,7],"rotation":90,"texture":"#0"},"west":{"uv":[0,3,16,4],"rotation":90,"texture":"#0"},"up":{"uv":[0,4,3,5],"texture":"#0"},"down":{"uv":[0,0,3,1],"texture":"#missing"}}},{"from":[12.5,1.59964,10.3516],"to":[14.5,15.59964,11.3516],"rotation":{"angle":22.5,"axis":"x","origin":[3,8.09964,15.8516]},"faces":{"north":{"uv":[0,0,14,3],"rotation":90,"texture":"#0"},"east":{"uv":[0,6,14,7],"rotation":90,"texture":"#0"},"south":{"uv":[0,4,14,7],"rotation":90,"texture":"#0"},"west":{"uv":[1,7,15,8],"rotation":90,"texture":"#0"},"up":{"uv":[0,4,2,5],"texture":"#0"},"down":{"uv":[0,0,2,1],"texture":"#missing"}}},{"from":[0.5,10,12],"to":[15.5,11,12.5],"rotation":{"angle":0,"axis":"y","origin":[-1,20,25]},"faces":{"north":{"uv":[0,3,15,4],"texture":"#0"},"east":{"uv":[0,0,0.5,1],"texture":"#0"},"south":{"uv":[0,3,15,4],"texture":"#0"},"west":{"uv":[0,0,0.5,1],"texture":"#0"},"up":{"uv":[0,3,15,4],"texture":"#0"},"down":{"uv":[0,3,15,4],"texture":"#0"}}},{"from":[3,7.5,6.75],"to":[13,17.5,7.75],"rotation":{"angle":22.5,"axis":"x","origin":[8,4.5,1]},"faces":{"north":{"uv":[0,0,10,10],"texture":"#1"},"east":{"uv":[12,0,13,10],"texture":"#1"},"south":{"uv":[0,0,10,10],"texture":"#1"},"west":{"uv":[13,0,14,10],"texture":"#1"},"up":{"uv":[11,0,12,10],"rotation":90,"texture":"#1"},"down":{"uv":[12,0,13,10],"rotation":90,"texture":"#1"}}}],"display":{"thirdperson_righthand":{"translation":[0,0,-1],"scale":[0.3,0.3,0.3]},"thirdperson_lefthand":{"translation":[0,0,-1],"scale":[0.3,0.3,0.3]},"firstperson_righthand":{"translation":[0,0,0.75],"scale":[0.3,0.3,0.3]},"firstperson_lefthand":{"translation":[0,0,0.75],"scale":[0.3,0.3,0.3]},"ground":{"scale":[0.4,0.4,0.4]},"gui":{"rotation":[34,-137,0],"translation":[0,-0.5,0],"scale":[0.5,0.5,0.5]},"fixed":{"rotation":[-90,0,0],"translation":[0,0,-15],"scale":[2,2,2]}}}