{
	"credit": "Made with Blockbench",
	"texture_size": [32, 32],
	"textures": {
		"0": "block/ovens/orange_textures",
		"particle": "block/ovens/orange_textures"
	},
	"elements": [
		{
			"name": "big cube",
			"from": [-0.0025, -0.001, -1],
			"to": [16.0025, 15.5, 16.005],
			"rotation": {"angle": 0, "axis": "y", "origin": [-8.0025, 0, 0]},
			"faces": {
				"north": {"uv": [0, 0, 8, 7.876], "texture": "#0"},
				"east": {"uv": [0, 0, 8, 7.876], "texture": "#0"},
				"south": {"uv": [0, 0, 8, 7.876], "texture": "#0"},
				"west": {"uv": [0, 0, 8, 7.876], "texture": "#0"},
				"up": {"uv": [0, 0, 8, 8], "texture": "#0"},
				"down": {"uv": [8, 0, 16, 8], "texture": "#0"}
			}
		},
		{
			"name": "back",
			"from": [-0.25, 16.5, 14.75],
			"to": [16.25, 17.75, 16],
			"faces": {
				"north": {"uv": [8.125, 0, 15.875, 0.625], "texture": "#0"},
				"east": {"uv": [8.125, 0, 8.75, 0.625], "texture": "#0"},
				"south": {"uv": [8.125, 0, 15.875, 0.625], "texture": "#0"},
				"west": {"uv": [8.125, 0, 8.75, 0.625], "texture": "#0"},
				"up": {"uv": [8.125, 0, 15.875, 0.625], "texture": "#0"},
				"down": {"uv": [8.125, 0, 15.875, 0.625], "texture": "#0"}
			}
		},
		{
			"name": "back pipe",
			"from": [6, 16.5, 12.5],
			"to": [10, 19.5, 15.5],
			"faces": {
				"north": {"uv": [9.5, 0, 11, 1.5], "texture": "#0"},
				"east": {"uv": [8.5, 0, 10, 1.5], "texture": "#0"},
				"south": {"uv": [8.5, 0, 10.5, 1.5], "texture": "#0"},
				"west": {"uv": [8.5, 0, 10, 1.5], "texture": "#0"},
				"up": {"uv": [8.5, 0, 10.5, 1.5], "texture": "#0"},
				"down": {"uv": [9, 0, 10.5, 1.5], "texture": "#0"}
			}
		},
		{
			"name": "back pipe",
			"from": [6.5, 19.5, 13],
			"to": [9.5, 24.5, 15],
			"faces": {
				"north": {"uv": [8.5, 0, 10, 2.5], "texture": "#0"},
				"east": {"uv": [8.5, 0, 9.5, 2.5], "texture": "#0"},
				"south": {"uv": [8.5, 0, 10, 2.5], "texture": "#0"},
				"west": {"uv": [8.5, 0, 10, 2.5], "texture": "#0"},
				"up": {"uv": [8.5, 0, 10, 1], "texture": "#0"},
				"down": {"uv": [8.5, 0, 10, 1], "texture": "#0"}
			}
		},
		{
			"name": "back pipe",
			"from": [6.5, 21.5, 15],
			"to": [9.5, 24.5, 16.25],
			"rotation": {"angle": 0, "axis": "y", "origin": [8, 20, 13]},
			"faces": {
				"north": {"uv": [8.5, 0, 10, 1.5], "rotation": 180, "texture": "#0"},
				"east": {"uv": [8.5, 0, 10, 0.625], "rotation": 270, "texture": "#0"},
				"south": {"uv": [8.5, 0, 10, 1.5], "texture": "#0"},
				"west": {"uv": [8.5, 0, 10, 0.625], "rotation": 90, "texture": "#0"},
				"up": {"uv": [8.5, 0, 10, 0.625], "rotation": 180, "texture": "#0"},
				"down": {"uv": [8.5, 0, 10, 0.625], "texture": "#0"}
			}
		},
		{
			"name": "stove top",
			"from": [-0.25, 14.001, -1.25],
			"to": [16.25, 16.501, 16.01],
			"faces": {
				"north": {"uv": [8.125, 0.125, 15.875, 1.25], "texture": "#0"},
				"east": {"uv": [8.125, 0, 15.875, 1.25], "texture": "#0"},
				"south": {"uv": [8.125, 0, 15.875, 1.25], "texture": "#0"},
				"west": {"uv": [8.125, 0, 15.875, 1.25], "texture": "#0"},
				"up": {"uv": [8.125, 0.125, 15.875, 7.875], "texture": "#0"},
				"down": {"uv": [8, 0, 16, 8], "texture": "#0"}
			}
		},
		{
			"from": [3, 16.5, 3],
			"to": [5, 17, 3.5],
			"rotation": {"angle": 0, "axis": "y", "origin": [0, 0.5, -1.25]},
			"faces": {
				"north": {"uv": [10, 12, 12, 12.5], "texture": "#0"},
				"east": {"uv": [10, 12, 10.5, 12.5], "texture": "#0"},
				"south": {"uv": [10, 12, 12, 12.5], "texture": "#0"},
				"west": {"uv": [10, 12, 10.5, 12.5], "texture": "#0"},
				"up": {"uv": [10, 12, 12, 12.5], "texture": "#0"},
				"down": {"uv": [10, 12, 12, 12.5], "texture": "#0"}
			}
		},
		{
			"from": [4.85355, 16.5, 3.35355],
			"to": [5.35355, 17, 4.35355],
			"rotation": {"angle": 0, "axis": "y", "origin": [-0.64645, 0.5, -1.39645]},
			"faces": {
				"north": {"uv": [9, 12, 9.5, 12.5], "texture": "#0"},
				"east": {"uv": [9, 12, 10, 12.5], "texture": "#0"},
				"south": {"uv": [9, 12, 9.5, 12.5], "texture": "#0"},
				"west": {"uv": [9, 12, 10, 12.5], "texture": "#0"},
				"up": {"uv": [9, 12, 9.5, 13], "texture": "#0"},
				"down": {"uv": [0, 0, 0.5, 1], "texture": "#0"}
			}
		},
		{
			"from": [8.59099, 16.5, 2.83058],
			"to": [9.09099, 17, 3.33058],
			"rotation": {"angle": -45, "axis": "y", "origin": [6.59099, 0.5, -1.41942]},
			"faces": {
				"north": {"uv": [9, 12, 9.5, 12.5], "texture": "#0"},
				"east": {"uv": [9, 12, 9.5, 12.5], "texture": "#0"},
				"south": {"uv": [9, 12, 9.5, 12.5], "texture": "#0"},
				"west": {"uv": [9, 12, 9.5, 12.5], "texture": "#0"},
				"up": {"uv": [9, 12, 9.5, 12.5], "texture": "#0"},
				"down": {"uv": [9, 12, 9.5, 12.5], "texture": "#0"}
			}
		},
		{
			"from": [6.59099, 16.5, 2.83058],
			"to": [7.09099, 17, 3.33058],
			"rotation": {"angle": -45, "axis": "y", "origin": [4.59099, 0.5, -1.41942]},
			"faces": {
				"north": {"uv": [10, 13, 10.5, 13.5], "texture": "#0"},
				"east": {"uv": [10, 13, 10.5, 13.5], "texture": "#0"},
				"south": {"uv": [10, 13, 10.5, 13.5], "texture": "#0"},
				"west": {"uv": [10, 13, 10.5, 13.5], "texture": "#0"},
				"up": {"uv": [10, 13, 10.5, 13.5], "texture": "#0"},
				"down": {"uv": [10, 13, 10.5, 13.5], "texture": "#0"}
			}
		},
		{
			"from": [2.64645, 16.5, 3.35355],
			"to": [3.14645, 17, 4.35355],
			"rotation": {"angle": 0, "axis": "y", "origin": [0.64645, 0.5, -1.39645]},
			"faces": {
				"north": {"uv": [9, 12, 9.5, 12.5], "texture": "#0"},
				"east": {"uv": [9, 12, 10, 12.5], "texture": "#0"},
				"south": {"uv": [9, 12, 9.5, 12.5], "texture": "#0"},
				"west": {"uv": [9, 12, 10, 12.5], "texture": "#0"},
				"up": {"uv": [9, 12, 9.5, 13], "texture": "#0"},
				"down": {"uv": [9, 12, 9.5, 13], "texture": "#0"}
			}
		},
		{
			"from": [11, 16.5, 3],
			"to": [13, 17, 3.5],
			"rotation": {"angle": 0, "axis": "y", "origin": [8, 0.5, -1.25]},
			"faces": {
				"north": {"uv": [10, 12, 12, 12.5], "texture": "#0"},
				"east": {"uv": [10, 12, 10.5, 12.5], "texture": "#0"},
				"south": {"uv": [10, 12, 12, 12.5], "texture": "#0"},
				"west": {"uv": [10, 12, 10.5, 12.5], "texture": "#0"},
				"up": {"uv": [10, 12, 12, 12.5], "texture": "#0"},
				"down": {"uv": [10, 12, 12, 12.5], "texture": "#0"}
			}
		},
		{
			"from": [12.85355, 16.5, 3.35355],
			"to": [13.35355, 17, 4.35355],
			"rotation": {"angle": 0, "axis": "y", "origin": [7.35355, 0.5, -1.39645]},
			"faces": {
				"north": {"uv": [9, 12, 9.5, 12.5], "texture": "#0"},
				"east": {"uv": [9, 12, 10, 12.5], "texture": "#0"},
				"south": {"uv": [9, 12, 9.5, 12.5], "texture": "#0"},
				"west": {"uv": [9, 12, 10, 12.5], "texture": "#0"},
				"up": {"uv": [9, 12, 9.5, 13], "texture": "#0"},
				"down": {"uv": [9, 12, 9.5, 13], "texture": "#0"}
			}
		},
		{
			"from": [16.59099, 16.5, 2.83058],
			"to": [17.09099, 17, 3.33058],
			"rotation": {"angle": -45, "axis": "y", "origin": [14.59099, 0.5, -1.41942]},
			"faces": {
				"north": {"uv": [9.5, 13, 10, 13.5], "texture": "#0"},
				"east": {"uv": [10, 12, 10.5, 12.5], "texture": "#0"},
				"south": {"uv": [10, 12.5, 10.5, 13], "texture": "#0"},
				"west": {"uv": [10, 12.5, 10.5, 13], "texture": "#0"},
				"up": {"uv": [9, 12, 9.5, 12.5], "texture": "#0"},
				"down": {"uv": [10, 12.5, 10.5, 13], "texture": "#0"}
			}
		},
		{
			"from": [14.59099, 16.5, 2.83058],
			"to": [15.09099, 17, 3.33058],
			"rotation": {"angle": -45, "axis": "y", "origin": [12.59099, 0.5, -1.41942]},
			"faces": {
				"north": {"uv": [10, 13, 10.5, 13.5], "texture": "#0"},
				"east": {"uv": [10, 13, 10.5, 13.5], "texture": "#0"},
				"south": {"uv": [10, 13, 10.5, 13.5], "texture": "#0"},
				"west": {"uv": [10, 13, 10.5, 13.5], "texture": "#0"},
				"up": {"uv": [10, 13, 10.5, 13.5], "texture": "#0"},
				"down": {"uv": [10, 13, 10.5, 13.5], "texture": "#0"}
			}
		},
		{
			"from": [10.64645, 16.5, 3.35355],
			"to": [11.14645, 17, 4.35355],
			"rotation": {"angle": 0, "axis": "y", "origin": [8.64645, 0.5, -1.39645]},
			"faces": {
				"north": {"uv": [9, 12, 9.5, 12.5], "texture": "#0"},
				"east": {"uv": [9, 12, 10, 12.5], "texture": "#0"},
				"south": {"uv": [9, 12, 9.5, 12.5], "texture": "#0"},
				"west": {"uv": [9, 12, 10, 12.5], "texture": "#0"},
				"up": {"uv": [9, 12, 9.5, 13], "texture": "#0"},
				"down": {"uv": [9, 12, 9.5, 13], "texture": "#0"}
			}
		},
		{
			"name": "handle",
			"from": [14.45711, 14.5, -1.79289],
			"to": [15.95711, 16, -1.04289],
			"rotation": {"angle": 0, "axis": "y", "origin": [14.70711, 0.25, -0.04289]},
			"faces": {
				"north": {"uv": [8, 8.375, 9, 9.375], "texture": "#0"},
				"east": {"uv": [8, 8, 8.25, 9], "texture": "#0"},
				"south": {"uv": [8, 8.125, 9, 9.125], "texture": "#0"},
				"west": {"uv": [8, 8, 8.25, 9], "texture": "#0"},
				"up": {"uv": [8, 8.25, 9, 8.5], "texture": "#0"},
				"down": {"uv": [8, 8.375, 9, 8.625], "texture": "#0"}
			}
		},
		{
			"name": "handle",
			"from": [0.04289, 14.5, -1.79289],
			"to": [1.54289, 16, -1.04289],
			"rotation": {"angle": 0, "axis": "y", "origin": [0.29289, 0.25, -0.04289]},
			"faces": {
				"north": {"uv": [8, 8.375, 9, 9.375], "texture": "#0"},
				"east": {"uv": [8, 8, 8.25, 9], "texture": "#0"},
				"south": {"uv": [8, 8.125, 9, 9.125], "texture": "#0"},
				"west": {"uv": [8, 8, 8.25, 9], "texture": "#0"},
				"up": {"uv": [8, 8.25, 9, 8.5], "texture": "#0"},
				"down": {"uv": [8, 8.375, 9, 8.625], "texture": "#0"}
			}
		},
		{
			"name": "handle",
			"from": [14.70711, 14.75, -2.29289],
			"to": [15.70711, 15.75, -1.04289],
			"rotation": {"angle": 0, "axis": "y", "origin": [14.70711, 0.25, -0.04289]},
			"faces": {
				"north": {"uv": [8, 8.375, 8.5, 8.875], "texture": "#0"},
				"east": {"uv": [8, 8, 8.75, 8.5], "texture": "#0"},
				"south": {"uv": [8, 8.125, 8.5, 8.625], "texture": "#0"},
				"west": {"uv": [8, 8, 8.75, 8.5], "texture": "#0"},
				"up": {"uv": [8, 8.25, 8.5, 9], "texture": "#0"},
				"down": {"uv": [8, 8.375, 8.5, 9.125], "texture": "#0"}
			}
		},
		{
			"name": "handle",
			"from": [12.82322, 14.751, -2.2448],
			"to": [13.82322, 15.751, -1.2448],
			"rotation": {"angle": -45, "axis": "y", "origin": [14.82322, 0.25, 0.0052]},
			"faces": {
				"north": {"uv": [8, 8.375, 8.5, 8.875], "texture": "#0"},
				"east": {"uv": [8, 8, 8.5, 8.5], "texture": "#0"},
				"south": {"uv": [8, 8.125, 8.5, 8.625], "texture": "#0"},
				"west": {"uv": [8, 8, 8.5, 8.5], "texture": "#0"},
				"up": {"uv": [8, 8.25, 8.5, 8.75], "texture": "#0"},
				"down": {"uv": [8, 8.375, 8.5, 8.875], "texture": "#0"}
			}
		},
		{
			"name": "handle",
			"from": [-1.17678, 14.751, -2.2448],
			"to": [-0.17678, 15.751, -1.2448],
			"rotation": {"angle": -45, "axis": "y", "origin": [0.82322, 0.25, 0.0052]},
			"faces": {
				"north": {"uv": [8, 8.375, 8.5, 8.875], "texture": "#0"},
				"east": {"uv": [8, 8, 8.5, 8.5], "texture": "#0"},
				"south": {"uv": [8, 8.125, 8.5, 8.625], "texture": "#0"},
				"west": {"uv": [8, 8, 8.5, 8.5], "texture": "#0"},
				"up": {"uv": [8, 8.25, 8.5, 8.75], "texture": "#0"},
				"down": {"uv": [8, 8.375, 8.5, 8.875], "texture": "#0"}
			}
		},
		{
			"name": "handle",
			"from": [1, 14.75, -3],
			"to": [15, 15.75, -2],
			"rotation": {"angle": 0, "axis": "y", "origin": [0, 0.25, 0]},
			"faces": {
				"north": {"uv": [8.5, 8.375, 15.5, 8.875], "texture": "#0"},
				"east": {"uv": [8, 8, 8.5, 8.5], "texture": "#0"},
				"south": {"uv": [8.5, 8.125, 15.5, 8.625], "texture": "#0"},
				"west": {"uv": [8, 8, 8.5, 8.5], "texture": "#0"},
				"up": {"uv": [8.5, 8.25, 15.5, 8.75], "texture": "#0"},
				"down": {"uv": [8.5, 8.375, 15.5, 8.875], "texture": "#0"}
			}
		},
		{
			"name": "handle",
			"from": [0.29289, 14.75, -2.29289],
			"to": [1.29289, 15.75, -1.04289],
			"rotation": {"angle": 0, "axis": "y", "origin": [0.29289, 0.25, -0.04289]},
			"faces": {
				"north": {"uv": [8, 8.375, 8.5, 8.875], "texture": "#0"},
				"east": {"uv": [8, 8, 8.75, 8.5], "texture": "#0"},
				"south": {"uv": [8, 8.125, 8.5, 8.625], "texture": "#0"},
				"west": {"uv": [8, 8, 8.75, 8.5], "texture": "#0"},
				"up": {"uv": [8, 8.25, 8.5, 9], "texture": "#0"},
				"down": {"uv": [8, 8.375, 8.5, 9.125], "texture": "#0"}
			}
		},
		{
			"name": "bottom thingy",
			"from": [0, 1, -1.5],
			"to": [16, 1.75, -1],
			"faces": {
				"north": {"uv": [8.25, 11.625, 15.75, 11.875], "texture": "#0"},
				"east": {"uv": [8.5, 12, 8.75, 12.375], "texture": "#0"},
				"south": {"uv": [8.25, 11.625, 15.75, 11.875], "texture": "#0"},
				"west": {"uv": [8.5, 12, 8.75, 12.375], "texture": "#0"},
				"up": {"uv": [8.25, 11.625, 15.75, 11.875], "texture": "#0"},
				"down": {"uv": [8.25, 11.625, 15.75, 11.875], "texture": "#0"}
			}
		},
		{
			"from": [10.75, 9.75, -1.25],
			"to": [12.75, 10, -1],
			"faces": {
				"north": {"uv": [10.5, 12, 12.5, 12.25], "texture": "#0"},
				"east": {"uv": [11.5, 13, 11.75, 13.25], "texture": "#0"},
				"south": {"uv": [10.5, 13, 12.5, 13.25], "texture": "#0"},
				"west": {"uv": [11, 12.5, 11.25, 12.75], "texture": "#0"},
				"up": {"uv": [10, 13, 12, 13.25], "texture": "#0"},
				"down": {"uv": [10.5, 12.5, 12.5, 12.75], "texture": "#0"}
			}
		},
		{
			"from": [10.5, 10, -1.25],
			"to": [13, 11.25, -1],
			"faces": {
				"north": {"uv": [13.25, 12, 15.75, 13.5], "texture": "#0"},
				"east": {"uv": [10.5, 12, 10.75, 13.25], "texture": "#0"},
				"south": {"uv": [10.5, 12, 13, 13.25], "texture": "#0"},
				"west": {"uv": [13, 12, 13.25, 13.25], "texture": "#0"},
				"up": {"uv": [10.5, 11.625, 13.5, 11.875], "texture": "#0"},
				"down": {"uv": [10.5, 11.625, 13.5, 11.875], "texture": "#0"}
			}
		},
		{
			"from": [10.75, 11.25, -1.25],
			"to": [12.75, 11.5, -1],
			"faces": {
				"north": {"uv": [11, 12.5, 13, 11.75], "texture": "#0"},
				"east": {"uv": [10, 12, 10.25, 12.25], "texture": "#0"},
				"south": {"uv": [10.5, 12.5, 12.5, 12.75], "texture": "#0"},
				"west": {"uv": [11.5, 12, 11.75, 12.25], "texture": "#0"},
				"up": {"uv": [11, 12, 13, 12.25], "texture": "#0"},
				"down": {"uv": [11, 12, 13, 12.25], "texture": "#0"}
			}
		},
		{
			"name": "hexadecagon",
			"from": [3.30381, 16.25, 4],
			"to": [4.69619, 17.25, 11],
			"rotation": {"angle": -45, "axis": "y", "origin": [4, 16.75, 7.5]},
			"faces": {
				"north": {"uv": [5, 8.25, 5.5, 8.75], "texture": "#0"},
				"east": {"uv": [5, 8.25, 5.5, 8.75], "texture": "#0"},
				"south": {"uv": [5, 8.25, 5.5, 8.75], "texture": "#0"},
				"west": {"uv": [5, 8.25, 5.5, 8.75], "texture": "#0"},
				"up": {"uv": [5, 8.25, 5.5, 8.75], "texture": "#0"},
				"down": {"uv": [5, 8.25, 5.5, 8.75], "texture": "#0"}
			}
		},
		{
			"name": "hexadecagon",
			"from": [3.30381, 16.25, 4],
			"to": [4.69619, 17.25, 11],
			"rotation": {"angle": -22.5, "axis": "y", "origin": [4, 16.75, 7.5]},
			"faces": {
				"north": {"uv": [5, 8.25, 5.5, 8.75], "texture": "#0"},
				"east": {"uv": [5, 8.25, 5.5, 8.75], "texture": "#0"},
				"south": {"uv": [5, 8.25, 5.5, 8.75], "texture": "#0"},
				"west": {"uv": [5, 8.25, 5.5, 8.75], "texture": "#0"},
				"up": {"uv": [5, 8.25, 5.5, 8.75], "texture": "#0"},
				"down": {"uv": [5, 8.25, 5.5, 8.75], "texture": "#0"}
			}
		},
		{
			"name": "hexadecagon",
			"from": [3.30381, 16.25, 4],
			"to": [4.69619, 17.25, 11],
			"rotation": {"angle": 0, "axis": "y", "origin": [4, 16.75, 7.5]},
			"faces": {
				"north": {"uv": [5, 8.25, 5.5, 8.75], "texture": "#0"},
				"east": {"uv": [5, 8.25, 5.5, 8.75], "texture": "#0"},
				"south": {"uv": [5, 8.25, 5.5, 8.75], "texture": "#0"},
				"west": {"uv": [5, 8.25, 5.5, 8.75], "texture": "#0"},
				"up": {"uv": [5, 8.25, 5.5, 8.75], "texture": "#0"},
				"down": {"uv": [5, 8.25, 5.5, 8.75], "texture": "#0"}
			}
		},
		{
			"name": "hexadecagon",
			"from": [3.30381, 16.25, 4],
			"to": [4.69619, 17.25, 11],
			"rotation": {"angle": 22.5, "axis": "y", "origin": [4, 16.75, 7.5]},
			"faces": {
				"north": {"uv": [5, 8.25, 5.5, 8.75], "texture": "#0"},
				"east": {"uv": [5, 8.25, 5.5, 8.75], "texture": "#0"},
				"south": {"uv": [5, 8.25, 5.5, 8.75], "texture": "#0"},
				"west": {"uv": [5, 8.25, 5.5, 8.75], "texture": "#0"},
				"up": {"uv": [5, 8.25, 5.5, 8.75], "texture": "#0"},
				"down": {"uv": [5, 8.25, 5.5, 8.75], "texture": "#0"}
			}
		},
		{
			"name": "hexadecagon",
			"from": [3.30381, 16.25, 4],
			"to": [4.69619, 17.25, 11],
			"rotation": {"angle": 45, "axis": "y", "origin": [4, 16.75, 7.5]},
			"faces": {
				"north": {"uv": [5, 8.25, 5.5, 8.75], "texture": "#0"},
				"east": {"uv": [5, 8.25, 5.5, 8.75], "texture": "#0"},
				"south": {"uv": [5, 8.25, 5.5, 8.75], "texture": "#0"},
				"west": {"uv": [5, 8.25, 5.5, 8.75], "texture": "#0"},
				"up": {"uv": [5, 8.25, 5.5, 8.75], "texture": "#0"},
				"down": {"uv": [5, 8.25, 5.5, 8.75], "texture": "#0"}
			}
		},
		{
			"name": "hexadecagon",
			"from": [0.5, 16.251, 6.80381],
			"to": [7.5, 17.251, 8.19619],
			"rotation": {"angle": -22.5, "axis": "y", "origin": [4, 16.75, 7.5]},
			"faces": {
				"north": {"uv": [5, 8.25, 5.5, 8.75], "texture": "#0"},
				"east": {"uv": [5, 8.25, 5.5, 8.75], "texture": "#0"},
				"south": {"uv": [5, 8.25, 5.5, 8.75], "texture": "#0"},
				"west": {"uv": [5, 8.25, 5.5, 8.75], "texture": "#0"},
				"up": {"uv": [5, 8.25, 5.5, 8.75], "texture": "#0"},
				"down": {"uv": [5, 8.25, 5.5, 8.75], "texture": "#0"}
			}
		},
		{
			"name": "hexadecagon",
			"from": [0.5, 16.25, 6.80381],
			"to": [7.5, 17.25, 8.19619],
			"rotation": {"angle": 0, "axis": "y", "origin": [4, 16.75, 7.5]},
			"faces": {
				"north": {"uv": [5, 8.25, 5.5, 8.75], "texture": "#0"},
				"east": {"uv": [5, 8.25, 5.5, 8.75], "texture": "#0"},
				"south": {"uv": [5, 8.25, 5.5, 8.75], "texture": "#0"},
				"west": {"uv": [5, 8.25, 5.5, 8.75], "texture": "#0"},
				"up": {"uv": [5, 8.25, 5.5, 8.75], "texture": "#0"},
				"down": {"uv": [5, 8.25, 5.5, 8.75], "texture": "#0"}
			}
		},
		{
			"name": "hexadecagon",
			"from": [0.5, 16.251, 6.80381],
			"to": [7.5, 17.251, 8.19619],
			"rotation": {"angle": 22.5, "axis": "y", "origin": [4, 16.75, 7.5]},
			"faces": {
				"north": {"uv": [5, 8.25, 5.5, 8.75], "texture": "#0"},
				"east": {"uv": [5, 8.25, 5.5, 8.75], "texture": "#0"},
				"south": {"uv": [5, 8.25, 5.5, 8.75], "texture": "#0"},
				"west": {"uv": [5, 8.25, 5.5, 8.75], "texture": "#0"},
				"up": {"uv": [5, 8.25, 5.5, 8.75], "texture": "#0"},
				"down": {"uv": [5, 8.25, 5.5, 8.75], "texture": "#0"}
			}
		},
		{
			"name": "hexadecagon",
			"from": [11.30381, 16.25, 4],
			"to": [12.69619, 17.25, 11],
			"rotation": {"angle": -45, "axis": "y", "origin": [12, 16.75, 7.5]},
			"faces": {
				"north": {"uv": [5, 8.25, 5.5, 8.75], "texture": "#0"},
				"east": {"uv": [5, 8.25, 5.5, 8.75], "texture": "#0"},
				"south": {"uv": [5, 8.25, 5.5, 8.75], "texture": "#0"},
				"west": {"uv": [5, 8.25, 5.5, 8.75], "texture": "#0"},
				"up": {"uv": [5, 8.25, 5.5, 8.75], "texture": "#0"},
				"down": {"uv": [5, 8.25, 5.5, 8.75], "texture": "#0"}
			}
		},
		{
			"name": "hexadecagon",
			"from": [11.30381, 16.25, 4],
			"to": [12.69619, 17.25, 11],
			"rotation": {"angle": -22.5, "axis": "y", "origin": [12, 16.75, 7.5]},
			"faces": {
				"north": {"uv": [5, 8.25, 5.5, 8.75], "texture": "#0"},
				"east": {"uv": [5, 8.25, 5.5, 8.75], "texture": "#0"},
				"south": {"uv": [5, 8.25, 5.5, 8.75], "texture": "#0"},
				"west": {"uv": [5, 8.25, 5.5, 8.75], "texture": "#0"},
				"up": {"uv": [5, 8.25, 5.5, 8.75], "texture": "#0"},
				"down": {"uv": [5, 8.25, 5.5, 8.75], "texture": "#0"}
			}
		},
		{
			"name": "hexadecagon",
			"from": [11.30381, 16.25, 4],
			"to": [12.69619, 17.25, 11],
			"rotation": {"angle": 0, "axis": "y", "origin": [12, 16.75, 7.5]},
			"faces": {
				"north": {"uv": [5, 8.25, 5.5, 8.75], "texture": "#0"},
				"east": {"uv": [5, 8.25, 5.5, 8.75], "texture": "#0"},
				"south": {"uv": [5, 8.25, 5.5, 8.75], "texture": "#0"},
				"west": {"uv": [5, 8.25, 5.5, 8.75], "texture": "#0"},
				"up": {"uv": [5, 8.25, 5.5, 8.75], "texture": "#0"},
				"down": {"uv": [5, 8.25, 5.5, 8.75], "texture": "#0"}
			}
		},
		{
			"name": "hexadecagon",
			"from": [11.30381, 16.25, 4],
			"to": [12.69619, 17.25, 11],
			"rotation": {"angle": 22.5, "axis": "y", "origin": [12, 16.75, 7.5]},
			"faces": {
				"north": {"uv": [5, 8.25, 5.5, 8.75], "texture": "#0"},
				"east": {"uv": [5, 8.25, 5.5, 8.75], "texture": "#0"},
				"south": {"uv": [5, 8.25, 5.5, 8.75], "texture": "#0"},
				"west": {"uv": [5, 8.25, 5.5, 8.75], "texture": "#0"},
				"up": {"uv": [5, 8.25, 5.5, 8.75], "texture": "#0"},
				"down": {"uv": [5, 8.25, 5.5, 8.75], "texture": "#0"}
			}
		},
		{
			"name": "hexadecagon",
			"from": [11.30381, 16.25, 4],
			"to": [12.69619, 17.25, 11],
			"rotation": {"angle": 45, "axis": "y", "origin": [12, 16.75, 7.5]},
			"faces": {
				"north": {"uv": [5, 8.25, 5.5, 8.75], "texture": "#0"},
				"east": {"uv": [5, 8.25, 5.5, 8.75], "texture": "#0"},
				"south": {"uv": [5, 8.25, 5.5, 8.75], "texture": "#0"},
				"west": {"uv": [5, 8.25, 5.5, 8.75], "texture": "#0"},
				"up": {"uv": [5, 8.25, 5.5, 8.75], "texture": "#0"},
				"down": {"uv": [5, 8.25, 5.5, 8.75], "texture": "#0"}
			}
		},
		{
			"name": "hexadecagon",
			"from": [8.5, 16.25, 6.80381],
			"to": [15.5, 17.25, 8.19619],
			"rotation": {"angle": -22.5, "axis": "y", "origin": [12, 16.75, 7.5]},
			"faces": {
				"north": {"uv": [5, 8.25, 5.5, 8.75], "texture": "#0"},
				"east": {"uv": [5, 8.25, 5.5, 8.75], "texture": "#0"},
				"south": {"uv": [5, 8.25, 5.5, 8.75], "texture": "#0"},
				"west": {"uv": [5, 8.25, 5.5, 8.75], "texture": "#0"},
				"up": {"uv": [5, 8.25, 5.5, 8.75], "texture": "#0"},
				"down": {"uv": [5, 8.25, 5.5, 8.75], "texture": "#0"}
			}
		},
		{
			"name": "hexadecagon",
			"from": [8.5, 16.25, 6.80381],
			"to": [15.5, 17.25, 8.19619],
			"rotation": {"angle": 0, "axis": "y", "origin": [12, 16.75, 7.5]},
			"faces": {
				"north": {"uv": [5, 8.25, 5.5, 8.75], "texture": "#0"},
				"east": {"uv": [5, 8.25, 5.5, 8.75], "texture": "#0"},
				"south": {"uv": [5, 8.25, 5.5, 8.75], "texture": "#0"},
				"west": {"uv": [5, 8.25, 5.5, 8.75], "texture": "#0"},
				"up": {"uv": [5, 8.25, 5.5, 8.75], "texture": "#0"},
				"down": {"uv": [5, 8.25, 5.5, 8.75], "texture": "#0"}
			}
		},
		{
			"name": "hexadecagon",
			"from": [8.5, 16.25, 6.80381],
			"to": [15.5, 17.25, 8.19619],
			"rotation": {"angle": 22.5, "axis": "y", "origin": [12, 16.75, 7.5]},
			"faces": {
				"north": {"uv": [5, 8.25, 5.5, 8.75], "texture": "#0"},
				"east": {"uv": [5, 8.25, 5.5, 8.75], "texture": "#0"},
				"south": {"uv": [5, 8.25, 5.5, 8.75], "texture": "#0"},
				"west": {"uv": [5, 8.25, 5.5, 8.75], "texture": "#0"},
				"up": {"uv": [5, 8.25, 5.5, 8.75], "texture": "#0"},
				"down": {"uv": [5, 8.25, 5.5, 8.75], "texture": "#0"}
			}
		},
		{
			"name": "rbottom",
			"from": [1.5, 2.25, -2],
			"to": [7.5, 7.25, -1],
			"faces": {
				"north": {"uv": [0, 8.5, 3, 11], "texture": "#0"},
				"east": {"uv": [0, 8.5, 0.5, 11], "texture": "#0"},
				"south": {"uv": [0, 8.5, 3, 11], "texture": "#0"},
				"west": {"uv": [0, 8.5, 0.5, 11], "texture": "#0"},
				"up": {"uv": [0, 8.5, 3, 9], "texture": "#0"},
				"down": {"uv": [0, 8.5, 3, 9], "texture": "#0"}
			}
		},
		{
			"name": "lbottom",
			"from": [8.5, 2.25, -2],
			"to": [14.5, 7.25, -1],
			"faces": {
				"north": {"uv": [0, 8.5, 3, 11], "texture": "#0"},
				"east": {"uv": [0, 8.5, 0.5, 11], "texture": "#0"},
				"south": {"uv": [0, 8.5, 3, 11], "texture": "#0"},
				"west": {"uv": [0, 8.5, 0.5, 11], "texture": "#0"},
				"up": {"uv": [0, 8.5, 3, 9], "texture": "#0"},
				"down": {"uv": [0, 8.5, 3, 9], "texture": "#0"}
			}
		},
		{
			"name": "rtop",
			"from": [1.5, 8.25, -2],
			"to": [7.5, 13.25, -1],
			"faces": {
				"north": {"uv": [0, 8.5, 3, 11], "texture": "#0"},
				"east": {"uv": [0, 8.5, 0.5, 11], "texture": "#0"},
				"south": {"uv": [0, 8.5, 3, 11], "texture": "#0"},
				"west": {"uv": [0, 8.5, 0.5, 11], "texture": "#0"},
				"up": {"uv": [0, 8.5, 3, 9], "texture": "#0"},
				"down": {"uv": [0, 8.5, 3, 9], "texture": "#0"}
			}
		},
		{
			"name": "lbottom thingy",
			"from": [8.5, 7.25, -1.5],
			"to": [14.5, 8, -1],
			"faces": {
				"north": {"uv": [8.125, 9.625, 14.375, 11.375], "texture": "#0"},
				"east": {"uv": [0, 8.5, 0.5, 11], "texture": "#0"},
				"south": {"uv": [0, 8.5, 3, 11], "texture": "#0"},
				"west": {"uv": [0, 8.5, 0.5, 11], "texture": "#0"},
				"up": {"uv": [0, 8.5, 3, 9], "texture": "#0"},
				"down": {"uv": [0, 8.5, 3, 9], "texture": "#0"}
			}
		},
		{
			"name": "rbottom hinge",
			"from": [1, 2.75, -2.25],
			"to": [2, 3.75, -1],
			"faces": {
				"north": {"uv": [8, 14, 9, 15], "texture": "#0"},
				"east": {"uv": [8, 15, 9, 16], "texture": "#0"},
				"south": {"uv": [9, 14, 10, 15], "texture": "#0"},
				"west": {"uv": [9, 15, 10, 16], "texture": "#0"},
				"up": {"uv": [9, 15, 8, 14], "texture": "#0"},
				"down": {"uv": [11, 14, 10, 15], "texture": "#0"}
			}
		},
		{
			"name": "rbottom hinge",
			"from": [1, 5.75, -2.25],
			"to": [2, 6.75, -1],
			"faces": {
				"north": {"uv": [8, 14, 9, 15], "texture": "#0"},
				"east": {"uv": [8, 14, 9.25, 15], "texture": "#0"},
				"south": {"uv": [8, 14, 9, 15], "texture": "#0"},
				"west": {"uv": [8, 14, 9.25, 15], "texture": "#0"},
				"up": {"uv": [8, 14, 9, 15.25], "texture": "#0"},
				"down": {"uv": [8, 14, 9, 15.25], "texture": "#0"}
			}
		},
		{
			"name": "lbottom hinge",
			"from": [14, 5.75, -2.25],
			"to": [15, 6.75, -1],
			"faces": {
				"north": {"uv": [8, 14, 9, 15], "texture": "#0"},
				"east": {"uv": [8, 14, 9.25, 15], "texture": "#0"},
				"south": {"uv": [8, 14, 9, 15], "texture": "#0"},
				"west": {"uv": [8, 14, 9.25, 15], "texture": "#0"},
				"up": {"uv": [8, 14, 9, 15.25], "texture": "#0"},
				"down": {"uv": [8, 14, 9, 15.25], "texture": "#0"}
			}
		},
		{
			"name": "lbottom hinge",
			"from": [14, 2.75, -2.25],
			"to": [15, 3.75, -1],
			"faces": {
				"north": {"uv": [8, 14, 9, 15], "texture": "#0"},
				"east": {"uv": [8, 14, 9.25, 15], "texture": "#0"},
				"south": {"uv": [8, 14, 9, 15], "texture": "#0"},
				"west": {"uv": [8, 14, 9.25, 15], "texture": "#0"},
				"up": {"uv": [8, 14, 9, 15.25], "texture": "#0"},
				"down": {"uv": [8, 14, 9, 15.25], "texture": "#0"}
			}
		},
		{
			"name": "rtop hinge",
			"from": [1, 11.75, -2.25],
			"to": [2, 12.75, -1],
			"faces": {
				"north": {"uv": [8, 14, 9, 15], "texture": "#0"},
				"east": {"uv": [8, 14, 9.25, 15], "texture": "#0"},
				"south": {"uv": [8, 14, 9, 15], "texture": "#0"},
				"west": {"uv": [8, 14, 9.25, 15], "texture": "#0"},
				"up": {"uv": [8, 14, 9, 15.25], "texture": "#0"},
				"down": {"uv": [8, 14, 9, 15.25], "texture": "#0"}
			}
		},
		{
			"name": "rtop hinge",
			"from": [1, 8.75, -2.25],
			"to": [2, 9.75, -1],
			"faces": {
				"north": {"uv": [8, 14, 9, 15], "texture": "#0"},
				"east": {"uv": [8, 14, 9.25, 15], "texture": "#0"},
				"south": {"uv": [8, 14, 9, 15], "texture": "#0"},
				"west": {"uv": [8, 14, 9.25, 15], "texture": "#0"},
				"up": {"uv": [8, 14, 9, 15.25], "texture": "#0"},
				"down": {"uv": [8, 14, 9, 15.25], "texture": "#0"}
			}
		}
	],
	"display": {
		"thirdperson_righthand": {
			"rotation": [45, 0, 0],
			"scale": [0.375, 0.375, 0.375]
		},
		"thirdperson_lefthand": {
			"rotation": [45, 0, 0],
			"scale": [0.375, 0.375, 0.375]
		},
		"firstperson_righthand": {
			"scale": [0.375, 0.375, 0.375]
		},
		"firstperson_lefthand": {
			"scale": [0.375, 0.375, 0.375]
		},
		"ground": {
			"scale": [0.375, 0.375, 0.375]
		},
		"gui": {
			"rotation": [18, 147, 0],
			"translation": [0, -2.5, 0],
			"scale": [0.5, 0.5, 0.5]
		},
		"fixed": {
			"rotation": [-90, 0, 0],
			"translation": [0, 0, -14],
			"scale": [2, 2, 2]
		}
	},
	"groups": [
		{
			"name": "group",
			"origin": [-8.0025, 0, 0],
			"color": 0,
			"children": [
				0,
				{
					"name": "back stuff",
					"origin": [8, 20, 13],
					"color": 0,
					"children": [1, 2, 3, 4, 5]
				},
				{
					"name": "handles",
					"origin": [0.29289, 0.25, -0.04289],
					"color": 0,
					"children": [
						6,
						7,
						8,
						9,
						10,
						11,
						12,
						13,
						14,
						15,
						{
							"name": "towel rack",
							"origin": [0.29289, 0.25, -0.04289],
							"color": 0,
							"children": [16, 17, 18, 19, 20, 21, 22]
						},
						23
					]
				},
				{
					"name": "front label",
					"origin": [0, 0, 0],
					"color": 0,
					"children": [24, 25, 26]
				},
				{
					"name": "stove top",
					"origin": [-0.64645, 0.5, -1.39645],
					"color": 0,
					"children": [27, 28, 29, 30, 31, 32, 33, 34, 35, 36, 37, 38, 39, 40, 41, 42]
				},
				{
					"name": "doors",
					"origin": [0, 0, 0],
					"color": 0,
					"children": [
						{
							"name": "doors",
							"origin": [0, 0, 0],
							"color": 0,
							"children": [43, 44, 45, 46]
						},
						{
							"name": "hinges",
							"origin": [0, 0, 0],
							"color": 0,
							"children": [47, 48, 49, 50, 51, 52]
						}
					]
				}
			]
		}
	]
}