{
	"credit": "Made with Blockbench",
	"texture_size": [64, 64],
	"textures": {
		"0": "block/pancake1"
	},
	"elements": [
		{
			"name": "plate",
			"from": [5, 0, 5],
			"to": [11, 1, 11],
			"rotation": {"angle": 0, "axis": "y", "origin": [8, 0, 8]},
			"faces": {
				"north": {"uv": [1.515, 1.515, 2.985, 1.735], "texture": "#0"},
				"east": {"uv": [0.015, 1.515, 1.485, 1.735], "texture": "#0"},
				"south": {"uv": [4.515, 1.515, 5.985, 1.735], "texture": "#0"},
				"west": {"uv": [3.015, 1.515, 4.485, 1.735], "texture": "#0"},
				"up": {"uv": [2.985, 1.485, 1.515, 0.015], "texture": "#0"},
				"down": {"uv": [4.485, 0.015, 3.015, 1.485], "texture": "#0"}
			}
		},
		{
			"name": "plate",
			"from": [11, 0.4, 5],
			"to": [13, 1.4, 11],
			"rotation": {"angle": 0, "axis": "y", "origin": [8, 0, 8]},
			"faces": {
				"north": {"uv": [3.515, 6.765, 3.985, 6.985], "texture": "#0"},
				"east": {"uv": [2.015, 6.765, 3.485, 6.985], "texture": "#0"},
				"south": {"uv": [1.515, 6.765, 1.985, 6.985], "texture": "#0"},
				"west": {"uv": [0.015, 6.765, 1.485, 6.985], "texture": "#0"},
				"up": {"uv": [1.985, 6.735, 1.515, 5.265], "rotation": 180, "texture": "#0"},
				"down": {"uv": [2.485, 5.265, 2.015, 6.735], "rotation": 180, "texture": "#0"}
			}
		},
		{
			"name": "plate",
			"from": [3, 0.4, 3],
			"to": [13, 1.4, 5],
			"rotation": {"angle": 0, "axis": "y", "origin": [8, 0, 8]},
			"faces": {
				"north": {"uv": [7.265, 4.015, 9.735, 4.235], "texture": "#0"},
				"east": {"uv": [6.765, 4.015, 7.235, 4.235], "texture": "#0"},
				"south": {"uv": [4.265, 4.015, 6.735, 4.235], "texture": "#0"},
				"west": {"uv": [3.765, 4.015, 4.235, 4.235], "texture": "#0"},
				"up": {"uv": [6.735, 3.985, 4.265, 3.515], "rotation": 180, "texture": "#0"},
				"down": {"uv": [9.235, 3.515, 6.765, 3.985], "rotation": 180, "texture": "#0"}
			}
		},
		{
			"name": "plate",
			"from": [3, 0.4, 5],
			"to": [5, 1.4, 11],
			"rotation": {"angle": 0, "axis": "y", "origin": [8, 0, 8]},
			"faces": {
				"north": {"uv": [5.015, 5.765, 5.485, 5.985], "texture": "#0"},
				"east": {"uv": [3.515, 5.765, 4.985, 5.985], "texture": "#0"},
				"south": {"uv": [7.015, 5.765, 7.485, 5.985], "texture": "#0"},
				"west": {"uv": [5.515, 5.765, 6.985, 5.985], "texture": "#0"},
				"up": {"uv": [5.485, 5.735, 5.015, 4.265], "texture": "#0"},
				"down": {"uv": [5.985, 4.265, 5.515, 5.735], "texture": "#0"}
			}
		},
		{
			"name": "plate",
			"from": [3, 0.4, 11],
			"to": [13, 1.4, 13],
			"rotation": {"angle": 0, "axis": "y", "origin": [8, 0, 8]},
			"faces": {
				"north": {"uv": [4.265, 2.265, 6.735, 2.485], "texture": "#0"},
				"east": {"uv": [3.765, 2.265, 4.235, 2.485], "texture": "#0"},
				"south": {"uv": [7.265, 2.265, 9.735, 2.485], "texture": "#0"},
				"west": {"uv": [6.765, 2.265, 7.235, 2.485], "texture": "#0"},
				"up": {"uv": [6.735, 2.235, 4.265, 1.765], "texture": "#0"},
				"down": {"uv": [9.235, 1.765, 6.765, 2.235], "texture": "#0"}
			}
		},
		{
			"name": "pancake",
			"from": [5.5, 1, 5.5],
			"to": [10.5, 3, 10.5],
			"rotation": {"angle": 0, "axis": "y", "origin": [8, 0, 8]},
			"faces": {
				"north": {"uv": [1.265, 3.015, 2.485, 3.485], "texture": "#0"},
				"east": {"uv": [0.015, 3.015, 1.235, 3.485], "texture": "#0"},
				"south": {"uv": [3.765, 3.015, 4.985, 3.485], "texture": "#0"},
				"west": {"uv": [2.515, 3.015, 3.735, 3.485], "texture": "#0"},
				"up": {"uv": [2.485, 2.985, 1.265, 1.765], "texture": "#0"},
				"down": {"uv": [3.735, 1.765, 2.515, 2.985], "texture": "#0"}
			}
		},
		{
			"name": "pancake",
			"from": [5.5, 3, 5.5],
			"to": [10.5, 5, 10.5],
			"rotation": {"angle": -22.5, "axis": "y", "origin": [8, 0, 8]},
			"faces": {
				"north": {"uv": [1.265, 3.015, 2.485, 3.485], "texture": "#0"},
				"east": {"uv": [0.015, 3.015, 1.235, 3.485], "texture": "#0"},
				"south": {"uv": [3.765, 3.015, 4.985, 3.485], "texture": "#0"},
				"west": {"uv": [2.515, 3.015, 3.735, 3.485], "texture": "#0"},
				"up": {"uv": [2.485, 2.985, 1.265, 1.765], "texture": "#0"},
				"down": {"uv": [3.735, 1.765, 2.515, 2.985], "texture": "#0"}
			}
		},
		{
			"name": "toppings",
			"from": [9.55557, 5.09047, 6.55763],
			"to": [10.55557, 5.09047, 7.55763],
			"rotation": {"angle": 0, "axis": "y", "origin": [8, 0, 8]},
			"faces": {
				"north": {"uv": [6.765, 1.015, 6.985, 1.015], "texture": "#0"},
				"east": {"uv": [6.515, 1.015, 6.735, 1.015], "texture": "#0"},
				"south": {"uv": [7.265, 1.015, 7.485, 1.015], "texture": "#0"},
				"west": {"uv": [7.015, 1.015, 7.235, 1.015], "texture": "#0"},
				"up": {"uv": [6.985, 0.985, 6.765, 0.765], "texture": "#0"},
				"down": {"uv": [7.235, 0.765, 7.015, 0.985], "texture": "#0"}
			}
		},
		{
			"name": "toppings",
			"from": [6.83263, 5.21026, 9.79104],
			"to": [7.83263, 5.21026, 10.79104],
			"rotation": {"angle": -45, "axis": "y", "origin": [8, 0, 8]},
			"faces": {
				"north": {"uv": [6.765, 1.265, 6.985, 1.265], "texture": "#0"},
				"east": {"uv": [6.515, 1.265, 6.735, 1.265], "texture": "#0"},
				"south": {"uv": [7.265, 1.265, 7.485, 1.265], "texture": "#0"},
				"west": {"uv": [7.015, 1.265, 7.235, 1.265], "texture": "#0"},
				"up": {"uv": [6.985, 1.235, 6.765, 1.015], "texture": "#0"},
				"down": {"uv": [7.235, 1.015, 7.015, 1.235], "texture": "#0"}
			}
		},
		{
			"name": "toppings",
			"from": [7, 4.4, 6.9],
			"to": [9, 5.4, 8.9],
			"rotation": {"angle": 22.5, "axis": "y", "origin": [8, 4.9, 7.9]},
			"faces": {
				"north": {"uv": [5.015, 0.515, 5.485, 0.735], "texture": "#0"},
				"east": {"uv": [4.515, 0.515, 4.985, 0.735], "texture": "#0"},
				"south": {"uv": [6.015, 0.515, 6.485, 0.735], "texture": "#0"},
				"west": {"uv": [5.515, 0.515, 5.985, 0.735], "texture": "#0"},
				"up": {"uv": [5.485, 0.485, 5.015, 0.015], "texture": "#0"},
				"down": {"uv": [5.985, 0.015, 5.515, 0.485], "texture": "#0"}
			}
		}
	],
	"display": {
		"thirdperson_righthand": {
			"rotation": [70, 0, 0],
			"translation": [-5.75, 5.25, 6]
		},
		"firstperson_righthand": {
			"translation": [-7.75, 4, -0.75]
		},
		"ground": {
			"translation": [0, 4, 0]
		},
		"gui": {
			"rotation": [24, 24, 0],
			"translation": [0, 4, 0]
		},
		"fixed": {
			"rotation": [-90, 0, 0],
			"translation": [0, 0, -15],
			"scale": [2, 2, 2]
		}
	},
	"groups": [
		{
			"name": "plate",
			"origin": [0, 0, 0],
			"color": 0,
			"children": [
				0,
				1,
				2,
				3,
				4,
				{
					"name": "pancake",
					"origin": [0, 0, 0],
					"color": 1,
					"children": [
						5,
						6,
						{
							"name": "toppings",
							"origin": [0, 0.2, -0.1],
							"color": 2,
							"children": [7, 8, 9]
						}
					]
				}
			]
		}
	]
}