{
	"credit": "Made with Blockbench",
	"textures": {
		"1": "painting/match",
		"3": "painting/sunset",
		"particle": "painting/match"
	},
	"elements": [
		{
			"from": [-5, 0, 7],
			"to": [27, 16, 8],
			"rotation": {"angle": 22.5, "axis": "x", "origin": [0, 0, 0]},
			"faces": {
				"north": {"uv": [0, 0, 16, 16], "texture": "#3"},
				"east": {"uv": [0, 0, 0.5, 16], "texture": "#3"},
				"south": {"uv": [0, 0, 0.5, 0.5], "texture": "#3"},
				"west": {"uv": [15.5, 0, 16, 16], "texture": "#3"},
				"up": {"uv": [0, 0, 16, 0.5], "rotation": 180, "texture": "#3"},
				"down": {"uv": [0, 15.5, 16, 16], "rotation": 180, "texture": "#3"}
			}
		},
		{
			"from": [-11, 0, 8],
			"to": [21, 32, 9],
			"rotation": {"angle": 22.5, "axis": "x", "origin": [0, 0, 0]},
			"faces": {
				"north": {"uv": [0, 0, 16, 16], "texture": "#1"},
				"east": {"uv": [0, 0, 0.5, 16], "texture": "#1"},
				"south": {"uv": [0, 0, 0.5, 0.5], "texture": "#1"},
				"west": {"uv": [15.5, 0, 16, 16], "texture": "#1"},
				"up": {"uv": [0, 0, 16, 0.5], "rotation": 180, "texture": "#1"},
				"down": {"uv": [0, 15.5, 16, 16], "rotation": 180, "texture": "#1"}
			}
		}
	],
	"display": {
		"thirdperson_righthand": {
			"scale": [0.5, 0.5, 0.5]
		},
		"thirdperson_lefthand": {
			"scale": [0.5, 0.5, 0.5]
		},
		"firstperson_righthand": {
			"scale": [0.5, 0.5, 0.5]
		},
		"firstperson_lefthand": {
			"scale": [0.5, 0.5, 0.5]
		},
		"ground": {
			"scale": [0.5, 0.5, 0.5]
		},
		"gui": {
			"rotation": [25, 135, 0],
			"translation": [-1.25, -1.25, 0],
			"scale": [0.3, 0.3, 0.3]
		},
		"fixed": {
			"rotation": [-90, 0, 0],
			"translation": [0, -8.5, -20],
			"scale": [2, 2, 2]
		}
	},
	"groups": [
		{
			"name": "group",
			"origin": [8, 8, 8],
			"color": 0,
			"children": [0, 1]
		}
	]
}