{
	"credit": "Made with Blockbench",
	"textures": {
		"2": "painting/alban",
		"3": "painting/plant"
	},
	"elements": [
		{
			"from": [2, 4, 8],
			"to": [15, 17, 9],
			"rotation": {"angle": 22.5, "axis": "x", "origin": [0, 0, 0]},
			"faces": {
				"north": {"uv": [1, 1, 15, 15], "texture": "#3"},
				"east": {"uv": [1, 1, 2, 15], "texture": "#3"},
				"south": {"uv": [1, 14, 2, 15], "texture": "#3"},
				"west": {"uv": [14, 1, 15, 15], "texture": "#3"},
				"up": {"uv": [1, 1, 15, 2], "rotation": 180, "texture": "#3"},
				"down": {"uv": [1, 14, 15, 15], "rotation": 180, "texture": "#3"}
			}
		},
		{
			"from": [1, 3, 7],
			"to": [11, 15, 8],
			"rotation": {"angle": 22.5, "axis": "x", "origin": [0, 0, 0]},
			"faces": {
				"north": {"uv": [3, 2, 13, 14], "texture": "#2"},
				"east": {"uv": [2, 2, 3, 14], "texture": "#2"},
				"south": {"uv": [2, 1, 3, 2], "texture": "#2"},
				"west": {"uv": [13, 2, 14, 14], "texture": "#2"},
				"up": {"uv": [3, 1, 13, 2], "rotation": 180, "texture": "#2"},
				"down": {"uv": [3, 14, 13, 15], "rotation": 180, "texture": "#2"}
			}
		}
	],
	"display": {
		"gui": {
			"rotation": [25, 145, 0],
			"translation": [-0.25, 3.25, 0],
			"scale": [0.8, 0.8, 0.8]
		},
		"fixed": {
			"rotation": [-90, 0, 0],
			"translation": [0, 2.5, -15],
			"scale": [2, 2, 2]
		}
	}
}