{
	"credit": "Made with Blockbench",
	"textures": {
		"4": "block/white_wool"
	},
	"elements": [
		{
			"from": [-8, 0, 7],
			"to": [8, 16, 8],
			"rotation": {"angle": 22.5, "axis": "x", "origin": [0, 0, 0]},
			"faces": {
				"north": {"uv": [0, 0, 16, 16], "texture": "#4"},
				"south": {"uv": [0, 0, 16, 16], "texture": "#4"},
				"west": {"uv": [15, 0, 16, 16], "texture": "#4"},
				"up": {"uv": [0, 0, 16, 1], "rotation": 180, "texture": "#4"},
				"down": {"uv": [0, 15, 16, 16], "rotation": 180, "texture": "#4"}
			}
		},
		{
			"from": [8, 0, 7],
			"to": [24, 16, 8],
			"rotation": {"angle": 22.5, "axis": "x", "origin": [0, 0, 0]},
			"faces": {
				"north": {"uv": [0, 0, 16, 16], "texture": "#4"},
				"east": {"uv": [0, 0, 1, 16], "texture": "#4"},
				"south": {"uv": [0, 0, 16, 16], "texture": "#4"},
				"up": {"uv": [0, 0, 16, 1], "rotation": 180, "texture": "#4"},
				"down": {"uv": [0, 15, 16, 16], "rotation": 180, "texture": "#4"}
			}
		},
		{
			"from": [-4, 16, 8],
			"to": [12, 32, 9],
			"rotation": {"angle": 22.5, "axis": "x", "origin": [0, 0, 0]},
			"faces": {
				"north": {"uv": [0, 0, 16, 16], "texture": "#4"},
				"east": {"uv": [0, 0, 1, 16], "texture": "#4"},
				"south": {"uv": [0, 0, 16, 16], "texture": "#4"},
				"west": {"uv": [15, 0, 16, 16], "texture": "#4"},
				"up": {"uv": [0, 0, 16, 1], "rotation": 180, "texture": "#4"}
			}
		},
		{
			"from": [-4, 0, 8],
			"to": [12, 16, 9],
			"rotation": {"angle": 22.5, "axis": "x", "origin": [0, 0, 0]},
			"faces": {
				"north": {"uv": [0, 0, 16, 16], "texture": "#4"},
				"east": {"uv": [0, 0, 1, 16], "texture": "#4"},
				"south": {"uv": [0, 0, 16, 16], "texture": "#4"},
				"west": {"uv": [15, 0, 16, 16], "texture": "#4"},
				"down": {"uv": [0, 15, 16, 17], "rotation": 180, "texture": "#4"}
			}
		}
	],
	"display": {
		"firstperson_righthand": {
			"scale": [0.5, 0.5, 0.5]
		},
		"firstperson_lefthand": {
			"scale": [0.5, 0.5, 0.5]
		},
		"ground": {
			"scale": [0.5, 0.5, 0.5]
		},
		"gui": {
			"rotation": [25, 135, 0],
			"translation": [-1, -1.75, 0],
			"scale": [0.3, 0.3, 0.3]
		},
		"fixed": {
			"rotation": [-90, 0, 0],
			"translation": [0, -8.5, -20],
			"scale": [2, 2, 2]
		}
	}
}