{
	"credit": "Made with Blockbench",
	"texture_size": [16, 32],
	"textures": {
		"2": "painting/sea",
		"3": "painting/graham",
		"particle": "painting/graham"
	},
	"elements": [
		{
			"from": [5, 0, 8],
			"to": [21, 32, 9],
			"shade": false,
			"rotation": {"angle": 22.5, "axis": "x", "origin": [0, 0, 0]},
			"faces": {
				"north": {"uv": [0, 0, 16, 16], "texture": "#3", "cullface": "north"},
				"east": {"uv": [0, 0, 1, 16], "texture": "#3"},
				"south": {"uv": [0, 0, 1, 0.5], "texture": "#3"},
				"west": {"uv": [15, 0, 16, 16], "texture": "#3"},
				"up": {"uv": [0, 0, 16, 0.5], "rotation": 180, "texture": "#3"},
				"down": {"uv": [0, 15.5, 16, 16], "rotation": 180, "texture": "#3"}
			}
		},
		{
			"from": [-8, 0, 7],
			"to": [24, 16, 8],
			"rotation": {"angle": 22.5, "axis": "x", "origin": [0, 0, 0]},
			"faces": {
				"north": {"uv": [0, 0, 16, 16], "texture": "#2"},
				"east": {"uv": [0, 0, 0.5, 16], "texture": "#2"},
				"south": {"uv": [0, 0, 1, 0.5], "texture": "#2"},
				"west": {"uv": [15.5, 0, 16, 16], "texture": "#2"},
				"up": {"uv": [0, 0, 16, 0.25], "rotation": 180, "texture": "#2"},
				"down": {"uv": [0, 15.75, 16, 16], "rotation": 180, "texture": "#2"}
			}
		}
	],
	"display": {
		"firstperson_righthand": {
			"scale": [0.5, 0.5, 0.5]
		},
		"firstperson_lefthand": {
			"scale": [0.5, 0.5, 0.5]
		},
		"ground": {
			"scale": [0.5, 0.5, 0.5]
		},
		"gui": {
			"rotation": [25, 135, 0],
			"translation": [-0.5, -1.5, 0],
			"scale": [0.3, 0.3, 0.3]
		},
		"fixed": {
			"rotation": [-90, 0, 0],
			"translation": [0, -8.5, -20],
			"scale": [2, 2, 2]
		}
	}
}