{
	"credit": "Made with Blockbench",
	"ambientocclusion": false,
	"textures": {
		"1": "block/bowl1",
		"2": "block/berries",
		"particle": "block/berries"
	},
	"elements": [
		{
			"from": [6.88, 0.74, 5.62],
			"to": [7.56, 2.78, 10.38],
			"rotation": {"angle": 0, "axis": "y", "origin": [-0.94, 0.06, 2.56]},
			"faces": {
				"north": {"uv": [0.06, 0.06, -0.06, -0.06], "texture": "#1"},
				"east": {"uv": [9.06, 0.06, 15.94, 2.94], "texture": "#1"},
				"south": {"uv": [0.06, 0.06, -0.06, -0.06], "texture": "#1"},
				"west": {"uv": [9.06, 0.06, 15.94, 2.94], "texture": "#1"},
				"up": {"uv": [9.06, 2.06, 15.94, 2.94], "rotation": 90, "texture": "#1"},
				"down": {"uv": [9.06, 2.06, 15.94, 2.94], "rotation": 90, "texture": "#1"}
			}
		},
		{
			"from": [1.44, 0.74, 5.62],
			"to": [2.12, 2.78, 10.38],
			"rotation": {"angle": 0, "axis": "y", "origin": [-0.94, 0.06, 2.56]},
			"faces": {
				"north": {"uv": [0.06, 0.06, -0.06, -0.06], "texture": "#1"},
				"east": {"uv": [9.06, 0.06, 15.94, 2.94], "texture": "#1"},
				"south": {"uv": [0.06, 0.06, -0.06, -0.06], "texture": "#1"},
				"west": {"uv": [9.06, 0.06, 15.94, 2.94], "texture": "#1"},
				"up": {"uv": [9.06, 2.06, 15.94, 2.94], "rotation": 90, "texture": "#1"},
				"down": {"uv": [9.06, 2.06, 15.94, 2.94], "rotation": 90, "texture": "#1"}
			}
		},
		{
			"from": [1.44, 0.74, 10.38],
			"to": [7.56, 2.78, 11.06],
			"rotation": {"angle": 0, "axis": "y", "origin": [-0.94, 0.06, 2.56]},
			"faces": {
				"north": {"uv": [7.06, 4.06, 15.94, 6.94], "texture": "#1"},
				"east": {"uv": [7.06, 4.06, 7.94, 6.94], "texture": "#1"},
				"south": {"uv": [7.06, 4.06, 15.94, 6.94], "texture": "#1"},
				"west": {"uv": [15.06, 4.06, 15.94, 6.94], "texture": "#1"},
				"up": {"uv": [7.06, 6.06, 15.94, 6.94], "texture": "#1"},
				"down": {"uv": [7.06, 6.06, 15.94, 6.94], "texture": "#1"}
			}
		},
		{
			"from": [1.44, 0.74, 4.94],
			"to": [7.56, 2.78, 5.62],
			"rotation": {"angle": 0, "axis": "y", "origin": [-0.94, 0.06, 2.56]},
			"faces": {
				"north": {"uv": [7.06, 4.06, 15.94, 6.94], "texture": "#1"},
				"east": {"uv": [15.06, 4.06, 15.94, 6.94], "texture": "#1"},
				"south": {"uv": [7.06, 4.06, 15.94, 6.94], "texture": "#1"},
				"west": {"uv": [7.06, 4.06, 7.94, 6.94], "texture": "#1"},
				"up": {"uv": [7.06, 6.06, 15.94, 6.94], "texture": "#1"},
				"down": {"uv": [7.06, 6.06, 15.94, 6.94], "texture": "#1"}
			}
		},
		{
			"from": [2.12, 0.06, 5.62],
			"to": [6.88, 0.74, 10.38],
			"rotation": {"angle": 0, "axis": "y", "origin": [-0.94, 0.06, 2.56]},
			"faces": {
				"north": {"uv": [0.06, 5.06, 5.94, 5.94], "texture": "#1"},
				"east": {"uv": [0.06, 5.06, 5.94, 5.94], "texture": "#1"},
				"south": {"uv": [0.06, 5.06, 5.94, 5.94], "texture": "#1"},
				"west": {"uv": [0.06, 5.06, 5.94, 5.94], "texture": "#1"},
				"up": {"uv": [0.06, 0.06, 5.94, 5.94], "texture": "#1"},
				"down": {"uv": [0.06, 0.06, 5.94, 5.94], "texture": "#1"}
			}
		},
		{
			"from": [2.12, 3.086, 8.748],
			"to": [3.48, 4.446, 10.108],
			"rotation": {"angle": -45, "axis": "z", "origin": [1.19067, 3.19933, 9.11067]},
			"faces": {
				"north": {"uv": [0.032, 9.032, 1.94, 10.94], "texture": "#2"},
				"east": {"uv": [0.032, 9.032, 1.94, 10.94], "texture": "#2"},
				"south": {"uv": [0.032, 9.032, 1.94, 10.94], "texture": "#2"},
				"west": {"uv": [0.032, 9.032, 1.94, 10.94], "texture": "#2"},
				"up": {"uv": [0.032, 9.032, 1.94, 10.94], "texture": "#2"},
				"down": {"uv": [0.032, 9.032, 1.94, 10.94], "texture": "#2"}
			}
		},
		{
			"from": [1.86383, 2.13997, 8.136],
			"to": [1.86383, 3.49997, 10.176],
			"rotation": {"angle": 45, "axis": "z", "origin": [1.86383, 3.56797, 9.462]},
			"faces": {
				"north": {"uv": [6.032, 0.032, 8.968, 1.968], "rotation": 90, "texture": "#2"},
				"east": {"uv": [6.032, 10.968, 8.968, 9.032], "rotation": 180, "texture": "#2"},
				"south": {"uv": [6.032, 0.032, 8.968, 1.968], "rotation": 270, "texture": "#2"},
				"west": {"uv": [6.032, 9.032, 8.968, 10.968], "texture": "#2"},
				"up": {"uv": [6.032, 0.032, 8.968, 1.968], "rotation": 270, "texture": "#2"},
				"down": {"uv": [6.032, 0.032, 8.968, 1.968], "rotation": 270, "texture": "#2"}
			}
		},
		{
			"from": [4.058, 0.876, 7.898],
			"to": [5.418, 2.236, 9.258],
			"rotation": {"angle": 0, "axis": "y", "origin": [6.268, 1.165, 6.81]},
			"faces": {
				"north": {"uv": [0, 9.032, 1.908, 10.94], "texture": "#2"},
				"east": {"uv": [0, 9.032, 1.908, 10.94], "texture": "#2"},
				"south": {"uv": [0, 9.032, 1.908, 10.94], "texture": "#2"},
				"west": {"uv": [0, 9.032, 1.908, 10.94], "texture": "#2"},
				"up": {"uv": [0, 9.032, 1.908, 10.94], "texture": "#2"},
				"down": {"uv": [0, 9.032, 1.908, 10.94], "texture": "#2"}
			}
		},
		{
			"from": [3.55589, 1.505, 8.50211],
			"to": [5.59589, 2.865, 8.50211],
			"rotation": {"angle": 22.5, "axis": "y", "origin": [4.568, 1.505, 8.51]},
			"faces": {
				"north": {"uv": [6.032, 10.968, 8.968, 9.032], "rotation": 180, "texture": "#2"},
				"east": {"uv": [6.032, 9.032, 8.968, 10.968], "rotation": 270, "texture": "#2"},
				"south": {"uv": [6.032, 9.032, 8.968, 10.968], "texture": "#2"},
				"west": {"uv": [6.032, 9.032, 8.968, 10.968], "rotation": 90, "texture": "#2"},
				"up": {"uv": [6.032, 9.032, 8.968, 10.968], "rotation": 180, "texture": "#2"},
				"down": {"uv": [6.032, 9.032, 8.968, 10.968], "texture": "#2"}
			}
		},
		{
			"from": [4.058, 0.536, 6.198],
			"to": [5.418, 1.896, 7.558],
			"rotation": {"angle": 0, "axis": "y", "origin": [6.268, 0.825, 5.11]},
			"faces": {
				"north": {"uv": [0, 9.032, 1.908, 10.94], "texture": "#2"},
				"east": {"uv": [0, 9.032, 1.908, 10.94], "texture": "#2"},
				"south": {"uv": [0, 9.032, 1.908, 10.94], "texture": "#2"},
				"west": {"uv": [0, 9.032, 1.908, 10.94], "texture": "#2"},
				"up": {"uv": [0, 9.032, 1.908, 10.94], "texture": "#2"},
				"down": {"uv": [0, 9.032, 1.908, 10.94], "texture": "#2"}
			}
		},
		{
			"from": [3.69189, 1.675, 6.80211],
			"to": [5.73189, 3.035, 6.80211],
			"rotation": {"angle": -22.5, "axis": "y", "origin": [4.568, 1.165, 6.81]},
			"faces": {
				"north": {"uv": [8.968, 10.968, 6.032, 9.032], "rotation": 180, "texture": "#2"},
				"east": {"uv": [6.032, 9.032, 8.968, 10.968], "rotation": 270, "texture": "#2"},
				"south": {"uv": [8.968, 9.032, 6.032, 10.968], "texture": "#2"},
				"west": {"uv": [6.032, 9.032, 8.968, 10.968], "rotation": 90, "texture": "#2"},
				"up": {"uv": [6.032, 9.032, 8.968, 10.968], "rotation": 180, "texture": "#2"},
				"down": {"uv": [6.032, 9.032, 8.968, 10.968], "texture": "#2"}
			}
		},
		{
			"from": [4.058, 1.896, 8.748],
			"to": [5.418, 3.256, 10.108],
			"rotation": {"angle": 45, "axis": "y", "origin": [4.71954, 3.33533, 9.3887]},
			"faces": {
				"north": {"uv": [0, 9.032, 1.908, 10.94], "rotation": 90, "texture": "#2"},
				"east": {"uv": [0, 9.032, 1.908, 10.94], "rotation": 90, "texture": "#2"},
				"south": {"uv": [0, 9.032, 1.908, 10.94], "rotation": 90, "texture": "#2"},
				"west": {"uv": [0, 9.032, 1.908, 10.94], "rotation": 90, "texture": "#2"},
				"up": {"uv": [0, 9.032, 1.908, 10.94], "rotation": 90, "texture": "#2"},
				"down": {"uv": [0, 9.032, 1.908, 10.94], "rotation": 90, "texture": "#2"}
			}
		},
		{
			"from": [4.69514, 2.559, 8.35383],
			"to": [4.69514, 3.919, 10.39383],
			"rotation": {"angle": -22.5, "axis": "y", "origin": [4.71954, 3.33533, 9.3887]},
			"faces": {
				"north": {"uv": [6.032, 0.032, 8.968, 1.968], "rotation": 270, "texture": "#2"},
				"east": {"uv": [6.032, 9.032, 8.968, 10.968], "texture": "#2"},
				"south": {"uv": [6.032, 0.032, 8.968, 1.968], "rotation": 90, "texture": "#2"},
				"west": {"uv": [6.032, 10.968, 8.968, 9.032], "rotation": 180, "texture": "#2"},
				"up": {"uv": [6.032, 0.032, 8.968, 1.968], "rotation": 90, "texture": "#2"},
				"down": {"uv": [6.032, 9.032, 8.968, 10.968], "rotation": 90, "texture": "#2"}
			}
		},
		{
			"from": [5.418, 1.59603, 7.77937],
			"to": [6.778, 2.95603, 9.13937],
			"rotation": {"angle": 0, "axis": "y", "origin": [6.07954, 2.31533, 9.2187]},
			"faces": {
				"north": {"uv": [0, 9.032, 1.908, 10.94], "rotation": 180, "texture": "#2"},
				"east": {"uv": [0, 9.032, 1.908, 10.94], "rotation": 180, "texture": "#2"},
				"south": {"uv": [0, 9.032, 1.908, 10.94], "rotation": 180, "texture": "#2"},
				"west": {"uv": [0, 9.032, 1.908, 10.94], "rotation": 180, "texture": "#2"},
				"up": {"uv": [0, 9.032, 1.908, 10.94], "rotation": 180, "texture": "#2"},
				"down": {"uv": [0, 9.032, 1.908, 10.94], "rotation": 180, "texture": "#2"}
			}
		},
		{
			"from": [6.07121, 1.31932, 8.91837],
			"to": [6.07121, 3.35932, 10.27837],
			"rotation": {"angle": 45, "axis": "z", "origin": [6.07954, 2.31533, 9.2187]},
			"faces": {
				"north": {"uv": [6.032, 0.032, 8.968, 1.968], "rotation": 270, "texture": "#2"},
				"east": {"uv": [6.032, 9.032, 8.968, 10.968], "rotation": 270, "texture": "#2"},
				"south": {"uv": [6.032, 0.032, 8.968, 1.968], "rotation": 90, "texture": "#2"},
				"west": {"uv": [6.032, 10.968, 8.968, 9.032], "rotation": 270, "texture": "#2"},
				"up": {"uv": [6.032, 0.032, 8.968, 1.968], "rotation": 90, "texture": "#2"},
				"down": {"uv": [6.032, 0.032, 8.968, 1.968], "rotation": 90, "texture": "#2"}
			}
		},
		{
			"from": [2.49109, 0.91603, 7.59803],
			"to": [3.85109, 2.27603, 8.95803],
			"rotation": {"angle": 0, "axis": "y", "origin": [3.18954, 1.63533, 7.5187]},
			"faces": {
				"north": {"uv": [0.032, 9.032, 1.94, 10.94], "texture": "#2"},
				"east": {"uv": [0.032, 9.032, 1.94, 10.94], "texture": "#2"},
				"south": {"uv": [0.032, 9.032, 1.94, 10.94], "texture": "#2"},
				"west": {"uv": [0.032, 9.032, 1.94, 10.94], "texture": "#2"},
				"up": {"uv": [0.032, 9.032, 1.94, 10.94], "texture": "#2"},
				"down": {"uv": [0.032, 9.032, 1.94, 10.94], "texture": "#2"}
			}
		},
		{
			"from": [3.19788, 0.97932, 6.45903],
			"to": [3.19788, 3.01932, 7.81903],
			"rotation": {"angle": -45, "axis": "z", "origin": [3.18954, 1.63533, 7.5187]},
			"faces": {
				"north": {"uv": [6.032, 0.032, 8.968, 1.968], "rotation": 90, "texture": "#2"},
				"east": {"uv": [8.968, 10.968, 6.032, 9.032], "rotation": 270, "texture": "#2"},
				"south": {"uv": [6.032, 0.032, 8.968, 1.968], "rotation": 270, "texture": "#2"},
				"west": {"uv": [8.968, 9.032, 6.032, 10.968], "rotation": 270, "texture": "#2"},
				"up": {"uv": [6.032, 0.032, 8.968, 1.968], "rotation": 270, "texture": "#2"},
				"down": {"uv": [6.032, 0.032, 8.968, 1.968], "rotation": 270, "texture": "#2"}
			}
		},
		{
			"from": [2.358, 1.828, 5.994],
			"to": [3.718, 3.188, 7.354],
			"rotation": {"angle": -22.5, "axis": "y", "origin": [3.01954, 3.26733, 6.6347]},
			"faces": {
				"north": {"uv": [0.032, 9.032, 1.94, 10.94], "texture": "#2"},
				"east": {"uv": [0.032, 9.032, 1.94, 10.94], "texture": "#2"},
				"south": {"uv": [0.032, 9.032, 1.94, 10.94], "texture": "#2"},
				"west": {"uv": [0.032, 9.032, 1.94, 10.94], "texture": "#2"},
				"up": {"uv": [0.032, 9.032, 1.94, 10.94], "texture": "#2"},
				"down": {"uv": [0.032, 9.032, 1.94, 10.94], "texture": "#2"}
			}
		},
		{
			"from": [2.32041, 2.491, 6.6103],
			"to": [4.36041, 3.851, 6.6103],
			"rotation": {"angle": 0, "axis": "y", "origin": [3.01954, 3.26733, 6.6347]},
			"faces": {
				"north": {"uv": [6.032, 10.968, 8.968, 9.032], "rotation": 180, "texture": "#2"},
				"east": {"uv": [6.032, 0.032, 8.968, 1.968], "rotation": 270, "texture": "#2"},
				"south": {"uv": [6.032, 9.032, 8.968, 10.968], "texture": "#2"},
				"west": {"uv": [6.032, 0.032, 8.968, 1.968], "rotation": 90, "texture": "#2"},
				"up": {"uv": [6.032, 0.032, 8.968, 1.968], "rotation": 180, "texture": "#2"},
				"down": {"uv": [6.032, 0.032, 8.968, 1.968], "texture": "#2"}
			}
		},
		{
			"from": [4.738, 2.1, 5.79],
			"to": [6.778, 4.14, 7.83],
			"rotation": {"angle": 22.5, "axis": "z", "origin": [6.268, 3.205, 6.81]},
			"faces": {
				"north": {"uv": [0, 9.032, 2.908, 11.94], "texture": "#2"},
				"east": {"uv": [0, 9.032, 2.908, 11.94], "texture": "#2"},
				"south": {"uv": [0, 9.032, 2.908, 11.94], "texture": "#2"},
				"west": {"uv": [0, 9.032, 2.908, 11.94], "texture": "#2"},
				"up": {"uv": [0, 9.032, 2.908, 11.94], "texture": "#2"},
				"down": {"uv": [0, 9.032, 2.908, 11.94], "texture": "#2"}
			}
		},
		{
			"from": [6.68455, 3.16898, 5.71411],
			"to": [8.04455, 3.16898, 7.75411],
			"rotation": {"angle": -22.5, "axis": "z", "origin": [7.50055, 3.33898, 6.87011]},
			"faces": {
				"north": {"uv": [6.032, 0.032, 8.968, 1.968], "rotation": 180, "texture": "#2"},
				"east": {"uv": [6.032, 0.032, 8.968, 1.968], "rotation": 180, "texture": "#2"},
				"south": {"uv": [6.032, 0.032, 8.968, 1.968], "rotation": 180, "texture": "#2"},
				"west": {"uv": [6.032, 0.032, 8.968, 1.968], "rotation": 180, "texture": "#2"},
				"up": {"uv": [6.032, 10.968, 8.968, 9.032], "rotation": 270, "texture": "#2"},
				"down": {"uv": [6.032, 9.032, 8.968, 10.968], "rotation": 90, "texture": "#2"}
			}
		},
		{
			"from": [9.12166, 0.68, 8.4606],
			"to": [13.88166, 2.72, 9.1406],
			"rotation": {"angle": 0, "axis": "y", "origin": [11.46053, 2.11424, 6.04113]},
			"faces": {
				"north": {"uv": [9.06, 0.06, 15.94, 2.94], "texture": "#1"},
				"east": {"uv": [0.06, 0.06, -0.06, -0.06], "texture": "#1"},
				"south": {"uv": [9.06, 0.06, 15.94, 2.94], "texture": "#1"},
				"west": {"uv": [0.06, 0.06, -0.06, -0.06], "texture": "#1"},
				"up": {"uv": [9.06, 2.06, 15.94, 2.94], "rotation": 180, "texture": "#1"},
				"down": {"uv": [9.06, 2.06, 15.94, 2.94], "texture": "#1"}
			}
		},
		{
			"from": [9.12166, 0.68, 3.0206],
			"to": [13.88166, 2.72, 3.7006],
			"rotation": {"angle": 0, "axis": "y", "origin": [11.46053, 2.11424, 6.04113]},
			"faces": {
				"north": {"uv": [9.06, 0.06, 15.94, 2.94], "texture": "#1"},
				"east": {"uv": [0.06, 0.06, -0.06, -0.06], "texture": "#1"},
				"south": {"uv": [9.06, 0.06, 15.94, 2.94], "texture": "#1"},
				"west": {"uv": [0.06, 0.06, -0.06, -0.06], "texture": "#1"},
				"up": {"uv": [9.06, 2.06, 15.94, 2.94], "rotation": 180, "texture": "#1"},
				"down": {"uv": [9.06, 2.06, 15.94, 2.94], "texture": "#1"}
			}
		},
		{
			"from": [8.44166, 0.68, 3.0206],
			"to": [9.12166, 2.72, 9.1406],
			"rotation": {"angle": 0, "axis": "y", "origin": [11.46053, 2.11424, 6.04113]},
			"faces": {
				"north": {"uv": [15.06, 4.06, 15.94, 6.94], "texture": "#1"},
				"east": {"uv": [7.06, 4.06, 15.94, 6.94], "texture": "#1"},
				"south": {"uv": [7.06, 4.06, 7.94, 6.94], "texture": "#1"},
				"west": {"uv": [7.06, 4.06, 15.94, 6.94], "texture": "#1"},
				"up": {"uv": [7.06, 6.06, 15.94, 6.94], "rotation": 90, "texture": "#1"},
				"down": {"uv": [7.06, 6.06, 15.94, 6.94], "rotation": 270, "texture": "#1"}
			}
		},
		{
			"from": [13.88166, 0.68, 3.0206],
			"to": [14.56166, 2.72, 9.1406],
			"rotation": {"angle": 0, "axis": "y", "origin": [11.46053, 2.11424, 6.04113]},
			"faces": {
				"north": {"uv": [7.06, 4.06, 7.94, 6.94], "texture": "#1"},
				"east": {"uv": [7.06, 4.06, 15.94, 6.94], "texture": "#1"},
				"south": {"uv": [15.06, 4.06, 15.94, 6.94], "texture": "#1"},
				"west": {"uv": [7.06, 4.06, 15.94, 6.94], "texture": "#1"},
				"up": {"uv": [7.06, 6.06, 15.94, 6.94], "rotation": 90, "texture": "#1"},
				"down": {"uv": [7.06, 6.06, 15.94, 6.94], "rotation": 270, "texture": "#1"}
			}
		},
		{
			"from": [9.12166, 0, 3.7006],
			"to": [13.88166, 0.68, 8.4606],
			"rotation": {"angle": 0, "axis": "y", "origin": [11.46053, 2.11424, 6.04113]},
			"faces": {
				"north": {"uv": [0.06, 5.06, 5.94, 5.94], "texture": "#1"},
				"east": {"uv": [0.06, 5.06, 5.94, 5.94], "texture": "#1"},
				"south": {"uv": [0.06, 5.06, 5.94, 5.94], "texture": "#1"},
				"west": {"uv": [0.06, 5.06, 5.94, 5.94], "texture": "#1"},
				"up": {"uv": [0.06, 0.06, 5.94, 5.94], "rotation": 90, "texture": "#1"},
				"down": {"uv": [0.06, 0.06, 5.94, 5.94], "rotation": 270, "texture": "#1"}
			}
		},
		{
			"from": [9.39366, 0.41361, 3.93347],
			"to": [10.75366, 1.77361, 5.29347],
			"rotation": {"angle": 45, "axis": "x", "origin": [11.46053, 2.11424, 6.04113]},
			"faces": {
				"north": {"uv": [0.032, 3.032, 1.94, 4.94], "texture": "#2"},
				"east": {"uv": [0.032, 3.032, 1.94, 4.94], "texture": "#2"},
				"south": {"uv": [0.032, 3.032, 1.94, 4.94], "texture": "#2"},
				"west": {"uv": [0.032, 3.032, 1.94, 4.94], "texture": "#2"},
				"up": {"uv": [0.032, 3.032, 1.94, 4.94], "rotation": 90, "texture": "#2"},
				"down": {"uv": [0.032, 3.032, 1.94, 4.94], "rotation": 270, "texture": "#2"}
			}
		},
		{
			"from": [9.01966, 3.5759, 5.1905],
			"to": [11.05966, 4.9359, 5.1905],
			"rotation": {"angle": -45, "axis": "x", "origin": [11.46053, 2.11424, 6.04113]},
			"faces": {
				"north": {"uv": [6.032, 3.032, 8.968, 4.968], "texture": "#2"},
				"east": {"uv": [6.032, 0.032, 8.968, 1.968], "rotation": 90, "texture": "#2"},
				"south": {"uv": [6.032, 4.968, 8.968, 3.032], "rotation": 180, "texture": "#2"},
				"west": {"uv": [6.032, 0.032, 8.968, 1.968], "rotation": 270, "texture": "#2"},
				"up": {"uv": [6.032, 0.032, 8.968, 1.968], "texture": "#2"},
				"down": {"uv": [6.032, 0.032, 8.968, 1.968], "rotation": 180, "texture": "#2"}
			}
		},
		{
			"from": [10.24366, 0.816, 5.6386],
			"to": [11.60366, 2.176, 6.9986],
			"rotation": {"angle": 0, "axis": "y", "origin": [11.46053, 2.11424, 6.04113]},
			"faces": {
				"north": {"uv": [0, 3.032, 1.908, 4.94], "texture": "#2"},
				"east": {"uv": [0, 3.032, 1.908, 4.94], "texture": "#2"},
				"south": {"uv": [0, 3.032, 1.908, 4.94], "texture": "#2"},
				"west": {"uv": [0, 3.032, 1.908, 4.94], "texture": "#2"},
				"up": {"uv": [0, 3.032, 1.908, 4.94], "rotation": 90, "texture": "#2"},
				"down": {"uv": [0, 3.032, 1.908, 4.94], "rotation": 270, "texture": "#2"}
			}
		},
		{
			"from": [10.99412, 1.445, 5.08489],
			"to": [10.99412, 2.805, 7.12489],
			"rotation": {"angle": 22.5, "axis": "y", "origin": [11.46053, 2.11424, 6.04113]},
			"faces": {
				"north": {"uv": [6.032, 3.032, 8.968, 4.968], "rotation": 90, "texture": "#2"},
				"east": {"uv": [6.032, 4.968, 8.968, 3.032], "rotation": 180, "texture": "#2"},
				"south": {"uv": [6.032, 3.032, 8.968, 4.968], "rotation": 270, "texture": "#2"},
				"west": {"uv": [6.032, 3.032, 8.968, 4.968], "texture": "#2"},
				"up": {"uv": [6.032, 3.032, 8.968, 4.968], "rotation": 270, "texture": "#2"},
				"down": {"uv": [6.032, 3.032, 8.968, 4.968], "rotation": 270, "texture": "#2"}
			}
		},
		{
			"from": [11.94366, 0.476, 5.6386],
			"to": [13.30366, 1.836, 6.9986],
			"rotation": {"angle": 0, "axis": "y", "origin": [11.46053, 2.11424, 6.04113]},
			"faces": {
				"north": {"uv": [0, 3.032, 1.908, 4.94], "texture": "#2"},
				"east": {"uv": [0, 3.032, 1.908, 4.94], "texture": "#2"},
				"south": {"uv": [0, 3.032, 1.908, 4.94], "texture": "#2"},
				"west": {"uv": [0, 3.032, 1.908, 4.94], "texture": "#2"},
				"up": {"uv": [0, 3.032, 1.908, 4.94], "rotation": 90, "texture": "#2"},
				"down": {"uv": [0, 3.032, 1.908, 4.94], "rotation": 270, "texture": "#2"}
			}
		},
		{
			"from": [12.64697, 1.615, 4.79318],
			"to": [12.64697, 2.975, 6.83318],
			"rotation": {"angle": -22.5, "axis": "y", "origin": [11.46053, 2.11424, 6.04113]},
			"faces": {
				"north": {"uv": [6.032, 3.032, 8.968, 4.968], "rotation": 90, "texture": "#2"},
				"east": {"uv": [8.968, 4.968, 6.032, 3.032], "rotation": 180, "texture": "#2"},
				"south": {"uv": [6.032, 3.032, 8.968, 4.968], "rotation": 270, "texture": "#2"},
				"west": {"uv": [8.968, 3.032, 6.032, 4.968], "texture": "#2"},
				"up": {"uv": [6.032, 3.032, 8.968, 4.968], "rotation": 270, "texture": "#2"},
				"down": {"uv": [6.032, 3.032, 8.968, 4.968], "rotation": 270, "texture": "#2"}
			}
		},
		{
			"from": [9.6052, 1.836, 4.60986],
			"to": [10.9652, 3.196, 5.96986],
			"rotation": {"angle": 45, "axis": "y", "origin": [11.46053, 2.11424, 6.04113]},
			"faces": {
				"north": {"uv": [0.032, 3.032, 1.94, 4.94], "rotation": 90, "texture": "#2"},
				"east": {"uv": [0.032, 3.032, 1.94, 4.94], "rotation": 90, "texture": "#2"},
				"south": {"uv": [0.032, 3.032, 1.94, 4.94], "rotation": 90, "texture": "#2"},
				"west": {"uv": [0.032, 3.032, 1.94, 4.94], "rotation": 90, "texture": "#2"},
				"up": {"uv": [0.032, 3.032, 1.94, 4.94], "rotation": 180, "texture": "#2"},
				"down": {"uv": [0.032, 3.032, 1.94, 4.94], "texture": "#2"}
			}
		},
		{
			"from": [9.30953, 2.499, 6.77172],
			"to": [11.34953, 3.859, 6.77172],
			"rotation": {"angle": -22.5, "axis": "y", "origin": [11.46053, 2.11424, 6.04113]},
			"faces": {
				"north": {"uv": [6.032, 4.968, 8.968, 3.032], "rotation": 180, "texture": "#2"},
				"east": {"uv": [6.032, 0.032, 8.968, 1.968], "rotation": 270, "texture": "#2"},
				"south": {"uv": [6.032, 3.032, 8.968, 4.968], "texture": "#2"},
				"west": {"uv": [6.032, 0.032, 8.968, 1.968], "rotation": 90, "texture": "#2"},
				"up": {"uv": [6.032, 0.032, 8.968, 1.968], "rotation": 180, "texture": "#2"},
				"down": {"uv": [6.032, 3.032, 8.968, 4.968], "texture": "#2"}
			}
		},
		{
			"from": [10.36229, 1.53603, 6.9986],
			"to": [11.72229, 2.89603, 8.3586],
			"rotation": {"angle": 0, "axis": "y", "origin": [11.46053, 2.11424, 6.04113]},
			"faces": {
				"north": {"uv": [0, 3.032, 1.908, 4.94], "rotation": 180, "texture": "#2"},
				"east": {"uv": [0, 3.032, 1.908, 4.94], "rotation": 180, "texture": "#2"},
				"south": {"uv": [0, 3.032, 1.908, 4.94], "rotation": 180, "texture": "#2"},
				"west": {"uv": [0, 3.032, 1.908, 4.94], "rotation": 180, "texture": "#2"},
				"up": {"uv": [0, 3.032, 1.908, 4.94], "rotation": 270, "texture": "#2"},
				"down": {"uv": [0, 3.032, 1.908, 4.94], "rotation": 90, "texture": "#2"}
			}
		},
		{
			"from": [9.22329, 0.07318, 7.27738],
			"to": [10.58329, 2.11318, 7.27738],
			"rotation": {"angle": -45, "axis": "x", "origin": [11.46053, 2.11424, 6.04113]},
			"faces": {
				"north": {"uv": [6.032, 4.968, 8.968, 3.032], "rotation": 270, "texture": "#2"},
				"east": {"uv": [6.032, 0.032, 8.968, 1.968], "rotation": 270, "texture": "#2"},
				"south": {"uv": [6.032, 3.032, 8.968, 4.968], "rotation": 270, "texture": "#2"},
				"west": {"uv": [6.032, 0.032, 8.968, 1.968], "rotation": 90, "texture": "#2"},
				"up": {"uv": [6.032, 0.032, 8.968, 1.968], "rotation": 180, "texture": "#2"},
				"down": {"uv": [6.032, 0.032, 8.968, 1.968], "texture": "#2"}
			}
		},
		{
			"from": [10.54363, 0.85603, 4.07169],
			"to": [11.90363, 2.21603, 5.43169],
			"rotation": {"angle": 0, "axis": "y", "origin": [11.46053, 2.11424, 6.04113]},
			"faces": {
				"north": {"uv": [0.032, 3.032, 1.94, 4.94], "texture": "#2"},
				"east": {"uv": [0.032, 3.032, 1.94, 4.94], "texture": "#2"},
				"south": {"uv": [0.032, 3.032, 1.94, 4.94], "texture": "#2"},
				"west": {"uv": [0.032, 3.032, 1.94, 4.94], "texture": "#2"},
				"up": {"uv": [0.032, 3.032, 1.94, 4.94], "rotation": 90, "texture": "#2"},
				"down": {"uv": [0.032, 3.032, 1.94, 4.94], "rotation": 270, "texture": "#2"}
			}
		},
		{
			"from": [11.68263, -0.16156, 5.53181],
			"to": [13.04263, 1.87844, 5.53181],
			"rotation": {"angle": 45, "axis": "x", "origin": [11.46053, 2.11424, 6.04113]},
			"faces": {
				"north": {"uv": [6.032, 3.032, 8.968, 4.968], "rotation": 270, "texture": "#2"},
				"east": {"uv": [6.032, 0.032, 8.968, 1.968], "rotation": 90, "texture": "#2"},
				"south": {"uv": [6.032, 1.968, 8.968, 0.032], "rotation": 270, "texture": "#2"},
				"west": {"uv": [6.032, 0.032, 8.968, 1.968], "rotation": 270, "texture": "#2"},
				"up": {"uv": [6.032, 0.032, 8.968, 1.968], "texture": "#2"},
				"down": {"uv": [6.032, 0.032, 8.968, 1.968], "rotation": 180, "texture": "#2"}
			}
		},
		{
			"from": [11.48916, 1.768, 3.51007],
			"to": [12.84916, 3.128, 4.87007],
			"rotation": {"angle": -22.5, "axis": "y", "origin": [11.46053, 2.11424, 6.04113]},
			"faces": {
				"north": {"uv": [0.032, 3.032, 1.94, 4.94], "texture": "#2"},
				"east": {"uv": [0.032, 3.032, 1.94, 4.94], "texture": "#2"},
				"south": {"uv": [0.032, 3.032, 1.94, 4.94], "texture": "#2"},
				"west": {"uv": [0.032, 3.032, 1.94, 4.94], "texture": "#2"},
				"up": {"uv": [0.032, 3.032, 1.94, 4.94], "rotation": 90, "texture": "#2"},
				"down": {"uv": [0.032, 3.032, 1.94, 4.94], "rotation": 270, "texture": "#2"}
			}
		},
		{
			"from": [12.89136, 2.431, 3.32302],
			"to": [12.89136, 3.791, 5.36302],
			"rotation": {"angle": 0, "axis": "y", "origin": [11.46053, 2.11424, 6.04113]},
			"faces": {
				"north": {"uv": [6.032, 0.032, 8.968, 1.968], "rotation": 90, "texture": "#2"},
				"east": {"uv": [6.032, 4.968, 8.968, 3.032], "rotation": 180, "texture": "#2"},
				"south": {"uv": [6.032, 0.032, 8.968, 1.968], "rotation": 270, "texture": "#2"},
				"west": {"uv": [6.032, 3.032, 8.968, 4.968], "texture": "#2"},
				"up": {"uv": [6.032, 0.032, 8.968, 1.968], "rotation": 270, "texture": "#2"},
				"down": {"uv": [6.032, 0.032, 8.968, 1.968], "rotation": 270, "texture": "#2"}
			}
		},
		{
			"from": [11.67166, 1.26985, 6.57547],
			"to": [13.71166, 3.30985, 8.61547],
			"rotation": {"angle": -22.5, "axis": "x", "origin": [11.46053, 2.11424, 6.04113]},
			"faces": {
				"north": {"uv": [0.032, 3.032, 2.94, 5.94], "texture": "#2"},
				"east": {"uv": [0.032, 3.032, 2.94, 5.94], "texture": "#2"},
				"south": {"uv": [0.032, 3.032, 2.94, 5.94], "texture": "#2"},
				"west": {"uv": [0.032, 3.032, 2.94, 5.94], "texture": "#2"},
				"up": {"uv": [0.032, 3.032, 2.94, 5.94], "rotation": 90, "texture": "#2"},
				"down": {"uv": [0.032, 3.032, 2.94, 5.94], "rotation": 270, "texture": "#2"}
			}
		},
		{
			"from": [12.63155, 0.73496, 8.61547],
			"to": [12.63155, 2.77496, 9.97547],
			"rotation": {"angle": -22.5, "axis": "x", "origin": [11.46053, 2.11424, 6.04113]},
			"faces": {
				"north": {"uv": [6.032, 0.032, 8.968, 1.968], "rotation": 90, "texture": "#2"},
				"east": {"uv": [8.968, 4.968, 6.032, 3.032], "rotation": 90, "texture": "#2"},
				"south": {"uv": [6.032, 0.032, 8.968, 1.968], "rotation": 270, "texture": "#2"},
				"west": {"uv": [8.968, 3.032, 6.032, 4.968], "rotation": 90, "texture": "#2"},
				"up": {"uv": [6.032, 0.032, 8.968, 1.968], "rotation": 270, "texture": "#2"},
				"down": {"uv": [6.032, 0.032, 8.968, 1.968], "rotation": 270, "texture": "#2"}
			}
		}
	],
	"display": {
		"thirdperson_righthand": {
			"rotation": [70, 0, 0],
			"translation": [-6, 4.25, 6.25]
		},
		"firstperson_righthand": {
			"translation": [-8.25, 4.25, 0]
		},
		"ground": {
			"translation": [0, 4, 0]
		},
		"gui": {
			"rotation": [24, 24, 0],
			"translation": [0, 4, 0]
		},
		"fixed": {
			"rotation": [-90, 0, 0],
			"translation": [0, 0, -15],
			"scale": [2, 2, 2]
		}
	},
	"groups": [
		{
			"name": "bowl",
			"origin": [8, 8, 8],
			"color": 0,
			"children": [
				0,
				1,
				2,
				3,
				4,
				{
					"name": "berry",
					"origin": [0, 0, 0],
					"color": 0,
					"children": [
						{
							"name": "strawberrysmall",
							"origin": [7.1, 8.125, 7.75],
							"color": 0,
							"children": [5, 6]
						},
						{
							"name": "strawberrysmall",
							"origin": [7.1, 8.125, 7.75],
							"color": 0,
							"children": [7, 8]
						},
						{
							"name": "strawberrysmall",
							"origin": [7.1, 8.125, 7.75],
							"color": 0,
							"children": [9, 10]
						},
						{
							"name": "strawberrysmall",
							"origin": [7.1, 8.125, 7.75],
							"color": 0,
							"children": [11, 12]
						},
						{
							"name": "strawberrysmall",
							"origin": [7.1, 8.125, 7.75],
							"color": 0,
							"children": [13, 14]
						},
						{
							"name": "strawberrysmall",
							"origin": [7.1, 8.125, 7.75],
							"color": 0,
							"children": [15, 16]
						},
						{
							"name": "strawberrysmall",
							"origin": [7.1, 8.125, 7.75],
							"color": 0,
							"children": [17, 18]
						},
						{
							"name": "strawberry",
							"origin": [0, 0, 0],
							"color": 0,
							"children": [19, 20]
						}
					]
				}
			]
		},
		{
			"name": "bowl",
			"origin": [8, 8, 8],
			"color": 0,
			"children": [
				21,
				22,
				23,
				24,
				25,
				{
					"name": "berry",
					"origin": [0, 0, 0],
					"color": 0,
					"children": [
						{
							"name": "strawberrysmall",
							"origin": [7.1, 8.125, 7.75],
							"color": 0,
							"children": [26, 27]
						},
						{
							"name": "strawberrysmall",
							"origin": [7.1, 8.125, 7.75],
							"color": 0,
							"children": [28, 29]
						},
						{
							"name": "strawberrysmall",
							"origin": [7.1, 8.125, 7.75],
							"color": 0,
							"children": [30, 31]
						},
						{
							"name": "strawberrysmall",
							"origin": [7.1, 8.125, 7.75],
							"color": 0,
							"children": [32, 33]
						},
						{
							"name": "strawberrysmall",
							"origin": [7.1, 8.125, 7.75],
							"color": 0,
							"children": [34, 35]
						},
						{
							"name": "strawberrysmall",
							"origin": [7.1, 8.125, 7.75],
							"color": 0,
							"children": [36, 37]
						},
						{
							"name": "strawberrysmall",
							"origin": [7.1, 8.125, 7.75],
							"color": 0,
							"children": [38, 39]
						},
						{
							"name": "strawberry",
							"origin": [0, 0, 0],
							"color": 0,
							"children": [40, 41]
						}
					]
				}
			]
		}
	]
}