{
	"credit": "Made with Blockbench",
	"ambientocclusion": false,
	"textures": {
		"1": "block/bowl1",
		"2": "block/berries",
		"particle": "block/berries"
	},
	"elements": [
		{
			"from": [13.88, 0.68, 3.52],
			"to": [14.56, 2.72, 8.28],
			"rotation": {"angle": 0, "axis": "y", "origin": [6.06, 0, 0.46]},
			"faces": {
				"north": {"uv": [0.06, 0.06, -0.06, -0.06], "texture": "#1"},
				"east": {"uv": [9.06, 0.06, 15.94, 2.94], "texture": "#1"},
				"south": {"uv": [0.06, 0.06, -0.06, -0.06], "texture": "#1"},
				"west": {"uv": [9.06, 0.06, 15.94, 2.94], "texture": "#1"},
				"up": {"uv": [9.06, 2.06, 15.94, 2.94], "rotation": 90, "texture": "#1"},
				"down": {"uv": [9.06, 2.06, 15.94, 2.94], "rotation": 90, "texture": "#1"}
			}
		},
		{
			"from": [8.44, 0.68, 3.52],
			"to": [9.12, 2.72, 8.28],
			"rotation": {"angle": 0, "axis": "y", "origin": [6.06, 0, 0.46]},
			"faces": {
				"north": {"uv": [0.06, 0.06, -0.06, -0.06], "texture": "#1"},
				"east": {"uv": [9.06, 0.06, 15.94, 2.94], "texture": "#1"},
				"south": {"uv": [0.06, 0.06, -0.06, -0.06], "texture": "#1"},
				"west": {"uv": [9.06, 0.06, 15.94, 2.94], "texture": "#1"},
				"up": {"uv": [9.06, 2.06, 15.94, 2.94], "rotation": 90, "texture": "#1"},
				"down": {"uv": [9.06, 2.06, 15.94, 2.94], "rotation": 90, "texture": "#1"}
			}
		},
		{
			"from": [8.44, 0.68, 8.28],
			"to": [14.56, 2.72, 8.96],
			"rotation": {"angle": 0, "axis": "y", "origin": [6.06, 0, 0.46]},
			"faces": {
				"north": {"uv": [7.06, 4.06, 15.94, 6.94], "texture": "#1"},
				"east": {"uv": [7.06, 4.06, 7.94, 6.94], "texture": "#1"},
				"south": {"uv": [7.06, 4.06, 15.94, 6.94], "texture": "#1"},
				"west": {"uv": [15.06, 4.06, 15.94, 6.94], "texture": "#1"},
				"up": {"uv": [7.06, 6.06, 15.94, 6.94], "texture": "#1"},
				"down": {"uv": [7.06, 6.06, 15.94, 6.94], "texture": "#1"}
			}
		},
		{
			"from": [8.44, 0.68, 2.84],
			"to": [14.56, 2.72, 3.52],
			"rotation": {"angle": 0, "axis": "y", "origin": [6.06, 0, 0.46]},
			"faces": {
				"north": {"uv": [7.06, 4.06, 15.94, 6.94], "texture": "#1"},
				"east": {"uv": [15.06, 4.06, 15.94, 6.94], "texture": "#1"},
				"south": {"uv": [7.06, 4.06, 15.94, 6.94], "texture": "#1"},
				"west": {"uv": [7.06, 4.06, 7.94, 6.94], "texture": "#1"},
				"up": {"uv": [7.06, 6.06, 15.94, 6.94], "texture": "#1"},
				"down": {"uv": [7.06, 6.06, 15.94, 6.94], "texture": "#1"}
			}
		},
		{
			"from": [9.12, 0, 3.52],
			"to": [13.88, 0.68, 8.28],
			"rotation": {"angle": 0, "axis": "y", "origin": [6.06, 0, 0.46]},
			"faces": {
				"north": {"uv": [0.06, 5.06, 5.94, 5.94], "texture": "#1"},
				"east": {"uv": [0.06, 5.06, 5.94, 5.94], "texture": "#1"},
				"south": {"uv": [0.06, 5.06, 5.94, 5.94], "texture": "#1"},
				"west": {"uv": [0.06, 5.06, 5.94, 5.94], "texture": "#1"},
				"up": {"uv": [0.06, 0.06, 5.94, 5.94], "texture": "#1"},
				"down": {"uv": [0.06, 0.06, 5.94, 5.94], "texture": "#1"}
			}
		},
		{
			"from": [9.12, 3.026, 6.648],
			"to": [10.48, 4.386, 8.008],
			"rotation": {"angle": -45, "axis": "z", "origin": [8.19066, 3.13934, 7.01066]},
			"faces": {
				"north": {"uv": [0.032, 6.032, 1.94, 7.94], "texture": "#2"},
				"east": {"uv": [0.032, 6.032, 1.94, 7.94], "texture": "#2"},
				"south": {"uv": [0.032, 6.032, 1.94, 7.94], "texture": "#2"},
				"west": {"uv": [0.032, 6.032, 1.94, 7.94], "texture": "#2"},
				"up": {"uv": [0.032, 6.032, 1.94, 7.94], "texture": "#2"},
				"down": {"uv": [0.032, 6.032, 1.94, 7.94], "texture": "#2"}
			}
		},
		{
			"from": [8.86383, 2.14797, 6.342],
			"to": [8.86383, 3.50797, 8.382],
			"rotation": {"angle": 45, "axis": "z", "origin": [8.86383, 3.50797, 7.362]},
			"faces": {
				"north": {"uv": [6.032, 0.032, 8.968, 1.968], "rotation": 90, "texture": "#2"},
				"east": {"uv": [6.032, 7.968, 8.968, 6.032], "rotation": 180, "texture": "#2"},
				"south": {"uv": [6.032, 0.032, 8.968, 1.968], "rotation": 270, "texture": "#2"},
				"west": {"uv": [6.032, 6.032, 8.968, 7.968], "texture": "#2"},
				"up": {"uv": [6.032, 0.032, 8.968, 1.968], "rotation": 270, "texture": "#2"},
				"down": {"uv": [6.032, 0.032, 8.968, 1.968], "rotation": 270, "texture": "#2"}
			}
		},
		{
			"from": [11.058, 0.816, 5.798],
			"to": [12.418, 2.176, 7.158],
			"rotation": {"angle": 0, "axis": "y", "origin": [13.268, 1.105, 4.71]},
			"faces": {
				"north": {"uv": [0, 6.032, 1.908, 7.94], "texture": "#2"},
				"east": {"uv": [0, 6.032, 1.908, 7.94], "texture": "#2"},
				"south": {"uv": [0, 6.032, 1.908, 7.94], "texture": "#2"},
				"west": {"uv": [0, 6.032, 1.908, 7.94], "texture": "#2"},
				"up": {"uv": [0, 6.032, 1.908, 7.94], "texture": "#2"},
				"down": {"uv": [0, 6.032, 1.908, 7.94], "texture": "#2"}
			}
		},
		{
			"from": [10.69189, 1.445, 6.40211],
			"to": [12.73189, 2.805, 6.40211],
			"rotation": {"angle": 22.5, "axis": "y", "origin": [11.568, 1.445, 6.41]},
			"faces": {
				"north": {"uv": [6.032, 7.968, 8.968, 6.032], "rotation": 180, "texture": "#2"},
				"east": {"uv": [6.032, 6.032, 8.968, 7.968], "rotation": 270, "texture": "#2"},
				"south": {"uv": [6.032, 6.032, 8.968, 7.968], "texture": "#2"},
				"west": {"uv": [6.032, 6.032, 8.968, 7.968], "rotation": 90, "texture": "#2"},
				"up": {"uv": [6.032, 6.032, 8.968, 7.968], "rotation": 180, "texture": "#2"},
				"down": {"uv": [6.032, 6.032, 8.968, 7.968], "texture": "#2"}
			}
		},
		{
			"from": [11.058, 0.476, 4.098],
			"to": [12.418, 1.836, 5.458],
			"rotation": {"angle": 0, "axis": "y", "origin": [13.268, 0.765, 3.01]},
			"faces": {
				"north": {"uv": [0, 6.032, 1.908, 7.94], "texture": "#2"},
				"east": {"uv": [0, 6.032, 1.908, 7.94], "texture": "#2"},
				"south": {"uv": [0, 6.032, 1.908, 7.94], "texture": "#2"},
				"west": {"uv": [0, 6.032, 1.908, 7.94], "texture": "#2"},
				"up": {"uv": [0, 6.032, 1.908, 7.94], "texture": "#2"},
				"down": {"uv": [0, 6.032, 1.908, 7.94], "texture": "#2"}
			}
		},
		{
			"from": [10.69189, 1.615, 4.70211],
			"to": [12.73189, 2.975, 4.70211],
			"rotation": {"angle": -22.5, "axis": "y", "origin": [11.568, 1.105, 4.71]},
			"faces": {
				"north": {"uv": [8.968, 7.968, 6.032, 6.032], "rotation": 180, "texture": "#2"},
				"east": {"uv": [6.032, 6.032, 8.968, 7.968], "rotation": 270, "texture": "#2"},
				"south": {"uv": [8.968, 6.032, 6.032, 7.968], "texture": "#2"},
				"west": {"uv": [6.032, 6.032, 8.968, 7.968], "rotation": 90, "texture": "#2"},
				"up": {"uv": [6.032, 6.032, 8.968, 7.968], "rotation": 180, "texture": "#2"},
				"down": {"uv": [6.032, 6.032, 8.968, 7.968], "texture": "#2"}
			}
		},
		{
			"from": [11.058, 1.836, 6.648],
			"to": [12.418, 3.196, 8.008],
			"rotation": {"angle": 45, "axis": "y", "origin": [11.71954, 3.27534, 7.2887]},
			"faces": {
				"north": {"uv": [0.032, 6.032, 1.94, 7.94], "rotation": 90, "texture": "#2"},
				"east": {"uv": [0.032, 6.032, 1.94, 7.94], "rotation": 90, "texture": "#2"},
				"south": {"uv": [0.032, 6.032, 1.94, 7.94], "rotation": 90, "texture": "#2"},
				"west": {"uv": [0.032, 6.032, 1.94, 7.94], "rotation": 90, "texture": "#2"},
				"up": {"uv": [0.032, 6.032, 1.94, 7.94], "rotation": 90, "texture": "#2"},
				"down": {"uv": [0.032, 6.032, 1.94, 7.94], "rotation": 90, "texture": "#2"}
			}
		},
		{
			"from": [11.69514, 2.499, 6.25383],
			"to": [11.69514, 3.859, 8.29383],
			"rotation": {"angle": -22.5, "axis": "y", "origin": [11.71954, 3.27534, 7.2887]},
			"faces": {
				"north": {"uv": [6.032, 0.032, 8.968, 1.968], "rotation": 270, "texture": "#2"},
				"east": {"uv": [6.032, 6.032, 8.968, 7.968], "texture": "#2"},
				"south": {"uv": [6.032, 0.032, 8.968, 1.968], "rotation": 90, "texture": "#2"},
				"west": {"uv": [6.032, 7.968, 8.968, 6.032], "rotation": 180, "texture": "#2"},
				"up": {"uv": [6.032, 0.032, 8.968, 1.968], "rotation": 90, "texture": "#2"},
				"down": {"uv": [6.032, 6.032, 8.968, 7.968], "rotation": 90, "texture": "#2"}
			}
		},
		{
			"from": [12.418, 1.53603, 5.67937],
			"to": [13.778, 2.89603, 7.03937],
			"rotation": {"angle": 0, "axis": "y", "origin": [13.07954, 2.25534, 7.1187]},
			"faces": {
				"north": {"uv": [0, 6.032, 1.908, 7.94], "rotation": 180, "texture": "#2"},
				"east": {"uv": [0, 6.032, 1.908, 7.94], "rotation": 180, "texture": "#2"},
				"south": {"uv": [0, 6.032, 1.908, 7.94], "rotation": 180, "texture": "#2"},
				"west": {"uv": [0, 6.032, 1.908, 7.94], "rotation": 180, "texture": "#2"},
				"up": {"uv": [0, 6.032, 1.908, 7.94], "rotation": 180, "texture": "#2"},
				"down": {"uv": [0, 6.032, 1.908, 7.94], "rotation": 180, "texture": "#2"}
			}
		},
		{
			"from": [13.07121, 1.25932, 6.81837],
			"to": [13.07121, 3.29932, 8.17837],
			"rotation": {"angle": 45, "axis": "z", "origin": [13.07954, 2.25534, 7.1187]},
			"faces": {
				"north": {"uv": [6.032, 0.032, 8.968, 1.968], "rotation": 270, "texture": "#2"},
				"east": {"uv": [6.032, 6.032, 8.968, 7.968], "rotation": 270, "texture": "#2"},
				"south": {"uv": [6.032, 0.032, 8.968, 1.968], "rotation": 90, "texture": "#2"},
				"west": {"uv": [6.032, 7.968, 8.968, 6.032], "rotation": 270, "texture": "#2"},
				"up": {"uv": [6.032, 0.032, 8.968, 1.968], "rotation": 90, "texture": "#2"},
				"down": {"uv": [6.032, 0.032, 8.968, 1.968], "rotation": 90, "texture": "#2"}
			}
		},
		{
			"from": [9.49109, 0.85603, 5.49803],
			"to": [10.85109, 2.21603, 6.85803],
			"rotation": {"angle": 0, "axis": "y", "origin": [10.18954, 1.57534, 5.4187]},
			"faces": {
				"north": {"uv": [0.032, 6.032, 1.94, 7.94], "texture": "#2"},
				"east": {"uv": [0.032, 6.032, 1.94, 7.94], "texture": "#2"},
				"south": {"uv": [0.032, 6.032, 1.94, 7.94], "texture": "#2"},
				"west": {"uv": [0.032, 6.032, 1.94, 7.94], "texture": "#2"},
				"up": {"uv": [0.032, 6.032, 1.94, 7.94], "texture": "#2"},
				"down": {"uv": [0.032, 6.032, 1.94, 7.94], "texture": "#2"}
			}
		},
		{
			"from": [10.19788, 0.57932, 4.35903],
			"to": [10.19788, 2.61932, 5.71903],
			"rotation": {"angle": -45, "axis": "z", "origin": [10.18954, 1.57534, 5.4187]},
			"faces": {
				"north": {"uv": [6.032, 0.032, 8.968, 1.968], "rotation": 90, "texture": "#2"},
				"east": {"uv": [6.032, 7.968, 8.968, 6.032], "rotation": 270, "texture": "#2"},
				"south": {"uv": [6.032, 0.032, 8.968, 1.968], "rotation": 270, "texture": "#2"},
				"west": {"uv": [6.032, 6.032, 8.968, 7.968], "rotation": 270, "texture": "#2"},
				"up": {"uv": [6.032, 0.032, 8.968, 1.968], "rotation": 270, "texture": "#2"},
				"down": {"uv": [6.032, 0.032, 8.968, 1.968], "rotation": 270, "texture": "#2"}
			}
		},
		{
			"from": [9.358, 1.768, 3.894],
			"to": [10.718, 3.128, 5.254],
			"rotation": {"angle": -22.5, "axis": "y", "origin": [10.01954, 3.20734, 4.5347]},
			"faces": {
				"north": {"uv": [0.032, 6.032, 1.94, 7.94], "texture": "#2"},
				"east": {"uv": [0.032, 6.032, 1.94, 7.94], "texture": "#2"},
				"south": {"uv": [0.032, 6.032, 1.94, 7.94], "texture": "#2"},
				"west": {"uv": [0.032, 6.032, 1.94, 7.94], "texture": "#2"},
				"up": {"uv": [0.032, 6.032, 1.94, 7.94], "texture": "#2"},
				"down": {"uv": [0.032, 6.032, 1.94, 7.94], "texture": "#2"}
			}
		},
		{
			"from": [8.74242, 2.431, 4.5103],
			"to": [10.78242, 3.791, 4.5103],
			"rotation": {"angle": 0, "axis": "y", "origin": [10.01954, 3.20734, 4.5347]},
			"faces": {
				"north": {"uv": [6.032, 7.968, 8.968, 6.032], "rotation": 180, "texture": "#2"},
				"east": {"uv": [6.032, 0.032, 8.968, 1.968], "rotation": 270, "texture": "#2"},
				"south": {"uv": [6.032, 6.032, 8.968, 7.968], "texture": "#2"},
				"west": {"uv": [6.032, 0.032, 8.968, 1.968], "rotation": 90, "texture": "#2"},
				"up": {"uv": [6.032, 0.032, 8.968, 1.968], "rotation": 180, "texture": "#2"},
				"down": {"uv": [6.032, 0.032, 8.968, 1.968], "texture": "#2"}
			}
		},
		{
			"from": [11.738, 2.04, 3.69],
			"to": [13.778, 4.08, 5.73],
			"rotation": {"angle": 22.5, "axis": "z", "origin": [13.268, 3.145, 4.71]},
			"faces": {
				"north": {"uv": [0, 6.032, 2.908, 8.94], "texture": "#2"},
				"east": {"uv": [0, 6.032, 2.908, 8.94], "texture": "#2"},
				"south": {"uv": [0, 6.032, 2.908, 8.94], "texture": "#2"},
				"west": {"uv": [0, 6.032, 2.908, 8.94], "texture": "#2"},
				"up": {"uv": [0, 6.032, 2.908, 8.94], "texture": "#2"},
				"down": {"uv": [0, 6.032, 2.908, 8.94], "texture": "#2"}
			}
		},
		{
			"from": [13.66441, 1.95592, 4.77011],
			"to": [15.02441, 3.99592, 4.77011],
			"rotation": {"angle": 22.5, "axis": "z", "origin": [14.34441, 3.65592, 4.77011]},
			"faces": {
				"north": {"uv": [8.968, 7.968, 6.032, 6.032], "rotation": 90, "texture": "#2"},
				"east": {"uv": [6.032, 0.032, 8.968, 1.968], "rotation": 270, "texture": "#2"},
				"south": {"uv": [8.968, 6.032, 6.032, 7.968], "rotation": 90, "texture": "#2"},
				"west": {"uv": [6.032, 0.032, 8.968, 1.968], "rotation": 90, "texture": "#2"},
				"up": {"uv": [6.032, 0.032, 8.968, 1.968], "rotation": 180, "texture": "#2"},
				"down": {"uv": [6.032, 0.032, 8.968, 1.968], "texture": "#2"}
			}
		},
		{
			"from": [2.12166, 0.68, 10.3606],
			"to": [6.88166, 2.72, 11.0406],
			"rotation": {"angle": 0, "axis": "y", "origin": [4.46053, 2.11424, 7.94113]},
			"faces": {
				"north": {"uv": [9.06, 0.06, 15.94, 2.94], "texture": "#1"},
				"east": {"uv": [0.06, 0.06, -0.06, -0.06], "texture": "#1"},
				"south": {"uv": [9.06, 0.06, 15.94, 2.94], "texture": "#1"},
				"west": {"uv": [0.06, 0.06, -0.06, -0.06], "texture": "#1"},
				"up": {"uv": [9.06, 2.06, 15.94, 2.94], "rotation": 180, "texture": "#1"},
				"down": {"uv": [9.06, 2.06, 15.94, 2.94], "texture": "#1"}
			}
		},
		{
			"from": [2.12166, 0.68, 4.9206],
			"to": [6.88166, 2.72, 5.6006],
			"rotation": {"angle": 0, "axis": "y", "origin": [4.46053, 2.11424, 7.94113]},
			"faces": {
				"north": {"uv": [9.06, 0.06, 15.94, 2.94], "texture": "#1"},
				"east": {"uv": [0.06, 0.06, -0.06, -0.06], "texture": "#1"},
				"south": {"uv": [9.06, 0.06, 15.94, 2.94], "texture": "#1"},
				"west": {"uv": [0.06, 0.06, -0.06, -0.06], "texture": "#1"},
				"up": {"uv": [9.06, 2.06, 15.94, 2.94], "rotation": 180, "texture": "#1"},
				"down": {"uv": [9.06, 2.06, 15.94, 2.94], "texture": "#1"}
			}
		},
		{
			"from": [1.44166, 0.68, 4.9206],
			"to": [2.12166, 2.72, 11.0406],
			"rotation": {"angle": 0, "axis": "y", "origin": [4.46053, 2.11424, 7.94113]},
			"faces": {
				"north": {"uv": [15.06, 4.06, 15.94, 6.94], "texture": "#1"},
				"east": {"uv": [7.06, 4.06, 15.94, 6.94], "texture": "#1"},
				"south": {"uv": [7.06, 4.06, 7.94, 6.94], "texture": "#1"},
				"west": {"uv": [7.06, 4.06, 15.94, 6.94], "texture": "#1"},
				"up": {"uv": [7.06, 6.06, 15.94, 6.94], "rotation": 90, "texture": "#1"},
				"down": {"uv": [7.06, 6.06, 15.94, 6.94], "rotation": 270, "texture": "#1"}
			}
		},
		{
			"from": [6.88166, 0.68, 4.9206],
			"to": [7.56166, 2.72, 11.0406],
			"rotation": {"angle": 0, "axis": "y", "origin": [4.46053, 2.11424, 7.94113]},
			"faces": {
				"north": {"uv": [7.06, 4.06, 7.94, 6.94], "texture": "#1"},
				"east": {"uv": [7.06, 4.06, 15.94, 6.94], "texture": "#1"},
				"south": {"uv": [15.06, 4.06, 15.94, 6.94], "texture": "#1"},
				"west": {"uv": [7.06, 4.06, 15.94, 6.94], "texture": "#1"},
				"up": {"uv": [7.06, 6.06, 15.94, 6.94], "rotation": 90, "texture": "#1"},
				"down": {"uv": [7.06, 6.06, 15.94, 6.94], "rotation": 270, "texture": "#1"}
			}
		},
		{
			"from": [2.12166, 0, 5.6006],
			"to": [6.88166, 0.68, 10.3606],
			"rotation": {"angle": 0, "axis": "y", "origin": [4.46053, 2.11424, 7.94113]},
			"faces": {
				"north": {"uv": [0.06, 5.06, 5.94, 5.94], "texture": "#1"},
				"east": {"uv": [0.06, 5.06, 5.94, 5.94], "texture": "#1"},
				"south": {"uv": [0.06, 5.06, 5.94, 5.94], "texture": "#1"},
				"west": {"uv": [0.06, 5.06, 5.94, 5.94], "texture": "#1"},
				"up": {"uv": [0.06, 0.06, 5.94, 5.94], "rotation": 90, "texture": "#1"},
				"down": {"uv": [0.06, 0.06, 5.94, 5.94], "rotation": 270, "texture": "#1"}
			}
		},
		{
			"from": [2.39366, 0.41361, 5.83347],
			"to": [3.75366, 1.77361, 7.19347],
			"rotation": {"angle": 45, "axis": "x", "origin": [4.46053, 2.11424, 7.94113]},
			"faces": {
				"north": {"uv": [0.032, 3.032, 1.94, 4.94], "texture": "#2"},
				"east": {"uv": [0.032, 3.032, 1.94, 4.94], "texture": "#2"},
				"south": {"uv": [0.032, 3.032, 1.94, 4.94], "texture": "#2"},
				"west": {"uv": [0.032, 3.032, 1.94, 4.94], "texture": "#2"},
				"up": {"uv": [0.032, 3.032, 1.94, 4.94], "rotation": 90, "texture": "#2"},
				"down": {"uv": [0.032, 3.032, 1.94, 4.94], "rotation": 270, "texture": "#2"}
			}
		},
		{
			"from": [2.01966, 3.5759, 7.0905],
			"to": [4.05966, 4.9359, 7.0905],
			"rotation": {"angle": -45, "axis": "x", "origin": [4.46053, 2.11424, 7.94113]},
			"faces": {
				"north": {"uv": [6.032, 3.032, 8.968, 4.968], "texture": "#2"},
				"east": {"uv": [6.032, 0.032, 8.968, 1.968], "rotation": 90, "texture": "#2"},
				"south": {"uv": [6.032, 4.968, 8.968, 3.032], "rotation": 180, "texture": "#2"},
				"west": {"uv": [6.032, 0.032, 8.968, 1.968], "rotation": 270, "texture": "#2"},
				"up": {"uv": [6.032, 0.032, 8.968, 1.968], "texture": "#2"},
				"down": {"uv": [6.032, 0.032, 8.968, 1.968], "rotation": 180, "texture": "#2"}
			}
		},
		{
			"from": [3.24366, 0.816, 7.5386],
			"to": [4.60366, 2.176, 8.8986],
			"rotation": {"angle": 0, "axis": "y", "origin": [4.46053, 2.11424, 7.94113]},
			"faces": {
				"north": {"uv": [0, 3.032, 1.908, 4.94], "texture": "#2"},
				"east": {"uv": [0, 3.032, 1.908, 4.94], "texture": "#2"},
				"south": {"uv": [0, 3.032, 1.908, 4.94], "texture": "#2"},
				"west": {"uv": [0, 3.032, 1.908, 4.94], "texture": "#2"},
				"up": {"uv": [0, 3.032, 1.908, 4.94], "rotation": 90, "texture": "#2"},
				"down": {"uv": [0, 3.032, 1.908, 4.94], "rotation": 270, "texture": "#2"}
			}
		},
		{
			"from": [3.99412, 1.445, 6.98489],
			"to": [3.99412, 2.805, 9.02489],
			"rotation": {"angle": 22.5, "axis": "y", "origin": [4.46053, 2.11424, 7.94113]},
			"faces": {
				"north": {"uv": [6.032, 3.032, 8.968, 4.968], "rotation": 90, "texture": "#2"},
				"east": {"uv": [6.032, 4.968, 8.968, 3.032], "rotation": 180, "texture": "#2"},
				"south": {"uv": [6.032, 3.032, 8.968, 4.968], "rotation": 270, "texture": "#2"},
				"west": {"uv": [6.032, 3.032, 8.968, 4.968], "texture": "#2"},
				"up": {"uv": [6.032, 3.032, 8.968, 4.968], "rotation": 270, "texture": "#2"},
				"down": {"uv": [6.032, 3.032, 8.968, 4.968], "rotation": 270, "texture": "#2"}
			}
		},
		{
			"from": [4.94366, 0.476, 7.5386],
			"to": [6.30366, 1.836, 8.8986],
			"rotation": {"angle": 0, "axis": "y", "origin": [4.46053, 2.11424, 7.94113]},
			"faces": {
				"north": {"uv": [0, 3.032, 1.908, 4.94], "texture": "#2"},
				"east": {"uv": [0, 3.032, 1.908, 4.94], "texture": "#2"},
				"south": {"uv": [0, 3.032, 1.908, 4.94], "texture": "#2"},
				"west": {"uv": [0, 3.032, 1.908, 4.94], "texture": "#2"},
				"up": {"uv": [0, 3.032, 1.908, 4.94], "rotation": 90, "texture": "#2"},
				"down": {"uv": [0, 3.032, 1.908, 4.94], "rotation": 270, "texture": "#2"}
			}
		},
		{
			"from": [5.64697, 1.615, 6.69318],
			"to": [5.64697, 2.975, 8.73318],
			"rotation": {"angle": -22.5, "axis": "y", "origin": [4.46053, 2.11424, 7.94113]},
			"faces": {
				"north": {"uv": [6.032, 3.032, 8.968, 4.968], "rotation": 90, "texture": "#2"},
				"east": {"uv": [8.968, 4.968, 6.032, 3.032], "rotation": 180, "texture": "#2"},
				"south": {"uv": [6.032, 3.032, 8.968, 4.968], "rotation": 270, "texture": "#2"},
				"west": {"uv": [8.968, 3.032, 6.032, 4.968], "texture": "#2"},
				"up": {"uv": [6.032, 3.032, 8.968, 4.968], "rotation": 270, "texture": "#2"},
				"down": {"uv": [6.032, 3.032, 8.968, 4.968], "rotation": 270, "texture": "#2"}
			}
		},
		{
			"from": [2.6052, 1.836, 6.50986],
			"to": [3.9652, 3.196, 7.86986],
			"rotation": {"angle": 45, "axis": "y", "origin": [4.46053, 2.11424, 7.94113]},
			"faces": {
				"north": {"uv": [0.032, 3.032, 1.94, 4.94], "rotation": 90, "texture": "#2"},
				"east": {"uv": [0.032, 3.032, 1.94, 4.94], "rotation": 90, "texture": "#2"},
				"south": {"uv": [0.032, 3.032, 1.94, 4.94], "rotation": 90, "texture": "#2"},
				"west": {"uv": [0.032, 3.032, 1.94, 4.94], "rotation": 90, "texture": "#2"},
				"up": {"uv": [0.032, 3.032, 1.94, 4.94], "rotation": 180, "texture": "#2"},
				"down": {"uv": [0.032, 3.032, 1.94, 4.94], "texture": "#2"}
			}
		},
		{
			"from": [2.30953, 2.499, 8.67172],
			"to": [4.34953, 3.859, 8.67172],
			"rotation": {"angle": -22.5, "axis": "y", "origin": [4.46053, 2.11424, 7.94113]},
			"faces": {
				"north": {"uv": [6.032, 4.968, 8.968, 3.032], "rotation": 180, "texture": "#2"},
				"east": {"uv": [6.032, 0.032, 8.968, 1.968], "rotation": 270, "texture": "#2"},
				"south": {"uv": [6.032, 3.032, 8.968, 4.968], "texture": "#2"},
				"west": {"uv": [6.032, 0.032, 8.968, 1.968], "rotation": 90, "texture": "#2"},
				"up": {"uv": [6.032, 0.032, 8.968, 1.968], "rotation": 180, "texture": "#2"},
				"down": {"uv": [6.032, 3.032, 8.968, 4.968], "texture": "#2"}
			}
		},
		{
			"from": [3.36229, 1.53603, 8.8986],
			"to": [4.72229, 2.89603, 10.2586],
			"rotation": {"angle": 0, "axis": "y", "origin": [4.46053, 2.11424, 7.94113]},
			"faces": {
				"north": {"uv": [0, 3.032, 1.908, 4.94], "rotation": 180, "texture": "#2"},
				"east": {"uv": [0, 3.032, 1.908, 4.94], "rotation": 180, "texture": "#2"},
				"south": {"uv": [0, 3.032, 1.908, 4.94], "rotation": 180, "texture": "#2"},
				"west": {"uv": [0, 3.032, 1.908, 4.94], "rotation": 180, "texture": "#2"},
				"up": {"uv": [0, 3.032, 1.908, 4.94], "rotation": 270, "texture": "#2"},
				"down": {"uv": [0, 3.032, 1.908, 4.94], "rotation": 90, "texture": "#2"}
			}
		},
		{
			"from": [2.22329, 0.07318, 9.17738],
			"to": [3.58329, 2.11318, 9.17738],
			"rotation": {"angle": -45, "axis": "x", "origin": [4.46053, 2.11424, 7.94113]},
			"faces": {
				"north": {"uv": [6.032, 4.968, 8.968, 3.032], "rotation": 270, "texture": "#2"},
				"east": {"uv": [6.032, 0.032, 8.968, 1.968], "rotation": 270, "texture": "#2"},
				"south": {"uv": [6.032, 3.032, 8.968, 4.968], "rotation": 270, "texture": "#2"},
				"west": {"uv": [6.032, 0.032, 8.968, 1.968], "rotation": 90, "texture": "#2"},
				"up": {"uv": [6.032, 0.032, 8.968, 1.968], "rotation": 180, "texture": "#2"},
				"down": {"uv": [6.032, 0.032, 8.968, 1.968], "texture": "#2"}
			}
		},
		{
			"from": [3.54363, 0.85603, 5.97169],
			"to": [4.90363, 2.21603, 7.33169],
			"rotation": {"angle": 0, "axis": "y", "origin": [4.46053, 2.11424, 7.94113]},
			"faces": {
				"north": {"uv": [0.032, 3.032, 1.94, 4.94], "texture": "#2"},
				"east": {"uv": [0.032, 3.032, 1.94, 4.94], "texture": "#2"},
				"south": {"uv": [0.032, 3.032, 1.94, 4.94], "texture": "#2"},
				"west": {"uv": [0.032, 3.032, 1.94, 4.94], "texture": "#2"},
				"up": {"uv": [0.032, 3.032, 1.94, 4.94], "rotation": 90, "texture": "#2"},
				"down": {"uv": [0.032, 3.032, 1.94, 4.94], "rotation": 270, "texture": "#2"}
			}
		},
		{
			"from": [4.68263, -0.16156, 7.43181],
			"to": [6.04263, 1.87844, 7.43181],
			"rotation": {"angle": 45, "axis": "x", "origin": [4.46053, 2.11424, 7.94113]},
			"faces": {
				"north": {"uv": [6.032, 3.032, 8.968, 4.968], "rotation": 270, "texture": "#2"},
				"east": {"uv": [6.032, 0.032, 8.968, 1.968], "rotation": 90, "texture": "#2"},
				"south": {"uv": [6.032, 1.968, 8.968, 0.032], "rotation": 270, "texture": "#2"},
				"west": {"uv": [6.032, 0.032, 8.968, 1.968], "rotation": 270, "texture": "#2"},
				"up": {"uv": [6.032, 0.032, 8.968, 1.968], "texture": "#2"},
				"down": {"uv": [6.032, 0.032, 8.968, 1.968], "rotation": 180, "texture": "#2"}
			}
		},
		{
			"from": [4.48916, 1.768, 5.41007],
			"to": [5.84916, 3.128, 6.77007],
			"rotation": {"angle": -22.5, "axis": "y", "origin": [4.46053, 2.11424, 7.94113]},
			"faces": {
				"north": {"uv": [0.032, 3.032, 1.94, 4.94], "texture": "#2"},
				"east": {"uv": [0.032, 3.032, 1.94, 4.94], "texture": "#2"},
				"south": {"uv": [0.032, 3.032, 1.94, 4.94], "texture": "#2"},
				"west": {"uv": [0.032, 3.032, 1.94, 4.94], "texture": "#2"},
				"up": {"uv": [0.032, 3.032, 1.94, 4.94], "rotation": 90, "texture": "#2"},
				"down": {"uv": [0.032, 3.032, 1.94, 4.94], "rotation": 270, "texture": "#2"}
			}
		},
		{
			"from": [5.89136, 2.431, 5.22302],
			"to": [5.89136, 3.791, 7.26302],
			"rotation": {"angle": 0, "axis": "y", "origin": [4.46053, 2.11424, 7.94113]},
			"faces": {
				"north": {"uv": [6.032, 0.032, 8.968, 1.968], "rotation": 90, "texture": "#2"},
				"east": {"uv": [6.032, 4.968, 8.968, 3.032], "rotation": 180, "texture": "#2"},
				"south": {"uv": [6.032, 0.032, 8.968, 1.968], "rotation": 270, "texture": "#2"},
				"west": {"uv": [6.032, 3.032, 8.968, 4.968], "texture": "#2"},
				"up": {"uv": [6.032, 0.032, 8.968, 1.968], "rotation": 270, "texture": "#2"},
				"down": {"uv": [6.032, 0.032, 8.968, 1.968], "rotation": 270, "texture": "#2"}
			}
		},
		{
			"from": [4.67166, 1.26985, 8.47547],
			"to": [6.71166, 3.30985, 10.51547],
			"rotation": {"angle": -22.5, "axis": "x", "origin": [4.46053, 2.11424, 7.94113]},
			"faces": {
				"north": {"uv": [0.032, 3.032, 2.94, 5.94], "texture": "#2"},
				"east": {"uv": [0.032, 3.032, 2.94, 5.94], "texture": "#2"},
				"south": {"uv": [0.032, 3.032, 2.94, 5.94], "texture": "#2"},
				"west": {"uv": [0.032, 3.032, 2.94, 5.94], "texture": "#2"},
				"up": {"uv": [0.032, 3.032, 2.94, 5.94], "rotation": 90, "texture": "#2"},
				"down": {"uv": [0.032, 3.032, 2.94, 5.94], "rotation": 270, "texture": "#2"}
			}
		},
		{
			"from": [5.63155, 0.73496, 10.51547],
			"to": [5.63155, 2.77496, 11.87547],
			"rotation": {"angle": -22.5, "axis": "x", "origin": [4.46053, 2.11424, 7.94113]},
			"faces": {
				"north": {"uv": [6.032, 0.032, 8.968, 1.968], "rotation": 90, "texture": "#2"},
				"east": {"uv": [8.968, 4.968, 6.032, 3.032], "rotation": 90, "texture": "#2"},
				"south": {"uv": [6.032, 0.032, 8.968, 1.968], "rotation": 270, "texture": "#2"},
				"west": {"uv": [8.968, 3.032, 6.032, 4.968], "rotation": 90, "texture": "#2"},
				"up": {"uv": [6.032, 0.032, 8.968, 1.968], "rotation": 270, "texture": "#2"},
				"down": {"uv": [6.032, 0.032, 8.968, 1.968], "rotation": 270, "texture": "#2"}
			}
		}
	],
	"display": {
		"thirdperson_righthand": {
			"rotation": [70, 0, 0],
			"translation": [-6, 4.25, 6.25]
		},
		"firstperson_righthand": {
			"translation": [-8.25, 4.25, 0]
		},
		"ground": {
			"translation": [0, 4, 0]
		},
		"gui": {
			"rotation": [24, 24, 0],
			"translation": [0, 4, 0]
		},
		"fixed": {
			"rotation": [-90, 0, 0],
			"translation": [0, 0, -15],
			"scale": [2, 2, 2]
		}
	},
	"groups": [
		{
			"name": "bowl",
			"origin": [8, 8, 8],
			"color": 0,
			"children": [
				0,
				1,
				2,
				3,
				4,
				{
					"name": "berry",
					"origin": [0, 0, 0],
					"color": 0,
					"children": [
						{
							"name": "strawberrysmall",
							"origin": [7.1, 8.125, 7.75],
							"color": 0,
							"children": [5, 6]
						},
						{
							"name": "strawberrysmall",
							"origin": [7.1, 8.125, 7.75],
							"color": 0,
							"children": [7, 8]
						},
						{
							"name": "strawberrysmall",
							"origin": [7.1, 8.125, 7.75],
							"color": 0,
							"children": [9, 10]
						},
						{
							"name": "strawberrysmall",
							"origin": [7.1, 8.125, 7.75],
							"color": 0,
							"children": [11, 12]
						},
						{
							"name": "strawberrysmall",
							"origin": [7.1, 8.125, 7.75],
							"color": 0,
							"children": [13, 14]
						},
						{
							"name": "strawberrysmall",
							"origin": [7.1, 8.125, 7.75],
							"color": 0,
							"children": [15, 16]
						},
						{
							"name": "strawberrysmall",
							"origin": [7.1, 8.125, 7.75],
							"color": 0,
							"children": [17, 18]
						},
						{
							"name": "strawberry",
							"origin": [0, 0, 0],
							"color": 0,
							"children": [19, 20]
						}
					]
				}
			]
		},
		{
			"name": "bowl",
			"origin": [8, 8, 8],
			"color": 0,
			"children": [
				21,
				22,
				23,
				24,
				25,
				{
					"name": "berry",
					"origin": [0, 0, 0],
					"color": 0,
					"children": [
						{
							"name": "strawberrysmall",
							"origin": [7.1, 8.125, 7.75],
							"color": 0,
							"children": [26, 27]
						},
						{
							"name": "strawberrysmall",
							"origin": [7.1, 8.125, 7.75],
							"color": 0,
							"children": [28, 29]
						},
						{
							"name": "strawberrysmall",
							"origin": [7.1, 8.125, 7.75],
							"color": 0,
							"children": [30, 31]
						},
						{
							"name": "strawberrysmall",
							"origin": [7.1, 8.125, 7.75],
							"color": 0,
							"children": [32, 33]
						},
						{
							"name": "strawberrysmall",
							"origin": [7.1, 8.125, 7.75],
							"color": 0,
							"children": [34, 35]
						},
						{
							"name": "strawberrysmall",
							"origin": [7.1, 8.125, 7.75],
							"color": 0,
							"children": [36, 37]
						},
						{
							"name": "strawberrysmall",
							"origin": [7.1, 8.125, 7.75],
							"color": 0,
							"children": [38, 39]
						},
						{
							"name": "strawberry",
							"origin": [0, 0, 0],
							"color": 0,
							"children": [40, 41]
						}
					]
				}
			]
		}
	]
}