{
	"credit": "Made with Blockbench",
	"ambientocclusion": false,
	"textures": {
		"1": "block/bowl1",
		"2": "block/berries",
		"particle": "block/berries"
	},
	"elements": [
		{
			"from": [2.1535, 0.68, 4.88855],
			"to": [6.9135, 2.72, 5.56855],
			"rotation": {"angle": 0, "axis": "y", "origin": [4.66603, 2.47463, 8.03252]},
			"faces": {
				"north": {"uv": [9.06, 0.06, 15.94, 2.94], "texture": "#1"},
				"east": {"uv": [0.06, 0.06, -0.06, -0.06], "texture": "#1"},
				"south": {"uv": [9.06, 0.06, 15.94, 2.94], "texture": "#1"},
				"west": {"uv": [0.06, 0.06, -0.06, -0.06], "texture": "#1"},
				"up": {"uv": [9.06, 2.06, 15.94, 2.94], "texture": "#1"},
				"down": {"uv": [9.06, 2.06, 15.94, 2.94], "rotation": 180, "texture": "#1"}
			}
		},
		{
			"from": [2.1535, 0.68, 10.32855],
			"to": [6.9135, 2.72, 11.00855],
			"rotation": {"angle": 0, "axis": "y", "origin": [4.66603, 2.47463, 8.03252]},
			"faces": {
				"north": {"uv": [9.06, 0.06, 15.94, 2.94], "texture": "#1"},
				"east": {"uv": [0.06, 0.06, -0.06, -0.06], "texture": "#1"},
				"south": {"uv": [9.06, 0.06, 15.94, 2.94], "texture": "#1"},
				"west": {"uv": [0.06, 0.06, -0.06, -0.06], "texture": "#1"},
				"up": {"uv": [9.06, 2.06, 15.94, 2.94], "texture": "#1"},
				"down": {"uv": [9.06, 2.06, 15.94, 2.94], "rotation": 180, "texture": "#1"}
			}
		},
		{
			"from": [6.9135, 0.68, 4.88855],
			"to": [7.5935, 2.72, 11.00855],
			"rotation": {"angle": 0, "axis": "y", "origin": [4.66603, 2.47463, 8.03252]},
			"faces": {
				"north": {"uv": [7.06, 4.06, 7.94, 6.94], "texture": "#1"},
				"east": {"uv": [7.06, 4.06, 15.94, 6.94], "texture": "#1"},
				"south": {"uv": [15.06, 4.06, 15.94, 6.94], "texture": "#1"},
				"west": {"uv": [7.06, 4.06, 15.94, 6.94], "texture": "#1"},
				"up": {"uv": [7.06, 6.06, 15.94, 6.94], "rotation": 270, "texture": "#1"},
				"down": {"uv": [7.06, 6.06, 15.94, 6.94], "rotation": 90, "texture": "#1"}
			}
		},
		{
			"from": [1.4735, 0.68, 4.88855],
			"to": [2.1535, 2.72, 11.00855],
			"rotation": {"angle": 0, "axis": "y", "origin": [4.66603, 2.47463, 8.03252]},
			"faces": {
				"north": {"uv": [15.06, 4.06, 15.94, 6.94], "texture": "#1"},
				"east": {"uv": [7.06, 4.06, 15.94, 6.94], "texture": "#1"},
				"south": {"uv": [7.06, 4.06, 7.94, 6.94], "texture": "#1"},
				"west": {"uv": [7.06, 4.06, 15.94, 6.94], "texture": "#1"},
				"up": {"uv": [7.06, 6.06, 15.94, 6.94], "rotation": 270, "texture": "#1"},
				"down": {"uv": [7.06, 6.06, 15.94, 6.94], "rotation": 90, "texture": "#1"}
			}
		},
		{
			"from": [2.1535, 0, 5.56855],
			"to": [6.9135, 0.68, 10.32855],
			"rotation": {"angle": 0, "axis": "y", "origin": [4.66603, 2.47463, 8.03252]},
			"faces": {
				"north": {"uv": [0.06, 5.06, 5.94, 5.94], "texture": "#1"},
				"east": {"uv": [0.06, 5.06, 5.94, 5.94], "texture": "#1"},
				"south": {"uv": [0.06, 5.06, 5.94, 5.94], "texture": "#1"},
				"west": {"uv": [0.06, 5.06, 5.94, 5.94], "texture": "#1"},
				"up": {"uv": [0.06, 0.06, 5.94, 5.94], "rotation": 270, "texture": "#1"},
				"down": {"uv": [0.06, 0.06, 5.94, 5.94], "rotation": 90, "texture": "#1"}
			}
		},
		{
			"from": [5.2815, 0.55064, 8.49388],
			"to": [6.6415, 1.91064, 9.85388],
			"rotation": {"angle": -45, "axis": "x", "origin": [4.66603, 2.47463, 8.03252]},
			"faces": {
				"north": {"uv": [0.032, 0.032, 1.94, 1.94], "texture": "#2"},
				"east": {"uv": [0.032, 0.032, 1.94, 1.94], "texture": "#2"},
				"south": {"uv": [0.032, 0.032, 1.94, 1.94], "texture": "#2"},
				"west": {"uv": [0.032, 0.032, 1.94, 1.94], "texture": "#2"},
				"up": {"uv": [0.032, 0.032, 1.94, 1.94], "rotation": 90, "texture": "#2"},
				"down": {"uv": [0.032, 0.032, 1.94, 1.94], "rotation": 270, "texture": "#2"}
			}
		},
		{
			"from": [5.9955, 4.32999, 8.08652],
			"to": [5.9955, 5.68999, 10.12652],
			"rotation": {"angle": 45, "axis": "x", "origin": [4.66603, 2.47463, 8.03252]},
			"faces": {
				"north": {"uv": [6.032, 0.032, 8.968, 1.968], "rotation": 270, "texture": "#2"},
				"east": {"uv": [6.032, 0.032, 8.968, 1.968], "texture": "#2"},
				"south": {"uv": [6.032, 0.032, 8.968, 1.968], "rotation": 90, "texture": "#2"},
				"west": {"uv": [6.032, 1.968, 8.968, 0.032], "rotation": 180, "texture": "#2"},
				"up": {"uv": [6.032, 0.032, 8.968, 1.968], "rotation": 90, "texture": "#2"},
				"down": {"uv": [6.032, 0.032, 8.968, 1.968], "rotation": 90, "texture": "#2"}
			}
		},
		{
			"from": [4.9755, 4.32999, 9.10652],
			"to": [7.0155, 5.68999, 9.10652],
			"rotation": {"angle": 45, "axis": "x", "origin": [4.66603, 2.47463, 8.03252]},
			"faces": {
				"north": {"uv": [6.032, 1.968, 8.968, 0.032], "rotation": 180, "texture": "#2"},
				"east": {"uv": [6.032, 0.032, 8.968, 1.968], "rotation": 270, "texture": "#2"},
				"south": {"uv": [6.032, 0.032, 8.968, 1.968], "texture": "#2"},
				"west": {"uv": [6.032, 0.032, 8.968, 1.968], "rotation": 90, "texture": "#2"},
				"up": {"uv": [6.032, 0.032, 8.968, 1.968], "rotation": 180, "texture": "#2"},
				"down": {"uv": [6.032, 0.032, 8.968, 1.968], "texture": "#2"}
			}
		},
		{
			"from": [4.4315, 0.816, 7.03055],
			"to": [5.7915, 2.176, 8.39055],
			"rotation": {"angle": 0, "axis": "y", "origin": [4.66603, 2.47463, 8.03252]},
			"faces": {
				"north": {"uv": [0.032, 0.032, 1.94, 1.94], "texture": "#2"},
				"east": {"uv": [0.032, 0.032, 1.94, 1.94], "texture": "#2"},
				"south": {"uv": [0.032, 0.032, 1.94, 1.94], "texture": "#2"},
				"west": {"uv": [0.032, 0.032, 1.94, 1.94], "texture": "#2"},
				"up": {"uv": [0.032, 0.032, 1.94, 1.94], "texture": "#2"},
				"down": {"uv": [0.032, 0.032, 1.94, 1.94], "texture": "#2"}
			}
		},
		{
			"from": [4.12387, 1.955, 8.11345],
			"to": [6.16387, 3.315, 8.11345],
			"rotation": {"angle": 45, "axis": "y", "origin": [4.66603, 2.47463, 8.03252]},
			"faces": {
				"north": {"uv": [6.032, 0.032, 8.968, 1.968], "texture": "#2"},
				"east": {"uv": [6.032, 0.032, 8.968, 1.968], "rotation": 90, "texture": "#2"},
				"south": {"uv": [6.032, 1.968, 8.968, 0.032], "rotation": 180, "texture": "#2"},
				"west": {"uv": [6.032, 0.032, 8.968, 1.968], "rotation": 270, "texture": "#2"},
				"up": {"uv": [6.032, 0.032, 8.968, 1.968], "texture": "#2"},
				"down": {"uv": [6.032, 0.032, 8.968, 1.968], "rotation": 180, "texture": "#2"}
			}
		},
		{
			"from": [5.13303, 1.955, 6.87268],
			"to": [5.13303, 3.315, 8.91268],
			"rotation": {"angle": 22.5, "axis": "y", "origin": [4.66603, 2.47463, 8.03252]},
			"faces": {
				"north": {"uv": [6.032, 0.032, 8.968, 1.968], "rotation": 270, "texture": "#2"},
				"east": {"uv": [6.032, 0.032, 8.968, 1.968], "texture": "#2"},
				"south": {"uv": [6.032, 0.032, 8.968, 1.968], "rotation": 90, "texture": "#2"},
				"west": {"uv": [6.032, 1.968, 8.968, 0.032], "rotation": 180, "texture": "#2"},
				"up": {"uv": [6.032, 0.032, 8.968, 1.968], "rotation": 90, "texture": "#2"},
				"down": {"uv": [6.032, 0.032, 8.968, 1.968], "rotation": 90, "texture": "#2"}
			}
		},
		{
			"from": [5.1282, 1.836, 8.0077],
			"to": [6.4882, 3.196, 9.3677],
			"rotation": {"angle": 45, "axis": "y", "origin": [4.66603, 2.47463, 8.03252]},
			"faces": {
				"north": {"uv": [0.032, 0.032, 1.94, 1.94], "texture": "#2"},
				"east": {"uv": [0.032, 0.032, 1.94, 1.94], "texture": "#2"},
				"south": {"uv": [0.032, 0.032, 1.94, 1.94], "texture": "#2"},
				"west": {"uv": [0.032, 0.032, 1.94, 1.94], "texture": "#2"},
				"up": {"uv": [0.032, 0.032, 1.94, 1.94], "texture": "#2"},
				"down": {"uv": [0.032, 0.032, 1.94, 1.94], "texture": "#2"}
			}
		},
		{
			"from": [5.93054, 2.975, 6.73299],
			"to": [5.93054, 4.335, 8.77299],
			"rotation": {"angle": 0, "axis": "y", "origin": [4.66603, 2.47463, 8.03252]},
			"faces": {
				"north": {"uv": [6.032, 0.032, 8.968, 1.968], "rotation": 90, "texture": "#2"},
				"east": {"uv": [6.032, 1.968, 8.968, 0.032], "rotation": 180, "texture": "#2"},
				"south": {"uv": [6.032, 0.032, 8.968, 1.968], "rotation": 270, "texture": "#2"},
				"west": {"uv": [6.032, 0.032, 8.968, 1.968], "texture": "#2"},
				"up": {"uv": [6.032, 0.032, 8.968, 1.968], "rotation": 270, "texture": "#2"},
				"down": {"uv": [6.032, 0.032, 8.968, 1.968], "rotation": 270, "texture": "#2"}
			}
		},
		{
			"from": [4.67556, 2.975, 7.29579],
			"to": [6.71556, 4.335, 7.29579],
			"rotation": {"angle": -22.5, "axis": "y", "origin": [4.66603, 2.47463, 8.03252]},
			"faces": {
				"north": {"uv": [6.032, 0.032, 8.968, 1.968], "texture": "#2"},
				"east": {"uv": [6.032, 0.032, 8.968, 1.968], "rotation": 90, "texture": "#2"},
				"south": {"uv": [6.032, 1.968, 8.968, 0.032], "rotation": 180, "texture": "#2"},
				"west": {"uv": [6.032, 0.032, 8.968, 1.968], "rotation": 270, "texture": "#2"},
				"up": {"uv": [6.032, 0.032, 8.968, 1.968], "texture": "#2"},
				"down": {"uv": [6.032, 0.032, 8.968, 1.968], "rotation": 180, "texture": "#2"}
			}
		},
		{
			"from": [4.31287, 1.53603, 5.67055],
			"to": [5.67287, 2.89603, 7.03055],
			"rotation": {"angle": 0, "axis": "y", "origin": [4.66603, 2.47463, 8.03252]},
			"faces": {
				"north": {"uv": [0.032, 0.032, 1.94, 1.94], "rotation": 270, "texture": "#2"},
				"east": {"uv": [0.032, 0.032, 1.94, 1.94], "rotation": 90, "texture": "#2"},
				"south": {"uv": [0.032, 0.032, 1.94, 1.94], "rotation": 90, "texture": "#2"},
				"west": {"uv": [0.032, 0.032, 1.94, 1.94], "rotation": 90, "texture": "#2"},
				"up": {"uv": [0.032, 0.032, 1.94, 1.94], "rotation": 90, "texture": "#2"},
				"down": {"uv": [0.032, 0.032, 1.94, 1.94], "rotation": 90, "texture": "#2"}
			}
		},
		{
			"from": [5.45187, 0.14726, 7.01964],
			"to": [6.81187, 2.18726, 7.01964],
			"rotation": {"angle": 45, "axis": "x", "origin": [4.66603, 2.47463, 8.03252]},
			"faces": {
				"north": {"uv": [6.032, 0.032, 8.968, 1.968], "rotation": 270, "texture": "#2"},
				"east": {"uv": [6.032, 0.032, 8.968, 1.968], "rotation": 90, "texture": "#2"},
				"south": {"uv": [6.032, 1.968, 8.968, 0.032], "rotation": 270, "texture": "#2"},
				"west": {"uv": [6.032, 0.032, 8.968, 1.968], "rotation": 270, "texture": "#2"},
				"up": {"uv": [6.032, 0.032, 8.968, 1.968], "texture": "#2"},
				"down": {"uv": [6.032, 0.032, 8.968, 1.968], "rotation": 180, "texture": "#2"}
			}
		},
		{
			"from": [5.45187, 1.65983, 5.54468],
			"to": [6.81187, 1.65983, 7.58468],
			"rotation": {"angle": 22.5, "axis": "x", "origin": [4.66603, 2.47463, 8.03252]},
			"faces": {
				"north": {"uv": [6.032, 0.032, 8.968, 1.968], "rotation": 180, "texture": "#2"},
				"east": {"uv": [6.032, 0.032, 8.968, 1.968], "rotation": 180, "texture": "#2"},
				"south": {"uv": [6.032, 0.032, 8.968, 1.968], "rotation": 180, "texture": "#2"},
				"west": {"uv": [6.032, 0.032, 8.968, 1.968], "rotation": 180, "texture": "#2"},
				"up": {"uv": [6.032, 1.968, 8.968, 0.032], "rotation": 270, "texture": "#2"},
				"down": {"uv": [6.032, 0.032, 8.968, 1.968], "rotation": 90, "texture": "#2"}
			}
		},
		{
			"from": [4.13153, 0.85603, 8.59746],
			"to": [5.49153, 2.21603, 9.95746],
			"rotation": {"angle": 0, "axis": "y", "origin": [4.66603, 2.47463, 8.03252]},
			"faces": {
				"north": {"uv": [0.032, 0.032, 1.94, 1.94], "rotation": 90, "texture": "#2"},
				"east": {"uv": [0.032, 0.032, 1.94, 1.94], "rotation": 90, "texture": "#2"},
				"south": {"uv": [0.032, 0.032, 1.94, 1.94], "rotation": 270, "texture": "#2"},
				"west": {"uv": [0.032, 0.032, 1.94, 1.94], "rotation": 90, "texture": "#2"},
				"up": {"uv": [0.032, 0.032, 1.94, 1.94], "rotation": 270, "texture": "#2"},
				"down": {"uv": [0.032, 0.032, 1.94, 1.94], "rotation": 270, "texture": "#2"}
			}
		},
		{
			"from": [2.99253, -0.02454, 8.25554],
			"to": [4.35253, 2.01546, 8.25554],
			"rotation": {"angle": -45, "axis": "x", "origin": [4.66603, 2.47463, 8.03252]},
			"faces": {
				"north": {"uv": [6.032, 1.968, 8.968, 0.032], "rotation": 270, "texture": "#2"},
				"east": {"uv": [6.032, 0.032, 8.968, 1.968], "rotation": 270, "texture": "#2"},
				"south": {"uv": [6.032, 0.032, 8.968, 1.968], "rotation": 270, "texture": "#2"},
				"west": {"uv": [6.032, 0.032, 8.968, 1.968], "rotation": 90, "texture": "#2"},
				"up": {"uv": [6.032, 0.032, 8.968, 1.968], "rotation": 180, "texture": "#2"},
				"down": {"uv": [6.032, 0.032, 8.968, 1.968], "texture": "#2"}
			}
		},
		{
			"from": [2.99253, 1.19883, 7.81637],
			"to": [4.35253, 1.19883, 9.85637],
			"rotation": {"angle": -22.5, "axis": "x", "origin": [4.66603, 2.47463, 8.03252]},
			"faces": {
				"north": {"uv": [6.032, 0.032, 8.968, 1.968], "rotation": 180, "texture": "#2"},
				"east": {"uv": [6.032, 0.032, 8.968, 1.968], "rotation": 180, "texture": "#2"},
				"south": {"uv": [6.032, 0.032, 8.968, 1.968], "rotation": 180, "texture": "#2"},
				"west": {"uv": [6.032, 0.032, 8.968, 1.968], "rotation": 180, "texture": "#2"},
				"up": {"uv": [6.032, 1.968, 8.968, 0.032], "rotation": 90, "texture": "#2"},
				"down": {"uv": [6.032, 0.032, 8.968, 1.968], "rotation": 270, "texture": "#2"}
			}
		},
		{
			"from": [3.17593, 1.768, 9.19744],
			"to": [4.53593, 3.128, 10.55744],
			"rotation": {"angle": -22.5, "axis": "y", "origin": [4.66603, 2.47463, 8.03252]},
			"faces": {
				"north": {"uv": [0.032, 0.032, 1.94, 1.94], "texture": "#2"},
				"east": {"uv": [0.032, 0.032, 1.94, 1.94], "texture": "#2"},
				"south": {"uv": [0.032, 0.032, 1.94, 1.94], "texture": "#2"},
				"west": {"uv": [0.032, 0.032, 1.94, 1.94], "texture": "#2"},
				"up": {"uv": [0.032, 0.032, 1.94, 1.94], "texture": "#2"},
				"down": {"uv": [0.032, 0.032, 1.94, 1.94], "texture": "#2"}
			}
		},
		{
			"from": [2.12422, 2.907, 9.43734],
			"to": [4.16422, 4.267, 9.43734],
			"rotation": {"angle": 0, "axis": "y", "origin": [4.66603, 2.47463, 8.03252]},
			"faces": {
				"north": {"uv": [6.032, 0.032, 8.968, 1.968], "texture": "#2"},
				"east": {"uv": [6.032, 0.032, 8.968, 1.968], "rotation": 90, "texture": "#2"},
				"south": {"uv": [6.032, 1.968, 8.968, 0.032], "rotation": 180, "texture": "#2"},
				"west": {"uv": [6.032, 0.032, 8.968, 1.968], "rotation": 270, "texture": "#2"},
				"up": {"uv": [6.032, 0.032, 8.968, 1.968], "texture": "#2"},
				"down": {"uv": [6.032, 0.032, 8.968, 1.968], "rotation": 180, "texture": "#2"}
			}
		},
		{
			"from": [3.1438, 2.907, 8.39413],
			"to": [3.1438, 4.267, 10.43413],
			"rotation": {"angle": 0, "axis": "y", "origin": [4.66603, 2.47463, 8.03252]},
			"faces": {
				"north": {"uv": [6.032, 0.032, 8.968, 1.968], "rotation": 270, "texture": "#2"},
				"east": {"uv": [6.032, 0.032, 8.968, 1.968], "texture": "#2"},
				"south": {"uv": [6.032, 0.032, 8.968, 1.968], "rotation": 90, "texture": "#2"},
				"west": {"uv": [6.032, 1.968, 8.968, 0.032], "rotation": 180, "texture": "#2"},
				"up": {"uv": [6.032, 0.032, 8.968, 1.968], "rotation": 90, "texture": "#2"},
				"down": {"uv": [6.032, 0.032, 8.968, 1.968], "rotation": 90, "texture": "#2"}
			}
		},
		{
			"from": [2.3235, 1.28025, 5.55498],
			"to": [4.3635, 3.32025, 7.59498],
			"rotation": {"angle": 22.5, "axis": "x", "origin": [4.66603, 2.47463, 8.03252]},
			"faces": {
				"north": {"uv": [0.032, 0.032, 2.94, 2.94], "texture": "#2"},
				"east": {"uv": [0.032, 0.032, 2.94, 2.94], "texture": "#2"},
				"south": {"uv": [0.032, 0.032, 2.94, 2.94], "texture": "#2"},
				"west": {"uv": [0.032, 0.032, 2.94, 2.94], "texture": "#2"},
				"up": {"uv": [0.032, 0.032, 2.94, 2.94], "texture": "#2"},
				"down": {"uv": [0.032, 0.032, 2.94, 2.94], "texture": "#2"}
			}
		},
		{
			"from": [2.35603, 2.46378, 4.19498],
			"to": [4.39603, 2.46378, 5.55498],
			"rotation": {"angle": 22.5, "axis": "x", "origin": [4.66603, 2.47463, 8.03252]},
			"faces": {
				"north": {"uv": [6.032, 0.032, 8.968, 1.968], "texture": "#2"},
				"east": {"uv": [6.032, 0.032, 8.968, 1.968], "texture": "#2"},
				"south": {"uv": [6.032, 0.032, 8.968, 1.968], "texture": "#2"},
				"west": {"uv": [6.032, 0.032, 8.968, 1.968], "texture": "#2"},
				"up": {"uv": [6.032, 0.032, 8.968, 1.968], "texture": "#2"},
				"down": {"uv": [6.032, 1.968, 8.968, 0.032], "texture": "#2"}
			}
		},
		{
			"from": [3.40361, 1.42536, 4.19498],
			"to": [3.40361, 3.46536, 5.55498],
			"rotation": {"angle": 22.5, "axis": "x", "origin": [4.66603, 2.47463, 8.03252]},
			"faces": {
				"north": {"uv": [6.032, 0.032, 8.968, 1.968], "rotation": 270, "texture": "#2"},
				"east": {"uv": [6.032, 0.032, 8.968, 1.968], "rotation": 90, "texture": "#2"},
				"south": {"uv": [6.032, 0.032, 8.968, 1.968], "rotation": 90, "texture": "#2"},
				"west": {"uv": [6.032, 1.968, 8.968, 0.032], "rotation": 90, "texture": "#2"},
				"up": {"uv": [6.032, 0.032, 8.968, 1.968], "rotation": 90, "texture": "#2"},
				"down": {"uv": [6.032, 0.032, 8.968, 1.968], "rotation": 90, "texture": "#2"}
			}
		},
		{
			"from": [2.6635, 1.62025, 7.59498],
			"to": [4.0235, 2.98025, 8.27498],
			"rotation": {"angle": 22.5, "axis": "x", "origin": [4.66603, 2.47463, 8.03252]},
			"faces": {
				"north": {"uv": [0.032, 0.032, 1.94, 1.94], "texture": "#2"},
				"east": {"uv": [0.032, 0.032, 0.94, 1.94], "texture": "#2"},
				"south": {"uv": [0.032, 0.032, 1.94, 1.94], "texture": "#2"},
				"west": {"uv": [0.032, 0.032, 0.94, 1.94], "texture": "#2"},
				"up": {"uv": [0.032, 0.032, 1.94, 0.94], "texture": "#2"},
				"down": {"uv": [0.032, 0.032, 1.94, 0.94], "texture": "#2"}
			}
		},
		{
			"from": [13.88, 0.68, 3.52],
			"to": [14.56, 2.72, 8.28],
			"rotation": {"angle": 0, "axis": "y", "origin": [6.06, 0, 0.46]},
			"faces": {
				"north": {"uv": [0.06, 0.06, -0.06, -0.06], "texture": "#1"},
				"east": {"uv": [9.06, 0.06, 15.94, 2.94], "texture": "#1"},
				"south": {"uv": [0.06, 0.06, -0.06, -0.06], "texture": "#1"},
				"west": {"uv": [9.06, 0.06, 15.94, 2.94], "texture": "#1"},
				"up": {"uv": [9.06, 2.06, 15.94, 2.94], "rotation": 90, "texture": "#1"},
				"down": {"uv": [9.06, 2.06, 15.94, 2.94], "rotation": 90, "texture": "#1"}
			}
		},
		{
			"from": [8.44, 0.68, 3.52],
			"to": [9.12, 2.72, 8.28],
			"rotation": {"angle": 0, "axis": "y", "origin": [6.06, 0, 0.46]},
			"faces": {
				"north": {"uv": [0.06, 0.06, -0.06, -0.06], "texture": "#1"},
				"east": {"uv": [9.06, 0.06, 15.94, 2.94], "texture": "#1"},
				"south": {"uv": [0.06, 0.06, -0.06, -0.06], "texture": "#1"},
				"west": {"uv": [9.06, 0.06, 15.94, 2.94], "texture": "#1"},
				"up": {"uv": [9.06, 2.06, 15.94, 2.94], "rotation": 90, "texture": "#1"},
				"down": {"uv": [9.06, 2.06, 15.94, 2.94], "rotation": 90, "texture": "#1"}
			}
		},
		{
			"from": [8.44, 0.68, 8.28],
			"to": [14.56, 2.72, 8.96],
			"rotation": {"angle": 0, "axis": "y", "origin": [6.06, 0, 0.46]},
			"faces": {
				"north": {"uv": [7.06, 4.06, 15.94, 6.94], "texture": "#1"},
				"east": {"uv": [7.06, 4.06, 7.94, 6.94], "texture": "#1"},
				"south": {"uv": [7.06, 4.06, 15.94, 6.94], "texture": "#1"},
				"west": {"uv": [15.06, 4.06, 15.94, 6.94], "texture": "#1"},
				"up": {"uv": [7.06, 6.06, 15.94, 6.94], "texture": "#1"},
				"down": {"uv": [7.06, 6.06, 15.94, 6.94], "texture": "#1"}
			}
		},
		{
			"from": [8.44, 0.68, 2.84],
			"to": [14.56, 2.72, 3.52],
			"rotation": {"angle": 0, "axis": "y", "origin": [6.06, 0, 0.46]},
			"faces": {
				"north": {"uv": [7.06, 4.06, 15.94, 6.94], "texture": "#1"},
				"east": {"uv": [15.06, 4.06, 15.94, 6.94], "texture": "#1"},
				"south": {"uv": [7.06, 4.06, 15.94, 6.94], "texture": "#1"},
				"west": {"uv": [7.06, 4.06, 7.94, 6.94], "texture": "#1"},
				"up": {"uv": [7.06, 6.06, 15.94, 6.94], "texture": "#1"},
				"down": {"uv": [7.06, 6.06, 15.94, 6.94], "texture": "#1"}
			}
		},
		{
			"from": [9.12, 0, 3.52],
			"to": [13.88, 0.68, 8.28],
			"rotation": {"angle": 0, "axis": "y", "origin": [6.06, 0, 0.46]},
			"faces": {
				"north": {"uv": [0.06, 5.06, 5.94, 5.94], "texture": "#1"},
				"east": {"uv": [0.06, 5.06, 5.94, 5.94], "texture": "#1"},
				"south": {"uv": [0.06, 5.06, 5.94, 5.94], "texture": "#1"},
				"west": {"uv": [0.06, 5.06, 5.94, 5.94], "texture": "#1"},
				"up": {"uv": [0.06, 0.06, 5.94, 5.94], "texture": "#1"},
				"down": {"uv": [0.06, 0.06, 5.94, 5.94], "texture": "#1"}
			}
		},
		{
			"from": [9.12, 3.026, 6.648],
			"to": [10.48, 4.386, 8.008],
			"rotation": {"angle": -45, "axis": "z", "origin": [8.19066, 3.13934, 7.01066]},
			"faces": {
				"north": {"uv": [0.032, 6.032, 1.94, 7.94], "texture": "#2"},
				"east": {"uv": [0.032, 6.032, 1.94, 7.94], "texture": "#2"},
				"south": {"uv": [0.032, 6.032, 1.94, 7.94], "texture": "#2"},
				"west": {"uv": [0.032, 6.032, 1.94, 7.94], "texture": "#2"},
				"up": {"uv": [0.032, 6.032, 1.94, 7.94], "texture": "#2"},
				"down": {"uv": [0.032, 6.032, 1.94, 7.94], "texture": "#2"}
			}
		},
		{
			"from": [8.86383, 2.14797, 6.342],
			"to": [8.86383, 3.50797, 8.382],
			"rotation": {"angle": 45, "axis": "z", "origin": [8.86383, 3.50797, 7.362]},
			"faces": {
				"north": {"uv": [6.032, 0.032, 8.968, 1.968], "rotation": 90, "texture": "#2"},
				"east": {"uv": [6.032, 7.968, 8.968, 6.032], "rotation": 180, "texture": "#2"},
				"south": {"uv": [6.032, 0.032, 8.968, 1.968], "rotation": 270, "texture": "#2"},
				"west": {"uv": [6.032, 6.032, 8.968, 7.968], "texture": "#2"},
				"up": {"uv": [6.032, 0.032, 8.968, 1.968], "rotation": 270, "texture": "#2"},
				"down": {"uv": [6.032, 0.032, 8.968, 1.968], "rotation": 270, "texture": "#2"}
			}
		},
		{
			"from": [11.058, 0.816, 5.798],
			"to": [12.418, 2.176, 7.158],
			"rotation": {"angle": 0, "axis": "y", "origin": [13.268, 1.105, 4.71]},
			"faces": {
				"north": {"uv": [0, 6.032, 1.908, 7.94], "texture": "#2"},
				"east": {"uv": [0, 6.032, 1.908, 7.94], "texture": "#2"},
				"south": {"uv": [0, 6.032, 1.908, 7.94], "texture": "#2"},
				"west": {"uv": [0, 6.032, 1.908, 7.94], "texture": "#2"},
				"up": {"uv": [0, 6.032, 1.908, 7.94], "texture": "#2"},
				"down": {"uv": [0, 6.032, 1.908, 7.94], "texture": "#2"}
			}
		},
		{
			"from": [10.69189, 1.445, 6.40211],
			"to": [12.73189, 2.805, 6.40211],
			"rotation": {"angle": 22.5, "axis": "y", "origin": [11.568, 1.445, 6.41]},
			"faces": {
				"north": {"uv": [6.032, 7.968, 8.968, 6.032], "rotation": 180, "texture": "#2"},
				"east": {"uv": [6.032, 6.032, 8.968, 7.968], "rotation": 270, "texture": "#2"},
				"south": {"uv": [6.032, 6.032, 8.968, 7.968], "texture": "#2"},
				"west": {"uv": [6.032, 6.032, 8.968, 7.968], "rotation": 90, "texture": "#2"},
				"up": {"uv": [6.032, 6.032, 8.968, 7.968], "rotation": 180, "texture": "#2"},
				"down": {"uv": [6.032, 6.032, 8.968, 7.968], "texture": "#2"}
			}
		},
		{
			"from": [11.058, 0.476, 4.098],
			"to": [12.418, 1.836, 5.458],
			"rotation": {"angle": 0, "axis": "y", "origin": [13.268, 0.765, 3.01]},
			"faces": {
				"north": {"uv": [0, 6.032, 1.908, 7.94], "texture": "#2"},
				"east": {"uv": [0, 6.032, 1.908, 7.94], "texture": "#2"},
				"south": {"uv": [0, 6.032, 1.908, 7.94], "texture": "#2"},
				"west": {"uv": [0, 6.032, 1.908, 7.94], "texture": "#2"},
				"up": {"uv": [0, 6.032, 1.908, 7.94], "texture": "#2"},
				"down": {"uv": [0, 6.032, 1.908, 7.94], "texture": "#2"}
			}
		},
		{
			"from": [10.69189, 1.615, 4.70211],
			"to": [12.73189, 2.975, 4.70211],
			"rotation": {"angle": -22.5, "axis": "y", "origin": [11.568, 1.105, 4.71]},
			"faces": {
				"north": {"uv": [8.968, 7.968, 6.032, 6.032], "rotation": 180, "texture": "#2"},
				"east": {"uv": [6.032, 6.032, 8.968, 7.968], "rotation": 270, "texture": "#2"},
				"south": {"uv": [8.968, 6.032, 6.032, 7.968], "texture": "#2"},
				"west": {"uv": [6.032, 6.032, 8.968, 7.968], "rotation": 90, "texture": "#2"},
				"up": {"uv": [6.032, 6.032, 8.968, 7.968], "rotation": 180, "texture": "#2"},
				"down": {"uv": [6.032, 6.032, 8.968, 7.968], "texture": "#2"}
			}
		},
		{
			"from": [11.058, 1.836, 6.648],
			"to": [12.418, 3.196, 8.008],
			"rotation": {"angle": 45, "axis": "y", "origin": [11.71954, 3.27534, 7.2887]},
			"faces": {
				"north": {"uv": [0.032, 6.032, 1.94, 7.94], "rotation": 90, "texture": "#2"},
				"east": {"uv": [0.032, 6.032, 1.94, 7.94], "rotation": 90, "texture": "#2"},
				"south": {"uv": [0.032, 6.032, 1.94, 7.94], "rotation": 90, "texture": "#2"},
				"west": {"uv": [0.032, 6.032, 1.94, 7.94], "rotation": 90, "texture": "#2"},
				"up": {"uv": [0.032, 6.032, 1.94, 7.94], "rotation": 90, "texture": "#2"},
				"down": {"uv": [0.032, 6.032, 1.94, 7.94], "rotation": 90, "texture": "#2"}
			}
		},
		{
			"from": [11.69514, 2.499, 6.25383],
			"to": [11.69514, 3.859, 8.29383],
			"rotation": {"angle": -22.5, "axis": "y", "origin": [11.71954, 3.27534, 7.2887]},
			"faces": {
				"north": {"uv": [6.032, 0.032, 8.968, 1.968], "rotation": 270, "texture": "#2"},
				"east": {"uv": [6.032, 6.032, 8.968, 7.968], "texture": "#2"},
				"south": {"uv": [6.032, 0.032, 8.968, 1.968], "rotation": 90, "texture": "#2"},
				"west": {"uv": [6.032, 7.968, 8.968, 6.032], "rotation": 180, "texture": "#2"},
				"up": {"uv": [6.032, 0.032, 8.968, 1.968], "rotation": 90, "texture": "#2"},
				"down": {"uv": [6.032, 6.032, 8.968, 7.968], "rotation": 90, "texture": "#2"}
			}
		},
		{
			"from": [12.418, 1.53603, 5.67937],
			"to": [13.778, 2.89603, 7.03937],
			"rotation": {"angle": 0, "axis": "y", "origin": [13.07954, 2.25534, 7.1187]},
			"faces": {
				"north": {"uv": [0, 6.032, 1.908, 7.94], "rotation": 180, "texture": "#2"},
				"east": {"uv": [0, 6.032, 1.908, 7.94], "rotation": 180, "texture": "#2"},
				"south": {"uv": [0, 6.032, 1.908, 7.94], "rotation": 180, "texture": "#2"},
				"west": {"uv": [0, 6.032, 1.908, 7.94], "rotation": 180, "texture": "#2"},
				"up": {"uv": [0, 6.032, 1.908, 7.94], "rotation": 180, "texture": "#2"},
				"down": {"uv": [0, 6.032, 1.908, 7.94], "rotation": 180, "texture": "#2"}
			}
		},
		{
			"from": [13.07121, 1.25932, 6.81837],
			"to": [13.07121, 3.29932, 8.17837],
			"rotation": {"angle": 45, "axis": "z", "origin": [13.07954, 2.25534, 7.1187]},
			"faces": {
				"north": {"uv": [6.032, 0.032, 8.968, 1.968], "rotation": 270, "texture": "#2"},
				"east": {"uv": [6.032, 6.032, 8.968, 7.968], "rotation": 270, "texture": "#2"},
				"south": {"uv": [6.032, 0.032, 8.968, 1.968], "rotation": 90, "texture": "#2"},
				"west": {"uv": [6.032, 7.968, 8.968, 6.032], "rotation": 270, "texture": "#2"},
				"up": {"uv": [6.032, 0.032, 8.968, 1.968], "rotation": 90, "texture": "#2"},
				"down": {"uv": [6.032, 0.032, 8.968, 1.968], "rotation": 90, "texture": "#2"}
			}
		},
		{
			"from": [9.49109, 0.85603, 5.49803],
			"to": [10.85109, 2.21603, 6.85803],
			"rotation": {"angle": 0, "axis": "y", "origin": [10.18954, 1.57534, 5.4187]},
			"faces": {
				"north": {"uv": [0.032, 6.032, 1.94, 7.94], "texture": "#2"},
				"east": {"uv": [0.032, 6.032, 1.94, 7.94], "texture": "#2"},
				"south": {"uv": [0.032, 6.032, 1.94, 7.94], "texture": "#2"},
				"west": {"uv": [0.032, 6.032, 1.94, 7.94], "texture": "#2"},
				"up": {"uv": [0.032, 6.032, 1.94, 7.94], "texture": "#2"},
				"down": {"uv": [0.032, 6.032, 1.94, 7.94], "texture": "#2"}
			}
		},
		{
			"from": [10.19788, 0.57932, 4.35903],
			"to": [10.19788, 2.61932, 5.71903],
			"rotation": {"angle": -45, "axis": "z", "origin": [10.18954, 1.57534, 5.4187]},
			"faces": {
				"north": {"uv": [6.032, 0.032, 8.968, 1.968], "rotation": 90, "texture": "#2"},
				"east": {"uv": [6.032, 7.968, 8.968, 6.032], "rotation": 270, "texture": "#2"},
				"south": {"uv": [6.032, 0.032, 8.968, 1.968], "rotation": 270, "texture": "#2"},
				"west": {"uv": [6.032, 6.032, 8.968, 7.968], "rotation": 270, "texture": "#2"},
				"up": {"uv": [6.032, 0.032, 8.968, 1.968], "rotation": 270, "texture": "#2"},
				"down": {"uv": [6.032, 0.032, 8.968, 1.968], "rotation": 270, "texture": "#2"}
			}
		},
		{
			"from": [9.358, 1.768, 3.894],
			"to": [10.718, 3.128, 5.254],
			"rotation": {"angle": -22.5, "axis": "y", "origin": [10.01954, 3.20734, 4.5347]},
			"faces": {
				"north": {"uv": [0.032, 6.032, 1.94, 7.94], "texture": "#2"},
				"east": {"uv": [0.032, 6.032, 1.94, 7.94], "texture": "#2"},
				"south": {"uv": [0.032, 6.032, 1.94, 7.94], "texture": "#2"},
				"west": {"uv": [0.032, 6.032, 1.94, 7.94], "texture": "#2"},
				"up": {"uv": [0.032, 6.032, 1.94, 7.94], "texture": "#2"},
				"down": {"uv": [0.032, 6.032, 1.94, 7.94], "texture": "#2"}
			}
		},
		{
			"from": [8.74242, 2.431, 4.5103],
			"to": [10.78242, 3.791, 4.5103],
			"rotation": {"angle": 0, "axis": "y", "origin": [10.01954, 3.20734, 4.5347]},
			"faces": {
				"north": {"uv": [6.032, 7.968, 8.968, 6.032], "rotation": 180, "texture": "#2"},
				"east": {"uv": [6.032, 0.032, 8.968, 1.968], "rotation": 270, "texture": "#2"},
				"south": {"uv": [6.032, 6.032, 8.968, 7.968], "texture": "#2"},
				"west": {"uv": [6.032, 0.032, 8.968, 1.968], "rotation": 90, "texture": "#2"},
				"up": {"uv": [6.032, 0.032, 8.968, 1.968], "rotation": 180, "texture": "#2"},
				"down": {"uv": [6.032, 0.032, 8.968, 1.968], "texture": "#2"}
			}
		},
		{
			"from": [11.738, 2.04, 3.69],
			"to": [13.778, 4.08, 5.73],
			"rotation": {"angle": 22.5, "axis": "z", "origin": [13.268, 3.145, 4.71]},
			"faces": {
				"north": {"uv": [0, 6.032, 2.908, 8.94], "texture": "#2"},
				"east": {"uv": [0, 6.032, 2.908, 8.94], "texture": "#2"},
				"south": {"uv": [0, 6.032, 2.908, 8.94], "texture": "#2"},
				"west": {"uv": [0, 6.032, 2.908, 8.94], "texture": "#2"},
				"up": {"uv": [0, 6.032, 2.908, 8.94], "texture": "#2"},
				"down": {"uv": [0, 6.032, 2.908, 8.94], "texture": "#2"}
			}
		},
		{
			"from": [13.66441, 1.95592, 4.77011],
			"to": [15.02441, 3.99592, 4.77011],
			"rotation": {"angle": 22.5, "axis": "z", "origin": [14.34441, 3.65592, 4.77011]},
			"faces": {
				"north": {"uv": [8.968, 7.968, 6.032, 6.032], "rotation": 90, "texture": "#2"},
				"east": {"uv": [6.032, 0.032, 8.968, 1.968], "rotation": 270, "texture": "#2"},
				"south": {"uv": [8.968, 6.032, 6.032, 7.968], "rotation": 90, "texture": "#2"},
				"west": {"uv": [6.032, 0.032, 8.968, 1.968], "rotation": 90, "texture": "#2"},
				"up": {"uv": [6.032, 0.032, 8.968, 1.968], "rotation": 180, "texture": "#2"},
				"down": {"uv": [6.032, 0.032, 8.968, 1.968], "texture": "#2"}
			}
		}
	],
	"display": {
		"thirdperson_righthand": {
			"rotation": [70, 0, 0],
			"translation": [-6, 4.25, 6.25]
		},
		"firstperson_righthand": {
			"translation": [-8.25, 4.25, 0]
		},
		"ground": {
			"translation": [0, 4, 0]
		},
		"gui": {
			"rotation": [24, 24, 0],
			"translation": [0, 4, 0]
		},
		"fixed": {
			"rotation": [-90, 0, 0],
			"translation": [0, 0, -15],
			"scale": [2, 2, 2]
		}
	},
	"groups": [
		{
			"name": "bowl",
			"origin": [8, 8, 8],
			"color": 0,
			"children": [
				0,
				1,
				2,
				3,
				4,
				{
					"name": "berry",
					"origin": [0, 0, 0],
					"color": 0,
					"children": [
						{
							"name": "strawberrysmall",
							"origin": [7.1, 8.125, 7.75],
							"color": 0,
							"children": [5, 6, 7]
						},
						{
							"name": "strawberrysmall",
							"origin": [7.1, 8.125, 7.75],
							"color": 0,
							"children": [8, 9, 10]
						},
						{
							"name": "strawberrysmall",
							"origin": [7.1, 8.125, 7.75],
							"color": 0,
							"children": [11, 12, 13]
						},
						{
							"name": "strawberrysmall",
							"origin": [7.1, 8.125, 7.75],
							"color": 0,
							"children": [14, 15, 16]
						},
						{
							"name": "strawberrysmall",
							"origin": [7.1, 8.125, 7.75],
							"color": 0,
							"children": [17, 18, 19]
						},
						{
							"name": "strawberrysmall",
							"origin": [7.1, 8.125, 7.75],
							"color": 0,
							"children": [20, 21, 22]
						},
						{
							"name": "strawberry",
							"origin": [0, 0, 0],
							"color": 0,
							"children": [23, 24, 25, 26]
						}
					]
				}
			]
		},
		{
			"name": "bowl",
			"origin": [8, 8, 8],
			"color": 0,
			"children": [
				27,
				28,
				29,
				30,
				31,
				{
					"name": "berry",
					"origin": [0, 0, 0],
					"color": 0,
					"children": [
						{
							"name": "strawberrysmall",
							"origin": [7.1, 8.125, 7.75],
							"color": 0,
							"children": [32, 33]
						},
						{
							"name": "strawberrysmall",
							"origin": [7.1, 8.125, 7.75],
							"color": 0,
							"children": [34, 35]
						},
						{
							"name": "strawberrysmall",
							"origin": [7.1, 8.125, 7.75],
							"color": 0,
							"children": [36, 37]
						},
						{
							"name": "strawberrysmall",
							"origin": [7.1, 8.125, 7.75],
							"color": 0,
							"children": [38, 39]
						},
						{
							"name": "strawberrysmall",
							"origin": [7.1, 8.125, 7.75],
							"color": 0,
							"children": [40, 41]
						},
						{
							"name": "strawberrysmall",
							"origin": [7.1, 8.125, 7.75],
							"color": 0,
							"children": [42, 43]
						},
						{
							"name": "strawberrysmall",
							"origin": [7.1, 8.125, 7.75],
							"color": 0,
							"children": [44, 45]
						},
						{
							"name": "strawberry",
							"origin": [0, 0, 0],
							"color": 0,
							"children": [46, 47]
						}
					]
				}
			]
		}
	]
}