{
	"credit": "Made with Blockbench",
	"textures": {
		"1": "block/dress_pink",
		"2": "block/hanger1",
		"3": "block/white_wool_teatowel",
		"4": "block/light_gray_wool_trousers",
		"particle": "block/dress_pink"
	},
	"elements": [
		{
			"from": [12.99, 25, 7],
			"to": [14.01, 28, 9],
			"rotation": {"angle": 0, "axis": "y", "origin": [22, 35, 15]},
			"faces": {
				"north": {"uv": [14, 1, 15, 4], "texture": "#2"},
				"east": {"uv": [13, 1, 15, 4], "texture": "#2"},
				"south": {"uv": [13, 1, 14, 4], "texture": "#2"},
				"west": {"uv": [13, 1, 15, 4], "texture": "#2"},
				"up": {"uv": [13, 0, 15, 1], "rotation": 270, "texture": "#2"},
				"down": {"uv": [13, 3, 15, 4], "texture": "#2"}
			}
		},
		{
			"from": [7.99, 25, 7],
			"to": [9.01, 28, 9],
			"rotation": {"angle": 0, "axis": "y", "origin": [17, 35, 15]},
			"faces": {
				"north": {"uv": [14, 1, 15, 4], "texture": "#2"},
				"east": {"uv": [13, 1, 15, 4], "texture": "#2"},
				"south": {"uv": [13, 1, 14, 4], "texture": "#2"},
				"west": {"uv": [13, 1, 15, 4], "texture": "#2"},
				"up": {"uv": [13, 0, 15, 1], "rotation": 270, "texture": "#2"},
				"down": {"uv": [13, 3, 15, 4], "texture": "#2"}
			}
		},
		{
			"from": [2.99, 25, 7],
			"to": [4.01, 28, 9],
			"rotation": {"angle": 0, "axis": "y", "origin": [12, 35, 15]},
			"faces": {
				"north": {"uv": [14, 1, 15, 4], "texture": "#2"},
				"east": {"uv": [13, 1, 15, 4], "texture": "#2"},
				"south": {"uv": [13, 1, 14, 4], "texture": "#2"},
				"west": {"uv": [13, 1, 15, 4], "texture": "#2"},
				"up": {"uv": [13, 0, 15, 1], "rotation": 270, "texture": "#2"},
				"down": {"uv": [13, 3, 15, 4], "texture": "#2"}
			}
		},
		{
			"from": [13, 25, 9],
			"to": [14, 27, 16],
			"rotation": {"angle": 22.5, "axis": "x", "origin": [14, 27, 9]},
			"faces": {
				"north": {"uv": [12, 0, 13, 2], "texture": "#2"},
				"east": {"uv": [6, 0, 13, 2], "texture": "#2"},
				"south": {"uv": [6, 0, 7, 2], "texture": "#2"},
				"west": {"uv": [6, 0, 13, 2], "texture": "#2"},
				"up": {"uv": [6, 0, 13, 1], "rotation": 90, "texture": "#2"},
				"down": {"uv": [6, 1, 13, 2], "rotation": 90, "texture": "#2"}
			}
		},
		{
			"from": [8, 25, 9],
			"to": [9, 27, 16],
			"rotation": {"angle": 22.5, "axis": "x", "origin": [9, 27, 9]},
			"faces": {
				"north": {"uv": [12, 0, 13, 2], "texture": "#2"},
				"east": {"uv": [6, 0, 13, 2], "texture": "#2"},
				"south": {"uv": [6, 0, 7, 2], "texture": "#2"},
				"west": {"uv": [6, 0, 13, 2], "texture": "#2"},
				"up": {"uv": [6, 0, 13, 1], "rotation": 90, "texture": "#2"},
				"down": {"uv": [6, 1, 13, 2], "rotation": 90, "texture": "#2"}
			}
		},
		{
			"from": [3, 25, 9],
			"to": [4, 27, 16],
			"rotation": {"angle": 22.5, "axis": "x", "origin": [4, 27, 9]},
			"faces": {
				"north": {"uv": [12, 0, 13, 2], "texture": "#2"},
				"east": {"uv": [6, 0, 13, 2], "texture": "#2"},
				"south": {"uv": [6, 0, 7, 2], "texture": "#2"},
				"west": {"uv": [6, 0, 13, 2], "texture": "#2"},
				"up": {"uv": [6, 0, 13, 1], "rotation": 90, "texture": "#2"},
				"down": {"uv": [6, 1, 13, 2], "rotation": 90, "texture": "#2"}
			}
		},
		{
			"from": [13, 25, 0],
			"to": [14, 27, 7],
			"rotation": {"angle": -22.5, "axis": "x", "origin": [14, 27, 7]},
			"faces": {
				"north": {"uv": [12, 2, 13, 4], "texture": "#2"},
				"east": {"uv": [6, 2, 13, 4], "texture": "#2"},
				"south": {"uv": [6, 2, 7, 4], "texture": "#2"},
				"west": {"uv": [6, 2, 13, 4], "texture": "#2"},
				"up": {"uv": [6, 2, 13, 3], "rotation": 90, "texture": "#2"},
				"down": {"uv": [6, 3, 13, 4], "rotation": 90, "texture": "#2"}
			}
		},
		{
			"from": [8, 25, 0],
			"to": [9, 27, 7],
			"rotation": {"angle": -22.5, "axis": "x", "origin": [9, 27, 7]},
			"faces": {
				"north": {"uv": [12, 2, 13, 4], "texture": "#2"},
				"east": {"uv": [6, 2, 13, 4], "texture": "#2"},
				"south": {"uv": [6, 2, 7, 4], "texture": "#2"},
				"west": {"uv": [6, 2, 13, 4], "texture": "#2"},
				"up": {"uv": [6, 2, 13, 3], "rotation": 90, "texture": "#2"},
				"down": {"uv": [6, 3, 13, 4], "rotation": 90, "texture": "#2"}
			}
		},
		{
			"from": [3, 25, 0],
			"to": [4, 27, 7],
			"rotation": {"angle": -22.5, "axis": "x", "origin": [4, 27, 7]},
			"faces": {
				"north": {"uv": [12, 2, 13, 4], "texture": "#2"},
				"east": {"uv": [6, 2, 13, 4], "texture": "#2"},
				"south": {"uv": [6, 2, 7, 4], "texture": "#2"},
				"west": {"uv": [6, 2, 13, 4], "texture": "#2"},
				"up": {"uv": [6, 2, 13, 3], "rotation": 90, "texture": "#2"},
				"down": {"uv": [6, 3, 13, 4], "rotation": 90, "texture": "#2"}
			}
		},
		{
			"from": [0, 30, 7.5],
			"to": [16, 31, 8.5],
			"rotation": {"angle": 0, "axis": "y", "origin": [8, 38, 15]},
			"faces": {
				"north": {"uv": [0, 15, 16, 16], "texture": "#2"},
				"east": {"uv": [0, 14, 1, 15], "texture": "#2"},
				"south": {"uv": [0, 15, 16, 16], "texture": "#2"},
				"west": {"uv": [15, 14, 16, 15], "texture": "#2"},
				"up": {"uv": [0, 14, 16, 15], "texture": "#2"},
				"down": {"uv": [0, 15, 16, 16], "texture": "#2"}
			}
		},
		{
			"from": [13.5, 28, 6.5],
			"to": [13.5, 32, 9.5],
			"faces": {
				"north": {"uv": [0, 0, 0, 3], "texture": "#missing"},
				"east": {"uv": [0, 0, 3, 4], "texture": "#2"},
				"south": {"uv": [0, 0, 0, 3], "texture": "#missing"},
				"west": {"uv": [3, 0, 6, 4], "texture": "#2"},
				"up": {"uv": [0, 0, 0, 3], "texture": "#missing"},
				"down": {"uv": [0, 0, 0, 3], "texture": "#missing"}
			}
		},
		{
			"from": [8.5, 28, 6.5],
			"to": [8.5, 32, 9.5],
			"rotation": {"angle": 0, "axis": "y", "origin": [-5, 0, 0]},
			"faces": {
				"north": {"uv": [0, 0, 0, 3], "texture": "#missing"},
				"east": {"uv": [0, 0, 3, 4], "texture": "#2"},
				"south": {"uv": [0, 0, 0, 3], "texture": "#missing"},
				"west": {"uv": [3, 0, 6, 4], "texture": "#2"},
				"up": {"uv": [0, 0, 0, 3], "texture": "#missing"},
				"down": {"uv": [0, 0, 0, 3], "texture": "#missing"}
			}
		},
		{
			"from": [3.5, 28, 6.5],
			"to": [3.5, 32, 9.5],
			"rotation": {"angle": 0, "axis": "y", "origin": [-10, 0, 0]},
			"faces": {
				"north": {"uv": [0, 0, 0, 3], "texture": "#missing"},
				"east": {"uv": [0, 0, 3, 4], "texture": "#2"},
				"south": {"uv": [0, 0, 0, 3], "texture": "#missing"},
				"west": {"uv": [3, 0, 6, 4], "texture": "#2"},
				"up": {"uv": [0, 0, 0, 3], "texture": "#missing"},
				"down": {"uv": [0, 0, 0, 3], "texture": "#missing"}
			}
		},
		{
			"from": [8.5, 10, 3],
			"to": [8.5, 24, 13],
			"faces": {
				"north": {"uv": [0, 0, 0, 14], "texture": "#missing"},
				"east": {"uv": [0, 0, 10, 14], "texture": "#1"},
				"south": {"uv": [0, 0, 0, 14], "texture": "#missing"},
				"west": {"uv": [0, 0, 10, 14], "texture": "#1"},
				"up": {"uv": [0, 0, 0, 10], "texture": "#missing"},
				"down": {"uv": [0, 0, 0, 10], "texture": "#missing"}
			}
		},
		{
			"from": [8.5, 5, 3],
			"to": [8.5, 10, 13],
			"faces": {
				"north": {"uv": [0, 0, 0, 5], "texture": "#missing"},
				"east": {"uv": [11, 0, 16, 10], "rotation": 270, "texture": "#1"},
				"south": {"uv": [0, 0, 0, 5], "texture": "#missing"},
				"west": {"uv": [11, 0, 16, 10], "rotation": 270, "texture": "#1"},
				"up": {"uv": [0, 0, 0, 10], "texture": "#missing"},
				"down": {"uv": [0, 0, 0, 10], "texture": "#missing"}
			}
		},
		{
			"from": [7.5, 23, 2.5],
			"to": [9.5, 26, 3.5],
			"faces": {
				"north": {"uv": [0, 4, 2, 7], "texture": "#2"},
				"east": {"uv": [2, 4, 3, 7], "texture": "#2"},
				"south": {"uv": [0, 4, 2, 7], "rotation": 180, "texture": "#2"},
				"west": {"uv": [3, 4, 4, 7], "texture": "#2"},
				"up": {"uv": [2, 4, 4, 5], "rotation": 180, "texture": "#2"},
				"down": {"uv": [2, 6, 4, 7], "rotation": 180, "texture": "#2"}
			}
		},
		{
			"from": [7.5, 23, 12.5],
			"to": [9.5, 26, 13.5],
			"faces": {
				"north": {"uv": [0, 4, 2, 7], "texture": "#2"},
				"east": {"uv": [2, 4, 3, 7], "texture": "#2"},
				"south": {"uv": [0, 4, 2, 7], "rotation": 180, "texture": "#2"},
				"west": {"uv": [3, 4, 4, 7], "texture": "#2"},
				"up": {"uv": [2, 4, 4, 5], "rotation": 180, "texture": "#2"},
				"down": {"uv": [2, 6, 4, 7], "rotation": 180, "texture": "#2"}
			}
		},
		{
			"from": [13, 9, 3],
			"to": [14, 23, 13],
			"faces": {
				"east": {"uv": [5, 1, 16, 15], "texture": "#3"},
				"west": {"uv": [5, 1, 16, 15], "texture": "#3"},
				"up": {"uv": [5, 1, 16, 2], "rotation": 90, "texture": "#3"}
			}
		},
		{
			"from": [2.99, 7.01, 5],
			"to": [4.01, 23.01, 11],
			"faces": {
				"north": {"uv": [0, 0, 1, 16], "texture": "#4"},
				"east": {"uv": [5, 1, 16, 15], "texture": "#4"},
				"south": {"uv": [5, 0, 6, 16], "texture": "#4"},
				"west": {"uv": [0, 0, 6, 16], "texture": "#4"},
				"up": {"uv": [0, 0, 6, 1], "rotation": 90, "texture": "#4"}
			}
		},
		{
			"from": [3, 22, 3],
			"to": [4, 23, 13],
			"faces": {
				"north": {"uv": [6, 3, 7, 4], "texture": "#2"},
				"east": {"uv": [6, 2, 16, 3], "texture": "#2"},
				"south": {"uv": [15, 3, 16, 4], "texture": "#2"},
				"west": {"uv": [6, 2, 16, 3], "texture": "#2"},
				"up": {"uv": [6, 3, 16, 4], "rotation": 90, "texture": "#2"},
				"down": {"uv": [6, 3, 16, 4], "texture": "#2"}
			}
		}
	],
	"display": {
		"thirdperson_righthand": {
			"rotation": [90, 0, 0],
			"translation": [0, -1.5, -11.75],
			"scale": [0.5, 0.5, 0.5]
		},
		"thirdperson_lefthand": {
			"rotation": [90, 0, 0],
			"translation": [0, -1.5, -11.75],
			"scale": [0.5, 0.5, 0.5]
		},
		"firstperson_righthand": {
			"translation": [0, -8, 0],
			"scale": [0.5, 0.5, 0.5]
		},
		"firstperson_lefthand": {
			"translation": [0, -8, 0],
			"scale": [0.5, 0.5, 0.5]
		},
		"ground": {
			"scale": [0.5, 0.5, 0.5]
		},
		"gui": {
			"rotation": [30, 45, 0],
			"translation": [0, -5, 0],
			"scale": [0.5, 0.5, 0.5]
		},
		"fixed": {
			"rotation": [90, 0, 0],
			"translation": [0, 0, -46],
			"scale": [2, 2, 2]
		}
	}
}