{
	"credit": "Made with Blockbench",
	"textures": {
		"0": "block/hankerchief",
		"1": "block/stripped_spruce_log_a",
		"2": "block/oak_planks_a",
		"4": "block/blue_wool_skirt",
		"5": "block/hanger1",
		"6": "block/white_wool_shirt",
		"particle": "block/hankerchief"
	},
	"elements": [
		{
			"name": "stand1",
			"from": [-16, 0, 7],
			"to": [-14, 16, 9],
			"rotation": {"angle": 0, "axis": "y", "origin": [-8, 8, 13]},
			"faces": {
				"north": {"uv": [14, 0, 16, 16], "texture": "#1"},
				"east": {"uv": [14, 0, 16, 16], "texture": "#1"},
				"south": {"uv": [14, 0, 16, 16], "texture": "#1"},
				"west": {"uv": [14, 0, 16, 16], "texture": "#1"},
				"up": {"uv": [14, 0, 16, 2], "texture": "#1"},
				"down": {"uv": [14, 14, 16, 16], "texture": "#1"}
			}
		},
		{
			"name": "stand2",
			"from": [-16, 16, 7],
			"to": [-14, 32, 9],
			"rotation": {"angle": 0, "axis": "y", "origin": [-8, 24, 13]},
			"faces": {
				"north": {"uv": [14, 0, 16, 16], "texture": "#1"},
				"east": {"uv": [14, 0, 16, 16], "texture": "#1"},
				"south": {"uv": [14, 0, 16, 16], "texture": "#1"},
				"west": {"uv": [14, 0, 16, 16], "texture": "#1"},
				"up": {"uv": [14, 0, 16, 2], "texture": "#1"},
				"down": {"uv": [14, 14, 16, 16], "texture": "#1"}
			}
		},
		{
			"name": "stand2",
			"from": [30, 0, 7],
			"to": [32, 16, 9],
			"rotation": {"angle": 0, "axis": "y", "origin": [38, 8, 13]},
			"faces": {
				"north": {"uv": [0, 0, 2, 16], "texture": "#1"},
				"east": {"uv": [0, 0, 2, 16], "texture": "#1"},
				"south": {"uv": [0, 0, 2, 16], "texture": "#1"},
				"west": {"uv": [0, 0, 2, 16], "texture": "#1"},
				"up": {"uv": [0, 0, 2, 2], "texture": "#1"},
				"down": {"uv": [0, 14, 2, 16], "texture": "#1"}
			}
		},
		{
			"name": "stand3",
			"from": [30, 16, 7],
			"to": [32, 32, 9],
			"rotation": {"angle": 0, "axis": "y", "origin": [38, 24, 13]},
			"faces": {
				"north": {"uv": [0, 0, 2, 16], "texture": "#1"},
				"east": {"uv": [0, 0, 2, 16], "texture": "#1"},
				"south": {"uv": [0, 0, 2, 16], "texture": "#1"},
				"west": {"uv": [0, 0, 2, 16], "texture": "#1"},
				"up": {"uv": [0, 0, 2, 2], "texture": "#1"},
				"down": {"uv": [0, 14, 2, 16], "texture": "#1"}
			}
		},
		{
			"name": "string1",
			"from": [16, 30, 8],
			"to": [30, 31, 8],
			"rotation": {"angle": 0, "axis": "y", "origin": [-4, 38, 15]},
			"faces": {
				"north": {"uv": [0, 1, 1, 15], "rotation": 90, "texture": "#2"},
				"south": {"uv": [0, 0, 1, 14], "rotation": 90, "texture": "#2"}
			}
		},
		{
			"name": "string2",
			"from": [0, 30, 8],
			"to": [16, 31, 8],
			"rotation": {"angle": 0, "axis": "y", "origin": [-4, 38, 15]},
			"faces": {
				"north": {"uv": [5, 0, 6, 16], "rotation": 90, "texture": "#2"},
				"south": {"uv": [5, 0, 6, 16], "rotation": 270, "texture": "#2"}
			}
		},
		{
			"name": "string3",
			"from": [-14, 30, 8],
			"to": [0, 31, 8],
			"rotation": {"angle": 0, "axis": "y", "origin": [-6, 38, 15]},
			"faces": {
				"north": {"uv": [15, 0, 16, 14], "rotation": 270, "texture": "#2"},
				"south": {"uv": [15, 0, 16, 14], "rotation": 90, "texture": "#2"}
			}
		},
		{
			"name": "clothes2",
			"from": [1, 18, 8],
			"to": [14, 30, 8],
			"rotation": {"angle": 0, "axis": "y", "origin": [9, 24, 15]},
			"faces": {
				"north": {"uv": [0, 0, 13, 12], "texture": "#4"},
				"east": {"uv": [0, 0, 13, 12], "texture": "#4"},
				"south": {"uv": [0, 0, 13, 12], "texture": "#4"},
				"west": {"uv": [0, 0, 13, 12], "texture": "#4"},
				"up": {"uv": [0, 0, 13, 12], "texture": "#4"},
				"down": {"uv": [0, 0, 13, 12], "texture": "#4"}
			}
		},
		{
			"name": "clothes3",
			"from": [2, 17, 8],
			"to": [13, 18, 8],
			"rotation": {"angle": 0, "axis": "y", "origin": [9, 24, 15]},
			"faces": {
				"north": {"uv": [1, 11, 12, 12], "texture": "#4"},
				"east": {"uv": [0, 0, 13, 12], "texture": "#4"},
				"south": {"uv": [1, 11, 12, 12], "texture": "#4"},
				"west": {"uv": [0, 0, 13, 12], "texture": "#4"},
				"up": {"uv": [0, 0, 13, 12], "texture": "#4"},
				"down": {"uv": [0, 0, 13, 12], "texture": "#4"}
			}
		},
		{
			"name": "clothes3",
			"from": [17, 20, 8],
			"to": [27, 30, 8],
			"rotation": {"angle": 0, "axis": "y", "origin": [27, 25, 15]},
			"faces": {
				"north": {"uv": [3, 3, 13, 13], "texture": "#0"},
				"east": {"uv": [3, 3, 13, 13], "texture": "#0"},
				"south": {"uv": [3, 3, 13, 13], "texture": "#0"},
				"west": {"uv": [3, 3, 13, 13], "texture": "#0"},
				"up": {"uv": [3, 3, 13, 13], "texture": "#0"},
				"down": {"uv": [3, 3, 13, 13], "texture": "#0"}
			}
		},
		{
			"name": "sock1",
			"from": [-5, 23, 8],
			"to": [-2, 30, 8],
			"rotation": {"angle": 0, "axis": "y", "origin": [-2, 25, 15]},
			"faces": {
				"north": {"uv": [13, 9, 16, 16], "texture": "#6"},
				"east": {"uv": [13, 9, 16, 16], "texture": "#6"},
				"south": {"uv": [13, 9, 16, 16], "texture": "#6"},
				"west": {"uv": [13, 9, 16, 16], "texture": "#6"},
				"up": {"uv": [13, 9, 16, 16], "texture": "#6"},
				"down": {"uv": [13, 9, 16, 16], "texture": "#6"}
			}
		},
		{
			"name": "sock2",
			"from": [-11, 23, 8],
			"to": [-8, 30, 8],
			"rotation": {"angle": 0, "axis": "y", "origin": [-1, 25, 15]},
			"faces": {
				"north": {"uv": [13, 9, 16, 16], "texture": "#6"},
				"east": {"uv": [13, 9, 16, 16], "texture": "#6"},
				"south": {"uv": [13, 9, 16, 16], "texture": "#6"},
				"west": {"uv": [13, 9, 16, 16], "texture": "#6"},
				"up": {"uv": [13, 9, 16, 16], "texture": "#6"},
				"down": {"uv": [13, 9, 16, 16], "texture": "#6"}
			}
		},
		{
			"name": "sleeve1",
			"from": [-5.4, 21.1, 8.01],
			"to": [-2.4, 25.1, 8.01],
			"rotation": {"angle": 22.5, "axis": "z", "origin": [0, 25, 15]},
			"faces": {
				"north": {"uv": [10, 12, 13, 16], "texture": "#6"},
				"east": {"uv": [10, 12, 13, 16], "texture": "#6"},
				"south": {"uv": [10, 12, 13, 16], "texture": "#6"},
				"west": {"uv": [10, 12, 13, 16], "texture": "#6"},
				"up": {"uv": [10, 12, 13, 16], "texture": "#6"},
				"down": {"uv": [10, 12, 13, 16], "texture": "#6"}
			}
		},
		{
			"name": "sleeve2",
			"from": [-11.4, 21.1, 8.01],
			"to": [-8.4, 25.1, 8.01],
			"rotation": {"angle": 22.5, "axis": "z", "origin": [-6, 25, 15]},
			"faces": {
				"north": {"uv": [10, 12, 13, 16], "texture": "#6"},
				"east": {"uv": [10, 12, 13, 16], "texture": "#6"},
				"south": {"uv": [10, 12, 13, 16], "texture": "#6"},
				"west": {"uv": [10, 12, 13, 16], "texture": "#6"},
				"up": {"uv": [10, 12, 13, 16], "texture": "#6"},
				"down": {"uv": [10, 12, 13, 16], "texture": "#6"}
			}
		},
		{
			"name": "clothespin6",
			"from": [-10, 29, 7.5],
			"to": [-9, 32, 8.5],
			"rotation": {"angle": 0, "axis": "y", "origin": [-2, 39, 15]},
			"faces": {
				"north": {"uv": [4, 4, 5, 7], "texture": "#5"},
				"east": {"uv": [5, 4, 6, 7], "texture": "#5"},
				"south": {"uv": [4, 4, 5, 7], "texture": "#5"},
				"west": {"uv": [5, 4, 6, 7], "texture": "#5"},
				"up": {"uv": [4, 4, 5, 5], "texture": "#5"},
				"down": {"uv": [5, 5, 6, 6], "texture": "#5"}
			}
		},
		{
			"name": "clothespin7",
			"from": [-4, 29, 7.5],
			"to": [-3, 32, 8.5],
			"rotation": {"angle": 0, "axis": "y", "origin": [-2, 39, 15]},
			"faces": {
				"north": {"uv": [4, 4, 5, 7], "texture": "#5"},
				"east": {"uv": [5, 4, 6, 7], "texture": "#5"},
				"south": {"uv": [4, 4, 5, 7], "texture": "#5"},
				"west": {"uv": [5, 4, 6, 7], "texture": "#5"},
				"up": {"uv": [4, 4, 5, 5], "texture": "#5"},
				"down": {"uv": [5, 5, 6, 6], "texture": "#5"}
			}
		},
		{
			"name": "clothespin8",
			"from": [2, 29, 7.5],
			"to": [3, 32, 8.5],
			"rotation": {"angle": 0, "axis": "y", "origin": [-2, 39, 15]},
			"faces": {
				"north": {"uv": [4, 4, 5, 7], "texture": "#5"},
				"east": {"uv": [5, 4, 6, 7], "texture": "#5"},
				"south": {"uv": [4, 4, 5, 7], "texture": "#5"},
				"west": {"uv": [5, 4, 6, 7], "texture": "#5"},
				"up": {"uv": [4, 4, 5, 5], "texture": "#5"},
				"down": {"uv": [5, 5, 6, 6], "texture": "#5"}
			}
		},
		{
			"name": "clothespin9",
			"from": [12, 29, 7.5],
			"to": [13, 32, 8.5],
			"rotation": {"angle": 0, "axis": "y", "origin": [-2, 39, 15]},
			"faces": {
				"north": {"uv": [4, 4, 5, 7], "texture": "#5"},
				"east": {"uv": [5, 4, 6, 7], "texture": "#5"},
				"south": {"uv": [4, 4, 5, 7], "texture": "#5"},
				"west": {"uv": [5, 4, 6, 7], "texture": "#5"},
				"up": {"uv": [4, 4, 5, 5], "texture": "#5"},
				"down": {"uv": [5, 5, 6, 6], "texture": "#5"}
			}
		},
		{
			"name": "clothespin10",
			"from": [18, 29, 7.5],
			"to": [19, 32, 8.5],
			"rotation": {"angle": 0, "axis": "y", "origin": [-2, 39, 15]},
			"faces": {
				"north": {"uv": [4, 4, 5, 7], "texture": "#5"},
				"east": {"uv": [5, 4, 6, 7], "texture": "#5"},
				"south": {"uv": [4, 4, 5, 7], "texture": "#5"},
				"west": {"uv": [5, 4, 6, 7], "texture": "#5"},
				"up": {"uv": [4, 4, 5, 5], "texture": "#5"},
				"down": {"uv": [5, 5, 6, 6], "texture": "#5"}
			}
		},
		{
			"name": "clothespin11",
			"from": [25, 29, 7.5],
			"to": [26, 32, 8.5],
			"rotation": {"angle": 0, "axis": "y", "origin": [-2, 39, 15]},
			"faces": {
				"north": {"uv": [4, 4, 5, 7], "texture": "#5"},
				"east": {"uv": [5, 4, 6, 7], "texture": "#5"},
				"south": {"uv": [4, 4, 5, 7], "texture": "#5"},
				"west": {"uv": [5, 4, 6, 7], "texture": "#5"},
				"up": {"uv": [4, 4, 5, 5], "texture": "#5"},
				"down": {"uv": [5, 5, 6, 6], "texture": "#5"}
			}
		}
	],
	"display": {
		"thirdperson_righthand": {
			"scale": [0.2, 0.2, 0.2]
		},
		"thirdperson_lefthand": {
			"scale": [0.2, 0.2, 0.2]
		},
		"firstperson_righthand": {
			"scale": [0.2, 0.2, 0.2]
		},
		"firstperson_lefthand": {
			"scale": [0.2, 0.2, 0.2]
		},
		"ground": {
			"translation": [0, -3.25, 0],
			"scale": [0.2, 0.2, 0.2]
		},
		"gui": {
			"rotation": [30, 45, 0],
			"translation": [0, -2, 0],
			"scale": [0.3, 0.3, 0.3]
		},
		"fixed": {
			"rotation": [-90, 0, 0],
			"translation": [0, 0, -14],
			"scale": [2, 2, 2]
		}
	}
}