{
	"credit": "Made with Blockbench",
	"texture_size": [32, 32],
	"textures": {
		"0": "block/plants/leaves texture 1",
		"1": "block/plants/pot texture",
		"2": "block/cabinets/basket texture",
		"3": "block/cabinets/book texture",
		"4": "block/acacia_planks",
		"5": "block/stripped_acacia_log",
		"particle": "block/plants/leaves texture 1"
	},
	"elements": [
		{
			"name": "top",
			"from": [-0.001, 14, 2.999],
			"to": [16.001, 16.001, 16.001],
			"rotation": {"angle": 0, "axis": "y", "origin": [-0.001, 0, -1.501]},
			"faces": {
				"north": {"uv": [0, 0, 16, 2], "texture": "#5"},
				"east": {"uv": [0, 0, 13, 2], "texture": "#5"},
				"south": {"uv": [0, 0, 16, 2], "texture": "#5"},
				"west": {"uv": [3, 0, 16, 2], "texture": "#5"},
				"up": {"uv": [0, 0, 16, 13], "texture": "#5"},
				"down": {"uv": [0, 0, 16, 13], "texture": "#5"}
			}
		},
		{
			"name": "middle shelf",
			"from": [0.5, 8, 4],
			"to": [15.5, 9, 16.001],
			"rotation": {"angle": 0, "axis": "y", "origin": [-0.5, 0, 0]},
			"faces": {
				"north": {"uv": [1, 8, 15, 9], "texture": "#5"},
				"east": {"uv": [0, 0, 8, 1], "texture": "#5"},
				"south": {"uv": [1, 8, 15, 9], "texture": "#5"},
				"west": {"uv": [0, 0, 8, 1], "texture": "#5"},
				"up": {"uv": [1, 0, 15, 8], "texture": "#5"},
				"down": {"uv": [1, 0, 15, 8], "texture": "#5"}
			}
		},
		{
			"name": "r side",
			"from": [-0.0005, -0.001, 3.999],
			"to": [1.0005, 14.019, 16.002],
			"rotation": {"angle": 0, "axis": "y", "origin": [-0.0005, 0, -2.001]},
			"faces": {
				"north": {"uv": [15, 2, 16, 16], "texture": "#5"},
				"east": {"uv": [0, 2, 12, 16], "texture": "#5"},
				"south": {"uv": [0, 0, 1, 14], "texture": "#5"},
				"west": {"uv": [4, 2, 16, 16], "texture": "#5"},
				"up": {"uv": [0, 0, 1, 12], "texture": "#5"},
				"down": {"uv": [0, 0, 1, 12], "texture": "#5"}
			}
		},
		{
			"name": "l side",
			"from": [14.9995, -0.001, 3.999],
			"to": [16.0005, 14.019, 16.002],
			"rotation": {"angle": 0, "axis": "y", "origin": [-0.0005, 0, -2.001]},
			"faces": {
				"north": {"uv": [0, 2, 1, 16], "texture": "#5"},
				"east": {"uv": [0, 2, 12, 16], "texture": "#5"},
				"south": {"uv": [0, 0, 1, 14], "texture": "#5"},
				"west": {"uv": [4, 2, 16, 16], "texture": "#5"},
				"up": {"uv": [0, 0, 1, 12], "texture": "#5"},
				"down": {"uv": [0, 0, 1, 12], "texture": "#5"}
			}
		},
		{
			"name": "bottom shelf",
			"from": [1, -0.001, 4],
			"to": [15, 3.999, 16.001],
			"faces": {
				"north": {"uv": [1, 12, 15, 16], "texture": "#5"},
				"east": {"uv": [0, 0, 8, 1], "texture": "#5"},
				"south": {"uv": [1, 12, 15, 16], "texture": "#5"},
				"west": {"uv": [0, 0, 8, 1], "texture": "#5"},
				"up": {"uv": [1, 8, 15, 16], "texture": "#5"},
				"down": {"uv": [1, 0, 15, 8], "texture": "#5"}
			}
		},
		{
			"name": "drawer",
			"from": [1, 0.5, 3.5],
			"to": [5, 3.5, 4],
			"faces": {
				"north": {"uv": [0, 0, 4, 3], "texture": "#4"},
				"east": {"uv": [0, 0, 0.5, 3], "texture": "#4"},
				"south": {"uv": [0, 0, 4, 3], "texture": "#5"},
				"west": {"uv": [0, 0, 0.5, 3], "texture": "#4"},
				"up": {"uv": [0, 0, 4, 0.5], "texture": "#4"},
				"down": {"uv": [0, 0, 4, 0.5], "texture": "#4"}
			}
		},
		{
			"name": "drawer",
			"from": [11, 0.5, 3.5],
			"to": [15, 3.5, 4],
			"faces": {
				"north": {"uv": [0, 0, 4, 3], "texture": "#4"},
				"east": {"uv": [0, 0, 0.5, 3], "texture": "#4"},
				"south": {"uv": [0, 0, 4, 3], "texture": "#5"},
				"west": {"uv": [0, 0, 0.5, 3], "texture": "#4"},
				"up": {"uv": [0, 0, 4, 0.5], "texture": "#4"},
				"down": {"uv": [0, 0, 4, 0.5], "texture": "#4"}
			}
		},
		{
			"name": "drawer",
			"from": [6, 0.5, 3.5],
			"to": [10, 3.5, 4],
			"faces": {
				"north": {"uv": [0, 0, 4, 3], "texture": "#4"},
				"east": {"uv": [0, 0, 0.5, 3], "texture": "#4"},
				"south": {"uv": [0, 0, 4, 3], "texture": "#5"},
				"west": {"uv": [0, 0, 0.5, 3], "texture": "#4"},
				"up": {"uv": [0, 0, 4, 0.5], "texture": "#4"},
				"down": {"uv": [0, 0, 4, 0.5], "texture": "#4"}
			}
		},
		{
			"name": "knob",
			"from": [7.5, 1.5, 3],
			"to": [8.5, 2.5, 4],
			"faces": {
				"north": {"uv": [3, 3, 4, 4], "texture": "#4"},
				"east": {"uv": [3, 3, 4, 4], "texture": "#4"},
				"south": {"uv": [3, 3, 4, 4], "texture": "#5"},
				"west": {"uv": [3, 3, 4, 4], "texture": "#4"},
				"up": {"uv": [3, 3, 4, 4], "texture": "#4"},
				"down": {"uv": [3, 3, 4, 4], "texture": "#4"}
			}
		},
		{
			"name": "knob",
			"from": [2.5, 1.5, 3],
			"to": [3.5, 2.5, 4],
			"faces": {
				"north": {"uv": [3, 3, 4, 4], "texture": "#4"},
				"east": {"uv": [3, 3, 4, 4], "texture": "#4"},
				"south": {"uv": [3, 3, 4, 4], "texture": "#5"},
				"west": {"uv": [3, 3, 4, 4], "texture": "#4"},
				"up": {"uv": [3, 3, 4, 4], "texture": "#4"},
				"down": {"uv": [3, 3, 4, 4], "texture": "#4"}
			}
		},
		{
			"name": "knob",
			"from": [12.5, 1.5, 3],
			"to": [13.5, 2.5, 4],
			"faces": {
				"north": {"uv": [3, 3, 4, 4], "texture": "#4"},
				"east": {"uv": [3, 3, 4, 4], "texture": "#4"},
				"south": {"uv": [3, 3, 4, 4], "texture": "#5"},
				"west": {"uv": [3, 3, 4, 4], "texture": "#4"},
				"up": {"uv": [3, 3, 4, 4], "texture": "#4"},
				"down": {"uv": [3, 3, 4, 4], "texture": "#4"}
			}
		},
		{
			"name": "book",
			"from": [5.5, 9, 6.5],
			"to": [6.5, 14, 10.5],
			"faces": {
				"north": {"uv": [6, 10, 6.5, 12.5], "texture": "#3"},
				"east": {"uv": [0, 0, 2, 2.5], "texture": "#3"},
				"south": {"uv": [6.5, 10, 7, 12.5], "texture": "#3"},
				"west": {"uv": [2, 0, 4, 2.5], "texture": "#3"},
				"up": {"uv": [2.5, 14.5, 2, 12.5], "texture": "#3"},
				"down": {"uv": [3, 12.5, 2.5, 14.5], "texture": "#3"}
			}
		},
		{
			"name": "book",
			"from": [2.5, 9, 6.75],
			"to": [3.5, 13.5, 10.75],
			"faces": {
				"north": {"uv": [11.5, 7.5, 12, 9.75], "texture": "#3"},
				"east": {"uv": [4, 7.5, 6, 9.75], "texture": "#3"},
				"south": {"uv": [11.5, 10, 12, 12.25], "texture": "#3"},
				"west": {"uv": [6, 7.5, 8, 9.75], "texture": "#3"},
				"up": {"uv": [13, 4.5, 12.5, 2.5], "texture": "#3"},
				"down": {"uv": [3.5, 12.5, 3, 14.5], "texture": "#3"}
			}
		},
		{
			"name": "book",
			"from": [3.5, 9, 7],
			"to": [4.5, 13.75, 11],
			"faces": {
				"north": {"uv": [9.5, 10, 10, 12.375], "texture": "#3"},
				"east": {"uv": [4, 5, 6, 7.375], "texture": "#3"},
				"south": {"uv": [10, 10, 10.5, 12.375], "texture": "#3"},
				"west": {"uv": [6, 0, 8, 2.375], "texture": "#3"},
				"up": {"uv": [4, 14.5, 3.5, 12.5], "texture": "#3"},
				"down": {"uv": [4.5, 12.5, 4, 14.5], "texture": "#3"}
			}
		},
		{
			"name": "book",
			"from": [4.5, 9, 6.75],
			"to": [5.5, 13.5, 10.75],
			"faces": {
				"north": {"uv": [12, 0, 12.5, 2.25], "texture": "#3"},
				"east": {"uv": [8, 0, 10, 2.25], "texture": "#3"},
				"south": {"uv": [12, 2.5, 12.5, 4.75], "texture": "#3"},
				"west": {"uv": [8, 2.5, 10, 4.75], "texture": "#3"},
				"up": {"uv": [5, 14.5, 4.5, 12.5], "texture": "#3"},
				"down": {"uv": [13, 4.5, 12.5, 6.5], "texture": "#3"}
			}
		},
		{
			"name": "book",
			"from": [5.5, 9, 6.5],
			"to": [6.5, 14, 10.5],
			"faces": {
				"north": {"uv": [7, 10, 7.5, 12.5], "texture": "#3"},
				"east": {"uv": [0, 2.5, 2, 5], "texture": "#3"},
				"south": {"uv": [7.5, 10, 8, 12.5], "texture": "#3"},
				"west": {"uv": [2, 2.5, 4, 5], "texture": "#3"},
				"up": {"uv": [5.5, 14.5, 5, 12.5], "texture": "#3"},
				"down": {"uv": [6, 12.5, 5.5, 14.5], "texture": "#3"}
			}
		},
		{
			"name": "book",
			"from": [6.5, 9, 7],
			"to": [7.5, 13.75, 11],
			"faces": {
				"north": {"uv": [10.5, 7.5, 11, 9.875], "texture": "#3"},
				"east": {"uv": [6, 2.5, 8, 4.875], "texture": "#3"},
				"south": {"uv": [10.5, 10, 11, 12.375], "texture": "#3"},
				"west": {"uv": [6, 5, 8, 7.375], "texture": "#3"},
				"up": {"uv": [6.5, 14.5, 6, 12.5], "texture": "#3"},
				"down": {"uv": [7, 12.5, 6.5, 14.5], "texture": "#3"}
			}
		},
		{
			"name": "book",
			"from": [7.5, 9, 6.5],
			"to": [8.5, 14, 10.5],
			"faces": {
				"north": {"uv": [10, 7.5, 10.5, 10], "texture": "#3"},
				"east": {"uv": [4, 0, 6, 2.5], "texture": "#3"},
				"south": {"uv": [8, 10, 8.5, 12.5], "texture": "#3"},
				"west": {"uv": [4, 2.5, 6, 5], "texture": "#3"},
				"up": {"uv": [13, 8.5, 12.5, 6.5], "texture": "#3"},
				"down": {"uv": [7.5, 12.5, 7, 14.5], "texture": "#3"}
			}
		},
		{
			"name": "book",
			"from": [8.5, 9, 6.75],
			"to": [9.5, 13.5, 10.75],
			"faces": {
				"north": {"uv": [12, 5, 12.5, 7.25], "texture": "#3"},
				"east": {"uv": [8, 5, 10, 7.25], "texture": "#3"},
				"south": {"uv": [12, 7.5, 12.5, 9.75], "texture": "#3"},
				"west": {"uv": [8, 7.5, 10, 9.75], "texture": "#3"},
				"up": {"uv": [8, 14.5, 7.5, 12.5], "texture": "#3"},
				"down": {"uv": [8.5, 12.5, 8, 14.5], "texture": "#3"}
			}
		},
		{
			"name": "book",
			"from": [9.5, 9, 7],
			"to": [10.5, 13.75, 11],
			"faces": {
				"north": {"uv": [11, 7.5, 11.5, 9.875], "texture": "#3"},
				"east": {"uv": [0, 7.5, 2, 9.875], "texture": "#3"},
				"south": {"uv": [11, 10, 11.5, 12.375], "texture": "#3"},
				"west": {"uv": [2, 7.5, 4, 9.875], "texture": "#3"},
				"up": {"uv": [9, 14.5, 8.5, 12.5], "texture": "#3"},
				"down": {"uv": [13, 8.5, 12.5, 10.5], "texture": "#3"}
			}
		},
		{
			"name": "book",
			"from": [10.5, 9, 6.75],
			"to": [11.5, 13.5, 10.75],
			"faces": {
				"north": {"uv": [12, 10, 12.5, 12.25], "texture": "#3"},
				"east": {"uv": [0, 10, 2, 12.25], "texture": "#3"},
				"south": {"uv": [0, 12.5, 0.5, 14.75], "texture": "#3"},
				"west": {"uv": [10, 0, 12, 2.25], "texture": "#3"},
				"up": {"uv": [9.5, 14.5, 9, 12.5], "texture": "#3"},
				"down": {"uv": [10, 12.5, 9.5, 14.5], "texture": "#3"}
			}
		},
		{
			"name": "book",
			"from": [11.5, 9, 6.5],
			"to": [12.5, 14, 10.5],
			"faces": {
				"north": {"uv": [8.5, 10, 9, 12.5], "texture": "#3"},
				"east": {"uv": [0, 5, 2, 7.5], "texture": "#3"},
				"south": {"uv": [9, 10, 9.5, 12.5], "texture": "#3"},
				"west": {"uv": [2, 5, 4, 7.5], "texture": "#3"},
				"up": {"uv": [10.5, 14.5, 10, 12.5], "texture": "#3"},
				"down": {"uv": [11, 12.5, 10.5, 14.5], "texture": "#3"}
			}
		},
		{
			"name": "book",
			"from": [12.5, 9, 6.75],
			"to": [13.5, 13.5, 10.75],
			"faces": {
				"north": {"uv": [12.5, 0, 13, 2.25], "texture": "#3"},
				"east": {"uv": [2, 10, 4, 12.25], "texture": "#3"},
				"south": {"uv": [0.5, 12.5, 1, 14.75], "texture": "#3"},
				"west": {"uv": [10, 2.5, 12, 4.75], "texture": "#3"},
				"up": {"uv": [13, 12.5, 12.5, 10.5], "texture": "#3"},
				"down": {"uv": [11.5, 12.5, 11, 14.5], "texture": "#3"}
			}
		},
		{
			"name": "book",
			"from": [13.5, 9, 6.5],
			"to": [14.5, 13.25, 10.5],
			"faces": {
				"north": {"uv": [1, 12.5, 1.5, 14.625], "texture": "#3"},
				"east": {"uv": [4, 10, 6, 12.125], "texture": "#3"},
				"south": {"uv": [1.5, 12.5, 2, 14.625], "texture": "#3"},
				"west": {"uv": [10, 5, 12, 7.125], "texture": "#3"},
				"up": {"uv": [12, 14.5, 11.5, 12.5], "texture": "#3"},
				"down": {"uv": [12.5, 12.5, 12, 14.5], "texture": "#3"}
			}
		},
		{
			"name": "basket",
			"from": [2.5, 4, 5.25],
			"to": [7.5, 5, 12.25],
			"faces": {
				"north": {"uv": [7.5, 8, 10, 8.5], "texture": "#2"},
				"east": {"uv": [7, 7, 10.5, 7.5], "texture": "#2"},
				"south": {"uv": [7.5, 8, 10, 8.5], "texture": "#2"},
				"west": {"uv": [7, 7, 10.5, 7.5], "texture": "#2"},
				"up": {"uv": [5, 3.5, 2.5, 0], "texture": "#2"},
				"down": {"uv": [5, 0, 2.5, 3.5], "texture": "#2"}
			}
		},
		{
			"name": "basket",
			"from": [12.5, 5, 5.25],
			"to": [13.5, 7, 12.25],
			"faces": {
				"north": {"uv": [10, 1, 10.5, 2], "texture": "#2"},
				"east": {"uv": [5, 1, 8.5, 2], "texture": "#2"},
				"south": {"uv": [3, 8.5, 3.5, 9.5], "texture": "#2"},
				"west": {"uv": [5, 1, 8.5, 2], "texture": "#2"},
				"up": {"uv": [10.5, 7.5, 7, 7], "rotation": 90, "texture": "#2"},
				"down": {"uv": [7, 7.5, 10.5, 7], "rotation": 90, "texture": "#2"}
			}
		},
		{
			"name": "basket",
			"from": [8.5, 5, 5.25],
			"to": [9.5, 7, 12.25],
			"faces": {
				"north": {"uv": [3, 8.5, 3.5, 9.5], "texture": "#2"},
				"east": {"uv": [5, 1, 8.5, 2], "texture": "#2"},
				"south": {"uv": [3, 8.5, 3.5, 9.5], "texture": "#2"},
				"west": {"uv": [5, 1, 8.5, 2], "texture": "#2"},
				"up": {"uv": [10.5, 7.5, 7, 7], "rotation": 90, "texture": "#2"},
				"down": {"uv": [7, 7.5, 10.5, 7], "rotation": 90, "texture": "#2"}
			}
		},
		{
			"name": "basket",
			"from": [9.5, 5, 5.25],
			"to": [12.5, 6, 6.25],
			"faces": {
				"north": {"uv": [8.5, 5, 10, 5.5], "texture": "#2"},
				"east": {"uv": [9.5, 10, 10, 10.5], "texture": "#2"},
				"south": {"uv": [8.5, 5.5, 10, 6], "texture": "#2"},
				"west": {"uv": [10, 10, 10.5, 10.5], "texture": "#2"},
				"up": {"uv": [10, 6.5, 8.5, 6], "texture": "#2"},
				"down": {"uv": [10, 6.5, 8.5, 7], "texture": "#2"}
			}
		},
		{
			"name": "basket",
			"from": [9.5, 6.5, 11.25],
			"to": [12.5, 7, 12.25],
			"faces": {
				"north": {"uv": [10, 4, 11.5, 4.25], "texture": "#2"},
				"east": {"uv": [10, 1.75, 10.5, 2], "texture": "#2"},
				"south": {"uv": [10, 4, 11.5, 4.25], "texture": "#2"},
				"west": {"uv": [10, 1.75, 10.5, 2], "texture": "#2"},
				"up": {"uv": [10, 2, 8.5, 1.5], "texture": "#2"},
				"down": {"uv": [10, 1.5, 8.5, 2], "texture": "#2"}
			}
		},
		{
			"name": "basket",
			"from": [9.5, 5, 11.25],
			"to": [12.5, 6, 12.25],
			"faces": {
				"north": {"uv": [6.75, 1.5, 8.25, 2], "texture": "#2"},
				"east": {"uv": [3, 8.5, 3.5, 9], "texture": "#2"},
				"south": {"uv": [6.5, 1.25, 8, 2], "texture": "#2"},
				"west": {"uv": [3, 8.5, 3.5, 9], "texture": "#2"},
				"up": {"uv": [8, 2, 6.5, 1.5], "texture": "#2"},
				"down": {"uv": [8, 1.5, 6.5, 2], "texture": "#2"}
			}
		},
		{
			"name": "basket",
			"from": [9.5, 6.5, 5.25],
			"to": [12.5, 7, 6.25],
			"faces": {
				"north": {"uv": [10, 4, 11.5, 4.25], "texture": "#2"},
				"east": {"uv": [10, 1.75, 10.5, 2], "texture": "#2"},
				"south": {"uv": [10, 4, 11.5, 4.25], "texture": "#2"},
				"west": {"uv": [10, 1.75, 10.5, 2], "texture": "#2"},
				"up": {"uv": [10, 2, 8.5, 1.5], "texture": "#2"},
				"down": {"uv": [10, 1.5, 8.5, 2], "texture": "#2"}
			}
		},
		{
			"name": "basket",
			"from": [8.5, 4, 5.25],
			"to": [13.5, 5, 12.25],
			"faces": {
				"north": {"uv": [7.5, 8, 10, 8.5], "texture": "#2"},
				"east": {"uv": [7, 7, 10.5, 7.5], "texture": "#2"},
				"south": {"uv": [7.5, 8, 10, 8.5], "texture": "#2"},
				"west": {"uv": [7, 7, 10.5, 7.5], "texture": "#2"},
				"up": {"uv": [5, 3.5, 2.5, 0], "texture": "#2"},
				"down": {"uv": [5, 0, 2.5, 3.5], "texture": "#2"}
			}
		},
		{
			"name": "basket",
			"from": [3.5, 6.5, 5.25],
			"to": [6.5, 7, 6.25],
			"faces": {
				"north": {"uv": [10, 4, 11.5, 4.25], "texture": "#2"},
				"east": {"uv": [10, 1.75, 10.5, 2], "texture": "#2"},
				"south": {"uv": [10, 4, 11.5, 4.25], "texture": "#2"},
				"west": {"uv": [10, 1.75, 10.5, 2], "texture": "#2"},
				"up": {"uv": [10, 2, 8.5, 1.5], "texture": "#2"},
				"down": {"uv": [10, 1.5, 8.5, 2], "texture": "#2"}
			}
		},
		{
			"name": "basket",
			"from": [3.5, 5, 11.25],
			"to": [6.5, 6, 12.25],
			"faces": {
				"north": {"uv": [6.75, 1.5, 8.25, 2], "texture": "#2"},
				"east": {"uv": [3, 8.5, 3.5, 9], "texture": "#2"},
				"south": {"uv": [6.5, 1.25, 8, 2], "texture": "#2"},
				"west": {"uv": [3, 8.5, 3.5, 9], "texture": "#2"},
				"up": {"uv": [8, 2, 6.5, 1.5], "texture": "#2"},
				"down": {"uv": [8, 1.5, 6.5, 2], "texture": "#2"}
			}
		},
		{
			"name": "basket",
			"from": [3.5, 6.5, 11.25],
			"to": [6.5, 7, 12.25],
			"faces": {
				"north": {"uv": [10, 4, 11.5, 4.25], "texture": "#2"},
				"east": {"uv": [10, 1.75, 10.5, 2], "texture": "#2"},
				"south": {"uv": [10, 4, 11.5, 4.25], "texture": "#2"},
				"west": {"uv": [10, 1.75, 10.5, 2], "texture": "#2"},
				"up": {"uv": [10, 2, 8.5, 1.5], "texture": "#2"},
				"down": {"uv": [10, 1.5, 8.5, 2], "texture": "#2"}
			}
		},
		{
			"name": "basket",
			"from": [3.5, 5, 5.25],
			"to": [6.5, 6, 6.25],
			"faces": {
				"north": {"uv": [8.5, 5, 10, 5.5], "texture": "#2"},
				"east": {"uv": [9.5, 10, 10, 10.5], "texture": "#2"},
				"south": {"uv": [8.5, 5.5, 10, 6], "texture": "#2"},
				"west": {"uv": [10, 10, 10.5, 10.5], "texture": "#2"},
				"up": {"uv": [10, 6.5, 8.5, 6], "texture": "#2"},
				"down": {"uv": [10, 6.5, 8.5, 7], "texture": "#2"}
			}
		},
		{
			"name": "basket",
			"from": [2.5, 5, 5.25],
			"to": [3.5, 7, 12.25],
			"faces": {
				"north": {"uv": [3, 8.5, 3.5, 9.5], "texture": "#2"},
				"east": {"uv": [5, 1, 8.5, 2], "texture": "#2"},
				"south": {"uv": [3, 8.5, 3.5, 9.5], "texture": "#2"},
				"west": {"uv": [5, 1, 8.5, 2], "texture": "#2"},
				"up": {"uv": [10.5, 7.5, 7, 7], "rotation": 90, "texture": "#2"},
				"down": {"uv": [7, 7.5, 10.5, 7], "rotation": 90, "texture": "#2"}
			}
		},
		{
			"name": "basket",
			"from": [6.5, 5, 5.25],
			"to": [7.5, 7, 12.25],
			"faces": {
				"north": {"uv": [10, 1, 10.5, 2], "texture": "#2"},
				"east": {"uv": [5, 1, 8.5, 2], "texture": "#2"},
				"south": {"uv": [3, 8.5, 3.5, 9.5], "texture": "#2"},
				"west": {"uv": [5, 1, 8.5, 2], "texture": "#2"},
				"up": {"uv": [10.5, 7.5, 7, 7], "rotation": 90, "texture": "#2"},
				"down": {"uv": [7, 7.5, 10.5, 7], "rotation": 90, "texture": "#2"}
			}
		},
		{
			"name": "pot",
			"from": [2, 9, 4.25],
			"to": [5, 11, 7.25],
			"faces": {
				"north": {"uv": [6, 0, 12, 4], "texture": "#1"},
				"east": {"uv": [6, 4, 12, 8], "texture": "#1"},
				"south": {"uv": [6, 8, 12, 12], "texture": "#1"},
				"west": {"uv": [0, 12, 6, 16], "texture": "#1"},
				"up": {"uv": [6, 6, 0, 0], "texture": "#1"},
				"down": {"uv": [6, 6, 0, 12], "texture": "#1"}
			}
		},
		{
			"name": "leaf",
			"from": [3.75, 6.75, 3.75],
			"to": [4.5, 7.5, 3.75],
			"rotation": {"angle": 22.5, "axis": "z", "origin": [4, 7, 4]},
			"faces": {
				"north": {"uv": [0, 0, 1, 1], "texture": "#0"},
				"east": {"uv": [0, 0, 0, 1], "texture": "#0"},
				"south": {"uv": [0, 1, 1, 2], "texture": "#0"},
				"west": {"uv": [0, 0, 0, 1], "texture": "#0"},
				"up": {"uv": [1, 0, 0, 0], "texture": "#0"},
				"down": {"uv": [1, 0, 0, 0], "texture": "#0"}
			}
		},
		{
			"name": "leaf",
			"from": [3.75, 10, 3.85],
			"to": [4.5, 10.75, 3.85],
			"rotation": {"angle": 22.5, "axis": "z", "origin": [3.75, 11.5, 4]},
			"faces": {
				"north": {"uv": [1, 0, 2, 1], "texture": "#0"},
				"east": {"uv": [0, 0, 0, 1], "texture": "#0"},
				"south": {"uv": [1, 1, 2, 2], "texture": "#0"},
				"west": {"uv": [0, 0, 0, 1], "texture": "#0"},
				"up": {"uv": [1, 0, 0, 0], "texture": "#0"},
				"down": {"uv": [1, 0, 0, 0], "texture": "#0"}
			}
		},
		{
			"name": "leaf",
			"from": [3.75, 10.75, 4.25],
			"to": [4.5, 11.5, 4.25],
			"rotation": {"angle": 45, "axis": "z", "origin": [3.75, 11.5, 4]},
			"faces": {
				"north": {"uv": [0, 2, 1, 3], "texture": "#0"},
				"east": {"uv": [0, 0, 0, 1], "texture": "#0"},
				"south": {"uv": [2, 0, 3, 1], "texture": "#0"},
				"west": {"uv": [0, 0, 0, 1], "texture": "#0"},
				"up": {"uv": [1, 0, 0, 0], "texture": "#0"},
				"down": {"uv": [1, 0, 0, 0], "texture": "#0"}
			}
		},
		{
			"name": "leaf",
			"from": [3.5, 10, 3.6],
			"to": [4.25, 10.75, 3.6],
			"rotation": {"angle": 0, "axis": "x", "origin": [4, 9, 4.25]},
			"faces": {
				"north": {"uv": [1, 2, 2, 3], "texture": "#0"},
				"east": {"uv": [0, 0, 0, 1], "texture": "#0"},
				"south": {"uv": [2, 1, 3, 2], "texture": "#0"},
				"west": {"uv": [0, 0, 0, 1], "texture": "#0"},
				"up": {"uv": [1, 0, 0, 0], "texture": "#0"},
				"down": {"uv": [1, 0, 0, 0], "texture": "#0"}
			}
		},
		{
			"name": "leaf",
			"from": [3.75, 8.25, 3.55],
			"to": [4.5, 9, 3.55],
			"rotation": {"angle": 0, "axis": "y", "origin": [4, 9, 4.25]},
			"faces": {
				"north": {"uv": [2, 2, 3, 3], "texture": "#0"},
				"east": {"uv": [0, 0, 0, 1], "texture": "#0"},
				"south": {"uv": [0, 3, 1, 4], "texture": "#0"},
				"west": {"uv": [0, 0, 0, 1], "texture": "#0"},
				"up": {"uv": [1, 0, 0, 0], "texture": "#0"},
				"down": {"uv": [1, 0, 0, 0], "texture": "#0"}
			}
		},
		{
			"name": "leaf",
			"from": [3.25, 8.75, 3.75],
			"to": [4, 9.5, 3.75],
			"rotation": {"angle": -22.5, "axis": "z", "origin": [4, 9, 4.25]},
			"faces": {
				"north": {"uv": [3, 0, 4, 1], "texture": "#0"},
				"east": {"uv": [0, 0, 0, 1], "texture": "#0"},
				"south": {"uv": [1, 3, 2, 4], "texture": "#0"},
				"west": {"uv": [0, 0, 0, 1], "texture": "#0"},
				"up": {"uv": [1, 0, 0, 0], "texture": "#0"},
				"down": {"uv": [1, 0, 0, 0], "texture": "#0"}
			}
		},
		{
			"name": "leaf",
			"from": [3.25, 7.75, 3.35],
			"to": [4, 8.5, 3.35],
			"rotation": {"angle": 22.5, "axis": "x", "origin": [4, 7, 4]},
			"faces": {
				"north": {"uv": [3, 1, 4, 2], "texture": "#0"},
				"east": {"uv": [0, 0, 0, 1], "texture": "#0"},
				"south": {"uv": [2, 3, 3, 4], "texture": "#0"},
				"west": {"uv": [0, 0, 0, 1], "texture": "#0"},
				"up": {"uv": [1, 0, 0, 0], "texture": "#0"},
				"down": {"uv": [1, 0, 0, 0], "texture": "#0"}
			}
		},
		{
			"name": "leaf",
			"from": [4, 9.25, 4],
			"to": [4.75, 10, 4],
			"rotation": {"angle": 22.5, "axis": "x", "origin": [3.75, 9.5, 3.75]},
			"faces": {
				"north": {"uv": [3, 2, 4, 3], "texture": "#0"},
				"east": {"uv": [0, 0, 0, 1], "texture": "#0"},
				"south": {"uv": [3, 3, 4, 4], "texture": "#0"},
				"west": {"uv": [0, 0, 0, 1], "texture": "#0"},
				"up": {"uv": [1, 0, 0, 0], "texture": "#0"},
				"down": {"uv": [1, 0, 0, 0], "texture": "#0"}
			}
		},
		{
			"name": "leaf",
			"from": [3.75, 8, 3.6],
			"to": [4.5, 8.75, 3.6],
			"rotation": {"angle": 22.5, "axis": "z", "origin": [3.75, 9.5, 3.75]},
			"faces": {
				"north": {"uv": [0, 4, 1, 5], "texture": "#0"},
				"east": {"uv": [0, 0, 0, 1], "texture": "#0"},
				"south": {"uv": [4, 0, 5, 1], "texture": "#0"},
				"west": {"uv": [0, 0, 0, 1], "texture": "#0"},
				"up": {"uv": [1, 0, 0, 0], "texture": "#0"},
				"down": {"uv": [1, 0, 0, 0], "texture": "#0"}
			}
		},
		{
			"name": "leaf",
			"from": [3.5, 11.5, 4.6],
			"to": [4.25, 11.5, 5.35],
			"rotation": {"angle": -22.5, "axis": "x", "origin": [4, 11.75, 5]},
			"faces": {
				"north": {"uv": [0, 0, 1, 0], "texture": "#0"},
				"east": {"uv": [0, 0, 1, 0], "texture": "#0"},
				"south": {"uv": [0, 0, 1, 0], "texture": "#0"},
				"west": {"uv": [0, 0, 1, 0], "texture": "#0"},
				"up": {"uv": [2, 5, 1, 4], "texture": "#0"},
				"down": {"uv": [5, 1, 4, 2], "texture": "#0"}
			}
		},
		{
			"name": "leaf",
			"from": [3.25, 11.5, 3.6],
			"to": [4, 11.5, 4.35],
			"rotation": {"angle": -22.5, "axis": "x", "origin": [4, 11.75, 5]},
			"faces": {
				"north": {"uv": [0, 0, 1, 0], "texture": "#0"},
				"east": {"uv": [0, 0, 1, 0], "texture": "#0"},
				"south": {"uv": [0, 0, 1, 0], "texture": "#0"},
				"west": {"uv": [0, 0, 1, 0], "texture": "#0"},
				"up": {"uv": [3, 5, 2, 4], "texture": "#0"},
				"down": {"uv": [5, 2, 4, 3], "texture": "#0"}
			}
		},
		{
			"name": "leaf",
			"from": [4.25, 11.5, 5.6],
			"to": [5, 11.5, 6.35],
			"rotation": {"angle": -22.5, "axis": "z", "origin": [4.25, 11.75, 5]},
			"faces": {
				"north": {"uv": [0, 0, 1, 0], "texture": "#0"},
				"east": {"uv": [0, 0, 1, 0], "texture": "#0"},
				"south": {"uv": [0, 0, 1, 0], "texture": "#0"},
				"west": {"uv": [0, 0, 1, 0], "texture": "#0"},
				"up": {"uv": [4, 5, 3, 4], "texture": "#0"},
				"down": {"uv": [5, 3, 4, 4], "texture": "#0"}
			}
		},
		{
			"name": "leaf",
			"from": [4, 11.5, 4.6],
			"to": [4.75, 11.5, 5.35],
			"rotation": {"angle": -22.5, "axis": "z", "origin": [4.25, 11.75, 5]},
			"faces": {
				"north": {"uv": [0, 0, 1, 0], "texture": "#0"},
				"east": {"uv": [0, 0, 1, 0], "texture": "#0"},
				"south": {"uv": [0, 0, 1, 0], "texture": "#0"},
				"west": {"uv": [0, 0, 1, 0], "texture": "#0"},
				"up": {"uv": [5, 5, 4, 4], "texture": "#0"},
				"down": {"uv": [1, 5, 0, 6], "texture": "#0"}
			}
		},
		{
			"name": "leaf",
			"from": [3.25, 10.25, 3.85],
			"to": [4, 11, 3.85],
			"rotation": {"angle": 0, "axis": "z", "origin": [4, 9.5, 3.75]},
			"faces": {
				"north": {"uv": [5, 0, 6, 1], "texture": "#0"},
				"east": {"uv": [0, 0, 0, 1], "texture": "#0"},
				"south": {"uv": [1, 5, 2, 6], "texture": "#0"},
				"west": {"uv": [0, 0, 0, 1], "texture": "#0"},
				"up": {"uv": [1, 0, 0, 0], "texture": "#0"},
				"down": {"uv": [1, 0, 0, 0], "texture": "#0"}
			}
		},
		{
			"name": "leaf",
			"from": [3, 9, 4],
			"to": [3.75, 9.75, 4],
			"rotation": {"angle": -22.5, "axis": "z", "origin": [4, 9.5, 3.75]},
			"faces": {
				"north": {"uv": [5, 1, 6, 2], "texture": "#0"},
				"east": {"uv": [0, 0, 0, 1], "texture": "#0"},
				"south": {"uv": [2, 5, 3, 6], "texture": "#0"},
				"west": {"uv": [0, 0, 0, 1], "texture": "#0"},
				"up": {"uv": [1, 0, 0, 0], "texture": "#0"},
				"down": {"uv": [1, 0, 0, 0], "texture": "#0"}
			}
		},
		{
			"name": "leaf",
			"from": [4.25, 5.5, 3.85],
			"to": [5, 6.25, 3.85],
			"rotation": {"angle": -22.5, "axis": "z", "origin": [4.25, 7, 4]},
			"faces": {
				"north": {"uv": [5, 2, 6, 3], "texture": "#0"},
				"east": {"uv": [0, 0, 0, 1], "texture": "#0"},
				"south": {"uv": [3, 5, 4, 6], "texture": "#0"},
				"west": {"uv": [0, 0, 0, 1], "texture": "#0"},
				"up": {"uv": [1, 0, 0, 0], "texture": "#0"},
				"down": {"uv": [1, 0, 0, 0], "texture": "#0"}
			}
		},
		{
			"name": "leaf",
			"from": [4.25, 8.5, 3.75],
			"to": [5, 9.25, 3.75],
			"rotation": {"angle": -45, "axis": "z", "origin": [4.25, 9, 4.25]},
			"faces": {
				"north": {"uv": [5, 3, 6, 4], "texture": "#0"},
				"east": {"uv": [0, 0, 0, 1], "texture": "#0"},
				"south": {"uv": [4, 5, 5, 6], "texture": "#0"},
				"west": {"uv": [0, 0, 0, 1], "texture": "#0"},
				"up": {"uv": [1, 0, 0, 0], "texture": "#0"},
				"down": {"uv": [1, 0, 0, 0], "texture": "#0"}
			}
		},
		{
			"name": "leaf",
			"from": [3.75, 9, 3.8],
			"to": [4.5, 9.75, 3.8],
			"rotation": {"angle": -22.5, "axis": "z", "origin": [4.25, 9, 4.25]},
			"faces": {
				"north": {"uv": [5, 4, 6, 5], "texture": "#0"},
				"east": {"uv": [0, 0, 0, 1], "texture": "#0"},
				"south": {"uv": [5, 5, 6, 6], "texture": "#0"},
				"west": {"uv": [0, 0, 0, 1], "texture": "#0"},
				"up": {"uv": [1, 0, 0, 0], "texture": "#0"},
				"down": {"uv": [1, 0, 0, 0], "texture": "#0"}
			}
		},
		{
			"name": "leaf",
			"from": [4, 7.25, 3.6],
			"to": [4.75, 8, 3.6],
			"rotation": {"angle": -22.5, "axis": "z", "origin": [4.25, 9, 4.25]},
			"faces": {
				"north": {"uv": [0, 6, 1, 7], "texture": "#0"},
				"east": {"uv": [0, 0, 0, 1], "texture": "#0"},
				"south": {"uv": [6, 0, 7, 1], "texture": "#0"},
				"west": {"uv": [0, 0, 0, 1], "texture": "#0"},
				"up": {"uv": [1, 0, 0, 0], "texture": "#0"},
				"down": {"uv": [1, 0, 0, 0], "texture": "#0"}
			}
		},
		{
			"name": "leaf",
			"from": [3.25, 10.5, 5.85],
			"to": [4, 11.25, 5.85],
			"rotation": {"angle": -22.5, "axis": "x", "origin": [4, 11.5, 4]},
			"faces": {
				"north": {"uv": [1, 6, 2, 7], "texture": "#0"},
				"east": {"uv": [0, 0, 0, 1], "texture": "#0"},
				"south": {"uv": [6, 1, 7, 2], "texture": "#0"},
				"west": {"uv": [0, 0, 0, 1], "texture": "#0"},
				"up": {"uv": [1, 0, 0, 0], "texture": "#0"},
				"down": {"uv": [1, 0, 0, 0], "texture": "#0"}
			}
		},
		{
			"name": "leaf",
			"from": [2.5, 10.25, 5.35],
			"to": [3.25, 11, 5.35],
			"rotation": {"angle": -22.5, "axis": "x", "origin": [4, 11.5, 4]},
			"faces": {
				"north": {"uv": [2, 6, 3, 7], "texture": "#0"},
				"east": {"uv": [0, 0, 0, 1], "texture": "#0"},
				"south": {"uv": [6, 2, 7, 3], "texture": "#0"},
				"west": {"uv": [0, 0, 0, 1], "texture": "#0"},
				"up": {"uv": [1, 0, 0, 0], "texture": "#0"},
				"down": {"uv": [1, 0, 0, 0], "texture": "#0"}
			}
		},
		{
			"name": "leaf",
			"from": [3.75, 6.5, 4],
			"to": [4.5, 7.25, 4],
			"rotation": {"angle": 0, "axis": "z", "origin": [4.25, 7, 4]},
			"faces": {
				"north": {"uv": [3, 6, 4, 7], "texture": "#0"},
				"east": {"uv": [0, 0, 0, 1], "texture": "#0"},
				"south": {"uv": [6, 3, 7, 4], "texture": "#0"},
				"west": {"uv": [0, 0, 0, 1], "texture": "#0"},
				"up": {"uv": [1, 0, 0, 0], "texture": "#0"},
				"down": {"uv": [1, 0, 0, 0], "texture": "#0"}
			}
		}
	],
	"display": {
		"thirdperson_righthand": {
			"rotation": [90, 0, 0],
			"translation": [0, 0, -0.25],
			"scale": [0.6, 0.6, 0.6]
		},
		"thirdperson_lefthand": {
			"rotation": [90, 0, 0],
			"translation": [0, 0, -0.25],
			"scale": [0.6, 0.6, 0.6]
		},
		"firstperson_righthand": {
			"scale": [0.6, 0.6, 0.6]
		},
		"firstperson_lefthand": {
			"rotation": [90, 0, 0],
			"translation": [0, 0, -0.25],
			"scale": [0.6, 0.6, 0.6]
		},
		"ground": {
			"scale": [0.6, 0.6, 0.6]
		},
		"gui": {
			"rotation": [15, 145, 0],
			"translation": [-0.5, -0.25, 0],
			"scale": [0.6, 0.6, 0.6]
		},
		"fixed": {
			"translation": [0, 0, 18],
			"scale": [2, 2, 2]
		}
	},
	"groups": [
		{
			"name": "third rendition",
			"origin": [8, 8, 8],
			"color": 0,
			"children": [0, 1, 2, 3, 4, 5, 6, 7, 8, 9, 10]
		},
		{
			"name": "inside stuff",
			"origin": [0, 0, 0],
			"color": 0,
			"children": [
				{
					"name": "books",
					"origin": [0, 0, 0],
					"color": 0,
					"children": [11, 12, 13, 14, 15, 16, 17, 18, 19, 20, 21, 22, 23]
				},
				{
					"name": "baskets",
					"origin": [0, 0, 0],
					"color": 0,
					"children": [24, 25, 26, 27, 28, 29, 30, 31, 32, 33, 34, 35, 36, 37]
				},
				{
					"name": "plant",
					"origin": [0, 0, 0],
					"color": 0,
					"children": [
						38,
						{
							"name": "leaves",
							"origin": [0, 0, 0],
							"color": 0,
							"children": [39, 40, 41, 42, 43, 44, 45, 46, 47, 48, 49, 50, 51, 52, 53, 54, 55, 56, 57, 58, 59, 60]
						}
					]
				}
			]
		}
	]
}