{
	"credit": "Made with Blockbench",
	"textures": {
		"0": "block/macaronplate1blue"
	},
	"elements": [
		{
			"name": "octagon",
			"from": [6.01404, 0, 3.07298],
			"to": [9.9846, 1, 12.67298],
			"rotation": {"angle": 45, "axis": "y", "origin": [8.1, 0, 7.9]},
			"faces": {
				"north": {"uv": [9.968, 14.968, 8.032, 13.032], "rotation": 90, "texture": "#0"},
				"east": {"uv": [9.968, 14.968, 8.032, 13.032], "rotation": 270, "texture": "#0"},
				"south": {"uv": [9.968, 14.968, 8.032, 13.032], "rotation": 270, "texture": "#0"},
				"west": {"uv": [9.968, 14.968, 8.032, 13.032], "rotation": 270, "texture": "#0"},
				"up": {"uv": [9.968, 14.968, 8.032, 13.032], "rotation": 270, "texture": "#0"},
				"down": {"uv": [9.968, 14.968, 8.032, 13.032], "rotation": 270, "texture": "#0"}
			}
		},
		{
			"name": "octagon",
			"from": [6.02944, 0, 3.15],
			"to": [10, 1, 12.75],
			"rotation": {"angle": 0, "axis": "z", "origin": [8.1, 0, 7.9]},
			"faces": {
				"north": {"uv": [9.968, 14.968, 8.032, 13.032], "rotation": 90, "texture": "#0"},
				"east": {"uv": [9.968, 14.968, 8.032, 13.032], "rotation": 270, "texture": "#0"},
				"south": {"uv": [9.968, 14.968, 8.032, 13.032], "rotation": 270, "texture": "#0"},
				"west": {"uv": [9.968, 14.968, 8.032, 13.032], "rotation": 270, "texture": "#0"},
				"up": {"uv": [9.968, 14.968, 8.032, 13.032], "rotation": 270, "texture": "#0"},
				"down": {"uv": [9.968, 14.968, 8.032, 13.032], "rotation": 270, "texture": "#0"}
			}
		},
		{
			"name": "octagon",
			"from": [3.20643, 0, 5.8948],
			"to": [12.80643, 1, 9.86536],
			"rotation": {"angle": 45, "axis": "y", "origin": [8.1, 0, 7.9]},
			"faces": {
				"north": {"uv": [9.968, 14.968, 8.032, 13.032], "rotation": 90, "texture": "#0"},
				"east": {"uv": [9.968, 14.968, 8.032, 13.032], "rotation": 270, "texture": "#0"},
				"south": {"uv": [9.968, 14.968, 8.032, 13.032], "rotation": 270, "texture": "#0"},
				"west": {"uv": [9.968, 14.968, 8.032, 13.032], "rotation": 270, "texture": "#0"},
				"up": {"uv": [9.968, 14.968, 8.032, 13.032], "rotation": 270, "texture": "#0"},
				"down": {"uv": [9.968, 14.968, 8.032, 13.032], "rotation": 270, "texture": "#0"}
			}
		},
		{
			"name": "octagon",
			"from": [3.22183, 0, 5.97183],
			"to": [12.82183, 1, 9.94239],
			"rotation": {"angle": 0, "axis": "z", "origin": [8.1, 0, 7.9]},
			"faces": {
				"north": {"uv": [9.968, 14.968, 8.032, 13.032], "rotation": 90, "texture": "#0"},
				"east": {"uv": [9.968, 14.968, 8.032, 13.032], "rotation": 270, "texture": "#0"},
				"south": {"uv": [9.968, 14.968, 8.032, 13.032], "rotation": 270, "texture": "#0"},
				"west": {"uv": [9.968, 14.968, 8.032, 13.032], "rotation": 270, "texture": "#0"},
				"up": {"uv": [9.968, 14.968, 8.032, 13.032], "rotation": 270, "texture": "#0"},
				"down": {"uv": [9.968, 14.968, 8.032, 13.032], "rotation": 270, "texture": "#0"}
			}
		},
		{
			"name": "bone",
			"from": [12.58909, 0.3, 5.4033],
			"to": [14.58909, 1.3, 10.6033],
			"rotation": {"angle": -45, "axis": "y", "origin": [8.1, 0, 7.9]},
			"faces": {
				"north": {"uv": [14.968, 14.968, 13.032, 13.032], "texture": "#0"},
				"east": {"uv": [14.968, 14.968, 13.032, 13.032], "texture": "#0"},
				"south": {"uv": [14.968, 14.968, 13.032, 13.032], "texture": "#0"},
				"west": {"uv": [14.968, 14.968, 13.032, 13.032], "texture": "#0"},
				"up": {"uv": [14.968, 14.968, 13.032, 13.032], "texture": "#0"},
				"down": {"uv": [14.968, 14.968, 13.032, 13.032], "texture": "#0"}
			}
		},
		{
			"name": "bone",
			"from": [1.68066, 0.3, 5.26812],
			"to": [3.68066, 1.3, 10.56812],
			"rotation": {"angle": -45, "axis": "y", "origin": [8.16974, 0, 7.76482]},
			"faces": {
				"north": {"uv": [14.968, 14.968, 13.032, 13.032], "texture": "#0"},
				"east": {"uv": [14.968, 14.968, 13.032, 13.032], "texture": "#0"},
				"south": {"uv": [14.968, 14.968, 13.032, 13.032], "texture": "#0"},
				"west": {"uv": [14.968, 14.968, 13.032, 13.032], "texture": "#0"},
				"up": {"uv": [14.968, 14.968, 13.032, 13.032], "texture": "#0"},
				"down": {"uv": [14.968, 14.968, 13.032, 13.032], "texture": "#0"}
			}
		},
		{
			"name": "bone",
			"from": [5.5, 0.3, 12.49239],
			"to": [10.7, 1.3, 14.49239],
			"rotation": {"angle": -45, "axis": "y", "origin": [8.1, 0, 7.9]},
			"faces": {
				"north": {"uv": [14.968, 14.968, 13.032, 13.032], "texture": "#0"},
				"east": {"uv": [14.968, 14.968, 13.032, 13.032], "texture": "#0"},
				"south": {"uv": [14.968, 14.968, 13.032, 13.032], "texture": "#0"},
				"west": {"uv": [14.968, 14.968, 13.032, 13.032], "texture": "#0"},
				"up": {"uv": [14.968, 14.968, 13.032, 13.032], "texture": "#0"},
				"down": {"uv": [14.968, 14.968, 13.032, 13.032], "texture": "#0"}
			}
		},
		{
			"name": "bone",
			"from": [5.3467, 0.3, 1.41092],
			"to": [10.5967, 1.3, 3.41092],
			"rotation": {"angle": 0, "axis": "y", "origin": [7.9967, 0, 7.79671]},
			"faces": {
				"north": {"uv": [14.968, 14.968, 13.032, 13.032], "texture": "#0"},
				"east": {"uv": [14.968, 14.968, 13.032, 13.032], "texture": "#0"},
				"south": {"uv": [14.968, 14.968, 13.032, 13.032], "texture": "#0"},
				"west": {"uv": [14.968, 14.968, 13.032, 13.032], "texture": "#0"},
				"up": {"uv": [14.968, 14.968, 13.032, 13.032], "texture": "#0"},
				"down": {"uv": [14.968, 14.968, 13.032, 13.032], "texture": "#0"}
			}
		},
		{
			"name": "bone",
			"from": [5.27696, 0.3, 12.4],
			"to": [10.77696, 1.3, 14.4],
			"rotation": {"angle": 0, "axis": "y", "origin": [8.1, 0, 7.9]},
			"faces": {
				"north": {"uv": [14.968, 14.968, 13.032, 13.032], "texture": "#0"},
				"east": {"uv": [14.968, 14.968, 13.032, 13.032], "texture": "#0"},
				"south": {"uv": [14.968, 14.968, 13.032, 13.032], "texture": "#0"},
				"west": {"uv": [14.968, 14.968, 13.032, 13.032], "texture": "#0"},
				"up": {"uv": [14.968, 14.968, 13.032, 13.032], "texture": "#0"},
				"down": {"uv": [14.968, 14.968, 13.032, 13.032], "texture": "#0"}
			}
		},
		{
			"name": "bone",
			"from": [5.27696, 0.3, 1.54609],
			"to": [10.76696, 1.3, 3.54609],
			"rotation": {"angle": -45, "axis": "y", "origin": [8.1, 0, 7.9]},
			"faces": {
				"north": {"uv": [14.968, 14.968, 13.032, 13.032], "texture": "#0"},
				"east": {"uv": [14.968, 14.968, 13.032, 13.032], "texture": "#0"},
				"south": {"uv": [14.968, 14.968, 13.032, 13.032], "texture": "#0"},
				"west": {"uv": [14.968, 14.968, 13.032, 13.032], "texture": "#0"},
				"up": {"uv": [14.968, 14.968, 13.032, 13.032], "texture": "#0"},
				"down": {"uv": [14.968, 14.968, 13.032, 13.032], "texture": "#0"}
			}
		},
		{
			"name": "bone",
			"from": [12.45391, 0.3, 5.32304],
			"to": [14.45391, 1.3, 10.72304],
			"rotation": {"angle": 0, "axis": "y", "origin": [8.1, 0, 7.9]},
			"faces": {
				"north": {"uv": [14.968, 14.968, 13.032, 13.032], "texture": "#0"},
				"east": {"uv": [14.968, 14.968, 13.032, 13.032], "texture": "#0"},
				"south": {"uv": [14.968, 14.968, 13.032, 13.032], "texture": "#0"},
				"west": {"uv": [14.968, 14.968, 13.032, 13.032], "texture": "#0"},
				"up": {"uv": [14.968, 14.968, 13.032, 13.032], "texture": "#0"},
				"down": {"uv": [14.968, 14.968, 13.032, 13.032], "texture": "#0"}
			}
		},
		{
			"name": "bone",
			"from": [1.59904, 0.3, 5.15858],
			"to": [3.59904, 1.3, 10.70858],
			"rotation": {"angle": 0, "axis": "y", "origin": [8.09904, 0, 7.83554]},
			"faces": {
				"north": {"uv": [14.968, 14.968, 13.032, 13.032], "texture": "#0"},
				"east": {"uv": [14.968, 14.968, 13.032, 13.032], "texture": "#0"},
				"south": {"uv": [14.968, 14.968, 13.032, 13.032], "texture": "#0"},
				"west": {"uv": [14.968, 14.968, 13.032, 13.032], "texture": "#0"},
				"up": {"uv": [14.968, 14.968, 13.032, 13.032], "texture": "#0"},
				"down": {"uv": [14.968, 14.968, 13.032, 13.032], "texture": "#0"}
			}
		},
		{
			"name": "macaronnew",
			"from": [6.69986, 3.1, 7.035],
			"to": [8.69986, 3.5, 9.035],
			"rotation": {"angle": -22.5, "axis": "y", "origin": [7.69986, 3.26, 8.535]},
			"faces": {
				"north": {"uv": [7.968, 1.032, 6.032, 2.968], "texture": "#0"},
				"east": {"uv": [7.968, 1.032, 6.032, 2.968], "texture": "#0"},
				"south": {"uv": [7.968, 1.032, 6.032, 2.968], "texture": "#0"},
				"west": {"uv": [7.968, 1.032, 6.032, 2.968], "texture": "#0"},
				"up": {"uv": [7.968, 1.032, 6.032, 2.968], "texture": "#0"},
				"down": {"uv": [7.968, 1.032, 6.032, 2.968], "texture": "#0"}
			}
		},
		{
			"name": "macarontop",
			"from": [6.59986, 3.4, 6.935],
			"to": [8.79986, 3.7, 9.135],
			"rotation": {"angle": -22.5, "axis": "y", "origin": [7.69986, 3.26, 8.535]},
			"faces": {
				"north": {"uv": [8.032, 2.032, 9.968, 2.968], "texture": "#0"},
				"east": {"uv": [9.968, 3.032, 8.032, 3.968], "texture": "#0"},
				"south": {"uv": [4.032, 8.032, 5.968, 8.968], "texture": "#0"},
				"west": {"uv": [9.968, 1.032, 8.032, 1.968], "texture": "#0"},
				"up": {"uv": [3.968, 1.968, 2.032, 0.032], "texture": "#0"},
				"down": {"uv": [3.968, 1.968, 2.032, 0.032], "texture": "#0"}
			}
		},
		{
			"name": "macarontop",
			"from": [6.69986, 3.6, 7.035],
			"to": [8.69986, 4, 9.035],
			"rotation": {"angle": -22.5, "axis": "y", "origin": [7.69986, 3.26, 8.535]},
			"faces": {
				"north": {"uv": [8.032, 2.032, 9.968, 2.968], "texture": "#0"},
				"east": {"uv": [4.032, 8.032, 5.968, 8.968], "texture": "#0"},
				"south": {"uv": [8.032, 2.032, 9.968, 2.968], "texture": "#0"},
				"west": {"uv": [8.032, 2.032, 9.968, 2.968], "texture": "#0"},
				"up": {"uv": [3.968, 1.968, 2.032, 0.032], "texture": "#0"},
				"down": {"uv": [5.968, 0.032, 4.032, 1.968], "texture": "#0"}
			}
		},
		{
			"name": "macaronbottom",
			"from": [6.59986, 2.8, 6.935],
			"to": [8.79986, 3.1, 9.135],
			"rotation": {"angle": -22.5, "axis": "y", "origin": [7.69986, 3.26, 8.535]},
			"faces": {
				"north": {"uv": [3.032, 8.032, 4.968, 8.968], "texture": "#0"},
				"east": {"uv": [4.032, 8.032, 5.968, 8.968], "texture": "#0"},
				"south": {"uv": [5.032, 6.032, 6.968, 6.968], "texture": "#0"},
				"west": {"uv": [6.032, 4.032, 7.968, 4.968], "texture": "#0"},
				"up": {"uv": [3.968, 1.968, 2.032, 0.032], "texture": "#0"},
				"down": {"uv": [3.968, 1.968, 2.032, 0.032], "texture": "#0"}
			}
		},
		{
			"name": "macaronbottom",
			"from": [6.69986, 2.5, 7.035],
			"to": [8.69986, 2.9, 9.035],
			"rotation": {"angle": -22.5, "axis": "y", "origin": [7.69986, 3.26, 8.535]},
			"faces": {
				"north": {"uv": [3.032, 7.032, 4.968, 7.968], "texture": "#0"},
				"east": {"uv": [6.032, 3.032, 7.968, 3.968], "texture": "#0"},
				"south": {"uv": [4.032, 8.032, 5.968, 8.968], "texture": "#0"},
				"west": {"uv": [8.032, 1.032, 9.968, 1.968], "texture": "#0"},
				"up": {"uv": [3.968, 1.968, 2.032, 0.032], "texture": "#0"},
				"down": {"uv": [3.968, 1.968, 2.032, 0.032], "texture": "#0"}
			}
		},
		{
			"name": "macaronnew2",
			"from": [7.4468, 1.61543, 4.10632],
			"to": [9.4468, 3.61543, 4.50632],
			"rotation": {"angle": 45, "axis": "x", "origin": [8.3968, 2.31543, 4.09632]},
			"faces": {
				"north": {"uv": [7.968, 1.032, 6.032, 2.968], "rotation": 180, "texture": "#0"},
				"east": {"uv": [7.968, 1.032, 6.032, 2.968], "rotation": 90, "texture": "#0"},
				"south": {"uv": [7.968, 1.032, 6.032, 2.968], "texture": "#0"},
				"west": {"uv": [7.968, 1.032, 6.032, 2.968], "rotation": 270, "texture": "#0"},
				"up": {"uv": [7.968, 1.032, 6.032, 2.968], "texture": "#0"},
				"down": {"uv": [7.968, 1.032, 6.032, 2.968], "rotation": 180, "texture": "#0"}
			}
		},
		{
			"name": "macarontop10",
			"from": [7.3468, 1.51543, 3.90632],
			"to": [9.5468, 3.71543, 4.20632],
			"rotation": {"angle": 45, "axis": "x", "origin": [8.3968, 2.31543, 4.09632]},
			"faces": {
				"north": {"uv": [3.968, 1.968, 2.032, 0.032], "rotation": 180, "texture": "#0"},
				"east": {"uv": [9.968, 3.032, 8.032, 3.968], "rotation": 90, "texture": "#0"},
				"south": {"uv": [3.968, 1.968, 2.032, 0.032], "texture": "#0"},
				"west": {"uv": [9.968, 1.032, 8.032, 1.968], "rotation": 270, "texture": "#0"},
				"up": {"uv": [4.032, 8.032, 5.968, 8.968], "texture": "#0"},
				"down": {"uv": [8.032, 2.032, 9.968, 2.968], "rotation": 180, "texture": "#0"}
			}
		},
		{
			"name": "macarontop10",
			"from": [7.4468, 1.61543, 3.60632],
			"to": [9.4468, 3.61543, 4.00632],
			"rotation": {"angle": 45, "axis": "x", "origin": [8.3968, 2.31543, 4.09632]},
			"faces": {
				"north": {"uv": [3.968, 1.968, 2.032, 0.032], "rotation": 180, "texture": "#0"},
				"east": {"uv": [4.032, 8.032, 5.968, 8.968], "rotation": 90, "texture": "#0"},
				"south": {"uv": [5.968, 0.032, 4.032, 1.968], "texture": "#0"},
				"west": {"uv": [8.032, 2.032, 9.968, 2.968], "rotation": 270, "texture": "#0"},
				"up": {"uv": [8.032, 2.032, 9.968, 2.968], "texture": "#0"},
				"down": {"uv": [8.032, 2.032, 9.968, 2.968], "rotation": 180, "texture": "#0"}
			}
		},
		{
			"name": "macaronbottom10",
			"from": [7.3468, 1.51543, 4.50632],
			"to": [9.5468, 3.71543, 4.80632],
			"rotation": {"angle": 45, "axis": "x", "origin": [8.3968, 2.31543, 4.09632]},
			"faces": {
				"north": {"uv": [3.968, 1.968, 2.032, 0.032], "rotation": 180, "texture": "#0"},
				"east": {"uv": [4.032, 8.032, 5.968, 8.968], "rotation": 90, "texture": "#0"},
				"south": {"uv": [3.968, 1.968, 2.032, 0.032], "texture": "#0"},
				"west": {"uv": [6.032, 4.032, 7.968, 4.968], "rotation": 270, "texture": "#0"},
				"up": {"uv": [5.032, 6.032, 6.968, 6.968], "texture": "#0"},
				"down": {"uv": [3.032, 8.032, 4.968, 8.968], "rotation": 180, "texture": "#0"}
			}
		},
		{
			"name": "macaronbottom10",
			"from": [7.4468, 1.61543, 4.70632],
			"to": [9.4468, 3.61543, 5.10632],
			"rotation": {"angle": 45, "axis": "x", "origin": [8.3968, 2.31543, 4.09632]},
			"faces": {
				"north": {"uv": [3.968, 1.968, 2.032, 0.032], "rotation": 180, "texture": "#0"},
				"east": {"uv": [6.032, 3.032, 7.968, 3.968], "rotation": 90, "texture": "#0"},
				"south": {"uv": [3.968, 1.968, 2.032, 0.032], "texture": "#0"},
				"west": {"uv": [8.032, 1.032, 9.968, 1.968], "rotation": 270, "texture": "#0"},
				"up": {"uv": [4.032, 8.032, 5.968, 8.968], "texture": "#0"},
				"down": {"uv": [3.032, 7.032, 4.968, 7.968], "rotation": 180, "texture": "#0"}
			}
		},
		{
			"name": "macaronnew3",
			"from": [5.74591, 1.6, 6.52849],
			"to": [7.74591, 2, 8.52849],
			"rotation": {"angle": -45, "axis": "y", "origin": [8.1, 0, 7.9]},
			"faces": {
				"north": {"uv": [7.968, 1.032, 6.032, 2.968], "texture": "#0"},
				"east": {"uv": [7.968, 1.032, 6.032, 2.968], "texture": "#0"},
				"south": {"uv": [7.968, 1.032, 6.032, 2.968], "texture": "#0"},
				"west": {"uv": [7.968, 1.032, 6.032, 2.968], "texture": "#0"},
				"up": {"uv": [7.968, 1.032, 6.032, 2.968], "rotation": 270, "texture": "#0"},
				"down": {"uv": [7.968, 1.032, 6.032, 2.968], "rotation": 90, "texture": "#0"}
			}
		},
		{
			"name": "macarontop5",
			"from": [5.64591, 1.9, 6.42849],
			"to": [7.84591, 2.2, 8.62849],
			"rotation": {"angle": -45, "axis": "y", "origin": [8.1, 0, 7.9]},
			"faces": {
				"north": {"uv": [9.968, 3.032, 8.032, 3.968], "texture": "#0"},
				"east": {"uv": [4.032, 8.032, 5.968, 8.968], "texture": "#0"},
				"south": {"uv": [9.968, 1.032, 8.032, 1.968], "texture": "#0"},
				"west": {"uv": [8.032, 2.032, 9.968, 2.968], "texture": "#0"},
				"up": {"uv": [3.968, 1.968, 2.032, 0.032], "rotation": 270, "texture": "#0"},
				"down": {"uv": [3.968, 1.968, 2.032, 0.032], "rotation": 90, "texture": "#0"}
			}
		},
		{
			"name": "macarontop5",
			"from": [5.74591, 2.1, 6.52849],
			"to": [7.74591, 2.5, 8.52849],
			"rotation": {"angle": -45, "axis": "y", "origin": [8.1, 0, 7.9]},
			"faces": {
				"north": {"uv": [4.032, 8.032, 5.968, 8.968], "texture": "#0"},
				"east": {"uv": [8.032, 2.032, 9.968, 2.968], "texture": "#0"},
				"south": {"uv": [8.032, 2.032, 9.968, 2.968], "texture": "#0"},
				"west": {"uv": [8.032, 2.032, 9.968, 2.968], "texture": "#0"},
				"up": {"uv": [3.968, 1.968, 2.032, 0.032], "rotation": 270, "texture": "#0"},
				"down": {"uv": [5.968, 0.032, 4.032, 1.968], "rotation": 90, "texture": "#0"}
			}
		},
		{
			"name": "macaronbottom5",
			"from": [5.64591, 1.3, 6.42849],
			"to": [7.84591, 1.6, 8.62849],
			"rotation": {"angle": -45, "axis": "y", "origin": [8.1, 0, 7.9]},
			"faces": {
				"north": {"uv": [4.032, 8.032, 5.968, 8.968], "texture": "#0"},
				"east": {"uv": [5.032, 6.032, 6.968, 6.968], "texture": "#0"},
				"south": {"uv": [6.032, 4.032, 7.968, 4.968], "texture": "#0"},
				"west": {"uv": [3.032, 8.032, 4.968, 8.968], "texture": "#0"},
				"up": {"uv": [3.968, 1.968, 2.032, 0.032], "rotation": 270, "texture": "#0"},
				"down": {"uv": [3.968, 1.968, 2.032, 0.032], "rotation": 90, "texture": "#0"}
			}
		},
		{
			"name": "macaronbottom5",
			"from": [5.74591, 1, 6.52849],
			"to": [7.74591, 1.4, 8.52849],
			"rotation": {"angle": -45, "axis": "y", "origin": [8.1, 0, 7.9]},
			"faces": {
				"north": {"uv": [6.032, 3.032, 7.968, 3.968], "texture": "#0"},
				"east": {"uv": [4.032, 8.032, 5.968, 8.968], "texture": "#0"},
				"south": {"uv": [8.032, 1.032, 9.968, 1.968], "texture": "#0"},
				"west": {"uv": [3.032, 7.032, 4.968, 7.968], "texture": "#0"},
				"up": {"uv": [3.968, 1.968, 2.032, 0.032], "rotation": 270, "texture": "#0"},
				"down": {"uv": [3.968, 1.968, 2.032, 0.032], "rotation": 90, "texture": "#0"}
			}
		},
		{
			"name": "macaronnew4",
			"from": [4.57218, 1.6, 8.52337],
			"to": [6.57218, 2, 10.52337],
			"rotation": {"angle": 45, "axis": "y", "origin": [5.02218, 1.76, 9.12337]},
			"faces": {
				"north": {"uv": [7.968, 1.032, 6.032, 2.968], "texture": "#0"},
				"east": {"uv": [7.968, 1.032, 6.032, 2.968], "texture": "#0"},
				"south": {"uv": [7.968, 1.032, 6.032, 2.968], "texture": "#0"},
				"west": {"uv": [7.968, 1.032, 6.032, 2.968], "texture": "#0"},
				"up": {"uv": [7.968, 1.032, 6.032, 2.968], "texture": "#0"},
				"down": {"uv": [7.968, 1.032, 6.032, 2.968], "texture": "#0"}
			}
		},
		{
			"name": "macarontop7",
			"from": [4.47218, 1.9, 8.42337],
			"to": [6.67218, 2.2, 10.62337],
			"rotation": {"angle": 45, "axis": "y", "origin": [5.02218, 1.76, 9.12337]},
			"faces": {
				"north": {"uv": [8.032, 2.032, 9.968, 2.968], "texture": "#0"},
				"east": {"uv": [9.968, 3.032, 8.032, 3.968], "texture": "#0"},
				"south": {"uv": [4.032, 8.032, 5.968, 8.968], "texture": "#0"},
				"west": {"uv": [9.968, 1.032, 8.032, 1.968], "texture": "#0"},
				"up": {"uv": [3.968, 1.968, 2.032, 0.032], "texture": "#0"},
				"down": {"uv": [3.968, 1.968, 2.032, 0.032], "texture": "#0"}
			}
		},
		{
			"name": "macarontop7",
			"from": [4.57218, 2.1, 8.52337],
			"to": [6.57218, 2.5, 10.52337],
			"rotation": {"angle": 45, "axis": "y", "origin": [5.02218, 1.76, 9.12337]},
			"faces": {
				"north": {"uv": [8.032, 2.032, 9.968, 2.968], "texture": "#0"},
				"east": {"uv": [4.032, 8.032, 5.968, 8.968], "texture": "#0"},
				"south": {"uv": [8.032, 2.032, 9.968, 2.968], "texture": "#0"},
				"west": {"uv": [8.032, 2.032, 9.968, 2.968], "texture": "#0"},
				"up": {"uv": [3.968, 1.968, 2.032, 0.032], "texture": "#0"},
				"down": {"uv": [5.968, 0.032, 4.032, 1.968], "texture": "#0"}
			}
		},
		{
			"name": "macaronbottom7",
			"from": [4.47218, 1.3, 8.42337],
			"to": [6.67218, 1.6, 10.62337],
			"rotation": {"angle": 45, "axis": "y", "origin": [5.02218, 1.76, 9.12337]},
			"faces": {
				"north": {"uv": [3.032, 8.032, 4.968, 8.968], "texture": "#0"},
				"east": {"uv": [4.032, 8.032, 5.968, 8.968], "texture": "#0"},
				"south": {"uv": [5.032, 6.032, 6.968, 6.968], "texture": "#0"},
				"west": {"uv": [6.032, 4.032, 7.968, 4.968], "texture": "#0"},
				"up": {"uv": [3.968, 1.968, 2.032, 0.032], "texture": "#0"},
				"down": {"uv": [3.968, 1.968, 2.032, 0.032], "texture": "#0"}
			}
		},
		{
			"name": "macaronbottom7",
			"from": [4.57218, 1, 8.52337],
			"to": [6.57218, 1.4, 10.52337],
			"rotation": {"angle": 45, "axis": "y", "origin": [5.02218, 1.76, 9.12337]},
			"faces": {
				"north": {"uv": [3.032, 7.032, 4.968, 7.968], "texture": "#0"},
				"east": {"uv": [6.032, 3.032, 7.968, 3.968], "texture": "#0"},
				"south": {"uv": [4.032, 8.032, 5.968, 8.968], "texture": "#0"},
				"west": {"uv": [8.032, 1.032, 9.968, 1.968], "texture": "#0"},
				"up": {"uv": [3.968, 1.968, 2.032, 0.032], "texture": "#0"},
				"down": {"uv": [3.968, 1.968, 2.032, 0.032], "texture": "#0"}
			}
		},
		{
			"name": "macaronnew5",
			"from": [6.6685, 1.6, 10.27374],
			"to": [8.6685, 2, 12.27374],
			"rotation": {"angle": 0, "axis": "y", "origin": [8.4185, 1.76, 11.27374]},
			"faces": {
				"north": {"uv": [7.968, 1.032, 6.032, 2.968], "texture": "#0"},
				"east": {"uv": [7.968, 1.032, 6.032, 2.968], "texture": "#0"},
				"south": {"uv": [7.968, 1.032, 6.032, 2.968], "texture": "#0"},
				"west": {"uv": [7.968, 1.032, 6.032, 2.968], "texture": "#0"},
				"up": {"uv": [7.968, 1.032, 6.032, 2.968], "texture": "#0"},
				"down": {"uv": [7.968, 1.032, 6.032, 2.968], "texture": "#0"}
			}
		},
		{
			"name": "macarontop4",
			"from": [6.5685, 1.9, 10.17374],
			"to": [8.7685, 2.2, 12.37374],
			"rotation": {"angle": 0, "axis": "y", "origin": [8.4185, 1.76, 11.27374]},
			"faces": {
				"north": {"uv": [8.032, 2.032, 9.968, 2.968], "texture": "#0"},
				"east": {"uv": [9.968, 3.032, 8.032, 3.968], "texture": "#0"},
				"south": {"uv": [4.032, 8.032, 5.968, 8.968], "texture": "#0"},
				"west": {"uv": [9.968, 1.032, 8.032, 1.968], "texture": "#0"},
				"up": {"uv": [3.968, 1.968, 2.032, 0.032], "texture": "#0"},
				"down": {"uv": [3.968, 1.968, 2.032, 0.032], "texture": "#0"}
			}
		},
		{
			"name": "macarontop4",
			"from": [6.6685, 2.1, 10.27374],
			"to": [8.6685, 2.5, 12.27374],
			"rotation": {"angle": 0, "axis": "y", "origin": [8.4185, 1.76, 11.27374]},
			"faces": {
				"north": {"uv": [8.032, 2.032, 9.968, 2.968], "texture": "#0"},
				"east": {"uv": [4.032, 8.032, 5.968, 8.968], "texture": "#0"},
				"south": {"uv": [8.032, 2.032, 9.968, 2.968], "texture": "#0"},
				"west": {"uv": [8.032, 2.032, 9.968, 2.968], "texture": "#0"},
				"up": {"uv": [3.968, 1.968, 2.032, 0.032], "texture": "#0"},
				"down": {"uv": [5.968, 0.032, 4.032, 1.968], "texture": "#0"}
			}
		},
		{
			"name": "macaronbottom4",
			"from": [6.5685, 1.3, 10.17374],
			"to": [8.7685, 1.6, 12.37374],
			"rotation": {"angle": 0, "axis": "y", "origin": [8.4185, 1.76, 11.27374]},
			"faces": {
				"north": {"uv": [3.032, 8.032, 4.968, 8.968], "texture": "#0"},
				"east": {"uv": [4.032, 8.032, 5.968, 8.968], "texture": "#0"},
				"south": {"uv": [5.032, 6.032, 6.968, 6.968], "texture": "#0"},
				"west": {"uv": [6.032, 4.032, 7.968, 4.968], "texture": "#0"},
				"up": {"uv": [3.968, 1.968, 2.032, 0.032], "texture": "#0"},
				"down": {"uv": [3.968, 1.968, 2.032, 0.032], "texture": "#0"}
			}
		},
		{
			"name": "macaronbottom4",
			"from": [6.6685, 1, 10.27374],
			"to": [8.6685, 1.4, 12.27374],
			"rotation": {"angle": 0, "axis": "y", "origin": [8.4185, 1.76, 11.27374]},
			"faces": {
				"north": {"uv": [3.032, 7.032, 4.968, 7.968], "texture": "#0"},
				"east": {"uv": [6.032, 3.032, 7.968, 3.968], "texture": "#0"},
				"south": {"uv": [4.032, 8.032, 5.968, 8.968], "texture": "#0"},
				"west": {"uv": [8.032, 1.032, 9.968, 1.968], "texture": "#0"},
				"up": {"uv": [3.968, 1.968, 2.032, 0.032], "texture": "#0"},
				"down": {"uv": [3.968, 1.968, 2.032, 0.032], "texture": "#0"}
			}
		},
		{
			"name": "macaronnew6",
			"from": [10.71775, 1.24864, 8.17029],
			"to": [11.11775, 3.24864, 10.17029],
			"rotation": {"angle": 45, "axis": "z", "origin": [10.77775, 2.09864, 9.17029]},
			"faces": {
				"north": {"uv": [7.968, 1.032, 6.032, 2.968], "rotation": 270, "texture": "#0"},
				"east": {"uv": [7.968, 1.032, 6.032, 2.968], "rotation": 90, "texture": "#0"},
				"south": {"uv": [7.968, 1.032, 6.032, 2.968], "rotation": 90, "texture": "#0"},
				"west": {"uv": [7.968, 1.032, 6.032, 2.968], "rotation": 90, "texture": "#0"},
				"up": {"uv": [7.968, 1.032, 6.032, 2.968], "rotation": 90, "texture": "#0"},
				"down": {"uv": [7.968, 1.032, 6.032, 2.968], "rotation": 90, "texture": "#0"}
			}
		},
		{
			"name": "macarontop3",
			"from": [11.01775, 1.14864, 8.07029],
			"to": [11.31775, 3.34864, 10.27029],
			"rotation": {"angle": 45, "axis": "z", "origin": [10.77775, 2.09864, 9.17029]},
			"faces": {
				"north": {"uv": [8.032, 2.032, 9.968, 2.968], "rotation": 270, "texture": "#0"},
				"east": {"uv": [3.968, 1.968, 2.032, 0.032], "rotation": 90, "texture": "#0"},
				"south": {"uv": [4.032, 8.032, 5.968, 8.968], "rotation": 90, "texture": "#0"},
				"west": {"uv": [3.968, 1.968, 2.032, 0.032], "rotation": 90, "texture": "#0"},
				"up": {"uv": [9.968, 1.032, 8.032, 1.968], "rotation": 90, "texture": "#0"},
				"down": {"uv": [9.968, 3.032, 8.032, 3.968], "rotation": 90, "texture": "#0"}
			}
		},
		{
			"name": "macarontop3",
			"from": [11.21775, 1.24864, 8.17029],
			"to": [11.61775, 3.24864, 10.17029],
			"rotation": {"angle": 45, "axis": "z", "origin": [10.77775, 2.09864, 9.17029]},
			"faces": {
				"north": {"uv": [8.032, 2.032, 9.968, 2.968], "rotation": 270, "texture": "#0"},
				"east": {"uv": [3.968, 1.968, 2.032, 0.032], "rotation": 90, "texture": "#0"},
				"south": {"uv": [8.032, 2.032, 9.968, 2.968], "rotation": 90, "texture": "#0"},
				"west": {"uv": [5.968, 0.032, 4.032, 1.968], "rotation": 90, "texture": "#0"},
				"up": {"uv": [8.032, 2.032, 9.968, 2.968], "rotation": 90, "texture": "#0"},
				"down": {"uv": [4.032, 8.032, 5.968, 8.968], "rotation": 90, "texture": "#0"}
			}
		},
		{
			"name": "macaronbottom3",
			"from": [10.41775, 1.14864, 8.07029],
			"to": [10.71775, 3.34864, 10.27029],
			"rotation": {"angle": 45, "axis": "z", "origin": [10.77775, 2.09864, 9.17029]},
			"faces": {
				"north": {"uv": [3.032, 8.032, 4.968, 8.968], "rotation": 270, "texture": "#0"},
				"east": {"uv": [3.968, 1.968, 2.032, 0.032], "rotation": 90, "texture": "#0"},
				"south": {"uv": [5.032, 6.032, 6.968, 6.968], "rotation": 90, "texture": "#0"},
				"west": {"uv": [3.968, 1.968, 2.032, 0.032], "rotation": 90, "texture": "#0"},
				"up": {"uv": [6.032, 4.032, 7.968, 4.968], "rotation": 90, "texture": "#0"},
				"down": {"uv": [4.032, 8.032, 5.968, 8.968], "rotation": 90, "texture": "#0"}
			}
		},
		{
			"name": "macaronbottom3",
			"from": [10.11775, 1.24864, 8.17029],
			"to": [10.51775, 3.24864, 10.17029],
			"rotation": {"angle": 45, "axis": "z", "origin": [10.77775, 2.09864, 9.17029]},
			"faces": {
				"north": {"uv": [3.032, 7.032, 4.968, 7.968], "rotation": 270, "texture": "#0"},
				"east": {"uv": [3.968, 1.968, 2.032, 0.032], "rotation": 90, "texture": "#0"},
				"south": {"uv": [4.032, 8.032, 5.968, 8.968], "rotation": 90, "texture": "#0"},
				"west": {"uv": [3.968, 1.968, 2.032, 0.032], "rotation": 90, "texture": "#0"},
				"up": {"uv": [8.032, 1.032, 9.968, 1.968], "rotation": 90, "texture": "#0"},
				"down": {"uv": [6.032, 3.032, 7.968, 3.968], "rotation": 90, "texture": "#0"}
			}
		},
		{
			"name": "macaronnew7",
			"from": [9.80856, 1.6, 5.55948],
			"to": [11.80856, 2, 7.55948],
			"rotation": {"angle": -22.5, "axis": "y", "origin": [10.60856, 1.76, 6.05948]},
			"faces": {
				"north": {"uv": [7.968, 1.032, 6.032, 2.968], "texture": "#0"},
				"east": {"uv": [7.968, 1.032, 6.032, 2.968], "texture": "#0"},
				"south": {"uv": [7.968, 1.032, 6.032, 2.968], "texture": "#0"},
				"west": {"uv": [7.968, 1.032, 6.032, 2.968], "texture": "#0"},
				"up": {"uv": [7.968, 1.032, 6.032, 2.968], "texture": "#0"},
				"down": {"uv": [7.968, 1.032, 6.032, 2.968], "texture": "#0"}
			}
		},
		{
			"name": "macarontop2",
			"from": [9.70856, 1.9, 5.45948],
			"to": [11.90856, 2.2, 7.65948],
			"rotation": {"angle": -22.5, "axis": "y", "origin": [10.60856, 1.76, 6.05948]},
			"faces": {
				"north": {"uv": [8.032, 2.032, 9.968, 2.968], "texture": "#0"},
				"east": {"uv": [9.968, 3.032, 8.032, 3.968], "texture": "#0"},
				"south": {"uv": [4.032, 8.032, 5.968, 8.968], "texture": "#0"},
				"west": {"uv": [9.968, 1.032, 8.032, 1.968], "texture": "#0"},
				"up": {"uv": [3.968, 1.968, 2.032, 0.032], "texture": "#0"},
				"down": {"uv": [3.968, 1.968, 2.032, 0.032], "texture": "#0"}
			}
		},
		{
			"name": "macarontop2",
			"from": [9.80856, 2.1, 5.55948],
			"to": [11.80856, 2.5, 7.55948],
			"rotation": {"angle": -22.5, "axis": "y", "origin": [10.60856, 1.76, 6.05948]},
			"faces": {
				"north": {"uv": [8.032, 2.032, 9.968, 2.968], "texture": "#0"},
				"east": {"uv": [4.032, 8.032, 5.968, 8.968], "texture": "#0"},
				"south": {"uv": [8.032, 2.032, 9.968, 2.968], "texture": "#0"},
				"west": {"uv": [8.032, 2.032, 9.968, 2.968], "texture": "#0"},
				"up": {"uv": [3.968, 1.968, 2.032, 0.032], "texture": "#0"},
				"down": {"uv": [5.968, 0.032, 4.032, 1.968], "texture": "#0"}
			}
		},
		{
			"name": "macaronbottom2",
			"from": [9.70856, 1.3, 5.45948],
			"to": [11.90856, 1.6, 7.65948],
			"rotation": {"angle": -22.5, "axis": "y", "origin": [10.60856, 1.76, 6.05948]},
			"faces": {
				"north": {"uv": [3.032, 8.032, 4.968, 8.968], "texture": "#0"},
				"east": {"uv": [4.032, 8.032, 5.968, 8.968], "texture": "#0"},
				"south": {"uv": [5.032, 6.032, 6.968, 6.968], "texture": "#0"},
				"west": {"uv": [6.032, 4.032, 7.968, 4.968], "texture": "#0"},
				"up": {"uv": [3.968, 1.968, 2.032, 0.032], "texture": "#0"},
				"down": {"uv": [3.968, 1.968, 2.032, 0.032], "texture": "#0"}
			}
		},
		{
			"name": "macaronbottom2",
			"from": [9.80856, 1, 5.55948],
			"to": [11.80856, 1.4, 7.55948],
			"rotation": {"angle": -22.5, "axis": "y", "origin": [10.60856, 1.76, 6.05948]},
			"faces": {
				"north": {"uv": [3.032, 7.032, 4.968, 7.968], "texture": "#0"},
				"east": {"uv": [6.032, 3.032, 7.968, 3.968], "texture": "#0"},
				"south": {"uv": [4.032, 8.032, 5.968, 8.968], "texture": "#0"},
				"west": {"uv": [8.032, 1.032, 9.968, 1.968], "texture": "#0"},
				"up": {"uv": [3.968, 1.968, 2.032, 0.032], "texture": "#0"},
				"down": {"uv": [3.968, 1.968, 2.032, 0.032], "texture": "#0"}
			}
		},
		{
			"name": "macaronnew8",
			"from": [7.96631, 1.6, 7.61758],
			"to": [9.96631, 2, 9.61758],
			"rotation": {"angle": -22.5, "axis": "y", "origin": [8.1, 0, 7.9]},
			"faces": {
				"north": {"uv": [7.968, 1.032, 6.032, 2.968], "texture": "#0"},
				"east": {"uv": [7.968, 1.032, 6.032, 2.968], "texture": "#0"},
				"south": {"uv": [7.968, 1.032, 6.032, 2.968], "texture": "#0"},
				"west": {"uv": [7.968, 1.032, 6.032, 2.968], "texture": "#0"},
				"up": {"uv": [7.968, 1.032, 6.032, 2.968], "texture": "#0"},
				"down": {"uv": [7.968, 1.032, 6.032, 2.968], "texture": "#0"}
			}
		},
		{
			"name": "macarontop8",
			"from": [7.86631, 1.9, 7.51758],
			"to": [10.06631, 2.2, 9.71758],
			"rotation": {"angle": -22.5, "axis": "y", "origin": [8.1, 0, 7.9]},
			"faces": {
				"north": {"uv": [8.032, 2.032, 9.968, 2.968], "texture": "#0"},
				"east": {"uv": [9.968, 3.032, 8.032, 3.968], "texture": "#0"},
				"south": {"uv": [4.032, 8.032, 5.968, 8.968], "texture": "#0"},
				"west": {"uv": [9.968, 1.032, 8.032, 1.968], "texture": "#0"},
				"up": {"uv": [3.968, 1.968, 2.032, 0.032], "texture": "#0"},
				"down": {"uv": [3.968, 1.968, 2.032, 0.032], "texture": "#0"}
			}
		},
		{
			"name": "macarontop8",
			"from": [7.96631, 2.1, 7.61758],
			"to": [9.96631, 2.5, 9.61758],
			"rotation": {"angle": -22.5, "axis": "y", "origin": [8.1, 0, 7.9]},
			"faces": {
				"north": {"uv": [8.032, 2.032, 9.968, 2.968], "texture": "#0"},
				"east": {"uv": [4.032, 8.032, 5.968, 8.968], "texture": "#0"},
				"south": {"uv": [8.032, 2.032, 9.968, 2.968], "texture": "#0"},
				"west": {"uv": [8.032, 2.032, 9.968, 2.968], "texture": "#0"},
				"up": {"uv": [3.968, 1.968, 2.032, 0.032], "texture": "#0"},
				"down": {"uv": [5.968, 0.032, 4.032, 1.968], "texture": "#0"}
			}
		},
		{
			"name": "macaronbottom8",
			"from": [7.86631, 1.3, 7.51758],
			"to": [10.06631, 1.6, 9.71758],
			"rotation": {"angle": -22.5, "axis": "y", "origin": [8.1, 0, 7.9]},
			"faces": {
				"north": {"uv": [3.032, 8.032, 4.968, 8.968], "texture": "#0"},
				"east": {"uv": [4.032, 8.032, 5.968, 8.968], "texture": "#0"},
				"south": {"uv": [5.032, 6.032, 6.968, 6.968], "texture": "#0"},
				"west": {"uv": [6.032, 4.032, 7.968, 4.968], "texture": "#0"},
				"up": {"uv": [3.968, 1.968, 2.032, 0.032], "texture": "#0"},
				"down": {"uv": [3.968, 1.968, 2.032, 0.032], "texture": "#0"}
			}
		},
		{
			"name": "macaronbottom8",
			"from": [7.96631, 1, 7.61758],
			"to": [9.96631, 1.4, 9.61758],
			"rotation": {"angle": -22.5, "axis": "y", "origin": [8.1, 0, 7.9]},
			"faces": {
				"north": {"uv": [3.032, 7.032, 4.968, 7.968], "texture": "#0"},
				"east": {"uv": [6.032, 3.032, 7.968, 3.968], "texture": "#0"},
				"south": {"uv": [4.032, 8.032, 5.968, 8.968], "texture": "#0"},
				"west": {"uv": [8.032, 1.032, 9.968, 1.968], "texture": "#0"},
				"up": {"uv": [3.968, 1.968, 2.032, 0.032], "texture": "#0"},
				"down": {"uv": [3.968, 1.968, 2.032, 0.032], "texture": "#0"}
			}
		},
		{
			"name": "macaronnew9",
			"from": [4.76354, 1.4597, 5.50555],
			"to": [5.16354, 3.4597, 7.50555],
			"rotation": {"angle": -45, "axis": "z", "origin": [4.70354, 2.3097, 7.00555]},
			"faces": {
				"north": {"uv": [7.968, 1.032, 6.032, 2.968], "rotation": 90, "texture": "#0"},
				"east": {"uv": [7.968, 1.032, 6.032, 2.968], "rotation": 270, "texture": "#0"},
				"south": {"uv": [7.968, 1.032, 6.032, 2.968], "rotation": 270, "texture": "#0"},
				"west": {"uv": [7.968, 1.032, 6.032, 2.968], "rotation": 270, "texture": "#0"},
				"up": {"uv": [7.968, 1.032, 6.032, 2.968], "rotation": 270, "texture": "#0"},
				"down": {"uv": [7.968, 1.032, 6.032, 2.968], "rotation": 270, "texture": "#0"}
			}
		},
		{
			"name": "macarontop6",
			"from": [4.56354, 1.3597, 5.40555],
			"to": [4.86354, 3.5597, 7.60555],
			"rotation": {"angle": -45, "axis": "z", "origin": [4.70354, 2.3097, 7.00555]},
			"faces": {
				"north": {"uv": [8.032, 2.032, 9.968, 2.968], "rotation": 90, "texture": "#0"},
				"east": {"uv": [3.968, 1.968, 2.032, 0.032], "rotation": 270, "texture": "#0"},
				"south": {"uv": [4.032, 8.032, 5.968, 8.968], "rotation": 270, "texture": "#0"},
				"west": {"uv": [3.968, 1.968, 2.032, 0.032], "rotation": 270, "texture": "#0"},
				"up": {"uv": [9.968, 3.032, 8.032, 3.968], "rotation": 270, "texture": "#0"},
				"down": {"uv": [9.968, 1.032, 8.032, 1.968], "rotation": 270, "texture": "#0"}
			}
		},
		{
			"name": "macarontop6",
			"from": [4.26354, 1.4597, 5.50555],
			"to": [4.66354, 3.4597, 7.50555],
			"rotation": {"angle": -45, "axis": "z", "origin": [4.70354, 2.3097, 7.00555]},
			"faces": {
				"north": {"uv": [8.032, 2.032, 9.968, 2.968], "rotation": 90, "texture": "#0"},
				"east": {"uv": [5.968, 0.032, 4.032, 1.968], "rotation": 270, "texture": "#0"},
				"south": {"uv": [8.032, 2.032, 9.968, 2.968], "rotation": 270, "texture": "#0"},
				"west": {"uv": [3.968, 1.968, 2.032, 0.032], "rotation": 270, "texture": "#0"},
				"up": {"uv": [4.032, 8.032, 5.968, 8.968], "rotation": 270, "texture": "#0"},
				"down": {"uv": [8.032, 2.032, 9.968, 2.968], "rotation": 270, "texture": "#0"}
			}
		},
		{
			"name": "macaronbottom6",
			"from": [5.16354, 1.3597, 5.40555],
			"to": [5.46354, 3.5597, 7.60555],
			"rotation": {"angle": -45, "axis": "z", "origin": [4.70354, 2.3097, 7.00555]},
			"faces": {
				"north": {"uv": [3.032, 8.032, 4.968, 8.968], "rotation": 90, "texture": "#0"},
				"east": {"uv": [3.968, 1.968, 2.032, 0.032], "rotation": 270, "texture": "#0"},
				"south": {"uv": [5.032, 6.032, 6.968, 6.968], "rotation": 270, "texture": "#0"},
				"west": {"uv": [3.968, 1.968, 2.032, 0.032], "rotation": 270, "texture": "#0"},
				"up": {"uv": [4.032, 8.032, 5.968, 8.968], "rotation": 270, "texture": "#0"},
				"down": {"uv": [6.032, 4.032, 7.968, 4.968], "rotation": 270, "texture": "#0"}
			}
		},
		{
			"name": "macaronbottom6",
			"from": [5.36354, 1.4597, 5.50555],
			"to": [5.76354, 3.4597, 7.50555],
			"rotation": {"angle": -45, "axis": "z", "origin": [4.70354, 2.3097, 7.00555]},
			"faces": {
				"north": {"uv": [3.032, 7.032, 4.968, 7.968], "rotation": 90, "texture": "#0"},
				"east": {"uv": [3.968, 1.968, 2.032, 0.032], "rotation": 270, "texture": "#0"},
				"south": {"uv": [4.032, 8.032, 5.968, 8.968], "rotation": 270, "texture": "#0"},
				"west": {"uv": [3.968, 1.968, 2.032, 0.032], "rotation": 270, "texture": "#0"},
				"up": {"uv": [6.032, 3.032, 7.968, 3.968], "rotation": 270, "texture": "#0"},
				"down": {"uv": [8.032, 1.032, 9.968, 1.968], "rotation": 270, "texture": "#0"}
			}
		}
	],
	"display": {
		"thirdperson_righthand": {
			"rotation": [70, 0, 0],
			"translation": [-6, 5.25, 6.25]
		},
		"firstperson_righthand": {
			"translation": [-7.5, 5.25, 0]
		},
		"ground": {
			"translation": [0, 4, 0]
		},
		"gui": {
			"rotation": [24, 24, 0],
			"translation": [0, 5, 0]
		},
		"fixed": {
			"rotation": [-90, 0, 0],
			"translation": [0, 0, -15],
			"scale": [2, 2, 2]
		}
	},
	"groups": [
		{
			"name": "macaronplate",
			"origin": [0, 0, 0],
			"color": 0,
			"children": [
				{
					"name": "octagon",
					"origin": [0, 0, 1],
					"color": 1,
					"children": [0, 1, 2, 3]
				},
				{
					"name": "bone",
					"origin": [0.14022, 0, 11.92807],
					"color": 2,
					"children": [4, 5, 6, 7, 8, 9, 10, 11]
				}
			]
		},
		{
			"name": "macaronnew",
			"origin": [-0.34094, 3.3, 0.48692],
			"color": 3,
			"children": [
				12,
				{
					"name": "macarontop",
					"origin": [0.2, 7.5, 0],
					"color": 4,
					"children": [13, 14]
				},
				{
					"name": "macaronbottom",
					"origin": [0.2, 6, 0],
					"color": 5,
					"children": [15, 16]
				}
			]
		},
		{
			"name": "macaronnew2",
			"origin": [0.2968, 2.35543, -3.80368],
			"color": 6,
			"children": [
				17,
				{
					"name": "macarontop10",
					"origin": [-0.50477, 7.56429, -3.58631],
					"color": 7,
					"children": [18, 19]
				},
				{
					"name": "macaronbottom10",
					"origin": [-0.50477, 6.06429, -3.58631],
					"color": 8,
					"children": [20, 21]
				}
			]
		},
		{
			"name": "macaronnew3",
			"origin": [0.2968, 2.35543, -3.80368],
			"color": 9,
			"children": [
				22,
				{
					"name": "macarontop5",
					"origin": [-0.50477, 7.56429, -3.58631],
					"color": 0,
					"children": [23, 24]
				},
				{
					"name": "macaronbottom5",
					"origin": [-0.50477, 6.06429, -3.58631],
					"color": 1,
					"children": [25, 26]
				}
			]
		},
		{
			"name": "macaronnew4",
			"origin": [-4.62849, 1.8, 1.64591],
			"color": 2,
			"children": [
				27,
				{
					"name": "macarontop7",
					"origin": [-5.50477, 7.56429, -0.58631],
					"color": 3,
					"children": [28, 29]
				},
				{
					"name": "macaronbottom7",
					"origin": [-5.50477, 6.06429, -0.58631],
					"color": 4,
					"children": [30, 31]
				}
			]
		},
		{
			"name": "macaronnew5",
			"origin": [-1.3117, 1.8, 5.95241],
			"color": 5,
			"children": [
				32,
				{
					"name": "macarontop4",
					"origin": [-3.50477, 7.56429, 5.41369],
					"color": 6,
					"children": [33, 34]
				},
				{
					"name": "macaronbottom4",
					"origin": [-3.50477, 6.06429, 5.41369],
					"color": 7,
					"children": [35, 36]
				}
			]
		},
		{
			"name": "macaronnew6",
			"origin": [3.01325, 2.35121, 1.34092],
			"color": 8,
			"children": [
				37,
				{
					"name": "macarontop3",
					"origin": [-1.21845, 6.34804, 4.49381],
					"color": 9,
					"children": [38, 39]
				},
				{
					"name": "macaronbottom3",
					"origin": [-1.21845, 4.84804, 4.49381],
					"color": 0,
					"children": [40, 41]
				}
			]
		},
		{
			"name": "macaronnew7",
			"origin": [2.3185, 1.8, -2.62626],
			"color": 1,
			"children": [
				42,
				{
					"name": "macarontop2",
					"origin": [-1.50477, 7.56429, -0.58631],
					"color": 2,
					"children": [43, 44]
				},
				{
					"name": "macaronbottom2",
					"origin": [-1.50477, 6.06429, -0.58631],
					"color": 3,
					"children": [45, 46]
				}
			]
		},
		{
			"name": "macaronnew8",
			"origin": [0.86631, 1.8, 0.71758],
			"color": 4,
			"children": [
				47,
				{
					"name": "macarontop8",
					"origin": [-2.59913, 7.56429, -0.22468],
					"color": 5,
					"children": [48, 49]
				},
				{
					"name": "macaronbottom8",
					"origin": [-2.59913, 6.06429, -0.22468],
					"color": 6,
					"children": [50, 51]
				}
			]
		},
		{
			"name": "macaronnew9",
			"origin": [-3.36994, 2.3497, -0.86862],
			"color": 7,
			"children": [
				52,
				{
					"name": "macarontop6",
					"origin": [-2.36113, 7.48496, -0.41904],
					"color": 8,
					"children": [53, 54]
				},
				{
					"name": "macaronbottom6",
					"origin": [-2.36113, 5.98496, -0.41904],
					"color": 9,
					"children": [55, 56]
				}
			]
		}
	]
}