{
	"credit": "Made with Blockbench",
	"textures": {
		"0": "block/stripped_birch_log",
		"1": "block/stripped_birch_log_top",
		"2": "block/white_concrete",
		"particle": "block/stripped_birch_log"
	},
	"elements": [
		{
			"from": [2, 2.5, 4.25],
			"to": [3.25, 3.75, 13.75],
			"rotation": {"angle": 0, "axis": "y", "origin": [-2, 0, 0]},
			"faces": {
				"north": {"uv": [0, 0, 1, 1], "texture": "#0"},
				"east": {"uv": [0, 0, 6, 1], "texture": "#0"},
				"south": {"uv": [0, 0, 1, 1], "texture": "#0"},
				"west": {"uv": [0, 0, 6, 1], "texture": "#0"},
				"up": {"uv": [0, 0, 1, 6], "texture": "#0"},
				"down": {"uv": [0, 0, 1, 6], "texture": "#0"}
			}
		},
		{
			"name": "leg",
			"from": [2, 0, 3],
			"to": [3.25, 8.75, 4.25],
			"rotation": {"angle": 0, "axis": "y", "origin": [-2, 0, 0]},
			"faces": {
				"north": {"uv": [0, 0, 1, 7], "texture": "#0"},
				"east": {"uv": [0, 0, 1, 7], "texture": "#0"},
				"south": {"uv": [0, 0, 1, 7], "texture": "#0"},
				"west": {"uv": [0, 0, 1, 7], "texture": "#0"},
				"up": {"uv": [0, 0, 1, 1], "texture": "#0"},
				"down": {"uv": [0, 0, 1, 1], "texture": "#0"}
			}
		},
		{
			"name": "leg",
			"from": [2, 0, 13.75],
			"to": [3.25, 22.5, 15],
			"rotation": {"angle": 0, "axis": "y", "origin": [-2, 0, 0]},
			"faces": {
				"north": {"uv": [0, 0, 1, 16], "texture": "#0"},
				"east": {"uv": [0, 0, 1, 16], "texture": "#0"},
				"south": {"uv": [0, 0, 1, 16], "texture": "#0"},
				"west": {"uv": [0, 0, 1, 16], "texture": "#0"},
				"up": {"uv": [0, 0, 1, 1], "texture": "#0"},
				"down": {"uv": [0, 0, 1, 1], "texture": "#0"}
			}
		},
		{
			"name": "leg",
			"from": [12.75, 0, 3],
			"to": [14, 8.75, 4.25],
			"rotation": {"angle": 0, "axis": "y", "origin": [-2, 0, 0]},
			"faces": {
				"north": {"uv": [0, 0, 1, 7], "texture": "#0"},
				"east": {"uv": [0, 0, 1, 7], "texture": "#0"},
				"south": {"uv": [0, 0, 1, 7], "texture": "#0"},
				"west": {"uv": [0, 0, 1, 7], "texture": "#0"},
				"up": {"uv": [0, 0, 1, 1], "texture": "#0"},
				"down": {"uv": [0, 0, 1, 1], "texture": "#0"}
			}
		},
		{
			"name": "leg",
			"from": [12.75, 0, 13.75],
			"to": [14, 22.5, 15],
			"rotation": {"angle": 0, "axis": "y", "origin": [-2, 0, 0]},
			"faces": {
				"north": {"uv": [15, 0, 16, 16], "texture": "#0"},
				"east": {"uv": [15, 0, 16, 16], "texture": "#0"},
				"south": {"uv": [15, 0, 16, 16], "texture": "#0"},
				"west": {"uv": [15, 0, 16, 16], "texture": "#0"},
				"up": {"uv": [0, 0, 1, 1], "texture": "#0"},
				"down": {"uv": [0, 0, 1, 1], "texture": "#0"}
			}
		},
		{
			"from": [3.25, 7.5, 3],
			"to": [12.75, 8.75, 4.25],
			"rotation": {"angle": 0, "axis": "y", "origin": [-2, 0, 0]},
			"faces": {
				"north": {"uv": [4, 1, 12, 2], "texture": "#0"},
				"east": {"uv": [0, 0, 1, 1], "texture": "#0"},
				"south": {"uv": [4, 1, 12, 2], "texture": "#0"},
				"west": {"uv": [0, 0, 1, 1], "texture": "#0"},
				"up": {"uv": [4, 1, 12, 2], "texture": "#0"},
				"down": {"uv": [4, 1, 12, 2], "texture": "#0"}
			}
		},
		{
			"from": [3.25, 2.5, 8.125],
			"to": [12.75, 3.75, 9.375],
			"rotation": {"angle": 0, "axis": "y", "origin": [-2, 0, 0]},
			"faces": {
				"north": {"uv": [4, 1, 12, 2], "texture": "#0"},
				"east": {"uv": [0, 0, 1, 1], "texture": "#0"},
				"south": {"uv": [4, 0, 12, 1], "texture": "#0"},
				"west": {"uv": [0, 0, 1, 1], "texture": "#0"},
				"up": {"uv": [4, 0, 12, 1], "texture": "#0"},
				"down": {"uv": [4, 0, 12, 1], "texture": "#0"}
			}
		},
		{
			"from": [3.25, 7.5, 13.75],
			"to": [12.75, 8.75, 15],
			"rotation": {"angle": 0, "axis": "y", "origin": [-2, 0, 0]},
			"faces": {
				"north": {"uv": [4, 1, 12, 2], "texture": "#0"},
				"east": {"uv": [0, 0, 1, 1], "texture": "#0"},
				"south": {"uv": [4, 1, 12, 2], "texture": "#0"},
				"west": {"uv": [0, 0, 1, 1], "texture": "#0"},
				"up": {"uv": [4, 1, 12, 2], "texture": "#0"},
				"down": {"uv": [4, 1, 12, 2], "texture": "#0"}
			}
		},
		{
			"from": [12.75, 7.5, 4.25],
			"to": [14, 8.75, 13.75],
			"rotation": {"angle": 0, "axis": "y", "origin": [-2, 0, 0]},
			"faces": {
				"north": {"uv": [0, 0, 1, 1], "texture": "#0"},
				"east": {"uv": [0, 0, 6, 1], "texture": "#0"},
				"south": {"uv": [0, 0, 1, 1], "texture": "#0"},
				"west": {"uv": [0, 0, 6, 1], "texture": "#0"},
				"up": {"uv": [0, 0, 1, 6], "texture": "#0"},
				"down": {"uv": [0, 0, 1, 6], "texture": "#0"}
			}
		},
		{
			"from": [12.75, 2.5, 4.25],
			"to": [14, 3.75, 13.75],
			"rotation": {"angle": 0, "axis": "y", "origin": [-2, 0, 0]},
			"faces": {
				"north": {"uv": [0, 0, 1, 1], "texture": "#0"},
				"east": {"uv": [0, 0, 6, 1], "texture": "#0"},
				"south": {"uv": [0, 0, 1, 1], "texture": "#0"},
				"west": {"uv": [0, 0, 6, 1], "texture": "#0"},
				"up": {"uv": [0, 0, 1, 6], "texture": "#0"},
				"down": {"uv": [0, 0, 1, 6], "texture": "#0"}
			}
		},
		{
			"from": [2, 7.5, 4.25],
			"to": [3.25, 8.75, 13.75],
			"rotation": {"angle": 0, "axis": "y", "origin": [-2, 0, 0]},
			"faces": {
				"north": {"uv": [0, 0, 1, 1], "texture": "#0"},
				"east": {"uv": [0, 0, 6, 1], "texture": "#0"},
				"south": {"uv": [0, 0, 1, 1], "texture": "#0"},
				"west": {"uv": [0, 0, 6, 1], "texture": "#0"},
				"up": {"uv": [0, 0, 1, 6], "texture": "#0"},
				"down": {"uv": [0, 0, 1, 6], "texture": "#0"}
			}
		},
		{
			"name": "seat",
			"from": [1.375, 8.75, 2.375],
			"to": [14.625, 10, 15.625],
			"rotation": {"angle": 0, "axis": "y", "origin": [-2, 0, 0]},
			"faces": {
				"north": {"uv": [3, 1, 14, 2], "texture": "#0"},
				"east": {"uv": [4, 0, 13, 1], "texture": "#0"},
				"south": {"uv": [3, 1, 14, 2], "texture": "#0"},
				"west": {"uv": [4, 0, 13, 1], "texture": "#0"},
				"up": {"uv": [0, 0, 16, 16], "texture": "#1"},
				"down": {"uv": [3, 1, 14, 10], "texture": "#0"}
			}
		},
		{
			"from": [3.25, 19.75, 13.75],
			"to": [12.75, 21.25, 15],
			"rotation": {"angle": 0, "axis": "y", "origin": [-2, -1.25, 0]},
			"faces": {
				"north": {"uv": [0, 0, 6, 1.2], "texture": "#2"},
				"east": {"uv": [0, 0, 1, 1.2], "texture": "#2"},
				"south": {"uv": [0, 0, 6, 1.2], "texture": "#2"},
				"west": {"uv": [0, 0, 1, 1.2], "texture": "#2"},
				"up": {"uv": [0, 0, 6, 1], "texture": "#2"},
				"down": {"uv": [0, 0, 6, 1], "texture": "#2"}
			}
		},
		{
			"from": [3.25, 15.9375, 13.75],
			"to": [12.75, 17.1875, 15],
			"rotation": {"angle": 0, "axis": "y", "origin": [-2, -1.25, 0]},
			"faces": {
				"north": {"uv": [0, 0, 6, 1], "texture": "#2"},
				"east": {"uv": [0, 0, 1, 1], "texture": "#2"},
				"south": {"uv": [0, 0, 6, 1], "texture": "#2"},
				"west": {"uv": [0, 0, 1, 1], "texture": "#2"},
				"up": {"uv": [0, 0, 6, 1], "texture": "#2"},
				"down": {"uv": [0, 0, 6, 1], "texture": "#2"}
			}
		},
		{
			"from": [3.25, 17.1875, 13.75],
			"to": [6.4375, 19.75, 15],
			"rotation": {"angle": 0, "axis": "y", "origin": [-2, -1.25, 0]},
			"faces": {
				"north": {"uv": [0, 0, 1.75, 2.05], "texture": "#2"},
				"east": {"uv": [0, 0, 1, 2.05], "texture": "#2"},
				"south": {"uv": [0, 0, 1.75, 2.05], "texture": "#2"},
				"west": {"uv": [0, 0, 1, 2.05], "texture": "#2"},
				"up": {"uv": [0, 0, 1.75, 1], "texture": "#2"},
				"down": {"uv": [0, 0, 1.75, 1], "texture": "#2"}
			}
		},
		{
			"from": [9.5625, 17.1875, 13.75],
			"to": [12.75, 19.75, 15],
			"rotation": {"angle": 0, "axis": "y", "origin": [-2, -1.25, 0]},
			"faces": {
				"north": {"uv": [0, 0, 1.75, 2.05], "texture": "#2"},
				"east": {"uv": [0, 0, 1, 2.05], "texture": "#2"},
				"south": {"uv": [0, 0, 1.75, 2.05], "texture": "#2"},
				"west": {"uv": [0, 0, 1, 2.05], "texture": "#2"},
				"up": {"uv": [0, 0, 1.75, 1], "texture": "#2"},
				"down": {"uv": [0, 0, 1.75, 1], "texture": "#2"}
			}
		},
		{
			"from": [-10.47272, 17.5, 13.752],
			"to": [-7.34772, 18.75, 15],
			"rotation": {"angle": -45, "axis": "z", "origin": [-1.72272, -1.25, 0]},
			"faces": {
				"north": {"uv": [0, 0, 2.5, 1], "texture": "#2"},
				"east": {"uv": [0, 0, 0.998, 1], "texture": "#2"},
				"south": {"uv": [0, 0, 2.5, 1], "texture": "#2"},
				"west": {"uv": [0, 0, 0.998, 1], "texture": "#2"},
				"up": {"uv": [0, 0, 2.5, 0.998], "texture": "#2"},
				"down": {"uv": [0, 0, 2.5, 0.998], "texture": "#2"}
			}
		},
		{
			"from": [-7.97272, 18.75, 13.752],
			"to": [-6.72272, 21.25, 15],
			"rotation": {"angle": -45, "axis": "z", "origin": [-1.72272, -1.25, 0]},
			"faces": {
				"north": {"uv": [0, 0, 1, 2], "texture": "#2"},
				"east": {"uv": [0, 0, 0.998, 2], "texture": "#2"},
				"south": {"uv": [0, 0, 1, 2], "texture": "#2"},
				"west": {"uv": [0, 0, 0.998, 2], "texture": "#2"},
				"up": {"uv": [0, 0, 1, 0.998], "texture": "#2"},
				"down": {"uv": [0, 0, 1, 0.998], "texture": "#2"}
			}
		},
		{
			"from": [-10.47272, 20, 13.75125],
			"to": [-9.22272, 21.25, 14.99875],
			"rotation": {"angle": -45, "axis": "z", "origin": [-1.72272, -1.25, 0]},
			"faces": {
				"north": {"uv": [0, 0, 1, 1], "texture": "#2"},
				"east": {"uv": [0, 0, 0.998, 1], "texture": "#2"},
				"south": {"uv": [0, 0, 1, 1], "texture": "#2"},
				"west": {"uv": [0, 0, 0.998, 1], "texture": "#2"},
				"up": {"uv": [0, 0, 1, 0.998], "texture": "#2"},
				"down": {"uv": [0, 0, 1, 0.998], "texture": "#2"}
			}
		},
		{
			"from": [-9.53522, 21.25, 13.75125],
			"to": [-6.72272, 22.5, 14.99875],
			"rotation": {"angle": -45, "axis": "z", "origin": [-1.72272, -1.25, 0]},
			"faces": {
				"north": {"uv": [0, 0, 2.25, 1], "texture": "#2"},
				"east": {"uv": [0, 0, 0.998, 1], "texture": "#2"},
				"south": {"uv": [0, 0, 2.25, 1], "texture": "#2"},
				"west": {"uv": [0, 0, 0.998, 1], "texture": "#2"},
				"up": {"uv": [0, 0, 2.25, 0.998], "texture": "#2"},
				"down": {"uv": [0, 0, 2.25, 0.998], "texture": "#2"}
			}
		},
		{
			"from": [-11.72272, 17.5, 13.75125],
			"to": [-10.47272, 20.3125, 14.99875],
			"rotation": {"angle": -45, "axis": "z", "origin": [-1.72272, -1.25, 0]},
			"faces": {
				"north": {"uv": [0, 0, 1, 2.25], "texture": "#2"},
				"east": {"uv": [0, 0, 0.998, 2.25], "texture": "#2"},
				"south": {"uv": [0, 0, 1, 2.25], "texture": "#2"},
				"west": {"uv": [0, 0, 0.998, 2.25], "texture": "#2"},
				"up": {"uv": [0, 0, 1, 0.998], "texture": "#2"},
				"down": {"uv": [0, 0, 1, 0.998], "texture": "#2"}
			}
		}
	],
	"display": {
		"thirdperson_righthand": {
			"rotation": [90, 0, 0],
			"translation": [0, 3.75, 0],
			"scale": [0.5, 0.5, 0.5]
		},
		"thirdperson_lefthand": {
			"rotation": [90, 0, 0],
			"translation": [0, 3.75, 0],
			"scale": [0.5, 0.5, 0.5]
		},
		"firstperson_righthand": {
			"scale": [0.5, 0.5, 0.5]
		},
		"firstperson_lefthand": {
			"scale": [0.5, 0.5, 0.5]
		},
		"ground": {
			"scale": [0.5, 0.5, 0.5]
		},
		"gui": {
			"rotation": [23, -152, 0],
			"translation": [0, -1.25, 0],
			"scale": [0.5, 0.5, 0.5]
		},
		"fixed": {
			"rotation": [-90, 0, 0],
			"translation": [0, 0, -14],
			"scale": [2, 2, 2]
		}
	},
	"groups": [
		{
			"name": "group",
			"origin": [-2, 0, 0],
			"color": 0,
			"children": [
				0,
				1,
				2,
				3,
				4,
				5,
				6,
				7,
				8,
				9,
				10,
				11,
				{
					"name": "group",
					"origin": [-2, 0, 0],
					"color": 0,
					"children": [12, 13, 14, 15, 16, 17, 18, 19, 20]
				}
			]
		}
	]
}