{
	"credit": "Made with Blockbench",
	"parent": "block/block",
	"ambientocclusion": false,
	"textures": {
		"0": "./bumbo_face",
		"1": "block/cactus_top"
	},
	"elements": [
		{
			"from": [3, 7, 6],
			"to": [7, 11, 8],
			"rotation": {"angle": 0, "axis": "y", "origin": [11, 15, 14]},
			"faces": {
				"north": {"uv": [11, 0, 13, 4], "texture": "#0"},
				"east": {"uv": [11, 0, 11.5, 4], "texture": "#0"},
				"south": {"uv": [13, 0, 11, 4], "texture": "#0"},
				"west": {"uv": [12.5, 0, 13, 4], "texture": "#0"},
				"up": {"uv": [11, 0, 13, 1], "rotation": 180, "texture": "#0"},
				"down": {"uv": [11, 3, 13, 4], "rotation": 180, "texture": "#0"}
			}
		},
		{
			"from": [4, 12, 8],
			"to": [6, 16, 9],
			"rotation": {"angle": 0, "axis": "y", "origin": [11, 20, 15]},
			"faces": {
				"north": {"uv": [2.5, 1, 3.5, 5], "texture": "#0"},
				"east": {"uv": [2, 1, 2.5, 5], "texture": "#0"},
				"south": {"uv": [2.5, 1, 1.5, 5], "texture": "#0"},
				"west": {"uv": [3.5, 1, 4, 5], "texture": "#0"},
				"up": {"uv": [2.5, 0, 3.5, 1], "rotation": 180, "texture": "#0"},
				"down": {"uv": [2.5, 5, 3.5, 6], "rotation": 180, "texture": "#0"}
			}
		},
		{
			"from": [10, 14, 8],
			"to": [12, 18, 9],
			"rotation": {"angle": 0, "axis": "y", "origin": [17, 22, 15]},
			"faces": {
				"north": {"uv": [0.5, 1, 1.5, 5], "texture": "#0"},
				"east": {"uv": [1.5, 1, 2, 5], "texture": "#0"},
				"south": {"uv": [2.5, 1, 1.5, 5], "texture": "#0"},
				"west": {"uv": [0, 1, 0.5, 5], "texture": "#0"},
				"up": {"uv": [0.5, 0, 1.5, 1], "rotation": 180, "texture": "#0"},
				"down": {"uv": [0.5, 5, 1.5, 6], "rotation": 180, "texture": "#0"}
			}
		},
		{
			"from": [9, 7, 6],
			"to": [13, 11, 8],
			"rotation": {"angle": 0, "axis": "y", "origin": [17, 15, 14]},
			"faces": {
				"north": {"uv": [8, 0, 10, 4], "texture": "#0"},
				"east": {"uv": [8, 0, 8.5, 4], "texture": "#0"},
				"south": {"uv": [10, 0, 8, 4], "texture": "#0"},
				"west": {"uv": [9.5, 0, 10, 4], "texture": "#0"},
				"up": {"uv": [8, 0, 10, 1], "rotation": 180, "texture": "#0"},
				"down": {"uv": [8, 3, 10, 4], "rotation": 180, "texture": "#0"}
			}
		},
		{
			"from": [11, 5, 6],
			"to": [15, 9, 8],
			"rotation": {"angle": 0, "axis": "y", "origin": [19, 13, 14]},
			"faces": {
				"north": {"uv": [7, 2, 9, 6], "texture": "#0"},
				"east": {"uv": [7, 2, 7.5, 6], "texture": "#0"},
				"south": {"uv": [9, 2, 7, 6], "texture": "#0"},
				"west": {"uv": [8.5, 2, 9, 6], "texture": "#0"},
				"up": {"uv": [7, 2, 9, 3], "rotation": 180, "texture": "#0"},
				"down": {"uv": [7, 5, 9, 6], "rotation": 180, "texture": "#0"}
			}
		},
		{
			"from": [1, 5, 6],
			"to": [5, 9, 8],
			"rotation": {"angle": 0, "axis": "y", "origin": [9, 13, 14]},
			"faces": {
				"north": {"uv": [12, 2, 14, 6], "texture": "#0"},
				"east": {"uv": [12, 2, 12.5, 6], "texture": "#0"},
				"south": {"uv": [14, 2, 12, 6], "texture": "#0"},
				"west": {"uv": [13.5, 2, 14, 6], "texture": "#0"},
				"up": {"uv": [12, 2, 14, 3], "rotation": 180, "texture": "#0"},
				"down": {"uv": [12, 5, 14, 6], "rotation": 180, "texture": "#0"}
			}
		},
		{
			"from": [-3, 5, 6],
			"to": [1, 7, 8],
			"rotation": {"angle": 0, "axis": "y", "origin": [5, 13, 14]},
			"faces": {
				"north": {"uv": [14, 4, 16, 6], "texture": "#0"},
				"south": {"uv": [16, 4, 14, 6], "texture": "#0"},
				"west": {"uv": [15.5, 4, 16, 6], "texture": "#0"},
				"up": {"uv": [14, 4, 16, 5], "rotation": 180, "texture": "#0"},
				"down": {"uv": [14, 5, 16, 6], "rotation": 180, "texture": "#0"}
			}
		},
		{
			"from": [15, 5, 6],
			"to": [19, 7, 8],
			"rotation": {"angle": 0, "axis": "y", "origin": [23, 13, 14]},
			"faces": {
				"north": {"uv": [5, 4, 7, 6], "texture": "#0"},
				"east": {"uv": [5, 4, 5.5, 6], "texture": "#0"},
				"south": {"uv": [7, 4, 5, 6], "texture": "#0"},
				"up": {"uv": [5, 4, 7, 5], "rotation": 180, "texture": "#0"},
				"down": {"uv": [5, 5, 7, 6], "rotation": 180, "texture": "#0"}
			}
		},
		{
			"from": [-3, 7, 6],
			"to": [-1, 9, 8],
			"rotation": {"angle": 0, "axis": "y", "origin": [5, 15, 14]},
			"faces": {
				"north": {"uv": [15, 2, 16, 4], "texture": "#0"},
				"east": {"uv": [15, 2, 15.5, 4], "texture": "#0"},
				"south": {"uv": [16, 2, 15, 4], "texture": "#0"},
				"west": {"uv": [15.5, 2, 16, 4], "texture": "#0"},
				"up": {"uv": [15, 2, 16, 3], "rotation": 180, "texture": "#0"}
			}
		},
		{
			"from": [17, 7, 6],
			"to": [19, 9, 8],
			"rotation": {"angle": 0, "axis": "y", "origin": [25, 15, 14]},
			"faces": {
				"north": {"uv": [5, 2, 6, 4], "texture": "#0"},
				"east": {"uv": [5, 2, 5.5, 4], "texture": "#0"},
				"south": {"uv": [6, 2, 5, 4], "texture": "#0"},
				"west": {"uv": [5.5, 2, 6, 4], "texture": "#0"},
				"up": {"uv": [5, 2, 6, 3], "rotation": 180, "texture": "#0"}
			}
		},
		{
			"from": [7, 7, 6],
			"to": [9, 9, 8],
			"rotation": {"angle": 0, "axis": "y", "origin": [15, 15, 14]},
			"faces": {
				"north": {"uv": [10, 2, 11, 4], "texture": "#0"},
				"south": {"uv": [11, 2, 10, 4], "texture": "#0"},
				"up": {"uv": [10, 2, 11, 3], "rotation": 180, "texture": "#0"},
				"down": {"uv": [10, 3, 11, 4], "rotation": 180, "texture": "#0"}
			}
		},
		{
			"from": [5, 5, 7],
			"to": [7, 7, 8],
			"rotation": {"angle": 0, "axis": "y", "origin": [13, 13, 15]},
			"faces": {
				"north": {"uv": [2.5, 6, 3.5, 8], "texture": "#0"},
				"east": {"uv": [2, 6, 2.5, 8], "texture": "#0"},
				"south": {"uv": [1.5, 6, 2.5, 8], "texture": "#0"},
				"west": {"uv": [3.5, 6, 4, 8], "texture": "#0"},
				"down": {"uv": [2.5, 8, 3.5, 9], "rotation": 180, "texture": "#0"}
			}
		},
		{
			"from": [9, 5, 7],
			"to": [11, 7, 8],
			"rotation": {"angle": 0, "axis": "y", "origin": [17, 13, 15]},
			"faces": {
				"north": {"uv": [0.5, 6, 1.5, 8], "texture": "#0"},
				"east": {"uv": [0, 6, 0.5, 8], "texture": "#0"},
				"south": {"uv": [1.5, 6, 2.5, 8], "texture": "#0"},
				"west": {"uv": [1.5, 6, 2, 8], "texture": "#0"},
				"down": {"uv": [0.5, 8, 1.5, 9], "rotation": 180, "texture": "#0"}
			}
		},
		{
			"from": [5, 2, 8],
			"to": [11, 7, 8],
			"rotation": {"angle": 0, "axis": "y", "origin": [13, 11, 6.5]},
			"faces": {
				"north": {"uv": [0.5, 9, 3.5, 14], "texture": "#0"}
			}
		},
		{
			"from": [4, 0, 7],
			"to": [12, 2, 8],
			"rotation": {"angle": 0, "axis": "y", "origin": [12, 11, 15]},
			"faces": {
				"north": {"uv": [4, 8, 12, 10], "texture": "#1"},
				"east": {"uv": [3, 8, 4, 10], "texture": "#1"},
				"west": {"uv": [12, 8, 13, 10], "texture": "#1"},
				"up": {"uv": [4, 7, 12, 8], "rotation": 180, "texture": "#1"},
				"down": {"uv": [4, 10, 12, 11], "rotation": 180, "texture": "#1"}
			}
		},
		{
			"from": [4, 2, 7],
			"to": [5, 5, 8],
			"rotation": {"angle": 0, "axis": "y", "origin": [12, 11, 15]},
			"faces": {
				"north": {"uv": [11, 5, 12, 8], "texture": "#1"},
				"east": {"uv": [10, 5, 11, 8], "texture": "#1"},
				"west": {"uv": [12, 5, 13, 8], "texture": "#1"}
			}
		},
		{
			"from": [11, 2, 7],
			"to": [12, 5, 8],
			"rotation": {"angle": 0, "axis": "y", "origin": [19, 11, 15]},
			"faces": {
				"north": {"uv": [4, 5, 5, 8], "texture": "#1"},
				"east": {"uv": [3, 5, 4, 8], "texture": "#1"},
				"west": {"uv": [5, 5, 6, 8], "texture": "#1"}
			}
		},
		{
			"from": [4, 0, 8],
			"to": [12, 8, 10],
			"rotation": {"angle": 0, "axis": "y", "origin": [8, 11, 8.5]},
			"faces": {
				"east": {"uv": [1, 2, 3, 10], "texture": "#1"},
				"south": {"uv": [12, 2, 4, 10], "texture": "#1"},
				"west": {"uv": [13, 2, 15, 10], "texture": "#1"},
				"up": {"uv": [4, 1, 12, 3], "rotation": 180, "texture": "#1"},
				"down": {"uv": [4, 11, 12, 13], "rotation": 180, "texture": "#1"}
			}
		}
	],
	"display": {
		"head": {
			"translation": [0, 6.5, 0],
			"scale": [1.6, 1.6, 1.6]
		},
		"fixed": {
			"translation": [0, -6, 2.25],
			"scale": [2, 2, 2]
		}
	}
}