{
	"credit": "Made with Blockbench",
	"parent": "block/block",
	"ambientocclusion": false,
	"texture_size": [64, 64],
	"textures": {
		"0": "./bumbo_hat"
	},
	"elements": [
		{
			"from": [-4, 0, -4],
			"to": [20, 1, 20],
			"faces": {
				"up": {"uv": [10, 10, 16, 16], "texture": "#0"},
				"down": {"uv": [10, 16, 16, 10], "texture": "#0"}
			}
		},
		{
			"from": [2, 0, -4],
			"to": [14, 3, -4],
			"faces": {
				"north": {"uv": [11.5, 9.25, 14.5, 10], "texture": "#0"},
				"south": {"uv": [14.5, 9.25, 11.5, 10], "texture": "#0"}
			}
		},
		{
			"from": [20, 0, 2],
			"to": [20, 3, 14],
			"faces": {
				"east": {"uv": [11.5, 9.25, 14.5, 10], "texture": "#0"},
				"west": {"uv": [14.5, 9.25, 11.5, 10], "texture": "#0"}
			}
		},
		{
			"from": [2, 0, 20],
			"to": [14, 3, 20],
			"faces": {
				"north": {"uv": [14.5, 9.25, 11.5, 10], "texture": "#0"},
				"south": {"uv": [11.5, 9.25, 14.5, 10], "texture": "#0"}
			}
		},
		{
			"from": [-4, 0, 2],
			"to": [-4, 3, 14],
			"faces": {
				"east": {"uv": [14.5, 9.25, 11.5, 10], "texture": "#0"},
				"west": {"uv": [11.5, 9.25, 14.5, 10], "texture": "#0"}
			}
		},
		{
			"from": [2, 0, -4],
			"to": [2, 3, -2],
			"rotation": {"angle": 0, "axis": "y", "origin": [8, 8, 9]},
			"faces": {
				"east": {"uv": [15, 9.25, 14.5, 10], "texture": "#0"},
				"west": {"uv": [14.5, 9.25, 15, 10], "texture": "#0"}
			}
		},
		{
			"from": [18, 0, 2],
			"to": [20, 3, 2],
			"rotation": {"angle": 0, "axis": "y", "origin": [7, 8, 8]},
			"faces": {
				"north": {"uv": [14.5, 9.25, 15, 10], "texture": "#0"},
				"south": {"uv": [15, 9.25, 14.5, 10], "texture": "#0"}
			}
		},
		{
			"from": [14, 0, 18],
			"to": [14, 3, 20],
			"rotation": {"angle": 0, "axis": "y", "origin": [8, 8, 7]},
			"faces": {
				"east": {"uv": [14.5, 9.25, 15, 10], "texture": "#0"},
				"west": {"uv": [15, 9.25, 14.5, 10], "texture": "#0"}
			}
		},
		{
			"from": [-4, 0, 14],
			"to": [-2, 3, 14],
			"rotation": {"angle": 0, "axis": "y", "origin": [9, 8, 8]},
			"faces": {
				"north": {"uv": [15, 9.25, 14.5, 10], "texture": "#0"},
				"south": {"uv": [14.5, 9.25, 15, 10], "texture": "#0"}
			}
		},
		{
			"from": [14, 0, -4],
			"to": [14, 3, -2],
			"faces": {
				"east": {"uv": [11, 9.25, 11.5, 10], "texture": "#0"},
				"west": {"uv": [11.5, 9.25, 11, 10], "texture": "#0"}
			}
		},
		{
			"from": [18, 0, 14],
			"to": [20, 3, 14],
			"faces": {
				"north": {"uv": [11.5, 9.25, 11, 10], "texture": "#0"},
				"south": {"uv": [11, 9.25, 11.5, 10], "texture": "#0"}
			}
		},
		{
			"from": [2, 0, 18],
			"to": [2, 3, 20],
			"faces": {
				"east": {"uv": [11.5, 9.25, 11, 10], "texture": "#0"},
				"west": {"uv": [11, 9.25, 11.5, 10], "texture": "#0"}
			}
		},
		{
			"from": [-4, 0, 2],
			"to": [-2, 3, 2],
			"faces": {
				"north": {"uv": [11, 9.25, 11.5, 10], "texture": "#0"},
				"south": {"uv": [11.5, 9.25, 11, 10], "texture": "#0"}
			}
		},
		{
			"from": [-2, 0, -2],
			"to": [2, 3, -2],
			"faces": {
				"north": {"uv": [15, 9.25, 16, 10], "texture": "#0"},
				"south": {"uv": [16, 9.25, 15, 10], "texture": "#0"}
			}
		},
		{
			"from": [18, 0, -2],
			"to": [18, 3, 2],
			"faces": {
				"east": {"uv": [15, 9.25, 16, 10], "texture": "#0"},
				"west": {"uv": [16, 9.25, 15, 10], "texture": "#0"}
			}
		},
		{
			"from": [14, 0, 18],
			"to": [18, 3, 18],
			"faces": {
				"north": {"uv": [16, 9.25, 15, 10], "texture": "#0"},
				"south": {"uv": [15, 9.25, 16, 10], "texture": "#0"}
			}
		},
		{
			"from": [-2, 0, 14],
			"to": [-2, 3, 18],
			"faces": {
				"east": {"uv": [16, 9.25, 15, 10], "texture": "#0"},
				"west": {"uv": [15, 9.25, 16, 10], "texture": "#0"}
			}
		},
		{
			"from": [14, 0, -2],
			"to": [18, 3, -2],
			"faces": {
				"north": {"uv": [10, 9.25, 11, 10], "texture": "#0"},
				"south": {"uv": [11, 9.25, 10, 10], "texture": "#0"}
			}
		},
		{
			"from": [18, 0, 14],
			"to": [18, 3, 18],
			"faces": {
				"east": {"uv": [10, 9.25, 11, 10], "texture": "#0"},
				"west": {"uv": [11, 9.25, 10, 10], "texture": "#0"}
			}
		},
		{
			"from": [-2, 0, 18],
			"to": [2, 3, 18],
			"faces": {
				"north": {"uv": [11, 9.25, 10, 10], "texture": "#0"},
				"south": {"uv": [10, 9.25, 11, 10], "texture": "#0"}
			}
		},
		{
			"from": [-2, 0, -2],
			"to": [-2, 3, 2],
			"faces": {
				"east": {"uv": [11, 9.25, 10, 10], "texture": "#0"},
				"west": {"uv": [10, 9.25, 11, 10], "texture": "#0"}
			}
		},
		{
			"from": [2, 0, 2],
			"to": [14, 12, 14],
			"faces": {
				"north": {"uv": [3, 3, 6, 6], "texture": "#0"},
				"east": {"uv": [0, 3, 3, 6], "texture": "#0"},
				"south": {"uv": [9, 3, 12, 6], "texture": "#0"},
				"west": {"uv": [6, 3, 9, 6], "texture": "#0"},
				"up": {"uv": [3, 0, 6, 3], "texture": "#0"}
			}
		},
		{
			"from": [4, 12, 4],
			"to": [12, 15, 12],
			"faces": {
				"north": {"uv": [2, 8, 4, 8.75], "texture": "#0"},
				"east": {"uv": [0, 8, 2, 8.75], "texture": "#0"},
				"south": {"uv": [6, 8, 8, 8.75], "texture": "#0"},
				"west": {"uv": [4, 8, 6, 8.75], "texture": "#0"},
				"up": {"uv": [2, 6, 4, 8], "rotation": 180, "texture": "#0"}
			}
		}
	],
	"display": {
		"head": {
			"translation": [0, 6.5, 0],
			"scale": [1.6, 1.6, 1.6]
		},
		"fixed": {
			"rotation": [-90, 0, 0],
			"translation": [0, 0, -14],
			"scale": [2, 2, 2]
		}
	}
}