{
	"credit": "Made with Blockbench",
	"parent": "block/block",
	"texture_size": [64, 32],
	"textures": {
		"0": "./camera_1"
	},
	"elements": [
		{
			"name": "head",
			"from": [4, 10, 3],
			"to": [12, 18, 13],
			"rotation": {"angle": 0, "axis": "y", "origin": [8, 14, 8]},
			"faces": {
				"north": {"uv": [2.5, 5, 4.5, 9], "texture": "#0"},
				"east": {"uv": [4.5, 5, 7, 9], "texture": "#0"},
				"south": {"uv": [7, 5, 9, 9], "texture": "#0"},
				"west": {"uv": [0, 5, 2.5, 9], "texture": "#0"},
				"up": {"uv": [2.5, 0, 4.5, 5], "texture": "#0"},
				"down": {"uv": [4.5, 0, 6.5, 5], "texture": "#0"}
			}
		},
		{
			"from": [7.5, -14, 7],
			"to": [8.5, 10, 8],
			"rotation": {"angle": 22.5, "axis": "x", "origin": [8, 10, 8]},
			"faces": {
				"north": {"uv": [9.25, 0.5, 9.5, 12.5], "texture": "#0"},
				"east": {"uv": [9, 0.5, 9.25, 12.5], "texture": "#0"},
				"south": {"uv": [9.75, 0.5, 10, 12.5], "texture": "#0"},
				"west": {"uv": [9.5, 0.5, 9.75, 12.5], "texture": "#0"},
				"up": {"uv": [9.25, 13, 9.5, 13.5], "texture": "#0"},
				"down": {"uv": [9.5, 13, 9.75, 13.5], "texture": "#0"}
			}
		},
		{
			"from": [7.5, -14, 8],
			"to": [8.5, 10, 9],
			"rotation": {"angle": -22.5, "axis": "x", "origin": [8, 10, 8]},
			"faces": {
				"north": {"uv": [9.75, 0.5, 10, 12.5], "texture": "#0"},
				"east": {"uv": [9.5, 0.5, 9.75, 12.5], "texture": "#0"},
				"south": {"uv": [9.25, 0.5, 9.5, 12.5], "texture": "#0"},
				"west": {"uv": [9, 0.5, 9.25, 12.5], "texture": "#0"},
				"up": {"uv": [9.25, 13, 9.5, 13.5], "rotation": 180, "texture": "#0"},
				"down": {"uv": [9.5, 13, 9.75, 13.5], "rotation": 180, "texture": "#0"}
			}
		},
		{
			"from": [8, -14, 7.5],
			"to": [9, 10, 8.5],
			"rotation": {"angle": 22.5, "axis": "z", "origin": [8, 10, 8]},
			"faces": {
				"north": {"uv": [9.5, 0.5, 9.75, 12.5], "texture": "#0"},
				"east": {"uv": [9.25, 0.5, 9.5, 12.5], "texture": "#0"},
				"south": {"uv": [9, 0.5, 9.25, 12.5], "texture": "#0"},
				"west": {"uv": [9.75, 0.5, 10, 12.5], "texture": "#0"},
				"up": {"uv": [9.25, 13, 9.5, 13.5], "rotation": 90, "texture": "#0"},
				"down": {"uv": [9.5, 13, 9.75, 13.5], "rotation": 270, "texture": "#0"}
			}
		},
		{
			"from": [7, -14, 7.5],
			"to": [8, 10, 8.5],
			"rotation": {"angle": -22.5, "axis": "z", "origin": [8, 10, 8]},
			"faces": {
				"north": {"uv": [9, 0.5, 9.25, 12.5], "texture": "#0"},
				"east": {"uv": [9.75, 0.5, 10, 12.5], "texture": "#0"},
				"south": {"uv": [9.5, 0.5, 9.75, 12.5], "texture": "#0"},
				"west": {"uv": [9.25, 0.5, 9.5, 12.5], "texture": "#0"},
				"up": {"uv": [9.25, 13, 9.5, 13.5], "rotation": 270, "texture": "#0"},
				"down": {"uv": [9.5, 13, 9.75, 13.5], "rotation": 90, "texture": "#0"}
			}
		}
	],
	"display": {
		"fixed": {
			"rotation": [-90, 0, 0],
			"translation": [0, 0, -38.25],
			"scale": [2, 2, 2]
		}
	}
}