{
	"credit": "Made with Blockbench",
	"texture_size": [64, 64],
	"textures": {
		"1": "block/jam1",
		"particle": "block/jam1"
	},
	"elements": [
		{
			"name": "strawberryjam",
			"from": [11.82508, 0.546, 11.04087],
			"to": [13.38508, 1.326, 11.04087],
			"rotation": {"angle": 0, "axis": "y", "origin": [11.56841, 4.89711, 8.80418]},
			"faces": {
				"north": {"uv": [0.015, 12.265, 0.485, 12.485], "texture": "#1"},
				"east": {"uv": [-0.008, 12.265, -0.258, 12.485], "texture": "#1"},
				"south": {"uv": [0.515, 12.265, 0.985, 12.485], "texture": "#1"},
				"west": {"uv": [0.492, 12.265, 0.492, 12.485], "texture": "#1"},
				"up": {"uv": [0.485, 12.242, 0.015, 12.242], "texture": "#1"},
				"down": {"uv": [0.985, 12.242, 0.515, 12.242], "texture": "#1"}
			}
		},
		{
			"name": "strawberryjam",
			"from": [9.13408, 0, 6.28287],
			"to": [13.81408, 5.46, 10.96287],
			"rotation": {"angle": 0, "axis": "y", "origin": [11.56841, 4.89711, 8.80418]},
			"faces": {
				"north": {"uv": [1.515, 1.515, 2.985, 3.235], "texture": "#1"},
				"east": {"uv": [0.015, 1.515, 1.485, 3.235], "texture": "#1"},
				"south": {"uv": [4.515, 1.515, 5.985, 3.235], "texture": "#1"},
				"west": {"uv": [3.015, 1.515, 4.485, 3.235], "texture": "#1"},
				"up": {"uv": [2.985, 1.485, 1.515, 0.015], "texture": "#1"},
				"down": {"uv": [4.485, 0.015, 3.015, 1.485], "texture": "#1"}
			}
		},
		{
			"name": "strawberryjam",
			"from": [9.91408, 0.53, 7.06287],
			"to": [13.03408, 3.43, 10.18287],
			"rotation": {"angle": 0, "axis": "y", "origin": [11.56841, 4.89711, 8.80418]},
			"faces": {
				"north": {"uv": [7.015, 8.265, 7.985, 9.235], "texture": "#1"},
				"east": {"uv": [7.015, 8.265, 7.985, 9.235], "texture": "#1"},
				"south": {"uv": [7.015, 8.265, 7.985, 9.235], "texture": "#1"},
				"west": {"uv": [7.015, 8.265, 7.985, 9.235], "texture": "#1"},
				"up": {"uv": [6.985, 7.015, 6.015, 7.985], "texture": "#1"},
				"down": {"uv": [6.985, 7.015, 6.015, 7.985], "texture": "#1"}
			}
		},
		{
			"name": "straberrylid",
			"from": [9.13408, 4.74779, 11.19195],
			"to": [13.81408, 6.30779, 11.19195],
			"rotation": {"angle": 0, "axis": "y", "origin": [11.56841, 4.89711, 8.80418]},
			"faces": {
				"north": {"uv": [12.015, 0.015, 13.485, 0.485], "texture": "#1"},
				"east": {"uv": [11.992, 0.015, 11.992, 0.485], "texture": "#1"},
				"south": {"uv": [13.515, 0.015, 14.985, 0.485], "texture": "#1"},
				"west": {"uv": [13.492, 0.015, 13.492, 0.485], "texture": "#1"},
				"up": {"uv": [13.485, -0.008, 12.015, -0.258], "texture": "#1"},
				"down": {"uv": [14.985, -0.008, 13.515, -0.258], "texture": "#1"}
			}
		},
		{
			"name": "straberrylid",
			"from": [9.13408, 4.74779, 5.96595],
			"to": [13.81408, 6.30779, 5.96595],
			"rotation": {"angle": 0, "axis": "y", "origin": [11.56841, 4.89711, 8.80418]},
			"faces": {
				"north": {"uv": [12.015, 0.015, 13.485, 0.485], "texture": "#1"},
				"east": {"uv": [11.992, 0.015, 11.992, 0.485], "texture": "#1"},
				"south": {"uv": [13.515, 0.015, 14.985, 0.485], "texture": "#1"},
				"west": {"uv": [13.492, 0.015, 13.492, 0.485], "texture": "#1"},
				"up": {"uv": [13.485, -0.008, 12.015, -0.258], "texture": "#1"},
				"down": {"uv": [14.985, -0.008, 13.515, -0.258], "texture": "#1"}
			}
		},
		{
			"name": "straberrylid",
			"from": [14.08755, 4.74486, 6.28365],
			"to": [14.08755, 6.30486, 10.96365],
			"rotation": {"angle": 0, "axis": "y", "origin": [11.56841, 4.89711, 8.80418]},
			"faces": {
				"north": {"uv": [11.992, 0.515, 11.992, 0.985], "texture": "#1"},
				"east": {"uv": [13.485, 0.515, 12.015, 0.985], "texture": "#1"},
				"south": {"uv": [13.492, 0.515, 13.492, 0.985], "texture": "#1"},
				"west": {"uv": [14.985, 0.515, 13.515, 0.985], "texture": "#1"},
				"up": {"uv": [12.015, 0.492, 13.485, 0.492], "rotation": 90, "texture": "#1"},
				"down": {"uv": [13.515, 0.492, 14.985, 0.492], "rotation": 270, "texture": "#1"}
			}
		},
		{
			"name": "straberrylid",
			"from": [8.86155, 4.74486, 6.28365],
			"to": [8.86155, 6.30486, 10.96365],
			"rotation": {"angle": 0, "axis": "y", "origin": [11.56841, 4.89711, 8.80418]},
			"faces": {
				"north": {"uv": [11.992, 0.515, 11.992, 0.985], "texture": "#1"},
				"east": {"uv": [13.485, 0.515, 12.015, 0.985], "texture": "#1"},
				"south": {"uv": [13.492, 0.515, 13.492, 0.985], "texture": "#1"},
				"west": {"uv": [14.985, 0.515, 13.515, 0.985], "texture": "#1"},
				"up": {"uv": [12.015, 0.492, 13.485, 0.492], "rotation": 90, "texture": "#1"},
				"down": {"uv": [13.515, 0.492, 14.985, 0.492], "rotation": 270, "texture": "#1"}
			}
		},
		{
			"name": "straberrylid",
			"from": [9.13408, 5.46, 6.28287],
			"to": [13.81408, 7.02, 10.96287],
			"rotation": {"angle": 0, "axis": "y", "origin": [11.56841, 4.89711, 8.80418]},
			"faces": {
				"north": {"uv": [6.015, 6.515, 7.485, 6.985], "texture": "#1"},
				"east": {"uv": [4.515, 6.515, 5.985, 6.985], "texture": "#1"},
				"south": {"uv": [9.015, 6.515, 10.485, 6.985], "texture": "#1"},
				"west": {"uv": [7.515, 6.515, 8.985, 6.985], "texture": "#1"},
				"up": {"uv": [7.485, 6.485, 6.015, 5.015], "texture": "#1"},
				"down": {"uv": [8.985, 5.015, 7.515, 6.485], "texture": "#1"}
			}
		},
		{
			"name": "strawberryrope",
			"from": [8.74408, 5.616, 11.31387],
			"to": [14.20408, 6.396, 11.31387],
			"rotation": {"angle": 0, "axis": "y", "origin": [11.56841, 4.89711, 8.80418]},
			"faces": {
				"north": {"uv": [1.765, 11.015, 3.485, 11.235], "texture": "#1"},
				"east": {"uv": [0.015, 11.015, 1.735, 11.235], "texture": "#1"},
				"south": {"uv": [5.265, 11.015, 6.985, 11.235], "texture": "#1"},
				"west": {"uv": [3.515, 11.015, 5.235, 11.235], "texture": "#1"},
				"up": {"uv": [3.485, 10.985, 1.765, 9.265], "texture": "#1"},
				"down": {"uv": [5.235, 9.265, 3.515, 10.985], "texture": "#1"}
			}
		},
		{
			"name": "strawberryrope",
			"from": [8.74408, 5.616, 5.85387],
			"to": [14.20408, 6.396, 5.85387],
			"rotation": {"angle": 0, "axis": "y", "origin": [11.56841, 4.89711, 8.80418]},
			"faces": {
				"north": {"uv": [1.765, 11.015, 3.485, 11.235], "texture": "#1"},
				"east": {"uv": [0.015, 11.015, 1.735, 11.235], "texture": "#1"},
				"south": {"uv": [5.265, 11.015, 6.985, 11.235], "texture": "#1"},
				"west": {"uv": [3.515, 11.015, 5.235, 11.235], "texture": "#1"},
				"up": {"uv": [3.485, 10.985, 1.765, 9.265], "texture": "#1"},
				"down": {"uv": [5.235, 9.265, 3.515, 10.985], "texture": "#1"}
			}
		},
		{
			"name": "strawberryrope",
			"from": [14.20408, 5.616, 5.85387],
			"to": [14.20408, 6.396, 11.31387],
			"rotation": {"angle": 0, "axis": "y", "origin": [11.56841, 4.89711, 8.80418]},
			"faces": {
				"north": {"uv": [1.765, 11.015, 3.485, 11.235], "texture": "#1"},
				"east": {"uv": [0.015, 11.015, 1.735, 11.235], "texture": "#1"},
				"south": {"uv": [5.265, 11.015, 6.985, 11.235], "texture": "#1"},
				"west": {"uv": [3.515, 11.015, 5.235, 11.235], "texture": "#1"},
				"up": {"uv": [3.485, 10.985, 1.765, 9.265], "texture": "#1"},
				"down": {"uv": [5.235, 9.265, 3.515, 10.985], "texture": "#1"}
			}
		},
		{
			"name": "strawberryrope",
			"from": [8.74408, 5.616, 5.85387],
			"to": [8.74408, 6.396, 11.31387],
			"rotation": {"angle": 0, "axis": "y", "origin": [11.56841, 4.89711, 8.80418]},
			"faces": {
				"north": {"uv": [1.765, 11.015, 3.485, 11.235], "texture": "#1"},
				"east": {"uv": [0.015, 11.015, 1.735, 11.235], "texture": "#1"},
				"south": {"uv": [5.265, 11.015, 6.985, 11.235], "texture": "#1"},
				"west": {"uv": [3.515, 11.015, 5.235, 11.235], "texture": "#1"},
				"up": {"uv": [3.485, 10.985, 1.765, 9.265], "texture": "#1"},
				"down": {"uv": [5.235, 9.265, 3.515, 10.985], "texture": "#1"}
			}
		},
		{
			"name": "blueberryjam",
			"from": [4.79708, 0.546, 9.48087],
			"to": [6.35708, 1.326, 9.48087],
			"rotation": {"angle": 0, "axis": "y", "origin": [5.2544, 5.00738, 8.36721]},
			"faces": {
				"north": {"uv": [0.015, 12.265, 0.485, 12.485], "texture": "#1"},
				"east": {"uv": [-0.008, 12.265, -0.258, 12.485], "texture": "#1"},
				"south": {"uv": [0.515, 12.265, 0.985, 12.485], "texture": "#1"},
				"west": {"uv": [0.492, 12.265, 0.492, 12.485], "texture": "#1"},
				"up": {"uv": [0.485, 12.242, 0.015, 12.242], "texture": "#1"},
				"down": {"uv": [0.985, 12.242, 0.515, 12.242], "texture": "#1"}
			}
		},
		{
			"name": "blueberryjam",
			"from": [2.10608, 0, 4.72287],
			"to": [6.78608, 5.46, 9.40287],
			"rotation": {"angle": 0, "axis": "y", "origin": [5.2544, 5.00738, 8.36721]},
			"faces": {
				"north": {"uv": [1.515, 1.515, 2.985, 3.235], "texture": "#1"},
				"east": {"uv": [0.015, 1.515, 1.485, 3.235], "texture": "#1"},
				"south": {"uv": [4.515, 1.515, 5.985, 3.235], "texture": "#1"},
				"west": {"uv": [3.015, 1.515, 4.485, 3.235], "texture": "#1"},
				"up": {"uv": [2.985, 1.485, 1.515, 0.015], "texture": "#1"},
				"down": {"uv": [4.485, 0.015, 3.015, 1.485], "texture": "#1"}
			}
		},
		{
			"name": "blueberryjam",
			"from": [2.88608, 0.53, 5.50287],
			"to": [6.00608, 4.43, 8.62287],
			"rotation": {"angle": 0, "axis": "y", "origin": [5.2544, 5.00738, 8.36721]},
			"faces": {
				"north": {"uv": [3.015, 7.515, 3.985, 8.735], "texture": "#1"},
				"east": {"uv": [3.015, 7.515, 3.985, 8.735], "texture": "#1"},
				"south": {"uv": [3.015, 7.515, 3.985, 8.735], "texture": "#1"},
				"west": {"uv": [3.015, 7.515, 3.985, 8.735], "texture": "#1"},
				"up": {"uv": [3.985, 7.515, 3.015, 8.485], "texture": "#1"},
				"down": {"uv": [3.985, 7.515, 3.015, 8.485], "texture": "#1"}
			}
		},
		{
			"name": "blueberrrylid",
			"from": [2.10608, 4.62868, 9.57765],
			"to": [6.78608, 6.18868, 9.57765],
			"rotation": {"angle": 0, "axis": "x", "origin": [5.2544, 5.00738, 8.36721]},
			"faces": {
				"north": {"uv": [9.015, 0.015, 10.485, 0.485], "texture": "#1"},
				"east": {"uv": [8.992, 0.015, 8.992, 0.485], "texture": "#1"},
				"south": {"uv": [10.515, 0.015, 11.985, 0.485], "texture": "#1"},
				"west": {"uv": [10.492, 0.015, 10.492, 0.485], "texture": "#1"},
				"up": {"uv": [10.485, -0.008, 9.015, -0.258], "texture": "#1"},
				"down": {"uv": [11.985, -0.008, 10.515, -0.258], "texture": "#1"}
			}
		},
		{
			"name": "blueberrrylid",
			"from": [2.10608, 4.62868, 4.39065],
			"to": [6.78608, 6.18868, 4.39065],
			"rotation": {"angle": 0, "axis": "x", "origin": [5.2544, 5.00738, 8.36721]},
			"faces": {
				"north": {"uv": [9.015, 0.015, 10.485, 0.485], "texture": "#1"},
				"east": {"uv": [8.992, 0.015, 8.992, 0.485], "texture": "#1"},
				"south": {"uv": [10.515, 0.015, 11.985, 0.485], "texture": "#1"},
				"west": {"uv": [10.492, 0.015, 10.492, 0.485], "texture": "#1"},
				"up": {"uv": [10.485, -0.008, 9.015, -0.258], "texture": "#1"},
				"down": {"uv": [11.985, -0.008, 10.515, -0.258], "texture": "#1"}
			}
		},
		{
			"name": "blueberrrylid",
			"from": [1.91296, 4.63977, 4.56765],
			"to": [1.91296, 6.19977, 9.24765],
			"rotation": {"angle": 0, "axis": "y", "origin": [5.2544, 5.00738, 8.36721]},
			"faces": {
				"north": {"uv": [8.992, 0.515, 8.992, 0.985], "texture": "#1"},
				"east": {"uv": [10.515, 0.515, 11.985, 0.985], "texture": "#1"},
				"south": {"uv": [10.492, 0.515, 10.492, 0.985], "texture": "#1"},
				"west": {"uv": [9.015, 0.515, 10.485, 0.985], "texture": "#1"},
				"up": {"uv": [10.485, 0.492, 9.015, 0.492], "rotation": 270, "texture": "#1"},
				"down": {"uv": [11.985, 0.492, 10.515, 0.492], "rotation": 90, "texture": "#1"}
			}
		},
		{
			"name": "blueberrrylid",
			"from": [7.06096, 4.63977, 4.56765],
			"to": [7.06096, 6.19977, 9.24765],
			"rotation": {"angle": 0, "axis": "y", "origin": [5.2544, 5.00738, 8.36721]},
			"faces": {
				"north": {"uv": [8.992, 0.515, 8.992, 0.985], "texture": "#1"},
				"east": {"uv": [10.515, 0.515, 11.985, 0.985], "texture": "#1"},
				"south": {"uv": [10.492, 0.515, 10.492, 0.985], "texture": "#1"},
				"west": {"uv": [9.015, 0.515, 10.485, 0.985], "texture": "#1"},
				"up": {"uv": [10.485, 0.492, 9.015, 0.492], "rotation": 270, "texture": "#1"},
				"down": {"uv": [11.985, 0.492, 10.515, 0.492], "rotation": 90, "texture": "#1"}
			}
		},
		{
			"name": "blueberrrylid",
			"from": [2.10608, 5.46, 4.72287],
			"to": [6.78608, 7.02, 9.40287],
			"rotation": {"angle": 0, "axis": "y", "origin": [5.2544, 5.00738, 8.36721]},
			"faces": {
				"north": {"uv": [6.015, 3.265, 7.485, 3.735], "texture": "#1"},
				"east": {"uv": [4.515, 3.265, 5.985, 3.735], "texture": "#1"},
				"south": {"uv": [9.015, 3.265, 10.485, 3.735], "texture": "#1"},
				"west": {"uv": [7.515, 3.265, 8.985, 3.735], "texture": "#1"},
				"up": {"uv": [7.485, 3.235, 6.015, 1.765], "texture": "#1"},
				"down": {"uv": [8.985, 1.765, 7.515, 3.235], "texture": "#1"}
			}
		},
		{
			"name": "blueberryrope",
			"from": [1.24808, 1.95, 9.79287],
			"to": [3.58808, 5.85, 9.79287],
			"rotation": {"angle": 0, "axis": "z", "origin": [5.2544, 5.00738, 8.36721]},
			"faces": {
				"north": {"uv": [0.015, 14.015, 1.235, 14.735], "rotation": 270, "texture": "#1"},
				"east": {"uv": [1.235, 13.992, 0.015, 13.992], "rotation": 90, "texture": "#1"},
				"south": {"uv": [1.265, 14.015, 2.485, 14.735], "rotation": 90, "texture": "#1"},
				"west": {"uv": [2.485, 13.992, 1.265, 13.992], "rotation": 90, "texture": "#1"},
				"up": {"uv": [1.242, 14.015, 1.242, 14.735], "rotation": 90, "texture": "#1"},
				"down": {"uv": [-0.008, 14.015, -0.258, 14.735], "rotation": 90, "texture": "#1"}
			}
		},
		{
			"name": "blueberryrope",
			"from": [2.11679, 6.5455, 10.10487],
			"to": [6.01679, 8.8855, 10.10487],
			"rotation": {"angle": 45, "axis": "z", "origin": [5.2544, 5.00738, 8.36721]},
			"faces": {
				"north": {"uv": [0.015, 13.265, 1.235, 13.985], "texture": "#1"},
				"east": {"uv": [-0.008, 13.265, -0.258, 13.985], "texture": "#1"},
				"south": {"uv": [1.265, 13.265, 2.485, 13.985], "texture": "#1"},
				"west": {"uv": [1.242, 13.265, 1.242, 13.985], "texture": "#1"},
				"up": {"uv": [1.235, 13.242, 0.015, 13.242], "texture": "#1"},
				"down": {"uv": [2.485, 13.242, 1.265, 13.242], "texture": "#1"}
			}
		},
		{
			"name": "blueberryrope",
			"from": [1.11227, 5.86568, 9.94887],
			"to": [5.01227, 8.20568, 9.94887],
			"rotation": {"angle": 22.5, "axis": "z", "origin": [5.2544, 5.00738, 8.36721]},
			"faces": {
				"north": {"uv": [0.015, 12.515, 1.235, 13.235], "texture": "#1"},
				"east": {"uv": [-0.008, 12.515, -0.258, 13.235], "texture": "#1"},
				"south": {"uv": [1.265, 12.515, 2.485, 13.235], "texture": "#1"},
				"west": {"uv": [1.242, 12.515, 1.242, 13.235], "texture": "#1"},
				"up": {"uv": [1.235, 12.492, 0.015, 12.492], "texture": "#1"},
				"down": {"uv": [2.485, 12.492, 1.265, 12.492], "texture": "#1"}
			}
		},
		{
			"name": "blueberryrope",
			"from": [9.67208, 1.872, 11.35287],
			"to": [12.01208, 5.772, 11.35287],
			"rotation": {"angle": 0, "axis": "z", "origin": [5.2544, 5.00738, 8.36721]},
			"faces": {
				"north": {"uv": [0.015, 14.735, 1.235, 14.015], "rotation": 270, "texture": "#1"},
				"east": {"uv": [1.235, 13.992, 0.015, 13.992], "rotation": 90, "texture": "#1"},
				"south": {"uv": [1.265, 14.735, 2.485, 14.015], "rotation": 90, "texture": "#1"},
				"west": {"uv": [2.485, 13.992, 1.265, 13.992], "rotation": 90, "texture": "#1"},
				"up": {"uv": [1.242, 14.015, 1.242, 14.735], "rotation": 90, "texture": "#1"},
				"down": {"uv": [-0.008, 14.015, -0.258, 14.735], "rotation": 90, "texture": "#1"}
			}
		},
		{
			"name": "blueberryrope",
			"from": [8.01831, 0.53368, 11.66487],
			"to": [11.91831, 2.87368, 11.66487],
			"rotation": {"angle": 45, "axis": "z", "origin": [5.2544, 5.00738, 8.36721]},
			"faces": {
				"north": {"uv": [0.015, 13.265, 1.235, 13.985], "texture": "#1"},
				"east": {"uv": [-0.008, 13.265, -0.258, 13.985], "texture": "#1"},
				"south": {"uv": [1.265, 13.265, 2.485, 13.985], "texture": "#1"},
				"west": {"uv": [1.242, 13.265, 1.242, 13.985], "texture": "#1"},
				"up": {"uv": [1.235, 13.242, 0.015, 13.242], "texture": "#1"},
				"down": {"uv": [2.485, 13.242, 1.265, 13.242], "texture": "#1"}
			}
		},
		{
			"name": "blueberryrope",
			"from": [8.86518, 2.56989, 11.50887],
			"to": [12.76518, 4.90989, 11.50887],
			"rotation": {"angle": 22.5, "axis": "z", "origin": [5.2544, 5.00738, 8.36721]},
			"faces": {
				"north": {"uv": [0.015, 12.515, 1.235, 13.235], "texture": "#1"},
				"east": {"uv": [-0.008, 12.515, -0.258, 13.235], "texture": "#1"},
				"south": {"uv": [1.265, 12.515, 2.485, 13.235], "texture": "#1"},
				"west": {"uv": [1.242, 12.515, 1.242, 13.235], "texture": "#1"},
				"up": {"uv": [1.235, 12.492, 0.015, 12.492], "texture": "#1"},
				"down": {"uv": [2.485, 12.492, 1.265, 12.492], "texture": "#1"}
			}
		},
		{
			"name": "blueberryrope",
			"from": [1.71608, 5.616, 4.21587],
			"to": [1.71608, 6.396, 9.67587],
			"rotation": {"angle": 0, "axis": "y", "origin": [5.2544, 5.00738, 8.36721]},
			"faces": {
				"north": {"uv": [1.765, 11.015, 3.485, 11.235], "texture": "#1"},
				"east": {"uv": [0.015, 11.015, 1.735, 11.235], "texture": "#1"},
				"south": {"uv": [5.265, 11.015, 6.985, 11.235], "texture": "#1"},
				"west": {"uv": [3.515, 11.015, 5.235, 11.235], "texture": "#1"},
				"up": {"uv": [3.485, 10.985, 1.765, 9.265], "texture": "#1"},
				"down": {"uv": [5.235, 9.265, 3.515, 10.985], "texture": "#1"}
			}
		},
		{
			"name": "blueberryrope",
			"from": [1.71608, 5.616, 4.21587],
			"to": [7.17608, 6.396, 4.21587],
			"rotation": {"angle": 0, "axis": "y", "origin": [5.2544, 5.00738, 8.36721]},
			"faces": {
				"north": {"uv": [1.765, 11.015, 3.485, 11.235], "texture": "#1"},
				"east": {"uv": [0.015, 11.015, 1.735, 11.235], "texture": "#1"},
				"south": {"uv": [5.265, 11.015, 6.985, 11.235], "texture": "#1"},
				"west": {"uv": [3.515, 11.015, 5.235, 11.235], "texture": "#1"},
				"up": {"uv": [3.485, 10.985, 1.765, 9.265], "texture": "#1"},
				"down": {"uv": [5.235, 9.265, 3.515, 10.985], "texture": "#1"}
			}
		},
		{
			"name": "blueberryrope",
			"from": [1.71608, 5.616, 9.67587],
			"to": [7.17608, 6.396, 9.67587],
			"rotation": {"angle": 0, "axis": "y", "origin": [5.2544, 5.00738, 8.36721]},
			"faces": {
				"north": {"uv": [1.765, 11.015, 3.485, 11.235], "texture": "#1"},
				"east": {"uv": [0.015, 11.015, 1.735, 11.235], "texture": "#1"},
				"south": {"uv": [5.265, 11.015, 6.985, 11.235], "texture": "#1"},
				"west": {"uv": [3.515, 11.015, 5.235, 11.235], "texture": "#1"},
				"up": {"uv": [3.485, 10.985, 1.765, 9.265], "texture": "#1"},
				"down": {"uv": [5.235, 9.265, 3.515, 10.985], "texture": "#1"}
			}
		},
		{
			"name": "blueberryrope",
			"from": [7.17608, 5.616, 4.21587],
			"to": [7.17608, 6.396, 9.67587],
			"rotation": {"angle": 0, "axis": "y", "origin": [5.2544, 5.00738, 8.36721]},
			"faces": {
				"north": {"uv": [1.765, 11.015, 3.485, 11.235], "texture": "#1"},
				"east": {"uv": [0.015, 11.015, 1.735, 11.235], "texture": "#1"},
				"south": {"uv": [5.265, 11.015, 6.985, 11.235], "texture": "#1"},
				"west": {"uv": [3.515, 11.015, 5.235, 11.235], "texture": "#1"},
				"up": {"uv": [3.485, 10.985, 1.765, 9.265], "texture": "#1"},
				"down": {"uv": [5.235, 9.265, 3.515, 10.985], "texture": "#1"}
			}
		}
	],
	"display": {
		"thirdperson_righthand": {
			"rotation": [65, -180, 0],
			"translation": [-6, 3, 3.75]
		},
		"firstperson_righthand": {
			"translation": [-9, 1.75, 0]
		},
		"ground": {
			"translation": [0, 4, 0]
		},
		"gui": {
			"rotation": [24, 24, 0],
			"translation": [0, 4, 0]
		},
		"fixed": {
			"rotation": [-90, -180, 0],
			"translation": [0, 0, -15],
			"scale": [2, 2, 2]
		}
	},
	"groups": [
		{
			"name": "jam1",
			"origin": [0, 0, 0],
			"color": 0,
			"children": [
				{
					"name": "strawberryjam",
					"origin": [0, 0, 0],
					"color": 1,
					"children": [
						0,
						1,
						2,
						{
							"name": "straberrylid",
							"origin": [7.6, 0, 2],
							"color": 2,
							"children": [3, 4, 5, 6, 7]
						},
						{
							"name": "strawberryrope",
							"origin": [7.6, 0.2, 2.1],
							"color": 3,
							"children": [8, 9, 10, 11]
						}
					]
				},
				{
					"name": "blueberryjam",
					"origin": [0, 0, 0],
					"color": 4,
					"children": [
						12,
						13,
						14,
						{
							"name": "blueberrrylid",
							"origin": [0, 0, 0],
							"color": 5,
							"children": [15, 16, 17, 18, 19]
						},
						{
							"name": "blueberryrope",
							"origin": [0, 0.2, 0],
							"color": 6,
							"children": [20, 21, 22, 23, 24, 25, 26, 27, 28, 29]
						}
					]
				}
			]
		}
	]
}