{
	"credit": "Made with Blockbench",
	"textures": {
		"0": "block/jam2",
		"particle": "block/jam2"
	},
	"elements": [
		{
			"name": "glass",
			"from": [2, 0, 5],
			"to": [7, 6, 10],
			"rotation": {"angle": 0, "axis": "y", "origin": [4.49978, 3.85, 7.47256]},
			"faces": {
				"north": {"uv": [0.06, 0.06, 4.94, 6.94], "texture": "#0"},
				"east": {"uv": [0.06, 0.06, 4.94, 6.94], "texture": "#0"},
				"south": {"uv": [0.06, 0.06, 4.88, 6.94], "texture": "#0"},
				"west": {"uv": [0.06, 0.06, 4.94, 6.94], "texture": "#0"},
				"down": {"uv": [0.06, 7.06, 4.94, 11.94], "texture": "#0"}
			}
		},
		{
			"name": "jam",
			"from": [2.75, 0.5, 5.75],
			"to": [6.25, 4.5, 9.25],
			"rotation": {"angle": 0, "axis": "y", "origin": [4.49978, 3.85, 7.47256]},
			"faces": {
				"north": {"uv": [13.06, 0.06, 15.94, 3.94], "texture": "#0"},
				"east": {"uv": [13.06, 0.06, 15.94, 3.94], "texture": "#0"},
				"south": {"uv": [13.06, 0.06, 15.94, 3.94], "texture": "#0"},
				"west": {"uv": [13.06, 0.06, 15.94, 3.94], "texture": "#0"},
				"up": {"uv": [13.06, 0.06, 15.94, 2.94], "texture": "#0"},
				"down": {"uv": [13.06, 0.06, 15.94, 2.94], "texture": "#0"}
			}
		},
		{
			"name": "lid",
			"from": [1.75, 6, 4.75],
			"to": [7.25, 7, 10.25],
			"rotation": {"angle": 0, "axis": "y", "origin": [4.49978, 3.85, 7.47256]},
			"faces": {
				"north": {"uv": [5.06, 4.06, 9.94, 4.94], "texture": "#0"},
				"east": {"uv": [5.06, 4.06, 9.94, 4.94], "texture": "#0"},
				"south": {"uv": [5.06, 4.06, 9.94, 4.94], "texture": "#0"},
				"west": {"uv": [5.06, 0.06, 9.94, 0.94], "texture": "#0"},
				"up": {"uv": [5.06, 0.06, 9.94, 4.94], "texture": "#0"},
				"down": {"uv": [5.06, 0.06, 9.94, 4.94], "texture": "#0"}
			}
		},
		{
			"from": [1.9, 5, 10.05],
			"to": [7.1, 5.75, 10.05],
			"rotation": {"angle": 0, "axis": "y", "origin": [4.49978, 3.85, 7.47256]},
			"faces": {
				"north": {"uv": [0.06, 12.06, 4.94, 12.94], "texture": "#0"},
				"east": {"uv": [0.06, 12.06, 4.94, 12.94], "texture": "#0"},
				"south": {"uv": [0.06, 12.06, 4.94, 12.94], "texture": "#0"},
				"west": {"uv": [0.06, 12.06, 4.94, 12.94], "texture": "#0"},
				"up": {"uv": [0.06, 12.06, 4.94, 12.94], "texture": "#0"},
				"down": {"uv": [0.06, 12.06, 4.94, 12.94], "texture": "#0"}
			}
		},
		{
			"from": [1.4, 3.07574, 10.63276],
			"to": [2.4, 5.07574, 10.63276],
			"rotation": {"angle": -22.5, "axis": "x", "origin": [2.4, 4.07574, 10.43276]},
			"faces": {
				"north": {"uv": [7.06, 5.06, 7.94, 6.94], "texture": "#0"},
				"east": {"uv": [7.06, 5.06, 7.94, 6.94], "texture": "#0"},
				"south": {"uv": [7.06, 5.06, 7.94, 6.94], "texture": "#0"},
				"west": {"uv": [7.06, 5.06, 7.94, 6.94], "texture": "#0"},
				"up": {"uv": [7.06, 5.06, 7.94, 6.94], "texture": "#0"},
				"down": {"uv": [7.06, 5.06, 7.94, 6.94], "texture": "#0"}
			}
		},
		{
			"from": [0.75, 4.47574, 10.18276],
			"to": [1.75, 5.47574, 10.18276],
			"rotation": {"angle": -22.5, "axis": "x", "origin": [2.4, 4.07574, 10.43276]},
			"faces": {
				"north": {"uv": [5.06, 12.06, 6, 12.94], "texture": "#0"},
				"east": {"uv": [5.06, 12.06, 6, 12.94], "texture": "#0"},
				"south": {"uv": [5.06, 12.06, 6, 12.94], "texture": "#0"},
				"west": {"uv": [5.06, 12.06, 6, 12.94], "texture": "#0"},
				"up": {"uv": [5.06, 12.06, 6, 12.94], "texture": "#0"},
				"down": {"uv": [5.06, 12.06, 6, 12.94], "texture": "#0"}
			}
		},
		{
			"from": [1.899, 5, 4.851],
			"to": [1.899, 5.75, 10.051],
			"rotation": {"angle": 0, "axis": "y", "origin": [4.49978, 3.85, 7.47256]},
			"faces": {
				"north": {"uv": [0.06, 12.06, 4.94, 12.94], "texture": "#0"},
				"east": {"uv": [0.06, 12.06, 4.94, 12.94], "texture": "#0"},
				"south": {"uv": [0.06, 12.06, 4.94, 12.94], "texture": "#0"},
				"west": {"uv": [0.06, 12.06, 4.94, 12.94], "texture": "#0"},
				"up": {"uv": [0.06, 12.06, 4.94, 12.94], "rotation": 270, "texture": "#0"},
				"down": {"uv": [0.06, 12.06, 4.94, 12.94], "rotation": 90, "texture": "#0"}
			}
		},
		{
			"from": [1.9, 5, 4.851],
			"to": [7.1, 5.75, 4.851],
			"rotation": {"angle": 0, "axis": "y", "origin": [4.49978, 3.85, 7.47256]},
			"faces": {
				"north": {"uv": [0.06, 12.06, 4.94, 12.94], "texture": "#0"},
				"east": {"uv": [0.06, 12.06, 4.94, 12.94], "texture": "#0"},
				"south": {"uv": [0.06, 12.06, 4.94, 12.94], "texture": "#0"},
				"west": {"uv": [0.06, 12.06, 4.94, 12.94], "texture": "#0"},
				"up": {"uv": [0.06, 12.06, 4.94, 12.94], "texture": "#0"},
				"down": {"uv": [0.06, 12.06, 4.94, 12.94], "texture": "#0"}
			}
		},
		{
			"from": [7.099, 5, 4.851],
			"to": [7.099, 5.75, 10.051],
			"rotation": {"angle": 0, "axis": "y", "origin": [4.49978, 3.85, 7.47256]},
			"faces": {
				"north": {"uv": [0.06, 12.06, 4.94, 12.94], "texture": "#0"},
				"east": {"uv": [0.06, 12.06, 4.94, 12.94], "texture": "#0"},
				"south": {"uv": [0.06, 12.06, 4.94, 12.94], "texture": "#0"},
				"west": {"uv": [0.06, 12.06, 4.94, 12.94], "texture": "#0"},
				"up": {"uv": [0.06, 12.06, 4.94, 12.94], "rotation": 270, "texture": "#0"},
				"down": {"uv": [0.06, 12.06, 4.94, 12.94], "rotation": 90, "texture": "#0"}
			}
		},
		{
			"from": [2.2, 0.2, 10.05],
			"to": [3.7, 0.95, 10.05],
			"rotation": {"angle": 0, "axis": "y", "origin": [4.49978, 3.85, 7.47256]},
			"faces": {
				"north": {"uv": [5.06, 5.06, 6.94, 5.94], "texture": "#0"},
				"east": {"uv": [5.06, 5.06, 6.94, 5.94], "texture": "#0"},
				"south": {"uv": [5.06, 5.06, 6.94, 5.94], "texture": "#0"},
				"west": {"uv": [5.06, 5.06, 6.94, 5.94], "texture": "#0"},
				"up": {"uv": [5.06, 5.06, 6.94, 5.94], "texture": "#0"},
				"down": {"uv": [5.06, 5.06, 6.94, 5.94], "texture": "#0"}
			}
		},
		{
			"from": [5.3, 0.2, 4.9],
			"to": [6.8, 0.95, 4.9],
			"rotation": {"angle": 0, "axis": "y", "origin": [4.49978, 3.85, 7.47256]},
			"faces": {
				"north": {"uv": [5.06, 5.06, 6.94, 5.94], "texture": "#0"},
				"east": {"uv": [5.06, 5.06, 6.94, 5.94], "texture": "#0"},
				"south": {"uv": [5.06, 5.06, 6.94, 5.94], "texture": "#0"},
				"west": {"uv": [5.06, 5.06, 6.94, 5.94], "texture": "#0"},
				"up": {"uv": [5.06, 5.06, 6.94, 5.94], "texture": "#0"},
				"down": {"uv": [5.06, 5.06, 6.94, 5.94], "texture": "#0"}
			}
		},
		{
			"name": "jam",
			"from": [9.75, 0.5, 6.75],
			"to": [13.25, 5.5, 10.25],
			"rotation": {"angle": 0, "axis": "y", "origin": [10.59167, 2.37083, 7.89167]},
			"faces": {
				"north": {"uv": [13.06, 0.06, 15.94, 4.94], "texture": "#0"},
				"east": {"uv": [13.06, 0.06, 15.94, 4.94], "texture": "#0"},
				"south": {"uv": [13.06, 0.06, 15.94, 4.94], "texture": "#0"},
				"west": {"uv": [13.06, 0.06, 15.94, 4.94], "texture": "#0"},
				"up": {"uv": [13.06, 0.06, 15.94, 2.94], "texture": "#0"},
				"down": {"uv": [13.06, 0.06, 15.94, 2.94], "texture": "#0"}
			}
		},
		{
			"name": "glass",
			"from": [9, 0, 6],
			"to": [14, 6, 11],
			"rotation": {"angle": 0, "axis": "y", "origin": [10.59167, 2.37083, 7.89167]},
			"faces": {
				"north": {"uv": [0.06, 0.06, 4.94, 6.94], "texture": "#0"},
				"east": {"uv": [0.06, 0.06, 4.94, 6.94], "texture": "#0"},
				"south": {"uv": [0.06, 0.06, 4.94, 6.94], "texture": "#0"},
				"west": {"uv": [0.06, 0.06, 4.94, 6.94], "texture": "#0"},
				"down": {"uv": [0.06, 7.06, 4.94, 11.94], "texture": "#0"}
			}
		},
		{
			"name": "lid",
			"from": [8.75, 6, 5.75],
			"to": [14.25, 7, 11.25],
			"rotation": {"angle": 0, "axis": "y", "origin": [11.5, 6.5, 8.5]},
			"faces": {
				"north": {"uv": [5.06, 4.06, 9.94, 4.94], "texture": "#0"},
				"east": {"uv": [5.06, 4.06, 9.94, 4.94], "texture": "#0"},
				"south": {"uv": [5.06, 4.06, 9.94, 4.94], "texture": "#0"},
				"west": {"uv": [5.06, 0.06, 9.94, 0.94], "texture": "#0"},
				"up": {"uv": [5.06, 0.06, 9.94, 4.94], "texture": "#0"},
				"down": {"uv": [5.06, 0.06, 9.94, 4.94], "texture": "#0"}
			}
		},
		{
			"from": [8.9, 5, 11.05],
			"to": [14.1, 5.75, 11.05],
			"rotation": {"angle": 0, "axis": "y", "origin": [11.49978, 3.85, 8.47256]},
			"faces": {
				"north": {"uv": [0.06, 12.06, 4.94, 12.94], "texture": "#0"},
				"east": {"uv": [0.06, 12.06, 4.94, 12.94], "texture": "#0"},
				"south": {"uv": [0.06, 12.06, 4.94, 12.94], "texture": "#0"},
				"west": {"uv": [0.06, 12.06, 4.94, 12.94], "texture": "#0"},
				"up": {"uv": [0.06, 12.06, 4.94, 12.94], "texture": "#0"},
				"down": {"uv": [0.06, 12.06, 4.94, 12.94], "texture": "#0"}
			}
		},
		{
			"from": [14.0176, -0.32848, 8.051],
			"to": [14.0176, 1.67152, 9.051],
			"rotation": {"angle": 22.5, "axis": "z", "origin": [5.4676, 4.67152, 11.051]},
			"faces": {
				"north": {"uv": [7.94, 5.06, 7.06, 6.94], "texture": "#0"},
				"east": {"uv": [7.94, 5.06, 7.06, 6.94], "texture": "#0"},
				"south": {"uv": [7.94, 5.06, 7.06, 6.94], "texture": "#0"},
				"west": {"uv": [7.94, 5.06, 7.06, 6.94], "texture": "#0"},
				"up": {"uv": [7.06, 6.94, 7.94, 5.06], "rotation": 90, "texture": "#0"},
				"down": {"uv": [7.06, 6.94, 7.94, 5.06], "rotation": 270, "texture": "#0"}
			}
		},
		{
			"from": [13.8176, 1.07152, 8.651],
			"to": [13.8176, 2.07152, 9.651],
			"rotation": {"angle": 22.5, "axis": "z", "origin": [5.4676, 4.67152, 11.051]},
			"faces": {
				"north": {"uv": [6, 12.06, 5.06, 12.94], "texture": "#0"},
				"east": {"uv": [6, 12.06, 5.06, 12.94], "texture": "#0"},
				"south": {"uv": [6, 12.06, 5.06, 12.94], "texture": "#0"},
				"west": {"uv": [6, 12.06, 5.06, 12.94], "texture": "#0"},
				"up": {"uv": [5.06, 12.94, 6, 12.06], "rotation": 90, "texture": "#0"},
				"down": {"uv": [5.06, 12.94, 6, 12.06], "rotation": 270, "texture": "#0"}
			}
		},
		{
			"from": [8.899, 5, 5.851],
			"to": [8.899, 5.75, 11.051],
			"rotation": {"angle": 0, "axis": "y", "origin": [11.49978, 3.85, 8.47256]},
			"faces": {
				"north": {"uv": [0.06, 12.06, 4.94, 12.94], "texture": "#0"},
				"east": {"uv": [0.06, 12.06, 4.94, 12.94], "texture": "#0"},
				"south": {"uv": [0.06, 12.06, 4.94, 12.94], "texture": "#0"},
				"west": {"uv": [0.06, 12.06, 4.94, 12.94], "texture": "#0"},
				"up": {"uv": [0.06, 12.06, 4.94, 12.94], "rotation": 270, "texture": "#0"},
				"down": {"uv": [0.06, 12.06, 4.94, 12.94], "rotation": 90, "texture": "#0"}
			}
		},
		{
			"from": [8.9, 5, 5.851],
			"to": [14.1, 5.75, 5.851],
			"rotation": {"angle": 0, "axis": "y", "origin": [11.49978, 3.85, 8.47256]},
			"faces": {
				"north": {"uv": [0.06, 12.06, 4.94, 12.94], "texture": "#0"},
				"east": {"uv": [0.06, 12.06, 4.94, 12.94], "texture": "#0"},
				"south": {"uv": [0.06, 12.06, 4.94, 12.94], "texture": "#0"},
				"west": {"uv": [0.06, 12.06, 4.94, 12.94], "texture": "#0"},
				"up": {"uv": [0.06, 12.06, 4.94, 12.94], "texture": "#0"},
				"down": {"uv": [0.06, 12.06, 4.94, 12.94], "texture": "#0"}
			}
		},
		{
			"from": [14.099, 5, 5.851],
			"to": [14.099, 5.75, 11.051],
			"rotation": {"angle": 0, "axis": "y", "origin": [11.49978, 3.85, 8.47256]},
			"faces": {
				"north": {"uv": [0.06, 12.06, 4.94, 12.94], "texture": "#0"},
				"east": {"uv": [0.06, 12.06, 4.94, 12.94], "texture": "#0"},
				"south": {"uv": [0.06, 12.06, 4.94, 12.94], "texture": "#0"},
				"west": {"uv": [0.06, 12.06, 4.94, 12.94], "texture": "#0"},
				"up": {"uv": [0.06, 12.06, 4.94, 12.94], "rotation": 270, "texture": "#0"},
				"down": {"uv": [0.06, 12.06, 4.94, 12.94], "rotation": 90, "texture": "#0"}
			}
		},
		{
			"from": [12.3, 0.2, 5.9],
			"to": [13.8, 0.95, 5.9],
			"rotation": {"angle": 0, "axis": "y", "origin": [10.59167, 2.37083, 7.89167]},
			"faces": {
				"north": {"uv": [5.06, 5.06, 6.94, 5.94], "texture": "#0"},
				"east": {"uv": [5.06, 5.06, 6.94, 5.94], "texture": "#0"},
				"south": {"uv": [5.06, 5.06, 6.94, 5.94], "texture": "#0"},
				"west": {"uv": [5.06, 5.06, 6.94, 5.94], "texture": "#0"},
				"up": {"uv": [5.06, 5.06, 6.94, 5.94], "texture": "#0"},
				"down": {"uv": [5.06, 5.06, 6.94, 5.94], "texture": "#0"}
			}
		},
		{
			"from": [9.2, 0.2, 11.05],
			"to": [10.7, 0.95, 11.05],
			"rotation": {"angle": 0, "axis": "y", "origin": [10.59167, 2.37083, 7.89167]},
			"faces": {
				"north": {"uv": [5.06, 5.06, 6.94, 5.94], "texture": "#0"},
				"east": {"uv": [5.06, 5.06, 6.94, 5.94], "texture": "#0"},
				"south": {"uv": [5.06, 5.06, 6.94, 5.94], "texture": "#0"},
				"west": {"uv": [5.06, 5.06, 6.94, 5.94], "texture": "#0"},
				"up": {"uv": [5.06, 5.06, 6.94, 5.94], "texture": "#0"},
				"down": {"uv": [5.06, 5.06, 6.94, 5.94], "texture": "#0"}
			}
		}
	],
	"display": {
		"thirdperson_righthand": {
			"rotation": [70, -180, 0],
			"translation": [-5.75, 4, 5]
		},
		"firstperson_righthand": {
			"translation": [-8.25, 1.75, 0]
		},
		"ground": {
			"translation": [0, 4, 0]
		},
		"gui": {
			"rotation": [24, 24, 0],
			"translation": [0, 4, 0]
		},
		"fixed": {
			"rotation": [-90, 0, 0],
			"translation": [0, 0, -15],
			"scale": [2, 2, 2]
		}
	},
	"groups": [
		{
			"name": "jam1",
			"origin": [3.2, 0.7, 10.05],
			"color": 0,
			"children": [
				0,
				1,
				2,
				{
					"name": "rope",
					"origin": [4.49978, 3.85, 7.47256],
					"color": 0,
					"children": [3, 4, 5, 6, 7, 8]
				},
				9,
				10
			]
		},
		{
			"name": "jam2",
			"origin": [3.2, 0.7, 10.05],
			"color": 0,
			"children": [
				11,
				12,
				13,
				{
					"name": "rope",
					"origin": [4.49978, 3.85, 7.47256],
					"color": 0,
					"children": [14, 15, 16, 17, 18, 19]
				},
				20,
				21
			]
		}
	]
}