{
	"credit": "Made with Blockbench",
	"parent": "block/block",
	"texture_size": [8, 8],
	"textures": {
		"bottom": "block/cake_bottom",
		"top": "block/cake_top",
		"particle": "block/cake_side",
		"side": "block/cake_side"
	},
	"elements": [
		{
			"from": [6.875, 11.25, 6.875],
			"to": [7.45, 11.875, 6.875],
			"rotation": {"angle": 0, "axis": "y", "origin": [8, 8, 8]},
			"faces": {
				"north": {"uv": [11, 8, 12, 9], "texture": "#candle"},
				"south": {"uv": [12, 8, 11, 9], "texture": "#candle"}
			}
		},
		{
			"from": [8.55, 10.625, 6.875],
			"to": [9.125, 11.25, 6.875],
			"rotation": {"angle": 0, "axis": "y", "origin": [8, 8, 8]},
			"faces": {
				"north": {"uv": [12, 9, 13, 10], "texture": "#candle"},
				"south": {"uv": [10, 9, 9, 10], "texture": "#candle"}
			}
		},
		{
			"from": [8, 11.25, 6.875],
			"to": [9.125, 11.875, 6.875],
			"rotation": {"angle": 0, "axis": "y", "origin": [8, 8, 8]},
			"faces": {
				"north": {"uv": [12, 8, 14, 9], "texture": "#candle"},
				"south": {"uv": [10, 8, 8, 9], "texture": "#candle"}
			}
		},
		{
			"from": [6.875, 11.25, 9.125],
			"to": [8, 11.875, 9.125],
			"rotation": {"angle": 0, "axis": "y", "origin": [8, 8, 8]},
			"faces": {
				"north": {"uv": [10, 8, 8, 9], "texture": "#candle"},
				"south": {"uv": [12, 8, 14, 9], "texture": "#candle"}
			}
		},
		{
			"from": [8.55, 11.25, 9.125],
			"to": [9.125, 11.875, 9.125],
			"rotation": {"angle": 0, "axis": "y", "origin": [8, 8, 8]},
			"faces": {
				"north": {"uv": [12, 8, 11, 9], "texture": "#candle"},
				"south": {"uv": [11, 8, 12, 9], "texture": "#candle"}
			}
		},
		{
			"from": [6.875, 10.625, 9.125],
			"to": [7.45, 11.25, 9.125],
			"rotation": {"angle": 0, "axis": "y", "origin": [8, 8, 8]},
			"faces": {
				"north": {"uv": [10, 9, 9, 10], "texture": "#candle"},
				"south": {"uv": [12, 9, 13, 10], "texture": "#candle"}
			}
		},
		{
			"from": [9.125, 11.25, 8],
			"to": [9.125, 11.875, 9.125],
			"rotation": {"angle": 0, "axis": "y", "origin": [8, 8, 8]},
			"faces": {
				"east": {"uv": [8, 8, 10, 9], "texture": "#candle"},
				"west": {"uv": [10, 8, 8, 9], "texture": "#candle"}
			}
		},
		{
			"from": [9.125, 10.625, 8],
			"to": [9.125, 11.25, 8.575],
			"rotation": {"angle": 0, "axis": "y", "origin": [8, 8, 8]},
			"faces": {
				"east": {"uv": [9, 9, 10, 10], "texture": "#candle"},
				"west": {"uv": [10, 9, 9, 10], "texture": "#candle"}
			}
		},
		{
			"from": [9.125, 11.25, 6.875],
			"to": [9.125, 11.875, 7.45],
			"rotation": {"angle": 0, "axis": "y", "origin": [8, 8, 8]},
			"faces": {
				"east": {"uv": [11, 8, 12, 9], "texture": "#candle"},
				"west": {"uv": [12, 8, 11, 9], "texture": "#candle"}
			}
		},
		{
			"from": [6.875, 11.25, 6.875],
			"to": [6.875, 11.875, 8],
			"rotation": {"angle": 0, "axis": "z", "origin": [8, 8, 8]},
			"faces": {
				"east": {"uv": [10, 8, 8, 9], "texture": "#candle"},
				"west": {"uv": [8, 8, 10, 9], "texture": "#candle"}
			}
		},
		{
			"from": [6.875, 11.25, 8.55],
			"to": [6.875, 11.875, 9.125],
			"rotation": {"angle": 0, "axis": "z", "origin": [8, 8, 8]},
			"faces": {
				"east": {"uv": [12, 8, 11, 9], "texture": "#candle"},
				"west": {"uv": [11, 8, 12, 9], "texture": "#candle"}
			}
		},
		{
			"from": [6.875, 10.625, 7.425],
			"to": [6.875, 11.25, 8],
			"rotation": {"angle": 0, "axis": "z", "origin": [8, 8, 8]},
			"faces": {
				"east": {"uv": [10, 9, 9, 10], "texture": "#candle"},
				"west": {"uv": [9, 9, 10, 10], "texture": "#candle"}
			}
		},
		{
			"name": "Wick",
			"from": [7.6, 14, 7.6],
			"to": [8.35, 15, 8.35],
			"rotation": {"angle": 0, "axis": "y", "origin": [8, 7.5, 8]},
			"faces": {
				"north": {"uv": [14, 0, 16, 2], "texture": "#candle"},
				"east": {"uv": [12, 0, 14, 2], "texture": "#candle"},
				"south": {"uv": [12, 2, 14, 4], "texture": "#candle"},
				"west": {"uv": [14, 0, 16, 2], "texture": "#candle"},
				"up": {"uv": [14, 2, 16, 4], "texture": "#candle"}
			}
		},
		{
			"name": "Wax up",
			"from": [6.875, 11.875, 6.875],
			"to": [9.125, 14.125, 9.125],
			"rotation": {"angle": 0, "axis": "y", "origin": [0, 1.5, 0]},
			"faces": {
				"north": {"uv": [12, 4, 16, 8], "texture": "#candle"},
				"east": {"uv": [8, 4, 12, 8], "texture": "#candle"},
				"south": {"uv": [12, 4, 16, 8], "texture": "#candle"},
				"west": {"uv": [8, 4, 12, 8], "texture": "#candle"},
				"up": {"uv": [8, 0, 12, 4], "texture": "#candle"},
				"down": {"uv": [2, 6.5, 6, 10.5], "texture": "#candle", "cullface": "down"}
			}
		},
		{
			"name": "Base",
			"from": [7, 8, 7],
			"to": [9, 14, 9],
			"rotation": {"angle": 0, "axis": "y", "origin": [0, 1.5, 0]},
			"faces": {
				"north": {"uv": [0, 0, 4, 12], "texture": "#candle"},
				"east": {"uv": [4, 0, 8, 12], "texture": "#candle"},
				"south": {"uv": [0, 0, 4, 12], "texture": "#candle"},
				"west": {"uv": [4, 0, 8, 12], "texture": "#candle"},
				"up": {"uv": [0, 6, 2, 8], "texture": "#candle"},
				"down": {"uv": [0, 14, 2, 16], "texture": "#candle", "cullface": "down"}
			}
		},
		{
			"name": "Cake",
			"from": [1, 0, 1],
			"to": [15, 8, 15],
			"faces": {
				"north": {"uv": [1, 8, 15, 16], "texture": "#side"},
				"east": {"uv": [1, 8, 15, 16], "texture": "#side"},
				"south": {"uv": [1, 8, 15, 16], "texture": "#side"},
				"west": {"uv": [1, 8, 15, 16], "texture": "#side"},
				"up": {"uv": [1, 1, 15, 15], "texture": "#top"},
				"down": {"uv": [1, 1, 15, 15], "texture": "#bottom", "cullface": "down"}
			}
		}
	],
	"groups": [
		{
			"name": "Candle 1",
			"origin": [8, 8, 8],
			"color": 0,
			"children": [
				{
					"name": "Wax down",
					"origin": [8, 8, 8],
					"color": 0,
					"children": [
						{
							"name": "Wax n",
							"origin": [8, 8, 8],
							"color": 0,
							"children": [0, 1, 2]
						},
						{
							"name": "Wax s",
							"origin": [8, 8, 8],
							"color": 0,
							"children": [3, 4, 5]
						},
						{
							"name": "Wax e",
							"origin": [8, 8, 8],
							"color": 0,
							"children": [6, 7, 8]
						},
						{
							"name": "Wax w",
							"origin": [8, 8, 8],
							"color": 0,
							"children": [9, 10, 11]
						}
					]
				},
				12,
				13,
				14
			]
		},
		15
	]
}
