{
	"credit": "Made with Blockbench",
	"parent": "block/block",
	"texture_size": [8, 8],
	"elements": [
		{
			"from": [7.875, 3.25, 4.875],
			"to": [8.45, 3.875, 4.875],
			"rotation": {"angle": 0, "axis": "y", "origin": [8, 8, 8]},
			"faces": {
				"north": {"uv": [11, 8, 12, 9], "texture": "#all"},
				"south": {"uv": [12, 8, 11, 9], "texture": "#all"}
			}
		},
		{
			"from": [9, 2.625, 4.875],
			"to": [9.575, 3.25, 4.875],
			"rotation": {"angle": 0, "axis": "y", "origin": [8, 8, 8]},
			"faces": {
				"north": {"uv": [10, 9, 9, 10], "texture": "#all"},
				"south": {"uv": [10, 9, 9, 10], "texture": "#all"}
			}
		},
		{
			"from": [9, 3.25, 4.875],
			"to": [10.125, 3.875, 4.875],
			"rotation": {"angle": 0, "axis": "y", "origin": [8, 8, 8]},
			"faces": {
				"north": {"uv": [8, 8, 10, 9], "texture": "#all"},
				"south": {"uv": [10, 8, 8, 9], "texture": "#all"}
			}
		},
		{
			"from": [7.875, 3.25, 7.125],
			"to": [9, 3.875, 7.125],
			"rotation": {"angle": 0, "axis": "y", "origin": [8, 8, 8]},
			"faces": {
				"north": {"uv": [14, 8, 12, 9], "texture": "#all"},
				"south": {"uv": [12, 8, 14, 9], "texture": "#all"}
			}
		},
		{
			"from": [9.55, 3.25, 7.125],
			"to": [10.125, 3.875, 7.125],
			"rotation": {"angle": 0, "axis": "y", "origin": [8, 8, 8]},
			"faces": {
				"north": {"uv": [16, 8, 15, 9], "texture": "#all"},
				"south": {"uv": [15, 8, 16, 9], "texture": "#all"}
			}
		},
		{
			"from": [7.875, 2.625, 7.125],
			"to": [8.45, 3.25, 7.125],
			"rotation": {"angle": 0, "axis": "y", "origin": [8, 8, 8]},
			"faces": {
				"north": {"uv": [13, 9, 12, 10], "texture": "#all"},
				"south": {"uv": [12, 9, 13, 10], "texture": "#all"}
			}
		},
		{
			"from": [10.125, 3.25, 6],
			"to": [10.125, 3.875, 7.125],
			"rotation": {"angle": 0, "axis": "y", "origin": [8, 8, 8]},
			"faces": {
				"north": {"uv": [0, 0, 0, 0], "texture": "#all"},
				"east": {"uv": [8, 8, 10, 9], "texture": "#all"},
				"south": {"uv": [0, 0, 0, 0], "texture": "#all"},
				"west": {"uv": [10, 8, 8, 9], "texture": "#all"}
			}
		},
		{
			"from": [10.125, 2.625, 6],
			"to": [10.125, 3.25, 6.575],
			"rotation": {"angle": 0, "axis": "y", "origin": [8, 8, 8]},
			"faces": {
				"north": {"uv": [0, 0, 0, 0], "texture": "#all"},
				"east": {"uv": [9, 9, 10, 10], "texture": "#all"},
				"south": {"uv": [0, 0, 0, 0], "texture": "#all"},
				"west": {"uv": [10, 9, 9, 10], "texture": "#all"}
			}
		},
		{
			"from": [10.125, 3.25, 4.875],
			"to": [10.125, 3.875, 5.45],
			"rotation": {"angle": 0, "axis": "y", "origin": [8, 8, 8]},
			"faces": {
				"north": {"uv": [0, 0, 0, 0], "texture": "#all"},
				"east": {"uv": [11, 8, 12, 9], "texture": "#all"},
				"south": {"uv": [0, 0, 0, 0], "texture": "#all"},
				"west": {"uv": [12, 8, 11, 9], "texture": "#all"}
			}
		},
		{
			"from": [7.875, 3.25, 4.875],
			"to": [7.875, 3.875, 6],
			"rotation": {"angle": 0, "axis": "y", "origin": [8, 8, 8]},
			"faces": {
				"north": {"uv": [0, 0, 0, 0], "texture": "#all"},
				"east": {"uv": [14, 8, 12, 9], "texture": "#all"},
				"south": {"uv": [0, 0, 0, 0], "texture": "#all"},
				"west": {"uv": [12, 8, 14, 9], "texture": "#all"}
			}
		},
		{
			"from": [7.875, 3.25, 6.55],
			"to": [7.875, 3.875, 7.125],
			"rotation": {"angle": 0, "axis": "y", "origin": [8, 8, 8]},
			"faces": {
				"north": {"uv": [0, 0, 0, 0], "texture": "#all"},
				"east": {"uv": [16, 8, 15, 9], "texture": "#all"},
				"south": {"uv": [0, 0, 0, 0], "texture": "#all"},
				"west": {"uv": [15, 8, 16, 9], "texture": "#all"}
			}
		},
		{
			"from": [7.875, 2.625, 4.875],
			"to": [7.875, 3.25, 5.45],
			"rotation": {"angle": 0, "axis": "y", "origin": [8, 8, 8]},
			"faces": {
				"north": {"uv": [0, 0, 0, 0], "texture": "#all"},
				"east": {"uv": [13, 9, 12, 10], "texture": "#all"},
				"south": {"uv": [0, 0, 0, 0], "texture": "#all"},
				"west": {"uv": [12, 9, 13, 10], "texture": "#all"}
			}
		},
		{
			"name": "Base",
			"from": [8, 1.5, 5],
			"to": [10, 6, 7],
			"rotation": {"angle": 0, "axis": "y", "origin": [0, 1.5, 0]},
			"faces": {
				"north": {"uv": [4, 4, 8, 13], "texture": "#all"},
				"east": {"uv": [0, 4, 4, 13], "texture": "#all"},
				"south": {"uv": [4, 4, 8, 13], "texture": "#all"},
				"west": {"uv": [0, 4, 4, 13], "texture": "#all"},
				"up": {"uv": [0, 3, 1, 4], "texture": "#missing"}
			}
		},
		{
			"name": "Wick",
			"from": [8.6, 6, 5.6],
			"to": [9.35, 7, 6.35],
			"rotation": {"angle": 0, "axis": "y", "origin": [8, 7.5, 8]},
			"faces": {
				"north": {"uv": [14, 0, 16, 2], "texture": "#all"},
				"east": {"uv": [12, 2, 14, 4], "texture": "#all"},
				"south": {"uv": [12, 0, 14, 2], "texture": "#all"},
				"west": {"uv": [12, 2, 14, 4], "texture": "#all"},
				"up": {"uv": [14, 2, 16, 4], "texture": "#all"}
			}
		},
		{
			"name": "Wax up",
			"from": [7.875, 3.875, 4.875],
			"to": [10.125, 6.125, 7.125],
			"rotation": {"angle": 0, "axis": "y", "origin": [0, 1.5, 0]},
			"faces": {
				"north": {"uv": [8, 4, 12, 8], "texture": "#all"},
				"east": {"uv": [8, 4, 12, 8], "texture": "#all"},
				"south": {"uv": [12, 4, 16, 8], "texture": "#all"},
				"west": {"uv": [12, 4, 16, 8], "texture": "#all"},
				"up": {"uv": [8, 0, 12, 4], "texture": "#all"},
				"down": {"uv": [2, 6, 6, 10], "texture": "#all", "cullface": "down"}
			}
		},
		{
			"name": "Сandle holder",
			"from": [7.625, 0, 4.625],
			"to": [10.375, 1.5, 7.375],
			"rotation": {"angle": 0, "axis": "y", "origin": [0, 3, 0]},
			"faces": {
				"north": {"uv": [9, 10, 14, 13], "texture": "#all"},
				"east": {"uv": [11, 10, 16, 13], "texture": "#all"},
				"south": {"uv": [8, 10, 13, 13], "texture": "#all"},
				"west": {"uv": [11, 10, 16, 13], "texture": "#all"},
				"up": {"uv": [10, 10, 15, 12], "texture": "#all"},
				"down": {"uv": [14, 14, 16, 12], "texture": "#all"}
			}
		},
		{
			"from": [4.875, 2.25, 4.875],
			"to": [5.45, 2.875, 4.875],
			"rotation": {"angle": 0, "axis": "y", "origin": [8, 8, 8]},
			"faces": {
				"north": {"uv": [15, 8, 16, 9], "texture": "#all"},
				"east": {"uv": [0, 0, 0, 0], "texture": "#all"},
				"south": {"uv": [16, 8, 15, 9], "texture": "#all"},
				"west": {"uv": [0, 0, 0, 0], "texture": "#all"},
				"up": {"uv": [0, 0, 0, 0], "texture": "#all"},
				"down": {"uv": [0, 0, 0, 0], "texture": "#all"}
			}
		},
		{
			"from": [6.55, 1.625, 4.875],
			"to": [7.125, 2.25, 4.875],
			"rotation": {"angle": 0, "axis": "y", "origin": [8, 8, 8]},
			"faces": {
				"north": {"uv": [12, 10, 13, 9], "texture": "#all"},
				"east": {"uv": [0, 0, 0, 0], "texture": "#all"},
				"south": {"uv": [13, 9, 12, 10], "texture": "#all"},
				"west": {"uv": [0, 0, 0, 0], "texture": "#all"},
				"up": {"uv": [0, 0, 0, 0], "texture": "#all"},
				"down": {"uv": [0, 0, 0, 0], "texture": "#all"}
			}
		},
		{
			"from": [6, 2.25, 4.875],
			"to": [7.125, 2.875, 4.875],
			"rotation": {"angle": 0, "axis": "y", "origin": [8, 8, 8]},
			"faces": {
				"north": {"uv": [14, 8, 12, 9], "texture": "#all"},
				"east": {"uv": [0, 0, 0, 0], "texture": "#all"},
				"south": {"uv": [14, 8, 12, 9], "texture": "#all"},
				"west": {"uv": [0, 0, 0, 0], "texture": "#all"},
				"up": {"uv": [0, 0, 0, 0], "texture": "#all"},
				"down": {"uv": [0, 0, 0, 0], "texture": "#all"}
			}
		},
		{
			"from": [4.875, 2.25, 7.125],
			"to": [6, 2.875, 7.125],
			"rotation": {"angle": 0, "axis": "y", "origin": [8, 8, 8]},
			"faces": {
				"north": {"uv": [14, 8, 12, 9], "texture": "#all"},
				"east": {"uv": [0, 0, 0, 0], "texture": "#all"},
				"south": {"uv": [12, 8, 14, 9], "texture": "#all"},
				"west": {"uv": [0, 0, 0, 0], "texture": "#all"},
				"up": {"uv": [0, 0, 0, 0], "texture": "#all"},
				"down": {"uv": [0, 0, 0, 0], "texture": "#all"}
			}
		},
		{
			"from": [6.55, 2.25, 7.125],
			"to": [7.125, 2.875, 7.125],
			"rotation": {"angle": 0, "axis": "y", "origin": [8, 8, 8]},
			"faces": {
				"north": {"uv": [16, 8, 15, 9], "texture": "#all"},
				"east": {"uv": [0, 0, 0, 0], "texture": "#all"},
				"south": {"uv": [15, 8, 16, 9], "texture": "#all"},
				"west": {"uv": [0, 0, 0, 0], "texture": "#all"},
				"up": {"uv": [0, 0, 0, 0], "texture": "#all"},
				"down": {"uv": [0, 0, 0, 0], "texture": "#all"}
			}
		},
		{
			"from": [4.875, 1.625, 7.125],
			"to": [5.45, 2.25, 7.125],
			"rotation": {"angle": 0, "axis": "y", "origin": [8, 8, 8]},
			"faces": {
				"north": {"uv": [13, 9, 12, 10], "texture": "#all"},
				"east": {"uv": [0, 0, 0, 0], "texture": "#all"},
				"south": {"uv": [12, 9, 13, 10], "texture": "#all"},
				"west": {"uv": [0, 0, 0, 0], "texture": "#all"},
				"up": {"uv": [0, 0, 0, 0], "texture": "#all"},
				"down": {"uv": [0, 0, 0, 0], "texture": "#all"}
			}
		},
		{
			"from": [7.125, 2.25, 6],
			"to": [7.125, 2.875, 7.125],
			"rotation": {"angle": 0, "axis": "y", "origin": [8, 8, 8]},
			"faces": {
				"north": {"uv": [0, 0, 0, 0], "texture": "#all"},
				"east": {"uv": [8, 8, 10, 9], "texture": "#all"},
				"south": {"uv": [0, 0, 0, 0], "texture": "#all"},
				"west": {"uv": [10, 8, 8, 9], "texture": "#all"},
				"up": {"uv": [0, 0, 0, 0], "texture": "#all"},
				"down": {"uv": [0, 0, 0, 0], "texture": "#all"}
			}
		},
		{
			"from": [7.125, 1.625, 6],
			"to": [7.125, 2.25, 6.575],
			"rotation": {"angle": 0, "axis": "y", "origin": [8, 8, 8]},
			"faces": {
				"north": {"uv": [0, 0, 0, 0], "texture": "#all"},
				"east": {"uv": [9, 9, 10, 10], "texture": "#all"},
				"south": {"uv": [0, 0, 0, 0], "texture": "#all"},
				"west": {"uv": [10, 9, 9, 10], "texture": "#all"},
				"up": {"uv": [0, 0, 0, 0], "texture": "#all"},
				"down": {"uv": [0, 0, 0, 0], "texture": "#all"}
			}
		},
		{
			"from": [7.125, 2.25, 4.875],
			"to": [7.125, 2.875, 5.45],
			"rotation": {"angle": 0, "axis": "y", "origin": [8, 8, 8]},
			"faces": {
				"north": {"uv": [0, 0, 0, 0], "texture": "#all"},
				"east": {"uv": [11, 8, 12, 9], "texture": "#all"},
				"south": {"uv": [0, 0, 0, 0], "texture": "#all"},
				"west": {"uv": [12, 8, 11, 9], "texture": "#all"},
				"up": {"uv": [0, 0, 0, 0], "texture": "#all"},
				"down": {"uv": [0, 0, 0, 0], "texture": "#all"}
			}
		},
		{
			"from": [4.875, 2.25, 4.875],
			"to": [4.875, 2.875, 6],
			"rotation": {"angle": 0, "axis": "y", "origin": [8, 8, 8]},
			"faces": {
				"north": {"uv": [0, 0, 0, 0], "texture": "#all"},
				"east": {"uv": [10, 8, 8, 9], "texture": "#all"},
				"south": {"uv": [0, 0, 0, 0], "texture": "#all"},
				"west": {"uv": [8, 8, 10, 9], "texture": "#all"},
				"up": {"uv": [0, 0, 0, 0], "texture": "#all"},
				"down": {"uv": [0, 0, 0, 0], "texture": "#all"}
			}
		},
		{
			"from": [4.875, 2.25, 6.55],
			"to": [4.875, 2.875, 7.125],
			"rotation": {"angle": 0, "axis": "y", "origin": [8, 8, 8]},
			"faces": {
				"north": {"uv": [0, 0, 0, 0], "texture": "#all"},
				"east": {"uv": [12, 8, 11, 9], "texture": "#all"},
				"south": {"uv": [0, 0, 0, 0], "texture": "#all"},
				"west": {"uv": [11, 8, 12, 9], "texture": "#all"},
				"up": {"uv": [0, 0, 0, 0], "texture": "#all"},
				"down": {"uv": [0, 0, 0, 0], "texture": "#all"}
			}
		},
		{
			"from": [4.875, 1.625, 5.425],
			"to": [4.875, 2.25, 6],
			"rotation": {"angle": 0, "axis": "y", "origin": [8, 8, 8]},
			"faces": {
				"north": {"uv": [0, 0, 0, 0], "texture": "#all"},
				"east": {"uv": [10, 9, 9, 10], "texture": "#all"},
				"south": {"uv": [0, 0, 0, 0], "texture": "#all"},
				"west": {"uv": [9, 9, 10, 10], "texture": "#all"},
				"up": {"uv": [0, 0, 0, 0], "texture": "#all"},
				"down": {"uv": [0, 0, 0, 0], "texture": "#all"}
			}
		},
		{
			"name": "Base",
			"from": [5, 1, 5],
			"to": [7, 5, 7],
			"rotation": {"angle": 0, "axis": "y", "origin": [0, 1.5, 0]},
			"faces": {
				"north": {"uv": [0, 4, 4, 12], "texture": "#all"},
				"east": {"uv": [4, 4, 8, 12], "texture": "#all"},
				"south": {"uv": [0, 4, 4, 12], "texture": "#all"},
				"west": {"uv": [4, 4, 8, 12], "texture": "#all"},
				"up": {"uv": [0, 3, 1, 4], "texture": "#all"},
				"down": {"uv": [0, 7, 1, 8], "texture": "#all", "cullface": "down"}
			}
		},
		{
			"name": "Wick",
			"from": [5.6, 5, 5.6],
			"to": [6.35, 6, 6.35],
			"rotation": {"angle": 0, "axis": "y", "origin": [8, 7.5, 8]},
			"faces": {
				"north": {"uv": [12, 2, 14, 4], "texture": "#all"},
				"east": {"uv": [14, 0, 16, 2], "texture": "#all"},
				"south": {"uv": [12, 2, 14, 4], "texture": "#all"},
				"west": {"uv": [12, 0, 14, 2], "texture": "#all"},
				"up": {"uv": [14, 2, 16, 4], "texture": "#all"}
			}
		},
		{
			"name": "Wax up",
			"from": [4.875, 2.875, 4.875],
			"to": [7.125, 5.125, 7.125],
			"rotation": {"angle": 0, "axis": "y", "origin": [0, 1.5, 0]},
			"faces": {
				"north": {"uv": [12, 4, 16, 8], "texture": "#all"},
				"east": {"uv": [8, 4, 12, 8], "texture": "#all"},
				"south": {"uv": [12, 4, 16, 8], "texture": "#all"},
				"west": {"uv": [8, 4, 12, 8], "texture": "#all"},
				"up": {"uv": [8, 0, 12, 4], "texture": "#all"},
				"down": {"uv": [1, 3.25, 3, 5.25], "texture": "#all", "cullface": "down"}
			}
		},
		{
			"name": "Сandle holder",
			"from": [4.625, 0, 4.625],
			"to": [7.375, 1, 7.375],
			"rotation": {"angle": 0, "axis": "y", "origin": [0, 3, 0]},
			"faces": {
				"north": {"uv": [9, 10, 14, 12], "texture": "#all"},
				"east": {"uv": [11, 10, 16, 12], "texture": "#all"},
				"south": {"uv": [8, 10, 13, 12], "texture": "#all"},
				"west": {"uv": [11, 10, 16, 12], "texture": "#all"},
				"up": {"uv": [10, 10, 15, 12], "texture": "#all"},
				"down": {"uv": [14, 14, 16, 12], "texture": "#all"}
			}
		},
		{
			"from": [5.875, 0.75, 7.875],
			"to": [6.45, 1.375, 7.875],
			"rotation": {"angle": 0, "axis": "y", "origin": [8, 8, 8]},
			"faces": {
				"north": {"uv": [15, 8, 16, 9], "texture": "#all"},
				"east": {"uv": [0, 0, 0, 0], "texture": "#all"},
				"south": {"uv": [16, 8, 15, 9], "texture": "#all"},
				"west": {"uv": [0, 0, 0, 0], "texture": "#all"},
				"up": {"uv": [0, 0, 0, 0], "texture": "#all"},
				"down": {"uv": [0, 0, 0, 0], "texture": "#all"}
			}
		},
		{
			"from": [7, 0.75, 7.875],
			"to": [8.125, 1.375, 7.875],
			"rotation": {"angle": 0, "axis": "y", "origin": [8, 8, 8]},
			"faces": {
				"north": {"uv": [14, 8, 12, 9], "texture": "#all"},
				"east": {"uv": [0, 0, 0, 0], "texture": "#all"},
				"south": {"uv": [14, 8, 12, 9], "texture": "#all"},
				"west": {"uv": [0, 0, 0, 0], "texture": "#all"},
				"up": {"uv": [0, 0, 0, 0], "texture": "#all"},
				"down": {"uv": [0, 0, 0, 0], "texture": "#all"}
			}
		},
		{
			"from": [5.875, 0.75, 10.125],
			"to": [7, 1.375, 10.125],
			"rotation": {"angle": 0, "axis": "y", "origin": [8, 8, 8]},
			"faces": {
				"north": {"uv": [14, 8, 12, 9], "texture": "#all"},
				"east": {"uv": [0, 0, 0, 0], "texture": "#all"},
				"south": {"uv": [12, 8, 14, 9], "texture": "#all"},
				"west": {"uv": [0, 0, 0, 0], "texture": "#all"},
				"up": {"uv": [0, 0, 0, 0], "texture": "#all"},
				"down": {"uv": [0, 0, 0, 0], "texture": "#all"}
			}
		},
		{
			"from": [7.55, 0.75, 10.125],
			"to": [8.125, 1.375, 10.125],
			"rotation": {"angle": 0, "axis": "y", "origin": [8, 8, 8]},
			"faces": {
				"north": {"uv": [16, 8, 15, 9], "texture": "#all"},
				"east": {"uv": [0, 0, 0, 0], "texture": "#all"},
				"south": {"uv": [15, 8, 16, 9], "texture": "#all"},
				"west": {"uv": [0, 0, 0, 0], "texture": "#all"},
				"up": {"uv": [0, 0, 0, 0], "texture": "#all"},
				"down": {"uv": [0, 0, 0, 0], "texture": "#all"}
			}
		},
		{
			"from": [8.125, 0.75, 9],
			"to": [8.125, 1.375, 10.125],
			"rotation": {"angle": 0, "axis": "y", "origin": [8, 8, 8]},
			"faces": {
				"north": {"uv": [0, 0, 0, 0], "texture": "#all"},
				"east": {"uv": [8, 8, 10, 9], "texture": "#all"},
				"south": {"uv": [0, 0, 0, 0], "texture": "#all"},
				"west": {"uv": [10, 8, 8, 9], "texture": "#all"},
				"up": {"uv": [0, 0, 0, 0], "texture": "#all"},
				"down": {"uv": [0, 0, 0, 0], "texture": "#all"}
			}
		},
		{
			"from": [8.125, 0.75, 7.875],
			"to": [8.125, 1.375, 8.45],
			"rotation": {"angle": 0, "axis": "y", "origin": [8, 8, 8]},
			"faces": {
				"north": {"uv": [0, 0, 0, 0], "texture": "#all"},
				"east": {"uv": [11, 8, 12, 9], "texture": "#all"},
				"south": {"uv": [0, 0, 0, 0], "texture": "#all"},
				"west": {"uv": [12, 8, 11, 9], "texture": "#all"},
				"up": {"uv": [0, 0, 0, 0], "texture": "#all"},
				"down": {"uv": [0, 0, 0, 0], "texture": "#all"}
			}
		},
		{
			"from": [5.875, 0.75, 7.875],
			"to": [5.875, 1.375, 9],
			"rotation": {"angle": 0, "axis": "y", "origin": [8, 8, 8]},
			"faces": {
				"north": {"uv": [0, 0, 0, 0], "texture": "#all"},
				"east": {"uv": [10, 8, 8, 9], "texture": "#all"},
				"south": {"uv": [0, 0, 0, 0], "texture": "#all"},
				"west": {"uv": [8, 8, 10, 9], "texture": "#all"},
				"up": {"uv": [0, 0, 0, 0], "texture": "#all"},
				"down": {"uv": [0, 0, 0, 0], "texture": "#all"}
			}
		},
		{
			"from": [5.875, 0.75, 9.55],
			"to": [5.875, 1.375, 10.125],
			"rotation": {"angle": 0, "axis": "y", "origin": [8, 8, 8]},
			"faces": {
				"north": {"uv": [0, 0, 0, 0], "texture": "#all"},
				"east": {"uv": [12, 8, 11, 9], "texture": "#all"},
				"south": {"uv": [0, 0, 0, 0], "texture": "#all"},
				"west": {"uv": [11, 8, 12, 9], "texture": "#all"},
				"up": {"uv": [0, 0, 0, 0], "texture": "#all"},
				"down": {"uv": [0, 0, 0, 0], "texture": "#all"}
			}
		},
		{
			"name": "Base",
			"from": [6, 0.75, 8],
			"to": [8, 3.5, 10],
			"rotation": {"angle": 0, "axis": "y", "origin": [0, 1.5, 0]},
			"faces": {
				"north": {"uv": [0, 4, 4, 12], "texture": "#all"},
				"east": {"uv": [4, 4, 8, 12], "texture": "#all"},
				"south": {"uv": [0, 4, 4, 12], "texture": "#all"},
				"west": {"uv": [4, 4, 8, 12], "texture": "#all"},
				"up": {"uv": [0, 3, 1, 4], "texture": "#all"},
				"down": {"uv": [0, 7, 1, 8], "texture": "#all", "cullface": "down"}
			}
		},
		{
			"name": "Wick",
			"from": [6.6, 3.5, 8.6],
			"to": [7.35, 4.5, 9.35],
			"rotation": {"angle": 0, "axis": "y", "origin": [8, 7.5, 8]},
			"faces": {
				"north": {"uv": [12, 2, 14, 4], "texture": "#all"},
				"east": {"uv": [14, 0, 16, 2], "texture": "#all"},
				"south": {"uv": [12, 2, 14, 4], "texture": "#all"},
				"west": {"uv": [12, 0, 14, 2], "texture": "#all"},
				"up": {"uv": [14, 2, 16, 4], "texture": "#all"}
			}
		},
		{
			"name": "Wax up",
			"from": [5.875, 1.375, 7.875],
			"to": [8.125, 3.625, 10.125],
			"rotation": {"angle": 0, "axis": "y", "origin": [0, 1.5, 0]},
			"faces": {
				"north": {"uv": [12, 4, 16, 8], "texture": "#all"},
				"east": {"uv": [8, 4, 12, 8], "texture": "#all"},
				"south": {"uv": [12, 4, 16, 8], "texture": "#all"},
				"west": {"uv": [8, 4, 12, 8], "texture": "#all"},
				"up": {"uv": [8, 0, 12, 4], "texture": "#all"},
				"down": {"uv": [1, 3.25, 3, 5.25], "texture": "#all", "cullface": "down"}
			}
		},
		{
			"name": "Сandle holder",
			"from": [5.625, 0, 7.625],
			"to": [8.375, 0.75, 10.375],
			"rotation": {"angle": 0, "axis": "y", "origin": [0, 3, 0]},
			"faces": {
				"north": {"uv": [11, 14, 16, 16], "texture": "#all"},
				"east": {"uv": [8, 10, 13, 12], "texture": "#all"},
				"south": {"uv": [11, 10, 16, 12], "texture": "#all"},
				"west": {"uv": [10, 14, 15, 16], "texture": "#all"},
				"up": {"uv": [10, 10, 15, 12], "texture": "#all"},
				"down": {"uv": [14, 14, 16, 12], "texture": "#all"}
			}
		},
		{
			"from": [8.875, 2.25, 7.875],
			"to": [9.45, 2.875, 7.875],
			"rotation": {"angle": 0, "axis": "y", "origin": [8, 8, 8]},
			"faces": {
				"north": {"uv": [15, 8, 16, 9], "texture": "#all"},
				"east": {"uv": [0, 0, 0, 0], "texture": "#all"},
				"south": {"uv": [16, 8, 15, 9], "texture": "#all"},
				"west": {"uv": [0, 0, 0, 0], "texture": "#all"},
				"up": {"uv": [0, 0, 0, 0], "texture": "#all"},
				"down": {"uv": [0, 0, 0, 0], "texture": "#all"}
			}
		},
		{
			"from": [10.55, 1.625, 7.875],
			"to": [11.125, 2.25, 7.875],
			"rotation": {"angle": 0, "axis": "y", "origin": [8, 8, 8]},
			"faces": {
				"north": {"uv": [12, 10, 13, 9], "texture": "#all"},
				"east": {"uv": [0, 0, 0, 0], "texture": "#all"},
				"south": {"uv": [13, 9, 12, 10], "texture": "#all"},
				"west": {"uv": [0, 0, 0, 0], "texture": "#all"},
				"up": {"uv": [0, 0, 0, 0], "texture": "#all"},
				"down": {"uv": [0, 0, 0, 0], "texture": "#all"}
			}
		},
		{
			"from": [10, 2.25, 7.875],
			"to": [11.125, 2.875, 7.875],
			"rotation": {"angle": 0, "axis": "y", "origin": [8, 8, 8]},
			"faces": {
				"north": {"uv": [14, 8, 12, 9], "texture": "#all"},
				"east": {"uv": [0, 0, 0, 0], "texture": "#all"},
				"south": {"uv": [14, 8, 12, 9], "texture": "#all"},
				"west": {"uv": [0, 0, 0, 0], "texture": "#all"},
				"up": {"uv": [0, 0, 0, 0], "texture": "#all"},
				"down": {"uv": [0, 0, 0, 0], "texture": "#all"}
			}
		},
		{
			"from": [8.875, 2.25, 10.125],
			"to": [10, 2.875, 10.125],
			"rotation": {"angle": 0, "axis": "y", "origin": [8, 8, 8]},
			"faces": {
				"north": {"uv": [14, 8, 12, 9], "texture": "#all"},
				"east": {"uv": [0, 0, 0, 0], "texture": "#all"},
				"south": {"uv": [12, 8, 14, 9], "texture": "#all"},
				"west": {"uv": [0, 0, 0, 0], "texture": "#all"},
				"up": {"uv": [0, 0, 0, 0], "texture": "#all"},
				"down": {"uv": [0, 0, 0, 0], "texture": "#all"}
			}
		},
		{
			"from": [10.55, 2.25, 10.125],
			"to": [11.125, 2.875, 10.125],
			"rotation": {"angle": 0, "axis": "y", "origin": [8, 8, 8]},
			"faces": {
				"north": {"uv": [16, 8, 15, 9], "texture": "#all"},
				"east": {"uv": [0, 0, 0, 0], "texture": "#all"},
				"south": {"uv": [15, 8, 16, 9], "texture": "#all"},
				"west": {"uv": [0, 0, 0, 0], "texture": "#all"},
				"up": {"uv": [0, 0, 0, 0], "texture": "#all"},
				"down": {"uv": [0, 0, 0, 0], "texture": "#all"}
			}
		},
		{
			"from": [8.875, 1.625, 10.125],
			"to": [9.45, 2.25, 10.125],
			"rotation": {"angle": 0, "axis": "y", "origin": [8, 8, 8]},
			"faces": {
				"north": {"uv": [13, 9, 12, 10], "texture": "#all"},
				"east": {"uv": [0, 0, 0, 0], "texture": "#all"},
				"south": {"uv": [12, 9, 13, 10], "texture": "#all"},
				"west": {"uv": [0, 0, 0, 0], "texture": "#all"},
				"up": {"uv": [0, 0, 0, 0], "texture": "#all"},
				"down": {"uv": [0, 0, 0, 0], "texture": "#all"}
			}
		},
		{
			"from": [11.125, 2.25, 9],
			"to": [11.125, 2.875, 10.125],
			"rotation": {"angle": 0, "axis": "y", "origin": [8, 8, 8]},
			"faces": {
				"north": {"uv": [0, 0, 0, 0], "texture": "#all"},
				"east": {"uv": [8, 8, 10, 9], "texture": "#all"},
				"south": {"uv": [0, 0, 0, 0], "texture": "#all"},
				"west": {"uv": [10, 8, 8, 9], "texture": "#all"},
				"up": {"uv": [0, 0, 0, 0], "texture": "#all"},
				"down": {"uv": [0, 0, 0, 0], "texture": "#all"}
			}
		},
		{
			"from": [11.125, 1.625, 9],
			"to": [11.125, 2.25, 9.575],
			"rotation": {"angle": 0, "axis": "y", "origin": [8, 8, 8]},
			"faces": {
				"north": {"uv": [0, 0, 0, 0], "texture": "#all"},
				"east": {"uv": [9, 9, 10, 10], "texture": "#all"},
				"south": {"uv": [0, 0, 0, 0], "texture": "#all"},
				"west": {"uv": [10, 9, 9, 10], "texture": "#all"},
				"up": {"uv": [0, 0, 0, 0], "texture": "#all"},
				"down": {"uv": [0, 0, 0, 0], "texture": "#all"}
			}
		},
		{
			"from": [11.125, 2.25, 7.875],
			"to": [11.125, 2.875, 8.45],
			"rotation": {"angle": 0, "axis": "y", "origin": [8, 8, 8]},
			"faces": {
				"north": {"uv": [0, 0, 0, 0], "texture": "#all"},
				"east": {"uv": [11, 8, 12, 9], "texture": "#all"},
				"south": {"uv": [0, 0, 0, 0], "texture": "#all"},
				"west": {"uv": [12, 8, 11, 9], "texture": "#all"},
				"up": {"uv": [0, 0, 0, 0], "texture": "#all"},
				"down": {"uv": [0, 0, 0, 0], "texture": "#all"}
			}
		},
		{
			"from": [8.875, 2.25, 7.875],
			"to": [8.875, 2.875, 9],
			"rotation": {"angle": 0, "axis": "y", "origin": [8, 8, 8]},
			"faces": {
				"north": {"uv": [0, 0, 0, 0], "texture": "#all"},
				"east": {"uv": [10, 8, 8, 9], "texture": "#all"},
				"south": {"uv": [0, 0, 0, 0], "texture": "#all"},
				"west": {"uv": [8, 8, 10, 9], "texture": "#all"},
				"up": {"uv": [0, 0, 0, 0], "texture": "#all"},
				"down": {"uv": [0, 0, 0, 0], "texture": "#all"}
			}
		},
		{
			"from": [8.875, 2.25, 9.55],
			"to": [8.875, 2.875, 10.125],
			"rotation": {"angle": 0, "axis": "y", "origin": [8, 8, 8]},
			"faces": {
				"north": {"uv": [0, 0, 0, 0], "texture": "#all"},
				"east": {"uv": [12, 8, 11, 9], "texture": "#all"},
				"south": {"uv": [0, 0, 0, 0], "texture": "#all"},
				"west": {"uv": [11, 8, 12, 9], "texture": "#all"},
				"up": {"uv": [0, 0, 0, 0], "texture": "#all"},
				"down": {"uv": [0, 0, 0, 0], "texture": "#all"}
			}
		},
		{
			"from": [8.875, 1.625, 8.425],
			"to": [8.875, 2.25, 9],
			"rotation": {"angle": 0, "axis": "y", "origin": [8, 8, 8]},
			"faces": {
				"north": {"uv": [0, 0, 0, 0], "texture": "#all"},
				"east": {"uv": [10, 9, 9, 10], "texture": "#all"},
				"south": {"uv": [0, 0, 0, 0], "texture": "#all"},
				"west": {"uv": [9, 9, 10, 10], "texture": "#all"},
				"up": {"uv": [0, 0, 0, 0], "texture": "#all"},
				"down": {"uv": [0, 0, 0, 0], "texture": "#all"}
			}
		},
		{
			"name": "Base",
			"from": [9, 1, 8],
			"to": [11, 5, 10],
			"rotation": {"angle": 0, "axis": "y", "origin": [0, 1.5, 0]},
			"faces": {
				"north": {"uv": [0, 4, 4, 12], "texture": "#all"},
				"east": {"uv": [4, 4, 8, 12], "texture": "#all"},
				"south": {"uv": [0, 4, 4, 12], "texture": "#all"},
				"west": {"uv": [4, 4, 8, 12], "texture": "#all"},
				"up": {"uv": [0, 3, 1, 4], "texture": "#all"},
				"down": {"uv": [0, 7, 1, 8], "texture": "#all", "cullface": "down"}
			}
		},
		{
			"name": "Wick",
			"from": [9.6, 5, 8.6],
			"to": [10.35, 6, 9.35],
			"rotation": {"angle": 0, "axis": "y", "origin": [8, 7.5, 8]},
			"faces": {
				"north": {"uv": [12, 2, 14, 4], "texture": "#all"},
				"east": {"uv": [14, 0, 16, 2], "texture": "#all"},
				"south": {"uv": [12, 2, 14, 4], "texture": "#all"},
				"west": {"uv": [12, 0, 14, 2], "texture": "#all"},
				"up": {"uv": [14, 2, 16, 4], "texture": "#all"}
			}
		},
		{
			"name": "Wax up",
			"from": [8.875, 2.875, 7.875],
			"to": [11.125, 5.125, 10.125],
			"rotation": {"angle": 0, "axis": "y", "origin": [0, 1.5, 0]},
			"faces": {
				"north": {"uv": [12, 4, 16, 8], "texture": "#all"},
				"east": {"uv": [8, 4, 12, 8], "texture": "#all"},
				"south": {"uv": [12, 4, 16, 8], "texture": "#all"},
				"west": {"uv": [8, 4, 12, 8], "texture": "#all"},
				"up": {"uv": [8, 0, 12, 4], "texture": "#all"},
				"down": {"uv": [1, 3.25, 3, 5.25], "texture": "#all", "cullface": "down"}
			}
		},
		{
			"name": "Сandle holder",
			"from": [8.625, 0, 7.625],
			"to": [11.375, 1, 10.375],
			"rotation": {"angle": 0, "axis": "y", "origin": [0, 3, 0]},
			"faces": {
				"north": {"uv": [11, 14, 16, 16], "texture": "#all"},
				"east": {"uv": [9, 14, 14, 16], "texture": "#all"},
				"south": {"uv": [11, 14, 16, 16], "texture": "#all"},
				"west": {"uv": [9, 14, 14, 16], "texture": "#all"},
				"up": {"uv": [10, 10, 15, 12], "texture": "#all"},
				"down": {"uv": [14, 14, 16, 12], "texture": "#all"}
			}
		}
	],
	"groups": [
		{
			"name": "Candle 1",
			"origin": [0, 1.5, 0],
			"color": 0,
			"children": [
				{
					"name": "Wax down",
					"origin": [8, 8, 8],
					"color": 0,
					"children": [
						{
							"name": "Wax n",
							"origin": [8, 8, 8],
							"color": 0,
							"children": [0, 1, 2]
						},
						{
							"name": "Wax s",
							"origin": [8, 8, 8],
							"color": 0,
							"children": [3, 4, 5]
						},
						{
							"name": "Wax e",
							"origin": [8, 8, 8],
							"color": 0,
							"children": [6, 7, 8]
						},
						{
							"name": "Wax w",
							"origin": [8, 8, 8],
							"color": 0,
							"children": [9, 10, 11]
						}
					]
				},
				12,
				13,
				14,
				15
			]
		},
		{
			"name": "Candle 2",
			"origin": [0, 1.5, 0],
			"color": 0,
			"children": [
				{
					"name": "Wax down",
					"origin": [8, 8, 8],
					"color": 0,
					"children": [
						{
							"name": "Wax n",
							"origin": [8, 8, 8],
							"color": 0,
							"children": [16, 17, 18]
						},
						{
							"name": "Wax s",
							"origin": [8, 8, 8],
							"color": 0,
							"children": [19, 20, 21]
						},
						{
							"name": "Wax e",
							"origin": [8, 8, 8],
							"color": 0,
							"children": [22, 23, 24]
						},
						{
							"name": "Wax w",
							"origin": [8, 8, 8],
							"color": 0,
							"children": [25, 26, 27]
						}
					]
				},
				28,
				29,
				30,
				31
			]
		},
		{
			"name": "Candle 3",
			"origin": [0, 1.5, 0],
			"color": 0,
			"children": [
				{
					"name": "Wax down",
					"origin": [8, 8, 8],
					"color": 0,
					"children": [
						{
							"name": "Wax n",
							"origin": [8, 8, 8],
							"color": 0,
							"children": [32, 33]
						},
						{
							"name": "Wax s",
							"origin": [8, 8, 8],
							"color": 0,
							"children": [34, 35]
						},
						{
							"name": "Wax e",
							"origin": [8, 8, 8],
							"color": 0,
							"children": [36, 37]
						},
						{
							"name": "Wax w",
							"origin": [8, 8, 8],
							"color": 0,
							"children": [38, 39]
						}
					]
				},
				40,
				41,
				42,
				43
			]
		},
		{
			"name": "Candle 4",
			"origin": [0, 1.5, 0],
			"color": 0,
			"children": [
				{
					"name": "Wax down",
					"origin": [8, 8, 8],
					"color": 0,
					"children": [
						{
							"name": "Wax n",
							"origin": [8, 8, 8],
							"color": 0,
							"children": [44, 45, 46]
						},
						{
							"name": "Wax s",
							"origin": [8, 8, 8],
							"color": 0,
							"children": [47, 48, 49]
						},
						{
							"name": "Wax e",
							"origin": [8, 8, 8],
							"color": 0,
							"children": [50, 51, 52]
						},
						{
							"name": "Wax w",
							"origin": [8, 8, 8],
							"color": 0,
							"children": [53, 54, 55]
						}
					]
				},
				56,
				57,
				58,
				59
			]
		}
	]
}
