{
	"credit": "Made with Blockbench",
	"textures": {
		"1": "block/creammuffin1",
		"7": "block/plate1",
		"particle": "block/creammuffin1"
	},
	"elements": [
		{
			"name": "plate",
			"from": [5, 0, 5],
			"to": [11, 1, 11],
			"rotation": {"angle": 0, "axis": "y", "origin": [8, 0, 8]},
			"faces": {
				"north": {"uv": [3.03, 10.03, 5.97, 10.47], "texture": "#7"},
				"east": {"uv": [0.03, 10.03, 2.97, 10.47], "texture": "#7"},
				"south": {"uv": [9.03, 10.03, 11.97, 10.47], "texture": "#7"},
				"west": {"uv": [6.03, 10.03, 8.97, 10.47], "texture": "#7"},
				"up": {"uv": [5.97, 9.97, 3.03, 7.03], "texture": "#7"},
				"down": {"uv": [8.97, 7.03, 6.03, 9.97], "texture": "#7"}
			}
		},
		{
			"name": "plate",
			"from": [11, 0.4, 5],
			"to": [13, 1.4, 11],
			"rotation": {"angle": 0, "axis": "y", "origin": [8, 0, 8]},
			"faces": {
				"north": {"uv": [7.03, 15.53, 7.97, 15.97], "texture": "#7"},
				"east": {"uv": [4.03, 15.53, 6.97, 15.97], "texture": "#7"},
				"south": {"uv": [3.03, 15.53, 3.97, 15.97], "texture": "#7"},
				"west": {"uv": [0.03, 15.53, 2.97, 15.97], "texture": "#7"},
				"up": {"uv": [3.97, 15.47, 3.03, 12.53], "rotation": 180, "texture": "#7"},
				"down": {"uv": [4.97, 12.53, 4.03, 15.47], "rotation": 180, "texture": "#7"}
			}
		},
		{
			"name": "plate",
			"from": [3, 0.4, 3],
			"to": [13, 1.4, 5],
			"rotation": {"angle": 0, "axis": "y", "origin": [8, 0, 8]},
			"faces": {
				"north": {"uv": [11.03, 12.03, 15.97, 12.47], "texture": "#7"},
				"east": {"uv": [10.03, 12.03, 10.97, 12.47], "texture": "#7"},
				"south": {"uv": [5.03, 12.03, 9.97, 12.47], "texture": "#7"},
				"west": {"uv": [4.03, 12.03, 4.97, 12.47], "texture": "#7"},
				"up": {"uv": [9.97, 11.97, 5.03, 11.03], "rotation": 180, "texture": "#7"},
				"down": {"uv": [14.97, 11.03, 10.03, 11.97], "rotation": 180, "texture": "#7"}
			}
		},
		{
			"name": "plate",
			"from": [3, 0.4, 5],
			"to": [5, 1.4, 11],
			"rotation": {"angle": 0, "axis": "y", "origin": [8, 0, 8]},
			"faces": {
				"north": {"uv": [3.03, 15.53, 3.97, 15.97], "texture": "#7"},
				"east": {"uv": [0.03, 15.53, 2.97, 15.97], "texture": "#7"},
				"south": {"uv": [7.03, 15.53, 7.97, 15.97], "texture": "#7"},
				"west": {"uv": [4.03, 15.53, 6.97, 15.97], "texture": "#7"},
				"up": {"uv": [3.97, 15.47, 3.03, 12.53], "texture": "#7"},
				"down": {"uv": [4.97, 12.53, 4.03, 15.47], "texture": "#7"}
			}
		},
		{
			"name": "plate",
			"from": [3, 0.4, 11],
			"to": [13, 1.4, 13],
			"rotation": {"angle": 0, "axis": "y", "origin": [8, 0, 8]},
			"faces": {
				"north": {"uv": [5.03, 12.03, 9.97, 12.47], "texture": "#7"},
				"east": {"uv": [4.03, 12.03, 4.97, 12.47], "texture": "#7"},
				"south": {"uv": [11.03, 12.03, 15.97, 12.47], "texture": "#7"},
				"west": {"uv": [10.03, 12.03, 10.97, 12.47], "texture": "#7"},
				"up": {"uv": [9.97, 11.97, 5.03, 11.03], "texture": "#7"},
				"down": {"uv": [14.97, 11.03, 10.03, 11.97], "texture": "#7"}
			}
		},
		{
			"name": "bone",
			"from": [4.25, 1.5, 4],
			"to": [7.25, 2.75, 7],
			"rotation": {"angle": 0, "axis": "z", "origin": [5.6875, 3.70625, 5.5]},
			"faces": {
				"north": {"uv": [7.032, 11.032, 9.968, 12.968], "texture": "#1"},
				"east": {"uv": [10.032, 11.032, 12.968, 12.968], "texture": "#1"},
				"south": {"uv": [0.032, 12.032, 2.968, 13.968], "texture": "#1"},
				"west": {"uv": [12.032, 8.032, 14.968, 9.968], "texture": "#1"},
				"up": {"uv": [6.968, 2.968, 4.032, 0.032], "texture": "#1"},
				"down": {"uv": [6.968, 3.032, 4.032, 5.968], "texture": "#1"}
			}
		},
		{
			"name": "bone",
			"from": [3.95, 2.75, 3.7],
			"to": [7.55, 4.75, 7.3],
			"rotation": {"angle": 0, "axis": "z", "origin": [5.6875, 3.70625, 5.5]},
			"faces": {
				"north": {"uv": [7.032, 3.032, 10.968, 4.968], "texture": "#1"},
				"east": {"uv": [7.032, 5.032, 10.968, 6.968], "texture": "#1"},
				"south": {"uv": [7.032, 7.032, 10.968, 8.968], "texture": "#1"},
				"west": {"uv": [0.032, 8.032, 3.968, 9.968], "texture": "#1"},
				"up": {"uv": [3.968, 3.968, 0.032, 0.032], "texture": "#1"},
				"down": {"uv": [3.936, 4.032, 0.06, 7.968], "texture": "#1"}
			}
		},
		{
			"name": "bone",
			"from": [4.25, 3.3, 4],
			"to": [7.25, 5.3, 7],
			"rotation": {"angle": 0, "axis": "z", "origin": [5.6875, 3.70625, 5.5]},
			"faces": {
				"north": {"uv": [4.032, 9.032, 6.968, 10.968], "texture": "#1"},
				"east": {"uv": [7.032, 9.032, 9.968, 10.968], "texture": "#1"},
				"south": {"uv": [0.032, 10.032, 2.968, 11.968], "texture": "#1"},
				"west": {"uv": [10.032, 0.032, 12.968, 1.968], "texture": "#1"},
				"up": {"uv": [6.968, 8.968, 4.032, 6.032], "texture": "#1"},
				"down": {"uv": [9.968, 0.032, 7.032, 2.968], "texture": "#1"}
			}
		},
		{
			"name": "bone",
			"from": [4.5, 3.65, 4.5],
			"to": [6.5, 5.65, 6.5],
			"rotation": {"angle": 0, "axis": "z", "origin": [5.6875, 3.70625, 5.5]},
			"faces": {
				"north": {"uv": [10.032, 9.032, 11.968, 10.968], "texture": "#1"},
				"east": {"uv": [11.032, 2.032, 12.968, 3.968], "texture": "#1"},
				"south": {"uv": [3.032, 11.032, 4.968, 12.968], "texture": "#1"},
				"west": {"uv": [11.032, 4.032, 12.968, 5.968], "texture": "#1"},
				"up": {"uv": [6.968, 12.968, 5.032, 11.032], "texture": "#1"},
				"down": {"uv": [12.968, 6.032, 11.032, 7.968], "texture": "#1"}
			}
		},
		{
			"name": "bone",
			"from": [4.25, 1.5, 8.75],
			"to": [7.25, 2.75, 11.75],
			"rotation": {"angle": 45, "axis": "y", "origin": [5.6875, 3.70625, 10.25]},
			"faces": {
				"north": {"uv": [7.032, 11.032, 9.968, 12.968], "texture": "#1"},
				"east": {"uv": [10.032, 11.032, 12.968, 12.968], "texture": "#1"},
				"south": {"uv": [0.032, 12.032, 2.968, 13.968], "texture": "#1"},
				"west": {"uv": [12.032, 8.032, 14.968, 9.968], "texture": "#1"},
				"up": {"uv": [6.968, 2.968, 4.032, 0.032], "texture": "#1"},
				"down": {"uv": [6.968, 3.032, 4.032, 5.968], "texture": "#1"}
			}
		},
		{
			"name": "bone",
			"from": [3.95, 2.75, 8.45],
			"to": [7.55, 4.75, 12.05],
			"rotation": {"angle": 45, "axis": "y", "origin": [5.6875, 3.70625, 10.25]},
			"faces": {
				"north": {"uv": [7.032, 3.032, 10.968, 4.968], "texture": "#1"},
				"east": {"uv": [7.032, 5.032, 10.968, 6.968], "texture": "#1"},
				"south": {"uv": [7.032, 7.032, 10.968, 8.968], "texture": "#1"},
				"west": {"uv": [0.032, 8.032, 3.968, 9.968], "texture": "#1"},
				"up": {"uv": [3.968, 3.968, 0.032, 0.032], "texture": "#1"},
				"down": {"uv": [3.936, 4.032, 0.06, 7.968], "texture": "#1"}
			}
		},
		{
			"name": "bone",
			"from": [4.25, 3.3, 8.75],
			"to": [7.25, 5.3, 11.75],
			"rotation": {"angle": 45, "axis": "y", "origin": [5.6875, 3.70625, 10.25]},
			"faces": {
				"north": {"uv": [4.032, 9.032, 6.968, 10.968], "texture": "#1"},
				"east": {"uv": [7.032, 9.032, 9.968, 10.968], "texture": "#1"},
				"south": {"uv": [0.032, 10.032, 2.968, 11.968], "texture": "#1"},
				"west": {"uv": [10.032, 0.032, 12.968, 1.968], "texture": "#1"},
				"up": {"uv": [6.968, 8.968, 4.032, 6.032], "texture": "#1"},
				"down": {"uv": [9.968, 0.032, 7.032, 2.968], "texture": "#1"}
			}
		},
		{
			"name": "bone",
			"from": [4.5, 3.65, 9.25],
			"to": [6.5, 5.65, 11.25],
			"rotation": {"angle": 45, "axis": "y", "origin": [5.6875, 3.70625, 10.25]},
			"faces": {
				"north": {"uv": [10.032, 9.032, 11.968, 10.968], "texture": "#1"},
				"east": {"uv": [11.032, 2.032, 12.968, 3.968], "texture": "#1"},
				"south": {"uv": [3.032, 11.032, 4.968, 12.968], "texture": "#1"},
				"west": {"uv": [11.032, 4.032, 12.968, 5.968], "texture": "#1"},
				"up": {"uv": [6.968, 12.968, 5.032, 11.032], "texture": "#1"},
				"down": {"uv": [12.968, 6.032, 11.032, 7.968], "texture": "#1"}
			}
		},
		{
			"name": "bone",
			"from": [8.9375, 1.5, 4.1625],
			"to": [11.9375, 2.75, 7.1625],
			"rotation": {"angle": -22.5, "axis": "y", "origin": [9.9375, 3.70625, 5.5]},
			"faces": {
				"north": {"uv": [12.032, 8.032, 14.968, 9.968], "texture": "#1"},
				"east": {"uv": [7.032, 11.032, 9.968, 12.968], "texture": "#1"},
				"south": {"uv": [10.032, 11.032, 12.968, 12.968], "texture": "#1"},
				"west": {"uv": [0.032, 12.032, 2.968, 13.968], "texture": "#1"},
				"up": {"uv": [6.968, 2.968, 4.032, 0.032], "rotation": 90, "texture": "#1"},
				"down": {"uv": [6.968, 3.032, 4.032, 5.968], "rotation": 270, "texture": "#1"}
			}
		},
		{
			"name": "bone",
			"from": [8.6375, 2.75, 3.8625],
			"to": [12.2375, 4.75, 7.4625],
			"rotation": {"angle": -22.5, "axis": "y", "origin": [9.9375, 3.70625, 5.5]},
			"faces": {
				"north": {"uv": [0.032, 8.032, 3.968, 9.968], "texture": "#1"},
				"east": {"uv": [7.032, 3.032, 10.968, 4.968], "texture": "#1"},
				"south": {"uv": [7.032, 5.032, 10.968, 6.968], "texture": "#1"},
				"west": {"uv": [7.032, 7.032, 10.968, 8.968], "texture": "#1"},
				"up": {"uv": [3.968, 3.968, 0.032, 0.032], "rotation": 90, "texture": "#1"},
				"down": {"uv": [3.936, 4.032, 0.06, 7.968], "rotation": 270, "texture": "#1"}
			}
		},
		{
			"name": "bone",
			"from": [8.9375, 3.3, 4.1625],
			"to": [11.9375, 5.3, 7.1625],
			"rotation": {"angle": -22.5, "axis": "y", "origin": [9.9375, 3.70625, 5.5]},
			"faces": {
				"north": {"uv": [10.032, 0.032, 12.968, 1.968], "texture": "#1"},
				"east": {"uv": [4.032, 9.032, 6.968, 10.968], "texture": "#1"},
				"south": {"uv": [7.032, 9.032, 9.968, 10.968], "texture": "#1"},
				"west": {"uv": [0.032, 10.032, 2.968, 11.968], "texture": "#1"},
				"up": {"uv": [6.968, 8.968, 4.032, 6.032], "rotation": 90, "texture": "#1"},
				"down": {"uv": [9.968, 0.032, 7.032, 2.968], "rotation": 270, "texture": "#1"}
			}
		},
		{
			"name": "bone",
			"from": [9.4375, 3.65, 4.4125],
			"to": [11.4375, 5.65, 6.4125],
			"rotation": {"angle": -22.5, "axis": "y", "origin": [9.9375, 3.70625, 5.5]},
			"faces": {
				"north": {"uv": [11.032, 4.032, 12.968, 5.968], "texture": "#1"},
				"east": {"uv": [10.032, 9.032, 11.968, 10.968], "texture": "#1"},
				"south": {"uv": [11.032, 2.032, 12.968, 3.968], "texture": "#1"},
				"west": {"uv": [3.032, 11.032, 4.968, 12.968], "texture": "#1"},
				"up": {"uv": [6.968, 12.968, 5.032, 11.032], "rotation": 90, "texture": "#1"},
				"down": {"uv": [12.968, 6.032, 11.032, 7.968], "rotation": 270, "texture": "#1"}
			}
		},
		{
			"name": "bone",
			"from": [8.95, 1.5, 8.75],
			"to": [11.95, 2.75, 11.75],
			"rotation": {"angle": -22.5, "axis": "y", "origin": [10.3875, 3.70625, 10.25]},
			"faces": {
				"north": {"uv": [7.032, 11.032, 9.968, 12.968], "texture": "#1"},
				"east": {"uv": [10.032, 11.032, 12.968, 12.968], "texture": "#1"},
				"south": {"uv": [0.032, 12.032, 2.968, 13.968], "texture": "#1"},
				"west": {"uv": [12.032, 8.032, 14.968, 9.968], "texture": "#1"},
				"up": {"uv": [6.968, 2.968, 4.032, 0.032], "texture": "#1"},
				"down": {"uv": [6.968, 3.032, 4.032, 5.968], "texture": "#1"}
			}
		},
		{
			"name": "bone",
			"from": [8.65, 2.75, 8.45],
			"to": [12.25, 4.75, 12.05],
			"rotation": {"angle": -22.5, "axis": "y", "origin": [10.3875, 3.70625, 10.25]},
			"faces": {
				"north": {"uv": [7.032, 3.032, 10.968, 4.968], "texture": "#1"},
				"east": {"uv": [7.032, 5.032, 10.968, 6.968], "texture": "#1"},
				"south": {"uv": [7.032, 7.032, 10.968, 8.968], "texture": "#1"},
				"west": {"uv": [0.032, 8.032, 3.968, 9.968], "texture": "#1"},
				"up": {"uv": [3.968, 3.968, 0.032, 0.032], "texture": "#1"},
				"down": {"uv": [3.936, 4.032, 0.06, 7.968], "texture": "#1"}
			}
		},
		{
			"name": "bone",
			"from": [8.95, 3.3, 8.75],
			"to": [11.95, 5.3, 11.75],
			"rotation": {"angle": -22.5, "axis": "y", "origin": [10.3875, 3.70625, 10.25]},
			"faces": {
				"north": {"uv": [4.032, 9.032, 6.968, 10.968], "texture": "#1"},
				"east": {"uv": [7.032, 9.032, 9.968, 10.968], "texture": "#1"},
				"south": {"uv": [0.032, 10.032, 2.968, 11.968], "texture": "#1"},
				"west": {"uv": [10.032, 0.032, 12.968, 1.968], "texture": "#1"},
				"up": {"uv": [6.968, 8.968, 4.032, 6.032], "texture": "#1"},
				"down": {"uv": [9.968, 0.032, 7.032, 2.968], "texture": "#1"}
			}
		},
		{
			"name": "bone",
			"from": [9.2, 3.65, 9.25],
			"to": [11.2, 5.65, 11.25],
			"rotation": {"angle": -22.5, "axis": "y", "origin": [10.3875, 3.70625, 10.25]},
			"faces": {
				"north": {"uv": [10.032, 9.032, 11.968, 10.968], "texture": "#1"},
				"east": {"uv": [11.032, 2.032, 12.968, 3.968], "texture": "#1"},
				"south": {"uv": [3.032, 11.032, 4.968, 12.968], "texture": "#1"},
				"west": {"uv": [11.032, 4.032, 12.968, 5.968], "texture": "#1"},
				"up": {"uv": [6.968, 12.968, 5.032, 11.032], "texture": "#1"},
				"down": {"uv": [12.968, 6.032, 11.032, 7.968], "texture": "#1"}
			}
		}
	],
	"display": {
		"thirdperson_righthand": {
			"rotation": [70, 0, 0],
			"translation": [-5.75, 5.5, 5.5]
		},
		"firstperson_righthand": {
			"rotation": [-3.56, 32.83, 6.55],
			"translation": [0.75, 3, -5.25]
		},
		"ground": {
			"translation": [0, 4, 0]
		},
		"gui": {
			"rotation": [24, 24, 0],
			"translation": [0, 4, 0]
		},
		"fixed": {
			"rotation": [-90, 0, 0],
			"translation": [0, 0, -15],
			"scale": [2, 2, 2]
		}
	},
	"groups": [
		{
			"name": "plate",
			"origin": [0, 0, 0],
			"color": 0,
			"children": [0, 1, 2, 3, 4]
		},
		{
			"name": "bone",
			"origin": [0, 0, 0],
			"color": 0,
			"children": [5, 6, 7, 8]
		},
		{
			"name": "bone",
			"origin": [0, 0, 0],
			"color": 0,
			"children": [9, 10, 11, 12]
		},
		{
			"name": "bone",
			"origin": [0, 0, 0],
			"color": 0,
			"children": [13, 14, 15, 16]
		},
		{
			"name": "bone",
			"origin": [0, 0, 0],
			"color": 0,
			"children": [17, 18, 19, 20]
		}
	]
}