{
	"credit": "Made with Blockbench",
	"textures": {
		"0": "block/creammuffin1"
	},
	"elements": [
		{
			"name": "bone",
			"from": [3.5, 0, 3.5],
			"to": [6.5, 1.25, 6.5],
			"rotation": {"angle": 0, "axis": "y", "origin": [7.9375, 0.20625, 8]},
			"faces": {
				"north": {"uv": [7.032, 11.032, 9.968, 12.968], "texture": "#0"},
				"east": {"uv": [10.032, 11.032, 12.968, 12.968], "texture": "#0"},
				"south": {"uv": [0.032, 12.032, 2.968, 13.968], "texture": "#0"},
				"west": {"uv": [12.032, 8.032, 14.968, 9.968], "texture": "#0"},
				"up": {"uv": [6.968, 2.968, 4.032, 0.032], "texture": "#0"},
				"down": {"uv": [6.968, 3.032, 4.032, 5.968], "texture": "#0"}
			}
		},
		{
			"name": "bone",
			"from": [3.2, 1.25, 3.2],
			"to": [6.8, 3.25, 6.8],
			"rotation": {"angle": 0, "axis": "y", "origin": [7.9375, 0.20625, 8]},
			"faces": {
				"north": {"uv": [7.032, 3.032, 10.968, 4.968], "texture": "#0"},
				"east": {"uv": [7.032, 5.032, 10.968, 6.968], "texture": "#0"},
				"south": {"uv": [7.032, 7.032, 10.968, 8.968], "texture": "#0"},
				"west": {"uv": [0.032, 8.032, 3.968, 9.968], "texture": "#0"},
				"up": {"uv": [3.968, 3.968, 0.032, 0.032], "texture": "#0"},
				"down": {"uv": [3.936, 4.032, 0.06, 7.968], "texture": "#0"}
			}
		},
		{
			"name": "bone",
			"from": [3.5, 1.8, 3.5],
			"to": [6.5, 3.8, 6.5],
			"rotation": {"angle": 0, "axis": "y", "origin": [7.9375, 0.20625, 8]},
			"faces": {
				"north": {"uv": [4.032, 9.032, 6.968, 10.968], "texture": "#0"},
				"east": {"uv": [7.032, 9.032, 9.968, 10.968], "texture": "#0"},
				"south": {"uv": [0.032, 10.032, 2.968, 11.968], "texture": "#0"},
				"west": {"uv": [10.032, 0.032, 12.968, 1.968], "texture": "#0"},
				"up": {"uv": [6.968, 8.968, 4.032, 6.032], "texture": "#0"},
				"down": {"uv": [9.968, 0.032, 7.032, 2.968], "texture": "#0"}
			}
		},
		{
			"name": "bone",
			"from": [3.75, 2.15, 4],
			"to": [5.75, 4.15, 6],
			"rotation": {"angle": 0, "axis": "y", "origin": [7.9375, 0.20625, 8]},
			"faces": {
				"north": {"uv": [10.032, 9.032, 11.968, 10.968], "texture": "#0"},
				"east": {"uv": [11.032, 2.032, 12.968, 3.968], "texture": "#0"},
				"south": {"uv": [3.032, 11.032, 4.968, 12.968], "texture": "#0"},
				"west": {"uv": [11.032, 4.032, 12.968, 5.968], "texture": "#0"},
				"up": {"uv": [6.968, 12.968, 5.032, 11.032], "texture": "#0"},
				"down": {"uv": [12.968, 6.032, 11.032, 7.968], "texture": "#0"}
			}
		}
	],
	"display": {
		"thirdperson_righthand": {
			"rotation": [70, 0, 0],
			"translation": [2.5, 1.25, 8.25]
		},
		"firstperson_righthand": {
			"translation": [1.25, 6.75, 4]
		},
		"ground": {
			"translation": [0, 4, 0]
		},
		"gui": {
			"rotation": [24, 24, 0],
			"translation": [4, 4, 0]
		},
		"fixed": {
			"rotation": [-90, 0, 0],
			"translation": [0, 0, -15],
			"scale": [2, 2, 2]
		}
	},
	"groups": [
		{
			"name": "bone",
			"origin": [0, 0, 0],
			"color": 0,
			"children": [0, 1, 2, 3]
		}
	]
}