{
	"credit": "Made with Blockbench",
	"textures": {
		"0": "block/herbs",
		"1": "block/stripped_spruce_log_a",
		"4": "block/chain",
		"particle": "block/herbs"
	},
	"elements": [
		{
			"from": [0, 15, 0],
			"to": [2, 17, 16],
			"rotation": {"angle": 0, "axis": "y", "origin": [8, 23, 8]},
			"faces": {
				"north": {"uv": [0, 14, 2, 16], "texture": "#1"},
				"east": {"uv": [0, 0, 2, 16], "rotation": 270, "texture": "#1"},
				"south": {"uv": [0, 0, 2, 2], "texture": "#1"},
				"west": {"uv": [7, 0, 9, 16], "rotation": 90, "texture": "#1"},
				"up": {"uv": [0, 0, 2, 16], "texture": "#1"},
				"down": {"uv": [0, 0, 2, 16], "texture": "#1"}
			}
		},
		{
			"from": [14, 15, 0],
			"to": [16, 17, 16],
			"rotation": {"angle": 0, "axis": "y", "origin": [23, 23, 8]},
			"faces": {
				"north": {"uv": [14, 0, 16, 2], "texture": "#1"},
				"east": {"uv": [7, 0, 9, 16], "rotation": 90, "texture": "#1"},
				"south": {"uv": [14, 14, 16, 16], "texture": "#1"},
				"west": {"uv": [14, 0, 16, 16], "rotation": 90, "texture": "#1"},
				"up": {"uv": [14, 0, 16, 16], "texture": "#1"},
				"down": {"uv": [14, 0, 16, 16], "texture": "#1"}
			}
		},
		{
			"from": [2, 15.5, 14],
			"to": [14, 16.5, 15],
			"rotation": {"angle": 0, "axis": "y", "origin": [8, 23, 22]},
			"faces": {
				"north": {"uv": [7, 1, 8, 13], "rotation": 270, "texture": "#1"},
				"east": {"uv": [7, 1, 8, 13], "rotation": 90, "texture": "#1"},
				"south": {"uv": [7, 1, 8, 13], "rotation": 90, "texture": "#1"},
				"west": {"uv": [7, 1, 8, 13], "rotation": 90, "texture": "#1"},
				"up": {"uv": [7, 1, 8, 13], "rotation": 90, "texture": "#1"},
				"down": {"uv": [7, 1, 8, 13], "rotation": 90, "texture": "#1"}
			}
		},
		{
			"from": [2, 15.5, 12],
			"to": [14, 16.5, 13],
			"rotation": {"angle": 0, "axis": "y", "origin": [8, 23, 20]},
			"faces": {
				"north": {"uv": [5, 2, 6, 14], "rotation": 270, "texture": "#1"},
				"east": {"uv": [5, 2, 6, 14], "rotation": 90, "texture": "#1"},
				"south": {"uv": [5, 2, 6, 14], "rotation": 90, "texture": "#1"},
				"west": {"uv": [5, 2, 6, 14], "rotation": 90, "texture": "#1"},
				"up": {"uv": [5, 2, 6, 14], "rotation": 90, "texture": "#1"},
				"down": {"uv": [5, 2, 6, 14], "rotation": 90, "texture": "#1"}
			}
		},
		{
			"from": [2, 15.5, 5],
			"to": [14, 16.5, 6],
			"rotation": {"angle": 0, "axis": "y", "origin": [8, 23, 13]},
			"faces": {
				"north": {"uv": [5, 1, 6, 13], "rotation": 90, "texture": "#1"},
				"east": {"uv": [5, 1, 6, 13], "rotation": 90, "texture": "#1"},
				"south": {"uv": [5, 1, 6, 13], "rotation": 90, "texture": "#1"},
				"west": {"uv": [5, 1, 6, 13], "rotation": 90, "texture": "#1"},
				"up": {"uv": [5, 1, 6, 13], "rotation": 90, "texture": "#1"},
				"down": {"uv": [5, 1, 6, 13], "rotation": 90, "texture": "#1"}
			}
		},
		{
			"from": [2, 15.5, 7],
			"to": [14, 16.5, 9],
			"rotation": {"angle": 0, "axis": "y", "origin": [8, 23, 15]},
			"faces": {
				"north": {"uv": [7, 1, 8, 13], "rotation": 270, "texture": "#1"},
				"east": {"uv": [7, 1, 8, 13], "rotation": 90, "texture": "#1"},
				"south": {"uv": [8, 1, 9, 13], "rotation": 90, "texture": "#1"},
				"west": {"uv": [7, 1, 8, 13], "rotation": 90, "texture": "#1"},
				"up": {"uv": [7, 1, 9, 13], "rotation": 90, "texture": "#1"},
				"down": {"uv": [7, 1, 9, 13], "rotation": 90, "texture": "#1"}
			}
		},
		{
			"from": [2, 15.5, 10],
			"to": [14, 16.5, 11],
			"rotation": {"angle": 0, "axis": "y", "origin": [8, 23, 18]},
			"faces": {
				"north": {"uv": [11, 2, 12, 14], "rotation": 270, "texture": "#1"},
				"east": {"uv": [11, 2, 12, 14], "rotation": 90, "texture": "#1"},
				"south": {"uv": [11, 2, 12, 14], "rotation": 90, "texture": "#1"},
				"west": {"uv": [11, 2, 12, 14], "rotation": 90, "texture": "#1"},
				"up": {"uv": [11, 2, 12, 14], "rotation": 90, "texture": "#1"},
				"down": {"uv": [11, 2, 12, 14], "rotation": 90, "texture": "#1"}
			}
		},
		{
			"from": [2, 15.5, 1],
			"to": [14, 16.5, 2],
			"rotation": {"angle": 0, "axis": "y", "origin": [8, 23, 9]},
			"faces": {
				"north": {"uv": [9, 1, 10, 13], "rotation": 270, "texture": "#1"},
				"east": {"uv": [9, 1, 10, 13], "rotation": 90, "texture": "#1"},
				"south": {"uv": [9, 1, 10, 13], "rotation": 90, "texture": "#1"},
				"west": {"uv": [9, 1, 10, 13], "rotation": 90, "texture": "#1"},
				"up": {"uv": [9, 1, 10, 13], "rotation": 90, "texture": "#1"},
				"down": {"uv": [9, 1, 10, 13], "rotation": 90, "texture": "#1"}
			}
		},
		{
			"from": [2, 15.5, 3],
			"to": [14, 16.5, 4],
			"rotation": {"angle": 0, "axis": "y", "origin": [8, 23, 11]},
			"faces": {
				"north": {"uv": [4, 1, 5, 13], "rotation": 270, "texture": "#1"},
				"east": {"uv": [4, 1, 5, 13], "rotation": 90, "texture": "#1"},
				"south": {"uv": [4, 1, 5, 13], "rotation": 90, "texture": "#1"},
				"west": {"uv": [4, 1, 5, 13], "rotation": 90, "texture": "#1"},
				"up": {"uv": [4, 1, 5, 13], "rotation": 90, "texture": "#1"},
				"down": {"uv": [4, 1, 5, 13], "rotation": 90, "texture": "#1"}
			}
		},
		{
			"from": [12.5, 10.5, 14],
			"to": [13.5, 15.5, 15],
			"rotation": {"angle": 45, "axis": "y", "origin": [13, 12, 14.5]},
			"faces": {
				"north": {"uv": [2, 15, 7, 16], "rotation": 90, "texture": "#0"},
				"east": {"uv": [2, 14, 7, 15], "rotation": 90, "texture": "#0"},
				"south": {"uv": [2, 15, 7, 16], "rotation": 90, "texture": "#0"},
				"west": {"uv": [2, 14, 7, 15], "rotation": 90, "texture": "#0"}
			}
		},
		{
			"from": [13.25, 10.5, -0.75],
			"to": [14.25, 15.5, 0.25],
			"rotation": {"angle": 45, "axis": "y", "origin": [13, 12, 14.5]},
			"faces": {
				"north": {"uv": [2, 15, 7, 16], "rotation": 90, "texture": "#0"},
				"east": {"uv": [2, 14, 7, 15], "rotation": 90, "texture": "#0"},
				"south": {"uv": [2, 15, 7, 16], "rotation": 90, "texture": "#0"},
				"west": {"uv": [2, 14, 7, 15], "rotation": 90, "texture": "#0"}
			}
		},
		{
			"from": [2, 9, 2.5],
			"to": [4, 11, 4.5],
			"rotation": {"angle": 0, "axis": "y", "origin": [3, 17, 3.5]},
			"faces": {
				"north": {"uv": [9, 14, 11, 16], "texture": "#0"},
				"east": {"uv": [9, 14, 11, 16], "texture": "#0"},
				"south": {"uv": [9, 14, 11, 16], "texture": "#0"},
				"west": {"uv": [9, 14, 11, 16], "texture": "#0"},
				"up": {"uv": [9, 14, 11, 16], "texture": "#0"},
				"down": {"uv": [9, 14, 11, 16], "texture": "#0"}
			}
		},
		{
			"from": [3, 8, -0.5],
			"to": [5, 10, 1.5],
			"rotation": {"angle": 22.5, "axis": "y", "origin": [12, 16, 7]},
			"faces": {
				"north": {"uv": [0, 14, 2, 16], "texture": "#0"},
				"east": {"uv": [0, 14, 2, 16], "texture": "#0"},
				"south": {"uv": [0, 14, 2, 16], "texture": "#0"},
				"west": {"uv": [0, 14, 2, 16], "texture": "#0"},
				"up": {"uv": [0, 14, 2, 16], "texture": "#0"},
				"down": {"uv": [0, 14, 2, 16], "texture": "#0"}
			}
		},
		{
			"from": [3, 3, 1.5],
			"to": [5, 5, 3.5],
			"rotation": {"angle": -22.5, "axis": "z", "origin": [12, 11, 10]},
			"faces": {
				"north": {"uv": [0, 12, 2, 14], "texture": "#0"},
				"east": {"uv": [0, 12, 2, 14], "texture": "#0"},
				"south": {"uv": [0, 12, 2, 14], "texture": "#0"},
				"west": {"uv": [0, 12, 2, 14], "texture": "#0"},
				"up": {"uv": [0, 12, 2, 14], "texture": "#0"},
				"down": {"uv": [0, 12, 2, 14], "texture": "#0"}
			}
		},
		{
			"from": [-1, 7, 2.5],
			"to": [1, 9, 4.5],
			"rotation": {"angle": 22.5, "axis": "z", "origin": [8, 15, 10]},
			"faces": {
				"north": {"uv": [0, 14, 2, 16], "texture": "#0"},
				"east": {"uv": [0, 14, 2, 16], "texture": "#0"},
				"south": {"uv": [0, 14, 2, 16], "texture": "#0"},
				"west": {"uv": [0, 14, 2, 16], "texture": "#0"},
				"up": {"uv": [0, 14, 2, 16], "texture": "#0"},
				"down": {"uv": [0, 14, 2, 16], "texture": "#0"}
			}
		},
		{
			"from": [2, 4, -0.5],
			"to": [3.5, 5.5, 1],
			"rotation": {"angle": -22.5, "axis": "x", "origin": [11, 12, 7]},
			"faces": {
				"north": {"uv": [9, 14, 11, 16], "texture": "#0"},
				"east": {"uv": [9, 14, 11, 16], "texture": "#0"},
				"south": {"uv": [9, 14, 11, 16], "texture": "#0"},
				"west": {"uv": [9, 14, 11, 16], "texture": "#0"},
				"up": {"uv": [9, 14, 11, 16], "texture": "#0"},
				"down": {"uv": [9, 14, 11, 16], "texture": "#0"}
			}
		},
		{
			"from": [12, 9, 13.5],
			"to": [14, 11, 15.5],
			"rotation": {"angle": 0, "axis": "y", "origin": [21, 17, 21]},
			"faces": {
				"north": {"uv": [0, 12, 2, 14], "texture": "#0"},
				"east": {"uv": [0, 12, 2, 14], "texture": "#0"},
				"south": {"uv": [0, 12, 2, 14], "texture": "#0"},
				"west": {"uv": [0, 12, 2, 14], "texture": "#0"},
				"up": {"uv": [0, 12, 2, 14], "texture": "#0"},
				"down": {"uv": [0, 12, 2, 14], "texture": "#0"}
			}
		},
		{
			"from": [13, 4, 12.5],
			"to": [15, 6, 14.5],
			"rotation": {"angle": -22.5, "axis": "z", "origin": [22, 12, 21]},
			"faces": {
				"north": {"uv": [0, 12, 2, 14], "texture": "#0"},
				"east": {"uv": [0, 12, 2, 14], "texture": "#0"},
				"south": {"uv": [0, 12, 2, 14], "texture": "#0"},
				"west": {"uv": [0, 12, 2, 14], "texture": "#0"},
				"up": {"uv": [0, 12, 2, 14], "texture": "#0"},
				"down": {"uv": [0, 12, 2, 14], "texture": "#0"}
			}
		},
		{
			"from": [15, 8, 10.5],
			"to": [17, 10, 12.5],
			"rotation": {"angle": 22.5, "axis": "y", "origin": [24, 16, 18]},
			"faces": {
				"north": {"uv": [9, 14, 11, 16], "texture": "#0"},
				"east": {"uv": [9, 14, 11, 16], "texture": "#0"},
				"south": {"uv": [9, 14, 11, 16], "texture": "#0"},
				"west": {"uv": [9, 14, 11, 16], "texture": "#0"},
				"up": {"uv": [9, 14, 11, 16], "texture": "#0"},
				"down": {"uv": [9, 14, 11, 16], "texture": "#0"}
			}
		},
		{
			"from": [9, 8, 13.5],
			"to": [11, 10, 15.5],
			"rotation": {"angle": 22.5, "axis": "z", "origin": [18, 16, 21]},
			"faces": {
				"north": {"uv": [0, 12, 2, 14], "texture": "#0"},
				"east": {"uv": [0, 12, 2, 14], "texture": "#0"},
				"south": {"uv": [0, 12, 2, 14], "texture": "#0"},
				"west": {"uv": [0, 12, 2, 14], "texture": "#0"},
				"up": {"uv": [0, 12, 2, 14], "texture": "#0"},
				"down": {"uv": [0, 12, 2, 14], "texture": "#0"}
			}
		},
		{
			"from": [14, 0, 13.5],
			"to": [15.5, 1.5, 15],
			"rotation": {"angle": -22.5, "axis": "z", "origin": [23, 8, 21]},
			"faces": {
				"north": {"uv": [9, 14, 11, 16], "texture": "#0"},
				"east": {"uv": [9, 14, 11, 16], "texture": "#0"},
				"south": {"uv": [9, 14, 11, 16], "texture": "#0"},
				"west": {"uv": [9, 14, 11, 16], "texture": "#0"},
				"up": {"uv": [9, 14, 11, 16], "texture": "#0"},
				"down": {"uv": [9, 14, 11, 16], "texture": "#0"}
			}
		},
		{
			"from": [8, 1.5, 1.5],
			"to": [13, 15.5, 1.5],
			"rotation": {"angle": -22.5, "axis": "y", "origin": [10.5, 2, 1.5]},
			"faces": {
				"north": {"uv": [6, 0, 11, 14], "texture": "#0"},
				"east": {"uv": [0, 0, 0, 11], "texture": "#missing"},
				"south": {"uv": [6, 0, 11, 14], "texture": "#0"},
				"west": {"uv": [0, 0, 0, 11], "texture": "#missing"},
				"up": {"uv": [0, 0, 5, 0], "texture": "#missing"},
				"down": {"uv": [0, 0, 5, 0], "texture": "#missing"}
			}
		},
		{
			"from": [1, 2, 12.5],
			"to": [6, 16, 12.5],
			"rotation": {"angle": -22.5, "axis": "y", "origin": [3.5, 2, 12.5]},
			"faces": {
				"north": {"uv": [6, 0, 11, 14], "texture": "#0"},
				"east": {"uv": [0, 0, 0, 11], "texture": "#missing"},
				"south": {"uv": [6, 0, 11, 14], "texture": "#0"},
				"west": {"uv": [0, 0, 0, 11], "texture": "#missing"},
				"up": {"uv": [0, 0, 5, 0], "texture": "#missing"},
				"down": {"uv": [0, 0, 5, 0], "texture": "#missing"}
			}
		},
		{
			"from": [3, 3.5, 10.5],
			"to": [8, 15.5, 10.5],
			"rotation": {"angle": 22.5, "axis": "y", "origin": [5.5, 3, 10.5]},
			"faces": {
				"north": {"uv": [0, 0, 5, 12], "texture": "#0"},
				"east": {"uv": [0, 0, 0, 11], "texture": "#missing"},
				"south": {"uv": [0, 0, 5, 12], "texture": "#0"},
				"west": {"uv": [0, 0, 0, 11], "texture": "#missing"},
				"up": {"uv": [0, 0, 5, 0], "texture": "#missing"},
				"down": {"uv": [0, 0, 5, 0], "texture": "#missing"}
			}
		},
		{
			"from": [5, 3.5, 5.5],
			"to": [10, 15.5, 5.5],
			"rotation": {"angle": 22.5, "axis": "y", "origin": [7.5, 3, 5.5]},
			"faces": {
				"north": {"uv": [0, 0, 5, 12], "texture": "#0"},
				"east": {"uv": [0, 0, 0, 11], "texture": "#missing"},
				"south": {"uv": [0, 0, 5, 12], "texture": "#0"},
				"west": {"uv": [0, 0, 0, 11], "texture": "#missing"},
				"up": {"uv": [0, 0, 5, 0], "texture": "#missing"},
				"down": {"uv": [0, 0, 5, 0], "texture": "#missing"}
			}
		},
		{
			"from": [9, 2, 7.5],
			"to": [14, 15, 7.5],
			"rotation": {"angle": 45, "axis": "y", "origin": [11.5, 2, 7.5]},
			"faces": {
				"north": {"uv": [11, 0, 16, 13], "texture": "#0"},
				"east": {"uv": [0, 0, 0, 11], "texture": "#missing"},
				"south": {"uv": [11, 0, 16, 13], "texture": "#0"},
				"west": {"uv": [0, 0, 0, 11], "texture": "#missing"},
				"up": {"uv": [0, 0, 5, 0], "texture": "#missing"},
				"down": {"uv": [0, 0, 5, 0], "texture": "#missing"}
			}
		},
		{
			"from": [10.5, 1.5, -1],
			"to": [10.5, 15.5, 4],
			"rotation": {"angle": -22.5, "axis": "y", "origin": [10.5, 2, 1.5]},
			"faces": {
				"north": {"uv": [0, 0, 0, 11], "texture": "#missing"},
				"east": {"uv": [6, 0, 11, 14], "texture": "#0"},
				"south": {"uv": [0, 0, 0, 11], "texture": "#missing"},
				"west": {"uv": [6, 0, 11, 14], "texture": "#0"},
				"up": {"uv": [0, 0, 0, 5], "texture": "#missing"},
				"down": {"uv": [0, 0, 0, 5], "texture": "#missing"}
			}
		},
		{
			"from": [3.5, 2, 10],
			"to": [3.5, 16, 15],
			"rotation": {"angle": -22.5, "axis": "y", "origin": [3.5, 2, 12.5]},
			"faces": {
				"north": {"uv": [0, 0, 0, 11], "texture": "#missing"},
				"east": {"uv": [6, 0, 11, 14], "texture": "#0"},
				"south": {"uv": [0, 0, 0, 11], "texture": "#missing"},
				"west": {"uv": [6, 0, 11, 14], "texture": "#0"},
				"up": {"uv": [0, 0, 0, 5], "texture": "#missing"},
				"down": {"uv": [0, 0, 0, 5], "texture": "#missing"}
			}
		},
		{
			"from": [5.5, 3.5, 8],
			"to": [5.5, 15.5, 13],
			"rotation": {"angle": 22.5, "axis": "y", "origin": [5.5, 3, 10.5]},
			"faces": {
				"north": {"uv": [0, 0, 0, 11], "texture": "#missing"},
				"east": {"uv": [0, 0, 5, 12], "texture": "#0"},
				"south": {"uv": [0, 0, 0, 11], "texture": "#missing"},
				"west": {"uv": [0, 0, 5, 12], "texture": "#0"},
				"up": {"uv": [0, 0, 0, 5], "texture": "#missing"},
				"down": {"uv": [0, 0, 0, 5], "texture": "#missing"}
			}
		},
		{
			"from": [7.5, 3.5, 3],
			"to": [7.5, 15.5, 8],
			"rotation": {"angle": 22.5, "axis": "y", "origin": [7.5, 3, 5.5]},
			"faces": {
				"north": {"uv": [0, 0, 0, 11], "texture": "#missing"},
				"east": {"uv": [0, 0, 5, 12], "texture": "#0"},
				"south": {"uv": [0, 0, 0, 11], "texture": "#missing"},
				"west": {"uv": [0, 0, 5, 12], "texture": "#0"},
				"up": {"uv": [0, 0, 0, 5], "texture": "#missing"},
				"down": {"uv": [0, 0, 0, 5], "texture": "#missing"}
			}
		},
		{
			"from": [11.5, 2, 5],
			"to": [11.5, 15, 10],
			"rotation": {"angle": 45, "axis": "y", "origin": [11.5, 2, 7.5]},
			"faces": {
				"north": {"uv": [0, 0, 0, 11], "texture": "#missing"},
				"east": {"uv": [11, 0, 16, 13], "texture": "#0"},
				"south": {"uv": [0, 0, 0, 11], "texture": "#missing"},
				"west": {"uv": [11, 0, 16, 13], "texture": "#0"},
				"up": {"uv": [0, 0, 0, 5], "texture": "#missing"},
				"down": {"uv": [0, 0, 0, 5], "texture": "#missing"}
			}
		},
		{
			"from": [1.5, 16, 0],
			"to": [1.5, 32, 3],
			"rotation": {"angle": 45, "axis": "y", "origin": [1.5, 24, 1.5]},
			"faces": {
				"north": {"uv": [0, 0, 0, 11], "texture": "#missing"},
				"east": {"uv": [3, 0, 6, 16], "texture": "#4"},
				"south": {"uv": [0, 0, 0, 11], "texture": "#missing"},
				"west": {"uv": [3, 0, 6, 16], "texture": "#4"},
				"up": {"uv": [0, 0, 0, 2], "texture": "#missing"},
				"down": {"uv": [0, 0, 0, 2], "texture": "#missing"}
			}
		},
		{
			"from": [14.5, 16, 0],
			"to": [14.5, 32, 3],
			"rotation": {"angle": 45, "axis": "y", "origin": [14.5, 24, 1.5]},
			"faces": {
				"north": {"uv": [0, 0, 0, 11], "texture": "#missing"},
				"east": {"uv": [3, 0, 6, 16], "texture": "#4"},
				"south": {"uv": [0, 0, 0, 11], "texture": "#missing"},
				"west": {"uv": [3, 0, 6, 16], "texture": "#4"},
				"up": {"uv": [0, 0, 0, 2], "texture": "#missing"},
				"down": {"uv": [0, 0, 0, 2], "texture": "#missing"}
			}
		},
		{
			"from": [1.5, 16, 13],
			"to": [1.5, 32, 16],
			"rotation": {"angle": 45, "axis": "y", "origin": [1.5, 24, 14.5]},
			"faces": {
				"north": {"uv": [0, 0, 0, 11], "texture": "#missing"},
				"east": {"uv": [3, 0, 6, 16], "texture": "#4"},
				"south": {"uv": [0, 0, 0, 11], "texture": "#missing"},
				"west": {"uv": [3, 0, 6, 16], "texture": "#4"},
				"up": {"uv": [0, 0, 0, 2], "texture": "#missing"},
				"down": {"uv": [0, 0, 0, 2], "texture": "#missing"}
			}
		},
		{
			"from": [14.5, 16, 13],
			"to": [14.5, 32, 16],
			"rotation": {"angle": 45, "axis": "y", "origin": [14.5, 24, 14.5]},
			"faces": {
				"north": {"uv": [0, 0, 0, 11], "texture": "#missing"},
				"east": {"uv": [3, 0, 6, 16], "texture": "#4"},
				"south": {"uv": [0, 0, 0, 11], "texture": "#missing"},
				"west": {"uv": [3, 0, 6, 16], "texture": "#4"},
				"up": {"uv": [0, 0, 0, 2], "texture": "#missing"},
				"down": {"uv": [0, 0, 0, 2], "texture": "#missing"}
			}
		},
		{
			"from": [0, 16, 1.5],
			"to": [3, 32, 1.5],
			"rotation": {"angle": 45, "axis": "y", "origin": [1.5, 24, 1.5]},
			"faces": {
				"north": {"uv": [0, 0, 3, 16], "texture": "#4"},
				"east": {"uv": [3, 0, 6, 16], "texture": "#4"},
				"south": {"uv": [0, 0, 3, 16], "texture": "#4"},
				"west": {"uv": [3, 0, 6, 16], "texture": "#4"},
				"up": {"uv": [0, 0, 0, 2], "texture": "#missing"},
				"down": {"uv": [0, 0, 0, 2], "texture": "#missing"}
			}
		},
		{
			"from": [13, 16, 1.5],
			"to": [16, 32, 1.5],
			"rotation": {"angle": 45, "axis": "y", "origin": [14.5, 24, 1.5]},
			"faces": {
				"north": {"uv": [0, 0, 3, 16], "texture": "#4"},
				"east": {"uv": [3, 0, 6, 16], "texture": "#4"},
				"south": {"uv": [0, 0, 3, 16], "texture": "#4"},
				"west": {"uv": [3, 0, 6, 16], "texture": "#4"},
				"up": {"uv": [0, 0, 0, 2], "texture": "#missing"},
				"down": {"uv": [0, 0, 0, 2], "texture": "#missing"}
			}
		},
		{
			"from": [0, 16, 14.5],
			"to": [3, 32, 14.5],
			"rotation": {"angle": 45, "axis": "y", "origin": [1.5, 24, 14.5]},
			"faces": {
				"north": {"uv": [0, 0, 3, 16], "texture": "#4"},
				"east": {"uv": [3, 0, 6, 16], "texture": "#4"},
				"south": {"uv": [0, 0, 3, 16], "texture": "#4"},
				"west": {"uv": [3, 0, 6, 16], "texture": "#4"},
				"up": {"uv": [0, 0, 0, 2], "texture": "#missing"},
				"down": {"uv": [0, 0, 0, 2], "texture": "#missing"}
			}
		},
		{
			"from": [13, 16, 14.5],
			"to": [16, 32, 14.5],
			"rotation": {"angle": 45, "axis": "y", "origin": [14.5, 24, 14.5]},
			"faces": {
				"north": {"uv": [0, 0, 3, 16], "texture": "#4"},
				"east": {"uv": [3, 0, 6, 16], "texture": "#4"},
				"south": {"uv": [0, 0, 3, 16], "texture": "#4"},
				"west": {"uv": [3, 0, 6, 16], "texture": "#4"},
				"up": {"uv": [0, 0, 0, 2], "texture": "#missing"},
				"down": {"uv": [0, 0, 0, 2], "texture": "#missing"}
			}
		}
	],
	"display": {
		"thirdperson_righthand": {
			"scale": [0.5, 0.5, 0.5]
		},
		"thirdperson_lefthand": {
			"scale": [0.5, 0.5, 0.5]
		},
		"firstperson_righthand": {
			"translation": [0, -5, 11],
			"scale": [0.5, 0.5, 0.5]
		},
		"firstperson_lefthand": {
			"translation": [0, -5, 11],
			"scale": [0.5, 0.5, 0.5]
		},
		"ground": {
			"scale": [0.5, 0.5, 0.5]
		},
		"gui": {
			"rotation": [30, 45, 0],
			"translation": [0, -3, 0],
			"scale": [0.4, 0.4, 0.4]
		},
		"fixed": {
			"rotation": [90, 0, 0],
			"translation": [0, 0, -46],
			"scale": [2, 2, 2]
		}
	},
	"groups": [0, 1, 2, 3, 4, 5, 6, 7, 8, 9, 10,
		{
			"name": "group",
			"origin": [12, 12, 7],
			"children": [11, 12, 13, 14, 15]
		},
		{
			"name": "group",
			"origin": [23, 8, 21],
			"children": [16, 17, 18, 19, 20]
		}, 21, 22, 23, 24, 25, 26, 27, 28, 29, 30, 31, 32, 33, 34, 35, 36, 37, 38]
}