{
	"credit": "Made with Blockbench",
	"textures": {
		"7": "block/phone_1"
	},
	"elements": [
		{
			"from": [4, 1, 4],
			"to": [12, 3, 12],
			"rotation": {"angle": 0, "axis": "y", "origin": [0, 0, 1]},
			"faces": {
				"north": {"uv": [8, 6, 16, 8], "texture": "#7"},
				"east": {"uv": [8, 4, 16, 6], "texture": "#7"},
				"south": {"uv": [0, 8, 8, 10], "texture": "#7"},
				"west": {"uv": [8, 2, 16, 4], "texture": "#7"},
				"up": {"uv": [0, 0, 8, 8], "texture": "#7"},
				"down": {"uv": [0, 0, 8, 8], "rotation": 180, "texture": "#7"}
			}
		},
		{
			"from": [5, 3, 4],
			"to": [11, 5, 9],
			"rotation": {"angle": 0, "axis": "y", "origin": [0, 0, 1]},
			"faces": {
				"north": {"uv": [9, 5, 15, 7], "texture": "#7"},
				"east": {"uv": [10, 4, 15, 6], "texture": "#7"},
				"south": {"uv": [1, 8, 7, 10], "texture": "#7"},
				"west": {"uv": [8, 0, 13, 2], "texture": "#7"},
				"up": {"uv": [1, 0, 7, 5], "texture": "#7"},
				"down": {"uv": [0, 0, 6, 5], "texture": "#missing"}
			}
		},
		{
			"from": [4, 0, 11],
			"to": [5, 1, 12],
			"rotation": {"angle": 0, "axis": "y", "origin": [0, 0, 1]},
			"faces": {
				"north": {"uv": [1, 15, 2, 16], "texture": "#7"},
				"east": {"uv": [1, 15, 2, 16], "texture": "#7"},
				"south": {"uv": [0, 14, 1, 15], "texture": "#7"},
				"west": {"uv": [0, 10, 1, 11], "texture": "#7"},
				"up": {"uv": [0, 10, 1, 11], "texture": "#7"},
				"down": {"uv": [2, 15, 3, 16], "texture": "#7"}
			}
		},
		{
			"from": [11, 0, 11],
			"to": [12, 1, 12],
			"rotation": {"angle": 0, "axis": "y", "origin": [0, 0, 1]},
			"faces": {
				"north": {"uv": [1, 15, 2, 16], "texture": "#7"},
				"east": {"uv": [0, 10, 1, 11], "texture": "#7"},
				"south": {"uv": [2, 14, 3, 15], "texture": "#7"},
				"west": {"uv": [1, 15, 2, 16], "texture": "#7"},
				"up": {"uv": [0, 0, 1, 1], "texture": "#missing"},
				"down": {"uv": [2, 15, 3, 16], "texture": "#7"}
			}
		},
		{
			"from": [11, 0, 4],
			"to": [12, 1, 5],
			"rotation": {"angle": 0, "axis": "y", "origin": [0, 0, 1]},
			"faces": {
				"north": {"uv": [0, 14, 1, 15], "texture": "#7"},
				"east": {"uv": [0, 10, 1, 11], "texture": "#7"},
				"south": {"uv": [1, 15, 2, 16], "texture": "#7"},
				"west": {"uv": [0, 10, 1, 11], "texture": "#7"},
				"up": {"uv": [1, 15, 2, 16], "texture": "#7"},
				"down": {"uv": [1, 15, 2, 16], "texture": "#7"}
			}
		},
		{
			"from": [4, 0, 4],
			"to": [5, 1, 5],
			"rotation": {"angle": 0, "axis": "y", "origin": [0, 0, 1]},
			"faces": {
				"north": {"uv": [0, 14, 1, 15], "texture": "#7"},
				"east": {"uv": [0, 10, 1, 11], "texture": "#7"},
				"south": {"uv": [1, 15, 2, 16], "texture": "#7"},
				"west": {"uv": [0, 10, 1, 11], "texture": "#7"},
				"up": {"uv": [0, 14, 1, 15], "texture": "#7"},
				"down": {"uv": [0, 15, 1, 16], "texture": "#7"}
			}
		},
		{
			"from": [5, 9, 5],
			"to": [11, 11, 7],
			"rotation": {"angle": 0, "axis": "y", "origin": [0, 0, 1]},
			"faces": {
				"north": {"uv": [1, 8, 7, 10], "rotation": 180, "texture": "#7"},
				"east": {"uv": [9, 1, 11, 3], "texture": "#7"},
				"south": {"uv": [1, 8, 7, 10], "rotation": 180, "texture": "#7"},
				"west": {"uv": [9, 1, 11, 3], "texture": "#7"},
				"up": {"uv": [9, 5, 15, 7], "texture": "#7"},
				"down": {"uv": [9, 5, 15, 7], "texture": "#7"}
			}
		},
		{
			"from": [3, 9.5, 5.5],
			"to": [5, 10.5, 6.5],
			"rotation": {"angle": 0, "axis": "y", "origin": [0, 0, 1]},
			"faces": {
				"north": {"uv": [0, 14, 2, 15], "texture": "#7"},
				"east": {"uv": [0, 0, 1, 1], "texture": "#missing"},
				"south": {"uv": [1, 14, 3, 15], "texture": "#7"},
				"west": {"uv": [1, 14, 2, 15], "texture": "#7"},
				"up": {"uv": [1, 14, 3, 15], "texture": "#7"},
				"down": {"uv": [1, 14, 3, 15], "texture": "#7"}
			}
		},
		{
			"from": [3, 8.5, 5.5],
			"to": [4, 9.5, 6.5],
			"rotation": {"angle": 0, "axis": "y", "origin": [0, 0, 1]},
			"faces": {
				"north": {"uv": [0, 10, 1, 11], "texture": "#7"},
				"east": {"uv": [0, 10, 1, 11], "texture": "#7"},
				"south": {"uv": [0, 10, 1, 11], "texture": "#7"},
				"west": {"uv": [0, 10, 1, 11], "texture": "#7"},
				"up": {"uv": [0, 10, 1, 11], "texture": "#7"},
				"down": {"uv": [0, 10, 1, 11], "texture": "#7"}
			}
		},
		{
			"from": [12, 8.5, 5.5],
			"to": [13, 9.5, 6.5],
			"rotation": {"angle": 0, "axis": "y", "origin": [0, 0, 1]},
			"faces": {
				"north": {"uv": [0, 10, 1, 11], "texture": "#7"},
				"east": {"uv": [0, 10, 1, 11], "texture": "#7"},
				"south": {"uv": [0, 10, 1, 11], "texture": "#7"},
				"west": {"uv": [0, 10, 1, 11], "texture": "#7"},
				"up": {"uv": [0, 10, 1, 11], "texture": "#7"},
				"down": {"uv": [0, 10, 1, 11], "texture": "#7"}
			}
		},
		{
			"from": [2, 6.5, 4.5],
			"to": [5, 8.5, 7.5],
			"rotation": {"angle": 0, "axis": "y", "origin": [0, 0, 1]},
			"faces": {
				"north": {"uv": [0, 14, 3, 16], "texture": "#7"},
				"east": {"uv": [0, 14, 3, 16], "texture": "#7"},
				"south": {"uv": [0, 14, 3, 16], "texture": "#7"},
				"west": {"uv": [0, 14, 3, 16], "texture": "#7"},
				"up": {"uv": [0, 11, 3, 14], "texture": "#7"},
				"down": {"uv": [3, 11, 6, 14], "texture": "#7"}
			}
		},
		{
			"from": [11, 6.5, 4.5],
			"to": [14, 8.5, 7.5],
			"rotation": {"angle": 0, "axis": "y", "origin": [0, 0, 1]},
			"faces": {
				"north": {"uv": [0, 14, 3, 16], "texture": "#7"},
				"east": {"uv": [0, 14, 3, 16], "texture": "#7"},
				"south": {"uv": [0, 14, 3, 16], "texture": "#7"},
				"west": {"uv": [0, 14, 3, 16], "texture": "#7"},
				"up": {"uv": [0, 11, 3, 14], "texture": "#7"},
				"down": {"uv": [3, 11, 6, 14], "texture": "#7"}
			}
		},
		{
			"from": [11, 9.5, 5.5],
			"to": [13, 10.5, 6.5],
			"rotation": {"angle": 0, "axis": "y", "origin": [0, 0, 1]},
			"faces": {
				"north": {"uv": [1, 14, 3, 15], "texture": "#7"},
				"east": {"uv": [1, 14, 2, 15], "texture": "#7"},
				"south": {"uv": [0, 14, 2, 15], "texture": "#7"},
				"west": {"uv": [0, 0, 1, 1], "texture": "#missing"},
				"up": {"uv": [0, 14, 2, 15], "texture": "#7"},
				"down": {"uv": [1, 14, 3, 15], "texture": "#7"}
			}
		},
		{
			"from": [7, 5, 5],
			"to": [9, 6, 7],
			"rotation": {"angle": 0, "axis": "y", "origin": [0, 0, 1]},
			"faces": {
				"north": {"uv": [0, 11, 2, 12], "texture": "#7"},
				"east": {"uv": [1, 11, 3, 12], "texture": "#7"},
				"south": {"uv": [1, 11, 3, 12], "texture": "#7"},
				"west": {"uv": [1, 11, 3, 12], "texture": "#7"},
				"up": {"uv": [1, 11, 3, 13], "texture": "#7"}
			}
		},
		{
			"from": [7.5, 6, 5.5],
			"to": [8.5, 7, 6.5],
			"rotation": {"angle": 0, "axis": "y", "origin": [0, 0, 1]},
			"faces": {
				"north": {"uv": [1, 15, 2, 16], "texture": "#7"},
				"east": {"uv": [1, 15, 2, 16], "texture": "#7"},
				"south": {"uv": [1, 15, 2, 16], "texture": "#7"},
				"west": {"uv": [1, 15, 2, 16], "texture": "#7"},
				"up": {"uv": [1, 15, 2, 16], "texture": "#7"},
				"down": {"uv": [1, 15, 2, 16], "texture": "#7"}
			}
		},
		{
			"from": [5.5, 7, 5.5],
			"to": [10.5, 8, 6.5],
			"rotation": {"angle": 0, "axis": "y", "origin": [0, 0, 1]},
			"faces": {
				"north": {"uv": [1, 10, 6, 11], "texture": "#7"},
				"east": {"uv": [5, 10, 6, 11], "texture": "#7"},
				"south": {"uv": [1, 10, 6, 11], "texture": "#7"},
				"west": {"uv": [1, 10, 2, 11], "texture": "#7"},
				"up": {"uv": [1, 10, 6, 11], "texture": "#7"},
				"down": {"uv": [1, 10, 6, 11], "texture": "#7"}
			}
		},
		{
			"from": [5.5, 8, 4.5],
			"to": [6.5, 10, 7.5],
			"rotation": {"angle": 0, "axis": "y", "origin": [0, 0, 1]},
			"faces": {
				"north": {"uv": [0, 13, 1, 15], "rotation": 180, "texture": "#7"},
				"south": {"uv": [2, 13, 3, 15], "rotation": 180, "texture": "#7"},
				"down": {"uv": [2, 10, 5, 11], "rotation": 90, "texture": "#7"}
			}
		},
		{
			"from": [9.5, 8, 4.5],
			"to": [10.5, 10, 7.5],
			"rotation": {"angle": 0, "axis": "y", "origin": [0, 0, 1]},
			"faces": {
				"north": {"uv": [0, 13, 1, 15], "rotation": 180, "texture": "#7"},
				"south": {"uv": [2, 13, 3, 15], "rotation": 180, "texture": "#7"},
				"down": {"uv": [2, 10, 5, 11], "rotation": 90, "texture": "#7"}
			}
		},
		{
			"from": [0, 2, 5.5],
			"to": [1, 10, 6.5],
			"rotation": {"angle": 0, "axis": "y", "origin": [0, 0, 1]},
			"faces": {
				"north": {"uv": [8, 8, 9, 16], "texture": "#7"},
				"east": {"uv": [9, 8, 10, 16], "texture": "#7"},
				"south": {"uv": [8, 8, 9, 16], "texture": "#7"},
				"west": {"uv": [9, 8, 10, 16], "texture": "#7"},
				"up": {"uv": [9, 9, 10, 10], "texture": "#7"},
				"down": {"uv": [9, 9, 10, 10], "texture": "#7"}
			}
		},
		{
			"from": [1, 2, 5.5],
			"to": [4, 3, 6.5],
			"rotation": {"angle": 0, "axis": "y", "origin": [0, 0, 1]},
			"faces": {
				"north": {"uv": [8, 10, 11, 11], "texture": "#7"},
				"east": {"uv": [0, 0, 1, 1], "texture": "#missing"},
				"south": {"uv": [8, 8, 11, 9], "texture": "#7"},
				"west": {"uv": [10, 9, 11, 10], "texture": "#7"},
				"up": {"uv": [7, 8, 10, 9], "texture": "#7"},
				"down": {"uv": [7, 8, 10, 9], "texture": "#7"}
			}
		},
		{
			"from": [1, 9, 5.5],
			"to": [3, 10, 6.5],
			"rotation": {"angle": 0, "axis": "y", "origin": [0, 0, 1]},
			"faces": {
				"north": {"uv": [8, 8, 10, 9], "texture": "#7"},
				"south": {"uv": [9, 8, 11, 9], "texture": "#7"},
				"west": {"uv": [9, 10, 10, 11], "texture": "#7"},
				"up": {"uv": [8, 8, 10, 9], "texture": "#7"},
				"down": {"uv": [8, 10, 10, 11], "texture": "#7"}
			}
		},
		{
			"from": [6, 3, 8.5],
			"to": [10, 3, 12.5],
			"rotation": {"angle": 45, "axis": "x", "origin": [8, 3, 12]},
			"faces": {
				"north": {"uv": [0, 0, 4, 0], "rotation": 180, "texture": "#missing"},
				"east": {"uv": [0, 0, 0, 4], "rotation": 90, "texture": "#missing"},
				"south": {"uv": [0, 0, 4, 0], "texture": "#missing"},
				"west": {"uv": [0, 0, 0, 4], "rotation": 270, "texture": "#missing"},
				"up": {"uv": [12, 12, 16, 16], "texture": "#7"},
				"down": {"uv": [12, 12, 16, 16], "texture": "#7"}
			}
		}
	],
	"display": {
		"thirdperson_righthand": {
			"translation": [0, 0, -1.5],
			"scale": [0.5, 0.5, 0.5]
		},
		"thirdperson_lefthand": {
			"translation": [0, 0, -1.5],
			"scale": [0.5, 0.5, 0.5]
		},
		"firstperson_righthand": {
			"scale": [0.5, 0.5, 0.5]
		},
		"firstperson_lefthand": {
			"scale": [0.5, 0.5, 0.5]
		},
		"ground": {
			"scale": [0.5, 0.5, 0.5]
		},
		"gui": {
			"rotation": [30, 45, 0],
			"translation": [0.5, 0, 0],
			"scale": [0.7, 0.7, 0.7]
		},
		"head": {
			"rotation": [0, -180, 0],
			"translation": [0, 14, 0]
		},
		"fixed": {
			"rotation": [-90, -180, 0],
			"translation": [0, 0, -14],
			"scale": [2, 2, 2]
		}
	}
}