{
	"credit": "Made with Blockbench",
	"textures": {
		"1": "block/phone_2",
		"particle": "block/phone_2"
	},
	"elements": [
		{
			"from": [4, 0, 4],
			"to": [12, 3, 12],
			"rotation": {"angle": 0, "axis": "y", "origin": [0, 0, 1]},
			"faces": {
				"north": {"uv": [0, 8, 8, 11], "texture": "#1"},
				"east": {"uv": [8, 5, 16, 8], "texture": "#1"},
				"south": {"uv": [0, 8, 8, 11], "texture": "#1"},
				"west": {"uv": [8, 2, 16, 5], "texture": "#1"},
				"up": {"uv": [0, 0, 8, 8], "texture": "#1"},
				"down": {"uv": [0, 0, 8, 8], "rotation": 180, "texture": "#1"}
			}
		},
		{
			"from": [4, 3, 4],
			"to": [12, 5, 10],
			"rotation": {"angle": 0, "axis": "y", "origin": [0, 0, 1]},
			"faces": {
				"north": {"uv": [10, 5, 16, 7], "texture": "#1"},
				"east": {"uv": [11, 0, 16, 2], "texture": "#1"},
				"south": {"uv": [0, 8, 8, 10], "texture": "#1"},
				"west": {"uv": [8, 0, 14, 2], "texture": "#1"},
				"up": {"uv": [0, 0, 8, 6], "texture": "#1"},
				"down": {"uv": [0, 0, 6, 5], "texture": "#missing"}
			}
		},
		{
			"from": [5, 8, 5],
			"to": [11, 10, 7],
			"rotation": {"angle": 0, "axis": "y", "origin": [0, 0, 1]},
			"faces": {
				"north": {"uv": [1, 8, 7, 10], "rotation": 180, "texture": "#1"},
				"east": {"uv": [11, 1, 13, 3], "texture": "#1"},
				"south": {"uv": [1, 8, 7, 10], "rotation": 180, "texture": "#1"},
				"west": {"uv": [12, 1, 14, 3], "texture": "#1"},
				"up": {"uv": [10, 5, 16, 7], "texture": "#1"},
				"down": {"uv": [10, 5, 16, 7], "texture": "#1"}
			}
		},
		{
			"from": [2.5, 8.5, 5],
			"to": [5, 9.5, 7],
			"rotation": {"angle": 0, "axis": "y", "origin": [0, 0, 1]},
			"faces": {
				"north": {"uv": [0, 9, 2, 10], "texture": "#1"},
				"east": {"uv": [0, 9, 2, 10], "texture": "#1"},
				"south": {"uv": [0, 10, 2, 11], "texture": "#1"},
				"west": {"uv": [0, 9, 2, 10], "texture": "#1"},
				"up": {"uv": [0, 9, 2, 11], "texture": "#1"},
				"down": {"uv": [0, 11, 2, 13], "texture": "#1"}
			}
		},
		{
			"from": [11, 8.5, 5],
			"to": [13.5, 9.5, 7],
			"rotation": {"angle": 0, "axis": "y", "origin": [0, 0, 1]},
			"faces": {
				"north": {"uv": [0, 9, 2, 10], "texture": "#1"},
				"east": {"uv": [0, 9, 2, 10], "texture": "#1"},
				"south": {"uv": [0, 10, 2, 11], "texture": "#1"},
				"west": {"uv": [0, 9, 2, 10], "texture": "#1"},
				"up": {"uv": [0, 9, 2, 11], "texture": "#1"},
				"down": {"uv": [0, 11, 2, 13], "texture": "#1"}
			}
		},
		{
			"from": [1.5, 6.5, 4.5],
			"to": [4.5, 8.5, 7.5],
			"rotation": {"angle": 0, "axis": "y", "origin": [0, 0, 1]},
			"faces": {
				"north": {"uv": [0, 14, 3, 16], "texture": "#1"},
				"east": {"uv": [0, 14, 3, 16], "texture": "#1"},
				"south": {"uv": [0, 14, 3, 16], "texture": "#1"},
				"west": {"uv": [0, 14, 3, 16], "texture": "#1"},
				"up": {"uv": [0, 11, 3, 14], "texture": "#1"},
				"down": {"uv": [3, 11, 6, 14], "texture": "#1"}
			}
		},
		{
			"from": [11.5, 6.5, 4.5],
			"to": [14.5, 8.5, 7.5],
			"rotation": {"angle": 0, "axis": "y", "origin": [0, 0, 1]},
			"faces": {
				"north": {"uv": [0, 14, 3, 16], "texture": "#1"},
				"east": {"uv": [0, 14, 3, 16], "texture": "#1"},
				"south": {"uv": [0, 14, 3, 16], "texture": "#1"},
				"west": {"uv": [0, 14, 3, 16], "texture": "#1"},
				"up": {"uv": [0, 11, 3, 14], "texture": "#1"},
				"down": {"uv": [3, 11, 6, 14], "texture": "#1"}
			}
		},
		{
			"from": [6.5, 5, 5],
			"to": [9.5, 6, 7],
			"rotation": {"angle": 0, "axis": "y", "origin": [0, 0, 1]},
			"faces": {
				"north": {"uv": [3, 5, 5, 6], "texture": "#1"},
				"east": {"uv": [3, 5, 5, 6], "texture": "#1"},
				"south": {"uv": [3, 5, 5, 6], "texture": "#1"},
				"west": {"uv": [3, 5, 5, 6], "texture": "#1"},
				"up": {"uv": [14, 6, 16, 8], "texture": "#1"}
			}
		},
		{
			"from": [5.5, 6, 5.5],
			"to": [10.5, 7, 6.5],
			"rotation": {"angle": 0, "axis": "y", "origin": [0, 0, 1]},
			"faces": {
				"north": {"uv": [1, 6, 6, 7], "texture": "#1"},
				"east": {"uv": [0, 6, 1, 7], "texture": "#1"},
				"south": {"uv": [2, 5, 7, 6], "texture": "#1"},
				"west": {"uv": [0, 6, 1, 7], "texture": "#1"},
				"up": {"uv": [1, 6, 6, 7], "texture": "#1"},
				"down": {"uv": [1, 6, 6, 7], "texture": "#1"}
			}
		},
		{
			"from": [5.5, 7, 4.5],
			"to": [6.5, 9, 7.5],
			"rotation": {"angle": 0, "axis": "y", "origin": [0, 0, 1]},
			"faces": {
				"north": {"uv": [0, 4, 1, 6], "rotation": 180, "texture": "#1"},
				"south": {"uv": [0, 4, 1, 6], "rotation": 180, "texture": "#1"},
				"down": {"uv": [0, 6, 3, 7], "rotation": 90, "texture": "#1"}
			}
		},
		{
			"from": [9.5, 7, 4.5],
			"to": [10.5, 9, 7.5],
			"rotation": {"angle": 0, "axis": "y", "origin": [0, 0, 1]},
			"faces": {
				"north": {"uv": [7, 4, 8, 6], "rotation": 180, "texture": "#1"},
				"south": {"uv": [7, 4, 8, 6], "rotation": 180, "texture": "#1"},
				"down": {"uv": [4, 6, 7, 7], "rotation": 90, "texture": "#1"}
			}
		},
		{
			"from": [0, 2, 5.5],
			"to": [1, 9, 6.5],
			"rotation": {"angle": 0, "axis": "y", "origin": [0, 0, 1]},
			"faces": {
				"north": {"uv": [8, 9, 9, 16], "texture": "#1"},
				"east": {"uv": [9, 9, 10, 16], "texture": "#1"},
				"south": {"uv": [8, 9, 9, 16], "texture": "#1"},
				"west": {"uv": [9, 9, 10, 16], "texture": "#1"},
				"up": {"uv": [9, 9, 10, 10], "texture": "#1"},
				"down": {"uv": [9, 9, 10, 10], "texture": "#1"}
			}
		},
		{
			"from": [1, 2, 5.5],
			"to": [4, 3, 6.5],
			"rotation": {"angle": 0, "axis": "y", "origin": [0, 0, 1]},
			"faces": {
				"north": {"uv": [8, 10, 11, 11], "texture": "#1"},
				"east": {"uv": [8, 8, 9, 9], "texture": "#1"},
				"south": {"uv": [8, 8, 11, 9], "texture": "#1"},
				"west": {"uv": [10, 9, 11, 10], "texture": "#1"},
				"up": {"uv": [7, 8, 10, 9], "texture": "#1"},
				"down": {"uv": [7, 8, 10, 9], "texture": "#1"}
			}
		},
		{
			"from": [1, 9, 5.5],
			"to": [3, 10, 6.5],
			"rotation": {"angle": 0, "axis": "y", "origin": [0, 0, 1]},
			"faces": {
				"north": {"uv": [8, 8, 10, 9], "texture": "#1"},
				"south": {"uv": [9, 8, 11, 9], "texture": "#1"},
				"west": {"uv": [9, 10, 10, 11], "texture": "#1"},
				"up": {"uv": [8, 8, 10, 9], "texture": "#1"},
				"down": {"uv": [8, 10, 10, 11], "texture": "#1"}
			}
		},
		{
			"from": [6, 3, 8],
			"to": [10, 3, 12],
			"rotation": {"angle": 45, "axis": "x", "origin": [8, 3, 12]},
			"faces": {
				"north": {"uv": [0, 0, 4, 0], "rotation": 180, "texture": "#missing"},
				"east": {"uv": [0, 0, 0, 4], "rotation": 90, "texture": "#missing"},
				"south": {"uv": [0, 0, 4, 0], "texture": "#missing"},
				"west": {"uv": [0, 0, 0, 4], "rotation": 270, "texture": "#missing"},
				"up": {"uv": [12, 12, 16, 16], "texture": "#1"},
				"down": {"uv": [12, 12, 16, 16], "texture": "#missing"}
			}
		}
	],
	"display": {
		"thirdperson_righthand": {
			"translation": [0, 0, -1.5],
			"scale": [0.5, 0.5, 0.5]
		},
		"thirdperson_lefthand": {
			"translation": [0, 0, -1.5],
			"scale": [0.5, 0.5, 0.5]
		},
		"firstperson_righthand": {
			"scale": [0.5, 0.5, 0.5]
		},
		"firstperson_lefthand": {
			"scale": [0.5, 0.5, 0.5]
		},
		"ground": {
			"scale": [0.5, 0.5, 0.5]
		},
		"gui": {
			"rotation": [30, 45, 0],
			"translation": [0.5, 0, 0],
			"scale": [0.7, 0.7, 0.7]
		},
		"head": {
			"rotation": [0, -180, 0],
			"translation": [0, 14, 0]
		},
		"fixed": {
			"rotation": [-90, -180, 0],
			"translation": [0, 0, -14],
			"scale": [2, 2, 2]
		}
	}
}