{
	"credit": "Made with Blockbench",
	"textures": {
		"0": "block/oldtv",
		"1": "block/oldtv_bottom",
		"particle": "block/oldtv"
	},
	"elements": [
		{
			"from": [5, 2, 3],
			"to": [15, 11, 13],
			"rotation": {"angle": 0, "axis": "y", "origin": [21, 10, 11]},
			"faces": {
				"north": {"uv": [1, 1, 11, 10], "texture": "#0"},
				"east": {"uv": [0, 0, 10, 9], "texture": "#missing"},
				"south": {"uv": [4, 0, 14, 9], "texture": "#1"},
				"west": {"uv": [0, 0, 10, 9], "texture": "#missing"},
				"up": {"uv": [0, 0, 10, 10], "texture": "#missing"},
				"down": {"uv": [0, 0, 10, 10], "texture": "#missing"}
			}
		},
		{
			"from": [0, 1, 2],
			"to": [16, 2, 13],
			"rotation": {"angle": 0, "axis": "y", "origin": [23, 9, 11]},
			"faces": {
				"north": {"uv": [0, 15, 16, 16], "texture": "#0"},
				"east": {"uv": [0, 10, 11, 11], "texture": "#1"},
				"south": {"uv": [0, 15, 16, 16], "texture": "#1"},
				"west": {"uv": [0, 15, 11, 16], "texture": "#1"},
				"up": {"uv": [0, 0, 16, 11], "texture": "#0"},
				"down": {"uv": [0, 0, 16, 11], "texture": "#1"}
			}
		},
		{
			"from": [15, 2, 2],
			"to": [16, 11, 13],
			"rotation": {"angle": 0, "axis": "y", "origin": [23, 10, 10]},
			"faces": {
				"north": {"uv": [0, 1, 1, 10], "texture": "#0"},
				"east": {"uv": [0, 0, 11, 9], "texture": "#1"},
				"south": {"uv": [15, 0, 16, 9], "texture": "#1"},
				"west": {"uv": [0, 1, 11, 10], "texture": "#0"},
				"up": {"uv": [0, 0, 1, 11], "texture": "#missing"},
				"down": {"uv": [0, 0, 1, 11], "texture": "#missing"}
			}
		},
		{
			"from": [0, 11, 2],
			"to": [16, 12, 13],
			"rotation": {"angle": 0, "axis": "y", "origin": [22, 19, 10]},
			"faces": {
				"north": {"uv": [0, 0, 16, 1], "texture": "#0"},
				"east": {"uv": [0, 0, 11, 1], "texture": "#1"},
				"south": {"uv": [0, 0, 16, 1], "texture": "#1"},
				"west": {"uv": [0, 0, 11, 1], "texture": "#1"},
				"up": {"uv": [0, 0, 11, 16], "rotation": 90, "texture": "#1"},
				"down": {"uv": [0, 5, 16, 16], "texture": "#0"}
			}
		},
		{
			"from": [0, 2, 2],
			"to": [1, 11, 13],
			"rotation": {"angle": 0, "axis": "y", "origin": [8, 10, 10]},
			"faces": {
				"north": {"uv": [15, 1, 16, 10], "texture": "#0"},
				"east": {"uv": [0, 0, 11, 9], "texture": "#missing"},
				"south": {"uv": [0, 3, 1, 12], "texture": "#1"},
				"west": {"uv": [2, 0, 13, 9], "texture": "#1"},
				"up": {"uv": [0, 0, 1, 11], "texture": "#missing"},
				"down": {"uv": [0, 0, 1, 11], "texture": "#missing"}
			}
		},
		{
			"from": [1, 2, 2],
			"to": [5, 11, 13],
			"rotation": {"angle": 0, "axis": "y", "origin": [12, 10, 10]},
			"faces": {
				"north": {"uv": [11, 1, 15, 10], "texture": "#0"},
				"east": {"uv": [5, 0, 16, 9], "texture": "#0"},
				"south": {"uv": [1, 0, 5, 9], "texture": "#1"},
				"west": {"uv": [0, 0, 11, 9], "texture": "#missing"},
				"up": {"uv": [0, 0, 4, 11], "texture": "#missing"},
				"down": {"uv": [0, 0, 4, 11], "texture": "#missing"}
			}
		},
		{
			"from": [2, 8.5, 1.5],
			"to": [4, 10.5, 2],
			"rotation": {"angle": 0, "axis": "y", "origin": [10, 16, 9]},
			"faces": {
				"north": {"uv": [12, 4, 14, 6], "texture": "#0"},
				"east": {"uv": [12, 4, 13, 6], "texture": "#0"},
				"south": {"uv": [0, 0, 2, 2], "texture": "#missing"},
				"west": {"uv": [13, 4, 14, 6], "texture": "#0"},
				"up": {"uv": [12, 4, 14, 5], "texture": "#0"},
				"down": {"uv": [12, 5, 14, 6], "texture": "#0"}
			}
		},
		{
			"from": [2, 6, 1.5],
			"to": [4, 8, 2],
			"rotation": {"angle": 0, "axis": "y", "origin": [10, 13, 9]},
			"faces": {
				"north": {"uv": [12, 4, 14, 6], "texture": "#0"},
				"east": {"uv": [12, 4, 13, 6], "texture": "#0"},
				"south": {"uv": [0, 0, 2, 2], "texture": "#missing"},
				"west": {"uv": [13, 4, 14, 6], "texture": "#0"},
				"up": {"uv": [12, 4, 14, 5], "texture": "#0"},
				"down": {"uv": [12, 4, 14, 5], "texture": "#0"}
			}
		},
		{
			"from": [1.5, 2.5, 1.99],
			"to": [4.5, 5.5, 2],
			"rotation": {"angle": 0, "axis": "y", "origin": [9, 10, 11]},
			"faces": {
				"north": {"uv": [1, 12, 4, 15], "texture": "#0"},
				"east": {"uv": [3, 12, 4, 15], "texture": "#0"},
				"south": {"uv": [0, 0, 2, 2], "texture": "#missing"},
				"west": {"uv": [1, 12, 2, 15], "texture": "#0"},
				"up": {"uv": [1, 12, 4, 13], "texture": "#0"},
				"down": {"uv": [1, 14, 4, 15], "texture": "#0"}
			}
		},
		{
			"from": [1, 0, 3],
			"to": [2, 1, 4],
			"rotation": {"angle": 0, "axis": "y", "origin": [9, 8, 11]},
			"faces": {
				"north": {"uv": [2, 11, 3, 12], "texture": "#0"},
				"east": {"uv": [2, 11, 3, 12], "texture": "#0"},
				"south": {"uv": [2, 11, 3, 12], "texture": "#0"},
				"west": {"uv": [2, 11, 3, 12], "texture": "#0"},
				"up": {"uv": [2, 11, 3, 12], "texture": "#0"},
				"down": {"uv": [2, 11, 3, 12], "texture": "#0"}
			}
		},
		{
			"from": [14, 0, 3],
			"to": [15, 1, 4],
			"rotation": {"angle": 0, "axis": "y", "origin": [22, 8, 11]},
			"faces": {
				"north": {"uv": [2, 11, 3, 12], "texture": "#0"},
				"east": {"uv": [2, 11, 3, 12], "texture": "#0"},
				"south": {"uv": [2, 11, 3, 12], "texture": "#0"},
				"west": {"uv": [2, 11, 3, 12], "texture": "#0"},
				"up": {"uv": [2, 11, 3, 12], "texture": "#0"},
				"down": {"uv": [2, 11, 3, 12], "texture": "#0"}
			}
		},
		{
			"from": [14, 0, 11],
			"to": [15, 1, 12],
			"rotation": {"angle": 0, "axis": "y", "origin": [22, 8, 19]},
			"faces": {
				"north": {"uv": [3, 11, 4, 12], "texture": "#0"},
				"east": {"uv": [3, 11, 4, 12], "texture": "#0"},
				"south": {"uv": [3, 11, 4, 12], "texture": "#0"},
				"west": {"uv": [3, 11, 4, 12], "texture": "#0"},
				"up": {"uv": [3, 11, 4, 12], "texture": "#0"},
				"down": {"uv": [3, 11, 4, 12], "texture": "#0"}
			}
		},
		{
			"from": [1, 0, 11],
			"to": [2, 1, 12],
			"rotation": {"angle": 0, "axis": "y", "origin": [9, 8, 19]},
			"faces": {
				"north": {"uv": [3, 11, 4, 12], "texture": "#0"},
				"east": {"uv": [3, 11, 4, 12], "texture": "#0"},
				"south": {"uv": [3, 11, 4, 12], "texture": "#0"},
				"west": {"uv": [3, 11, 4, 12], "texture": "#0"},
				"up": {"uv": [3, 11, 4, 12], "texture": "#0"},
				"down": {"uv": [3, 11, 4, 12], "texture": "#0"}
			}
		},
		{
			"from": [9, 12, 7],
			"to": [11, 13, 9],
			"rotation": {"angle": 0, "axis": "y", "origin": [17, 20, 15]},
			"faces": {
				"north": {"uv": [12, 5, 14, 6], "texture": "#0"},
				"east": {"uv": [12, 5, 14, 6], "texture": "#0"},
				"south": {"uv": [12, 5, 14, 6], "texture": "#0"},
				"west": {"uv": [12, 5, 14, 6], "texture": "#0"},
				"up": {"uv": [12, 4, 14, 6], "texture": "#0"},
				"down": {"uv": [0, 0, 2, 2], "texture": "#missing"}
			}
		},
		{
			"from": [1, 16, 7.5],
			"to": [1.5, 23, 8],
			"rotation": {"angle": 45, "axis": "z", "origin": [9, 24, 16]},
			"faces": {
				"north": {"uv": [0, 0, 0.5, 7], "texture": "#0"},
				"east": {"uv": [0, 0, 0.5, 7], "texture": "#0"},
				"south": {"uv": [0, 0, 0.5, 7], "texture": "#0"},
				"west": {"uv": [0, 0, 0.5, 7], "texture": "#0"},
				"up": {"uv": [0, 0, 0.5, 0.5], "texture": "#0"},
				"down": {"uv": [0, 0, 0.5, 7], "texture": "#0"}
			}
		},
		{
			"from": [13.5, 5, 7.5],
			"to": [14, 12, 8],
			"rotation": {"angle": -45, "axis": "z", "origin": [21, 13, 16]},
			"faces": {
				"north": {"uv": [0, 0, 0.5, 7], "texture": "#0"},
				"east": {"uv": [0, 0, 0.5, 7], "texture": "#0"},
				"south": {"uv": [0, 0, 0.5, 7], "texture": "#0"},
				"west": {"uv": [0, 0, 0.5, 7], "texture": "#0"},
				"up": {"uv": [0, 0, 0.5, 0.5], "texture": "#0"},
				"down": {"uv": [0, 0, 0.5, 7], "texture": "#0"}
			}
		},
		{
			"from": [1, 2, 13],
			"to": [15, 11, 14],
			"rotation": {"angle": 0, "axis": "y", "origin": [18, 10, 21]},
			"faces": {
				"north": {"uv": [0, 0, 14, 9], "texture": "#missing"},
				"east": {"uv": [15, 0, 16, 9], "texture": "#1"},
				"south": {"uv": [1, 0, 15, 9], "texture": "#1"},
				"west": {"uv": [0, 0, 1, 9], "texture": "#1"},
				"up": {"uv": [1, 0, 15, 1], "texture": "#1"},
				"down": {"uv": [1, 0, 15, 1], "texture": "#1"}
			}
		}
	],
	"display": {
		"thirdperson_righthand": {
			"translation": [0, 0, -2],
			"scale": [0.5, 0.5, 0.5]
		},
		"thirdperson_lefthand": {
			"translation": [0, 0, -2],
			"scale": [0.5, 0.5, 0.5]
		},
		"firstperson_righthand": {
			"translation": [0, 0, 4],
			"scale": [0.5, 0.5, 0.5]
		},
		"firstperson_lefthand": {
			"translation": [0, 0, 4],
			"scale": [0.5, 0.5, 0.5]
		},
		"ground": {
			"scale": [0.5, 0.5, 0.5]
		},
		"gui": {
			"rotation": [30, -135, 0],
			"scale": [0.5, 0.5, 0.5]
		},
		"head": {
			"translation": [0, 14, 0]
		},
		"fixed": {
			"rotation": [-90.5, 0, 0],
			"translation": [0, 0, -14],
			"scale": [2, 2, 2]
		}
	}
}