{
	"credit": "Made with Blockbench",
	"textures": {
		"0": "block/oldradio",
		"1": "block/oldtv_bottom",
		"2": "block/wood2",
		"3": "block/wood",
		"particle": "block/oldradio"
	},
	"elements": [
		{
			"from": [3, 0, 9.5],
			"to": [5, 1, 11.5],
			"faces": {
				"north": {"uv": [0, 11, 2, 12], "texture": "#0"},
				"east": {"uv": [0, 11, 2, 12], "texture": "#0"},
				"south": {"uv": [0, 11, 2, 12], "texture": "#0"},
				"west": {"uv": [0, 11, 2, 12], "texture": "#0"},
				"down": {"uv": [12, 7, 14, 9], "texture": "#0"}
			}
		},
		{
			"from": [3, 0, 4.5],
			"to": [5, 1, 6.5],
			"faces": {
				"north": {"uv": [0, 11, 2, 12], "texture": "#0"},
				"east": {"uv": [0, 11, 2, 12], "texture": "#0"},
				"south": {"uv": [0, 11, 2, 12], "texture": "#0"},
				"west": {"uv": [0, 11, 2, 12], "texture": "#0"},
				"down": {"uv": [12, 7, 14, 9], "texture": "#0"}
			}
		},
		{
			"from": [11, 0, 4.5],
			"to": [13, 1, 6.5],
			"faces": {
				"north": {"uv": [0, 11, 2, 12], "texture": "#0"},
				"east": {"uv": [0, 11, 2, 12], "texture": "#0"},
				"south": {"uv": [0, 11, 2, 12], "texture": "#0"},
				"west": {"uv": [0, 11, 2, 12], "texture": "#0"},
				"down": {"uv": [12, 7, 14, 9], "texture": "#0"}
			}
		},
		{
			"from": [11, 0, 9.5],
			"to": [13, 1, 11.5],
			"faces": {
				"north": {"uv": [0, 11, 2, 12], "texture": "#0"},
				"east": {"uv": [0, 11, 2, 12], "texture": "#0"},
				"south": {"uv": [0, 11, 2, 12], "texture": "#0"},
				"west": {"uv": [0, 11, 2, 12], "texture": "#0"},
				"down": {"uv": [12, 7, 14, 9], "texture": "#0"}
			}
		},
		{
			"from": [2, 1, 4],
			"to": [14, 10, 11],
			"faces": {
				"north": {"uv": [2, 5, 14, 14], "texture": "#2"},
				"east": {"uv": [5, 1, 12, 10], "texture": "#2"},
				"south": {"uv": [1, 1, 13, 10], "texture": "#0"},
				"west": {"uv": [4, 0, 11, 9], "texture": "#2"},
				"up": {"uv": [2, 0, 13, 8], "texture": "#2"},
				"down": {"uv": [2, 1, 14, 8], "texture": "#1"}
			}
		},
		{
			"from": [2, 1, 11],
			"to": [14, 2, 12],
			"faces": {
				"east": {"uv": [15, 11, 16, 12], "texture": "#2"},
				"south": {"uv": [2, 3, 14, 4], "texture": "#2"},
				"west": {"uv": [0, 15, 1, 16], "texture": "#2"},
				"up": {"uv": [0, 10, 12, 11], "texture": "#0"},
				"down": {"uv": [2, 0, 14, 1], "texture": "#1"}
			}
		},
		{
			"from": [2, 9, 11],
			"to": [14, 10, 12],
			"faces": {
				"east": {"uv": [15, 2, 16, 3], "texture": "#2"},
				"south": {"uv": [2, 1, 14, 2], "texture": "#2"},
				"west": {"uv": [0, 0, 1, 1], "texture": "#2"},
				"up": {"uv": [2, 0, 14, 1], "texture": "#2"},
				"down": {"uv": [2, 0, 14, 1], "texture": "#0"}
			}
		},
		{
			"from": [2, 2, 11],
			"to": [3, 9, 12],
			"faces": {
				"east": {"uv": [0, 0, 1, 7], "texture": "#0"},
				"south": {"uv": [2, 0, 3, 7], "texture": "#2"},
				"west": {"uv": [0, 0, 1, 7], "texture": "#2"},
				"up": {"uv": [0, 0, 1, 1], "texture": "#missing"},
				"down": {"uv": [0, 0, 1, 1], "texture": "#missing"}
			}
		},
		{
			"from": [13, 2, 11],
			"to": [14, 9, 12],
			"faces": {
				"east": {"uv": [15, 3, 16, 10], "texture": "#2"},
				"south": {"uv": [9, 3, 10, 10], "texture": "#2"},
				"west": {"uv": [15, 0, 16, 7], "texture": "#0"},
				"up": {"uv": [0, 0, 1, 1], "texture": "#missing"},
				"down": {"uv": [0, 0, 1, 1], "texture": "#missing"}
			}
		},
		{
			"from": [3.5, 5.5, 11.01],
			"to": [12.5, 8.5, 11.01],
			"faces": {
				"east": {"uv": [0, 0, 0, 3], "texture": "#missing"},
				"south": {"uv": [1, 12, 10, 15], "texture": "#0"},
				"west": {"uv": [0, 0, 0, 3], "texture": "#missing"},
				"up": {"uv": [0, 0, 9, 0], "texture": "#missing"},
				"down": {"uv": [0, 0, 9, 0], "texture": "#missing"}
			}
		},
		{
			"from": [5.5, 2.5, 11.02],
			"to": [10.5, 4.5, 11.02],
			"faces": {
				"east": {"uv": [0, 0, 0, 3], "texture": "#missing"},
				"south": {"uv": [10, 13, 15, 15], "texture": "#0"},
				"west": {"uv": [0, 0, 0, 3], "texture": "#missing"},
				"up": {"uv": [0, 0, 9, 0], "texture": "#missing"},
				"down": {"uv": [0, 0, 9, 0], "texture": "#missing"}
			}
		},
		{
			"from": [3.5, 2, 11.01],
			"to": [12.5, 5, 11.01],
			"faces": {
				"east": {"uv": [0, 0, 0, 3], "texture": "#missing"},
				"south": {"uv": [1, 12, 10, 15], "texture": "#1"},
				"west": {"uv": [0, 0, 0, 3], "texture": "#missing"},
				"up": {"uv": [0, 0, 9, 0], "texture": "#missing"},
				"down": {"uv": [0, 0, 9, 0], "texture": "#missing"}
			}
		},
		{
			"from": [4, 2.5, 11],
			"to": [6, 4.5, 12],
			"faces": {
				"east": {"uv": [13, 4, 14, 6], "texture": "#0"},
				"south": {"uv": [12, 4, 14, 6], "texture": "#0"},
				"west": {"uv": [12, 4, 13, 6], "texture": "#0"},
				"up": {"uv": [12, 4, 14, 5], "texture": "#0"},
				"down": {"uv": [12, 5, 14, 6], "texture": "#0"}
			}
		},
		{
			"from": [10, 2.5, 11],
			"to": [12, 4.5, 12],
			"faces": {
				"east": {"uv": [13, 4, 14, 6], "texture": "#0"},
				"south": {"uv": [12, 4, 14, 6], "texture": "#0"},
				"west": {"uv": [12, 4, 13, 6], "texture": "#0"},
				"up": {"uv": [12, 4, 14, 5], "texture": "#0"},
				"down": {"uv": [12, 5, 14, 6], "texture": "#0"}
			}
		},
		{
			"from": [1.99, 3, 5],
			"to": [1.99, 8, 6],
			"faces": {
				"north": {"uv": [0, 0, 0, 5], "texture": "#missing"},
				"east": {"uv": [0, 0, 4, 5], "texture": "#3"},
				"south": {"uv": [0, 0, 0, 5], "texture": "#missing"},
				"west": {"uv": [0, 11, 1, 16], "texture": "#3"},
				"up": {"uv": [0, 0, 0, 4], "texture": "#missing"},
				"down": {"uv": [0, 0, 0, 4], "texture": "#missing"}
			}
		},
		{
			"from": [1.99, 3, 7],
			"to": [1.99, 8, 8],
			"faces": {
				"north": {"uv": [0, 0, 0, 5], "texture": "#missing"},
				"east": {"uv": [0, 0, 4, 5], "texture": "#3"},
				"south": {"uv": [0, 0, 0, 5], "texture": "#missing"},
				"west": {"uv": [15, 5, 16, 10], "texture": "#3"},
				"up": {"uv": [0, 0, 0, 4], "texture": "#missing"},
				"down": {"uv": [0, 0, 0, 4], "texture": "#missing"}
			}
		},
		{
			"from": [1.99, 3, 9],
			"to": [1.99, 8, 10],
			"faces": {
				"north": {"uv": [0, 0, 0, 5], "texture": "#missing"},
				"east": {"uv": [0, 0, 4, 5], "texture": "#3"},
				"south": {"uv": [0, 0, 0, 5], "texture": "#missing"},
				"west": {"uv": [15, 1, 16, 6], "texture": "#3"},
				"up": {"uv": [0, 0, 0, 4], "texture": "#missing"},
				"down": {"uv": [0, 0, 0, 4], "texture": "#missing"}
			}
		},
		{
			"from": [14.01, 3, 9],
			"to": [14.01, 8, 10],
			"faces": {
				"north": {"uv": [0, 0, 0, 5], "texture": "#missing"},
				"east": {"uv": [0, 11, 1, 16], "texture": "#3"},
				"south": {"uv": [0, 0, 0, 5], "texture": "#missing"},
				"west": {"uv": [0, 0, 1, 5], "texture": "#3"},
				"up": {"uv": [0, 0, 0, 1], "texture": "#missing"},
				"down": {"uv": [0, 0, 0, 1], "texture": "#missing"}
			}
		},
		{
			"from": [14.01, 3, 7],
			"to": [14.01, 8, 8],
			"faces": {
				"north": {"uv": [0, 0, 0, 5], "texture": "#missing"},
				"east": {"uv": [0, 0, 1, 5], "texture": "#3"},
				"south": {"uv": [0, 0, 0, 5], "texture": "#missing"},
				"west": {"uv": [0, 0, 1, 5], "texture": "#3"},
				"up": {"uv": [0, 0, 0, 1], "texture": "#missing"},
				"down": {"uv": [0, 0, 0, 1], "texture": "#missing"}
			}
		},
		{
			"from": [14.01, 3, 5],
			"to": [14.01, 8, 6],
			"faces": {
				"north": {"uv": [0, 0, 0, 5], "texture": "#missing"},
				"east": {"uv": [0, 5, 1, 10], "texture": "#3"},
				"south": {"uv": [0, 0, 0, 5], "texture": "#missing"},
				"west": {"uv": [0, 0, 1, 5], "texture": "#3"},
				"up": {"uv": [0, 0, 0, 1], "texture": "#missing"},
				"down": {"uv": [0, 0, 0, 1], "texture": "#missing"}
			}
		},
		{
			"from": [6, 2, 3.99],
			"to": [13, 5, 3.99],
			"faces": {
				"north": {"uv": [1, 12, 8, 15], "texture": "#0"},
				"east": {"uv": [0, 0, 0, 3], "texture": "#missing"},
				"south": {"uv": [0, 0, 7, 3], "texture": "#missing"},
				"west": {"uv": [0, 0, 0, 3], "texture": "#missing"},
				"up": {"uv": [0, 0, 7, 0], "texture": "#missing"},
				"down": {"uv": [0, 0, 7, 0], "texture": "#missing"}
			}
		},
		{
			"from": [3, 7, 3.99],
			"to": [9, 9, 3.99],
			"faces": {
				"north": {"uv": [1, 11, 7, 13], "texture": "#0"},
				"east": {"uv": [0, 0, 0, 3], "texture": "#missing"},
				"south": {"uv": [0, 0, 7, 3], "texture": "#missing"},
				"west": {"uv": [0, 0, 0, 3], "texture": "#missing"},
				"up": {"uv": [0, 0, 7, 0], "texture": "#missing"},
				"down": {"uv": [0, 0, 7, 0], "texture": "#missing"}
			}
		},
		{
			"from": [3, 2, 3.5],
			"to": [5, 4, 4],
			"faces": {
				"north": {"uv": [0, 14, 2, 16], "texture": "#3"},
				"east": {"uv": [0, 0, 0.5, 2], "texture": "#3"},
				"south": {"uv": [0, 0, 2, 2], "texture": "#missing"},
				"west": {"uv": [0, 0, 0.5, 2], "texture": "#3"},
				"up": {"uv": [3, 11, 5, 11.5], "texture": "#3"},
				"down": {"uv": [0, 0, 2, 0.5], "texture": "#3"}
			}
		}
	],
	"display": {
		"thirdperson_righthand": {
			"translation": [0, 0, -2.75],
			"scale": [0.7, 0.7, 0.7]
		},
		"thirdperson_lefthand": {
			"translation": [0, 0, -2.75],
			"scale": [0.7, 0.7, 0.7]
		},
		"firstperson_righthand": {
			"scale": [0.5, 0.5, 0.5]
		},
		"firstperson_lefthand": {
			"scale": [0.5, 0.5, 0.5]
		},
		"ground": {
			"scale": [0.5, 0.5, 0.5]
		},
		"gui": {
			"rotation": [30, 45, 0],
			"scale": [0.7, 0.7, 0.7]
		},
		"head": {
			"translation": [0, 14, 0]
		},
		"fixed": {
			"rotation": [-90, -180, 0],
			"translation": [0, 0, -14],
			"scale": [2, 2, 2]
		}
	}
}