{
	"credit": "Made with Blockbench",
	"textures": {
		"0": "block/oldtv",
		"1": "block/oldradio",
		"2": "block/wood2",
		"3": "block/wood",
		"particle": "block/oldtv"
	},
	"elements": [
		{
			"from": [1, 2, 2],
			"to": [15, 11, 13],
			"faces": {
				"north": {"uv": [0, 0, 14, 9], "texture": "#2"},
				"east": {"uv": [5, 0, 16, 9], "texture": "#3"},
				"south": {"uv": [0, 0, 14, 9], "texture": "#1"},
				"west": {"uv": [0, 0, 11, 9], "texture": "#3"},
				"up": {"uv": [0, 0, 14, 11], "texture": "#3"},
				"down": {"uv": [0, 0, 14, 11], "rotation": 180, "texture": "#3"}
			}
		},
		{
			"from": [0, 1, 3],
			"to": [1, 12, 14],
			"faces": {
				"north": {"uv": [0, 0, 1, 11], "texture": "#3"},
				"east": {"uv": [5, 0, 16, 11], "rotation": 180, "texture": "#1"},
				"south": {"uv": [1, 2, 2, 13], "texture": "#2"},
				"west": {"uv": [3, 3, 14, 14], "texture": "#2"},
				"up": {"uv": [0, 2, 1, 13], "texture": "#2"},
				"down": {"uv": [0, 0, 1, 11], "texture": "#3"}
			}
		},
		{
			"from": [-0.01, 3.5, 6],
			"to": [-0.01, 9.5, 7],
			"faces": {
				"north": {"uv": [0, 0, 0, 6], "texture": "#missing"},
				"east": {"uv": [0, 0, 1, 6], "texture": "#missing"},
				"south": {"uv": [0, 0, 0, 6], "texture": "#missing"},
				"west": {"uv": [11, 4, 12, 10], "texture": "#0"},
				"up": {"uv": [0, 0, 0, 1], "texture": "#missing"},
				"down": {"uv": [0, 0, 0, 1], "texture": "#missing"}
			}
		},
		{
			"from": [16.02, 7, 6],
			"to": [16.02, 10, 11],
			"faces": {
				"north": {"uv": [0, 0, 0, 3], "texture": "#missing"},
				"east": {"uv": [1, 12, 6, 15], "texture": "#1"},
				"south": {"uv": [0, 0, 0, 3], "texture": "#missing"},
				"west": {"uv": [0, 0, 5, 3], "texture": "#missing"},
				"up": {"uv": [0, 0, 0, 5], "texture": "#missing"},
				"down": {"uv": [0, 0, 0, 5], "texture": "#missing"}
			}
		},
		{
			"from": [16.01, 6.5, 5.5],
			"to": [16.01, 10.5, 11.5],
			"faces": {
				"north": {"uv": [0, 0, 0, 3], "texture": "#missing"},
				"east": {"uv": [12, 1, 15, 4], "texture": "#1"},
				"south": {"uv": [0, 0, 0, 3], "texture": "#missing"},
				"west": {"uv": [0, 0, 5, 3], "texture": "#missing"},
				"up": {"uv": [0, 0, 0, 5], "texture": "#missing"},
				"down": {"uv": [0, 0, 0, 5], "texture": "#missing"}
			}
		},
		{
			"from": [-0.01, 3.5, 8],
			"to": [-0.01, 9.5, 9],
			"faces": {
				"north": {"uv": [0, 0, 0, 6], "texture": "#missing"},
				"east": {"uv": [0, 0, 1, 6], "texture": "#missing"},
				"south": {"uv": [0, 0, 0, 6], "texture": "#missing"},
				"west": {"uv": [11, 2, 12, 8], "texture": "#0"},
				"up": {"uv": [0, 0, 0, 1], "texture": "#missing"},
				"down": {"uv": [0, 0, 0, 1], "texture": "#missing"}
			}
		},
		{
			"from": [-0.01, 3.5, 10],
			"to": [-0.01, 9.5, 11],
			"faces": {
				"north": {"uv": [0, 0, 0, 6], "texture": "#missing"},
				"east": {"uv": [0, 0, 1, 6], "texture": "#missing"},
				"south": {"uv": [0, 0, 0, 6], "texture": "#missing"},
				"west": {"uv": [11, 1, 12, 7], "texture": "#0"},
				"up": {"uv": [0, 0, 0, 1], "texture": "#missing"},
				"down": {"uv": [0, 0, 0, 1], "texture": "#missing"}
			}
		},
		{
			"from": [15, 1, 3],
			"to": [16, 12, 14],
			"faces": {
				"north": {"uv": [0, 0, 1, 11], "texture": "#3"},
				"east": {"uv": [2, 2, 13, 13], "texture": "#2"},
				"south": {"uv": [14, 2, 15, 13], "texture": "#2"},
				"west": {"uv": [0, 0, 11, 11], "texture": "#missing"},
				"up": {"uv": [15, 2, 16, 13], "texture": "#2"},
				"down": {"uv": [0, 0, 1, 11], "texture": "#3"}
			}
		},
		{
			"from": [1, 11, 3],
			"to": [15, 12, 14],
			"faces": {
				"north": {"uv": [0, 0, 14, 1], "texture": "#3"},
				"south": {"uv": [1, 2, 15, 3], "texture": "#2"},
				"up": {"uv": [1, 2, 15, 13], "texture": "#2"},
				"down": {"uv": [5, 0, 16, 14], "rotation": 270, "texture": "#1"}
			}
		},
		{
			"from": [7, 11.5, 7],
			"to": [9, 12.5, 9],
			"faces": {
				"north": {"uv": [12, 5, 14, 6], "texture": "#0"},
				"east": {"uv": [12, 4, 14, 5], "texture": "#0"},
				"south": {"uv": [12, 5, 14, 6], "texture": "#0"},
				"west": {"uv": [12, 4, 14, 5], "texture": "#0"},
				"up": {"uv": [12, 4, 14, 6], "texture": "#0"}
			}
		},
		{
			"from": [1, 1, 3],
			"to": [15, 2, 14],
			"faces": {
				"north": {"uv": [0, 0, 14, 1], "texture": "#3"},
				"south": {"uv": [1, 9, 15, 10], "texture": "#2"},
				"up": {"uv": [5, 0, 16, 14], "rotation": 90, "texture": "#1"},
				"down": {"uv": [1, 2, 15, 13], "texture": "#3"}
			}
		},
		{
			"from": [1, 0, 4],
			"to": [15, 1, 13],
			"faces": {
				"north": {"uv": [0, 0, 14, 1], "texture": "#0"},
				"east": {"uv": [0, 0, 9, 1], "texture": "#0"},
				"south": {"uv": [1, 15, 15, 16], "texture": "#0"},
				"west": {"uv": [0, 0, 9, 1], "texture": "#0"},
				"down": {"uv": [1, 4, 15, 13], "texture": "#2"}
			}
		},
		{
			"from": [1.5, 2.5, 13.01],
			"to": [10.5, 10.5, 13.01],
			"faces": {
				"east": {"uv": [0, 0, 0, 8], "texture": "#missing"},
				"south": {"uv": [1, 1, 11, 10], "texture": "#0"},
				"west": {"uv": [0, 0, 0, 8], "texture": "#missing"},
				"up": {"uv": [0, 0, 9, 0], "texture": "#missing"},
				"down": {"uv": [0, 0, 9, 0], "texture": "#missing"}
			}
		},
		{
			"from": [11.5, 2.5, 14.01],
			"to": [14.5, 5.5, 14.01],
			"faces": {
				"east": {"uv": [0, 0, 0, 3], "texture": "#missing"},
				"south": {"uv": [1, 12, 4, 15], "texture": "#0"},
				"west": {"uv": [0, 0, 0, 3], "texture": "#missing"},
				"up": {"uv": [0, 0, 3, 0], "texture": "#missing"},
				"down": {"uv": [0, 0, 3, 0], "texture": "#missing"}
			}
		},
		{
			"from": [11, 2, 13],
			"to": [15, 11, 14],
			"faces": {
				"south": {"uv": [11, 1, 15, 10], "texture": "#0"},
				"west": {"uv": [15, 1, 16, 10], "texture": "#1"},
				"up": {"uv": [0, 0, 4, 1], "texture": "#missing"}
			}
		},
		{
			"from": [12, 6, 13.5],
			"to": [14, 8, 14.5],
			"faces": {
				"east": {"uv": [13, 4, 14, 6], "texture": "#0"},
				"south": {"uv": [12, 4, 14, 6], "texture": "#0"},
				"west": {"uv": [12, 4, 13, 6], "texture": "#0"},
				"up": {"uv": [12, 4, 14, 5], "texture": "#0"},
				"down": {"uv": [12, 5, 14, 6], "texture": "#0"}
			}
		},
		{
			"from": [12, 8.5, 13.5],
			"to": [14, 10.5, 14.5],
			"faces": {
				"east": {"uv": [13, 4, 14, 6], "texture": "#0"},
				"south": {"uv": [12, 4, 14, 6], "texture": "#0"},
				"west": {"uv": [12, 4, 13, 6], "texture": "#0"},
				"up": {"uv": [12, 4, 14, 5], "texture": "#0"},
				"down": {"uv": [12, 5, 14, 6], "texture": "#0"}
			}
		},
		{
			"from": [7.75, 11, 7.75],
			"to": [8.25, 20, 8.25],
			"rotation": {"angle": 45, "axis": "z", "origin": [8, 12, 8]},
			"faces": {
				"north": {"uv": [15, 0, 16, 9], "texture": "#0"},
				"east": {"uv": [15, 1, 16, 10], "texture": "#0"},
				"south": {"uv": [15, 0, 16, 9], "texture": "#0"},
				"west": {"uv": [15, 2, 16, 11], "texture": "#0"},
				"up": {"uv": [15, 0, 16, 1], "texture": "#0"}
			}
		},
		{
			"from": [7.75, 11, 7.75],
			"to": [8.25, 20, 8.25],
			"rotation": {"angle": -45, "axis": "z", "origin": [8, 12, 8]},
			"faces": {
				"north": {"uv": [0, 1, 0.5, 11], "texture": "#0"},
				"east": {"uv": [0, 0, 0.5, 10], "texture": "#0"},
				"south": {"uv": [15, 1, 15.5, 11], "texture": "#0"},
				"west": {"uv": [0, 0, 0.5, 10], "texture": "#0"},
				"up": {"uv": [0, 0, 0.5, 0.5], "texture": "#0"},
				"down": {"uv": [0, 0, 0.5, 0.5], "texture": "#missing"}
			}
		}
	],
	"display": {
		"thirdperson_righthand": {
			"translation": [0, 0, -3],
			"scale": [0.5, 0.5, 0.5]
		},
		"thirdperson_lefthand": {
			"translation": [0, 0, -3],
			"scale": [0.5, 0.5, 0.5]
		},
		"firstperson_righthand": {
			"scale": [0.5, 0.5, 0.5]
		},
		"firstperson_lefthand": {
			"scale": [0.5, 0.5, 0.5]
		},
		"ground": {
			"scale": [0.5, 0.5, 0.5]
		},
		"gui": {
			"rotation": [30, 45, 0],
			"scale": [0.5, 0.5, 0.5]
		},
		"head": {
			"translation": [0, 14, 0]
		},
		"fixed": {
			"rotation": [-90, -180, 0],
			"translation": [0, 0, -14],
			"scale": [2, 2, 2]
		}
	}
}