{
	"credit": "Made with Blockbench",
	"textures": {
		"0": "block/oldradio",
		"1": "block/wood2",
		"2": "block/wood",
		"3": "block/basket_laundry_top",
		"particle": "block/oldradio"
	},
	"elements": [
		{
			"from": [2, 0, 5],
			"to": [14, 8, 11],
			"faces": {
				"north": {"uv": [2, 3, 14, 11], "texture": "#2"},
				"east": {"uv": [8, 0, 16, 8], "texture": "#2"},
				"south": {"uv": [1, 2, 13, 10], "texture": "#3"},
				"west": {"uv": [0, 0, 8, 8], "texture": "#2"},
				"up": {"uv": [0, 0, 12, 8], "texture": "#missing"},
				"down": {"uv": [2, 4, 14, 12], "texture": "#2"}
			}
		},
		{
			"from": [1.5, 7, 7.5],
			"to": [2, 12, 8.5],
			"faces": {
				"north": {"uv": [15, 9, 16, 14], "texture": "#0"},
				"east": {"uv": [13, 10, 14, 13], "texture": "#0"},
				"south": {"uv": [15, 5, 16, 10], "texture": "#0"},
				"west": {"uv": [15, 4, 16, 9], "texture": "#0"},
				"up": {"uv": [15, 0, 16, 1], "texture": "#0"},
				"down": {"uv": [13, 12, 14, 13], "texture": "#0"}
			}
		},
		{
			"from": [14, 7, 7.5],
			"to": [14.5, 12, 8.5],
			"faces": {
				"north": {"uv": [15, 9, 16, 14], "texture": "#0"},
				"east": {"uv": [13, 10, 14, 13], "texture": "#0"},
				"south": {"uv": [15, 5, 16, 10], "texture": "#0"},
				"west": {"uv": [15, 4, 16, 9], "texture": "#0"},
				"up": {"uv": [15, 0, 16, 1], "texture": "#0"},
				"down": {"uv": [13, 12, 14, 13], "texture": "#0"}
			}
		},
		{
			"from": [2, 11.5, 7.5],
			"to": [14, 12.5, 8.5],
			"faces": {
				"north": {"uv": [2, 3, 14, 4], "texture": "#1"},
				"east": {"uv": [14, 0, 16, 1], "texture": "#1"},
				"south": {"uv": [2, 5, 14, 6], "texture": "#1"},
				"west": {"uv": [0, 3, 2, 4], "texture": "#1"},
				"up": {"uv": [2, 1, 14, 3], "texture": "#1"},
				"down": {"uv": [2, 7, 14, 9], "texture": "#1"}
			}
		},
		{
			"from": [2, 8, 7],
			"to": [14, 9, 11],
			"faces": {
				"north": {"uv": [15, 0, 16, 12], "rotation": 90, "texture": "#0"},
				"east": {"uv": [0, 0, 3, 1], "texture": "#2"},
				"south": {"uv": [2, 0, 14, 1], "texture": "#2"},
				"west": {"uv": [0, 0, 3, 1], "texture": "#2"},
				"up": {"uv": [0, 0, 12, 3], "texture": "#2"},
				"down": {"uv": [0, 0, 12, 3], "texture": "#missing"}
			}
		},
		{
			"from": [2, 8, 5],
			"to": [14, 9, 6],
			"faces": {
				"north": {"uv": [2, 0, 14, 1], "texture": "#2"},
				"east": {"uv": [0, 0, 1, 1], "texture": "#2"},
				"south": {"uv": [15, 0, 16, 12], "rotation": 90, "texture": "#0"},
				"west": {"uv": [0, 0, 1, 1], "texture": "#2"},
				"up": {"uv": [2, 5, 14, 6], "texture": "#2"},
				"down": {"uv": [0, 0, 12, 3], "texture": "#missing"}
			}
		},
		{
			"from": [3, 8, 6],
			"to": [13, 8.5, 7],
			"faces": {
				"north": {"uv": [0, 0, 12, 1], "texture": "#missing"},
				"east": {"uv": [0, 0, 3, 1], "texture": "#missing"},
				"south": {"uv": [2, 0, 14, 1], "texture": "#2"},
				"west": {"uv": [0, 0, 3, 1], "texture": "#missing"},
				"up": {"uv": [15, 0, 16, 10], "rotation": 90, "texture": "#0"},
				"down": {"uv": [0, 0, 12, 3], "texture": "#missing"}
			}
		},
		{
			"from": [2, 8, 6],
			"to": [3, 9, 7],
			"faces": {
				"north": {"uv": [0, 0, 12, 1], "texture": "#missing"},
				"east": {"uv": [14, 10, 15, 11], "texture": "#0"},
				"south": {"uv": [2, 0, 14, 1], "texture": "#2"},
				"west": {"uv": [2, 0, 3, 1], "texture": "#2"},
				"up": {"uv": [4, 0, 5, 1], "texture": "#1"},
				"down": {"uv": [0, 0, 12, 3], "texture": "#missing"}
			}
		},
		{
			"from": [12, 8, 6],
			"to": [14, 9, 7],
			"faces": {
				"north": {"uv": [0, 0, 12, 1], "texture": "#missing"},
				"east": {"uv": [2, 0, 3, 1], "texture": "#2"},
				"south": {"uv": [2, 0, 14, 1], "texture": "#2"},
				"west": {"uv": [13, 4, 14, 5], "texture": "#0"},
				"up": {"uv": [4, 2, 6, 3], "texture": "#1"},
				"down": {"uv": [0, 0, 12, 3], "texture": "#missing"}
			}
		},
		{
			"from": [2.5, 0.5, 11.01],
			"to": [7.5, 5.5, 11.01],
			"faces": {
				"north": {"uv": [0, 0, 5, 5], "texture": "#missing"},
				"east": {"uv": [0, 0, 0, 5], "texture": "#missing"},
				"south": {"uv": [5, 5, 10, 10], "texture": "#1"},
				"west": {"uv": [0, 0, 0, 5], "texture": "#missing"},
				"up": {"uv": [0, 0, 5, 0], "texture": "#missing"},
				"down": {"uv": [0, 0, 5, 0], "texture": "#missing"}
			}
		},
		{
			"from": [8.5, 6.5, 11.02],
			"to": [13.5, 8.5, 11.52],
			"faces": {
				"north": {"uv": [0, 0, 5, 2], "texture": "#missing"},
				"east": {"uv": [14, 0, 15, 2], "texture": "#1"},
				"south": {"uv": [1, 2, 6, 4], "texture": "#1"},
				"west": {"uv": [0, 0, 1, 2], "texture": "#1"},
				"up": {"uv": [0, 0, 5, 1], "texture": "#1"},
				"down": {"uv": [0, 0, 5, 1], "texture": "#1"}
			}
		},
		{
			"from": [3, 2.5, 11.02],
			"to": [7, 5, 11.02],
			"faces": {
				"north": {"uv": [1, 1, 6, 3], "texture": "#3"},
				"east": {"uv": [1, 1, 6, 3], "texture": "#3"},
				"south": {"uv": [12, 4, 14, 6], "texture": "#0"},
				"west": {"uv": [1, 1, 6, 3], "texture": "#3"},
				"up": {"uv": [1, 1, 6, 3], "texture": "#3"},
				"down": {"uv": [1, 1, 6, 3], "texture": "#3"}
			}
		},
		{
			"from": [3.5, 1, 11.02],
			"to": [6.5, 2, 11.52],
			"faces": {
				"north": {"uv": [3, 9, 6, 10], "texture": "#2"},
				"east": {"uv": [5, 9, 6, 10], "texture": "#2"},
				"south": {"uv": [3, 9, 6, 10], "texture": "#2"},
				"west": {"uv": [3, 9, 4, 10], "texture": "#2"},
				"up": {"uv": [3, 9, 6, 10], "texture": "#2"},
				"down": {"uv": [3, 9, 6, 10], "texture": "#2"}
			}
		},
		{
			"from": [3.5, 3, 11.03],
			"to": [6.5, 4, 11.03],
			"faces": {
				"north": {"uv": [12, 12, 15, 13], "texture": "#0"},
				"east": {"uv": [14, 12, 15, 13], "texture": "#0"},
				"south": {"uv": [12, 9, 15, 10], "texture": "#0"},
				"west": {"uv": [12, 12, 13, 13], "texture": "#0"},
				"up": {"uv": [12, 12, 15, 13], "texture": "#0"},
				"down": {"uv": [12, 12, 15, 13], "texture": "#0"}
			}
		},
		{
			"from": [9, 7, 11.53],
			"to": [13, 8, 11.53],
			"faces": {
				"north": {"uv": [0, 0, 5, 2], "texture": "#missing"},
				"east": {"uv": [0, 0, 0, 2], "texture": "#missing"},
				"south": {"uv": [10, 13, 15, 14], "texture": "#0"},
				"west": {"uv": [0, 0, 0, 2], "texture": "#missing"},
				"up": {"uv": [0, 0, 5, 0], "texture": "#missing"},
				"down": {"uv": [0, 0, 5, 0], "texture": "#missing"}
			}
		},
		{
			"from": [3, 7.5, 11.02],
			"to": [5, 8.5, 11.02],
			"faces": {
				"north": {"uv": [0, 0, 5, 2], "texture": "#missing"},
				"east": {"uv": [0, 0, 0, 2], "texture": "#missing"},
				"south": {"uv": [9, 15, 11, 16], "texture": "#0"},
				"west": {"uv": [0, 0, 0, 2], "texture": "#missing"},
				"up": {"uv": [0, 0, 5, 0], "texture": "#missing"},
				"down": {"uv": [0, 0, 5, 0], "texture": "#missing"}
			}
		},
		{
			"from": [6, 6.5, 11],
			"to": [8, 8.5, 11.5],
			"faces": {
				"north": {"uv": [0, 0, 5, 2], "texture": "#missing"},
				"east": {"uv": [13, 4, 14, 6], "texture": "#0"},
				"south": {"uv": [12, 4, 14, 6], "texture": "#0"},
				"west": {"uv": [12, 4, 13, 6], "texture": "#0"},
				"up": {"uv": [12, 4, 14, 5], "texture": "#0"},
				"down": {"uv": [12, 5, 14, 6], "texture": "#0"}
			}
		},
		{
			"from": [2.5, 6, 11.01],
			"to": [13.5, 9, 11.01],
			"faces": {
				"north": {"uv": [0, 0, 11, 3], "texture": "#missing"},
				"east": {"uv": [0, 0, 0, 3], "texture": "#missing"},
				"south": {"uv": [0, 1, 11, 4], "texture": "#0"},
				"west": {"uv": [0, 0, 0, 3], "texture": "#missing"},
				"up": {"uv": [0, 0, 11, 0], "texture": "#missing"},
				"down": {"uv": [0, 0, 11, 0], "texture": "#missing"}
			}
		},
		{
			"from": [8.5, 2.5, 11.01],
			"to": [13.5, 5.5, 11.51],
			"faces": {
				"north": {"uv": [0, 0, 5, 5], "texture": "#missing"},
				"east": {"uv": [1, 12, 2, 15], "texture": "#0"},
				"south": {"uv": [1, 12, 6, 15], "texture": "#0"},
				"west": {"uv": [1, 12, 2, 15], "texture": "#0"},
				"up": {"uv": [1, 12, 6, 13], "texture": "#0"},
				"down": {"uv": [0, 0, 5, 0], "texture": "#missing"}
			}
		},
		{
			"from": [8.5, 0.5, 11.01],
			"to": [13.5, 2.5, 11.51],
			"faces": {
				"north": {"uv": [0, 0, 5, 5], "texture": "#missing"},
				"east": {"uv": [9, 13, 10, 15], "texture": "#0"},
				"south": {"uv": [1, 13, 6, 15], "texture": "#0"},
				"west": {"uv": [1, 13, 2, 15], "texture": "#0"},
				"up": {"uv": [0, 0, 5, 0], "texture": "#missing"},
				"down": {"uv": [1, 14, 6, 15], "texture": "#0"}
			}
		},
		{
			"from": [12, 9, 9],
			"to": [13, 10, 10],
			"faces": {
				"north": {"uv": [12, 6, 13, 7], "texture": "#0"},
				"east": {"uv": [12, 6, 13, 7], "texture": "#0"},
				"south": {"uv": [12, 6, 13, 7], "texture": "#0"},
				"west": {"uv": [12, 6, 13, 7], "texture": "#0"},
				"up": {"uv": [12, 6, 13, 7], "texture": "#0"},
				"down": {"uv": [12, 6, 13, 7], "texture": "#0"}
			}
		},
		{
			"from": [10.5, 9, 9],
			"to": [11.5, 10, 10],
			"faces": {
				"north": {"uv": [14, 6, 15, 7], "texture": "#0"},
				"east": {"uv": [14, 6, 15, 7], "texture": "#0"},
				"south": {"uv": [14, 6, 15, 7], "texture": "#0"},
				"west": {"uv": [14, 6, 15, 7], "texture": "#0"},
				"up": {"uv": [14, 6, 15, 7], "texture": "#0"},
				"down": {"uv": [14, 6, 15, 7], "texture": "#0"}
			}
		},
		{
			"from": [9, 9, 9],
			"to": [10, 10, 10],
			"faces": {
				"north": {"uv": [15, 15, 16, 16], "texture": "#0"},
				"east": {"uv": [15, 15, 16, 16], "texture": "#0"},
				"south": {"uv": [15, 15, 16, 16], "texture": "#0"},
				"west": {"uv": [15, 15, 16, 16], "texture": "#0"},
				"up": {"uv": [15, 15, 16, 16], "texture": "#0"},
				"down": {"uv": [15, 15, 16, 16], "texture": "#0"}
			}
		},
		{
			"from": [3, 9, 9],
			"to": [8, 9.5, 10],
			"faces": {
				"north": {"uv": [7, 12, 12, 12.5], "rotation": 180, "texture": "#0"},
				"east": {"uv": [11, 12, 12, 12.5], "texture": "#0"},
				"south": {"uv": [7, 12, 12, 12.5], "texture": "#0"},
				"west": {"uv": [7, 12, 8, 12.5], "texture": "#0"},
				"up": {"uv": [7, 12, 12, 13], "texture": "#0"},
				"down": {"uv": [0, 0, 5, 1], "texture": "#missing"}
			}
		},
		{
			"from": [2.5, 9.01, 8],
			"to": [13.5, 9.01, 11],
			"faces": {
				"north": {"uv": [0, 0, 11, 0], "texture": "#missing"},
				"east": {"uv": [0, 0, 3, 0], "texture": "#missing"},
				"south": {"uv": [0, 0, 11, 0], "texture": "#missing"},
				"west": {"uv": [0, 0, 3, 0], "texture": "#missing"},
				"up": {"uv": [0, 7, 11, 10], "texture": "#0"},
				"down": {"uv": [0, 0, 11, 3], "texture": "#missing"}
			}
		},
		{
			"from": [2.07612, 8.61732, 6.25],
			"to": [13.07612, 9.11732, 6.75],
			"rotation": {"angle": -45, "axis": "z", "origin": [12, 9, 6]},
			"faces": {
				"north": {"uv": [5, 15, 16, 16], "texture": "#0"},
				"east": {"uv": [15, 15, 16, 16], "texture": "#0"},
				"south": {"uv": [5, 15, 16, 16], "texture": "#0"},
				"west": {"uv": [15, 15, 16, 16], "texture": "#0"},
				"up": {"uv": [5, 15, 16, 16], "texture": "#0"},
				"down": {"uv": [5, 15, 16, 16], "texture": "#0"}
			}
		},
		{
			"from": [4, 4, 4.99],
			"to": [12, 7, 4.99],
			"faces": {
				"north": {"uv": [1, 12, 9, 15], "texture": "#0"},
				"east": {"uv": [0, 0, 0, 3], "texture": "#missing"},
				"south": {"uv": [1, 12, 9, 15], "texture": "#0"},
				"west": {"uv": [0, 0, 0, 3], "texture": "#missing"},
				"up": {"uv": [0, 0, 8, 0], "texture": "#missing"},
				"down": {"uv": [0, 0, 8, 0], "texture": "#missing"}
			}
		},
		{
			"from": [7, 1.5, 4.99],
			"to": [12, 2.5, 4.99],
			"faces": {
				"north": {"uv": [1, 15, 6, 16], "texture": "#0"},
				"east": {"uv": [0, 0, 0, 3], "texture": "#missing"},
				"south": {"uv": [1, 12, 9, 15], "texture": "#0"},
				"west": {"uv": [0, 0, 0, 3], "texture": "#missing"},
				"up": {"uv": [0, 0, 8, 0], "texture": "#missing"},
				"down": {"uv": [0, 0, 8, 0], "texture": "#missing"}
			}
		},
		{
			"from": [4, 1, 4.5],
			"to": [6, 3, 5],
			"faces": {
				"north": {"uv": [12, 1, 14, 3], "texture": "#0"},
				"east": {"uv": [14, 1, 15, 3], "texture": "#0"},
				"south": {"uv": [0, 0, 2, 2], "texture": "#missing"},
				"west": {"uv": [13, 1, 13.5, 3], "texture": "#0"},
				"up": {"uv": [12, 1, 14, 1.5], "texture": "#0"},
				"down": {"uv": [12, 3, 14, 3.5], "texture": "#0"}
			}
		}
	],
	"display": {
		"thirdperson_righthand": {
			"translation": [0, 0, -1.5],
			"scale": [0.5, 0.5, 0.5]
		},
		"thirdperson_lefthand": {
			"translation": [0, 0, -1.5],
			"scale": [0.5, 0.5, 0.5]
		},
		"firstperson_righthand": {
			"scale": [0.5, 0.5, 0.5]
		},
		"firstperson_lefthand": {
			"scale": [0.5, 0.5, 0.5]
		},
		"ground": {
			"scale": [0.5, 0.5, 0.5]
		},
		"gui": {
			"rotation": [30, 45, 0],
			"scale": [0.7, 0.7, 0.7]
		},
		"head": {
			"translation": [0, 14, 0]
		},
		"fixed": {
			"rotation": [-90, -180, 0],
			"translation": [0, 0, -14],
			"scale": [2, 2, 2]
		}
	}
}