{
	"credit": "Made with Blockbench",
	"texture_size": [32, 32],
	"textures": {
		"0": "block/emptydisplaytray1",
		"1": "block/bearbread",
		"particle": "block/emptydisplaytray1"
	},
	"elements": [
		{
			"name": "tray",
			"from": [1, 0, 1],
			"to": [15, 1, 15],
			"rotation": {"angle": 0, "axis": "y", "origin": [8, 0, 8]},
			"faces": {
				"north": {"uv": [9.016, 6.516, 15.984, 6.984], "texture": "#0"},
				"east": {"uv": [2.516, 14.516, 7.984, 14.984], "texture": "#0"},
				"south": {"uv": [8.516, 2.516, 15.484, 2.984], "texture": "#0"},
				"west": {"uv": [2.516, 14.516, 7.984, 14.984], "texture": "#0"},
				"up": {"uv": [8.516, 2.016, 15.484, 7.484], "texture": "#0"},
				"down": {"uv": [8.516, 2.016, 15.484, 7.484], "texture": "#0"}
			}
		},
		{
			"name": "tag",
			"from": [10, -2.78686, 14.97237],
			"to": [14, -0.78686, 14.97237],
			"rotation": {"angle": -22.5, "axis": "x", "origin": [8, 0, 8]},
			"faces": {
				"north": {"uv": [0.016, 0.016, 1.984, 0.984], "texture": "#0"},
				"east": {"uv": [0.016, 0.016, 0.016, 0.016], "texture": "#0"},
				"south": {"uv": [0.016, 0.016, 1.984, 0.984], "texture": "#0"},
				"west": {"uv": [0.016, 0.016, 0.016, 0.016], "texture": "#0"},
				"up": {"uv": [0.016, 0.016, 0.016, 0.016], "texture": "#0"},
				"down": {"uv": [0.016, 0.016, 0.016, 0.016], "texture": "#0"}
			}
		},
		{
			"name": "face",
			"from": [3.75635, 3.4, 4.65918],
			"to": [5.75635, 4.4, 5.65918],
			"rotation": {"angle": 22.5, "axis": "y", "origin": [4.75, 2.6272, 4.25]},
			"faces": {
				"north": {"uv": [6.516, 0.516, 7.484, 0.984], "texture": "#1"},
				"east": {"uv": [6.016, 0.516, 6.484, 0.984], "texture": "#1"},
				"south": {"uv": [8.016, 0.516, 8.984, 0.984], "texture": "#1"},
				"west": {"uv": [7.516, 0.516, 7.984, 0.984], "texture": "#1"},
				"up": {"uv": [7.484, 0.484, 6.516, 0.016], "texture": "#1"},
				"down": {"uv": [8.484, 0.016, 7.516, 0.484], "texture": "#1"}
			}
		},
		{
			"name": "face",
			"from": [3.05635, 3.8, 4.45918],
			"to": [3.55635, 4.3, 4.95918],
			"rotation": {"angle": 22.5, "axis": "y", "origin": [4.75, 2.6272, 4.25]},
			"faces": {
				"north": {"uv": [11.016, 0.516, 10.984, 0.484], "texture": "#1"},
				"east": {"uv": [11.016, 0.516, 10.984, 0.484], "texture": "#1"},
				"south": {"uv": [11.016, 0.516, 10.984, 0.484], "texture": "#1"},
				"west": {"uv": [11.016, 0.516, 10.984, 0.484], "texture": "#1"},
				"up": {"uv": [11.016, 0.516, 10.984, 0.484], "texture": "#1"},
				"down": {"uv": [11.016, 0.516, 10.984, 0.484], "texture": "#1"}
			}
		},
		{
			"name": "face",
			"from": [5.19798, 4, 4.95036],
			"to": [5.39798, 4.5, 5.45036],
			"rotation": {"angle": -22.5, "axis": "y", "origin": [4.75, 2.6272, 4.25]},
			"faces": {
				"north": {"uv": [11.016, 0.516, 10.984, 0.484], "texture": "#1"},
				"east": {"uv": [11.016, 0.516, 10.984, 0.484], "texture": "#1"},
				"south": {"uv": [11.016, 0.516, 10.984, 0.484], "texture": "#1"},
				"west": {"uv": [11.016, 0.516, 10.984, 0.484], "texture": "#1"},
				"up": {"uv": [11.016, 0.516, 10.984, 0.484], "texture": "#1"},
				"down": {"uv": [11.016, 0.516, 10.984, 0.484], "texture": "#1"}
			}
		},
		{
			"name": "face",
			"from": [4.45635, 4, 4.75918],
			"to": [4.95635, 4.5, 5.25918],
			"rotation": {"angle": 22.5, "axis": "y", "origin": [4.75, 2.6272, 4.25]},
			"faces": {
				"north": {"uv": [11.016, 0.516, 10.984, 0.484], "texture": "#1"},
				"east": {"uv": [11.016, 0.516, 10.984, 0.484], "texture": "#1"},
				"south": {"uv": [11.016, 0.516, 10.984, 0.484], "texture": "#1"},
				"west": {"uv": [11.016, 0.516, 10.984, 0.484], "texture": "#1"},
				"up": {"uv": [11.016, 0.516, 10.984, 0.484], "texture": "#1"},
				"down": {"uv": [11.016, 0.516, 10.984, 0.484], "texture": "#1"}
			}
		},
		{
			"name": "face",
			"from": [5.42587, 4, 4.76454],
			"to": [5.92587, 4.5, 4.96454],
			"rotation": {"angle": -22.5, "axis": "y", "origin": [4.75, 2.6272, 4.25]},
			"faces": {
				"north": {"uv": [11.016, 0.516, 10.984, 0.484], "texture": "#1"},
				"east": {"uv": [11.016, 0.516, 10.984, 0.484], "texture": "#1"},
				"south": {"uv": [11.016, 0.516, 10.984, 0.484], "texture": "#1"},
				"west": {"uv": [11.016, 0.516, 10.984, 0.484], "texture": "#1"},
				"up": {"uv": [11.016, 0.516, 10.984, 0.484], "rotation": 270, "texture": "#1"},
				"down": {"uv": [11.016, 0.516, 10.984, 0.484], "rotation": 90, "texture": "#1"}
			}
		},
		{
			"name": "face",
			"from": [5.95635, 3.8, 4.45918],
			"to": [6.45635, 4.3, 4.95918],
			"rotation": {"angle": 22.5, "axis": "y", "origin": [4.75, 2.6272, 4.25]},
			"faces": {
				"north": {"uv": [11.016, 0.516, 10.984, 0.484], "texture": "#1"},
				"east": {"uv": [11.016, 0.516, 10.984, 0.484], "texture": "#1"},
				"south": {"uv": [11.016, 0.516, 10.984, 0.484], "texture": "#1"},
				"west": {"uv": [11.016, 0.516, 10.984, 0.484], "texture": "#1"},
				"up": {"uv": [11.016, 0.516, 10.984, 0.484], "texture": "#1"},
				"down": {"uv": [11.016, 0.516, 10.984, 0.484], "texture": "#1"}
			}
		},
		{
			"name": "body",
			"from": [2.75635, 3.2, 2.75918],
			"to": [6.75635, 4.2, 6.75918],
			"rotation": {"angle": 22.5, "axis": "y", "origin": [4.75, 2.6272, 4.25]},
			"faces": {
				"north": {"uv": [2.016, 2.016, 3.984, 2.484], "texture": "#1"},
				"east": {"uv": [0.016, 2.016, 1.984, 2.484], "texture": "#1"},
				"south": {"uv": [6.016, 2.016, 7.984, 2.484], "texture": "#1"},
				"west": {"uv": [4.016, 2.016, 5.984, 2.484], "texture": "#1"},
				"up": {"uv": [3.984, 1.984, 2.016, 0.016], "texture": "#1"},
				"down": {"uv": [5.984, 0.016, 4.016, 1.984], "texture": "#1"}
			}
		},
		{
			"name": "body",
			"from": [1.76099, 1.099, 3.752],
			"to": [3.76099, 2.099, 5.752],
			"shade": false,
			"rotation": {"angle": -22.5, "axis": "y", "origin": [4.75, 2.6272, 4.25]},
			"faces": {
				"north": {"uv": [1.984, 6.016, 1.016, 6.484], "texture": "#1"},
				"east": {"uv": [2.984, 6.016, 2.016, 6.484], "texture": "#1"},
				"south": {"uv": [3.984, 6.016, 3.016, 6.484], "texture": "#1"},
				"west": {"uv": [0.984, 6.016, 0.016, 6.484], "texture": "#1"},
				"up": {"uv": [1.016, 5.984, 1.984, 5.016], "texture": "#1"},
				"down": {"uv": [2.016, 5.016, 2.984, 5.984], "texture": "#1"}
			}
		},
		{
			"name": "body",
			"from": [1.76099, 3.099, 3.752],
			"to": [3.76099, 4.099, 5.752],
			"shade": false,
			"rotation": {"angle": -22.5, "axis": "y", "origin": [4.75, 2.6272, 4.25]},
			"faces": {
				"north": {"uv": [1.984, 6.016, 1.016, 6.484], "texture": "#1"},
				"east": {"uv": [2.984, 6.016, 2.016, 6.484], "texture": "#1"},
				"south": {"uv": [3.984, 6.016, 3.016, 6.484], "texture": "#1"},
				"west": {"uv": [0.984, 6.016, 0.016, 6.484], "texture": "#1"},
				"up": {"uv": [1.016, 5.984, 1.984, 5.016], "texture": "#1"},
				"down": {"uv": [2.016, 5.016, 2.984, 5.984], "texture": "#1"}
			}
		},
		{
			"name": "body",
			"from": [4.26099, 3.099, 1.252],
			"to": [6.26099, 4.099, 3.252],
			"rotation": {"angle": -22.5, "axis": "y", "origin": [4.75, 2.6272, 4.25]},
			"faces": {
				"north": {"uv": [0.016, 6.016, 0.984, 6.484], "texture": "#1"},
				"east": {"uv": [3.016, 6.016, 3.984, 6.484], "texture": "#1"},
				"south": {"uv": [2.016, 6.016, 2.984, 6.484], "texture": "#1"},
				"west": {"uv": [1.016, 6.016, 1.984, 6.484], "texture": "#1"},
				"up": {"uv": [1.984, 5.984, 1.016, 5.016], "rotation": 270, "texture": "#1"},
				"down": {"uv": [2.984, 5.016, 2.016, 5.984], "rotation": 90, "texture": "#1"}
			}
		},
		{
			"name": "body",
			"from": [4.26099, 1.099, 1.252],
			"to": [6.26099, 2.099, 3.252],
			"rotation": {"angle": -22.5, "axis": "y", "origin": [4.75, 2.6272, 4.25]},
			"faces": {
				"north": {"uv": [0.016, 6.016, 0.984, 6.484], "texture": "#1"},
				"east": {"uv": [3.016, 6.016, 3.984, 6.484], "texture": "#1"},
				"south": {"uv": [2.016, 6.016, 2.984, 6.484], "texture": "#1"},
				"west": {"uv": [1.016, 6.016, 1.984, 6.484], "texture": "#1"},
				"up": {"uv": [1.984, 5.984, 1.016, 5.016], "rotation": 270, "texture": "#1"},
				"down": {"uv": [2.984, 5.016, 2.016, 5.984], "rotation": 90, "texture": "#1"}
			}
		},
		{
			"name": "body",
			"from": [2.75635, 1.2, 2.75918],
			"to": [6.75635, 2.2, 6.75918],
			"rotation": {"angle": 22.5, "axis": "y", "origin": [4.75, 2.6272, 4.25]},
			"faces": {
				"north": {"uv": [2.016, 2.016, 3.984, 2.484], "texture": "#1"},
				"east": {"uv": [0.016, 2.016, 1.984, 2.484], "texture": "#1"},
				"south": {"uv": [6.016, 2.016, 7.984, 2.484], "texture": "#1"},
				"west": {"uv": [4.016, 2.016, 5.984, 2.484], "texture": "#1"},
				"up": {"uv": [3.984, 1.984, 2.016, 0.016], "texture": "#1"},
				"down": {"uv": [5.984, 0.016, 4.016, 1.984], "texture": "#1"}
			}
		},
		{
			"name": "cream",
			"from": [1.76099, 2.099, 3.752],
			"to": [3.76099, 3.099, 5.752],
			"rotation": {"angle": -22.5, "axis": "y", "origin": [4.75, 2.6272, 4.25]},
			"faces": {
				"north": {"uv": [3.016, 4.516, 3.984, 4.984], "texture": "#1"},
				"east": {"uv": [2.016, 4.516, 2.984, 4.984], "texture": "#1"},
				"south": {"uv": [5.016, 4.516, 5.984, 4.984], "texture": "#1"},
				"west": {"uv": [4.016, 4.516, 4.984, 4.984], "texture": "#1"},
				"up": {"uv": [3.984, 4.484, 3.016, 3.516], "texture": "#1"},
				"down": {"uv": [4.984, 3.516, 4.016, 4.484], "texture": "#1"}
			}
		},
		{
			"name": "cream",
			"from": [2.75635, 2.2, 2.75918],
			"to": [6.75635, 3.2, 6.75918],
			"rotation": {"angle": 22.5, "axis": "y", "origin": [4.75, 2.6272, 4.25]},
			"faces": {
				"north": {"uv": [2.016, 4.516, 3.984, 4.984], "texture": "#1"},
				"east": {"uv": [0.016, 4.516, 1.984, 4.984], "texture": "#1"},
				"south": {"uv": [6.016, 4.516, 7.984, 4.984], "texture": "#1"},
				"west": {"uv": [4.016, 4.516, 5.984, 4.984], "texture": "#1"},
				"up": {"uv": [3.984, 4.484, 2.016, 2.516], "texture": "#1"},
				"down": {"uv": [5.984, 2.516, 4.016, 4.484], "texture": "#1"}
			}
		},
		{
			"name": "cream",
			"from": [4.26099, 2.099, 1.252],
			"to": [6.26099, 3.099, 3.252],
			"rotation": {"angle": -22.5, "axis": "y", "origin": [4.75, 2.6272, 4.25]},
			"faces": {
				"north": {"uv": [2.016, 4.516, 2.984, 4.984], "texture": "#1"},
				"east": {"uv": [5.016, 4.516, 5.984, 4.984], "texture": "#1"},
				"south": {"uv": [4.016, 4.516, 4.984, 4.984], "texture": "#1"},
				"west": {"uv": [3.016, 4.516, 3.984, 4.984], "texture": "#1"},
				"up": {"uv": [3.984, 4.484, 3.016, 3.516], "rotation": 270, "texture": "#1"},
				"down": {"uv": [4.984, 3.516, 4.016, 4.484], "rotation": 90, "texture": "#1"}
			}
		},
		{
			"name": "face",
			"from": [10.25534, 3.4, 5.66022],
			"to": [12.25534, 4.4, 6.66022],
			"rotation": {"angle": -22.5, "axis": "y", "origin": [11.24687, 3.2296, 5.24799]},
			"faces": {
				"north": {"uv": [6.516, 0.516, 7.484, 0.984], "texture": "#1"},
				"east": {"uv": [6.016, 0.516, 6.484, 0.984], "texture": "#1"},
				"south": {"uv": [8.016, 0.516, 8.984, 0.984], "texture": "#1"},
				"west": {"uv": [7.516, 0.516, 7.984, 0.984], "texture": "#1"},
				"up": {"uv": [7.484, 0.484, 6.516, 0.016], "texture": "#1"},
				"down": {"uv": [8.484, 0.016, 7.516, 0.484], "texture": "#1"}
			}
		},
		{
			"name": "face",
			"from": [9.55534, 3.8, 5.46022],
			"to": [10.05534, 4.3, 5.96022],
			"rotation": {"angle": -22.5, "axis": "y", "origin": [11.24687, 3.2296, 5.24799]},
			"faces": {
				"north": {"uv": [11.016, 0.516, 10.984, 0.484], "texture": "#1"},
				"east": {"uv": [11.016, 0.516, 10.984, 0.484], "texture": "#1"},
				"south": {"uv": [11.016, 0.516, 10.984, 0.484], "texture": "#1"},
				"west": {"uv": [11.016, 0.516, 10.984, 0.484], "texture": "#1"},
				"up": {"uv": [11.016, 0.516, 10.984, 0.484], "texture": "#1"},
				"down": {"uv": [11.016, 0.516, 10.984, 0.484], "texture": "#1"}
			}
		},
		{
			"name": "face",
			"from": [10.04585, 4, 5.69963],
			"to": [10.54585, 4.5, 5.89963],
			"rotation": {"angle": 22.5, "axis": "y", "origin": [11.24687, 3.2296, 5.24799]},
			"faces": {
				"north": {"uv": [11.016, 0.516, 10.984, 0.484], "texture": "#1"},
				"east": {"uv": [11.016, 0.516, 10.984, 0.484], "texture": "#1"},
				"south": {"uv": [11.016, 0.516, 10.984, 0.484], "texture": "#1"},
				"west": {"uv": [11.016, 0.516, 10.984, 0.484], "texture": "#1"},
				"up": {"uv": [11.016, 0.516, 10.984, 0.484], "rotation": 90, "texture": "#1"},
				"down": {"uv": [11.016, 0.516, 10.984, 0.484], "rotation": 270, "texture": "#1"}
			}
		},
		{
			"name": "face",
			"from": [10.95534, 4, 5.76022],
			"to": [11.45534, 4.5, 6.26022],
			"rotation": {"angle": -22.5, "axis": "y", "origin": [11.24687, 3.2296, 5.24799]},
			"faces": {
				"north": {"uv": [11.016, 0.516, 10.984, 0.484], "texture": "#1"},
				"east": {"uv": [11.016, 0.516, 10.984, 0.484], "texture": "#1"},
				"south": {"uv": [11.016, 0.516, 10.984, 0.484], "texture": "#1"},
				"west": {"uv": [11.016, 0.516, 10.984, 0.484], "texture": "#1"},
				"up": {"uv": [11.016, 0.516, 10.984, 0.484], "texture": "#1"},
				"down": {"uv": [11.016, 0.516, 10.984, 0.484], "texture": "#1"}
			}
		},
		{
			"name": "face",
			"from": [10.53167, 4, 5.92752],
			"to": [10.73167, 4.5, 6.42752],
			"rotation": {"angle": 22.5, "axis": "y", "origin": [11.24687, 3.2296, 5.24799]},
			"faces": {
				"north": {"uv": [11.016, 0.516, 10.984, 0.484], "texture": "#1"},
				"east": {"uv": [11.016, 0.516, 10.984, 0.484], "texture": "#1"},
				"south": {"uv": [11.016, 0.516, 10.984, 0.484], "texture": "#1"},
				"west": {"uv": [11.016, 0.516, 10.984, 0.484], "texture": "#1"},
				"up": {"uv": [11.016, 0.516, 10.984, 0.484], "texture": "#1"},
				"down": {"uv": [11.016, 0.516, 10.984, 0.484], "texture": "#1"}
			}
		},
		{
			"name": "face",
			"from": [12.45534, 3.8, 5.46022],
			"to": [12.95534, 4.3, 5.96022],
			"rotation": {"angle": -22.5, "axis": "y", "origin": [11.24687, 3.2296, 5.24799]},
			"faces": {
				"north": {"uv": [11.016, 0.516, 10.984, 0.484], "texture": "#1"},
				"east": {"uv": [11.016, 0.516, 10.984, 0.484], "texture": "#1"},
				"south": {"uv": [11.016, 0.516, 10.984, 0.484], "texture": "#1"},
				"west": {"uv": [11.016, 0.516, 10.984, 0.484], "texture": "#1"},
				"up": {"uv": [11.016, 0.516, 10.984, 0.484], "texture": "#1"},
				"down": {"uv": [11.016, 0.516, 10.984, 0.484], "texture": "#1"}
			}
		},
		{
			"name": "body",
			"from": [9.25534, 3.2, 3.76022],
			"to": [13.25534, 4.2, 7.76022],
			"rotation": {"angle": -22.5, "axis": "y", "origin": [11.24687, 3.2296, 5.24799]},
			"faces": {
				"north": {"uv": [2.016, 2.016, 3.984, 2.484], "texture": "#1"},
				"east": {"uv": [0.016, 2.016, 1.984, 2.484], "texture": "#1"},
				"south": {"uv": [6.016, 2.016, 7.984, 2.484], "texture": "#1"},
				"west": {"uv": [4.016, 2.016, 5.984, 2.484], "texture": "#1"},
				"up": {"uv": [3.984, 1.984, 2.016, 0.016], "texture": "#1"},
				"down": {"uv": [5.984, 0.016, 4.016, 1.984], "texture": "#1"}
			}
		},
		{
			"name": "body",
			"from": [9.74421, 1.099, 2.26264],
			"to": [11.74421, 2.099, 4.26264],
			"shade": false,
			"rotation": {"angle": 22.5, "axis": "y", "origin": [11.24687, 3.2296, 5.24799]},
			"faces": {
				"north": {"uv": [0.984, 6.016, 0.016, 6.484], "texture": "#1"},
				"east": {"uv": [1.984, 6.016, 1.016, 6.484], "texture": "#1"},
				"south": {"uv": [2.984, 6.016, 2.016, 6.484], "texture": "#1"},
				"west": {"uv": [3.984, 6.016, 3.016, 6.484], "texture": "#1"},
				"up": {"uv": [1.016, 5.984, 1.984, 5.016], "rotation": 90, "texture": "#1"},
				"down": {"uv": [2.016, 5.016, 2.984, 5.984], "rotation": 270, "texture": "#1"}
			}
		},
		{
			"name": "body",
			"from": [9.74421, 3.099, 2.26264],
			"to": [11.74421, 4.099, 4.26264],
			"shade": false,
			"rotation": {"angle": 22.5, "axis": "y", "origin": [11.24687, 3.2296, 5.24799]},
			"faces": {
				"north": {"uv": [0.984, 6.016, 0.016, 6.484], "texture": "#1"},
				"east": {"uv": [1.984, 6.016, 1.016, 6.484], "texture": "#1"},
				"south": {"uv": [2.984, 6.016, 2.016, 6.484], "texture": "#1"},
				"west": {"uv": [3.984, 6.016, 3.016, 6.484], "texture": "#1"},
				"up": {"uv": [1.016, 5.984, 1.984, 5.016], "rotation": 90, "texture": "#1"},
				"down": {"uv": [2.016, 5.016, 2.984, 5.984], "rotation": 270, "texture": "#1"}
			}
		},
		{
			"name": "body",
			"from": [12.24421, 3.099, 4.76264],
			"to": [14.24421, 4.099, 6.76264],
			"rotation": {"angle": 22.5, "axis": "y", "origin": [11.24687, 3.2296, 5.24799]},
			"faces": {
				"north": {"uv": [1.016, 6.016, 1.984, 6.484], "texture": "#1"},
				"east": {"uv": [0.016, 6.016, 0.984, 6.484], "texture": "#1"},
				"south": {"uv": [3.016, 6.016, 3.984, 6.484], "texture": "#1"},
				"west": {"uv": [2.016, 6.016, 2.984, 6.484], "texture": "#1"},
				"up": {"uv": [1.984, 5.984, 1.016, 5.016], "texture": "#1"},
				"down": {"uv": [2.984, 5.016, 2.016, 5.984], "texture": "#1"}
			}
		},
		{
			"name": "body",
			"from": [12.24421, 1.099, 4.76264],
			"to": [14.24421, 2.099, 6.76264],
			"rotation": {"angle": 22.5, "axis": "y", "origin": [11.24687, 3.2296, 5.24799]},
			"faces": {
				"north": {"uv": [1.016, 6.016, 1.984, 6.484], "texture": "#1"},
				"east": {"uv": [0.016, 6.016, 0.984, 6.484], "texture": "#1"},
				"south": {"uv": [3.016, 6.016, 3.984, 6.484], "texture": "#1"},
				"west": {"uv": [2.016, 6.016, 2.984, 6.484], "texture": "#1"},
				"up": {"uv": [1.984, 5.984, 1.016, 5.016], "texture": "#1"},
				"down": {"uv": [2.984, 5.016, 2.016, 5.984], "texture": "#1"}
			}
		},
		{
			"name": "body",
			"from": [9.25534, 1.2, 3.76022],
			"to": [13.25534, 2.2, 7.76022],
			"rotation": {"angle": -22.5, "axis": "y", "origin": [11.24687, 3.2296, 5.24799]},
			"faces": {
				"north": {"uv": [2.016, 2.016, 3.984, 2.484], "texture": "#1"},
				"east": {"uv": [0.016, 2.016, 1.984, 2.484], "texture": "#1"},
				"south": {"uv": [6.016, 2.016, 7.984, 2.484], "texture": "#1"},
				"west": {"uv": [4.016, 2.016, 5.984, 2.484], "texture": "#1"},
				"up": {"uv": [3.984, 1.984, 2.016, 0.016], "texture": "#1"},
				"down": {"uv": [5.984, 0.016, 4.016, 1.984], "texture": "#1"}
			}
		},
		{
			"name": "cream",
			"from": [9.74421, 2.099, 2.26264],
			"to": [11.74421, 3.099, 4.26264],
			"rotation": {"angle": 22.5, "axis": "y", "origin": [11.24687, 3.2296, 5.24799]},
			"faces": {
				"north": {"uv": [4.016, 4.516, 4.984, 4.984], "texture": "#1"},
				"east": {"uv": [3.016, 4.516, 3.984, 4.984], "texture": "#1"},
				"south": {"uv": [2.016, 4.516, 2.984, 4.984], "texture": "#1"},
				"west": {"uv": [5.016, 4.516, 5.984, 4.984], "texture": "#1"},
				"up": {"uv": [3.984, 4.484, 3.016, 3.516], "rotation": 90, "texture": "#1"},
				"down": {"uv": [4.984, 3.516, 4.016, 4.484], "rotation": 270, "texture": "#1"}
			}
		},
		{
			"name": "cream",
			"from": [9.25534, 2.2, 3.76022],
			"to": [13.25534, 3.2, 7.76022],
			"rotation": {"angle": -22.5, "axis": "y", "origin": [11.24687, 3.2296, 5.24799]},
			"faces": {
				"north": {"uv": [2.016, 4.516, 3.984, 4.984], "texture": "#1"},
				"east": {"uv": [0.016, 4.516, 1.984, 4.984], "texture": "#1"},
				"south": {"uv": [6.016, 4.516, 7.984, 4.984], "texture": "#1"},
				"west": {"uv": [4.016, 4.516, 5.984, 4.984], "texture": "#1"},
				"up": {"uv": [3.984, 4.484, 2.016, 2.516], "texture": "#1"},
				"down": {"uv": [5.984, 2.516, 4.016, 4.484], "texture": "#1"}
			}
		},
		{
			"name": "cream",
			"from": [12.24421, 2.099, 4.76264],
			"to": [14.24421, 3.099, 6.76264],
			"rotation": {"angle": 22.5, "axis": "y", "origin": [11.24687, 3.2296, 5.24799]},
			"faces": {
				"north": {"uv": [3.016, 4.516, 3.984, 4.984], "texture": "#1"},
				"east": {"uv": [2.016, 4.516, 2.984, 4.984], "texture": "#1"},
				"south": {"uv": [5.016, 4.516, 5.984, 4.984], "texture": "#1"},
				"west": {"uv": [4.016, 4.516, 4.984, 4.984], "texture": "#1"},
				"up": {"uv": [3.984, 4.484, 3.016, 3.516], "texture": "#1"},
				"down": {"uv": [4.984, 3.516, 4.016, 4.484], "texture": "#1"}
			}
		},
		{
			"name": "face",
			"from": [10.25534, 3.4, 11.66022],
			"to": [12.25534, 4.4, 12.66022],
			"rotation": {"angle": 0, "axis": "y", "origin": [11.24687, 3.2296, 11.24799]},
			"faces": {
				"north": {"uv": [6.516, 0.516, 7.484, 0.984], "texture": "#1"},
				"east": {"uv": [6.016, 0.516, 6.484, 0.984], "texture": "#1"},
				"south": {"uv": [8.016, 0.516, 8.984, 0.984], "texture": "#1"},
				"west": {"uv": [7.516, 0.516, 7.984, 0.984], "texture": "#1"},
				"up": {"uv": [7.484, 0.484, 6.516, 0.016], "texture": "#1"},
				"down": {"uv": [8.484, 0.016, 7.516, 0.484], "texture": "#1"}
			}
		},
		{
			"name": "face",
			"from": [9.55534, 3.8, 11.46022],
			"to": [10.05534, 4.3, 11.96022],
			"rotation": {"angle": 0, "axis": "y", "origin": [11.24687, 3.2296, 11.24799]},
			"faces": {
				"north": {"uv": [11.016, 0.516, 10.984, 0.484], "texture": "#1"},
				"east": {"uv": [11.016, 0.516, 10.984, 0.484], "texture": "#1"},
				"south": {"uv": [11.016, 0.516, 10.984, 0.484], "texture": "#1"},
				"west": {"uv": [11.016, 0.516, 10.984, 0.484], "texture": "#1"},
				"up": {"uv": [11.016, 0.516, 10.984, 0.484], "texture": "#1"},
				"down": {"uv": [11.016, 0.516, 10.984, 0.484], "texture": "#1"}
			}
		},
		{
			"name": "face",
			"from": [10.04585, 4, 11.69963],
			"to": [10.54585, 4.5, 11.89963],
			"rotation": {"angle": 45, "axis": "y", "origin": [11.24687, 3.2296, 11.24799]},
			"faces": {
				"north": {"uv": [11.016, 0.516, 10.984, 0.484], "texture": "#1"},
				"east": {"uv": [11.016, 0.516, 10.984, 0.484], "texture": "#1"},
				"south": {"uv": [11.016, 0.516, 10.984, 0.484], "texture": "#1"},
				"west": {"uv": [11.016, 0.516, 10.984, 0.484], "texture": "#1"},
				"up": {"uv": [11.016, 0.516, 10.984, 0.484], "rotation": 90, "texture": "#1"},
				"down": {"uv": [11.016, 0.516, 10.984, 0.484], "rotation": 270, "texture": "#1"}
			}
		},
		{
			"name": "face",
			"from": [10.95534, 4, 11.76022],
			"to": [11.45534, 4.5, 12.26022],
			"rotation": {"angle": 0, "axis": "y", "origin": [11.24687, 3.2296, 11.24799]},
			"faces": {
				"north": {"uv": [11.016, 0.516, 10.984, 0.484], "texture": "#1"},
				"east": {"uv": [11.016, 0.516, 10.984, 0.484], "texture": "#1"},
				"south": {"uv": [11.016, 0.516, 10.984, 0.484], "texture": "#1"},
				"west": {"uv": [11.016, 0.516, 10.984, 0.484], "texture": "#1"},
				"up": {"uv": [11.016, 0.516, 10.984, 0.484], "texture": "#1"},
				"down": {"uv": [11.016, 0.516, 10.984, 0.484], "texture": "#1"}
			}
		},
		{
			"name": "face",
			"from": [10.53167, 4, 11.92752],
			"to": [10.73167, 4.5, 12.42752],
			"rotation": {"angle": 45, "axis": "y", "origin": [11.24687, 3.2296, 11.24799]},
			"faces": {
				"north": {"uv": [11.016, 0.516, 10.984, 0.484], "texture": "#1"},
				"east": {"uv": [11.016, 0.516, 10.984, 0.484], "texture": "#1"},
				"south": {"uv": [11.016, 0.516, 10.984, 0.484], "texture": "#1"},
				"west": {"uv": [11.016, 0.516, 10.984, 0.484], "texture": "#1"},
				"up": {"uv": [11.016, 0.516, 10.984, 0.484], "texture": "#1"},
				"down": {"uv": [11.016, 0.516, 10.984, 0.484], "texture": "#1"}
			}
		},
		{
			"name": "face",
			"from": [12.45534, 3.8, 11.46022],
			"to": [12.95534, 4.3, 11.96022],
			"rotation": {"angle": 0, "axis": "y", "origin": [11.24687, 3.2296, 11.24799]},
			"faces": {
				"north": {"uv": [11.016, 0.516, 10.984, 0.484], "texture": "#1"},
				"east": {"uv": [11.016, 0.516, 10.984, 0.484], "texture": "#1"},
				"south": {"uv": [11.016, 0.516, 10.984, 0.484], "texture": "#1"},
				"west": {"uv": [11.016, 0.516, 10.984, 0.484], "texture": "#1"},
				"up": {"uv": [11.016, 0.516, 10.984, 0.484], "texture": "#1"},
				"down": {"uv": [11.016, 0.516, 10.984, 0.484], "texture": "#1"}
			}
		},
		{
			"name": "body",
			"from": [9.25534, 3.2, 9.76022],
			"to": [13.25534, 4.2, 13.76022],
			"rotation": {"angle": 0, "axis": "y", "origin": [11.24687, 3.2296, 11.24799]},
			"faces": {
				"north": {"uv": [2.016, 2.016, 3.984, 2.484], "texture": "#1"},
				"east": {"uv": [0.016, 2.016, 1.984, 2.484], "texture": "#1"},
				"south": {"uv": [6.016, 2.016, 7.984, 2.484], "texture": "#1"},
				"west": {"uv": [4.016, 2.016, 5.984, 2.484], "texture": "#1"},
				"up": {"uv": [3.984, 1.984, 2.016, 0.016], "texture": "#1"},
				"down": {"uv": [5.984, 0.016, 4.016, 1.984], "texture": "#1"}
			}
		},
		{
			"name": "body",
			"from": [9.74421, 1.099, 8.26264],
			"to": [11.74421, 2.099, 10.26264],
			"shade": false,
			"rotation": {"angle": 45, "axis": "y", "origin": [11.24687, 3.2296, 11.24799]},
			"faces": {
				"north": {"uv": [0.984, 6.016, 0.016, 6.484], "texture": "#1"},
				"east": {"uv": [1.984, 6.016, 1.016, 6.484], "texture": "#1"},
				"south": {"uv": [2.984, 6.016, 2.016, 6.484], "texture": "#1"},
				"west": {"uv": [3.984, 6.016, 3.016, 6.484], "texture": "#1"},
				"up": {"uv": [1.016, 5.984, 1.984, 5.016], "rotation": 90, "texture": "#1"},
				"down": {"uv": [2.016, 5.016, 2.984, 5.984], "rotation": 270, "texture": "#1"}
			}
		},
		{
			"name": "body",
			"from": [9.74421, 3.099, 8.26264],
			"to": [11.74421, 4.099, 10.26264],
			"shade": false,
			"rotation": {"angle": 45, "axis": "y", "origin": [11.24687, 3.2296, 11.24799]},
			"faces": {
				"north": {"uv": [0.984, 6.016, 0.016, 6.484], "texture": "#1"},
				"east": {"uv": [1.984, 6.016, 1.016, 6.484], "texture": "#1"},
				"south": {"uv": [2.984, 6.016, 2.016, 6.484], "texture": "#1"},
				"west": {"uv": [3.984, 6.016, 3.016, 6.484], "texture": "#1"},
				"up": {"uv": [1.016, 5.984, 1.984, 5.016], "rotation": 90, "texture": "#1"},
				"down": {"uv": [2.016, 5.016, 2.984, 5.984], "rotation": 270, "texture": "#1"}
			}
		},
		{
			"name": "body",
			"from": [12.24421, 3.099, 10.76264],
			"to": [14.24421, 4.099, 12.76264],
			"rotation": {"angle": 45, "axis": "y", "origin": [11.24687, 3.2296, 11.24799]},
			"faces": {
				"north": {"uv": [1.016, 6.016, 1.984, 6.484], "texture": "#1"},
				"east": {"uv": [0.016, 6.016, 0.984, 6.484], "texture": "#1"},
				"south": {"uv": [3.016, 6.016, 3.984, 6.484], "texture": "#1"},
				"west": {"uv": [2.016, 6.016, 2.984, 6.484], "texture": "#1"},
				"up": {"uv": [1.984, 5.984, 1.016, 5.016], "texture": "#1"},
				"down": {"uv": [2.984, 5.016, 2.016, 5.984], "texture": "#1"}
			}
		},
		{
			"name": "body",
			"from": [12.24421, 1.099, 10.76264],
			"to": [14.24421, 2.099, 12.76264],
			"rotation": {"angle": 45, "axis": "y", "origin": [11.24687, 3.2296, 11.24799]},
			"faces": {
				"north": {"uv": [1.016, 6.016, 1.984, 6.484], "texture": "#1"},
				"east": {"uv": [0.016, 6.016, 0.984, 6.484], "texture": "#1"},
				"south": {"uv": [3.016, 6.016, 3.984, 6.484], "texture": "#1"},
				"west": {"uv": [2.016, 6.016, 2.984, 6.484], "texture": "#1"},
				"up": {"uv": [1.984, 5.984, 1.016, 5.016], "texture": "#1"},
				"down": {"uv": [2.984, 5.016, 2.016, 5.984], "texture": "#1"}
			}
		},
		{
			"name": "body",
			"from": [9.25534, 1.2, 9.76022],
			"to": [13.25534, 2.2, 13.76022],
			"rotation": {"angle": 0, "axis": "y", "origin": [11.24687, 3.2296, 11.24799]},
			"faces": {
				"north": {"uv": [2.016, 2.016, 3.984, 2.484], "texture": "#1"},
				"east": {"uv": [0.016, 2.016, 1.984, 2.484], "texture": "#1"},
				"south": {"uv": [6.016, 2.016, 7.984, 2.484], "texture": "#1"},
				"west": {"uv": [4.016, 2.016, 5.984, 2.484], "texture": "#1"},
				"up": {"uv": [3.984, 1.984, 2.016, 0.016], "texture": "#1"},
				"down": {"uv": [5.984, 0.016, 4.016, 1.984], "texture": "#1"}
			}
		},
		{
			"name": "cream",
			"from": [9.74421, 2.099, 8.26264],
			"to": [11.74421, 3.099, 10.26264],
			"rotation": {"angle": 45, "axis": "y", "origin": [11.24687, 3.2296, 11.24799]},
			"faces": {
				"north": {"uv": [4.016, 4.516, 4.984, 4.984], "texture": "#1"},
				"east": {"uv": [3.016, 4.516, 3.984, 4.984], "texture": "#1"},
				"south": {"uv": [2.016, 4.516, 2.984, 4.984], "texture": "#1"},
				"west": {"uv": [5.016, 4.516, 5.984, 4.984], "texture": "#1"},
				"up": {"uv": [3.984, 4.484, 3.016, 3.516], "rotation": 90, "texture": "#1"},
				"down": {"uv": [4.984, 3.516, 4.016, 4.484], "rotation": 270, "texture": "#1"}
			}
		},
		{
			"name": "cream",
			"from": [9.25534, 2.2, 9.76022],
			"to": [13.25534, 3.2, 13.76022],
			"rotation": {"angle": 0, "axis": "y", "origin": [11.24687, 3.2296, 11.24799]},
			"faces": {
				"north": {"uv": [2.016, 4.516, 3.984, 4.984], "texture": "#1"},
				"east": {"uv": [0.016, 4.516, 1.984, 4.984], "texture": "#1"},
				"south": {"uv": [6.016, 4.516, 7.984, 4.984], "texture": "#1"},
				"west": {"uv": [4.016, 4.516, 5.984, 4.984], "texture": "#1"},
				"up": {"uv": [3.984, 4.484, 2.016, 2.516], "texture": "#1"},
				"down": {"uv": [5.984, 2.516, 4.016, 4.484], "texture": "#1"}
			}
		},
		{
			"name": "cream",
			"from": [12.24421, 2.099, 10.76264],
			"to": [14.24421, 3.099, 12.76264],
			"rotation": {"angle": 45, "axis": "y", "origin": [11.24687, 3.2296, 11.24799]},
			"faces": {
				"north": {"uv": [3.016, 4.516, 3.984, 4.984], "texture": "#1"},
				"east": {"uv": [2.016, 4.516, 2.984, 4.984], "texture": "#1"},
				"south": {"uv": [5.016, 4.516, 5.984, 4.984], "texture": "#1"},
				"west": {"uv": [4.016, 4.516, 4.984, 4.984], "texture": "#1"},
				"up": {"uv": [3.984, 4.484, 3.016, 3.516], "texture": "#1"},
				"down": {"uv": [4.984, 3.516, 4.016, 4.484], "texture": "#1"}
			}
		},
		{
			"name": "face",
			"from": [4.00534, 3.4, 10.66022],
			"to": [6.00534, 4.4, 11.66022],
			"rotation": {"angle": 22.5, "axis": "y", "origin": [4.99687, 3.2296, 10.24799]},
			"faces": {
				"north": {"uv": [6.516, 0.516, 7.484, 0.984], "texture": "#1"},
				"east": {"uv": [6.016, 0.516, 6.484, 0.984], "texture": "#1"},
				"south": {"uv": [8.016, 0.516, 8.984, 0.984], "texture": "#1"},
				"west": {"uv": [7.516, 0.516, 7.984, 0.984], "texture": "#1"},
				"up": {"uv": [7.484, 0.484, 6.516, 0.016], "texture": "#1"},
				"down": {"uv": [8.484, 0.016, 7.516, 0.484], "texture": "#1"}
			}
		},
		{
			"name": "face",
			"from": [3.30534, 3.8, 10.46022],
			"to": [3.80534, 4.3, 10.96022],
			"rotation": {"angle": 22.5, "axis": "y", "origin": [4.99687, 3.2296, 10.24799]},
			"faces": {
				"north": {"uv": [11.016, 0.516, 10.984, 0.484], "texture": "#1"},
				"east": {"uv": [11.016, 0.516, 10.984, 0.484], "texture": "#1"},
				"south": {"uv": [11.016, 0.516, 10.984, 0.484], "texture": "#1"},
				"west": {"uv": [11.016, 0.516, 10.984, 0.484], "texture": "#1"},
				"up": {"uv": [11.016, 0.516, 10.984, 0.484], "texture": "#1"},
				"down": {"uv": [11.016, 0.516, 10.984, 0.484], "texture": "#1"}
			}
		},
		{
			"name": "face",
			"from": [5.44851, 4, 10.94901],
			"to": [5.64851, 4.5, 11.44901],
			"rotation": {"angle": -22.5, "axis": "y", "origin": [4.99687, 3.2296, 10.24799]},
			"faces": {
				"north": {"uv": [11.016, 0.516, 10.984, 0.484], "texture": "#1"},
				"east": {"uv": [11.016, 0.516, 10.984, 0.484], "texture": "#1"},
				"south": {"uv": [11.016, 0.516, 10.984, 0.484], "texture": "#1"},
				"west": {"uv": [11.016, 0.516, 10.984, 0.484], "texture": "#1"},
				"up": {"uv": [11.016, 0.516, 10.984, 0.484], "texture": "#1"},
				"down": {"uv": [11.016, 0.516, 10.984, 0.484], "texture": "#1"}
			}
		},
		{
			"name": "face",
			"from": [4.70534, 4, 10.76022],
			"to": [5.20534, 4.5, 11.26022],
			"rotation": {"angle": 22.5, "axis": "y", "origin": [4.99687, 3.2296, 10.24799]},
			"faces": {
				"north": {"uv": [11.016, 0.516, 10.984, 0.484], "texture": "#1"},
				"east": {"uv": [11.016, 0.516, 10.984, 0.484], "texture": "#1"},
				"south": {"uv": [11.016, 0.516, 10.984, 0.484], "texture": "#1"},
				"west": {"uv": [11.016, 0.516, 10.984, 0.484], "texture": "#1"},
				"up": {"uv": [11.016, 0.516, 10.984, 0.484], "texture": "#1"},
				"down": {"uv": [11.016, 0.516, 10.984, 0.484], "texture": "#1"}
			}
		},
		{
			"name": "face",
			"from": [5.6764, 4, 10.76319],
			"to": [6.1764, 4.5, 10.96319],
			"rotation": {"angle": -22.5, "axis": "y", "origin": [4.99687, 3.2296, 10.24799]},
			"faces": {
				"north": {"uv": [11.016, 0.516, 10.984, 0.484], "texture": "#1"},
				"east": {"uv": [11.016, 0.516, 10.984, 0.484], "texture": "#1"},
				"south": {"uv": [11.016, 0.516, 10.984, 0.484], "texture": "#1"},
				"west": {"uv": [11.016, 0.516, 10.984, 0.484], "texture": "#1"},
				"up": {"uv": [11.016, 0.516, 10.984, 0.484], "rotation": 270, "texture": "#1"},
				"down": {"uv": [11.016, 0.516, 10.984, 0.484], "rotation": 90, "texture": "#1"}
			}
		},
		{
			"name": "face",
			"from": [6.20534, 3.8, 10.46022],
			"to": [6.70534, 4.3, 10.96022],
			"rotation": {"angle": 22.5, "axis": "y", "origin": [4.99687, 3.2296, 10.24799]},
			"faces": {
				"north": {"uv": [11.016, 0.516, 10.984, 0.484], "texture": "#1"},
				"east": {"uv": [11.016, 0.516, 10.984, 0.484], "texture": "#1"},
				"south": {"uv": [11.016, 0.516, 10.984, 0.484], "texture": "#1"},
				"west": {"uv": [11.016, 0.516, 10.984, 0.484], "texture": "#1"},
				"up": {"uv": [11.016, 0.516, 10.984, 0.484], "texture": "#1"},
				"down": {"uv": [11.016, 0.516, 10.984, 0.484], "texture": "#1"}
			}
		},
		{
			"name": "body",
			"from": [3.00534, 3.2, 8.76022],
			"to": [7.00534, 4.2, 12.76022],
			"rotation": {"angle": 22.5, "axis": "y", "origin": [4.99687, 3.2296, 10.24799]},
			"faces": {
				"north": {"uv": [2.016, 2.016, 3.984, 2.484], "texture": "#1"},
				"east": {"uv": [0.016, 2.016, 1.984, 2.484], "texture": "#1"},
				"south": {"uv": [6.016, 2.016, 7.984, 2.484], "texture": "#1"},
				"west": {"uv": [4.016, 2.016, 5.984, 2.484], "texture": "#1"},
				"up": {"uv": [3.984, 1.984, 2.016, 0.016], "texture": "#1"},
				"down": {"uv": [5.984, 0.016, 4.016, 1.984], "texture": "#1"}
			}
		},
		{
			"name": "body",
			"from": [2.01152, 1.099, 9.75065],
			"to": [4.01152, 2.099, 11.75065],
			"shade": false,
			"rotation": {"angle": -22.5, "axis": "y", "origin": [4.99687, 3.2296, 10.24799]},
			"faces": {
				"north": {"uv": [1.984, 6.016, 1.016, 6.484], "texture": "#1"},
				"east": {"uv": [2.984, 6.016, 2.016, 6.484], "texture": "#1"},
				"south": {"uv": [3.984, 6.016, 3.016, 6.484], "texture": "#1"},
				"west": {"uv": [0.984, 6.016, 0.016, 6.484], "texture": "#1"},
				"up": {"uv": [1.016, 5.984, 1.984, 5.016], "texture": "#1"},
				"down": {"uv": [2.016, 5.016, 2.984, 5.984], "texture": "#1"}
			}
		},
		{
			"name": "body",
			"from": [2.01152, 3.099, 9.75065],
			"to": [4.01152, 4.099, 11.75065],
			"shade": false,
			"rotation": {"angle": -22.5, "axis": "y", "origin": [4.99687, 3.2296, 10.24799]},
			"faces": {
				"north": {"uv": [1.984, 6.016, 1.016, 6.484], "texture": "#1"},
				"east": {"uv": [2.984, 6.016, 2.016, 6.484], "texture": "#1"},
				"south": {"uv": [3.984, 6.016, 3.016, 6.484], "texture": "#1"},
				"west": {"uv": [0.984, 6.016, 0.016, 6.484], "texture": "#1"},
				"up": {"uv": [1.016, 5.984, 1.984, 5.016], "texture": "#1"},
				"down": {"uv": [2.016, 5.016, 2.984, 5.984], "texture": "#1"}
			}
		},
		{
			"name": "body",
			"from": [4.51152, 3.099, 7.25065],
			"to": [6.51152, 4.099, 9.25065],
			"rotation": {"angle": -22.5, "axis": "y", "origin": [4.99687, 3.2296, 10.24799]},
			"faces": {
				"north": {"uv": [0.016, 6.016, 0.984, 6.484], "texture": "#1"},
				"east": {"uv": [3.016, 6.016, 3.984, 6.484], "texture": "#1"},
				"south": {"uv": [2.016, 6.016, 2.984, 6.484], "texture": "#1"},
				"west": {"uv": [1.016, 6.016, 1.984, 6.484], "texture": "#1"},
				"up": {"uv": [1.984, 5.984, 1.016, 5.016], "rotation": 270, "texture": "#1"},
				"down": {"uv": [2.984, 5.016, 2.016, 5.984], "rotation": 90, "texture": "#1"}
			}
		},
		{
			"name": "body",
			"from": [4.51152, 1.099, 7.25065],
			"to": [6.51152, 2.099, 9.25065],
			"rotation": {"angle": -22.5, "axis": "y", "origin": [4.99687, 3.2296, 10.24799]},
			"faces": {
				"north": {"uv": [0.016, 6.016, 0.984, 6.484], "texture": "#1"},
				"east": {"uv": [3.016, 6.016, 3.984, 6.484], "texture": "#1"},
				"south": {"uv": [2.016, 6.016, 2.984, 6.484], "texture": "#1"},
				"west": {"uv": [1.016, 6.016, 1.984, 6.484], "texture": "#1"},
				"up": {"uv": [1.984, 5.984, 1.016, 5.016], "rotation": 270, "texture": "#1"},
				"down": {"uv": [2.984, 5.016, 2.016, 5.984], "rotation": 90, "texture": "#1"}
			}
		},
		{
			"name": "body",
			"from": [3.00534, 1.2, 8.76022],
			"to": [7.00534, 2.2, 12.76022],
			"rotation": {"angle": 22.5, "axis": "y", "origin": [4.99687, 3.2296, 10.24799]},
			"faces": {
				"north": {"uv": [2.016, 2.016, 3.984, 2.484], "texture": "#1"},
				"east": {"uv": [0.016, 2.016, 1.984, 2.484], "texture": "#1"},
				"south": {"uv": [6.016, 2.016, 7.984, 2.484], "texture": "#1"},
				"west": {"uv": [4.016, 2.016, 5.984, 2.484], "texture": "#1"},
				"up": {"uv": [3.984, 1.984, 2.016, 0.016], "texture": "#1"},
				"down": {"uv": [5.984, 0.016, 4.016, 1.984], "texture": "#1"}
			}
		},
		{
			"name": "cream",
			"from": [2.01152, 2.099, 9.75065],
			"to": [4.01152, 3.099, 11.75065],
			"rotation": {"angle": -22.5, "axis": "y", "origin": [4.99687, 3.2296, 10.24799]},
			"faces": {
				"north": {"uv": [3.016, 4.516, 3.984, 4.984], "texture": "#1"},
				"east": {"uv": [2.016, 4.516, 2.984, 4.984], "texture": "#1"},
				"south": {"uv": [5.016, 4.516, 5.984, 4.984], "texture": "#1"},
				"west": {"uv": [4.016, 4.516, 4.984, 4.984], "texture": "#1"},
				"up": {"uv": [3.984, 4.484, 3.016, 3.516], "texture": "#1"},
				"down": {"uv": [4.984, 3.516, 4.016, 4.484], "texture": "#1"}
			}
		},
		{
			"name": "cream",
			"from": [3.00534, 2.2, 8.76022],
			"to": [7.00534, 3.2, 12.76022],
			"rotation": {"angle": 22.5, "axis": "y", "origin": [4.99687, 3.2296, 10.24799]},
			"faces": {
				"north": {"uv": [2.016, 4.516, 3.984, 4.984], "texture": "#1"},
				"east": {"uv": [0.016, 4.516, 1.984, 4.984], "texture": "#1"},
				"south": {"uv": [6.016, 4.516, 7.984, 4.984], "texture": "#1"},
				"west": {"uv": [4.016, 4.516, 5.984, 4.984], "texture": "#1"},
				"up": {"uv": [3.984, 4.484, 2.016, 2.516], "texture": "#1"},
				"down": {"uv": [5.984, 2.516, 4.016, 4.484], "texture": "#1"}
			}
		},
		{
			"name": "cream",
			"from": [4.51152, 2.099, 7.25065],
			"to": [6.51152, 3.099, 9.25065],
			"rotation": {"angle": -22.5, "axis": "y", "origin": [4.99687, 3.2296, 10.24799]},
			"faces": {
				"north": {"uv": [2.016, 4.516, 2.984, 4.984], "texture": "#1"},
				"east": {"uv": [5.016, 4.516, 5.984, 4.984], "texture": "#1"},
				"south": {"uv": [4.016, 4.516, 4.984, 4.984], "texture": "#1"},
				"west": {"uv": [3.016, 4.516, 3.984, 4.984], "texture": "#1"},
				"up": {"uv": [3.984, 4.484, 3.016, 3.516], "rotation": 270, "texture": "#1"},
				"down": {"uv": [4.984, 3.516, 4.016, 4.484], "rotation": 90, "texture": "#1"}
			}
		}
	],
	"display": {
		"thirdperson_righthand": {
			"rotation": [65, 0, 0],
			"translation": [-6, 8.25, 4.5]
		},
		"firstperson_righthand": {
			"translation": [-8.5, 2.25, -5]
		},
		"ground": {
			"translation": [0, 4, 0]
		},
		"gui": {
			"rotation": [47, 24, 0],
			"translation": [0, 4, 0]
		},
		"fixed": {
			"rotation": [-90, 0, 0],
			"translation": [0, 0, -15],
			"scale": [2, 2, 2]
		}
	},
	"groups": [
		{
			"name": "tray",
			"origin": [0, 0, 0],
			"color": 0,
			"children": [
				0,
				{
					"name": "tag",
					"origin": [2.5, 1.40086, 8.72434],
					"color": 1,
					"children": [1]
				},
				{
					"name": "bearbread1",
					"origin": [0, 0, 0],
					"color": 0,
					"children": [
						{
							"name": "face",
							"origin": [0, 0, 0],
							"color": 2,
							"children": [2, 3, 4, 5, 6, 7]
						},
						{
							"name": "body",
							"origin": [0, 0, 0],
							"color": 3,
							"children": [
								8,
								9,
								10,
								11,
								12,
								13,
								{
									"name": "cream",
									"origin": [0, 0, 0],
									"color": 4,
									"children": [14, 15, 16]
								}
							]
						}
					]
				},
				{
					"name": "bearbread1",
					"origin": [0, 0, 0],
					"color": 0,
					"children": [
						{
							"name": "face",
							"origin": [0, 0, 0],
							"color": 2,
							"children": [17, 18, 19, 20, 21, 22]
						},
						{
							"name": "body",
							"origin": [0, 0, 0],
							"color": 3,
							"children": [
								23,
								24,
								25,
								26,
								27,
								28,
								{
									"name": "cream",
									"origin": [0, 0, 0],
									"color": 4,
									"children": [29, 30, 31]
								}
							]
						}
					]
				},
				{
					"name": "bearbread1",
					"origin": [0, 0, 0],
					"color": 0,
					"children": [
						{
							"name": "face",
							"origin": [0, 0, 0],
							"color": 2,
							"children": [32, 33, 34, 35, 36, 37]
						},
						{
							"name": "body",
							"origin": [0, 0, 0],
							"color": 3,
							"children": [
								38,
								39,
								40,
								41,
								42,
								43,
								{
									"name": "cream",
									"origin": [0, 0, 0],
									"color": 4,
									"children": [44, 45, 46]
								}
							]
						}
					]
				},
				{
					"name": "bearbread1",
					"origin": [0, 0, 0],
					"color": 0,
					"children": [
						{
							"name": "face",
							"origin": [0, 0, 0],
							"color": 2,
							"children": [47, 48, 49, 50, 51, 52]
						},
						{
							"name": "body",
							"origin": [0, 0, 0],
							"color": 3,
							"children": [
								53,
								54,
								55,
								56,
								57,
								58,
								{
									"name": "cream",
									"origin": [0, 0, 0],
									"color": 4,
									"children": [59, 60, 61]
								}
							]
						}
					]
				}
			]
		}
	]
}