{
	"credit": "Made with Blockbench",
	"textures": {
		"0": "block/emptydisplaytray1",
		"1": "block/bread2",
		"2": "block/bread2_layer",
		"particle": "block/emptydisplaytray1"
	},
	"elements": [
		{
			"name": "tray",
			"from": [1, 0, 1],
			"to": [15, 1, 15],
			"rotation": {"angle": 0, "axis": "y", "origin": [8, 0, 8]},
			"faces": {
				"north": {"uv": [9.016, 6.516, 15.984, 6.984], "texture": "#0"},
				"east": {"uv": [2.516, 14.516, 7.984, 14.984], "texture": "#0"},
				"south": {"uv": [8.516, 2.516, 15.484, 2.984], "texture": "#0"},
				"west": {"uv": [2.516, 14.516, 7.984, 14.984], "texture": "#0"},
				"up": {"uv": [8.516, 2.016, 15.484, 7.484], "texture": "#0"},
				"down": {"uv": [8.516, 2.016, 15.484, 7.484], "texture": "#0"}
			}
		},
		{
			"name": "tag",
			"from": [10, -2.78686, 14.97237],
			"to": [14, -0.78686, 14.97237],
			"rotation": {"angle": -22.5, "axis": "x", "origin": [8, 0, 8]},
			"faces": {
				"north": {"uv": [0.016, 0.016, 1.984, 0.984], "texture": "#0"},
				"east": {"uv": [0.016, 0.016, 0.016, 0.016], "texture": "#0"},
				"south": {"uv": [0.016, 0.016, 1.984, 0.984], "texture": "#0"},
				"west": {"uv": [0.016, 0.016, 0.016, 0.016], "texture": "#0"},
				"up": {"uv": [0.016, 0.016, 0.016, 0.016], "texture": "#0"},
				"down": {"uv": [0.016, 0.016, 0.016, 0.016], "texture": "#0"}
			}
		},
		{
			"from": [9.17225, 1.03962, 13.20387],
			"to": [13.61225, 3.25962, 13.94387],
			"rotation": {"angle": 22.5, "axis": "y", "origin": [11.39225, 2.82408, 10.98387]},
			"faces": {
				"north": {"uv": [6.06, 1.06, 11.94, 3.94], "texture": "#1"},
				"east": {"uv": [9.06, 1.06, 9.94, 3.94], "texture": "#1"},
				"south": {"uv": [6.06, 1.06, 11.94, 3.94], "texture": "#1"},
				"west": {"uv": [8.06, 1.06, 8.94, 3.94], "texture": "#1"},
				"up": {"uv": [5.94, 5.06, 0.06, 5.94], "texture": "#1"},
				"down": {"uv": [6.06, 2.06, 6.94, 7.94], "rotation": 270, "texture": "#1"}
			}
		},
		{
			"from": [9.17225, 1.03962, 8.02387],
			"to": [13.61225, 3.25962, 8.76387],
			"rotation": {"angle": 22.5, "axis": "y", "origin": [11.39225, 2.82408, 10.98387]},
			"faces": {
				"north": {"uv": [6.06, 1.06, 11.94, 3.94], "texture": "#1"},
				"east": {"uv": [6.06, 1.06, 6.94, 3.94], "texture": "#1"},
				"south": {"uv": [6.06, 1.06, 11.94, 3.94], "texture": "#1"},
				"west": {"uv": [8.06, 1.06, 8.94, 3.94], "texture": "#1"},
				"up": {"uv": [5.94, 0.06, 0.06, 0.94], "texture": "#1"},
				"down": {"uv": [11.06, 2.06, 11.94, 7.94], "rotation": 270, "texture": "#1"}
			}
		},
		{
			"from": [8.43225, 1.04702, 8.76387],
			"to": [9.17225, 3.26702, 13.20387],
			"rotation": {"angle": 22.5, "axis": "y", "origin": [11.39225, 2.82408, 10.98387]},
			"faces": {
				"north": {"uv": [11.06, 1.06, 11.94, 3.94], "texture": "#1"},
				"east": {"uv": [6.06, 1.06, 10.94, 3.94], "texture": "#1"},
				"south": {"uv": [8.06, 1.06, 8.94, 3.94], "texture": "#1"},
				"west": {"uv": [6.06, 1.06, 11.94, 3.94], "texture": "#1"},
				"up": {"uv": [5.06, 0.06, 5.94, 5.94], "texture": "#1"},
				"down": {"uv": [8.06, 2.06, 8.94, 7.94], "texture": "#1"}
			}
		},
		{
			"from": [13.61225, 1.04702, 8.76387],
			"to": [14.35225, 3.26702, 13.20387],
			"rotation": {"angle": 22.5, "axis": "y", "origin": [11.39225, 2.82408, 10.98387]},
			"faces": {
				"north": {"uv": [6.06, 1.06, 6.94, 3.94], "texture": "#1"},
				"east": {"uv": [7.06, 1.06, 11.94, 3.94], "texture": "#1"},
				"south": {"uv": [7.06, 1.06, 7.94, 3.94], "texture": "#1"},
				"west": {"uv": [6.06, 1.06, 10.94, 3.94], "texture": "#1"},
				"up": {"uv": [0.06, 0.06, 0.94, 5.94], "texture": "#1"},
				"down": {"uv": [8.06, 2.06, 8.94, 7.94], "texture": "#1"}
			}
		},
		{
			"from": [9.17225, 1.05442, 8.76387],
			"to": [13.61225, 4.01442, 13.20387],
			"rotation": {"angle": 22.5, "axis": "y", "origin": [11.39225, 2.82408, 10.98387]},
			"faces": {
				"north": {"uv": [6.06, 0.06, 11.94, 3.94], "texture": "#1"},
				"east": {"uv": [6.06, 0.06, 11.94, 3.94], "texture": "#1"},
				"south": {"uv": [6.06, 0.06, 11.94, 3.94], "texture": "#1"},
				"west": {"uv": [6.06, 0.06, 11.94, 3.94], "texture": "#1"},
				"up": {"uv": [0.06, 0.06, 5.94, 5.94], "texture": "#1"},
				"down": {"uv": [6, 2, 12, 8], "texture": "#1"}
			}
		},
		{
			"name": "layer",
			"from": [9.17225, 4.16242, 8.76387],
			"to": [13.61225, 4.16242, 13.20387],
			"rotation": {"angle": 22.5, "axis": "y", "origin": [11.39225, 2.82408, 10.98387]},
			"faces": {
				"up": {"uv": [0.06, 0.06, 5.94, 5.94], "texture": "#2"}
			}
		},
		{
			"name": "layer",
			"from": [9.17225, 4.45842, 8.76387],
			"to": [13.61225, 4.45842, 13.20387],
			"rotation": {"angle": 22.5, "axis": "y", "origin": [11.39225, 2.82408, 10.98387]},
			"faces": {
				"up": {"uv": [0.06, 6.06, 5.94, 11.94], "texture": "#2"}
			}
		},
		{
			"from": [8.62474, 1.03962, 2.05297],
			"to": [9.36474, 3.25962, 6.49297],
			"rotation": {"angle": 0, "axis": "y", "origin": [8.96474, 1.38036, 9.00297]},
			"faces": {
				"north": {"uv": [8.06, 1.06, 8.94, 3.94], "texture": "#1"},
				"east": {"uv": [6.06, 1.06, 11.94, 3.94], "texture": "#1"},
				"south": {"uv": [9.06, 1.06, 9.94, 3.94], "texture": "#1"},
				"west": {"uv": [6.06, 1.06, 11.94, 3.94], "texture": "#1"},
				"up": {"uv": [5.94, 5.06, 0.06, 5.94], "rotation": 90, "texture": "#1"},
				"down": {"uv": [6.06, 2.06, 6.94, 7.94], "rotation": 180, "texture": "#1"}
			}
		},
		{
			"from": [13.80474, 1.03962, 2.05297],
			"to": [14.54474, 3.25962, 6.49297],
			"rotation": {"angle": 0, "axis": "y", "origin": [8.96474, 1.38036, 9.00297]},
			"faces": {
				"north": {"uv": [8.06, 1.06, 8.94, 3.94], "texture": "#1"},
				"east": {"uv": [6.06, 1.06, 11.94, 3.94], "texture": "#1"},
				"south": {"uv": [6.06, 1.06, 6.94, 3.94], "texture": "#1"},
				"west": {"uv": [6.06, 1.06, 11.94, 3.94], "texture": "#1"},
				"up": {"uv": [5.94, 0.06, 0.06, 0.94], "rotation": 90, "texture": "#1"},
				"down": {"uv": [11.06, 2.06, 11.94, 7.94], "rotation": 180, "texture": "#1"}
			}
		},
		{
			"from": [9.36474, 1.04702, 1.31297],
			"to": [13.80474, 3.26702, 2.05297],
			"rotation": {"angle": 0, "axis": "y", "origin": [8.96474, 1.38036, 9.00297]},
			"faces": {
				"north": {"uv": [6.06, 1.06, 11.94, 3.94], "texture": "#1"},
				"east": {"uv": [11.06, 1.06, 11.94, 3.94], "texture": "#1"},
				"south": {"uv": [6.06, 1.06, 10.94, 3.94], "texture": "#1"},
				"west": {"uv": [8.06, 1.06, 8.94, 3.94], "texture": "#1"},
				"up": {"uv": [5.06, 0.06, 5.94, 5.94], "rotation": 90, "texture": "#1"},
				"down": {"uv": [8.06, 2.06, 8.94, 7.94], "rotation": 270, "texture": "#1"}
			}
		},
		{
			"from": [9.36474, 1.04702, 6.49297],
			"to": [13.80474, 3.26702, 7.23297],
			"rotation": {"angle": 0, "axis": "y", "origin": [8.96474, 1.38036, 9.00297]},
			"faces": {
				"north": {"uv": [6.06, 1.06, 10.94, 3.94], "texture": "#1"},
				"east": {"uv": [6.06, 1.06, 6.94, 3.94], "texture": "#1"},
				"south": {"uv": [7.06, 1.06, 11.94, 3.94], "texture": "#1"},
				"west": {"uv": [7.06, 1.06, 7.94, 3.94], "texture": "#1"},
				"up": {"uv": [0.06, 0.06, 0.94, 5.94], "rotation": 90, "texture": "#1"},
				"down": {"uv": [8.06, 2.06, 8.94, 7.94], "rotation": 270, "texture": "#1"}
			}
		},
		{
			"from": [9.36474, 1.05442, 2.05297],
			"to": [13.80474, 4.01442, 6.49297],
			"rotation": {"angle": 0, "axis": "y", "origin": [8.96474, 1.38036, 9.00297]},
			"faces": {
				"north": {"uv": [6.06, 0.06, 11.94, 3.94], "texture": "#1"},
				"east": {"uv": [6.06, 0.06, 11.94, 3.94], "texture": "#1"},
				"south": {"uv": [6.06, 0.06, 11.94, 3.94], "texture": "#1"},
				"west": {"uv": [6.06, 0.06, 11.94, 3.94], "texture": "#1"},
				"up": {"uv": [0.06, 0.06, 5.94, 5.94], "rotation": 90, "texture": "#1"},
				"down": {"uv": [6, 2, 12, 8], "rotation": 270, "texture": "#1"}
			}
		},
		{
			"name": "layer",
			"from": [9.36474, 4.16242, 2.05297],
			"to": [13.80474, 4.16242, 6.49297],
			"rotation": {"angle": 0, "axis": "y", "origin": [8.96474, 1.38036, 9.00297]},
			"faces": {
				"up": {"uv": [0.06, 0.06, 5.94, 5.94], "rotation": 90, "texture": "#2"}
			}
		},
		{
			"name": "layer",
			"from": [9.36474, 4.45842, 2.05297],
			"to": [13.80474, 4.45842, 6.49297],
			"rotation": {"angle": 0, "axis": "y", "origin": [8.96474, 3.55842, 9.00297]},
			"faces": {
				"up": {"uv": [0.06, 6.06, 5.94, 11.94], "rotation": 90, "texture": "#2"}
			}
		},
		{
			"from": [2.21474, 1.03962, 8.71297],
			"to": [6.65474, 3.25962, 9.45297],
			"rotation": {"angle": 0, "axis": "y", "origin": [4.68474, 2.82408, 11.67297]},
			"faces": {
				"north": {"uv": [6.06, 1.06, 11.94, 3.94], "texture": "#1"},
				"east": {"uv": [8.06, 1.06, 8.94, 3.94], "texture": "#1"},
				"south": {"uv": [6.06, 1.06, 11.94, 3.94], "texture": "#1"},
				"west": {"uv": [9.06, 1.06, 9.94, 3.94], "texture": "#1"},
				"up": {"uv": [5.94, 5.06, 0.06, 5.94], "rotation": 180, "texture": "#1"},
				"down": {"uv": [6.06, 2.06, 6.94, 7.94], "rotation": 90, "texture": "#1"}
			}
		},
		{
			"from": [2.21474, 1.03962, 13.89297],
			"to": [6.65474, 3.25962, 14.63297],
			"rotation": {"angle": 0, "axis": "y", "origin": [4.68474, 2.82408, 11.67297]},
			"faces": {
				"north": {"uv": [6.06, 1.06, 11.94, 3.94], "texture": "#1"},
				"east": {"uv": [8.06, 1.06, 8.94, 3.94], "texture": "#1"},
				"south": {"uv": [6.06, 1.06, 11.94, 3.94], "texture": "#1"},
				"west": {"uv": [6.06, 1.06, 6.94, 3.94], "texture": "#1"},
				"up": {"uv": [5.94, 0.06, 0.06, 0.94], "rotation": 180, "texture": "#1"},
				"down": {"uv": [11.06, 2.06, 11.94, 7.94], "rotation": 90, "texture": "#1"}
			}
		},
		{
			"from": [6.65474, 1.04702, 9.45297],
			"to": [7.39474, 3.26702, 13.89297],
			"rotation": {"angle": 0, "axis": "y", "origin": [4.68474, 2.82408, 11.67297]},
			"faces": {
				"north": {"uv": [8.06, 1.06, 8.94, 3.94], "texture": "#1"},
				"east": {"uv": [6.06, 1.06, 11.94, 3.94], "texture": "#1"},
				"south": {"uv": [11.06, 1.06, 11.94, 3.94], "texture": "#1"},
				"west": {"uv": [6.06, 1.06, 10.94, 3.94], "texture": "#1"},
				"up": {"uv": [5.06, 0.06, 5.94, 5.94], "rotation": 180, "texture": "#1"},
				"down": {"uv": [8.06, 2.06, 8.94, 7.94], "rotation": 180, "texture": "#1"}
			}
		},
		{
			"from": [1.47474, 1.04702, 9.45297],
			"to": [2.21474, 3.26702, 13.89297],
			"rotation": {"angle": 0, "axis": "y", "origin": [4.68474, 2.82408, 11.67297]},
			"faces": {
				"north": {"uv": [7.06, 1.06, 7.94, 3.94], "texture": "#1"},
				"east": {"uv": [6.06, 1.06, 10.94, 3.94], "texture": "#1"},
				"south": {"uv": [6.06, 1.06, 6.94, 3.94], "texture": "#1"},
				"west": {"uv": [7.06, 1.06, 11.94, 3.94], "texture": "#1"},
				"up": {"uv": [0.06, 0.06, 0.94, 5.94], "rotation": 180, "texture": "#1"},
				"down": {"uv": [8.06, 2.06, 8.94, 7.94], "rotation": 180, "texture": "#1"}
			}
		},
		{
			"from": [2.21474, 1.05442, 9.45297],
			"to": [6.65474, 4.01442, 13.89297],
			"rotation": {"angle": 0, "axis": "y", "origin": [4.68474, 2.82408, 11.67297]},
			"faces": {
				"north": {"uv": [6.06, 0.06, 11.94, 3.94], "texture": "#1"},
				"east": {"uv": [6.06, 0.06, 11.94, 3.94], "texture": "#1"},
				"south": {"uv": [6.06, 0.06, 11.94, 3.94], "texture": "#1"},
				"west": {"uv": [6.06, 0.06, 11.94, 3.94], "texture": "#1"},
				"up": {"uv": [0.06, 0.06, 5.94, 5.94], "rotation": 180, "texture": "#1"},
				"down": {"uv": [6, 2, 12, 8], "rotation": 180, "texture": "#1"}
			}
		},
		{
			"name": "layer",
			"from": [2.21474, 4.16242, 9.45297],
			"to": [6.65474, 4.16242, 13.89297],
			"rotation": {"angle": 0, "axis": "y", "origin": [4.68474, 2.82408, 11.67297]},
			"faces": {
				"up": {"uv": [0.06, 0.06, 5.94, 5.94], "rotation": 180, "texture": "#2"}
			}
		},
		{
			"name": "layer",
			"from": [2.21474, 4.45842, 9.45297],
			"to": [6.65474, 4.45842, 13.89297],
			"rotation": {"angle": 0, "axis": "y", "origin": [4.68474, 2.82408, 11.67297]},
			"faces": {
				"up": {"uv": [0.06, 6.06, 5.94, 11.94], "rotation": 180, "texture": "#2"}
			}
		},
		{
			"from": [2.46474, 1.03962, 1.96297],
			"to": [6.90474, 3.25962, 2.70297],
			"rotation": {"angle": 45, "axis": "y", "origin": [4.43474, 2.82408, 4.67297]},
			"faces": {
				"north": {"uv": [6.06, 1.06, 11.94, 3.94], "texture": "#1"},
				"east": {"uv": [8.06, 1.06, 8.94, 3.94], "texture": "#1"},
				"south": {"uv": [6.06, 1.06, 11.94, 3.94], "texture": "#1"},
				"west": {"uv": [9.06, 1.06, 9.94, 3.94], "texture": "#1"},
				"up": {"uv": [5.94, 5.06, 0.06, 5.94], "rotation": 180, "texture": "#1"},
				"down": {"uv": [6.06, 2.06, 6.94, 7.94], "rotation": 90, "texture": "#1"}
			}
		},
		{
			"from": [2.46474, 1.03962, 7.14297],
			"to": [6.90474, 3.25962, 7.88297],
			"rotation": {"angle": 45, "axis": "y", "origin": [4.43474, 2.82408, 4.67297]},
			"faces": {
				"north": {"uv": [6.06, 1.06, 11.94, 3.94], "texture": "#1"},
				"east": {"uv": [8.06, 1.06, 8.94, 3.94], "texture": "#1"},
				"south": {"uv": [6.06, 1.06, 11.94, 3.94], "texture": "#1"},
				"west": {"uv": [6.06, 1.06, 6.94, 3.94], "texture": "#1"},
				"up": {"uv": [5.94, 0.06, 0.06, 0.94], "rotation": 180, "texture": "#1"},
				"down": {"uv": [11.06, 2.06, 11.94, 7.94], "rotation": 90, "texture": "#1"}
			}
		},
		{
			"from": [6.90474, 1.04702, 2.70297],
			"to": [7.64474, 3.26702, 7.14297],
			"rotation": {"angle": 45, "axis": "y", "origin": [4.43474, 2.82408, 4.67297]},
			"faces": {
				"north": {"uv": [8.06, 1.06, 8.94, 3.94], "texture": "#1"},
				"east": {"uv": [6.06, 1.06, 11.94, 3.94], "texture": "#1"},
				"south": {"uv": [11.06, 1.06, 11.94, 3.94], "texture": "#1"},
				"west": {"uv": [6.06, 1.06, 10.94, 3.94], "texture": "#1"},
				"up": {"uv": [5.06, 0.06, 5.94, 5.94], "rotation": 180, "texture": "#1"},
				"down": {"uv": [8.06, 2.06, 8.94, 7.94], "rotation": 180, "texture": "#1"}
			}
		},
		{
			"from": [1.72474, 1.04702, 2.70297],
			"to": [2.46474, 3.26702, 7.14297],
			"rotation": {"angle": 45, "axis": "y", "origin": [4.43474, 2.82408, 4.67297]},
			"faces": {
				"north": {"uv": [7.06, 1.06, 7.94, 3.94], "texture": "#1"},
				"east": {"uv": [6.06, 1.06, 10.94, 3.94], "texture": "#1"},
				"south": {"uv": [6.06, 1.06, 6.94, 3.94], "texture": "#1"},
				"west": {"uv": [7.06, 1.06, 11.94, 3.94], "texture": "#1"},
				"up": {"uv": [0.06, 0.06, 0.94, 5.94], "rotation": 180, "texture": "#1"},
				"down": {"uv": [8.06, 2.06, 8.94, 7.94], "rotation": 180, "texture": "#1"}
			}
		},
		{
			"from": [2.46474, 1.05442, 2.70297],
			"to": [6.90474, 4.01442, 7.14297],
			"rotation": {"angle": 45, "axis": "y", "origin": [4.43474, 2.82408, 4.67297]},
			"faces": {
				"north": {"uv": [6.06, 0.06, 11.94, 3.94], "texture": "#1"},
				"east": {"uv": [6.06, 0.06, 11.94, 3.94], "texture": "#1"},
				"south": {"uv": [6.06, 0.06, 11.94, 3.94], "texture": "#1"},
				"west": {"uv": [6.06, 0.06, 11.94, 3.94], "texture": "#1"},
				"up": {"uv": [0.06, 0.06, 5.94, 5.94], "rotation": 180, "texture": "#1"},
				"down": {"uv": [6, 2, 12, 8], "rotation": 180, "texture": "#1"}
			}
		},
		{
			"name": "layer",
			"from": [2.46474, 4.16242, 2.70297],
			"to": [6.90474, 4.16242, 7.14297],
			"rotation": {"angle": 45, "axis": "y", "origin": [4.43474, 2.82408, 4.67297]},
			"faces": {
				"up": {"uv": [0.06, 0.06, 5.94, 5.94], "rotation": 180, "texture": "#2"}
			}
		},
		{
			"name": "layer",
			"from": [2.46474, 4.45842, 2.70297],
			"to": [6.90474, 4.45842, 7.14297],
			"rotation": {"angle": 45, "axis": "y", "origin": [4.43474, 2.82408, 4.67297]},
			"faces": {
				"up": {"uv": [0.06, 6.06, 5.94, 11.94], "rotation": 180, "texture": "#2"}
			}
		}
	],
	"display": {
		"thirdperson_righthand": {
			"rotation": [65, 0, 0],
			"translation": [-6, 8.25, 4.5]
		},
		"firstperson_righthand": {
			"translation": [-8.5, 2.25, -5]
		},
		"ground": {
			"translation": [0, 4, 0]
		},
		"gui": {
			"rotation": [47, 24, 0],
			"translation": [0, 4, 0]
		},
		"fixed": {
			"rotation": [-90, 0, 0],
			"translation": [0, 0, -15],
			"scale": [2, 2, 2]
		}
	},
	"groups": [
		{
			"name": "tray",
			"origin": [0, 0, 0],
			"color": 0,
			"children": [
				0,
				{
					"name": "tag",
					"origin": [2.5, 1.40086, 8.72434],
					"color": 1,
					"children": [1]
				},
				{
					"name": "bread2",
					"origin": [8, 8, 8],
					"color": 0,
					"children": [2, 3, 4, 5, 6, 7, 8]
				},
				{
					"name": "bread2",
					"origin": [8, 8, 8],
					"color": 0,
					"children": [9, 10, 11, 12, 13, 14, 15]
				},
				{
					"name": "bread2",
					"origin": [8, 8, 8],
					"color": 0,
					"children": [16, 17, 18, 19, 20, 21, 22]
				},
				{
					"name": "bread2",
					"origin": [8, 8, 8],
					"color": 0,
					"children": [23, 24, 25, 26, 27, 28, 29]
				}
			]
		}
	]
}