{
	"credit": "Made with Blockbench",
	"parent": "breadbasket1a",
	"texture_size": [32, 32],
	"textures": {
		"0": "block/breadbasket",
		"1": "block/bearbread",
		"particle": "block/bearbread"
	},
	"elements": [
		{
			"name": "basket",
			"from": [2.06638, 2.9882, -0.07151],
			"to": [14.06638, 3.9882, 11.92849],
			"rotation": {"angle": -22.5, "axis": "x", "origin": [8, 6.48623, 6.95]},
			"faces": {
				"north": {"uv": [9.016, 3.016, 11.984, 3.25], "texture": "#0"},
				"east": {"uv": [6.016, 3.016, 8.984, 3.25], "texture": "#0"},
				"south": {"uv": [3.016, 3.016, 5.984, 3.25], "texture": "#0"},
				"west": {"uv": [0.016, 3.016, 2.984, 3.25], "texture": "#0"},
				"up": {"uv": [5.984, 2.984, 3.016, 0.016], "rotation": 180, "texture": "#0"},
				"down": {"uv": [8.984, 0.016, 6.016, 2.984], "rotation": 180, "texture": "#0"}
			}
		},
		{
			"name": "basket",
			"from": [1.06638, 2.9882, -1.07151],
			"to": [2.06638, 7.9882, 12.92849],
			"rotation": {"angle": -22.5, "axis": "x", "origin": [8, 6.48623, 6.95]},
			"faces": {
				"north": {"uv": [11.25, 8.016, 11.484, 9.25], "texture": "#0"},
				"east": {"uv": [7.75, 8.016, 11.25, 9.25], "texture": "#0"},
				"south": {"uv": [7.516, 8.016, 7.75, 9.25], "texture": "#0"},
				"west": {"uv": [4.016, 8.016, 7.484, 9.25], "texture": "#0"},
				"up": {"uv": [7.75, 7.984, 7.516, 4.516], "rotation": 180, "texture": "#0"},
				"down": {"uv": [7.984, 4.516, 7.75, 7.984], "rotation": 180, "texture": "#0"}
			}
		},
		{
			"name": "basket",
			"from": [14.06638, 2.9882, -1.07151],
			"to": [15.06638, 7.9882, 12.92849],
			"rotation": {"angle": -22.5, "axis": "x", "origin": [8, 6.48623, 6.95]},
			"faces": {
				"north": {"uv": [7.25, 6.75, 7.484, 7.984], "texture": "#0"},
				"east": {"uv": [3.75, 6.75, 7.25, 7.984], "texture": "#0"},
				"south": {"uv": [3.516, 6.75, 3.75, 7.984], "texture": "#0"},
				"west": {"uv": [0.016, 6.75, 3.484, 7.984], "texture": "#0"},
				"up": {"uv": [3.75, 6.75, 3.516, 3.25], "rotation": 180, "texture": "#0"},
				"down": {"uv": [3.984, 3.25, 3.75, 6.75], "rotation": 180, "texture": "#0"}
			}
		},
		{
			"name": "basketfront",
			"from": [2.06638, 2.9882, -1.07151],
			"to": [14.06638, 7.9882, -0.07151],
			"rotation": {"angle": -22.5, "axis": "x", "origin": [8, 6.48623, 6.95]},
			"faces": {
				"north": {"uv": [11.516, 5.016, 14.484, 6.25], "texture": "#0"},
				"east": {"uv": [11.25, 5.016, 11.484, 6.25], "texture": "#0"},
				"south": {"uv": [8.25, 5.016, 11.25, 6.25], "texture": "#0"},
				"west": {"uv": [8.016, 5.016, 8.25, 6.25], "texture": "#0"},
				"up": {"uv": [11.25, 4.984, 8.25, 4.75], "rotation": 180, "texture": "#0"},
				"down": {"uv": [14.25, 4.75, 11.25, 4.984], "rotation": 180, "texture": "#0"}
			}
		},
		{
			"name": "basketback",
			"from": [2.06638, 2.9882, 11.92849],
			"to": [14.06638, 7.9882, 12.92849],
			"rotation": {"angle": -22.5, "axis": "x", "origin": [8, 6.48623, 6.95]},
			"faces": {
				"north": {"uv": [11.516, 3.516, 14.484, 4.75], "texture": "#0"},
				"east": {"uv": [11.25, 3.516, 11.484, 4.75], "texture": "#0"},
				"south": {"uv": [8.25, 3.516, 11.25, 4.75], "texture": "#0"},
				"west": {"uv": [8.016, 3.516, 8.25, 4.75], "texture": "#0"},
				"up": {"uv": [11.25, 3.484, 8.25, 3.25], "rotation": 180, "texture": "#0"},
				"down": {"uv": [14.25, 3.25, 11.25, 3.484], "rotation": 180, "texture": "#0"}
			}
		},
		{
			"name": "log",
			"from": [0.56638, 0.1, 10.95427],
			"to": [15.56638, 4.1, 14.95427],
			"rotation": {"angle": 0, "axis": "x", "origin": [8, 6.48623, 6.95]},
			"faces": {
				"north": {"uv": [5.25, 11.25, 8.984, 11.984], "texture": "#0"},
				"east": {"uv": [4.516, 11.25, 5.25, 11.984], "texture": "#0"},
				"south": {"uv": [0.75, 11.25, 4.484, 11.984], "texture": "#0"},
				"west": {"uv": [0.016, 11.25, 0.75, 11.984], "texture": "#0"},
				"up": {"uv": [4.484, 11.25, 0.75, 10.516], "rotation": 180, "texture": "#0"},
				"down": {"uv": [8.25, 10.516, 4.516, 11.25], "rotation": 180, "texture": "#0"}
			}
		},
		{
			"name": "face",
			"from": [4.09365, 7.71802, 6.9272],
			"to": [6.09365, 8.71802, 7.9272],
			"rotation": {"angle": 0, "axis": "y", "origin": [5.1, 9.1272, 8.7]},
			"faces": {
				"north": {"uv": [7.484, 0.484, 6.516, 0.016], "texture": "#1"},
				"east": {"uv": [7.516, 0.516, 7.984, 0.984], "rotation": 90, "texture": "#1"},
				"south": {"uv": [8.484, 0.016, 7.516, 0.484], "rotation": 180, "texture": "#1"},
				"west": {"uv": [6.016, 0.516, 6.484, 0.984], "rotation": 270, "texture": "#1"},
				"up": {"uv": [6.516, 0.516, 7.484, 0.984], "texture": "#1"},
				"down": {"uv": [8.016, 0.516, 8.984, 0.984], "rotation": 180, "texture": "#1"}
			}
		},
		{
			"name": "face",
			"from": [6.29365, 8.41802, 7.0272],
			"to": [6.79365, 8.91802, 7.5272],
			"rotation": {"angle": 0, "axis": "y", "origin": [5.1, 9.1272, 8.7]},
			"faces": {
				"north": {"uv": [11.016, 0.516, 10.984, 0.484], "texture": "#1"},
				"east": {"uv": [11.016, 0.516, 10.984, 0.484], "rotation": 90, "texture": "#1"},
				"south": {"uv": [11.016, 0.516, 10.984, 0.484], "rotation": 180, "texture": "#1"},
				"west": {"uv": [11.016, 0.516, 10.984, 0.484], "rotation": 270, "texture": "#1"},
				"up": {"uv": [11.016, 0.516, 10.984, 0.484], "texture": "#1"},
				"down": {"uv": [11.016, 0.516, 10.984, 0.484], "rotation": 180, "texture": "#1"}
			}
		},
		{
			"name": "face",
			"from": [5.80036, 8.47922, 6.8272],
			"to": [6.30036, 8.67922, 7.3272],
			"rotation": {"angle": -45, "axis": "z", "origin": [5.1, 9.1272, 8.7]},
			"faces": {
				"north": {"uv": [11.016, 0.516, 10.984, 0.484], "rotation": 90, "texture": "#1"},
				"east": {"uv": [11.016, 0.516, 10.984, 0.484], "rotation": 90, "texture": "#1"},
				"south": {"uv": [11.016, 0.516, 10.984, 0.484], "rotation": 90, "texture": "#1"},
				"west": {"uv": [11.016, 0.516, 10.984, 0.484], "rotation": 270, "texture": "#1"},
				"up": {"uv": [11.016, 0.516, 10.984, 0.484], "texture": "#1"},
				"down": {"uv": [11.016, 0.516, 10.984, 0.484], "rotation": 180, "texture": "#1"}
			}
		},
		{
			"name": "face",
			"from": [4.89365, 8.11802, 6.8272],
			"to": [5.39365, 8.61802, 7.3272],
			"rotation": {"angle": 0, "axis": "y", "origin": [5.1, 9.1272, 8.7]},
			"faces": {
				"north": {"uv": [11.016, 0.516, 10.984, 0.484], "texture": "#1"},
				"east": {"uv": [11.016, 0.516, 10.984, 0.484], "rotation": 90, "texture": "#1"},
				"south": {"uv": [11.016, 0.516, 10.984, 0.484], "rotation": 180, "texture": "#1"},
				"west": {"uv": [11.016, 0.516, 10.984, 0.484], "rotation": 270, "texture": "#1"},
				"up": {"uv": [11.016, 0.516, 10.984, 0.484], "texture": "#1"},
				"down": {"uv": [11.016, 0.516, 10.984, 0.484], "rotation": 180, "texture": "#1"}
			}
		},
		{
			"name": "face",
			"from": [5.61454, 7.95133, 6.8272],
			"to": [5.81454, 8.45133, 7.3272],
			"rotation": {"angle": -45, "axis": "z", "origin": [5.1, 9.1272, 8.7]},
			"faces": {
				"north": {"uv": [11.016, 0.516, 10.984, 0.484], "texture": "#1"},
				"east": {"uv": [11.016, 0.516, 10.984, 0.484], "rotation": 90, "texture": "#1"},
				"south": {"uv": [11.016, 0.516, 10.984, 0.484], "rotation": 180, "texture": "#1"},
				"west": {"uv": [11.016, 0.516, 10.984, 0.484], "rotation": 270, "texture": "#1"},
				"up": {"uv": [11.016, 0.516, 10.984, 0.484], "texture": "#1"},
				"down": {"uv": [11.016, 0.516, 10.984, 0.484], "rotation": 180, "texture": "#1"}
			}
		},
		{
			"name": "face",
			"from": [3.39365, 8.41802, 7.0272],
			"to": [3.89365, 8.91802, 7.5272],
			"rotation": {"angle": 0, "axis": "y", "origin": [5.1, 9.1272, 8.7]},
			"faces": {
				"north": {"uv": [11.016, 0.516, 10.984, 0.484], "texture": "#1"},
				"east": {"uv": [11.016, 0.516, 10.984, 0.484], "rotation": 90, "texture": "#1"},
				"south": {"uv": [11.016, 0.516, 10.984, 0.484], "rotation": 180, "texture": "#1"},
				"west": {"uv": [11.016, 0.516, 10.984, 0.484], "rotation": 270, "texture": "#1"},
				"up": {"uv": [11.016, 0.516, 10.984, 0.484], "texture": "#1"},
				"down": {"uv": [11.016, 0.516, 10.984, 0.484], "rotation": 180, "texture": "#1"}
			}
		},
		{
			"name": "body",
			"from": [3.09365, 6.61802, 7.1272],
			"to": [7.09365, 10.61802, 8.1272],
			"rotation": {"angle": 0, "axis": "y", "origin": [5.1, 9.1272, 8.7]},
			"faces": {
				"north": {"uv": [3.984, 1.984, 2.016, 0.016], "texture": "#1"},
				"east": {"uv": [4.016, 2.016, 5.984, 2.484], "rotation": 90, "texture": "#1"},
				"south": {"uv": [5.984, 0.016, 4.016, 1.984], "rotation": 180, "texture": "#1"},
				"west": {"uv": [0.016, 2.016, 1.984, 2.484], "rotation": 270, "texture": "#1"},
				"up": {"uv": [2.016, 2.016, 3.984, 2.484], "texture": "#1"},
				"down": {"uv": [6.016, 2.016, 7.984, 2.484], "rotation": 180, "texture": "#1"}
			}
		},
		{
			"name": "body",
			"from": [4.602, 10.11621, 9.2282],
			"to": [6.602, 12.11621, 10.2282],
			"shade": false,
			"rotation": {"angle": -45, "axis": "z", "origin": [5.1, 9.1272, 8.7]},
			"faces": {
				"north": {"uv": [1.016, 5.984, 1.984, 5.016], "rotation": 90, "texture": "#1"},
				"east": {"uv": [3.984, 6.016, 3.016, 6.484], "rotation": 90, "texture": "#1"},
				"south": {"uv": [2.016, 5.016, 2.984, 5.984], "rotation": 90, "texture": "#1"},
				"west": {"uv": [1.984, 6.016, 1.016, 6.484], "rotation": 270, "texture": "#1"},
				"up": {"uv": [0.984, 6.016, 0.016, 6.484], "texture": "#1"},
				"down": {"uv": [2.984, 6.016, 2.016, 6.484], "rotation": 180, "texture": "#1"}
			}
		},
		{
			"name": "body",
			"from": [4.602, 10.11621, 7.2282],
			"to": [6.602, 12.11621, 8.2282],
			"shade": false,
			"rotation": {"angle": -45, "axis": "z", "origin": [5.1, 9.1272, 8.7]},
			"faces": {
				"north": {"uv": [1.016, 5.984, 1.984, 5.016], "rotation": 90, "texture": "#1"},
				"east": {"uv": [3.984, 6.016, 3.016, 6.484], "rotation": 90, "texture": "#1"},
				"south": {"uv": [2.016, 5.016, 2.984, 5.984], "rotation": 90, "texture": "#1"},
				"west": {"uv": [1.984, 6.016, 1.016, 6.484], "rotation": 270, "texture": "#1"},
				"up": {"uv": [0.984, 6.016, 0.016, 6.484], "texture": "#1"},
				"down": {"uv": [2.984, 6.016, 2.016, 6.484], "rotation": 180, "texture": "#1"}
			}
		},
		{
			"name": "body",
			"from": [2.102, 7.61621, 7.2282],
			"to": [4.102, 9.61621, 8.2282],
			"rotation": {"angle": -45, "axis": "z", "origin": [5.1, 9.1272, 8.7]},
			"faces": {
				"north": {"uv": [1.984, 5.984, 1.016, 5.016], "texture": "#1"},
				"east": {"uv": [2.016, 6.016, 2.984, 6.484], "rotation": 90, "texture": "#1"},
				"south": {"uv": [2.984, 5.016, 2.016, 5.984], "rotation": 180, "texture": "#1"},
				"west": {"uv": [0.016, 6.016, 0.984, 6.484], "rotation": 270, "texture": "#1"},
				"up": {"uv": [1.016, 6.016, 1.984, 6.484], "texture": "#1"},
				"down": {"uv": [3.016, 6.016, 3.984, 6.484], "rotation": 180, "texture": "#1"}
			}
		},
		{
			"name": "body",
			"from": [2.102, 7.61621, 9.2282],
			"to": [4.102, 9.61621, 10.2282],
			"rotation": {"angle": -45, "axis": "z", "origin": [5.1, 9.1272, 8.7]},
			"faces": {
				"north": {"uv": [1.984, 5.984, 1.016, 5.016], "texture": "#1"},
				"east": {"uv": [2.016, 6.016, 2.984, 6.484], "rotation": 90, "texture": "#1"},
				"south": {"uv": [2.984, 5.016, 2.016, 5.984], "rotation": 180, "texture": "#1"},
				"west": {"uv": [0.016, 6.016, 0.984, 6.484], "rotation": 270, "texture": "#1"},
				"up": {"uv": [1.016, 6.016, 1.984, 6.484], "texture": "#1"},
				"down": {"uv": [3.016, 6.016, 3.984, 6.484], "rotation": 180, "texture": "#1"}
			}
		},
		{
			"name": "body",
			"from": [3.09365, 6.61802, 9.1272],
			"to": [7.09365, 10.61802, 10.1272],
			"rotation": {"angle": 0, "axis": "y", "origin": [5.1, 9.1272, 8.7]},
			"faces": {
				"north": {"uv": [3.984, 1.984, 2.016, 0.016], "texture": "#1"},
				"east": {"uv": [4.016, 2.016, 5.984, 2.484], "rotation": 90, "texture": "#1"},
				"south": {"uv": [5.984, 0.016, 4.016, 1.984], "rotation": 180, "texture": "#1"},
				"west": {"uv": [0.016, 2.016, 1.984, 2.484], "rotation": 270, "texture": "#1"},
				"up": {"uv": [2.016, 2.016, 3.984, 2.484], "texture": "#1"},
				"down": {"uv": [6.016, 2.016, 7.984, 2.484], "rotation": 180, "texture": "#1"}
			}
		},
		{
			"name": "cream",
			"from": [4.602, 10.11621, 8.2282],
			"to": [6.602, 12.11621, 9.2282],
			"rotation": {"angle": -45, "axis": "z", "origin": [5.1, 9.1272, 8.7]},
			"faces": {
				"north": {"uv": [3.984, 4.484, 3.016, 3.516], "rotation": 90, "texture": "#1"},
				"east": {"uv": [5.016, 4.516, 5.984, 4.984], "rotation": 90, "texture": "#1"},
				"south": {"uv": [4.984, 3.516, 4.016, 4.484], "rotation": 90, "texture": "#1"},
				"west": {"uv": [3.016, 4.516, 3.984, 4.984], "rotation": 270, "texture": "#1"},
				"up": {"uv": [4.016, 4.516, 4.984, 4.984], "texture": "#1"},
				"down": {"uv": [2.016, 4.516, 2.984, 4.984], "rotation": 180, "texture": "#1"}
			}
		},
		{
			"name": "cream",
			"from": [3.09365, 6.61802, 8.1272],
			"to": [7.09365, 10.61802, 9.1272],
			"rotation": {"angle": 0, "axis": "y", "origin": [5.1, 9.1272, 8.7]},
			"faces": {
				"north": {"uv": [3.984, 4.484, 2.016, 2.516], "texture": "#1"},
				"east": {"uv": [4.016, 4.516, 5.984, 4.984], "rotation": 90, "texture": "#1"},
				"south": {"uv": [5.984, 2.516, 4.016, 4.484], "rotation": 180, "texture": "#1"},
				"west": {"uv": [0.016, 4.516, 1.984, 4.984], "rotation": 270, "texture": "#1"},
				"up": {"uv": [2.016, 4.516, 3.984, 4.984], "texture": "#1"},
				"down": {"uv": [6.016, 4.516, 7.984, 4.984], "rotation": 180, "texture": "#1"}
			}
		},
		{
			"name": "cream",
			"from": [2.102, 7.61621, 8.2282],
			"to": [4.102, 9.61621, 9.2282],
			"rotation": {"angle": -45, "axis": "z", "origin": [5.1, 9.1272, 8.7]},
			"faces": {
				"north": {"uv": [3.984, 4.484, 3.016, 3.516], "texture": "#1"},
				"east": {"uv": [4.016, 4.516, 4.984, 4.984], "rotation": 90, "texture": "#1"},
				"south": {"uv": [4.984, 3.516, 4.016, 4.484], "rotation": 180, "texture": "#1"},
				"west": {"uv": [2.016, 4.516, 2.984, 4.984], "rotation": 270, "texture": "#1"},
				"up": {"uv": [3.016, 4.516, 3.984, 4.984], "texture": "#1"},
				"down": {"uv": [5.016, 4.516, 5.984, 4.984], "rotation": 180, "texture": "#1"}
			}
		},
		{
			"name": "face",
			"from": [9.74365, 6.46802, 5.6772],
			"to": [11.74365, 7.46802, 6.6772],
			"rotation": {"angle": 0, "axis": "y", "origin": [10.75, 7.8772, 7.45]},
			"faces": {
				"north": {"uv": [7.484, 0.484, 6.516, 0.016], "texture": "#1"},
				"east": {"uv": [7.516, 0.516, 7.984, 0.984], "rotation": 90, "texture": "#1"},
				"south": {"uv": [8.484, 0.016, 7.516, 0.484], "rotation": 180, "texture": "#1"},
				"west": {"uv": [6.016, 0.516, 6.484, 0.984], "rotation": 270, "texture": "#1"},
				"up": {"uv": [6.516, 0.516, 7.484, 0.984], "texture": "#1"},
				"down": {"uv": [8.016, 0.516, 8.984, 0.984], "rotation": 180, "texture": "#1"}
			}
		},
		{
			"name": "face",
			"from": [11.94365, 7.16802, 5.7772],
			"to": [12.44365, 7.66802, 6.2772],
			"rotation": {"angle": 0, "axis": "y", "origin": [10.75, 7.8772, 7.45]},
			"faces": {
				"north": {"uv": [11.016, 0.516, 10.984, 0.484], "texture": "#1"},
				"east": {"uv": [11.016, 0.516, 10.984, 0.484], "rotation": 90, "texture": "#1"},
				"south": {"uv": [11.016, 0.516, 10.984, 0.484], "rotation": 180, "texture": "#1"},
				"west": {"uv": [11.016, 0.516, 10.984, 0.484], "rotation": 270, "texture": "#1"},
				"up": {"uv": [11.016, 0.516, 10.984, 0.484], "texture": "#1"},
				"down": {"uv": [11.016, 0.516, 10.984, 0.484], "rotation": 180, "texture": "#1"}
			}
		},
		{
			"name": "face",
			"from": [11.45036, 7.22922, 5.5772],
			"to": [11.95036, 7.42922, 6.0772],
			"rotation": {"angle": -45, "axis": "z", "origin": [10.75, 7.8772, 7.45]},
			"faces": {
				"north": {"uv": [11.016, 0.516, 10.984, 0.484], "rotation": 90, "texture": "#1"},
				"east": {"uv": [11.016, 0.516, 10.984, 0.484], "rotation": 90, "texture": "#1"},
				"south": {"uv": [11.016, 0.516, 10.984, 0.484], "rotation": 90, "texture": "#1"},
				"west": {"uv": [11.016, 0.516, 10.984, 0.484], "rotation": 270, "texture": "#1"},
				"up": {"uv": [11.016, 0.516, 10.984, 0.484], "texture": "#1"},
				"down": {"uv": [11.016, 0.516, 10.984, 0.484], "rotation": 180, "texture": "#1"}
			}
		},
		{
			"name": "face",
			"from": [10.54365, 6.86802, 5.5772],
			"to": [11.04365, 7.36802, 6.0772],
			"rotation": {"angle": 0, "axis": "y", "origin": [10.75, 7.8772, 7.45]},
			"faces": {
				"north": {"uv": [11.016, 0.516, 10.984, 0.484], "texture": "#1"},
				"east": {"uv": [11.016, 0.516, 10.984, 0.484], "rotation": 90, "texture": "#1"},
				"south": {"uv": [11.016, 0.516, 10.984, 0.484], "rotation": 180, "texture": "#1"},
				"west": {"uv": [11.016, 0.516, 10.984, 0.484], "rotation": 270, "texture": "#1"},
				"up": {"uv": [11.016, 0.516, 10.984, 0.484], "texture": "#1"},
				"down": {"uv": [11.016, 0.516, 10.984, 0.484], "rotation": 180, "texture": "#1"}
			}
		},
		{
			"name": "face",
			"from": [11.26454, 6.70133, 5.5772],
			"to": [11.46454, 7.20133, 6.0772],
			"rotation": {"angle": -45, "axis": "z", "origin": [10.75, 7.8772, 7.45]},
			"faces": {
				"north": {"uv": [11.016, 0.516, 10.984, 0.484], "texture": "#1"},
				"east": {"uv": [11.016, 0.516, 10.984, 0.484], "rotation": 90, "texture": "#1"},
				"south": {"uv": [11.016, 0.516, 10.984, 0.484], "rotation": 180, "texture": "#1"},
				"west": {"uv": [11.016, 0.516, 10.984, 0.484], "rotation": 270, "texture": "#1"},
				"up": {"uv": [11.016, 0.516, 10.984, 0.484], "texture": "#1"},
				"down": {"uv": [11.016, 0.516, 10.984, 0.484], "rotation": 180, "texture": "#1"}
			}
		},
		{
			"name": "face",
			"from": [9.04365, 7.16802, 5.7772],
			"to": [9.54365, 7.66802, 6.2772],
			"rotation": {"angle": 0, "axis": "y", "origin": [10.75, 7.8772, 7.45]},
			"faces": {
				"north": {"uv": [11.016, 0.516, 10.984, 0.484], "texture": "#1"},
				"east": {"uv": [11.016, 0.516, 10.984, 0.484], "rotation": 90, "texture": "#1"},
				"south": {"uv": [11.016, 0.516, 10.984, 0.484], "rotation": 180, "texture": "#1"},
				"west": {"uv": [11.016, 0.516, 10.984, 0.484], "rotation": 270, "texture": "#1"},
				"up": {"uv": [11.016, 0.516, 10.984, 0.484], "texture": "#1"},
				"down": {"uv": [11.016, 0.516, 10.984, 0.484], "rotation": 180, "texture": "#1"}
			}
		},
		{
			"name": "body",
			"from": [8.74365, 5.36802, 5.8772],
			"to": [12.74365, 9.36802, 6.8772],
			"rotation": {"angle": 0, "axis": "y", "origin": [10.75, 7.8772, 7.45]},
			"faces": {
				"north": {"uv": [3.984, 1.984, 2.016, 0.016], "texture": "#1"},
				"east": {"uv": [4.016, 2.016, 5.984, 2.484], "rotation": 90, "texture": "#1"},
				"south": {"uv": [5.984, 0.016, 4.016, 1.984], "rotation": 180, "texture": "#1"},
				"west": {"uv": [0.016, 2.016, 1.984, 2.484], "rotation": 270, "texture": "#1"},
				"up": {"uv": [2.016, 2.016, 3.984, 2.484], "texture": "#1"},
				"down": {"uv": [6.016, 2.016, 7.984, 2.484], "rotation": 180, "texture": "#1"}
			}
		},
		{
			"name": "body",
			"from": [10.252, 8.86621, 7.9782],
			"to": [12.252, 10.86621, 8.9782],
			"shade": false,
			"rotation": {"angle": -45, "axis": "z", "origin": [10.75, 7.8772, 7.45]},
			"faces": {
				"north": {"uv": [1.016, 5.984, 1.984, 5.016], "rotation": 90, "texture": "#1"},
				"east": {"uv": [3.984, 6.016, 3.016, 6.484], "rotation": 90, "texture": "#1"},
				"south": {"uv": [2.016, 5.016, 2.984, 5.984], "rotation": 90, "texture": "#1"},
				"west": {"uv": [1.984, 6.016, 1.016, 6.484], "rotation": 270, "texture": "#1"},
				"up": {"uv": [0.984, 6.016, 0.016, 6.484], "texture": "#1"},
				"down": {"uv": [2.984, 6.016, 2.016, 6.484], "rotation": 180, "texture": "#1"}
			}
		},
		{
			"name": "body",
			"from": [10.252, 8.86621, 5.9782],
			"to": [12.252, 10.86621, 6.9782],
			"shade": false,
			"rotation": {"angle": -45, "axis": "z", "origin": [10.75, 7.8772, 7.45]},
			"faces": {
				"north": {"uv": [1.016, 5.984, 1.984, 5.016], "rotation": 90, "texture": "#1"},
				"east": {"uv": [3.984, 6.016, 3.016, 6.484], "rotation": 90, "texture": "#1"},
				"south": {"uv": [2.016, 5.016, 2.984, 5.984], "rotation": 90, "texture": "#1"},
				"west": {"uv": [1.984, 6.016, 1.016, 6.484], "rotation": 270, "texture": "#1"},
				"up": {"uv": [0.984, 6.016, 0.016, 6.484], "texture": "#1"},
				"down": {"uv": [2.984, 6.016, 2.016, 6.484], "rotation": 180, "texture": "#1"}
			}
		},
		{
			"name": "body",
			"from": [7.752, 6.36621, 5.9782],
			"to": [9.752, 8.36621, 6.9782],
			"rotation": {"angle": -45, "axis": "z", "origin": [10.75, 7.8772, 7.45]},
			"faces": {
				"north": {"uv": [1.984, 5.984, 1.016, 5.016], "texture": "#1"},
				"east": {"uv": [2.016, 6.016, 2.984, 6.484], "rotation": 90, "texture": "#1"},
				"south": {"uv": [2.984, 5.016, 2.016, 5.984], "rotation": 180, "texture": "#1"},
				"west": {"uv": [0.016, 6.016, 0.984, 6.484], "rotation": 270, "texture": "#1"},
				"up": {"uv": [1.016, 6.016, 1.984, 6.484], "texture": "#1"},
				"down": {"uv": [3.016, 6.016, 3.984, 6.484], "rotation": 180, "texture": "#1"}
			}
		},
		{
			"name": "body",
			"from": [7.752, 6.36621, 7.9782],
			"to": [9.752, 8.36621, 8.9782],
			"rotation": {"angle": -45, "axis": "z", "origin": [10.75, 7.8772, 7.45]},
			"faces": {
				"north": {"uv": [1.984, 5.984, 1.016, 5.016], "texture": "#1"},
				"east": {"uv": [2.016, 6.016, 2.984, 6.484], "rotation": 90, "texture": "#1"},
				"south": {"uv": [2.984, 5.016, 2.016, 5.984], "rotation": 180, "texture": "#1"},
				"west": {"uv": [0.016, 6.016, 0.984, 6.484], "rotation": 270, "texture": "#1"},
				"up": {"uv": [1.016, 6.016, 1.984, 6.484], "texture": "#1"},
				"down": {"uv": [3.016, 6.016, 3.984, 6.484], "rotation": 180, "texture": "#1"}
			}
		},
		{
			"name": "body",
			"from": [8.74365, 5.36802, 7.8772],
			"to": [12.74365, 9.36802, 8.8772],
			"rotation": {"angle": 0, "axis": "y", "origin": [10.75, 7.8772, 7.45]},
			"faces": {
				"north": {"uv": [3.984, 1.984, 2.016, 0.016], "texture": "#1"},
				"east": {"uv": [4.016, 2.016, 5.984, 2.484], "rotation": 90, "texture": "#1"},
				"south": {"uv": [5.984, 0.016, 4.016, 1.984], "rotation": 180, "texture": "#1"},
				"west": {"uv": [0.016, 2.016, 1.984, 2.484], "rotation": 270, "texture": "#1"},
				"up": {"uv": [2.016, 2.016, 3.984, 2.484], "texture": "#1"},
				"down": {"uv": [6.016, 2.016, 7.984, 2.484], "rotation": 180, "texture": "#1"}
			}
		},
		{
			"name": "cream",
			"from": [10.252, 8.86621, 6.9782],
			"to": [12.252, 10.86621, 7.9782],
			"rotation": {"angle": -45, "axis": "z", "origin": [10.75, 7.8772, 7.45]},
			"faces": {
				"north": {"uv": [3.984, 4.484, 3.016, 3.516], "rotation": 90, "texture": "#1"},
				"east": {"uv": [5.016, 4.516, 5.984, 4.984], "rotation": 90, "texture": "#1"},
				"south": {"uv": [4.984, 3.516, 4.016, 4.484], "rotation": 90, "texture": "#1"},
				"west": {"uv": [3.016, 4.516, 3.984, 4.984], "rotation": 270, "texture": "#1"},
				"up": {"uv": [4.016, 4.516, 4.984, 4.984], "texture": "#1"},
				"down": {"uv": [2.016, 4.516, 2.984, 4.984], "rotation": 180, "texture": "#1"}
			}
		},
		{
			"name": "cream",
			"from": [8.74365, 5.36802, 6.8772],
			"to": [12.74365, 9.36802, 7.8772],
			"rotation": {"angle": 0, "axis": "y", "origin": [10.75, 7.8772, 7.45]},
			"faces": {
				"north": {"uv": [3.984, 4.484, 2.016, 2.516], "texture": "#1"},
				"east": {"uv": [4.016, 4.516, 5.984, 4.984], "rotation": 90, "texture": "#1"},
				"south": {"uv": [5.984, 2.516, 4.016, 4.484], "rotation": 180, "texture": "#1"},
				"west": {"uv": [0.016, 4.516, 1.984, 4.984], "rotation": 270, "texture": "#1"},
				"up": {"uv": [2.016, 4.516, 3.984, 4.984], "texture": "#1"},
				"down": {"uv": [6.016, 4.516, 7.984, 4.984], "rotation": 180, "texture": "#1"}
			}
		},
		{
			"name": "cream",
			"from": [7.752, 6.36621, 6.9782],
			"to": [9.752, 8.36621, 7.9782],
			"rotation": {"angle": -45, "axis": "z", "origin": [10.75, 7.8772, 7.45]},
			"faces": {
				"north": {"uv": [3.984, 4.484, 3.016, 3.516], "texture": "#1"},
				"east": {"uv": [4.016, 4.516, 4.984, 4.984], "rotation": 90, "texture": "#1"},
				"south": {"uv": [4.984, 3.516, 4.016, 4.484], "rotation": 180, "texture": "#1"},
				"west": {"uv": [2.016, 4.516, 2.984, 4.984], "rotation": 270, "texture": "#1"},
				"up": {"uv": [3.016, 4.516, 3.984, 4.984], "texture": "#1"},
				"down": {"uv": [5.016, 4.516, 5.984, 4.984], "rotation": 180, "texture": "#1"}
			}
		},
		{
			"name": "face",
			"from": [9.74365, 3.91802, 1.0272],
			"to": [11.74365, 4.91802, 2.0272],
			"rotation": {"angle": 0, "axis": "y", "origin": [10.75, 5.3272, 2.8]},
			"faces": {
				"north": {"uv": [7.484, 0.484, 6.516, 0.016], "texture": "#1"},
				"east": {"uv": [7.516, 0.516, 7.984, 0.984], "rotation": 90, "texture": "#1"},
				"south": {"uv": [8.484, 0.016, 7.516, 0.484], "rotation": 180, "texture": "#1"},
				"west": {"uv": [6.016, 0.516, 6.484, 0.984], "rotation": 270, "texture": "#1"},
				"up": {"uv": [6.516, 0.516, 7.484, 0.984], "texture": "#1"},
				"down": {"uv": [8.016, 0.516, 8.984, 0.984], "rotation": 180, "texture": "#1"}
			}
		},
		{
			"name": "face",
			"from": [11.94365, 4.61802, 1.1272],
			"to": [12.44365, 5.11802, 1.6272],
			"rotation": {"angle": 0, "axis": "y", "origin": [10.75, 5.3272, 2.8]},
			"faces": {
				"north": {"uv": [11.016, 0.516, 10.984, 0.484], "texture": "#1"},
				"east": {"uv": [11.016, 0.516, 10.984, 0.484], "rotation": 90, "texture": "#1"},
				"south": {"uv": [11.016, 0.516, 10.984, 0.484], "rotation": 180, "texture": "#1"},
				"west": {"uv": [11.016, 0.516, 10.984, 0.484], "rotation": 270, "texture": "#1"},
				"up": {"uv": [11.016, 0.516, 10.984, 0.484], "texture": "#1"},
				"down": {"uv": [11.016, 0.516, 10.984, 0.484], "rotation": 180, "texture": "#1"}
			}
		},
		{
			"name": "face",
			"from": [11.45036, 4.67922, 0.9272],
			"to": [11.95036, 4.87922, 1.4272],
			"rotation": {"angle": -45, "axis": "z", "origin": [10.75, 5.3272, 2.8]},
			"faces": {
				"north": {"uv": [11.016, 0.516, 10.984, 0.484], "rotation": 90, "texture": "#1"},
				"east": {"uv": [11.016, 0.516, 10.984, 0.484], "rotation": 90, "texture": "#1"},
				"south": {"uv": [11.016, 0.516, 10.984, 0.484], "rotation": 90, "texture": "#1"},
				"west": {"uv": [11.016, 0.516, 10.984, 0.484], "rotation": 270, "texture": "#1"},
				"up": {"uv": [11.016, 0.516, 10.984, 0.484], "texture": "#1"},
				"down": {"uv": [11.016, 0.516, 10.984, 0.484], "rotation": 180, "texture": "#1"}
			}
		},
		{
			"name": "face",
			"from": [10.54365, 4.31802, 0.9272],
			"to": [11.04365, 4.81802, 1.4272],
			"rotation": {"angle": 0, "axis": "y", "origin": [10.75, 5.3272, 2.8]},
			"faces": {
				"north": {"uv": [11.016, 0.516, 10.984, 0.484], "texture": "#1"},
				"east": {"uv": [11.016, 0.516, 10.984, 0.484], "rotation": 90, "texture": "#1"},
				"south": {"uv": [11.016, 0.516, 10.984, 0.484], "rotation": 180, "texture": "#1"},
				"west": {"uv": [11.016, 0.516, 10.984, 0.484], "rotation": 270, "texture": "#1"},
				"up": {"uv": [11.016, 0.516, 10.984, 0.484], "texture": "#1"},
				"down": {"uv": [11.016, 0.516, 10.984, 0.484], "rotation": 180, "texture": "#1"}
			}
		},
		{
			"name": "face",
			"from": [11.26454, 4.15133, 0.9272],
			"to": [11.46454, 4.65133, 1.4272],
			"rotation": {"angle": -45, "axis": "z", "origin": [10.75, 5.3272, 2.8]},
			"faces": {
				"north": {"uv": [11.016, 0.516, 10.984, 0.484], "texture": "#1"},
				"east": {"uv": [11.016, 0.516, 10.984, 0.484], "rotation": 90, "texture": "#1"},
				"south": {"uv": [11.016, 0.516, 10.984, 0.484], "rotation": 180, "texture": "#1"},
				"west": {"uv": [11.016, 0.516, 10.984, 0.484], "rotation": 270, "texture": "#1"},
				"up": {"uv": [11.016, 0.516, 10.984, 0.484], "texture": "#1"},
				"down": {"uv": [11.016, 0.516, 10.984, 0.484], "rotation": 180, "texture": "#1"}
			}
		},
		{
			"name": "face",
			"from": [9.04365, 4.61802, 1.1272],
			"to": [9.54365, 5.11802, 1.6272],
			"rotation": {"angle": 0, "axis": "y", "origin": [10.75, 5.3272, 2.8]},
			"faces": {
				"north": {"uv": [11.016, 0.516, 10.984, 0.484], "texture": "#1"},
				"east": {"uv": [11.016, 0.516, 10.984, 0.484], "rotation": 90, "texture": "#1"},
				"south": {"uv": [11.016, 0.516, 10.984, 0.484], "rotation": 180, "texture": "#1"},
				"west": {"uv": [11.016, 0.516, 10.984, 0.484], "rotation": 270, "texture": "#1"},
				"up": {"uv": [11.016, 0.516, 10.984, 0.484], "texture": "#1"},
				"down": {"uv": [11.016, 0.516, 10.984, 0.484], "rotation": 180, "texture": "#1"}
			}
		},
		{
			"name": "body",
			"from": [8.74365, 2.81802, 1.2272],
			"to": [12.74365, 6.81802, 2.2272],
			"rotation": {"angle": 0, "axis": "y", "origin": [10.75, 5.3272, 2.8]},
			"faces": {
				"north": {"uv": [3.984, 1.984, 2.016, 0.016], "texture": "#1"},
				"east": {"uv": [4.016, 2.016, 5.984, 2.484], "rotation": 90, "texture": "#1"},
				"south": {"uv": [5.984, 0.016, 4.016, 1.984], "rotation": 180, "texture": "#1"},
				"west": {"uv": [0.016, 2.016, 1.984, 2.484], "rotation": 270, "texture": "#1"},
				"up": {"uv": [2.016, 2.016, 3.984, 2.484], "texture": "#1"},
				"down": {"uv": [6.016, 2.016, 7.984, 2.484], "rotation": 180, "texture": "#1"}
			}
		},
		{
			"name": "body",
			"from": [10.252, 6.31621, 3.3282],
			"to": [12.252, 8.31621, 4.3282],
			"shade": false,
			"rotation": {"angle": -45, "axis": "z", "origin": [10.75, 5.3272, 2.8]},
			"faces": {
				"north": {"uv": [1.016, 5.984, 1.984, 5.016], "rotation": 90, "texture": "#1"},
				"east": {"uv": [3.984, 6.016, 3.016, 6.484], "rotation": 90, "texture": "#1"},
				"south": {"uv": [2.016, 5.016, 2.984, 5.984], "rotation": 90, "texture": "#1"},
				"west": {"uv": [1.984, 6.016, 1.016, 6.484], "rotation": 270, "texture": "#1"},
				"up": {"uv": [0.984, 6.016, 0.016, 6.484], "texture": "#1"},
				"down": {"uv": [2.984, 6.016, 2.016, 6.484], "rotation": 180, "texture": "#1"}
			}
		},
		{
			"name": "body",
			"from": [10.252, 6.31621, 1.3282],
			"to": [12.252, 8.31621, 2.3282],
			"shade": false,
			"rotation": {"angle": -45, "axis": "z", "origin": [10.75, 5.3272, 2.8]},
			"faces": {
				"north": {"uv": [1.016, 5.984, 1.984, 5.016], "rotation": 90, "texture": "#1"},
				"east": {"uv": [3.984, 6.016, 3.016, 6.484], "rotation": 90, "texture": "#1"},
				"south": {"uv": [2.016, 5.016, 2.984, 5.984], "rotation": 90, "texture": "#1"},
				"west": {"uv": [1.984, 6.016, 1.016, 6.484], "rotation": 270, "texture": "#1"},
				"up": {"uv": [0.984, 6.016, 0.016, 6.484], "texture": "#1"},
				"down": {"uv": [2.984, 6.016, 2.016, 6.484], "rotation": 180, "texture": "#1"}
			}
		},
		{
			"name": "body",
			"from": [7.752, 3.81621, 1.3282],
			"to": [9.752, 5.81621, 2.3282],
			"rotation": {"angle": -45, "axis": "z", "origin": [10.75, 5.3272, 2.8]},
			"faces": {
				"north": {"uv": [1.984, 5.984, 1.016, 5.016], "texture": "#1"},
				"east": {"uv": [2.016, 6.016, 2.984, 6.484], "rotation": 90, "texture": "#1"},
				"south": {"uv": [2.984, 5.016, 2.016, 5.984], "rotation": 180, "texture": "#1"},
				"west": {"uv": [0.016, 6.016, 0.984, 6.484], "rotation": 270, "texture": "#1"},
				"up": {"uv": [1.016, 6.016, 1.984, 6.484], "texture": "#1"},
				"down": {"uv": [3.016, 6.016, 3.984, 6.484], "rotation": 180, "texture": "#1"}
			}
		},
		{
			"name": "body",
			"from": [7.752, 3.81621, 3.3282],
			"to": [9.752, 5.81621, 4.3282],
			"rotation": {"angle": -45, "axis": "z", "origin": [10.75, 5.3272, 2.8]},
			"faces": {
				"north": {"uv": [1.984, 5.984, 1.016, 5.016], "texture": "#1"},
				"east": {"uv": [2.016, 6.016, 2.984, 6.484], "rotation": 90, "texture": "#1"},
				"south": {"uv": [2.984, 5.016, 2.016, 5.984], "rotation": 180, "texture": "#1"},
				"west": {"uv": [0.016, 6.016, 0.984, 6.484], "rotation": 270, "texture": "#1"},
				"up": {"uv": [1.016, 6.016, 1.984, 6.484], "texture": "#1"},
				"down": {"uv": [3.016, 6.016, 3.984, 6.484], "rotation": 180, "texture": "#1"}
			}
		},
		{
			"name": "body",
			"from": [8.74365, 2.81802, 3.2272],
			"to": [12.74365, 6.81802, 4.2272],
			"rotation": {"angle": 0, "axis": "y", "origin": [10.75, 5.3272, 2.8]},
			"faces": {
				"north": {"uv": [3.984, 1.984, 2.016, 0.016], "texture": "#1"},
				"east": {"uv": [4.016, 2.016, 5.984, 2.484], "rotation": 90, "texture": "#1"},
				"south": {"uv": [5.984, 0.016, 4.016, 1.984], "rotation": 180, "texture": "#1"},
				"west": {"uv": [0.016, 2.016, 1.984, 2.484], "rotation": 270, "texture": "#1"},
				"up": {"uv": [2.016, 2.016, 3.984, 2.484], "texture": "#1"},
				"down": {"uv": [6.016, 2.016, 7.984, 2.484], "rotation": 180, "texture": "#1"}
			}
		},
		{
			"name": "cream",
			"from": [10.252, 6.31621, 2.3282],
			"to": [12.252, 8.31621, 3.3282],
			"rotation": {"angle": -45, "axis": "z", "origin": [10.75, 5.3272, 2.8]},
			"faces": {
				"north": {"uv": [3.984, 4.484, 3.016, 3.516], "rotation": 90, "texture": "#1"},
				"east": {"uv": [5.016, 4.516, 5.984, 4.984], "rotation": 90, "texture": "#1"},
				"south": {"uv": [4.984, 3.516, 4.016, 4.484], "rotation": 90, "texture": "#1"},
				"west": {"uv": [3.016, 4.516, 3.984, 4.984], "rotation": 270, "texture": "#1"},
				"up": {"uv": [4.016, 4.516, 4.984, 4.984], "texture": "#1"},
				"down": {"uv": [2.016, 4.516, 2.984, 4.984], "rotation": 180, "texture": "#1"}
			}
		},
		{
			"name": "cream",
			"from": [8.74365, 2.81802, 2.2272],
			"to": [12.74365, 6.81802, 3.2272],
			"rotation": {"angle": 0, "axis": "y", "origin": [10.75, 5.3272, 2.8]},
			"faces": {
				"north": {"uv": [3.984, 4.484, 2.016, 2.516], "texture": "#1"},
				"east": {"uv": [4.016, 4.516, 5.984, 4.984], "rotation": 90, "texture": "#1"},
				"south": {"uv": [5.984, 2.516, 4.016, 4.484], "rotation": 180, "texture": "#1"},
				"west": {"uv": [0.016, 4.516, 1.984, 4.984], "rotation": 270, "texture": "#1"},
				"up": {"uv": [2.016, 4.516, 3.984, 4.984], "texture": "#1"},
				"down": {"uv": [6.016, 4.516, 7.984, 4.984], "rotation": 180, "texture": "#1"}
			}
		},
		{
			"name": "cream",
			"from": [7.752, 3.81621, 2.3282],
			"to": [9.752, 5.81621, 3.3282],
			"rotation": {"angle": -45, "axis": "z", "origin": [10.75, 5.3272, 2.8]},
			"faces": {
				"north": {"uv": [3.984, 4.484, 3.016, 3.516], "texture": "#1"},
				"east": {"uv": [4.016, 4.516, 4.984, 4.984], "rotation": 90, "texture": "#1"},
				"south": {"uv": [4.984, 3.516, 4.016, 4.484], "rotation": 180, "texture": "#1"},
				"west": {"uv": [2.016, 4.516, 2.984, 4.984], "rotation": 270, "texture": "#1"},
				"up": {"uv": [3.016, 4.516, 3.984, 4.984], "texture": "#1"},
				"down": {"uv": [5.016, 4.516, 5.984, 4.984], "rotation": 180, "texture": "#1"}
			}
		},
		{
			"name": "face",
			"from": [4.34365, 4.91802, 2.5272],
			"to": [6.34365, 5.91802, 3.5272],
			"rotation": {"angle": 22.5, "axis": "z", "origin": [5.35, 6.3272, 4.3]},
			"faces": {
				"north": {"uv": [7.484, 0.484, 6.516, 0.016], "texture": "#1"},
				"east": {"uv": [7.516, 0.516, 7.984, 0.984], "rotation": 90, "texture": "#1"},
				"south": {"uv": [8.484, 0.016, 7.516, 0.484], "rotation": 180, "texture": "#1"},
				"west": {"uv": [6.016, 0.516, 6.484, 0.984], "rotation": 270, "texture": "#1"},
				"up": {"uv": [6.516, 0.516, 7.484, 0.984], "texture": "#1"},
				"down": {"uv": [8.016, 0.516, 8.984, 0.984], "rotation": 180, "texture": "#1"}
			}
		},
		{
			"name": "face",
			"from": [6.54365, 5.61802, 2.6272],
			"to": [7.04365, 6.11802, 3.1272],
			"rotation": {"angle": 22.5, "axis": "z", "origin": [5.35, 6.3272, 4.3]},
			"faces": {
				"north": {"uv": [11.016, 0.516, 10.984, 0.484], "texture": "#1"},
				"east": {"uv": [11.016, 0.516, 10.984, 0.484], "rotation": 90, "texture": "#1"},
				"south": {"uv": [11.016, 0.516, 10.984, 0.484], "rotation": 180, "texture": "#1"},
				"west": {"uv": [11.016, 0.516, 10.984, 0.484], "rotation": 270, "texture": "#1"},
				"up": {"uv": [11.016, 0.516, 10.984, 0.484], "texture": "#1"},
				"down": {"uv": [11.016, 0.516, 10.984, 0.484], "rotation": 180, "texture": "#1"}
			}
		},
		{
			"name": "face",
			"from": [6.05036, 5.67922, 2.4272],
			"to": [6.55036, 5.87922, 2.9272],
			"rotation": {"angle": -22.5, "axis": "z", "origin": [5.35, 6.3272, 4.3]},
			"faces": {
				"north": {"uv": [11.016, 0.516, 10.984, 0.484], "rotation": 90, "texture": "#1"},
				"east": {"uv": [11.016, 0.516, 10.984, 0.484], "rotation": 90, "texture": "#1"},
				"south": {"uv": [11.016, 0.516, 10.984, 0.484], "rotation": 90, "texture": "#1"},
				"west": {"uv": [11.016, 0.516, 10.984, 0.484], "rotation": 270, "texture": "#1"},
				"up": {"uv": [11.016, 0.516, 10.984, 0.484], "texture": "#1"},
				"down": {"uv": [11.016, 0.516, 10.984, 0.484], "rotation": 180, "texture": "#1"}
			}
		},
		{
			"name": "face",
			"from": [5.14365, 5.31802, 2.4272],
			"to": [5.64365, 5.81802, 2.9272],
			"rotation": {"angle": 22.5, "axis": "z", "origin": [5.35, 6.3272, 4.3]},
			"faces": {
				"north": {"uv": [11.016, 0.516, 10.984, 0.484], "texture": "#1"},
				"east": {"uv": [11.016, 0.516, 10.984, 0.484], "rotation": 90, "texture": "#1"},
				"south": {"uv": [11.016, 0.516, 10.984, 0.484], "rotation": 180, "texture": "#1"},
				"west": {"uv": [11.016, 0.516, 10.984, 0.484], "rotation": 270, "texture": "#1"},
				"up": {"uv": [11.016, 0.516, 10.984, 0.484], "texture": "#1"},
				"down": {"uv": [11.016, 0.516, 10.984, 0.484], "rotation": 180, "texture": "#1"}
			}
		},
		{
			"name": "face",
			"from": [5.86454, 5.15133, 2.4272],
			"to": [6.06454, 5.65133, 2.9272],
			"rotation": {"angle": -22.5, "axis": "z", "origin": [5.35, 6.3272, 4.3]},
			"faces": {
				"north": {"uv": [11.016, 0.516, 10.984, 0.484], "texture": "#1"},
				"east": {"uv": [11.016, 0.516, 10.984, 0.484], "rotation": 90, "texture": "#1"},
				"south": {"uv": [11.016, 0.516, 10.984, 0.484], "rotation": 180, "texture": "#1"},
				"west": {"uv": [11.016, 0.516, 10.984, 0.484], "rotation": 270, "texture": "#1"},
				"up": {"uv": [11.016, 0.516, 10.984, 0.484], "texture": "#1"},
				"down": {"uv": [11.016, 0.516, 10.984, 0.484], "rotation": 180, "texture": "#1"}
			}
		},
		{
			"name": "face",
			"from": [3.64365, 5.61802, 2.6272],
			"to": [4.14365, 6.11802, 3.1272],
			"rotation": {"angle": 22.5, "axis": "z", "origin": [5.35, 6.3272, 4.3]},
			"faces": {
				"north": {"uv": [11.016, 0.516, 10.984, 0.484], "texture": "#1"},
				"east": {"uv": [11.016, 0.516, 10.984, 0.484], "rotation": 90, "texture": "#1"},
				"south": {"uv": [11.016, 0.516, 10.984, 0.484], "rotation": 180, "texture": "#1"},
				"west": {"uv": [11.016, 0.516, 10.984, 0.484], "rotation": 270, "texture": "#1"},
				"up": {"uv": [11.016, 0.516, 10.984, 0.484], "texture": "#1"},
				"down": {"uv": [11.016, 0.516, 10.984, 0.484], "rotation": 180, "texture": "#1"}
			}
		},
		{
			"name": "body",
			"from": [3.34365, 3.81802, 2.7272],
			"to": [7.34365, 7.81802, 3.7272],
			"rotation": {"angle": 22.5, "axis": "z", "origin": [5.35, 6.3272, 4.3]},
			"faces": {
				"north": {"uv": [3.984, 1.984, 2.016, 0.016], "texture": "#1"},
				"east": {"uv": [4.016, 2.016, 5.984, 2.484], "rotation": 90, "texture": "#1"},
				"south": {"uv": [5.984, 0.016, 4.016, 1.984], "rotation": 180, "texture": "#1"},
				"west": {"uv": [0.016, 2.016, 1.984, 2.484], "rotation": 270, "texture": "#1"},
				"up": {"uv": [2.016, 2.016, 3.984, 2.484], "texture": "#1"},
				"down": {"uv": [6.016, 2.016, 7.984, 2.484], "rotation": 180, "texture": "#1"}
			}
		},
		{
			"name": "body",
			"from": [4.852, 7.31621, 4.8282],
			"to": [6.852, 9.31621, 5.8282],
			"shade": false,
			"rotation": {"angle": -22.5, "axis": "z", "origin": [5.35, 6.3272, 4.3]},
			"faces": {
				"north": {"uv": [1.016, 5.984, 1.984, 5.016], "rotation": 90, "texture": "#1"},
				"east": {"uv": [3.984, 6.016, 3.016, 6.484], "rotation": 90, "texture": "#1"},
				"south": {"uv": [2.016, 5.016, 2.984, 5.984], "rotation": 90, "texture": "#1"},
				"west": {"uv": [1.984, 6.016, 1.016, 6.484], "rotation": 270, "texture": "#1"},
				"up": {"uv": [0.984, 6.016, 0.016, 6.484], "texture": "#1"},
				"down": {"uv": [2.984, 6.016, 2.016, 6.484], "rotation": 180, "texture": "#1"}
			}
		},
		{
			"name": "body",
			"from": [4.852, 7.31621, 2.8282],
			"to": [6.852, 9.31621, 3.8282],
			"shade": false,
			"rotation": {"angle": -22.5, "axis": "z", "origin": [5.35, 6.3272, 4.3]},
			"faces": {
				"north": {"uv": [1.016, 5.984, 1.984, 5.016], "rotation": 90, "texture": "#1"},
				"east": {"uv": [3.984, 6.016, 3.016, 6.484], "rotation": 90, "texture": "#1"},
				"south": {"uv": [2.016, 5.016, 2.984, 5.984], "rotation": 90, "texture": "#1"},
				"west": {"uv": [1.984, 6.016, 1.016, 6.484], "rotation": 270, "texture": "#1"},
				"up": {"uv": [0.984, 6.016, 0.016, 6.484], "texture": "#1"},
				"down": {"uv": [2.984, 6.016, 2.016, 6.484], "rotation": 180, "texture": "#1"}
			}
		},
		{
			"name": "body",
			"from": [2.352, 4.81621, 2.8282],
			"to": [4.352, 6.81621, 3.8282],
			"rotation": {"angle": -22.5, "axis": "z", "origin": [5.35, 6.3272, 4.3]},
			"faces": {
				"north": {"uv": [1.984, 5.984, 1.016, 5.016], "texture": "#1"},
				"east": {"uv": [2.016, 6.016, 2.984, 6.484], "rotation": 90, "texture": "#1"},
				"south": {"uv": [2.984, 5.016, 2.016, 5.984], "rotation": 180, "texture": "#1"},
				"west": {"uv": [0.016, 6.016, 0.984, 6.484], "rotation": 270, "texture": "#1"},
				"up": {"uv": [1.016, 6.016, 1.984, 6.484], "texture": "#1"},
				"down": {"uv": [3.016, 6.016, 3.984, 6.484], "rotation": 180, "texture": "#1"}
			}
		},
		{
			"name": "body",
			"from": [2.352, 4.81621, 4.8282],
			"to": [4.352, 6.81621, 5.8282],
			"rotation": {"angle": -22.5, "axis": "z", "origin": [5.35, 6.3272, 4.3]},
			"faces": {
				"north": {"uv": [1.984, 5.984, 1.016, 5.016], "texture": "#1"},
				"east": {"uv": [2.016, 6.016, 2.984, 6.484], "rotation": 90, "texture": "#1"},
				"south": {"uv": [2.984, 5.016, 2.016, 5.984], "rotation": 180, "texture": "#1"},
				"west": {"uv": [0.016, 6.016, 0.984, 6.484], "rotation": 270, "texture": "#1"},
				"up": {"uv": [1.016, 6.016, 1.984, 6.484], "texture": "#1"},
				"down": {"uv": [3.016, 6.016, 3.984, 6.484], "rotation": 180, "texture": "#1"}
			}
		},
		{
			"name": "body",
			"from": [3.34365, 3.81802, 4.7272],
			"to": [7.34365, 7.81802, 5.7272],
			"rotation": {"angle": 22.5, "axis": "z", "origin": [5.35, 6.3272, 4.3]},
			"faces": {
				"north": {"uv": [3.984, 1.984, 2.016, 0.016], "texture": "#1"},
				"east": {"uv": [4.016, 2.016, 5.984, 2.484], "rotation": 90, "texture": "#1"},
				"south": {"uv": [5.984, 0.016, 4.016, 1.984], "rotation": 180, "texture": "#1"},
				"west": {"uv": [0.016, 2.016, 1.984, 2.484], "rotation": 270, "texture": "#1"},
				"up": {"uv": [2.016, 2.016, 3.984, 2.484], "texture": "#1"},
				"down": {"uv": [6.016, 2.016, 7.984, 2.484], "rotation": 180, "texture": "#1"}
			}
		},
		{
			"name": "cream",
			"from": [4.852, 7.31621, 3.8282],
			"to": [6.852, 9.31621, 4.8282],
			"rotation": {"angle": -22.5, "axis": "z", "origin": [5.35, 6.3272, 4.3]},
			"faces": {
				"north": {"uv": [3.984, 4.484, 3.016, 3.516], "rotation": 90, "texture": "#1"},
				"east": {"uv": [5.016, 4.516, 5.984, 4.984], "rotation": 90, "texture": "#1"},
				"south": {"uv": [4.984, 3.516, 4.016, 4.484], "rotation": 90, "texture": "#1"},
				"west": {"uv": [3.016, 4.516, 3.984, 4.984], "rotation": 270, "texture": "#1"},
				"up": {"uv": [4.016, 4.516, 4.984, 4.984], "texture": "#1"},
				"down": {"uv": [2.016, 4.516, 2.984, 4.984], "rotation": 180, "texture": "#1"}
			}
		},
		{
			"name": "cream",
			"from": [3.34365, 3.81802, 3.7272],
			"to": [7.34365, 7.81802, 4.7272],
			"rotation": {"angle": 22.5, "axis": "z", "origin": [5.35, 6.3272, 4.3]},
			"faces": {
				"north": {"uv": [3.984, 4.484, 2.016, 2.516], "texture": "#1"},
				"east": {"uv": [4.016, 4.516, 5.984, 4.984], "rotation": 90, "texture": "#1"},
				"south": {"uv": [5.984, 2.516, 4.016, 4.484], "rotation": 180, "texture": "#1"},
				"west": {"uv": [0.016, 4.516, 1.984, 4.984], "rotation": 270, "texture": "#1"},
				"up": {"uv": [2.016, 4.516, 3.984, 4.984], "texture": "#1"},
				"down": {"uv": [6.016, 4.516, 7.984, 4.984], "rotation": 180, "texture": "#1"}
			}
		},
		{
			"name": "cream",
			"from": [2.352, 4.81621, 3.8282],
			"to": [4.352, 6.81621, 4.8282],
			"rotation": {"angle": -22.5, "axis": "z", "origin": [5.35, 6.3272, 4.3]},
			"faces": {
				"north": {"uv": [3.984, 4.484, 3.016, 3.516], "texture": "#1"},
				"east": {"uv": [4.016, 4.516, 4.984, 4.984], "rotation": 90, "texture": "#1"},
				"south": {"uv": [4.984, 3.516, 4.016, 4.484], "rotation": 180, "texture": "#1"},
				"west": {"uv": [2.016, 4.516, 2.984, 4.984], "rotation": 270, "texture": "#1"},
				"up": {"uv": [3.016, 4.516, 3.984, 4.984], "texture": "#1"},
				"down": {"uv": [5.016, 4.516, 5.984, 4.984], "rotation": 180, "texture": "#1"}
			}
		}
	],
	"display": {
		"thirdperson_righthand": {
			"rotation": [65, 0, 0],
			"translation": [-6, 5.75, 2]
		},
		"firstperson_righthand": {
			"translation": [-8.5, -1.25, 0]
		},
		"ground": {
			"translation": [0, 4, 0]
		},
		"gui": {
			"rotation": [180, -29, 180]
		},
		"fixed": {
			"rotation": [-90, 0, 0],
			"translation": [0, 0, -15],
			"scale": [2, 2, 2]
		}
	},
	"groups": [
		{
			"name": "bearbasket",
			"origin": [0, 0, 0],
			"color": 0,
			"children": [
				{
					"name": "basket",
					"origin": [0, 0.2, 7],
					"color": 1,
					"children": [
						0,
						1,
						2,
						{
							"name": "basketfront",
							"origin": [0, 0.2, 0],
							"color": 2,
							"children": [3]
						},
						{
							"name": "basketback",
							"origin": [0, 0.2, -13],
							"color": 3,
							"children": [4]
						}
					]
				},
				{
					"name": "log",
					"origin": [0, 0, 0],
					"color": 0,
					"children": [5]
				}
			]
		},
		{
			"name": "bearbread1",
			"origin": [0, 0, 0],
			"color": 0,
			"children": [
				{
					"name": "face",
					"origin": [0, 0, 0],
					"color": 2,
					"children": [6, 7, 8, 9, 10, 11]
				},
				{
					"name": "body",
					"origin": [0, 0, 0],
					"color": 3,
					"children": [
						12,
						13,
						14,
						15,
						16,
						17,
						{
							"name": "cream",
							"origin": [0, 0, 0],
							"color": 4,
							"children": [18, 19, 20]
						}
					]
				}
			]
		},
		{
			"name": "bearbread1",
			"origin": [0, 0, 0],
			"color": 0,
			"children": [
				{
					"name": "face",
					"origin": [0, 0, 0],
					"color": 2,
					"children": [21, 22, 23, 24, 25, 26]
				},
				{
					"name": "body",
					"origin": [0, 0, 0],
					"color": 3,
					"children": [
						27,
						28,
						29,
						30,
						31,
						32,
						{
							"name": "cream",
							"origin": [0, 0, 0],
							"color": 4,
							"children": [33, 34, 35]
						}
					]
				}
			]
		},
		{
			"name": "bearbread1",
			"origin": [0, 0, 0],
			"color": 0,
			"children": [
				{
					"name": "face",
					"origin": [0, 0, 0],
					"color": 2,
					"children": [36, 37, 38, 39, 40, 41]
				},
				{
					"name": "body",
					"origin": [0, 0, 0],
					"color": 3,
					"children": [
						42,
						43,
						44,
						45,
						46,
						47,
						{
							"name": "cream",
							"origin": [0, 0, 0],
							"color": 4,
							"children": [48, 49, 50]
						}
					]
				}
			]
		},
		{
			"name": "bearbread1",
			"origin": [0, 0, 0],
			"color": 0,
			"children": [
				{
					"name": "face",
					"origin": [0, 0, 0],
					"color": 2,
					"children": [51, 52, 53, 54, 55, 56]
				},
				{
					"name": "body",
					"origin": [0, 0, 0],
					"color": 3,
					"children": [
						57,
						58,
						59,
						60,
						61,
						62,
						{
							"name": "cream",
							"origin": [0, 0, 0],
							"color": 4,
							"children": [63, 64, 65]
						}
					]
				}
			]
		}
	]
}