{
	"credit": "Made with Blockbench",
	"parent": "breadbasket1",
	"textures": {
		"0": "block/breadbasket",
		"1": "block/bread2",
		"2": "block/bread2_layer",
		"particle": "block/bread2"
	},
	"elements": [
		{
			"name": "basket",
			"from": [2.06638, -0.0118, 1.92849],
			"to": [14.06638, 0.9882, 13.92849],
			"rotation": {"angle": 0, "axis": "x", "origin": [8, 6.48623, 6.95]},
			"faces": {
				"north": {"uv": [9.016, 3.016, 11.984, 3.25], "texture": "#0"},
				"east": {"uv": [6.016, 3.016, 8.984, 3.25], "texture": "#0"},
				"south": {"uv": [3.016, 3.016, 5.984, 3.25], "texture": "#0"},
				"west": {"uv": [0.016, 3.016, 2.984, 3.25], "texture": "#0"},
				"up": {"uv": [5.984, 2.984, 3.016, 0.016], "rotation": 180, "texture": "#0"},
				"down": {"uv": [8.984, 0.016, 6.016, 2.984], "rotation": 180, "texture": "#0"}
			}
		},
		{
			"name": "basket",
			"from": [1.06638, -0.0118, 0.92849],
			"to": [2.06638, 4.9882, 14.92849],
			"rotation": {"angle": 0, "axis": "x", "origin": [8, 6.48623, 6.95]},
			"faces": {
				"north": {"uv": [11.25, 8.016, 11.484, 9.25], "texture": "#0"},
				"east": {"uv": [7.75, 8.016, 11.25, 9.25], "texture": "#0"},
				"south": {"uv": [7.516, 8.016, 7.75, 9.25], "texture": "#0"},
				"west": {"uv": [4.016, 8.016, 7.484, 9.25], "texture": "#0"},
				"up": {"uv": [7.75, 7.984, 7.516, 4.516], "rotation": 180, "texture": "#0"},
				"down": {"uv": [7.984, 4.516, 7.75, 7.984], "rotation": 180, "texture": "#0"}
			}
		},
		{
			"name": "basket",
			"from": [14.06638, -0.0118, 0.92849],
			"to": [15.06638, 4.9882, 14.92849],
			"rotation": {"angle": 0, "axis": "x", "origin": [8, 6.48623, 6.95]},
			"faces": {
				"north": {"uv": [7.25, 6.75, 7.484, 7.984], "texture": "#0"},
				"east": {"uv": [3.75, 6.75, 7.25, 7.984], "texture": "#0"},
				"south": {"uv": [3.516, 6.75, 3.75, 7.984], "texture": "#0"},
				"west": {"uv": [0.016, 6.75, 3.484, 7.984], "texture": "#0"},
				"up": {"uv": [3.75, 6.75, 3.516, 3.25], "rotation": 180, "texture": "#0"},
				"down": {"uv": [3.984, 3.25, 3.75, 6.75], "rotation": 180, "texture": "#0"}
			}
		},
		{
			"name": "basketfront",
			"from": [2.06638, -0.0118, 0.92849],
			"to": [14.06638, 4.9882, 1.92849],
			"rotation": {"angle": 0, "axis": "x", "origin": [8, 6.48623, 6.95]},
			"faces": {
				"north": {"uv": [11.516, 5.016, 14.484, 6.25], "texture": "#0"},
				"east": {"uv": [11.25, 5.016, 11.484, 6.25], "texture": "#0"},
				"south": {"uv": [8.25, 5.016, 11.25, 6.25], "texture": "#0"},
				"west": {"uv": [8.016, 5.016, 8.25, 6.25], "texture": "#0"},
				"up": {"uv": [11.25, 4.984, 8.25, 4.75], "rotation": 180, "texture": "#0"},
				"down": {"uv": [14.25, 4.75, 11.25, 4.984], "rotation": 180, "texture": "#0"}
			}
		},
		{
			"name": "basketback",
			"from": [2.06638, -0.0118, 13.92849],
			"to": [14.06638, 4.9882, 14.92849],
			"rotation": {"angle": 0, "axis": "x", "origin": [8, 6.48623, 6.95]},
			"faces": {
				"north": {"uv": [11.516, 3.516, 14.484, 4.75], "texture": "#0"},
				"east": {"uv": [11.25, 3.516, 11.484, 4.75], "texture": "#0"},
				"south": {"uv": [8.25, 3.516, 11.25, 4.75], "texture": "#0"},
				"west": {"uv": [8.016, 3.516, 8.25, 4.75], "texture": "#0"},
				"up": {"uv": [11.25, 3.484, 8.25, 3.25], "rotation": 180, "texture": "#0"},
				"down": {"uv": [14.25, 3.25, 11.25, 3.484], "rotation": 180, "texture": "#0"}
			}
		},
		{
			"from": [2.92225, 5.81973, 6.8181],
			"to": [7.36225, 6.55973, 9.0381],
			"rotation": {"angle": 45, "axis": "x", "origin": [8.14225, 5.04644, 8.17058]},
			"faces": {
				"north": {"uv": [5.94, 5.06, 0.06, 5.94], "rotation": 180, "texture": "#1"},
				"east": {"uv": [9.06, 1.06, 9.94, 3.94], "rotation": 90, "texture": "#1"},
				"south": {"uv": [6.06, 2.06, 6.94, 7.94], "rotation": 270, "texture": "#1"},
				"west": {"uv": [8.06, 1.06, 8.94, 3.94], "rotation": 270, "texture": "#1"},
				"up": {"uv": [6.06, 1.06, 11.94, 3.94], "texture": "#1"},
				"down": {"uv": [6.06, 1.06, 11.94, 3.94], "rotation": 180, "texture": "#1"}
			}
		},
		{
			"from": [2.92225, 0.63973, 6.8181],
			"to": [7.36225, 1.37973, 9.0381],
			"rotation": {"angle": 45, "axis": "x", "origin": [8.14225, 5.04644, 8.17058]},
			"faces": {
				"north": {"uv": [5.94, 0.06, 0.06, 0.94], "rotation": 180, "texture": "#1"},
				"east": {"uv": [6.06, 1.06, 6.94, 3.94], "rotation": 90, "texture": "#1"},
				"south": {"uv": [11.06, 2.06, 11.94, 7.94], "rotation": 270, "texture": "#1"},
				"west": {"uv": [8.06, 1.06, 8.94, 3.94], "rotation": 270, "texture": "#1"},
				"up": {"uv": [6.06, 1.06, 11.94, 3.94], "texture": "#1"},
				"down": {"uv": [6.06, 1.06, 11.94, 3.94], "rotation": 180, "texture": "#1"}
			}
		},
		{
			"from": [2.18225, 1.37973, 6.8107],
			"to": [2.92225, 5.81973, 9.0307],
			"rotation": {"angle": 45, "axis": "x", "origin": [8.14225, 5.04644, 8.17058]},
			"faces": {
				"north": {"uv": [5.06, 0.06, 5.94, 5.94], "rotation": 180, "texture": "#1"},
				"east": {"uv": [6.06, 1.06, 10.94, 3.94], "rotation": 90, "texture": "#1"},
				"south": {"uv": [8.06, 2.06, 8.94, 7.94], "texture": "#1"},
				"west": {"uv": [6.06, 1.06, 11.94, 3.94], "rotation": 270, "texture": "#1"},
				"up": {"uv": [8.06, 1.06, 8.94, 3.94], "texture": "#1"},
				"down": {"uv": [11.06, 1.06, 11.94, 3.94], "rotation": 180, "texture": "#1"}
			}
		},
		{
			"from": [7.36225, 1.37973, 6.8107],
			"to": [8.10225, 5.81973, 9.0307],
			"rotation": {"angle": 45, "axis": "x", "origin": [8.14225, 5.04644, 8.17058]},
			"faces": {
				"north": {"uv": [0.06, 0.06, 0.94, 5.94], "rotation": 180, "texture": "#1"},
				"east": {"uv": [7.06, 1.06, 11.94, 3.94], "rotation": 90, "texture": "#1"},
				"south": {"uv": [8.06, 2.06, 8.94, 7.94], "texture": "#1"},
				"west": {"uv": [6.06, 1.06, 10.94, 3.94], "rotation": 270, "texture": "#1"},
				"up": {"uv": [7.06, 1.06, 7.94, 3.94], "texture": "#1"},
				"down": {"uv": [6.06, 1.06, 6.94, 3.94], "rotation": 180, "texture": "#1"}
			}
		},
		{
			"from": [2.92225, 1.37973, 6.0633],
			"to": [7.36225, 5.81973, 9.0233],
			"rotation": {"angle": 45, "axis": "x", "origin": [8.14225, 5.04644, 8.17058]},
			"faces": {
				"north": {"uv": [0.06, 0.06, 5.94, 5.94], "rotation": 180, "texture": "#1"},
				"east": {"uv": [6.06, 0.06, 11.94, 3.94], "rotation": 90, "texture": "#1"},
				"south": {"uv": [6, 2, 12, 8], "texture": "#1"},
				"west": {"uv": [6.06, 0.06, 11.94, 3.94], "rotation": 270, "texture": "#1"},
				"up": {"uv": [6.06, 0.06, 11.94, 3.94], "texture": "#1"},
				"down": {"uv": [6.06, 0.06, 11.94, 3.94], "rotation": 180, "texture": "#1"}
			}
		},
		{
			"name": "layer",
			"from": [2.92225, 1.37973, 5.9153],
			"to": [7.36225, 5.81973, 5.9153],
			"rotation": {"angle": 45, "axis": "x", "origin": [8.14225, 5.04644, 8.17058]},
			"faces": {
				"north": {"uv": [0.06, 0.06, 5.94, 5.94], "rotation": 180, "texture": "#2"}
			}
		},
		{
			"name": "layer",
			"from": [2.92225, 1.37973, 5.6193],
			"to": [7.36225, 5.81973, 5.6193],
			"rotation": {"angle": 45, "axis": "x", "origin": [8.14225, 5.04644, 8.17058]},
			"faces": {
				"north": {"uv": [0.06, 6.06, 5.94, 11.94], "rotation": 180, "texture": "#2"}
			}
		},
		{
			"from": [8.92225, 5.1327, 4.56263],
			"to": [13.36225, 5.8727, 6.78263],
			"rotation": {"angle": 22.5, "axis": "x", "origin": [8.14225, 5.04644, 8.17058]},
			"faces": {
				"north": {"uv": [5.94, 5.06, 0.06, 5.94], "rotation": 180, "texture": "#1"},
				"east": {"uv": [9.06, 1.06, 9.94, 3.94], "rotation": 90, "texture": "#1"},
				"south": {"uv": [6.06, 2.06, 6.94, 7.94], "rotation": 270, "texture": "#1"},
				"west": {"uv": [8.06, 1.06, 8.94, 3.94], "rotation": 270, "texture": "#1"},
				"up": {"uv": [6.06, 1.06, 11.94, 3.94], "texture": "#1"},
				"down": {"uv": [6.06, 1.06, 11.94, 3.94], "rotation": 180, "texture": "#1"}
			}
		},
		{
			"from": [8.92225, -0.0473, 4.56263],
			"to": [13.36225, 0.6927, 6.78263],
			"rotation": {"angle": 22.5, "axis": "x", "origin": [8.14225, 5.04644, 8.17058]},
			"faces": {
				"north": {"uv": [5.94, 0.06, 0.06, 0.94], "rotation": 180, "texture": "#1"},
				"east": {"uv": [6.06, 1.06, 6.94, 3.94], "rotation": 90, "texture": "#1"},
				"south": {"uv": [11.06, 2.06, 11.94, 7.94], "rotation": 270, "texture": "#1"},
				"west": {"uv": [8.06, 1.06, 8.94, 3.94], "rotation": 270, "texture": "#1"},
				"up": {"uv": [6.06, 1.06, 11.94, 3.94], "texture": "#1"},
				"down": {"uv": [6.06, 1.06, 11.94, 3.94], "rotation": 180, "texture": "#1"}
			}
		},
		{
			"from": [8.18225, 0.6927, 4.55523],
			"to": [8.92225, 5.1327, 6.77523],
			"rotation": {"angle": 22.5, "axis": "x", "origin": [8.14225, 5.04644, 8.17058]},
			"faces": {
				"north": {"uv": [5.06, 0.06, 5.94, 5.94], "rotation": 180, "texture": "#1"},
				"east": {"uv": [6.06, 1.06, 10.94, 3.94], "rotation": 90, "texture": "#1"},
				"south": {"uv": [8.06, 2.06, 8.94, 7.94], "texture": "#1"},
				"west": {"uv": [6.06, 1.06, 11.94, 3.94], "rotation": 270, "texture": "#1"},
				"up": {"uv": [8.06, 1.06, 8.94, 3.94], "texture": "#1"},
				"down": {"uv": [11.06, 1.06, 11.94, 3.94], "rotation": 180, "texture": "#1"}
			}
		},
		{
			"from": [13.36225, 0.6927, 4.55523],
			"to": [14.10225, 5.1327, 6.77523],
			"rotation": {"angle": 22.5, "axis": "x", "origin": [8.14225, 5.04644, 8.17058]},
			"faces": {
				"north": {"uv": [0.06, 0.06, 0.94, 5.94], "rotation": 180, "texture": "#1"},
				"east": {"uv": [7.06, 1.06, 11.94, 3.94], "rotation": 90, "texture": "#1"},
				"south": {"uv": [8.06, 2.06, 8.94, 7.94], "texture": "#1"},
				"west": {"uv": [6.06, 1.06, 10.94, 3.94], "rotation": 270, "texture": "#1"},
				"up": {"uv": [7.06, 1.06, 7.94, 3.94], "texture": "#1"},
				"down": {"uv": [6.06, 1.06, 6.94, 3.94], "rotation": 180, "texture": "#1"}
			}
		},
		{
			"from": [8.92225, 0.6927, 3.80783],
			"to": [13.36225, 5.1327, 6.76783],
			"rotation": {"angle": 22.5, "axis": "x", "origin": [8.14225, 5.04644, 8.17058]},
			"faces": {
				"north": {"uv": [0.06, 0.06, 5.94, 5.94], "rotation": 180, "texture": "#1"},
				"east": {"uv": [6.06, 0.06, 11.94, 3.94], "rotation": 90, "texture": "#1"},
				"south": {"uv": [6, 2, 12, 8], "texture": "#1"},
				"west": {"uv": [6.06, 0.06, 11.94, 3.94], "rotation": 270, "texture": "#1"},
				"up": {"uv": [6.06, 0.06, 11.94, 3.94], "texture": "#1"},
				"down": {"uv": [6.06, 0.06, 11.94, 3.94], "rotation": 180, "texture": "#1"}
			}
		},
		{
			"name": "layer",
			"from": [8.92225, 0.6927, 3.65983],
			"to": [13.36225, 5.1327, 3.65983],
			"rotation": {"angle": 22.5, "axis": "x", "origin": [8.14225, 5.04644, 8.17058]},
			"faces": {
				"north": {"uv": [0.06, 0.06, 5.94, 5.94], "rotation": 180, "texture": "#2"}
			}
		},
		{
			"name": "layer",
			"from": [8.92225, 0.6927, 3.36383],
			"to": [13.36225, 5.1327, 3.36383],
			"rotation": {"angle": 22.5, "axis": "x", "origin": [8.14225, 5.04644, 8.17058]},
			"faces": {
				"north": {"uv": [0.06, 6.06, 5.94, 11.94], "rotation": 180, "texture": "#2"}
			}
		},
		{
			"from": [2.92225, 9.08941, 10.87233],
			"to": [7.36225, 9.82941, 13.09233],
			"rotation": {"angle": 22.5, "axis": "x", "origin": [8.14225, 5.04644, 8.17058]},
			"faces": {
				"north": {"uv": [5.94, 5.06, 0.06, 5.94], "rotation": 180, "texture": "#1"},
				"east": {"uv": [9.06, 1.06, 9.94, 3.94], "rotation": 90, "texture": "#1"},
				"south": {"uv": [6.06, 2.06, 6.94, 7.94], "rotation": 270, "texture": "#1"},
				"west": {"uv": [8.06, 1.06, 8.94, 3.94], "rotation": 270, "texture": "#1"},
				"up": {"uv": [6.06, 1.06, 11.94, 3.94], "texture": "#1"},
				"down": {"uv": [6.06, 1.06, 11.94, 3.94], "rotation": 180, "texture": "#1"}
			}
		},
		{
			"from": [2.92225, 3.90941, 10.87233],
			"to": [7.36225, 4.64941, 13.09233],
			"rotation": {"angle": 22.5, "axis": "x", "origin": [8.14225, 5.04644, 8.17058]},
			"faces": {
				"north": {"uv": [5.94, 0.06, 0.06, 0.94], "rotation": 180, "texture": "#1"},
				"east": {"uv": [6.06, 1.06, 6.94, 3.94], "rotation": 90, "texture": "#1"},
				"south": {"uv": [11.06, 2.06, 11.94, 7.94], "rotation": 270, "texture": "#1"},
				"west": {"uv": [8.06, 1.06, 8.94, 3.94], "rotation": 270, "texture": "#1"},
				"up": {"uv": [6.06, 1.06, 11.94, 3.94], "texture": "#1"},
				"down": {"uv": [6.06, 1.06, 11.94, 3.94], "rotation": 180, "texture": "#1"}
			}
		},
		{
			"from": [2.18225, 4.64941, 10.86493],
			"to": [2.92225, 9.08941, 13.08493],
			"rotation": {"angle": 22.5, "axis": "x", "origin": [8.14225, 5.04644, 8.17058]},
			"faces": {
				"north": {"uv": [5.06, 0.06, 5.94, 5.94], "rotation": 180, "texture": "#1"},
				"east": {"uv": [6.06, 1.06, 10.94, 3.94], "rotation": 90, "texture": "#1"},
				"south": {"uv": [8.06, 2.06, 8.94, 7.94], "texture": "#1"},
				"west": {"uv": [6.06, 1.06, 11.94, 3.94], "rotation": 270, "texture": "#1"},
				"up": {"uv": [8.06, 1.06, 8.94, 3.94], "texture": "#1"},
				"down": {"uv": [11.06, 1.06, 11.94, 3.94], "rotation": 180, "texture": "#1"}
			}
		},
		{
			"from": [7.36225, 4.64941, 10.86493],
			"to": [8.10225, 9.08941, 13.08493],
			"rotation": {"angle": 22.5, "axis": "x", "origin": [8.14225, 5.04644, 8.17058]},
			"faces": {
				"north": {"uv": [0.06, 0.06, 0.94, 5.94], "rotation": 180, "texture": "#1"},
				"east": {"uv": [7.06, 1.06, 11.94, 3.94], "rotation": 90, "texture": "#1"},
				"south": {"uv": [8.06, 2.06, 8.94, 7.94], "texture": "#1"},
				"west": {"uv": [6.06, 1.06, 10.94, 3.94], "rotation": 270, "texture": "#1"},
				"up": {"uv": [7.06, 1.06, 7.94, 3.94], "texture": "#1"},
				"down": {"uv": [6.06, 1.06, 6.94, 3.94], "rotation": 180, "texture": "#1"}
			}
		},
		{
			"from": [2.92225, 4.64941, 10.11753],
			"to": [7.36225, 9.08941, 13.07753],
			"rotation": {"angle": 22.5, "axis": "x", "origin": [8.14225, 5.04644, 8.17058]},
			"faces": {
				"north": {"uv": [0.06, 0.06, 5.94, 5.94], "rotation": 180, "texture": "#1"},
				"east": {"uv": [6.06, 0.06, 11.94, 3.94], "rotation": 90, "texture": "#1"},
				"south": {"uv": [6, 2, 12, 8], "texture": "#1"},
				"west": {"uv": [6.06, 0.06, 11.94, 3.94], "rotation": 270, "texture": "#1"},
				"up": {"uv": [6.06, 0.06, 11.94, 3.94], "texture": "#1"},
				"down": {"uv": [6.06, 0.06, 11.94, 3.94], "rotation": 180, "texture": "#1"}
			}
		},
		{
			"name": "layer",
			"from": [2.92225, 4.64941, 9.96953],
			"to": [7.36225, 9.08941, 9.96953],
			"rotation": {"angle": 22.5, "axis": "x", "origin": [8.14225, 5.04644, 8.17058]},
			"faces": {
				"north": {"uv": [0.06, 0.06, 5.94, 5.94], "rotation": 180, "texture": "#2"}
			}
		},
		{
			"name": "layer",
			"from": [2.92225, 4.64941, 9.67353],
			"to": [7.36225, 9.08941, 9.67353],
			"rotation": {"angle": 22.5, "axis": "x", "origin": [8.14225, 5.04644, 8.17058]},
			"faces": {
				"north": {"uv": [0.06, 6.06, 5.94, 11.94], "rotation": 180, "texture": "#2"}
			}
		},
		{
			"from": [8.92225, 9.01369, 8.5655],
			"to": [13.36225, 9.75369, 10.7855],
			"rotation": {"angle": 45, "axis": "x", "origin": [8.14225, 5.04644, 8.17058]},
			"faces": {
				"north": {"uv": [5.94, 5.06, 0.06, 5.94], "rotation": 180, "texture": "#1"},
				"east": {"uv": [9.06, 1.06, 9.94, 3.94], "rotation": 90, "texture": "#1"},
				"south": {"uv": [6.06, 2.06, 6.94, 7.94], "rotation": 270, "texture": "#1"},
				"west": {"uv": [8.06, 1.06, 8.94, 3.94], "rotation": 270, "texture": "#1"},
				"up": {"uv": [6.06, 1.06, 11.94, 3.94], "texture": "#1"},
				"down": {"uv": [6.06, 1.06, 11.94, 3.94], "rotation": 180, "texture": "#1"}
			}
		},
		{
			"from": [8.92225, 3.83369, 8.5655],
			"to": [13.36225, 4.57369, 10.7855],
			"rotation": {"angle": 45, "axis": "x", "origin": [8.14225, 5.04644, 8.17058]},
			"faces": {
				"north": {"uv": [5.94, 0.06, 0.06, 0.94], "rotation": 180, "texture": "#1"},
				"east": {"uv": [6.06, 1.06, 6.94, 3.94], "rotation": 90, "texture": "#1"},
				"south": {"uv": [11.06, 2.06, 11.94, 7.94], "rotation": 270, "texture": "#1"},
				"west": {"uv": [8.06, 1.06, 8.94, 3.94], "rotation": 270, "texture": "#1"},
				"up": {"uv": [6.06, 1.06, 11.94, 3.94], "texture": "#1"},
				"down": {"uv": [6.06, 1.06, 11.94, 3.94], "rotation": 180, "texture": "#1"}
			}
		},
		{
			"from": [8.18225, 4.57369, 8.5581],
			"to": [8.92225, 9.01369, 10.7781],
			"rotation": {"angle": 45, "axis": "x", "origin": [8.14225, 5.04644, 8.17058]},
			"faces": {
				"north": {"uv": [5.06, 0.06, 5.94, 5.94], "rotation": 180, "texture": "#1"},
				"east": {"uv": [6.06, 1.06, 10.94, 3.94], "rotation": 90, "texture": "#1"},
				"south": {"uv": [8.06, 2.06, 8.94, 7.94], "texture": "#1"},
				"west": {"uv": [6.06, 1.06, 11.94, 3.94], "rotation": 270, "texture": "#1"},
				"up": {"uv": [8.06, 1.06, 8.94, 3.94], "texture": "#1"},
				"down": {"uv": [11.06, 1.06, 11.94, 3.94], "rotation": 180, "texture": "#1"}
			}
		},
		{
			"from": [13.36225, 4.57369, 8.5581],
			"to": [14.10225, 9.01369, 10.7781],
			"rotation": {"angle": 45, "axis": "x", "origin": [8.14225, 5.04644, 8.17058]},
			"faces": {
				"north": {"uv": [0.06, 0.06, 0.94, 5.94], "rotation": 180, "texture": "#1"},
				"east": {"uv": [7.06, 1.06, 11.94, 3.94], "rotation": 90, "texture": "#1"},
				"south": {"uv": [8.06, 2.06, 8.94, 7.94], "texture": "#1"},
				"west": {"uv": [6.06, 1.06, 10.94, 3.94], "rotation": 270, "texture": "#1"},
				"up": {"uv": [7.06, 1.06, 7.94, 3.94], "texture": "#1"},
				"down": {"uv": [6.06, 1.06, 6.94, 3.94], "rotation": 180, "texture": "#1"}
			}
		},
		{
			"from": [8.92225, 4.57369, 7.8107],
			"to": [13.36225, 9.01369, 10.7707],
			"rotation": {"angle": 45, "axis": "x", "origin": [8.14225, 5.04644, 8.17058]},
			"faces": {
				"north": {"uv": [0.06, 0.06, 5.94, 5.94], "rotation": 180, "texture": "#1"},
				"east": {"uv": [6.06, 0.06, 11.94, 3.94], "rotation": 90, "texture": "#1"},
				"south": {"uv": [6, 2, 12, 8], "texture": "#1"},
				"west": {"uv": [6.06, 0.06, 11.94, 3.94], "rotation": 270, "texture": "#1"},
				"up": {"uv": [6.06, 0.06, 11.94, 3.94], "texture": "#1"},
				"down": {"uv": [6.06, 0.06, 11.94, 3.94], "rotation": 180, "texture": "#1"}
			}
		},
		{
			"name": "layer",
			"from": [8.92225, 4.57369, 7.6627],
			"to": [13.36225, 9.01369, 7.6627],
			"rotation": {"angle": 45, "axis": "x", "origin": [8.14225, 5.04644, 8.17058]},
			"faces": {
				"north": {"uv": [0.06, 0.06, 5.94, 5.94], "rotation": 180, "texture": "#2"}
			}
		},
		{
			"name": "layer",
			"from": [8.92225, 4.57369, 7.3667],
			"to": [13.36225, 9.01369, 7.3667],
			"rotation": {"angle": 45, "axis": "x", "origin": [8.14225, 5.04644, 8.17058]},
			"faces": {
				"north": {"uv": [0.06, 6.06, 5.94, 11.94], "rotation": 180, "texture": "#2"}
			}
		}
	],
	"display": {
		"thirdperson_righthand": {
			"rotation": [65, 0, 0],
			"translation": [-6, 7.75, 4.25]
		},
		"firstperson_righthand": {
			"translation": [-8.75, 0, -3]
		},
		"ground": {
			"translation": [0, 4, 0]
		},
		"gui": {
			"rotation": [-152.75, 0, -180],
			"translation": [0, 1.5, 0]
		},
		"fixed": {
			"rotation": [-90, 0, 0],
			"translation": [0, 0, -15],
			"scale": [2, 2, 2]
		}
	},
	"groups": [
		{
			"name": "basket",
			"origin": [0, 0, 0],
			"color": 0,
			"children": [
				{
					"name": "basket",
					"origin": [0, 0.2, 7],
					"color": 1,
					"children": [
						0,
						1,
						2,
						{
							"name": "basketfront",
							"origin": [0, 0.2, 0],
							"color": 2,
							"children": [3]
						},
						{
							"name": "basketback",
							"origin": [0, 0.2, -13],
							"color": 3,
							"children": [4]
						}
					]
				},
				{
					"name": "log",
					"origin": [0, 0, 0],
					"color": 0,
					"children": []
				}
			]
		},
		{
			"name": "group",
			"origin": [8, 8, 8],
			"color": 0,
			"children": [
				{
					"name": "bread2",
					"origin": [8, 8, 8],
					"color": 0,
					"children": [5, 6, 7, 8, 9, 10, 11]
				},
				{
					"name": "bread2",
					"origin": [8, 8, 8],
					"color": 0,
					"children": [12, 13, 14, 15, 16, 17, 18]
				},
				{
					"name": "bread2",
					"origin": [8, 8, 8],
					"color": 0,
					"children": [19, 20, 21, 22, 23, 24, 25]
				},
				{
					"name": "bread2",
					"origin": [8, 8, 8],
					"color": 0,
					"children": [26, 27, 28, 29, 30, 31, 32]
				}
			]
		}
	]
}