{
	"credit": "Made with Blockbench",
	"parent": "breadbasket1",
	"textures": {
		"0": "block/breadbasket",
		"1": "block/bread3",
		"2": "block/bread3_layer",
		"particle": "block/bread3"
	},
	"elements": [
		{
			"name": "basket",
			"from": [2.06638, -0.0118, 1.92849],
			"to": [14.06638, 0.9882, 13.92849],
			"rotation": {"angle": 0, "axis": "x", "origin": [8, 6.48623, 6.95]},
			"faces": {
				"north": {"uv": [9.016, 3.016, 11.984, 3.25], "texture": "#0"},
				"east": {"uv": [6.016, 3.016, 8.984, 3.25], "texture": "#0"},
				"south": {"uv": [3.016, 3.016, 5.984, 3.25], "texture": "#0"},
				"west": {"uv": [0.016, 3.016, 2.984, 3.25], "texture": "#0"},
				"up": {"uv": [5.984, 2.984, 3.016, 0.016], "rotation": 180, "texture": "#0"},
				"down": {"uv": [8.984, 0.016, 6.016, 2.984], "rotation": 180, "texture": "#0"}
			}
		},
		{
			"name": "basket",
			"from": [1.06638, -0.0118, 0.92849],
			"to": [2.06638, 4.9882, 14.92849],
			"rotation": {"angle": 0, "axis": "x", "origin": [8, 6.48623, 6.95]},
			"faces": {
				"north": {"uv": [11.25, 8.016, 11.484, 9.25], "texture": "#0"},
				"east": {"uv": [7.75, 8.016, 11.25, 9.25], "texture": "#0"},
				"south": {"uv": [7.516, 8.016, 7.75, 9.25], "texture": "#0"},
				"west": {"uv": [4.016, 8.016, 7.484, 9.25], "texture": "#0"},
				"up": {"uv": [7.75, 7.984, 7.516, 4.516], "rotation": 180, "texture": "#0"},
				"down": {"uv": [7.984, 4.516, 7.75, 7.984], "rotation": 180, "texture": "#0"}
			}
		},
		{
			"name": "basket",
			"from": [14.06638, -0.0118, 0.92849],
			"to": [15.06638, 4.9882, 14.92849],
			"rotation": {"angle": 0, "axis": "x", "origin": [8, 6.48623, 6.95]},
			"faces": {
				"north": {"uv": [7.25, 6.75, 7.484, 7.984], "texture": "#0"},
				"east": {"uv": [3.75, 6.75, 7.25, 7.984], "texture": "#0"},
				"south": {"uv": [3.516, 6.75, 3.75, 7.984], "texture": "#0"},
				"west": {"uv": [0.016, 6.75, 3.484, 7.984], "texture": "#0"},
				"up": {"uv": [3.75, 6.75, 3.516, 3.25], "rotation": 180, "texture": "#0"},
				"down": {"uv": [3.984, 3.25, 3.75, 6.75], "rotation": 180, "texture": "#0"}
			}
		},
		{
			"name": "basketfront",
			"from": [2.06638, -0.0118, 0.92849],
			"to": [14.06638, 4.9882, 1.92849],
			"rotation": {"angle": 0, "axis": "x", "origin": [8, 6.48623, 6.95]},
			"faces": {
				"north": {"uv": [11.516, 5.016, 14.484, 6.25], "texture": "#0"},
				"east": {"uv": [11.25, 5.016, 11.484, 6.25], "texture": "#0"},
				"south": {"uv": [8.25, 5.016, 11.25, 6.25], "texture": "#0"},
				"west": {"uv": [8.016, 5.016, 8.25, 6.25], "texture": "#0"},
				"up": {"uv": [11.25, 4.984, 8.25, 4.75], "rotation": 180, "texture": "#0"},
				"down": {"uv": [14.25, 4.75, 11.25, 4.984], "rotation": 180, "texture": "#0"}
			}
		},
		{
			"name": "basketback",
			"from": [2.06638, -0.0118, 13.92849],
			"to": [14.06638, 4.9882, 14.92849],
			"rotation": {"angle": 0, "axis": "x", "origin": [8, 6.48623, 6.95]},
			"faces": {
				"north": {"uv": [11.516, 3.516, 14.484, 4.75], "texture": "#0"},
				"east": {"uv": [11.25, 3.516, 11.484, 4.75], "texture": "#0"},
				"south": {"uv": [8.25, 3.516, 11.25, 4.75], "texture": "#0"},
				"west": {"uv": [8.016, 3.516, 8.25, 4.75], "texture": "#0"},
				"up": {"uv": [11.25, 3.484, 8.25, 3.25], "rotation": 180, "texture": "#0"},
				"down": {"uv": [14.25, 3.25, 11.25, 3.484], "rotation": 180, "texture": "#0"}
			}
		},
		{
			"from": [5.75, 0.45103, 6.48117],
			"to": [9.75, 15.45103, 9.48117],
			"rotation": {"angle": 45, "axis": "x", "origin": [7.75, 8.00103, 6.54367]},
			"faces": {
				"north": {"uv": [12.06, 0.06, 15.94, 14.94], "texture": "#1"},
				"east": {"uv": [5.06, 0.06, 7.94, 14.94], "texture": "#1"},
				"south": {"uv": [8.06, 0.06, 11.94, 14.94], "texture": "#1"},
				"west": {"uv": [7.94, 0.06, 5.06, 14.94], "texture": "#1"},
				"up": {"uv": [1.06, 14.94, 4.94, 12.06], "texture": "#1"},
				"down": {"uv": [1.06, 12.06, 4.94, 14.94], "texture": "#1"}
			}
		},
		{
			"from": [5.45, 0.45103, 6.48117],
			"to": [5.45, 15.45103, 9.48117],
			"rotation": {"angle": 45, "axis": "x", "origin": [7.75, 8.00103, 6.54367]},
			"faces": {
				"west": {"uv": [7.94, 0.06, 5.06, 14.94], "texture": "#2"}
			}
		},
		{
			"from": [10.05, 0.45103, 6.48117],
			"to": [10.05, 15.45103, 9.48117],
			"rotation": {"angle": 45, "axis": "x", "origin": [7.75, 8.00103, 6.54367]},
			"faces": {
				"east": {"uv": [5.06, 0.06, 7.94, 14.94], "texture": "#2"}
			}
		},
		{
			"from": [5.75, 0.45103, 6.23117],
			"to": [9.75, 15.45103, 6.23117],
			"rotation": {"angle": 45, "axis": "x", "origin": [7.75, 8.00103, 6.54367]},
			"faces": {
				"north": {"uv": [12.06, 0.06, 15.94, 14.94], "texture": "#2"}
			}
		},
		{
			"from": [9.75, 3.66164, 2.42026],
			"to": [13.75, 6.66164, 17.42026],
			"rotation": {"angle": -22.5, "axis": "x", "origin": [11.75, 5.59914, 9.92026]},
			"faces": {
				"north": {"uv": [1.06, 12.06, 4.94, 14.94], "rotation": 180, "texture": "#1"},
				"east": {"uv": [5.06, 0.06, 7.94, 14.94], "rotation": 270, "texture": "#1"},
				"south": {"uv": [1.06, 14.94, 4.94, 12.06], "texture": "#1"},
				"west": {"uv": [7.94, 0.06, 5.06, 14.94], "rotation": 90, "texture": "#1"},
				"up": {"uv": [12.06, 0.06, 15.94, 14.94], "rotation": 180, "texture": "#1"},
				"down": {"uv": [8.06, 0.06, 11.94, 14.94], "texture": "#1"}
			}
		},
		{
			"from": [9.45, 3.66164, 2.42026],
			"to": [9.45, 6.66164, 17.42026],
			"rotation": {"angle": -22.5, "axis": "x", "origin": [11.75, 5.59914, 9.92026]},
			"faces": {
				"west": {"uv": [7.94, 0.06, 5.06, 14.94], "rotation": 90, "texture": "#2"}
			}
		},
		{
			"from": [14.05, 3.66164, 2.42026],
			"to": [14.05, 6.66164, 17.42026],
			"rotation": {"angle": -22.5, "axis": "x", "origin": [11.75, 5.59914, 9.92026]},
			"faces": {
				"east": {"uv": [5.06, 0.06, 7.94, 14.94], "rotation": 270, "texture": "#2"}
			}
		},
		{
			"from": [9.75, 6.91164, 2.42026],
			"to": [13.75, 6.91164, 17.42026],
			"rotation": {"angle": -22.5, "axis": "x", "origin": [11.75, 5.59914, 9.92026]},
			"faces": {
				"up": {"uv": [12.06, 0.06, 15.94, 14.94], "rotation": 180, "texture": "#2"}
			}
		},
		{
			"from": [2.75, -0.78934, 10.03983],
			"to": [6.75, 14.21066, 13.03983],
			"rotation": {"angle": 45, "axis": "x", "origin": [4.75, 6.71066, 11.10233]},
			"faces": {
				"north": {"uv": [12.06, 0.06, 15.94, 14.94], "texture": "#1"},
				"east": {"uv": [5.06, 0.06, 7.94, 14.94], "texture": "#1"},
				"south": {"uv": [8.06, 0.06, 11.94, 14.94], "texture": "#1"},
				"west": {"uv": [7.94, 0.06, 5.06, 14.94], "texture": "#1"},
				"up": {"uv": [1.06, 14.94, 4.94, 12.06], "texture": "#1"},
				"down": {"uv": [1.06, 12.06, 4.94, 14.94], "texture": "#1"}
			}
		},
		{
			"from": [2.45, -0.78934, 10.03983],
			"to": [2.45, 14.21066, 13.03983],
			"rotation": {"angle": 45, "axis": "x", "origin": [4.75, 6.71066, 11.10233]},
			"faces": {
				"west": {"uv": [7.94, 0.06, 5.06, 14.94], "texture": "#2"}
			}
		},
		{
			"from": [7.05, -0.78934, 10.03983],
			"to": [7.05, 14.21066, 13.03983],
			"rotation": {"angle": 45, "axis": "x", "origin": [4.75, 6.71066, 11.10233]},
			"faces": {
				"east": {"uv": [5.06, 0.06, 7.94, 14.94], "texture": "#2"}
			}
		},
		{
			"from": [2.75, -0.78934, 9.78983],
			"to": [6.75, 14.21066, 9.78983],
			"rotation": {"angle": 45, "axis": "x", "origin": [4.75, 6.71066, 11.10233]},
			"faces": {
				"north": {"uv": [12.06, 0.06, 15.94, 14.94], "texture": "#2"}
			}
		}
	],
	"display": {
		"thirdperson_righthand": {
			"rotation": [65, 0, 0],
			"translation": [-6, 7.75, 4.25]
		},
		"firstperson_righthand": {
			"translation": [-9.75, -1.75, -5]
		},
		"ground": {
			"translation": [0, 4, 0]
		},
		"gui": {
			"rotation": [-152.75, 0, -180],
			"translation": [0, 1.5, 0]
		},
		"fixed": {
			"rotation": [-90, 0, 0],
			"translation": [0, 0, -15],
			"scale": [2, 2, 2]
		}
	},
	"groups": [
		{
			"name": "bearbasket",
			"origin": [0, 0, 0],
			"color": 0,
			"children": [
				{
					"name": "basket",
					"origin": [0, 0.2, 7],
					"color": 1,
					"children": [
						0,
						1,
						2,
						{
							"name": "basketfront",
							"origin": [0, 0.2, 0],
							"color": 2,
							"children": [3]
						},
						{
							"name": "basketback",
							"origin": [0, 0.2, -13],
							"color": 3,
							"children": [4]
						}
					]
				}
			]
		},
		{
			"name": "group",
			"origin": [8, 8, 8],
			"color": 0,
			"children": [
				{
					"name": "bread3",
					"origin": [0, 0, 0],
					"color": 0,
					"children": [5, 6, 7, 8]
				},
				{
					"name": "bread3",
					"origin": [0, 0, 0],
					"color": 0,
					"children": [9, 10, 11, 12]
				},
				{
					"name": "bread3",
					"origin": [0, 0, 0],
					"color": 0,
					"children": [13, 14, 15, 16]
				}
			]
		}
	]
}