{
	"credit": "Made with Blockbench",
	"parent": "breadbasket1a",
	"textures": {
		"0": "block/breadbasket",
		"1": "block/bread2",
		"2": "block/bread2_layer",
		"particle": "block/bread2"
	},
	"elements": [
		{
			"name": "basket",
			"from": [2.06638, 2.9882, -0.07151],
			"to": [14.06638, 3.9882, 11.92849],
			"rotation": {"angle": -22.5, "axis": "x", "origin": [8, 6.48623, 6.95]},
			"faces": {
				"north": {"uv": [9.016, 3.016, 11.984, 3.25], "texture": "#0"},
				"east": {"uv": [6.016, 3.016, 8.984, 3.25], "texture": "#0"},
				"south": {"uv": [3.016, 3.016, 5.984, 3.25], "texture": "#0"},
				"west": {"uv": [0.016, 3.016, 2.984, 3.25], "texture": "#0"},
				"up": {"uv": [5.984, 2.984, 3.016, 0.016], "rotation": 180, "texture": "#0"},
				"down": {"uv": [8.984, 0.016, 6.016, 2.984], "rotation": 180, "texture": "#0"}
			}
		},
		{
			"name": "basket",
			"from": [1.06638, 2.9882, -1.07151],
			"to": [2.06638, 7.9882, 12.92849],
			"rotation": {"angle": -22.5, "axis": "x", "origin": [8, 6.48623, 6.95]},
			"faces": {
				"north": {"uv": [11.25, 8.016, 11.484, 9.25], "texture": "#0"},
				"east": {"uv": [7.75, 8.016, 11.25, 9.25], "texture": "#0"},
				"south": {"uv": [7.516, 8.016, 7.75, 9.25], "texture": "#0"},
				"west": {"uv": [4.016, 8.016, 7.484, 9.25], "texture": "#0"},
				"up": {"uv": [7.75, 7.984, 7.516, 4.516], "rotation": 180, "texture": "#0"},
				"down": {"uv": [7.984, 4.516, 7.75, 7.984], "rotation": 180, "texture": "#0"}
			}
		},
		{
			"name": "basket",
			"from": [14.06638, 2.9882, -1.07151],
			"to": [15.06638, 7.9882, 12.92849],
			"rotation": {"angle": -22.5, "axis": "x", "origin": [8, 6.48623, 6.95]},
			"faces": {
				"north": {"uv": [7.25, 6.75, 7.484, 7.984], "texture": "#0"},
				"east": {"uv": [3.75, 6.75, 7.25, 7.984], "texture": "#0"},
				"south": {"uv": [3.516, 6.75, 3.75, 7.984], "texture": "#0"},
				"west": {"uv": [0.016, 6.75, 3.484, 7.984], "texture": "#0"},
				"up": {"uv": [3.75, 6.75, 3.516, 3.25], "rotation": 180, "texture": "#0"},
				"down": {"uv": [3.984, 3.25, 3.75, 6.75], "rotation": 180, "texture": "#0"}
			}
		},
		{
			"name": "basketfront",
			"from": [2.06638, 2.9882, -1.07151],
			"to": [14.06638, 7.9882, -0.07151],
			"rotation": {"angle": -22.5, "axis": "x", "origin": [8, 6.48623, 6.95]},
			"faces": {
				"north": {"uv": [11.516, 5.016, 14.484, 6.25], "texture": "#0"},
				"east": {"uv": [11.25, 5.016, 11.484, 6.25], "texture": "#0"},
				"south": {"uv": [8.25, 5.016, 11.25, 6.25], "texture": "#0"},
				"west": {"uv": [8.016, 5.016, 8.25, 6.25], "texture": "#0"},
				"up": {"uv": [11.25, 4.984, 8.25, 4.75], "rotation": 180, "texture": "#0"},
				"down": {"uv": [14.25, 4.75, 11.25, 4.984], "rotation": 180, "texture": "#0"}
			}
		},
		{
			"name": "basketback",
			"from": [2.06638, 2.9882, 11.92849],
			"to": [14.06638, 7.9882, 12.92849],
			"rotation": {"angle": -22.5, "axis": "x", "origin": [8, 6.48623, 6.95]},
			"faces": {
				"north": {"uv": [11.516, 3.516, 14.484, 4.75], "texture": "#0"},
				"east": {"uv": [11.25, 3.516, 11.484, 4.75], "texture": "#0"},
				"south": {"uv": [8.25, 3.516, 11.25, 4.75], "texture": "#0"},
				"west": {"uv": [8.016, 3.516, 8.25, 4.75], "texture": "#0"},
				"up": {"uv": [11.25, 3.484, 8.25, 3.25], "rotation": 180, "texture": "#0"},
				"down": {"uv": [14.25, 3.25, 11.25, 3.484], "rotation": 180, "texture": "#0"}
			}
		},
		{
			"name": "log",
			"from": [0.56638, 0.1, 10.95427],
			"to": [15.56638, 4.1, 14.95427],
			"rotation": {"angle": 0, "axis": "x", "origin": [8, 6.48623, 6.95]},
			"faces": {
				"north": {"uv": [5.25, 11.25, 8.984, 11.984], "texture": "#0"},
				"east": {"uv": [4.516, 11.25, 5.25, 11.984], "texture": "#0"},
				"south": {"uv": [0.75, 11.25, 4.484, 11.984], "texture": "#0"},
				"west": {"uv": [0.016, 11.25, 0.75, 11.984], "texture": "#0"},
				"up": {"uv": [4.484, 11.25, 0.75, 10.516], "rotation": 180, "texture": "#0"},
				"down": {"uv": [8.25, 10.516, 4.516, 11.25], "rotation": 180, "texture": "#0"}
			}
		},
		{
			"from": [2.92225, 8.06973, 4.3181],
			"to": [7.36225, 8.80973, 6.5381],
			"rotation": {"angle": 22.5, "axis": "x", "origin": [8.14225, 7.29644, 5.67058]},
			"faces": {
				"north": {"uv": [5.94, 5.06, 0.06, 5.94], "rotation": 180, "texture": "#1"},
				"east": {"uv": [9.06, 1.06, 9.94, 3.94], "rotation": 90, "texture": "#1"},
				"south": {"uv": [6.06, 2.06, 6.94, 7.94], "rotation": 270, "texture": "#1"},
				"west": {"uv": [8.06, 1.06, 8.94, 3.94], "rotation": 270, "texture": "#1"},
				"up": {"uv": [6.06, 1.06, 11.94, 3.94], "texture": "#1"},
				"down": {"uv": [6.06, 1.06, 11.94, 3.94], "rotation": 180, "texture": "#1"}
			}
		},
		{
			"from": [2.92225, 2.88973, 4.3181],
			"to": [7.36225, 3.62973, 6.5381],
			"rotation": {"angle": 22.5, "axis": "x", "origin": [8.14225, 7.29644, 5.67058]},
			"faces": {
				"north": {"uv": [5.94, 0.06, 0.06, 0.94], "rotation": 180, "texture": "#1"},
				"east": {"uv": [6.06, 1.06, 6.94, 3.94], "rotation": 90, "texture": "#1"},
				"south": {"uv": [11.06, 2.06, 11.94, 7.94], "rotation": 270, "texture": "#1"},
				"west": {"uv": [8.06, 1.06, 8.94, 3.94], "rotation": 270, "texture": "#1"},
				"up": {"uv": [6.06, 1.06, 11.94, 3.94], "texture": "#1"},
				"down": {"uv": [6.06, 1.06, 11.94, 3.94], "rotation": 180, "texture": "#1"}
			}
		},
		{
			"from": [2.18225, 3.62973, 4.3107],
			"to": [2.92225, 8.06973, 6.5307],
			"rotation": {"angle": 22.5, "axis": "x", "origin": [8.14225, 7.29644, 5.67058]},
			"faces": {
				"north": {"uv": [5.06, 0.06, 5.94, 5.94], "rotation": 180, "texture": "#1"},
				"east": {"uv": [6.06, 1.06, 10.94, 3.94], "rotation": 90, "texture": "#1"},
				"south": {"uv": [8.06, 2.06, 8.94, 7.94], "texture": "#1"},
				"west": {"uv": [6.06, 1.06, 11.94, 3.94], "rotation": 270, "texture": "#1"},
				"up": {"uv": [8.06, 1.06, 8.94, 3.94], "texture": "#1"},
				"down": {"uv": [11.06, 1.06, 11.94, 3.94], "rotation": 180, "texture": "#1"}
			}
		},
		{
			"from": [7.36225, 3.62973, 4.3107],
			"to": [8.10225, 8.06973, 6.5307],
			"rotation": {"angle": 22.5, "axis": "x", "origin": [8.14225, 7.29644, 5.67058]},
			"faces": {
				"north": {"uv": [0.06, 0.06, 0.94, 5.94], "rotation": 180, "texture": "#1"},
				"east": {"uv": [7.06, 1.06, 11.94, 3.94], "rotation": 90, "texture": "#1"},
				"south": {"uv": [8.06, 2.06, 8.94, 7.94], "texture": "#1"},
				"west": {"uv": [6.06, 1.06, 10.94, 3.94], "rotation": 270, "texture": "#1"},
				"up": {"uv": [7.06, 1.06, 7.94, 3.94], "texture": "#1"},
				"down": {"uv": [6.06, 1.06, 6.94, 3.94], "rotation": 180, "texture": "#1"}
			}
		},
		{
			"from": [2.92225, 3.62973, 3.5633],
			"to": [7.36225, 8.06973, 6.5233],
			"rotation": {"angle": 22.5, "axis": "x", "origin": [8.14225, 7.29644, 5.67058]},
			"faces": {
				"north": {"uv": [0.06, 0.06, 5.94, 5.94], "rotation": 180, "texture": "#1"},
				"east": {"uv": [6.06, 0.06, 11.94, 3.94], "rotation": 90, "texture": "#1"},
				"south": {"uv": [6.032, 2.032, 11.968, 7.968], "texture": "#1"},
				"west": {"uv": [6.06, 0.06, 11.94, 3.94], "rotation": 270, "texture": "#1"},
				"up": {"uv": [6.06, 0.06, 11.94, 3.94], "texture": "#1"},
				"down": {"uv": [6.06, 0.06, 11.94, 3.94], "rotation": 180, "texture": "#1"}
			}
		},
		{
			"name": "layer",
			"from": [2.92225, 3.62973, 3.4153],
			"to": [7.36225, 8.06973, 3.4153],
			"rotation": {"angle": 22.5, "axis": "x", "origin": [8.14225, 7.29644, 5.67058]},
			"faces": {
				"north": {"uv": [0.06, 0.06, 5.94, 5.94], "rotation": 180, "texture": "#2"}
			}
		},
		{
			"name": "layer",
			"from": [2.92225, 3.62973, 3.1193],
			"to": [7.36225, 8.06973, 3.1193],
			"rotation": {"angle": 22.5, "axis": "x", "origin": [8.14225, 7.29644, 5.67058]},
			"faces": {
				"north": {"uv": [0.06, 6.06, 5.94, 11.94], "rotation": 180, "texture": "#2"}
			}
		},
		{
			"from": [8.92225, 7.3827, 2.06263],
			"to": [13.36225, 8.1227, 4.28263],
			"rotation": {"angle": 45, "axis": "x", "origin": [11.14225, 5.1627, 2.49818]},
			"faces": {
				"north": {"uv": [5.94, 5.06, 0.06, 5.94], "rotation": 180, "texture": "#1"},
				"east": {"uv": [9.06, 1.06, 9.94, 3.94], "rotation": 90, "texture": "#1"},
				"south": {"uv": [6.06, 2.06, 6.94, 7.94], "rotation": 270, "texture": "#1"},
				"west": {"uv": [8.06, 1.06, 8.94, 3.94], "rotation": 270, "texture": "#1"},
				"up": {"uv": [6.06, 1.06, 11.94, 3.94], "texture": "#1"},
				"down": {"uv": [6.06, 1.06, 11.94, 3.94], "rotation": 180, "texture": "#1"}
			}
		},
		{
			"from": [8.92225, 2.2027, 2.06263],
			"to": [13.36225, 2.9427, 4.28263],
			"rotation": {"angle": 45, "axis": "x", "origin": [11.14225, 5.1627, 2.49818]},
			"faces": {
				"north": {"uv": [5.94, 0.06, 0.06, 0.94], "rotation": 180, "texture": "#1"},
				"east": {"uv": [6.06, 1.06, 6.94, 3.94], "rotation": 90, "texture": "#1"},
				"south": {"uv": [11.06, 2.06, 11.94, 7.94], "rotation": 270, "texture": "#1"},
				"west": {"uv": [8.06, 1.06, 8.94, 3.94], "rotation": 270, "texture": "#1"},
				"up": {"uv": [6.06, 1.06, 11.94, 3.94], "texture": "#1"},
				"down": {"uv": [6.06, 1.06, 11.94, 3.94], "rotation": 180, "texture": "#1"}
			}
		},
		{
			"from": [8.18225, 2.9427, 2.05523],
			"to": [8.92225, 7.3827, 4.27523],
			"rotation": {"angle": 45, "axis": "x", "origin": [11.14225, 5.1627, 2.49818]},
			"faces": {
				"north": {"uv": [5.06, 0.06, 5.94, 5.94], "rotation": 180, "texture": "#1"},
				"east": {"uv": [6.06, 1.06, 10.94, 3.94], "rotation": 90, "texture": "#1"},
				"south": {"uv": [8.06, 2.06, 8.94, 7.94], "texture": "#1"},
				"west": {"uv": [6.06, 1.06, 11.94, 3.94], "rotation": 270, "texture": "#1"},
				"up": {"uv": [8.06, 1.06, 8.94, 3.94], "texture": "#1"},
				"down": {"uv": [11.06, 1.06, 11.94, 3.94], "rotation": 180, "texture": "#1"}
			}
		},
		{
			"from": [13.36225, 2.9427, 2.05523],
			"to": [14.10225, 7.3827, 4.27523],
			"rotation": {"angle": 45, "axis": "x", "origin": [11.14225, 5.1627, 2.49818]},
			"faces": {
				"north": {"uv": [0.06, 0.06, 0.94, 5.94], "rotation": 180, "texture": "#1"},
				"east": {"uv": [7.06, 1.06, 11.94, 3.94], "rotation": 90, "texture": "#1"},
				"south": {"uv": [8.06, 2.06, 8.94, 7.94], "texture": "#1"},
				"west": {"uv": [6.06, 1.06, 10.94, 3.94], "rotation": 270, "texture": "#1"},
				"up": {"uv": [7.06, 1.06, 7.94, 3.94], "texture": "#1"},
				"down": {"uv": [6.06, 1.06, 6.94, 3.94], "rotation": 180, "texture": "#1"}
			}
		},
		{
			"from": [8.92225, 2.9427, 1.30783],
			"to": [13.36225, 7.3827, 4.26783],
			"rotation": {"angle": 45, "axis": "x", "origin": [11.14225, 5.1627, 2.49818]},
			"faces": {
				"north": {"uv": [0.06, 0.06, 5.94, 5.94], "rotation": 180, "texture": "#1"},
				"east": {"uv": [6.06, 0.06, 11.94, 3.94], "rotation": 90, "texture": "#1"},
				"south": {"uv": [6.032, 2.032, 11.968, 7.968], "texture": "#1"},
				"west": {"uv": [6.06, 0.06, 11.94, 3.94], "rotation": 270, "texture": "#1"},
				"up": {"uv": [6.06, 0.06, 11.94, 3.94], "texture": "#1"},
				"down": {"uv": [6.06, 0.06, 11.94, 3.94], "rotation": 180, "texture": "#1"}
			}
		},
		{
			"name": "layer",
			"from": [8.92225, 2.9427, 1.15983],
			"to": [13.36225, 7.3827, 1.15983],
			"rotation": {"angle": 45, "axis": "x", "origin": [11.14225, 5.1627, 2.49818]},
			"faces": {
				"north": {"uv": [0.06, 0.06, 5.94, 5.94], "rotation": 180, "texture": "#2"}
			}
		},
		{
			"name": "layer",
			"from": [8.92225, 2.9427, 0.86383],
			"to": [13.36225, 7.3827, 0.86383],
			"rotation": {"angle": 45, "axis": "x", "origin": [11.14225, 5.1627, 2.49818]},
			"faces": {
				"north": {"uv": [0.06, 6.06, 5.94, 11.94], "rotation": 180, "texture": "#2"}
			}
		},
		{
			"from": [2.92225, 11.33941, 8.37233],
			"to": [7.36225, 12.07941, 10.59233],
			"rotation": {"angle": 0, "axis": "x", "origin": [8.14225, 7.29644, 5.67058]},
			"faces": {
				"north": {"uv": [5.94, 5.06, 0.06, 5.94], "rotation": 180, "texture": "#1"},
				"east": {"uv": [9.06, 1.06, 9.94, 3.94], "rotation": 90, "texture": "#1"},
				"south": {"uv": [6.06, 2.06, 6.94, 7.94], "rotation": 270, "texture": "#1"},
				"west": {"uv": [8.06, 1.06, 8.94, 3.94], "rotation": 270, "texture": "#1"},
				"up": {"uv": [6.06, 1.06, 11.94, 3.94], "texture": "#1"},
				"down": {"uv": [6.06, 1.06, 11.94, 3.94], "rotation": 180, "texture": "#1"}
			}
		},
		{
			"from": [2.92225, 6.15941, 8.37233],
			"to": [7.36225, 6.89941, 10.59233],
			"rotation": {"angle": 0, "axis": "x", "origin": [8.14225, 7.29644, 5.67058]},
			"faces": {
				"north": {"uv": [5.94, 0.06, 0.06, 0.94], "rotation": 180, "texture": "#1"},
				"east": {"uv": [6.06, 1.06, 6.94, 3.94], "rotation": 90, "texture": "#1"},
				"south": {"uv": [11.06, 2.06, 11.94, 7.94], "rotation": 270, "texture": "#1"},
				"west": {"uv": [8.06, 1.06, 8.94, 3.94], "rotation": 270, "texture": "#1"},
				"up": {"uv": [6.06, 1.06, 11.94, 3.94], "texture": "#1"},
				"down": {"uv": [6.06, 1.06, 11.94, 3.94], "rotation": 180, "texture": "#1"}
			}
		},
		{
			"from": [2.18225, 6.89941, 8.36493],
			"to": [2.92225, 11.33941, 10.58493],
			"rotation": {"angle": 0, "axis": "x", "origin": [8.14225, 7.29644, 5.67058]},
			"faces": {
				"north": {"uv": [5.06, 0.06, 5.94, 5.94], "rotation": 180, "texture": "#1"},
				"east": {"uv": [6.06, 1.06, 10.94, 3.94], "rotation": 90, "texture": "#1"},
				"south": {"uv": [8.06, 2.06, 8.94, 7.94], "texture": "#1"},
				"west": {"uv": [6.06, 1.06, 11.94, 3.94], "rotation": 270, "texture": "#1"},
				"up": {"uv": [8.06, 1.06, 8.94, 3.94], "texture": "#1"},
				"down": {"uv": [11.06, 1.06, 11.94, 3.94], "rotation": 180, "texture": "#1"}
			}
		},
		{
			"from": [7.36225, 6.89941, 8.36493],
			"to": [8.10225, 11.33941, 10.58493],
			"rotation": {"angle": 0, "axis": "x", "origin": [8.14225, 7.29644, 5.67058]},
			"faces": {
				"north": {"uv": [0.06, 0.06, 0.94, 5.94], "rotation": 180, "texture": "#1"},
				"east": {"uv": [7.06, 1.06, 11.94, 3.94], "rotation": 90, "texture": "#1"},
				"south": {"uv": [8.06, 2.06, 8.94, 7.94], "texture": "#1"},
				"west": {"uv": [6.06, 1.06, 10.94, 3.94], "rotation": 270, "texture": "#1"},
				"up": {"uv": [7.06, 1.06, 7.94, 3.94], "texture": "#1"},
				"down": {"uv": [6.06, 1.06, 6.94, 3.94], "rotation": 180, "texture": "#1"}
			}
		},
		{
			"from": [2.92225, 6.89941, 7.61753],
			"to": [7.36225, 11.33941, 10.57753],
			"rotation": {"angle": 0, "axis": "x", "origin": [8.14225, 7.29644, 5.67058]},
			"faces": {
				"north": {"uv": [0.06, 0.06, 5.94, 5.94], "rotation": 180, "texture": "#1"},
				"east": {"uv": [6.06, 0.06, 11.94, 3.94], "rotation": 90, "texture": "#1"},
				"south": {"uv": [6.032, 2.032, 11.968, 7.968], "texture": "#1"},
				"west": {"uv": [6.06, 0.06, 11.94, 3.94], "rotation": 270, "texture": "#1"},
				"up": {"uv": [6.06, 0.06, 11.94, 3.94], "texture": "#1"},
				"down": {"uv": [6.06, 0.06, 11.94, 3.94], "rotation": 180, "texture": "#1"}
			}
		},
		{
			"name": "layer",
			"from": [2.92225, 6.89941, 7.46953],
			"to": [7.36225, 11.33941, 7.46953],
			"rotation": {"angle": 0, "axis": "x", "origin": [8.14225, 7.29644, 5.67058]},
			"faces": {
				"north": {"uv": [0.06, 0.06, 5.94, 5.94], "rotation": 180, "texture": "#2"}
			}
		},
		{
			"name": "layer",
			"from": [2.92225, 6.89941, 7.17353],
			"to": [7.36225, 11.33941, 7.17353],
			"rotation": {"angle": 0, "axis": "x", "origin": [8.14225, 7.29644, 5.67058]},
			"faces": {
				"north": {"uv": [0.06, 6.06, 5.94, 11.94], "rotation": 180, "texture": "#2"}
			}
		},
		{
			"from": [8.92225, 11.06289, 6.92093],
			"to": [13.36225, 11.80289, 9.14093],
			"rotation": {"angle": 22.5, "axis": "x", "origin": [11.14225, 8.59289, 7.10647]},
			"faces": {
				"north": {"uv": [5.94, 5.06, 0.06, 5.94], "rotation": 180, "texture": "#1"},
				"east": {"uv": [9.06, 1.06, 9.94, 3.94], "rotation": 90, "texture": "#1"},
				"south": {"uv": [6.06, 2.06, 6.94, 7.94], "rotation": 270, "texture": "#1"},
				"west": {"uv": [8.06, 1.06, 8.94, 3.94], "rotation": 270, "texture": "#1"},
				"up": {"uv": [6.06, 1.06, 11.94, 3.94], "texture": "#1"},
				"down": {"uv": [6.06, 1.06, 11.94, 3.94], "rotation": 180, "texture": "#1"}
			}
		},
		{
			"from": [8.92225, 5.88289, 6.92093],
			"to": [13.36225, 6.62289, 9.14093],
			"rotation": {"angle": 22.5, "axis": "x", "origin": [11.14225, 8.59289, 7.10647]},
			"faces": {
				"north": {"uv": [5.94, 0.06, 0.06, 0.94], "rotation": 180, "texture": "#1"},
				"east": {"uv": [6.06, 1.06, 6.94, 3.94], "rotation": 90, "texture": "#1"},
				"south": {"uv": [11.06, 2.06, 11.94, 7.94], "rotation": 270, "texture": "#1"},
				"west": {"uv": [8.06, 1.06, 8.94, 3.94], "rotation": 270, "texture": "#1"},
				"up": {"uv": [6.06, 1.06, 11.94, 3.94], "texture": "#1"},
				"down": {"uv": [6.06, 1.06, 11.94, 3.94], "rotation": 180, "texture": "#1"}
			}
		},
		{
			"from": [8.18225, 6.62289, 6.91353],
			"to": [8.92225, 11.06289, 9.13353],
			"rotation": {"angle": 22.5, "axis": "x", "origin": [11.14225, 8.59289, 7.10647]},
			"faces": {
				"north": {"uv": [5.06, 0.06, 5.94, 5.94], "rotation": 180, "texture": "#1"},
				"east": {"uv": [6.06, 1.06, 10.94, 3.94], "rotation": 90, "texture": "#1"},
				"south": {"uv": [8.06, 2.06, 8.94, 7.94], "texture": "#1"},
				"west": {"uv": [6.06, 1.06, 11.94, 3.94], "rotation": 270, "texture": "#1"},
				"up": {"uv": [8.06, 1.06, 8.94, 3.94], "texture": "#1"},
				"down": {"uv": [11.06, 1.06, 11.94, 3.94], "rotation": 180, "texture": "#1"}
			}
		},
		{
			"from": [13.36225, 6.62289, 6.91353],
			"to": [14.10225, 11.06289, 9.13353],
			"rotation": {"angle": 22.5, "axis": "x", "origin": [11.14225, 8.59289, 7.10647]},
			"faces": {
				"north": {"uv": [0.06, 0.06, 0.94, 5.94], "rotation": 180, "texture": "#1"},
				"east": {"uv": [7.06, 1.06, 11.94, 3.94], "rotation": 90, "texture": "#1"},
				"south": {"uv": [8.06, 2.06, 8.94, 7.94], "texture": "#1"},
				"west": {"uv": [6.06, 1.06, 10.94, 3.94], "rotation": 270, "texture": "#1"},
				"up": {"uv": [7.06, 1.06, 7.94, 3.94], "texture": "#1"},
				"down": {"uv": [6.06, 1.06, 6.94, 3.94], "rotation": 180, "texture": "#1"}
			}
		},
		{
			"from": [8.92225, 6.62289, 6.16613],
			"to": [13.36225, 11.06289, 9.12613],
			"rotation": {"angle": 22.5, "axis": "x", "origin": [11.14225, 8.59289, 7.10647]},
			"faces": {
				"north": {"uv": [0.06, 0.06, 5.94, 5.94], "rotation": 180, "texture": "#1"},
				"east": {"uv": [6.06, 0.06, 11.94, 3.94], "rotation": 90, "texture": "#1"},
				"south": {"uv": [6.032, 2.032, 11.968, 7.968], "texture": "#1"},
				"west": {"uv": [6.06, 0.06, 11.94, 3.94], "rotation": 270, "texture": "#1"},
				"up": {"uv": [6.06, 0.06, 11.94, 3.94], "texture": "#1"},
				"down": {"uv": [6.06, 0.06, 11.94, 3.94], "rotation": 180, "texture": "#1"}
			}
		},
		{
			"name": "layer",
			"from": [8.92225, 6.62289, 6.01813],
			"to": [13.36225, 11.06289, 6.01813],
			"rotation": {"angle": 22.5, "axis": "x", "origin": [11.14225, 8.59289, 7.10647]},
			"faces": {
				"north": {"uv": [0.06, 0.06, 5.94, 5.94], "rotation": 180, "texture": "#2"}
			}
		},
		{
			"name": "layer",
			"from": [8.92225, 6.62289, 5.72213],
			"to": [13.36225, 11.06289, 5.72213],
			"rotation": {"angle": 22.5, "axis": "x", "origin": [11.14225, 8.59289, 7.10647]},
			"faces": {
				"north": {"uv": [0.06, 6.06, 5.94, 11.94], "rotation": 180, "texture": "#2"}
			}
		}
	],
	"display": {
		"thirdperson_righthand": {
			"rotation": [65, 0, 0],
			"translation": [-6, 5.75, 2]
		},
		"firstperson_righthand": {
			"translation": [-8.75, -2, 0]
		},
		"ground": {
			"translation": [0, 4, 0]
		},
		"gui": {
			"rotation": [180, -29, 180]
		},
		"fixed": {
			"rotation": [-90, 0, 0],
			"translation": [0, 0, -15],
			"scale": [2, 2, 2]
		}
	},
	"groups": [
		{
			"name": "basket",
			"origin": [0, 0, 0],
			"color": 0,
			"children": [
				{
					"name": "basket",
					"origin": [0, 0.2, 7],
					"color": 1,
					"children": [
						0,
						1,
						2,
						{
							"name": "basketfront",
							"origin": [0, 0.2, 0],
							"color": 2,
							"children": [3]
						},
						{
							"name": "basketback",
							"origin": [0, 0.2, -13],
							"color": 3,
							"children": [4]
						}
					]
				},
				{
					"name": "log",
					"origin": [0, 0, 0],
					"color": 0,
					"children": [5]
				}
			]
		},
		{
			"name": "group",
			"origin": [8, 8, 8],
			"color": 0,
			"children": [
				{
					"name": "bread2",
					"origin": [8, 8, 8],
					"color": 0,
					"children": [6, 7, 8, 9, 10, 11, 12]
				},
				{
					"name": "bread2",
					"origin": [8, 8, 8],
					"color": 0,
					"children": [13, 14, 15, 16, 17, 18, 19]
				},
				{
					"name": "bread2",
					"origin": [8, 8, 8],
					"color": 0,
					"children": [20, 21, 22, 23, 24, 25, 26]
				},
				{
					"name": "bread2",
					"origin": [8, 8, 8],
					"color": 0,
					"children": [27, 28, 29, 30, 31, 32, 33]
				}
			]
		}
	]
}