{
	"credit": "Made with Blockbench",
	"parent": "breadbasket1",
	"texture_size": [32, 32],
	"textures": {
		"0": "block/breadbasket",
		"1": "block/bearbread",
		"particle": "block/bearbread"
	},
	"elements": [
		{
			"name": "basket",
			"from": [2.06638, -0.0118, 1.92849],
			"to": [14.06638, 0.9882, 13.92849],
			"rotation": {"angle": 0, "axis": "x", "origin": [8, 6.48623, 6.95]},
			"faces": {
				"north": {"uv": [9.016, 3.016, 11.984, 3.25], "texture": "#0"},
				"east": {"uv": [6.016, 3.016, 8.984, 3.25], "texture": "#0"},
				"south": {"uv": [3.016, 3.016, 5.984, 3.25], "texture": "#0"},
				"west": {"uv": [0.016, 3.016, 2.984, 3.25], "texture": "#0"},
				"up": {"uv": [5.984, 2.984, 3.016, 0.016], "rotation": 180, "texture": "#0"},
				"down": {"uv": [8.984, 0.016, 6.016, 2.984], "rotation": 180, "texture": "#0"}
			}
		},
		{
			"name": "basket",
			"from": [1.06638, -0.0118, 0.92849],
			"to": [2.06638, 4.9882, 14.92849],
			"rotation": {"angle": 0, "axis": "x", "origin": [8, 6.48623, 6.95]},
			"faces": {
				"north": {"uv": [11.25, 8.016, 11.484, 9.25], "texture": "#0"},
				"east": {"uv": [7.75, 8.016, 11.25, 9.25], "texture": "#0"},
				"south": {"uv": [7.516, 8.016, 7.75, 9.25], "texture": "#0"},
				"west": {"uv": [4.016, 8.016, 7.484, 9.25], "texture": "#0"},
				"up": {"uv": [7.75, 7.984, 7.516, 4.516], "rotation": 180, "texture": "#0"},
				"down": {"uv": [7.984, 4.516, 7.75, 7.984], "rotation": 180, "texture": "#0"}
			}
		},
		{
			"name": "basket",
			"from": [14.06638, -0.0118, 0.92849],
			"to": [15.06638, 4.9882, 14.92849],
			"rotation": {"angle": 0, "axis": "x", "origin": [8, 6.48623, 6.95]},
			"faces": {
				"north": {"uv": [7.25, 6.75, 7.484, 7.984], "texture": "#0"},
				"east": {"uv": [3.75, 6.75, 7.25, 7.984], "texture": "#0"},
				"south": {"uv": [3.516, 6.75, 3.75, 7.984], "texture": "#0"},
				"west": {"uv": [0.016, 6.75, 3.484, 7.984], "texture": "#0"},
				"up": {"uv": [3.75, 6.75, 3.516, 3.25], "rotation": 180, "texture": "#0"},
				"down": {"uv": [3.984, 3.25, 3.75, 6.75], "rotation": 180, "texture": "#0"}
			}
		},
		{
			"name": "basketfront",
			"from": [2.06638, -0.0118, 0.92849],
			"to": [14.06638, 4.9882, 1.92849],
			"rotation": {"angle": 0, "axis": "x", "origin": [8, 6.48623, 6.95]},
			"faces": {
				"north": {"uv": [11.516, 5.016, 14.484, 6.25], "texture": "#0"},
				"east": {"uv": [11.25, 5.016, 11.484, 6.25], "texture": "#0"},
				"south": {"uv": [8.25, 5.016, 11.25, 6.25], "texture": "#0"},
				"west": {"uv": [8.016, 5.016, 8.25, 6.25], "texture": "#0"},
				"up": {"uv": [11.25, 4.984, 8.25, 4.75], "rotation": 180, "texture": "#0"},
				"down": {"uv": [14.25, 4.75, 11.25, 4.984], "rotation": 180, "texture": "#0"}
			}
		},
		{
			"name": "basketback",
			"from": [2.06638, -0.0118, 13.92849],
			"to": [14.06638, 4.9882, 14.92849],
			"rotation": {"angle": 0, "axis": "x", "origin": [8, 6.48623, 6.95]},
			"faces": {
				"north": {"uv": [11.516, 3.516, 14.484, 4.75], "texture": "#0"},
				"east": {"uv": [11.25, 3.516, 11.484, 4.75], "texture": "#0"},
				"south": {"uv": [8.25, 3.516, 11.25, 4.75], "texture": "#0"},
				"west": {"uv": [8.016, 3.516, 8.25, 4.75], "texture": "#0"},
				"up": {"uv": [11.25, 3.484, 8.25, 3.25], "rotation": 180, "texture": "#0"},
				"down": {"uv": [14.25, 3.25, 11.25, 3.484], "rotation": 180, "texture": "#0"}
			}
		},
		{
			"name": "face",
			"from": [4.09365, 5.65, 9.79082],
			"to": [6.09365, 6.65, 10.79082],
			"rotation": {"angle": 0, "axis": "y", "origin": [5.1, 4.8772, 11.2]},
			"faces": {
				"north": {"uv": [8.016, 0.516, 8.984, 0.984], "texture": "#1"},
				"east": {"uv": [7.516, 0.516, 7.984, 0.984], "texture": "#1"},
				"south": {"uv": [6.516, 0.516, 7.484, 0.984], "texture": "#1"},
				"west": {"uv": [6.016, 0.516, 6.484, 0.984], "texture": "#1"},
				"up": {"uv": [7.484, 0.484, 6.516, 0.016], "rotation": 180, "texture": "#1"},
				"down": {"uv": [8.484, 0.016, 7.516, 0.484], "rotation": 180, "texture": "#1"}
			}
		},
		{
			"name": "face",
			"from": [6.29365, 6.05, 10.49082],
			"to": [6.79365, 6.55, 10.99082],
			"rotation": {"angle": 0, "axis": "y", "origin": [5.1, 4.8772, 11.2]},
			"faces": {
				"north": {"uv": [11.016, 0.516, 10.984, 0.484], "texture": "#1"},
				"east": {"uv": [11.016, 0.516, 10.984, 0.484], "texture": "#1"},
				"south": {"uv": [11.016, 0.516, 10.984, 0.484], "texture": "#1"},
				"west": {"uv": [11.016, 0.516, 10.984, 0.484], "texture": "#1"},
				"up": {"uv": [11.016, 0.516, 10.984, 0.484], "rotation": 180, "texture": "#1"},
				"down": {"uv": [11.016, 0.516, 10.984, 0.484], "rotation": 180, "texture": "#1"}
			}
		},
		{
			"name": "face",
			"from": [5.80036, 6.25, 10.55202],
			"to": [6.30036, 6.75, 10.75202],
			"rotation": {"angle": 45, "axis": "y", "origin": [5.1, 4.8772, 11.2]},
			"faces": {
				"north": {"uv": [11.016, 0.516, 10.984, 0.484], "texture": "#1"},
				"east": {"uv": [11.016, 0.516, 10.984, 0.484], "texture": "#1"},
				"south": {"uv": [11.016, 0.516, 10.984, 0.484], "texture": "#1"},
				"west": {"uv": [11.016, 0.516, 10.984, 0.484], "texture": "#1"},
				"up": {"uv": [11.016, 0.516, 10.984, 0.484], "rotation": 270, "texture": "#1"},
				"down": {"uv": [11.016, 0.516, 10.984, 0.484], "rotation": 90, "texture": "#1"}
			}
		},
		{
			"name": "face",
			"from": [4.89365, 6.25, 10.19082],
			"to": [5.39365, 6.75, 10.69082],
			"rotation": {"angle": 0, "axis": "y", "origin": [5.1, 4.8772, 11.2]},
			"faces": {
				"north": {"uv": [11.016, 0.516, 10.984, 0.484], "texture": "#1"},
				"east": {"uv": [11.016, 0.516, 10.984, 0.484], "texture": "#1"},
				"south": {"uv": [11.016, 0.516, 10.984, 0.484], "texture": "#1"},
				"west": {"uv": [11.016, 0.516, 10.984, 0.484], "texture": "#1"},
				"up": {"uv": [11.016, 0.516, 10.984, 0.484], "rotation": 180, "texture": "#1"},
				"down": {"uv": [11.016, 0.516, 10.984, 0.484], "rotation": 180, "texture": "#1"}
			}
		},
		{
			"name": "face",
			"from": [5.61454, 6.25, 10.02413],
			"to": [5.81454, 6.75, 10.52413],
			"rotation": {"angle": 45, "axis": "y", "origin": [5.1, 4.8772, 11.2]},
			"faces": {
				"north": {"uv": [11.016, 0.516, 10.984, 0.484], "texture": "#1"},
				"east": {"uv": [11.016, 0.516, 10.984, 0.484], "texture": "#1"},
				"south": {"uv": [11.016, 0.516, 10.984, 0.484], "texture": "#1"},
				"west": {"uv": [11.016, 0.516, 10.984, 0.484], "texture": "#1"},
				"up": {"uv": [11.016, 0.516, 10.984, 0.484], "rotation": 180, "texture": "#1"},
				"down": {"uv": [11.016, 0.516, 10.984, 0.484], "rotation": 180, "texture": "#1"}
			}
		},
		{
			"name": "face",
			"from": [3.39365, 6.05, 10.49082],
			"to": [3.89365, 6.55, 10.99082],
			"rotation": {"angle": 0, "axis": "y", "origin": [5.1, 4.8772, 11.2]},
			"faces": {
				"north": {"uv": [11.016, 0.516, 10.984, 0.484], "texture": "#1"},
				"east": {"uv": [11.016, 0.516, 10.984, 0.484], "texture": "#1"},
				"south": {"uv": [11.016, 0.516, 10.984, 0.484], "texture": "#1"},
				"west": {"uv": [11.016, 0.516, 10.984, 0.484], "texture": "#1"},
				"up": {"uv": [11.016, 0.516, 10.984, 0.484], "rotation": 180, "texture": "#1"},
				"down": {"uv": [11.016, 0.516, 10.984, 0.484], "rotation": 180, "texture": "#1"}
			}
		},
		{
			"name": "body",
			"from": [3.09365, 5.45, 8.69082],
			"to": [7.09365, 6.45, 12.69082],
			"rotation": {"angle": 0, "axis": "y", "origin": [5.1, 4.8772, 11.2]},
			"faces": {
				"north": {"uv": [6.016, 2.016, 7.984, 2.484], "texture": "#1"},
				"east": {"uv": [4.016, 2.016, 5.984, 2.484], "texture": "#1"},
				"south": {"uv": [2.016, 2.016, 3.984, 2.484], "texture": "#1"},
				"west": {"uv": [0.016, 2.016, 1.984, 2.484], "texture": "#1"},
				"up": {"uv": [3.984, 1.984, 2.016, 0.016], "rotation": 180, "texture": "#1"},
				"down": {"uv": [5.984, 0.016, 4.016, 1.984], "rotation": 180, "texture": "#1"}
			}
		},
		{
			"name": "body",
			"from": [4.602, 3.349, 12.18901],
			"to": [6.602, 4.349, 14.18901],
			"shade": false,
			"rotation": {"angle": 45, "axis": "y", "origin": [5.1, 4.8772, 11.2]},
			"faces": {
				"north": {"uv": [2.984, 6.016, 2.016, 6.484], "texture": "#1"},
				"east": {"uv": [3.984, 6.016, 3.016, 6.484], "texture": "#1"},
				"south": {"uv": [0.984, 6.016, 0.016, 6.484], "texture": "#1"},
				"west": {"uv": [1.984, 6.016, 1.016, 6.484], "texture": "#1"},
				"up": {"uv": [1.016, 5.984, 1.984, 5.016], "rotation": 270, "texture": "#1"},
				"down": {"uv": [2.016, 5.016, 2.984, 5.984], "rotation": 90, "texture": "#1"}
			}
		},
		{
			"name": "body",
			"from": [4.602, 5.349, 12.18901],
			"to": [6.602, 6.349, 14.18901],
			"shade": false,
			"rotation": {"angle": 45, "axis": "y", "origin": [5.1, 4.8772, 11.2]},
			"faces": {
				"north": {"uv": [2.984, 6.016, 2.016, 6.484], "texture": "#1"},
				"east": {"uv": [3.984, 6.016, 3.016, 6.484], "texture": "#1"},
				"south": {"uv": [0.984, 6.016, 0.016, 6.484], "texture": "#1"},
				"west": {"uv": [1.984, 6.016, 1.016, 6.484], "texture": "#1"},
				"up": {"uv": [1.016, 5.984, 1.984, 5.016], "rotation": 270, "texture": "#1"},
				"down": {"uv": [2.016, 5.016, 2.984, 5.984], "rotation": 90, "texture": "#1"}
			}
		},
		{
			"name": "body",
			"from": [2.102, 5.349, 9.68901],
			"to": [4.102, 6.349, 11.68901],
			"rotation": {"angle": 45, "axis": "y", "origin": [5.1, 4.8772, 11.2]},
			"faces": {
				"north": {"uv": [3.016, 6.016, 3.984, 6.484], "texture": "#1"},
				"east": {"uv": [2.016, 6.016, 2.984, 6.484], "texture": "#1"},
				"south": {"uv": [1.016, 6.016, 1.984, 6.484], "texture": "#1"},
				"west": {"uv": [0.016, 6.016, 0.984, 6.484], "texture": "#1"},
				"up": {"uv": [1.984, 5.984, 1.016, 5.016], "rotation": 180, "texture": "#1"},
				"down": {"uv": [2.984, 5.016, 2.016, 5.984], "rotation": 180, "texture": "#1"}
			}
		},
		{
			"name": "body",
			"from": [2.102, 3.349, 9.68901],
			"to": [4.102, 4.349, 11.68901],
			"rotation": {"angle": 45, "axis": "y", "origin": [5.1, 4.8772, 11.2]},
			"faces": {
				"north": {"uv": [3.016, 6.016, 3.984, 6.484], "texture": "#1"},
				"east": {"uv": [2.016, 6.016, 2.984, 6.484], "texture": "#1"},
				"south": {"uv": [1.016, 6.016, 1.984, 6.484], "texture": "#1"},
				"west": {"uv": [0.016, 6.016, 0.984, 6.484], "texture": "#1"},
				"up": {"uv": [1.984, 5.984, 1.016, 5.016], "rotation": 180, "texture": "#1"},
				"down": {"uv": [2.984, 5.016, 2.016, 5.984], "rotation": 180, "texture": "#1"}
			}
		},
		{
			"name": "body",
			"from": [3.09365, 3.45, 8.69082],
			"to": [7.09365, 4.45, 12.69082],
			"rotation": {"angle": 0, "axis": "y", "origin": [5.1, 4.8772, 11.2]},
			"faces": {
				"north": {"uv": [6.016, 2.016, 7.984, 2.484], "texture": "#1"},
				"east": {"uv": [4.016, 2.016, 5.984, 2.484], "texture": "#1"},
				"south": {"uv": [2.016, 2.016, 3.984, 2.484], "texture": "#1"},
				"west": {"uv": [0.016, 2.016, 1.984, 2.484], "texture": "#1"},
				"up": {"uv": [3.984, 1.984, 2.016, 0.016], "rotation": 180, "texture": "#1"},
				"down": {"uv": [5.984, 0.016, 4.016, 1.984], "rotation": 180, "texture": "#1"}
			}
		},
		{
			"name": "cream",
			"from": [4.602, 4.349, 12.18901],
			"to": [6.602, 5.349, 14.18901],
			"rotation": {"angle": 45, "axis": "y", "origin": [5.1, 4.8772, 11.2]},
			"faces": {
				"north": {"uv": [2.016, 4.516, 2.984, 4.984], "texture": "#1"},
				"east": {"uv": [5.016, 4.516, 5.984, 4.984], "texture": "#1"},
				"south": {"uv": [4.016, 4.516, 4.984, 4.984], "texture": "#1"},
				"west": {"uv": [3.016, 4.516, 3.984, 4.984], "texture": "#1"},
				"up": {"uv": [3.984, 4.484, 3.016, 3.516], "rotation": 270, "texture": "#1"},
				"down": {"uv": [4.984, 3.516, 4.016, 4.484], "rotation": 90, "texture": "#1"}
			}
		},
		{
			"name": "cream",
			"from": [3.09365, 4.45, 8.69082],
			"to": [7.09365, 5.45, 12.69082],
			"rotation": {"angle": 0, "axis": "y", "origin": [5.1, 4.8772, 11.2]},
			"faces": {
				"north": {"uv": [6.016, 4.516, 7.984, 4.984], "texture": "#1"},
				"east": {"uv": [4.016, 4.516, 5.984, 4.984], "texture": "#1"},
				"south": {"uv": [2.016, 4.516, 3.984, 4.984], "texture": "#1"},
				"west": {"uv": [0.016, 4.516, 1.984, 4.984], "texture": "#1"},
				"up": {"uv": [3.984, 4.484, 2.016, 2.516], "rotation": 180, "texture": "#1"},
				"down": {"uv": [5.984, 2.516, 4.016, 4.484], "rotation": 180, "texture": "#1"}
			}
		},
		{
			"name": "cream",
			"from": [2.102, 4.349, 9.68901],
			"to": [4.102, 5.349, 11.68901],
			"rotation": {"angle": 45, "axis": "y", "origin": [5.1, 4.8772, 11.2]},
			"faces": {
				"north": {"uv": [5.016, 4.516, 5.984, 4.984], "texture": "#1"},
				"east": {"uv": [4.016, 4.516, 4.984, 4.984], "texture": "#1"},
				"south": {"uv": [3.016, 4.516, 3.984, 4.984], "texture": "#1"},
				"west": {"uv": [2.016, 4.516, 2.984, 4.984], "texture": "#1"},
				"up": {"uv": [3.984, 4.484, 3.016, 3.516], "rotation": 180, "texture": "#1"},
				"down": {"uv": [4.984, 3.516, 4.016, 4.484], "rotation": 180, "texture": "#1"}
			}
		},
		{
			"name": "face",
			"from": [9.74365, 5.4, 9.04082],
			"to": [11.74365, 6.4, 10.04082],
			"rotation": {"angle": 22.5, "axis": "y", "origin": [10.75, 4.6272, 10.45]},
			"faces": {
				"north": {"uv": [8.016, 0.516, 8.984, 0.984], "texture": "#1"},
				"east": {"uv": [7.516, 0.516, 7.984, 0.984], "texture": "#1"},
				"south": {"uv": [6.516, 0.516, 7.484, 0.984], "texture": "#1"},
				"west": {"uv": [6.016, 0.516, 6.484, 0.984], "texture": "#1"},
				"up": {"uv": [7.484, 0.484, 6.516, 0.016], "rotation": 180, "texture": "#1"},
				"down": {"uv": [8.484, 0.016, 7.516, 0.484], "rotation": 180, "texture": "#1"}
			}
		},
		{
			"name": "face",
			"from": [11.94365, 5.8, 9.74082],
			"to": [12.44365, 6.3, 10.24082],
			"rotation": {"angle": 22.5, "axis": "y", "origin": [10.75, 4.6272, 10.45]},
			"faces": {
				"north": {"uv": [11.016, 0.516, 10.984, 0.484], "texture": "#1"},
				"east": {"uv": [11.016, 0.516, 10.984, 0.484], "texture": "#1"},
				"south": {"uv": [11.016, 0.516, 10.984, 0.484], "texture": "#1"},
				"west": {"uv": [11.016, 0.516, 10.984, 0.484], "texture": "#1"},
				"up": {"uv": [11.016, 0.516, 10.984, 0.484], "rotation": 180, "texture": "#1"},
				"down": {"uv": [11.016, 0.516, 10.984, 0.484], "rotation": 180, "texture": "#1"}
			}
		},
		{
			"name": "face",
			"from": [10.10202, 6, 9.24964],
			"to": [10.30202, 6.5, 9.74964],
			"rotation": {"angle": -22.5, "axis": "y", "origin": [10.75, 4.6272, 10.45]},
			"faces": {
				"north": {"uv": [11.016, 0.516, 10.984, 0.484], "texture": "#1"},
				"east": {"uv": [11.016, 0.516, 10.984, 0.484], "texture": "#1"},
				"south": {"uv": [11.016, 0.516, 10.984, 0.484], "texture": "#1"},
				"west": {"uv": [11.016, 0.516, 10.984, 0.484], "texture": "#1"},
				"up": {"uv": [11.016, 0.516, 10.984, 0.484], "rotation": 180, "texture": "#1"},
				"down": {"uv": [11.016, 0.516, 10.984, 0.484], "rotation": 180, "texture": "#1"}
			}
		},
		{
			"name": "face",
			"from": [10.54365, 6, 9.44082],
			"to": [11.04365, 6.5, 9.94082],
			"rotation": {"angle": 22.5, "axis": "y", "origin": [10.75, 4.6272, 10.45]},
			"faces": {
				"north": {"uv": [11.016, 0.516, 10.984, 0.484], "texture": "#1"},
				"east": {"uv": [11.016, 0.516, 10.984, 0.484], "texture": "#1"},
				"south": {"uv": [11.016, 0.516, 10.984, 0.484], "texture": "#1"},
				"west": {"uv": [11.016, 0.516, 10.984, 0.484], "texture": "#1"},
				"up": {"uv": [11.016, 0.516, 10.984, 0.484], "rotation": 180, "texture": "#1"},
				"down": {"uv": [11.016, 0.516, 10.984, 0.484], "rotation": 180, "texture": "#1"}
			}
		},
		{
			"name": "face",
			"from": [9.57413, 6, 9.73546],
			"to": [10.07413, 6.5, 9.93546],
			"rotation": {"angle": -22.5, "axis": "y", "origin": [10.75, 4.6272, 10.45]},
			"faces": {
				"north": {"uv": [11.016, 0.516, 10.984, 0.484], "texture": "#1"},
				"east": {"uv": [11.016, 0.516, 10.984, 0.484], "texture": "#1"},
				"south": {"uv": [11.016, 0.516, 10.984, 0.484], "texture": "#1"},
				"west": {"uv": [11.016, 0.516, 10.984, 0.484], "texture": "#1"},
				"up": {"uv": [11.016, 0.516, 10.984, 0.484], "rotation": 90, "texture": "#1"},
				"down": {"uv": [11.016, 0.516, 10.984, 0.484], "rotation": 270, "texture": "#1"}
			}
		},
		{
			"name": "face",
			"from": [9.04365, 5.8, 9.74082],
			"to": [9.54365, 6.3, 10.24082],
			"rotation": {"angle": 22.5, "axis": "y", "origin": [10.75, 4.6272, 10.45]},
			"faces": {
				"north": {"uv": [11.016, 0.516, 10.984, 0.484], "texture": "#1"},
				"east": {"uv": [11.016, 0.516, 10.984, 0.484], "texture": "#1"},
				"south": {"uv": [11.016, 0.516, 10.984, 0.484], "texture": "#1"},
				"west": {"uv": [11.016, 0.516, 10.984, 0.484], "texture": "#1"},
				"up": {"uv": [11.016, 0.516, 10.984, 0.484], "rotation": 180, "texture": "#1"},
				"down": {"uv": [11.016, 0.516, 10.984, 0.484], "rotation": 180, "texture": "#1"}
			}
		},
		{
			"name": "body",
			"from": [8.74365, 5.2, 7.94082],
			"to": [12.74365, 6.2, 11.94082],
			"rotation": {"angle": 22.5, "axis": "y", "origin": [10.75, 4.6272, 10.45]},
			"faces": {
				"north": {"uv": [6.016, 2.016, 7.984, 2.484], "texture": "#1"},
				"east": {"uv": [4.016, 2.016, 5.984, 2.484], "texture": "#1"},
				"south": {"uv": [2.016, 2.016, 3.984, 2.484], "texture": "#1"},
				"west": {"uv": [0.016, 2.016, 1.984, 2.484], "texture": "#1"},
				"up": {"uv": [3.984, 1.984, 2.016, 0.016], "rotation": 180, "texture": "#1"},
				"down": {"uv": [5.984, 0.016, 4.016, 1.984], "rotation": 180, "texture": "#1"}
			}
		},
		{
			"name": "body",
			"from": [11.73901, 3.099, 8.948],
			"to": [13.73901, 4.099, 10.948],
			"shade": false,
			"rotation": {"angle": -22.5, "axis": "y", "origin": [10.75, 4.6272, 10.45]},
			"faces": {
				"north": {"uv": [3.984, 6.016, 3.016, 6.484], "texture": "#1"},
				"east": {"uv": [0.984, 6.016, 0.016, 6.484], "texture": "#1"},
				"south": {"uv": [1.984, 6.016, 1.016, 6.484], "texture": "#1"},
				"west": {"uv": [2.984, 6.016, 2.016, 6.484], "texture": "#1"},
				"up": {"uv": [1.016, 5.984, 1.984, 5.016], "rotation": 180, "texture": "#1"},
				"down": {"uv": [2.016, 5.016, 2.984, 5.984], "rotation": 180, "texture": "#1"}
			}
		},
		{
			"name": "body",
			"from": [11.73901, 5.099, 8.948],
			"to": [13.73901, 6.099, 10.948],
			"shade": false,
			"rotation": {"angle": -22.5, "axis": "y", "origin": [10.75, 4.6272, 10.45]},
			"faces": {
				"north": {"uv": [3.984, 6.016, 3.016, 6.484], "texture": "#1"},
				"east": {"uv": [0.984, 6.016, 0.016, 6.484], "texture": "#1"},
				"south": {"uv": [1.984, 6.016, 1.016, 6.484], "texture": "#1"},
				"west": {"uv": [2.984, 6.016, 2.016, 6.484], "texture": "#1"},
				"up": {"uv": [1.016, 5.984, 1.984, 5.016], "rotation": 180, "texture": "#1"},
				"down": {"uv": [2.016, 5.016, 2.984, 5.984], "rotation": 180, "texture": "#1"}
			}
		},
		{
			"name": "body",
			"from": [9.23901, 5.099, 11.448],
			"to": [11.23901, 6.099, 13.448],
			"rotation": {"angle": -22.5, "axis": "y", "origin": [10.75, 4.6272, 10.45]},
			"faces": {
				"north": {"uv": [2.016, 6.016, 2.984, 6.484], "texture": "#1"},
				"east": {"uv": [1.016, 6.016, 1.984, 6.484], "texture": "#1"},
				"south": {"uv": [0.016, 6.016, 0.984, 6.484], "texture": "#1"},
				"west": {"uv": [3.016, 6.016, 3.984, 6.484], "texture": "#1"},
				"up": {"uv": [1.984, 5.984, 1.016, 5.016], "rotation": 90, "texture": "#1"},
				"down": {"uv": [2.984, 5.016, 2.016, 5.984], "rotation": 270, "texture": "#1"}
			}
		},
		{
			"name": "body",
			"from": [9.23901, 3.099, 11.448],
			"to": [11.23901, 4.099, 13.448],
			"rotation": {"angle": -22.5, "axis": "y", "origin": [10.75, 4.6272, 10.45]},
			"faces": {
				"north": {"uv": [2.016, 6.016, 2.984, 6.484], "texture": "#1"},
				"east": {"uv": [1.016, 6.016, 1.984, 6.484], "texture": "#1"},
				"south": {"uv": [0.016, 6.016, 0.984, 6.484], "texture": "#1"},
				"west": {"uv": [3.016, 6.016, 3.984, 6.484], "texture": "#1"},
				"up": {"uv": [1.984, 5.984, 1.016, 5.016], "rotation": 90, "texture": "#1"},
				"down": {"uv": [2.984, 5.016, 2.016, 5.984], "rotation": 270, "texture": "#1"}
			}
		},
		{
			"name": "body",
			"from": [8.74365, 3.2, 7.94082],
			"to": [12.74365, 4.2, 11.94082],
			"rotation": {"angle": 22.5, "axis": "y", "origin": [10.75, 4.6272, 10.45]},
			"faces": {
				"north": {"uv": [6.016, 2.016, 7.984, 2.484], "texture": "#1"},
				"east": {"uv": [4.016, 2.016, 5.984, 2.484], "texture": "#1"},
				"south": {"uv": [2.016, 2.016, 3.984, 2.484], "texture": "#1"},
				"west": {"uv": [0.016, 2.016, 1.984, 2.484], "texture": "#1"},
				"up": {"uv": [3.984, 1.984, 2.016, 0.016], "rotation": 180, "texture": "#1"},
				"down": {"uv": [5.984, 0.016, 4.016, 1.984], "rotation": 180, "texture": "#1"}
			}
		},
		{
			"name": "cream",
			"from": [11.73901, 4.099, 8.948],
			"to": [13.73901, 5.099, 10.948],
			"rotation": {"angle": -22.5, "axis": "y", "origin": [10.75, 4.6272, 10.45]},
			"faces": {
				"north": {"uv": [5.016, 4.516, 5.984, 4.984], "texture": "#1"},
				"east": {"uv": [4.016, 4.516, 4.984, 4.984], "texture": "#1"},
				"south": {"uv": [3.016, 4.516, 3.984, 4.984], "texture": "#1"},
				"west": {"uv": [2.016, 4.516, 2.984, 4.984], "texture": "#1"},
				"up": {"uv": [3.984, 4.484, 3.016, 3.516], "rotation": 180, "texture": "#1"},
				"down": {"uv": [4.984, 3.516, 4.016, 4.484], "rotation": 180, "texture": "#1"}
			}
		},
		{
			"name": "cream",
			"from": [8.74365, 4.2, 7.94082],
			"to": [12.74365, 5.2, 11.94082],
			"rotation": {"angle": 22.5, "axis": "y", "origin": [10.75, 4.6272, 10.45]},
			"faces": {
				"north": {"uv": [6.016, 4.516, 7.984, 4.984], "texture": "#1"},
				"east": {"uv": [4.016, 4.516, 5.984, 4.984], "texture": "#1"},
				"south": {"uv": [2.016, 4.516, 3.984, 4.984], "texture": "#1"},
				"west": {"uv": [0.016, 4.516, 1.984, 4.984], "texture": "#1"},
				"up": {"uv": [3.984, 4.484, 2.016, 2.516], "rotation": 180, "texture": "#1"},
				"down": {"uv": [5.984, 2.516, 4.016, 4.484], "rotation": 180, "texture": "#1"}
			}
		},
		{
			"name": "cream",
			"from": [9.23901, 4.099, 11.448],
			"to": [11.23901, 5.099, 13.448],
			"rotation": {"angle": -22.5, "axis": "y", "origin": [10.75, 4.6272, 10.45]},
			"faces": {
				"north": {"uv": [4.016, 4.516, 4.984, 4.984], "texture": "#1"},
				"east": {"uv": [3.016, 4.516, 3.984, 4.984], "texture": "#1"},
				"south": {"uv": [2.016, 4.516, 2.984, 4.984], "texture": "#1"},
				"west": {"uv": [5.016, 4.516, 5.984, 4.984], "texture": "#1"},
				"up": {"uv": [3.984, 4.484, 3.016, 3.516], "rotation": 90, "texture": "#1"},
				"down": {"uv": [4.984, 3.516, 4.016, 4.484], "rotation": 270, "texture": "#1"}
			}
		},
		{
			"name": "face",
			"from": [9.74365, 5.35, 3.39082],
			"to": [11.74365, 6.35, 4.39082],
			"rotation": {"angle": 0, "axis": "y", "origin": [10.75, 4.5772, 4.8]},
			"faces": {
				"north": {"uv": [8.016, 0.516, 8.984, 0.984], "texture": "#1"},
				"east": {"uv": [7.516, 0.516, 7.984, 0.984], "texture": "#1"},
				"south": {"uv": [6.516, 0.516, 7.484, 0.984], "texture": "#1"},
				"west": {"uv": [6.016, 0.516, 6.484, 0.984], "texture": "#1"},
				"up": {"uv": [7.484, 0.484, 6.516, 0.016], "rotation": 180, "texture": "#1"},
				"down": {"uv": [8.484, 0.016, 7.516, 0.484], "rotation": 180, "texture": "#1"}
			}
		},
		{
			"name": "face",
			"from": [11.94365, 5.75, 4.09082],
			"to": [12.44365, 6.25, 4.59082],
			"rotation": {"angle": 0, "axis": "y", "origin": [10.75, 4.5772, 4.8]},
			"faces": {
				"north": {"uv": [11.016, 0.516, 10.984, 0.484], "texture": "#1"},
				"east": {"uv": [11.016, 0.516, 10.984, 0.484], "texture": "#1"},
				"south": {"uv": [11.016, 0.516, 10.984, 0.484], "texture": "#1"},
				"west": {"uv": [11.016, 0.516, 10.984, 0.484], "texture": "#1"},
				"up": {"uv": [11.016, 0.516, 10.984, 0.484], "rotation": 180, "texture": "#1"},
				"down": {"uv": [11.016, 0.516, 10.984, 0.484], "rotation": 180, "texture": "#1"}
			}
		},
		{
			"name": "face",
			"from": [11.45036, 5.95, 4.15202],
			"to": [11.95036, 6.45, 4.35202],
			"rotation": {"angle": 45, "axis": "y", "origin": [10.75, 4.5772, 4.8]},
			"faces": {
				"north": {"uv": [11.016, 0.516, 10.984, 0.484], "texture": "#1"},
				"east": {"uv": [11.016, 0.516, 10.984, 0.484], "texture": "#1"},
				"south": {"uv": [11.016, 0.516, 10.984, 0.484], "texture": "#1"},
				"west": {"uv": [11.016, 0.516, 10.984, 0.484], "texture": "#1"},
				"up": {"uv": [11.016, 0.516, 10.984, 0.484], "rotation": 270, "texture": "#1"},
				"down": {"uv": [11.016, 0.516, 10.984, 0.484], "rotation": 90, "texture": "#1"}
			}
		},
		{
			"name": "face",
			"from": [10.54365, 5.95, 3.79082],
			"to": [11.04365, 6.45, 4.29082],
			"rotation": {"angle": 0, "axis": "y", "origin": [10.75, 4.5772, 4.8]},
			"faces": {
				"north": {"uv": [11.016, 0.516, 10.984, 0.484], "texture": "#1"},
				"east": {"uv": [11.016, 0.516, 10.984, 0.484], "texture": "#1"},
				"south": {"uv": [11.016, 0.516, 10.984, 0.484], "texture": "#1"},
				"west": {"uv": [11.016, 0.516, 10.984, 0.484], "texture": "#1"},
				"up": {"uv": [11.016, 0.516, 10.984, 0.484], "rotation": 180, "texture": "#1"},
				"down": {"uv": [11.016, 0.516, 10.984, 0.484], "rotation": 180, "texture": "#1"}
			}
		},
		{
			"name": "face",
			"from": [11.26454, 5.95, 3.62413],
			"to": [11.46454, 6.45, 4.12413],
			"rotation": {"angle": 45, "axis": "y", "origin": [10.75, 4.5772, 4.8]},
			"faces": {
				"north": {"uv": [11.016, 0.516, 10.984, 0.484], "texture": "#1"},
				"east": {"uv": [11.016, 0.516, 10.984, 0.484], "texture": "#1"},
				"south": {"uv": [11.016, 0.516, 10.984, 0.484], "texture": "#1"},
				"west": {"uv": [11.016, 0.516, 10.984, 0.484], "texture": "#1"},
				"up": {"uv": [11.016, 0.516, 10.984, 0.484], "rotation": 180, "texture": "#1"},
				"down": {"uv": [11.016, 0.516, 10.984, 0.484], "rotation": 180, "texture": "#1"}
			}
		},
		{
			"name": "face",
			"from": [9.04365, 5.75, 4.09082],
			"to": [9.54365, 6.25, 4.59082],
			"rotation": {"angle": 0, "axis": "y", "origin": [10.75, 4.5772, 4.8]},
			"faces": {
				"north": {"uv": [11.016, 0.516, 10.984, 0.484], "texture": "#1"},
				"east": {"uv": [11.016, 0.516, 10.984, 0.484], "texture": "#1"},
				"south": {"uv": [11.016, 0.516, 10.984, 0.484], "texture": "#1"},
				"west": {"uv": [11.016, 0.516, 10.984, 0.484], "texture": "#1"},
				"up": {"uv": [11.016, 0.516, 10.984, 0.484], "rotation": 180, "texture": "#1"},
				"down": {"uv": [11.016, 0.516, 10.984, 0.484], "rotation": 180, "texture": "#1"}
			}
		},
		{
			"name": "body",
			"from": [8.74365, 5.15, 2.29082],
			"to": [12.74365, 6.15, 6.29082],
			"rotation": {"angle": 0, "axis": "y", "origin": [10.75, 4.5772, 4.8]},
			"faces": {
				"north": {"uv": [6.016, 2.016, 7.984, 2.484], "texture": "#1"},
				"east": {"uv": [4.016, 2.016, 5.984, 2.484], "texture": "#1"},
				"south": {"uv": [2.016, 2.016, 3.984, 2.484], "texture": "#1"},
				"west": {"uv": [0.016, 2.016, 1.984, 2.484], "texture": "#1"},
				"up": {"uv": [3.984, 1.984, 2.016, 0.016], "rotation": 180, "texture": "#1"},
				"down": {"uv": [5.984, 0.016, 4.016, 1.984], "rotation": 180, "texture": "#1"}
			}
		},
		{
			"name": "body",
			"from": [10.252, 3.049, 5.78901],
			"to": [12.252, 4.049, 7.78901],
			"shade": false,
			"rotation": {"angle": 45, "axis": "y", "origin": [10.75, 4.5772, 4.8]},
			"faces": {
				"north": {"uv": [2.984, 6.016, 2.016, 6.484], "texture": "#1"},
				"east": {"uv": [3.984, 6.016, 3.016, 6.484], "texture": "#1"},
				"south": {"uv": [0.984, 6.016, 0.016, 6.484], "texture": "#1"},
				"west": {"uv": [1.984, 6.016, 1.016, 6.484], "texture": "#1"},
				"up": {"uv": [1.016, 5.984, 1.984, 5.016], "rotation": 270, "texture": "#1"},
				"down": {"uv": [2.016, 5.016, 2.984, 5.984], "rotation": 90, "texture": "#1"}
			}
		},
		{
			"name": "body",
			"from": [10.252, 5.049, 5.78901],
			"to": [12.252, 6.049, 7.78901],
			"shade": false,
			"rotation": {"angle": 45, "axis": "y", "origin": [10.75, 4.5772, 4.8]},
			"faces": {
				"north": {"uv": [2.984, 6.016, 2.016, 6.484], "texture": "#1"},
				"east": {"uv": [3.984, 6.016, 3.016, 6.484], "texture": "#1"},
				"south": {"uv": [0.984, 6.016, 0.016, 6.484], "texture": "#1"},
				"west": {"uv": [1.984, 6.016, 1.016, 6.484], "texture": "#1"},
				"up": {"uv": [1.016, 5.984, 1.984, 5.016], "rotation": 270, "texture": "#1"},
				"down": {"uv": [2.016, 5.016, 2.984, 5.984], "rotation": 90, "texture": "#1"}
			}
		},
		{
			"name": "body",
			"from": [7.752, 5.049, 3.28901],
			"to": [9.752, 6.049, 5.28901],
			"rotation": {"angle": 45, "axis": "y", "origin": [10.75, 4.5772, 4.8]},
			"faces": {
				"north": {"uv": [3.016, 6.016, 3.984, 6.484], "texture": "#1"},
				"east": {"uv": [2.016, 6.016, 2.984, 6.484], "texture": "#1"},
				"south": {"uv": [1.016, 6.016, 1.984, 6.484], "texture": "#1"},
				"west": {"uv": [0.016, 6.016, 0.984, 6.484], "texture": "#1"},
				"up": {"uv": [1.984, 5.984, 1.016, 5.016], "rotation": 180, "texture": "#1"},
				"down": {"uv": [2.984, 5.016, 2.016, 5.984], "rotation": 180, "texture": "#1"}
			}
		},
		{
			"name": "body",
			"from": [7.752, 3.049, 3.28901],
			"to": [9.752, 4.049, 5.28901],
			"rotation": {"angle": 45, "axis": "y", "origin": [10.75, 4.5772, 4.8]},
			"faces": {
				"north": {"uv": [3.016, 6.016, 3.984, 6.484], "texture": "#1"},
				"east": {"uv": [2.016, 6.016, 2.984, 6.484], "texture": "#1"},
				"south": {"uv": [1.016, 6.016, 1.984, 6.484], "texture": "#1"},
				"west": {"uv": [0.016, 6.016, 0.984, 6.484], "texture": "#1"},
				"up": {"uv": [1.984, 5.984, 1.016, 5.016], "rotation": 180, "texture": "#1"},
				"down": {"uv": [2.984, 5.016, 2.016, 5.984], "rotation": 180, "texture": "#1"}
			}
		},
		{
			"name": "body",
			"from": [8.74365, 3.15, 2.29082],
			"to": [12.74365, 4.15, 6.29082],
			"rotation": {"angle": 0, "axis": "y", "origin": [10.75, 4.5772, 4.8]},
			"faces": {
				"north": {"uv": [6.016, 2.016, 7.984, 2.484], "texture": "#1"},
				"east": {"uv": [4.016, 2.016, 5.984, 2.484], "texture": "#1"},
				"south": {"uv": [2.016, 2.016, 3.984, 2.484], "texture": "#1"},
				"west": {"uv": [0.016, 2.016, 1.984, 2.484], "texture": "#1"},
				"up": {"uv": [3.984, 1.984, 2.016, 0.016], "rotation": 180, "texture": "#1"},
				"down": {"uv": [5.984, 0.016, 4.016, 1.984], "rotation": 180, "texture": "#1"}
			}
		},
		{
			"name": "cream",
			"from": [10.252, 4.049, 5.78901],
			"to": [12.252, 5.049, 7.78901],
			"rotation": {"angle": 45, "axis": "y", "origin": [10.75, 4.5772, 4.8]},
			"faces": {
				"north": {"uv": [2.016, 4.516, 2.984, 4.984], "texture": "#1"},
				"east": {"uv": [5.016, 4.516, 5.984, 4.984], "texture": "#1"},
				"south": {"uv": [4.016, 4.516, 4.984, 4.984], "texture": "#1"},
				"west": {"uv": [3.016, 4.516, 3.984, 4.984], "texture": "#1"},
				"up": {"uv": [3.984, 4.484, 3.016, 3.516], "rotation": 270, "texture": "#1"},
				"down": {"uv": [4.984, 3.516, 4.016, 4.484], "rotation": 90, "texture": "#1"}
			}
		},
		{
			"name": "cream",
			"from": [8.74365, 4.15, 2.29082],
			"to": [12.74365, 5.15, 6.29082],
			"rotation": {"angle": 0, "axis": "y", "origin": [10.75, 4.5772, 4.8]},
			"faces": {
				"north": {"uv": [6.016, 4.516, 7.984, 4.984], "texture": "#1"},
				"east": {"uv": [4.016, 4.516, 5.984, 4.984], "texture": "#1"},
				"south": {"uv": [2.016, 4.516, 3.984, 4.984], "texture": "#1"},
				"west": {"uv": [0.016, 4.516, 1.984, 4.984], "texture": "#1"},
				"up": {"uv": [3.984, 4.484, 2.016, 2.516], "rotation": 180, "texture": "#1"},
				"down": {"uv": [5.984, 2.516, 4.016, 4.484], "rotation": 180, "texture": "#1"}
			}
		},
		{
			"name": "cream",
			"from": [7.752, 4.049, 3.28901],
			"to": [9.752, 5.049, 5.28901],
			"rotation": {"angle": 45, "axis": "y", "origin": [10.75, 4.5772, 4.8]},
			"faces": {
				"north": {"uv": [5.016, 4.516, 5.984, 4.984], "texture": "#1"},
				"east": {"uv": [4.016, 4.516, 4.984, 4.984], "texture": "#1"},
				"south": {"uv": [3.016, 4.516, 3.984, 4.984], "texture": "#1"},
				"west": {"uv": [2.016, 4.516, 2.984, 4.984], "texture": "#1"},
				"up": {"uv": [3.984, 4.484, 3.016, 3.516], "rotation": 180, "texture": "#1"},
				"down": {"uv": [4.984, 3.516, 4.016, 4.484], "rotation": 180, "texture": "#1"}
			}
		},
		{
			"name": "face",
			"from": [4.34365, 5.85, 4.14082],
			"to": [6.34365, 6.85, 5.14082],
			"rotation": {"angle": -22.5, "axis": "y", "origin": [5.35, 5.0772, 5.55]},
			"faces": {
				"north": {"uv": [8.016, 0.516, 8.984, 0.984], "texture": "#1"},
				"east": {"uv": [7.516, 0.516, 7.984, 0.984], "texture": "#1"},
				"south": {"uv": [6.516, 0.516, 7.484, 0.984], "texture": "#1"},
				"west": {"uv": [6.016, 0.516, 6.484, 0.984], "texture": "#1"},
				"up": {"uv": [7.484, 0.484, 6.516, 0.016], "rotation": 180, "texture": "#1"},
				"down": {"uv": [8.484, 0.016, 7.516, 0.484], "rotation": 180, "texture": "#1"}
			}
		},
		{
			"name": "face",
			"from": [6.54365, 6.25, 4.84082],
			"to": [7.04365, 6.75, 5.34082],
			"rotation": {"angle": -22.5, "axis": "y", "origin": [5.35, 5.0772, 5.55]},
			"faces": {
				"north": {"uv": [11.016, 0.516, 10.984, 0.484], "texture": "#1"},
				"east": {"uv": [11.016, 0.516, 10.984, 0.484], "texture": "#1"},
				"south": {"uv": [11.016, 0.516, 10.984, 0.484], "texture": "#1"},
				"west": {"uv": [11.016, 0.516, 10.984, 0.484], "texture": "#1"},
				"up": {"uv": [11.016, 0.516, 10.984, 0.484], "rotation": 180, "texture": "#1"},
				"down": {"uv": [11.016, 0.516, 10.984, 0.484], "rotation": 180, "texture": "#1"}
			}
		},
		{
			"name": "face",
			"from": [6.05036, 6.45, 4.90202],
			"to": [6.55036, 6.95, 5.10202],
			"rotation": {"angle": 22.5, "axis": "y", "origin": [5.35, 5.0772, 5.55]},
			"faces": {
				"north": {"uv": [11.016, 0.516, 10.984, 0.484], "texture": "#1"},
				"east": {"uv": [11.016, 0.516, 10.984, 0.484], "texture": "#1"},
				"south": {"uv": [11.016, 0.516, 10.984, 0.484], "texture": "#1"},
				"west": {"uv": [11.016, 0.516, 10.984, 0.484], "texture": "#1"},
				"up": {"uv": [11.016, 0.516, 10.984, 0.484], "rotation": 270, "texture": "#1"},
				"down": {"uv": [11.016, 0.516, 10.984, 0.484], "rotation": 90, "texture": "#1"}
			}
		},
		{
			"name": "face",
			"from": [5.14365, 6.45, 4.54082],
			"to": [5.64365, 6.95, 5.04082],
			"rotation": {"angle": -22.5, "axis": "y", "origin": [5.35, 5.0772, 5.55]},
			"faces": {
				"north": {"uv": [11.016, 0.516, 10.984, 0.484], "texture": "#1"},
				"east": {"uv": [11.016, 0.516, 10.984, 0.484], "texture": "#1"},
				"south": {"uv": [11.016, 0.516, 10.984, 0.484], "texture": "#1"},
				"west": {"uv": [11.016, 0.516, 10.984, 0.484], "texture": "#1"},
				"up": {"uv": [11.016, 0.516, 10.984, 0.484], "rotation": 180, "texture": "#1"},
				"down": {"uv": [11.016, 0.516, 10.984, 0.484], "rotation": 180, "texture": "#1"}
			}
		},
		{
			"name": "face",
			"from": [5.86454, 6.45, 4.37413],
			"to": [6.06454, 6.95, 4.87413],
			"rotation": {"angle": 22.5, "axis": "y", "origin": [5.35, 5.0772, 5.55]},
			"faces": {
				"north": {"uv": [11.016, 0.516, 10.984, 0.484], "texture": "#1"},
				"east": {"uv": [11.016, 0.516, 10.984, 0.484], "texture": "#1"},
				"south": {"uv": [11.016, 0.516, 10.984, 0.484], "texture": "#1"},
				"west": {"uv": [11.016, 0.516, 10.984, 0.484], "texture": "#1"},
				"up": {"uv": [11.016, 0.516, 10.984, 0.484], "rotation": 180, "texture": "#1"},
				"down": {"uv": [11.016, 0.516, 10.984, 0.484], "rotation": 180, "texture": "#1"}
			}
		},
		{
			"name": "face",
			"from": [3.64365, 6.25, 4.84082],
			"to": [4.14365, 6.75, 5.34082],
			"rotation": {"angle": -22.5, "axis": "y", "origin": [5.35, 5.0772, 5.55]},
			"faces": {
				"north": {"uv": [11.016, 0.516, 10.984, 0.484], "texture": "#1"},
				"east": {"uv": [11.016, 0.516, 10.984, 0.484], "texture": "#1"},
				"south": {"uv": [11.016, 0.516, 10.984, 0.484], "texture": "#1"},
				"west": {"uv": [11.016, 0.516, 10.984, 0.484], "texture": "#1"},
				"up": {"uv": [11.016, 0.516, 10.984, 0.484], "rotation": 180, "texture": "#1"},
				"down": {"uv": [11.016, 0.516, 10.984, 0.484], "rotation": 180, "texture": "#1"}
			}
		},
		{
			"name": "body",
			"from": [3.34365, 5.65, 3.04082],
			"to": [7.34365, 6.65, 7.04082],
			"rotation": {"angle": -22.5, "axis": "y", "origin": [5.35, 5.0772, 5.55]},
			"faces": {
				"north": {"uv": [6.016, 2.016, 7.984, 2.484], "texture": "#1"},
				"east": {"uv": [4.016, 2.016, 5.984, 2.484], "texture": "#1"},
				"south": {"uv": [2.016, 2.016, 3.984, 2.484], "texture": "#1"},
				"west": {"uv": [0.016, 2.016, 1.984, 2.484], "texture": "#1"},
				"up": {"uv": [3.984, 1.984, 2.016, 0.016], "rotation": 180, "texture": "#1"},
				"down": {"uv": [5.984, 0.016, 4.016, 1.984], "rotation": 180, "texture": "#1"}
			}
		},
		{
			"name": "body",
			"from": [4.852, 3.549, 6.53901],
			"to": [6.852, 4.549, 8.53901],
			"shade": false,
			"rotation": {"angle": 22.5, "axis": "y", "origin": [5.35, 5.0772, 5.55]},
			"faces": {
				"north": {"uv": [2.984, 6.016, 2.016, 6.484], "texture": "#1"},
				"east": {"uv": [3.984, 6.016, 3.016, 6.484], "texture": "#1"},
				"south": {"uv": [0.984, 6.016, 0.016, 6.484], "texture": "#1"},
				"west": {"uv": [1.984, 6.016, 1.016, 6.484], "texture": "#1"},
				"up": {"uv": [1.016, 5.984, 1.984, 5.016], "rotation": 270, "texture": "#1"},
				"down": {"uv": [2.016, 5.016, 2.984, 5.984], "rotation": 90, "texture": "#1"}
			}
		},
		{
			"name": "body",
			"from": [4.852, 5.549, 6.53901],
			"to": [6.852, 6.549, 8.53901],
			"shade": false,
			"rotation": {"angle": 22.5, "axis": "y", "origin": [5.35, 5.0772, 5.55]},
			"faces": {
				"north": {"uv": [2.984, 6.016, 2.016, 6.484], "texture": "#1"},
				"east": {"uv": [3.984, 6.016, 3.016, 6.484], "texture": "#1"},
				"south": {"uv": [0.984, 6.016, 0.016, 6.484], "texture": "#1"},
				"west": {"uv": [1.984, 6.016, 1.016, 6.484], "texture": "#1"},
				"up": {"uv": [1.016, 5.984, 1.984, 5.016], "rotation": 270, "texture": "#1"},
				"down": {"uv": [2.016, 5.016, 2.984, 5.984], "rotation": 90, "texture": "#1"}
			}
		},
		{
			"name": "body",
			"from": [2.352, 5.549, 4.03901],
			"to": [4.352, 6.549, 6.03901],
			"rotation": {"angle": 22.5, "axis": "y", "origin": [5.35, 5.0772, 5.55]},
			"faces": {
				"north": {"uv": [3.016, 6.016, 3.984, 6.484], "texture": "#1"},
				"east": {"uv": [2.016, 6.016, 2.984, 6.484], "texture": "#1"},
				"south": {"uv": [1.016, 6.016, 1.984, 6.484], "texture": "#1"},
				"west": {"uv": [0.016, 6.016, 0.984, 6.484], "texture": "#1"},
				"up": {"uv": [1.984, 5.984, 1.016, 5.016], "rotation": 180, "texture": "#1"},
				"down": {"uv": [2.984, 5.016, 2.016, 5.984], "rotation": 180, "texture": "#1"}
			}
		},
		{
			"name": "body",
			"from": [2.352, 3.549, 4.03901],
			"to": [4.352, 4.549, 6.03901],
			"rotation": {"angle": 22.5, "axis": "y", "origin": [5.35, 5.0772, 5.55]},
			"faces": {
				"north": {"uv": [3.016, 6.016, 3.984, 6.484], "texture": "#1"},
				"east": {"uv": [2.016, 6.016, 2.984, 6.484], "texture": "#1"},
				"south": {"uv": [1.016, 6.016, 1.984, 6.484], "texture": "#1"},
				"west": {"uv": [0.016, 6.016, 0.984, 6.484], "texture": "#1"},
				"up": {"uv": [1.984, 5.984, 1.016, 5.016], "rotation": 180, "texture": "#1"},
				"down": {"uv": [2.984, 5.016, 2.016, 5.984], "rotation": 180, "texture": "#1"}
			}
		},
		{
			"name": "body",
			"from": [3.34365, 3.65, 3.04082],
			"to": [7.34365, 4.65, 7.04082],
			"rotation": {"angle": -22.5, "axis": "y", "origin": [5.35, 5.0772, 5.55]},
			"faces": {
				"north": {"uv": [6.016, 2.016, 7.984, 2.484], "texture": "#1"},
				"east": {"uv": [4.016, 2.016, 5.984, 2.484], "texture": "#1"},
				"south": {"uv": [2.016, 2.016, 3.984, 2.484], "texture": "#1"},
				"west": {"uv": [0.016, 2.016, 1.984, 2.484], "texture": "#1"},
				"up": {"uv": [3.984, 1.984, 2.016, 0.016], "rotation": 180, "texture": "#1"},
				"down": {"uv": [5.984, 0.016, 4.016, 1.984], "rotation": 180, "texture": "#1"}
			}
		},
		{
			"name": "cream",
			"from": [4.852, 4.549, 6.53901],
			"to": [6.852, 5.549, 8.53901],
			"rotation": {"angle": 22.5, "axis": "y", "origin": [5.35, 5.0772, 5.55]},
			"faces": {
				"north": {"uv": [2.016, 4.516, 2.984, 4.984], "texture": "#1"},
				"east": {"uv": [5.016, 4.516, 5.984, 4.984], "texture": "#1"},
				"south": {"uv": [4.016, 4.516, 4.984, 4.984], "texture": "#1"},
				"west": {"uv": [3.016, 4.516, 3.984, 4.984], "texture": "#1"},
				"up": {"uv": [3.984, 4.484, 3.016, 3.516], "rotation": 270, "texture": "#1"},
				"down": {"uv": [4.984, 3.516, 4.016, 4.484], "rotation": 90, "texture": "#1"}
			}
		},
		{
			"name": "cream",
			"from": [3.34365, 4.65, 3.04082],
			"to": [7.34365, 5.65, 7.04082],
			"rotation": {"angle": -22.5, "axis": "y", "origin": [5.35, 5.0772, 5.55]},
			"faces": {
				"north": {"uv": [6.016, 4.516, 7.984, 4.984], "texture": "#1"},
				"east": {"uv": [4.016, 4.516, 5.984, 4.984], "texture": "#1"},
				"south": {"uv": [2.016, 4.516, 3.984, 4.984], "texture": "#1"},
				"west": {"uv": [0.016, 4.516, 1.984, 4.984], "texture": "#1"},
				"up": {"uv": [3.984, 4.484, 2.016, 2.516], "rotation": 180, "texture": "#1"},
				"down": {"uv": [5.984, 2.516, 4.016, 4.484], "rotation": 180, "texture": "#1"}
			}
		},
		{
			"name": "cream",
			"from": [2.352, 4.549, 4.03901],
			"to": [4.352, 5.549, 6.03901],
			"rotation": {"angle": 22.5, "axis": "y", "origin": [5.35, 5.0772, 5.55]},
			"faces": {
				"north": {"uv": [5.016, 4.516, 5.984, 4.984], "texture": "#1"},
				"east": {"uv": [4.016, 4.516, 4.984, 4.984], "texture": "#1"},
				"south": {"uv": [3.016, 4.516, 3.984, 4.984], "texture": "#1"},
				"west": {"uv": [2.016, 4.516, 2.984, 4.984], "texture": "#1"},
				"up": {"uv": [3.984, 4.484, 3.016, 3.516], "rotation": 180, "texture": "#1"},
				"down": {"uv": [4.984, 3.516, 4.016, 4.484], "rotation": 180, "texture": "#1"}
			}
		}
	],
	"display": {
		"thirdperson_righthand": {
			"rotation": [65, 0, 0],
			"translation": [-6, 7.75, 4.25]
		},
		"firstperson_righthand": {
			"translation": [-8.75, 0, -1]
		},
		"ground": {
			"translation": [0, 4, 0]
		},
		"gui": {
			"rotation": [-152.75, 0, -180],
			"translation": [0, 1.5, 0]
		},
		"fixed": {
			"rotation": [-90, 0, 0],
			"translation": [0, 0, -15],
			"scale": [2, 2, 2]
		}
	},
	"groups": [
		{
			"name": "bearbasket",
			"origin": [0, 0, 0],
			"color": 0,
			"children": [
				{
					"name": "basket",
					"origin": [0, 0.2, 7],
					"color": 1,
					"children": [
						0,
						1,
						2,
						{
							"name": "basketfront",
							"origin": [0, 0.2, 0],
							"color": 2,
							"children": [3]
						},
						{
							"name": "basketback",
							"origin": [0, 0.2, -13],
							"color": 3,
							"children": [4]
						}
					]
				},
				{
					"name": "log",
					"origin": [0, 0, 0],
					"color": 0,
					"children": []
				}
			]
		},
		{
			"name": "bearbread1",
			"origin": [0, 0, 0],
			"color": 0,
			"children": [
				{
					"name": "face",
					"origin": [0, 0, 0],
					"color": 2,
					"children": [5, 6, 7, 8, 9, 10]
				},
				{
					"name": "body",
					"origin": [0, 0, 0],
					"color": 3,
					"children": [
						11,
						12,
						13,
						14,
						15,
						16,
						{
							"name": "cream",
							"origin": [0, 0, 0],
							"color": 4,
							"children": [17, 18, 19]
						}
					]
				}
			]
		},
		{
			"name": "bearbread1",
			"origin": [0, 0, 0],
			"color": 0,
			"children": [
				{
					"name": "face",
					"origin": [0, 0, 0],
					"color": 2,
					"children": [20, 21, 22, 23, 24, 25]
				},
				{
					"name": "body",
					"origin": [0, 0, 0],
					"color": 3,
					"children": [
						26,
						27,
						28,
						29,
						30,
						31,
						{
							"name": "cream",
							"origin": [0, 0, 0],
							"color": 4,
							"children": [32, 33, 34]
						}
					]
				}
			]
		},
		{
			"name": "bearbread1",
			"origin": [0, 0, 0],
			"color": 0,
			"children": [
				{
					"name": "face",
					"origin": [0, 0, 0],
					"color": 2,
					"children": [35, 36, 37, 38, 39, 40]
				},
				{
					"name": "body",
					"origin": [0, 0, 0],
					"color": 3,
					"children": [
						41,
						42,
						43,
						44,
						45,
						46,
						{
							"name": "cream",
							"origin": [0, 0, 0],
							"color": 4,
							"children": [47, 48, 49]
						}
					]
				}
			]
		},
		{
			"name": "bearbread1",
			"origin": [0, 0, 0],
			"color": 0,
			"children": [
				{
					"name": "face",
					"origin": [0, 0, 0],
					"color": 2,
					"children": [50, 51, 52, 53, 54, 55]
				},
				{
					"name": "body",
					"origin": [0, 0, 0],
					"color": 3,
					"children": [
						56,
						57,
						58,
						59,
						60,
						61,
						{
							"name": "cream",
							"origin": [0, 0, 0],
							"color": 4,
							"children": [62, 63, 64]
						}
					]
				}
			]
		}
	]
}