{
	"credit": "Made with Blockbench",
	"parent": "block/block",
	"texture_size": [32, 32],
	"elements": [
		{
			"from": [5.5, 0, 1.5],
			"to": [10.5, 2, 2.5],
			"rotation": {"angle": 0, "axis": "y", "origin": [7.5, 8, 8.5]},
			"faces": {
				"north": {"uv": [3, 0, 5.5, 1], "texture": "#layer0"},
				"east": {"uv": [7.5, 1, 8.5, 1.5], "rotation": 90, "texture": "#layer0"},
				"west": {"uv": [0, 1, 1, 1.5], "rotation": 270, "texture": "#layer0"},
				"up": {"uv": [3, 1, 5.5, 1.5], "texture": "#layer0"},
				"down": {"uv": [10.5, 1, 13, 1.5], "rotation": 180, "texture": "#layer0"}
			}
		},
		{
			"from": [5.5, 0, 13.5],
			"to": [10.5, 2, 14.5],
			"rotation": {"angle": 0, "axis": "y", "origin": [7.5, 8, 20.5]},
			"faces": {
				"east": {"uv": [7.5, 7, 8.5, 7.5], "rotation": 90, "texture": "#layer0"},
				"south": {"uv": [9.5, 0, 12, 1], "texture": "#layer0"},
				"west": {"uv": [0, 7, 1, 7.5], "rotation": 270, "texture": "#layer0"},
				"up": {"uv": [3, 7, 5.5, 7.5], "texture": "#layer0"},
				"down": {"uv": [10.5, 7, 13, 7.5], "rotation": 180, "texture": "#layer0"}
			}
		},
		{
			"from": [3.5, 0, 2.5],
			"to": [12.5, 2, 3.5],
			"rotation": {"angle": 0, "axis": "y", "origin": [7.5, 8, 9.5]},
			"faces": {
				"north": {"uv": [2, 0, 6.5, 1], "texture": "#layer0"},
				"east": {"uv": [7.5, 1.5, 8.5, 2], "rotation": 90, "texture": "#layer0"},
				"west": {"uv": [0, 1.5, 1, 2], "rotation": 270, "texture": "#layer0"},
				"up": {"uv": [2, 1.5, 6.5, 2], "texture": "#layer0"},
				"down": {"uv": [9.5, 1.5, 14, 2], "rotation": 180, "texture": "#layer0"}
			}
		},
		{
			"from": [3.5, 0, 12.5],
			"to": [12.5, 2, 13.5],
			"rotation": {"angle": 0, "axis": "y", "origin": [7.5, 8, 19.5]},
			"faces": {
				"east": {"uv": [7.5, 6.5, 8.5, 7], "rotation": 90, "texture": "#layer0"},
				"south": {"uv": [8.5, 0, 13, 1], "texture": "#layer0"},
				"west": {"uv": [0, 6.5, 1, 7], "rotation": 270, "texture": "#layer0"},
				"up": {"uv": [2, 6.5, 6.5, 7], "texture": "#layer0"},
				"down": {"uv": [9.5, 6.5, 14, 7], "rotation": 180, "texture": "#layer0"}
			}
		},
		{
			"from": [2.5, 0, 3.5],
			"to": [13.5, 2, 5.5],
			"rotation": {"angle": 0, "axis": "y", "origin": [7.5, 8, 10.5]},
			"faces": {
				"north": {"uv": [1.5, 0, 7, 1], "texture": "#layer0"},
				"east": {"uv": [7.5, 2, 8.5, 3], "rotation": 90, "texture": "#layer0"},
				"west": {"uv": [0, 2, 1, 3], "rotation": 270, "texture": "#layer0"},
				"up": {"uv": [1.5, 2, 7, 3], "texture": "#layer0"},
				"down": {"uv": [9, 2, 14.5, 3], "rotation": 180, "texture": "#layer0"}
			}
		},
		{
			"from": [2.5, 0, 10.5],
			"to": [13.5, 2, 12.5],
			"rotation": {"angle": 0, "axis": "y", "origin": [7.5, 8, 17.5]},
			"faces": {
				"east": {"uv": [7.5, 5.5, 8.5, 6.5], "rotation": 90, "texture": "#layer0"},
				"south": {"uv": [8, 0, 13.5, 1], "texture": "#layer0"},
				"west": {"uv": [0, 5.5, 1, 6.5], "rotation": 270, "texture": "#layer0"},
				"up": {"uv": [1.5, 5.5, 7, 6.5], "texture": "#layer0"},
				"down": {"uv": [9, 5.5, 14.5, 6.5], "rotation": 180, "texture": "#layer0"}
			}
		},
		{
			"from": [1.5, 0, 5.5],
			"to": [14.5, 2, 10.5],
			"rotation": {"angle": 0, "axis": "y", "origin": [7.5, 8, 8.5]},
			"faces": {
				"north": {"uv": [1, 0, 7.5, 1], "texture": "#layer0"},
				"east": {"uv": [7.5, 3, 8.5, 5.5], "rotation": 90, "texture": "#layer0"},
				"south": {"uv": [7.5, 0, 14, 1], "texture": "#layer0"},
				"west": {"uv": [0, 3, 1, 5.5], "rotation": 270, "texture": "#layer0"},
				"up": {"uv": [1, 3, 7.5, 5.5], "texture": "#layer0"},
				"down": {"uv": [8.5, 3, 15, 5.5], "rotation": 180, "texture": "#layer0"}
			}
		},
		{
			"name": "arrow_long_1",
			"from": [7.5, 2.1, 3.5],
			"to": [8.5, 2.1, 8.5],
			"rotation": {"angle": 0, "axis": "y", "origin": [8, 2.1, 8]},
			"faces": {
				"up": {"uv": [0, 7.5, 0.5, 10], "texture": "#layer0"}
			}
		},
		{
			"name": "arrow_long_2",
			"from": [7.5, 2.1, 3.5],
			"to": [8.5, 2.1, 8.5],
			"rotation": {"angle": -22.5, "axis": "y", "origin": [8, 2.1, 8]},
			"faces": {
				"up": {"uv": [0.5, 7.5, 1, 10], "texture": "#layer0"}
			}
		},
		{
			"name": "arrow_long_3",
			"from": [7.5, 2.1, 3.5],
			"to": [8.5, 2.1, 8.5],
			"rotation": {"angle": -45, "axis": "y", "origin": [8, 2.1, 8]},
			"faces": {
				"up": {"uv": [1, 7.5, 1.5, 10], "texture": "#layer0"}
			}
		},
		{
			"name": "arrow_long_4",
			"from": [7.5, 2.1, 7.5],
			"to": [12.5, 2.1, 8.5],
			"rotation": {"angle": 22.5, "axis": "y", "origin": [8, 2.1, 8]},
			"faces": {
				"up": {"uv": [1.5, 7.5, 2, 10], "rotation": 90, "texture": "#layer0"}
			}
		},
		{
			"name": "arrow_long_5",
			"from": [7.5, 2.1, 7.5],
			"to": [12.5, 2.1, 8.5],
			"rotation": {"angle": 0, "axis": "y", "origin": [8, 2.1, 8]},
			"faces": {
				"up": {"uv": [2, 7.5, 2.5, 10], "rotation": 90, "texture": "#layer0"}
			}
		},
		{
			"name": "arrow_long_6",
			"from": [7.5, 2.1, 7.5],
			"to": [12.5, 2.1, 8.5],
			"rotation": {"angle": -22.5, "axis": "y", "origin": [8, 2.1, 8]},
			"faces": {
				"up": {"uv": [2.5, 7.5, 3, 10], "rotation": 90, "texture": "#layer0"}
			}
		},
		{
			"name": "arrow_long_7",
			"from": [7.5, 2.1, 7.5],
			"to": [12.5, 2.1, 8.5],
			"rotation": {"angle": -45, "axis": "y", "origin": [8, 2.1, 8]},
			"faces": {
				"up": {"uv": [3, 7.5, 3.5, 10], "rotation": 90, "texture": "#layer0"}
			}
		},
		{
			"name": "arrow_long_8",
			"from": [7.5, 2.1, 7.5],
			"to": [8.5, 2.1, 12.5],
			"rotation": {"angle": 22.5, "axis": "y", "origin": [8, 2.1, 8]},
			"faces": {
				"up": {"uv": [3.5, 7.5, 4, 10], "rotation": 180, "texture": "#layer0"}
			}
		},
		{
			"name": "arrow_long_9",
			"from": [7.5, 2.1, 7.5],
			"to": [8.5, 2.1, 12.5],
			"rotation": {"angle": 0, "axis": "y", "origin": [8, 2.1, 8]},
			"faces": {
				"up": {"uv": [4, 7.5, 4.5, 10], "rotation": 180, "texture": "#layer0"}
			}
		},
		{
			"name": "arrow_long_10",
			"from": [7.5, 2.1, 7.5],
			"to": [8.5, 2.1, 12.5],
			"rotation": {"angle": -22.5, "axis": "y", "origin": [8, 2.1, 8]},
			"faces": {
				"up": {"uv": [4.5, 7.5, 5, 10], "rotation": 180, "texture": "#layer0"}
			}
		},
		{
			"name": "arrow_long_11",
			"from": [7.5, 2.1, 7.5],
			"to": [8.5, 2.1, 12.5],
			"rotation": {"angle": -45, "axis": "y", "origin": [8, 2.1, 8]},
			"faces": {
				"up": {"uv": [5, 7.5, 5.5, 10], "rotation": 180, "texture": "#layer0"}
			}
		},
		{
			"name": "arrow_long_12",
			"from": [3.5, 2.1, 7.5],
			"to": [8.5, 2.1, 8.5],
			"rotation": {"angle": 22.5, "axis": "y", "origin": [8, 2.1, 8]},
			"faces": {
				"up": {"uv": [5.5, 7.5, 6, 10], "rotation": 270, "texture": "#layer0"}
			}
		},
		{
			"name": "arrow_long_13",
			"from": [3.5, 2.1, 7.5],
			"to": [8.5, 2.1, 8.5],
			"rotation": {"angle": 0, "axis": "y", "origin": [8, 2.1, 8]},
			"faces": {
				"up": {"uv": [6, 7.5, 6.5, 10], "rotation": 270, "texture": "#layer0"}
			}
		},
		{
			"name": "arrow_long_14",
			"from": [3.5, 2.1, 7.5],
			"to": [8.5, 2.1, 8.5],
			"rotation": {"angle": -22.5, "axis": "y", "origin": [8, 2.1, 8]},
			"faces": {
				"up": {"uv": [6.5, 7.5, 7, 10], "rotation": 270, "texture": "#layer0"}
			}
		},
		{
			"name": "arrow_long_15",
			"from": [3.5, 2.1, 7.5],
			"to": [8.5, 2.1, 8.5],
			"rotation": {"angle": -45, "axis": "y", "origin": [8, 2.1, 8]},
			"faces": {
				"up": {"uv": [7, 7.5, 7.5, 10], "rotation": 270, "texture": "#layer0"}
			}
		},
		{
			"name": "arrow_long_16",
			"from": [7.5, 2.1, 3.5],
			"to": [8.5, 2.1, 8.5],
			"rotation": {"angle": 22.5, "axis": "y", "origin": [8, 2.1, 8]},
			"faces": {
				"up": {"uv": [7.5, 7.5, 8, 10], "texture": "#layer0"}
			}
		},
		{
			"name": "arrow_short_1",
			"from": [7.5, 2.2, 5.5],
			"to": [8.5, 2.2, 8.5],
			"rotation": {"angle": 0, "axis": "y", "origin": [8, 2.2, 8]},
			"faces": {
				"up": {"uv": [0, 10, 0.5, 11.5], "texture": "#layer0"}
			}
		},
		{
			"name": "arrow_short_2",
			"from": [7.5, 2.2, 5.5],
			"to": [8.5, 2.2, 8.5],
			"rotation": {"angle": -22.5, "axis": "y", "origin": [8, 2.2, 8]},
			"faces": {
				"up": {"uv": [0.5, 10, 1, 11.5], "texture": "#layer0"}
			}
		},
		{
			"name": "arrow_short_3",
			"from": [7.5, 2.2, 7.5],
			"to": [10.5, 2.2, 8.5],
			"rotation": {"angle": 45, "axis": "y", "origin": [8, 2.2, 8]},
			"faces": {
				"up": {"uv": [1, 10, 1.5, 11.5], "rotation": 90, "texture": "#layer0"}
			}
		},
		{
			"name": "arrow_short_4",
			"from": [7.5, 2.2, 7.5],
			"to": [10.5, 2.2, 8.5],
			"rotation": {"angle": 22.5, "axis": "y", "origin": [8, 2.2, 8]},
			"faces": {
				"up": {"uv": [1.5, 10, 2, 11.5], "rotation": 90, "texture": "#layer0"}
			}
		},
		{
			"name": "arrow_short_5",
			"from": [7.5, 2.2, 7.5],
			"to": [10.5, 2.2, 8.5],
			"rotation": {"angle": 0, "axis": "y", "origin": [8, 2.2, 8]},
			"faces": {
				"up": {"uv": [2, 10, 2.5, 11.5], "rotation": 90, "texture": "#layer0"}
			}
		},
		{
			"name": "arrow_short_6",
			"from": [7.5, 2.2, 7.5],
			"to": [10.5, 2.2, 8.5],
			"rotation": {"angle": -22.5, "axis": "y", "origin": [8, 2.2, 8]},
			"faces": {
				"up": {"uv": [2.5, 10, 3, 11.5], "rotation": 90, "texture": "#layer0"}
			}
		},
		{
			"name": "arrow_short_7",
			"from": [7.5, 2.2, 7.5],
			"to": [10.5, 2.2, 8.5],
			"rotation": {"angle": -45, "axis": "y", "origin": [8, 2.2, 8]},
			"faces": {
				"up": {"uv": [3, 10, 3.5, 11.5], "rotation": 90, "texture": "#layer0"}
			}
		},
		{
			"name": "arrow_short_8",
			"from": [7.5, 2.2, 7.5],
			"to": [8.5, 2.2, 10.5],
			"rotation": {"angle": 22.5, "axis": "y", "origin": [8, 2.2, 8]},
			"faces": {
				"up": {"uv": [3.5, 10, 4, 11.5], "rotation": 180, "texture": "#layer0"}
			}
		},
		{
			"name": "arrow_short_9",
			"from": [7.5, 2.2, 7.5],
			"to": [8.5, 2.2, 10.5],
			"rotation": {"angle": 0, "axis": "y", "origin": [8, 2.2, 8]},
			"faces": {
				"up": {"uv": [4, 10, 4.5, 11.5], "rotation": 180, "texture": "#layer0"}
			}
		},
		{
			"name": "arrow_short_10",
			"from": [7.5, 2.2, 7.5],
			"to": [8.5, 2.2, 10.5],
			"rotation": {"angle": -22.5, "axis": "y", "origin": [8, 2.2, 8]},
			"faces": {
				"up": {"uv": [4.5, 10, 5, 11.5], "rotation": 180, "texture": "#layer0"}
			}
		},
		{
			"name": "arrow_short_11",
			"from": [7.5, 2.2, 7.5],
			"to": [8.5, 2.2, 10.5],
			"rotation": {"angle": -45, "axis": "y", "origin": [8, 2.2, 8]},
			"faces": {
				"up": {"uv": [5, 10, 5.5, 11.5], "rotation": 180, "texture": "#layer0"}
			}
		},
		{
			"name": "arrow_short_12",
			"from": [5.5, 2.2, 7.5],
			"to": [8.5, 2.2, 8.5],
			"rotation": {"angle": 22.5, "axis": "y", "origin": [8, 2.2, 8]},
			"faces": {
				"up": {"uv": [5.5, 10, 6, 11.5], "rotation": 270, "texture": "#layer0"}
			}
		},
		{
			"name": "arrow_short_13",
			"from": [5.5, 2.2, 7.5],
			"to": [8.5, 2.2, 8.5],
			"rotation": {"angle": 0, "axis": "y", "origin": [8, 2.2, 8]},
			"faces": {
				"up": {"uv": [6, 10, 6.5, 11.5], "rotation": 270, "texture": "#layer0"}
			}
		},
		{
			"name": "arrow_short_14",
			"from": [5.5, 2.2, 7.5],
			"to": [8.5, 2.2, 8.5],
			"rotation": {"angle": -22.5, "axis": "y", "origin": [8, 2.2, 8]},
			"faces": {
				"up": {"uv": [6.5, 10, 7, 11.5], "rotation": 270, "texture": "#layer0"}
			}
		},
		{
			"name": "arrow_short_15",
			"from": [5.5, 2.2, 7.5],
			"to": [8.5, 2.2, 8.5],
			"rotation": {"angle": -45, "axis": "y", "origin": [8, 2.2, 8]},
			"faces": {
				"up": {"uv": [7, 10, 7.5, 11.5], "rotation": 270, "texture": "#layer0"}
			}
		},
		{
			"name": "arrow_short_16",
			"from": [7.5, 2.2, 5.5],
			"to": [8.5, 2.2, 8.5],
			"rotation": {"angle": 22.5, "axis": "y", "origin": [8, 2.2, 8]},
			"faces": {
				"up": {"uv": [7.5, 10, 8, 11.5], "texture": "#layer0"}
			}
		}
	],
	"gui_light": "front",
	"display": {
		"thirdperson_righthand": {
			"rotation": [-24, -166.5, -90.75],
			"translation": [-2.75, 1.5, 0],
			"scale": [0.375, 0.375, 0.375]
		},
		"thirdperson_lefthand": {
			"rotation": [-24, -166.5, -90.75],
			"translation": [-2.75, 1.5, 0],
			"scale": [0.375, 0.375, 0.375]
		},
		"firstperson_righthand": {
			"rotation": [82.5, -6.5, 52.25],
			"translation": [0.25, 1.75, 0],
			"scale": [0.5, 0.5, 0.5]
		},
		"firstperson_lefthand": {
			"rotation": [82.5, -6.5, 52.25],
			"translation": [0.25, 1.75, 0],
			"scale": [0.5, 0.5, 0.5]
		},
		"ground": {
			"rotation": [75, 0, 0],
			"translation": [0, 3.25, 1.75],
			"scale": [0.35, 0.35, 0.35]
		},
		"gui": {
			"rotation": [108.25, 0, -37],
			"translation": [4.25, -1.75, 0]
		},
		"fixed": {
			"rotation": [-90, -180, 0],
			"translation": [0, 0, -14],
			"scale": [2, 2, 2]
		}
	}
}