{
	"credit": "Made with Blockbench",
	"textures": {
		"0": "block/Hananacraft archive/stripped_oak_log_a",
		"2": "block/Hananacraft archive/plaid2_brown",
		"3": "block/creammuffin1",
		"particle": "block/Hananacraft archive/stripped_oak_log_a"
	},
	"elements": [
		{
			"from": [14, 0, 4],
			"to": [15, 1, 12],
			"rotation": {"angle": 0, "axis": "y", "origin": [7.95424, 2.6272, 7.99654]},
			"faces": {
				"north": {"uv": [0.06, 0.06, 0.94, 0.94], "texture": "#0"},
				"east": {"uv": [0.06, 0.06, 7.94, 0.94], "texture": "#0"},
				"south": {"uv": [4.06, 3.06, 4.94, 3.94], "texture": "#0"},
				"west": {"uv": [3.06, 0.06, 10.94, 0.94], "texture": "#0"},
				"up": {"uv": [6.94, 11.94, 6.06, 4.06], "texture": "#0"},
				"down": {"uv": [6.94, 10.94, 6.06, 3.06], "texture": "#0"}
			}
		},
		{
			"from": [1, 0, 4],
			"to": [2, 1, 12],
			"rotation": {"angle": 0, "axis": "y", "origin": [7.95424, 2.6272, 7.99654]},
			"faces": {
				"north": {"uv": [7.06, 4.06, 7.94, 4.94], "texture": "#0"},
				"east": {"uv": [7.06, 4.06, 7.94, 11.94], "texture": "#0"},
				"south": {"uv": [7.06, 4.06, 7.94, 4.94], "texture": "#0"},
				"west": {"uv": [4.06, 7.06, 11.94, 7.94], "texture": "#0"},
				"up": {"uv": [7.94, 11.94, 7.06, 4.06], "texture": "#0"},
				"down": {"uv": [7.94, 11.94, 7.06, 4.06], "texture": "#0"}
			}
		},
		{
			"from": [2, 0, 4],
			"to": [14, 1, 5],
			"rotation": {"angle": 0, "axis": "y", "origin": [7.95424, 2.6272, 7.99654]},
			"faces": {
				"north": {"uv": [0.06, 0.06, 11.94, 0.94], "texture": "#0"},
				"east": {"uv": [0.06, 0.06, 0.94, 0.94], "texture": "#0"},
				"south": {"uv": [0.06, 0.06, 11.94, 0.94], "texture": "#0"},
				"west": {"uv": [0.06, 0.06, 0.94, 0.94], "texture": "#0"},
				"up": {"uv": [13.94, 9.94, 2.06, 9.06], "texture": "#0"},
				"down": {"uv": [11.94, 0.94, 0.06, 0.06], "texture": "#0"}
			}
		},
		{
			"from": [2, 0, 5],
			"to": [14, 0.75, 6],
			"rotation": {"angle": 0, "axis": "y", "origin": [7.95424, 2.6272, 7.99654]},
			"faces": {
				"north": {"uv": [0.06, 0.06, 11.94, 0.75], "texture": "#0"},
				"east": {"uv": [0.06, 0.06, 0.94, 0.75], "texture": "#0"},
				"south": {"uv": [0.06, 0.06, 11.94, 0.75], "texture": "#0"},
				"west": {"uv": [0.06, 0.06, 0.94, 0.75], "texture": "#0"},
				"up": {"uv": [0.94, 13.94, 0.06, 2.06], "rotation": 90, "texture": "#0"},
				"down": {"uv": [14.94, 8.94, 3.06, 8.06], "texture": "#0"}
			}
		},
		{
			"from": [2, 0, 10],
			"to": [14, 0.75, 11],
			"rotation": {"angle": 0, "axis": "y", "origin": [7.95424, 2.6272, 7.99654]},
			"faces": {
				"north": {"uv": [0.06, 0.06, 11.94, 0.75], "texture": "#0"},
				"east": {"uv": [0.06, 0.06, 0.94, 0.75], "texture": "#0"},
				"south": {"uv": [0.06, 0.06, 11.94, 0.75], "texture": "#0"},
				"west": {"uv": [0.06, 0.06, 0.94, 0.75], "texture": "#0"},
				"up": {"uv": [0.94, 13.94, 0.06, 2.06], "rotation": 90, "texture": "#0"},
				"down": {"uv": [14.94, 6.94, 3.06, 6.06], "texture": "#0"}
			}
		},
		{
			"from": [2, 0, 6],
			"to": [3, 0.75, 10],
			"rotation": {"angle": 0, "axis": "y", "origin": [7.95424, 2.6272, 7.99654]},
			"faces": {
				"north": {"uv": [0.06, 0.06, 0.94, 0.75], "texture": "#0"},
				"east": {"uv": [0.06, 0.06, 3.94, 0.75], "texture": "#0"},
				"south": {"uv": [0.06, 0.06, 0.94, 0.75], "texture": "#0"},
				"west": {"uv": [0.06, 0.06, 3.94, 0.75], "texture": "#0"},
				"up": {"uv": [0.94, 7.94, 0.06, 4.06], "texture": "#0"},
				"down": {"uv": [6.94, 8.94, 6.06, 5.06], "texture": "#0"}
			}
		},
		{
			"from": [13, 0, 6],
			"to": [14, 0.75, 10],
			"rotation": {"angle": 0, "axis": "y", "origin": [7.95424, 2.6272, 7.99654]},
			"faces": {
				"north": {"uv": [0.06, 0.06, 0.94, 0.75], "texture": "#0"},
				"east": {"uv": [0.06, 0.06, 3.94, 0.75], "texture": "#0"},
				"south": {"uv": [0.06, 0.06, 0.94, 0.75], "texture": "#0"},
				"west": {"uv": [0.06, 0.06, 3.94, 0.75], "texture": "#0"},
				"up": {"uv": [0.94, 10.94, 0.06, 7.06], "texture": "#0"},
				"down": {"uv": [7.94, 9.94, 7.06, 6.06], "texture": "#0"}
			}
		},
		{
			"from": [2, 0, 11],
			"to": [14, 1, 12],
			"rotation": {"angle": 0, "axis": "y", "origin": [7.95424, 2.6272, 7.99654]},
			"faces": {
				"north": {"uv": [2.06, 4.06, 13.94, 4.94], "texture": "#0"},
				"east": {"uv": [2.06, 4.06, 13.94, 4.94], "texture": "#0"},
				"south": {"uv": [2.06, 4.06, 13.94, 4.94], "texture": "#0"},
				"west": {"uv": [2.06, 4.06, 13.94, 4.94], "texture": "#0"},
				"up": {"uv": [14.94, 3.94, 3.06, 3.06], "texture": "#0"},
				"down": {"uv": [13.94, 4.94, 2.06, 4.06], "texture": "#0"}
			}
		},
		{
			"from": [3, 0, 6],
			"to": [13, 1, 10],
			"rotation": {"angle": 0, "axis": "y", "origin": [7.95424, 2.6272, 7.99654]},
			"faces": {
				"north": {"uv": [4.06, 4.06, 13.94, 4.94], "texture": "#0"},
				"east": {"uv": [0.06, 0.06, 3.94, 0.94], "texture": "#0"},
				"south": {"uv": [0.06, 0.06, 9.94, 0.94], "texture": "#0"},
				"west": {"uv": [0.06, 0.06, 3.94, 0.94], "texture": "#0"},
				"up": {"uv": [12.94, 9.94, 3.06, 6.06], "texture": "#0"},
				"down": {"uv": [12.94, 9.94, 3.06, 6.06], "texture": "#0"}
			}
		},
		{
			"from": [6.84522, 1.2, 5.73322],
			"to": [12.84522, 1.2, 11.73322],
			"rotation": {"angle": 22.5, "axis": "y", "origin": [7.95424, 2.6272, 7.99654]},
			"faces": {
				"north": {"uv": [0.06, 0.06, 5.94, 0.06], "texture": "#2"},
				"east": {"uv": [0.06, 0.06, 5.94, 0.06], "texture": "#2"},
				"south": {"uv": [0.06, 0.06, 5.94, 0.06], "texture": "#2"},
				"west": {"uv": [0.06, 0.06, 5.94, 0.06], "texture": "#2"},
				"up": {"uv": [7.94, 7.94, 0.06, 0.06], "rotation": 90, "texture": "#2"},
				"down": {"uv": [5.94, 5.94, 0.06, 0.06], "rotation": 270, "texture": "#2"}
			}
		},
		{
			"name": "bone",
			"from": [2.4375, 1.15, 6.8125],
			"to": [5.4375, 2.4, 9.8125],
			"rotation": {"angle": -45, "axis": "y", "origin": [3.6875, 3.35625, 7.75]},
			"faces": {
				"north": {"uv": [12.032, 8.032, 14.968, 9.968], "texture": "#3"},
				"east": {"uv": [7.032, 11.032, 9.968, 12.968], "texture": "#3"},
				"south": {"uv": [10.032, 11.032, 12.968, 12.968], "texture": "#3"},
				"west": {"uv": [0.032, 12.032, 2.968, 13.968], "texture": "#3"},
				"up": {"uv": [6.968, 2.968, 4.032, 0.032], "rotation": 90, "texture": "#3"},
				"down": {"uv": [6.968, 3.032, 4.032, 5.968], "rotation": 270, "texture": "#3"}
			}
		},
		{
			"name": "bone",
			"from": [2.1375, 2.4, 6.5125],
			"to": [5.7375, 4.4, 10.1125],
			"rotation": {"angle": -45, "axis": "y", "origin": [3.6875, 3.35625, 7.75]},
			"faces": {
				"north": {"uv": [0.032, 8.032, 3.968, 9.968], "texture": "#3"},
				"east": {"uv": [7.032, 3.032, 10.968, 4.968], "texture": "#3"},
				"south": {"uv": [7.032, 5.032, 10.968, 6.968], "texture": "#3"},
				"west": {"uv": [7.032, 7.032, 10.968, 8.968], "texture": "#3"},
				"up": {"uv": [3.968, 3.968, 0.032, 0.032], "rotation": 90, "texture": "#3"},
				"down": {"uv": [3.936, 4.032, 0.06, 7.968], "rotation": 270, "texture": "#3"}
			}
		},
		{
			"name": "bone",
			"from": [2.4375, 2.95, 6.8125],
			"to": [5.4375, 4.95, 9.8125],
			"rotation": {"angle": -45, "axis": "y", "origin": [3.6875, 3.35625, 7.75]},
			"faces": {
				"north": {"uv": [10.032, 0.032, 12.968, 1.968], "texture": "#3"},
				"east": {"uv": [4.032, 9.032, 6.968, 10.968], "texture": "#3"},
				"south": {"uv": [7.032, 9.032, 9.968, 10.968], "texture": "#3"},
				"west": {"uv": [0.032, 10.032, 2.968, 11.968], "texture": "#3"},
				"up": {"uv": [6.968, 8.968, 4.032, 6.032], "rotation": 90, "texture": "#3"},
				"down": {"uv": [9.968, 0.032, 7.032, 2.968], "rotation": 270, "texture": "#3"}
			}
		},
		{
			"name": "bone",
			"from": [2.9375, 3.3, 7.0625],
			"to": [4.9375, 5.3, 9.0625],
			"rotation": {"angle": -45, "axis": "y", "origin": [3.6875, 3.35625, 7.75]},
			"faces": {
				"north": {"uv": [11.032, 4.032, 12.968, 5.968], "texture": "#3"},
				"east": {"uv": [10.032, 9.032, 11.968, 10.968], "texture": "#3"},
				"south": {"uv": [11.032, 2.032, 12.968, 3.968], "texture": "#3"},
				"west": {"uv": [3.032, 11.032, 4.968, 12.968], "texture": "#3"},
				"up": {"uv": [6.968, 12.968, 5.032, 11.032], "rotation": 90, "texture": "#3"},
				"down": {"uv": [12.968, 6.032, 11.032, 7.968], "rotation": 270, "texture": "#3"}
			}
		},
		{
			"name": "bone",
			"from": [6.59435, 1.15, 5.64829],
			"to": [9.59435, 2.4, 8.64829],
			"rotation": {"angle": 0, "axis": "y", "origin": [9.34435, 3.35625, 6.33579]},
			"faces": {
				"north": {"uv": [12.032, 8.032, 14.968, 9.968], "texture": "#3"},
				"east": {"uv": [7.032, 11.032, 9.968, 12.968], "texture": "#3"},
				"south": {"uv": [10.032, 11.032, 12.968, 12.968], "texture": "#3"},
				"west": {"uv": [0.032, 12.032, 2.968, 13.968], "texture": "#3"},
				"up": {"uv": [6.968, 2.968, 4.032, 0.032], "rotation": 90, "texture": "#3"},
				"down": {"uv": [6.968, 3.032, 4.032, 5.968], "rotation": 270, "texture": "#3"}
			}
		},
		{
			"name": "bone",
			"from": [6.29435, 2.4, 5.34829],
			"to": [9.89435, 4.4, 8.94829],
			"rotation": {"angle": 0, "axis": "y", "origin": [9.34435, 3.35625, 6.33579]},
			"faces": {
				"north": {"uv": [0.032, 8.032, 3.968, 9.968], "texture": "#3"},
				"east": {"uv": [7.032, 3.032, 10.968, 4.968], "texture": "#3"},
				"south": {"uv": [7.032, 5.032, 10.968, 6.968], "texture": "#3"},
				"west": {"uv": [7.032, 7.032, 10.968, 8.968], "texture": "#3"},
				"up": {"uv": [3.968, 3.968, 0.032, 0.032], "rotation": 90, "texture": "#3"},
				"down": {"uv": [3.936, 4.032, 0.06, 7.968], "rotation": 270, "texture": "#3"}
			}
		},
		{
			"name": "bone",
			"from": [6.59435, 2.95, 5.64829],
			"to": [9.59435, 4.95, 8.64829],
			"rotation": {"angle": 0, "axis": "y", "origin": [9.34435, 3.35625, 6.33579]},
			"faces": {
				"north": {"uv": [10.032, 0.032, 12.968, 1.968], "texture": "#3"},
				"east": {"uv": [4.032, 9.032, 6.968, 10.968], "texture": "#3"},
				"south": {"uv": [7.032, 9.032, 9.968, 10.968], "texture": "#3"},
				"west": {"uv": [0.032, 10.032, 2.968, 11.968], "texture": "#3"},
				"up": {"uv": [6.968, 8.968, 4.032, 6.032], "rotation": 90, "texture": "#3"},
				"down": {"uv": [9.968, 0.032, 7.032, 2.968], "rotation": 270, "texture": "#3"}
			}
		},
		{
			"name": "bone",
			"from": [7.09435, 3.3, 5.89829],
			"to": [9.09435, 5.3, 7.89829],
			"rotation": {"angle": 0, "axis": "y", "origin": [9.34435, 3.35625, 6.33579]},
			"faces": {
				"north": {"uv": [11.032, 4.032, 12.968, 5.968], "texture": "#3"},
				"east": {"uv": [10.032, 9.032, 11.968, 10.968], "texture": "#3"},
				"south": {"uv": [11.032, 2.032, 12.968, 3.968], "texture": "#3"},
				"west": {"uv": [3.032, 11.032, 4.968, 12.968], "texture": "#3"},
				"up": {"uv": [6.968, 12.968, 5.032, 11.032], "rotation": 90, "texture": "#3"},
				"down": {"uv": [12.968, 6.032, 11.032, 7.968], "rotation": 270, "texture": "#3"}
			}
		},
		{
			"name": "bone",
			"from": [10.84435, 1.15, 7.77329],
			"to": [13.84435, 2.4, 10.77329],
			"rotation": {"angle": -22.5, "axis": "y", "origin": [12.34435, 3.35625, 9.33579]},
			"faces": {
				"north": {"uv": [10.032, 11.032, 12.968, 12.968], "texture": "#3"},
				"east": {"uv": [0.032, 12.032, 2.968, 13.968], "texture": "#3"},
				"south": {"uv": [12.032, 8.032, 14.968, 9.968], "texture": "#3"},
				"west": {"uv": [7.032, 11.032, 9.968, 12.968], "texture": "#3"},
				"up": {"uv": [6.968, 2.968, 4.032, 0.032], "rotation": 270, "texture": "#3"},
				"down": {"uv": [6.968, 3.032, 4.032, 5.968], "rotation": 90, "texture": "#3"}
			}
		},
		{
			"name": "bone",
			"from": [10.54435, 2.4, 7.47329],
			"to": [14.14435, 4.4, 11.07329],
			"rotation": {"angle": -22.5, "axis": "y", "origin": [12.34435, 3.35625, 9.33579]},
			"faces": {
				"north": {"uv": [7.032, 5.032, 10.968, 6.968], "texture": "#3"},
				"east": {"uv": [7.032, 7.032, 10.968, 8.968], "texture": "#3"},
				"south": {"uv": [0.032, 8.032, 3.968, 9.968], "texture": "#3"},
				"west": {"uv": [7.032, 3.032, 10.968, 4.968], "texture": "#3"},
				"up": {"uv": [3.968, 3.968, 0.032, 0.032], "rotation": 270, "texture": "#3"},
				"down": {"uv": [3.936, 4.032, 0.06, 7.968], "rotation": 90, "texture": "#3"}
			}
		},
		{
			"name": "bone",
			"from": [10.84435, 2.95, 7.77329],
			"to": [13.84435, 4.95, 10.77329],
			"rotation": {"angle": -22.5, "axis": "y", "origin": [12.34435, 3.35625, 9.33579]},
			"faces": {
				"north": {"uv": [7.032, 9.032, 9.968, 10.968], "texture": "#3"},
				"east": {"uv": [0.032, 10.032, 2.968, 11.968], "texture": "#3"},
				"south": {"uv": [10.032, 0.032, 12.968, 1.968], "texture": "#3"},
				"west": {"uv": [4.032, 9.032, 6.968, 10.968], "texture": "#3"},
				"up": {"uv": [6.968, 8.968, 4.032, 6.032], "rotation": 270, "texture": "#3"},
				"down": {"uv": [9.968, 0.032, 7.032, 2.968], "rotation": 90, "texture": "#3"}
			}
		},
		{
			"name": "bone",
			"from": [11.34435, 3.3, 8.52329],
			"to": [13.34435, 5.3, 10.52329],
			"rotation": {"angle": -22.5, "axis": "y", "origin": [12.34435, 3.35625, 9.33579]},
			"faces": {
				"north": {"uv": [11.032, 2.032, 12.968, 3.968], "texture": "#3"},
				"east": {"uv": [3.032, 11.032, 4.968, 12.968], "texture": "#3"},
				"south": {"uv": [11.032, 4.032, 12.968, 5.968], "texture": "#3"},
				"west": {"uv": [10.032, 9.032, 11.968, 10.968], "texture": "#3"},
				"up": {"uv": [6.968, 12.968, 5.032, 11.032], "rotation": 270, "texture": "#3"},
				"down": {"uv": [12.968, 6.032, 11.032, 7.968], "rotation": 90, "texture": "#3"}
			}
		}
	],
	"display": {
		"thirdperson_righthand": {
			"rotation": [70, 0, 0],
			"translation": [-6, 5.5, 6.5]
		},
		"firstperson_righthand": {
			"translation": [-8.75, 5.25, 0]
		},
		"ground": {
			"translation": [0, 4, 0]
		},
		"gui": {
			"rotation": [30, 30, 0],
			"translation": [0, 5, 0]
		},
		"fixed": {
			"rotation": [-90, 0, 0],
			"translation": [0, 0, -15],
			"scale": [2, 2, 2]
		}
	},
	"groups": [
		{
			"name": "bearbreadtray",
			"origin": [0, 0, 0],
			"color": 0,
			"children": [
				{
					"name": "group",
					"origin": [0, 0, 0],
					"color": 0,
					"children": [0, 1, 2, 3, 4, 5, 6, 7, 8]
				},
				9
			]
		},
		{
			"name": "bone",
			"origin": [0, 0, 0],
			"color": 0,
			"children": [10, 11, 12, 13]
		},
		{
			"name": "bone",
			"origin": [0, 0, 0],
			"color": 0,
			"children": [14, 15, 16, 17]
		},
		{
			"name": "bone",
			"origin": [0, 0, 0],
			"color": 0,
			"children": [18, 19, 20, 21]
		}
	]
}