{
	"credit": "Made with Blockbench",
	"textures": {
		"0": "block/Hananacraft archive/stripped_oak_log_a",
		"1": "block/bearbread",
		"2": "block/Hananacraft archive/plaid2_brown",
		"particle": "block/Hananacraft archive/stripped_oak_log_a"
	},
	"elements": [
		{
			"name": "face",
			"from": [4.69519, 3.5, 6.14182],
			"to": [6.69519, 4.5, 7.14182],
			"rotation": {"angle": 45, "axis": "y", "origin": [7.95424, 2.6272, 7.99654]},
			"faces": {
				"north": {"uv": [6.516, 0.516, 7.484, 0.984], "texture": "#1"},
				"east": {"uv": [6.016, 0.516, 6.484, 0.984], "texture": "#1"},
				"south": {"uv": [8.016, 0.516, 8.984, 0.984], "texture": "#1"},
				"west": {"uv": [7.516, 0.516, 7.984, 0.984], "texture": "#1"},
				"up": {"uv": [6.516, 0.016, 7.484, 0.484], "rotation": 180, "texture": "#1"},
				"down": {"uv": [7.516, 0.484, 8.484, 0.016], "rotation": 180, "texture": "#1"}
			}
		},
		{
			"name": "face",
			"from": [3.99519, 3.9, 5.94182],
			"to": [4.49519, 4.4, 6.44182],
			"rotation": {"angle": 45, "axis": "y", "origin": [7.95424, 2.6272, 7.99654]},
			"faces": {
				"north": {"uv": [11.016, 0.516, 10.94, 0.516], "texture": "#1"},
				"east": {"uv": [11.016, 0.516, 10.94, 0.516], "texture": "#1"},
				"south": {"uv": [11.016, 0.516, 10.94, 0.516], "texture": "#1"},
				"west": {"uv": [11.016, 0.516, 10.94, 0.516], "texture": "#1"},
				"up": {"uv": [11.016, 0.516, 10.94, 0.516], "rotation": 180, "texture": "#1"},
				"down": {"uv": [11.016, 0.516, 10.94, 0.516], "rotation": 180, "texture": "#1"}
			}
		},
		{
			"name": "face",
			"from": [5.19952, 4.1, 8.69797],
			"to": [5.39952, 4.6, 9.19797],
			"rotation": {"angle": 0, "axis": "y", "origin": [7.95424, 2.6272, 7.99654]},
			"faces": {
				"north": {"uv": [11.016, 0.516, 10.94, 0.516], "texture": "#1"},
				"east": {"uv": [11.016, 0.516, 10.94, 0.516], "texture": "#1"},
				"south": {"uv": [11.016, 0.516, 10.94, 0.516], "texture": "#1"},
				"west": {"uv": [11.016, 0.516, 10.94, 0.516], "texture": "#1"},
				"up": {"uv": [11.016, 0.516, 10.94, 0.516], "rotation": 180, "texture": "#1"},
				"down": {"uv": [11.016, 0.516, 10.94, 0.516], "rotation": 180, "texture": "#1"}
			}
		},
		{
			"name": "face",
			"from": [5.39519, 4.1, 6.24182],
			"to": [5.89519, 4.6, 6.74182],
			"rotation": {"angle": 45, "axis": "y", "origin": [7.95424, 2.6272, 7.99654]},
			"faces": {
				"north": {"uv": [11.016, 0.516, 10.94, 0.516], "texture": "#1"},
				"east": {"uv": [11.016, 0.516, 10.94, 0.516], "texture": "#1"},
				"south": {"uv": [11.016, 0.516, 10.94, 0.516], "texture": "#1"},
				"west": {"uv": [11.016, 0.516, 10.94, 0.516], "texture": "#1"},
				"up": {"uv": [11.016, 0.516, 10.94, 0.516], "rotation": 180, "texture": "#1"},
				"down": {"uv": [11.016, 0.516, 10.94, 0.516], "rotation": 180, "texture": "#1"}
			}
		},
		{
			"name": "face",
			"from": [5.42741, 4.1, 8.51215],
			"to": [5.92741, 4.6, 8.71215],
			"rotation": {"angle": 0, "axis": "y", "origin": [7.95424, 2.6272, 7.99654]},
			"faces": {
				"north": {"uv": [11.016, 0.516, 10.94, 0.516], "texture": "#1"},
				"east": {"uv": [11.016, 0.516, 10.94, 0.516], "texture": "#1"},
				"south": {"uv": [11.016, 0.516, 10.94, 0.516], "texture": "#1"},
				"west": {"uv": [11.016, 0.516, 10.94, 0.516], "texture": "#1"},
				"up": {"uv": [11.016, 0.516, 10.94, 0.516], "rotation": 90, "texture": "#1"},
				"down": {"uv": [11.016, 0.516, 10.94, 0.516], "rotation": 270, "texture": "#1"}
			}
		},
		{
			"name": "face",
			"from": [6.89519, 3.9, 5.94182],
			"to": [7.39519, 4.4, 6.44182],
			"rotation": {"angle": 45, "axis": "y", "origin": [7.95424, 2.6272, 7.99654]},
			"faces": {
				"north": {"uv": [11.016, 0.516, 10.94, 0.516], "texture": "#1"},
				"east": {"uv": [11.016, 0.516, 10.94, 0.516], "texture": "#1"},
				"south": {"uv": [11.016, 0.516, 10.94, 0.516], "texture": "#1"},
				"west": {"uv": [11.016, 0.516, 10.94, 0.516], "texture": "#1"},
				"up": {"uv": [11.016, 0.516, 10.94, 0.516], "rotation": 180, "texture": "#1"},
				"down": {"uv": [11.016, 0.516, 10.94, 0.516], "rotation": 180, "texture": "#1"}
			}
		},
		{
			"name": "body",
			"from": [3.69519, 3.3, 4.24182],
			"to": [7.69519, 4.3, 8.24182],
			"rotation": {"angle": 45, "axis": "y", "origin": [7.95424, 2.6272, 7.99654]},
			"faces": {
				"north": {"uv": [2.016, 2.016, 3.984, 2.484], "texture": "#1"},
				"east": {"uv": [0.016, 2.016, 1.984, 2.484], "texture": "#1"},
				"south": {"uv": [6.016, 2.016, 7.984, 2.484], "texture": "#1"},
				"west": {"uv": [4.016, 2.016, 5.984, 2.484], "texture": "#1"},
				"up": {"uv": [2.016, 0.016, 3.984, 1.984], "rotation": 180, "texture": "#1"},
				"down": {"uv": [4.016, 1.984, 5.984, 0.016], "rotation": 180, "texture": "#1"}
			}
		},
		{
			"name": "body",
			"from": [1.76253, 1.199, 7.49961],
			"to": [3.76253, 2.199, 9.49961],
			"shade": false,
			"rotation": {"angle": 0, "axis": "y", "origin": [7.95424, 2.6272, 7.99654]},
			"faces": {
				"north": {"uv": [1.984, 6.016, 1.016, 6.484], "texture": "#1"},
				"east": {"uv": [2.984, 6.016, 2.016, 6.484], "texture": "#1"},
				"south": {"uv": [3.984, 6.016, 3.016, 6.484], "texture": "#1"},
				"west": {"uv": [0.984, 6.016, 0.016, 6.484], "texture": "#1"},
				"up": {"uv": [1.984, 5.016, 1.016, 5.984], "rotation": 180, "texture": "#1"},
				"down": {"uv": [2.984, 5.984, 2.016, 5.016], "rotation": 180, "texture": "#1"}
			}
		},
		{
			"name": "body",
			"from": [1.76253, 3.199, 7.49961],
			"to": [3.76253, 4.199, 9.49961],
			"shade": false,
			"rotation": {"angle": 0, "axis": "y", "origin": [7.95424, 2.6272, 7.99654]},
			"faces": {
				"north": {"uv": [1.984, 6.016, 1.016, 6.484], "texture": "#1"},
				"east": {"uv": [2.984, 6.016, 2.016, 6.484], "texture": "#1"},
				"south": {"uv": [3.984, 6.016, 3.016, 6.484], "texture": "#1"},
				"west": {"uv": [0.984, 6.016, 0.016, 6.484], "texture": "#1"},
				"up": {"uv": [1.984, 5.016, 1.016, 5.984], "rotation": 180, "texture": "#1"},
				"down": {"uv": [2.984, 5.984, 2.016, 5.016], "rotation": 180, "texture": "#1"}
			}
		},
		{
			"name": "body",
			"from": [4.26253, 3.199, 4.99961],
			"to": [6.26253, 4.199, 6.99961],
			"rotation": {"angle": 0, "axis": "y", "origin": [7.95424, 2.6272, 7.99654]},
			"faces": {
				"north": {"uv": [0.016, 6.016, 0.984, 6.484], "texture": "#1"},
				"east": {"uv": [3.016, 6.016, 3.984, 6.484], "texture": "#1"},
				"south": {"uv": [2.016, 6.016, 2.984, 6.484], "texture": "#1"},
				"west": {"uv": [1.016, 6.016, 1.984, 6.484], "texture": "#1"},
				"up": {"uv": [1.016, 5.016, 1.984, 5.984], "rotation": 90, "texture": "#1"},
				"down": {"uv": [2.016, 5.984, 2.984, 5.016], "rotation": 270, "texture": "#1"}
			}
		},
		{
			"name": "body",
			"from": [4.26253, 1.199, 4.99961],
			"to": [6.26253, 2.199, 6.99961],
			"rotation": {"angle": 0, "axis": "y", "origin": [7.95424, 2.6272, 7.99654]},
			"faces": {
				"north": {"uv": [0.016, 6.016, 0.984, 6.484], "texture": "#1"},
				"east": {"uv": [3.016, 6.016, 3.984, 6.484], "texture": "#1"},
				"south": {"uv": [2.016, 6.016, 2.984, 6.484], "texture": "#1"},
				"west": {"uv": [1.016, 6.016, 1.984, 6.484], "texture": "#1"},
				"up": {"uv": [1.016, 5.016, 1.984, 5.984], "rotation": 90, "texture": "#1"},
				"down": {"uv": [2.016, 5.984, 2.984, 5.016], "rotation": 270, "texture": "#1"}
			}
		},
		{
			"name": "body",
			"from": [3.69519, 1.3, 4.24182],
			"to": [7.69519, 2.3, 8.24182],
			"rotation": {"angle": 45, "axis": "y", "origin": [7.95424, 2.6272, 7.99654]},
			"faces": {
				"north": {"uv": [2.016, 2.016, 3.984, 2.484], "texture": "#1"},
				"east": {"uv": [0.016, 2.016, 1.984, 2.484], "texture": "#1"},
				"south": {"uv": [6.016, 2.016, 7.984, 2.484], "texture": "#1"},
				"west": {"uv": [4.016, 2.016, 5.984, 2.484], "texture": "#1"},
				"up": {"uv": [2.016, 0.016, 3.984, 1.984], "rotation": 180, "texture": "#1"},
				"down": {"uv": [4.016, 1.984, 5.984, 0.016], "rotation": 180, "texture": "#1"}
			}
		},
		{
			"name": "cream",
			"from": [1.76253, 2.199, 7.49961],
			"to": [3.76253, 3.199, 9.49961],
			"rotation": {"angle": 0, "axis": "y", "origin": [7.95424, 2.6272, 7.99654]},
			"faces": {
				"north": {"uv": [3.016, 4.516, 3.984, 4.984], "texture": "#1"},
				"east": {"uv": [2.016, 4.516, 2.984, 4.984], "texture": "#1"},
				"south": {"uv": [5.016, 4.516, 5.984, 4.984], "texture": "#1"},
				"west": {"uv": [4.016, 4.516, 4.984, 4.984], "texture": "#1"},
				"up": {"uv": [3.016, 3.516, 3.984, 4.484], "rotation": 180, "texture": "#1"},
				"down": {"uv": [4.016, 4.484, 4.984, 3.516], "rotation": 180, "texture": "#1"}
			}
		},
		{
			"name": "cream",
			"from": [3.69519, 2.3, 4.24182],
			"to": [7.69519, 3.3, 8.24182],
			"rotation": {"angle": 45, "axis": "y", "origin": [7.95424, 2.6272, 7.99654]},
			"faces": {
				"north": {"uv": [2.016, 4.516, 3.984, 4.984], "texture": "#1"},
				"east": {"uv": [0.016, 4.516, 1.984, 4.984], "texture": "#1"},
				"south": {"uv": [6.016, 4.516, 7.984, 4.984], "texture": "#1"},
				"west": {"uv": [4.016, 4.516, 5.984, 4.984], "texture": "#1"},
				"up": {"uv": [2.016, 2.516, 3.984, 4.484], "rotation": 180, "texture": "#1"},
				"down": {"uv": [4.016, 4.484, 5.984, 2.516], "rotation": 180, "texture": "#1"}
			}
		},
		{
			"name": "cream",
			"from": [4.26253, 2.199, 4.99961],
			"to": [6.26253, 3.199, 6.99961],
			"rotation": {"angle": 0, "axis": "y", "origin": [7.95424, 2.6272, 7.99654]},
			"faces": {
				"north": {"uv": [2.016, 4.516, 2.984, 4.984], "texture": "#1"},
				"east": {"uv": [5.016, 4.516, 5.984, 4.984], "texture": "#1"},
				"south": {"uv": [4.016, 4.516, 4.984, 4.984], "texture": "#1"},
				"west": {"uv": [3.016, 4.516, 3.984, 4.984], "texture": "#1"},
				"up": {"uv": [3.016, 3.516, 3.984, 4.484], "rotation": 90, "texture": "#1"},
				"down": {"uv": [4.016, 4.484, 4.984, 3.516], "rotation": 270, "texture": "#1"}
			}
		},
		{
			"name": "face",
			"from": [9.77482, 3.5, 7.2444],
			"to": [11.77482, 4.5, 8.2444],
			"rotation": {"angle": -22.5, "axis": "y", "origin": [7.95424, 2.6272, 7.99654]},
			"faces": {
				"north": {"uv": [6.516, 0.516, 7.484, 0.984], "texture": "#1"},
				"east": {"uv": [6.016, 0.516, 6.484, 0.984], "texture": "#1"},
				"south": {"uv": [8.016, 0.516, 8.984, 0.984], "texture": "#1"},
				"west": {"uv": [7.516, 0.516, 7.984, 0.984], "texture": "#1"},
				"up": {"uv": [6.516, 0.016, 7.484, 0.484], "rotation": 180, "texture": "#1"},
				"down": {"uv": [7.516, 0.484, 8.484, 0.016], "rotation": 180, "texture": "#1"}
			}
		},
		{
			"name": "face",
			"from": [9.07482, 3.9, 7.0444],
			"to": [9.57482, 4.4, 7.5444],
			"rotation": {"angle": -22.5, "axis": "y", "origin": [7.95424, 2.6272, 7.99654]},
			"faces": {
				"north": {"uv": [11.016, 0.516, 10.94, 0.516], "texture": "#1"},
				"east": {"uv": [11.016, 0.516, 10.94, 0.516], "texture": "#1"},
				"south": {"uv": [11.016, 0.516, 10.94, 0.516], "texture": "#1"},
				"west": {"uv": [11.016, 0.516, 10.94, 0.516], "texture": "#1"},
				"up": {"uv": [11.016, 0.516, 10.94, 0.516], "rotation": 180, "texture": "#1"},
				"down": {"uv": [11.016, 0.516, 10.94, 0.516], "rotation": 180, "texture": "#1"}
			}
		},
		{
			"name": "face",
			"from": [9.56502, 4.1, 9.6133],
			"to": [10.06502, 4.6, 9.8133],
			"rotation": {"angle": 22.5, "axis": "y", "origin": [7.95424, 2.6272, 7.99654]},
			"faces": {
				"north": {"uv": [11.016, 0.516, 10.94, 0.516], "texture": "#1"},
				"east": {"uv": [11.016, 0.516, 10.94, 0.516], "texture": "#1"},
				"south": {"uv": [11.016, 0.516, 10.94, 0.516], "texture": "#1"},
				"west": {"uv": [11.016, 0.516, 10.94, 0.516], "texture": "#1"},
				"up": {"uv": [11.016, 0.516, 10.94, 0.516], "rotation": 270, "texture": "#1"},
				"down": {"uv": [11.016, 0.516, 10.94, 0.516], "rotation": 90, "texture": "#1"}
			}
		},
		{
			"name": "face",
			"from": [10.47482, 4.1, 7.3444],
			"to": [10.97482, 4.6, 7.8444],
			"rotation": {"angle": -22.5, "axis": "y", "origin": [7.95424, 2.6272, 7.99654]},
			"faces": {
				"north": {"uv": [11.016, 0.516, 10.94, 0.516], "texture": "#1"},
				"east": {"uv": [11.016, 0.516, 10.94, 0.516], "texture": "#1"},
				"south": {"uv": [11.016, 0.516, 10.94, 0.516], "texture": "#1"},
				"west": {"uv": [11.016, 0.516, 10.94, 0.516], "texture": "#1"},
				"up": {"uv": [11.016, 0.516, 10.94, 0.516], "rotation": 180, "texture": "#1"},
				"down": {"uv": [11.016, 0.516, 10.94, 0.516], "rotation": 180, "texture": "#1"}
			}
		},
		{
			"name": "face",
			"from": [10.05084, 4.1, 9.84119],
			"to": [10.25084, 4.6, 10.34119],
			"rotation": {"angle": 22.5, "axis": "y", "origin": [7.95424, 2.6272, 7.99654]},
			"faces": {
				"north": {"uv": [11.016, 0.516, 10.94, 0.516], "texture": "#1"},
				"east": {"uv": [11.016, 0.516, 10.94, 0.516], "texture": "#1"},
				"south": {"uv": [11.016, 0.516, 10.94, 0.516], "texture": "#1"},
				"west": {"uv": [11.016, 0.516, 10.94, 0.516], "texture": "#1"},
				"up": {"uv": [11.016, 0.516, 10.94, 0.516], "rotation": 180, "texture": "#1"},
				"down": {"uv": [11.016, 0.516, 10.94, 0.516], "rotation": 180, "texture": "#1"}
			}
		},
		{
			"name": "face",
			"from": [11.97482, 3.9, 7.0444],
			"to": [12.47482, 4.4, 7.5444],
			"rotation": {"angle": -22.5, "axis": "y", "origin": [7.95424, 2.6272, 7.99654]},
			"faces": {
				"north": {"uv": [11.016, 0.516, 10.94, 0.516], "texture": "#1"},
				"east": {"uv": [11.016, 0.516, 10.94, 0.516], "texture": "#1"},
				"south": {"uv": [11.016, 0.516, 10.94, 0.516], "texture": "#1"},
				"west": {"uv": [11.016, 0.516, 10.94, 0.516], "texture": "#1"},
				"up": {"uv": [11.016, 0.516, 10.94, 0.516], "rotation": 180, "texture": "#1"},
				"down": {"uv": [11.016, 0.516, 10.94, 0.516], "rotation": 180, "texture": "#1"}
			}
		},
		{
			"name": "body",
			"from": [8.77482, 3.3, 5.3444],
			"to": [12.77482, 4.3, 9.3444],
			"rotation": {"angle": -22.5, "axis": "y", "origin": [7.95424, 2.6272, 7.99654]},
			"faces": {
				"north": {"uv": [2.016, 2.016, 3.984, 2.484], "texture": "#1"},
				"east": {"uv": [0.016, 2.016, 1.984, 2.484], "texture": "#1"},
				"south": {"uv": [6.016, 2.016, 7.984, 2.484], "texture": "#1"},
				"west": {"uv": [4.016, 2.016, 5.984, 2.484], "texture": "#1"},
				"up": {"uv": [2.016, 0.016, 3.984, 1.984], "rotation": 180, "texture": "#1"},
				"down": {"uv": [4.016, 1.984, 5.984, 0.016], "rotation": 180, "texture": "#1"}
			}
		},
		{
			"name": "body",
			"from": [9.26338, 1.199, 6.17631],
			"to": [11.26338, 2.199, 8.17631],
			"shade": false,
			"rotation": {"angle": 22.5, "axis": "y", "origin": [7.95424, 2.6272, 7.99654]},
			"faces": {
				"north": {"uv": [0.984, 6.016, 0.016, 6.484], "texture": "#1"},
				"east": {"uv": [1.984, 6.016, 1.016, 6.484], "texture": "#1"},
				"south": {"uv": [2.984, 6.016, 2.016, 6.484], "texture": "#1"},
				"west": {"uv": [3.984, 6.016, 3.016, 6.484], "texture": "#1"},
				"up": {"uv": [1.984, 5.016, 1.016, 5.984], "rotation": 270, "texture": "#1"},
				"down": {"uv": [2.984, 5.984, 2.016, 5.016], "rotation": 90, "texture": "#1"}
			}
		},
		{
			"name": "body",
			"from": [9.26338, 3.199, 6.17631],
			"to": [11.26338, 4.199, 8.17631],
			"shade": false,
			"rotation": {"angle": 22.5, "axis": "y", "origin": [7.95424, 2.6272, 7.99654]},
			"faces": {
				"north": {"uv": [0.984, 6.016, 0.016, 6.484], "texture": "#1"},
				"east": {"uv": [1.984, 6.016, 1.016, 6.484], "texture": "#1"},
				"south": {"uv": [2.984, 6.016, 2.016, 6.484], "texture": "#1"},
				"west": {"uv": [3.984, 6.016, 3.016, 6.484], "texture": "#1"},
				"up": {"uv": [1.984, 5.016, 1.016, 5.984], "rotation": 270, "texture": "#1"},
				"down": {"uv": [2.984, 5.984, 2.016, 5.016], "rotation": 90, "texture": "#1"}
			}
		},
		{
			"name": "body",
			"from": [11.76338, 3.199, 8.67631],
			"to": [13.76338, 4.199, 10.67631],
			"rotation": {"angle": 22.5, "axis": "y", "origin": [7.95424, 2.6272, 7.99654]},
			"faces": {
				"north": {"uv": [1.016, 6.016, 1.984, 6.484], "texture": "#1"},
				"east": {"uv": [0.016, 6.016, 0.984, 6.484], "texture": "#1"},
				"south": {"uv": [3.016, 6.016, 3.984, 6.484], "texture": "#1"},
				"west": {"uv": [2.016, 6.016, 2.984, 6.484], "texture": "#1"},
				"up": {"uv": [1.016, 5.016, 1.984, 5.984], "rotation": 180, "texture": "#1"},
				"down": {"uv": [2.016, 5.984, 2.984, 5.016], "rotation": 180, "texture": "#1"}
			}
		},
		{
			"name": "body",
			"from": [11.76338, 1.199, 8.67631],
			"to": [13.76338, 2.199, 10.67631],
			"rotation": {"angle": 22.5, "axis": "y", "origin": [7.95424, 2.6272, 7.99654]},
			"faces": {
				"north": {"uv": [1.016, 6.016, 1.984, 6.484], "texture": "#1"},
				"east": {"uv": [0.016, 6.016, 0.984, 6.484], "texture": "#1"},
				"south": {"uv": [3.016, 6.016, 3.984, 6.484], "texture": "#1"},
				"west": {"uv": [2.016, 6.016, 2.984, 6.484], "texture": "#1"},
				"up": {"uv": [1.016, 5.016, 1.984, 5.984], "rotation": 180, "texture": "#1"},
				"down": {"uv": [2.016, 5.984, 2.984, 5.016], "rotation": 180, "texture": "#1"}
			}
		},
		{
			"name": "body",
			"from": [8.77482, 1.3, 5.3444],
			"to": [12.77482, 2.3, 9.3444],
			"rotation": {"angle": -22.5, "axis": "y", "origin": [7.95424, 2.6272, 7.99654]},
			"faces": {
				"north": {"uv": [2.016, 2.016, 3.984, 2.484], "texture": "#1"},
				"east": {"uv": [0.016, 2.016, 1.984, 2.484], "texture": "#1"},
				"south": {"uv": [6.016, 2.016, 7.984, 2.484], "texture": "#1"},
				"west": {"uv": [4.016, 2.016, 5.984, 2.484], "texture": "#1"},
				"up": {"uv": [2.016, 0.016, 3.984, 1.984], "rotation": 180, "texture": "#1"},
				"down": {"uv": [4.016, 1.984, 5.984, 0.016], "rotation": 180, "texture": "#1"}
			}
		},
		{
			"name": "cream",
			"from": [9.26338, 2.199, 6.17631],
			"to": [11.26338, 3.199, 8.17631],
			"rotation": {"angle": 22.5, "axis": "y", "origin": [7.95424, 2.6272, 7.99654]},
			"faces": {
				"north": {"uv": [4.016, 4.516, 4.984, 4.984], "texture": "#1"},
				"east": {"uv": [3.016, 4.516, 3.984, 4.984], "texture": "#1"},
				"south": {"uv": [2.016, 4.516, 2.984, 4.984], "texture": "#1"},
				"west": {"uv": [5.016, 4.516, 5.984, 4.984], "texture": "#1"},
				"up": {"uv": [3.016, 3.516, 3.984, 4.484], "rotation": 270, "texture": "#1"},
				"down": {"uv": [4.016, 4.484, 4.984, 3.516], "rotation": 90, "texture": "#1"}
			}
		},
		{
			"name": "cream",
			"from": [8.77482, 2.3, 5.3444],
			"to": [12.77482, 3.3, 9.3444],
			"rotation": {"angle": -22.5, "axis": "y", "origin": [7.95424, 2.6272, 7.99654]},
			"faces": {
				"north": {"uv": [2.016, 4.516, 3.984, 4.984], "texture": "#1"},
				"east": {"uv": [0.016, 4.516, 1.984, 4.984], "texture": "#1"},
				"south": {"uv": [6.016, 4.516, 7.984, 4.984], "texture": "#1"},
				"west": {"uv": [4.016, 4.516, 5.984, 4.984], "texture": "#1"},
				"up": {"uv": [2.016, 2.516, 3.984, 4.484], "rotation": 180, "texture": "#1"},
				"down": {"uv": [4.016, 4.484, 5.984, 2.516], "rotation": 180, "texture": "#1"}
			}
		},
		{
			"name": "cream",
			"from": [11.76338, 2.199, 8.67631],
			"to": [13.76338, 3.199, 10.67631],
			"rotation": {"angle": 22.5, "axis": "y", "origin": [7.95424, 2.6272, 7.99654]},
			"faces": {
				"north": {"uv": [3.016, 4.516, 3.984, 4.984], "texture": "#1"},
				"east": {"uv": [2.016, 4.516, 2.984, 4.984], "texture": "#1"},
				"south": {"uv": [5.016, 4.516, 5.984, 4.984], "texture": "#1"},
				"west": {"uv": [4.016, 4.516, 4.984, 4.984], "texture": "#1"},
				"up": {"uv": [3.016, 3.516, 3.984, 4.484], "rotation": 180, "texture": "#1"},
				"down": {"uv": [4.016, 4.484, 4.984, 3.516], "rotation": 180, "texture": "#1"}
			}
		},
		{
			"from": [14, 0, 4],
			"to": [15, 1, 12],
			"rotation": {"angle": 0, "axis": "y", "origin": [7.95424, 2.6272, 7.99654]},
			"faces": {
				"north": {"uv": [0.06, 0.06, 0.94, 0.94], "texture": "#0"},
				"east": {"uv": [0.06, 0.06, 7.94, 0.94], "texture": "#0"},
				"south": {"uv": [4.06, 3.06, 4.94, 3.94], "texture": "#0"},
				"west": {"uv": [3.06, 0.06, 10.94, 0.94], "texture": "#0"},
				"up": {"uv": [6.94, 11.94, 6.06, 4.06], "texture": "#0"},
				"down": {"uv": [6.94, 10.94, 6.06, 3.06], "texture": "#0"}
			}
		},
		{
			"from": [1, 0, 4],
			"to": [2, 1, 12],
			"rotation": {"angle": 0, "axis": "y", "origin": [7.95424, 2.6272, 7.99654]},
			"faces": {
				"north": {"uv": [7.06, 4.06, 7.94, 4.94], "texture": "#0"},
				"east": {"uv": [7.06, 4.06, 7.94, 11.94], "texture": "#0"},
				"south": {"uv": [7.06, 4.06, 7.94, 4.94], "texture": "#0"},
				"west": {"uv": [4.06, 7.06, 11.94, 7.94], "texture": "#0"},
				"up": {"uv": [7.94, 11.94, 7.06, 4.06], "texture": "#0"},
				"down": {"uv": [7.94, 11.94, 7.06, 4.06], "texture": "#0"}
			}
		},
		{
			"from": [2, 0, 4],
			"to": [14, 1, 5],
			"rotation": {"angle": 0, "axis": "y", "origin": [7.95424, 2.6272, 7.99654]},
			"faces": {
				"north": {"uv": [0.06, 0.06, 11.94, 0.94], "texture": "#0"},
				"east": {"uv": [0.06, 0.06, 0.94, 0.94], "texture": "#0"},
				"south": {"uv": [0.06, 0.06, 11.94, 0.94], "texture": "#0"},
				"west": {"uv": [0.06, 0.06, 0.94, 0.94], "texture": "#0"},
				"up": {"uv": [13.94, 9.94, 2.06, 9.06], "texture": "#0"},
				"down": {"uv": [11.94, 0.94, 0.06, 0.06], "texture": "#0"}
			}
		},
		{
			"from": [2, 0, 5],
			"to": [14, 0.75, 6],
			"rotation": {"angle": 0, "axis": "y", "origin": [7.95424, 2.6272, 7.99654]},
			"faces": {
				"north": {"uv": [0.06, 0.06, 11.94, 0.75], "texture": "#0"},
				"east": {"uv": [0.06, 0.06, 0.94, 0.75], "texture": "#0"},
				"south": {"uv": [0.06, 0.06, 11.94, 0.75], "texture": "#0"},
				"west": {"uv": [0.06, 0.06, 0.94, 0.75], "texture": "#0"},
				"up": {"uv": [0.94, 13.94, 0.06, 2.06], "rotation": 90, "texture": "#0"},
				"down": {"uv": [14.94, 8.94, 3.06, 8.06], "texture": "#0"}
			}
		},
		{
			"from": [2, 0, 10],
			"to": [14, 0.75, 11],
			"rotation": {"angle": 0, "axis": "y", "origin": [7.95424, 2.6272, 7.99654]},
			"faces": {
				"north": {"uv": [0.06, 0.06, 11.94, 0.75], "texture": "#0"},
				"east": {"uv": [0.06, 0.06, 0.94, 0.75], "texture": "#0"},
				"south": {"uv": [0.06, 0.06, 11.94, 0.75], "texture": "#0"},
				"west": {"uv": [0.06, 0.06, 0.94, 0.75], "texture": "#0"},
				"up": {"uv": [0.94, 13.94, 0.06, 2.06], "rotation": 90, "texture": "#0"},
				"down": {"uv": [14.94, 6.94, 3.06, 6.06], "texture": "#0"}
			}
		},
		{
			"from": [2, 0, 6],
			"to": [3, 0.75, 10],
			"rotation": {"angle": 0, "axis": "y", "origin": [7.95424, 2.6272, 7.99654]},
			"faces": {
				"north": {"uv": [0.06, 0.06, 0.94, 0.75], "texture": "#0"},
				"east": {"uv": [0.06, 0.06, 3.94, 0.75], "texture": "#0"},
				"south": {"uv": [0.06, 0.06, 0.94, 0.75], "texture": "#0"},
				"west": {"uv": [0.06, 0.06, 3.94, 0.75], "texture": "#0"},
				"up": {"uv": [0.94, 7.94, 0.06, 4.06], "texture": "#0"},
				"down": {"uv": [6.94, 8.94, 6.06, 5.06], "texture": "#0"}
			}
		},
		{
			"from": [13, 0, 6],
			"to": [14, 0.75, 10],
			"rotation": {"angle": 0, "axis": "y", "origin": [7.95424, 2.6272, 7.99654]},
			"faces": {
				"north": {"uv": [0.06, 0.06, 0.94, 0.75], "texture": "#0"},
				"east": {"uv": [0.06, 0.06, 3.94, 0.75], "texture": "#0"},
				"south": {"uv": [0.06, 0.06, 0.94, 0.75], "texture": "#0"},
				"west": {"uv": [0.06, 0.06, 3.94, 0.75], "texture": "#0"},
				"up": {"uv": [0.94, 10.94, 0.06, 7.06], "texture": "#0"},
				"down": {"uv": [7.94, 9.94, 7.06, 6.06], "texture": "#0"}
			}
		},
		{
			"from": [2, 0, 11],
			"to": [14, 1, 12],
			"rotation": {"angle": 0, "axis": "y", "origin": [7.95424, 2.6272, 7.99654]},
			"faces": {
				"north": {"uv": [2.06, 4.06, 13.94, 4.94], "texture": "#0"},
				"east": {"uv": [2.06, 4.06, 13.94, 4.94], "texture": "#0"},
				"south": {"uv": [2.06, 4.06, 13.94, 4.94], "texture": "#0"},
				"west": {"uv": [2.06, 4.06, 13.94, 4.94], "texture": "#0"},
				"up": {"uv": [14.94, 3.94, 3.06, 3.06], "texture": "#0"},
				"down": {"uv": [13.94, 4.94, 2.06, 4.06], "texture": "#0"}
			}
		},
		{
			"from": [3, 0, 6],
			"to": [13, 1, 10],
			"rotation": {"angle": 0, "axis": "y", "origin": [7.95424, 2.6272, 7.99654]},
			"faces": {
				"north": {"uv": [4.06, 4.06, 13.94, 4.94], "texture": "#0"},
				"east": {"uv": [0.06, 0.06, 3.94, 0.94], "texture": "#0"},
				"south": {"uv": [0.06, 0.06, 9.94, 0.94], "texture": "#0"},
				"west": {"uv": [0.06, 0.06, 3.94, 0.94], "texture": "#0"},
				"up": {"uv": [12.94, 9.94, 3.06, 6.06], "texture": "#0"},
				"down": {"uv": [12.94, 9.94, 3.06, 6.06], "texture": "#0"}
			}
		},
		{
			"from": [6.84522, 1.2, 5.73322],
			"to": [12.84522, 1.2, 11.73322],
			"rotation": {"angle": 22.5, "axis": "y", "origin": [7.95424, 2.6272, 7.99654]},
			"faces": {
				"north": {"uv": [0.06, 0.06, 5.94, 0.06], "texture": "#2"},
				"east": {"uv": [0.06, 0.06, 5.94, 0.06], "texture": "#2"},
				"south": {"uv": [0.06, 0.06, 5.94, 0.06], "texture": "#2"},
				"west": {"uv": [0.06, 0.06, 5.94, 0.06], "texture": "#2"},
				"up": {"uv": [7.94, 7.94, 0.06, 0.06], "rotation": 90, "texture": "#2"},
				"down": {"uv": [5.94, 5.94, 0.06, 0.06], "rotation": 270, "texture": "#2"}
			}
		}
	],
	"display": {
		"thirdperson_righthand": {
			"rotation": [70, 0, 0],
			"translation": [-6, 5.5, 6.5]
		},
		"firstperson_righthand": {
			"translation": [-8.75, 5.25, 0]
		},
		"ground": {
			"translation": [0, 4, 0]
		},
		"gui": {
			"rotation": [30, 30, 0],
			"translation": [0, 5, 0]
		},
		"fixed": {
			"rotation": [-90, 0, 0],
			"translation": [0, 0, -15],
			"scale": [2, 2, 2]
		}
	},
	"groups": [
		{
			"name": "bearbreadtray",
			"origin": [0, 0, 0],
			"color": 0,
			"children": [
				{
					"name": "bearbread1",
					"origin": [0, 0, 0],
					"color": 0,
					"children": [
						{
							"name": "face",
							"origin": [0, 0, 0],
							"color": 2,
							"children": [0, 1, 2, 3, 4, 5]
						},
						{
							"name": "body",
							"origin": [0, 0, 0],
							"color": 3,
							"children": [
								6,
								7,
								8,
								9,
								10,
								11,
								{
									"name": "cream",
									"origin": [0, 0, 0],
									"color": 4,
									"children": [12, 13, 14]
								}
							]
						}
					]
				},
				{
					"name": "bearbread1",
					"origin": [0, 0, 0],
					"color": 0,
					"children": [
						{
							"name": "face",
							"origin": [0, 0, 0],
							"color": 2,
							"children": [15, 16, 17, 18, 19, 20]
						},
						{
							"name": "body",
							"origin": [0, 0, 0],
							"color": 3,
							"children": [
								21,
								22,
								23,
								24,
								25,
								26,
								{
									"name": "cream",
									"origin": [0, 0, 0],
									"color": 4,
									"children": [27, 28, 29]
								}
							]
						}
					]
				},
				{
					"name": "group",
					"origin": [0, 0, 0],
					"color": 0,
					"children": [30, 31, 32, 33, 34, 35, 36, 37, 38]
				},
				39
			]
		}
	]
}