{
	"credit": "Made with Blockbench",
	"textures": {
		"0": "block/crimson_planks",
		"1": "block/stripped_crimson_stem",
		"particle": "block/crimson_planks"
	},
	"elements": [
		{
			"name": "top",
			"from": [-0.001, 14, 2.999],
			"to": [16.001, 16.001, 16.001],
			"rotation": {"angle": 0, "axis": "y", "origin": [-0.001, 0, -1.501]},
			"faces": {
				"north": {"uv": [0, 0, 16, 2], "texture": "#1"},
				"east": {"uv": [0, 0, 13, 2], "texture": "#1"},
				"south": {"uv": [0, 0, 16, 2], "texture": "#1"},
				"west": {"uv": [3, 0, 16, 2], "texture": "#1"},
				"up": {"uv": [0, 0, 16, 13], "texture": "#1"},
				"down": {"uv": [0, 0, 16, 13], "texture": "#1"}
			}
		},
		{
			"name": "top",
			"from": [0.999, 13, 3.999],
			"to": [15.001, 14.001, 15.001],
			"rotation": {"angle": 0, "axis": "y", "origin": [-0.001, 0, -1.501]},
			"faces": {
				"north": {"uv": [0, 0, 16, 2], "texture": "#1"},
				"east": {"uv": [0, 0, 13, 2], "texture": "#1"},
				"south": {"uv": [0, 0, 16, 2], "texture": "#1"},
				"west": {"uv": [3, 0, 16, 2], "texture": "#1"},
				"up": {"uv": [0, 0, 16, 13], "texture": "#1"},
				"down": {"uv": [0, 0, 16, 13], "texture": "#1"}
			}
		},
		{
			"name": "middle shelf",
			"from": [7.5, 4, 4],
			"to": [8.5, 14, 15.001],
			"rotation": {"angle": 0, "axis": "y", "origin": [-0.5, 0, 0]},
			"faces": {
				"north": {"uv": [1, 8, 15, 9], "rotation": 90, "texture": "#1"},
				"east": {"uv": [1, 0, 15, 8], "rotation": 270, "texture": "#1"},
				"south": {"uv": [1, 8, 15, 9], "rotation": 270, "texture": "#1"},
				"west": {"uv": [1, 0, 15, 8], "rotation": 270, "texture": "#1"},
				"up": {"uv": [0, 0, 8, 1], "rotation": 270, "texture": "#1"},
				"down": {"uv": [0, 0, 8, 1], "rotation": 270, "texture": "#1"}
			}
		},
		{
			"name": "r side",
			"from": [-0.0005, -0.001, 3.999],
			"to": [1.0005, 14.019, 16.002],
			"rotation": {"angle": 0, "axis": "y", "origin": [-0.0005, 0, -2.001]},
			"faces": {
				"north": {"uv": [15, 2, 16, 16], "texture": "#1"},
				"east": {"uv": [0, 2, 12, 16], "texture": "#1"},
				"south": {"uv": [0, 0, 1, 14], "texture": "#1"},
				"west": {"uv": [4, 2, 16, 16], "texture": "#1"},
				"up": {"uv": [0, 0, 1, 12], "texture": "#1"},
				"down": {"uv": [0, 0, 1, 12], "texture": "#1"}
			}
		},
		{
			"name": "l side",
			"from": [14.9995, -0.001, 3.999],
			"to": [16.0005, 14.019, 16.002],
			"rotation": {"angle": 0, "axis": "y", "origin": [-0.0005, 0, -2.001]},
			"faces": {
				"north": {"uv": [0, 2, 1, 16], "texture": "#1"},
				"east": {"uv": [0, 2, 12, 16], "texture": "#1"},
				"south": {"uv": [0, 0, 1, 14], "texture": "#1"},
				"west": {"uv": [4, 2, 16, 16], "texture": "#1"},
				"up": {"uv": [0, 0, 1, 12], "texture": "#1"},
				"down": {"uv": [0, 0, 1, 12], "texture": "#1"}
			}
		},
		{
			"name": "bottom shelf",
			"from": [1, -0.001, 4],
			"to": [15, 3.999, 15.001],
			"faces": {
				"north": {"uv": [1, 12, 15, 16], "texture": "#1"},
				"east": {"uv": [0, 0, 8, 1], "texture": "#1"},
				"south": {"uv": [1, 12, 15, 16], "texture": "#1"},
				"west": {"uv": [0, 0, 8, 1], "texture": "#1"},
				"up": {"uv": [1, 8, 15, 16], "texture": "#1"},
				"down": {"uv": [1, 0, 15, 8], "texture": "#1"}
			}
		},
		{
			"name": "back",
			"from": [1, -0.001, 15],
			"to": [15, 13.999, 16.001],
			"faces": {
				"north": {"uv": [1, 12, 15, 16], "texture": "#1"},
				"east": {"uv": [0, 0, 8, 1], "texture": "#1"},
				"south": {"uv": [1, 1, 15, 16], "texture": "#1"},
				"west": {"uv": [0, 0, 8, 1], "texture": "#1"},
				"up": {"uv": [1, 8, 15, 16], "texture": "#1"},
				"down": {"uv": [1, 0, 15, 1], "texture": "#1"}
			}
		},
		{
			"name": "drawer",
			"from": [1, 0.5, 3.5],
			"to": [5, 3.5, 4],
			"faces": {
				"north": {"uv": [0, 0, 4, 3], "texture": "#0"},
				"east": {"uv": [0, 0, 0.5, 3], "texture": "#1"},
				"south": {"uv": [0, 0, 4, 3], "texture": "#1"},
				"west": {"uv": [0, 0, 0.5, 3], "texture": "#1"},
				"up": {"uv": [0, 0, 4, 0.5], "texture": "#0"},
				"down": {"uv": [0, 0, 4, 0.5], "texture": "#1"}
			}
		},
		{
			"name": "drawer",
			"from": [11, 0.5, 3.5],
			"to": [15, 3.5, 4],
			"faces": {
				"north": {"uv": [0, 0, 4, 3], "texture": "#0"},
				"east": {"uv": [0, 0, 0.5, 3], "texture": "#1"},
				"south": {"uv": [0, 0, 4, 3], "texture": "#1"},
				"west": {"uv": [0, 0, 0.5, 3], "texture": "#1"},
				"up": {"uv": [0, 0, 4, 0.5], "texture": "#0"},
				"down": {"uv": [0, 0, 4, 0.5], "texture": "#1"}
			}
		},
		{
			"name": "drawer",
			"from": [6, 0.5, 3.5],
			"to": [10, 3.5, 4],
			"faces": {
				"north": {"uv": [0, 0, 4, 3], "texture": "#0"},
				"east": {"uv": [0, 0, 0.5, 3], "texture": "#1"},
				"south": {"uv": [0, 0, 4, 3], "texture": "#1"},
				"west": {"uv": [0, 0, 0.5, 3], "texture": "#1"},
				"up": {"uv": [0, 0, 4, 0.5], "texture": "#0"},
				"down": {"uv": [0, 0, 4, 0.5], "texture": "#1"}
			}
		},
		{
			"name": "knob",
			"from": [7.5, 1.5, 3],
			"to": [8.5, 2.5, 4],
			"faces": {
				"north": {"uv": [6, 3, 7, 4], "texture": "#0"},
				"east": {"uv": [3, 3, 4, 4], "texture": "#0"},
				"south": {"uv": [3, 3, 4, 4], "texture": "#1"},
				"west": {"uv": [3, 3, 4, 4], "texture": "#0"},
				"up": {"uv": [6, 3, 7, 4], "texture": "#0"},
				"down": {"uv": [3, 3, 4, 4], "texture": "#0"}
			}
		},
		{
			"name": "knob",
			"from": [2.5, 1.5, 3],
			"to": [3.5, 2.5, 4],
			"faces": {
				"north": {"uv": [6, 3, 7, 4], "texture": "#0"},
				"east": {"uv": [3, 3, 4, 4], "texture": "#0"},
				"south": {"uv": [3, 3, 4, 4], "texture": "#1"},
				"west": {"uv": [3, 3, 4, 4], "texture": "#0"},
				"up": {"uv": [6, 3, 7, 4], "texture": "#0"},
				"down": {"uv": [3, 3, 4, 4], "texture": "#0"}
			}
		},
		{
			"name": "knob",
			"from": [12.5, 1.5, 3],
			"to": [13.5, 2.5, 4],
			"faces": {
				"north": {"uv": [6, 3, 7, 4], "texture": "#0"},
				"east": {"uv": [3, 3, 4, 4], "texture": "#0"},
				"south": {"uv": [3, 3, 4, 4], "texture": "#1"},
				"west": {"uv": [3, 3, 4, 4], "texture": "#0"},
				"up": {"uv": [6, 3, 7, 4], "texture": "#0"},
				"down": {"uv": [3, 3, 4, 4], "texture": "#0"}
			}
		},
		{
			"name": "handle",
			"from": [5.75, 7.75, 3],
			"to": [6.75, 9.75, 4],
			"faces": {
				"north": {"uv": [3, 3, 4, 4], "texture": "#0"},
				"east": {"uv": [3, 3, 4, 4], "texture": "#0"},
				"south": {"uv": [3, 3, 4, 4], "texture": "#1"},
				"west": {"uv": [3, 3, 4, 4], "texture": "#0"},
				"up": {"uv": [3, 3, 4, 4], "texture": "#0"},
				"down": {"uv": [3, 3, 4, 4], "texture": "#0"}
			}
		},
		{
			"name": "handle",
			"from": [9.25, 7.75, 3],
			"to": [10.25, 9.75, 4],
			"faces": {
				"north": {"uv": [3, 3, 4, 4], "texture": "#0"},
				"east": {"uv": [3, 3, 4, 4], "texture": "#0"},
				"south": {"uv": [3, 3, 4, 4], "texture": "#1"},
				"west": {"uv": [3, 3, 4, 4], "texture": "#0"},
				"up": {"uv": [3, 3, 4, 4], "texture": "#0"},
				"down": {"uv": [3, 3, 4, 4], "texture": "#0"}
			}
		},
		{
			"name": "door",
			"from": [1, 4, 3.5],
			"to": [7.75, 13.5, 4.5],
			"faces": {
				"north": {"uv": [9.25, 0, 16, 9.5], "texture": "#1"},
				"east": {"uv": [0, 0, 1, 9.5], "texture": "#1"},
				"south": {"uv": [0, 0, 6.75, 9.5], "texture": "#1"},
				"west": {"uv": [0, 0, 1, 9.5], "texture": "#1"},
				"up": {"uv": [0, 0, 6.75, 1], "texture": "#1"},
				"down": {"uv": [0, 0, 6.75, 1], "texture": "#1"}
			}
		},
		{
			"name": "door",
			"from": [8.25, 4, 3.5],
			"to": [15, 13.5, 4.5],
			"faces": {
				"north": {"uv": [0, 0, 6.75, 9.5], "texture": "#1"},
				"east": {"uv": [0, 0, 1, 9.5], "texture": "#1"},
				"south": {"uv": [0, 0, 6.75, 9.5], "texture": "#1"},
				"west": {"uv": [0, 0, 1, 9.5], "texture": "#1"},
				"up": {"uv": [0, 0, 6.75, 1], "texture": "#1"},
				"down": {"uv": [0, 0, 6.75, 1], "texture": "#1"}
			}
		}
	],
	"display": {
		"thirdperson_righthand": {
			"rotation": [90, 0, 0],
			"translation": [0, 0, -0.25],
			"scale": [0.6, 0.6, 0.6]
		},
		"thirdperson_lefthand": {
			"rotation": [90, 0, 0],
			"translation": [0, 0, -0.25],
			"scale": [0.6, 0.6, 0.6]
		},
		"firstperson_righthand": {
			"scale": [0.6, 0.6, 0.6]
		},
		"firstperson_lefthand": {
			"scale": [0.6, 0.6, 0.6]
		},
		"ground": {
			"scale": [0.6, 0.6, 0.6]
		},
		"gui": {
			"rotation": [15, 145, 0],
			"translation": [-0.5, -0.25, 0],
			"scale": [0.6, 0.6, 0.6]
		},
		"fixed": {
			"translation": [0, 0, 18],
			"scale": [2, 2, 2]
		}
	},
	"groups": [
		{
			"name": "third rendition",
			"origin": [8, 8, 8],
			"color": 0,
			"children": [0, 1, 2, 3, 4, 5, 6, 7, 8, 9, 10, 11, 12, 13, 14, 15, 16]
		}
	]
}