{
	"credit": "Made with Blockbench",
	"parent": "breadtray1",
	"textures": {
		"0": "block/breadtray1",
		"1": "block/bread3",
		"2": "block/bread3_layer",
		"particle": "block/bread3"
	},
	"elements": [
		{
			"name": "bearbreadtray3",
			"from": [5.5412, 1.2, 3.69343],
			"to": [13.5412, 1.2, 11.69343],
			"rotation": {"angle": 22.5, "axis": "y", "origin": [9.5412, 1.2, 7.69343]},
			"faces": {
				"north": {"uv": [6.75, 12.25, 8.75, 12.25], "texture": "#0"},
				"east": {"uv": [4.75, 12.25, 6.75, 12.25], "texture": "#0"},
				"south": {"uv": [2.75, 12.25, 4.75, 12.25], "texture": "#0"},
				"west": {"uv": [0.75, 12.25, 2.75, 12.25], "texture": "#0"},
				"up": {"uv": [4.75, 12.25, 2.75, 10.25], "rotation": 180, "texture": "#0"},
				"down": {"uv": [6.75, 10.25, 4.75, 12.25], "rotation": 180, "texture": "#0"}
			}
		},
		{
			"name": "corner",
			"from": [2.48608, 0.5, 1.98633],
			"to": [13.48608, 1.5, 2.98633],
			"rotation": {"angle": 0, "axis": "y", "origin": [8, 0, 8]},
			"faces": {
				"north": {"uv": [8.25, 3.016, 10.984, 3.25], "texture": "#0"},
				"east": {"uv": [8.016, 3.016, 8.25, 3.25], "texture": "#0"},
				"south": {"uv": [5.25, 3.016, 7.984, 3.25], "texture": "#0"},
				"west": {"uv": [5.016, 3.016, 5.25, 3.25], "texture": "#0"},
				"up": {"uv": [7.984, 2.984, 5.25, 2.75], "rotation": 180, "texture": "#0"},
				"down": {"uv": [10.75, 2.75, 8.016, 2.984], "rotation": 180, "texture": "#0"}
			}
		},
		{
			"name": "corner",
			"from": [0.99975, 0.5, 3.5],
			"to": [1.99975, 1.5, 12.49999],
			"rotation": {"angle": 0, "axis": "y", "origin": [8, 0, 8]},
			"faces": {
				"north": {"uv": [6.75, 5.016, 6.984, 5.25], "texture": "#0"},
				"east": {"uv": [4.75, 5.016, 6.75, 5.25], "texture": "#0"},
				"south": {"uv": [4.516, 5.016, 4.75, 5.25], "texture": "#0"},
				"west": {"uv": [2.516, 5.016, 4.484, 5.25], "texture": "#0"},
				"up": {"uv": [4.75, 4.984, 4.516, 3.016], "rotation": 180, "texture": "#0"},
				"down": {"uv": [4.984, 3.016, 4.75, 4.984], "rotation": 180, "texture": "#0"}
			}
		},
		{
			"name": "corner",
			"from": [2.48608, 0.5, 13.01367],
			"to": [13.48608, 1.5, 14.01367],
			"rotation": {"angle": 0, "axis": "y", "origin": [8, 0, 8]},
			"faces": {
				"north": {"uv": [8.25, 3.516, 10.984, 3.75], "texture": "#0"},
				"east": {"uv": [8.016, 3.516, 8.25, 3.75], "texture": "#0"},
				"south": {"uv": [5.25, 3.516, 7.984, 3.75], "texture": "#0"},
				"west": {"uv": [5.016, 3.516, 5.25, 3.75], "texture": "#0"},
				"up": {"uv": [7.984, 3.484, 5.25, 3.25], "rotation": 180, "texture": "#0"},
				"down": {"uv": [10.75, 3.25, 8.016, 3.484], "rotation": 180, "texture": "#0"}
			}
		},
		{
			"name": "corner",
			"from": [-0.1598, 0.49825, 6.23328],
			"to": [0.8402, 1.49825, 8.37394],
			"rotation": {"angle": 45, "axis": "y", "origin": [8, 0, 8]},
			"faces": {
				"north": {"uv": [4.75, 1.75, 4.984, 1.984], "texture": "#0"},
				"east": {"uv": [4.25, 1.75, 4.75, 1.984], "texture": "#0"},
				"south": {"uv": [4.016, 1.75, 4.25, 1.984], "texture": "#0"},
				"west": {"uv": [3.516, 1.75, 3.984, 1.984], "texture": "#0"},
				"up": {"uv": [4.25, 1.75, 4.016, 1.25], "rotation": 180, "texture": "#0"},
				"down": {"uv": [4.484, 1.25, 4.25, 1.75], "rotation": 180, "texture": "#0"}
			}
		},
		{
			"name": "corner",
			"from": [15.13155, 0.512, 7.62698],
			"to": [16.13155, 1.512, 9.76764],
			"rotation": {"angle": 45, "axis": "y", "origin": [8, 0, 8]},
			"faces": {
				"north": {"uv": [7.016, 2.016, 7.25, 2.25], "texture": "#0"},
				"east": {"uv": [6.516, 2.016, 6.984, 2.25], "texture": "#0"},
				"south": {"uv": [6.25, 2.016, 6.484, 2.25], "texture": "#0"},
				"west": {"uv": [5.75, 2.016, 6.25, 2.25], "texture": "#0"},
				"up": {"uv": [6.484, 1.984, 6.25, 1.516], "rotation": 180, "texture": "#0"},
				"down": {"uv": [6.75, 1.516, 6.516, 1.984], "rotation": 180, "texture": "#0"}
			}
		},
		{
			"name": "corner",
			"from": [7.62817, 0.49825, 15.13278],
			"to": [9.76883, 1.49825, 16.13278],
			"rotation": {"angle": 45, "axis": "y", "origin": [8, 0, 8]},
			"faces": {
				"north": {"uv": [7.25, 1.516, 7.75, 1.75], "texture": "#0"},
				"east": {"uv": [7.016, 1.516, 7.25, 1.75], "texture": "#0"},
				"south": {"uv": [6.516, 1.516, 6.984, 1.75], "texture": "#0"},
				"west": {"uv": [6.25, 1.516, 6.484, 1.75], "texture": "#0"},
				"up": {"uv": [6.984, 1.484, 6.516, 1.25], "rotation": 180, "texture": "#0"},
				"down": {"uv": [7.484, 1.25, 7.016, 1.484], "rotation": 180, "texture": "#0"}
			}
		},
		{
			"name": "corner",
			"from": [13.99975, 0.5, 3.5],
			"to": [14.99975, 1.5, 12.49999],
			"rotation": {"angle": 0, "axis": "y", "origin": [8, 0, 8]},
			"faces": {
				"north": {"uv": [4.25, 4.75, 4.484, 4.984], "texture": "#0"},
				"east": {"uv": [2.25, 4.75, 4.25, 4.984], "texture": "#0"},
				"south": {"uv": [2.016, 4.75, 2.25, 4.984], "texture": "#0"},
				"west": {"uv": [0.016, 4.75, 1.984, 4.984], "texture": "#0"},
				"up": {"uv": [2.25, 4.75, 2.016, 2.75], "rotation": 180, "texture": "#0"},
				"down": {"uv": [2.484, 2.75, 2.25, 4.75], "rotation": 180, "texture": "#0"}
			}
		},
		{
			"name": "corner",
			"from": [-0.16103, 0.518, 7.62729],
			"to": [0.83897, 1.518, 9.76795],
			"rotation": {"angle": -45, "axis": "y", "origin": [8, 0, 8]},
			"faces": {
				"north": {"uv": [4.25, 1.516, 4.484, 1.75], "texture": "#0"},
				"east": {"uv": [3.75, 1.516, 4.25, 1.75], "texture": "#0"},
				"south": {"uv": [3.516, 1.516, 3.75, 1.75], "texture": "#0"},
				"west": {"uv": [3.016, 1.516, 3.484, 1.75], "texture": "#0"},
				"up": {"uv": [3.75, 1.484, 3.516, 1.016], "rotation": 180, "texture": "#0"},
				"down": {"uv": [3.984, 1.016, 3.75, 1.484], "rotation": 180, "texture": "#0"}
			}
		},
		{
			"name": "body",
			"from": [2, 0, 3],
			"to": [14, 1, 13],
			"rotation": {"angle": 0, "axis": "y", "origin": [8, 0, 8]},
			"faces": {
				"north": {"uv": [8.016, 2.516, 10.984, 2.75], "texture": "#0"},
				"east": {"uv": [5.516, 2.516, 7.984, 2.75], "texture": "#0"},
				"south": {"uv": [2.516, 2.516, 5.484, 2.75], "texture": "#0"},
				"west": {"uv": [0.016, 2.516, 2.484, 2.75], "texture": "#0"},
				"up": {"uv": [5.484, 2.484, 2.516, 0.016], "rotation": 180, "texture": "#0"},
				"down": {"uv": [8.484, 0.016, 5.516, 2.484], "rotation": 180, "texture": "#0"}
			}
		},
		{
			"from": [4.05046, 1.0754, 3.38823],
			"to": [6.84726, 3.173, 13.87623],
			"rotation": {"angle": 22.5, "axis": "y", "origin": [4.69886, 2.4301, 7.63223]},
			"faces": {
				"north": {"uv": [1.06, 12.06, 4.94, 14.94], "rotation": 180, "texture": "#1"},
				"east": {"uv": [5.06, 0.06, 7.94, 14.94], "rotation": 270, "texture": "#1"},
				"south": {"uv": [1.06, 14.94, 4.94, 12.06], "texture": "#1"},
				"west": {"uv": [7.94, 0.06, 5.06, 14.94], "rotation": 90, "texture": "#1"},
				"up": {"uv": [12.06, 0.06, 15.94, 14.94], "rotation": 180, "texture": "#1"},
				"down": {"uv": [8.06, 0.06, 11.94, 14.94], "texture": "#1"}
			}
		},
		{
			"from": [3.8407, 1.0754, 3.38823],
			"to": [3.8407, 3.173, 13.87623],
			"rotation": {"angle": 22.5, "axis": "y", "origin": [4.69886, 2.4301, 7.63223]},
			"faces": {
				"west": {"uv": [7.94, 0.06, 5.06, 14.94], "rotation": 90, "texture": "#2"}
			}
		},
		{
			"from": [7.05702, 1.0754, 3.38823],
			"to": [7.05702, 3.173, 13.87623],
			"rotation": {"angle": 22.5, "axis": "y", "origin": [4.69886, 2.4301, 7.63223]},
			"faces": {
				"east": {"uv": [5.06, 0.06, 7.94, 14.94], "rotation": 270, "texture": "#2"}
			}
		},
		{
			"from": [4.05046, 3.3478, 3.38823],
			"to": [6.84726, 3.3478, 13.87623],
			"rotation": {"angle": 22.5, "axis": "y", "origin": [4.69886, 2.4301, 7.63223]},
			"faces": {
				"up": {"uv": [12.06, 0.06, 15.94, 14.94], "rotation": 180, "texture": "#2"}
			}
		},
		{
			"from": [8.40448, 0.5754, 3.09657],
			"to": [11.20128, 2.673, 13.58457],
			"rotation": {"angle": 22.5, "axis": "y", "origin": [9.80288, 1.9301, 8.34057]},
			"faces": {
				"north": {"uv": [1.06, 12.06, 4.94, 14.94], "rotation": 180, "texture": "#1"},
				"east": {"uv": [5.06, 0.06, 7.94, 14.94], "rotation": 270, "texture": "#1"},
				"south": {"uv": [1.06, 14.94, 4.94, 12.06], "texture": "#1"},
				"west": {"uv": [7.94, 0.06, 5.06, 14.94], "rotation": 90, "texture": "#1"},
				"up": {"uv": [12.06, 0.06, 15.94, 14.94], "rotation": 180, "texture": "#1"},
				"down": {"uv": [8.06, 0.06, 11.94, 14.94], "texture": "#1"}
			}
		},
		{
			"from": [8.19472, 0.5754, 3.09657],
			"to": [8.19472, 2.673, 13.58457],
			"rotation": {"angle": 22.5, "axis": "y", "origin": [9.80288, 1.9301, 8.34057]},
			"faces": {
				"west": {"uv": [7.94, 0.06, 5.06, 14.94], "rotation": 90, "texture": "#2"}
			}
		},
		{
			"from": [11.41104, 0.5754, 3.09657],
			"to": [11.41104, 2.673, 13.58457],
			"rotation": {"angle": 22.5, "axis": "y", "origin": [9.80288, 1.9301, 8.34057]},
			"faces": {
				"east": {"uv": [5.06, 0.06, 7.94, 14.94], "rotation": 270, "texture": "#2"}
			}
		},
		{
			"from": [8.40448, 2.8478, 3.09657],
			"to": [11.20128, 2.8478, 13.58457],
			"rotation": {"angle": 22.5, "axis": "y", "origin": [9.80288, 1.9301, 8.34057]},
			"faces": {
				"up": {"uv": [12.06, 0.06, 15.94, 14.94], "rotation": 180, "texture": "#2"}
			}
		},
		{
			"from": [6.6065, 3.0754, 3.18362],
			"to": [9.4033, 5.173, 13.67162],
			"rotation": {"angle": 45, "axis": "y", "origin": [8.0049, 4.4301, 8.42762]},
			"faces": {
				"north": {"uv": [1.06, 12.06, 4.94, 14.94], "rotation": 180, "texture": "#1"},
				"east": {"uv": [5.06, 0.06, 7.94, 14.94], "rotation": 270, "texture": "#1"},
				"south": {"uv": [1.06, 14.94, 4.94, 12.06], "texture": "#1"},
				"west": {"uv": [7.94, 0.06, 5.06, 14.94], "rotation": 90, "texture": "#1"},
				"up": {"uv": [12.06, 0.06, 15.94, 14.94], "rotation": 180, "texture": "#1"},
				"down": {"uv": [8.06, 0.06, 11.94, 14.94], "texture": "#1"}
			}
		},
		{
			"from": [6.39674, 3.0754, 3.18362],
			"to": [6.39674, 5.173, 13.67162],
			"rotation": {"angle": 45, "axis": "y", "origin": [8.0049, 4.4301, 8.42762]},
			"faces": {
				"west": {"uv": [7.94, 0.06, 5.06, 14.94], "rotation": 90, "texture": "#2"}
			}
		},
		{
			"from": [9.61306, 3.0754, 3.18362],
			"to": [9.61306, 5.173, 13.67162],
			"rotation": {"angle": 45, "axis": "y", "origin": [8.0049, 4.4301, 8.42762]},
			"faces": {
				"east": {"uv": [5.06, 0.06, 7.94, 14.94], "rotation": 270, "texture": "#2"}
			}
		},
		{
			"from": [6.6065, 5.3478, 3.18362],
			"to": [9.4033, 5.3478, 13.67162],
			"rotation": {"angle": 45, "axis": "y", "origin": [8.0049, 4.4301, 8.42762]},
			"faces": {
				"up": {"uv": [12.06, 0.06, 15.94, 14.94], "rotation": 180, "texture": "#2"}
			}
		}
	],
	"display": {
		"thirdperson_righthand": {
			"rotation": [65, 1, 0],
			"translation": [-6, 5, 5.75]
		},
		"thirdperson_lefthand": {
			"rotation": [65, -180, 0],
			"translation": [-6, 5, 5.75]
		},
		"ground": {
			"translation": [0, 4, 0]
		},
		"gui": {
			"rotation": [80, -180, 0]
		},
		"fixed": {
			"rotation": [-90, 0, 0],
			"translation": [0, 0, -15],
			"scale": [2, 2, 2]
		}
	},
	"groups": [
		{
			"name": "bearbreadtray3",
			"origin": [0, 0.4, 0],
			"color": 0,
			"children": [
				0,
				{
					"name": "Plate",
					"origin": [8, 7.4, 8],
					"color": 1,
					"children": [
						{
							"name": "corner",
							"origin": [3.07612, 0.15, 13.91021],
							"color": 2,
							"children": [1, 2, 3, 4, 5, 6, 7, 8]
						},
						{
							"name": "body",
							"origin": [12, 0.15, 2.70711],
							"color": 3,
							"children": [9]
						}
					]
				}
			]
		},
		{
			"name": "bread3",
			"origin": [0, 0, 0],
			"color": 0,
			"children": [10, 11, 12, 13]
		},
		{
			"name": "bread3",
			"origin": [0, 0, 0],
			"color": 0,
			"children": [14, 15, 16, 17]
		},
		{
			"name": "bread3",
			"origin": [0, 0, 0],
			"color": 0,
			"children": [18, 19, 20, 21]
		}
	]
}