{
	"credit": "Made with Blockbench",
	"parent": "breadtray1",
	"textures": {
		"0": "block/breadtray1",
		"1": "block/bread1",
		"2": "block/bread1_layer",
		"4": "block/bread_inner",
		"particle": "block/bread1"
	},
	"elements": [
		{
			"name": "bearbreadtray3",
			"from": [5.5412, 1.2, 3.69343],
			"to": [13.5412, 1.2, 11.69343],
			"rotation": {"angle": 22.5, "axis": "y", "origin": [9.5412, 1.2, 7.69343]},
			"faces": {
				"north": {"uv": [6.75, 12.25, 8.75, 12.25], "texture": "#0"},
				"east": {"uv": [4.75, 12.25, 6.75, 12.25], "texture": "#0"},
				"south": {"uv": [2.75, 12.25, 4.75, 12.25], "texture": "#0"},
				"west": {"uv": [0.75, 12.25, 2.75, 12.25], "texture": "#0"},
				"up": {"uv": [4.75, 12.25, 2.75, 10.25], "rotation": 180, "texture": "#0"},
				"down": {"uv": [6.75, 10.25, 4.75, 12.25], "rotation": 180, "texture": "#0"}
			}
		},
		{
			"name": "corner",
			"from": [2.48608, 0.5, 1.98633],
			"to": [13.48608, 1.5, 2.98633],
			"rotation": {"angle": 0, "axis": "y", "origin": [8, 0, 8]},
			"faces": {
				"north": {"uv": [8.25, 3.016, 10.984, 3.25], "texture": "#0"},
				"east": {"uv": [8.016, 3.016, 8.25, 3.25], "texture": "#0"},
				"south": {"uv": [5.25, 3.016, 7.984, 3.25], "texture": "#0"},
				"west": {"uv": [5.016, 3.016, 5.25, 3.25], "texture": "#0"},
				"up": {"uv": [7.984, 2.984, 5.25, 2.75], "rotation": 180, "texture": "#0"},
				"down": {"uv": [10.75, 2.75, 8.016, 2.984], "rotation": 180, "texture": "#0"}
			}
		},
		{
			"name": "corner",
			"from": [0.99975, 0.5, 3.5],
			"to": [1.99975, 1.5, 12.49999],
			"rotation": {"angle": 0, "axis": "y", "origin": [8, 0, 8]},
			"faces": {
				"north": {"uv": [6.75, 5.016, 6.984, 5.25], "texture": "#0"},
				"east": {"uv": [4.75, 5.016, 6.75, 5.25], "texture": "#0"},
				"south": {"uv": [4.516, 5.016, 4.75, 5.25], "texture": "#0"},
				"west": {"uv": [2.516, 5.016, 4.484, 5.25], "texture": "#0"},
				"up": {"uv": [4.75, 4.984, 4.516, 3.016], "rotation": 180, "texture": "#0"},
				"down": {"uv": [4.984, 3.016, 4.75, 4.984], "rotation": 180, "texture": "#0"}
			}
		},
		{
			"name": "corner",
			"from": [2.48608, 0.5, 13.01367],
			"to": [13.48608, 1.5, 14.01367],
			"rotation": {"angle": 0, "axis": "y", "origin": [8, 0, 8]},
			"faces": {
				"north": {"uv": [8.25, 3.516, 10.984, 3.75], "texture": "#0"},
				"east": {"uv": [8.016, 3.516, 8.25, 3.75], "texture": "#0"},
				"south": {"uv": [5.25, 3.516, 7.984, 3.75], "texture": "#0"},
				"west": {"uv": [5.016, 3.516, 5.25, 3.75], "texture": "#0"},
				"up": {"uv": [7.984, 3.484, 5.25, 3.25], "rotation": 180, "texture": "#0"},
				"down": {"uv": [10.75, 3.25, 8.016, 3.484], "rotation": 180, "texture": "#0"}
			}
		},
		{
			"name": "corner",
			"from": [-0.1598, 0.49825, 6.23328],
			"to": [0.8402, 1.49825, 8.37394],
			"rotation": {"angle": 45, "axis": "y", "origin": [8, 0, 8]},
			"faces": {
				"north": {"uv": [4.75, 1.75, 4.984, 1.984], "texture": "#0"},
				"east": {"uv": [4.25, 1.75, 4.75, 1.984], "texture": "#0"},
				"south": {"uv": [4.016, 1.75, 4.25, 1.984], "texture": "#0"},
				"west": {"uv": [3.516, 1.75, 3.984, 1.984], "texture": "#0"},
				"up": {"uv": [4.25, 1.75, 4.016, 1.25], "rotation": 180, "texture": "#0"},
				"down": {"uv": [4.484, 1.25, 4.25, 1.75], "rotation": 180, "texture": "#0"}
			}
		},
		{
			"name": "corner",
			"from": [15.13155, 0.512, 7.62698],
			"to": [16.13155, 1.512, 9.76764],
			"rotation": {"angle": 45, "axis": "y", "origin": [8, 0, 8]},
			"faces": {
				"north": {"uv": [7.016, 2.016, 7.25, 2.25], "texture": "#0"},
				"east": {"uv": [6.516, 2.016, 6.984, 2.25], "texture": "#0"},
				"south": {"uv": [6.25, 2.016, 6.484, 2.25], "texture": "#0"},
				"west": {"uv": [5.75, 2.016, 6.25, 2.25], "texture": "#0"},
				"up": {"uv": [6.484, 1.984, 6.25, 1.516], "rotation": 180, "texture": "#0"},
				"down": {"uv": [6.75, 1.516, 6.516, 1.984], "rotation": 180, "texture": "#0"}
			}
		},
		{
			"name": "corner",
			"from": [7.62817, 0.49825, 15.13278],
			"to": [9.76883, 1.49825, 16.13278],
			"rotation": {"angle": 45, "axis": "y", "origin": [8, 0, 8]},
			"faces": {
				"north": {"uv": [7.25, 1.516, 7.75, 1.75], "texture": "#0"},
				"east": {"uv": [7.016, 1.516, 7.25, 1.75], "texture": "#0"},
				"south": {"uv": [6.516, 1.516, 6.984, 1.75], "texture": "#0"},
				"west": {"uv": [6.25, 1.516, 6.484, 1.75], "texture": "#0"},
				"up": {"uv": [6.984, 1.484, 6.516, 1.25], "rotation": 180, "texture": "#0"},
				"down": {"uv": [7.484, 1.25, 7.016, 1.484], "rotation": 180, "texture": "#0"}
			}
		},
		{
			"name": "corner",
			"from": [13.99975, 0.5, 3.5],
			"to": [14.99975, 1.5, 12.49999],
			"rotation": {"angle": 0, "axis": "y", "origin": [8, 0, 8]},
			"faces": {
				"north": {"uv": [4.25, 4.75, 4.484, 4.984], "texture": "#0"},
				"east": {"uv": [2.25, 4.75, 4.25, 4.984], "texture": "#0"},
				"south": {"uv": [2.016, 4.75, 2.25, 4.984], "texture": "#0"},
				"west": {"uv": [0.016, 4.75, 1.984, 4.984], "texture": "#0"},
				"up": {"uv": [2.25, 4.75, 2.016, 2.75], "rotation": 180, "texture": "#0"},
				"down": {"uv": [2.484, 2.75, 2.25, 4.75], "rotation": 180, "texture": "#0"}
			}
		},
		{
			"name": "corner",
			"from": [-0.16103, 0.518, 7.62729],
			"to": [0.83897, 1.518, 9.76795],
			"rotation": {"angle": -45, "axis": "y", "origin": [8, 0, 8]},
			"faces": {
				"north": {"uv": [4.25, 1.516, 4.484, 1.75], "texture": "#0"},
				"east": {"uv": [3.75, 1.516, 4.25, 1.75], "texture": "#0"},
				"south": {"uv": [3.516, 1.516, 3.75, 1.75], "texture": "#0"},
				"west": {"uv": [3.016, 1.516, 3.484, 1.75], "texture": "#0"},
				"up": {"uv": [3.75, 1.484, 3.516, 1.016], "rotation": 180, "texture": "#0"},
				"down": {"uv": [3.984, 1.016, 3.75, 1.484], "rotation": 180, "texture": "#0"}
			}
		},
		{
			"name": "body",
			"from": [2, 0, 3],
			"to": [14, 1, 13],
			"rotation": {"angle": 0, "axis": "y", "origin": [8, 0, 8]},
			"faces": {
				"north": {"uv": [8.016, 2.516, 10.984, 2.75], "texture": "#0"},
				"east": {"uv": [5.516, 2.516, 7.984, 2.75], "texture": "#0"},
				"south": {"uv": [2.516, 2.516, 5.484, 2.75], "texture": "#0"},
				"west": {"uv": [0.016, 2.516, 2.484, 2.75], "texture": "#0"},
				"up": {"uv": [5.484, 2.484, 2.516, 0.016], "rotation": 180, "texture": "#0"},
				"down": {"uv": [8.484, 0.016, 5.516, 2.484], "rotation": 180, "texture": "#0"}
			}
		},
		{
			"from": [8.77593, 1.23848, 6.01886],
			"to": [12.97025, 4.27596, 12.09382],
			"rotation": {"angle": -22.5, "axis": "y", "origin": [10.70241, 4.24704, 9.11666]},
			"faces": {
				"north": {"uv": [0.06, 8.06, 5.94, 11.94], "texture": "#1"},
				"east": {"uv": [0.06, 8.06, 7.94, 11.94], "texture": "#1"},
				"south": {"uv": [0.06, 8.06, 5.94, 11.94], "texture": "#1"},
				"west": {"uv": [0.06, 8.06, 7.94, 11.94], "texture": "#4"},
				"up": {"uv": [3.06, 0.06, 8.94, 7.94], "texture": "#1"},
				"down": {"uv": [4.06, 9.06, 5.94, 11.94], "texture": "#1"}
			}
		},
		{
			"from": [8.77593, 4.36396, 6.01886],
			"to": [12.97025, 4.36396, 12.09382],
			"rotation": {"angle": -22.5, "axis": "y", "origin": [10.70241, 4.24704, 9.11666]},
			"faces": {
				"up": {"uv": [3.06, 0.06, 8.94, 7.94], "texture": "#2"}
			}
		},
		{
			"from": [8.77593, 4.27596, 6.89886],
			"to": [12.33151, 5.03533, 11.45508],
			"rotation": {"angle": -22.5, "axis": "y", "origin": [10.70241, 4.24704, 9.11666]},
			"faces": {
				"north": {"uv": [2.06, 7.06, 6.94, 7.94], "texture": "#1"},
				"east": {"uv": [0.06, 7.06, 5.94, 7.94], "texture": "#1"},
				"south": {"uv": [0.06, 8.06, 3.94, 8.94], "texture": "#1"},
				"west": {"uv": [1.06, 0.06, 6.94, 0.94], "texture": "#4"},
				"up": {"uv": [3.06, 1.06, 7.94, 6.94], "texture": "#1"},
				"down": {"uv": [0.06, 0.06, 0.06, 0.06], "texture": "#1"}
			}
		},
		{
			"from": [8.73193, 5.21133, 6.89886],
			"to": [12.28751, 5.21133, 11.45508],
			"rotation": {"angle": -22.5, "axis": "y", "origin": [10.70241, 4.24704, 9.11666]},
			"faces": {
				"up": {"uv": [3.06, 1.06, 7.94, 6.94], "texture": "#2"}
			}
		},
		{
			"from": [3.48316, 1.05644, 5.91309],
			"to": [6.52064, 1.93644, 11.98804],
			"rotation": {"angle": 22.5, "axis": "y", "origin": [4.05269, 1.74644, 9.01088]},
			"faces": {
				"north": {"uv": [1.06, 8.06, 1.94, 11.94], "rotation": 90, "texture": "#1"},
				"east": {"uv": [4.06, 9.06, 4.94, 11.94], "rotation": 270, "texture": "#1"},
				"south": {"uv": [2.06, 8.06, 2.94, 11.94], "rotation": 270, "texture": "#1"},
				"west": {"uv": [3.06, 0.06, 3.94, 7.94], "rotation": 270, "texture": "#1"},
				"up": {"uv": [0.06, 8.06, 7.94, 11.94], "rotation": 270, "texture": "#4"},
				"down": {"uv": [0.06, 8.06, 7.94, 11.94], "rotation": 270, "texture": "#4"}
			}
		},
		{
			"from": [2.72379, 1.05644, 6.79309],
			"to": [3.48316, 1.93644, 11.3493],
			"rotation": {"angle": 22.5, "axis": "y", "origin": [4.05269, 1.74644, 9.01088]},
			"faces": {
				"north": {"uv": [2.06, 7.06, 2.94, 7.94], "rotation": 90, "texture": "#1"},
				"east": {"uv": [0.06, 0.06, 0.06, 0.06], "rotation": 270, "texture": "#1"},
				"south": {"uv": [3.06, 8.06, 3.94, 8.94], "rotation": 270, "texture": "#1"},
				"west": {"uv": [7.06, 1.06, 7.94, 6.94], "rotation": 270, "texture": "#1"},
				"up": {"uv": [0.06, 7.06, 5.94, 7.94], "rotation": 270, "texture": "#4"},
				"down": {"uv": [1.06, 0.06, 6.94, 0.94], "rotation": 270, "texture": "#4"}
			}
		},
		{
			"from": [5.48316, 1.80644, 3.41309],
			"to": [8.52064, 2.68644, 9.48804],
			"rotation": {"angle": -22.5, "axis": "z", "origin": [6.05269, 2.24644, 6.51088]},
			"faces": {
				"north": {"uv": [1.06, 8.06, 1.94, 11.94], "rotation": 90, "texture": "#1"},
				"east": {"uv": [4.06, 9.06, 4.94, 11.94], "rotation": 270, "texture": "#1"},
				"south": {"uv": [2.06, 8.06, 2.94, 11.94], "rotation": 270, "texture": "#1"},
				"west": {"uv": [3.06, 0.06, 3.94, 7.94], "rotation": 270, "texture": "#1"},
				"up": {"uv": [0.06, 8.06, 7.94, 11.94], "rotation": 270, "texture": "#4"},
				"down": {"uv": [0.06, 8.06, 7.94, 11.94], "rotation": 270, "texture": "#4"}
			}
		},
		{
			"from": [4.72379, 1.80644, 4.29309],
			"to": [5.48316, 2.68644, 8.8493],
			"rotation": {"angle": -22.5, "axis": "z", "origin": [6.05269, 2.24644, 6.51088]},
			"faces": {
				"north": {"uv": [2.06, 7.06, 2.94, 7.94], "rotation": 90, "texture": "#1"},
				"east": {"uv": [0.06, 0.06, 0.06, 0.06], "rotation": 270, "texture": "#1"},
				"south": {"uv": [3.06, 8.06, 3.94, 8.94], "rotation": 270, "texture": "#1"},
				"west": {"uv": [5.06, 1.06, 5.94, 6.94], "rotation": 270, "texture": "#1"},
				"up": {"uv": [0.06, 7.06, 5.94, 7.94], "rotation": 270, "texture": "#4"},
				"down": {"uv": [1.06, 0.06, 6.94, 0.94], "rotation": 270, "texture": "#4"}
			}
		}
	],
	"display": {
		"thirdperson_righthand": {
			"rotation": [65, 1, 0],
			"translation": [-6, 5, 5.75]
		},
		"thirdperson_lefthand": {
			"rotation": [65, -180, 0],
			"translation": [-6, 5, 5.75]
		},
		"ground": {
			"translation": [0, 4, 0]
		},
		"gui": {
			"rotation": [80, -180, 0]
		},
		"fixed": {
			"rotation": [-90, 0, 0],
			"translation": [0, 0, -15],
			"scale": [2, 2, 2]
		}
	},
	"groups": [
		{
			"name": "bearbreadtray3",
			"origin": [0, 0.4, 0],
			"color": 0,
			"children": [
				0,
				{
					"name": "Plate",
					"origin": [8, 7.4, 8],
					"color": 1,
					"children": [
						{
							"name": "corner",
							"origin": [3.07612, 0.15, 13.91021],
							"color": 2,
							"children": [1, 2, 3, 4, 5, 6, 7, 8]
						},
						{
							"name": "body",
							"origin": [12, 0.15, 2.70711],
							"color": 3,
							"children": [9]
						}
					]
				}
			]
		},
		{
			"name": "group",
			"origin": [0, 0, 0],
			"color": 0,
			"children": [10, 11, 12, 13]
		},
		{
			"name": "sliced",
			"origin": [9.97748, 5.00162, 3.18344],
			"color": 0,
			"children": [14, 15]
		},
		{
			"name": "sliced",
			"origin": [9.97748, 5.00162, 3.18344],
			"color": 0,
			"children": [16, 17]
		}
	]
}