{
	"credit": "Made with Blockbench",
	"textures": {
		"0": "block/macaronplate1pink",
		"1": "block/Hananacraft archive/white_wool_futontop",
		"particle": "block/macaronplate1pink"
	},
	"elements": [
		{
			"from": [4.5, 0.25, 4],
			"to": [12.5, 0.25, 12],
			"rotation": {"angle": -22.5, "axis": "y", "origin": [10, 0.25, 8.5]},
			"faces": {
				"north": {"uv": [0, 0, 8, 0], "texture": "#1"},
				"east": {"uv": [0, 0, 8, 0], "texture": "#1"},
				"south": {"uv": [0, 0, 8, 0], "texture": "#1"},
				"west": {"uv": [0, 0, 8, 0], "texture": "#1"},
				"up": {"uv": [0, 0, 8, 8], "texture": "#1"},
				"down": {"uv": [0, 0, 8, 8], "texture": "#1"}
			}
		},
		{
			"name": "macaron",
			"from": [9.5, 0.95, 4.5],
			"to": [11.5, 1.35, 6.5],
			"rotation": {"angle": -45, "axis": "y", "origin": [9.5, 1.11, 6.5]},
			"faces": {
				"north": {"uv": [7.968, 1.032, 6.032, 2.968], "texture": "#0"},
				"east": {"uv": [7.968, 1.032, 6.032, 2.968], "texture": "#0"},
				"south": {"uv": [7.968, 1.032, 6.032, 2.968], "texture": "#0"},
				"west": {"uv": [7.968, 1.032, 6.032, 2.968], "texture": "#0"},
				"up": {"uv": [7.968, 1.032, 6.032, 2.968], "texture": "#0"},
				"down": {"uv": [7.968, 1.032, 6.032, 2.968], "texture": "#0"}
			}
		},
		{
			"name": "macarontop",
			"from": [9.4, 1.25, 4.4],
			"to": [11.6, 1.55, 6.6],
			"rotation": {"angle": -45, "axis": "y", "origin": [9.5, 1.11, 6.5]},
			"faces": {
				"north": {"uv": [8.032, 2.032, 9.968, 2.968], "texture": "#0"},
				"east": {"uv": [9.968, 3.032, 8.032, 3.968], "texture": "#0"},
				"south": {"uv": [4.032, 8.032, 5.968, 8.968], "texture": "#0"},
				"west": {"uv": [9.968, 1.032, 8.032, 1.968], "texture": "#0"},
				"up": {"uv": [3.968, 1.968, 2.032, 0.032], "texture": "#0"},
				"down": {"uv": [3.968, 1.968, 2.032, 0.032], "texture": "#0"}
			}
		},
		{
			"name": "macarontop",
			"from": [9.5, 1.45, 4.5],
			"to": [11.5, 1.85, 6.5],
			"rotation": {"angle": -45, "axis": "y", "origin": [9.5, 1.11, 6.5]},
			"faces": {
				"north": {"uv": [8.032, 2.032, 9.968, 2.968], "texture": "#0"},
				"east": {"uv": [4.032, 8.032, 5.968, 8.968], "texture": "#0"},
				"south": {"uv": [8.032, 2.032, 9.968, 2.968], "texture": "#0"},
				"west": {"uv": [8.032, 2.032, 9.968, 2.968], "texture": "#0"},
				"up": {"uv": [3.968, 1.968, 2.032, 0.032], "texture": "#0"},
				"down": {"uv": [5.968, 0.032, 4.032, 1.968], "texture": "#0"}
			}
		},
		{
			"name": "macaronbottom",
			"from": [9.4, 0.65, 4.4],
			"to": [11.6, 0.95, 6.6],
			"rotation": {"angle": -45, "axis": "y", "origin": [9.5, 1.11, 6.5]},
			"faces": {
				"north": {"uv": [3.032, 8.032, 4.968, 8.968], "texture": "#0"},
				"east": {"uv": [4.032, 8.032, 5.968, 8.968], "texture": "#0"},
				"south": {"uv": [5.032, 6.032, 6.968, 6.968], "texture": "#0"},
				"west": {"uv": [6.032, 4.032, 7.968, 4.968], "texture": "#0"},
				"up": {"uv": [3.968, 1.968, 2.032, 0.032], "texture": "#0"},
				"down": {"uv": [3.968, 1.968, 2.032, 0.032], "texture": "#0"}
			}
		},
		{
			"name": "macaronbottom",
			"from": [9.5, 0.35, 4.5],
			"to": [11.5, 0.75, 6.5],
			"rotation": {"angle": -45, "axis": "y", "origin": [9.5, 1.11, 6.5]},
			"faces": {
				"north": {"uv": [3.032, 7.032, 4.968, 7.968], "texture": "#0"},
				"east": {"uv": [6.032, 3.032, 7.968, 3.968], "texture": "#0"},
				"south": {"uv": [4.032, 8.032, 5.968, 8.968], "texture": "#0"},
				"west": {"uv": [8.032, 1.032, 9.968, 1.968], "texture": "#0"},
				"up": {"uv": [3.968, 1.968, 2.032, 0.032], "texture": "#0"},
				"down": {"uv": [3.968, 1.968, 2.032, 0.032], "texture": "#0"}
			}
		},
		{
			"name": "macaron",
			"from": [6.17157, 0.95, 6.91421],
			"to": [8.17157, 1.35, 8.91421],
			"rotation": {"angle": 0, "axis": "y", "origin": [6.67157, 1.11, 7.91421]},
			"faces": {
				"north": {"uv": [7.968, 1.032, 6.032, 2.968], "texture": "#0"},
				"east": {"uv": [7.968, 1.032, 6.032, 2.968], "texture": "#0"},
				"south": {"uv": [7.968, 1.032, 6.032, 2.968], "texture": "#0"},
				"west": {"uv": [7.968, 1.032, 6.032, 2.968], "texture": "#0"},
				"up": {"uv": [7.968, 1.032, 6.032, 2.968], "texture": "#0"},
				"down": {"uv": [7.968, 1.032, 6.032, 2.968], "texture": "#0"}
			}
		},
		{
			"name": "macarontop",
			"from": [6.07157, 1.25, 6.81421],
			"to": [8.27157, 1.55, 9.01421],
			"rotation": {"angle": 0, "axis": "y", "origin": [6.67157, 1.11, 7.91421]},
			"faces": {
				"north": {"uv": [8.032, 2.032, 9.968, 2.968], "texture": "#0"},
				"east": {"uv": [9.968, 3.032, 8.032, 3.968], "texture": "#0"},
				"south": {"uv": [4.032, 8.032, 5.968, 8.968], "texture": "#0"},
				"west": {"uv": [9.968, 1.032, 8.032, 1.968], "texture": "#0"},
				"up": {"uv": [3.968, 1.968, 2.032, 0.032], "texture": "#0"},
				"down": {"uv": [3.968, 1.968, 2.032, 0.032], "texture": "#0"}
			}
		},
		{
			"name": "macarontop",
			"from": [6.17157, 1.45, 6.91421],
			"to": [8.17157, 1.85, 8.91421],
			"rotation": {"angle": 0, "axis": "y", "origin": [6.67157, 1.11, 7.91421]},
			"faces": {
				"north": {"uv": [8.032, 2.032, 9.968, 2.968], "texture": "#0"},
				"east": {"uv": [4.032, 8.032, 5.968, 8.968], "texture": "#0"},
				"south": {"uv": [8.032, 2.032, 9.968, 2.968], "texture": "#0"},
				"west": {"uv": [8.032, 2.032, 9.968, 2.968], "texture": "#0"},
				"up": {"uv": [3.968, 1.968, 2.032, 0.032], "texture": "#0"},
				"down": {"uv": [5.968, 0.032, 4.032, 1.968], "texture": "#0"}
			}
		},
		{
			"name": "macaronbottom",
			"from": [6.07157, 0.65, 6.81421],
			"to": [8.27157, 0.95, 9.01421],
			"rotation": {"angle": 0, "axis": "y", "origin": [6.67157, 1.11, 7.91421]},
			"faces": {
				"north": {"uv": [3.032, 8.032, 4.968, 8.968], "texture": "#0"},
				"east": {"uv": [4.032, 8.032, 5.968, 8.968], "texture": "#0"},
				"south": {"uv": [5.032, 6.032, 6.968, 6.968], "texture": "#0"},
				"west": {"uv": [6.032, 4.032, 7.968, 4.968], "texture": "#0"},
				"up": {"uv": [3.968, 1.968, 2.032, 0.032], "texture": "#0"},
				"down": {"uv": [3.968, 1.968, 2.032, 0.032], "texture": "#0"}
			}
		},
		{
			"name": "macaronbottom",
			"from": [6.17157, 0.35, 6.91421],
			"to": [8.17157, 0.75, 8.91421],
			"rotation": {"angle": 0, "axis": "y", "origin": [6.67157, 1.11, 7.91421]},
			"faces": {
				"north": {"uv": [3.032, 7.032, 4.968, 7.968], "texture": "#0"},
				"east": {"uv": [6.032, 3.032, 7.968, 3.968], "texture": "#0"},
				"south": {"uv": [4.032, 8.032, 5.968, 8.968], "texture": "#0"},
				"west": {"uv": [8.032, 1.032, 9.968, 1.968], "texture": "#0"},
				"up": {"uv": [3.968, 1.968, 2.032, 0.032], "texture": "#0"},
				"down": {"uv": [3.968, 1.968, 2.032, 0.032], "texture": "#0"}
			}
		},
		{
			"name": "macaron",
			"from": [9.92157, 0.46, 10.00421],
			"to": [11.92157, 2.46, 10.40421],
			"rotation": {"angle": 22.5, "axis": "y", "origin": [10.17157, 1.11, 9.91421]},
			"faces": {
				"north": {"uv": [7.968, 1.032, 6.032, 2.968], "rotation": 90, "texture": "#0"},
				"east": {"uv": [7.968, 1.032, 6.032, 2.968], "rotation": 270, "texture": "#0"},
				"south": {"uv": [7.968, 1.032, 6.032, 2.968], "rotation": 90, "texture": "#0"},
				"west": {"uv": [7.968, 1.032, 6.032, 2.968], "rotation": 90, "texture": "#0"},
				"up": {"uv": [7.968, 1.032, 6.032, 2.968], "rotation": 180, "texture": "#0"},
				"down": {"uv": [7.968, 1.032, 6.032, 2.968], "texture": "#0"}
			}
		},
		{
			"name": "macarontop",
			"from": [9.82157, 0.36, 10.30421],
			"to": [12.02157, 2.56, 10.60421],
			"rotation": {"angle": 22.5, "axis": "y", "origin": [10.17157, 1.11, 9.91421]},
			"faces": {
				"north": {"uv": [3.968, 1.968, 2.032, 0.032], "rotation": 90, "texture": "#0"},
				"east": {"uv": [8.032, 2.032, 9.968, 2.968], "rotation": 270, "texture": "#0"},
				"south": {"uv": [3.968, 1.968, 2.032, 0.032], "rotation": 90, "texture": "#0"},
				"west": {"uv": [4.032, 8.032, 5.968, 8.968], "rotation": 90, "texture": "#0"},
				"up": {"uv": [9.968, 1.032, 8.032, 1.968], "rotation": 180, "texture": "#0"},
				"down": {"uv": [9.968, 3.032, 8.032, 3.968], "texture": "#0"}
			}
		},
		{
			"name": "macarontop",
			"from": [9.92157, 0.46, 10.50421],
			"to": [11.92157, 2.46, 10.90421],
			"rotation": {"angle": 22.5, "axis": "y", "origin": [10.17157, 1.11, 9.91421]},
			"faces": {
				"north": {"uv": [5.968, 0.032, 4.032, 1.968], "rotation": 90, "texture": "#0"},
				"east": {"uv": [8.032, 2.032, 9.968, 2.968], "rotation": 270, "texture": "#0"},
				"south": {"uv": [3.968, 1.968, 2.032, 0.032], "rotation": 90, "texture": "#0"},
				"west": {"uv": [8.032, 2.032, 9.968, 2.968], "rotation": 90, "texture": "#0"},
				"up": {"uv": [8.032, 2.032, 9.968, 2.968], "rotation": 180, "texture": "#0"},
				"down": {"uv": [4.032, 8.032, 5.968, 8.968], "texture": "#0"}
			}
		},
		{
			"name": "macaronbottom",
			"from": [9.82157, 0.36, 9.70421],
			"to": [12.02157, 2.56, 10.00421],
			"rotation": {"angle": 22.5, "axis": "y", "origin": [10.17157, 1.11, 9.91421]},
			"faces": {
				"north": {"uv": [3.968, 1.968, 2.032, 0.032], "rotation": 90, "texture": "#0"},
				"east": {"uv": [3.032, 8.032, 4.968, 8.968], "rotation": 270, "texture": "#0"},
				"south": {"uv": [3.968, 1.968, 2.032, 0.032], "rotation": 90, "texture": "#0"},
				"west": {"uv": [5.032, 6.032, 6.968, 6.968], "rotation": 90, "texture": "#0"},
				"up": {"uv": [6.032, 4.032, 7.968, 4.968], "rotation": 180, "texture": "#0"},
				"down": {"uv": [4.032, 8.032, 5.968, 8.968], "texture": "#0"}
			}
		},
		{
			"name": "macaronbottom",
			"from": [9.92157, 0.46, 9.40421],
			"to": [11.92157, 2.46, 9.80421],
			"rotation": {"angle": 22.5, "axis": "y", "origin": [10.17157, 1.11, 9.91421]},
			"faces": {
				"north": {"uv": [3.968, 1.968, 2.032, 0.032], "rotation": 90, "texture": "#0"},
				"east": {"uv": [3.032, 7.032, 4.968, 7.968], "rotation": 270, "texture": "#0"},
				"south": {"uv": [3.968, 1.968, 2.032, 0.032], "rotation": 90, "texture": "#0"},
				"west": {"uv": [4.032, 8.032, 5.968, 8.968], "rotation": 90, "texture": "#0"},
				"up": {"uv": [8.032, 1.032, 9.968, 1.968], "rotation": 180, "texture": "#0"},
				"down": {"uv": [6.032, 3.032, 7.968, 3.968], "texture": "#0"}
			}
		},
		{
			"name": "macaron",
			"from": [6.92157, 0.56711, 5.80289],
			"to": [8.92157, 2.56711, 6.20289],
			"rotation": {"angle": 22.5, "axis": "x", "origin": [7.17157, 1.81711, 5.79289]},
			"faces": {
				"north": {"uv": [7.968, 1.032, 6.032, 2.968], "rotation": 180, "texture": "#0"},
				"east": {"uv": [7.968, 1.032, 6.032, 2.968], "rotation": 90, "texture": "#0"},
				"south": {"uv": [7.968, 1.032, 6.032, 2.968], "texture": "#0"},
				"west": {"uv": [7.968, 1.032, 6.032, 2.968], "rotation": 270, "texture": "#0"},
				"up": {"uv": [7.968, 1.032, 6.032, 2.968], "texture": "#0"},
				"down": {"uv": [7.968, 1.032, 6.032, 2.968], "rotation": 180, "texture": "#0"}
			}
		},
		{
			"name": "macarontop",
			"from": [6.82157, 0.46711, 5.60289],
			"to": [9.02157, 2.66711, 5.90289],
			"rotation": {"angle": 22.5, "axis": "x", "origin": [7.17157, 1.81711, 5.79289]},
			"faces": {
				"north": {"uv": [3.968, 1.968, 2.032, 0.032], "rotation": 180, "texture": "#0"},
				"east": {"uv": [9.968, 3.032, 8.032, 3.968], "rotation": 90, "texture": "#0"},
				"south": {"uv": [3.968, 1.968, 2.032, 0.032], "texture": "#0"},
				"west": {"uv": [9.968, 1.032, 8.032, 1.968], "rotation": 270, "texture": "#0"},
				"up": {"uv": [4.032, 8.032, 5.968, 8.968], "texture": "#0"},
				"down": {"uv": [8.032, 2.032, 9.968, 2.968], "rotation": 180, "texture": "#0"}
			}
		},
		{
			"name": "macarontop",
			"from": [6.92157, 0.56711, 5.30289],
			"to": [8.92157, 2.56711, 5.70289],
			"rotation": {"angle": 22.5, "axis": "x", "origin": [7.17157, 1.81711, 5.79289]},
			"faces": {
				"north": {"uv": [3.968, 1.968, 2.032, 0.032], "rotation": 180, "texture": "#0"},
				"east": {"uv": [4.032, 8.032, 5.968, 8.968], "rotation": 90, "texture": "#0"},
				"south": {"uv": [5.968, 0.032, 4.032, 1.968], "texture": "#0"},
				"west": {"uv": [8.032, 2.032, 9.968, 2.968], "rotation": 270, "texture": "#0"},
				"up": {"uv": [8.032, 2.032, 9.968, 2.968], "texture": "#0"},
				"down": {"uv": [8.032, 2.032, 9.968, 2.968], "rotation": 180, "texture": "#0"}
			}
		},
		{
			"name": "macaronbottom",
			"from": [6.82157, 0.46711, 6.20289],
			"to": [9.02157, 2.66711, 6.50289],
			"rotation": {"angle": 22.5, "axis": "x", "origin": [7.17157, 1.81711, 5.79289]},
			"faces": {
				"north": {"uv": [3.968, 1.968, 2.032, 0.032], "rotation": 180, "texture": "#0"},
				"east": {"uv": [4.032, 8.032, 5.968, 8.968], "rotation": 90, "texture": "#0"},
				"south": {"uv": [3.968, 1.968, 2.032, 0.032], "texture": "#0"},
				"west": {"uv": [6.032, 4.032, 7.968, 4.968], "rotation": 270, "texture": "#0"},
				"up": {"uv": [5.032, 6.032, 6.968, 6.968], "texture": "#0"},
				"down": {"uv": [3.032, 8.032, 4.968, 8.968], "rotation": 180, "texture": "#0"}
			}
		},
		{
			"name": "macaronbottom",
			"from": [6.92157, 0.56711, 6.40289],
			"to": [8.92157, 2.56711, 6.80289],
			"rotation": {"angle": 22.5, "axis": "x", "origin": [7.17157, 1.81711, 5.79289]},
			"faces": {
				"north": {"uv": [3.968, 1.968, 2.032, 0.032], "rotation": 180, "texture": "#0"},
				"east": {"uv": [6.032, 3.032, 7.968, 3.968], "rotation": 90, "texture": "#0"},
				"south": {"uv": [3.968, 1.968, 2.032, 0.032], "texture": "#0"},
				"west": {"uv": [8.032, 1.032, 9.968, 1.968], "rotation": 270, "texture": "#0"},
				"up": {"uv": [4.032, 8.032, 5.968, 8.968], "texture": "#0"},
				"down": {"uv": [3.032, 7.032, 4.968, 7.968], "rotation": 180, "texture": "#0"}
			}
		},
		{
			"name": "macaron",
			"from": [1.76725, 0.95, 9.69004],
			"to": [3.76725, 1.35, 11.69004],
			"rotation": {"angle": -45, "axis": "y", "origin": [3.51725, 1.11, 11.69004]},
			"faces": {
				"north": {"uv": [7.968, 1.032, 6.032, 2.968], "texture": "#0"},
				"east": {"uv": [7.968, 1.032, 6.032, 2.968], "texture": "#0"},
				"south": {"uv": [7.968, 1.032, 6.032, 2.968], "texture": "#0"},
				"west": {"uv": [7.968, 1.032, 6.032, 2.968], "texture": "#0"},
				"up": {"uv": [7.968, 1.032, 6.032, 2.968], "rotation": 270, "texture": "#0"},
				"down": {"uv": [7.968, 1.032, 6.032, 2.968], "rotation": 90, "texture": "#0"}
			}
		},
		{
			"name": "macarontop",
			"from": [1.66725, 1.25, 9.59004],
			"to": [3.86725, 1.55, 11.79004],
			"rotation": {"angle": -45, "axis": "y", "origin": [3.51725, 1.11, 11.69004]},
			"faces": {
				"north": {"uv": [9.968, 3.032, 8.032, 3.968], "texture": "#0"},
				"east": {"uv": [4.032, 8.032, 5.968, 8.968], "texture": "#0"},
				"south": {"uv": [9.968, 1.032, 8.032, 1.968], "texture": "#0"},
				"west": {"uv": [8.032, 2.032, 9.968, 2.968], "texture": "#0"},
				"up": {"uv": [3.968, 1.968, 2.032, 0.032], "rotation": 270, "texture": "#0"},
				"down": {"uv": [3.968, 1.968, 2.032, 0.032], "rotation": 90, "texture": "#0"}
			}
		},
		{
			"name": "macarontop",
			"from": [1.76725, 1.45, 9.69004],
			"to": [3.76725, 1.85, 11.69004],
			"rotation": {"angle": -45, "axis": "y", "origin": [3.51725, 1.11, 11.69004]},
			"faces": {
				"north": {"uv": [4.032, 8.032, 5.968, 8.968], "texture": "#0"},
				"east": {"uv": [8.032, 2.032, 9.968, 2.968], "texture": "#0"},
				"south": {"uv": [8.032, 2.032, 9.968, 2.968], "texture": "#0"},
				"west": {"uv": [8.032, 2.032, 9.968, 2.968], "texture": "#0"},
				"up": {"uv": [3.968, 1.968, 2.032, 0.032], "rotation": 270, "texture": "#0"},
				"down": {"uv": [5.968, 0.032, 4.032, 1.968], "rotation": 90, "texture": "#0"}
			}
		},
		{
			"name": "macaronbottom",
			"from": [1.66725, 0.65, 9.59004],
			"to": [3.86725, 0.95, 11.79004],
			"rotation": {"angle": -45, "axis": "y", "origin": [3.51725, 1.11, 11.69004]},
			"faces": {
				"north": {"uv": [4.032, 8.032, 5.968, 8.968], "texture": "#0"},
				"east": {"uv": [5.032, 6.032, 6.968, 6.968], "texture": "#0"},
				"south": {"uv": [6.032, 4.032, 7.968, 4.968], "texture": "#0"},
				"west": {"uv": [3.032, 8.032, 4.968, 8.968], "texture": "#0"},
				"up": {"uv": [3.968, 1.968, 2.032, 0.032], "rotation": 270, "texture": "#0"},
				"down": {"uv": [3.968, 1.968, 2.032, 0.032], "rotation": 90, "texture": "#0"}
			}
		},
		{
			"name": "macaronbottom",
			"from": [1.76725, 0.35, 9.69004],
			"to": [3.76725, 0.75, 11.69004],
			"rotation": {"angle": -45, "axis": "y", "origin": [3.51725, 1.11, 11.69004]},
			"faces": {
				"north": {"uv": [6.032, 3.032, 7.968, 3.968], "texture": "#0"},
				"east": {"uv": [4.032, 8.032, 5.968, 8.968], "texture": "#0"},
				"south": {"uv": [8.032, 1.032, 9.968, 1.968], "texture": "#0"},
				"west": {"uv": [3.032, 7.032, 4.968, 7.968], "texture": "#0"},
				"up": {"uv": [3.968, 1.968, 2.032, 0.032], "rotation": 270, "texture": "#0"},
				"down": {"uv": [3.968, 1.968, 2.032, 0.032], "rotation": 90, "texture": "#0"}
			}
		}
	],
	"display": {
		"thirdperson_righthand": {
			"rotation": [70, -180, 0],
			"translation": [-5, 3.25, 7.25]
		},
		"firstperson_righthand": {
			"translation": [-9.25, 7.5, 0]
		},
		"ground": {
			"translation": [0, 4, 0]
		},
		"gui": {
			"rotation": [24, 24, 0],
			"translation": [0, 5, 0]
		},
		"fixed": {
			"rotation": [-90, 0, 0],
			"translation": [0, 0, -15],
			"scale": [2, 2, 2]
		}
	},
	"groups": [
		0,
		{
			"name": "macaron",
			"origin": [0, 0, 0],
			"color": 0,
			"children": [
				1,
				{
					"name": "macarontop",
					"origin": [0, 1.5, 0],
					"color": 1,
					"children": [2, 3]
				},
				{
					"name": "macaronbottom",
					"origin": [0, 0, 0],
					"color": 2,
					"children": [4, 5]
				}
			]
		},
		{
			"name": "macaron",
			"origin": [0, 0, 0],
			"color": 0,
			"children": [
				6,
				{
					"name": "macarontop",
					"origin": [0, 1.5, 0],
					"color": 1,
					"children": [7, 8]
				},
				{
					"name": "macaronbottom",
					"origin": [0, 0, 0],
					"color": 2,
					"children": [9, 10]
				}
			]
		},
		{
			"name": "macaron",
			"origin": [0, 0, 0],
			"color": 0,
			"children": [
				11,
				{
					"name": "macarontop",
					"origin": [0, 1.5, 0],
					"color": 1,
					"children": [12, 13]
				},
				{
					"name": "macaronbottom",
					"origin": [0, 0, 0],
					"color": 2,
					"children": [14, 15]
				}
			]
		},
		{
			"name": "macaron",
			"origin": [0, 0, 0],
			"color": 0,
			"children": [
				16,
				{
					"name": "macarontop",
					"origin": [0, 1.5, 0],
					"color": 1,
					"children": [17, 18]
				},
				{
					"name": "macaronbottom",
					"origin": [0, 0, 0],
					"color": 2,
					"children": [19, 20]
				}
			]
		},
		{
			"name": "macaron",
			"origin": [0, 0, 0],
			"color": 0,
			"children": [
				21,
				{
					"name": "macarontop",
					"origin": [0, 1.5, 0],
					"color": 1,
					"children": [22, 23]
				},
				{
					"name": "macaronbottom",
					"origin": [0, 0, 0],
					"color": 2,
					"children": [24, 25]
				}
			]
		}
	]
}