{
	"credit": "Made with Blockbench",
	"texture_size": [32, 32],
	"textures": {
		"0": "block/ovens/orange_textures",
		"particle": "block/ovens/orange_textures"
	},
	"elements": [
		{
			"name": "big cube",
			"from": [-4.0025, -0.001, -1],
			"to": [12.0025, 15.5, 16.005],
			"rotation": {"angle": 0, "axis": "y", "origin": [-12.0025, 0, 0]},
			"faces": {
				"north": {"uv": [0, 0, 8, 7.876], "texture": "#0"},
				"east": {"uv": [0, 0, 16, 15.501], "texture": "#0"},
				"south": {"uv": [0.125, 0, 7.875, 7.876], "texture": "#0"},
				"west": {"uv": [0, 0, 8, 7.876], "texture": "#0"},
				"up": {"uv": [0, 0, 16, 16], "texture": "#0"},
				"down": {"uv": [8.125, 0, 16, 7.875], "texture": "#0"}
			}
		},
		{
			"name": "lbottom",
			"from": [4.5, 2.25, -2],
			"to": [10.5, 7.25, -1],
			"rotation": {"angle": 0, "axis": "y", "origin": [-4, 0, 0]},
			"faces": {
				"north": {"uv": [0.5, 8.5, 3.5, 11], "texture": "#0"},
				"east": {"uv": [0.5, 8.5, 1, 11], "texture": "#0"},
				"south": {"uv": [0.5, 8.5, 3.5, 11], "texture": "#0"},
				"west": {"uv": [0.5, 8.5, 1, 11], "texture": "#0"},
				"up": {"uv": [0.5, 8.5, 3.5, 9], "texture": "#0"},
				"down": {"uv": [0.5, 8.5, 3.5, 9], "texture": "#0"}
			}
		},
		{
			"name": "rbottom",
			"from": [-2.5, 2.25, -2],
			"to": [3.5, 7.25, -1],
			"rotation": {"angle": 0, "axis": "y", "origin": [-4, 0, 0]},
			"faces": {
				"north": {"uv": [0.5, 9, 3.5, 11.5], "texture": "#0"},
				"east": {"uv": [0.5, 9, 1, 11.5], "texture": "#0"},
				"south": {"uv": [0.5, 9, 3.5, 11.5], "texture": "#0"},
				"west": {"uv": [0.5, 9, 1, 11.5], "texture": "#0"},
				"up": {"uv": [0.5, 9, 3.5, 9.5], "texture": "#0"},
				"down": {"uv": [0.5, 9, 3.5, 9.5], "texture": "#0"}
			}
		},
		{
			"name": "rtop",
			"from": [-2.5, 8.25, -2],
			"to": [3.5, 13.25, -1],
			"rotation": {"angle": 0, "axis": "y", "origin": [-4, 0, 0]},
			"faces": {
				"north": {"uv": [0.5, 9, 3.5, 11.5], "texture": "#0"},
				"east": {"uv": [0.5, 9, 1, 11.5], "texture": "#0"},
				"south": {"uv": [0.5, 9, 3.5, 11.5], "texture": "#0"},
				"west": {"uv": [0.5, 9, 1, 11.5], "texture": "#0"},
				"up": {"uv": [0.5, 9, 3.5, 9.5], "texture": "#0"},
				"down": {"uv": [0.5, 9, 3.5, 9.5], "texture": "#0"}
			}
		},
		{
			"name": "lbottom thingy",
			"from": [4.5, 7.25, -1.5],
			"to": [10.5, 8, -1],
			"rotation": {"angle": 0, "axis": "y", "origin": [-4, 0, 0]},
			"faces": {
				"north": {"uv": [8.125, 9.625, 14.375, 11.375], "texture": "#0"},
				"east": {"uv": [1.5, 9.5, 2.5, 14.5], "texture": "#0"},
				"south": {"uv": [0.25, 8.625, 3.75, 11.125], "texture": "#0"},
				"west": {"uv": [1.5, 9.5, 2.5, 14.5], "texture": "#0"},
				"up": {"uv": [1.5, 9.5, 2.5, 15.5], "rotation": 90, "texture": "#0"},
				"down": {"uv": [0.25, 8.625, 3.75, 9.125], "texture": "#0"}
			}
		},
		{
			"name": "rbottom hinge",
			"from": [-3, 2.75, -2.25],
			"to": [-2, 3.75, -1],
			"rotation": {"angle": 0, "axis": "y", "origin": [-4, 0, 0]},
			"faces": {
				"north": {"uv": [9, 14.5, 10, 15.5], "texture": "#0"},
				"east": {"uv": [9, 15.25, 10, 15.75], "texture": "#0"},
				"south": {"uv": [10, 14.5, 11, 15.5], "texture": "#0"},
				"west": {"uv": [10.5, 15.375, 11, 15.875], "texture": "#0"},
				"up": {"uv": [10.5, 15.5, 9.5, 14.5], "texture": "#0"},
				"down": {"uv": [12, 14.5, 11, 15.5], "texture": "#0"}
			}
		},
		{
			"name": "rbottom hinge",
			"from": [-3, 5.75, -2.25],
			"to": [-2, 6.75, -1],
			"rotation": {"angle": 0, "axis": "y", "origin": [-4, 0, 0]},
			"faces": {
				"north": {"uv": [9, 14.5, 10, 15.5], "texture": "#0"},
				"east": {"uv": [9, 14.25, 10.25, 14.75], "texture": "#0"},
				"south": {"uv": [9, 14.5, 10, 15.5], "texture": "#0"},
				"west": {"uv": [9.5, 14.375, 10.25, 14.875], "texture": "#0"},
				"up": {"uv": [9.5, 14.5, 10.5, 15.75], "texture": "#0"},
				"down": {"uv": [9, 14.5, 10, 15.75], "texture": "#0"}
			}
		},
		{
			"name": "lbottom hinge",
			"from": [10, 5.75, -2.25],
			"to": [11, 6.75, -1],
			"rotation": {"angle": 0, "axis": "y", "origin": [-4, 0, 0]},
			"faces": {
				"north": {"uv": [9, 14.5, 10, 15.5], "texture": "#0"},
				"east": {"uv": [9, 14.25, 10.25, 14.75], "texture": "#0"},
				"south": {"uv": [9, 14.5, 10, 15.5], "texture": "#0"},
				"west": {"uv": [9.5, 14.375, 10.25, 14.875], "texture": "#0"},
				"up": {"uv": [9.5, 14.5, 10.5, 15.75], "texture": "#0"},
				"down": {"uv": [9, 14.5, 10, 15.75], "texture": "#0"}
			}
		},
		{
			"name": "lbottom hinge",
			"from": [10, 2.75, -2.25],
			"to": [11, 3.75, -1],
			"rotation": {"angle": 0, "axis": "y", "origin": [-4, 0, 0]},
			"faces": {
				"north": {"uv": [9, 14.5, 10, 15.5], "texture": "#0"},
				"east": {"uv": [9, 14.25, 10.25, 14.75], "texture": "#0"},
				"south": {"uv": [9, 14.5, 10, 15.5], "texture": "#0"},
				"west": {"uv": [9.5, 14.375, 10.25, 14.875], "texture": "#0"},
				"up": {"uv": [9.5, 14.5, 10.5, 15.75], "texture": "#0"},
				"down": {"uv": [9, 14.5, 10, 15.75], "texture": "#0"}
			}
		},
		{
			"name": "rtop hinge",
			"from": [-3, 11.75, -2.25],
			"to": [-2, 12.75, -1],
			"rotation": {"angle": 0, "axis": "y", "origin": [-4, 0, 0]},
			"faces": {
				"north": {"uv": [9, 14.5, 10, 15.5], "texture": "#0"},
				"east": {"uv": [9, 14.25, 10.25, 14.75], "texture": "#0"},
				"south": {"uv": [9, 14.5, 10, 15.5], "texture": "#0"},
				"west": {"uv": [9.5, 14.375, 10.25, 14.875], "texture": "#0"},
				"up": {"uv": [9.5, 14.5, 10.5, 15.75], "texture": "#0"},
				"down": {"uv": [9, 14.5, 10, 15.75], "texture": "#0"}
			}
		},
		{
			"name": "rtop hinge",
			"from": [-3, 8.75, -2.25],
			"to": [-2, 9.75, -1],
			"rotation": {"angle": 0, "axis": "y", "origin": [-4, 0, 0]},
			"faces": {
				"north": {"uv": [9, 14.5, 10, 15.5], "texture": "#0"},
				"east": {"uv": [9, 14.25, 10.25, 14.75], "texture": "#0"},
				"south": {"uv": [9, 14.5, 10, 15.5], "texture": "#0"},
				"west": {"uv": [9.5, 14.375, 10.25, 14.875], "texture": "#0"},
				"up": {"uv": [9.5, 14.5, 10.5, 15.75], "texture": "#0"},
				"down": {"uv": [9, 14.5, 10, 15.75], "texture": "#0"}
			}
		},
		{
			"name": "hexadecagon",
			"from": [-0.69619, 16.25, 4],
			"to": [0.69619, 17.25, 11],
			"rotation": {"angle": -45, "axis": "y", "origin": [0, 16.75, 7.5]},
			"faces": {
				"north": {"uv": [5, 8.5, 5.5, 9], "texture": "#0"},
				"east": {"uv": [5, 8.5, 5.5, 9], "texture": "#0"},
				"south": {"uv": [5, 8.5, 5.5, 9], "texture": "#0"},
				"west": {"uv": [5, 8.5, 5.5, 9], "texture": "#0"},
				"up": {"uv": [5, 8.5, 5.5, 9], "texture": "#0"},
				"down": {"uv": [5, 8.5, 5.5, 9], "texture": "#0"}
			}
		},
		{
			"name": "hexadecagon",
			"from": [-0.69619, 16.25, 4],
			"to": [0.69619, 17.25, 11],
			"rotation": {"angle": -22.5, "axis": "y", "origin": [0, 16.75, 7.5]},
			"faces": {
				"north": {"uv": [5, 8.5, 5.5, 9], "texture": "#0"},
				"east": {"uv": [5, 8.5, 5.5, 9], "texture": "#0"},
				"south": {"uv": [5, 8.5, 5.5, 9], "texture": "#0"},
				"west": {"uv": [5, 8.5, 5.5, 9], "texture": "#0"},
				"up": {"uv": [5, 8.5, 5.5, 9], "texture": "#0"},
				"down": {"uv": [5, 8.5, 5.5, 9], "texture": "#0"}
			}
		},
		{
			"name": "hexadecagon",
			"from": [-0.69619, 16.25, 4],
			"to": [0.69619, 17.25, 11],
			"rotation": {"angle": 0, "axis": "y", "origin": [0, 16.75, 7.5]},
			"faces": {
				"north": {"uv": [5, 8.5, 5.5, 9], "texture": "#0"},
				"east": {"uv": [5, 8.5, 5.5, 9], "texture": "#0"},
				"south": {"uv": [5, 8.5, 5.5, 9], "texture": "#0"},
				"west": {"uv": [5, 8.5, 5.5, 9], "texture": "#0"},
				"up": {"uv": [5, 8.5, 5.5, 9], "texture": "#0"},
				"down": {"uv": [5, 8.5, 5.5, 9], "texture": "#0"}
			}
		},
		{
			"name": "hexadecagon",
			"from": [-0.69619, 16.25, 4],
			"to": [0.69619, 17.25, 11],
			"rotation": {"angle": 22.5, "axis": "y", "origin": [0, 16.75, 7.5]},
			"faces": {
				"north": {"uv": [5, 8.5, 5.5, 9], "texture": "#0"},
				"east": {"uv": [5, 8.5, 5.5, 9], "texture": "#0"},
				"south": {"uv": [5, 8.5, 5.5, 9], "texture": "#0"},
				"west": {"uv": [5, 8.5, 5.5, 9], "texture": "#0"},
				"up": {"uv": [5, 8.5, 5.5, 9], "texture": "#0"},
				"down": {"uv": [5, 8.5, 5.5, 9], "texture": "#0"}
			}
		},
		{
			"name": "hexadecagon",
			"from": [-0.69619, 16.25, 4],
			"to": [0.69619, 17.25, 11],
			"rotation": {"angle": 45, "axis": "y", "origin": [0, 16.75, 7.5]},
			"faces": {
				"north": {"uv": [5, 8.5, 5.5, 9], "texture": "#0"},
				"east": {"uv": [5, 8.5, 5.5, 9], "texture": "#0"},
				"south": {"uv": [5, 8.5, 5.5, 9], "texture": "#0"},
				"west": {"uv": [5, 8.5, 5.5, 9], "texture": "#0"},
				"up": {"uv": [5, 8.5, 5.5, 9], "texture": "#0"},
				"down": {"uv": [5, 8.5, 5.5, 9], "texture": "#0"}
			}
		},
		{
			"name": "hexadecagon",
			"from": [-3.5, 16.251, 6.80381],
			"to": [3.5, 17.251, 8.19619],
			"rotation": {"angle": -22.5, "axis": "y", "origin": [0, 16.75, 7.5]},
			"faces": {
				"north": {"uv": [5, 8.5, 5.5, 9], "texture": "#0"},
				"east": {"uv": [5, 8.5, 5.5, 9], "texture": "#0"},
				"south": {"uv": [5, 8.5, 5.5, 9], "texture": "#0"},
				"west": {"uv": [5, 8.5, 5.5, 9], "texture": "#0"},
				"up": {"uv": [5, 8.5, 5.5, 9], "texture": "#0"},
				"down": {"uv": [5, 8.5, 5.5, 9], "texture": "#0"}
			}
		},
		{
			"name": "hexadecagon",
			"from": [-3.5, 16.25, 6.80381],
			"to": [3.5, 17.25, 8.19619],
			"rotation": {"angle": 0, "axis": "y", "origin": [0, 16.75, 7.5]},
			"faces": {
				"north": {"uv": [5, 8.5, 5.5, 9], "texture": "#0"},
				"east": {"uv": [5, 8.5, 5.5, 9], "texture": "#0"},
				"south": {"uv": [5, 8.5, 5.5, 9], "texture": "#0"},
				"west": {"uv": [5, 8.5, 5.5, 9], "texture": "#0"},
				"up": {"uv": [5, 8.5, 5.5, 9], "texture": "#0"},
				"down": {"uv": [5, 8.5, 5.5, 9], "texture": "#0"}
			}
		},
		{
			"name": "hexadecagon",
			"from": [-3.5, 16.251, 6.80381],
			"to": [3.5, 17.251, 8.19619],
			"rotation": {"angle": 22.5, "axis": "y", "origin": [0, 16.75, 7.5]},
			"faces": {
				"north": {"uv": [5, 8.5, 5.5, 9], "texture": "#0"},
				"east": {"uv": [5, 8.5, 5.5, 9], "texture": "#0"},
				"south": {"uv": [5, 8.5, 5.5, 9], "texture": "#0"},
				"west": {"uv": [5, 8.5, 5.5, 9], "texture": "#0"},
				"up": {"uv": [5, 8.5, 5.5, 9], "texture": "#0"},
				"down": {"uv": [5, 8.5, 5.5, 9], "texture": "#0"}
			}
		},
		{
			"name": "hexadecagon",
			"from": [7.30381, 16.25, 4],
			"to": [8.69619, 17.25, 11],
			"rotation": {"angle": -45, "axis": "y", "origin": [8, 16.75, 7.5]},
			"faces": {
				"north": {"uv": [5, 8.5, 5.5, 9], "texture": "#0"},
				"east": {"uv": [5, 8.5, 5.5, 9], "texture": "#0"},
				"south": {"uv": [5, 8.5, 5.5, 9], "texture": "#0"},
				"west": {"uv": [5, 8.5, 5.5, 9], "texture": "#0"},
				"up": {"uv": [5, 8.5, 5.5, 9], "texture": "#0"},
				"down": {"uv": [5, 8.5, 5.5, 9], "texture": "#0"}
			}
		},
		{
			"name": "hexadecagon",
			"from": [7.30381, 16.25, 4],
			"to": [8.69619, 17.25, 11],
			"rotation": {"angle": -22.5, "axis": "y", "origin": [8, 16.75, 7.5]},
			"faces": {
				"north": {"uv": [5, 8.5, 5.5, 9], "texture": "#0"},
				"east": {"uv": [5, 8.5, 5.5, 9], "texture": "#0"},
				"south": {"uv": [5, 8.5, 5.5, 9], "texture": "#0"},
				"west": {"uv": [5, 8.5, 5.5, 9], "texture": "#0"},
				"up": {"uv": [5, 8.5, 5.5, 9], "texture": "#0"},
				"down": {"uv": [5, 8.5, 5.5, 9], "texture": "#0"}
			}
		},
		{
			"name": "hexadecagon",
			"from": [7.30381, 16.25, 4],
			"to": [8.69619, 17.25, 11],
			"rotation": {"angle": 0, "axis": "y", "origin": [8, 16.75, 7.5]},
			"faces": {
				"north": {"uv": [5, 8.5, 5.5, 9], "texture": "#0"},
				"east": {"uv": [5, 8.5, 5.5, 9], "texture": "#0"},
				"south": {"uv": [5, 8.5, 5.5, 9], "texture": "#0"},
				"west": {"uv": [5, 8.5, 5.5, 9], "texture": "#0"},
				"up": {"uv": [5, 8.5, 5.5, 9], "texture": "#0"},
				"down": {"uv": [5, 8.5, 5.5, 9], "texture": "#0"}
			}
		},
		{
			"name": "hexadecagon",
			"from": [7.30381, 16.25, 4],
			"to": [8.69619, 17.25, 11],
			"rotation": {"angle": 22.5, "axis": "y", "origin": [8, 16.75, 7.5]},
			"faces": {
				"north": {"uv": [5, 8.5, 5.5, 9], "texture": "#0"},
				"east": {"uv": [5, 8.5, 5.5, 9], "texture": "#0"},
				"south": {"uv": [5, 8.5, 5.5, 9], "texture": "#0"},
				"west": {"uv": [5, 8.5, 5.5, 9], "texture": "#0"},
				"up": {"uv": [5, 8.5, 5.5, 9], "texture": "#0"},
				"down": {"uv": [5, 8.5, 5.5, 9], "texture": "#0"}
			}
		},
		{
			"name": "hexadecagon",
			"from": [7.30381, 16.25, 4],
			"to": [8.69619, 17.25, 11],
			"rotation": {"angle": 45, "axis": "y", "origin": [8, 16.75, 7.5]},
			"faces": {
				"north": {"uv": [5, 8.5, 5.5, 9], "texture": "#0"},
				"east": {"uv": [5, 8.5, 5.5, 9], "texture": "#0"},
				"south": {"uv": [5, 8.5, 5.5, 9], "texture": "#0"},
				"west": {"uv": [5, 8.5, 5.5, 9], "texture": "#0"},
				"up": {"uv": [5, 8.5, 5.5, 9], "texture": "#0"},
				"down": {"uv": [5, 8.5, 5.5, 9], "texture": "#0"}
			}
		},
		{
			"name": "hexadecagon",
			"from": [4.5, 16.25, 6.80381],
			"to": [11.5, 17.25, 8.19619],
			"rotation": {"angle": -22.5, "axis": "y", "origin": [8, 16.75, 7.5]},
			"faces": {
				"north": {"uv": [5, 8.5, 5.5, 9], "texture": "#0"},
				"east": {"uv": [5, 8.5, 5.5, 9], "texture": "#0"},
				"south": {"uv": [5, 8.5, 5.5, 9], "texture": "#0"},
				"west": {"uv": [5, 8.5, 5.5, 9], "texture": "#0"},
				"up": {"uv": [5, 8.5, 5.5, 9], "texture": "#0"},
				"down": {"uv": [5, 8.5, 5.5, 9], "texture": "#0"}
			}
		},
		{
			"name": "hexadecagon",
			"from": [4.5, 16.25, 6.80381],
			"to": [11.5, 17.25, 8.19619],
			"rotation": {"angle": 0, "axis": "y", "origin": [8, 16.75, 7.5]},
			"faces": {
				"north": {"uv": [5, 8.5, 5.5, 9], "texture": "#0"},
				"east": {"uv": [5, 8.5, 5.5, 9], "texture": "#0"},
				"south": {"uv": [5, 8.5, 5.5, 9], "texture": "#0"},
				"west": {"uv": [5, 8.5, 5.5, 9], "texture": "#0"},
				"up": {"uv": [5, 8.5, 5.5, 9], "texture": "#0"},
				"down": {"uv": [5, 8.5, 5.5, 9], "texture": "#0"}
			}
		},
		{
			"name": "hexadecagon",
			"from": [4.5, 16.25, 6.80381],
			"to": [11.5, 17.25, 8.19619],
			"rotation": {"angle": 22.5, "axis": "y", "origin": [8, 16.75, 7.5]},
			"faces": {
				"north": {"uv": [5, 8.5, 5.5, 9], "texture": "#0"},
				"east": {"uv": [5, 8.5, 5.5, 9], "texture": "#0"},
				"south": {"uv": [5, 8.5, 5.5, 9], "texture": "#0"},
				"west": {"uv": [5, 8.5, 5.5, 9], "texture": "#0"},
				"up": {"uv": [5, 8.5, 5.5, 9], "texture": "#0"},
				"down": {"uv": [5, 8.5, 5.5, 9], "texture": "#0"}
			}
		},
		{
			"from": [6.75, 9.75, -1.25],
			"to": [8.75, 10, -1],
			"rotation": {"angle": 0, "axis": "y", "origin": [-4, 0, 0]},
			"faces": {
				"north": {"uv": [10, 12.5, 12, 12.75], "texture": "#0"},
				"east": {"uv": [10, 12.5, 10.25, 12.75], "texture": "#0"},
				"south": {"uv": [10, 12.5, 12, 12.75], "texture": "#0"},
				"west": {"uv": [10, 12.5, 10.25, 12.75], "texture": "#0"},
				"up": {"uv": [10, 12.5, 12, 12.75], "texture": "#0"},
				"down": {"uv": [10, 12.5, 12, 12.75], "texture": "#0"}
			}
		},
		{
			"from": [6.5, 10, -1.25],
			"to": [9, 11.25, -1],
			"rotation": {"angle": 0, "axis": "y", "origin": [-4, 0, 0]},
			"faces": {
				"north": {"uv": [13, 12, 16, 13.5], "texture": "#0"},
				"east": {"uv": [9.5, 12, 9.75, 13.25], "texture": "#0"},
				"south": {"uv": [9.5, 12, 12, 13.25], "texture": "#0"},
				"west": {"uv": [9.5, 12, 9.75, 13.25], "texture": "#0"},
				"up": {"uv": [9.5, 12, 12, 12.25], "texture": "#0"},
				"down": {"uv": [9.5, 12, 12, 12.25], "texture": "#0"}
			}
		},
		{
			"from": [6.75, 11.25, -1.25],
			"to": [8.75, 11.5, -1],
			"rotation": {"angle": 0, "axis": "y", "origin": [-4, 0, 0]},
			"faces": {
				"north": {"uv": [9.5, 13.5, 11.5, 12.75], "texture": "#0"},
				"east": {"uv": [9.5, 12.5, 9.75, 12.75], "texture": "#0"},
				"south": {"uv": [0, 0, 2, 0.25], "texture": "#0"},
				"west": {"uv": [9.5, 12.5, 9.75, 12.75], "texture": "#0"},
				"up": {"uv": [9.5, 12.5, 11.5, 12.75], "texture": "#0"},
				"down": {"uv": [9.5, 12.5, 11.5, 12.75], "texture": "#0"}
			}
		},
		{
			"from": [-1, 16.5, 3],
			"to": [1, 17, 3.5],
			"rotation": {"angle": 0, "axis": "y", "origin": [-4, 0.5, -1.25]},
			"faces": {
				"north": {"uv": [9.5, 12, 11.5, 12.5], "texture": "#0"},
				"east": {"uv": [9.5, 12, 10, 12.5], "texture": "#0"},
				"south": {"uv": [9.5, 12, 11.5, 12.5], "texture": "#0"},
				"west": {"uv": [9.5, 12, 10, 12.5], "texture": "#0"},
				"up": {"uv": [9.5, 12, 11.5, 12.5], "texture": "#0"},
				"down": {"uv": [9.5, 12, 11.5, 12.5], "texture": "#0"}
			}
		},
		{
			"from": [0.85355, 16.5, 3.35355],
			"to": [1.35355, 17, 4.35355],
			"rotation": {"angle": 0, "axis": "y", "origin": [-4.64645, 0.5, -1.39645]},
			"faces": {
				"north": {"uv": [9.5, 12, 10, 12.5], "texture": "#0"},
				"east": {"uv": [10.5, 13, 11.5, 13.5], "texture": "#0"},
				"south": {"uv": [11, 12.5, 11.5, 13], "texture": "#0"},
				"west": {"uv": [9.5, 12.5, 10.5, 13], "texture": "#0"},
				"up": {"uv": [9.5, 12, 10, 13], "texture": "#0"},
				"down": {"uv": [9.5, 12, 10, 13], "texture": "#0"}
			}
		},
		{
			"from": [4.59099, 16.5, 2.83058],
			"to": [5.09099, 17, 3.33058],
			"rotation": {"angle": -45, "axis": "y", "origin": [2.59099, 0.5, -1.41942]},
			"faces": {
				"north": {"uv": [9.5, 12, 10, 12.5], "texture": "#0"},
				"east": {"uv": [9.5, 12, 10, 12.5], "texture": "#0"},
				"south": {"uv": [10, 12.5, 10.5, 13], "texture": "#0"},
				"west": {"uv": [10.5, 12.5, 11, 13], "texture": "#0"},
				"up": {"uv": [9.5, 12, 10, 12.5], "texture": "#0"},
				"down": {"uv": [9.5, 12, 10, 12.5], "texture": "#0"}
			}
		},
		{
			"from": [2.59099, 16.5, 2.83058],
			"to": [3.09099, 17, 3.33058],
			"rotation": {"angle": -45, "axis": "y", "origin": [0.59099, 0.5, -1.41942]},
			"faces": {
				"north": {"uv": [9.5, 12.5, 10, 13], "texture": "#0"},
				"east": {"uv": [9.5, 12.5, 10, 13], "texture": "#0"},
				"south": {"uv": [9.5, 12.5, 10, 13], "texture": "#0"},
				"west": {"uv": [9.5, 12.5, 10, 13], "texture": "#0"},
				"up": {"uv": [9.5, 12.5, 10, 13], "texture": "#0"},
				"down": {"uv": [9.5, 12.5, 10, 13], "texture": "#0"}
			}
		},
		{
			"from": [-1.35355, 16.5, 3.35355],
			"to": [-0.85355, 17, 4.35355],
			"rotation": {"angle": 0, "axis": "y", "origin": [-3.35355, 0.5, -1.39645]},
			"faces": {
				"north": {"uv": [9.5, 12.5, 10, 13], "texture": "#0"},
				"east": {"uv": [10, 12.5, 11, 13], "texture": "#0"},
				"south": {"uv": [10.5, 12.5, 11, 13], "texture": "#0"},
				"west": {"uv": [11, 12.5, 12, 13], "texture": "#0"},
				"up": {"uv": [9.5, 12, 10, 13], "texture": "#0"},
				"down": {"uv": [9.5, 12, 10, 13], "texture": "#0"}
			}
		},
		{
			"from": [7, 16.5, 3],
			"to": [9, 17, 3.5],
			"rotation": {"angle": 0, "axis": "y", "origin": [4, 0.5, -1.25]},
			"faces": {
				"north": {"uv": [9.5, 12.5, 11.5, 13], "texture": "#0"},
				"east": {"uv": [10, 12.5, 10.5, 13], "texture": "#0"},
				"south": {"uv": [10.5, 12.5, 12.5, 13], "texture": "#0"},
				"west": {"uv": [10.5, 13, 11, 13.5], "texture": "#0"},
				"up": {"uv": [10.5, 12, 12.5, 12.5], "texture": "#0"},
				"down": {"uv": [10, 12, 12, 12.5], "texture": "#0"}
			}
		},
		{
			"from": [8.85355, 16.5, 3.35355],
			"to": [9.35355, 17, 4.35355],
			"rotation": {"angle": 0, "axis": "y", "origin": [3.35355, 0.5, -1.39645]},
			"faces": {
				"north": {"uv": [10, 12.5, 10.5, 13], "texture": "#0"},
				"east": {"uv": [11, 12.5, 12, 13], "texture": "#0"},
				"south": {"uv": [11, 12.5, 11.5, 13], "texture": "#0"},
				"west": {"uv": [11, 13, 12, 13.5], "texture": "#0"},
				"up": {"uv": [10, 12.5, 10.5, 13.5], "texture": "#0"},
				"down": {"uv": [10, 12.5, 10.5, 13.5], "texture": "#0"}
			}
		},
		{
			"from": [12.59099, 16.5, 2.83058],
			"to": [13.09099, 17, 3.33058],
			"rotation": {"angle": -45, "axis": "y", "origin": [10.59099, 0.5, -1.41942]},
			"faces": {
				"north": {"uv": [10.5, 12.5, 11, 13], "texture": "#0"},
				"east": {"uv": [11.5, 13, 12, 13.5], "texture": "#0"},
				"south": {"uv": [11, 12.5, 11.5, 13], "texture": "#0"},
				"west": {"uv": [11, 12.5, 11.5, 13], "texture": "#0"},
				"up": {"uv": [10.5, 13, 11, 13.5], "texture": "#0"},
				"down": {"uv": [10, 12.5, 10.5, 13], "texture": "#0"}
			}
		},
		{
			"from": [10.59099, 16.5, 2.83058],
			"to": [11.09099, 17, 3.33058],
			"rotation": {"angle": -45, "axis": "y", "origin": [8.59099, 0.5, -1.41942]},
			"faces": {
				"north": {"uv": [10, 12.5, 10.5, 13], "texture": "#0"},
				"east": {"uv": [10.5, 12.5, 11, 13], "texture": "#0"},
				"south": {"uv": [10, 13, 10.5, 13.5], "texture": "#0"},
				"west": {"uv": [10, 12.5, 10.5, 13], "texture": "#0"},
				"up": {"uv": [10, 12, 10.5, 12.5], "texture": "#0"},
				"down": {"uv": [10, 12.5, 10.5, 13], "texture": "#0"}
			}
		},
		{
			"from": [6.64645, 16.5, 3.35355],
			"to": [7.14645, 17, 4.35355],
			"rotation": {"angle": 0, "axis": "y", "origin": [4.64645, 0.5, -1.39645]},
			"faces": {
				"north": {"uv": [10.5, 12.5, 11, 13], "texture": "#0"},
				"east": {"uv": [10.5, 12.5, 11.5, 13], "texture": "#0"},
				"south": {"uv": [10.5, 13, 11, 13.5], "texture": "#0"},
				"west": {"uv": [11, 12.5, 12, 13], "texture": "#0"},
				"up": {"uv": [11, 12.5, 11.5, 13.5], "texture": "#0"},
				"down": {"uv": [10, 12.5, 10.5, 13.5], "texture": "#0"}
			}
		},
		{
			"name": "handle",
			"from": [10.45711, 14.5, -1.79289],
			"to": [11.95711, 16, -1.04289],
			"rotation": {"angle": 0, "axis": "y", "origin": [10.70711, 0.25, -0.04289]},
			"faces": {
				"north": {"uv": [8.375, 8.25, 9.375, 9.25], "texture": "#0"},
				"east": {"uv": [8.375, 8.25, 8.625, 9.25], "texture": "#0"},
				"south": {"uv": [8.375, 8.25, 9.375, 9.25], "texture": "#0"},
				"west": {"uv": [8.375, 8.25, 8.625, 9.25], "texture": "#0"},
				"up": {"uv": [8.375, 8.625, 9.375, 8.875], "texture": "#0"},
				"down": {"uv": [8.375, 9, 9.375, 9.25], "texture": "#0"}
			}
		},
		{
			"name": "handle",
			"from": [-3.95711, 14.5, -1.79289],
			"to": [-2.45711, 16, -1.04289],
			"rotation": {"angle": 0, "axis": "y", "origin": [-3.70711, 0.25, -0.04289]},
			"faces": {
				"north": {"uv": [8.375, 8.25, 9.375, 9.25], "texture": "#0"},
				"east": {"uv": [8.375, 8.25, 8.625, 9.25], "texture": "#0"},
				"south": {"uv": [8.375, 8.25, 9.375, 9.25], "texture": "#0"},
				"west": {"uv": [8.375, 8.25, 8.625, 9.25], "texture": "#0"},
				"up": {"uv": [8.375, 8.625, 9.375, 8.875], "texture": "#0"},
				"down": {"uv": [8.375, 9, 9.375, 9.25], "texture": "#0"}
			}
		},
		{
			"name": "handle",
			"from": [10.70711, 14.75, -2.29289],
			"to": [11.70711, 15.75, -1.04289],
			"rotation": {"angle": 0, "axis": "y", "origin": [10.70711, 0.25, -0.04289]},
			"faces": {
				"north": {"uv": [8.375, 8.25, 9.375, 9.25], "texture": "#0"},
				"east": {"uv": [8.25, 8.25, 9.5, 9.25], "texture": "#0"},
				"south": {"uv": [8.375, 8.25, 9.375, 9.25], "texture": "#0"},
				"west": {"uv": [8.25, 8.25, 9.5, 9.25], "texture": "#0"},
				"up": {"uv": [8.375, 8.125, 9.375, 9.375], "texture": "#0"},
				"down": {"uv": [8.375, 8.125, 9.375, 9.375], "texture": "#0"}
			}
		},
		{
			"name": "handle",
			"from": [8.82322, 14.752, -2.2448],
			"to": [9.82322, 15.752, -1.2448],
			"rotation": {"angle": -45, "axis": "y", "origin": [10.82322, 0.25, 0.0052]},
			"faces": {
				"north": {"uv": [8, 8.5, 8.5, 9], "texture": "#0"},
				"east": {"uv": [8, 8.5, 8.5, 9], "texture": "#0"},
				"south": {"uv": [8, 8.5, 8.5, 9], "texture": "#0"},
				"west": {"uv": [8, 8.5, 8.5, 9], "texture": "#0"},
				"up": {"uv": [8, 8.5, 8.5, 9], "texture": "#0"},
				"down": {"uv": [8, 8.5, 8.5, 9], "texture": "#0"}
			}
		},
		{
			"name": "handle",
			"from": [-5.17678, 14.752, -2.2448],
			"to": [-4.17678, 15.752, -1.2448],
			"rotation": {"angle": -45, "axis": "y", "origin": [-3.17678, 0.25, 0.0052]},
			"faces": {
				"north": {"uv": [8, 8.5, 8.5, 9], "texture": "#0"},
				"east": {"uv": [8, 8.5, 8.5, 9], "texture": "#0"},
				"south": {"uv": [8, 8.5, 8.5, 9], "texture": "#0"},
				"west": {"uv": [8, 8.5, 8.5, 9], "texture": "#0"},
				"up": {"uv": [8, 8.5, 8.5, 9], "texture": "#0"},
				"down": {"uv": [8, 8.5, 8.5, 9], "texture": "#0"}
			}
		},
		{
			"name": "handle",
			"from": [-3.70711, 14.75, -2.29289],
			"to": [-2.70711, 15.75, -1.04289],
			"rotation": {"angle": 0, "axis": "y", "origin": [-3.70711, 0.25, -0.04289]},
			"faces": {
				"north": {"uv": [8.375, 8.25, 9.375, 9.25], "texture": "#0"},
				"east": {"uv": [8.375, 8.25, 9.625, 9.25], "texture": "#0"},
				"south": {"uv": [8.375, 8.25, 9.375, 9.25], "texture": "#0"},
				"west": {"uv": [8.375, 8.25, 9.625, 9.25], "texture": "#0"},
				"up": {"uv": [8.375, 8.125, 9.375, 9.375], "texture": "#0"},
				"down": {"uv": [8.375, 8.125, 9.375, 9.375], "texture": "#0"}
			}
		},
		{
			"name": "handle",
			"from": [-3, 14.75, -3],
			"to": [11, 15.75, -2],
			"rotation": {"angle": 0, "axis": "y", "origin": [-4, 0.25, 0]},
			"faces": {
				"north": {"uv": [8.125, 8.75, 15.875, 9.25], "texture": "#0"},
				"east": {"uv": [14.5, 8.25, 15.5, 9.25], "texture": "#0"},
				"south": {"uv": [8.125, 8.75, 15.875, 9.25], "texture": "#0"},
				"west": {"uv": [14.5, 8.25, 15.5, 9.25], "texture": "#0"},
				"up": {"uv": [8.125, 8.75, 15.875, 9.25], "texture": "#0"},
				"down": {"uv": [8.125, 8.75, 15.875, 9.25], "texture": "#0"}
			}
		},
		{
			"name": "bottom thingy",
			"from": [-4, 1, -1.5],
			"to": [21, 1.75, -1],
			"rotation": {"angle": 0, "axis": "y", "origin": [-4, 0, 0]},
			"faces": {
				"north": {"uv": [8.125, 11.625, 15.875, 12], "texture": "#0"},
				"east": {"uv": [8.5, 12, 9, 12.75], "texture": "#0"},
				"south": {"uv": [8.125, 11.625, 15.875, 12], "texture": "#0"},
				"west": {"uv": [8.5, 12, 9, 12.75], "texture": "#0"},
				"up": {"uv": [8.125, 11.625, 15.875, 12], "texture": "#0"},
				"down": {"uv": [8.125, 11.625, 15.875, 12], "texture": "#0"}
			}
		},
		{
			"name": "back",
			"from": [-4.25, 16.5, 14.75],
			"to": [21.25, 17.75, 16],
			"rotation": {"angle": 0, "axis": "y", "origin": [-4, 0, 0]},
			"faces": {
				"north": {"uv": [8.25, 1.5, 15.875, 2.25], "texture": "#0"},
				"east": {"uv": [8.25, 1.5, 9, 2.25], "texture": "#0"},
				"south": {"uv": [8.25, 1.5, 15.875, 2.25], "texture": "#0"},
				"west": {"uv": [8.25, 1.5, 9, 2.25], "texture": "#0"},
				"up": {"uv": [8.25, 1.5, 15.875, 2.25], "texture": "#0"},
				"down": {"uv": [8.25, 1.5, 15.875, 2.25], "texture": "#0"}
			}
		},
		{
			"name": "back pipe",
			"from": [2, 16.5, 12.5],
			"to": [6, 19.5, 15.5],
			"rotation": {"angle": 0, "axis": "y", "origin": [-4, 0, 0]},
			"faces": {
				"north": {"uv": [8.75, 0.75, 10.75, 2.25], "texture": "#0"},
				"east": {"uv": [8.75, 0.75, 10.25, 2.25], "texture": "#0"},
				"south": {"uv": [8.75, 0.75, 10.75, 2.25], "texture": "#0"},
				"west": {"uv": [8.75, 0.75, 10.25, 2.25], "texture": "#0"},
				"up": {"uv": [8.75, 0.75, 10.75, 2.25], "texture": "#0"},
				"down": {"uv": [8.75, 0.75, 10.75, 2.25], "texture": "#0"}
			}
		},
		{
			"name": "back pipe",
			"from": [2.5, 19.5, 13],
			"to": [5.5, 24.5, 15],
			"rotation": {"angle": 0, "axis": "y", "origin": [-4, 0, 0]},
			"faces": {
				"north": {"uv": [9.5, 1, 10.5, 3.5], "texture": "#0"},
				"east": {"uv": [9.5, 1, 9.5, 3.5], "texture": "#0"},
				"south": {"uv": [9.875, 1, 10.875, 3.5], "texture": "#0"},
				"west": {"uv": [9.5, 1, 9.5, 3.5], "texture": "#0"},
				"up": {"uv": [9.875, 1, 10.875, 0.5], "texture": "#0"},
				"down": {"uv": [9, 1, 10, 0.5], "texture": "#0"}
			}
		},
		{
			"name": "back pipe",
			"from": [2.5, 21.5, 15],
			"to": [5.5, 24.5, 16.25],
			"rotation": {"angle": 0, "axis": "y", "origin": [4, 20, 13]},
			"faces": {
				"north": {"uv": [10.5, 1, 12, 1.625], "rotation": 180, "texture": "#0"},
				"east": {"uv": [9, 1, 10.5, 1.625], "rotation": 270, "texture": "#0"},
				"south": {"uv": [11, 1, 12.5, 1.625], "texture": "#0"},
				"west": {"uv": [9.5, 1, 11, 1.625], "rotation": 90, "texture": "#0"},
				"up": {"uv": [11, 1, 12.5, 1.625], "rotation": 180, "texture": "#0"},
				"down": {"uv": [10, 1, 11.5, 1.625], "texture": "#0"}
			}
		},
		{
			"name": "stove top",
			"from": [-4.25, 14.001, -1.25],
			"to": [21.25, 16.501, 16.01],
			"rotation": {"angle": 0, "axis": "y", "origin": [-4, 0, 0]},
			"faces": {
				"north": {"uv": [8.25, 0.125, 15.75, 0.625], "texture": "#0"},
				"east": {"uv": [8.25, 0.125, 15.75, 1.125], "texture": "#0"},
				"south": {"uv": [8.25, 0.125, 15.75, 1.375], "texture": "#0"},
				"west": {"uv": [8.25, 0.125, 15.75, 1.125], "texture": "#0"},
				"up": {"uv": [8.25, 0.125, 15.75, 7.625], "texture": "#0"},
				"down": {"uv": [8.25, 0.125, 15.75, 7.625], "texture": "#0"}
			}
		},
		{
			"name": "big cube",
			"from": [11.9975, -0.001, -1],
			"to": [21.0025, 15.5, 16.005],
			"rotation": {"angle": 0, "axis": "y", "origin": [-12.0025, 0, 0]},
			"faces": {
				"north": {"uv": [0.5, 0, 5.005, 7.876], "texture": "#0"},
				"east": {"uv": [0, 0, 8, 7.876], "texture": "#0"},
				"south": {"uv": [0.5, 0, 5.005, 7.876], "texture": "#0"},
				"west": {"uv": [0, 0, 7, 7.501], "texture": "#0"},
				"up": {"uv": [0, 0, 5.505, 7], "texture": "#0"},
				"down": {"uv": [12.12, 0, 16, 7.75], "texture": "#0"}
			}
		},
		{
			"name": "side thingy",
			"from": [11.75, 1.5, -1.25],
			"to": [12.5, 14, -1],
			"rotation": {"angle": 0, "axis": "y", "origin": [-4, 0, 0]},
			"faces": {
				"north": {"uv": [0.125, 2, 7.875, 2.75], "texture": "#0"},
				"east": {"uv": [0, 3, 0.5, 3.75], "texture": "#0"},
				"south": {"uv": [0.125, 0.5, 7.875, 1.25], "texture": "#0"},
				"west": {"uv": [0.125, 3, 0, 3.75], "texture": "#0"},
				"up": {"uv": [0, 2, 7.875, 2.375], "texture": "#0"},
				"down": {"uv": [0.125, 1, 7.875, 1.5], "texture": "#0"}
			}
		},
		{
			"name": "griddle",
			"from": [12.25, 16.5, -0.25],
			"to": [20.25, 16.75, 13.75],
			"rotation": {"angle": 0, "axis": "y", "origin": [-4, 0, 0]},
			"faces": {
				"north": {"uv": [4, 8.75, 8, 9], "texture": "#0"},
				"east": {"uv": [4, 9, 4.5, 16], "texture": "#0"},
				"south": {"uv": [4, 8.75, 8, 9], "texture": "#0"},
				"west": {"uv": [4, 9, 4.5, 16], "texture": "#0"},
				"up": {"uv": [4, 9, 8, 16], "texture": "#0"},
				"down": {"uv": [4, 9, 4.5, 16], "rotation": 90, "texture": "#0"}
			}
		},
		{
			"name": "handle",
			"from": [19.45711, 14.5, -1.79289],
			"to": [20.95711, 16, -1.04289],
			"rotation": {"angle": 0, "axis": "y", "origin": [19.70711, 0.25, -0.04289]},
			"faces": {
				"north": {"uv": [8.375, 8.25, 9.375, 9.25], "texture": "#0"},
				"east": {"uv": [8.375, 8.25, 8.625, 9.25], "texture": "#0"},
				"south": {"uv": [8.375, 8.25, 9.375, 9.25], "texture": "#0"},
				"west": {"uv": [8.375, 8.25, 8.625, 9.25], "texture": "#0"},
				"up": {"uv": [8.375, 8.625, 9.375, 8.875], "texture": "#0"},
				"down": {"uv": [8.375, 9, 9.375, 9.25], "texture": "#0"}
			}
		},
		{
			"name": "handle",
			"from": [12.29289, 14.5, -1.79289],
			"to": [13.79289, 16, -1.04289],
			"rotation": {"angle": 0, "axis": "y", "origin": [5.29289, 0.25, -0.04289]},
			"faces": {
				"north": {"uv": [8.375, 8.25, 9.375, 9.25], "texture": "#0"},
				"east": {"uv": [8.375, 8.25, 8.625, 9.25], "texture": "#0"},
				"south": {"uv": [8.375, 8.25, 9.375, 9.25], "texture": "#0"},
				"west": {"uv": [8.375, 8.25, 8.625, 9.25], "texture": "#0"},
				"up": {"uv": [8.375, 8.625, 9.375, 8.875], "texture": "#0"},
				"down": {"uv": [8.375, 9, 9.375, 9.25], "texture": "#0"}
			}
		},
		{
			"name": "handle",
			"from": [19.70711, 14.75, -2.29289],
			"to": [20.70711, 15.75, -1.04289],
			"rotation": {"angle": 0, "axis": "y", "origin": [19.70711, 0.25, -0.04289]},
			"faces": {
				"north": {"uv": [8.375, 8.25, 9.375, 9.25], "texture": "#0"},
				"east": {"uv": [8.25, 8.25, 9.5, 9.25], "texture": "#0"},
				"south": {"uv": [8.375, 8.25, 9.375, 9.25], "texture": "#0"},
				"west": {"uv": [8.25, 8.25, 9.5, 9.25], "texture": "#0"},
				"up": {"uv": [8.375, 8.125, 9.375, 9.375], "texture": "#0"},
				"down": {"uv": [8.375, 8.125, 9.375, 9.375], "texture": "#0"}
			}
		},
		{
			"name": "handle",
			"from": [17.82322, 14.752, -2.2448],
			"to": [18.82322, 15.752, -1.2448],
			"rotation": {"angle": -45, "axis": "y", "origin": [19.82322, 0.25, 0.0052]},
			"faces": {
				"north": {"uv": [10, 8.5, 10.5, 9], "texture": "#0"},
				"east": {"uv": [10, 8.5, 10.5, 9], "texture": "#0"},
				"south": {"uv": [10, 8.5, 10.5, 9], "texture": "#0"},
				"west": {"uv": [10, 8.5, 10.5, 9], "texture": "#0"},
				"up": {"uv": [10, 8.5, 10.5, 9], "texture": "#0"},
				"down": {"uv": [10, 8.5, 10.5, 9], "texture": "#0"}
			}
		},
		{
			"name": "handle",
			"from": [11.07322, 14.752, -2.2448],
			"to": [12.07322, 15.752, -1.2448],
			"rotation": {"angle": -45, "axis": "y", "origin": [13.07322, 0.248, 0.0052]},
			"faces": {
				"north": {"uv": [10, 8.5, 10.5, 9], "texture": "#0"},
				"east": {"uv": [10, 8.5, 10.5, 9], "texture": "#0"},
				"south": {"uv": [10, 8.5, 10.5, 9], "texture": "#0"},
				"west": {"uv": [10, 8.5, 10.5, 9], "texture": "#0"},
				"up": {"uv": [10, 8.5, 10.5, 9], "texture": "#0"},
				"down": {"uv": [10, 8.5, 10.5, 9], "texture": "#0"}
			}
		},
		{
			"name": "handle",
			"from": [12.54289, 14.75, -2.29289],
			"to": [13.54289, 15.75, -1.04289],
			"rotation": {"angle": 0, "axis": "y", "origin": [12.54289, 0.25, -0.04289]},
			"faces": {
				"north": {"uv": [8.375, 8.25, 9.375, 9.25], "texture": "#0"},
				"east": {"uv": [8.375, 8.25, 9.625, 9.25], "texture": "#0"},
				"south": {"uv": [8.375, 8.25, 9.375, 9.25], "texture": "#0"},
				"west": {"uv": [8.375, 8.25, 9.625, 9.25], "texture": "#0"},
				"up": {"uv": [8.375, 8.125, 9.375, 9.375], "texture": "#0"},
				"down": {"uv": [8.375, 8.125, 9.375, 9.375], "texture": "#0"}
			}
		},
		{
			"name": "handle",
			"from": [13.25, 14.75, -3],
			"to": [20, 15.75, -2],
			"rotation": {"angle": 0, "axis": "y", "origin": [5, 0.25, 0]},
			"faces": {
				"north": {"uv": [10.125, 8.75, 13.375, 9.25], "texture": "#0"},
				"east": {"uv": [14.5, 8.25, 15.5, 9.25], "texture": "#0"},
				"south": {"uv": [10.125, 8.75, 13.375, 9.25], "texture": "#0"},
				"west": {"uv": [14.5, 8.25, 15.5, 9.25], "texture": "#0"},
				"up": {"uv": [10.125, 8.75, 13.375, 9.25], "texture": "#0"},
				"down": {"uv": [10.125, 8.75, 13.375, 9.25], "texture": "#0"}
			}
		},
		{
			"name": "rtop",
			"from": [13.5, 8.25, -2],
			"to": [19.5, 13.25, -1],
			"rotation": {"angle": 0, "axis": "y", "origin": [-4, 0, 0]},
			"faces": {
				"north": {"uv": [0.5, 9, 3.5, 11.5], "texture": "#0"},
				"east": {"uv": [0.5, 9, 1, 11.5], "texture": "#0"},
				"south": {"uv": [0.5, 9, 3.5, 11.5], "texture": "#0"},
				"west": {"uv": [0.5, 9, 1, 11.5], "texture": "#0"},
				"up": {"uv": [0.5, 9, 3.5, 9.5], "texture": "#0"},
				"down": {"uv": [0.5, 9, 3.5, 9.5], "texture": "#0"}
			}
		},
		{
			"name": "rbottom",
			"from": [13.5, 2.25, -2],
			"to": [19.5, 7.25, -1],
			"rotation": {"angle": 0, "axis": "y", "origin": [-4, 0, 0]},
			"faces": {
				"north": {"uv": [0.5, 9, 3.5, 11.5], "texture": "#0"},
				"east": {"uv": [0.5, 9, 1, 11.5], "texture": "#0"},
				"south": {"uv": [0.5, 9, 3.5, 11.5], "texture": "#0"},
				"west": {"uv": [0.5, 9, 1, 11.5], "texture": "#0"},
				"up": {"uv": [0.5, 9, 3.5, 9.5], "texture": "#0"},
				"down": {"uv": [0.5, 9, 3.5, 9.5], "texture": "#0"}
			}
		},
		{
			"name": "rbottom hinge",
			"from": [19, 5.75, -2.25],
			"to": [20, 6.75, -1],
			"rotation": {"angle": 0, "axis": "y", "origin": [-4, 0, 0]},
			"faces": {
				"north": {"uv": [10, 14.5, 11, 15.5], "texture": "#0"},
				"east": {"uv": [9.625, 14.25, 10.625, 14.875], "texture": "#0"},
				"south": {"uv": [9.5, 14.5, 10.5, 15.5], "texture": "#0"},
				"west": {"uv": [9.625, 14.25, 10.375, 14.75], "texture": "#0"},
				"up": {"uv": [10.5, 14.5, 11.5, 15.75], "texture": "#0"},
				"down": {"uv": [9.5, 14.5, 10.5, 15.75], "texture": "#0"}
			}
		},
		{
			"name": "rbottom hinge",
			"from": [19, 2.75, -2.25],
			"to": [20, 3.75, -1],
			"rotation": {"angle": 0, "axis": "y", "origin": [-4, 0, 0]},
			"faces": {
				"north": {"uv": [10, 14.5, 11, 15.5], "texture": "#0"},
				"east": {"uv": [9.625, 15.25, 10.375, 15.875], "texture": "#0"},
				"south": {"uv": [10.5, 14.5, 11.5, 15.5], "texture": "#0"},
				"west": {"uv": [10.625, 15.25, 11.125, 15.75], "texture": "#0"},
				"up": {"uv": [11.5, 15.5, 10.5, 14.5], "texture": "#0"},
				"down": {"uv": [12.5, 14.5, 11.5, 15.5], "texture": "#0"}
			}
		},
		{
			"name": "rtop hinge",
			"from": [19, 11.75, -2.25],
			"to": [20, 12.75, -1],
			"rotation": {"angle": 0, "axis": "y", "origin": [-4, 0, 0]},
			"faces": {
				"north": {"uv": [10, 14.5, 11, 15.5], "texture": "#0"},
				"east": {"uv": [9.625, 14.25, 10.625, 14.875], "texture": "#0"},
				"south": {"uv": [9.5, 14.5, 10.5, 15.5], "texture": "#0"},
				"west": {"uv": [9.625, 14.25, 10.375, 14.75], "texture": "#0"},
				"up": {"uv": [10.5, 14.5, 11.5, 15.75], "texture": "#0"},
				"down": {"uv": [9.5, 14.5, 10.5, 15.75], "texture": "#0"}
			}
		},
		{
			"name": "rtop hinge",
			"from": [19, 8.75, -2.25],
			"to": [20, 9.75, -1],
			"rotation": {"angle": 0, "axis": "y", "origin": [-4, 0, 0]},
			"faces": {
				"north": {"uv": [10, 14.5, 11, 15.5], "texture": "#0"},
				"east": {"uv": [9.625, 14.25, 10.625, 14.875], "texture": "#0"},
				"south": {"uv": [9.5, 14.5, 10.5, 15.5], "texture": "#0"},
				"west": {"uv": [9.625, 14.25, 10.375, 14.75], "texture": "#0"},
				"up": {"uv": [10.5, 14.5, 11.5, 15.75], "texture": "#0"},
				"down": {"uv": [9.5, 14.5, 10.5, 15.75], "texture": "#0"}
			}
		}
	],
	"display": {
		"thirdperson_righthand": {
			"rotation": [45, 0, 0],
			"scale": [0.375, 0.375, 0.375]
		},
		"thirdperson_lefthand": {
			"rotation": [45, 0, 0],
			"scale": [0.375, 0.375, 0.375]
		},
		"firstperson_righthand": {
			"scale": [0.375, 0.375, 0.375]
		},
		"firstperson_lefthand": {
			"scale": [0.375, 0.375, 0.375]
		},
		"ground": {
			"scale": [0.375, 0.375, 0.375]
		},
		"gui": {
			"rotation": [18, 147, 0],
			"translation": [0.25, -1, 0],
			"scale": [0.45, 0.45, 0.45]
		},
		"fixed": {
			"rotation": [-90, 0, 0],
			"translation": [0, 0, -14],
			"scale": [2, 2, 2]
		}
	},
	"groups": [
		{
			"name": "group",
			"origin": [-8.0025, 0, 0],
			"color": 0,
			"children": [
				0,
				{
					"name": "doors",
					"origin": [0, 0, 0],
					"color": 0,
					"children": [
						{
							"name": "doors",
							"origin": [0, 0, 0],
							"color": 0,
							"children": [1, 2, 3, 4]
						},
						{
							"name": "hinges",
							"origin": [0, 0, 0],
							"color": 0,
							"children": [5, 6, 7, 8, 9, 10]
						}
					]
				},
				{
					"name": "stove top",
					"origin": [-0.64645, 0.5, -1.39645],
					"color": 0,
					"children": [11, 12, 13, 14, 15, 16, 17, 18, 19, 20, 21, 22, 23, 24, 25, 26]
				},
				{
					"name": "front label",
					"origin": [0, 0, 0],
					"color": 0,
					"children": [27, 28, 29]
				},
				{
					"name": "handles",
					"origin": [0.29289, 0.25, -0.04289],
					"color": 0,
					"children": [
						30,
						31,
						32,
						33,
						34,
						35,
						36,
						37,
						38,
						39,
						{
							"name": "towel rack",
							"origin": [0.29289, 0.25, -0.04289],
							"color": 0,
							"children": [40, 41, 42, 43, 44, 45, 46]
						},
						47
					]
				},
				{
					"name": "back stuff",
					"origin": [8, 20, 13],
					"color": 0,
					"children": [48, 49, 50, 51, 52]
				}
			]
		},
		{
			"name": "extension",
			"origin": [12, 20, 13],
			"color": 0,
			"children": [
				53,
				54,
				55,
				{
					"name": "towel rack",
					"origin": [0.29289, 0.25, -0.04289],
					"color": 0,
					"children": [56, 57, 58, 59, 60, 61, 62]
				},
				{
					"name": "doors",
					"origin": [-4, 0, 0],
					"color": 0,
					"children": [
						63,
						64,
						{
							"name": "hinges",
							"origin": [-4, 0, 0],
							"color": 0,
							"children": [65, 66, 67, 68]
						}
					]
				}
			]
		}
	]
}