{
	"credit": "Made with Blockbench",
	"textures": {
		"0": "block/berries",
		"1": "block/Hananacraft archive/white_wool_teatowel",
		"2": "block/Hananacraft archive/tassels",
		"particle": "block/berries"
	},
	"elements": [
		{
			"from": [1.79715, 0.3, 2.4854],
			"to": [12.79715, 0.3, 13.4854],
			"rotation": {"angle": -22.5, "axis": "y", "origin": [7.22665, 1.56497, 8.47638]},
			"faces": {
				"north": {"uv": [0.032, 0.032, 9.968, 0.032], "texture": "#1"},
				"east": {"uv": [0.032, 0.032, 9.968, 0.032], "texture": "#1"},
				"south": {"uv": [0.032, 0.032, 9.968, 0.032], "texture": "#1"},
				"west": {"uv": [0.032, 0.032, 9.968, 0.032], "texture": "#1"},
				"up": {"uv": [5.032, 0.032, 15.968, 10.968], "rotation": 270, "texture": "#1"},
				"down": {"uv": [5.032, 0.032, 15.968, 10.968], "rotation": 90, "texture": "#1"}
			}
		},
		{
			"from": [12.97968, 0.3, 2.54975],
			"to": [13.97968, 0.3, 13.54975],
			"rotation": {"angle": -22.5, "axis": "y", "origin": [7.47968, 0.3, 8.04975]},
			"faces": {
				"north": {"uv": [0.032, 0.032, 9.968, 0.032], "texture": "#2"},
				"east": {"uv": [0.032, 0.032, 9.968, 0.032], "texture": "#2"},
				"south": {"uv": [0.032, 0.032, 9.968, 0.032], "texture": "#2"},
				"west": {"uv": [0.032, 0.032, 9.968, 0.032], "texture": "#2"},
				"up": {"uv": [4.032, 2.032, 14.968, 2.968], "rotation": 270, "texture": "#2"},
				"down": {"uv": [4.032, 2.032, 14.968, 2.968], "rotation": 270, "texture": "#2"}
			}
		},
		{
			"from": [0.97968, 0.3, 2.54975],
			"to": [1.97968, 0.3, 13.54975],
			"rotation": {"angle": -22.5, "axis": "y", "origin": [7.47968, 0.3, 8.04975]},
			"faces": {
				"north": {"uv": [0.032, 0.032, 9.968, 0.032], "texture": "#2"},
				"east": {"uv": [0.032, 0.032, 9.968, 0.032], "texture": "#2"},
				"south": {"uv": [0.032, 0.032, 9.968, 0.032], "texture": "#2"},
				"west": {"uv": [0.032, 0.032, 9.968, 0.032], "texture": "#2"},
				"up": {"uv": [14.968, 2.032, 4.032, 2.968], "rotation": 270, "texture": "#2"},
				"down": {"uv": [14.968, 2.032, 4.032, 2.968], "rotation": 270, "texture": "#2"}
			}
		},
		{
			"from": [8.3311, 0.4198, 6.72648],
			"to": [10.3311, 0.4198, 9.72648],
			"rotation": {"angle": 22.5, "axis": "y", "origin": [7.22665, 1.56497, 8.47638]},
			"faces": {
				"north": {"uv": [6.032, 4.968, 8.968, 3.032], "rotation": 90, "texture": "#0"},
				"east": {"uv": [6.032, 4.968, 8.968, 3.032], "rotation": 90, "texture": "#0"},
				"south": {"uv": [6.032, 4.968, 8.968, 3.032], "rotation": 90, "texture": "#0"},
				"west": {"uv": [6.032, 4.968, 8.968, 3.032], "rotation": 90, "texture": "#0"},
				"up": {"uv": [6.032, 4.968, 8.968, 3.032], "rotation": 90, "texture": "#0"},
				"down": {"uv": [6.032, 4.968, 8.968, 3.032], "rotation": 90, "texture": "#0"}
			}
		},
		{
			"from": [1.57527, 0.4198, 3.24016],
			"to": [4.57527, 0.4198, 5.24016],
			"rotation": {"angle": 0, "axis": "y", "origin": [7.22665, 1.56497, 8.47638]},
			"faces": {
				"north": {"uv": [6.032, 4.968, 8.968, 3.032], "texture": "#0"},
				"east": {"uv": [6.032, 4.968, 8.968, 3.032], "texture": "#0"},
				"south": {"uv": [6.032, 4.968, 8.968, 3.032], "texture": "#0"},
				"west": {"uv": [6.032, 4.968, 8.968, 3.032], "texture": "#0"},
				"up": {"uv": [6.032, 4.968, 8.968, 3.032], "texture": "#0"},
				"down": {"uv": [6.032, 4.968, 8.968, 3.032], "texture": "#0"}
			}
		},
		{
			"from": [4.51241, 0.4198, 12.77396],
			"to": [7.51241, 0.4198, 14.77396],
			"rotation": {"angle": 22.5, "axis": "y", "origin": [7.22665, 1.56497, 8.47638]},
			"faces": {
				"north": {"uv": [6.032, 4.968, 8.968, 3.032], "rotation": 180, "texture": "#0"},
				"east": {"uv": [6.032, 4.968, 8.968, 3.032], "rotation": 180, "texture": "#0"},
				"south": {"uv": [6.032, 4.968, 8.968, 3.032], "rotation": 180, "texture": "#0"},
				"west": {"uv": [6.032, 4.968, 8.968, 3.032], "rotation": 180, "texture": "#0"},
				"up": {"uv": [6.032, 4.968, 8.968, 3.032], "rotation": 180, "texture": "#0"},
				"down": {"uv": [6.032, 4.968, 8.968, 3.032], "rotation": 180, "texture": "#0"}
			}
		},
		{
			"from": [9.75027, 0.475, 2.67803],
			"to": [11.75027, 2.475, 4.67803],
			"rotation": {"angle": 0, "axis": "y", "origin": [7.22665, 1.56497, 8.47638]},
			"faces": {
				"north": {"uv": [0.032, 3.032, 1.94, 4.94], "rotation": 270, "texture": "#0"},
				"east": {"uv": [0.032, 3.032, 1.94, 4.94], "rotation": 270, "texture": "#0"},
				"south": {"uv": [0.032, 3.032, 1.94, 4.94], "rotation": 270, "texture": "#0"},
				"west": {"uv": [0.032, 3.032, 1.94, 4.94], "rotation": 270, "texture": "#0"},
				"up": {"uv": [0.032, 3.032, 1.94, 4.94], "rotation": 270, "texture": "#0"},
				"down": {"uv": [0.032, 3.032, 1.94, 4.94], "rotation": 270, "texture": "#0"}
			}
		},
		{
			"from": [8.77527, 3.41776, 2.52776],
			"to": [10.77527, 3.41776, 5.52776],
			"rotation": {"angle": -22.5, "axis": "x", "origin": [7.22665, 1.56497, 8.47638]},
			"faces": {
				"north": {"uv": [6.032, 0.032, 8.968, 1.968], "rotation": 180, "texture": "#0"},
				"east": {"uv": [6.032, 0.032, 8.968, 1.968], "rotation": 180, "texture": "#0"},
				"south": {"uv": [6.032, 0.032, 8.968, 1.968], "rotation": 180, "texture": "#0"},
				"west": {"uv": [6.032, 0.032, 8.968, 1.968], "rotation": 180, "texture": "#0"},
				"up": {"uv": [6.032, 4.968, 8.968, 3.032], "rotation": 90, "texture": "#0"},
				"down": {"uv": [6.032, 3.032, 8.968, 4.968], "rotation": 270, "texture": "#0"}
			}
		},
		{
			"from": [7.78929, 0.46613, 10.81847],
			"to": [9.78929, 2.46613, 12.81847],
			"rotation": {"angle": 45, "axis": "y", "origin": [7.22665, 1.56497, 8.47638]},
			"faces": {
				"north": {"uv": [0.032, 3.032, 1.94, 4.94], "texture": "#0"},
				"east": {"uv": [0.032, 3.032, 1.94, 4.94], "texture": "#0"},
				"south": {"uv": [0.032, 3.032, 1.94, 4.94], "texture": "#0"},
				"west": {"uv": [0.032, 3.032, 1.94, 4.94], "texture": "#0"},
				"up": {"uv": [0.032, 3.032, 1.94, 4.94], "texture": "#0"},
				"down": {"uv": [0.032, 3.032, 1.94, 4.94], "texture": "#0"}
			}
		},
		{
			"from": [8.79342, 1.44113, 8.41133],
			"to": [11.79342, 3.44113, 8.41133],
			"rotation": {"angle": -22.5, "axis": "y", "origin": [7.22665, 1.56497, 8.47638]},
			"faces": {
				"north": {"uv": [6.032, 3.032, 8.968, 4.968], "texture": "#0"},
				"east": {"uv": [6.032, 0.032, 8.968, 1.968], "rotation": 90, "texture": "#0"},
				"south": {"uv": [6.032, 4.968, 8.968, 3.032], "rotation": 180, "texture": "#0"},
				"west": {"uv": [6.032, 0.032, 8.968, 1.968], "rotation": 270, "texture": "#0"},
				"up": {"uv": [6.032, 0.032, 8.968, 1.968], "texture": "#0"},
				"down": {"uv": [6.032, 3.032, 8.968, 4.968], "rotation": 180, "texture": "#0"}
			}
		},
		{
			"from": [3.75027, 0.475, 5.67803],
			"to": [5.75027, 2.475, 7.67803],
			"rotation": {"angle": 0, "axis": "y", "origin": [7.22665, 1.56497, 8.47638]},
			"faces": {
				"north": {"uv": [0.032, 3.032, 1.94, 4.94], "rotation": 180, "texture": "#0"},
				"east": {"uv": [0.032, 3.032, 1.94, 4.94], "rotation": 180, "texture": "#0"},
				"south": {"uv": [0.032, 3.032, 1.94, 4.94], "rotation": 180, "texture": "#0"},
				"west": {"uv": [0.032, 3.032, 1.94, 4.94], "rotation": 180, "texture": "#0"},
				"up": {"uv": [0.032, 3.032, 1.94, 4.94], "rotation": 180, "texture": "#0"},
				"down": {"uv": [0.032, 3.032, 1.94, 4.94], "rotation": 180, "texture": "#0"}
			}
		},
		{
			"from": [3.42326, 2.52918, 7.35303],
			"to": [6.42326, 2.52918, 9.35303],
			"rotation": {"angle": 22.5, "axis": "z", "origin": [7.22665, 1.56497, 8.47638]},
			"faces": {
				"north": {"uv": [6.032, 0.032, 8.968, 1.968], "rotation": 180, "texture": "#0"},
				"east": {"uv": [6.032, 0.032, 8.968, 1.968], "rotation": 180, "texture": "#0"},
				"south": {"uv": [6.032, 0.032, 8.968, 1.968], "rotation": 180, "texture": "#0"},
				"west": {"uv": [6.032, 0.032, 8.968, 1.968], "rotation": 180, "texture": "#0"},
				"up": {"uv": [6.032, 4.968, 8.968, 3.032], "texture": "#0"},
				"down": {"uv": [6.032, 3.032, 8.968, 4.968], "texture": "#0"}
			}
		},
		{
			"from": [4.25027, 0.4, 10.20303],
			"to": [7.25027, 3.4, 13.20303],
			"rotation": {"angle": 0, "axis": "y", "origin": [7.22665, 1.56497, 8.47638]},
			"faces": {
				"north": {"uv": [0.032, 3.032, 2.94, 5.94], "rotation": 270, "texture": "#0"},
				"east": {"uv": [0.032, 3.032, 2.94, 5.94], "rotation": 270, "texture": "#0"},
				"south": {"uv": [0.032, 3.032, 2.94, 5.94], "rotation": 270, "texture": "#0"},
				"west": {"uv": [0.032, 3.032, 2.94, 5.94], "rotation": 270, "texture": "#0"},
				"up": {"uv": [0.032, 3.032, 2.94, 5.94], "rotation": 270, "texture": "#0"},
				"down": {"uv": [0.032, 3.032, 2.94, 5.94], "rotation": 270, "texture": "#0"}
			}
		},
		{
			"from": [2.25027, 3.34025, 9.73354],
			"to": [4.25027, 3.34025, 12.73354],
			"rotation": {"angle": 22.5, "axis": "x", "origin": [7.22665, 1.56497, 8.47638]},
			"faces": {
				"north": {"uv": [6.032, 0.032, 8.968, 1.968], "texture": "#0"},
				"east": {"uv": [6.032, 0.032, 8.968, 1.968], "texture": "#0"},
				"south": {"uv": [6.032, 0.032, 8.968, 1.968], "texture": "#0"},
				"west": {"uv": [6.032, 0.032, 8.968, 1.968], "texture": "#0"},
				"up": {"uv": [6.032, 3.032, 8.968, 4.968], "rotation": 270, "texture": "#0"},
				"down": {"uv": [6.032, 4.968, 8.968, 3.032], "rotation": 90, "texture": "#0"}
			}
		}
	],
	"display": {
		"thirdperson_righthand": {
			"rotation": [74.43, 25.62, -0.34],
			"translation": [-5.25, 3, 7.75]
		},
		"firstperson_righthand": {
			"translation": [5.25, 0, -8.5]
		},
		"ground": {
			"translation": [0, 4, 0]
		},
		"gui": {
			"rotation": [33.8, 0, 0],
			"translation": [0, 5, 0]
		},
		"fixed": {
			"rotation": [-90, 0, 0],
			"translation": [0, 0, -15],
			"scale": [2, 2, 2]
		}
	},
	"groups": [
		{
			"name": "cloth",
			"origin": [8, 0.2, 8],
			"color": 0,
			"children": [
				0,
				1,
				2,
				{
					"name": "leaves",
					"origin": [12.46287, 0.3198, 3.325],
					"color": 0,
					"children": [3, 4, 5]
				},
				{
					"name": "strawberrysmall",
					"origin": [7.1, 8.125, 7.75],
					"color": 0,
					"children": [6, 7]
				},
				{
					"name": "strawberrysmall",
					"origin": [7.1, 8.125, 7.75],
					"color": 0,
					"children": [8, 9]
				},
				{
					"name": "strawberrysmall",
					"origin": [7.1, 8.125, 7.75],
					"color": 0,
					"children": [10, 11]
				},
				{
					"name": "strawberry",
					"origin": [0, 0, 0],
					"color": 0,
					"children": [12, 13]
				}
			]
		}
	]
}