{
	"credit": "Made with Blockbench",
	"textures": {
		"0": "block/acacia_log",
		"particle": "block/acacia_log"
	},
	"elements": [
		{
			"from": [2, 12, 12],
			"to": [14, 13, 14],
			"faces": {
				"north": {"uv": [2, 3, 14, 4], "texture": "#0"},
				"east": {"uv": [2, 3, 4, 4], "texture": "#0"},
				"south": {"uv": [2, 3, 14, 4], "texture": "#0"},
				"west": {"uv": [12, 3, 14, 4], "texture": "#0"},
				"up": {"uv": [2, 12, 14, 14], "texture": "#0"}
			}
		},
		{
			"from": [2, 10, 2],
			"to": [14, 12, 14],
			"faces": {
				"north": {"uv": [2, 4, 14, 6], "texture": "#0"},
				"east": {"uv": [2, 4, 14, 6], "texture": "#0"},
				"south": {"uv": [2, 4, 14, 6], "texture": "#0"},
				"west": {"uv": [2, 4, 14, 6], "texture": "#0"},
				"up": {"uv": [2, 2, 14, 14], "texture": "#0"},
				"down": {"uv": [2, 2, 14, 14], "texture": "#0"}
			}
		},
		{
			"from": [11, 0, 3],
			"to": [13, 10, 5],
			"faces": {
				"north": {"uv": [3, 6, 5, 16], "texture": "#0"},
				"east": {"uv": [11, 6, 13, 16], "texture": "#0"},
				"south": {"uv": [11, 6, 13, 16], "texture": "#0"},
				"west": {"uv": [3, 6, 5, 16], "texture": "#0"},
				"down": {"uv": [11, 11, 13, 13], "texture": "#0"}
			}
		},
		{
			"from": [11, 0, 11],
			"to": [13, 10, 13],
			"faces": {
				"north": {"uv": [3, 6, 5, 16], "texture": "#0"},
				"east": {"uv": [3, 6, 5, 16], "texture": "#0"},
				"south": {"uv": [11, 6, 13, 16], "texture": "#0"},
				"west": {"uv": [11, 6, 13, 16], "texture": "#0"},
				"down": {"uv": [11, 3, 13, 5], "texture": "#0"}
			}
		},
		{
			"from": [3, 0, 11],
			"to": [5, 10, 13],
			"faces": {
				"north": {"uv": [11, 6, 13, 16], "texture": "#0"},
				"east": {"uv": [3, 6, 5, 16], "texture": "#0"},
				"south": {"uv": [3, 6, 5, 16], "texture": "#0"},
				"west": {"uv": [11, 6, 13, 16], "texture": "#0"},
				"down": {"uv": [3, 3, 5, 5], "texture": "#0"}
			}
		},
		{
			"from": [3, 0, 3],
			"to": [5, 10, 5],
			"faces": {
				"north": {"uv": [11, 6, 13, 16], "texture": "#0"},
				"east": {"uv": [11, 6, 13, 16], "texture": "#0"},
				"south": {"uv": [3, 6, 5, 16], "texture": "#0"},
				"west": {"uv": [3, 6, 5, 16], "texture": "#0"},
				"down": {"uv": [3, 11, 5, 13], "texture": "#0"}
			}
		},
		{
			"from": [11.5, 3, 5],
			"to": [12.5, 4, 11],
			"faces": {
				"east": {"uv": [5, 12, 11, 13], "texture": "#0"},
				"west": {"uv": [5, 12, 11, 13], "texture": "#0"},
				"up": {"uv": [11, 5, 12, 11], "texture": "#0"},
				"down": {"uv": [11, 5, 12, 11], "texture": "#0"}
			}
		},
		{
			"from": [5, 3, 11.5],
			"to": [11, 4, 12.5],
			"faces": {
				"north": {"uv": [5, 12, 11, 13], "texture": "#0"},
				"south": {"uv": [5, 12, 11, 13], "texture": "#0"},
				"up": {"uv": [5, 11, 11, 12], "texture": "#0"},
				"down": {"uv": [5, 4, 11, 5], "texture": "#0"}
			}
		},
		{
			"from": [5, 3, 3.5],
			"to": [11, 4, 4.5],
			"faces": {
				"north": {"uv": [5, 12, 11, 13], "texture": "#0"},
				"south": {"uv": [5, 12, 11, 13], "texture": "#0"},
				"up": {"uv": [5, 4, 11, 5], "texture": "#0"},
				"down": {"uv": [5, 11, 11, 12], "texture": "#0"}
			}
		},
		{
			"from": [3.5, 3, 5],
			"to": [4.5, 4, 11],
			"faces": {
				"east": {"uv": [5, 12, 11, 13], "texture": "#0"},
				"west": {"uv": [5, 12, 11, 13], "texture": "#0"},
				"up": {"uv": [4, 5, 5, 11], "texture": "#0"},
				"down": {"uv": [4, 5, 5, 11], "texture": "#0"}
			}
		}
	],
	"display": {
		"ground": {
			"scale": [0.7, 0.7, 0.7]
		},
		"gui": {
			"rotation": [25, 135, 0],
			"translation": [0, 0.25, 0],
			"scale": [0.5, 0.5, 0.5]
		},
		"fixed": {
			"rotation": [-90, 0, 0],
			"translation": [0, 0, -15],
			"scale": [2, 2, 2]
		}
	},
	"groups": [
		{
			"name": "group",
			"origin": [0, 0, 0],
			"color": 0,
			"children": [0, 1, 2, 3, 4, 5]
		},
		{
			"name": "group",
			"origin": [8, 8, 8],
			"color": 0,
			"children": [6, 7, 8, 9]
		}
	]
}