{
	"credit": "Made with Blockbench",
	"textures": {
		"0": "block/stripped_oak_log_0",
		"1": "block/oak_log",
		"particle": "block/stripped_oak_log_0"
	},
	"elements": [
		{
			"name": "drawer1",
			"from": [9, 0, 9],
			"to": [15, 1, 15],
			"rotation": {"angle": 0, "axis": "y", "origin": [0, 0, 8]},
			"faces": {
				"north": {"uv": [9, 9, 15, 10], "rotation": 180, "texture": "#0"},
				"east": {"uv": [14, 9, 15, 15], "rotation": 90, "texture": "#0"},
				"south": {"uv": [9, 14, 15, 15], "texture": "#0"},
				"west": {"uv": [9, 9, 10, 15], "rotation": 90, "texture": "#0"},
				"up": {"uv": [9, 9, 15, 15], "texture": "#0"},
				"down": {"uv": [9, 1, 15, 7], "texture": "#0"}
			}
		},
		{
			"name": "drawer2",
			"from": [1, 0, 9],
			"to": [7, 1, 15],
			"rotation": {"angle": 0, "axis": "y", "origin": [-8, 0, 8]},
			"faces": {
				"north": {"uv": [1, 9, 7, 10], "rotation": 180, "texture": "#0"},
				"east": {"uv": [6, 9, 7, 15], "rotation": 90, "texture": "#0"},
				"south": {"uv": [1, 14, 7, 15], "texture": "#0"},
				"west": {"uv": [1, 9, 2, 15], "rotation": 270, "texture": "#0"},
				"up": {"uv": [1, 9, 7, 15], "texture": "#0"},
				"down": {"uv": [1, 1, 7, 7], "texture": "#0"}
			}
		},
		{
			"name": "drawer4",
			"from": [1, 0, 1],
			"to": [7, 1, 7],
			"rotation": {"angle": 0, "axis": "y", "origin": [-8, 0, 0]},
			"faces": {
				"north": {"uv": [1, 1, 7, 2], "rotation": 180, "texture": "#0"},
				"east": {"uv": [6, 1, 7, 7], "rotation": 90, "texture": "#0"},
				"south": {"uv": [1, 6, 7, 7], "texture": "#0"},
				"west": {"uv": [1, 1, 2, 7], "rotation": 270, "texture": "#0"},
				"up": {"uv": [1, 1, 7, 7], "texture": "#0"},
				"down": {"uv": [1, 9, 7, 15], "texture": "#0"}
			}
		},
		{
			"name": "drawer3",
			"from": [9, 0, 1],
			"to": [15, 1, 7],
			"rotation": {"angle": 0, "axis": "y", "origin": [0, 0, 0]},
			"faces": {
				"north": {"uv": [9, 1, 15, 2], "rotation": 180, "texture": "#0"},
				"east": {"uv": [14, 1, 15, 7], "rotation": 90, "texture": "#0"},
				"south": {"uv": [9, 6, 15, 7], "texture": "#0"},
				"west": {"uv": [9, 1, 10, 7], "rotation": 270, "texture": "#0"},
				"up": {"uv": [9, 1, 15, 7], "texture": "#0"},
				"down": {"uv": [9, 9, 15, 15], "texture": "#0"}
			}
		},
		{
			"name": "handle2",
			"from": [11, 1, 3],
			"to": [13, 2, 4],
			"rotation": {"angle": 0, "axis": "y", "origin": [12, 1, 3]},
			"faces": {
				"north": {"uv": [3, 2, 5, 3], "texture": "#1"},
				"east": {"uv": [3, 2, 4, 3], "rotation": 180, "texture": "#1"},
				"south": {"uv": [3, 2, 5, 3], "rotation": 180, "texture": "#1"},
				"west": {"uv": [4, 2, 5, 3], "rotation": 180, "texture": "#1"},
				"up": {"uv": [3, 2, 5, 3], "rotation": 180, "texture": "#1"},
				"down": {"uv": [3, 2, 5, 3], "rotation": 180, "texture": "#1"}
			}
		},
		{
			"name": "handle3",
			"from": [11, 1, 11],
			"to": [13, 2, 12],
			"rotation": {"angle": 0, "axis": "y", "origin": [12, 1, 11]},
			"faces": {
				"north": {"uv": [3, 2, 5, 3], "texture": "#1"},
				"east": {"uv": [3, 2, 4, 3], "rotation": 180, "texture": "#1"},
				"south": {"uv": [3, 2, 5, 3], "rotation": 180, "texture": "#1"},
				"west": {"uv": [4, 2, 5, 3], "rotation": 180, "texture": "#1"},
				"up": {"uv": [3, 2, 5, 3], "rotation": 180, "texture": "#1"},
				"down": {"uv": [3, 2, 5, 3], "rotation": 180, "texture": "#1"}
			}
		},
		{
			"name": "handle2",
			"from": [3, 1, 11],
			"to": [5, 2, 12],
			"rotation": {"angle": 0, "axis": "y", "origin": [4, 1, 11]},
			"faces": {
				"north": {"uv": [3, 2, 5, 3], "rotation": 180, "texture": "#1"},
				"east": {"uv": [4, 2, 5, 3], "texture": "#1"},
				"south": {"uv": [3, 2, 5, 3], "texture": "#1"},
				"west": {"uv": [3, 2, 4, 3], "texture": "#1"},
				"up": {"uv": [3, 2, 5, 3], "texture": "#1"},
				"down": {"uv": [3, 2, 5, 3], "texture": "#1"}
			}
		},
		{
			"name": "handle3",
			"from": [3, 1, 3],
			"to": [5, 2, 4],
			"rotation": {"angle": 0, "axis": "y", "origin": [4, 1, 3]},
			"faces": {
				"north": {"uv": [3, 2, 5, 3], "rotation": 180, "texture": "#1"},
				"east": {"uv": [4, 2, 5, 3], "texture": "#1"},
				"south": {"uv": [3, 2, 5, 3], "texture": "#1"},
				"west": {"uv": [3, 2, 4, 3], "texture": "#1"},
				"up": {"uv": [3, 2, 5, 3], "texture": "#1"},
				"down": {"uv": [3, 2, 5, 3], "texture": "#1"}
			}
		}
	],
	"gui_light": "front",
	"display": {
		"thirdperson_righthand": {
			"translation": [0, 3, -3],
			"scale": [0.5, 0.5, 0.5]
		},
		"thirdperson_lefthand": {
			"translation": [0, 3, -3],
			"scale": [0.5, 0.5, 0.5]
		},
		"ground": {
			"translation": [0, 3.5, 0]
		},
		"gui": {
			"rotation": [90, 0, 0],
			"translation": [0, 0, -80]
		},
		"head": {
			"translation": [0, 14, 0]
		},
		"fixed": {
			"rotation": [90, 0, -180],
			"translation": [0, 0, -14],
			"scale": [2, 2, 2]
		}
	},
	"groups": [
		{
			"name": "group",
			"origin": [8, 8, 8],
			"children": [0, 1, 2, 3, 4, 5, 6, 7]
		}
	]
}