{
	"credit": "Made with Blockbench",
	"parent": "platestandcyan",
	"texture_size": [32, 32],
	"textures": {
		"0": "block/platestandcyan"
	},
	"elements": [
		{
			"name": "stand",
			"from": [10.98415, 0, 5.19665],
			"to": [11.98415, 1, 10.44665],
			"rotation": {"angle": 0, "axis": "y", "origin": [7.98651, 4.16067, 8.60604]},
			"faces": {
				"north": {"uv": [8.03, 4.53, 8.47, 4.97], "texture": "#0"},
				"east": {"uv": [5.53, 4.53, 7.97, 4.97], "texture": "#0"},
				"south": {"uv": [5.03, 4.53, 5.47, 4.97], "texture": "#0"},
				"west": {"uv": [2.53, 4.53, 4.97, 4.97], "texture": "#0"},
				"up": {"uv": [5.47, 4.47, 5.03, 2.03], "rotation": 180, "texture": "#0"},
				"down": {"uv": [5.97, 2.03, 5.53, 4.47], "rotation": 180, "texture": "#0"}
			}
		},
		{
			"name": "stand",
			"from": [10.98415, 1, 9.44665],
			"to": [11.98415, 6, 10.44665],
			"rotation": {"angle": 0, "axis": "y", "origin": [7.98651, 4.16067, 8.60604]},
			"faces": {
				"north": {"uv": [1.53, 0.53, 1.97, 2.97], "texture": "#0"},
				"east": {"uv": [1.03, 0.53, 1.47, 2.97], "texture": "#0"},
				"south": {"uv": [0.53, 0.53, 0.97, 2.97], "texture": "#0"},
				"west": {"uv": [0.03, 0.53, 0.47, 2.97], "texture": "#0"},
				"up": {"uv": [0.97, 0.47, 0.53, 0.03], "rotation": 180, "texture": "#0"},
				"down": {"uv": [1.47, 0.03, 1.03, 0.47], "rotation": 180, "texture": "#0"}
			}
		},
		{
			"name": "stand",
			"from": [3.98415, 1, 9.44665],
			"to": [4.98415, 6, 10.44665],
			"rotation": {"angle": 0, "axis": "y", "origin": [7.98651, 4.16067, 8.60604]},
			"faces": {
				"north": {"uv": [1.53, 0.53, 1.97, 2.97], "texture": "#0"},
				"east": {"uv": [1.03, 0.53, 1.47, 2.97], "texture": "#0"},
				"south": {"uv": [0.53, 0.53, 0.97, 2.97], "texture": "#0"},
				"west": {"uv": [0.03, 0.53, 0.47, 2.97], "texture": "#0"},
				"up": {"uv": [0.97, 0.47, 0.53, 0.03], "rotation": 180, "texture": "#0"},
				"down": {"uv": [1.47, 0.03, 1.03, 0.47], "rotation": 180, "texture": "#0"}
			}
		},
		{
			"name": "stand",
			"from": [4.98415, 4, 9.44664],
			"to": [10.98415, 5, 10.44664],
			"rotation": {"angle": 0, "axis": "y", "origin": [7.98651, 4.16067, 8.60604]},
			"faces": {
				"north": {"uv": [6.53, 0.53, 9.47, 0.97], "texture": "#0"},
				"east": {"uv": [6.03, 0.53, 6.47, 0.97], "texture": "#0"},
				"south": {"uv": [3.03, 0.53, 5.97, 0.97], "texture": "#0"},
				"west": {"uv": [2.53, 0.53, 2.97, 0.97], "texture": "#0"},
				"up": {"uv": [5.97, 0.47, 3.03, 0.03], "rotation": 180, "texture": "#0"},
				"down": {"uv": [8.97, 0.03, 6.03, 0.47], "rotation": 180, "texture": "#0"}
			}
		},
		{
			"name": "stand",
			"from": [3.98415, 0, 5.19665],
			"to": [4.98415, 1, 10.44665],
			"rotation": {"angle": 0, "axis": "y", "origin": [7.98651, 4.16067, 8.60604]},
			"faces": {
				"north": {"uv": [8.03, 4.53, 8.47, 4.97], "texture": "#0"},
				"east": {"uv": [5.53, 4.53, 7.97, 4.97], "texture": "#0"},
				"south": {"uv": [5.03, 4.53, 5.47, 4.97], "texture": "#0"},
				"west": {"uv": [2.53, 4.53, 4.97, 4.97], "texture": "#0"},
				"up": {"uv": [5.47, 4.47, 5.03, 2.03], "rotation": 180, "texture": "#0"},
				"down": {"uv": [5.97, 2.03, 5.53, 4.47], "rotation": 180, "texture": "#0"}
			}
		},
		{
			"name": "stand",
			"from": [11.6461, 4.35916, 5.17614],
			"to": [12.7461, 5.45916, 6.17614],
			"rotation": {"angle": -45, "axis": "z", "origin": [7.98651, 4.16067, 8.60604]},
			"faces": {
				"north": {"uv": [5.03, 3.53, 5.47, 3.97], "texture": "#0"},
				"east": {"uv": [1.03, 5.53, 1.47, 5.97], "texture": "#0"},
				"south": {"uv": [0.53, 5.53, 0.97, 5.97], "texture": "#0"},
				"west": {"uv": [0.03, 5.53, 0.47, 5.97], "texture": "#0"},
				"up": {"uv": [0.47, 4.97, 0.03, 4.53], "rotation": 180, "texture": "#0"},
				"down": {"uv": [1.47, 5.03, 1.03, 5.47], "rotation": 180, "texture": "#0"}
			}
		},
		{
			"name": "stand",
			"from": [6.69635, -0.59058, 5.17614],
			"to": [7.79635, 0.50942, 6.17614],
			"rotation": {"angle": -45, "axis": "z", "origin": [7.98651, 4.16067, 8.60604]},
			"faces": {
				"north": {"uv": [5.03, 3.53, 5.47, 3.97], "texture": "#0"},
				"east": {"uv": [1.03, 5.53, 1.47, 5.97], "texture": "#0"},
				"south": {"uv": [0.53, 5.53, 0.97, 5.97], "texture": "#0"},
				"west": {"uv": [0.03, 5.53, 0.47, 5.97], "texture": "#0"},
				"up": {"uv": [0.47, 4.97, 0.03, 4.53], "rotation": 180, "texture": "#0"},
				"down": {"uv": [1.47, 5.03, 1.03, 5.47], "rotation": 180, "texture": "#0"}
			}
		},
		{
			"name": "stand",
			"from": [8.11057, 7.8947, 9.42614],
			"to": [9.21057, 8.9947, 10.42614],
			"rotation": {"angle": -45, "axis": "z", "origin": [7.98651, 4.16067, 8.60604]},
			"faces": {
				"north": {"uv": [5.03, 3.53, 5.47, 3.97], "texture": "#0"},
				"east": {"uv": [1.03, 5.53, 1.47, 5.97], "texture": "#0"},
				"south": {"uv": [0.53, 5.53, 0.97, 5.97], "texture": "#0"},
				"west": {"uv": [0.03, 5.53, 0.47, 5.97], "texture": "#0"},
				"up": {"uv": [0.47, 4.97, 0.03, 4.53], "rotation": 180, "texture": "#0"},
				"down": {"uv": [1.47, 5.03, 1.03, 5.47], "rotation": 180, "texture": "#0"}
			}
		},
		{
			"name": "stand",
			"from": [3.16082, 2.94495, 9.42614],
			"to": [4.26082, 4.04495, 10.42614],
			"rotation": {"angle": -45, "axis": "z", "origin": [7.98651, 4.16067, 8.60604]},
			"faces": {
				"north": {"uv": [5.03, 3.53, 5.47, 3.97], "texture": "#0"},
				"east": {"uv": [1.03, 5.53, 1.47, 5.97], "texture": "#0"},
				"south": {"uv": [0.53, 5.53, 0.97, 5.97], "texture": "#0"},
				"west": {"uv": [0.03, 5.53, 0.47, 5.97], "texture": "#0"},
				"up": {"uv": [0.47, 4.97, 0.03, 4.53], "rotation": 180, "texture": "#0"},
				"down": {"uv": [1.47, 5.03, 1.03, 5.47], "rotation": 180, "texture": "#0"}
			}
		},
		{
			"name": "plate",
			"from": [4.98415, 2.73728, 7.80971],
			"to": [10.98415, 8.73728, 8.80971],
			"rotation": {"angle": 22.5, "axis": "x", "origin": [7.98651, 4.16067, 8.60604]},
			"faces": {
				"north": {"uv": [5.97, 9.97, 3.03, 7.03], "texture": "#0"},
				"east": {"uv": [6.03, 10.03, 8.97, 10.47], "rotation": 90, "texture": "#0"},
				"south": {"uv": [8.97, 7.03, 6.03, 9.97], "rotation": 180, "texture": "#0"},
				"west": {"uv": [0.03, 10.03, 2.97, 10.47], "rotation": 270, "texture": "#0"},
				"up": {"uv": [3.03, 10.03, 5.97, 10.47], "texture": "#0"},
				"down": {"uv": [9.03, 10.03, 11.97, 10.47], "rotation": 180, "texture": "#0"}
			}
		},
		{
			"name": "plate",
			"from": [2.98415, 8.72206, 7.48624],
			"to": [12.98415, 10.72206, 8.48624],
			"rotation": {"angle": 22.5, "axis": "x", "origin": [7.98651, 4.34544, 8.68258]},
			"faces": {
				"north": {"uv": [9.97, 11.03, 5.03, 11.97], "texture": "#0"},
				"east": {"uv": [10.03, 12.03, 10.97, 12.47], "rotation": 90, "texture": "#0"},
				"south": {"uv": [10.03, 11.97, 14.97, 11.03], "rotation": 180, "texture": "#0"},
				"west": {"uv": [4.03, 12.03, 4.97, 12.47], "rotation": 270, "texture": "#0"},
				"up": {"uv": [5.03, 12.03, 9.97, 12.47], "texture": "#0"},
				"down": {"uv": [11.03, 12.03, 15.97, 12.47], "rotation": 180, "texture": "#0"}
			}
		},
		{
			"name": "plate",
			"from": [10.98415, 2.73728, 7.40971],
			"to": [12.98415, 8.73728, 8.40971],
			"rotation": {"angle": 22.5, "axis": "x", "origin": [7.98651, 4.16067, 8.60604]},
			"faces": {
				"north": {"uv": [3.97, 15.47, 3.03, 12.53], "texture": "#0"},
				"east": {"uv": [4.03, 15.53, 6.97, 15.97], "rotation": 90, "texture": "#0"},
				"south": {"uv": [4.97, 12.53, 4.03, 15.47], "rotation": 180, "texture": "#0"},
				"west": {"uv": [0.03, 15.53, 2.97, 15.97], "rotation": 270, "texture": "#0"},
				"up": {"uv": [3.03, 15.53, 3.97, 15.97], "texture": "#0"},
				"down": {"uv": [7.03, 15.53, 7.97, 15.97], "rotation": 180, "texture": "#0"}
			}
		},
		{
			"name": "plate",
			"from": [2.98415, 2.73728, 7.40971],
			"to": [4.98415, 8.73728, 8.40971],
			"rotation": {"angle": 22.5, "axis": "x", "origin": [7.98651, 4.16067, 8.60604]},
			"faces": {
				"north": {"uv": [3.03, 15.47, 3.97, 12.53], "texture": "#0"},
				"east": {"uv": [4.03, 15.53, 6.97, 15.97], "rotation": 90, "texture": "#0"},
				"south": {"uv": [4.03, 12.53, 4.97, 15.47], "rotation": 180, "texture": "#0"},
				"west": {"uv": [0.03, 15.53, 2.97, 15.97], "rotation": 270, "texture": "#0"},
				"up": {"uv": [3.03, 15.53, 3.97, 15.97], "texture": "#0"},
				"down": {"uv": [7.03, 15.53, 7.97, 15.97], "rotation": 180, "texture": "#0"}
			}
		},
		{
			"name": "plate",
			"from": [2.98415, 0.73728, 7.40971],
			"to": [12.98415, 2.73728, 8.40971],
			"rotation": {"angle": 22.5, "axis": "x", "origin": [7.98651, 4.16067, 8.60604]},
			"faces": {
				"north": {"uv": [9.97, 11.97, 5.03, 11.03], "texture": "#0"},
				"east": {"uv": [10.03, 12.03, 10.97, 12.47], "rotation": 90, "texture": "#0"},
				"south": {"uv": [14.97, 11.03, 10.03, 11.97], "rotation": 180, "texture": "#0"},
				"west": {"uv": [4.03, 12.03, 4.97, 12.47], "rotation": 270, "texture": "#0"},
				"up": {"uv": [5.03, 12.03, 9.97, 12.47], "texture": "#0"},
				"down": {"uv": [11.03, 12.03, 15.97, 12.47], "rotation": 180, "texture": "#0"}
			}
		}
	],
	"display": {
		"thirdperson_righthand": {
			"rotation": [-134.7, 0.18, 179.8],
			"translation": [-6, 4.75, 5.5]
		},
		"firstperson_righthand": {
			"rotation": [0, -6, 0],
			"translation": [0, 1.5, -1.25]
		},
		"gui": {
			"rotation": [-162.51, -70.06, 172.58],
			"translation": [0, 2.25, 0]
		},
		"fixed": {
			"rotation": [-90, 0, 0],
			"translation": [0, 0, -15],
			"scale": [2, 2, 2]
		}
	},
	"groups": [
		{
			"name": "platestand",
			"origin": [0, 0, 0],
			"color": 0,
			"children": [
				{
					"name": "stand",
					"origin": [0, 0, -1.7],
					"color": 1,
					"children": [0, 1, 2, 3, 4, 5, 6, 7, 8]
				},
				{
					"name": "plate",
					"origin": [0, 5.3, -1.6],
					"color": 2,
					"children": [9, 10, 11, 12, 13]
				}
			]
		}
	]
}