{
	"credit": "Made with Blockbench",
	"textures": {
		"2": "block/Hananacraft archive/white_wool_teatowel",
		"4": "block/rope",
		"5": "block/hangingbasketbase",
		"6": "block/bread3",
		"7": "block/bread3_layer",
		"8": "block/bread1",
		"9": "block/bread1_layer",
		"10": "block/Hananacraft archive/stripped_oak_log_a",
		"particle": "block/bread3"
	},
	"elements": [
		{
			"from": [2, 0, 2],
			"to": [14, 2, 14],
			"rotation": {"angle": 0, "axis": "y", "origin": [0, 1, 0]},
			"faces": {
				"north": {"uv": [2.032, 12.032, 13.968, 13.968], "texture": "#5"},
				"east": {"uv": [2.032, 12.032, 13.968, 13.968], "texture": "#5"},
				"south": {"uv": [2.032, 12.032, 13.968, 13.968], "texture": "#5"},
				"west": {"uv": [2.032, 12.032, 13.968, 13.968], "texture": "#5"},
				"up": {"uv": [2.032, 1.032, 13.968, 12.968], "texture": "#5"},
				"down": {"uv": [2.032, 2.032, 13.968, 13.968], "texture": "#5"}
			}
		},
		{
			"from": [3, 2, 1],
			"to": [13, 6, 3],
			"rotation": {"angle": 0, "axis": "y", "origin": [0, 1, 0]},
			"faces": {
				"north": {"uv": [2.032, 14.968, 11.968, 11.032], "texture": "#5"},
				"east": {"uv": [0.032, 0.032, 1.968, 3.968], "texture": "#5"},
				"south": {"uv": [3.032, 1.032, 12.968, 4.968], "texture": "#5"},
				"west": {"uv": [0.032, 0.032, 1.968, 3.968], "texture": "#5"},
				"up": {"uv": [3.032, 0.032, 12.968, 1.968], "texture": "#10"},
				"down": {"uv": [3.032, 4.032, 12.968, 5.968], "texture": "#5"}
			}
		},
		{
			"from": [3, 2, 13],
			"to": [13, 6, 15],
			"rotation": {"angle": 0, "axis": "y", "origin": [0, 1, 0]},
			"faces": {
				"north": {"uv": [3.032, 1.032, 12.968, 4.968], "texture": "#5"},
				"east": {"uv": [0.032, 0.032, 1.968, 3.968], "texture": "#5"},
				"south": {"uv": [2.032, 14.968, 11.968, 11.032], "texture": "#5"},
				"west": {"uv": [0.032, 0.032, 1.968, 3.968], "texture": "#5"},
				"up": {"uv": [2.032, 0.032, 11.968, 1.968], "texture": "#10"},
				"down": {"uv": [2.032, 11.032, 11.968, 12.968], "texture": "#5"}
			}
		},
		{
			"from": [1, 2, 1],
			"to": [3, 6, 15],
			"rotation": {"angle": 0, "axis": "y", "origin": [0, 1, 0]},
			"faces": {
				"north": {"uv": [8.032, 14.968, 9.968, 11.032], "texture": "#5"},
				"east": {"uv": [1.032, 1.032, 14.968, 4.968], "texture": "#5"},
				"south": {"uv": [8.032, 14.968, 9.968, 11.032], "texture": "#5"},
				"west": {"uv": [1.032, 14.968, 14.968, 11.032], "texture": "#5"},
				"up": {"uv": [1.032, 1.032, 2.968, 14.968], "texture": "#10"},
				"down": {"uv": [4.032, 1.032, 5.968, 14.968], "texture": "#5"}
			}
		},
		{
			"from": [13, 2, 1],
			"to": [15, 6, 15],
			"rotation": {"angle": 0, "axis": "y", "origin": [0, 1, 0]},
			"faces": {
				"north": {"uv": [8.032, 14.968, 9.968, 11.032], "texture": "#5"},
				"east": {"uv": [1.032, 14.968, 14.968, 11.032], "texture": "#5"},
				"south": {"uv": [8.032, 14.968, 9.968, 11.032], "texture": "#5"},
				"west": {"uv": [1.032, 1.032, 14.968, 4.968], "texture": "#5"},
				"up": {"uv": [13.032, 0.032, 14.968, 13.968], "texture": "#10"},
				"down": {"uv": [12.032, 1.032, 13.968, 14.968], "texture": "#5"}
			}
		},
		{
			"from": [12.82534, 6.23059, 2.97874],
			"to": [15.22534, 6.23059, 12.97874],
			"rotation": {"angle": 0, "axis": "y", "origin": [14.07534, 6.23059, 7.97874]},
			"faces": {
				"north": {"uv": [0.032, 0.032, 2.4, 0.032], "texture": "#2"},
				"east": {"uv": [0.032, 0.032, 9.968, 0.032], "texture": "#2"},
				"south": {"uv": [0.032, 0.032, 2.4, 0.032], "texture": "#2"},
				"west": {"uv": [0.032, 0.032, 9.968, 0.032], "texture": "#2"},
				"up": {"uv": [5.032, 2.4, 14.968, 0.032], "rotation": 90, "texture": "#2"},
				"down": {"uv": [0.032, 0.032, 9.968, 2.4], "rotation": 270, "texture": "#2"}
			}
		},
		{
			"from": [15.68364, 2.92255, 2.97874],
			"to": [15.68364, 6.32255, 12.97874],
			"rotation": {"angle": 22.5, "axis": "z", "origin": [15.68364, 5.12255, 7.97874]},
			"faces": {
				"north": {"uv": [0.032, 0.032, 3.4, 0.032], "rotation": 270, "texture": "#2"},
				"east": {"uv": [5.032, 12.032, 14.968, 15.4], "rotation": 180, "texture": "#2"},
				"south": {"uv": [0.032, 0.032, 3.4, 0.032], "rotation": 90, "texture": "#2"},
				"west": {"uv": [5.032, 12.032, 14.968, 15.4], "rotation": 180, "texture": "#2"},
				"up": {"uv": [0.032, 0.032, 9.968, 0.032], "rotation": 90, "texture": "#2"},
				"down": {"uv": [0.032, 0.032, 9.968, 0.032], "rotation": 90, "texture": "#2"}
			}
		},
		{
			"from": [12.82434, 1.98159, 2.97874],
			"to": [12.82434, 6.23159, 12.97874],
			"rotation": {"angle": 0, "axis": "y", "origin": [13.07434, 4.10659, 7.97874]},
			"faces": {
				"north": {"uv": [0.032, 0.032, 4.25, 0.032], "rotation": 90, "texture": "#2"},
				"east": {"uv": [0.032, 0.032, 9.968, 4.25], "rotation": 180, "texture": "#2"},
				"south": {"uv": [0.032, 0.032, 4.25, 0.032], "rotation": 270, "texture": "#2"},
				"west": {"uv": [5.032, 5.032, 14.968, 9.25], "texture": "#2"},
				"up": {"uv": [0.032, 0.032, 9.968, 0.032], "rotation": 270, "texture": "#2"},
				"down": {"uv": [0.032, 0.032, 9.968, 0.032], "rotation": 270, "texture": "#2"}
			}
		},
		{
			"from": [8.57434, 2.23059, 2.97874],
			"to": [12.82434, 2.23059, 12.97874],
			"rotation": {"angle": 0, "axis": "y", "origin": [14.69934, 1.98059, 7.97874]},
			"faces": {
				"north": {"uv": [0.032, 0.032, 4.25, 0.032], "texture": "#2"},
				"east": {"uv": [0.032, 0.032, 9.968, 0.032], "texture": "#2"},
				"south": {"uv": [0.032, 0.032, 4.25, 0.032], "texture": "#2"},
				"west": {"uv": [0.032, 0.032, 9.968, 0.032], "texture": "#2"},
				"up": {"uv": [5.032, 8.25, 14.968, 4.032], "rotation": 90, "texture": "#2"},
				"down": {"uv": [0.032, 0.032, 9.968, 4.25], "rotation": 270, "texture": "#2"}
			}
		},
		{
			"from": [-0.1, -1, 8],
			"to": [16.9, 0, 8],
			"rotation": {"angle": 45, "axis": "y", "origin": [8, 0, 8]},
			"faces": {
				"north": {"uv": [0.032, 13.032, 15.968, 13.968], "texture": "#4"},
				"east": {"uv": [0.032, 0.032, 0.032, 9.968], "texture": "#4"},
				"south": {"uv": [2.968, 0.032, 0.032, 1.968], "texture": "#4"},
				"west": {"uv": [0.032, 0.032, 0.032, 9.968], "texture": "#4"},
				"up": {"uv": [2.968, 0.032, 0.032, 0.032], "rotation": 180, "texture": "#4"},
				"down": {"uv": [2.968, 0.032, 0.032, 0.032], "rotation": 180, "texture": "#4"}
			}
		},
		{
			"from": [-0.1, 9, 8],
			"to": [2.9, 12, 8],
			"rotation": {"angle": 45, "axis": "y", "origin": [8, 0, 8]},
			"faces": {
				"north": {"uv": [6.968, 0.032, 4.032, 2.968], "texture": "#4"},
				"east": {"uv": [6.968, 0.032, 4.032, 2.968], "texture": "#4"},
				"south": {"uv": [6.968, 0.032, 4.032, 2.968], "texture": "#4"},
				"west": {"uv": [6.968, 0.032, 4.032, 2.968], "texture": "#4"},
				"up": {"uv": [6.968, 0.032, 4.032, 2.968], "rotation": 180, "texture": "#4"},
				"down": {"uv": [6.968, 0.032, 4.032, 2.968], "rotation": 180, "texture": "#4"}
			}
		},
		{
			"from": [-1.1, 6, 8],
			"to": [1.9, 9, 8],
			"rotation": {"angle": 45, "axis": "y", "origin": [8, 0, 8]},
			"faces": {
				"north": {"uv": [6.968, 0.032, 4.032, 2.968], "texture": "#4"},
				"east": {"uv": [6.968, 0.032, 4.032, 2.968], "texture": "#4"},
				"south": {"uv": [6.968, 0.032, 4.032, 2.968], "texture": "#4"},
				"west": {"uv": [6.968, 0.032, 4.032, 2.968], "texture": "#4"},
				"up": {"uv": [6.968, 0.032, 4.032, 2.968], "rotation": 180, "texture": "#4"},
				"down": {"uv": [6.968, 0.032, 4.032, 2.968], "rotation": 180, "texture": "#4"}
			}
		},
		{
			"from": [0.9, 12, 8],
			"to": [3.9, 15, 8],
			"rotation": {"angle": 45, "axis": "y", "origin": [8, 0, 8]},
			"faces": {
				"north": {"uv": [6.968, 0.032, 4.032, 2.968], "texture": "#4"},
				"east": {"uv": [6.968, 0.032, 4.032, 2.968], "texture": "#4"},
				"south": {"uv": [6.968, 0.032, 4.032, 2.968], "texture": "#4"},
				"west": {"uv": [6.968, 0.032, 4.032, 2.968], "texture": "#4"},
				"up": {"uv": [6.968, 0.032, 4.032, 2.968], "rotation": 180, "texture": "#4"},
				"down": {"uv": [6.968, 0.032, 4.032, 2.968], "rotation": 180, "texture": "#4"}
			}
		},
		{
			"from": [1.9, 15, 8],
			"to": [4.9, 18, 8],
			"rotation": {"angle": 45, "axis": "y", "origin": [8, 0, 8]},
			"faces": {
				"north": {"uv": [6.968, 0.032, 4.032, 2.968], "texture": "#4"},
				"east": {"uv": [6.968, 0.032, 4.032, 2.968], "texture": "#4"},
				"south": {"uv": [6.968, 0.032, 4.032, 2.968], "texture": "#4"},
				"west": {"uv": [6.968, 0.032, 4.032, 2.968], "texture": "#4"},
				"up": {"uv": [6.968, 0.032, 4.032, 2.968], "rotation": 180, "texture": "#4"},
				"down": {"uv": [6.968, 0.032, 4.032, 2.968], "rotation": 180, "texture": "#4"}
			}
		},
		{
			"from": [2.9, 18, 8],
			"to": [5.9, 21, 8],
			"rotation": {"angle": 45, "axis": "y", "origin": [8, 0, 8]},
			"faces": {
				"north": {"uv": [6.968, 0.032, 4.032, 2.968], "texture": "#4"},
				"east": {"uv": [6.968, 0.032, 4.032, 2.968], "texture": "#4"},
				"south": {"uv": [6.968, 0.032, 4.032, 2.968], "texture": "#4"},
				"west": {"uv": [6.968, 0.032, 4.032, 2.968], "texture": "#4"},
				"up": {"uv": [6.968, 0.032, 4.032, 2.968], "rotation": 180, "texture": "#4"},
				"down": {"uv": [6.968, 0.032, 4.032, 2.968], "rotation": 180, "texture": "#4"}
			}
		},
		{
			"from": [3.9, 21, 8],
			"to": [6.9, 24, 8],
			"rotation": {"angle": 45, "axis": "y", "origin": [8, 0, 8]},
			"faces": {
				"north": {"uv": [6.968, 0.032, 4.032, 2.968], "texture": "#4"},
				"east": {"uv": [6.968, 0.032, 4.032, 2.968], "texture": "#4"},
				"south": {"uv": [6.968, 0.032, 4.032, 2.968], "texture": "#4"},
				"west": {"uv": [6.968, 0.032, 4.032, 2.968], "texture": "#4"},
				"up": {"uv": [6.968, 0.032, 4.032, 2.968], "rotation": 180, "texture": "#4"},
				"down": {"uv": [6.968, 0.032, 4.032, 2.968], "rotation": 180, "texture": "#4"}
			}
		},
		{
			"from": [13.1, 9, 8],
			"to": [16.1, 12, 8],
			"rotation": {"angle": 45, "axis": "y", "origin": [8, 0, 8]},
			"faces": {
				"north": {"uv": [6.968, 0.032, 4.032, 2.968], "texture": "#4"},
				"east": {"uv": [6.968, 0.032, 4.032, 2.968], "texture": "#4"},
				"south": {"uv": [6.968, 0.032, 4.032, 2.968], "texture": "#4"},
				"west": {"uv": [6.968, 0.032, 4.032, 2.968], "texture": "#4"},
				"up": {"uv": [6.968, 0.032, 4.032, 2.968], "texture": "#4"},
				"down": {"uv": [6.968, 0.032, 4.032, 2.968], "texture": "#4"}
			}
		},
		{
			"from": [14.1, 6, 8],
			"to": [17.1, 9, 8],
			"rotation": {"angle": 45, "axis": "y", "origin": [8, 0, 8]},
			"faces": {
				"north": {"uv": [6.968, 0.032, 4.032, 2.968], "texture": "#4"},
				"east": {"uv": [6.968, 0.032, 4.032, 2.968], "texture": "#4"},
				"south": {"uv": [6.968, 0.032, 4.032, 2.968], "texture": "#4"},
				"west": {"uv": [6.968, 0.032, 4.032, 2.968], "texture": "#4"},
				"up": {"uv": [6.968, 0.032, 4.032, 2.968], "texture": "#4"},
				"down": {"uv": [6.968, 0.032, 4.032, 2.968], "texture": "#4"}
			}
		},
		{
			"from": [12.1, 12, 8],
			"to": [15.1, 15, 8],
			"rotation": {"angle": 45, "axis": "y", "origin": [8, 0, 8]},
			"faces": {
				"north": {"uv": [6.968, 0.032, 4.032, 2.968], "texture": "#4"},
				"east": {"uv": [6.968, 0.032, 4.032, 2.968], "texture": "#4"},
				"south": {"uv": [6.968, 0.032, 4.032, 2.968], "texture": "#4"},
				"west": {"uv": [6.968, 0.032, 4.032, 2.968], "texture": "#4"},
				"up": {"uv": [6.968, 0.032, 4.032, 2.968], "texture": "#4"},
				"down": {"uv": [6.968, 0.032, 4.032, 2.968], "texture": "#4"}
			}
		},
		{
			"from": [11.1, 15, 8],
			"to": [14.1, 18, 8],
			"rotation": {"angle": 45, "axis": "y", "origin": [8, 0, 8]},
			"faces": {
				"north": {"uv": [6.968, 0.032, 4.032, 2.968], "texture": "#4"},
				"east": {"uv": [6.968, 0.032, 4.032, 2.968], "texture": "#4"},
				"south": {"uv": [6.968, 0.032, 4.032, 2.968], "texture": "#4"},
				"west": {"uv": [6.968, 0.032, 4.032, 2.968], "texture": "#4"},
				"up": {"uv": [6.968, 0.032, 4.032, 2.968], "texture": "#4"},
				"down": {"uv": [6.968, 0.032, 4.032, 2.968], "texture": "#4"}
			}
		},
		{
			"from": [10.1, 18, 8],
			"to": [13.1, 21, 8],
			"rotation": {"angle": 45, "axis": "y", "origin": [8, 0, 8]},
			"faces": {
				"north": {"uv": [6.968, 0.032, 4.032, 2.968], "texture": "#4"},
				"east": {"uv": [6.968, 0.032, 4.032, 2.968], "texture": "#4"},
				"south": {"uv": [6.968, 0.032, 4.032, 2.968], "texture": "#4"},
				"west": {"uv": [6.968, 0.032, 4.032, 2.968], "texture": "#4"},
				"up": {"uv": [6.968, 0.032, 4.032, 2.968], "texture": "#4"},
				"down": {"uv": [6.968, 0.032, 4.032, 2.968], "texture": "#4"}
			}
		},
		{
			"from": [9.1, 21, 8],
			"to": [12.1, 24, 8],
			"rotation": {"angle": 45, "axis": "y", "origin": [8, 0, 8]},
			"faces": {
				"north": {"uv": [6.968, 0.032, 4.032, 2.968], "texture": "#4"},
				"east": {"uv": [6.968, 0.032, 4.032, 2.968], "texture": "#4"},
				"south": {"uv": [6.968, 0.032, 4.032, 2.968], "texture": "#4"},
				"west": {"uv": [6.968, 0.032, 4.032, 2.968], "texture": "#4"},
				"up": {"uv": [6.968, 0.032, 4.032, 2.968], "texture": "#4"},
				"down": {"uv": [6.968, 0.032, 4.032, 2.968], "texture": "#4"}
			}
		},
		{
			"from": [8, 24, 6.5],
			"to": [8, 27, 9.5],
			"rotation": {"angle": 0, "axis": "y", "origin": [8, 0, 8]},
			"faces": {
				"north": {"uv": [6.968, 0.032, 4.032, 2.968], "texture": "#4"},
				"east": {"uv": [15.968, 0.032, 13.032, 2.968], "texture": "#4"},
				"south": {"uv": [6.968, 0.032, 4.032, 2.968], "texture": "#4"},
				"west": {"uv": [15.968, 0.032, 13.032, 2.968], "texture": "#4"},
				"up": {"uv": [6.968, 0.032, 4.032, 2.968], "rotation": 270, "texture": "#4"},
				"down": {"uv": [6.968, 0.032, 4.032, 2.968], "rotation": 90, "texture": "#4"}
			}
		},
		{
			"from": [8, -1, -0.9],
			"to": [8, 0, 16.1],
			"rotation": {"angle": 45, "axis": "y", "origin": [8, 0, 8]},
			"faces": {
				"north": {"uv": [0.032, 0.032, 0.032, 9.968], "texture": "#4"},
				"east": {"uv": [2.968, 0.032, 0.032, 1.968], "texture": "#4"},
				"south": {"uv": [0.032, 0.032, 0.032, 9.968], "texture": "#4"},
				"west": {"uv": [0.032, 13.032, 15.968, 13.968], "texture": "#4"},
				"up": {"uv": [2.968, 0.032, 0.032, 0.032], "rotation": 90, "texture": "#4"},
				"down": {"uv": [2.968, 0.032, 0.032, 0.032], "rotation": 270, "texture": "#4"}
			}
		},
		{
			"from": [8, 9, 13.1],
			"to": [8, 12, 16.1],
			"rotation": {"angle": 45, "axis": "y", "origin": [8, 0, 8]},
			"faces": {
				"north": {"uv": [6.968, 0.032, 4.032, 2.968], "texture": "#4"},
				"east": {"uv": [6.968, 0.032, 4.032, 2.968], "texture": "#4"},
				"south": {"uv": [6.968, 0.032, 4.032, 2.968], "texture": "#4"},
				"west": {"uv": [6.968, 0.032, 4.032, 2.968], "texture": "#4"},
				"up": {"uv": [6.968, 0.032, 4.032, 2.968], "rotation": 90, "texture": "#4"},
				"down": {"uv": [6.968, 0.032, 4.032, 2.968], "rotation": 270, "texture": "#4"}
			}
		},
		{
			"from": [8, 6, 14.1],
			"to": [8, 9, 17.1],
			"rotation": {"angle": 45, "axis": "y", "origin": [8, 0, 8]},
			"faces": {
				"north": {"uv": [6.968, 0.032, 4.032, 2.968], "texture": "#4"},
				"east": {"uv": [6.968, 0.032, 4.032, 2.968], "texture": "#4"},
				"south": {"uv": [6.968, 0.032, 4.032, 2.968], "texture": "#4"},
				"west": {"uv": [6.968, 0.032, 4.032, 2.968], "texture": "#4"},
				"up": {"uv": [6.968, 0.032, 4.032, 2.968], "rotation": 90, "texture": "#4"},
				"down": {"uv": [6.968, 0.032, 4.032, 2.968], "rotation": 270, "texture": "#4"}
			}
		},
		{
			"from": [8, 12, 12.1],
			"to": [8, 15, 15.1],
			"rotation": {"angle": 45, "axis": "y", "origin": [8, 0, 8]},
			"faces": {
				"north": {"uv": [6.968, 0.032, 4.032, 2.968], "texture": "#4"},
				"east": {"uv": [6.968, 0.032, 4.032, 2.968], "texture": "#4"},
				"south": {"uv": [6.968, 0.032, 4.032, 2.968], "texture": "#4"},
				"west": {"uv": [6.968, 0.032, 4.032, 2.968], "texture": "#4"},
				"up": {"uv": [6.968, 0.032, 4.032, 2.968], "rotation": 90, "texture": "#4"},
				"down": {"uv": [6.968, 0.032, 4.032, 2.968], "rotation": 270, "texture": "#4"}
			}
		},
		{
			"from": [8, 15, 11.1],
			"to": [8, 18, 14.1],
			"rotation": {"angle": 45, "axis": "y", "origin": [8, 0, 8]},
			"faces": {
				"north": {"uv": [6.968, 0.032, 4.032, 2.968], "texture": "#4"},
				"east": {"uv": [6.968, 0.032, 4.032, 2.968], "texture": "#4"},
				"south": {"uv": [6.968, 0.032, 4.032, 2.968], "texture": "#4"},
				"west": {"uv": [6.968, 0.032, 4.032, 2.968], "texture": "#4"},
				"up": {"uv": [6.968, 0.032, 4.032, 2.968], "rotation": 90, "texture": "#4"},
				"down": {"uv": [6.968, 0.032, 4.032, 2.968], "rotation": 270, "texture": "#4"}
			}
		},
		{
			"from": [8, 18, 10.1],
			"to": [8, 21, 13.1],
			"rotation": {"angle": 45, "axis": "y", "origin": [8, 0, 8]},
			"faces": {
				"north": {"uv": [6.968, 0.032, 4.032, 2.968], "texture": "#4"},
				"east": {"uv": [6.968, 0.032, 4.032, 2.968], "texture": "#4"},
				"south": {"uv": [6.968, 0.032, 4.032, 2.968], "texture": "#4"},
				"west": {"uv": [6.968, 0.032, 4.032, 2.968], "texture": "#4"},
				"up": {"uv": [6.968, 0.032, 4.032, 2.968], "rotation": 90, "texture": "#4"},
				"down": {"uv": [6.968, 0.032, 4.032, 2.968], "rotation": 270, "texture": "#4"}
			}
		},
		{
			"from": [8, 21, 9.1],
			"to": [8, 24, 12.1],
			"rotation": {"angle": 45, "axis": "y", "origin": [8, 0, 8]},
			"faces": {
				"north": {"uv": [6.968, 0.032, 4.032, 2.968], "texture": "#4"},
				"east": {"uv": [6.968, 0.032, 4.032, 2.968], "texture": "#4"},
				"south": {"uv": [6.968, 0.032, 4.032, 2.968], "texture": "#4"},
				"west": {"uv": [6.968, 0.032, 4.032, 2.968], "texture": "#4"},
				"up": {"uv": [6.968, 0.032, 4.032, 2.968], "rotation": 90, "texture": "#4"},
				"down": {"uv": [6.968, 0.032, 4.032, 2.968], "rotation": 270, "texture": "#4"}
			}
		},
		{
			"from": [8, 9, -0.1],
			"to": [8, 12, 2.9],
			"rotation": {"angle": 45, "axis": "y", "origin": [8, 0, 8]},
			"faces": {
				"north": {"uv": [6.968, 0.032, 4.032, 2.968], "texture": "#4"},
				"east": {"uv": [6.968, 0.032, 4.032, 2.968], "texture": "#4"},
				"south": {"uv": [6.968, 0.032, 4.032, 2.968], "texture": "#4"},
				"west": {"uv": [6.968, 0.032, 4.032, 2.968], "texture": "#4"},
				"up": {"uv": [6.968, 0.032, 4.032, 2.968], "rotation": 270, "texture": "#4"},
				"down": {"uv": [6.968, 0.032, 4.032, 2.968], "rotation": 90, "texture": "#4"}
			}
		},
		{
			"from": [8, 6, -1.1],
			"to": [8, 9, 1.9],
			"rotation": {"angle": 45, "axis": "y", "origin": [8, 0, 8]},
			"faces": {
				"north": {"uv": [6.968, 0.032, 4.032, 2.968], "texture": "#4"},
				"east": {"uv": [6.968, 0.032, 4.032, 2.968], "texture": "#4"},
				"south": {"uv": [6.968, 0.032, 4.032, 2.968], "texture": "#4"},
				"west": {"uv": [6.968, 0.032, 4.032, 2.968], "texture": "#4"},
				"up": {"uv": [6.968, 0.032, 4.032, 2.968], "rotation": 270, "texture": "#4"},
				"down": {"uv": [6.968, 0.032, 4.032, 2.968], "rotation": 90, "texture": "#4"}
			}
		},
		{
			"from": [8, 12, 0.9],
			"to": [8, 15, 3.9],
			"rotation": {"angle": 45, "axis": "y", "origin": [8, 0, 8]},
			"faces": {
				"north": {"uv": [6.968, 0.032, 4.032, 2.968], "texture": "#4"},
				"east": {"uv": [6.968, 0.032, 4.032, 2.968], "texture": "#4"},
				"south": {"uv": [6.968, 0.032, 4.032, 2.968], "texture": "#4"},
				"west": {"uv": [6.968, 0.032, 4.032, 2.968], "texture": "#4"},
				"up": {"uv": [6.968, 0.032, 4.032, 2.968], "rotation": 270, "texture": "#4"},
				"down": {"uv": [6.968, 0.032, 4.032, 2.968], "rotation": 90, "texture": "#4"}
			}
		},
		{
			"from": [8, 15, 1.9],
			"to": [8, 18, 4.9],
			"rotation": {"angle": 45, "axis": "y", "origin": [8, 0, 8]},
			"faces": {
				"north": {"uv": [6.968, 0.032, 4.032, 2.968], "texture": "#4"},
				"east": {"uv": [6.968, 0.032, 4.032, 2.968], "texture": "#4"},
				"south": {"uv": [6.968, 0.032, 4.032, 2.968], "texture": "#4"},
				"west": {"uv": [6.968, 0.032, 4.032, 2.968], "texture": "#4"},
				"up": {"uv": [6.968, 0.032, 4.032, 2.968], "rotation": 270, "texture": "#4"},
				"down": {"uv": [6.968, 0.032, 4.032, 2.968], "rotation": 90, "texture": "#4"}
			}
		},
		{
			"from": [8, 18, 2.9],
			"to": [8, 21, 5.9],
			"rotation": {"angle": 45, "axis": "y", "origin": [8, 0, 8]},
			"faces": {
				"north": {"uv": [6.968, 0.032, 4.032, 2.968], "texture": "#4"},
				"east": {"uv": [6.968, 0.032, 4.032, 2.968], "texture": "#4"},
				"south": {"uv": [6.968, 0.032, 4.032, 2.968], "texture": "#4"},
				"west": {"uv": [6.968, 0.032, 4.032, 2.968], "texture": "#4"},
				"up": {"uv": [6.968, 0.032, 4.032, 2.968], "rotation": 270, "texture": "#4"},
				"down": {"uv": [6.968, 0.032, 4.032, 2.968], "rotation": 90, "texture": "#4"}
			}
		},
		{
			"from": [8, 21, 3.9],
			"to": [8, 24, 6.9],
			"rotation": {"angle": 45, "axis": "y", "origin": [8, 0, 8]},
			"faces": {
				"north": {"uv": [6.968, 0.032, 4.032, 2.968], "texture": "#4"},
				"east": {"uv": [6.968, 0.032, 4.032, 2.968], "texture": "#4"},
				"south": {"uv": [6.968, 0.032, 4.032, 2.968], "texture": "#4"},
				"west": {"uv": [6.968, 0.032, 4.032, 2.968], "texture": "#4"},
				"up": {"uv": [6.968, 0.032, 4.032, 2.968], "rotation": 270, "texture": "#4"},
				"down": {"uv": [6.968, 0.032, 4.032, 2.968], "rotation": 90, "texture": "#4"}
			}
		},
		{
			"from": [6.86863, 24, 5.36863],
			"to": [6.86863, 26, 8.36863],
			"rotation": {"angle": 45, "axis": "y", "origin": [6.86863, 25, 6.86863]},
			"faces": {
				"north": {"uv": [6.968, 0.032, 4.032, 2.968], "texture": "#4"},
				"east": {"uv": [6.968, 0.032, 4.032, 1.968], "texture": "#4"},
				"south": {"uv": [6.968, 0.032, 4.032, 2.968], "texture": "#4"},
				"west": {"uv": [6.968, 0.032, 4.032, 1.968], "texture": "#4"},
				"up": {"uv": [6.968, 0.032, 4.032, 2.968], "rotation": 270, "texture": "#4"},
				"down": {"uv": [6.968, 0.032, 4.032, 2.968], "rotation": 90, "texture": "#4"}
			}
		},
		{
			"from": [6.86863, 24, 8.61863],
			"to": [6.86863, 26, 11.61863],
			"rotation": {"angle": 45, "axis": "y", "origin": [6.86863, 25, 6.86863]},
			"faces": {
				"north": {"uv": [6.968, 0.032, 4.032, 2.968], "texture": "#4"},
				"east": {"uv": [6.968, 0.032, 4.032, 1.968], "texture": "#4"},
				"south": {"uv": [6.968, 0.032, 4.032, 2.968], "texture": "#4"},
				"west": {"uv": [6.968, 0.032, 4.032, 1.968], "texture": "#4"},
				"up": {"uv": [6.968, 0.032, 4.032, 2.968], "rotation": 270, "texture": "#4"},
				"down": {"uv": [6.968, 0.032, 4.032, 2.968], "rotation": 90, "texture": "#4"}
			}
		},
		{
			"from": [7.57574, 24, 7.07574],
			"to": [7.57574, 27, 9.37574],
			"rotation": {"angle": 45, "axis": "y", "origin": [7.57574, 25.5, 7.57574]},
			"faces": {
				"north": {"uv": [6.968, 0.032, 4.032, 2.968], "rotation": 270, "texture": "#4"},
				"east": {"uv": [6.968, 0.032, 4.032, 1.968], "rotation": 270, "texture": "#4"},
				"south": {"uv": [6.968, 0.032, 4.032, 2.968], "rotation": 270, "texture": "#4"},
				"west": {"uv": [6.968, 0.032, 4.032, 1.968], "rotation": 90, "texture": "#4"},
				"up": {"uv": [6.968, 0.032, 4.032, 2.968], "rotation": 180, "texture": "#4"},
				"down": {"uv": [6.968, 0.032, 4.032, 2.968], "texture": "#4"}
			}
		},
		{
			"from": [6.47574, 24, 8.07574],
			"to": [8.77574, 27, 8.07574],
			"rotation": {"angle": 45, "axis": "y", "origin": [7.57574, 25.5, 7.57574]},
			"faces": {
				"north": {"uv": [6.968, 0.032, 4.032, 1.968], "rotation": 270, "texture": "#4"},
				"east": {"uv": [6.968, 0.032, 4.032, 2.968], "rotation": 270, "texture": "#4"},
				"south": {"uv": [6.968, 0.032, 4.032, 1.968], "rotation": 90, "texture": "#4"},
				"west": {"uv": [6.968, 0.032, 4.032, 2.968], "rotation": 270, "texture": "#4"},
				"up": {"uv": [6.968, 0.032, 4.032, 2.968], "rotation": 90, "texture": "#4"},
				"down": {"uv": [6.968, 0.032, 4.032, 2.968], "rotation": 90, "texture": "#4"}
			}
		},
		{
			"from": [3.76863, 24, 8.36863],
			"to": [6.76863, 26, 8.36863],
			"rotation": {"angle": 45, "axis": "y", "origin": [6.86863, 25, 6.86863]},
			"faces": {
				"north": {"uv": [6.968, 0.032, 4.032, 1.968], "texture": "#4"},
				"east": {"uv": [6.968, 0.032, 4.032, 2.968], "texture": "#4"},
				"south": {"uv": [6.968, 0.032, 4.032, 1.968], "texture": "#4"},
				"west": {"uv": [6.968, 0.032, 4.032, 2.968], "texture": "#4"},
				"up": {"uv": [6.968, 0.032, 4.032, 2.968], "rotation": 180, "texture": "#4"},
				"down": {"uv": [6.968, 0.032, 4.032, 2.968], "rotation": 180, "texture": "#4"}
			}
		},
		{
			"from": [7.01863, 24, 8.36863],
			"to": [10.01863, 26, 8.36863],
			"rotation": {"angle": 45, "axis": "y", "origin": [6.86863, 25, 6.86863]},
			"faces": {
				"north": {"uv": [6.968, 0.032, 4.032, 1.968], "texture": "#4"},
				"east": {"uv": [6.968, 0.032, 4.032, 2.968], "texture": "#4"},
				"south": {"uv": [6.968, 0.032, 4.032, 1.968], "texture": "#4"},
				"west": {"uv": [6.968, 0.032, 4.032, 2.968], "texture": "#4"},
				"up": {"uv": [6.968, 0.032, 4.032, 2.968], "rotation": 180, "texture": "#4"},
				"down": {"uv": [6.968, 0.032, 4.032, 2.968], "rotation": 180, "texture": "#4"}
			}
		},
		{
			"from": [6.5, 24, 8],
			"to": [9.5, 27, 8],
			"rotation": {"angle": 0, "axis": "y", "origin": [8, 0, 8]},
			"faces": {
				"north": {"uv": [15.968, 0.032, 13.032, 2.968], "texture": "#4"},
				"east": {"uv": [6.968, 0.032, 4.032, 2.968], "texture": "#4"},
				"south": {"uv": [15.968, 0.032, 13.032, 2.968], "texture": "#4"},
				"west": {"uv": [6.968, 0.032, 4.032, 2.968], "texture": "#4"},
				"up": {"uv": [6.968, 0.032, 4.032, 2.968], "rotation": 180, "texture": "#4"},
				"down": {"uv": [6.968, 0.032, 4.032, 2.968], "rotation": 180, "texture": "#4"}
			}
		},
		{
			"from": [8.75, -1.85025, 6.37525],
			"to": [12.75, 13.14975, 9.37525],
			"rotation": {"angle": -22.5, "axis": "x", "origin": [8, 6.94975, 3.11275]},
			"faces": {
				"north": {"uv": [8.06, 0.06, 11.94, 14.94], "rotation": 180, "texture": "#6"},
				"east": {"uv": [5.06, 0.06, 7.94, 14.94], "rotation": 180, "texture": "#6"},
				"south": {"uv": [12.06, 0.06, 15.94, 14.94], "rotation": 180, "texture": "#6"},
				"west": {"uv": [7.94, 0.06, 5.06, 14.94], "rotation": 180, "texture": "#6"},
				"up": {"uv": [1.06, 12.06, 4.94, 14.94], "texture": "#6"},
				"down": {"uv": [1.06, 14.94, 4.94, 12.06], "texture": "#6"}
			}
		},
		{
			"from": [8.45, -1.85025, 6.37525],
			"to": [8.45, 13.14975, 9.37525],
			"rotation": {"angle": -22.5, "axis": "x", "origin": [8, 6.94975, 3.11275]},
			"faces": {
				"north": {"uv": [0.032, 0.032, 0.032, 0.032], "rotation": 180, "texture": "#7"},
				"east": {"uv": [0.032, 0.032, 0.032, 0.032], "rotation": 270, "texture": "#7"},
				"south": {"uv": [0.032, 0.032, 0.032, 0.032], "texture": "#7"},
				"west": {"uv": [7.94, 0.06, 5.06, 14.94], "rotation": 180, "texture": "#7"},
				"up": {"uv": [0.032, 0.032, 0.032, 0.032], "rotation": 180, "texture": "#7"},
				"down": {"uv": [0.032, 0.032, 0.032, 0.032], "texture": "#7"}
			}
		},
		{
			"from": [13.05, -1.85025, 6.37525],
			"to": [13.05, 13.14975, 9.37525],
			"rotation": {"angle": -22.5, "axis": "x", "origin": [8, 6.94975, 3.11275]},
			"faces": {
				"north": {"uv": [0.032, 0.032, 0.032, 0.032], "rotation": 180, "texture": "#7"},
				"east": {"uv": [5.06, 0.06, 7.94, 14.94], "rotation": 180, "texture": "#7"},
				"south": {"uv": [0.032, 0.032, 0.032, 0.032], "texture": "#7"},
				"west": {"uv": [0.032, 0.032, 0.032, 0.032], "rotation": 90, "texture": "#7"},
				"up": {"uv": [0.032, 0.032, 0.032, 0.032], "rotation": 180, "texture": "#7"},
				"down": {"uv": [0.032, 0.032, 0.032, 0.032], "texture": "#7"}
			}
		},
		{
			"from": [8.75, -1.85025, 9.62525],
			"to": [12.75, 13.14975, 9.62525],
			"rotation": {"angle": -22.5, "axis": "x", "origin": [8, 6.94975, 3.11275]},
			"faces": {
				"north": {"uv": [0.032, 0.032, 0.032, 0.032], "rotation": 180, "texture": "#7"},
				"east": {"uv": [0.032, 0.032, 0.032, 0.032], "rotation": 270, "texture": "#7"},
				"south": {"uv": [12.06, 0.06, 15.94, 14.94], "rotation": 180, "texture": "#7"},
				"west": {"uv": [0.032, 0.032, 0.032, 0.032], "rotation": 90, "texture": "#7"},
				"up": {"uv": [0.032, 0.032, 0.032, 0.032], "rotation": 180, "texture": "#7"},
				"down": {"uv": [0.032, 0.032, 0.032, 0.032], "texture": "#7"}
			}
		},
		{
			"from": [5.75, -0.05025, 2.87525],
			"to": [9.75, 14.94975, 5.87525],
			"rotation": {"angle": -22.5, "axis": "x", "origin": [8, 6.94975, 3.11275]},
			"faces": {
				"north": {"uv": [8.06, 0.06, 11.94, 14.94], "rotation": 180, "texture": "#6"},
				"east": {"uv": [5.06, 0.06, 7.94, 14.94], "rotation": 180, "texture": "#6"},
				"south": {"uv": [12.06, 0.06, 15.94, 14.94], "rotation": 180, "texture": "#6"},
				"west": {"uv": [7.94, 0.06, 5.06, 14.94], "rotation": 180, "texture": "#6"},
				"up": {"uv": [1.06, 12.06, 4.94, 14.94], "texture": "#6"},
				"down": {"uv": [1.06, 14.94, 4.94, 12.06], "texture": "#6"}
			}
		},
		{
			"from": [5.45, -0.05025, 2.87525],
			"to": [5.45, 14.94975, 5.87525],
			"rotation": {"angle": -22.5, "axis": "x", "origin": [8, 6.94975, 3.11275]},
			"faces": {
				"north": {"uv": [0.032, 0.032, 0.032, 0.032], "rotation": 180, "texture": "#7"},
				"east": {"uv": [0.032, 0.032, 0.032, 0.032], "rotation": 270, "texture": "#7"},
				"south": {"uv": [0.032, 0.032, 0.032, 0.032], "texture": "#7"},
				"west": {"uv": [7.94, 0.06, 5.06, 14.94], "rotation": 180, "texture": "#7"},
				"up": {"uv": [0.032, 0.032, 0.032, 0.032], "rotation": 180, "texture": "#7"},
				"down": {"uv": [0.032, 0.032, 0.032, 0.032], "texture": "#7"}
			}
		},
		{
			"from": [10.05, -0.05025, 2.87525],
			"to": [10.05, 14.94975, 5.87525],
			"rotation": {"angle": -22.5, "axis": "x", "origin": [8, 6.94975, 3.11275]},
			"faces": {
				"north": {"uv": [0.032, 0.032, 0.032, 0.032], "rotation": 180, "texture": "#7"},
				"east": {"uv": [5.06, 0.06, 7.94, 14.94], "rotation": 180, "texture": "#7"},
				"south": {"uv": [0.032, 0.032, 0.032, 0.032], "texture": "#7"},
				"west": {"uv": [0.032, 0.032, 0.032, 0.032], "rotation": 90, "texture": "#7"},
				"up": {"uv": [0.032, 0.032, 0.032, 0.032], "rotation": 180, "texture": "#7"},
				"down": {"uv": [0.032, 0.032, 0.032, 0.032], "texture": "#7"}
			}
		},
		{
			"from": [5.75, -0.05025, 6.12525],
			"to": [9.75, 14.94975, 6.12525],
			"rotation": {"angle": -22.5, "axis": "x", "origin": [8, 6.94975, 3.11275]},
			"faces": {
				"north": {"uv": [0.032, 0.032, 0.032, 0.032], "rotation": 180, "texture": "#7"},
				"east": {"uv": [0.032, 0.032, 0.032, 0.032], "rotation": 270, "texture": "#7"},
				"south": {"uv": [12.06, 0.06, 15.94, 14.94], "rotation": 180, "texture": "#7"},
				"west": {"uv": [0.032, 0.032, 0.032, 0.032], "rotation": 90, "texture": "#7"},
				"up": {"uv": [0.032, 0.032, 0.032, 0.032], "rotation": 180, "texture": "#7"},
				"down": {"uv": [0.032, 0.032, 0.032, 0.032], "texture": "#7"}
			}
		},
		{
			"from": [2.81324, 2.88608, 5.35666],
			"to": [6.26492, 9.78944, 13.12294],
			"rotation": {"angle": 22.5, "axis": "z", "origin": [6.23206, 7.08776, 9.2398]},
			"faces": {
				"north": {"uv": [0.06, 8.06, 7.94, 11.94], "rotation": 270, "texture": "#8"},
				"east": {"uv": [0.06, 0.06, 8.94, 7.94], "texture": "#8"},
				"south": {"uv": [0.06, 8.06, 7.94, 11.94], "rotation": 90, "texture": "#8"},
				"west": {"uv": [4.06, 9.06, 8.94, 11.94], "rotation": 180, "texture": "#8"},
				"up": {"uv": [0.06, 8.06, 8.94, 11.94], "rotation": 90, "texture": "#8"},
				"down": {"uv": [0.06, 8.06, 8.94, 11.94], "rotation": 90, "texture": "#8"}
			}
		},
		{
			"from": [6.26492, 3.749, 6.21958],
			"to": [7.12784, 8.92652, 12.26002],
			"rotation": {"angle": 22.5, "axis": "z", "origin": [6.23206, 7.08776, 9.2398]},
			"faces": {
				"north": {"uv": [0.06, 7.06, 5.94, 7.94], "rotation": 270, "texture": "#8"},
				"east": {"uv": [1.06, 1.06, 7.94, 6.94], "texture": "#8"},
				"south": {"uv": [1.06, 0.06, 6.94, 0.94], "rotation": 90, "texture": "#8"},
				"west": {"uv": [0.06, 0.06, -0.032, -0.032], "rotation": 180, "texture": "#8"},
				"up": {"uv": [2.06, 7.06, 8.94, 7.94], "rotation": 90, "texture": "#8"},
				"down": {"uv": [0.06, 8.06, 6.94, 8.94], "rotation": 90, "texture": "#8"}
			}
		},
		{
			"from": [7.32784, 3.749, 6.21958],
			"to": [7.32784, 8.92652, 12.26002],
			"rotation": {"angle": 22.5, "axis": "z", "origin": [6.23206, 7.08776, 9.2398]},
			"faces": {
				"north": {"uv": [0.032, 0.032, 0.032, 0.032], "rotation": 270, "texture": "#9"},
				"east": {"uv": [1.06, 1.06, 7.94, 6.94], "texture": "#9"},
				"south": {"uv": [0.032, 0.032, 0.032, 0.032], "rotation": 90, "texture": "#9"},
				"up": {"uv": [0.032, 0.032, 0.032, 0.032], "rotation": 90, "texture": "#9"},
				"down": {"uv": [0.032, 0.032, 0.032, 0.032], "rotation": 90, "texture": "#9"}
			}
		},
		{
			"from": [6.36492, 2.88608, 5.35666],
			"to": [6.36492, 9.78944, 13.12294],
			"rotation": {"angle": 22.5, "axis": "z", "origin": [6.23206, 7.08776, 9.2398]},
			"faces": {
				"east": {"uv": [0.06, 0.06, 8.94, 7.94], "texture": "#9"}
			}
		}
	],
	"display": {
		"thirdperson_righthand": {
			"rotation": [65, -180, 0],
			"translation": [-6.25, 4, 1]
		},
		"firstperson_righthand": {
			"translation": [3.75, -0.75, 0]
		},
		"ground": {
			"translation": [0, 4, 0]
		},
		"gui": {
			"rotation": [28.25, -27.5, 0],
			"translation": [0, 0.5, 0]
		},
		"fixed": {
			"rotation": [90, 0, 0],
			"translation": [0, 0, -37],
			"scale": [2, 2, 2]
		}
	},
	"groups": [
		{
			"name": "basket",
			"origin": [8, 8, 8],
			"color": 0,
			"children": [
				0,
				1,
				2,
				3,
				4,
				{
					"name": "cloth",
					"origin": [8, 8, 8],
					"color": 0,
					"children": [5, 6, 7, 8]
				},
				{
					"name": "rope",
					"origin": [8, 8, 8],
					"color": 0,
					"children": [
						9,
						10,
						11,
						12,
						13,
						14,
						15,
						{
							"name": "rope",
							"origin": [8, 8, 8],
							"color": 0,
							"children": [16, 17, 18, 19, 20, 21, 22]
						}
					]
				},
				{
					"name": "rope",
					"origin": [8, 8, 8],
					"color": 0,
					"children": [
						23,
						24,
						25,
						26,
						27,
						28,
						29,
						{
							"name": "rope",
							"origin": [8, 8, 8],
							"color": 0,
							"children": [30, 31, 32, 33, 34, 35, 36, 37, 38, 39, 40, 41, 42]
						}
					]
				}
			]
		},
		{
			"name": "bread3",
			"origin": [0, 0, 0],
			"color": 0,
			"children": [43, 44, 45, 46]
		},
		{
			"name": "bread3",
			"origin": [0, 0, 0],
			"color": 0,
			"children": [47, 48, 49, 50]
		},
		{
			"name": "bread1",
			"origin": [0, 0, 0],
			"color": 0,
			"children": [51, 52, 53, 54]
		}
	]
}