{
	"credit": "Made with Blockbench",
	"textures": {
		"1": "block/Hananacraft archive/stripped_oak_log_a",
		"4": "block/rope",
		"5": "block/hangingbasketbase",
		"6": "block/bread2",
		"7": "block/bread2_layer",
		"8": "block/bread1",
		"9": "block/bread1_layer",
		"10": "block/Hananacraft archive/plaid2_brown",
		"12": "block/Hananacraft archive/white_wool_teatowel",
		"particle": "block/bread2"
	},
	"elements": [
		{
			"from": [2, 3, 2],
			"to": [14, 5, 14],
			"rotation": {"angle": 0, "axis": "y", "origin": [8.49659, 16.84252, 7.97993]},
			"faces": {
				"north": {"uv": [2.032, 12.032, 13.968, 13.968], "texture": "#5"},
				"east": {"uv": [2.032, 12.032, 13.968, 13.968], "texture": "#5"},
				"south": {"uv": [2.032, 12.032, 13.968, 13.968], "texture": "#5"},
				"west": {"uv": [2.032, 12.032, 13.968, 13.968], "texture": "#5"},
				"up": {"uv": [2.032, 1.032, 13.968, 12.968], "texture": "#5"},
				"down": {"uv": [2.032, 2.032, 13.968, 13.968], "texture": "#5"}
			}
		},
		{
			"from": [3, 5, 1],
			"to": [13, 9, 3],
			"rotation": {"angle": 0, "axis": "y", "origin": [8.49659, 16.84252, 7.97993]},
			"faces": {
				"north": {"uv": [2.032, 14.968, 11.968, 11.032], "texture": "#5"},
				"east": {"uv": [0.032, 0.032, 1.968, 3.968], "texture": "#5"},
				"south": {"uv": [3.032, 1.032, 12.968, 4.968], "texture": "#5"},
				"west": {"uv": [0.032, 0.032, 1.968, 3.968], "texture": "#5"},
				"up": {"uv": [3.032, 0.032, 12.968, 1.968], "texture": "#1"},
				"down": {"uv": [3.032, 4.032, 12.968, 5.968], "texture": "#5"}
			}
		},
		{
			"from": [3, 5, 13],
			"to": [13, 9, 15],
			"rotation": {"angle": 0, "axis": "y", "origin": [8.49659, 16.84252, 7.97993]},
			"faces": {
				"north": {"uv": [3.032, 1.032, 12.968, 4.968], "texture": "#5"},
				"east": {"uv": [0.032, 0.032, 1.968, 3.968], "texture": "#5"},
				"south": {"uv": [2.032, 14.968, 11.968, 11.032], "texture": "#5"},
				"west": {"uv": [0.032, 0.032, 1.968, 3.968], "texture": "#5"},
				"up": {"uv": [2.032, 0.032, 11.968, 1.968], "texture": "#1"},
				"down": {"uv": [2.032, 11.032, 11.968, 12.968], "texture": "#5"}
			}
		},
		{
			"from": [1, 5, 1],
			"to": [3, 9, 15],
			"rotation": {"angle": 0, "axis": "y", "origin": [8.49659, 16.84252, 7.97993]},
			"faces": {
				"north": {"uv": [8.032, 14.968, 9.968, 11.032], "texture": "#5"},
				"east": {"uv": [1.032, 1.032, 14.968, 4.968], "texture": "#5"},
				"south": {"uv": [8.032, 14.968, 9.968, 11.032], "texture": "#5"},
				"west": {"uv": [1.032, 14.968, 14.968, 11.032], "texture": "#5"},
				"up": {"uv": [1.032, 1.032, 2.968, 14.968], "texture": "#1"},
				"down": {"uv": [4.032, 1.032, 5.968, 14.968], "texture": "#5"}
			}
		},
		{
			"from": [13, 5, 1],
			"to": [15, 9, 15],
			"rotation": {"angle": 0, "axis": "y", "origin": [8.49659, 16.84252, 7.97993]},
			"faces": {
				"north": {"uv": [8.032, 14.968, 9.968, 11.032], "texture": "#5"},
				"east": {"uv": [1.032, 14.968, 14.968, 11.032], "texture": "#5"},
				"south": {"uv": [8.032, 14.968, 9.968, 11.032], "texture": "#5"},
				"west": {"uv": [1.032, 1.032, 14.968, 4.968], "texture": "#5"},
				"up": {"uv": [13.032, 0.032, 14.968, 13.968], "texture": "#1"},
				"down": {"uv": [12.032, 1.032, 13.968, 14.968], "texture": "#5"}
			}
		},
		{
			"from": [0.77466, 9.23059, 2.97874],
			"to": [3.17466, 9.23059, 12.97874],
			"rotation": {"angle": 0, "axis": "y", "origin": [7.50341, 16.84252, 7.97993]},
			"faces": {
				"north": {"uv": [2.4, 0.032, 0.032, -0.032], "texture": "#12"},
				"east": {"uv": [9.968, 0.032, 0.032, -0.032], "texture": "#12"},
				"south": {"uv": [2.4, 0.032, 0.032, -0.032], "texture": "#12"},
				"west": {"uv": [9.968, 0.032, 0.032, -0.032], "texture": "#12"},
				"up": {"uv": [5.032, 0.032, 14.968, 2.4], "rotation": 90, "texture": "#12"},
				"down": {"uv": [0.032, 2.4, 9.968, 0.032], "rotation": 270, "texture": "#12"}
			}
		},
		{
			"from": [4.20043, 3.83595, 2.97874],
			"to": [4.20043, 7.23595, 12.97874],
			"rotation": {"angle": -22.5, "axis": "z", "origin": [7.50341, 16.84252, 7.97993]},
			"faces": {
				"north": {"uv": [0.032, 0.032, 3.4, -0.032], "rotation": 270, "texture": "#12"},
				"east": {"uv": [14.968, 12.032, 5.032, 15.4], "rotation": 180, "texture": "#12"},
				"south": {"uv": [0.032, 0.032, 3.4, -0.032], "rotation": 90, "texture": "#12"},
				"west": {"uv": [14.968, 12.032, 5.032, 15.4], "rotation": 180, "texture": "#12"},
				"up": {"uv": [0.032, 0.032, 9.968, -0.032], "rotation": 90, "texture": "#12"},
				"down": {"uv": [0.032, 0.032, 9.968, -0.032], "rotation": 90, "texture": "#12"}
			}
		},
		{
			"from": [3.17566, 4.98159, 2.97874],
			"to": [3.17566, 9.23159, 12.97874],
			"rotation": {"angle": 0, "axis": "y", "origin": [7.50341, 16.84252, 7.97993]},
			"faces": {
				"north": {"uv": [0.032, 0.032, 4.25, -0.032], "rotation": 90, "texture": "#12"},
				"east": {"uv": [14.968, 5.032, 5.032, 9.25], "texture": "#12"},
				"south": {"uv": [0.032, 0.032, 4.25, -0.032], "rotation": 270, "texture": "#12"},
				"west": {"uv": [9.968, 0.032, 0.032, 4.25], "rotation": 180, "texture": "#12"},
				"up": {"uv": [0.032, 0.032, 9.968, -0.032], "rotation": 270, "texture": "#12"},
				"down": {"uv": [0.032, 0.032, 9.968, -0.032], "rotation": 270, "texture": "#12"}
			}
		},
		{
			"from": [3.17566, 5.23059, 2.97874],
			"to": [7.42566, 5.23059, 12.97874],
			"rotation": {"angle": 0, "axis": "y", "origin": [7.50341, 16.84252, 7.97993]},
			"faces": {
				"north": {"uv": [4.25, 0.032, 0.032, -0.032], "texture": "#12"},
				"east": {"uv": [9.968, 0.032, 0.032, -0.032], "texture": "#12"},
				"south": {"uv": [4.25, 0.032, 0.032, -0.032], "texture": "#12"},
				"west": {"uv": [9.968, 0.032, 0.032, -0.032], "texture": "#12"},
				"up": {"uv": [5.032, 4.032, 14.968, 8.25], "rotation": 90, "texture": "#12"},
				"down": {"uv": [0.032, 4.25, 9.968, 0.032], "rotation": 270, "texture": "#12"}
			}
		},
		{
			"from": [0.03126, 2, 7.64298],
			"to": [17.03126, 3, 7.64298],
			"rotation": {"angle": 45, "axis": "y", "origin": [8.49659, 16.84252, 7.97993]},
			"faces": {
				"north": {"uv": [0.032, 13.032, 15.968, 13.968], "texture": "#4"},
				"east": {"uv": [0.032, 0.032, -0.032, 9.968], "texture": "#4"},
				"south": {"uv": [2.968, 0.032, 0.032, 1.968], "texture": "#4"},
				"west": {"uv": [0.032, 0.032, -0.032, 9.968], "texture": "#4"},
				"up": {"uv": [2.968, 0.032, 0.032, -0.032], "rotation": 180, "texture": "#4"},
				"down": {"uv": [2.968, 0.032, 0.032, -0.032], "rotation": 180, "texture": "#4"}
			}
		},
		{
			"from": [0.03126, 12, 7.64298],
			"to": [3.03126, 15, 7.64298],
			"rotation": {"angle": 45, "axis": "y", "origin": [8.49659, 16.84252, 7.97993]},
			"faces": {
				"north": {"uv": [6.968, 0.032, 4.032, 2.968], "texture": "#4"},
				"east": {"uv": [6.968, 0.032, 4.032, 2.968], "texture": "#4"},
				"south": {"uv": [6.968, 0.032, 4.032, 2.968], "texture": "#4"},
				"west": {"uv": [6.968, 0.032, 4.032, 2.968], "texture": "#4"},
				"up": {"uv": [6.968, 0.032, 4.032, 2.968], "rotation": 180, "texture": "#4"},
				"down": {"uv": [6.968, 0.032, 4.032, 2.968], "rotation": 180, "texture": "#4"}
			}
		},
		{
			"from": [-0.96874, 9, 7.64298],
			"to": [2.03126, 12, 7.64298],
			"rotation": {"angle": 45, "axis": "y", "origin": [8.49659, 16.84252, 7.97993]},
			"faces": {
				"north": {"uv": [6.968, 0.032, 4.032, 2.968], "texture": "#4"},
				"east": {"uv": [6.968, 0.032, 4.032, 2.968], "texture": "#4"},
				"south": {"uv": [6.968, 0.032, 4.032, 2.968], "texture": "#4"},
				"west": {"uv": [6.968, 0.032, 4.032, 2.968], "texture": "#4"},
				"up": {"uv": [6.968, 0.032, 4.032, 2.968], "rotation": 180, "texture": "#4"},
				"down": {"uv": [6.968, 0.032, 4.032, 2.968], "rotation": 180, "texture": "#4"}
			}
		},
		{
			"from": [1.03126, 15, 7.64298],
			"to": [4.03126, 18, 7.64298],
			"rotation": {"angle": 45, "axis": "y", "origin": [8.49659, 16.84252, 7.97993]},
			"faces": {
				"north": {"uv": [6.968, 0.032, 4.032, 2.968], "texture": "#4"},
				"east": {"uv": [6.968, 0.032, 4.032, 2.968], "texture": "#4"},
				"south": {"uv": [6.968, 0.032, 4.032, 2.968], "texture": "#4"},
				"west": {"uv": [6.968, 0.032, 4.032, 2.968], "texture": "#4"},
				"up": {"uv": [6.968, 0.032, 4.032, 2.968], "rotation": 180, "texture": "#4"},
				"down": {"uv": [6.968, 0.032, 4.032, 2.968], "rotation": 180, "texture": "#4"}
			}
		},
		{
			"from": [2.03126, 18, 7.64298],
			"to": [5.03126, 21, 7.64298],
			"rotation": {"angle": 45, "axis": "y", "origin": [8.49659, 16.84252, 7.97993]},
			"faces": {
				"north": {"uv": [6.968, 0.032, 4.032, 2.968], "texture": "#4"},
				"east": {"uv": [6.968, 0.032, 4.032, 2.968], "texture": "#4"},
				"south": {"uv": [6.968, 0.032, 4.032, 2.968], "texture": "#4"},
				"west": {"uv": [6.968, 0.032, 4.032, 2.968], "texture": "#4"},
				"up": {"uv": [6.968, 0.032, 4.032, 2.968], "rotation": 180, "texture": "#4"},
				"down": {"uv": [6.968, 0.032, 4.032, 2.968], "rotation": 180, "texture": "#4"}
			}
		},
		{
			"from": [3.03126, 21, 7.64298],
			"to": [6.03126, 24, 7.64298],
			"rotation": {"angle": 45, "axis": "y", "origin": [8.49659, 16.84252, 7.97993]},
			"faces": {
				"north": {"uv": [6.968, 0.032, 4.032, 2.968], "texture": "#4"},
				"east": {"uv": [6.968, 0.032, 4.032, 2.968], "texture": "#4"},
				"south": {"uv": [6.968, 0.032, 4.032, 2.968], "texture": "#4"},
				"west": {"uv": [6.968, 0.032, 4.032, 2.968], "texture": "#4"},
				"up": {"uv": [6.968, 0.032, 4.032, 2.968], "rotation": 180, "texture": "#4"},
				"down": {"uv": [6.968, 0.032, 4.032, 2.968], "rotation": 180, "texture": "#4"}
			}
		},
		{
			"from": [4.03126, 24, 7.64298],
			"to": [7.03126, 27, 7.64298],
			"rotation": {"angle": 45, "axis": "y", "origin": [8.49659, 16.84252, 7.97993]},
			"faces": {
				"north": {"uv": [6.968, 0.032, 4.032, 2.968], "texture": "#4"},
				"east": {"uv": [6.968, 0.032, 4.032, 2.968], "texture": "#4"},
				"south": {"uv": [6.968, 0.032, 4.032, 2.968], "texture": "#4"},
				"west": {"uv": [6.968, 0.032, 4.032, 2.968], "texture": "#4"},
				"up": {"uv": [6.968, 0.032, 4.032, 2.968], "rotation": 180, "texture": "#4"},
				"down": {"uv": [6.968, 0.032, 4.032, 2.968], "rotation": 180, "texture": "#4"}
			}
		},
		{
			"from": [13.23126, 12, 7.64298],
			"to": [16.23126, 15, 7.64298],
			"rotation": {"angle": 45, "axis": "y", "origin": [8.49659, 16.84252, 7.97993]},
			"faces": {
				"north": {"uv": [6.968, 0.032, 4.032, 2.968], "texture": "#4"},
				"east": {"uv": [6.968, 0.032, 4.032, 2.968], "texture": "#4"},
				"south": {"uv": [6.968, 0.032, 4.032, 2.968], "texture": "#4"},
				"west": {"uv": [6.968, 0.032, 4.032, 2.968], "texture": "#4"},
				"up": {"uv": [6.968, 0.032, 4.032, 2.968], "texture": "#4"},
				"down": {"uv": [6.968, 0.032, 4.032, 2.968], "texture": "#4"}
			}
		},
		{
			"from": [14.23126, 9, 7.64298],
			"to": [17.23126, 12, 7.64298],
			"rotation": {"angle": 45, "axis": "y", "origin": [8.49659, 16.84252, 7.97993]},
			"faces": {
				"north": {"uv": [6.968, 0.032, 4.032, 2.968], "texture": "#4"},
				"east": {"uv": [6.968, 0.032, 4.032, 2.968], "texture": "#4"},
				"south": {"uv": [6.968, 0.032, 4.032, 2.968], "texture": "#4"},
				"west": {"uv": [6.968, 0.032, 4.032, 2.968], "texture": "#4"},
				"up": {"uv": [6.968, 0.032, 4.032, 2.968], "texture": "#4"},
				"down": {"uv": [6.968, 0.032, 4.032, 2.968], "texture": "#4"}
			}
		},
		{
			"from": [12.23126, 15, 7.64298],
			"to": [15.23126, 18, 7.64298],
			"rotation": {"angle": 45, "axis": "y", "origin": [8.49659, 16.84252, 7.97993]},
			"faces": {
				"north": {"uv": [6.968, 0.032, 4.032, 2.968], "texture": "#4"},
				"east": {"uv": [6.968, 0.032, 4.032, 2.968], "texture": "#4"},
				"south": {"uv": [6.968, 0.032, 4.032, 2.968], "texture": "#4"},
				"west": {"uv": [6.968, 0.032, 4.032, 2.968], "texture": "#4"},
				"up": {"uv": [6.968, 0.032, 4.032, 2.968], "texture": "#4"},
				"down": {"uv": [6.968, 0.032, 4.032, 2.968], "texture": "#4"}
			}
		},
		{
			"from": [11.23126, 18, 7.64298],
			"to": [14.23126, 21, 7.64298],
			"rotation": {"angle": 45, "axis": "y", "origin": [8.49659, 16.84252, 7.97993]},
			"faces": {
				"north": {"uv": [6.968, 0.032, 4.032, 2.968], "texture": "#4"},
				"east": {"uv": [6.968, 0.032, 4.032, 2.968], "texture": "#4"},
				"south": {"uv": [6.968, 0.032, 4.032, 2.968], "texture": "#4"},
				"west": {"uv": [6.968, 0.032, 4.032, 2.968], "texture": "#4"},
				"up": {"uv": [6.968, 0.032, 4.032, 2.968], "texture": "#4"},
				"down": {"uv": [6.968, 0.032, 4.032, 2.968], "texture": "#4"}
			}
		},
		{
			"from": [10.23126, 21, 7.64298],
			"to": [13.23126, 24, 7.64298],
			"rotation": {"angle": 45, "axis": "y", "origin": [8.49659, 16.84252, 7.97993]},
			"faces": {
				"north": {"uv": [6.968, 0.032, 4.032, 2.968], "texture": "#4"},
				"east": {"uv": [6.968, 0.032, 4.032, 2.968], "texture": "#4"},
				"south": {"uv": [6.968, 0.032, 4.032, 2.968], "texture": "#4"},
				"west": {"uv": [6.968, 0.032, 4.032, 2.968], "texture": "#4"},
				"up": {"uv": [6.968, 0.032, 4.032, 2.968], "texture": "#4"},
				"down": {"uv": [6.968, 0.032, 4.032, 2.968], "texture": "#4"}
			}
		},
		{
			"from": [9.23126, 24, 7.64298],
			"to": [12.23126, 27, 7.64298],
			"rotation": {"angle": 45, "axis": "y", "origin": [8.49659, 16.84252, 7.97993]},
			"faces": {
				"north": {"uv": [6.968, 0.032, 4.032, 2.968], "texture": "#4"},
				"east": {"uv": [6.968, 0.032, 4.032, 2.968], "texture": "#4"},
				"south": {"uv": [6.968, 0.032, 4.032, 2.968], "texture": "#4"},
				"west": {"uv": [6.968, 0.032, 4.032, 2.968], "texture": "#4"},
				"up": {"uv": [6.968, 0.032, 4.032, 2.968], "texture": "#4"},
				"down": {"uv": [6.968, 0.032, 4.032, 2.968], "texture": "#4"}
			}
		},
		{
			"from": [8, 27, 6.5],
			"to": [8, 30, 9.5],
			"rotation": {"angle": 0, "axis": "y", "origin": [8.49659, 16.84252, 7.97993]},
			"faces": {
				"north": {"uv": [6.968, 0.032, 4.032, 2.968], "texture": "#4"},
				"east": {"uv": [15.968, 0.032, 13.032, 2.968], "texture": "#4"},
				"south": {"uv": [6.968, 0.032, 4.032, 2.968], "texture": "#4"},
				"west": {"uv": [15.968, 0.032, 13.032, 2.968], "texture": "#4"},
				"up": {"uv": [6.968, 0.032, 4.032, 2.968], "rotation": 270, "texture": "#4"},
				"down": {"uv": [6.968, 0.032, 4.032, 2.968], "rotation": 90, "texture": "#4"}
			}
		},
		{
			"from": [8.13126, 2, -1.25702],
			"to": [8.13126, 3, 15.74298],
			"rotation": {"angle": 45, "axis": "y", "origin": [8.49659, 16.84252, 7.97993]},
			"faces": {
				"north": {"uv": [0.032, 0.032, -0.032, 9.968], "texture": "#4"},
				"east": {"uv": [2.968, 0.032, 0.032, 1.968], "texture": "#4"},
				"south": {"uv": [0.032, 0.032, -0.032, 9.968], "texture": "#4"},
				"west": {"uv": [0.032, 13.032, 15.968, 13.968], "texture": "#4"},
				"up": {"uv": [2.968, 0.032, 0.032, -0.032], "rotation": 90, "texture": "#4"},
				"down": {"uv": [2.968, 0.032, 0.032, -0.032], "rotation": 270, "texture": "#4"}
			}
		},
		{
			"from": [8.13126, 12, 12.74298],
			"to": [8.13126, 15, 15.74298],
			"rotation": {"angle": 45, "axis": "y", "origin": [8.49659, 16.84252, 7.97993]},
			"faces": {
				"north": {"uv": [6.968, 0.032, 4.032, 2.968], "texture": "#4"},
				"east": {"uv": [6.968, 0.032, 4.032, 2.968], "texture": "#4"},
				"south": {"uv": [6.968, 0.032, 4.032, 2.968], "texture": "#4"},
				"west": {"uv": [6.968, 0.032, 4.032, 2.968], "texture": "#4"},
				"up": {"uv": [6.968, 0.032, 4.032, 2.968], "rotation": 90, "texture": "#4"},
				"down": {"uv": [6.968, 0.032, 4.032, 2.968], "rotation": 270, "texture": "#4"}
			}
		},
		{
			"from": [8.13126, 9, 13.74298],
			"to": [8.13126, 12, 16.74298],
			"rotation": {"angle": 45, "axis": "y", "origin": [8.49659, 16.84252, 7.97993]},
			"faces": {
				"north": {"uv": [6.968, 0.032, 4.032, 2.968], "texture": "#4"},
				"east": {"uv": [6.968, 0.032, 4.032, 2.968], "texture": "#4"},
				"south": {"uv": [6.968, 0.032, 4.032, 2.968], "texture": "#4"},
				"west": {"uv": [6.968, 0.032, 4.032, 2.968], "texture": "#4"},
				"up": {"uv": [6.968, 0.032, 4.032, 2.968], "rotation": 90, "texture": "#4"},
				"down": {"uv": [6.968, 0.032, 4.032, 2.968], "rotation": 270, "texture": "#4"}
			}
		},
		{
			"from": [8.13126, 15, 11.74298],
			"to": [8.13126, 18, 14.74298],
			"rotation": {"angle": 45, "axis": "y", "origin": [8.49659, 16.84252, 7.97993]},
			"faces": {
				"north": {"uv": [6.968, 0.032, 4.032, 2.968], "texture": "#4"},
				"east": {"uv": [6.968, 0.032, 4.032, 2.968], "texture": "#4"},
				"south": {"uv": [6.968, 0.032, 4.032, 2.968], "texture": "#4"},
				"west": {"uv": [6.968, 0.032, 4.032, 2.968], "texture": "#4"},
				"up": {"uv": [6.968, 0.032, 4.032, 2.968], "rotation": 90, "texture": "#4"},
				"down": {"uv": [6.968, 0.032, 4.032, 2.968], "rotation": 270, "texture": "#4"}
			}
		},
		{
			"from": [8.13126, 18, 10.74298],
			"to": [8.13126, 21, 13.74298],
			"rotation": {"angle": 45, "axis": "y", "origin": [8.49659, 16.84252, 7.97993]},
			"faces": {
				"north": {"uv": [6.968, 0.032, 4.032, 2.968], "texture": "#4"},
				"east": {"uv": [6.968, 0.032, 4.032, 2.968], "texture": "#4"},
				"south": {"uv": [6.968, 0.032, 4.032, 2.968], "texture": "#4"},
				"west": {"uv": [6.968, 0.032, 4.032, 2.968], "texture": "#4"},
				"up": {"uv": [6.968, 0.032, 4.032, 2.968], "rotation": 90, "texture": "#4"},
				"down": {"uv": [6.968, 0.032, 4.032, 2.968], "rotation": 270, "texture": "#4"}
			}
		},
		{
			"from": [8.13126, 21, 9.74298],
			"to": [8.13126, 24, 12.74298],
			"rotation": {"angle": 45, "axis": "y", "origin": [8.49659, 16.84252, 7.97993]},
			"faces": {
				"north": {"uv": [6.968, 0.032, 4.032, 2.968], "texture": "#4"},
				"east": {"uv": [6.968, 0.032, 4.032, 2.968], "texture": "#4"},
				"south": {"uv": [6.968, 0.032, 4.032, 2.968], "texture": "#4"},
				"west": {"uv": [6.968, 0.032, 4.032, 2.968], "texture": "#4"},
				"up": {"uv": [6.968, 0.032, 4.032, 2.968], "rotation": 90, "texture": "#4"},
				"down": {"uv": [6.968, 0.032, 4.032, 2.968], "rotation": 270, "texture": "#4"}
			}
		},
		{
			"from": [8.13126, 24, 8.74298],
			"to": [8.13126, 27, 11.74298],
			"rotation": {"angle": 45, "axis": "y", "origin": [8.49659, 16.84252, 7.97993]},
			"faces": {
				"north": {"uv": [6.968, 0.032, 4.032, 2.968], "texture": "#4"},
				"east": {"uv": [6.968, 0.032, 4.032, 2.968], "texture": "#4"},
				"south": {"uv": [6.968, 0.032, 4.032, 2.968], "texture": "#4"},
				"west": {"uv": [6.968, 0.032, 4.032, 2.968], "texture": "#4"},
				"up": {"uv": [6.968, 0.032, 4.032, 2.968], "rotation": 90, "texture": "#4"},
				"down": {"uv": [6.968, 0.032, 4.032, 2.968], "rotation": 270, "texture": "#4"}
			}
		},
		{
			"from": [8.13126, 12, -0.45702],
			"to": [8.13126, 15, 2.54298],
			"rotation": {"angle": 45, "axis": "y", "origin": [8.49659, 16.84252, 7.97993]},
			"faces": {
				"north": {"uv": [6.968, 0.032, 4.032, 2.968], "texture": "#4"},
				"east": {"uv": [6.968, 0.032, 4.032, 2.968], "texture": "#4"},
				"south": {"uv": [6.968, 0.032, 4.032, 2.968], "texture": "#4"},
				"west": {"uv": [6.968, 0.032, 4.032, 2.968], "texture": "#4"},
				"up": {"uv": [6.968, 0.032, 4.032, 2.968], "rotation": 270, "texture": "#4"},
				"down": {"uv": [6.968, 0.032, 4.032, 2.968], "rotation": 90, "texture": "#4"}
			}
		},
		{
			"from": [8.13126, 9, -1.45702],
			"to": [8.13126, 12, 1.54298],
			"rotation": {"angle": 45, "axis": "y", "origin": [8.49659, 16.84252, 7.97993]},
			"faces": {
				"north": {"uv": [6.968, 0.032, 4.032, 2.968], "texture": "#4"},
				"east": {"uv": [6.968, 0.032, 4.032, 2.968], "texture": "#4"},
				"south": {"uv": [6.968, 0.032, 4.032, 2.968], "texture": "#4"},
				"west": {"uv": [6.968, 0.032, 4.032, 2.968], "texture": "#4"},
				"up": {"uv": [6.968, 0.032, 4.032, 2.968], "rotation": 270, "texture": "#4"},
				"down": {"uv": [6.968, 0.032, 4.032, 2.968], "rotation": 90, "texture": "#4"}
			}
		},
		{
			"from": [8.13126, 15, 0.54298],
			"to": [8.13126, 18, 3.54298],
			"rotation": {"angle": 45, "axis": "y", "origin": [8.49659, 16.84252, 7.97993]},
			"faces": {
				"north": {"uv": [6.968, 0.032, 4.032, 2.968], "texture": "#4"},
				"east": {"uv": [6.968, 0.032, 4.032, 2.968], "texture": "#4"},
				"south": {"uv": [6.968, 0.032, 4.032, 2.968], "texture": "#4"},
				"west": {"uv": [6.968, 0.032, 4.032, 2.968], "texture": "#4"},
				"up": {"uv": [6.968, 0.032, 4.032, 2.968], "rotation": 270, "texture": "#4"},
				"down": {"uv": [6.968, 0.032, 4.032, 2.968], "rotation": 90, "texture": "#4"}
			}
		},
		{
			"from": [8.13126, 18, 1.54298],
			"to": [8.13126, 21, 4.54298],
			"rotation": {"angle": 45, "axis": "y", "origin": [8.49659, 16.84252, 7.97993]},
			"faces": {
				"north": {"uv": [6.968, 0.032, 4.032, 2.968], "texture": "#4"},
				"east": {"uv": [6.968, 0.032, 4.032, 2.968], "texture": "#4"},
				"south": {"uv": [6.968, 0.032, 4.032, 2.968], "texture": "#4"},
				"west": {"uv": [6.968, 0.032, 4.032, 2.968], "texture": "#4"},
				"up": {"uv": [6.968, 0.032, 4.032, 2.968], "rotation": 270, "texture": "#4"},
				"down": {"uv": [6.968, 0.032, 4.032, 2.968], "rotation": 90, "texture": "#4"}
			}
		},
		{
			"from": [8.13126, 21, 2.54298],
			"to": [8.13126, 24, 5.54298],
			"rotation": {"angle": 45, "axis": "y", "origin": [8.49659, 16.84252, 7.97993]},
			"faces": {
				"north": {"uv": [6.968, 0.032, 4.032, 2.968], "texture": "#4"},
				"east": {"uv": [6.968, 0.032, 4.032, 2.968], "texture": "#4"},
				"south": {"uv": [6.968, 0.032, 4.032, 2.968], "texture": "#4"},
				"west": {"uv": [6.968, 0.032, 4.032, 2.968], "texture": "#4"},
				"up": {"uv": [6.968, 0.032, 4.032, 2.968], "rotation": 270, "texture": "#4"},
				"down": {"uv": [6.968, 0.032, 4.032, 2.968], "rotation": 90, "texture": "#4"}
			}
		},
		{
			"from": [8.13126, 24, 3.54298],
			"to": [8.13126, 27, 6.54298],
			"rotation": {"angle": 45, "axis": "y", "origin": [8.49659, 16.84252, 7.97993]},
			"faces": {
				"north": {"uv": [6.968, 0.032, 4.032, 2.968], "texture": "#4"},
				"east": {"uv": [6.968, 0.032, 4.032, 2.968], "texture": "#4"},
				"south": {"uv": [6.968, 0.032, 4.032, 2.968], "texture": "#4"},
				"west": {"uv": [6.968, 0.032, 4.032, 2.968], "texture": "#4"},
				"up": {"uv": [6.968, 0.032, 4.032, 2.968], "rotation": 270, "texture": "#4"},
				"down": {"uv": [6.968, 0.032, 4.032, 2.968], "rotation": 90, "texture": "#4"}
			}
		},
		{
			"from": [8.13126, 27, 4.54298],
			"to": [8.13126, 29, 7.54298],
			"rotation": {"angle": 45, "axis": "y", "origin": [8.49659, 16.84252, 7.97993]},
			"faces": {
				"north": {"uv": [6.968, 0.032, 4.032, 2.968], "texture": "#4"},
				"east": {"uv": [6.968, 0.032, 4.032, 1.968], "texture": "#4"},
				"south": {"uv": [6.968, 0.032, 4.032, 2.968], "texture": "#4"},
				"west": {"uv": [6.968, 0.032, 4.032, 1.968], "texture": "#4"},
				"up": {"uv": [6.968, 0.032, 4.032, 2.968], "rotation": 270, "texture": "#4"},
				"down": {"uv": [6.968, 0.032, 4.032, 2.968], "rotation": 90, "texture": "#4"}
			}
		},
		{
			"from": [8.13126, 27, 7.79298],
			"to": [8.13126, 29, 10.79298],
			"rotation": {"angle": 45, "axis": "y", "origin": [8.49659, 16.84252, 7.97993]},
			"faces": {
				"north": {"uv": [6.968, 0.032, 4.032, 2.968], "texture": "#4"},
				"east": {"uv": [6.968, 0.032, 4.032, 1.968], "texture": "#4"},
				"south": {"uv": [6.968, 0.032, 4.032, 2.968], "texture": "#4"},
				"west": {"uv": [6.968, 0.032, 4.032, 1.968], "texture": "#4"},
				"up": {"uv": [6.968, 0.032, 4.032, 2.968], "rotation": 270, "texture": "#4"},
				"down": {"uv": [6.968, 0.032, 4.032, 2.968], "rotation": 90, "texture": "#4"}
			}
		},
		{
			"from": [8.13126, 27, 6.54299],
			"to": [8.13126, 30, 8.84299],
			"rotation": {"angle": 45, "axis": "y", "origin": [8.49659, 16.84252, 7.97993]},
			"faces": {
				"north": {"uv": [6.968, 0.032, 4.032, 2.968], "rotation": 270, "texture": "#4"},
				"east": {"uv": [6.968, 0.032, 4.032, 1.968], "rotation": 270, "texture": "#4"},
				"south": {"uv": [6.968, 0.032, 4.032, 2.968], "rotation": 270, "texture": "#4"},
				"west": {"uv": [6.968, 0.032, 4.032, 1.968], "rotation": 90, "texture": "#4"},
				"up": {"uv": [6.968, 0.032, 4.032, 2.968], "rotation": 180, "texture": "#4"},
				"down": {"uv": [6.968, 0.032, 4.032, 2.968], "texture": "#4"}
			}
		},
		{
			"from": [7.03126, 27, 7.54299],
			"to": [9.33126, 30, 7.54299],
			"rotation": {"angle": 45, "axis": "y", "origin": [8.49659, 16.84252, 7.97993]},
			"faces": {
				"north": {"uv": [6.968, 0.032, 4.032, 1.968], "rotation": 270, "texture": "#4"},
				"east": {"uv": [6.968, 0.032, 4.032, 2.968], "rotation": 270, "texture": "#4"},
				"south": {"uv": [6.968, 0.032, 4.032, 1.968], "rotation": 90, "texture": "#4"},
				"west": {"uv": [6.968, 0.032, 4.032, 2.968], "rotation": 270, "texture": "#4"},
				"up": {"uv": [6.968, 0.032, 4.032, 2.968], "rotation": 90, "texture": "#4"},
				"down": {"uv": [6.968, 0.032, 4.032, 2.968], "rotation": 90, "texture": "#4"}
			}
		},
		{
			"from": [5.03126, 27, 7.54298],
			"to": [8.03126, 29, 7.54298],
			"rotation": {"angle": 45, "axis": "y", "origin": [8.49659, 16.84252, 7.97993]},
			"faces": {
				"north": {"uv": [6.968, 0.032, 4.032, 1.968], "texture": "#4"},
				"east": {"uv": [6.968, 0.032, 4.032, 2.968], "texture": "#4"},
				"south": {"uv": [6.968, 0.032, 4.032, 1.968], "texture": "#4"},
				"west": {"uv": [6.968, 0.032, 4.032, 2.968], "texture": "#4"},
				"up": {"uv": [6.968, 0.032, 4.032, 2.968], "rotation": 180, "texture": "#4"},
				"down": {"uv": [6.968, 0.032, 4.032, 2.968], "rotation": 180, "texture": "#4"}
			}
		},
		{
			"from": [8.28126, 27, 7.54298],
			"to": [11.28126, 29, 7.54298],
			"rotation": {"angle": 45, "axis": "y", "origin": [8.49659, 16.84252, 7.97993]},
			"faces": {
				"north": {"uv": [6.968, 0.032, 4.032, 1.968], "texture": "#4"},
				"east": {"uv": [6.968, 0.032, 4.032, 2.968], "texture": "#4"},
				"south": {"uv": [6.968, 0.032, 4.032, 1.968], "texture": "#4"},
				"west": {"uv": [6.968, 0.032, 4.032, 2.968], "texture": "#4"},
				"up": {"uv": [6.968, 0.032, 4.032, 2.968], "rotation": 180, "texture": "#4"},
				"down": {"uv": [6.968, 0.032, 4.032, 2.968], "rotation": 180, "texture": "#4"}
			}
		},
		{
			"from": [6.5, 27, 8],
			"to": [9.5, 30, 8],
			"rotation": {"angle": 0, "axis": "y", "origin": [8.49659, 16.84252, 7.97993]},
			"faces": {
				"north": {"uv": [15.968, 0.032, 13.032, 2.968], "texture": "#4"},
				"east": {"uv": [6.968, 0.032, 4.032, 2.968], "texture": "#4"},
				"south": {"uv": [15.968, 0.032, 13.032, 2.968], "texture": "#4"},
				"west": {"uv": [6.968, 0.032, 4.032, 2.968], "texture": "#4"},
				"up": {"uv": [6.968, 0.032, 4.032, 2.968], "rotation": 180, "texture": "#4"},
				"down": {"uv": [6.968, 0.032, 4.032, 2.968], "rotation": 180, "texture": "#4"}
			}
		},
		{
			"from": [3.04892, 6.29629, 3.27579],
			"to": [10.8152, 13.19965, 6.72747],
			"rotation": {"angle": -22.5, "axis": "x", "origin": [6.93206, 8.99797, 6.6946]},
			"faces": {
				"north": {"uv": [4.06, 9.06, 8.94, 11.94], "rotation": 180, "texture": "#8"},
				"east": {"uv": [0.06, 8.06, 7.94, 11.94], "rotation": 270, "texture": "#8"},
				"south": {"uv": [0.06, 0.06, 8.94, 7.94], "texture": "#8"},
				"west": {"uv": [0.06, 8.06, 7.94, 11.94], "rotation": 90, "texture": "#8"},
				"up": {"uv": [0.06, 8.06, 8.94, 11.94], "rotation": 180, "texture": "#8"},
				"down": {"uv": [0.06, 8.06, 8.94, 11.94], "texture": "#8"}
			}
		},
		{
			"from": [3.91184, 7.15921, 6.72747],
			"to": [9.95228, 12.33673, 7.59039],
			"rotation": {"angle": -22.5, "axis": "x", "origin": [6.93206, 8.99797, 6.6946]},
			"faces": {
				"north": {"uv": [-0.032, -0.032, -1.032, -1.032], "rotation": 180, "texture": "#8"},
				"east": {"uv": [0.06, 7.06, 5.94, 7.94], "rotation": 270, "texture": "#8"},
				"south": {"uv": [1.06, 1.06, 7.94, 6.94], "texture": "#8"},
				"west": {"uv": [1.06, 0.06, 6.94, 0.94], "rotation": 90, "texture": "#8"},
				"up": {"uv": [2.06, 7.06, 8.94, 7.94], "rotation": 180, "texture": "#8"},
				"down": {"uv": [0.06, 8.06, 6.94, 8.94], "texture": "#8"}
			}
		},
		{
			"from": [3.91184, 7.15921, 7.79039],
			"to": [9.95228, 12.33673, 7.79039],
			"rotation": {"angle": -22.5, "axis": "x", "origin": [6.93206, 8.99797, 6.6946]},
			"faces": {
				"east": {"uv": [0.032, 0.032, -0.032, -0.032], "rotation": 270, "texture": "#missing"},
				"south": {"uv": [1.06, 1.06, 7.94, 6.94], "texture": "#9"},
				"west": {"uv": [0.032, 0.032, -0.032, -0.032], "rotation": 90, "texture": "#missing"},
				"up": {"uv": [0.032, 0.032, -0.032, -0.032], "rotation": 180, "texture": "#missing"},
				"down": {"uv": [0.032, 0.032, -0.032, -0.032], "texture": "#missing"}
			}
		},
		{
			"from": [3.04892, 6.29629, 6.82747],
			"to": [10.8152, 13.19965, 6.82747],
			"rotation": {"angle": -22.5, "axis": "x", "origin": [6.93206, 8.99797, 6.6946]},
			"faces": {
				"south": {"uv": [0.06, 0.06, 8.94, 7.94], "texture": "#9"}
			}
		},
		{
			"from": [5.04892, 3.54629, 7.82579],
			"to": [12.8152, 10.44965, 11.27747],
			"rotation": {"angle": -22.5, "axis": "x", "origin": [6.93206, 8.99797, 6.9446]},
			"faces": {
				"north": {"uv": [4.06, 9.06, 8.94, 11.94], "rotation": 180, "texture": "#8"},
				"east": {"uv": [0.06, 8.06, 7.94, 11.94], "rotation": 270, "texture": "#8"},
				"south": {"uv": [0.06, 0.06, 8.94, 7.94], "texture": "#8"},
				"west": {"uv": [0.06, 8.06, 7.94, 11.94], "rotation": 90, "texture": "#8"},
				"up": {"uv": [0.06, 8.06, 8.94, 11.94], "rotation": 180, "texture": "#8"},
				"down": {"uv": [0.06, 8.06, 8.94, 11.94], "texture": "#8"}
			}
		},
		{
			"from": [5.91184, 4.40921, 11.27747],
			"to": [11.95228, 9.58673, 12.14039],
			"rotation": {"angle": -22.5, "axis": "x", "origin": [6.93206, 8.99797, 6.9446]},
			"faces": {
				"north": {"uv": [-0.032, -0.032, -1.032, -1.032], "rotation": 180, "texture": "#8"},
				"east": {"uv": [0.06, 7.06, 5.94, 7.94], "rotation": 270, "texture": "#8"},
				"south": {"uv": [1.06, 1.06, 7.94, 6.94], "texture": "#8"},
				"west": {"uv": [1.06, 0.06, 6.94, 0.94], "rotation": 90, "texture": "#8"},
				"up": {"uv": [2.06, 7.06, 8.94, 7.94], "rotation": 180, "texture": "#8"},
				"down": {"uv": [0.06, 8.06, 6.94, 8.94], "texture": "#8"}
			}
		},
		{
			"from": [5.91184, 4.40921, 12.34039],
			"to": [11.95228, 9.58673, 12.34039],
			"rotation": {"angle": -22.5, "axis": "x", "origin": [6.93206, 8.99797, 6.9446]},
			"faces": {
				"east": {"uv": [0.032, 0.032, -0.032, -0.032], "rotation": 270, "texture": "#missing"},
				"south": {"uv": [1.06, 1.06, 7.94, 6.94], "texture": "#9"},
				"west": {"uv": [0.032, 0.032, -0.032, -0.032], "rotation": 90, "texture": "#missing"},
				"up": {"uv": [0.032, 0.032, -0.032, -0.032], "rotation": 180, "texture": "#missing"},
				"down": {"uv": [0.032, 0.032, -0.032, -0.032], "texture": "#missing"}
			}
		},
		{
			"from": [5.04892, 3.54629, 11.37747],
			"to": [12.8152, 10.44965, 11.37747],
			"rotation": {"angle": -22.5, "axis": "x", "origin": [6.93206, 8.99797, 6.9446]},
			"faces": {
				"south": {"uv": [0.06, 0.06, 8.94, 7.94], "texture": "#9"}
			}
		},
		{
			"from": [2, -14, 2],
			"to": [14, -12, 14],
			"rotation": {"angle": 0, "axis": "y", "origin": [0, -13, 0]},
			"faces": {
				"north": {"uv": [2.06, 12.06, 13.94, 13.94], "texture": "#5"},
				"east": {"uv": [2.06, 12.06, 13.94, 13.94], "texture": "#5"},
				"south": {"uv": [2.06, 12.06, 13.94, 13.94], "texture": "#5"},
				"west": {"uv": [2.06, 12.06, 13.94, 13.94], "texture": "#5"},
				"up": {"uv": [2.06, 1.06, 13.94, 12.94], "texture": "#5"},
				"down": {"uv": [2.06, 2.06, 13.94, 13.94], "texture": "#5"}
			}
		},
		{
			"from": [3, -12, 1],
			"to": [13, -8, 3],
			"rotation": {"angle": 0, "axis": "y", "origin": [0, -13, 0]},
			"faces": {
				"north": {"uv": [2.06, 14.94, 11.94, 11.06], "texture": "#5"},
				"east": {"uv": [0.06, 0.06, 1.94, 3.94], "texture": "#5"},
				"south": {"uv": [3.06, 1.06, 12.94, 4.94], "texture": "#5"},
				"west": {"uv": [0.06, 0.06, 1.94, 3.94], "texture": "#5"},
				"up": {"uv": [3.06, 0.06, 12.94, 1.94], "texture": "#1"},
				"down": {"uv": [3.06, 4.06, 12.94, 5.94], "texture": "#5"}
			}
		},
		{
			"from": [3, -12, 13],
			"to": [13, -8, 15],
			"rotation": {"angle": 0, "axis": "y", "origin": [0, -13, 0]},
			"faces": {
				"north": {"uv": [3.06, 1.06, 12.94, 4.94], "texture": "#5"},
				"east": {"uv": [0.06, 0.06, 1.94, 3.94], "texture": "#5"},
				"south": {"uv": [2.06, 14.94, 11.94, 11.06], "texture": "#5"},
				"west": {"uv": [0.06, 0.06, 1.94, 3.94], "texture": "#5"},
				"up": {"uv": [2.06, 0.06, 11.94, 1.94], "texture": "#1"},
				"down": {"uv": [2.06, 11.06, 11.94, 12.94], "texture": "#5"}
			}
		},
		{
			"from": [1, -12, 1],
			"to": [3, -8, 15],
			"rotation": {"angle": 0, "axis": "y", "origin": [0, -13, 0]},
			"faces": {
				"north": {"uv": [8.06, 14.94, 9.94, 11.06], "texture": "#5"},
				"east": {"uv": [1.06, 1.06, 14.94, 4.94], "texture": "#5"},
				"south": {"uv": [8.06, 14.94, 9.94, 11.06], "texture": "#5"},
				"west": {"uv": [1.06, 14.94, 14.94, 11.06], "texture": "#5"},
				"up": {"uv": [1.06, 1.06, 2.94, 14.94], "texture": "#1"},
				"down": {"uv": [4.06, 1.06, 5.94, 14.94], "texture": "#5"}
			}
		},
		{
			"from": [13, -12, 1],
			"to": [15, -8, 15],
			"rotation": {"angle": 0, "axis": "y", "origin": [0, -13, 0]},
			"faces": {
				"north": {"uv": [8.06, 14.94, 9.94, 11.06], "texture": "#5"},
				"east": {"uv": [1.06, 14.94, 14.94, 11.06], "texture": "#5"},
				"south": {"uv": [8.06, 14.94, 9.94, 11.06], "texture": "#5"},
				"west": {"uv": [1.06, 1.06, 14.94, 4.94], "texture": "#5"},
				"up": {"uv": [13.06, 0.06, 14.94, 13.94], "texture": "#1"},
				"down": {"uv": [12.06, 1.06, 13.94, 14.94], "texture": "#5"}
			}
		},
		{
			"from": [-0.1, -5, 8],
			"to": [2.9, -2, 8],
			"rotation": {"angle": 45, "axis": "y", "origin": [8, -14, 8]},
			"faces": {
				"north": {"uv": [6.94, 0.06, 4.06, 2.94], "texture": "#4"},
				"east": {"uv": [6.94, 0.06, 4.06, 2.94], "texture": "#4"},
				"south": {"uv": [6.94, 0.06, 4.06, 2.94], "texture": "#4"},
				"west": {"uv": [6.94, 0.06, 4.06, 2.94], "texture": "#4"},
				"up": {"uv": [6.94, 0.06, 4.06, 2.94], "rotation": 180, "texture": "#4"},
				"down": {"uv": [6.94, 0.06, 4.06, 2.94], "rotation": 180, "texture": "#4"}
			}
		},
		{
			"from": [-1.1, -8, 8],
			"to": [1.9, -5, 8],
			"rotation": {"angle": 45, "axis": "y", "origin": [8, -14, 8]},
			"faces": {
				"north": {"uv": [6.94, 0.06, 4.06, 2.94], "texture": "#4"},
				"east": {"uv": [6.94, 0.06, 4.06, 2.94], "texture": "#4"},
				"south": {"uv": [6.94, 0.06, 4.06, 2.94], "texture": "#4"},
				"west": {"uv": [6.94, 0.06, 4.06, 2.94], "texture": "#4"},
				"up": {"uv": [6.94, 0.06, 4.06, 2.94], "rotation": 180, "texture": "#4"},
				"down": {"uv": [6.94, 0.06, 4.06, 2.94], "rotation": 180, "texture": "#4"}
			}
		},
		{
			"from": [0.9, -2, 8],
			"to": [3.9, 1, 8],
			"rotation": {"angle": 45, "axis": "y", "origin": [8, -14, 8]},
			"faces": {
				"north": {"uv": [6.94, 0.06, 4.06, 2.94], "texture": "#4"},
				"east": {"uv": [6.94, 0.06, 4.06, 2.94], "texture": "#4"},
				"south": {"uv": [6.94, 0.06, 4.06, 2.94], "texture": "#4"},
				"west": {"uv": [6.94, 0.06, 4.06, 2.94], "texture": "#4"},
				"up": {"uv": [6.94, 0.06, 4.06, 2.94], "rotation": 180, "texture": "#4"},
				"down": {"uv": [6.94, 0.06, 4.06, 2.94], "rotation": 180, "texture": "#4"}
			}
		},
		{
			"from": [1.9, 1, 8],
			"to": [4.9, 4, 8],
			"rotation": {"angle": 45, "axis": "y", "origin": [8, -14, 8]},
			"faces": {
				"north": {"uv": [6.94, 0.06, 4.06, 2.94], "texture": "#4"},
				"east": {"uv": [6.94, 0.06, 4.06, 2.94], "texture": "#4"},
				"south": {"uv": [6.94, 0.06, 4.06, 2.94], "texture": "#4"},
				"west": {"uv": [6.94, 0.06, 4.06, 2.94], "texture": "#4"},
				"up": {"uv": [6.94, 0.06, 4.06, 2.94], "rotation": 180, "texture": "#4"},
				"down": {"uv": [6.94, 0.06, 4.06, 2.94], "rotation": 180, "texture": "#4"}
			}
		},
		{
			"from": [13.1, -5, 8],
			"to": [16.1, -2, 8],
			"rotation": {"angle": 45, "axis": "y", "origin": [8, -14, 8]},
			"faces": {
				"north": {"uv": [6.94, 0.06, 4.06, 2.94], "texture": "#4"},
				"east": {"uv": [6.94, 0.06, 4.06, 2.94], "texture": "#4"},
				"south": {"uv": [6.94, 0.06, 4.06, 2.94], "texture": "#4"},
				"west": {"uv": [6.94, 0.06, 4.06, 2.94], "texture": "#4"},
				"up": {"uv": [6.94, 0.06, 4.06, 2.94], "texture": "#4"},
				"down": {"uv": [6.94, 0.06, 4.06, 2.94], "texture": "#4"}
			}
		},
		{
			"from": [14.1, -8, 8],
			"to": [17.1, -5, 8],
			"rotation": {"angle": 45, "axis": "y", "origin": [8, -14, 8]},
			"faces": {
				"north": {"uv": [6.94, 0.06, 4.06, 2.94], "texture": "#4"},
				"east": {"uv": [6.94, 0.06, 4.06, 2.94], "texture": "#4"},
				"south": {"uv": [6.94, 0.06, 4.06, 2.94], "texture": "#4"},
				"west": {"uv": [6.94, 0.06, 4.06, 2.94], "texture": "#4"},
				"up": {"uv": [6.94, 0.06, 4.06, 2.94], "texture": "#4"},
				"down": {"uv": [6.94, 0.06, 4.06, 2.94], "texture": "#4"}
			}
		},
		{
			"from": [12.1, -2, 8],
			"to": [15.1, 1, 8],
			"rotation": {"angle": 45, "axis": "y", "origin": [8, -14, 8]},
			"faces": {
				"north": {"uv": [6.94, 0.06, 4.06, 2.94], "texture": "#4"},
				"east": {"uv": [6.94, 0.06, 4.06, 2.94], "texture": "#4"},
				"south": {"uv": [6.94, 0.06, 4.06, 2.94], "texture": "#4"},
				"west": {"uv": [6.94, 0.06, 4.06, 2.94], "texture": "#4"},
				"up": {"uv": [6.94, 0.06, 4.06, 2.94], "texture": "#4"},
				"down": {"uv": [6.94, 0.06, 4.06, 2.94], "texture": "#4"}
			}
		},
		{
			"from": [11.1, 1, 8],
			"to": [14.1, 4, 8],
			"rotation": {"angle": 45, "axis": "y", "origin": [8, -14, 8]},
			"faces": {
				"north": {"uv": [6.94, 0.06, 4.06, 2.94], "texture": "#4"},
				"east": {"uv": [6.94, 0.06, 4.06, 2.94], "texture": "#4"},
				"south": {"uv": [6.94, 0.06, 4.06, 2.94], "texture": "#4"},
				"west": {"uv": [6.94, 0.06, 4.06, 2.94], "texture": "#4"},
				"up": {"uv": [6.94, 0.06, 4.06, 2.94], "texture": "#4"},
				"down": {"uv": [6.94, 0.06, 4.06, 2.94], "texture": "#4"}
			}
		},
		{
			"from": [8, -5, 13.1],
			"to": [8, -2, 16.1],
			"rotation": {"angle": 45, "axis": "y", "origin": [8, -14, 8]},
			"faces": {
				"north": {"uv": [6.94, 0.06, 4.06, 2.94], "texture": "#4"},
				"east": {"uv": [6.94, 0.06, 4.06, 2.94], "texture": "#4"},
				"south": {"uv": [6.94, 0.06, 4.06, 2.94], "texture": "#4"},
				"west": {"uv": [6.94, 0.06, 4.06, 2.94], "texture": "#4"},
				"up": {"uv": [6.94, 0.06, 4.06, 2.94], "rotation": 90, "texture": "#4"},
				"down": {"uv": [6.94, 0.06, 4.06, 2.94], "rotation": 270, "texture": "#4"}
			}
		},
		{
			"from": [8, -8, 14.1],
			"to": [8, -5, 17.1],
			"rotation": {"angle": 45, "axis": "y", "origin": [8, -14, 8]},
			"faces": {
				"north": {"uv": [6.94, 0.06, 4.06, 2.94], "texture": "#4"},
				"east": {"uv": [6.94, 0.06, 4.06, 2.94], "texture": "#4"},
				"south": {"uv": [6.94, 0.06, 4.06, 2.94], "texture": "#4"},
				"west": {"uv": [6.94, 0.06, 4.06, 2.94], "texture": "#4"},
				"up": {"uv": [6.94, 0.06, 4.06, 2.94], "rotation": 90, "texture": "#4"},
				"down": {"uv": [6.94, 0.06, 4.06, 2.94], "rotation": 270, "texture": "#4"}
			}
		},
		{
			"from": [8, -2, 12.1],
			"to": [8, 1, 15.1],
			"rotation": {"angle": 45, "axis": "y", "origin": [8, -14, 8]},
			"faces": {
				"north": {"uv": [6.94, 0.06, 4.06, 2.94], "texture": "#4"},
				"east": {"uv": [6.94, 0.06, 4.06, 2.94], "texture": "#4"},
				"south": {"uv": [6.94, 0.06, 4.06, 2.94], "texture": "#4"},
				"west": {"uv": [6.94, 0.06, 4.06, 2.94], "texture": "#4"},
				"up": {"uv": [6.94, 0.06, 4.06, 2.94], "rotation": 90, "texture": "#4"},
				"down": {"uv": [6.94, 0.06, 4.06, 2.94], "rotation": 270, "texture": "#4"}
			}
		},
		{
			"from": [8, 1, 11.1],
			"to": [8, 4, 14.1],
			"rotation": {"angle": 45, "axis": "y", "origin": [8, -14, 8]},
			"faces": {
				"north": {"uv": [6.94, 0.06, 4.06, 2.94], "texture": "#4"},
				"east": {"uv": [6.94, 0.06, 4.06, 2.94], "texture": "#4"},
				"south": {"uv": [6.94, 0.06, 4.06, 2.94], "texture": "#4"},
				"west": {"uv": [6.94, 0.06, 4.06, 2.94], "texture": "#4"},
				"up": {"uv": [6.94, 0.06, 4.06, 2.94], "rotation": 90, "texture": "#4"},
				"down": {"uv": [6.94, 0.06, 4.06, 2.94], "rotation": 270, "texture": "#4"}
			}
		},
		{
			"from": [8, -5, -0.1],
			"to": [8, -2, 2.9],
			"rotation": {"angle": 45, "axis": "y", "origin": [8, -14, 8]},
			"faces": {
				"north": {"uv": [6.94, 0.06, 4.06, 2.94], "texture": "#4"},
				"east": {"uv": [6.94, 0.06, 4.06, 2.94], "texture": "#4"},
				"south": {"uv": [6.94, 0.06, 4.06, 2.94], "texture": "#4"},
				"west": {"uv": [6.94, 0.06, 4.06, 2.94], "texture": "#4"},
				"up": {"uv": [6.94, 0.06, 4.06, 2.94], "rotation": 270, "texture": "#4"},
				"down": {"uv": [6.94, 0.06, 4.06, 2.94], "rotation": 90, "texture": "#4"}
			}
		},
		{
			"from": [8, -8, -1.1],
			"to": [8, -5, 1.9],
			"rotation": {"angle": 45, "axis": "y", "origin": [8, -14, 8]},
			"faces": {
				"north": {"uv": [6.94, 0.06, 4.06, 2.94], "texture": "#4"},
				"east": {"uv": [6.94, 0.06, 4.06, 2.94], "texture": "#4"},
				"south": {"uv": [6.94, 0.06, 4.06, 2.94], "texture": "#4"},
				"west": {"uv": [6.94, 0.06, 4.06, 2.94], "texture": "#4"},
				"up": {"uv": [6.94, 0.06, 4.06, 2.94], "rotation": 270, "texture": "#4"},
				"down": {"uv": [6.94, 0.06, 4.06, 2.94], "rotation": 90, "texture": "#4"}
			}
		},
		{
			"from": [8, -2, 0.9],
			"to": [8, 1, 3.9],
			"rotation": {"angle": 45, "axis": "y", "origin": [8, -14, 8]},
			"faces": {
				"north": {"uv": [6.94, 0.06, 4.06, 2.94], "texture": "#4"},
				"east": {"uv": [6.94, 0.06, 4.06, 2.94], "texture": "#4"},
				"south": {"uv": [6.94, 0.06, 4.06, 2.94], "texture": "#4"},
				"west": {"uv": [6.94, 0.06, 4.06, 2.94], "texture": "#4"},
				"up": {"uv": [6.94, 0.06, 4.06, 2.94], "rotation": 270, "texture": "#4"},
				"down": {"uv": [6.94, 0.06, 4.06, 2.94], "rotation": 90, "texture": "#4"}
			}
		},
		{
			"from": [8, 1, 1.9],
			"to": [8, 4, 4.9],
			"rotation": {"angle": 45, "axis": "y", "origin": [8, -14, 8]},
			"faces": {
				"north": {"uv": [6.94, 0.06, 4.06, 2.94], "texture": "#4"},
				"east": {"uv": [6.94, 0.06, 4.06, 2.94], "texture": "#4"},
				"south": {"uv": [6.94, 0.06, 4.06, 2.94], "texture": "#4"},
				"west": {"uv": [6.94, 0.06, 4.06, 2.94], "texture": "#4"},
				"up": {"uv": [6.94, 0.06, 4.06, 2.94], "rotation": 270, "texture": "#4"},
				"down": {"uv": [6.94, 0.06, 4.06, 2.94], "rotation": 90, "texture": "#4"}
			}
		},
		{
			"from": [3, -10.15648, 3.57069],
			"to": [4, -4.15648, 6.57069],
			"rotation": {"angle": -22.5, "axis": "x", "origin": [7, -9.40648, 5.98212]},
			"faces": {
				"north": {"uv": [6.06, 2.06, 6.94, 7.94], "texture": "#6"},
				"east": {"uv": [6.06, 1.06, 11.94, 3.94], "rotation": 270, "texture": "#6"},
				"south": {"uv": [5.94, 5.06, 0.06, 5.94], "rotation": 90, "texture": "#6"},
				"west": {"uv": [6.06, 1.06, 11.94, 3.94], "rotation": 90, "texture": "#6"},
				"up": {"uv": [8.06, 1.06, 8.94, 3.94], "rotation": 180, "texture": "#6"},
				"down": {"uv": [9.06, 1.06, 9.94, 3.94], "texture": "#6"}
			}
		},
		{
			"from": [10, -10.15648, 3.57069],
			"to": [11, -4.15648, 6.57069],
			"rotation": {"angle": -22.5, "axis": "x", "origin": [7, -9.40648, 5.98212]},
			"faces": {
				"north": {"uv": [11.06, 2.06, 11.94, 7.94], "texture": "#6"},
				"east": {"uv": [6.06, 1.06, 11.94, 3.94], "rotation": 270, "texture": "#6"},
				"south": {"uv": [5.94, 0.06, 0.06, 0.94], "rotation": 90, "texture": "#6"},
				"west": {"uv": [6.06, 1.06, 11.94, 3.94], "rotation": 90, "texture": "#6"},
				"up": {"uv": [8.06, 1.06, 8.94, 3.94], "rotation": 180, "texture": "#6"},
				"down": {"uv": [6.06, 1.06, 6.94, 3.94], "texture": "#6"}
			}
		},
		{
			"from": [4, -4.15648, 3.58069],
			"to": [10, -3.15648, 6.58069],
			"rotation": {"angle": -22.5, "axis": "x", "origin": [7, -9.40648, 5.98212]},
			"faces": {
				"north": {"uv": [8.06, 2.06, 8.94, 7.94], "rotation": 90, "texture": "#6"},
				"east": {"uv": [11.06, 1.06, 11.94, 3.94], "rotation": 270, "texture": "#6"},
				"south": {"uv": [5.06, 0.06, 5.94, 5.94], "rotation": 90, "texture": "#6"},
				"west": {"uv": [8.06, 1.06, 8.94, 3.94], "rotation": 90, "texture": "#6"},
				"up": {"uv": [6.06, 1.06, 11.94, 3.94], "rotation": 180, "texture": "#6"},
				"down": {"uv": [6.06, 1.06, 10.94, 3.94], "texture": "#6"}
			}
		},
		{
			"from": [4, -11.15648, 3.58069],
			"to": [10, -10.15648, 6.58069],
			"rotation": {"angle": -22.5, "axis": "x", "origin": [7, -9.40648, 5.98212]},
			"faces": {
				"north": {"uv": [8.06, 2.06, 8.94, 7.94], "rotation": 90, "texture": "#6"},
				"east": {"uv": [6.06, 1.06, 6.94, 3.94], "rotation": 270, "texture": "#6"},
				"south": {"uv": [0.06, 0.06, 0.94, 5.94], "rotation": 90, "texture": "#6"},
				"west": {"uv": [7.06, 1.06, 7.94, 3.94], "rotation": 90, "texture": "#6"},
				"up": {"uv": [6.06, 1.06, 10.94, 3.94], "rotation": 180, "texture": "#6"},
				"down": {"uv": [7.06, 1.06, 11.94, 3.94], "texture": "#6"}
			}
		},
		{
			"from": [4, -10.15648, 3.59069],
			"to": [10, -4.15648, 7.59069],
			"rotation": {"angle": -22.5, "axis": "x", "origin": [7, -9.40648, 5.98212]},
			"faces": {
				"north": {"uv": [6.06, 2.06, 11.94, 7.94], "rotation": 90, "texture": "#6"},
				"east": {"uv": [6.06, 0.06, 11.94, 3.94], "rotation": 270, "texture": "#6"},
				"south": {"uv": [0.06, 0.06, 5.94, 5.94], "rotation": 90, "texture": "#6"},
				"west": {"uv": [6.06, 0.06, 11.94, 3.94], "rotation": 90, "texture": "#6"},
				"up": {"uv": [6.06, 0.06, 11.94, 3.94], "rotation": 180, "texture": "#6"},
				"down": {"uv": [6.06, 0.06, 11.94, 3.94], "texture": "#6"}
			}
		},
		{
			"name": "layer",
			"from": [4, -10.15648, 7.79069],
			"to": [10, -4.15648, 7.79069],
			"rotation": {"angle": -22.5, "axis": "x", "origin": [7, -9.40648, 5.98212]},
			"faces": {
				"south": {"uv": [0.06, 0.06, 5.94, 5.94], "rotation": 90, "texture": "#7"}
			}
		},
		{
			"name": "layer",
			"from": [4, -10.15648, 8.19069],
			"to": [10, -4.15648, 8.19069],
			"rotation": {"angle": -22.5, "axis": "x", "origin": [7, -9.40648, 5.98212]},
			"faces": {
				"south": {"uv": [0.06, 6.06, 5.94, 11.94], "rotation": 90, "texture": "#7"}
			}
		},
		{
			"from": [5.91822, -11.26157, 6.16466],
			"to": [6.91822, -5.26157, 9.16466],
			"rotation": {"angle": -45, "axis": "x", "origin": [10.91822, -6.26157, 9.57609]},
			"faces": {
				"north": {"uv": [6.06, 2.06, 6.94, 7.94], "texture": "#6"},
				"east": {"uv": [6.06, 1.06, 11.94, 3.94], "rotation": 270, "texture": "#6"},
				"south": {"uv": [5.94, 5.06, 0.06, 5.94], "rotation": 90, "texture": "#6"},
				"west": {"uv": [6.06, 1.06, 11.94, 3.94], "rotation": 90, "texture": "#6"},
				"up": {"uv": [8.06, 1.06, 8.94, 3.94], "rotation": 180, "texture": "#6"},
				"down": {"uv": [9.06, 1.06, 9.94, 3.94], "texture": "#6"}
			}
		},
		{
			"from": [12.91822, -11.26157, 6.16466],
			"to": [13.91822, -5.26157, 9.16466],
			"rotation": {"angle": -45, "axis": "x", "origin": [10.91822, -6.26157, 9.57609]},
			"faces": {
				"north": {"uv": [11.06, 2.06, 11.94, 7.94], "texture": "#6"},
				"east": {"uv": [6.06, 1.06, 11.94, 3.94], "rotation": 270, "texture": "#6"},
				"south": {"uv": [5.94, 0.06, 0.06, 0.94], "rotation": 90, "texture": "#6"},
				"west": {"uv": [6.06, 1.06, 11.94, 3.94], "rotation": 90, "texture": "#6"},
				"up": {"uv": [8.06, 1.06, 8.94, 3.94], "rotation": 180, "texture": "#6"},
				"down": {"uv": [6.06, 1.06, 6.94, 3.94], "texture": "#6"}
			}
		},
		{
			"from": [6.91822, -5.26157, 6.17466],
			"to": [12.91822, -4.26157, 9.17466],
			"rotation": {"angle": -45, "axis": "x", "origin": [10.91822, -6.26157, 9.57609]},
			"faces": {
				"north": {"uv": [8.06, 2.06, 8.94, 7.94], "rotation": 90, "texture": "#6"},
				"east": {"uv": [11.06, 1.06, 11.94, 3.94], "rotation": 270, "texture": "#6"},
				"south": {"uv": [5.06, 0.06, 5.94, 5.94], "rotation": 90, "texture": "#6"},
				"west": {"uv": [8.06, 1.06, 8.94, 3.94], "rotation": 90, "texture": "#6"},
				"up": {"uv": [6.06, 1.06, 11.94, 3.94], "rotation": 180, "texture": "#6"},
				"down": {"uv": [6.06, 1.06, 10.94, 3.94], "texture": "#6"}
			}
		},
		{
			"from": [6.91822, -12.26157, 6.17466],
			"to": [12.91822, -11.26157, 9.17466],
			"rotation": {"angle": -45, "axis": "x", "origin": [10.91822, -6.26157, 9.57609]},
			"faces": {
				"north": {"uv": [8.06, 2.06, 8.94, 7.94], "rotation": 90, "texture": "#6"},
				"east": {"uv": [6.06, 1.06, 6.94, 3.94], "rotation": 270, "texture": "#6"},
				"south": {"uv": [0.06, 0.06, 0.94, 5.94], "rotation": 90, "texture": "#6"},
				"west": {"uv": [7.06, 1.06, 7.94, 3.94], "rotation": 90, "texture": "#6"},
				"up": {"uv": [6.06, 1.06, 10.94, 3.94], "rotation": 180, "texture": "#6"},
				"down": {"uv": [7.06, 1.06, 11.94, 3.94], "texture": "#6"}
			}
		},
		{
			"from": [6.91822, -11.26157, 6.18466],
			"to": [12.91822, -5.26157, 10.18466],
			"rotation": {"angle": -45, "axis": "x", "origin": [10.91822, -6.26157, 9.57609]},
			"faces": {
				"north": {"uv": [6.06, 2.06, 11.94, 7.94], "rotation": 90, "texture": "#6"},
				"east": {"uv": [6.06, 0.06, 11.94, 3.94], "rotation": 270, "texture": "#6"},
				"south": {"uv": [0.06, 0.06, 5.94, 5.94], "rotation": 90, "texture": "#6"},
				"west": {"uv": [6.06, 0.06, 11.94, 3.94], "rotation": 90, "texture": "#6"},
				"up": {"uv": [6.06, 0.06, 11.94, 3.94], "rotation": 180, "texture": "#6"},
				"down": {"uv": [6.06, 0.06, 11.94, 3.94], "texture": "#6"}
			}
		},
		{
			"name": "layer",
			"from": [6.91822, -11.26157, 10.38466],
			"to": [12.91822, -5.26157, 10.38466],
			"rotation": {"angle": -45, "axis": "x", "origin": [10.91822, -6.26157, 9.57609]},
			"faces": {
				"south": {"uv": [0.06, 0.06, 5.94, 5.94], "rotation": 90, "texture": "#7"}
			}
		},
		{
			"name": "layer",
			"from": [6.91822, -11.26157, 10.78466],
			"to": [12.91822, -5.26157, 10.78466],
			"rotation": {"angle": -45, "axis": "x", "origin": [10.91822, -6.26157, 9.57609]},
			"faces": {
				"south": {"uv": [0.06, 6.06, 5.94, 11.94], "rotation": 90, "texture": "#7"}
			}
		},
		{
			"from": [3.41822, -13.923, 5.57609],
			"to": [4.41822, -10.923, 11.57609],
			"rotation": {"angle": -22.5, "axis": "y", "origin": [5.91822, -11.26157, 7.57609]},
			"faces": {
				"north": {"uv": [8.06, 1.06, 8.94, 3.94], "texture": "#6"},
				"east": {"uv": [6.06, 1.06, 11.94, 3.94], "texture": "#6"},
				"south": {"uv": [9.06, 1.06, 9.94, 3.94], "texture": "#6"},
				"west": {"uv": [6.06, 1.06, 11.94, 3.94], "texture": "#6"},
				"up": {"uv": [5.94, 5.06, 0.06, 5.94], "rotation": 90, "texture": "#6"},
				"down": {"uv": [6.06, 2.06, 6.94, 7.94], "rotation": 180, "texture": "#6"}
			}
		},
		{
			"from": [10.41822, -13.923, 5.57609],
			"to": [11.41822, -10.923, 11.57609],
			"rotation": {"angle": -22.5, "axis": "y", "origin": [5.91822, -11.26157, 7.57609]},
			"faces": {
				"north": {"uv": [8.06, 1.06, 8.94, 3.94], "texture": "#6"},
				"east": {"uv": [6.06, 1.06, 11.94, 3.94], "texture": "#6"},
				"south": {"uv": [6.06, 1.06, 6.94, 3.94], "texture": "#6"},
				"west": {"uv": [6.06, 1.06, 11.94, 3.94], "texture": "#6"},
				"up": {"uv": [5.94, 0.06, 0.06, 0.94], "rotation": 90, "texture": "#6"},
				"down": {"uv": [11.06, 2.06, 11.94, 7.94], "rotation": 180, "texture": "#6"}
			}
		},
		{
			"from": [4.41822, -13.913, 4.57609],
			"to": [10.41822, -10.913, 5.57609],
			"rotation": {"angle": -22.5, "axis": "y", "origin": [5.91822, -11.26157, 7.57609]},
			"faces": {
				"north": {"uv": [6.06, 1.06, 11.94, 3.94], "texture": "#6"},
				"east": {"uv": [11.06, 1.06, 11.94, 3.94], "texture": "#6"},
				"south": {"uv": [6.06, 1.06, 10.94, 3.94], "texture": "#6"},
				"west": {"uv": [8.06, 1.06, 8.94, 3.94], "texture": "#6"},
				"up": {"uv": [5.06, 0.06, 5.94, 5.94], "rotation": 90, "texture": "#6"},
				"down": {"uv": [8.06, 2.06, 8.94, 7.94], "rotation": 270, "texture": "#6"}
			}
		},
		{
			"from": [4.41822, -13.913, 11.57609],
			"to": [10.41822, -10.913, 12.57609],
			"rotation": {"angle": -22.5, "axis": "y", "origin": [5.91822, -11.26157, 7.57609]},
			"faces": {
				"north": {"uv": [6.06, 1.06, 10.94, 3.94], "texture": "#6"},
				"east": {"uv": [6.06, 1.06, 6.94, 3.94], "texture": "#6"},
				"south": {"uv": [7.06, 1.06, 11.94, 3.94], "texture": "#6"},
				"west": {"uv": [7.06, 1.06, 7.94, 3.94], "texture": "#6"},
				"up": {"uv": [0.06, 0.06, 0.94, 5.94], "rotation": 90, "texture": "#6"},
				"down": {"uv": [8.06, 2.06, 8.94, 7.94], "rotation": 270, "texture": "#6"}
			}
		},
		{
			"from": [4.41822, -13.903, 5.57609],
			"to": [10.41822, -9.903, 11.57609],
			"rotation": {"angle": -22.5, "axis": "y", "origin": [5.91822, -11.26157, 7.57609]},
			"faces": {
				"north": {"uv": [6.06, 0.06, 11.94, 3.94], "texture": "#6"},
				"east": {"uv": [6.06, 0.06, 11.94, 3.94], "texture": "#6"},
				"south": {"uv": [6.06, 0.06, 11.94, 3.94], "texture": "#6"},
				"west": {"uv": [6.06, 0.06, 11.94, 3.94], "texture": "#6"},
				"up": {"uv": [0.06, 0.06, 5.94, 5.94], "rotation": 90, "texture": "#6"},
				"down": {"uv": [6.06, 2.06, 11.94, 7.94], "rotation": 270, "texture": "#6"}
			}
		},
		{
			"name": "layer",
			"from": [4.41822, -9.703, 5.57609],
			"to": [10.41822, -9.703, 11.57609],
			"rotation": {"angle": -22.5, "axis": "y", "origin": [5.91822, -11.26157, 7.57609]},
			"faces": {
				"up": {"uv": [0.06, 0.06, 5.94, 5.94], "rotation": 90, "texture": "#7"}
			}
		},
		{
			"name": "layer",
			"from": [4.41822, -9.303, 5.57609],
			"to": [10.41822, -9.303, 11.57609],
			"rotation": {"angle": -22.5, "axis": "y", "origin": [5.91822, -11.26157, 7.57609]},
			"faces": {
				"up": {"uv": [0.06, 6.06, 5.94, 11.94], "rotation": 90, "texture": "#7"}
			}
		},
		{
			"from": [12.82534, -7.76941, 2.97874],
			"to": [15.22534, -7.76941, 12.97874],
			"rotation": {"angle": 0, "axis": "y", "origin": [8.49659, -0.15748, 7.97993]},
			"faces": {
				"north": {"uv": [0.032, 0.032, 2.4, -0.032], "texture": "#10"},
				"east": {"uv": [0.032, 0.032, 9.968, -0.032], "texture": "#10"},
				"south": {"uv": [0.032, 0.032, 2.4, -0.032], "texture": "#10"},
				"west": {"uv": [0.032, 0.032, 9.968, -0.032], "texture": "#10"},
				"up": {"uv": [5.032, 2.4, 14.968, 0.032], "rotation": 90, "texture": "#10"},
				"down": {"uv": [0.032, 0.032, 9.968, 2.4], "rotation": 270, "texture": "#10"}
			}
		},
		{
			"from": [15.87498, -11.03939, 2.97874],
			"to": [15.87498, -7.63939, 12.97874],
			"rotation": {"angle": 22.5, "axis": "z", "origin": [15.87498, -9.33939, 7.97874]},
			"faces": {
				"north": {"uv": [0.032, 0.032, 3.4, -0.032], "rotation": 270, "texture": "#10"},
				"east": {"uv": [5.032, 7.032, 14.968, 10.4], "rotation": 180, "texture": "#10"},
				"south": {"uv": [0.032, 0.032, 3.4, -0.032], "rotation": 90, "texture": "#10"},
				"west": {"uv": [5.032, 7.032, 14.968, 10.4], "rotation": 180, "texture": "#10"},
				"up": {"uv": [0.032, 0.032, 9.968, -0.032], "rotation": 90, "texture": "#10"},
				"down": {"uv": [0.032, 0.032, 9.968, -0.032], "rotation": 90, "texture": "#10"}
			}
		},
		{
			"from": [12.82434, -12.01841, 2.97874],
			"to": [12.82434, -7.76841, 12.97874],
			"rotation": {"angle": 0, "axis": "y", "origin": [8.49659, -0.15748, 7.97993]},
			"faces": {
				"north": {"uv": [0.032, 0.032, 4.25, -0.032], "rotation": 90, "texture": "#10"},
				"east": {"uv": [0.032, 0.032, 9.968, 4.25], "rotation": 180, "texture": "#10"},
				"south": {"uv": [0.032, 0.032, 4.25, -0.032], "rotation": 270, "texture": "#10"},
				"west": {"uv": [5.032, 8.032, 14.968, 12.25], "texture": "#10"},
				"up": {"uv": [0.032, 0.032, 9.968, -0.032], "rotation": 270, "texture": "#10"},
				"down": {"uv": [0.032, 0.032, 9.968, -0.032], "rotation": 270, "texture": "#10"}
			}
		},
		{
			"from": [8.57434, -11.76941, 2.97874],
			"to": [12.82434, -11.76941, 12.97874],
			"rotation": {"angle": 0, "axis": "y", "origin": [8.49659, -0.15748, 7.97993]},
			"faces": {
				"north": {"uv": [0.032, 0.032, 4.25, -0.032], "texture": "#10"},
				"east": {"uv": [0.032, 0.032, 9.968, -0.032], "texture": "#10"},
				"south": {"uv": [0.032, 0.032, 4.25, -0.032], "texture": "#10"},
				"west": {"uv": [0.032, 0.032, 9.968, -0.032], "texture": "#10"},
				"up": {"uv": [5.032, 8.25, 14.968, 4.032], "rotation": 90, "texture": "#10"},
				"down": {"uv": [0.032, 0.032, 9.968, 4.25], "rotation": 270, "texture": "#10"}
			}
		}
	],
	"display": {
		"thirdperson_righthand": {
			"rotation": [65, -180, 0],
			"translation": [-6.25, 4, 1]
		},
		"firstperson_righthand": {
			"translation": [3.75, -0.75, 0]
		},
		"ground": {
			"translation": [0, 4, 0]
		},
		"gui": {
			"rotation": [28.25, -27.5, 0],
			"translation": [0, 0.5, 0]
		},
		"fixed": {
			"rotation": [90, 0, 0],
			"translation": [0, 0, -43],
			"scale": [2, 2, 2]
		}
	},
	"groups": [
		{
			"name": "baskettop",
			"origin": [8, 8, 8],
			"color": 0,
			"children": [
				0,
				1,
				2,
				3,
				4,
				{
					"name": "cloth",
					"origin": [8, 8, 8],
					"color": 0,
					"children": [5, 6, 7, 8]
				},
				{
					"name": "rope",
					"origin": [8, 8, 8],
					"color": 0,
					"children": [
						9,
						10,
						11,
						12,
						13,
						14,
						15,
						{
							"name": "rope",
							"origin": [8, 8, 8],
							"color": 0,
							"children": [16, 17, 18, 19, 20, 21, 22]
						}
					]
				},
				{
					"name": "rope",
					"origin": [8, 8, 8],
					"color": 0,
					"children": [
						23,
						24,
						25,
						26,
						27,
						28,
						29,
						{
							"name": "rope",
							"origin": [8, 8, 8],
							"color": 0,
							"children": [30, 31, 32, 33, 34, 35, 36, 37, 38, 39, 40, 41, 42]
						}
					]
				},
				{
					"name": "bread1",
					"origin": [0, 0, 0],
					"color": 0,
					"children": [43, 44, 45, 46]
				},
				{
					"name": "bread1",
					"origin": [0, 0, 0],
					"color": 0,
					"children": [47, 48, 49, 50]
				}
			]
		},
		{
			"name": "basketbottom",
			"origin": [8, 8, 8],
			"color": 0,
			"children": [
				51,
				52,
				53,
				54,
				55,
				{
					"name": "rope",
					"origin": [8, 8, 8],
					"color": 0,
					"children": [
						56,
						57,
						58,
						59,
						{
							"name": "rope",
							"origin": [8, 8, 8],
							"color": 0,
							"children": [60, 61, 62, 63]
						}
					]
				},
				{
					"name": "rope",
					"origin": [8, 8, 8],
					"color": 0,
					"children": [
						64,
						65,
						66,
						67,
						{
							"name": "rope",
							"origin": [8, 8, 8],
							"color": 0,
							"children": [68, 69, 70, 71]
						}
					]
				},
				{
					"name": "bread2",
					"origin": [8, 8, 8],
					"color": 0,
					"children": [72, 73, 74, 75, 76, 77, 78]
				},
				{
					"name": "bread2",
					"origin": [8, 8, 8],
					"color": 0,
					"children": [79, 80, 81, 82, 83, 84, 85]
				},
				{
					"name": "bread2",
					"origin": [8, 8, 8],
					"color": 0,
					"children": [86, 87, 88, 89, 90, 91, 92]
				},
				{
					"name": "cloth",
					"origin": [8, 8, 8],
					"color": 0,
					"children": [93, 94, 95, 96]
				}
			]
		}
	]
}