{
	"credit": "Made with Blockbench",
	"textures": {
		"1": "block/Hananacraft archive/stripped_oak_log_a",
		"4": "block/rope",
		"5": "block/hangingbasketbase"
	},
	"elements": [
		{
			"from": [2, 0, 2],
			"to": [14, 2, 14],
			"rotation": {"angle": 0, "axis": "y", "origin": [0, 1, 0]},
			"faces": {
				"north": {"uv": [2, 12, 14, 14], "texture": "#5"},
				"east": {"uv": [2, 12, 14, 14], "texture": "#5"},
				"south": {"uv": [2, 12, 14, 14], "texture": "#5"},
				"west": {"uv": [2, 12, 14, 14], "texture": "#5"},
				"up": {"uv": [2, 1, 14, 13], "texture": "#5"},
				"down": {"uv": [2, 2, 14, 14], "texture": "#5"}
			}
		},
		{
			"from": [3, 2, 1],
			"to": [13, 6, 3],
			"rotation": {"angle": 0, "axis": "y", "origin": [0, 1, 0]},
			"faces": {
				"north": {"uv": [2, 15, 12, 11], "texture": "#5"},
				"east": {"uv": [0, 0, 2, 4], "texture": "#5"},
				"south": {"uv": [3, 1, 13, 5], "texture": "#5"},
				"west": {"uv": [0, 0, 2, 4], "texture": "#5"},
				"up": {"uv": [3, 0, 13, 2], "texture": "#1"},
				"down": {"uv": [3, 4, 13, 6], "texture": "#5"}
			}
		},
		{
			"from": [3, 2, 13],
			"to": [13, 6, 15],
			"rotation": {"angle": 0, "axis": "y", "origin": [0, 1, 0]},
			"faces": {
				"north": {"uv": [3, 1, 13, 5], "texture": "#5"},
				"east": {"uv": [0, 0, 2, 4], "texture": "#5"},
				"south": {"uv": [2, 15, 12, 11], "texture": "#5"},
				"west": {"uv": [0, 0, 2, 4], "texture": "#5"},
				"up": {"uv": [2, 0, 12, 2], "texture": "#1"},
				"down": {"uv": [2, 11, 12, 13], "texture": "#5"}
			}
		},
		{
			"from": [1, 2, 1],
			"to": [3, 6, 15],
			"rotation": {"angle": 0, "axis": "y", "origin": [0, 1, 0]},
			"faces": {
				"north": {"uv": [8, 15, 10, 11], "texture": "#5"},
				"east": {"uv": [1, 1, 15, 5], "texture": "#5"},
				"south": {"uv": [8, 15, 10, 11], "texture": "#5"},
				"west": {"uv": [1, 15, 15, 11], "texture": "#5"},
				"up": {"uv": [1, 1, 3, 15], "texture": "#1"},
				"down": {"uv": [4, 1, 6, 15], "texture": "#5"}
			}
		},
		{
			"from": [13, 2, 1],
			"to": [15, 6, 15],
			"rotation": {"angle": 0, "axis": "y", "origin": [0, 1, 0]},
			"faces": {
				"north": {"uv": [8, 15, 10, 11], "texture": "#5"},
				"east": {"uv": [1, 15, 15, 11], "texture": "#5"},
				"south": {"uv": [8, 15, 10, 11], "texture": "#5"},
				"west": {"uv": [1, 1, 15, 5], "texture": "#5"},
				"up": {"uv": [13, 0, 15, 14], "texture": "#1"},
				"down": {"uv": [12, 1, 14, 15], "texture": "#5"}
			}
		},
		{
			"from": [-0.1, -1, 8],
			"to": [16.9, 0, 8],
			"rotation": {"angle": 45, "axis": "y", "origin": [8, 0, 8]},
			"faces": {
				"north": {"uv": [0, 13, 16, 14], "texture": "#4"},
				"east": {"uv": [0, 0, 0, 10], "texture": "#4"},
				"south": {"uv": [3, 0, 0, 2], "texture": "#4"},
				"west": {"uv": [0, 0, 0, 10], "texture": "#4"},
				"up": {"uv": [3, 0, 0, 0], "rotation": 180, "texture": "#4"},
				"down": {"uv": [3, 0, 0, 0], "rotation": 180, "texture": "#4"}
			}
		},
		{
			"from": [-0.1, 9, 8],
			"to": [2.9, 12, 8],
			"rotation": {"angle": 45, "axis": "y", "origin": [8, 0, 8]},
			"faces": {
				"north": {"uv": [7, 0, 4, 3], "texture": "#4"},
				"east": {"uv": [7, 0, 4, 3], "texture": "#4"},
				"south": {"uv": [7, 0, 4, 3], "texture": "#4"},
				"west": {"uv": [7, 0, 4, 3], "texture": "#4"},
				"up": {"uv": [7, 0, 4, 3], "rotation": 180, "texture": "#4"},
				"down": {"uv": [7, 0, 4, 3], "rotation": 180, "texture": "#4"}
			}
		},
		{
			"from": [-1.1, 6, 8],
			"to": [1.9, 9, 8],
			"rotation": {"angle": 45, "axis": "y", "origin": [8, 0, 8]},
			"faces": {
				"north": {"uv": [7, 0, 4, 3], "texture": "#4"},
				"east": {"uv": [7, 0, 4, 3], "texture": "#4"},
				"south": {"uv": [7, 0, 4, 3], "texture": "#4"},
				"west": {"uv": [7, 0, 4, 3], "texture": "#4"},
				"up": {"uv": [7, 0, 4, 3], "rotation": 180, "texture": "#4"},
				"down": {"uv": [7, 0, 4, 3], "rotation": 180, "texture": "#4"}
			}
		},
		{
			"from": [0.9, 12, 8],
			"to": [3.9, 15, 8],
			"rotation": {"angle": 45, "axis": "y", "origin": [8, 0, 8]},
			"faces": {
				"north": {"uv": [7, 0, 4, 3], "texture": "#4"},
				"east": {"uv": [7, 0, 4, 3], "texture": "#4"},
				"south": {"uv": [7, 0, 4, 3], "texture": "#4"},
				"west": {"uv": [7, 0, 4, 3], "texture": "#4"},
				"up": {"uv": [7, 0, 4, 3], "rotation": 180, "texture": "#4"},
				"down": {"uv": [7, 0, 4, 3], "rotation": 180, "texture": "#4"}
			}
		},
		{
			"from": [1.9, 15, 8],
			"to": [4.9, 18, 8],
			"rotation": {"angle": 45, "axis": "y", "origin": [8, 0, 8]},
			"faces": {
				"north": {"uv": [7, 0, 4, 3], "texture": "#4"},
				"east": {"uv": [7, 0, 4, 3], "texture": "#4"},
				"south": {"uv": [7, 0, 4, 3], "texture": "#4"},
				"west": {"uv": [7, 0, 4, 3], "texture": "#4"},
				"up": {"uv": [7, 0, 4, 3], "rotation": 180, "texture": "#4"},
				"down": {"uv": [7, 0, 4, 3], "rotation": 180, "texture": "#4"}
			}
		},
		{
			"from": [2.9, 18, 8],
			"to": [5.9, 21, 8],
			"rotation": {"angle": 45, "axis": "y", "origin": [8, 0, 8]},
			"faces": {
				"north": {"uv": [7, 0, 4, 3], "texture": "#4"},
				"east": {"uv": [7, 0, 4, 3], "texture": "#4"},
				"south": {"uv": [7, 0, 4, 3], "texture": "#4"},
				"west": {"uv": [7, 0, 4, 3], "texture": "#4"},
				"up": {"uv": [7, 0, 4, 3], "rotation": 180, "texture": "#4"},
				"down": {"uv": [7, 0, 4, 3], "rotation": 180, "texture": "#4"}
			}
		},
		{
			"from": [3.9, 21, 8],
			"to": [6.9, 24, 8],
			"rotation": {"angle": 45, "axis": "y", "origin": [8, 0, 8]},
			"faces": {
				"north": {"uv": [7, 0, 4, 3], "texture": "#4"},
				"east": {"uv": [7, 0, 4, 3], "texture": "#4"},
				"south": {"uv": [7, 0, 4, 3], "texture": "#4"},
				"west": {"uv": [7, 0, 4, 3], "texture": "#4"},
				"up": {"uv": [7, 0, 4, 3], "rotation": 180, "texture": "#4"},
				"down": {"uv": [7, 0, 4, 3], "rotation": 180, "texture": "#4"}
			}
		},
		{
			"from": [13.1, 9, 8],
			"to": [16.1, 12, 8],
			"rotation": {"angle": 45, "axis": "y", "origin": [8, 0, 8]},
			"faces": {
				"north": {"uv": [7, 0, 4, 3], "texture": "#4"},
				"east": {"uv": [7, 0, 4, 3], "texture": "#4"},
				"south": {"uv": [7, 0, 4, 3], "texture": "#4"},
				"west": {"uv": [7, 0, 4, 3], "texture": "#4"},
				"up": {"uv": [7, 0, 4, 3], "texture": "#4"},
				"down": {"uv": [7, 0, 4, 3], "texture": "#4"}
			}
		},
		{
			"from": [14.1, 6, 8],
			"to": [17.1, 9, 8],
			"rotation": {"angle": 45, "axis": "y", "origin": [8, 0, 8]},
			"faces": {
				"north": {"uv": [7, 0, 4, 3], "texture": "#4"},
				"east": {"uv": [7, 0, 4, 3], "texture": "#4"},
				"south": {"uv": [7, 0, 4, 3], "texture": "#4"},
				"west": {"uv": [7, 0, 4, 3], "texture": "#4"},
				"up": {"uv": [7, 0, 4, 3], "texture": "#4"},
				"down": {"uv": [7, 0, 4, 3], "texture": "#4"}
			}
		},
		{
			"from": [12.1, 12, 8],
			"to": [15.1, 15, 8],
			"rotation": {"angle": 45, "axis": "y", "origin": [8, 0, 8]},
			"faces": {
				"north": {"uv": [7, 0, 4, 3], "texture": "#4"},
				"east": {"uv": [7, 0, 4, 3], "texture": "#4"},
				"south": {"uv": [7, 0, 4, 3], "texture": "#4"},
				"west": {"uv": [7, 0, 4, 3], "texture": "#4"},
				"up": {"uv": [7, 0, 4, 3], "texture": "#4"},
				"down": {"uv": [7, 0, 4, 3], "texture": "#4"}
			}
		},
		{
			"from": [11.1, 15, 8],
			"to": [14.1, 18, 8],
			"rotation": {"angle": 45, "axis": "y", "origin": [8, 0, 8]},
			"faces": {
				"north": {"uv": [7, 0, 4, 3], "texture": "#4"},
				"east": {"uv": [7, 0, 4, 3], "texture": "#4"},
				"south": {"uv": [7, 0, 4, 3], "texture": "#4"},
				"west": {"uv": [7, 0, 4, 3], "texture": "#4"},
				"up": {"uv": [7, 0, 4, 3], "texture": "#4"},
				"down": {"uv": [7, 0, 4, 3], "texture": "#4"}
			}
		},
		{
			"from": [10.1, 18, 8],
			"to": [13.1, 21, 8],
			"rotation": {"angle": 45, "axis": "y", "origin": [8, 0, 8]},
			"faces": {
				"north": {"uv": [7, 0, 4, 3], "texture": "#4"},
				"east": {"uv": [7, 0, 4, 3], "texture": "#4"},
				"south": {"uv": [7, 0, 4, 3], "texture": "#4"},
				"west": {"uv": [7, 0, 4, 3], "texture": "#4"},
				"up": {"uv": [7, 0, 4, 3], "texture": "#4"},
				"down": {"uv": [7, 0, 4, 3], "texture": "#4"}
			}
		},
		{
			"from": [9.1, 21, 8],
			"to": [12.1, 24, 8],
			"rotation": {"angle": 45, "axis": "y", "origin": [8, 0, 8]},
			"faces": {
				"north": {"uv": [7, 0, 4, 3], "texture": "#4"},
				"east": {"uv": [7, 0, 4, 3], "texture": "#4"},
				"south": {"uv": [7, 0, 4, 3], "texture": "#4"},
				"west": {"uv": [7, 0, 4, 3], "texture": "#4"},
				"up": {"uv": [7, 0, 4, 3], "texture": "#4"},
				"down": {"uv": [7, 0, 4, 3], "texture": "#4"}
			}
		},
		{
			"from": [8, 24, 6.5],
			"to": [8, 27, 9.5],
			"rotation": {"angle": 0, "axis": "y", "origin": [8, 0, 8]},
			"faces": {
				"north": {"uv": [7, 0, 4, 3], "texture": "#4"},
				"east": {"uv": [16, 0, 13, 3], "texture": "#4"},
				"south": {"uv": [7, 0, 4, 3], "texture": "#4"},
				"west": {"uv": [16, 0, 13, 3], "texture": "#4"},
				"up": {"uv": [7, 0, 4, 3], "rotation": 270, "texture": "#4"},
				"down": {"uv": [7, 0, 4, 3], "rotation": 90, "texture": "#4"}
			}
		},
		{
			"from": [8, -1, -0.9],
			"to": [8, 0, 16.1],
			"rotation": {"angle": 45, "axis": "y", "origin": [8, 0, 8]},
			"faces": {
				"north": {"uv": [0, 0, 0, 10], "texture": "#4"},
				"east": {"uv": [3, 0, 0, 2], "texture": "#4"},
				"south": {"uv": [0, 0, 0, 10], "texture": "#4"},
				"west": {"uv": [0, 13, 16, 14], "texture": "#4"},
				"up": {"uv": [3, 0, 0, 0], "rotation": 90, "texture": "#4"},
				"down": {"uv": [3, 0, 0, 0], "rotation": 270, "texture": "#4"}
			}
		},
		{
			"from": [8, 9, 13.1],
			"to": [8, 12, 16.1],
			"rotation": {"angle": 45, "axis": "y", "origin": [8, 0, 8]},
			"faces": {
				"north": {"uv": [7, 0, 4, 3], "texture": "#4"},
				"east": {"uv": [7, 0, 4, 3], "texture": "#4"},
				"south": {"uv": [7, 0, 4, 3], "texture": "#4"},
				"west": {"uv": [7, 0, 4, 3], "texture": "#4"},
				"up": {"uv": [7, 0, 4, 3], "rotation": 90, "texture": "#4"},
				"down": {"uv": [7, 0, 4, 3], "rotation": 270, "texture": "#4"}
			}
		},
		{
			"from": [8, 6, 14.1],
			"to": [8, 9, 17.1],
			"rotation": {"angle": 45, "axis": "y", "origin": [8, 0, 8]},
			"faces": {
				"north": {"uv": [7, 0, 4, 3], "texture": "#4"},
				"east": {"uv": [7, 0, 4, 3], "texture": "#4"},
				"south": {"uv": [7, 0, 4, 3], "texture": "#4"},
				"west": {"uv": [7, 0, 4, 3], "texture": "#4"},
				"up": {"uv": [7, 0, 4, 3], "rotation": 90, "texture": "#4"},
				"down": {"uv": [7, 0, 4, 3], "rotation": 270, "texture": "#4"}
			}
		},
		{
			"from": [8, 12, 12.1],
			"to": [8, 15, 15.1],
			"rotation": {"angle": 45, "axis": "y", "origin": [8, 0, 8]},
			"faces": {
				"north": {"uv": [7, 0, 4, 3], "texture": "#4"},
				"east": {"uv": [7, 0, 4, 3], "texture": "#4"},
				"south": {"uv": [7, 0, 4, 3], "texture": "#4"},
				"west": {"uv": [7, 0, 4, 3], "texture": "#4"},
				"up": {"uv": [7, 0, 4, 3], "rotation": 90, "texture": "#4"},
				"down": {"uv": [7, 0, 4, 3], "rotation": 270, "texture": "#4"}
			}
		},
		{
			"from": [8, 15, 11.1],
			"to": [8, 18, 14.1],
			"rotation": {"angle": 45, "axis": "y", "origin": [8, 0, 8]},
			"faces": {
				"north": {"uv": [7, 0, 4, 3], "texture": "#4"},
				"east": {"uv": [7, 0, 4, 3], "texture": "#4"},
				"south": {"uv": [7, 0, 4, 3], "texture": "#4"},
				"west": {"uv": [7, 0, 4, 3], "texture": "#4"},
				"up": {"uv": [7, 0, 4, 3], "rotation": 90, "texture": "#4"},
				"down": {"uv": [7, 0, 4, 3], "rotation": 270, "texture": "#4"}
			}
		},
		{
			"from": [8, 18, 10.1],
			"to": [8, 21, 13.1],
			"rotation": {"angle": 45, "axis": "y", "origin": [8, 0, 8]},
			"faces": {
				"north": {"uv": [7, 0, 4, 3], "texture": "#4"},
				"east": {"uv": [7, 0, 4, 3], "texture": "#4"},
				"south": {"uv": [7, 0, 4, 3], "texture": "#4"},
				"west": {"uv": [7, 0, 4, 3], "texture": "#4"},
				"up": {"uv": [7, 0, 4, 3], "rotation": 90, "texture": "#4"},
				"down": {"uv": [7, 0, 4, 3], "rotation": 270, "texture": "#4"}
			}
		},
		{
			"from": [8, 21, 9.1],
			"to": [8, 24, 12.1],
			"rotation": {"angle": 45, "axis": "y", "origin": [8, 0, 8]},
			"faces": {
				"north": {"uv": [7, 0, 4, 3], "texture": "#4"},
				"east": {"uv": [7, 0, 4, 3], "texture": "#4"},
				"south": {"uv": [7, 0, 4, 3], "texture": "#4"},
				"west": {"uv": [7, 0, 4, 3], "texture": "#4"},
				"up": {"uv": [7, 0, 4, 3], "rotation": 90, "texture": "#4"},
				"down": {"uv": [7, 0, 4, 3], "rotation": 270, "texture": "#4"}
			}
		},
		{
			"from": [8, 9, -0.1],
			"to": [8, 12, 2.9],
			"rotation": {"angle": 45, "axis": "y", "origin": [8, 0, 8]},
			"faces": {
				"north": {"uv": [7, 0, 4, 3], "texture": "#4"},
				"east": {"uv": [7, 0, 4, 3], "texture": "#4"},
				"south": {"uv": [7, 0, 4, 3], "texture": "#4"},
				"west": {"uv": [7, 0, 4, 3], "texture": "#4"},
				"up": {"uv": [7, 0, 4, 3], "rotation": 270, "texture": "#4"},
				"down": {"uv": [7, 0, 4, 3], "rotation": 90, "texture": "#4"}
			}
		},
		{
			"from": [8, 6, -1.1],
			"to": [8, 9, 1.9],
			"rotation": {"angle": 45, "axis": "y", "origin": [8, 0, 8]},
			"faces": {
				"north": {"uv": [7, 0, 4, 3], "texture": "#4"},
				"east": {"uv": [7, 0, 4, 3], "texture": "#4"},
				"south": {"uv": [7, 0, 4, 3], "texture": "#4"},
				"west": {"uv": [7, 0, 4, 3], "texture": "#4"},
				"up": {"uv": [7, 0, 4, 3], "rotation": 270, "texture": "#4"},
				"down": {"uv": [7, 0, 4, 3], "rotation": 90, "texture": "#4"}
			}
		},
		{
			"from": [8, 12, 0.9],
			"to": [8, 15, 3.9],
			"rotation": {"angle": 45, "axis": "y", "origin": [8, 0, 8]},
			"faces": {
				"north": {"uv": [7, 0, 4, 3], "texture": "#4"},
				"east": {"uv": [7, 0, 4, 3], "texture": "#4"},
				"south": {"uv": [7, 0, 4, 3], "texture": "#4"},
				"west": {"uv": [7, 0, 4, 3], "texture": "#4"},
				"up": {"uv": [7, 0, 4, 3], "rotation": 270, "texture": "#4"},
				"down": {"uv": [7, 0, 4, 3], "rotation": 90, "texture": "#4"}
			}
		},
		{
			"from": [8, 15, 1.9],
			"to": [8, 18, 4.9],
			"rotation": {"angle": 45, "axis": "y", "origin": [8, 0, 8]},
			"faces": {
				"north": {"uv": [7, 0, 4, 3], "texture": "#4"},
				"east": {"uv": [7, 0, 4, 3], "texture": "#4"},
				"south": {"uv": [7, 0, 4, 3], "texture": "#4"},
				"west": {"uv": [7, 0, 4, 3], "texture": "#4"},
				"up": {"uv": [7, 0, 4, 3], "rotation": 270, "texture": "#4"},
				"down": {"uv": [7, 0, 4, 3], "rotation": 90, "texture": "#4"}
			}
		},
		{
			"from": [8, 18, 2.9],
			"to": [8, 21, 5.9],
			"rotation": {"angle": 45, "axis": "y", "origin": [8, 0, 8]},
			"faces": {
				"north": {"uv": [7, 0, 4, 3], "texture": "#4"},
				"east": {"uv": [7, 0, 4, 3], "texture": "#4"},
				"south": {"uv": [7, 0, 4, 3], "texture": "#4"},
				"west": {"uv": [7, 0, 4, 3], "texture": "#4"},
				"up": {"uv": [7, 0, 4, 3], "rotation": 270, "texture": "#4"},
				"down": {"uv": [7, 0, 4, 3], "rotation": 90, "texture": "#4"}
			}
		},
		{
			"from": [8, 21, 3.9],
			"to": [8, 24, 6.9],
			"rotation": {"angle": 45, "axis": "y", "origin": [8, 0, 8]},
			"faces": {
				"north": {"uv": [7, 0, 4, 3], "texture": "#4"},
				"east": {"uv": [7, 0, 4, 3], "texture": "#4"},
				"south": {"uv": [7, 0, 4, 3], "texture": "#4"},
				"west": {"uv": [7, 0, 4, 3], "texture": "#4"},
				"up": {"uv": [7, 0, 4, 3], "rotation": 270, "texture": "#4"},
				"down": {"uv": [7, 0, 4, 3], "rotation": 90, "texture": "#4"}
			}
		},
		{
			"from": [6.86863, 24, 5.36863],
			"to": [6.86863, 26, 8.36863],
			"rotation": {"angle": 45, "axis": "y", "origin": [6.86863, 25, 6.86863]},
			"faces": {
				"north": {"uv": [7, 0, 4, 3], "texture": "#4"},
				"east": {"uv": [7, 0, 4, 2], "texture": "#4"},
				"south": {"uv": [7, 0, 4, 3], "texture": "#4"},
				"west": {"uv": [7, 0, 4, 2], "texture": "#4"},
				"up": {"uv": [7, 0, 4, 3], "rotation": 270, "texture": "#4"},
				"down": {"uv": [7, 0, 4, 3], "rotation": 90, "texture": "#4"}
			}
		},
		{
			"from": [6.86863, 24, 8.61863],
			"to": [6.86863, 26, 11.61863],
			"rotation": {"angle": 45, "axis": "y", "origin": [6.86863, 25, 6.86863]},
			"faces": {
				"north": {"uv": [7, 0, 4, 3], "texture": "#4"},
				"east": {"uv": [7, 0, 4, 2], "texture": "#4"},
				"south": {"uv": [7, 0, 4, 3], "texture": "#4"},
				"west": {"uv": [7, 0, 4, 2], "texture": "#4"},
				"up": {"uv": [7, 0, 4, 3], "rotation": 270, "texture": "#4"},
				"down": {"uv": [7, 0, 4, 3], "rotation": 90, "texture": "#4"}
			}
		},
		{
			"from": [7.57574, 24, 7.07574],
			"to": [7.57574, 27, 9.37574],
			"rotation": {"angle": 45, "axis": "y", "origin": [7.57574, 25.5, 7.57574]},
			"faces": {
				"north": {"uv": [7, 0, 4, 3], "rotation": 270, "texture": "#4"},
				"east": {"uv": [7, 0, 4, 2], "rotation": 270, "texture": "#4"},
				"south": {"uv": [7, 0, 4, 3], "rotation": 270, "texture": "#4"},
				"west": {"uv": [7, 0, 4, 2], "rotation": 90, "texture": "#4"},
				"up": {"uv": [7, 0, 4, 3], "rotation": 180, "texture": "#4"},
				"down": {"uv": [7, 0, 4, 3], "texture": "#4"}
			}
		},
		{
			"from": [6.47574, 24, 8.07574],
			"to": [8.77574, 27, 8.07574],
			"rotation": {"angle": 45, "axis": "y", "origin": [7.57574, 25.5, 7.57574]},
			"faces": {
				"north": {"uv": [7, 0, 4, 2], "rotation": 270, "texture": "#4"},
				"east": {"uv": [7, 0, 4, 3], "rotation": 270, "texture": "#4"},
				"south": {"uv": [7, 0, 4, 2], "rotation": 90, "texture": "#4"},
				"west": {"uv": [7, 0, 4, 3], "rotation": 270, "texture": "#4"},
				"up": {"uv": [7, 0, 4, 3], "rotation": 90, "texture": "#4"},
				"down": {"uv": [7, 0, 4, 3], "rotation": 90, "texture": "#4"}
			}
		},
		{
			"from": [3.76863, 24, 8.36863],
			"to": [6.76863, 26, 8.36863],
			"rotation": {"angle": 45, "axis": "y", "origin": [6.86863, 25, 6.86863]},
			"faces": {
				"north": {"uv": [7, 0, 4, 2], "texture": "#4"},
				"east": {"uv": [7, 0, 4, 3], "texture": "#4"},
				"south": {"uv": [7, 0, 4, 2], "texture": "#4"},
				"west": {"uv": [7, 0, 4, 3], "texture": "#4"},
				"up": {"uv": [7, 0, 4, 3], "rotation": 180, "texture": "#4"},
				"down": {"uv": [7, 0, 4, 3], "rotation": 180, "texture": "#4"}
			}
		},
		{
			"from": [7.01863, 24, 8.36863],
			"to": [10.01863, 26, 8.36863],
			"rotation": {"angle": 45, "axis": "y", "origin": [6.86863, 25, 6.86863]},
			"faces": {
				"north": {"uv": [7, 0, 4, 2], "texture": "#4"},
				"east": {"uv": [7, 0, 4, 3], "texture": "#4"},
				"south": {"uv": [7, 0, 4, 2], "texture": "#4"},
				"west": {"uv": [7, 0, 4, 3], "texture": "#4"},
				"up": {"uv": [7, 0, 4, 3], "rotation": 180, "texture": "#4"},
				"down": {"uv": [7, 0, 4, 3], "rotation": 180, "texture": "#4"}
			}
		},
		{
			"from": [6.5, 24, 8],
			"to": [9.5, 27, 8],
			"rotation": {"angle": 0, "axis": "y", "origin": [8, 0, 8]},
			"faces": {
				"north": {"uv": [16, 0, 13, 3], "texture": "#4"},
				"east": {"uv": [7, 0, 4, 3], "texture": "#4"},
				"south": {"uv": [16, 0, 13, 3], "texture": "#4"},
				"west": {"uv": [7, 0, 4, 3], "texture": "#4"},
				"up": {"uv": [7, 0, 4, 3], "rotation": 180, "texture": "#4"},
				"down": {"uv": [7, 0, 4, 3], "rotation": 180, "texture": "#4"}
			}
		}
	],
	"display": {
		"thirdperson_righthand": {
			"rotation": [65, -180, 0],
			"translation": [-6.25, 4, 1]
		},
		"firstperson_righthand": {
			"translation": [3.75, -0.75, 0]
		},
		"ground": {
			"translation": [0, 4, 0]
		},
		"gui": {
			"rotation": [28.25, -27.5, 0],
			"translation": [0, 0.5, 0]
		},
		"fixed": {
			"rotation": [90, 0, 0],
			"translation": [0, 0, -37],
			"scale": [2, 2, 2]
		}
	},
	"groups": [
		{
			"name": "basket",
			"origin": [8, 8, 8],
			"color": 0,
			"children": [
				0,
				1,
				2,
				3,
				4,
				{
					"name": "rope",
					"origin": [8, 8, 8],
					"color": 0,
					"children": [
						5,
						6,
						7,
						8,
						9,
						10,
						11,
						{
							"name": "rope",
							"origin": [8, 8, 8],
							"color": 0,
							"children": [12, 13, 14, 15, 16, 17, 18]
						}
					]
				},
				{
					"name": "rope",
					"origin": [8, 8, 8],
					"color": 0,
					"children": [
						19,
						20,
						21,
						22,
						23,
						24,
						25,
						{
							"name": "rope",
							"origin": [8, 8, 8],
							"color": 0,
							"children": [26, 27, 28, 29, 30, 31, 32, 33, 34, 35, 36, 37, 38]
						}
					]
				}
			]
		}
	]
}