{
	"credit": "Made with Blockbench",
	"ambientocclusion": false,
	"textures": {
		"5": "block/jar_small_yellow",
		"6": "block/jar_small_green",
		"particle": "block/jar_small_green"
	},
	"elements": [
		{
			"name": "tag",
			"from": [12.67, 0.3, 3.92],
			"to": [14.67, 1.2, 3.92],
			"rotation": {"angle": 0, "axis": "y", "origin": [11.835, 5.9275, 7.31]},
			"faces": {
				"north": {"uv": [12, 1, 14, 2], "texture": "#6"},
				"east": {"uv": [12, 1, 15, 2], "texture": "#6"},
				"south": {"uv": [12, 1, 15, 2], "texture": "#6"},
				"west": {"uv": [12, 1, 15, 2], "texture": "#6"},
				"up": {"uv": [12, 1, 15, 2], "rotation": 180, "texture": "#6"},
				"down": {"uv": [12, 1, 15, 2], "rotation": 180, "texture": "#6"}
			}
		},
		{
			"name": "tag",
			"from": [9.42, 0.3, 10.17],
			"to": [11.42, 1.2, 10.17],
			"rotation": {"angle": 0, "axis": "y", "origin": [11.835, 5.9275, 7.31]},
			"faces": {
				"north": {"uv": [12, 1, 14, 2], "texture": "#6"},
				"east": {"uv": [12, 1, 15, 2], "texture": "#6"},
				"south": {"uv": [12, 1, 14, 2], "texture": "#5"},
				"west": {"uv": [12, 1, 15, 2], "texture": "#6"},
				"up": {"uv": [12, 1, 15, 2], "rotation": 180, "texture": "#6"},
				"down": {"uv": [12, 1, 15, 2], "rotation": 180, "texture": "#6"}
			}
		},
		{
			"name": "inside",
			"from": [9.52, 0.5, 4.52],
			"to": [14.52, 4.3, 9.52],
			"rotation": {"angle": 0, "axis": "y", "origin": [11.835, 5.9275, 7.31]},
			"faces": {
				"north": {"uv": [0.032, 0.032, 3.968, 2.968], "texture": "#6"},
				"east": {"uv": [0.032, 0.032, 3.968, 2.968], "texture": "#6"},
				"south": {"uv": [0.032, 0.032, 3.968, 2.968], "texture": "#6"},
				"west": {"uv": [0.032, 0.032, 3.968, 2.968], "texture": "#6"},
				"up": {"uv": [0.032, 0.032, 3.968, 3.968], "rotation": 180, "texture": "#6"},
				"down": {"uv": [0.032, 0.032, 3.968, 3.968], "rotation": 180, "texture": "#6"}
			}
		},
		{
			"from": [9.02, 0, 4.02],
			"to": [15.02, 6, 10.02],
			"rotation": {"angle": 0, "axis": "y", "origin": [11.835, 5.9275, 7.31]},
			"faces": {
				"north": {"uv": [6.032, 1.032, 11.968, 6.968], "texture": "#6"},
				"east": {"uv": [6.032, 1.032, 11.968, 6.968], "texture": "#6"},
				"south": {"uv": [6.032, 1.032, 11.968, 6.968], "texture": "#6"},
				"west": {"uv": [6.032, 1.032, 11.968, 6.968], "texture": "#6"},
				"up": {"uv": [6.032, 1.032, 11.968, 6.968], "rotation": 180, "texture": "#6"},
				"down": {"uv": [6.032, 7.032, 11.968, 12.968], "rotation": 180, "texture": "#6"}
			}
		},
		{
			"from": [9.52, 6, 4.52],
			"to": [14.52, 7, 9.52],
			"rotation": {"angle": 0, "axis": "y", "origin": [11.835, 5.9275, 7.31]},
			"faces": {
				"north": {"uv": [12.064, 0.032, 16, 0.968], "texture": "#6"},
				"east": {"uv": [12.064, 0.032, 16, 0.968], "texture": "#6"},
				"south": {"uv": [12.064, 0.032, 16, 0.968], "texture": "#6"},
				"west": {"uv": [12.064, 0.032, 16, 0.968], "texture": "#6"}
			}
		},
		{
			"from": [9.02, 7, 4.02],
			"to": [15.02, 7.65, 10.02],
			"rotation": {"angle": 0, "axis": "y", "origin": [11.835, 5.9275, 7.31]},
			"faces": {
				"north": {"uv": [0.032, 12.032, 5.968, 12.968], "texture": "#6"},
				"east": {"uv": [0.032, 12.032, 5.968, 12.968], "texture": "#6"},
				"south": {"uv": [0.032, 12.032, 5.968, 12.968], "texture": "#6"},
				"west": {"uv": [0.032, 12.032, 5.968, 12.968], "texture": "#6"},
				"up": {"uv": [0.032, 6.032, 5.968, 11.968], "rotation": 180, "texture": "#6"},
				"down": {"uv": [0.032, 6.032, 5.968, 11.968], "rotation": 180, "texture": "#6"}
			}
		},
		{
			"from": [10.02, 7.65, 4.02],
			"to": [14.02, 8, 5.02],
			"rotation": {"angle": 0, "axis": "y", "origin": [11.835, 5.9275, 7.31]},
			"faces": {
				"north": {"uv": [1.032, 12.032, 4.968, 12.5], "texture": "#6"},
				"east": {"uv": [0.032, 12.032, 5.968, 12.968], "texture": "#6"},
				"south": {"uv": [1.032, 12.032, 4.968, 12.5], "texture": "#6"},
				"west": {"uv": [0.032, 12.032, 5.968, 12.968], "texture": "#6"},
				"up": {"uv": [1.032, 6.032, 4.968, 6.968], "rotation": 180, "texture": "#6"},
				"down": {"uv": [0.032, 6.032, 5.968, 11.968], "rotation": 180, "texture": "#6"}
			}
		},
		{
			"from": [10.02, 7.65, 9.02],
			"to": [14.02, 8, 10.02],
			"rotation": {"angle": 0, "axis": "y", "origin": [11.835, 5.9275, 7.31]},
			"faces": {
				"north": {"uv": [1.032, 12.032, 4.968, 12.5], "texture": "#6"},
				"east": {"uv": [0.032, 12.032, 5.968, 12.968], "texture": "#6"},
				"south": {"uv": [1.032, 12.032, 4.968, 12.5], "texture": "#6"},
				"west": {"uv": [0.032, 12.032, 5.968, 12.968], "texture": "#6"},
				"up": {"uv": [1.032, 6.032, 4.968, 6.968], "rotation": 180, "texture": "#6"},
				"down": {"uv": [0.032, 6.032, 5.968, 11.968], "rotation": 180, "texture": "#6"}
			}
		},
		{
			"from": [14.02, 7.65, 4.02],
			"to": [15.02, 8, 10.02],
			"rotation": {"angle": 0, "axis": "y", "origin": [11.835, 5.9275, 7.31]},
			"faces": {
				"north": {"uv": [0.032, 12.032, 0.968, 12.5], "texture": "#6"},
				"east": {"uv": [0.032, 12.032, 5.968, 12.968], "texture": "#6"},
				"south": {"uv": [0.032, 12.032, 0.968, 12.5], "texture": "#6"},
				"west": {"uv": [0.032, 12.032, 5.968, 12.968], "texture": "#6"},
				"up": {"uv": [0.032, 6.032, 0.968, 11.968], "rotation": 180, "texture": "#6"},
				"down": {"uv": [0.032, 6.032, 5.968, 11.968], "rotation": 180, "texture": "#6"}
			}
		},
		{
			"from": [9.02, 7.65, 4.02],
			"to": [10.02, 8, 10.02],
			"rotation": {"angle": 0, "axis": "y", "origin": [11.835, 5.9275, 7.31]},
			"faces": {
				"north": {"uv": [0.032, 12.032, 0.968, 12.5], "texture": "#6"},
				"east": {"uv": [0.032, 12.032, 5.968, 12.968], "texture": "#6"},
				"south": {"uv": [0.032, 12.032, 0.968, 12.5], "texture": "#6"},
				"west": {"uv": [0.032, 12.032, 5.968, 12.968], "texture": "#6"},
				"up": {"uv": [0.032, 6.032, 0.968, 11.968], "rotation": 180, "texture": "#6"},
				"down": {"uv": [0.032, 6.032, 5.968, 11.968], "rotation": 180, "texture": "#6"}
			}
		},
		{
			"from": [11.02, 7.5, 6.02],
			"to": [13.02, 8.5, 8.02],
			"rotation": {"angle": 0, "axis": "y", "origin": [11.835, 5.9275, 7.31]},
			"faces": {
				"north": {"uv": [3.032, 10.032, 4.968, 10.968], "texture": "#6"},
				"east": {"uv": [3.032, 9.032, 4.968, 9.968], "texture": "#6"},
				"south": {"uv": [3.032, 9.032, 4.968, 9.968], "texture": "#6"},
				"west": {"uv": [4.968, 10.032, 3.032, 10.968], "texture": "#6"},
				"up": {"uv": [3.032, 9.032, 4.968, 10.968], "rotation": 180, "texture": "#6"},
				"down": {"uv": [3.032, 9.032, 4.968, 10.968], "rotation": 180, "texture": "#6"}
			}
		},
		{
			"name": "tag",
			"from": [4.67, 0.3, 5.92],
			"to": [6.67, 1.2, 5.92],
			"rotation": {"angle": 0, "axis": "y", "origin": [3.835, 5.9775, 9.31]},
			"faces": {
				"north": {"uv": [12, 1, 14, 2], "texture": "#5"},
				"east": {"uv": [12, 1, 15, 2], "texture": "#5"},
				"south": {"uv": [12, 1, 15, 2], "texture": "#5"},
				"west": {"uv": [12, 1, 15, 2], "texture": "#5"},
				"up": {"uv": [12, 1, 15, 2], "rotation": 180, "texture": "#5"},
				"down": {"uv": [12, 1, 15, 2], "rotation": 180, "texture": "#5"}
			}
		},
		{
			"name": "tag",
			"from": [1.42, 0.3, 12.17],
			"to": [3.42, 1.2, 12.17],
			"rotation": {"angle": 0, "axis": "y", "origin": [3.835, 5.9775, 9.31]},
			"faces": {
				"north": {"uv": [12, 1, 14, 2], "texture": "#5"},
				"east": {"uv": [12, 1, 15, 2], "texture": "#5"},
				"south": {"uv": [12, 1, 14, 2], "texture": "#5"},
				"west": {"uv": [12, 1, 15, 2], "texture": "#5"},
				"up": {"uv": [12, 1, 15, 2], "rotation": 180, "texture": "#5"},
				"down": {"uv": [12, 1, 15, 2], "rotation": 180, "texture": "#5"}
			}
		},
		{
			"name": "inside",
			"from": [1.52, 0.5, 6.52],
			"to": [6.52, 5.3, 11.52],
			"rotation": {"angle": 0, "axis": "y", "origin": [3.835, 5.9775, 9.31]},
			"faces": {
				"north": {"uv": [0.032, 0.032, 3.968, 3.968], "texture": "#5"},
				"east": {"uv": [0.032, 0.032, 3.968, 3.968], "texture": "#5"},
				"south": {"uv": [0.032, 0.032, 3.968, 3.968], "texture": "#5"},
				"west": {"uv": [0.032, 0.032, 3.968, 3.968], "texture": "#5"},
				"up": {"uv": [0.032, 0.032, 3.968, 3.968], "rotation": 180, "texture": "#5"},
				"down": {"uv": [0.032, 0.032, 3.968, 3.968], "rotation": 180, "texture": "#5"}
			}
		},
		{
			"from": [1.02, 0, 6.02],
			"to": [7.02, 6, 12.02],
			"rotation": {"angle": 0, "axis": "y", "origin": [3.835, 5.9775, 9.31]},
			"faces": {
				"north": {"uv": [6.032, 1.032, 11.968, 6.968], "texture": "#5"},
				"east": {"uv": [6.032, 1.032, 11.968, 6.968], "texture": "#5"},
				"south": {"uv": [6.032, 1.032, 11.968, 6.968], "texture": "#5"},
				"west": {"uv": [6.032, 1.032, 11.968, 6.968], "texture": "#5"},
				"up": {"uv": [6.032, 1.032, 11.968, 6.968], "rotation": 180, "texture": "#5"},
				"down": {"uv": [6.032, 7.032, 11.968, 12.968], "rotation": 180, "texture": "#5"}
			}
		},
		{
			"from": [1.52, 6, 6.52],
			"to": [6.52, 7, 11.52],
			"rotation": {"angle": 0, "axis": "y", "origin": [3.835, 5.9775, 9.31]},
			"faces": {
				"north": {"uv": [12.064, 0.032, 16, 0.968], "texture": "#5"},
				"east": {"uv": [12.064, 0.032, 16, 0.968], "texture": "#5"},
				"south": {"uv": [12.064, 0.032, 16, 0.968], "texture": "#5"},
				"west": {"uv": [12.064, 0.032, 16, 0.968], "texture": "#5"}
			}
		},
		{
			"from": [1.02, 7, 6.02],
			"to": [7.02, 7.65, 12.02],
			"rotation": {"angle": 0, "axis": "y", "origin": [3.835, 5.9775, 9.31]},
			"faces": {
				"north": {"uv": [0.032, 12.032, 5.968, 12.968], "texture": "#5"},
				"east": {"uv": [0.032, 12.032, 5.968, 12.968], "texture": "#5"},
				"south": {"uv": [0.032, 12.032, 5.968, 12.968], "texture": "#5"},
				"west": {"uv": [0.032, 12.032, 5.968, 12.968], "texture": "#5"},
				"up": {"uv": [0.032, 6.032, 5.968, 11.968], "rotation": 180, "texture": "#5"},
				"down": {"uv": [0.032, 6.032, 5.968, 11.968], "rotation": 180, "texture": "#5"}
			}
		},
		{
			"from": [2.02, 7.65, 6.02],
			"to": [6.02, 8, 7.02],
			"rotation": {"angle": 0, "axis": "y", "origin": [3.835, 5.9775, 9.31]},
			"faces": {
				"north": {"uv": [1.032, 12.032, 4.968, 12.5], "texture": "#5"},
				"east": {"uv": [0.032, 12.032, 5.968, 12.968], "texture": "#5"},
				"south": {"uv": [1.032, 12.032, 4.968, 12.5], "texture": "#5"},
				"west": {"uv": [0.032, 12.032, 5.968, 12.968], "texture": "#5"},
				"up": {"uv": [1.032, 6.032, 4.968, 6.968], "rotation": 180, "texture": "#5"},
				"down": {"uv": [0.032, 6.032, 5.968, 11.968], "rotation": 180, "texture": "#5"}
			}
		},
		{
			"from": [2.02, 7.65, 11.02],
			"to": [6.02, 8, 12.02],
			"rotation": {"angle": 0, "axis": "y", "origin": [3.835, 5.9775, 9.31]},
			"faces": {
				"north": {"uv": [1.032, 12.032, 4.968, 12.5], "texture": "#5"},
				"east": {"uv": [0.032, 12.032, 5.968, 12.968], "texture": "#5"},
				"south": {"uv": [1.032, 12.032, 4.968, 12.5], "texture": "#5"},
				"west": {"uv": [0.032, 12.032, 5.968, 12.968], "texture": "#5"},
				"up": {"uv": [1.032, 6.032, 4.968, 6.968], "rotation": 180, "texture": "#5"},
				"down": {"uv": [0.032, 6.032, 5.968, 11.968], "rotation": 180, "texture": "#5"}
			}
		},
		{
			"from": [6.02, 7.65, 6.02],
			"to": [7.02, 8, 12.02],
			"rotation": {"angle": 0, "axis": "y", "origin": [3.835, 5.9775, 9.31]},
			"faces": {
				"north": {"uv": [0.032, 12.032, 0.968, 12.5], "texture": "#5"},
				"east": {"uv": [0.032, 12.032, 5.968, 12.968], "texture": "#5"},
				"south": {"uv": [0.032, 12.032, 0.968, 12.5], "texture": "#5"},
				"west": {"uv": [0.032, 12.032, 5.968, 12.968], "texture": "#5"},
				"up": {"uv": [0.032, 6.032, 0.968, 11.968], "rotation": 180, "texture": "#5"},
				"down": {"uv": [0.032, 6.032, 5.968, 11.968], "rotation": 180, "texture": "#5"}
			}
		},
		{
			"from": [1.02, 7.65, 6.02],
			"to": [2.02, 8, 12.02],
			"rotation": {"angle": 0, "axis": "y", "origin": [3.835, 5.9775, 9.31]},
			"faces": {
				"north": {"uv": [0.032, 12.032, 0.968, 12.5], "texture": "#5"},
				"east": {"uv": [0.032, 12.032, 5.968, 12.968], "texture": "#5"},
				"south": {"uv": [0.032, 12.032, 0.968, 12.5], "texture": "#5"},
				"west": {"uv": [0.032, 12.032, 5.968, 12.968], "texture": "#5"},
				"up": {"uv": [0.032, 6.032, 0.968, 11.968], "rotation": 180, "texture": "#5"},
				"down": {"uv": [0.032, 6.032, 5.968, 11.968], "rotation": 180, "texture": "#5"}
			}
		},
		{
			"from": [3.02, 7.5, 8.02],
			"to": [5.02, 8.5, 10.02],
			"rotation": {"angle": 0, "axis": "y", "origin": [3.835, 5.9775, 9.31]},
			"faces": {
				"north": {"uv": [3.032, 10.032, 4.968, 10.968], "texture": "#5"},
				"east": {"uv": [3.032, 9.032, 4.968, 9.968], "texture": "#5"},
				"south": {"uv": [3.032, 9.032, 4.968, 9.968], "texture": "#5"},
				"west": {"uv": [4.968, 10.032, 3.032, 10.968], "texture": "#5"},
				"up": {"uv": [3.032, 9.032, 4.968, 10.968], "rotation": 180, "texture": "#5"},
				"down": {"uv": [3.032, 9.032, 4.968, 10.968], "rotation": 180, "texture": "#5"}
			}
		}
	],
	"display": {
		"thirdperson_righthand": {
			"rotation": [65, 0, 0],
			"translation": [-6, 5.25, 5.25]
		},
		"firstperson_righthand": {
			"translation": [0, 0, -1.5]
		},
		"ground": {
			"translation": [0, 4, 0]
		},
		"gui": {
			"translation": [0.25, 0, 0]
		},
		"fixed": {
			"rotation": [-90, 0, 0],
			"translation": [0, 0, -15],
			"scale": [2, 2, 2]
		}
	},
	"groups": [
		{
			"name": "group",
			"origin": [9.25, 8.5, 9.25],
			"color": 0,
			"children": [
				0,
				1,
				2,
				{
					"name": "glass",
					"origin": [4, 3.5, 8],
					"color": 0,
					"children": [3, 4]
				},
				{
					"name": "lid",
					"origin": [0, 0, 0],
					"color": 0,
					"children": [5, 6, 7, 8, 9, 10]
				}
			]
		},
		{
			"name": "group",
			"origin": [9.25, 8.5, 9.25],
			"color": 0,
			"children": [
				11,
				12,
				13,
				{
					"name": "glass",
					"origin": [4, 3.5, 8],
					"color": 0,
					"children": [14, 15]
				},
				{
					"name": "lid",
					"origin": [0, 0, 0],
					"color": 0,
					"children": [16, 17, 18, 19, 20, 21]
				}
			]
		}
	]
}