{
	"credit": "Made with Blockbench",
	"ambientocclusion": false,
	"textures": {
		"2": "block/jar_small_brown",
		"3": "block/jar_small_white"
	},
	"elements": [
		{
			"name": "tag",
			"from": [1.37909, 0.3, 12.12909],
			"to": [3.37909, 1.2, 12.12909],
			"rotation": {"angle": 0, "axis": "y", "origin": [8.02455, 5.47955, 8.02455]},
			"faces": {
				"north": {"uv": [12.032, 1.032, 14.968, 1.968], "texture": "#3"},
				"east": {"uv": [12.032, 1.032, 14.968, 1.968], "texture": "#3"},
				"south": {"uv": [12.032, 1.032, 13.968, 1.968], "texture": "#3"},
				"west": {"uv": [12.032, 1.032, 14.968, 1.968], "texture": "#3"},
				"up": {"uv": [12.032, 1.032, 14.968, 1.968], "texture": "#3"},
				"down": {"uv": [12.032, 1.032, 14.968, 1.968], "texture": "#3"}
			}
		},
		{
			"name": "tag",
			"from": [4.62909, 0.3, 5.87909],
			"to": [6.62909, 1.2, 5.87909],
			"rotation": {"angle": 0, "axis": "y", "origin": [8.02455, 5.47955, 8.02455]},
			"faces": {
				"north": {"uv": [12.032, 1.032, 13.968, 1.968], "texture": "#3"},
				"east": {"uv": [12.032, 1.032, 14.968, 1.968], "texture": "#3"},
				"south": {"uv": [12.032, 1.032, 13.968, 1.968], "texture": "#3"},
				"west": {"uv": [12.032, 1.032, 14.968, 1.968], "texture": "#3"},
				"up": {"uv": [12.032, 1.032, 14.968, 1.968], "texture": "#3"},
				"down": {"uv": [12.032, 1.032, 14.968, 1.968], "texture": "#3"}
			}
		},
		{
			"name": "inside",
			"from": [1.52909, 0.5, 6.52909],
			"to": [6.52909, 4.3, 11.52909],
			"rotation": {"angle": 0, "axis": "y", "origin": [8.02455, 5.47955, 8.02455]},
			"faces": {
				"north": {"uv": [0.032, 0.032, 3.968, 2.968], "texture": "#3"},
				"east": {"uv": [0.032, 0.032, 3.968, 2.968], "texture": "#3"},
				"south": {"uv": [0.032, 0.032, 3.968, 2.968], "texture": "#3"},
				"west": {"uv": [0.032, 0.032, 3.968, 2.968], "texture": "#3"},
				"up": {"uv": [0.032, 0.032, 3.968, 3.968], "texture": "#3"},
				"down": {"uv": [0.032, 0.032, 3.968, 3.968], "texture": "#3"}
			}
		},
		{
			"from": [1.02909, 0, 6.02909],
			"to": [7.02909, 6, 12.02909],
			"rotation": {"angle": 0, "axis": "y", "origin": [8.02455, 5.47955, 8.02455]},
			"faces": {
				"north": {"uv": [6.032, 1.032, 11.968, 6.968], "texture": "#3"},
				"east": {"uv": [6.032, 1.032, 11.968, 6.968], "texture": "#3"},
				"south": {"uv": [6.032, 1.032, 11.968, 6.968], "texture": "#3"},
				"west": {"uv": [6.032, 1.032, 11.968, 6.968], "texture": "#3"},
				"up": {"uv": [6.032, 1.032, 11.968, 6.968], "texture": "#3"},
				"down": {"uv": [6.032, 7.032, 11.968, 12.968], "texture": "#3"}
			}
		},
		{
			"from": [1.52909, 6, 6.52909],
			"to": [6.52909, 7, 11.52909],
			"rotation": {"angle": 0, "axis": "y", "origin": [8.02455, 5.47955, 8.02455]},
			"faces": {
				"north": {"uv": [12.064, 0.032, 15.968, 0.968], "texture": "#3"},
				"east": {"uv": [12.064, 0.032, 15.968, 0.968], "texture": "#3"},
				"south": {"uv": [12.064, 0.032, 15.968, 0.968], "texture": "#3"},
				"west": {"uv": [12.064, 0.032, 15.968, 0.968], "texture": "#3"}
			}
		},
		{
			"from": [1.02909, 7, 6.02909],
			"to": [7.02909, 7.65, 12.02909],
			"rotation": {"angle": 0, "axis": "y", "origin": [8.02455, 5.47955, 8.02455]},
			"faces": {
				"north": {"uv": [0.032, 12.032, 5.968, 12.968], "texture": "#3"},
				"east": {"uv": [0.032, 12.032, 5.968, 12.968], "texture": "#3"},
				"south": {"uv": [0.032, 12.032, 5.968, 12.968], "texture": "#3"},
				"west": {"uv": [0.032, 12.032, 5.968, 12.968], "texture": "#3"},
				"up": {"uv": [0.032, 6.032, 5.968, 11.968], "texture": "#3"},
				"down": {"uv": [0.032, 6.032, 5.968, 11.968], "texture": "#3"}
			}
		},
		{
			"from": [2.02909, 7.65, 11.02909],
			"to": [6.02909, 8, 12.02909],
			"rotation": {"angle": 0, "axis": "y", "origin": [8.02455, 5.47955, 8.02455]},
			"faces": {
				"north": {"uv": [1.032, 12.032, 4.968, 12.5], "texture": "#3"},
				"east": {"uv": [0.032, 12.032, 5.968, 12.968], "texture": "#3"},
				"south": {"uv": [1.032, 12.032, 4.968, 12.5], "texture": "#3"},
				"west": {"uv": [0.032, 12.032, 5.968, 12.968], "texture": "#3"},
				"up": {"uv": [1.032, 6.032, 4.968, 6.968], "texture": "#3"},
				"down": {"uv": [0.032, 6.032, 5.968, 11.968], "texture": "#3"}
			}
		},
		{
			"from": [2.02909, 7.65, 6.02909],
			"to": [6.02909, 8, 7.02909],
			"rotation": {"angle": 0, "axis": "y", "origin": [8.02455, 5.47955, 8.02455]},
			"faces": {
				"north": {"uv": [1.032, 12.032, 4.968, 12.5], "texture": "#3"},
				"east": {"uv": [0.032, 12.032, 5.968, 12.968], "texture": "#3"},
				"south": {"uv": [1.032, 12.032, 4.968, 12.5], "texture": "#3"},
				"west": {"uv": [0.032, 12.032, 5.968, 12.968], "texture": "#3"},
				"up": {"uv": [1.032, 6.032, 4.968, 6.968], "texture": "#3"},
				"down": {"uv": [0.032, 6.032, 5.968, 11.968], "texture": "#3"}
			}
		},
		{
			"from": [1.02909, 7.65, 6.02909],
			"to": [2.02909, 8, 12.02909],
			"rotation": {"angle": 0, "axis": "y", "origin": [8.02455, 5.47955, 8.02455]},
			"faces": {
				"north": {"uv": [0.032, 12.032, 0.968, 12.5], "texture": "#3"},
				"east": {"uv": [0.032, 12.032, 5.968, 12.968], "texture": "#3"},
				"south": {"uv": [0.032, 12.032, 0.968, 12.5], "texture": "#3"},
				"west": {"uv": [0.032, 12.032, 5.968, 12.968], "texture": "#3"},
				"up": {"uv": [0.032, 6.032, 0.968, 11.968], "texture": "#3"},
				"down": {"uv": [0.032, 6.032, 5.968, 11.968], "texture": "#3"}
			}
		},
		{
			"from": [6.02909, 7.65, 6.02909],
			"to": [7.02909, 8, 12.02909],
			"rotation": {"angle": 0, "axis": "y", "origin": [8.02455, 5.47955, 8.02455]},
			"faces": {
				"north": {"uv": [0.032, 12.032, 0.968, 12.5], "texture": "#3"},
				"east": {"uv": [0.032, 12.032, 5.968, 12.968], "texture": "#3"},
				"south": {"uv": [0.032, 12.032, 0.968, 12.5], "texture": "#3"},
				"west": {"uv": [0.032, 12.032, 5.968, 12.968], "texture": "#3"},
				"up": {"uv": [0.032, 6.032, 0.968, 11.968], "texture": "#3"},
				"down": {"uv": [0.032, 6.032, 5.968, 11.968], "texture": "#3"}
			}
		},
		{
			"from": [3.02909, 7.5, 8.02909],
			"to": [5.02909, 8.5, 10.02909],
			"rotation": {"angle": 0, "axis": "y", "origin": [8.02455, 5.47955, 8.02455]},
			"faces": {
				"north": {"uv": [3.032, 9.032, 4.968, 9.968], "texture": "#3"},
				"east": {"uv": [4.968, 10.032, 3.032, 10.968], "texture": "#3"},
				"south": {"uv": [3.032, 10.032, 4.968, 10.968], "texture": "#3"},
				"west": {"uv": [3.032, 9.032, 4.968, 9.968], "texture": "#3"},
				"up": {"uv": [3.032, 9.032, 4.968, 10.968], "texture": "#3"},
				"down": {"uv": [3.032, 9.032, 4.968, 10.968], "texture": "#3"}
			}
		},
		{
			"name": "tag",
			"from": [9.37909, 0.3, 10.12909],
			"to": [11.37909, 1.2, 10.12909],
			"rotation": {"angle": 0, "axis": "y", "origin": [8.02455, 5.47955, 8.02455]},
			"faces": {
				"north": {"uv": [12.032, 1.032, 14.968, 1.968], "texture": "#2"},
				"east": {"uv": [12.032, 1.032, 14.968, 1.968], "texture": "#2"},
				"south": {"uv": [12.032, 1.032, 13.968, 1.968], "texture": "#2"},
				"west": {"uv": [12.032, 1.032, 14.968, 1.968], "texture": "#2"},
				"up": {"uv": [12.032, 1.032, 14.968, 1.968], "texture": "#2"},
				"down": {"uv": [12.032, 1.032, 14.968, 1.968], "texture": "#2"}
			}
		},
		{
			"name": "tag",
			"from": [12.62909, 0.3, 3.87909],
			"to": [14.62909, 1.2, 3.87909],
			"rotation": {"angle": 0, "axis": "y", "origin": [8.02455, 5.47955, 8.02455]},
			"faces": {
				"north": {"uv": [12.032, 1.032, 13.968, 1.968], "texture": "#2"},
				"east": {"uv": [12.032, 1.032, 14.968, 1.968], "texture": "#2"},
				"south": {"uv": [12.032, 1.032, 13.968, 1.968], "texture": "#2"},
				"west": {"uv": [12.032, 1.032, 14.968, 1.968], "texture": "#2"},
				"up": {"uv": [12.032, 1.032, 14.968, 1.968], "texture": "#2"},
				"down": {"uv": [12.032, 1.032, 14.968, 1.968], "texture": "#2"}
			}
		},
		{
			"name": "inside",
			"from": [9.52909, 0.5, 4.52909],
			"to": [14.52909, 5.3, 9.52909],
			"rotation": {"angle": 0, "axis": "y", "origin": [8.02455, 5.47955, 8.02455]},
			"faces": {
				"north": {"uv": [0.032, 0.032, 3.968, 3.968], "texture": "#2"},
				"east": {"uv": [0.032, 0.032, 3.968, 3.968], "texture": "#2"},
				"south": {"uv": [0.032, 0.032, 3.968, 3.968], "texture": "#2"},
				"west": {"uv": [0.032, 0.032, 3.968, 3.968], "texture": "#2"},
				"up": {"uv": [0.032, 0.032, 3.968, 3.968], "texture": "#2"},
				"down": {"uv": [0.032, 0.032, 3.968, 3.968], "texture": "#2"}
			}
		},
		{
			"from": [9.02909, 0, 4.02909],
			"to": [15.02909, 6, 10.02909],
			"rotation": {"angle": 0, "axis": "y", "origin": [8.02455, 5.47955, 8.02455]},
			"faces": {
				"north": {"uv": [6.032, 1.032, 11.968, 6.968], "texture": "#2"},
				"east": {"uv": [6.032, 1.032, 11.968, 6.968], "texture": "#2"},
				"south": {"uv": [6.032, 1.032, 11.968, 6.968], "texture": "#2"},
				"west": {"uv": [6.032, 1.032, 11.968, 6.968], "texture": "#2"},
				"up": {"uv": [6.032, 1.032, 11.968, 6.968], "texture": "#2"},
				"down": {"uv": [6.032, 7.032, 11.968, 12.968], "texture": "#2"}
			}
		},
		{
			"from": [9.52909, 6, 4.52909],
			"to": [14.52909, 7, 9.52909],
			"rotation": {"angle": 0, "axis": "y", "origin": [8.02455, 5.47955, 8.02455]},
			"faces": {
				"north": {"uv": [12.064, 0.032, 15.968, 0.968], "texture": "#2"},
				"east": {"uv": [12.064, 0.032, 15.968, 0.968], "texture": "#2"},
				"south": {"uv": [12.064, 0.032, 15.968, 0.968], "texture": "#2"},
				"west": {"uv": [12.064, 0.032, 15.968, 0.968], "texture": "#2"}
			}
		},
		{
			"from": [9.02909, 7, 4.02909],
			"to": [15.02909, 7.65, 10.02909],
			"rotation": {"angle": 0, "axis": "y", "origin": [8.02455, 5.47955, 8.02455]},
			"faces": {
				"north": {"uv": [0.032, 12.032, 5.968, 12.968], "texture": "#2"},
				"east": {"uv": [0.032, 12.032, 5.968, 12.968], "texture": "#2"},
				"south": {"uv": [0.032, 12.032, 5.968, 12.968], "texture": "#2"},
				"west": {"uv": [0.032, 12.032, 5.968, 12.968], "texture": "#2"},
				"up": {"uv": [0.032, 6.032, 5.968, 11.968], "texture": "#2"},
				"down": {"uv": [0.032, 6.032, 5.968, 11.968], "texture": "#2"}
			}
		},
		{
			"from": [10.02909, 7.65, 9.02909],
			"to": [14.02909, 8, 10.02909],
			"rotation": {"angle": 0, "axis": "y", "origin": [8.02455, 5.47955, 8.02455]},
			"faces": {
				"north": {"uv": [1.032, 12.032, 4.968, 12.5], "texture": "#2"},
				"east": {"uv": [0.032, 12.032, 5.968, 12.968], "texture": "#2"},
				"south": {"uv": [1.032, 12.032, 4.968, 12.5], "texture": "#2"},
				"west": {"uv": [0.032, 12.032, 5.968, 12.968], "texture": "#2"},
				"up": {"uv": [1.032, 6.032, 4.968, 6.968], "texture": "#2"},
				"down": {"uv": [0.032, 6.032, 5.968, 11.968], "texture": "#2"}
			}
		},
		{
			"from": [10.02909, 7.65, 4.02909],
			"to": [14.02909, 8, 5.02909],
			"rotation": {"angle": 0, "axis": "y", "origin": [8.02455, 5.47955, 8.02455]},
			"faces": {
				"north": {"uv": [1.032, 12.032, 4.968, 12.5], "texture": "#2"},
				"east": {"uv": [0.032, 12.032, 5.968, 12.968], "texture": "#2"},
				"south": {"uv": [1.032, 12.032, 4.968, 12.5], "texture": "#2"},
				"west": {"uv": [0.032, 12.032, 5.968, 12.968], "texture": "#2"},
				"up": {"uv": [1.032, 6.032, 4.968, 6.968], "texture": "#2"},
				"down": {"uv": [0.032, 6.032, 5.968, 11.968], "texture": "#2"}
			}
		},
		{
			"from": [9.02909, 7.65, 4.02909],
			"to": [10.02909, 8, 10.02909],
			"rotation": {"angle": 0, "axis": "y", "origin": [8.02455, 5.47955, 8.02455]},
			"faces": {
				"north": {"uv": [0.032, 12.032, 0.968, 12.5], "texture": "#2"},
				"east": {"uv": [0.032, 12.032, 5.968, 12.968], "texture": "#2"},
				"south": {"uv": [0.032, 12.032, 0.968, 12.5], "texture": "#2"},
				"west": {"uv": [0.032, 12.032, 5.968, 12.968], "texture": "#2"},
				"up": {"uv": [0.032, 6.032, 0.968, 11.968], "texture": "#2"},
				"down": {"uv": [0.032, 6.032, 5.968, 11.968], "texture": "#2"}
			}
		},
		{
			"from": [14.02909, 7.65, 4.02909],
			"to": [15.02909, 8, 10.02909],
			"rotation": {"angle": 0, "axis": "y", "origin": [8.02455, 5.47955, 8.02455]},
			"faces": {
				"north": {"uv": [0.032, 12.032, 0.968, 12.5], "texture": "#2"},
				"east": {"uv": [0.032, 12.032, 5.968, 12.968], "texture": "#2"},
				"south": {"uv": [0.032, 12.032, 0.968, 12.5], "texture": "#2"},
				"west": {"uv": [0.032, 12.032, 5.968, 12.968], "texture": "#2"},
				"up": {"uv": [0.032, 6.032, 0.968, 11.968], "texture": "#2"},
				"down": {"uv": [0.032, 6.032, 5.968, 11.968], "texture": "#2"}
			}
		},
		{
			"from": [11.02909, 7.5, 6.02909],
			"to": [13.02909, 8.5, 8.02909],
			"rotation": {"angle": 0, "axis": "y", "origin": [8.02455, 5.47955, 8.02455]},
			"faces": {
				"north": {"uv": [3.032, 9.032, 4.968, 9.968], "texture": "#2"},
				"east": {"uv": [4.968, 10.032, 3.032, 10.968], "texture": "#2"},
				"south": {"uv": [3.032, 10.032, 4.968, 10.968], "texture": "#2"},
				"west": {"uv": [3.032, 9.032, 4.968, 9.968], "texture": "#2"},
				"up": {"uv": [3.032, 9.032, 4.968, 10.968], "texture": "#2"},
				"down": {"uv": [3.032, 9.032, 4.968, 10.968], "texture": "#2"}
			}
		}
	],
	"display": {
		"thirdperson_righthand": {
			"rotation": [65, 0, 0],
			"translation": [-6, 5.25, 5.25]
		},
		"firstperson_righthand": {
			"translation": [0, 0, -1.5]
		},
		"ground": {
			"translation": [0, 4, 0]
		},
		"gui": {
			"translation": [0.25, 0, 0]
		},
		"fixed": {
			"rotation": [-90, 0, 0],
			"translation": [0, 0, -15],
			"scale": [2, 2, 2]
		}
	},
	"groups": [
		{
			"name": "group",
			"origin": [9.25, 8.5, 9.25],
			"color": 0,
			"children": [
				0,
				1,
				2,
				{
					"name": "glass",
					"origin": [4, 3.5, 8],
					"color": 0,
					"children": [3, 4]
				},
				{
					"name": "lid",
					"origin": [0, 0, 0],
					"color": 0,
					"children": [5, 6, 7, 8, 9, 10]
				}
			]
		},
		{
			"name": "group",
			"origin": [9.25, 8.5, 9.25],
			"color": 0,
			"children": [
				11,
				12,
				13,
				{
					"name": "glass",
					"origin": [4, 3.5, 8],
					"color": 0,
					"children": [14, 15]
				},
				{
					"name": "lid",
					"origin": [0, 0, 0],
					"color": 0,
					"children": [16, 17, 18, 19, 20, 21]
				}
			]
		}
	]
}