{
	"credit": "Made with Blockbench",
	"ambientocclusion": false,
	"textures": {
		"2": "block/jar_big_yellow",
		"3": "block/jar_big_white",
		"6": "block/jar_small_brown",
		"particle": "block/jar_small_brown"
	},
	"elements": [
		{
			"name": "tag",
			"from": [12.67, 0.3, 4.92],
			"to": [14.67, 1.2, 4.92],
			"rotation": {"angle": 0, "axis": "y", "origin": [12.02455, 8.275, 8.02455]},
			"faces": {
				"north": {"uv": [12.032, 1.032, 13.968, 1.968], "texture": "#6"},
				"east": {"uv": [12.032, 1.032, 14.968, 1.968], "texture": "#6"},
				"south": {"uv": [12.032, 1.032, 14.968, 1.968], "texture": "#6"},
				"west": {"uv": [12.032, 1.032, 14.968, 1.968], "texture": "#6"},
				"up": {"uv": [12.032, 1.032, 14.968, 1.968], "rotation": 180, "texture": "#6"},
				"down": {"uv": [12.032, 1.032, 14.968, 1.968], "rotation": 180, "texture": "#6"}
			}
		},
		{
			"name": "tag",
			"from": [9.42, 0.3, 11.17],
			"to": [11.42, 1.2, 11.17],
			"rotation": {"angle": 0, "axis": "y", "origin": [12.02455, 8.275, 8.02455]},
			"faces": {
				"north": {"uv": [12.032, 1.032, 13.968, 1.968], "texture": "#6"},
				"east": {"uv": [12.032, 1.032, 14.968, 1.968], "texture": "#6"},
				"south": {"uv": [12.032, 1.032, 13.968, 1.968], "texture": "#6"},
				"west": {"uv": [12.032, 1.032, 14.968, 1.968], "texture": "#6"},
				"up": {"uv": [12.032, 1.032, 14.968, 1.968], "rotation": 180, "texture": "#6"},
				"down": {"uv": [12.032, 1.032, 14.968, 1.968], "rotation": 180, "texture": "#6"}
			}
		},
		{
			"name": "inside",
			"from": [9.52, 0.5, 5.52],
			"to": [14.52, 6.3, 10.52],
			"rotation": {"angle": 0, "axis": "y", "origin": [12.02455, 8.275, 8.02455]},
			"faces": {
				"north": {"uv": [0.032, 0.032, 3.968, 4.8], "texture": "#2"},
				"east": {"uv": [0.032, 0.032, 3.968, 4.8], "texture": "#2"},
				"south": {"uv": [0.032, 0.032, 3.968, 4.8], "texture": "#2"},
				"west": {"uv": [0.032, 0.032, 3.968, 4.8], "texture": "#2"},
				"up": {"uv": [0.032, 0.032, 3.968, 3.968], "texture": "#2"},
				"down": {"uv": [0.032, 0.032, 3.968, 3.968], "texture": "#2"}
			}
		},
		{
			"from": [9.02, 0, 5.02],
			"to": [15.02, 10, 11.02],
			"rotation": {"angle": 0, "axis": "y", "origin": [12.02455, 8.275, 8.02455]},
			"faces": {
				"north": {"uv": [6.032, 0.032, 11.968, 9.968], "texture": "#2"},
				"east": {"uv": [6.032, 0.032, 11.968, 9.968], "texture": "#2"},
				"south": {"uv": [6.032, 0.032, 11.968, 9.968], "texture": "#2"},
				"west": {"uv": [6.032, 0.032, 11.968, 9.968], "texture": "#2"},
				"up": {"uv": [6.032, 1.032, 11.968, 6.968], "rotation": 180, "texture": "#6"},
				"down": {"uv": [6.032, 7.032, 11.968, 12.968], "rotation": 180, "texture": "#6"}
			}
		},
		{
			"from": [9.52, 10, 5.52],
			"to": [14.52, 11, 10.52],
			"rotation": {"angle": 0, "axis": "y", "origin": [12.02455, 8.275, 8.02455]},
			"faces": {
				"north": {"uv": [12.064, 0.032, 15.968, 0.968], "texture": "#6"},
				"east": {"uv": [12.064, 0.032, 15.968, 0.968], "texture": "#6"},
				"south": {"uv": [12.064, 0.032, 15.968, 0.968], "texture": "#6"},
				"west": {"uv": [12.064, 0.032, 15.968, 0.968], "texture": "#6"}
			}
		},
		{
			"from": [9.02, 11, 5.02],
			"to": [15.02, 11.65, 11.02],
			"rotation": {"angle": 0, "axis": "y", "origin": [12.02455, 8.275, 8.02455]},
			"faces": {
				"north": {"uv": [0.032, 12.032, 5.968, 12.968], "texture": "#6"},
				"east": {"uv": [0.032, 12.032, 5.968, 12.968], "texture": "#6"},
				"south": {"uv": [0.032, 12.032, 5.968, 12.968], "texture": "#6"},
				"west": {"uv": [0.032, 12.032, 5.968, 12.968], "texture": "#6"},
				"up": {"uv": [0.032, 6.032, 5.968, 11.968], "rotation": 180, "texture": "#6"},
				"down": {"uv": [0.032, 6.032, 5.968, 11.968], "rotation": 180, "texture": "#6"}
			}
		},
		{
			"from": [10.02, 11.65, 5.02],
			"to": [14.02, 12, 6.02],
			"rotation": {"angle": 0, "axis": "y", "origin": [12.02455, 8.275, 8.02455]},
			"faces": {
				"north": {"uv": [1.032, 12.032, 4.968, 12.5], "texture": "#6"},
				"east": {"uv": [0.032, 12.032, 5.968, 12.968], "texture": "#6"},
				"south": {"uv": [1.032, 12.032, 4.968, 12.5], "texture": "#6"},
				"west": {"uv": [0.032, 12.032, 5.968, 12.968], "texture": "#6"},
				"up": {"uv": [1.032, 6.032, 4.968, 6.968], "rotation": 180, "texture": "#6"},
				"down": {"uv": [0.032, 6.032, 5.968, 11.968], "rotation": 180, "texture": "#6"}
			}
		},
		{
			"from": [10.02, 11.65, 10.02],
			"to": [14.02, 12, 11.02],
			"rotation": {"angle": 0, "axis": "y", "origin": [12.02455, 8.275, 8.02455]},
			"faces": {
				"north": {"uv": [1.032, 12.032, 4.968, 12.5], "texture": "#6"},
				"east": {"uv": [0.032, 12.032, 5.968, 12.968], "texture": "#6"},
				"south": {"uv": [1.032, 12.032, 4.968, 12.5], "texture": "#6"},
				"west": {"uv": [0.032, 12.032, 5.968, 12.968], "texture": "#6"},
				"up": {"uv": [1.032, 6.032, 4.968, 6.968], "rotation": 180, "texture": "#6"},
				"down": {"uv": [0.032, 6.032, 5.968, 11.968], "rotation": 180, "texture": "#6"}
			}
		},
		{
			"from": [14.02, 11.65, 5.02],
			"to": [15.02, 12, 11.02],
			"rotation": {"angle": 0, "axis": "y", "origin": [12.02455, 8.275, 8.02455]},
			"faces": {
				"north": {"uv": [0.032, 12.032, 0.968, 12.5], "texture": "#6"},
				"east": {"uv": [0.032, 12.032, 5.968, 12.968], "texture": "#6"},
				"south": {"uv": [0.032, 12.032, 0.968, 12.5], "texture": "#6"},
				"west": {"uv": [0.032, 12.032, 5.968, 12.968], "texture": "#6"},
				"up": {"uv": [0.032, 6.032, 0.968, 11.968], "rotation": 180, "texture": "#6"},
				"down": {"uv": [0.032, 6.032, 5.968, 11.968], "rotation": 180, "texture": "#6"}
			}
		},
		{
			"from": [9.02, 11.65, 5.02],
			"to": [10.02, 12, 11.02],
			"rotation": {"angle": 0, "axis": "y", "origin": [12.02455, 8.275, 8.02455]},
			"faces": {
				"north": {"uv": [0.032, 12.032, 0.968, 12.5], "texture": "#6"},
				"east": {"uv": [0.032, 12.032, 5.968, 12.968], "texture": "#6"},
				"south": {"uv": [0.032, 12.032, 0.968, 12.5], "texture": "#6"},
				"west": {"uv": [0.032, 12.032, 5.968, 12.968], "texture": "#6"},
				"up": {"uv": [0.032, 6.032, 0.968, 11.968], "rotation": 180, "texture": "#6"},
				"down": {"uv": [0.032, 6.032, 5.968, 11.968], "rotation": 180, "texture": "#6"}
			}
		},
		{
			"from": [11.02, 11.5, 7.02],
			"to": [13.02, 12.5, 9.02],
			"rotation": {"angle": 0, "axis": "y", "origin": [12.02455, 8.275, 8.02455]},
			"faces": {
				"north": {"uv": [3.032, 10.032, 4.968, 10.968], "texture": "#6"},
				"east": {"uv": [3.032, 9.032, 4.968, 9.968], "texture": "#6"},
				"south": {"uv": [3.032, 9.032, 4.968, 9.968], "texture": "#6"},
				"west": {"uv": [4.968, 10.032, 3.032, 10.968], "texture": "#6"},
				"up": {"uv": [3.032, 9.032, 4.968, 10.968], "rotation": 180, "texture": "#6"},
				"down": {"uv": [3.032, 9.032, 4.968, 10.968], "rotation": 180, "texture": "#6"}
			}
		},
		{
			"name": "tag",
			"from": [4.67, 0.3, 4.92],
			"to": [6.67, 1.2, 4.92],
			"rotation": {"angle": 0, "axis": "y", "origin": [4.02455, 8.36591, 8.02455]},
			"faces": {
				"north": {"uv": [12.032, 1.032, 13.968, 1.968], "texture": "#6"},
				"east": {"uv": [12.032, 1.032, 14.968, 1.968], "texture": "#6"},
				"south": {"uv": [12.032, 1.032, 14.968, 1.968], "texture": "#6"},
				"west": {"uv": [12.032, 1.032, 14.968, 1.968], "texture": "#6"},
				"up": {"uv": [12.032, 1.032, 14.968, 1.968], "rotation": 180, "texture": "#6"},
				"down": {"uv": [12.032, 1.032, 14.968, 1.968], "rotation": 180, "texture": "#6"}
			}
		},
		{
			"name": "tag",
			"from": [1.42, 0.3, 11.17],
			"to": [3.42, 1.2, 11.17],
			"rotation": {"angle": 0, "axis": "y", "origin": [4.02455, 8.36591, 8.02455]},
			"faces": {
				"north": {"uv": [12.032, 1.032, 13.968, 1.968], "texture": "#6"},
				"east": {"uv": [12.032, 1.032, 14.968, 1.968], "texture": "#6"},
				"south": {"uv": [12.032, 1.032, 13.968, 1.968], "texture": "#6"},
				"west": {"uv": [12.032, 1.032, 14.968, 1.968], "texture": "#6"},
				"up": {"uv": [12.032, 1.032, 14.968, 1.968], "rotation": 180, "texture": "#6"},
				"down": {"uv": [12.032, 1.032, 14.968, 1.968], "rotation": 180, "texture": "#6"}
			}
		},
		{
			"name": "inside",
			"from": [1.52, 0.5, 5.52],
			"to": [6.52, 8.3, 10.52],
			"rotation": {"angle": 0, "axis": "y", "origin": [4.02455, 8.36591, 8.02455]},
			"faces": {
				"north": {"uv": [0.032, 0.032, 3.968, 6.8], "texture": "#3"},
				"east": {"uv": [0.032, 0.032, 3.968, 6.8], "texture": "#3"},
				"south": {"uv": [0.032, 0.032, 3.968, 6.8], "texture": "#3"},
				"west": {"uv": [0.032, 0.032, 3.968, 6.8], "texture": "#3"},
				"up": {"uv": [0.032, 0.032, 3.968, 3.968], "texture": "#3"},
				"down": {"uv": [0.032, 0.032, 3.968, 3.968], "texture": "#3"}
			}
		},
		{
			"from": [1.02, 0, 5.02],
			"to": [7.02, 10, 11.02],
			"rotation": {"angle": 0, "axis": "y", "origin": [4.02455, 8.36591, 8.02455]},
			"faces": {
				"north": {"uv": [6.032, 0.032, 11.968, 9.968], "texture": "#3"},
				"east": {"uv": [6.032, 0.032, 11.968, 9.968], "texture": "#3"},
				"south": {"uv": [6.032, 0.032, 11.968, 9.968], "texture": "#3"},
				"west": {"uv": [6.032, 0.032, 11.968, 9.968], "texture": "#3"},
				"up": {"uv": [6.032, 1.032, 11.968, 6.968], "rotation": 180, "texture": "#6"},
				"down": {"uv": [6.032, 7.032, 11.968, 12.968], "rotation": 180, "texture": "#6"}
			}
		},
		{
			"from": [1.52, 10, 5.52],
			"to": [6.52, 11, 10.52],
			"rotation": {"angle": 0, "axis": "y", "origin": [4.02455, 8.36591, 8.02455]},
			"faces": {
				"north": {"uv": [12.064, 0.032, 15.968, 0.968], "texture": "#6"},
				"east": {"uv": [12.064, 0.032, 15.968, 0.968], "texture": "#6"},
				"south": {"uv": [12.064, 0.032, 15.968, 0.968], "texture": "#6"},
				"west": {"uv": [12.064, 0.032, 15.968, 0.968], "texture": "#6"}
			}
		},
		{
			"from": [1.02, 11, 5.02],
			"to": [7.02, 11.65, 11.02],
			"rotation": {"angle": 0, "axis": "y", "origin": [4.02455, 8.36591, 8.02455]},
			"faces": {
				"north": {"uv": [0.032, 12.032, 5.968, 12.968], "texture": "#6"},
				"east": {"uv": [0.032, 12.032, 5.968, 12.968], "texture": "#6"},
				"south": {"uv": [0.032, 12.032, 5.968, 12.968], "texture": "#6"},
				"west": {"uv": [0.032, 12.032, 5.968, 12.968], "texture": "#6"},
				"up": {"uv": [0.032, 6.032, 5.968, 11.968], "rotation": 180, "texture": "#6"},
				"down": {"uv": [0.032, 6.032, 5.968, 11.968], "rotation": 180, "texture": "#6"}
			}
		},
		{
			"from": [2.02, 11.65, 5.02],
			"to": [6.02, 12, 6.02],
			"rotation": {"angle": 0, "axis": "y", "origin": [4.02455, 8.36591, 8.02455]},
			"faces": {
				"north": {"uv": [1.032, 12.032, 4.968, 12.5], "texture": "#6"},
				"east": {"uv": [0.032, 12.032, 5.968, 12.968], "texture": "#6"},
				"south": {"uv": [1.032, 12.032, 4.968, 12.5], "texture": "#6"},
				"west": {"uv": [0.032, 12.032, 5.968, 12.968], "texture": "#6"},
				"up": {"uv": [1.032, 6.032, 4.968, 6.968], "rotation": 180, "texture": "#6"},
				"down": {"uv": [0.032, 6.032, 5.968, 11.968], "rotation": 180, "texture": "#6"}
			}
		},
		{
			"from": [2.02, 11.65, 10.02],
			"to": [6.02, 12, 11.02],
			"rotation": {"angle": 0, "axis": "y", "origin": [4.02455, 8.36591, 8.02455]},
			"faces": {
				"north": {"uv": [1.032, 12.032, 4.968, 12.5], "texture": "#6"},
				"east": {"uv": [0.032, 12.032, 5.968, 12.968], "texture": "#6"},
				"south": {"uv": [1.032, 12.032, 4.968, 12.5], "texture": "#6"},
				"west": {"uv": [0.032, 12.032, 5.968, 12.968], "texture": "#6"},
				"up": {"uv": [1.032, 6.032, 4.968, 6.968], "rotation": 180, "texture": "#6"},
				"down": {"uv": [0.032, 6.032, 5.968, 11.968], "rotation": 180, "texture": "#6"}
			}
		},
		{
			"from": [6.02, 11.65, 5.02],
			"to": [7.02, 12, 11.02],
			"rotation": {"angle": 0, "axis": "y", "origin": [4.02455, 8.36591, 8.02455]},
			"faces": {
				"north": {"uv": [0.032, 12.032, 0.968, 12.5], "texture": "#6"},
				"east": {"uv": [0.032, 12.032, 5.968, 12.968], "texture": "#6"},
				"south": {"uv": [0.032, 12.032, 0.968, 12.5], "texture": "#6"},
				"west": {"uv": [0.032, 12.032, 5.968, 12.968], "texture": "#6"},
				"up": {"uv": [0.032, 6.032, 0.968, 11.968], "rotation": 180, "texture": "#6"},
				"down": {"uv": [0.032, 6.032, 5.968, 11.968], "rotation": 180, "texture": "#6"}
			}
		},
		{
			"from": [1.02, 11.65, 5.02],
			"to": [2.02, 12, 11.02],
			"rotation": {"angle": 0, "axis": "y", "origin": [4.02455, 8.36591, 8.02455]},
			"faces": {
				"north": {"uv": [0.032, 12.032, 0.968, 12.5], "texture": "#6"},
				"east": {"uv": [0.032, 12.032, 5.968, 12.968], "texture": "#6"},
				"south": {"uv": [0.032, 12.032, 0.968, 12.5], "texture": "#6"},
				"west": {"uv": [0.032, 12.032, 5.968, 12.968], "texture": "#6"},
				"up": {"uv": [0.032, 6.032, 0.968, 11.968], "rotation": 180, "texture": "#6"},
				"down": {"uv": [0.032, 6.032, 5.968, 11.968], "rotation": 180, "texture": "#6"}
			}
		},
		{
			"from": [3.02, 11.5, 7.02],
			"to": [5.02, 12.5, 9.02],
			"rotation": {"angle": 0, "axis": "y", "origin": [4.02455, 8.36591, 8.02455]},
			"faces": {
				"north": {"uv": [3.032, 10.032, 4.968, 10.968], "texture": "#6"},
				"east": {"uv": [3.032, 9.032, 4.968, 9.968], "texture": "#6"},
				"south": {"uv": [3.032, 9.032, 4.968, 9.968], "texture": "#6"},
				"west": {"uv": [4.968, 10.032, 3.032, 10.968], "texture": "#6"},
				"up": {"uv": [3.032, 9.032, 4.968, 10.968], "rotation": 180, "texture": "#6"},
				"down": {"uv": [3.032, 9.032, 4.968, 10.968], "rotation": 180, "texture": "#6"}
			}
		}
	],
	"display": {
		"thirdperson_righthand": {
			"rotation": [65, 0, 0],
			"translation": [-6, 4.25, 3.75]
		},
		"firstperson_righthand": {
			"translation": [0, 0, -1.5]
		},
		"ground": {
			"translation": [0, 4, 0]
		},
		"gui": {
			"translation": [0.25, 0, 0]
		},
		"fixed": {
			"rotation": [-90, 0, 0],
			"translation": [0, 0, -15],
			"scale": [2, 2, 2]
		}
	},
	"groups": [
		{
			"name": "group",
			"origin": [9.25, 8.5, 9.25],
			"color": 0,
			"children": [
				0,
				1,
				2,
				{
					"name": "glass",
					"origin": [4, 3.5, 8],
					"color": 0,
					"children": [3, 4]
				},
				{
					"name": "lid",
					"origin": [0, 0, 0],
					"color": 0,
					"children": [5, 6, 7, 8, 9, 10]
				}
			]
		},
		{
			"name": "group",
			"origin": [9.25, 8.5, 9.25],
			"color": 0,
			"children": [
				11,
				12,
				13,
				{
					"name": "glass",
					"origin": [4, 3.5, 8],
					"color": 0,
					"children": [14, 15]
				},
				{
					"name": "lid",
					"origin": [0, 0, 0],
					"color": 0,
					"children": [16, 17, 18, 19, 20, 21]
				}
			]
		}
	]
}