{
	"credit": "Made with Blockbench",
	"ambientocclusion": false,
	"textures": {
		"2": "block/jar_big_yellow",
		"3": "block/jar_small_brown",
		"4": "block/Hananacraft archive/flower pot",
		"5": "block/jarwhite1",
		"6": "block/jar_small_green",
		"7": "block/Hananacraft archive/basket_laundry_side",
		"8": "block/hanacraft_basket_1_mod",
		"particle": "block/jar_small_green"
	},
	"elements": [
		{
			"from": [2.5, 1, 2.5],
			"to": [7.5, 5, 7.5],
			"rotation": {"angle": 0, "axis": "y", "origin": [5, 6.03125, 5]},
			"faces": {
				"north": {"uv": [10.032, 12.032, 14.968, 15.968], "texture": "#5"},
				"east": {"uv": [10.032, 12.032, 14.968, 15.968], "texture": "#5"},
				"south": {"uv": [10.032, 12.032, 14.968, 15.968], "texture": "#5"},
				"west": {"uv": [10.032, 12.032, 14.968, 15.968], "texture": "#5"},
				"up": {"uv": [11.032, 0.032, 15.968, 4.968], "texture": "#5"},
				"down": {"uv": [3.032, 10.032, 7.968, 14.968], "texture": "#5"}
			}
		},
		{
			"from": [6.5, 5.75, 2.5],
			"to": [7.5, 6.75, 7.5],
			"rotation": {"angle": 0, "axis": "y", "origin": [5, 6.03125, 5]},
			"faces": {
				"north": {"uv": [11.032, 0.032, 11.968, 0.968], "texture": "#5"},
				"east": {"uv": [11.032, 0.032, 15.968, 0.968], "texture": "#5"},
				"south": {"uv": [15.032, 0.032, 15.968, 0.968], "texture": "#5"},
				"west": {"uv": [10.032, 12.032, 14.968, 12.968], "texture": "#5"},
				"up": {"uv": [11.032, 0.032, 11.968, 4.968], "texture": "#5"},
				"down": {"uv": [10.032, 12.032, 14.968, 16.968], "texture": "#5"}
			}
		},
		{
			"from": [3.5, 5.75, 2.5],
			"to": [6.5, 6.75, 3.5],
			"rotation": {"angle": 0, "axis": "y", "origin": [5, 6.03125, 5]},
			"faces": {
				"north": {"uv": [12.032, 0.032, 14.968, 0.968], "texture": "#5"},
				"east": {"uv": [10.032, 12.032, 14.968, 12.968], "texture": "#5"},
				"south": {"uv": [12.032, 0.032, 14.968, 0.968], "texture": "#5"},
				"west": {"uv": [10.032, 12.032, 14.968, 12.968], "texture": "#5"},
				"up": {"uv": [12.032, 0.032, 14.968, 0.968], "texture": "#5"},
				"down": {"uv": [10.032, 12.032, 14.968, 16.968], "texture": "#5"}
			}
		},
		{
			"from": [3.5, 5.75, 6.5],
			"to": [6.5, 6.75, 7.5],
			"rotation": {"angle": 0, "axis": "y", "origin": [5, 6.03125, 5]},
			"faces": {
				"north": {"uv": [12.032, 0.032, 14.968, 0.968], "texture": "#5"},
				"east": {"uv": [10.032, 12.032, 14.968, 12.968], "texture": "#5"},
				"south": {"uv": [12.032, 0.032, 14.968, 0.968], "texture": "#5"},
				"west": {"uv": [10.032, 12.032, 14.968, 12.968], "texture": "#5"},
				"up": {"uv": [12.032, 0.032, 14.968, 0.968], "texture": "#5"},
				"down": {"uv": [10.032, 12.032, 14.968, 16.968], "texture": "#5"}
			}
		},
		{
			"from": [2.5, 5.75, 2.5],
			"to": [3.5, 6.75, 7.5],
			"rotation": {"angle": 0, "axis": "y", "origin": [5, 6.03125, 5]},
			"faces": {
				"north": {"uv": [15.032, 0.032, 15.968, 0.968], "texture": "#5"},
				"east": {"uv": [10.032, 12.032, 14.968, 12.968], "texture": "#5"},
				"south": {"uv": [11.032, 0.032, 11.968, 0.968], "texture": "#5"},
				"west": {"uv": [11.032, 4.032, 15.968, 4.968], "texture": "#5"},
				"up": {"uv": [15.032, 0.032, 15.968, 4.968], "texture": "#5"},
				"down": {"uv": [15.032, 0.032, 15.968, 4.968], "texture": "#5"}
			}
		},
		{
			"from": [3, 4.75, 3],
			"to": [7, 5.75, 7],
			"rotation": {"angle": 0, "axis": "y", "origin": [5, 6.03125, 5]},
			"faces": {
				"north": {"uv": [10.032, 15.032, 13.968, 15.968], "texture": "#5"},
				"east": {"uv": [10.032, 15.032, 13.968, 15.968], "texture": "#5"},
				"south": {"uv": [10.032, 15.032, 13.968, 15.968], "texture": "#5"},
				"west": {"uv": [10.032, 15.032, 13.968, 15.968], "texture": "#5"},
				"up": {"uv": [12.032, 1.032, 14.968, 3.968], "texture": "#5"},
				"down": {"uv": [10.032, 15.032, 13.968, 15.968], "texture": "#5"}
			}
		},
		{
			"from": [5, 5.5, 2.5],
			"to": [5, 9.5, 7.5],
			"rotation": {"angle": -22.5, "axis": "y", "origin": [5, 6.03125, 5]},
			"faces": {
				"north": {"uv": [0.032, 0.032, 0.968, 0.968], "texture": "#4"},
				"east": {"uv": [11.032, 0.032, 15.968, 3.968], "texture": "#4"},
				"west": {"uv": [15.936, 0.032, 11.06, 3.968], "texture": "#4"}
			}
		},
		{
			"from": [2.5, 5.5, 5],
			"to": [7.5, 9.5, 5],
			"rotation": {"angle": -22.5, "axis": "y", "origin": [5, 6.03125, 5]},
			"faces": {
				"north": {"uv": [4.936, 10.032, 0.06, 13.968], "texture": "#4"},
				"east": {"uv": [0.032, 0.032, 0.968, 0.968], "texture": "#4"},
				"south": {"uv": [0.032, 10.032, 4.968, 13.968], "texture": "#4"}
			}
		},
		{
			"name": "tag",
			"from": [8.37909, 1.3, 8.12909],
			"to": [10.37909, 2.2, 8.12909],
			"rotation": {"angle": 0, "axis": "y", "origin": [11.02454, 6.50227, 5.02454]},
			"faces": {
				"north": {"uv": [12.032, 1.032, 14.968, 1.968], "texture": "#3"},
				"east": {"uv": [12.032, 1.032, 14.968, 1.968], "texture": "#3"},
				"south": {"uv": [12.032, 1.032, 13.968, 1.968], "texture": "#3"},
				"west": {"uv": [12.032, 1.032, 14.968, 1.968], "texture": "#3"},
				"up": {"uv": [12.032, 1.032, 14.968, 1.968], "texture": "#3"},
				"down": {"uv": [12.032, 1.032, 14.968, 1.968], "texture": "#3"}
			}
		},
		{
			"name": "tag",
			"from": [11.62909, 1.3, 1.87909],
			"to": [13.62909, 2.2, 1.87909],
			"rotation": {"angle": 0, "axis": "y", "origin": [11.02454, 6.50227, 5.02454]},
			"faces": {
				"north": {"uv": [12.032, 1.032, 13.968, 1.968], "texture": "#3"},
				"east": {"uv": [12.032, 1.032, 14.968, 1.968], "texture": "#3"},
				"south": {"uv": [12.032, 1.032, 13.968, 1.968], "texture": "#3"},
				"west": {"uv": [12.032, 1.032, 14.968, 1.968], "texture": "#3"},
				"up": {"uv": [12.032, 1.032, 14.968, 1.968], "texture": "#3"},
				"down": {"uv": [12.032, 1.032, 14.968, 1.968], "texture": "#3"}
			}
		},
		{
			"name": "inside",
			"from": [8.52909, 1.5, 2.52909],
			"to": [13.52909, 6.3, 7.52909],
			"rotation": {"angle": 0, "axis": "y", "origin": [11.02454, 6.50227, 5.02454]},
			"faces": {
				"north": {"uv": [0.032, 0.032, 3.968, 3.968], "texture": "#3"},
				"east": {"uv": [0.032, 0.032, 3.968, 3.968], "texture": "#3"},
				"south": {"uv": [0.032, 0.032, 3.968, 3.968], "texture": "#3"},
				"west": {"uv": [0.032, 0.032, 3.968, 3.968], "texture": "#3"},
				"up": {"uv": [0.032, 0.032, 3.968, 3.968], "texture": "#3"},
				"down": {"uv": [0.032, 0.032, 3.968, 3.968], "texture": "#3"}
			}
		},
		{
			"from": [8.02909, 1, 2.02909],
			"to": [14.02909, 7, 8.02909],
			"rotation": {"angle": 0, "axis": "y", "origin": [11.02454, 6.50227, 5.02454]},
			"faces": {
				"north": {"uv": [6.032, 1.032, 11.968, 6.968], "texture": "#3"},
				"east": {"uv": [6.032, 1.032, 11.968, 6.968], "texture": "#3"},
				"south": {"uv": [6.032, 1.032, 11.968, 6.968], "texture": "#3"},
				"west": {"uv": [6.032, 1.032, 11.968, 6.968], "texture": "#3"},
				"up": {"uv": [6.032, 1.032, 11.968, 6.968], "texture": "#3"},
				"down": {"uv": [6.032, 7.032, 11.968, 12.968], "texture": "#3"}
			}
		},
		{
			"from": [8.52909, 7, 2.52909],
			"to": [13.52909, 8, 7.52909],
			"rotation": {"angle": 0, "axis": "y", "origin": [11.02454, 6.50227, 5.02454]},
			"faces": {
				"north": {"uv": [12.064, 0.032, 15.968, 0.968], "texture": "#3"},
				"east": {"uv": [12.064, 0.032, 15.968, 0.968], "texture": "#3"},
				"south": {"uv": [12.064, 0.032, 15.968, 0.968], "texture": "#3"},
				"west": {"uv": [12.064, 0.032, 15.968, 0.968], "texture": "#3"}
			}
		},
		{
			"from": [8.02909, 8, 2.02909],
			"to": [14.02909, 8.65, 8.02909],
			"rotation": {"angle": 0, "axis": "y", "origin": [11.02454, 6.50227, 5.02454]},
			"faces": {
				"north": {"uv": [0.032, 12.032, 5.968, 12.968], "texture": "#3"},
				"east": {"uv": [0.032, 12.032, 5.968, 12.968], "texture": "#3"},
				"south": {"uv": [0.032, 12.032, 5.968, 12.968], "texture": "#3"},
				"west": {"uv": [0.032, 12.032, 5.968, 12.968], "texture": "#3"},
				"up": {"uv": [0.032, 6.032, 5.968, 11.968], "texture": "#3"},
				"down": {"uv": [0.032, 6.032, 5.968, 11.968], "texture": "#3"}
			}
		},
		{
			"from": [9.02909, 8.65, 7.02909],
			"to": [13.02909, 9, 8.02909],
			"rotation": {"angle": 0, "axis": "y", "origin": [11.02454, 6.50227, 5.02454]},
			"faces": {
				"north": {"uv": [1.032, 12.032, 4.968, 12.5], "texture": "#3"},
				"east": {"uv": [0.032, 12.032, 5.968, 12.968], "texture": "#3"},
				"south": {"uv": [1.032, 12.032, 4.968, 12.5], "texture": "#3"},
				"west": {"uv": [0.032, 12.032, 5.968, 12.968], "texture": "#3"},
				"up": {"uv": [1.032, 6.032, 4.968, 6.968], "texture": "#3"},
				"down": {"uv": [0.032, 6.032, 5.968, 11.968], "texture": "#3"}
			}
		},
		{
			"from": [9.02909, 8.65, 2.02909],
			"to": [13.02909, 9, 3.02909],
			"rotation": {"angle": 0, "axis": "y", "origin": [11.02454, 6.50227, 5.02454]},
			"faces": {
				"north": {"uv": [1.032, 12.032, 4.968, 12.5], "texture": "#3"},
				"east": {"uv": [0.032, 12.032, 5.968, 12.968], "texture": "#3"},
				"south": {"uv": [1.032, 12.032, 4.968, 12.5], "texture": "#3"},
				"west": {"uv": [0.032, 12.032, 5.968, 12.968], "texture": "#3"},
				"up": {"uv": [1.032, 6.032, 4.968, 6.968], "texture": "#3"},
				"down": {"uv": [0.032, 6.032, 5.968, 11.968], "texture": "#3"}
			}
		},
		{
			"from": [8.02909, 8.65, 2.02909],
			"to": [9.02909, 9, 8.02909],
			"rotation": {"angle": 0, "axis": "y", "origin": [11.02454, 6.50227, 5.02454]},
			"faces": {
				"north": {"uv": [0.032, 12.032, 0.968, 12.5], "texture": "#3"},
				"east": {"uv": [0.032, 12.032, 5.968, 12.968], "texture": "#3"},
				"south": {"uv": [0.032, 12.032, 0.968, 12.5], "texture": "#3"},
				"west": {"uv": [0.032, 12.032, 5.968, 12.968], "texture": "#3"},
				"up": {"uv": [0.032, 6.032, 0.968, 11.968], "texture": "#3"},
				"down": {"uv": [0.032, 6.032, 5.968, 11.968], "texture": "#3"}
			}
		},
		{
			"from": [13.02909, 8.65, 2.02909],
			"to": [14.02909, 9, 8.02909],
			"rotation": {"angle": 0, "axis": "y", "origin": [11.02454, 6.50227, 5.02454]},
			"faces": {
				"north": {"uv": [0.032, 12.032, 0.968, 12.5], "texture": "#3"},
				"east": {"uv": [0.032, 12.032, 5.968, 12.968], "texture": "#3"},
				"south": {"uv": [0.032, 12.032, 0.968, 12.5], "texture": "#3"},
				"west": {"uv": [0.032, 12.032, 5.968, 12.968], "texture": "#3"},
				"up": {"uv": [0.032, 6.032, 0.968, 11.968], "texture": "#3"},
				"down": {"uv": [0.032, 6.032, 5.968, 11.968], "texture": "#3"}
			}
		},
		{
			"from": [10.02909, 8.5, 4.02909],
			"to": [12.02909, 9.5, 6.02909],
			"rotation": {"angle": 0, "axis": "y", "origin": [11.02454, 6.50227, 5.02454]},
			"faces": {
				"north": {"uv": [3.032, 9.032, 4.968, 9.968], "texture": "#3"},
				"east": {"uv": [4.968, 10.032, 3.032, 10.968], "texture": "#3"},
				"south": {"uv": [3.032, 10.032, 4.968, 10.968], "texture": "#3"},
				"west": {"uv": [3.032, 9.032, 4.968, 9.968], "texture": "#3"},
				"up": {"uv": [3.032, 9.032, 4.968, 10.968], "texture": "#3"},
				"down": {"uv": [3.032, 9.032, 4.968, 10.968], "texture": "#3"}
			}
		},
		{
			"name": "tag",
			"from": [5.67, 1.3, 7.92],
			"to": [7.67, 2.2, 7.92],
			"rotation": {"angle": 0, "axis": "y", "origin": [5.02455, 6.45682, 11.02455]},
			"faces": {
				"north": {"uv": [12.032, 1.032, 13.968, 1.968], "texture": "#6"},
				"east": {"uv": [12.032, 1.032, 14.968, 1.968], "texture": "#6"},
				"south": {"uv": [12.032, 1.032, 14.968, 1.968], "texture": "#6"},
				"west": {"uv": [12.032, 1.032, 14.968, 1.968], "texture": "#6"},
				"up": {"uv": [12.032, 1.032, 14.968, 1.968], "rotation": 180, "texture": "#6"},
				"down": {"uv": [12.032, 1.032, 14.968, 1.968], "rotation": 180, "texture": "#6"}
			}
		},
		{
			"name": "tag",
			"from": [2.42, 1.3, 14.17],
			"to": [4.42, 2.2, 14.17],
			"rotation": {"angle": 0, "axis": "y", "origin": [5.02455, 6.45682, 11.02455]},
			"faces": {
				"north": {"uv": [12.032, 1.032, 13.968, 1.968], "texture": "#6"},
				"east": {"uv": [12.032, 1.032, 14.968, 1.968], "texture": "#6"},
				"south": {"uv": [12.032, 1.032, 13.968, 1.968], "texture": "#6"},
				"west": {"uv": [12.032, 1.032, 14.968, 1.968], "texture": "#6"},
				"up": {"uv": [12.032, 1.032, 14.968, 1.968], "rotation": 180, "texture": "#6"},
				"down": {"uv": [12.032, 1.032, 14.968, 1.968], "rotation": 180, "texture": "#6"}
			}
		},
		{
			"name": "inside",
			"from": [2.52, 1.5, 8.52],
			"to": [7.52, 5.3, 13.52],
			"rotation": {"angle": 0, "axis": "y", "origin": [5.02455, 6.45682, 11.02455]},
			"faces": {
				"north": {"uv": [0.032, 0.032, 3.968, 2.968], "texture": "#6"},
				"east": {"uv": [0.032, 0.032, 3.968, 2.968], "texture": "#6"},
				"south": {"uv": [0.032, 0.032, 3.968, 2.968], "texture": "#6"},
				"west": {"uv": [0.032, 0.032, 3.968, 2.968], "texture": "#6"},
				"up": {"uv": [0.032, 0.032, 3.968, 3.968], "texture": "#6"},
				"down": {"uv": [0.032, 0.032, 3.968, 3.968], "texture": "#6"}
			}
		},
		{
			"from": [2.02, 1, 8.02],
			"to": [8.02, 7, 14.02],
			"rotation": {"angle": 0, "axis": "y", "origin": [5.02455, 6.45682, 11.02455]},
			"faces": {
				"north": {"uv": [6.032, 1.032, 11.968, 6.968], "texture": "#6"},
				"east": {"uv": [6.032, 1.032, 11.968, 6.968], "texture": "#6"},
				"south": {"uv": [6.032, 1.032, 11.968, 6.968], "texture": "#6"},
				"west": {"uv": [6.032, 1.032, 11.968, 6.968], "texture": "#6"},
				"up": {"uv": [6.032, 1.032, 11.968, 6.968], "rotation": 180, "texture": "#6"},
				"down": {"uv": [6.032, 7.032, 11.968, 12.968], "rotation": 180, "texture": "#6"}
			}
		},
		{
			"from": [2.52, 7, 8.52],
			"to": [7.52, 8, 13.52],
			"rotation": {"angle": 0, "axis": "y", "origin": [5.02455, 6.45682, 11.02455]},
			"faces": {
				"north": {"uv": [12.064, 0.032, 15.968, 0.968], "texture": "#6"},
				"east": {"uv": [12.064, 0.032, 15.968, 0.968], "texture": "#6"},
				"south": {"uv": [12.064, 0.032, 15.968, 0.968], "texture": "#6"},
				"west": {"uv": [12.064, 0.032, 15.968, 0.968], "texture": "#6"}
			}
		},
		{
			"from": [2.02, 8, 8.02],
			"to": [8.02, 8.65, 14.02],
			"rotation": {"angle": 0, "axis": "y", "origin": [5.02455, 6.45682, 11.02455]},
			"faces": {
				"north": {"uv": [0.032, 12.032, 5.968, 12.968], "texture": "#6"},
				"east": {"uv": [0.032, 12.032, 5.968, 12.968], "texture": "#6"},
				"south": {"uv": [0.032, 12.032, 5.968, 12.968], "texture": "#6"},
				"west": {"uv": [0.032, 12.032, 5.968, 12.968], "texture": "#6"},
				"up": {"uv": [0.032, 6.032, 5.968, 11.968], "rotation": 180, "texture": "#6"},
				"down": {"uv": [0.032, 6.032, 5.968, 11.968], "rotation": 180, "texture": "#6"}
			}
		},
		{
			"from": [3.02, 8.65, 8.02],
			"to": [7.02, 9, 9.02],
			"rotation": {"angle": 0, "axis": "y", "origin": [5.02455, 6.45682, 11.02455]},
			"faces": {
				"north": {"uv": [1.032, 12.032, 4.968, 12.5], "texture": "#6"},
				"east": {"uv": [0.032, 12.032, 5.968, 12.968], "texture": "#6"},
				"south": {"uv": [1.032, 12.032, 4.968, 12.5], "texture": "#6"},
				"west": {"uv": [0.032, 12.032, 5.968, 12.968], "texture": "#6"},
				"up": {"uv": [1.032, 6.032, 4.968, 6.968], "rotation": 180, "texture": "#6"},
				"down": {"uv": [0.032, 6.032, 5.968, 11.968], "rotation": 180, "texture": "#6"}
			}
		},
		{
			"from": [3.02, 8.65, 13.02],
			"to": [7.02, 9, 14.02],
			"rotation": {"angle": 0, "axis": "y", "origin": [5.02455, 6.45682, 11.02455]},
			"faces": {
				"north": {"uv": [1.032, 12.032, 4.968, 12.5], "texture": "#6"},
				"east": {"uv": [0.032, 12.032, 5.968, 12.968], "texture": "#6"},
				"south": {"uv": [1.032, 12.032, 4.968, 12.5], "texture": "#6"},
				"west": {"uv": [0.032, 12.032, 5.968, 12.968], "texture": "#6"},
				"up": {"uv": [1.032, 6.032, 4.968, 6.968], "rotation": 180, "texture": "#6"},
				"down": {"uv": [0.032, 6.032, 5.968, 11.968], "rotation": 180, "texture": "#6"}
			}
		},
		{
			"from": [7.02, 8.65, 8.02],
			"to": [8.02, 9, 14.02],
			"rotation": {"angle": 0, "axis": "y", "origin": [5.02455, 6.45682, 11.02455]},
			"faces": {
				"north": {"uv": [0.032, 12.032, 0.968, 12.5], "texture": "#6"},
				"east": {"uv": [0.032, 12.032, 5.968, 12.968], "texture": "#6"},
				"south": {"uv": [0.032, 12.032, 0.968, 12.5], "texture": "#6"},
				"west": {"uv": [0.032, 12.032, 5.968, 12.968], "texture": "#6"},
				"up": {"uv": [0.032, 6.032, 0.968, 11.968], "rotation": 180, "texture": "#6"},
				"down": {"uv": [0.032, 6.032, 5.968, 11.968], "rotation": 180, "texture": "#6"}
			}
		},
		{
			"from": [2.02, 8.65, 8.02],
			"to": [3.02, 9, 14.02],
			"rotation": {"angle": 0, "axis": "y", "origin": [5.02455, 6.45682, 11.02455]},
			"faces": {
				"north": {"uv": [0.032, 12.032, 0.968, 12.5], "texture": "#6"},
				"east": {"uv": [0.032, 12.032, 5.968, 12.968], "texture": "#6"},
				"south": {"uv": [0.032, 12.032, 0.968, 12.5], "texture": "#6"},
				"west": {"uv": [0.032, 12.032, 5.968, 12.968], "texture": "#6"},
				"up": {"uv": [0.032, 6.032, 0.968, 11.968], "rotation": 180, "texture": "#6"},
				"down": {"uv": [0.032, 6.032, 5.968, 11.968], "rotation": 180, "texture": "#6"}
			}
		},
		{
			"from": [4.02, 8.5, 10.02],
			"to": [6.02, 9.5, 12.02],
			"rotation": {"angle": 0, "axis": "y", "origin": [5.02455, 6.45682, 11.02455]},
			"faces": {
				"north": {"uv": [3.032, 10.032, 4.968, 10.968], "texture": "#6"},
				"east": {"uv": [3.032, 9.032, 4.968, 9.968], "texture": "#6"},
				"south": {"uv": [3.032, 9.032, 4.968, 9.968], "texture": "#6"},
				"west": {"uv": [4.968, 10.032, 3.032, 10.968], "texture": "#6"},
				"up": {"uv": [3.032, 9.032, 4.968, 10.968], "rotation": 180, "texture": "#6"},
				"down": {"uv": [3.032, 9.032, 4.968, 10.968], "rotation": 180, "texture": "#6"}
			}
		},
		{
			"name": "tag",
			"from": [11.67, 1.3, 7.92],
			"to": [13.67, 2.2, 7.92],
			"rotation": {"angle": 0, "axis": "y", "origin": [11.02455, 9.36591, 11.02455]},
			"faces": {
				"north": {"uv": [12.032, 1.032, 13.968, 1.968], "texture": "#6"},
				"east": {"uv": [12.032, 1.032, 14.968, 1.968], "texture": "#6"},
				"south": {"uv": [12.032, 1.032, 14.968, 1.968], "texture": "#6"},
				"west": {"uv": [12.032, 1.032, 14.968, 1.968], "texture": "#6"},
				"up": {"uv": [12.032, 1.032, 14.968, 1.968], "rotation": 180, "texture": "#6"},
				"down": {"uv": [12.032, 1.032, 14.968, 1.968], "rotation": 180, "texture": "#6"}
			}
		},
		{
			"name": "tag",
			"from": [8.42, 1.3, 14.17],
			"to": [10.42, 2.2, 14.17],
			"rotation": {"angle": 0, "axis": "y", "origin": [11.02455, 9.36591, 11.02455]},
			"faces": {
				"north": {"uv": [12.032, 1.032, 13.968, 1.968], "texture": "#6"},
				"east": {"uv": [12.032, 1.032, 14.968, 1.968], "texture": "#6"},
				"south": {"uv": [12.032, 1.032, 13.968, 1.968], "texture": "#6"},
				"west": {"uv": [12.032, 1.032, 14.968, 1.968], "texture": "#6"},
				"up": {"uv": [12.032, 1.032, 14.968, 1.968], "rotation": 180, "texture": "#6"},
				"down": {"uv": [12.032, 1.032, 14.968, 1.968], "rotation": 180, "texture": "#6"}
			}
		},
		{
			"name": "inside",
			"from": [8.52, 1.5, 8.52],
			"to": [13.52, 9.3, 13.52],
			"rotation": {"angle": 0, "axis": "y", "origin": [11.02455, 9.36591, 11.02455]},
			"faces": {
				"north": {"uv": [0.032, 0.032, 3.968, 6.8], "texture": "#2"},
				"east": {"uv": [0.032, 0.032, 3.968, 6.8], "texture": "#2"},
				"south": {"uv": [0.032, 0.032, 3.968, 6.8], "texture": "#2"},
				"west": {"uv": [0.032, 0.032, 3.968, 6.8], "texture": "#2"},
				"up": {"uv": [0.032, 0.032, 3.968, 3.968], "texture": "#2"},
				"down": {"uv": [0.032, 0.032, 3.968, 3.968], "texture": "#2"}
			}
		},
		{
			"from": [8.02, 1, 8.02],
			"to": [14.02, 11, 14.02],
			"rotation": {"angle": 0, "axis": "y", "origin": [11.02455, 9.36591, 11.02455]},
			"faces": {
				"north": {"uv": [6.032, 0.032, 11.968, 9.968], "texture": "#2"},
				"east": {"uv": [6.032, 0.032, 11.968, 9.968], "texture": "#2"},
				"south": {"uv": [6.032, 0.032, 11.968, 9.968], "texture": "#2"},
				"west": {"uv": [6.032, 0.032, 11.968, 9.968], "texture": "#2"},
				"up": {"uv": [6.032, 1.032, 11.968, 6.968], "rotation": 180, "texture": "#6"},
				"down": {"uv": [6.032, 7.032, 11.968, 12.968], "rotation": 180, "texture": "#6"}
			}
		},
		{
			"from": [8.52, 11, 8.52],
			"to": [13.52, 12, 13.52],
			"rotation": {"angle": 0, "axis": "y", "origin": [11.02455, 9.36591, 11.02455]},
			"faces": {
				"north": {"uv": [12.064, 0.032, 15.968, 0.968], "texture": "#6"},
				"east": {"uv": [12.064, 0.032, 15.968, 0.968], "texture": "#6"},
				"south": {"uv": [12.064, 0.032, 15.968, 0.968], "texture": "#6"},
				"west": {"uv": [12.064, 0.032, 15.968, 0.968], "texture": "#6"}
			}
		},
		{
			"from": [8.02, 12, 8.02],
			"to": [14.02, 12.65, 14.02],
			"rotation": {"angle": 0, "axis": "y", "origin": [11.02455, 9.36591, 11.02455]},
			"faces": {
				"north": {"uv": [0.032, 12.032, 5.968, 12.968], "texture": "#6"},
				"east": {"uv": [0.032, 12.032, 5.968, 12.968], "texture": "#6"},
				"south": {"uv": [0.032, 12.032, 5.968, 12.968], "texture": "#6"},
				"west": {"uv": [0.032, 12.032, 5.968, 12.968], "texture": "#6"},
				"up": {"uv": [0.032, 6.032, 5.968, 11.968], "rotation": 180, "texture": "#6"},
				"down": {"uv": [0.032, 6.032, 5.968, 11.968], "rotation": 180, "texture": "#6"}
			}
		},
		{
			"from": [9.02, 12.65, 8.02],
			"to": [13.02, 13, 9.02],
			"rotation": {"angle": 0, "axis": "y", "origin": [11.02455, 9.36591, 11.02455]},
			"faces": {
				"north": {"uv": [1.032, 12.032, 4.968, 12.5], "texture": "#6"},
				"east": {"uv": [0.032, 12.032, 5.968, 12.968], "texture": "#6"},
				"south": {"uv": [1.032, 12.032, 4.968, 12.5], "texture": "#6"},
				"west": {"uv": [0.032, 12.032, 5.968, 12.968], "texture": "#6"},
				"up": {"uv": [1.032, 6.032, 4.968, 6.968], "rotation": 180, "texture": "#6"},
				"down": {"uv": [0.032, 6.032, 5.968, 11.968], "rotation": 180, "texture": "#6"}
			}
		},
		{
			"from": [9.02, 12.65, 13.02],
			"to": [13.02, 13, 14.02],
			"rotation": {"angle": 0, "axis": "y", "origin": [11.02455, 9.36591, 11.02455]},
			"faces": {
				"north": {"uv": [1.032, 12.032, 4.968, 12.5], "texture": "#6"},
				"east": {"uv": [0.032, 12.032, 5.968, 12.968], "texture": "#6"},
				"south": {"uv": [1.032, 12.032, 4.968, 12.5], "texture": "#6"},
				"west": {"uv": [0.032, 12.032, 5.968, 12.968], "texture": "#6"},
				"up": {"uv": [1.032, 6.032, 4.968, 6.968], "rotation": 180, "texture": "#6"},
				"down": {"uv": [0.032, 6.032, 5.968, 11.968], "rotation": 180, "texture": "#6"}
			}
		},
		{
			"from": [13.02, 12.65, 8.02],
			"to": [14.02, 13, 14.02],
			"rotation": {"angle": 0, "axis": "y", "origin": [11.02455, 9.36591, 11.02455]},
			"faces": {
				"north": {"uv": [0.032, 12.032, 0.968, 12.5], "texture": "#6"},
				"east": {"uv": [0.032, 12.032, 5.968, 12.968], "texture": "#6"},
				"south": {"uv": [0.032, 12.032, 0.968, 12.5], "texture": "#6"},
				"west": {"uv": [0.032, 12.032, 5.968, 12.968], "texture": "#6"},
				"up": {"uv": [0.032, 6.032, 0.968, 11.968], "rotation": 180, "texture": "#6"},
				"down": {"uv": [0.032, 6.032, 5.968, 11.968], "rotation": 180, "texture": "#6"}
			}
		},
		{
			"from": [8.02, 12.65, 8.02],
			"to": [9.02, 13, 14.02],
			"rotation": {"angle": 0, "axis": "y", "origin": [11.02455, 9.36591, 11.02455]},
			"faces": {
				"north": {"uv": [0.032, 12.032, 0.968, 12.5], "texture": "#6"},
				"east": {"uv": [0.032, 12.032, 5.968, 12.968], "texture": "#6"},
				"south": {"uv": [0.032, 12.032, 0.968, 12.5], "texture": "#6"},
				"west": {"uv": [0.032, 12.032, 5.968, 12.968], "texture": "#6"},
				"up": {"uv": [0.032, 6.032, 0.968, 11.968], "rotation": 180, "texture": "#6"},
				"down": {"uv": [0.032, 6.032, 5.968, 11.968], "rotation": 180, "texture": "#6"}
			}
		},
		{
			"from": [10.02, 12.5, 10.02],
			"to": [12.02, 13.5, 12.02],
			"rotation": {"angle": 0, "axis": "y", "origin": [11.02455, 9.36591, 11.02455]},
			"faces": {
				"north": {"uv": [3.032, 10.032, 4.968, 10.968], "texture": "#6"},
				"east": {"uv": [3.032, 9.032, 4.968, 9.968], "texture": "#6"},
				"south": {"uv": [3.032, 9.032, 4.968, 9.968], "texture": "#6"},
				"west": {"uv": [4.968, 10.032, 3.032, 10.968], "texture": "#6"},
				"up": {"uv": [3.032, 9.032, 4.968, 10.968], "rotation": 180, "texture": "#6"},
				"down": {"uv": [3.032, 9.032, 4.968, 10.968], "rotation": 180, "texture": "#6"}
			}
		},
		{
			"from": [1, 0, 1],
			"to": [2, 4, 15],
			"rotation": {"angle": 0, "axis": "y", "origin": [1.5, 2, 8]},
			"faces": {
				"north": {"uv": [11.06, 11.06, 11.94, 14.94], "texture": "#8"},
				"east": {"uv": [1.06, 11.06, 14.94, 14.94], "texture": "#8"},
				"south": {"uv": [1.06, 11.06, 1.94, 14.94], "texture": "#8"},
				"west": {"uv": [1.06, 11.06, 14.94, 14.94], "texture": "#8"},
				"up": {"uv": [0.06, 1.06, 0.94, 14.94], "texture": "#8"},
				"down": {"uv": [1.06, 1.06, 1.94, 14.94], "texture": "#7"}
			}
		},
		{
			"from": [14, 0, 1],
			"to": [15, 4, 15],
			"rotation": {"angle": 0, "axis": "y", "origin": [14.5, 2, 8]},
			"faces": {
				"north": {"uv": [2.06, 11.06, 2.94, 14.94], "texture": "#8"},
				"east": {"uv": [1.06, 11.06, 14.94, 14.94], "texture": "#8"},
				"south": {"uv": [10.06, 11.06, 10.94, 14.94], "texture": "#8"},
				"west": {"uv": [1.06, 11.06, 14.94, 14.94], "texture": "#8"},
				"up": {"uv": [0.06, 1.06, 0.94, 14.94], "texture": "#8"},
				"down": {"uv": [2.94, 1.06, 2.06, 14.94], "texture": "#7"}
			}
		},
		{
			"from": [2, 0, 14],
			"to": [14, 4, 15],
			"rotation": {"angle": 0, "axis": "y", "origin": [8, 2, 14.5]},
			"faces": {
				"north": {"uv": [2.06, 11.06, 13.94, 14.94], "texture": "#8"},
				"east": {"uv": [0.06, 0.06, 0.94, 3.94], "texture": "#8"},
				"south": {"uv": [2.06, 7.06, 13.94, 10.94], "texture": "#8"},
				"west": {"uv": [0.06, 0.06, 0.94, 3.94], "texture": "#8"},
				"up": {"uv": [0.06, 1.06, 0.94, 12.94], "rotation": 90, "texture": "#8"},
				"down": {"uv": [1.06, 2.06, 1.94, 13.94], "rotation": 270, "texture": "#7"}
			}
		},
		{
			"from": [2, 0, 1],
			"to": [14, 4, 2],
			"rotation": {"angle": 0, "axis": "y", "origin": [8, 2, 1.5]},
			"faces": {
				"north": {"uv": [3.06, 7.06, 14.94, 10.94], "texture": "#8"},
				"east": {"uv": [0.06, 0.06, 0.94, 3.94], "texture": "#8"},
				"south": {"uv": [3.06, 11.06, 14.94, 14.94], "texture": "#8"},
				"west": {"uv": [0.06, 0.06, 0.94, 3.94], "texture": "#8"},
				"up": {"uv": [0.06, 2.06, 0.94, 13.94], "rotation": 90, "texture": "#8"},
				"down": {"uv": [1.06, 2.06, 1.94, 13.94], "rotation": 270, "texture": "#7"}
			}
		},
		{
			"from": [2, 0, 2],
			"to": [14, 1, 14],
			"rotation": {"angle": 0, "axis": "y", "origin": [8, 0.5, 8]},
			"faces": {
				"north": {"uv": [0.06, 0.06, 11.94, 0.94], "texture": "#7"},
				"east": {"uv": [0.06, 0.06, 11.94, 0.94], "texture": "#7"},
				"south": {"uv": [0.06, 0.06, 11.94, 0.94], "texture": "#7"},
				"west": {"uv": [0.06, 0.06, 11.94, 0.94], "texture": "#7"},
				"up": {"uv": [2.06, 2.06, 13.94, 13.94], "rotation": 90, "texture": "#7"},
				"down": {"uv": [2.06, 2.06, 13.94, 13.94], "rotation": 270, "texture": "#7"}
			}
		}
	],
	"display": {
		"thirdperson_righthand": {
			"rotation": [65, 0, 0],
			"translation": [-6, 3.25, 4.5]
		},
		"firstperson_righthand": {
			"translation": [-9, -2.75, -4.5]
		},
		"ground": {
			"translation": [0, 4, 0]
		},
		"gui": {
			"rotation": [-147.5, 47, -180],
			"translation": [0.25, 0, 0]
		},
		"fixed": {
			"rotation": [-90, 0, 0],
			"translation": [0, 0, -15],
			"scale": [2, 2, 2]
		}
	},
	"groups": [
		{
			"name": "jarbasket1",
			"origin": [8, 8, 8],
			"color": 0,
			"children": [
				{
					"name": "white jar",
					"origin": [0, 0, 0],
					"color": 0,
					"children": [
						0,
						1,
						2,
						3,
						4,
						5,
						{
							"name": "plant",
							"origin": [0, 0, 0],
							"color": 0,
							"children": [6, 7]
						}
					]
				},
				{
					"name": "group",
					"origin": [9.25, 8.5, 9.25],
					"color": 0,
					"children": [
						8,
						9,
						10,
						{
							"name": "glass",
							"origin": [4, 3.5, 8],
							"color": 0,
							"children": [11, 12]
						},
						{
							"name": "lid",
							"origin": [0, 0, 0],
							"color": 0,
							"children": [13, 14, 15, 16, 17, 18]
						}
					]
				},
				{
					"name": "group",
					"origin": [9.25, 8.5, 9.25],
					"color": 0,
					"children": [
						19,
						20,
						21,
						{
							"name": "glass",
							"origin": [4, 3.5, 8],
							"color": 0,
							"children": [22, 23]
						},
						{
							"name": "lid",
							"origin": [0, 0, 0],
							"color": 0,
							"children": [24, 25, 26, 27, 28, 29]
						}
					]
				},
				{
					"name": "group",
					"origin": [9.25, 8.5, 9.25],
					"color": 0,
					"children": [
						30,
						31,
						32,
						{
							"name": "glass",
							"origin": [4, 3.5, 8],
							"color": 0,
							"children": [33, 34]
						},
						{
							"name": "lid",
							"origin": [0, 0, 0],
							"color": 0,
							"children": [35, 36, 37, 38, 39, 40]
						}
					]
				},
				{
					"name": "basket",
					"origin": [8, 8, 8],
					"color": 0,
					"children": [41, 42, 43, 44, 45]
				}
			]
		}
	]
}