{
	"credit": "Made with Blockbench",
	"parent": "block/block",
	"textures": {
		"0": "block/campfire_log",
		"1": "block/stripped_oak_log_top",
		"2": "block/oak_log"
	},
	"elements": [
		{
			"from": [0, 0, 2],
			"to": [4, 4, 16],
			"rotation": {"angle": 0, "axis": "y", "origin": [2, 2, 9]},
			"faces": {
				"north": {"uv": [6, 6, 10, 10], "texture": "#1", "cullface": "south"},
				"east": {"uv": [4, 0, 0, 14], "rotation": 90, "texture": "#2"},
				"south": {"uv": [6, 6, 10, 10], "texture": "#1", "cullface": "north"},
				"west": {"uv": [0, 0, 4, 14], "rotation": 90, "texture": "#2"},
				"up": {"uv": [0, 0, 4, 14], "rotation": 180, "texture": "#2"},
				"down": {"uv": [0, 0, 4, 14], "texture": "#2", "cullface": "down"}
			}
		},
		{
			"from": [0, 4, 0],
			"to": [4, 8, 14],
			"rotation": {"angle": 0, "axis": "y", "origin": [2, 6, 7]},
			"faces": {
				"north": {"uv": [0, 4, 4, 8], "texture": "#0", "cullface": "north"},
				"east": {"uv": [6, 0, 10, 14], "rotation": 90, "texture": "#2"},
				"south": {"uv": [0, 4, 4, 8], "texture": "#0", "cullface": "south"},
				"west": {"uv": [10, 0, 6, 14], "rotation": 90, "texture": "#2"},
				"up": {"uv": [6, 0, 10, 14], "texture": "#2"},
				"down": {"uv": [6, 0, 10, 14], "texture": "#2", "cullface": "down"}
			}
		},
		{
			"from": [9, 4, 2],
			"to": [13, 8, 14],
			"rotation": {"angle": 0, "axis": "z", "origin": [11, 6, 8]},
			"faces": {
				"north": {"uv": [0, 4, 4, 8], "rotation": 180, "texture": "#0", "cullface": "north"},
				"east": {"uv": [12, 0, 0, 4], "rotation": 180, "texture": "#0"},
				"south": {"uv": [0, 4, 4, 8], "rotation": 180, "texture": "#0", "cullface": "south"},
				"west": {"uv": [0, 0, 12, 4], "rotation": 180, "texture": "#0"},
				"up": {"uv": [0, 0, 12, 4], "rotation": 270, "texture": "#0", "cullface": "down"},
				"down": {"uv": [0, 0, 12, 4], "rotation": 270, "texture": "#0"}
			}
		},
		{
			"from": [4, 4, 3],
			"to": [8, 8, 15],
			"rotation": {"angle": 0, "axis": "y", "origin": [6, 6, 9]},
			"faces": {
				"north": {"uv": [7, 5, 11, 9], "texture": "#1", "cullface": "north"},
				"east": {"uv": [1, 0, 13, 4], "texture": "#1"},
				"south": {"uv": [5, 5, 9, 9], "texture": "#1", "cullface": "south"},
				"west": {"uv": [12, 0, 16, 12], "rotation": 90, "texture": "#2"},
				"up": {"uv": [8, 0, 12, 12], "rotation": 180, "texture": "#2"},
				"down": {"uv": [1, 12, 13, 16], "rotation": 90, "texture": "#1", "cullface": "down"}
			}
		},
		{
			"from": [3.42597, 8, 2.88582],
			"to": [7.42597, 12, 13.88582],
			"rotation": {"angle": -22.5, "axis": "y", "origin": [5.42597, 10, 8.38582]},
			"faces": {
				"north": {"uv": [6, 6, 10, 10], "texture": "#1", "cullface": "north"},
				"east": {"uv": [8, 0, 12, 11], "rotation": 90, "texture": "#2"},
				"south": {"uv": [6, 6, 10, 10], "texture": "#1", "cullface": "south"},
				"west": {"uv": [16, 0, 12, 11], "rotation": 90, "texture": "#2"},
				"up": {"uv": [4, 0, 8, 11], "texture": "#2"},
				"down": {"uv": [0, 0, 4, 11], "texture": "#2", "cullface": "down"}
			}
		},
		{
			"from": [11, 0, 1],
			"to": [15, 4, 13],
			"rotation": {"angle": 0, "axis": "z", "origin": [13, 2, 8]},
			"faces": {
				"north": {"uv": [1, 1, 5, 5], "texture": "#1", "cullface": "north"},
				"east": {"uv": [0, 0, 4, 12], "rotation": 90, "texture": "#2"},
				"south": {"uv": [11, 1, 15, 5], "texture": "#1", "cullface": "south"},
				"west": {"uv": [13, 1, 1, 5], "texture": "#1"},
				"up": {"uv": [4, 0, 8, 12], "rotation": 180, "texture": "#2"},
				"down": {"uv": [1, 1, 13, 5], "rotation": 90, "texture": "#1", "cullface": "down"}
			}
		},
		{
			"from": [5, 0, 0],
			"to": [9, 4, 15],
			"rotation": {"angle": 0, "axis": "z", "origin": [7, 2, 8]},
			"faces": {
				"north": {"uv": [0, 4, 4, 8], "rotation": 90, "texture": "#0", "cullface": "north"},
				"east": {"uv": [0, 0, 15, 4], "texture": "#0", "cullface": "down"},
				"south": {"uv": [0, 4, 4, 8], "rotation": 270, "texture": "#0", "cullface": "south"},
				"west": {"uv": [0, 0, 15, 4], "texture": "#0"},
				"up": {"uv": [0, 0, 15, 4], "rotation": 270, "texture": "#0"},
				"down": {"uv": [15, 0, 0, 4], "rotation": 270, "texture": "#0"}
			}
		}
	],
	"display": {
		"head": {
			"translation": [0, 10.5, 0]
		},
		"fixed": {
			"rotation": [-90, 0, 0],
			"translation": [0, 0, -14],
			"scale": [2, 2, 2]
		}
	}
}