{
	"credit": "Made with Blockbench",
	"parent": "block/block",
	"textures": {
		"0": "block/campfire_log",
		"1": "block/stripped_oak_log_top",
		"2": "block/oak_log"
	},
	"elements": [
		{
			"from": [0, 0, 2],
			"to": [4, 4, 16],
			"rotation": {"angle": 0, "axis": "z", "origin": [2, 2, 9]},
			"faces": {
				"north": {"uv": [6, 6, 10, 10], "rotation": 90, "texture": "#1", "cullface": "north"},
				"east": {"uv": [0, 0, 4, 14], "rotation": 90, "texture": "#2", "cullface": "down"},
				"south": {"uv": [6, 6, 10, 10], "rotation": 270, "texture": "#1", "cullface": "south"},
				"west": {"uv": [0, 0, 4, 14], "rotation": 270, "texture": "#2"},
				"up": {"uv": [0, 0, 4, 14], "texture": "#2"},
				"down": {"uv": [4, 0, 0, 14], "texture": "#2"}
			}
		},
		{
			"from": [7, 0, 0.6],
			"to": [11, 4, 10.6],
			"rotation": {"angle": -22.5, "axis": "y", "origin": [9, 2, 3.6]},
			"faces": {
				"north": {"uv": [12, 0, 16, 4], "texture": "#1", "cullface": "south"},
				"east": {"uv": [13, 0, 3, 4], "texture": "#1"},
				"south": {"uv": [0, 0, 4, 4], "texture": "#1", "cullface": "north"},
				"west": {"uv": [0, 0, 4, 10], "rotation": 90, "texture": "#2"},
				"up": {"uv": [4, 0, 8, 10], "texture": "#2"},
				"down": {"uv": [3, 0, 13, 4], "rotation": 270, "texture": "#1", "cullface": "down"}
			}
		},
		{
			"from": [0.675, 0, 11],
			"to": [13.675, 4, 15],
			"rotation": {"angle": -22.5, "axis": "z", "origin": [13.675, 0, 13]},
			"faces": {
				"north": {"uv": [3, 0, 16, 4], "texture": "#0", "cullface": "down"},
				"east": {"uv": [0, 4, 4, 8], "rotation": 270, "texture": "#0", "cullface": "south"},
				"south": {"uv": [3, 0, 16, 4], "texture": "#0"},
				"west": {"uv": [0, 4, 4, 8], "rotation": 90, "texture": "#0", "cullface": "north"},
				"up": {"uv": [0, 0, 13, 4], "rotation": 180, "texture": "#0"},
				"down": {"uv": [13, 0, 0, 4], "texture": "#0"}
			}
		}
	],
	"display": {
		"head": {
			"translation": [0, 10.5, 0]
		},
		"fixed": {
			"rotation": [-90, 0, 0],
			"translation": [0, 0, -14],
			"scale": [2, 2, 2]
		}
	}
}