{
	"credit": "Made with Blockbench",
	"parent": "block/block",
	"ambientocclusion": false,
	"texture_size": [32, 32],
	"textures": {
		"0": "./tripod_1a"
	},
	"elements": [
		{
			"from": [3, 2, 8],
			"to": [13, 8, 8],
			"rotation": {"angle": 0, "axis": "y", "origin": [8.5, 4.5, 8]},
			"faces": {
				"north": {"uv": [5.5, 7, 10.5, 10], "texture": "#0"},
				"south": {"uv": [10.5, 7, 5.5, 10], "texture": "#0"}
			}
		},
		{
			"from": [11.5, 3, 4.5],
			"to": [13.5, 3, 11.5],
			"rotation": {"angle": 0, "axis": "x", "origin": [8, 3, 8]},
			"faces": {
				"up": {"uv": [4.5, 10, 5.5, 13.5], "texture": "#0"},
				"down": {"uv": [4.5, 13.5, 5.5, 10], "texture": "#0"}
			}
		},
		{
			"from": [2.5, 3, 4.5],
			"to": [4.5, 3, 11.5],
			"rotation": {"angle": 0, "axis": "x", "origin": [-1, 3, 8]},
			"faces": {
				"up": {"uv": [2, 10, 3, 13.5], "texture": "#0"},
				"down": {"uv": [2, 13.5, 3, 10], "texture": "#0"}
			}
		},
		{
			"from": [4.5, 0, 4.5],
			"to": [11.5, 5, 11.5],
			"rotation": {"angle": 0, "axis": "y", "origin": [8.5, 1, 7.5]},
			"faces": {
				"north": {"uv": [5.5, 13.5, 9, 16], "texture": "#0"},
				"east": {"uv": [2, 13.5, 5.5, 16], "texture": "#0"},
				"south": {"uv": [12.5, 13.5, 16, 16], "texture": "#0"},
				"west": {"uv": [9, 13.5, 12.5, 16], "texture": "#0"},
				"up": {"uv": [5.5, 10, 9, 13.5], "texture": "#0"},
				"down": {"uv": [9, 10, 12.5, 13.5], "texture": "#0"}
			}
		}
	],
	"display": {
		"thirdperson_righthand": {
			"rotation": [66, 0, 0],
			"translation": [0, 0.25, 0.5],
			"scale": [0.75, 0.75, 0.75]
		},
		"thirdperson_lefthand": {
			"rotation": [66, 0, 0],
			"translation": [0, 0.25, 0.5],
			"scale": [0.75, 0.75, 0.75]
		},
		"firstperson_righthand": {
			"rotation": [0, 13, 0],
			"translation": [1.5, 4.25, 0],
			"scale": [0.75, 0.75, 0.75]
		},
		"firstperson_lefthand": {
			"rotation": [0, 13, 0],
			"translation": [1.5, 4.25, 0],
			"scale": [0.75, 0.75, 0.75]
		},
		"ground": {
			"translation": [0, 4.5, 0],
			"scale": [0.5, 0.5, 0.5]
		},
		"gui": {
			"rotation": [30, 225, 0],
			"translation": [0, 3.75, 0],
			"scale": [0.9, 0.9, 0.9]
		},
		"fixed": {
			"rotation": [-90, 0, 0],
			"translation": [0, 0, -14],
			"scale": [2, 2, 2]
		}
	}
}