{
	"credit": "Made with Blockbench",
	"parent": "./tripod_1",
	"ambientocclusion": false,
	"texture_size": [32, 32],
	"textures": {
		"0": "./rotisserie_1",
		"1": "./meat_1a"
	},
	"elements": [
		{
			"from": [18, -7, 8],
			"to": [19, 16, 9],
			"rotation": {"angle": 0, "axis": "x", "origin": [18.5, 26, 8.5]},
			"faces": {
				"north": {"uv": [3.5, 1, 4, 12.5], "texture": "#0"},
				"east": {"uv": [2.5, 1, 3, 12.5], "texture": "#0"},
				"south": {"uv": [1.5, 1, 2, 12.5], "texture": "#0"},
				"west": {"uv": [0.5, 1, 1, 12.5], "texture": "#0"},
				"up": {"uv": [4.5, 0, 5, 0.5], "rotation": 270, "texture": "#0"},
				"down": {"uv": [2, 0.5, 2.5, 1], "rotation": 90, "texture": "#0"}
			}
		},
		{
			"from": [-3, -7, 8],
			"to": [-2, 16, 9],
			"rotation": {"angle": 0, "axis": "y", "origin": [-2.5, 12.5, 8.5]},
			"faces": {
				"north": {"uv": [1.5, 1, 2, 12.5], "texture": "#0"},
				"east": {"uv": [0.5, 1, 1, 12.5], "texture": "#0"},
				"south": {"uv": [3.5, 1, 4, 12.5], "texture": "#0"},
				"west": {"uv": [2.5, 1, 3, 12.5], "texture": "#0"},
				"up": {"uv": [4.5, 0, 5, 0.5], "rotation": 90, "texture": "#0"},
				"down": {"uv": [2, 0.5, 2.5, 1], "rotation": 270, "texture": "#0"}
			}
		},
		{
			"from": [18, 15, 7],
			"to": [19, 18, 8],
			"rotation": {"angle": 0, "axis": "x", "origin": [18.5, 26, 8.5]},
			"faces": {
				"north": {"uv": [3.5, 0, 4, 1.5], "texture": "#0"},
				"east": {"uv": [3, 0, 3.5, 1.5], "texture": "#0"},
				"south": {"uv": [1.5, 0, 2, 1.5], "texture": "#0"},
				"west": {"uv": [0, 0, 0.5, 1.5], "texture": "#0"},
				"up": {"uv": [5, 0, 5.5, 0.5], "rotation": 270, "texture": "#0"},
				"down": {"uv": [5, 0.5, 5.5, 1], "rotation": 90, "texture": "#0"}
			}
		},
		{
			"from": [-3, 15, 9],
			"to": [-2, 18, 10],
			"rotation": {"angle": 0, "axis": "y", "origin": [-2.5, 12.5, 8.5]},
			"faces": {
				"north": {"uv": [1.5, 0, 2, 1.5], "texture": "#0"},
				"east": {"uv": [0, 0, 0.5, 1.5], "texture": "#0"},
				"south": {"uv": [3.5, 0, 4, 1.5], "texture": "#0"},
				"west": {"uv": [3, 0, 3.5, 1.5], "texture": "#0"},
				"up": {"uv": [5, 0, 5.5, 0.5], "rotation": 90, "texture": "#0"},
				"down": {"uv": [5, 0.5, 5.5, 1], "rotation": 270, "texture": "#0"}
			}
		},
		{
			"from": [18, 15, 9],
			"to": [19, 18, 10],
			"rotation": {"angle": 0, "axis": "x", "origin": [18.5, 26, 10.5]},
			"faces": {
				"north": {"uv": [3.5, 0, 4, 1.5], "texture": "#0"},
				"east": {"uv": [2, 0, 2.5, 1.5], "texture": "#0"},
				"south": {"uv": [3.5, 0, 4, 1.5], "texture": "#0"},
				"west": {"uv": [1, 0, 1.5, 1.5], "texture": "#0"},
				"up": {"uv": [4, 0, 4.5, 0.5], "rotation": 270, "texture": "#0"},
				"down": {"uv": [4, 0.5, 4.5, 1], "rotation": 90, "texture": "#0"}
			}
		},
		{
			"from": [-3, 15, 7],
			"to": [-2, 18, 8],
			"rotation": {"angle": 0, "axis": "y", "origin": [-2.5, 12.5, 8.5]},
			"faces": {
				"north": {"uv": [3.5, 0, 4, 1.5], "texture": "#0"},
				"east": {"uv": [1, 0, 1.5, 1.5], "texture": "#0"},
				"south": {"uv": [3.5, 0, 4, 1.5], "texture": "#0"},
				"west": {"uv": [2, 0, 2.5, 1.5], "texture": "#0"},
				"up": {"uv": [4, 0, 4.5, 0.5], "rotation": 90, "texture": "#0"},
				"down": {"uv": [4, 0.5, 4.5, 1], "rotation": 270, "texture": "#0"}
			}
		},
		{
			"from": [-6, 16, 8],
			"to": [20, 17, 9],
			"rotation": {"angle": 0, "axis": "x", "origin": [8, 16.5, 8.5]},
			"faces": {
				"north": {"uv": [5.5, 0, 6, 13], "rotation": 270, "texture": "#0"},
				"south": {"uv": [6.5, 0, 7, 13], "rotation": 90, "texture": "#0"},
				"west": {"uv": [9, 4, 9.5, 4.5], "texture": "#0"},
				"up": {"uv": [6, 0, 6.5, 13], "rotation": 90, "texture": "#0"},
				"down": {"uv": [7, 0, 7.5, 13], "rotation": 90, "texture": "#0"}
			}
		},
		{
			"from": [20, 13, 8],
			"to": [21, 17, 9],
			"rotation": {"angle": 0, "axis": "x", "origin": [8, 16.5, 8.5]},
			"faces": {
				"north": {"uv": [8, 0, 10, 0.5], "rotation": 90, "texture": "#0"},
				"east": {"uv": [8, 0.5, 10, 1], "rotation": 90, "texture": "#0"},
				"south": {"uv": [8, 1, 10, 1.5], "rotation": 90, "texture": "#0"},
				"west": {"uv": [8, 1.5, 10, 2], "rotation": 90, "texture": "#0"},
				"up": {"uv": [7.5, 0.5, 8, 1], "rotation": 90, "texture": "#0"}
			}
		},
		{
			"from": [20, 12, 8],
			"to": [24, 13, 9],
			"rotation": {"angle": 0, "axis": "x", "origin": [8, 16.5, 8.5]},
			"faces": {
				"north": {"uv": [8, 2, 8.5, 4], "rotation": 270, "texture": "#0"},
				"east": {"uv": [8.5, 4, 9, 4.5], "rotation": 90, "texture": "#0"},
				"south": {"uv": [9, 2, 9.5, 4], "rotation": 90, "texture": "#0"},
				"west": {"uv": [9, 4, 9.5, 4.5], "rotation": 90, "texture": "#0"},
				"up": {"uv": [9.5, 2, 10, 4], "rotation": 90, "texture": "#0"},
				"down": {"uv": [8.5, 2, 9, 4], "rotation": 90, "texture": "#0"}
			}
		},
		{
			"from": [-2, 8, 4],
			"to": [18, 9, 13],
			"rotation": {"angle": 0, "axis": "y", "origin": [8, 8.5, 8.5]},
			"faces": {
				"north": {"uv": [14.5, 0, 15, 10], "rotation": 90, "texture": "#0"},
				"east": {"uv": [10, 10, 14.5, 10.5], "texture": "#0"},
				"south": {"uv": [14.5, 0, 15, 10], "rotation": 90, "texture": "#0"},
				"west": {"uv": [10, 10, 14.5, 10.5], "texture": "#0"},
				"up": {"uv": [10, 0, 14.5, 10], "rotation": 90, "texture": "#0"},
				"down": {"uv": [10, 0, 14.5, 10], "rotation": 90, "texture": "#0"}
			}
		},
		{
			"from": [3, 15, 5],
			"to": [11, 20, 12],
			"rotation": {"angle": 0, "axis": "x", "origin": [8, 17.5, 9]},
			"faces": {
				"north": {"uv": [3.5, 3.5, 7.5, 6], "texture": "#1"},
				"east": {"uv": [7.5, 3.5, 11, 6], "texture": "#1"},
				"south": {"uv": [11, 3.5, 15, 6], "texture": "#1"},
				"west": {"uv": [0, 3.5, 3.5, 6], "texture": "#1"},
				"up": {"uv": [3.5, 0, 7.5, 3.5], "texture": "#1"},
				"down": {"uv": [7.5, 0, 11.5, 3.5], "texture": "#1"}
			}
		},
		{
			"from": [9, 14, 10],
			"to": [13, 17, 13],
			"rotation": {"angle": 0, "axis": "x", "origin": [8, 18.5, 8]},
			"faces": {
				"north": {"uv": [15.5, 2, 13.5, 3.5], "texture": "#1"},
				"east": {"uv": [15.5, 0.5, 14, 2], "texture": "#1"},
				"south": {"uv": [15.5, 2, 13.5, 3.5], "texture": "#1"},
				"west": {"uv": [15.5, 0.5, 14, 2], "texture": "#1"},
				"up": {"uv": [11.5, 2, 13.5, 0.5], "texture": "#1"},
				"down": {"uv": [11.5, 3.5, 13.5, 2], "texture": "#1"}
			}
		},
		{
			"from": [9, 14, 3],
			"to": [13, 17, 6],
			"rotation": {"angle": 0, "axis": "x", "origin": [8, 18.5, 8]},
			"faces": {
				"north": {"uv": [13.5, 2, 15.5, 3.5], "texture": "#1"},
				"east": {"uv": [14, 0.5, 15.5, 2], "texture": "#1"},
				"south": {"uv": [13.5, 2, 15.5, 3.5], "texture": "#1"},
				"west": {"uv": [14, 0.5, 15.5, 2], "texture": "#1"},
				"up": {"uv": [11.5, 0.5, 13.5, 2], "texture": "#1"},
				"down": {"uv": [11.5, 2, 13.5, 3.5], "texture": "#1"}
			}
		},
		{
			"from": [13, 14, 10],
			"to": [15, 15, 11],
			"rotation": {"angle": 0, "axis": "x", "origin": [8, 18.5, 8]},
			"faces": {
				"north": {"uv": [1, 1.5, 0, 2], "rotation": 180, "texture": "#1"},
				"east": {"uv": [1.5, 0.5, 1, 1], "texture": "#1"},
				"south": {"uv": [1, 0.5, 0, 1], "texture": "#1"},
				"up": {"uv": [0, 0.5, 1, 0], "rotation": 180, "texture": "#1"},
				"down": {"uv": [0, 1.5, 1, 1], "rotation": 180, "texture": "#1"}
			}
		},
		{
			"from": [13, 14, 5],
			"to": [15, 15, 6],
			"rotation": {"angle": 0, "axis": "x", "origin": [8, 18.5, 8]},
			"faces": {
				"north": {"uv": [0, 0.5, 1, 1], "texture": "#1"},
				"east": {"uv": [1, 0.5, 1.5, 1], "texture": "#1"},
				"south": {"uv": [0, 1.5, 1, 2], "rotation": 180, "texture": "#1"},
				"up": {"uv": [0, 0, 1, 0.5], "rotation": 180, "texture": "#1"},
				"down": {"uv": [0, 1, 1, 1.5], "rotation": 180, "texture": "#1"}
			}
		},
		{
			"from": [2.25, 9, 5.75],
			"to": [6.25, 10, 6.75],
			"rotation": {"angle": 22.5, "axis": "y", "origin": [3.58333, 9.5, 7.91667]},
			"faces": {
				"north": {"uv": [1.5, 6, 3.5, 6.5], "rotation": 180, "texture": "#1"},
				"east": {"uv": [3, 6, 3.5, 6.5], "rotation": 90, "texture": "#1"},
				"west": {"uv": [1.5, 6, 2, 6.5], "rotation": 270, "texture": "#1"},
				"up": {"uv": [1.5, 6, 3.5, 6.5], "texture": "#1"},
				"down": {"uv": [1.5, 6.5, 3.5, 6], "texture": "#1"}
			}
		},
		{
			"from": [0.25, 9, 6.75],
			"to": [7.25, 10, 9.75],
			"rotation": {"angle": 22.5, "axis": "y", "origin": [3.58333, 9.5, 7.91667]},
			"faces": {
				"north": {"uv": [0.5, 6.5, 4, 7], "rotation": 180, "texture": "#1"},
				"east": {"uv": [3.5, 6.5, 4, 8], "rotation": 90, "texture": "#1"},
				"south": {"uv": [0.5, 7.5, 4, 8], "texture": "#1"},
				"west": {"uv": [0.5, 6.5, 1, 8], "rotation": 270, "texture": "#1"},
				"up": {"uv": [0.5, 6.5, 4, 8], "texture": "#1"},
				"down": {"uv": [0.5, 8, 4, 6.5], "texture": "#1"}
			}
		},
		{
			"from": [-0.75, 9, 7.75],
			"to": [6.25, 10, 10.75],
			"rotation": {"angle": 22.5, "axis": "y", "origin": [3.58333, 9.5, 7.91667]},
			"faces": {
				"north": {"uv": [0, 7, 3.5, 7.5], "rotation": 180, "texture": "#1"},
				"east": {"uv": [3, 7, 3.5, 8.5], "rotation": 90, "texture": "#1"},
				"south": {"uv": [0, 8, 3.5, 8.5], "texture": "#1"},
				"west": {"uv": [0, 7, 0.5, 8.5], "rotation": 270, "texture": "#1"},
				"up": {"uv": [0, 7, 3.5, 8.5], "texture": "#1"},
				"down": {"uv": [0, 8.5, 3.5, 7], "texture": "#1"}
			}
		},
		{
			"from": [11.75, 9, 10.08333],
			"to": [15.75, 10, 11.08333],
			"rotation": {"angle": 45, "axis": "y", "origin": [13.08333, 9.5, 8.91667]},
			"faces": {
				"east": {"uv": [3, 6, 3.5, 6.5], "rotation": 270, "texture": "#1"},
				"south": {"uv": [1.5, 6, 3.5, 6.5], "texture": "#1"},
				"west": {"uv": [1.5, 6, 2, 6.5], "rotation": 90, "texture": "#1"},
				"up": {"uv": [1.5, 6.5, 3.5, 6], "texture": "#1"},
				"down": {"uv": [1.5, 6, 3.5, 6.5], "texture": "#1"}
			}
		},
		{
			"from": [9.75, 9, 7.08333],
			"to": [16.75, 10, 10.08333],
			"rotation": {"angle": 45, "axis": "y", "origin": [13.08333, 9.5, 8.91667]},
			"faces": {
				"north": {"uv": [0.5, 7.5, 4, 8], "rotation": 180, "texture": "#1"},
				"east": {"uv": [3.5, 6.5, 4, 8], "rotation": 270, "texture": "#1"},
				"south": {"uv": [0.5, 6.5, 4, 7], "texture": "#1"},
				"west": {"uv": [0.5, 6.5, 1, 8], "rotation": 90, "texture": "#1"},
				"up": {"uv": [0.5, 8, 4, 6.5], "texture": "#1"},
				"down": {"uv": [0.5, 6.5, 4, 8], "texture": "#1"}
			}
		},
		{
			"from": [8.75, 9, 6.08333],
			"to": [15.75, 10, 9.08333],
			"rotation": {"angle": 45, "axis": "y", "origin": [13.08333, 9.5, 8.91667]},
			"faces": {
				"north": {"uv": [0, 8, 3.5, 8.5], "rotation": 180, "texture": "#1"},
				"east": {"uv": [3, 7, 3.5, 8.5], "rotation": 270, "texture": "#1"},
				"south": {"uv": [0, 7, 3.5, 7.5], "texture": "#1"},
				"west": {"uv": [0, 7, 0.5, 8.5], "rotation": 90, "texture": "#1"},
				"up": {"uv": [0, 8.5, 3.5, 7], "texture": "#1"},
				"down": {"uv": [0, 7, 3.5, 8.5], "texture": "#1"}
			}
		}
	],
	"display": {
		"fixed": {
			"rotation": [-90, 0, 0],
			"translation": [0, 0, 12],
			"scale": [2, 2, 2]
		}
	},
	"groups": [0, 1, 2, 3, 4, 5, 6, 7, 8, 9,
		{
			"name": "chicken",
			"origin": [8, 8, 8],
			"children": [10, 11, 12, 13, 14]
		},
		{
			"name": "steak",
			"origin": [9, 17, 16],
			"children": [15, 16, 17]
		},
		{
			"name": "steak",
			"origin": [9, 17, 16],
			"children": [18, 19, 20]
		}
	]
}