{
	"credit": "Made with Blockbench",
	"textures": {
		"0": "block/Hananacraft archive/basket_laundry_side",
		"1": "block/Hananacraft archive/stripped_oak_log_a",
		"2": "block/berries",
		"particle": "block/Hananacraft archive/stripped_oak_log_a"
	},
	"elements": [
		{
			"from": [10.35, 6.2, 4.85],
			"to": [12.35, 8.2, 6.85],
			"rotation": {"angle": 0, "axis": "x", "origin": [13.6, 6.625, 3.25]},
			"faces": {
				"north": {"uv": [0.032, 0.032, 1.94, 1.94], "texture": "#2"},
				"east": {"uv": [0.032, 0.032, 1.94, 1.94], "texture": "#2"},
				"south": {"uv": [0.032, 0.032, 1.94, 1.94], "texture": "#2"},
				"west": {"uv": [0.032, 0.032, 1.94, 1.94], "texture": "#2"},
				"up": {"uv": [0.032, 0.032, 1.94, 1.94], "rotation": 90, "texture": "#2"},
				"down": {"uv": [0.032, 0.032, 1.94, 1.94], "rotation": 270, "texture": "#2"}
			}
		},
		{
			"from": [11.21548, 7.875, 4.40216],
			"to": [11.21548, 9.875, 7.40216],
			"rotation": {"angle": 45, "axis": "y", "origin": [11.1, 7.125, 5.75]},
			"faces": {
				"north": {"uv": [6.032, 0.032, 8.968, 1.968], "rotation": 270, "texture": "#2"},
				"east": {"uv": [6.032, 0.032, 8.968, 1.968], "texture": "#2"},
				"south": {"uv": [6.032, 0.032, 8.968, 1.968], "rotation": 90, "texture": "#2"},
				"west": {"uv": [6.032, 1.968, 8.968, 0.032], "rotation": 180, "texture": "#2"},
				"up": {"uv": [6.032, 0.032, 8.968, 1.968], "rotation": 90, "texture": "#2"},
				"down": {"uv": [6.032, 0.032, 8.968, 1.968], "rotation": 90, "texture": "#2"}
			}
		},
		{
			"from": [9.81161, 7.875, 5.83839],
			"to": [12.81161, 9.875, 5.83839],
			"rotation": {"angle": 22.5, "axis": "y", "origin": [11.1, 7.125, 5.75]},
			"faces": {
				"north": {"uv": [6.032, 1.968, 8.968, 0.032], "rotation": 180, "texture": "#2"},
				"east": {"uv": [6.032, 0.032, 8.968, 1.968], "rotation": 270, "texture": "#2"},
				"south": {"uv": [6.032, 0.032, 8.968, 1.968], "texture": "#2"},
				"west": {"uv": [6.032, 0.032, 8.968, 1.968], "rotation": 90, "texture": "#2"},
				"up": {"uv": [6.032, 0.032, 8.968, 1.968], "rotation": 180, "texture": "#2"},
				"down": {"uv": [6.032, 0.032, 8.968, 1.968], "texture": "#2"}
			}
		},
		{
			"from": [3.5, 7.45, 8.6],
			"to": [5.5, 9.45, 10.6],
			"rotation": {"angle": 0, "axis": "x", "origin": [7.1, 7.875, 11.85]},
			"faces": {
				"north": {"uv": [0.032, 0.032, 1.94, 1.94], "texture": "#2"},
				"east": {"uv": [0.032, 0.032, 1.94, 1.94], "texture": "#2"},
				"south": {"uv": [0.032, 0.032, 1.94, 1.94], "texture": "#2"},
				"west": {"uv": [0.032, 0.032, 1.94, 1.94], "texture": "#2"},
				"up": {"uv": [0.032, 0.032, 1.94, 1.94], "rotation": 180, "texture": "#2"},
				"down": {"uv": [0.032, 0.032, 1.94, 1.94], "rotation": 180, "texture": "#2"}
			}
		},
		{
			"from": [1.45, 8.7, 8.15],
			"to": [3.45, 8.7, 11.15],
			"rotation": {"angle": 45, "axis": "x", "origin": [2.45, 8.7, 9.65]},
			"faces": {
				"north": {"uv": [6.032, 0.032, 8.968, 1.968], "texture": "#2"},
				"east": {"uv": [6.032, 0.032, 8.968, 1.968], "texture": "#2"},
				"south": {"uv": [6.032, 0.032, 8.968, 1.968], "texture": "#2"},
				"west": {"uv": [6.032, 0.032, 8.968, 1.968], "texture": "#2"},
				"up": {"uv": [6.032, 0.032, 8.968, 1.968], "rotation": 90, "texture": "#2"},
				"down": {"uv": [6.032, 1.968, 8.968, 0.032], "rotation": 270, "texture": "#2"}
			}
		},
		{
			"from": [1.45, 8.7, 8.15],
			"to": [3.45, 8.7, 11.15],
			"rotation": {"angle": -22.5, "axis": "x", "origin": [2.45, 8.7, 9.65]},
			"faces": {
				"north": {"uv": [6.032, 0.032, 8.968, 1.968], "texture": "#2"},
				"east": {"uv": [6.032, 0.032, 8.968, 1.968], "texture": "#2"},
				"south": {"uv": [6.032, 0.032, 8.968, 1.968], "texture": "#2"},
				"west": {"uv": [6.032, 0.032, 8.968, 1.968], "texture": "#2"},
				"up": {"uv": [6.032, 0.032, 8.968, 1.968], "rotation": 90, "texture": "#2"},
				"down": {"uv": [6.032, 1.968, 8.968, 0.032], "rotation": 270, "texture": "#2"}
			}
		},
		{
			"from": [7.35, 5.2, 9.85],
			"to": [9.35, 7.2, 11.85],
			"rotation": {"angle": 0, "axis": "x", "origin": [10.6, 5.625, 8.25]},
			"faces": {
				"north": {"uv": [0.032, 0.032, 1.94, 1.94], "texture": "#2"},
				"east": {"uv": [0.032, 0.032, 1.94, 1.94], "texture": "#2"},
				"south": {"uv": [0.032, 0.032, 1.94, 1.94], "texture": "#2"},
				"west": {"uv": [0.032, 0.032, 1.94, 1.94], "texture": "#2"},
				"up": {"uv": [0.032, 0.032, 1.94, 1.94], "rotation": 90, "texture": "#2"},
				"down": {"uv": [0.032, 0.032, 1.94, 1.94], "rotation": 270, "texture": "#2"}
			}
		},
		{
			"from": [8.21548, 6.875, 9.40216],
			"to": [8.21548, 8.875, 12.40216],
			"rotation": {"angle": 45, "axis": "y", "origin": [8.1, 6.125, 10.75]},
			"faces": {
				"north": {"uv": [6.032, 0.032, 8.968, 1.968], "rotation": 270, "texture": "#2"},
				"east": {"uv": [6.032, 0.032, 8.968, 1.968], "texture": "#2"},
				"south": {"uv": [6.032, 0.032, 8.968, 1.968], "rotation": 90, "texture": "#2"},
				"west": {"uv": [6.032, 1.968, 8.968, 0.032], "rotation": 180, "texture": "#2"},
				"up": {"uv": [6.032, 0.032, 8.968, 1.968], "rotation": 90, "texture": "#2"},
				"down": {"uv": [6.032, 0.032, 8.968, 1.968], "rotation": 90, "texture": "#2"}
			}
		},
		{
			"from": [6.81161, 6.875, 10.83839],
			"to": [9.81161, 8.875, 10.83839],
			"rotation": {"angle": 22.5, "axis": "y", "origin": [8.1, 6.125, 10.75]},
			"faces": {
				"north": {"uv": [6.032, 1.968, 8.968, 0.032], "rotation": 180, "texture": "#2"},
				"east": {"uv": [6.032, 0.032, 8.968, 1.968], "rotation": 270, "texture": "#2"},
				"south": {"uv": [6.032, 0.032, 8.968, 1.968], "texture": "#2"},
				"west": {"uv": [6.032, 0.032, 8.968, 1.968], "rotation": 90, "texture": "#2"},
				"up": {"uv": [6.032, 0.032, 8.968, 1.968], "rotation": 180, "texture": "#2"},
				"down": {"uv": [6.032, 0.032, 8.968, 1.968], "texture": "#2"}
			}
		},
		{
			"from": [8.35, 6.2, 7.85],
			"to": [10.35, 8.2, 9.85],
			"rotation": {"angle": 0, "axis": "x", "origin": [11.6, 6.625, 6.25]},
			"faces": {
				"north": {"uv": [0.032, 0.032, 1.94, 1.94], "texture": "#2"},
				"east": {"uv": [0.032, 0.032, 1.94, 1.94], "texture": "#2"},
				"south": {"uv": [0.032, 0.032, 1.94, 1.94], "texture": "#2"},
				"west": {"uv": [0.032, 0.032, 1.94, 1.94], "texture": "#2"},
				"up": {"uv": [0.032, 0.032, 1.94, 1.94], "rotation": 90, "texture": "#2"},
				"down": {"uv": [0.032, 0.032, 1.94, 1.94], "rotation": 270, "texture": "#2"}
			}
		},
		{
			"from": [9.21548, 7.875, 7.40216],
			"to": [9.21548, 9.875, 10.40216],
			"rotation": {"angle": 45, "axis": "y", "origin": [9.1, 7.125, 8.75]},
			"faces": {
				"north": {"uv": [6.032, 0.032, 8.968, 1.968], "rotation": 270, "texture": "#2"},
				"east": {"uv": [6.032, 0.032, 8.968, 1.968], "texture": "#2"},
				"south": {"uv": [6.032, 0.032, 8.968, 1.968], "rotation": 90, "texture": "#2"},
				"west": {"uv": [6.032, 1.968, 8.968, 0.032], "rotation": 180, "texture": "#2"},
				"up": {"uv": [6.032, 0.032, 8.968, 1.968], "rotation": 90, "texture": "#2"},
				"down": {"uv": [6.032, 0.032, 8.968, 1.968], "rotation": 90, "texture": "#2"}
			}
		},
		{
			"from": [7.81161, 7.875, 8.83839],
			"to": [10.81161, 9.875, 8.83839],
			"rotation": {"angle": 22.5, "axis": "y", "origin": [9.1, 7.125, 8.75]},
			"faces": {
				"north": {"uv": [6.032, 1.968, 8.968, 0.032], "rotation": 180, "texture": "#2"},
				"east": {"uv": [6.032, 0.032, 8.968, 1.968], "rotation": 270, "texture": "#2"},
				"south": {"uv": [6.032, 0.032, 8.968, 1.968], "texture": "#2"},
				"west": {"uv": [6.032, 0.032, 8.968, 1.968], "rotation": 90, "texture": "#2"},
				"up": {"uv": [6.032, 0.032, 8.968, 1.968], "rotation": 180, "texture": "#2"},
				"down": {"uv": [6.032, 0.032, 8.968, 1.968], "texture": "#2"}
			}
		},
		{
			"from": [3.25, 6, 10.5],
			"to": [6.25, 9, 13.5],
			"rotation": {"angle": -45, "axis": "z", "origin": [6.75, 7.5, 12]},
			"faces": {
				"north": {"uv": [0.032, 0.032, 2.94, 2.94], "texture": "#2"},
				"east": {"uv": [0.032, 0.032, 2.94, 2.94], "texture": "#2"},
				"south": {"uv": [0.032, 0.032, 2.94, 2.94], "texture": "#2"},
				"west": {"uv": [0.032, 0.032, 2.94, 2.94], "texture": "#2"},
				"up": {"uv": [0.032, 0.032, 2.94, 2.94], "rotation": 270, "texture": "#2"},
				"down": {"uv": [0.032, 0.032, 2.94, 2.94], "rotation": 90, "texture": "#2"}
			}
		},
		{
			"from": [2.25, 10.35, 10.5],
			"to": [4.25, 10.35, 13.5],
			"rotation": {"angle": -22.5, "axis": "x", "origin": [3.25, 10.35, 12]},
			"faces": {
				"north": {"uv": [6.032, 0.032, 8.968, 1.968], "texture": "#2"},
				"east": {"uv": [6.032, 0.032, 8.968, 1.968], "texture": "#2"},
				"south": {"uv": [6.032, 0.032, 8.968, 1.968], "texture": "#2"},
				"west": {"uv": [6.032, 0.032, 8.968, 1.968], "texture": "#2"},
				"up": {"uv": [6.032, 0.032, 8.968, 1.968], "rotation": 270, "texture": "#2"},
				"down": {"uv": [6.032, 1.968, 8.968, 0.032], "rotation": 90, "texture": "#2"}
			}
		},
		{
			"from": [2.25, 10.35, 10.5],
			"to": [4.25, 10.35, 13.5],
			"rotation": {"angle": 45, "axis": "x", "origin": [3.25, 10.35, 12]},
			"faces": {
				"north": {"uv": [6.032, 0.032, 8.968, 1.968], "texture": "#2"},
				"east": {"uv": [6.032, 0.032, 8.968, 1.968], "texture": "#2"},
				"south": {"uv": [6.032, 0.032, 8.968, 1.968], "texture": "#2"},
				"west": {"uv": [6.032, 0.032, 8.968, 1.968], "texture": "#2"},
				"up": {"uv": [6.032, 0.032, 8.968, 1.968], "rotation": 270, "texture": "#2"},
				"down": {"uv": [6.032, 1.968, 8.968, 0.032], "rotation": 90, "texture": "#2"}
			}
		},
		{
			"from": [6.25, 6.5, 11],
			"to": [7.25, 8.5, 13],
			"rotation": {"angle": -45, "axis": "z", "origin": [6.75, 7.5, 12]},
			"faces": {
				"north": {"uv": [0.032, 0.032, 0.94, 1.94], "texture": "#2"},
				"east": {"uv": [0.032, 0.032, 1.94, 1.94], "texture": "#2"},
				"south": {"uv": [0.032, 0.032, 0.94, 1.94], "texture": "#2"},
				"west": {"uv": [0.032, 0.032, 1.94, 1.94], "texture": "#2"},
				"up": {"uv": [0.032, 0.032, 1.94, 0.94], "rotation": 270, "texture": "#2"},
				"down": {"uv": [0.032, 0.032, 1.94, 0.94], "rotation": 90, "texture": "#2"}
			}
		},
		{
			"from": [10.35, 8.2, 7.45],
			"to": [12.35, 10.2, 9.45],
			"rotation": {"angle": 0, "axis": "x", "origin": [13.6, 8.625, 5.85]},
			"faces": {
				"north": {"uv": [0.032, 0.032, 1.94, 1.94], "texture": "#2"},
				"east": {"uv": [0.032, 0.032, 1.94, 1.94], "texture": "#2"},
				"south": {"uv": [0.032, 0.032, 1.94, 1.94], "texture": "#2"},
				"west": {"uv": [0.032, 0.032, 1.94, 1.94], "texture": "#2"},
				"up": {"uv": [0.032, 0.032, 1.94, 1.94], "rotation": 90, "texture": "#2"},
				"down": {"uv": [0.032, 0.032, 1.94, 1.94], "rotation": 270, "texture": "#2"}
			}
		},
		{
			"from": [9.9, 9.45, 5.5],
			"to": [12.9, 9.45, 7.5],
			"rotation": {"angle": -45, "axis": "z", "origin": [11.4, 9.45, 6.5]},
			"faces": {
				"north": {"uv": [6.032, 0.032, 8.968, 1.968], "texture": "#2"},
				"east": {"uv": [6.032, 0.032, 8.968, 1.968], "texture": "#2"},
				"south": {"uv": [6.032, 0.032, 8.968, 1.968], "texture": "#2"},
				"west": {"uv": [6.032, 0.032, 8.968, 1.968], "texture": "#2"},
				"up": {"uv": [6.032, 0.032, 8.968, 1.968], "texture": "#2"},
				"down": {"uv": [6.032, 1.968, 8.968, 0.032], "texture": "#2"}
			}
		},
		{
			"from": [9.9, 9.45, 5.5],
			"to": [12.9, 9.45, 7.5],
			"rotation": {"angle": 22.5, "axis": "z", "origin": [11.4, 9.45, 6.5]},
			"faces": {
				"north": {"uv": [6.032, 0.032, 8.968, 1.968], "texture": "#2"},
				"east": {"uv": [6.032, 0.032, 8.968, 1.968], "texture": "#2"},
				"south": {"uv": [6.032, 0.032, 8.968, 1.968], "texture": "#2"},
				"west": {"uv": [6.032, 0.032, 8.968, 1.968], "texture": "#2"},
				"up": {"uv": [6.032, 0.032, 8.968, 1.968], "texture": "#2"},
				"down": {"uv": [6.032, 1.968, 8.968, 0.032], "texture": "#2"}
			}
		},
		{
			"from": [8.75, 7.25, 10.5],
			"to": [11.75, 10.25, 13.5],
			"rotation": {"angle": -45, "axis": "z", "origin": [10.25, 8.875, 12.75]},
			"faces": {
				"north": {"uv": [0.032, 0.032, 2.94, 2.94], "texture": "#2"},
				"east": {"uv": [0.032, 0.032, 2.94, 2.94], "texture": "#2"},
				"south": {"uv": [0.032, 0.032, 2.94, 2.94], "texture": "#2"},
				"west": {"uv": [0.032, 0.032, 2.94, 2.94], "texture": "#2"},
				"up": {"uv": [0.032, 0.032, 2.94, 2.94], "rotation": 180, "texture": "#2"},
				"down": {"uv": [0.032, 0.032, 2.94, 2.94], "rotation": 180, "texture": "#2"}
			}
		},
		{
			"from": [10.36548, 7.42284, 13.5],
			"to": [10.36548, 10.42284, 15.5],
			"rotation": {"angle": 22.5, "axis": "z", "origin": [10.25, 8.875, 12.75]},
			"faces": {
				"north": {"uv": [6.032, 0.032, 8.968, 1.968], "rotation": 270, "texture": "#2"},
				"east": {"uv": [6.032, 0.032, 8.968, 1.968], "rotation": 270, "texture": "#2"},
				"south": {"uv": [6.032, 0.032, 8.968, 1.968], "rotation": 90, "texture": "#2"},
				"west": {"uv": [6.032, 1.968, 8.968, 0.032], "rotation": 270, "texture": "#2"},
				"up": {"uv": [6.032, 0.032, 8.968, 1.968], "rotation": 90, "texture": "#2"},
				"down": {"uv": [6.032, 0.032, 8.968, 1.968], "rotation": 90, "texture": "#2"}
			}
		},
		{
			"from": [8.83839, 8.96339, 13.5],
			"to": [11.83839, 8.96339, 15.5],
			"rotation": {"angle": 0, "axis": "z", "origin": [10.25, 8.875, 12.75]},
			"faces": {
				"north": {"uv": [6.032, 0.032, 8.968, 1.968], "texture": "#2"},
				"east": {"uv": [6.032, 0.032, 8.968, 1.968], "texture": "#2"},
				"south": {"uv": [6.032, 0.032, 8.968, 1.968], "texture": "#2"},
				"west": {"uv": [6.032, 0.032, 8.968, 1.968], "texture": "#2"},
				"up": {"uv": [6.032, 0.032, 8.968, 1.968], "rotation": 180, "texture": "#2"},
				"down": {"uv": [6.032, 1.968, 8.968, 0.032], "rotation": 180, "texture": "#2"}
			}
		},
		{
			"from": [9.25, 7.75, 9.5],
			"to": [11.25, 9.75, 10.5],
			"rotation": {"angle": -45, "axis": "z", "origin": [10.25, 8.875, 12.75]},
			"faces": {
				"north": {"uv": [0.032, 0.032, 1.94, 1.94], "texture": "#2"},
				"east": {"uv": [0.032, 0.032, 0.94, 1.94], "texture": "#2"},
				"south": {"uv": [0.032, 0.032, 1.94, 1.94], "texture": "#2"},
				"west": {"uv": [0.032, 0.032, 0.94, 1.94], "texture": "#2"},
				"up": {"uv": [0.032, 0.032, 1.94, 0.94], "rotation": 180, "texture": "#2"},
				"down": {"uv": [0.032, 0.032, 1.94, 0.94], "rotation": 180, "texture": "#2"}
			}
		},
		{
			"from": [6.35, 7.2, 7.85],
			"to": [8.35, 9.2, 9.85],
			"rotation": {"angle": 0, "axis": "x", "origin": [9.6, 7.625, 6.25]},
			"faces": {
				"north": {"uv": [0.032, 0.032, 1.94, 1.94], "texture": "#2"},
				"east": {"uv": [0.032, 0.032, 1.94, 1.94], "texture": "#2"},
				"south": {"uv": [0.032, 0.032, 1.94, 1.94], "texture": "#2"},
				"west": {"uv": [0.032, 0.032, 1.94, 1.94], "texture": "#2"},
				"up": {"uv": [0.032, 0.032, 1.94, 1.94], "rotation": 90, "texture": "#2"},
				"down": {"uv": [0.032, 0.032, 1.94, 1.94], "rotation": 270, "texture": "#2"}
			}
		},
		{
			"from": [7.21548, 8.875, 7.40216],
			"to": [7.21548, 10.875, 10.40216],
			"rotation": {"angle": 45, "axis": "y", "origin": [7.1, 8.125, 8.75]},
			"faces": {
				"north": {"uv": [6.032, 0.032, 8.968, 1.968], "rotation": 270, "texture": "#2"},
				"east": {"uv": [6.032, 0.032, 8.968, 1.968], "texture": "#2"},
				"south": {"uv": [6.032, 0.032, 8.968, 1.968], "rotation": 90, "texture": "#2"},
				"west": {"uv": [6.032, 1.968, 8.968, 0.032], "rotation": 180, "texture": "#2"},
				"up": {"uv": [6.032, 0.032, 8.968, 1.968], "rotation": 90, "texture": "#2"},
				"down": {"uv": [6.032, 0.032, 8.968, 1.968], "rotation": 90, "texture": "#2"}
			}
		},
		{
			"from": [5.81161, 8.875, 8.83839],
			"to": [8.81161, 10.875, 8.83839],
			"rotation": {"angle": 22.5, "axis": "y", "origin": [7.1, 8.125, 8.75]},
			"faces": {
				"north": {"uv": [6.032, 1.968, 8.968, 0.032], "rotation": 180, "texture": "#2"},
				"east": {"uv": [6.032, 0.032, 8.968, 1.968], "rotation": 270, "texture": "#2"},
				"south": {"uv": [6.032, 0.032, 8.968, 1.968], "texture": "#2"},
				"west": {"uv": [6.032, 0.032, 8.968, 1.968], "rotation": 90, "texture": "#2"},
				"up": {"uv": [6.032, 0.032, 8.968, 1.968], "rotation": 180, "texture": "#2"},
				"down": {"uv": [6.032, 0.032, 8.968, 1.968], "texture": "#2"}
			}
		},
		{
			"from": [6.025, 0.025, 1],
			"to": [8.025, 2.025, 3],
			"rotation": {"angle": 0, "axis": "x", "origin": [5.90833, 1.08279, 1.97286]},
			"faces": {
				"north": {"uv": [0.032, 0.032, 1.94, 1.94], "rotation": 90, "texture": "#2"},
				"east": {"uv": [0.032, 0.032, 1.94, 1.94], "rotation": 90, "texture": "#2"},
				"south": {"uv": [0.032, 0.032, 1.94, 1.94], "rotation": 270, "texture": "#2"},
				"west": {"uv": [0.032, 0.032, 1.94, 1.94], "rotation": 90, "texture": "#2"},
				"up": {"uv": [0.032, 0.032, 1.94, 1.94], "rotation": 270, "texture": "#2"},
				"down": {"uv": [0.032, 0.032, 1.94, 1.94], "rotation": 270, "texture": "#2"}
			}
		},
		{
			"from": [4.35, -0.38194, 1.9606],
			"to": [6.35, 2.61806, 1.9606],
			"rotation": {"angle": -45, "axis": "x", "origin": [5.90833, 1.08279, 1.97286]},
			"faces": {
				"north": {"uv": [6.032, 1.968, 8.968, 0.032], "rotation": 270, "texture": "#2"},
				"east": {"uv": [6.032, 0.032, 8.968, 1.968], "rotation": 270, "texture": "#2"},
				"south": {"uv": [6.032, 0.032, 8.968, 1.968], "rotation": 270, "texture": "#2"},
				"west": {"uv": [6.032, 0.032, 8.968, 1.968], "rotation": 90, "texture": "#2"},
				"up": {"uv": [6.032, 0.032, 8.968, 1.968], "rotation": 180, "texture": "#2"},
				"down": {"uv": [6.032, 0.032, 8.968, 1.968], "texture": "#2"}
			}
		},
		{
			"from": [4.35, 1.11868, 0.49473],
			"to": [6.35, 1.11868, 3.49473],
			"rotation": {"angle": -22.5, "axis": "x", "origin": [5.90833, 1.08279, 1.97286]},
			"faces": {
				"north": {"uv": [6.032, 0.032, 8.968, 1.968], "rotation": 180, "texture": "#2"},
				"east": {"uv": [6.032, 0.032, 8.968, 1.968], "rotation": 180, "texture": "#2"},
				"south": {"uv": [6.032, 0.032, 8.968, 1.968], "rotation": 180, "texture": "#2"},
				"west": {"uv": [6.032, 0.032, 8.968, 1.968], "rotation": 180, "texture": "#2"},
				"up": {"uv": [6.032, 1.968, 8.968, 0.032], "rotation": 90, "texture": "#2"},
				"down": {"uv": [6.032, 0.032, 8.968, 1.968], "rotation": 270, "texture": "#2"}
			}
		},
		{
			"from": [1.93547, -0.03387, 0.48066],
			"to": [3.93547, 1.96613, 2.48066],
			"rotation": {"angle": 0, "axis": "x", "origin": [2.90833, 2.08279, 1.42286]},
			"faces": {
				"north": {"uv": [0.032, 0.032, 1.94, 1.94], "texture": "#2"},
				"east": {"uv": [0.032, 0.032, 1.94, 1.94], "texture": "#2"},
				"south": {"uv": [0.032, 0.032, 1.94, 1.94], "texture": "#2"},
				"west": {"uv": [0.032, 0.032, 1.94, 1.94], "texture": "#2"},
				"up": {"uv": [0.032, 0.032, 1.94, 1.94], "rotation": 90, "texture": "#2"},
				"down": {"uv": [0.032, 0.032, 1.94, 1.94], "rotation": 270, "texture": "#2"}
			}
		},
		{
			"from": [2.89607, 1.64113, -0.1124],
			"to": [2.89607, 3.64113, 2.8876],
			"rotation": {"angle": 45, "axis": "y", "origin": [2.90833, 2.08279, 1.42286]},
			"faces": {
				"north": {"uv": [6.032, 0.032, 8.968, 1.968], "rotation": 270, "texture": "#2"},
				"east": {"uv": [6.032, 0.032, 8.968, 1.968], "texture": "#2"},
				"south": {"uv": [6.032, 0.032, 8.968, 1.968], "rotation": 90, "texture": "#2"},
				"west": {"uv": [6.032, 1.968, 8.968, 0.032], "rotation": 180, "texture": "#2"},
				"up": {"uv": [6.032, 0.032, 8.968, 1.968], "rotation": 90, "texture": "#2"},
				"down": {"uv": [6.032, 0.032, 8.968, 1.968], "rotation": 90, "texture": "#2"}
			}
		},
		{
			"from": [1.4302, 1.64113, 1.38697],
			"to": [4.4302, 3.64113, 1.38697],
			"rotation": {"angle": 22.5, "axis": "y", "origin": [2.90833, 2.08279, 1.42286]},
			"faces": {
				"north": {"uv": [6.032, 1.968, 8.968, 0.032], "rotation": 180, "texture": "#2"},
				"east": {"uv": [6.032, 0.032, 8.968, 1.968], "rotation": 270, "texture": "#2"},
				"south": {"uv": [6.032, 0.032, 8.968, 1.968], "texture": "#2"},
				"west": {"uv": [6.032, 0.032, 8.968, 1.968], "rotation": 90, "texture": "#2"},
				"up": {"uv": [6.032, 0.032, 8.968, 1.968], "rotation": 180, "texture": "#2"},
				"down": {"uv": [6.032, 0.032, 8.968, 1.968], "texture": "#2"}
			}
		},
		{
			"from": [7.35, 6, 4.75],
			"to": [10.35, 9, 7.75],
			"rotation": {"angle": 0, "axis": "x", "origin": [9.6, 7.625, 6.25]},
			"faces": {
				"north": {"uv": [0.032, 0.032, 2.94, 2.94], "texture": "#2"},
				"east": {"uv": [0.032, 0.032, 2.94, 2.94], "texture": "#2"},
				"south": {"uv": [0.032, 0.032, 2.94, 2.94], "texture": "#2"},
				"west": {"uv": [0.032, 0.032, 2.94, 2.94], "texture": "#2"},
				"up": {"uv": [0.032, 0.032, 2.94, 2.94], "rotation": 90, "texture": "#2"},
				"down": {"uv": [0.032, 0.032, 2.94, 2.94], "rotation": 270, "texture": "#2"}
			}
		},
		{
			"from": [10.35, 7.74048, 4.79784],
			"to": [12.35, 7.74048, 7.79784],
			"rotation": {"angle": -22.5, "axis": "x", "origin": [9.6, 7.625, 6.25]},
			"faces": {
				"north": {"uv": [6.032, 0.032, 8.968, 1.968], "texture": "#2"},
				"east": {"uv": [6.032, 0.032, 8.968, 1.968], "texture": "#2"},
				"south": {"uv": [6.032, 0.032, 8.968, 1.968], "texture": "#2"},
				"west": {"uv": [6.032, 0.032, 8.968, 1.968], "texture": "#2"},
				"up": {"uv": [6.032, 0.032, 8.968, 1.968], "rotation": 90, "texture": "#2"},
				"down": {"uv": [6.032, 1.968, 8.968, 0.032], "rotation": 270, "texture": "#2"}
			}
		},
		{
			"from": [10.35, 7.71339, 4.66161],
			"to": [12.35, 7.71339, 7.66161],
			"rotation": {"angle": 45, "axis": "x", "origin": [9.6, 7.625, 6.25]},
			"faces": {
				"north": {"uv": [6.032, 0.032, 8.968, 1.968], "texture": "#2"},
				"east": {"uv": [6.032, 0.032, 8.968, 1.968], "texture": "#2"},
				"south": {"uv": [6.032, 0.032, 8.968, 1.968], "texture": "#2"},
				"west": {"uv": [6.032, 0.032, 8.968, 1.968], "texture": "#2"},
				"up": {"uv": [6.032, 0.032, 8.968, 1.968], "rotation": 90, "texture": "#2"},
				"down": {"uv": [6.032, 1.968, 8.968, 0.032], "rotation": 270, "texture": "#2"}
			}
		},
		{
			"from": [6.35, 6.5, 5.25],
			"to": [7.35, 8.5, 7.25],
			"rotation": {"angle": 0, "axis": "x", "origin": [9.6, 7.625, 6.25]},
			"faces": {
				"north": {"uv": [0.032, 0.032, 0.94, 1.94], "texture": "#2"},
				"east": {"uv": [0.032, 0.032, 1.94, 1.94], "texture": "#2"},
				"south": {"uv": [0.032, 0.032, 0.94, 1.94], "texture": "#2"},
				"west": {"uv": [0.032, 0.032, 1.94, 1.94], "texture": "#2"},
				"up": {"uv": [0.032, 0.032, 1.94, 0.94], "rotation": 90, "texture": "#2"},
				"down": {"uv": [0.032, 0.032, 1.94, 0.94], "rotation": 270, "texture": "#2"}
			}
		},
		{
			"from": [3.5, 8, 4.5],
			"to": [6.5, 11, 7.5],
			"rotation": {"angle": 0, "axis": "x", "origin": [5, 9.5, 7]},
			"faces": {
				"north": {"uv": [0.032, 0.032, 2.94, 2.94], "texture": "#2"},
				"east": {"uv": [0.032, 0.032, 2.94, 2.94], "texture": "#2"},
				"south": {"uv": [0.032, 0.032, 2.94, 2.94], "texture": "#2"},
				"west": {"uv": [0.032, 0.032, 2.94, 2.94], "texture": "#2"},
				"up": {"uv": [0.032, 0.032, 2.94, 2.94], "texture": "#2"},
				"down": {"uv": [0.032, 0.032, 2.94, 2.94], "texture": "#2"}
			}
		},
		{
			"from": [3.5, 9.75, 2.5],
			"to": [6.5, 9.75, 4.5],
			"rotation": {"angle": 22.5, "axis": "z", "origin": [5, 9.75, 3.5]},
			"faces": {
				"north": {"uv": [6.032, 0.032, 8.968, 1.968], "texture": "#2"},
				"east": {"uv": [6.032, 0.032, 8.968, 1.968], "texture": "#2"},
				"south": {"uv": [6.032, 0.032, 8.968, 1.968], "texture": "#2"},
				"west": {"uv": [6.032, 0.032, 8.968, 1.968], "texture": "#2"},
				"up": {"uv": [6.032, 0.032, 8.968, 1.968], "texture": "#2"},
				"down": {"uv": [6.032, 1.968, 8.968, 0.032], "texture": "#2"}
			}
		},
		{
			"from": [3.5, 9.75, 2.5],
			"to": [6.5, 9.75, 4.5],
			"rotation": {"angle": -45, "axis": "z", "origin": [5, 9.75, 3.5]},
			"faces": {
				"north": {"uv": [6.032, 0.032, 8.968, 1.968], "texture": "#2"},
				"east": {"uv": [6.032, 0.032, 8.968, 1.968], "texture": "#2"},
				"south": {"uv": [6.032, 0.032, 8.968, 1.968], "texture": "#2"},
				"west": {"uv": [6.032, 0.032, 8.968, 1.968], "texture": "#2"},
				"up": {"uv": [6.032, 0.032, 8.968, 1.968], "texture": "#2"},
				"down": {"uv": [6.032, 1.968, 8.968, 0.032], "texture": "#2"}
			}
		},
		{
			"from": [4, 8.5, 7.5],
			"to": [6, 10.5, 8.5],
			"rotation": {"angle": 0, "axis": "x", "origin": [5, 9.5, 7]},
			"faces": {
				"north": {"uv": [0.032, 0.032, 1.94, 1.94], "texture": "#2"},
				"east": {"uv": [0.032, 0.032, 0.94, 1.94], "texture": "#2"},
				"south": {"uv": [0.032, 0.032, 1.94, 1.94], "texture": "#2"},
				"west": {"uv": [0.032, 0.032, 0.94, 1.94], "texture": "#2"},
				"up": {"uv": [0.032, 0.032, 1.94, 0.94], "texture": "#2"},
				"down": {"uv": [0.032, 0.032, 1.94, 0.94], "texture": "#2"}
			}
		},
		{
			"from": [3, 0, 4],
			"to": [13, 7, 14],
			"rotation": {"angle": 0, "axis": "y", "origin": [8, 6.96, 9]},
			"faces": {
				"north": {"uv": [2.032, 10.032, 9.968, 14.968], "texture": "#0"},
				"east": {"uv": [2.032, 10.032, 9.968, 14.968], "texture": "#0"},
				"south": {"uv": [2.032, 10.032, 9.968, 14.968], "texture": "#0"},
				"west": {"uv": [2.032, 10.032, 9.968, 14.968], "texture": "#0"},
				"up": {"uv": [3.032, 14.032, 3.968, 14.968], "texture": "#0"},
				"down": {"uv": [3.032, 5.032, 10.968, 11.968], "texture": "#0"}
			}
		},
		{
			"from": [12.5, 6.65, 3.5],
			"to": [13.5, 9, 14.5],
			"rotation": {"angle": 0, "axis": "y", "origin": [8, 6.96, 9]},
			"faces": {
				"north": {"uv": [3.032, 7.032, 3.968, 8.968], "texture": "#1"},
				"east": {"uv": [2.032, 3.032, 12.968, 4.968], "texture": "#1"},
				"south": {"uv": [8.032, 8.032, 8.968, 9.968], "texture": "#1"},
				"west": {"uv": [2.032, 9.032, 13.968, 11.35], "texture": "#1"},
				"up": {"uv": [10.032, 4.032, 10.968, 15.968], "texture": "#1"},
				"down": {"uv": [5.032, 4.032, 5.968, 15.968], "texture": "#1"}
			}
		},
		{
			"from": [2.5, 6.65, 3.5],
			"to": [3.5, 9, 14.5],
			"rotation": {"angle": 0, "axis": "y", "origin": [8, 6.96, 9]},
			"faces": {
				"north": {"uv": [2.032, 9.032, 2.968, 10.968], "texture": "#1"},
				"east": {"uv": [2.032, 3.032, 13.968, 4.968], "texture": "#1"},
				"south": {"uv": [8.032, 8.032, 8.968, 9.968], "texture": "#1"},
				"west": {"uv": [2.032, 5.032, 13.968, 7.35], "texture": "#1"},
				"up": {"uv": [10.032, 4.032, 10.968, 15.968], "texture": "#1"},
				"down": {"uv": [5.032, 4.032, 5.968, 15.968], "texture": "#1"}
			}
		},
		{
			"from": [3.5, 6.65, 3.5],
			"to": [12.5, 9, 4.5],
			"rotation": {"angle": 0, "axis": "y", "origin": [8, 6.96, 9]},
			"faces": {
				"north": {"uv": [3.032, 5.032, 11.968, 6.968], "texture": "#1"},
				"east": {"uv": [0.032, 3.032, 0.968, 4.968], "texture": "#1"},
				"south": {"uv": [2.032, 3.032, 11.968, 5.35], "texture": "#1"},
				"west": {"uv": [8.032, 8.032, 8.968, 9.968], "texture": "#1"},
				"up": {"uv": [10.032, 4.032, 10.968, 13.968], "rotation": 90, "texture": "#1"},
				"down": {"uv": [5.032, 4.032, 5.968, 13.968], "rotation": 270, "texture": "#1"}
			}
		},
		{
			"from": [3.5, 6.65, 13.5],
			"to": [12.5, 9, 14.5],
			"rotation": {"angle": 0, "axis": "y", "origin": [8, 6.96, 9]},
			"faces": {
				"north": {"uv": [2.032, 5.032, 11.968, 7.35], "texture": "#1"},
				"east": {"uv": [0.032, 3.032, 0.968, 4.968], "texture": "#1"},
				"south": {"uv": [2.032, 3.032, 11.968, 4.85], "texture": "#1"},
				"west": {"uv": [8.032, 8.032, 8.968, 9.968], "texture": "#1"},
				"up": {"uv": [10.032, 4.032, 10.968, 13.968], "rotation": 90, "texture": "#1"},
				"down": {"uv": [5.032, 4.032, 5.968, 13.968], "rotation": 270, "texture": "#1"}
			}
		}
	],
	"display": {
		"thirdperson_righthand": {
			"rotation": [70, -180, 0],
			"translation": [-6, 3, 4]
		},
		"firstperson_righthand": {
			"translation": [-8, -1.25, 0]
		},
		"ground": {
			"translation": [0, 4, 0]
		},
		"gui": {
			"rotation": [-140, -40, -180]
		},
		"fixed": {
			"rotation": [-90, 0, 0],
			"translation": [0, 0, -15],
			"scale": [2, 2, 2]
		}
	},
	"groups": [
		{
			"name": "berry",
			"origin": [0, 0, 0],
			"color": 0,
			"children": [
				{
					"name": "strawberrysmall",
					"origin": [7.1, 8.125, 7.75],
					"color": 0,
					"children": [0, 1, 2]
				},
				{
					"name": "strawberrysmall",
					"origin": [7.1, 8.125, 7.75],
					"color": 0,
					"children": [3, 4, 5]
				},
				{
					"name": "strawberrysmall",
					"origin": [7.1, 8.125, 7.75],
					"color": 0,
					"children": [6, 7, 8]
				},
				{
					"name": "strawberrysmall",
					"origin": [7.1, 8.125, 7.75],
					"color": 0,
					"children": [9, 10, 11]
				},
				{
					"name": "strawberry",
					"origin": [0, 0, 0],
					"color": 0,
					"children": [12, 13, 14, 15]
				},
				{
					"name": "strawberrysmall",
					"origin": [7.1, 8.125, 7.75],
					"color": 0,
					"children": [16, 17, 18]
				},
				{
					"name": "strawberry",
					"origin": [0, 0, 0],
					"color": 0,
					"children": [19, 20, 21, 22]
				},
				{
					"name": "strawberrysmall",
					"origin": [7.1, 8.125, 7.75],
					"color": 0,
					"children": [23, 24, 25]
				},
				{
					"name": "strawberrysmall",
					"origin": [7.1, 8.125, 7.75],
					"color": 0,
					"children": [26, 27, 28]
				},
				{
					"name": "strawberrysmall",
					"origin": [7.1, 8.125, 7.75],
					"color": 0,
					"children": [29, 30, 31]
				},
				{
					"name": "strawberry",
					"origin": [0, 0, 0],
					"color": 0,
					"children": [32, 33, 34, 35]
				},
				{
					"name": "strawberry",
					"origin": [0, 0, 0],
					"color": 0,
					"children": [36, 37, 38, 39]
				}
			]
		},
		{
			"name": "basket",
			"origin": [0, 0, 0],
			"color": 0,
			"children": [40, 41, 42, 43, 44]
		}
	]
}