{
	"credit": "Made with Blockbench",
	"parent": "./hc_cit_wall",
	"texture_size": [32, 32],
	"textures": {
		"0": "hc_wallclock_2",
		"particle": "hc_wallclock_2"
	},
	"elements": [
		{
			"from": [1, -2, 0],
			"to": [15, 0, 5],
			"faces": {
				"north": {"uv": [0, 9, 7, 10], "texture": "#0"},
				"east": {"uv": [13.5, 9, 16, 10], "texture": "#0"},
				"south": {"uv": [0, 9, 7, 10], "texture": "#0"},
				"west": {"uv": [13.5, 9, 16, 10], "texture": "#0"},
				"up": {"uv": [0, 10.5, 7, 13], "texture": "#0"},
				"down": {"uv": [0, 13, 7, 15.5], "texture": "#0"}
			}
		},
		{
			"from": [3, -3, 0],
			"to": [13, -2, 5],
			"faces": {
				"north": {"uv": [1, 10, 6, 10.5], "texture": "#0"},
				"east": {"uv": [13.5, 10, 16, 10.5], "texture": "#0"},
				"south": {"uv": [1, 10, 6, 10.5], "texture": "#0"},
				"west": {"uv": [13.5, 10, 16, 10.5], "texture": "#0"},
				"down": {"uv": [1, 13, 6, 15.5], "texture": "#0"}
			}
		},
		{
			"from": [1, 14, 0],
			"to": [15, 16, 5],
			"faces": {
				"north": {"uv": [0, 1, 7, 2], "texture": "#0"},
				"east": {"uv": [13.5, 1, 16, 2], "texture": "#0"},
				"south": {"uv": [0, 1, 7, 2], "texture": "#0"},
				"west": {"uv": [13.5, 1, 16, 2], "texture": "#0"},
				"up": {"uv": [0, 10.5, 7, 13], "texture": "#0"},
				"down": {"uv": [0, 13, 7, 15.5], "texture": "#0"}
			}
		},
		{
			"from": [3, 16, 0],
			"to": [13, 17, 5],
			"faces": {
				"north": {"uv": [1, 0.5, 6, 1], "texture": "#0"},
				"east": {"uv": [13.5, 0.5, 16, 1], "texture": "#0"},
				"south": {"uv": [1, 0.5, 6, 1], "texture": "#0"},
				"west": {"uv": [13.5, 0.5, 16, 1], "texture": "#0"},
				"up": {"uv": [1, 10.5, 6, 13], "texture": "#0"}
			}
		},
		{
			"from": [5, 17, 0],
			"to": [11, 18, 5],
			"faces": {
				"north": {"uv": [2, 0, 5, 0.5], "texture": "#0"},
				"east": {"uv": [13.5, 0, 16, 0.5], "texture": "#0"},
				"south": {"uv": [2, 0, 5, 0.5], "texture": "#0"},
				"west": {"uv": [13.5, 0, 16, 0.5], "texture": "#0"},
				"up": {"uv": [2, 10.5, 5, 13], "texture": "#0"}
			}
		},
		{
			"from": [2, 0, 0],
			"to": [14, 14, 4],
			"faces": {
				"north": {"uv": [7, 2, 13, 9], "texture": "#0"},
				"east": {"uv": [14, 2, 16, 9], "texture": "#0"},
				"south": {"uv": [0.5, 2, 6.5, 9], "texture": "#0"},
				"west": {"uv": [13.5, 2, 15.5, 9], "texture": "#0"}
			}
		},
		{
			"from": [2, 0, 4],
			"to": [4, 14, 5],
			"faces": {
				"east": {"uv": [6.5, 2, 7, 9], "texture": "#0"},
				"south": {"uv": [0.5, 2, 1.5, 9], "texture": "#0"},
				"west": {"uv": [15.5, 2, 16, 9], "texture": "#0"}
			}
		},
		{
			"from": [12, 0, 4],
			"to": [14, 14, 5],
			"faces": {
				"east": {"uv": [13.5, 2, 14, 9], "texture": "#0"},
				"south": {"uv": [5.5, 2, 6.5, 9], "texture": "#0"},
				"west": {"uv": [6.5, 2, 7, 9], "texture": "#0"}
			}
		},
		{
			"from": [7.5, 8.5, 4.01],
			"to": [9.5, 11.5, 4.01],
			"faces": {
				"south": {"uv": [7.5, 0.5, 8.5, 2], "texture": "#0"}
			}
		},
		{
			"from": [7.5, 4, 4.01],
			"to": [8.5, 6, 4.01],
			"faces": {
				"south": {"uv": [3, 7, 3.5, 8], "texture": "#0"}
			}
		}
	]
}