{
	"credit": "Made with Blockbench",
	"parent": "./hc_cit_wall",
	"texture_size": [32, 32],
	"textures": {
		"0": "hc_wallclock_1",
		"particle": "hc_wallclock_1"
	},
	"elements": [
		{
			"from": [4, 0, 0],
			"to": [12, 17, 4],
			"faces": {
				"north": {"uv": [6, 0.5, 10, 9], "texture": "#0"},
				"east": {"uv": [11.5, 0.5, 13.5, 9], "texture": "#0"},
				"south": {"uv": [1, 0.5, 5, 9], "texture": "#0"},
				"west": {"uv": [11.5, 0.5, 13.5, 9], "texture": "#0"},
				"up": {"uv": [11.5, 1, 13.5, 5], "rotation": 90, "texture": "#0"},
				"down": {"uv": [11.5, 5.5, 13.5, 9.5], "rotation": 90, "texture": "#0"}
			}
		},
		{
			"from": [5, -1, 0],
			"to": [11, 0, 4],
			"faces": {
				"north": {"uv": [6.5, 9, 9.5, 9.5], "texture": "#0"},
				"east": {"uv": [11.5, 9, 13.5, 9.5], "texture": "#0"},
				"south": {"uv": [1.5, 9, 4.5, 9.5], "texture": "#0"},
				"west": {"uv": [11.5, 9, 13.5, 9.5], "texture": "#0"},
				"down": {"uv": [11.5, 1.5, 13.5, 4.5], "rotation": 90, "texture": "#0"}
			}
		},
		{
			"from": [6, -2, 0],
			"to": [10, -1, 4],
			"faces": {
				"north": {"uv": [7, 9.5, 9, 10], "texture": "#0"},
				"east": {"uv": [11.5, 9.5, 13.5, 10], "texture": "#0"},
				"south": {"uv": [2, 9.5, 4, 10], "texture": "#0"},
				"west": {"uv": [11.5, 9.5, 13.5, 10], "texture": "#0"},
				"down": {"uv": [11.5, 2, 13.5, 4], "rotation": 90, "texture": "#0"}
			}
		},
		{
			"from": [3, 7, 4],
			"to": [13, 17, 6],
			"faces": {
				"north": {"uv": [0.5, 0.5, 5.5, 5.5], "texture": "#0"},
				"east": {"uv": [10.5, 0.5, 11.5, 5.5], "texture": "#0"},
				"south": {"uv": [0.5, 0.5, 5.5, 5.5], "texture": "#0"},
				"west": {"uv": [10, 0.5, 11, 5.5], "texture": "#0"},
				"up": {"uv": [10, 0.5, 11, 5.5], "rotation": 90, "texture": "#0"},
				"down": {"uv": [10.5, 0.5, 11.5, 5.5], "rotation": 90, "texture": "#0"}
			}
		},
		{
			"from": [4, 17, 4],
			"to": [12, 18, 6],
			"faces": {
				"north": {"uv": [1, 10, 5, 10.5], "texture": "#0"},
				"east": {"uv": [10.5, 0, 11.5, 0.5], "texture": "#0"},
				"south": {"uv": [1, 0, 5, 0.5], "texture": "#0"},
				"west": {"uv": [10, 0, 11, 0.5], "texture": "#0"},
				"up": {"uv": [6.5, 11.5, 10.5, 12.5], "texture": "#0"}
			}
		},
		{
			"from": [13, 8, 4],
			"to": [14, 16, 6],
			"faces": {
				"north": {"uv": [0, 11, 0.5, 15], "texture": "#0"},
				"east": {"uv": [10.5, 1, 11.5, 5], "texture": "#0"},
				"south": {"uv": [5.5, 1, 6, 5], "texture": "#0"},
				"up": {"uv": [6.5, 11.5, 7, 12.5], "texture": "#0"},
				"down": {"uv": [6.5, 11, 7, 12], "texture": "#0"}
			}
		},
		{
			"from": [2, 8, 4],
			"to": [3, 16, 6],
			"faces": {
				"north": {"uv": [5.5, 11, 6, 15], "texture": "#0"},
				"south": {"uv": [0, 1, 0.5, 5], "texture": "#0"},
				"west": {"uv": [10, 1, 11, 5], "texture": "#0"},
				"up": {"uv": [6.5, 11.5, 7, 12.5], "texture": "#0"},
				"down": {"uv": [6.5, 11, 7, 12], "texture": "#0"}
			}
		},
		{
			"from": [4, 6, 4],
			"to": [12, 7, 6],
			"faces": {
				"east": {"uv": [10.5, 5.5, 11.5, 6], "texture": "#0"},
				"south": {"uv": [1, 5.5, 5, 6], "texture": "#0"},
				"west": {"uv": [10, 5.5, 11, 6], "texture": "#0"},
				"down": {"uv": [6.5, 11, 10.5, 12], "texture": "#0"}
			}
		},
		{
			"from": [7.5, 11.5, 6.01],
			"to": [9.5, 14.5, 6.01],
			"faces": {
				"south": {"uv": [14, 0.5, 15, 2], "texture": "#0"}
			}
		},
		{
			"from": [7.5, 4, 4.01],
			"to": [8.5, 6, 4.01],
			"faces": {
				"south": {"uv": [2.5, 7, 3, 8], "texture": "#0"}
			}
		}
	]
}