{
	"credit": "Made with Blockbench",
	"parent": "./hc_cit_wall",
	"textures": {
		"0": "hc_wallclock_3",
		"particle": "hc_wallclock_3"
	},
	"elements": [
		{
			"from": [3, 3, 0.01],
			"to": [13, 4, 4.01],
			"faces": {
				"north": {"uv": [3, 10, 13, 11], "texture": "#0"},
				"east": {"uv": [6, 10, 10, 11], "texture": "#0"},
				"south": {"uv": [3, 10, 13, 11], "texture": "#0"},
				"west": {"uv": [6, 10, 10, 11], "texture": "#0"},
				"up": {"uv": [12, 0, 16, 10], "rotation": 90, "texture": "#0"},
				"down": {"uv": [12, 0, 16, 10], "rotation": 90, "texture": "#0"}
			}
		},
		{
			"from": [4, 2, 0],
			"to": [12, 11, 3],
			"faces": {
				"north": {"uv": [4, 3, 12, 12], "texture": "#0"},
				"east": {"uv": [13, 0, 16, 9], "texture": "#0"},
				"south": {"uv": [4, 3, 12, 12], "texture": "#0"},
				"west": {"uv": [12, 0, 15, 9], "texture": "#0"},
				"down": {"uv": [1, 1, 4, 9], "rotation": 90, "texture": "#0"}
			}
		},
		{
			"from": [5, 11, 0],
			"to": [11, 12, 3],
			"faces": {
				"north": {"uv": [5, 2, 11, 3], "texture": "#0"},
				"south": {"uv": [5, 2, 11, 3], "texture": "#0"}
			}
		},
		{
			"from": [6, 12, 0],
			"to": [10, 13, 3],
			"faces": {
				"north": {"uv": [6, 1, 10, 2], "texture": "#0"},
				"south": {"uv": [6, 1, 10, 2], "texture": "#0"}
			}
		},
		{
			"from": [7, 13, 0],
			"to": [9, 14, 3],
			"faces": {
				"north": {"uv": [7, 0, 9, 1], "texture": "#0"},
				"south": {"uv": [7, 0, 9, 1], "texture": "#0"}
			}
		},
		{
			"from": [4, 4, 3],
			"to": [5, 11, 4],
			"faces": {
				"east": {"uv": [13, 2, 14, 9], "texture": "#0"},
				"south": {"uv": [4, 3, 5, 10], "texture": "#0"},
				"west": {"uv": [15, 2, 16, 9], "texture": "#0"}
			}
		},
		{
			"from": [11, 4, 3],
			"to": [12, 11, 4],
			"faces": {
				"east": {"uv": [12, 2, 13, 9], "texture": "#0"},
				"south": {"uv": [11, 3, 12, 10], "texture": "#0"},
				"west": {"uv": [14, 2, 15, 9], "texture": "#0"}
			}
		},
		{
			"from": [2, 10, 0.01],
			"to": [11, 11, 4.01],
			"rotation": {"angle": 45, "axis": "z", "origin": [4, 10, 2]},
			"faces": {
				"north": {"uv": [15, 0, 16, 9], "rotation": 90, "texture": "#0"},
				"east": {"uv": [0, 0, 4, 1], "texture": "#0"},
				"south": {"uv": [12, 0, 13, 9], "rotation": 90, "texture": "#0"},
				"west": {"uv": [0, 9, 4, 10], "texture": "#0"},
				"up": {"uv": [0, 0, 4, 9], "rotation": 90, "texture": "#0"},
				"down": {"uv": [0, 1, 4, 10], "rotation": 90, "texture": "#0"}
			}
		},
		{
			"from": [5, 10, 0.02],
			"to": [14, 11, 4.02],
			"rotation": {"angle": -45, "axis": "z", "origin": [12, 10, 2]},
			"faces": {
				"north": {"uv": [12, 0, 13, 9], "rotation": 90, "texture": "#0"},
				"east": {"uv": [0, 9, 4, 10], "texture": "#0"},
				"south": {"uv": [15, 0, 16, 9], "rotation": 90, "texture": "#0"},
				"west": {"uv": [0, 0, 4, 1], "texture": "#0"},
				"up": {"uv": [0, 0, 4, 9], "rotation": 90, "texture": "#0"},
				"down": {"uv": [0, 0, 4, 9], "rotation": 90, "texture": "#0"}
			}
		},
		{
			"from": [6, -6, 0],
			"to": [6, 2, 3],
			"rotation": {"angle": 45, "axis": "y", "origin": [6, 2, 1.5]},
			"faces": {
				"east": {"uv": [2, 13, 10, 16], "rotation": 90, "texture": "#0"},
				"west": {"uv": [2, 13, 10, 16], "rotation": 90, "texture": "#0"}
			}
		},
		{
			"from": [8.5, -7, 1.5],
			"to": [11.5, 2, 1.5],
			"rotation": {"angle": -45, "axis": "y", "origin": [10, 2, 1.5]},
			"faces": {
				"north": {"uv": [1, 13, 10, 16], "rotation": 90, "texture": "#0"},
				"south": {"uv": [1, 13, 10, 16], "rotation": 90, "texture": "#0"}
			}
		},
		{
			"from": [4.5, -6, 1.5],
			"to": [7.5, 2, 1.5],
			"rotation": {"angle": 45, "axis": "y", "origin": [6, 2, 1.5]},
			"faces": {
				"north": {"uv": [2, 13, 10, 16], "rotation": 90, "texture": "#0"},
				"south": {"uv": [2, 13, 10, 16], "rotation": 90, "texture": "#0"}
			}
		},
		{
			"from": [10, -7, 0],
			"to": [10, 2, 3],
			"rotation": {"angle": -45, "axis": "y", "origin": [10, 2, 1.5]},
			"faces": {
				"east": {"uv": [1, 13, 10, 16], "rotation": 90, "texture": "#0"},
				"west": {"uv": [1, 13, 10, 16], "rotation": 90, "texture": "#0"}
			}
		}
	]
}