{
	"credit": "Made with Blockbench",
	"parent": "./hc_cit_item",
	"textures": {
		"0": "hc_brush_1",
		"1": "hc_brush_3_holder",
		"particle": "hc_brush_1"
	},
	"elements": [
		{
			"from": [6, 1, 6],
			"to": [10, 3, 10],
			"rotation": {"angle": 0, "axis": "y", "origin": [0, 1, 1]},
			"faces": {
				"north": {"uv": [7, 8, 11, 10], "texture": "#1"},
				"east": {"uv": [7, 8, 11, 10], "texture": "#1"},
				"south": {"uv": [7, 8, 11, 10], "texture": "#1"},
				"west": {"uv": [7, 8, 11, 10], "texture": "#1"},
				"up": {"uv": [7, 5, 11, 9], "texture": "#1"},
				"down": {"uv": [7, 11, 11, 15], "texture": "#1"}
			}
		},
		{
			"from": [5, 1, 6],
			"to": [6, 8, 11],
			"rotation": {"angle": 0, "axis": "y", "origin": [0, 1, 0]},
			"faces": {
				"east": {"uv": [0, 3, 5, 10], "texture": "#1"},
				"south": {"uv": [0, 3, 1, 10], "texture": "#1"},
				"west": {"uv": [1, 3, 6, 10], "texture": "#1"},
				"up": {"uv": [6, 11, 7, 16], "texture": "#1"},
				"down": {"uv": [6, 10, 7, 15], "texture": "#1"}
			}
		},
		{
			"from": [10, 1, 5],
			"to": [11, 8, 10],
			"rotation": {"angle": 0, "axis": "y", "origin": [0, 1, 0]},
			"faces": {
				"north": {"uv": [0, 3, 1, 10], "texture": "#1"},
				"east": {"uv": [1, 3, 6, 10], "texture": "#1"},
				"west": {"uv": [0, 3, 5, 10], "texture": "#1"},
				"up": {"uv": [11, 10, 12, 15], "texture": "#1"},
				"down": {"uv": [11, 11, 12, 16], "texture": "#1"}
			}
		},
		{
			"from": [6, 1, 10],
			"to": [11, 8, 11],
			"rotation": {"angle": 0, "axis": "y", "origin": [0, 1, 0]},
			"faces": {
				"north": {"uv": [0, 3, 5, 10], "texture": "#1"},
				"east": {"uv": [0, 3, 1, 10], "texture": "#1"},
				"south": {"uv": [1, 3, 6, 10], "texture": "#1"},
				"up": {"uv": [7, 15, 12, 16], "texture": "#1"},
				"down": {"uv": [7, 10, 12, 11], "texture": "#1"}
			}
		},
		{
			"from": [5, 1, 5],
			"to": [10, 8, 6],
			"rotation": {"angle": 0, "axis": "y", "origin": [0, 1, 0]},
			"faces": {
				"north": {"uv": [1, 3, 6, 10], "texture": "#1"},
				"south": {"uv": [0, 3, 5, 10], "texture": "#1"},
				"west": {"uv": [0, 3, 1, 10], "texture": "#1"},
				"up": {"uv": [6, 10, 11, 11], "texture": "#1"},
				"down": {"uv": [6, 15, 11, 16], "texture": "#1"}
			}
		},
		{
			"from": [6, 8, 6],
			"to": [11, 15, 7],
			"rotation": {"angle": -22.5, "axis": "x", "origin": [8, 8, 6]},
			"faces": {
				"north": {"uv": [0, 9, 5, 16], "texture": "#0"},
				"east": {"uv": [4, 9, 5, 16], "texture": "#0"},
				"south": {"uv": [0, 9, 5, 16], "texture": "#0"},
				"west": {"uv": [0, 9, 1, 16], "texture": "#0"},
				"up": {"uv": [0, 9, 5, 10], "texture": "#0"},
				"down": {"uv": [0, 15, 5, 16], "texture": "#0"}
			}
		},
		{
			"from": [6.5, 8.5, 7],
			"to": [10.5, 14.5, 9],
			"rotation": {"angle": -22.5, "axis": "x", "origin": [8, 8, 6]},
			"faces": {
				"east": {"uv": [9, 10, 11, 16], "texture": "#0"},
				"south": {"uv": [5, 10, 9, 16], "texture": "#0"},
				"west": {"uv": [9, 10, 11, 16], "texture": "#0"},
				"up": {"uv": [9, 12, 11, 16], "rotation": 90, "texture": "#0"},
				"down": {"uv": [9, 12, 11, 16], "rotation": 270, "texture": "#0"}
			}
		},
		{
			"from": [7.5, 3, 6],
			"to": [9.5, 8, 7],
			"rotation": {"angle": -22.5, "axis": "x", "origin": [8, 8, 6]},
			"faces": {
				"north": {"uv": [11, 11, 13, 16], "texture": "#0"},
				"east": {"uv": [12, 11, 13, 16], "texture": "#0"},
				"south": {"uv": [11, 11, 13, 16], "texture": "#0"},
				"west": {"uv": [11, 11, 12, 16], "texture": "#0"},
				"down": {"uv": [11, 11, 13, 12], "texture": "#0"}
			}
		},
		{
			"from": [6, 4, 9],
			"to": [7, 9, 10],
			"rotation": {"angle": 0, "axis": "y", "origin": [0, -1, -5]},
			"faces": {
				"north": {"uv": [15, 8, 16, 13], "texture": "#0"},
				"east": {"uv": [15, 8, 16, 13], "texture": "#0"},
				"south": {"uv": [15, 8, 16, 13], "texture": "#0"},
				"west": {"uv": [15, 8, 16, 13], "texture": "#0"},
				"down": {"uv": [15, 12, 16, 13], "texture": "#0"}
			}
		},
		{
			"from": [5.5, 12, 9],
			"to": [7.5, 14, 10],
			"rotation": {"angle": 0, "axis": "y", "origin": [0, -1, -5]},
			"faces": {
				"north": {"uv": [12, 8, 14, 10], "texture": "#0"},
				"south": {"uv": [12, 8, 14, 10], "texture": "#0"},
				"up": {"uv": [12, 8, 14, 9], "texture": "#0"}
			}
		},
		{
			"from": [4.5, 12, 9.01],
			"to": [5.5, 14, 10.01],
			"rotation": {"angle": 22.5, "axis": "z", "origin": [5.5, 14, 10]},
			"faces": {
				"north": {"uv": [14, 8, 15, 10], "texture": "#0"},
				"south": {"uv": [11, 8, 12, 10], "texture": "#0"},
				"west": {"uv": [14, 8, 15, 10], "texture": "#0"},
				"up": {"uv": [11, 8, 12, 9], "texture": "#0"},
				"down": {"uv": [11, 8, 12, 9], "texture": "#0"}
			}
		},
		{
			"from": [7.5, 12, 9.01],
			"to": [8.5, 14, 10.01],
			"rotation": {"angle": -22.5, "axis": "z", "origin": [7.5, 14, 10]},
			"faces": {
				"north": {"uv": [11, 8, 12, 10], "texture": "#0"},
				"east": {"uv": [11, 8, 12, 10], "texture": "#0"},
				"south": {"uv": [14, 8, 15, 10], "texture": "#0"},
				"up": {"uv": [14, 8, 15, 9], "texture": "#0"},
				"down": {"uv": [14, 8, 15, 9], "texture": "#0"}
			}
		},
		{
			"from": [5.5, 9, 8.5],
			"to": [7.5, 12, 10.5],
			"rotation": {"angle": 0, "axis": "y", "origin": [0, -1, -5]},
			"faces": {
				"north": {"uv": [8, 5, 10, 8], "texture": "#0"},
				"east": {"uv": [8, 5, 10, 8], "texture": "#0"},
				"south": {"uv": [8, 5, 10, 8], "texture": "#0"},
				"west": {"uv": [8, 5, 10, 8], "texture": "#0"},
				"up": {"uv": [6, 6, 8, 8], "texture": "#0"},
				"down": {"uv": [10, 6, 12, 8], "texture": "#0"}
			}
		},
		{
			"from": [9, 3, 9],
			"to": [10, 13, 10],
			"rotation": {"angle": -22.5, "axis": "z", "origin": [10, 9, 9]},
			"faces": {
				"north": {"uv": [15, 6, 16, 16], "texture": "#0"},
				"east": {"uv": [15, 6, 16, 16], "texture": "#0"},
				"south": {"uv": [15, 6, 16, 16], "texture": "#0"},
				"west": {"uv": [15, 6, 16, 16], "texture": "#0"},
				"up": {"uv": [15, 6, 16, 7], "texture": "#0"},
				"down": {"uv": [15, 15, 16, 16], "texture": "#0"}
			}
		},
		{
			"from": [5, 0, 10],
			"to": [6, 1, 11],
			"faces": {
				"north": {"uv": [7, 15, 8, 16], "texture": "#1"},
				"east": {"uv": [7, 15, 8, 16], "texture": "#1"},
				"south": {"uv": [7, 15, 8, 16], "texture": "#1"},
				"west": {"uv": [7, 15, 8, 16], "texture": "#1"},
				"down": {"uv": [7, 15, 8, 16], "texture": "#1"}
			}
		},
		{
			"from": [10, 0, 10],
			"to": [11, 1, 11],
			"faces": {
				"north": {"uv": [7, 15, 8, 16], "texture": "#1"},
				"east": {"uv": [7, 15, 8, 16], "texture": "#1"},
				"south": {"uv": [7, 15, 8, 16], "texture": "#1"},
				"west": {"uv": [7, 15, 8, 16], "texture": "#1"},
				"down": {"uv": [7, 15, 8, 16], "texture": "#1"}
			}
		},
		{
			"from": [10, 0, 5],
			"to": [11, 1, 6],
			"faces": {
				"north": {"uv": [7, 15, 8, 16], "texture": "#1"},
				"east": {"uv": [7, 15, 8, 16], "texture": "#1"},
				"south": {"uv": [7, 15, 8, 16], "texture": "#1"},
				"west": {"uv": [7, 15, 8, 16], "texture": "#1"},
				"down": {"uv": [7, 15, 8, 16], "texture": "#1"}
			}
		},
		{
			"from": [5, 0, 5],
			"to": [6, 1, 6],
			"faces": {
				"north": {"uv": [7, 15, 8, 16], "texture": "#1"},
				"east": {"uv": [7, 15, 8, 16], "texture": "#1"},
				"south": {"uv": [7, 15, 8, 16], "texture": "#1"},
				"west": {"uv": [7, 15, 8, 16], "texture": "#1"},
				"down": {"uv": [7, 15, 8, 16], "texture": "#1"}
			}
		}
	]
}