{
	"credit": "Made with Blockbench",
	"parent": "./hc_cit_item",
	"textures": {
		"0": "hc_brush_1",
		"particle": "hc_brush_1"
	},
	"elements": [
		{
			"from": [7.5, 0, 5],
			"to": [10.5, 1, 8],
			"rotation": {"angle": 0, "axis": "y", "origin": [1.5, 0, -2]},
			"faces": {
				"north": {"uv": [11, 8, 14, 9], "texture": "#0"},
				"east": {"uv": [13, 8, 14, 11], "rotation": 90, "texture": "#0"},
				"west": {"uv": [11, 8, 12, 11], "rotation": 90, "texture": "#0"},
				"up": {"uv": [11, 8, 14, 11], "texture": "#0"},
				"down": {"uv": [11, 8, 14, 11], "texture": "#0"}
			}
		},
		{
			"from": [7.5, 0, 8],
			"to": [10.5, 1, 11],
			"rotation": {"angle": 0, "axis": "y", "origin": [1.5, 0, -2]},
			"faces": {
				"east": {"uv": [5, 5, 6, 8], "rotation": 90, "texture": "#0"},
				"south": {"uv": [5, 7, 8, 8], "texture": "#0"},
				"west": {"uv": [5, 5, 6, 8], "rotation": 270, "texture": "#0"},
				"up": {"uv": [5, 5, 8, 8], "texture": "#0"},
				"down": {"uv": [5, 5, 8, 8], "rotation": 180, "texture": "#0"}
			}
		},
		{
			"from": [6.5, -0.01, 5],
			"to": [7.5, 0.99, 8],
			"rotation": {"angle": 22.5, "axis": "y", "origin": [7.5, 0, 5]},
			"faces": {
				"north": {"uv": [12, 8, 13, 9], "texture": "#0"},
				"west": {"uv": [12, 8, 13, 11], "rotation": 90, "texture": "#0"},
				"up": {"uv": [12, 8, 13, 11], "texture": "#0"},
				"down": {"uv": [12, 8, 13, 11], "texture": "#0"}
			}
		},
		{
			"from": [10.5, -0.01, 5],
			"to": [11.5, 0.99, 8],
			"rotation": {"angle": -22.5, "axis": "y", "origin": [10.5, 0, 5]},
			"faces": {
				"north": {"uv": [14, 8, 15, 9], "texture": "#0"},
				"east": {"uv": [14, 8, 15, 11], "rotation": 90, "texture": "#0"},
				"up": {"uv": [14, 8, 15, 11], "texture": "#0"},
				"down": {"uv": [14, 8, 15, 11], "texture": "#0"}
			}
		},
		{
			"from": [3.5, 0, 8],
			"to": [4.5, 1, 13],
			"rotation": {"angle": 0, "axis": "y", "origin": [0.5, 0, 0]},
			"faces": {
				"east": {"uv": [15, 8, 16, 13], "rotation": 90, "texture": "#0"},
				"south": {"uv": [15, 12, 16, 13], "texture": "#0"},
				"west": {"uv": [15, 8, 16, 13], "rotation": 270, "texture": "#0"},
				"up": {"uv": [15, 8, 16, 13], "texture": "#0"},
				"down": {"uv": [15, 8, 16, 13], "rotation": 180, "texture": "#0"}
			}
		},
		{
			"from": [12, 0, 3],
			"to": [13, 1, 13],
			"faces": {
				"north": {"uv": [15, 6, 16, 7], "texture": "#0"},
				"east": {"uv": [15, 6, 16, 16], "rotation": 90, "texture": "#0"},
				"south": {"uv": [15, 15, 16, 16], "texture": "#0"},
				"west": {"uv": [15, 6, 16, 16], "rotation": 270, "texture": "#0"},
				"up": {"uv": [15, 6, 16, 16], "texture": "#0"},
				"down": {"uv": [15, 6, 16, 16], "rotation": 180, "texture": "#0"}
			}
		},
		{
			"from": [3, -0.5, 5],
			"to": [5, 1.5, 8],
			"rotation": {"angle": 0, "axis": "y", "origin": [0.5, 0, 0]},
			"faces": {
				"north": {"uv": [10, 6, 12, 8], "texture": "#0"},
				"east": {"uv": [8, 5, 10, 8], "rotation": 90, "texture": "#0"},
				"south": {"uv": [10, 6, 12, 8], "texture": "#0"},
				"west": {"uv": [8, 5, 10, 8], "rotation": 270, "texture": "#0"},
				"up": {"uv": [8, 5, 10, 8], "texture": "#0"},
				"down": {"uv": [8, 5, 10, 8], "rotation": 180, "texture": "#0"}
			}
		},
		{
			"from": [3, 0, 3],
			"to": [5, 1, 5],
			"rotation": {"angle": 0, "axis": "y", "origin": [4, 0, 5]},
			"faces": {
				"north": {"uv": [12, 8, 14, 9], "rotation": 180, "texture": "#0"},
				"up": {"uv": [12, 8, 14, 10], "texture": "#0"},
				"down": {"uv": [12, 8, 14, 10], "texture": "#0"}
			}
		},
		{
			"from": [2, 0.01, 3],
			"to": [3, 1.01, 5],
			"rotation": {"angle": 22.5, "axis": "y", "origin": [3, 0, 3]},
			"faces": {
				"north": {"uv": [11, 8, 12, 9], "texture": "#0"},
				"south": {"uv": [11, 9, 12, 10], "texture": "#0"},
				"west": {"uv": [11, 8, 12, 10], "rotation": 270, "texture": "#0"},
				"up": {"uv": [11, 8, 12, 10], "texture": "#0"},
				"down": {"uv": [11, 8, 12, 10], "texture": "#0"}
			}
		},
		{
			"from": [5, 0.01, 3],
			"to": [6, 1.01, 5],
			"rotation": {"angle": -22.5, "axis": "y", "origin": [5, 0, 3]},
			"faces": {
				"north": {"uv": [14, 8, 15, 9], "texture": "#0"},
				"east": {"uv": [14, 8, 15, 10], "rotation": 90, "texture": "#0"},
				"south": {"uv": [14, 9, 15, 10], "texture": "#0"},
				"up": {"uv": [14, 8, 15, 10], "texture": "#0"},
				"down": {"uv": [14, 8, 15, 10], "texture": "#0"}
			}
		}
	]
}