{
	"credit": "Made with Blockbench",
	"parent": "./hc_cit_wall",
	"texture_size": [32, 32],
	"textures": {
		"0": "hc_mirror_1",
		"particle": "hc_mirror_1"
	},
	"elements": [
		{
			"from": [0, 0, 0],
			"to": [16, 28, 1],
			"faces": {
				"north": {"uv": [4, 2, 12, 16], "texture": "#0"},
				"east": {"uv": [4, 2, 4.5, 16], "texture": "#0"},
				"south": {"uv": [4, 2, 12, 16], "texture": "#0"},
				"west": {"uv": [11.5, 2, 12, 16], "texture": "#0"},
				"up": {"uv": [4, 1.5, 12, 2], "texture": "#0"},
				"down": {"uv": [4, 15, 12, 15.5], "texture": "#0"}
			}
		},
		{
			"from": [2, 28, 0],
			"to": [14, 29, 1],
			"faces": {
				"north": {"uv": [5, 1.5, 11, 2], "texture": "#0"},
				"east": {"uv": [10.5, 1, 11, 1.5], "texture": "#0"},
				"south": {"uv": [5, 1.5, 11, 2], "texture": "#0"},
				"west": {"uv": [5, 1, 5.5, 1.5], "texture": "#0"},
				"up": {"uv": [5, 1, 11, 1.5], "texture": "#0"}
			}
		},
		{
			"from": [-8, 0, 0],
			"to": [0, 24, 1],
			"rotation": {"angle": 45, "axis": "y", "origin": [0, 0, 1]},
			"faces": {
				"north": {"uv": [12, 4, 16, 16], "texture": "#0"},
				"east": {"uv": [4.5, 2.5, 5, 14.5], "texture": "#0"},
				"south": {"uv": [0, 4, 4, 16], "texture": "#0"},
				"west": {"uv": [15.5, 4, 16, 16], "texture": "#0"},
				"up": {"uv": [0, 4, 4, 4.5], "texture": "#0"},
				"down": {"uv": [4.5, 15, 8.5, 15.5], "texture": "#0"}
			}
		},
		{
			"from": [-4, 24, 0],
			"to": [0, 26, 1],
			"rotation": {"angle": 45, "axis": "y", "origin": [0, 0, 1]},
			"faces": {
				"north": {"uv": [12, 3, 14, 4], "texture": "#0"},
				"east": {"uv": [3.5, 3.5, 4, 4.5], "texture": "#0"},
				"south": {"uv": [2, 3, 4, 4], "texture": "#0"},
				"west": {"uv": [2, 2.5, 2.5, 3.5], "texture": "#0"},
				"up": {"uv": [2, 2.5, 4, 3], "texture": "#0"}
			}
		},
		{
			"from": [-6, 24, 0],
			"to": [-4, 25, 1],
			"rotation": {"angle": 45, "axis": "y", "origin": [0, 0, 1]},
			"faces": {
				"north": {"uv": [13.5, 3.5, 14.5, 4], "texture": "#0"},
				"south": {"uv": [1, 3.5, 2, 4], "texture": "#0"},
				"west": {"uv": [1, 3, 1.5, 3.5], "texture": "#0"},
				"up": {"uv": [1, 3, 2, 3.5], "texture": "#0"}
			}
		},
		{
			"from": [16, 24, 0],
			"to": [20, 26, 1],
			"rotation": {"angle": -45, "axis": "y", "origin": [16, 0, 1]},
			"faces": {
				"north": {"uv": [2, 3, 4, 4], "texture": "#0"},
				"east": {"uv": [13.5, 2.5, 14, 3.5], "texture": "#0"},
				"south": {"uv": [12, 3, 14, 4], "texture": "#0"},
				"west": {"uv": [12, 3.5, 12.5, 4.5], "texture": "#0"},
				"up": {"uv": [12, 2.5, 14, 3], "texture": "#0"}
			}
		},
		{
			"from": [20, 24, 0],
			"to": [22, 25, 1],
			"rotation": {"angle": -45, "axis": "y", "origin": [16, 0, 1]},
			"faces": {
				"north": {"uv": [1, 3.5, 2, 4], "texture": "#0"},
				"east": {"uv": [14.5, 3, 15, 3.5], "texture": "#0"},
				"south": {"uv": [14, 3.5, 15, 4], "texture": "#0"},
				"up": {"uv": [14, 3, 15, 3.5], "texture": "#0"}
			}
		},
		{
			"from": [16, 0, 0],
			"to": [24, 24, 1],
			"rotation": {"angle": -45, "axis": "y", "origin": [16, 0, 1]},
			"faces": {
				"north": {"uv": [0, 4, 4, 16], "texture": "#0"},
				"east": {"uv": [15.5, 4, 16, 16], "texture": "#0"},
				"south": {"uv": [12, 4, 16, 16], "texture": "#0"},
				"west": {"uv": [11, 2.5, 11.5, 14.5], "texture": "#0"},
				"up": {"uv": [12, 3.5, 16, 4], "texture": "#0"},
				"down": {"uv": [7.5, 15, 11.5, 15.5], "texture": "#0"}
			}
		}
	]
}