{
	"credit": "Made with Blockbench",
	"parent": "./hc_cit_screen",
	"texture_size": [32, 48],
	"textures": {
		"0": "hc_mirror_5",
		"particle": "hc_mirror_5"
	},
	"elements": [
		{
			"from": [0, -8, 7.5],
			"to": [16, 28, 8.5],
			"faces": {
				"north": {"uv": [4, 0.66667, 12, 12.66667], "texture": "#0"},
				"east": {"uv": [14, 0.66667, 14.5, 14], "texture": "#0"},
				"south": {"uv": [4, 0.66667, 12, 12.66667], "texture": "#0"},
				"west": {"uv": [1.5, 0.66667, 2, 14], "texture": "#0"},
				"up": {"uv": [4, 0.66667, 12, 1], "texture": "#0"},
				"down": {"uv": [4, 14.66667, 12, 15], "texture": "#0"}
			}
		},
		{
			"from": [-3, -10, 7],
			"to": [-1, 16, 9],
			"rotation": {"angle": 0, "axis": "y", "origin": [0, 0, -1]},
			"faces": {
				"north": {"uv": [12.5, 4.66667, 13.5, 13.33333], "texture": "#0"},
				"east": {"uv": [1, 4.66667, 2, 13.33333], "texture": "#0"},
				"south": {"uv": [2.5, 4.66667, 3.5, 13.33333], "texture": "#0"},
				"west": {"uv": [2, 4.66667, 3, 13.33333], "texture": "#0"},
				"up": {"uv": [2.5, 4.66667, 3.5, 5.33333], "texture": "#0"}
			}
		},
		{
			"from": [17, -10, 7],
			"to": [19, 16, 9],
			"rotation": {"angle": 0, "axis": "y", "origin": [0, 0, -1]},
			"faces": {
				"north": {"uv": [2.5, 4.66667, 3.5, 13.33333], "texture": "#0"},
				"east": {"uv": [13, 4.66667, 14, 13.33333], "texture": "#0"},
				"south": {"uv": [12.5, 4.66667, 13.5, 13.33333], "texture": "#0"},
				"west": {"uv": [14, 4.66667, 15, 13.33333], "texture": "#0"},
				"up": {"uv": [12.5, 4.66667, 13.5, 5.33333], "texture": "#0"}
			}
		},
		{
			"from": [-1, -13, 7.5],
			"to": [17, -10, 8.5],
			"faces": {
				"north": {"uv": [3.5, 13.33333, 12.5, 14.33333], "texture": "#0"},
				"south": {"uv": [3.5, 13.33333, 12.5, 14.33333], "texture": "#0"},
				"up": {"uv": [3.5, 13.33333, 12.5, 13.66667], "texture": "#0"},
				"down": {"uv": [3.5, 14.33333, 12.5, 14.66667], "texture": "#0"}
			}
		},
		{
			"from": [17, -16, 11],
			"to": [19, -13, 13],
			"faces": {
				"north": {"uv": [11.5, 15, 12.5, 16], "texture": "#0"},
				"east": {"uv": [10.5, 15, 11.5, 16], "texture": "#0"},
				"south": {"uv": [11.5, 15, 12.5, 16], "texture": "#0"},
				"west": {"uv": [10.5, 15, 11.5, 16], "texture": "#0"},
				"up": {"uv": [11.5, 15, 12.5, 15.66667], "texture": "#0"},
				"down": {"uv": [11.5, 14.33333, 12.5, 15], "texture": "#0"}
			}
		},
		{
			"from": [17, -16, 3],
			"to": [19, -13, 5],
			"faces": {
				"north": {"uv": [11.5, 15, 12.5, 16], "texture": "#0"},
				"east": {"uv": [10.5, 15, 11.5, 16], "texture": "#0"},
				"south": {"uv": [11.5, 15, 12.5, 16], "texture": "#0"},
				"west": {"uv": [10.5, 15, 11.5, 16], "texture": "#0"},
				"up": {"uv": [11.5, 15, 12.5, 15.66667], "texture": "#0"},
				"down": {"uv": [11.5, 14.33333, 12.5, 15], "texture": "#0"}
			}
		},
		{
			"from": [-3, -14, 3],
			"to": [-1, -12, 13],
			"faces": {
				"north": {"uv": [13, 14.66667, 13.5, 15.33333], "texture": "#0"},
				"east": {"uv": [5.5, 13.66667, 10.5, 14.33333], "texture": "#0"},
				"south": {"uv": [3, 14.66667, 3.5, 15.33333], "texture": "#0"},
				"west": {"uv": [5.5, 13.66667, 10.5, 14.33333], "texture": "#0"},
				"up": {"uv": [3, 12.66667, 3.5, 16], "texture": "#0"},
				"down": {"uv": [1.5, 10.66667, 2, 14], "texture": "#0"}
			}
		},
		{
			"from": [17, -13, 4],
			"to": [19, -11, 12],
			"faces": {
				"north": {"uv": [10.5, 15.33333, 11.5, 16], "texture": "#0"},
				"east": {"uv": [5.5, 15.33333, 10.5, 16], "texture": "#0"},
				"south": {"uv": [4.5, 15.33333, 5.5, 16], "texture": "#0"},
				"west": {"uv": [5.5, 15.33333, 10.5, 16], "texture": "#0"},
				"up": {"uv": [5.5, 15, 10.5, 15.33333], "rotation": 90, "texture": "#0"},
				"down": {"uv": [5.5, 14.33333, 10.5, 15], "rotation": 90, "texture": "#0"}
			}
		},
		{
			"from": [17, -11, 5],
			"to": [19, -10, 11],
			"faces": {
				"north": {"uv": [7.5, 15, 8.5, 15.33333], "texture": "#0"},
				"east": {"uv": [6.5, 15, 9.5, 15.33333], "texture": "#0"},
				"south": {"uv": [7.5, 15, 8.5, 15.33333], "texture": "#0"},
				"west": {"uv": [6.5, 15, 9.5, 15.33333], "texture": "#0"},
				"up": {"uv": [6.5, 15, 9.5, 15.66667], "rotation": 90, "texture": "#0"}
			}
		},
		{
			"from": [-3, -16, 11],
			"to": [-1, -13, 13],
			"faces": {
				"north": {"uv": [3.5, 15, 4.5, 16], "texture": "#0"},
				"east": {"uv": [4.5, 15, 5.5, 16], "texture": "#0"},
				"south": {"uv": [3.5, 15, 4.5, 16], "texture": "#0"},
				"west": {"uv": [4.5, 15, 5.5, 16], "texture": "#0"},
				"up": {"uv": [3.5, 15, 4.5, 15.66667], "texture": "#0"},
				"down": {"uv": [3.5, 14.33333, 4.5, 15], "texture": "#0"}
			}
		},
		{
			"from": [-3, -16, 3],
			"to": [-1, -13, 5],
			"faces": {
				"north": {"uv": [3.5, 15, 4.5, 16], "texture": "#0"},
				"east": {"uv": [4.5, 15, 5.5, 16], "texture": "#0"},
				"south": {"uv": [3.5, 15, 4.5, 16], "texture": "#0"},
				"west": {"uv": [4.5, 15, 5.5, 16], "texture": "#0"},
				"up": {"uv": [3.5, 15, 4.5, 15.66667], "texture": "#0"},
				"down": {"uv": [3.5, 14.33333, 4.5, 15], "texture": "#0"}
			}
		},
		{
			"from": [-3, -13, 4],
			"to": [-1, -11, 12],
			"faces": {
				"north": {"uv": [10.5, 15.33333, 11.5, 16], "texture": "#0"},
				"east": {"uv": [5.5, 15.33333, 10.5, 16], "texture": "#0"},
				"south": {"uv": [4.5, 15.33333, 5.5, 16], "texture": "#0"},
				"west": {"uv": [5.5, 15.33333, 10.5, 16], "texture": "#0"},
				"up": {"uv": [5.5, 15, 10.5, 15.33333], "rotation": 90, "texture": "#0"},
				"down": {"uv": [5.5, 14.33333, 10.5, 15], "rotation": 90, "texture": "#0"}
			}
		},
		{
			"from": [-3, -11, 5],
			"to": [-1, -10, 11],
			"faces": {
				"north": {"uv": [7.5, 15, 8.5, 15.33333], "texture": "#0"},
				"east": {"uv": [6.5, 15, 9.5, 15.33333], "texture": "#0"},
				"south": {"uv": [7.5, 15, 8.5, 15.33333], "texture": "#0"},
				"west": {"uv": [6.5, 15, 9.5, 15.33333], "texture": "#0"},
				"up": {"uv": [6.5, 15, 9.5, 15.66667], "rotation": 90, "texture": "#0"}
			}
		},
		{
			"from": [-4, 11, 7.5],
			"to": [0, 12, 8.5],
			"faces": {
				"north": {"uv": [2, 4.33333, 4, 4.66667], "texture": "#0"},
				"south": {"uv": [2, 4.33333, 4, 4.66667], "texture": "#0"},
				"west": {"uv": [3.5, 4.33333, 4, 4.66667], "texture": "#0"},
				"up": {"uv": [2, 4.33333, 4, 4.66667], "texture": "#0"},
				"down": {"uv": [2, 4.33333, 4, 4.66667], "texture": "#0"}
			}
		},
		{
			"from": [16, 11, 7.5],
			"to": [20, 12, 8.5],
			"faces": {
				"north": {"uv": [12, 4.33333, 14, 4.66667], "texture": "#0"},
				"east": {"uv": [12, 4.33333, 12.5, 4.66667], "texture": "#0"},
				"south": {"uv": [12, 4.33333, 14, 4.66667], "texture": "#0"},
				"up": {"uv": [12, 4.33333, 14, 4.66667], "texture": "#0"},
				"down": {"uv": [12, 4.33333, 14, 4.66667], "texture": "#0"}
			}
		},
		{
			"from": [2, 28, 7.5],
			"to": [14, 29, 8.5],
			"faces": {
				"north": {"uv": [5, 0.33333, 11, 0.66667], "texture": "#0"},
				"east": {"uv": [10.5, 0.33333, 11, 0.66667], "texture": "#0"},
				"south": {"uv": [5, 0.33333, 11, 0.66667], "texture": "#0"},
				"west": {"uv": [5, 0.33333, 5.5, 0.66667], "texture": "#0"},
				"up": {"uv": [5, 0.33333, 11, 0.66667], "texture": "#0"}
			}
		},
		{
			"from": [5, 29, 7.5],
			"to": [11, 30, 8.5],
			"faces": {
				"north": {"uv": [6.5, 0, 9.5, 0.33333], "texture": "#0"},
				"east": {"uv": [9, 0, 9.5, 0.33333], "texture": "#0"},
				"south": {"uv": [6.5, 0, 9.5, 0.33333], "texture": "#0"},
				"west": {"uv": [6.5, 0, 7, 0.33333], "texture": "#0"},
				"up": {"uv": [6.5, 0, 9.5, 0.33333], "texture": "#0"}
			}
		}
	]
}