{
	"credit": "Made with Blockbench",
	"parent": "./hc_cit_item",
	"texture_size": [16, 32],
	"textures": {
		"0": "hc_mirror_6",
		"particle": "hc_mirror_6"
	},
	"elements": [
		{
			"from": [4, 0, 4],
			"to": [12, 1, 12],
			"rotation": {"angle": 0, "axis": "y", "origin": [4, 0, -3]},
			"faces": {
				"north": {"uv": [4, 12, 12, 12.5], "texture": "#0"},
				"east": {"uv": [4, 11.5, 12, 12], "texture": "#0"},
				"south": {"uv": [4, 12, 12, 12.5], "texture": "#0"},
				"west": {"uv": [4, 11.5, 12, 12], "texture": "#0"},
				"up": {"uv": [4, 12, 12, 16], "texture": "#0"},
				"down": {"uv": [4, 12, 12, 16], "texture": "#0"}
			}
		},
		{
			"from": [7, 1, 7],
			"to": [9, 4, 9],
			"faces": {
				"north": {"uv": [7, 10, 9, 11.5], "texture": "#0"},
				"east": {"uv": [8, 10, 10, 11.5], "texture": "#0"},
				"south": {"uv": [7, 10, 9, 11.5], "texture": "#0"},
				"west": {"uv": [6, 10, 8, 11.5], "texture": "#0"},
				"up": {"uv": [7, 11.5, 9, 12.5], "texture": "#0"}
			}
		},
		{
			"from": [1, 4, 8],
			"to": [15, 17, 8],
			"faces": {
				"north": {"uv": [1, 3.5, 15, 10], "texture": "#0"},
				"south": {"uv": [1, 3.5, 15, 10], "texture": "#0"}
			}
		},
		{
			"from": [5, 6, 7.5],
			"to": [11, 17, 8.5],
			"faces": {
				"north": {"uv": [5, 3.5, 11, 9], "texture": "#0"},
				"east": {"uv": [15, 3.5, 16, 9], "texture": "#0"},
				"south": {"uv": [5, 3.5, 11, 9], "texture": "#0"},
				"west": {"uv": [0, 3.5, 1, 9], "texture": "#0"},
				"up": {"uv": [5, 3.5, 11, 4], "texture": "#0"},
				"down": {"uv": [5, 8.5, 11, 9], "texture": "#0"}
			}
		},
		{
			"from": [4, 7, 7.5],
			"to": [5, 16, 8.5],
			"faces": {
				"north": {"uv": [11, 4, 12, 8.5], "texture": "#0"},
				"south": {"uv": [4, 4, 5, 8.5], "texture": "#0"},
				"west": {"uv": [0, 4, 1, 8.5], "texture": "#0"},
				"up": {"uv": [4, 4, 5, 4.5], "texture": "#0"},
				"down": {"uv": [11, 8, 12, 8.5], "texture": "#0"}
			}
		},
		{
			"from": [11, 7, 7.5],
			"to": [12, 16, 8.5],
			"faces": {
				"north": {"uv": [4, 4, 5, 8.5], "texture": "#0"},
				"east": {"uv": [11, 4, 12, 8.5], "texture": "#0"},
				"south": {"uv": [11, 4, 12, 8.5], "texture": "#0"},
				"up": {"uv": [11, 4, 12, 4.5], "texture": "#0"},
				"down": {"uv": [4, 8, 5, 8.5], "texture": "#0"}
			}
		}
	]
}