{
	"credit": "Made with Blockbench",
	"parent": "./hc_cit_wall",
	"texture_size": [32, 32],
	"textures": {
		"0": "hc_mirror_4",
		"particle": "hc_mirror_4"
	},
	"elements": [
		{
			"from": [-3, 0, 0],
			"to": [19, 26, 1],
			"faces": {
				"north": {"uv": [2.5, 2, 13.5, 15], "texture": "#0"},
				"east": {"uv": [13, 2, 13.5, 15], "texture": "#0"},
				"south": {"uv": [2.5, 2, 13.5, 15], "texture": "#0"},
				"west": {"uv": [2.5, 2, 3, 15], "texture": "#0"},
				"up": {"uv": [2.5, 2, 13.5, 2.5], "texture": "#0"},
				"down": {"uv": [2.5, 14.5, 13.5, 15], "texture": "#0"}
			}
		},
		{
			"from": [-4, 1, 0],
			"to": [-3, 7, 1],
			"faces": {
				"north": {"uv": [13.5, 11.5, 14, 14.5], "texture": "#0"},
				"south": {"uv": [2, 11.5, 2.5, 14.5], "texture": "#0"},
				"west": {"uv": [2, 11.5, 2.5, 14.5], "texture": "#0"},
				"up": {"uv": [2, 11.5, 2.5, 12], "texture": "#0"},
				"down": {"uv": [2, 14, 2.5, 14.5], "texture": "#0"}
			}
		},
		{
			"from": [-4, 19, 0],
			"to": [-3, 25, 1],
			"faces": {
				"north": {"uv": [13.5, 2.5, 14, 5.5], "texture": "#0"},
				"south": {"uv": [2, 2.5, 2.5, 5.5], "texture": "#0"},
				"west": {"uv": [2, 2.5, 2.5, 5.5], "texture": "#0"},
				"up": {"uv": [2, 2.5, 2.5, 3], "texture": "#0"},
				"down": {"uv": [2, 5, 2.5, 5.5], "texture": "#0"}
			}
		},
		{
			"from": [19, 1, 0],
			"to": [20, 7, 1],
			"faces": {
				"north": {"uv": [2, 11.5, 2.5, 14.5], "texture": "#0"},
				"east": {"uv": [13.5, 11.5, 14, 14.5], "texture": "#0"},
				"south": {"uv": [13.5, 11.5, 14, 14.5], "texture": "#0"},
				"up": {"uv": [13.5, 11.5, 14, 12], "texture": "#0"},
				"down": {"uv": [13.5, 14, 14, 14.5], "texture": "#0"}
			}
		},
		{
			"from": [19, 19, 0],
			"to": [20, 25, 1],
			"faces": {
				"north": {"uv": [2, 2.5, 2.5, 5.5], "texture": "#0"},
				"east": {"uv": [13.5, 2.5, 14, 5.5], "texture": "#0"},
				"south": {"uv": [13.5, 2.5, 14, 5.5], "texture": "#0"},
				"up": {"uv": [13.5, 2.5, 14, 3], "texture": "#0"},
				"down": {"uv": [13.5, 5, 14, 5.5], "texture": "#0"}
			}
		},
		{
			"from": [1, 26, 0],
			"to": [15, 27, 1],
			"faces": {
				"north": {"uv": [4.5, 1.5, 11.5, 2], "texture": "#0"},
				"east": {"uv": [11, 1.5, 11.5, 2], "texture": "#0"},
				"south": {"uv": [4.5, 1.5, 11.5, 2], "texture": "#0"},
				"west": {"uv": [4.5, 1.5, 5, 2], "texture": "#0"},
				"up": {"uv": [4.5, 1.5, 11.5, 2], "texture": "#0"}
			}
		},
		{
			"from": [6, 27, 0],
			"to": [10, 28, 1],
			"faces": {
				"north": {"uv": [7, 1, 9, 1.5], "texture": "#0"},
				"east": {"uv": [8.5, 1, 9, 1.5], "texture": "#0"},
				"south": {"uv": [7, 1, 9, 1.5], "texture": "#0"},
				"west": {"uv": [7, 1, 7.5, 1.5], "texture": "#0"},
				"up": {"uv": [7, 1, 9, 1.5], "texture": "#0"}
			}
		}
	]
}