{
	"credit": "Made with Blockbench",
	"parent": "./hc_cit_wall",
	"texture_size": [32, 48],
	"textures": {
		"0": "hc_mirror_3",
		"particle": "hc_mirror_3"
	},
	"elements": [
		{
			"from": [-5, -4, 0],
			"to": [21, 28, 1],
			"faces": {
				"north": {"uv": [1.5, 3, 14.5, 13.66667], "texture": "#0"},
				"east": {"uv": [13, 4, 13.5, 12.66667], "texture": "#0"},
				"south": {"uv": [1.5, 3, 14.5, 13.66667], "texture": "#0"},
				"west": {"uv": [2.5, 4, 3, 12.66667], "texture": "#0"},
				"up": {"uv": [1.5, 3, 14.5, 3.33333], "texture": "#0"},
				"down": {"uv": [1.5, 13.33333, 14.5, 13.66667], "texture": "#0"}
			}
		},
		{
			"from": [-6, -3, 0],
			"to": [-5, 3, 1],
			"faces": {
				"north": {"uv": [14.5, 11.33333, 15, 13.33333], "texture": "#0"},
				"south": {"uv": [1, 11.33333, 1.5, 13.33333], "texture": "#0"},
				"west": {"uv": [1, 11.33333, 1.5, 13.33333], "texture": "#0"},
				"up": {"uv": [1, 11.33333, 1.5, 11.66667], "texture": "#0"},
				"down": {"uv": [1, 13, 1.5, 13.33333], "texture": "#0"}
			}
		},
		{
			"from": [-6, 9, 0],
			"to": [-5, 15, 1],
			"faces": {
				"north": {"uv": [14.5, 7.33333, 15, 9.33333], "texture": "#0"},
				"south": {"uv": [1, 7.33333, 1.5, 9.33333], "texture": "#0"},
				"west": {"uv": [1, 7.33333, 1.5, 9.33333], "texture": "#0"},
				"up": {"uv": [1, 7.33333, 1.5, 7.66667], "texture": "#0"},
				"down": {"uv": [1, 9, 1.5, 9.33333], "texture": "#0"}
			}
		},
		{
			"from": [21, 9, 0],
			"to": [22, 15, 1],
			"faces": {
				"north": {"uv": [1, 7.33333, 1.5, 9.33333], "texture": "#0"},
				"east": {"uv": [14.5, 7.33333, 15, 9.33333], "texture": "#0"},
				"south": {"uv": [14.5, 7.33333, 15, 9.33333], "texture": "#0"},
				"up": {"uv": [14.5, 7.33333, 15, 7.66667], "texture": "#0"},
				"down": {"uv": [14.5, 9, 15, 9.33333], "texture": "#0"}
			}
		},
		{
			"from": [-6, 21, 0],
			"to": [-5, 27, 1],
			"faces": {
				"north": {"uv": [14.5, 3.33333, 15, 5.33333], "texture": "#0"},
				"south": {"uv": [1, 3.33333, 1.5, 5.33333], "texture": "#0"},
				"west": {"uv": [1, 3.33333, 1.5, 5.33333], "texture": "#0"},
				"up": {"uv": [1, 3.33333, 1.5, 3.66667], "texture": "#0"},
				"down": {"uv": [1, 5, 1.5, 5.33333], "texture": "#0"}
			}
		},
		{
			"from": [21, -3, 0],
			"to": [22, 3, 1],
			"faces": {
				"north": {"uv": [1, 11.33333, 1.5, 13.33333], "texture": "#0"},
				"east": {"uv": [14.5, 11.33333, 15, 13.33333], "texture": "#0"},
				"south": {"uv": [1, 11.33333, 1.5, 13.33333], "texture": "#0"},
				"up": {"uv": [14.5, 11.33333, 15, 11.66667], "texture": "#0"},
				"down": {"uv": [14.5, 13, 15, 13.33333], "texture": "#0"}
			}
		},
		{
			"from": [21, 21, 0],
			"to": [22, 27, 1],
			"faces": {
				"north": {"uv": [1, 3.33333, 1.5, 5.33333], "texture": "#0"},
				"east": {"uv": [14.5, 3.33333, 15, 5.33333], "texture": "#0"},
				"south": {"uv": [14.5, 3.33333, 15, 5.33333], "texture": "#0"},
				"up": {"uv": [14.5, 3.33333, 15, 3.66667], "texture": "#0"},
				"down": {"uv": [14.5, 5, 15, 5.33333], "texture": "#0"}
			}
		},
		{
			"from": [4, 28, 0],
			"to": [12, 32, 1],
			"faces": {
				"north": {"uv": [6, 1.66667, 10, 3], "texture": "#0"},
				"east": {"uv": [9.5, 1.66667, 10, 3], "texture": "#0"},
				"south": {"uv": [6, 1.66667, 10, 3], "texture": "#0"},
				"west": {"uv": [6, 1.66667, 6.5, 3], "texture": "#0"},
				"up": {"uv": [6, 1.66667, 10, 2], "texture": "#0"}
			}
		},
		{
			"from": [12, 28, 0],
			"to": [17, 30, 1],
			"faces": {
				"north": {"uv": [3.5, 2.33333, 6, 3], "texture": "#0"},
				"east": {"uv": [12, 2.33333, 12.5, 3], "texture": "#0"},
				"south": {"uv": [10, 2.33333, 12.5, 3], "texture": "#0"},
				"up": {"uv": [10, 2.33333, 12.5, 2.66667], "texture": "#0"}
			}
		},
		{
			"from": [-1, 28, 0],
			"to": [4, 30, 1],
			"faces": {
				"north": {"uv": [10, 2.33333, 12.5, 3], "texture": "#0"},
				"south": {"uv": [3.5, 2.33333, 6, 3], "texture": "#0"},
				"west": {"uv": [3.5, 2.33333, 4, 3], "texture": "#0"},
				"up": {"uv": [3.5, 2.33333, 6, 2.66667], "texture": "#0"}
			}
		},
		{
			"from": [3, 30, 0],
			"to": [4, 31, 1],
			"faces": {
				"north": {"uv": [10, 2, 10.5, 2.33333], "texture": "#0"},
				"south": {"uv": [5.5, 2, 6, 2.33333], "texture": "#0"},
				"west": {"uv": [5.5, 2, 6, 2.33333], "texture": "#0"},
				"up": {"uv": [5.5, 2, 6, 2.33333], "texture": "#0"}
			}
		},
		{
			"from": [12, 30, 0],
			"to": [13, 31, 1],
			"faces": {
				"north": {"uv": [5.5, 2, 6, 2.33333], "texture": "#0"},
				"east": {"uv": [10, 2, 10.5, 2.33333], "texture": "#0"},
				"south": {"uv": [10, 2, 10.5, 2.33333], "texture": "#0"},
				"up": {"uv": [10, 2, 10.5, 2.33333], "texture": "#0"}
			}
		},
		{
			"from": [-2, 28, 0],
			"to": [-1, 29, 1],
			"faces": {
				"north": {"uv": [12.5, 2.66667, 13, 3], "texture": "#0"},
				"south": {"uv": [3, 2.66667, 3.5, 3], "texture": "#0"},
				"west": {"uv": [3, 2.66667, 3.5, 3], "texture": "#0"},
				"up": {"uv": [3, 2.66667, 3.5, 3], "texture": "#0"}
			}
		},
		{
			"from": [17, 28, 0],
			"to": [18, 29, 1],
			"faces": {
				"north": {"uv": [3, 2.66667, 3.5, 3], "texture": "#0"},
				"east": {"uv": [12.5, 2.66667, 13, 3], "texture": "#0"},
				"south": {"uv": [12.5, 2.66667, 13, 3], "texture": "#0"},
				"up": {"uv": [12.5, 2.66667, 13, 3], "texture": "#0"}
			}
		},
		{
			"from": [5, -5, 0],
			"to": [11, -4, 1],
			"faces": {
				"north": {"uv": [6.5, 13.66667, 9.5, 14], "texture": "#0"},
				"east": {"uv": [9, 13.66667, 9.5, 14], "texture": "#0"},
				"south": {"uv": [6.5, 13.66667, 9.5, 14], "texture": "#0"},
				"west": {"uv": [6.5, 13.66667, 7, 14], "texture": "#0"},
				"down": {"uv": [6.5, 13.66667, 9.5, 14], "texture": "#0"}
			}
		}
	]
}