{
	"credit": "Made with Blockbench",
	"parent": "./hc_cit_wall",
	"texture_size": [32, 32],
	"textures": {
		"0": "hc_mirror_2",
		"particle": "hc_mirror_2"
	},
	"elements": [
		{
			"from": [-6, 0, 0],
			"to": [22, 1, 2],
			"faces": {
				"north": {"uv": [1, 14.5, 15, 15], "texture": "#0"},
				"east": {"uv": [14.5, 15, 15, 16], "rotation": 90, "texture": "#0"},
				"south": {"uv": [1, 14.5, 15, 15], "texture": "#0"},
				"west": {"uv": [1, 15, 1.5, 16], "rotation": 90, "texture": "#0"},
				"up": {"uv": [1, 14, 15, 15], "texture": "#0"},
				"down": {"uv": [1, 15, 15, 16], "texture": "#0"}
			}
		},
		{
			"from": [-3, 1, 0],
			"to": [-1, 19, 2],
			"faces": {
				"north": {"uv": [12.5, 5.5, 13.5, 14.5], "texture": "#0"},
				"east": {"uv": [14, 5.5, 15, 14.5], "texture": "#0"},
				"south": {"uv": [2.5, 5.5, 3.5, 14.5], "texture": "#0"},
				"west": {"uv": [1, 5.5, 2, 14.5], "texture": "#0"},
				"up": {"uv": [2.5, 5.5, 3.5, 6.5], "texture": "#0"}
			}
		},
		{
			"from": [-5, 1, 0],
			"to": [-3, 5, 2],
			"faces": {
				"north": {"uv": [13.5, 12.5, 14.5, 14.5], "texture": "#0"},
				"south": {"uv": [1.5, 12.5, 2.5, 14.5], "texture": "#0"},
				"west": {"uv": [1, 12.5, 2, 14.5], "texture": "#0"},
				"up": {"uv": [1, 12.5, 2, 13.5], "texture": "#0"}
			}
		},
		{
			"from": [19, 1, 0],
			"to": [21, 5, 2],
			"faces": {
				"north": {"uv": [1.5, 12.5, 2.5, 14.5], "texture": "#0"},
				"east": {"uv": [14, 12.5, 15, 14.5], "texture": "#0"},
				"south": {"uv": [13.5, 12.5, 14.5, 14.5], "texture": "#0"},
				"up": {"uv": [14, 12.5, 15, 13.5], "texture": "#0"}
			}
		},
		{
			"from": [17, 1, 0],
			"to": [19, 19, 2],
			"faces": {
				"north": {"uv": [2.5, 5.5, 3.5, 14.5], "texture": "#0"},
				"east": {"uv": [14, 5.5, 15, 14.5], "texture": "#0"},
				"south": {"uv": [12.5, 5.5, 13.5, 14.5], "texture": "#0"},
				"west": {"uv": [1, 5.5, 2, 14.5], "texture": "#0"},
				"up": {"uv": [12.5, 5.5, 13.5, 6.5], "texture": "#0"}
			}
		},
		{
			"from": [0, 2, 0.5],
			"to": [16, 28, 1.5],
			"faces": {
				"north": {"uv": [4, 1, 12, 14], "texture": "#0"},
				"east": {"uv": [15, 1.5, 15.5, 14.5], "texture": "#0"},
				"south": {"uv": [4, 1, 12, 14], "texture": "#0"},
				"west": {"uv": [0.5, 1.5, 1, 14.5], "texture": "#0"},
				"up": {"uv": [4, 1, 12, 1.5], "texture": "#0"},
				"down": {"uv": [4, 15.5, 12, 16], "texture": "#0"}
			}
		},
		{
			"from": [-1, 14, 0.5],
			"to": [0, 15, 1.5],
			"faces": {
				"north": {"uv": [3.5, 7.5, 4, 8], "texture": "#0"},
				"south": {"uv": [3.5, 7.5, 4, 8], "texture": "#0"},
				"up": {"uv": [3.5, 7.5, 4, 8], "texture": "#0"},
				"down": {"uv": [3.5, 7.5, 4, 8], "texture": "#0"}
			}
		},
		{
			"from": [0, 28, 0.5],
			"to": [2, 29, 1.5],
			"faces": {
				"north": {"uv": [11, 0.5, 12, 1], "texture": "#0"},
				"east": {"uv": [15, 0.5, 15.5, 1], "texture": "#0"},
				"south": {"uv": [4, 0.5, 5, 1], "texture": "#0"},
				"west": {"uv": [0.5, 0.5, 1, 1], "texture": "#0"},
				"up": {"uv": [7.5, 0, 8.5, 0.5], "texture": "#0"}
			}
		},
		{
			"from": [14, 28, 0.5],
			"to": [16, 29, 1.5],
			"faces": {
				"north": {"uv": [4, 0.5, 5, 1], "texture": "#0"},
				"east": {"uv": [15, 0.5, 15.5, 1], "texture": "#0"},
				"south": {"uv": [11, 0.5, 12, 1], "texture": "#0"},
				"west": {"uv": [0.5, 0.5, 1, 1], "texture": "#0"},
				"up": {"uv": [7.5, 0, 8.5, 0.5], "texture": "#0"}
			}
		},
		{
			"from": [4, 28, 0.5],
			"to": [12, 29, 1.5],
			"faces": {
				"north": {"uv": [6, 0.5, 10, 1], "texture": "#0"},
				"east": {"uv": [15, 0.5, 15.5, 1], "texture": "#0"},
				"south": {"uv": [6, 0.5, 10, 1], "texture": "#0"},
				"west": {"uv": [0.5, 0.5, 1, 1], "texture": "#0"},
				"up": {"uv": [6, 0, 10, 0.5], "texture": "#0"}
			}
		},
		{
			"from": [6, 29, 0.5],
			"to": [10, 30, 1.5],
			"faces": {
				"north": {"uv": [8, 0, 10, 0.5], "texture": "#0"},
				"east": {"uv": [15, 0.5, 15.5, 1], "texture": "#0"},
				"south": {"uv": [6, 0, 8, 0.5], "texture": "#0"},
				"west": {"uv": [0.5, 0.5, 1, 1], "texture": "#0"},
				"up": {"uv": [7, 0, 9, 0.5], "texture": "#0"}
			}
		},
		{
			"from": [16, 14, 0.5],
			"to": [17, 15, 1.5],
			"faces": {
				"north": {"uv": [12, 7.5, 12.5, 8], "texture": "#0"},
				"south": {"uv": [12, 7.5, 12.5, 8], "texture": "#0"},
				"up": {"uv": [12, 7.5, 12.5, 8], "texture": "#0"},
				"down": {"uv": [12, 7.5, 12.5, 8], "texture": "#0"}
			}
		}
	]
}