{
	"credit": "Made with Blockbench",
	"parent": "./hc_cit_item",
	"texture_size": [32, 32],
	"textures": {
		"0": "hc_jewelrybox_1",
		"particle": "hc_jewelrybox_1"
	},
	"elements": [
		{
			"from": [3, 1, 4],
			"to": [13, 6, 12],
			"faces": {
				"north": {"uv": [0, 13, 5, 15.5], "texture": "#0"},
				"east": {"uv": [5, 13, 9, 15.5], "texture": "#0"},
				"south": {"uv": [0, 13, 5, 15.5], "texture": "#0"},
				"west": {"uv": [5, 13, 9, 15.5], "texture": "#0"},
				"up": {"uv": [0, 9, 5, 13], "texture": "#0"},
				"down": {"uv": [0, 5, 5, 9], "texture": "#0"}
			}
		},
		{
			"from": [3, 0, 11],
			"to": [4, 1, 12],
			"faces": {
				"north": {"uv": [4.5, 15.5, 5, 16], "texture": "#0"},
				"east": {"uv": [5, 15.5, 5.5, 16], "texture": "#0"},
				"south": {"uv": [0, 15.5, 0.5, 16], "texture": "#0"},
				"west": {"uv": [8.5, 15.5, 9, 16], "texture": "#0"},
				"down": {"uv": [8.5, 15.5, 9, 16], "texture": "#0"}
			}
		},
		{
			"from": [12, 0, 11],
			"to": [13, 1, 12],
			"faces": {
				"north": {"uv": [0, 15.5, 0.5, 16], "texture": "#0"},
				"east": {"uv": [5, 15.5, 5.5, 16], "texture": "#0"},
				"south": {"uv": [4.5, 15.5, 5, 16], "texture": "#0"},
				"west": {"uv": [8.5, 15.5, 9, 16], "texture": "#0"},
				"down": {"uv": [4.5, 15.5, 5, 16], "texture": "#0"}
			}
		},
		{
			"from": [12, 0, 4],
			"to": [13, 1, 5],
			"faces": {
				"north": {"uv": [0, 15.5, 0.5, 16], "texture": "#0"},
				"east": {"uv": [8.5, 15.5, 9, 16], "texture": "#0"},
				"south": {"uv": [4.5, 15.5, 5, 16], "texture": "#0"},
				"west": {"uv": [5, 15.5, 5.5, 16], "texture": "#0"},
				"down": {"uv": [8.5, 15.5, 8.5, 16], "texture": "#0"}
			}
		},
		{
			"from": [3, 0, 4],
			"to": [4, 1, 5],
			"faces": {
				"north": {"uv": [4.5, 15.5, 5, 16], "texture": "#0"},
				"east": {"uv": [8.5, 15.5, 9, 16], "texture": "#0"},
				"south": {"uv": [0, 15.5, 0.5, 16], "texture": "#0"},
				"west": {"uv": [5, 15.5, 5.5, 16], "texture": "#0"},
				"down": {"uv": [8.5, 15.5, 9, 16], "texture": "#0"}
			}
		},
		{
			"from": [7, 4, 12],
			"to": [9, 6, 13],
			"faces": {
				"east": {"uv": [1.5, 0, 2, 1], "texture": "#0"},
				"south": {"uv": [0, 0, 1, 1], "texture": "#0"},
				"west": {"uv": [1, 0, 1.5, 1], "texture": "#0"},
				"up": {"uv": [0, 0, 1, 0.5], "texture": "#0"},
				"down": {"uv": [1, 0.5, 2, 1], "texture": "#0"}
			}
		}
	]
}