{
	"credit": "Made with Blockbench",
	"parent": "./hc_cit_item",
	"textures": {
		"0": "hc_jewelrybox_4",
		"particle": "hc_jewelrybox_4"
	},
	"elements": [
		{
			"from": [6, 0, 6],
			"to": [10, 1.5, 10],
			"rotation": {"angle": 0, "axis": "y", "origin": [0, 0, 6]},
			"faces": {
				"up": {"uv": [11, 11, 15, 15], "texture": "#0"},
				"down": {"uv": [3, 10, 7, 14], "texture": "#0"}
			}
		},
		{
			"from": [6, 3, 3],
			"to": [10, 7, 4],
			"rotation": {"angle": 22.5, "axis": "x", "origin": [8, 2, 5]},
			"faces": {
				"north": {"uv": [3, 10, 7, 14], "rotation": 180, "texture": "#0"},
				"south": {"uv": [11, 11, 15, 15], "texture": "#0"}
			}
		},
		{
			"from": [5, 0, 5],
			"to": [6, 2, 11],
			"rotation": {"angle": 0, "axis": "y", "origin": [0, 0, 6]},
			"faces": {
				"north": {"uv": [9, 8, 10, 10], "texture": "#0"},
				"east": {"uv": [10, 11, 16, 13], "texture": "#0"},
				"south": {"uv": [0, 8, 1, 10], "texture": "#0"},
				"west": {"uv": [2, 8, 8, 10], "texture": "#0"},
				"up": {"uv": [10, 10, 11, 16], "texture": "#0"},
				"down": {"uv": [0, 9, 1, 15], "texture": "#0"}
			}
		},
		{
			"from": [6, 0, 10],
			"to": [10, 2, 11],
			"rotation": {"angle": 0, "axis": "y", "origin": [0, 0, 6]},
			"faces": {
				"north": {"uv": [11, 11, 15, 13], "texture": "#0"},
				"south": {"uv": [3, 8, 7, 10], "texture": "#0"},
				"up": {"uv": [11, 15, 15, 16], "texture": "#0"},
				"down": {"uv": [3, 8, 7, 9], "texture": "#0"}
			}
		},
		{
			"from": [6, 7, 3],
			"to": [10, 8, 5],
			"rotation": {"angle": 22.5, "axis": "x", "origin": [8, 2, 5]},
			"faces": {
				"north": {"uv": [11, 15, 15, 16], "rotation": 180, "texture": "#0"},
				"south": {"uv": [3, 8, 7, 9], "texture": "#0"},
				"up": {"uv": [3, 8, 7, 10], "texture": "#0"},
				"down": {"uv": [11, 11, 15, 13], "rotation": 180, "texture": "#0"}
			}
		},
		{
			"from": [6, 0, 5],
			"to": [10, 2, 6],
			"rotation": {"angle": 0, "axis": "y", "origin": [0, 0, 6]},
			"faces": {
				"north": {"uv": [3, 8, 7, 10], "texture": "#0"},
				"south": {"uv": [11, 11, 15, 13], "texture": "#0"},
				"up": {"uv": [11, 10, 15, 11], "texture": "#0"},
				"down": {"uv": [3, 15, 7, 16], "texture": "#0"}
			}
		},
		{
			"from": [6, 2, 3],
			"to": [10, 3, 5],
			"rotation": {"angle": 22.5, "axis": "x", "origin": [8, 2, 5]},
			"faces": {
				"north": {"uv": [11, 15, 15, 16], "rotation": 180, "texture": "#0"},
				"south": {"uv": [3, 15, 7, 16], "texture": "#0"},
				"up": {"uv": [11, 13, 15, 15], "texture": "#0"},
				"down": {"uv": [3, 8, 7, 10], "rotation": 180, "texture": "#0"}
			}
		},
		{
			"from": [10, 0, 5],
			"to": [11, 2, 11],
			"rotation": {"angle": 0, "axis": "y", "origin": [0, 0, 6]},
			"faces": {
				"north": {"uv": [0, 8, 1, 10], "texture": "#0"},
				"east": {"uv": [2, 8, 8, 10], "texture": "#0"},
				"south": {"uv": [9, 8, 10, 10], "texture": "#0"},
				"west": {"uv": [10, 11, 16, 13], "texture": "#0"},
				"up": {"uv": [15, 10, 16, 16], "texture": "#0"},
				"down": {"uv": [9, 9, 10, 15], "texture": "#0"}
			}
		},
		{
			"from": [5, 2, 3],
			"to": [6, 8, 5],
			"rotation": {"angle": 22.5, "axis": "x", "origin": [8, 2, 5]},
			"faces": {
				"north": {"uv": [15, 10, 16, 16], "rotation": 180, "texture": "#0"},
				"east": {"uv": [10, 11, 16, 13], "rotation": 90, "texture": "#0"},
				"south": {"uv": [0, 9, 1, 15], "texture": "#0"},
				"west": {"uv": [2, 8, 8, 10], "rotation": 270, "texture": "#0"},
				"up": {"uv": [0, 8, 1, 10], "texture": "#0"},
				"down": {"uv": [9, 8, 10, 10], "rotation": 180, "texture": "#0"}
			}
		},
		{
			"from": [10, 2, 3],
			"to": [11, 8, 5],
			"rotation": {"angle": 22.5, "axis": "x", "origin": [8, 2, 5]},
			"faces": {
				"north": {"uv": [10, 10, 11, 16], "rotation": 180, "texture": "#0"},
				"east": {"uv": [2, 8, 8, 10], "rotation": 90, "texture": "#0"},
				"south": {"uv": [9, 9, 10, 15], "texture": "#0"},
				"west": {"uv": [10, 11, 16, 13], "rotation": 270, "texture": "#0"},
				"up": {"uv": [9, 8, 10, 10], "texture": "#0"},
				"down": {"uv": [0, 8, 1, 10], "rotation": 180, "texture": "#0"}
			}
		},
		{
			"from": [7, 1, 7.5],
			"to": [9, 2, 8.5],
			"faces": {
				"north": {"uv": [12, 3, 14, 4], "texture": "#0"},
				"east": {"uv": [13, 3, 14, 4], "texture": "#0"},
				"south": {"uv": [12, 3, 14, 4], "texture": "#0"},
				"west": {"uv": [12, 3, 13, 4], "texture": "#0"},
				"up": {"uv": [12, 3, 14, 4], "texture": "#0"}
			}
		},
		{
			"from": [7.5, 2, 7.5],
			"to": [8.5, 3, 8.5],
			"faces": {
				"north": {"uv": [13, 8, 14, 9], "texture": "#0"},
				"east": {"uv": [13, 8, 14, 9], "texture": "#0"},
				"south": {"uv": [13, 8, 14, 9], "texture": "#0"},
				"west": {"uv": [13, 8, 14, 9], "texture": "#0"},
				"up": {"uv": [12, 8, 13, 9], "texture": "#0"}
			}
		}
	]
}