{
	"credit": "Made with Blockbench",
	"parent": "./hc_cit_item",
	"texture_size": [32, 32],
	"textures": {
		"0": "hc_jewelrybox_1",
		"particle": "hc_jewelrybox_1"
	},
	"elements": [
		{
			"from": [3, 1, 5],
			"to": [4, 5, 13],
			"rotation": {"angle": 0, "axis": "y", "origin": [0, 0, 1]},
			"faces": {
				"north": {"uv": [4.5, 13.5, 5, 15.5], "texture": "#0"},
				"east": {"uv": [5.5, 3, 9.5, 5], "texture": "#0"},
				"south": {"uv": [0, 13.5, 0.5, 15.5], "texture": "#0"},
				"west": {"uv": [5, 13.5, 9, 15.5], "texture": "#0"},
				"up": {"uv": [5, 5, 5.5, 9], "texture": "#0"},
				"down": {"uv": [0, 5, 0.5, 9], "texture": "#0"}
			}
		},
		{
			"from": [12, 1, 5],
			"to": [13, 5, 13],
			"rotation": {"angle": 0, "axis": "y", "origin": [0, 0, 1]},
			"faces": {
				"north": {"uv": [0, 13.5, 0.5, 15.5], "texture": "#0"},
				"east": {"uv": [5, 13.5, 9, 15.5], "texture": "#0"},
				"south": {"uv": [4.5, 13.5, 5, 15.5], "texture": "#0"},
				"west": {"uv": [5.5, 3, 9.5, 5], "texture": "#0"},
				"up": {"uv": [9.5, 5, 10, 9], "texture": "#0"},
				"down": {"uv": [4.5, 5, 5, 9], "texture": "#0"}
			}
		},
		{
			"from": [4, 1, 5],
			"to": [12, 5, 6],
			"rotation": {"angle": 0, "axis": "y", "origin": [0, 0, 1]},
			"faces": {
				"north": {"uv": [0.5, 13.5, 4.5, 15.5], "texture": "#0"},
				"south": {"uv": [5.5, 3, 9.5, 5], "texture": "#0"},
				"up": {"uv": [5.5, 5, 9.5, 5.5], "texture": "#0"},
				"down": {"uv": [0.5, 8.5, 4.5, 9], "texture": "#0"}
			}
		},
		{
			"from": [4, 1, 12],
			"to": [12, 5, 13],
			"rotation": {"angle": 0, "axis": "y", "origin": [0, 0, 1]},
			"faces": {
				"north": {"uv": [5.5, 3, 9.5, 5], "texture": "#0"},
				"south": {"uv": [0.5, 13.5, 4.5, 15.5], "texture": "#0"},
				"up": {"uv": [5.5, 8.5, 9.5, 9], "texture": "#0"},
				"down": {"uv": [0.5, 5, 4.5, 5.5], "texture": "#0"}
			}
		},
		{
			"from": [3, 5, 4],
			"to": [13, 13, 5],
			"rotation": {"angle": -22.5, "axis": "x", "origin": [8, 5, 5]},
			"faces": {
				"north": {"uv": [0, 9, 5, 13], "rotation": 180, "texture": "#0"},
				"east": {"uv": [5, 13, 9, 13.5], "rotation": 90, "texture": "#0"},
				"south": {"uv": [0, 1, 5, 5], "texture": "#0"},
				"west": {"uv": [5, 13, 9, 13.5], "rotation": 270, "texture": "#0"},
				"up": {"uv": [0, 13, 5, 13.5], "texture": "#0"},
				"down": {"uv": [0, 13, 5, 13.5], "rotation": 180, "texture": "#0"}
			}
		},
		{
			"from": [7, 13, 4],
			"to": [9, 14, 6],
			"rotation": {"angle": -22.5, "axis": "x", "origin": [8, 5, 5]},
			"faces": {
				"north": {"uv": [0, 0, 1, 0.5], "rotation": 180, "texture": "#0"},
				"east": {"uv": [1.5, 0, 2, 1], "rotation": 90, "texture": "#0"},
				"south": {"uv": [1, 0.5, 2, 1], "texture": "#0"},
				"west": {"uv": [1, 0, 1.5, 1], "rotation": 270, "texture": "#0"},
				"up": {"uv": [0, 0, 1, 1], "texture": "#0"},
				"down": {"uv": [1, 0, 2, 1], "rotation": 180, "texture": "#0"}
			}
		},
		{
			"from": [3, 0, 5],
			"to": [4, 1, 6],
			"rotation": {"angle": 0, "axis": "y", "origin": [0, 0, 1]},
			"faces": {
				"north": {"uv": [4.5, 15.5, 5, 16], "texture": "#0"},
				"east": {"uv": [8.5, 15.5, 9, 16], "texture": "#0"},
				"south": {"uv": [0, 15.5, 0.5, 16], "texture": "#0"},
				"west": {"uv": [5, 15.5, 5.5, 16], "texture": "#0"},
				"down": {"uv": [9.5, 15.5, 10, 16], "texture": "#0"}
			}
		},
		{
			"from": [3, 0, 12],
			"to": [4, 1, 13],
			"rotation": {"angle": 0, "axis": "y", "origin": [0, 0, 1]},
			"faces": {
				"north": {"uv": [4.5, 15.5, 5, 16], "texture": "#0"},
				"east": {"uv": [5, 15.5, 5.5, 16], "texture": "#0"},
				"south": {"uv": [0, 15.5, 0.5, 16], "texture": "#0"},
				"west": {"uv": [8.5, 15.5, 9, 16], "texture": "#0"},
				"down": {"uv": [9.5, 15.5, 10, 16], "texture": "#0"}
			}
		},
		{
			"from": [12, 0, 12],
			"to": [13, 1, 13],
			"rotation": {"angle": 0, "axis": "y", "origin": [0, 0, 1]},
			"faces": {
				"north": {"uv": [0, 15.5, 0.5, 16], "texture": "#0"},
				"east": {"uv": [5, 15.5, 5.5, 16], "texture": "#0"},
				"south": {"uv": [4.5, 15.5, 5, 16], "texture": "#0"},
				"west": {"uv": [8.5, 15.5, 9, 16], "texture": "#0"},
				"down": {"uv": [9.5, 15.5, 10, 16], "texture": "#0"}
			}
		},
		{
			"from": [12, 0, 5],
			"to": [13, 1, 6],
			"rotation": {"angle": 0, "axis": "y", "origin": [0, 0, 1]},
			"faces": {
				"north": {"uv": [0, 15.5, 0.5, 16], "texture": "#0"},
				"east": {"uv": [8.5, 15.5, 9, 16], "texture": "#0"},
				"south": {"uv": [4.5, 15.5, 5, 16], "texture": "#0"},
				"west": {"uv": [5, 15.5, 5.5, 16], "texture": "#0"},
				"down": {"uv": [9.5, 15.5, 10, 16], "texture": "#0"}
			}
		},
		{
			"from": [4, 1, 6],
			"to": [12, 4, 12],
			"faces": {
				"up": {"uv": [5.5, 9.5, 9.5, 12.5], "texture": "#0"},
				"down": {"uv": [0.5, 5.5, 4.5, 8.5], "texture": "#0"}
			}
		},
		{
			"from": [9, 3.5, 7],
			"to": [11, 4.5, 8],
			"faces": {
				"north": {"uv": [9, 13.5, 10, 14], "texture": "#0"},
				"east": {"uv": [9.5, 13.5, 10, 14], "texture": "#0"},
				"south": {"uv": [9, 13.5, 10, 14], "texture": "#0"},
				"west": {"uv": [9, 13.5, 9.5, 14], "texture": "#0"},
				"up": {"uv": [9, 13.5, 10, 14], "texture": "#0"}
			}
		},
		{
			"from": [9, 3.5, 10],
			"to": [11, 4.5, 11],
			"faces": {
				"north": {"uv": [9, 14.5, 10, 15], "texture": "#0"},
				"east": {"uv": [9.5, 14.5, 10, 15], "texture": "#0"},
				"south": {"uv": [9, 14.5, 10, 15], "texture": "#0"},
				"west": {"uv": [9, 14.5, 9.5, 15], "texture": "#0"},
				"up": {"uv": [9, 14.5, 10, 15], "texture": "#0"}
			}
		},
		{
			"from": [9.5, 4.5, 10],
			"to": [10.5, 5, 11],
			"faces": {
				"north": {"uv": [9, 14, 9.5, 14.25], "texture": "#0"},
				"east": {"uv": [9, 14, 9.5, 14.25], "texture": "#0"},
				"south": {"uv": [9, 14, 9.5, 14.25], "texture": "#0"},
				"west": {"uv": [9, 14, 9.5, 14.25], "texture": "#0"},
				"up": {"uv": [9.5, 14, 10, 14.5], "texture": "#0"}
			}
		},
		{
			"from": [9.5, 4.5, 7],
			"to": [10.5, 5, 8],
			"faces": {
				"north": {"uv": [9, 13, 9.5, 13.25], "texture": "#0"},
				"east": {"uv": [9, 13, 9.5, 13.25], "texture": "#0"},
				"south": {"uv": [9, 13, 9.5, 13.25], "texture": "#0"},
				"west": {"uv": [9, 13, 9.5, 13.25], "texture": "#0"},
				"up": {"uv": [9.5, 13, 10, 13.5], "texture": "#0"}
			}
		},
		{
			"from": [4.5, 4.5, 7],
			"to": [8.5, 4.5, 11],
			"faces": {
				"up": {"uv": [5, 1, 7, 3], "texture": "#0"},
				"down": {"uv": [5, 1, 7, 3], "texture": "#0"}
			}
		}
	]
}