{
	"credit": "Made with Blockbench",
	"parent": "./hc_cit_item",
	"textures": {
		"0": "hc_tinbox_1",
		"1": "hc_tinbox_1_bottom",
		"particle": "hc_tinbox_1"
	},
	"elements": [
		{
			"from": [3, 0, 3],
			"to": [13, 4, 13],
			"faces": {
				"north": {"uv": [0, 2, 10, 6], "texture": "#0"},
				"east": {"uv": [10, 6, 14, 16], "rotation": 90, "texture": "#0"},
				"south": {"uv": [0, 2, 10, 6], "texture": "#0"},
				"west": {"uv": [10, 6, 14, 16], "rotation": 90, "texture": "#0"},
				"down": {"uv": [0, 6, 10, 16], "texture": "#1"}
			}
		},
		{
			"from": [3, 4, 3],
			"to": [13, 5, 13],
			"faces": {
				"north": {"uv": [0, 3, 10, 4], "texture": "#0"},
				"east": {"uv": [0, 3, 10, 4], "texture": "#0"},
				"south": {"uv": [0, 3, 10, 4], "texture": "#0"},
				"west": {"uv": [0, 3, 10, 4], "texture": "#0"},
				"up": {"uv": [0, 6, 10, 16], "texture": "#0"}
			}
		}
	]
}