{
	"credit": "Made with Blockbench",
	"parent": "./hc_cit_item",
	"texture_size": [32, 32],
	"textures": {
		"0": "hc_jewelrybox_3",
		"particle": "hc_jewelrybox_3"
	},
	"elements": [
		{
			"from": [3, 1, 2],
			"to": [4, 9, 14],
			"faces": {
				"north": {"uv": [10.5, 3, 11, 7], "texture": "#0"},
				"east": {"uv": [11.5, 6, 15.5, 12], "rotation": 90, "texture": "#0"},
				"south": {"uv": [6, 7, 6.5, 11], "texture": "#0"},
				"west": {"uv": [10, 12, 16, 16], "texture": "#0"},
				"up": {"uv": [11, 6, 11.5, 12], "texture": "#0"}
			}
		},
		{
			"from": [12, 1, 2],
			"to": [13, 9, 14],
			"faces": {
				"north": {"uv": [6, 3, 6.5, 7], "texture": "#0"},
				"east": {"uv": [10, 12, 16, 16], "texture": "#0"},
				"south": {"uv": [10.5, 7, 11, 11], "texture": "#0"},
				"west": {"uv": [11.5, 6, 15.5, 12], "rotation": 90, "texture": "#0"},
				"up": {"uv": [15.5, 6, 16, 12], "texture": "#0"}
			}
		},
		{
			"from": [4, 1, 13],
			"to": [12, 9, 14],
			"faces": {
				"north": {"uv": [11.5, 6.5, 15.5, 10.5], "texture": "#0"},
				"south": {"uv": [6.5, 7, 10.5, 11], "texture": "#0"},
				"up": {"uv": [11.5, 11.5, 15.5, 12], "texture": "#0"}
			}
		},
		{
			"from": [4, 1, 2],
			"to": [12, 9, 3],
			"faces": {
				"north": {"uv": [6.5, 3, 10.5, 7], "texture": "#0"},
				"south": {"uv": [11.5, 6.5, 15.5, 10.5], "texture": "#0"},
				"up": {"uv": [11.5, 6, 15.5, 6.5], "texture": "#0"}
			}
		},
		{
			"from": [2.5, 0, 1.5],
			"to": [13.5, 1, 14.5],
			"faces": {
				"north": {"uv": [0, 15.5, 5.5, 16], "texture": "#0"},
				"east": {"uv": [5.5, 9, 6, 15.5], "rotation": 90, "texture": "#0"},
				"south": {"uv": [0, 15.5, 5.5, 16], "texture": "#0"},
				"west": {"uv": [5.5, 9, 6, 15.5], "rotation": 90, "texture": "#0"},
				"up": {"uv": [0, 9, 5.5, 15.5], "texture": "#0"},
				"down": {"uv": [0, 9, 5.5, 15.5], "texture": "#0"}
			}
		},
		{
			"from": [4, 7, 3],
			"to": [12, 8, 13],
			"faces": {
				"up": {"uv": [11.5, 6.5, 15.5, 11.5], "texture": "#0"}
			}
		},
		{
			"from": [2.51, 9, 1.5],
			"to": [13.49, 10, 9],
			"rotation": {"angle": -22.5, "axis": "x", "origin": [8.01, 9, 2]},
			"faces": {
				"north": {"uv": [0, 2, 5.49, 2.5], "texture": "#0"},
				"east": {"uv": [5.5, 2.5, 6, 6.25], "rotation": 90, "texture": "#0"},
				"west": {"uv": [5.5, 2.5, 6, 6.25], "rotation": 270, "texture": "#0"},
				"up": {"uv": [0, 2.5, 5.49, 6.25], "texture": "#0"},
				"down": {"uv": [0, 11, 5.49, 14.75], "texture": "#0"}
			}
		},
		{
			"from": [4, 8, 11],
			"to": [12, 18, 12],
			"rotation": {"angle": -22.5, "axis": "x", "origin": [8, 8, 12]},
			"faces": {
				"north": {"uv": [1, 9.5, 5, 14.5], "texture": "#0"},
				"east": {"uv": [9.5, 11, 10, 16], "texture": "#0"},
				"south": {"uv": [6, 11, 10, 16], "texture": "#0"},
				"west": {"uv": [6, 11, 6.5, 16], "texture": "#0"},
				"up": {"uv": [6, 11, 10, 11.5], "texture": "#0"},
				"down": {"uv": [6, 15.5, 10, 16], "texture": "#0"}
			}
		},
		{
			"from": [2.5, 12.75, 10],
			"to": [13.5, 18.75, 11],
			"rotation": {"angle": -22.5, "axis": "x", "origin": [8, 8, 12]},
			"faces": {
				"north": {"uv": [0, 6, 5.5, 9], "rotation": 180, "texture": "#0"},
				"east": {"uv": [5.5, 6, 6, 9], "texture": "#0"},
				"south": {"uv": [0, 9.5, 5.5, 12.5], "texture": "#0"},
				"west": {"uv": [5.5, 6, 6, 9], "texture": "#0"},
				"up": {"uv": [0, 2, 5.5, 2.5], "texture": "#0"},
				"down": {"uv": [0, 12.5, 5.5, 13], "texture": "#0"}
			}
		},
		{
			"from": [2, 4, 6],
			"to": [3, 6, 10],
			"faces": {
				"north": {"uv": [6.5, 2, 7, 3], "texture": "#0"},
				"south": {"uv": [8, 2, 8.5, 3], "texture": "#0"},
				"west": {"uv": [6.5, 2, 8.5, 3], "texture": "#0"},
				"up": {"uv": [6.5, 2, 8.5, 2.5], "rotation": 90, "texture": "#0"},
				"down": {"uv": [6.5, 2.5, 8.5, 3], "rotation": 90, "texture": "#0"}
			}
		},
		{
			"from": [7, 6, 14],
			"to": [9, 7, 15],
			"faces": {
				"east": {"uv": [10.5, 11, 11, 11.5], "texture": "#0"},
				"south": {"uv": [10, 11, 11, 11.5], "texture": "#0"},
				"west": {"uv": [10, 11, 10.5, 11.5], "texture": "#0"},
				"up": {"uv": [10, 11, 11, 11.5], "texture": "#0"},
				"down": {"uv": [10, 11.5, 11, 12], "texture": "#0"}
			}
		},
		{
			"from": [7, 2, 14],
			"to": [9, 3, 15],
			"faces": {
				"east": {"uv": [10.5, 11, 11, 11.5], "texture": "#0"},
				"south": {"uv": [10, 11, 11, 11.5], "texture": "#0"},
				"west": {"uv": [10, 11, 10.5, 11.5], "texture": "#0"},
				"up": {"uv": [10, 11, 11, 11.5], "texture": "#0"},
				"down": {"uv": [10, 11.5, 11, 12], "texture": "#0"}
			}
		},
		{
			"from": [13, 4, 6],
			"to": [14, 6, 10],
			"faces": {
				"north": {"uv": [8, 2, 8.5, 3], "texture": "#0"},
				"east": {"uv": [6.5, 2, 8.5, 3], "texture": "#0"},
				"south": {"uv": [6.5, 2, 7, 3], "texture": "#0"},
				"up": {"uv": [6.5, 2, 8.5, 2.5], "rotation": 90, "texture": "#0"},
				"down": {"uv": [6.5, 2.5, 8.5, 3], "rotation": 90, "texture": "#0"}
			}
		}
	]
}