{
	"credit": "Made with Blockbench",
	"parent": "./hc_cit_item",
	"textures": {
		"0": "hc_tinbox_1",
		"1": "hc_tinbox_1_bottom",
		"particle": "hc_tinbox_1"
	},
	"elements": [
		{
			"from": [6, 0, 6],
			"to": [14, 1, 14],
			"rotation": {"angle": 0, "axis": "y", "origin": [4, 0, 5]},
			"faces": {
				"down": {"uv": [1, 7, 9, 15], "texture": "#1"}
			}
		},
		{
			"from": [5, 0, 5],
			"to": [14, 4, 6],
			"rotation": {"angle": 0, "axis": "y", "origin": [2, 0, 2]},
			"faces": {
				"north": {"uv": [10, 6, 14, 15], "rotation": 90, "texture": "#0"},
				"south": {"uv": [0, 2, 9, 6], "texture": "#1"},
				"west": {"uv": [0, 2, 1, 6], "texture": "#0"},
				"up": {"uv": [0, 0, 9, 1], "texture": "#0"},
				"down": {"uv": [0, 15, 9, 16], "texture": "#1"}
			}
		},
		{
			"from": [6, 0, 14],
			"to": [15, 4, 15],
			"rotation": {"angle": 0, "axis": "y", "origin": [2, 0, 2]},
			"faces": {
				"north": {"uv": [0, 2, 9, 6], "texture": "#1"},
				"east": {"uv": [0, 2, 1, 6], "texture": "#0"},
				"south": {"uv": [10, 6, 14, 15], "rotation": 90, "texture": "#0"},
				"up": {"uv": [1, 0, 10, 1], "texture": "#0"},
				"down": {"uv": [1, 6, 10, 7], "texture": "#1"}
			}
		},
		{
			"from": [5, 0, 6],
			"to": [6, 4, 15],
			"rotation": {"angle": 0, "axis": "y", "origin": [2, 0, 2]},
			"faces": {
				"east": {"uv": [0, 2, 9, 6], "texture": "#1"},
				"south": {"uv": [10, 15, 14, 16], "rotation": 90, "texture": "#0"},
				"west": {"uv": [1, 2, 10, 6], "texture": "#0"},
				"up": {"uv": [14, 7, 15, 16], "texture": "#0"},
				"down": {"uv": [0, 6, 1, 15], "texture": "#1"}
			}
		},
		{
			"from": [14, 0, 5],
			"to": [15, 4, 14],
			"rotation": {"angle": 0, "axis": "y", "origin": [2, 0, 2]},
			"faces": {
				"north": {"uv": [10, 15, 14, 16], "rotation": 90, "texture": "#0"},
				"east": {"uv": [1, 2, 10, 6], "texture": "#0"},
				"west": {"uv": [0, 2, 9, 6], "texture": "#1"},
				"up": {"uv": [15, 6, 16, 15], "texture": "#0"},
				"down": {"uv": [9, 7, 10, 16], "texture": "#1"}
			}
		},
		{
			"from": [1, 0, 1],
			"to": [11, 1, 11],
			"rotation": {"angle": -45, "axis": "x", "origin": [7, 0, 1]},
			"faces": {
				"north": {"uv": [0, 3, 10, 4], "texture": "#0"},
				"east": {"uv": [0, 5, 10, 6], "texture": "#0"},
				"south": {"uv": [0, 3, 10, 4], "texture": "#0"},
				"west": {"uv": [0, 5, 10, 6], "texture": "#0"},
				"up": {"uv": [0, 6, 10, 16], "texture": "#0"},
				"down": {"uv": [0, 6, 10, 16], "texture": "#1"}
			}
		},
		{
			"from": [6, 2, 9],
			"to": [14, 3, 14],
			"faces": {
				"up": {"uv": [11, 8, 16, 16], "rotation": 90, "texture": "#1"}
			}
		},
		{
			"from": [6, 3, 11],
			"to": [9, 4, 14],
			"faces": {
				"north": {"uv": [6, 2, 9, 3], "texture": "#1"},
				"east": {"uv": [6, 2, 9, 3], "texture": "#1"},
				"south": {"uv": [0, 0, 3, 1], "texture": "#missing"},
				"west": {"uv": [0, 0, 3, 1], "texture": "#missing"},
				"up": {"uv": [11, 6, 14, 9], "texture": "#1"}
			}
		},
		{
			"from": [9, 3, 9],
			"to": [12, 4, 12],
			"faces": {
				"north": {"uv": [13, 6, 16, 7], "texture": "#1"},
				"east": {"uv": [6, 2, 9, 3], "texture": "#1"},
				"south": {"uv": [6, 2, 9, 3], "texture": "#1"},
				"west": {"uv": [6, 2, 9, 3], "texture": "#1"},
				"up": {"uv": [11, 6, 14, 9], "rotation": 90, "texture": "#1"}
			}
		},
		{
			"from": [9, 2.5, 6],
			"to": [12, 3.5, 9],
			"faces": {
				"north": {"uv": [0, 0, 3, 1], "texture": "#missing"},
				"east": {"uv": [0, 0, 3, 1], "texture": "#missing"},
				"south": {"uv": [0, 0, 3, 1], "texture": "#missing"},
				"west": {"uv": [0, 0, 3, 1], "texture": "#missing"},
				"up": {"uv": [12, 6, 15, 9], "rotation": 180, "texture": "#1"}
			}
		},
		{
			"from": [11, 2.5, 11],
			"to": [14, 3.5, 14],
			"faces": {
				"north": {"uv": [12, 6, 15, 7], "texture": "#1"},
				"east": {"uv": [0, 0, 3, 1], "texture": "#missing"},
				"south": {"uv": [0, 0, 3, 1], "texture": "#missing"},
				"west": {"uv": [13, 6, 16, 7], "texture": "#1"},
				"up": {"uv": [13, 13, 16, 16], "texture": "#1"}
			}
		},
		{
			"from": [6, 3, 6],
			"to": [9, 4, 9],
			"faces": {
				"north": {"uv": [0, 0, 3, 1], "texture": "#missing"},
				"east": {"uv": [6, 2, 9, 3], "texture": "#1"},
				"south": {"uv": [6, 2, 9, 3], "texture": "#1"},
				"west": {"uv": [0, 0, 3, 1], "texture": "#missing"},
				"up": {"uv": [10, 13, 13, 16], "texture": "#1"}
			}
		},
		{
			"from": [11, 3, 6],
			"to": [14, 4, 9],
			"faces": {
				"north": {"uv": [0, 0, 3, 1], "texture": "#missing"},
				"east": {"uv": [0, 0, 3, 1], "texture": "#missing"},
				"south": {"uv": [6, 2, 9, 3], "texture": "#1"},
				"west": {"uv": [6, 2, 9, 3], "texture": "#1"},
				"up": {"uv": [10, 10, 13, 13], "texture": "#1"}
			}
		},
		{
			"from": [12, 3, 10.99],
			"to": [14, 4, 10.99],
			"faces": {
				"north": {"uv": [6, 2, 8, 3], "texture": "#1"},
				"east": {"uv": [0, 0, 0, 1], "texture": "#missing"},
				"south": {"uv": [6, 2, 8, 3], "texture": "#1"},
				"west": {"uv": [0, 0, 0, 1], "texture": "#missing"},
				"up": {"uv": [0, 0, 2, 0], "texture": "#missing"},
				"down": {"uv": [0, 0, 2, 0], "texture": "#missing"}
			}
		},
		{
			"from": [10.99, 3, 12],
			"to": [10.99, 4, 14],
			"faces": {
				"north": {"uv": [0, 0, 0, 1], "texture": "#missing"},
				"east": {"uv": [6, 2, 8, 3], "texture": "#1"},
				"south": {"uv": [0, 0, 0, 1], "texture": "#missing"},
				"west": {"uv": [6, 2, 8, 3], "texture": "#1"},
				"up": {"uv": [0, 0, 0, 2], "texture": "#missing"},
				"down": {"uv": [0, 0, 0, 2], "texture": "#missing"}
			}
		}
	]
}