{
	"credit": "Made with Blockbench",
	"parent": "./hc_cit_item",
	"textures": {
		"0": "hc_tinbox_3",
		"1": "hc_tinbox_3_cover",
		"particle": "hc_tinbox_3"
	},
	"elements": [
		{
			"from": [1, 0, 6],
			"to": [7, 8, 12],
			"faces": {
				"north": {"uv": [0, 8, 6, 16], "texture": "#0"},
				"east": {"uv": [6, 8, 12, 16], "texture": "#0"},
				"south": {"uv": [0, 8, 6, 16], "texture": "#0"},
				"west": {"uv": [6, 8, 12, 16], "texture": "#0"},
				"up": {"uv": [0, 10, 6, 16], "texture": "#1"},
				"down": {"uv": [0, 4, 6, 10], "texture": "#1"}
			}
		},
		{
			"from": [2, 8, 7],
			"to": [6, 10, 11],
			"faces": {
				"north": {"uv": [6, 0, 10, 2], "texture": "#1"},
				"east": {"uv": [6, 0, 10, 2], "texture": "#1"},
				"south": {"uv": [6, 0, 10, 2], "texture": "#1"},
				"west": {"uv": [6, 0, 10, 2], "texture": "#1"},
				"up": {"uv": [1, 0, 5, 4], "texture": "#1"}
			}
		},
		{
			"from": [10, 8, 5],
			"to": [14, 10, 9],
			"faces": {
				"north": {"uv": [6, 0, 10, 2], "texture": "#1"},
				"east": {"uv": [6, 0, 10, 2], "texture": "#1"},
				"south": {"uv": [6, 0, 10, 2], "texture": "#1"},
				"west": {"uv": [6, 0, 10, 2], "texture": "#1"},
				"up": {"uv": [1, 0, 5, 4], "texture": "#1"}
			}
		},
		{
			"from": [9, 0, 4],
			"to": [15, 8, 10],
			"faces": {
				"north": {"uv": [0, 0, 6, 8], "texture": "#0"},
				"east": {"uv": [6, 0, 12, 8], "texture": "#0"},
				"south": {"uv": [0, 0, 6, 8], "texture": "#0"},
				"west": {"uv": [6, 0, 12, 8], "texture": "#0"},
				"up": {"uv": [0, 10, 6, 16], "texture": "#1"},
				"down": {"uv": [0, 4, 6, 10], "texture": "#1"}
			}
		}
	]
}