{
	"credit": "Made with Blockbench",
	"parent": "./hc_cit_item",
	"textures": {
		"0": "hc_legs_1",
		"1": "hc_ornatechair_1_base",
		"particle": "hc_legs_1"
	},
	"elements": [
		{
			"from": [0, 8, 2],
			"to": [16, 10, 14],
			"faces": {
				"north": {"uv": [4, 0, 6, 16], "rotation": 90, "texture": "#0"},
				"east": {"uv": [2, 1, 14, 3], "texture": "#1"},
				"south": {"uv": [1, 0, 3, 16], "rotation": 90, "texture": "#0"},
				"west": {"uv": [2, 14, 14, 16], "texture": "#1"},
				"up": {"uv": [0, 2, 16, 14], "texture": "#1"},
				"down": {"uv": [0, 2, 16, 14], "texture": "#1"}
			}
		},
		{
			"from": [1.01, 6, 2.01],
			"to": [14.99, 8, 13.99],
			"rotation": {"angle": 0, "axis": "y", "origin": [0.01, 0, 0.01]},
			"faces": {
				"north": {"uv": [1, 1, 14.98, 3], "texture": "#1"},
				"east": {"uv": [2, 14, 13.98, 16], "texture": "#1"},
				"south": {"uv": [1, 14, 14.98, 16], "texture": "#1"},
				"west": {"uv": [2, 1, 13.98, 3], "texture": "#1"},
				"down": {"uv": [1, 2, 14.98, 13.98], "texture": "#1"}
			}
		},
		{
			"from": [1, 0, 2],
			"to": [3, 8, 4],
			"faces": {
				"north": {"uv": [1, 0, 3, 8], "texture": "#0"},
				"east": {"uv": [1, 8, 3, 16], "texture": "#0"},
				"south": {"uv": [0, 8, 2, 16], "texture": "#0"},
				"west": {"uv": [0, 0, 2, 8], "texture": "#0"},
				"down": {"uv": [6, 5, 8, 7], "texture": "#0"}
			}
		},
		{
			"from": [1, 0, 12],
			"to": [3, 8, 14],
			"faces": {
				"north": {"uv": [1, 8, 3, 16], "texture": "#0"},
				"east": {"uv": [0, 8, 2, 16], "texture": "#0"},
				"south": {"uv": [0, 0, 2, 8], "texture": "#0"},
				"west": {"uv": [1, 0, 3, 8], "texture": "#0"},
				"down": {"uv": [6, 4, 8, 6], "texture": "#0"}
			}
		},
		{
			"from": [13, 0, 12],
			"to": [15, 8, 14],
			"faces": {
				"north": {"uv": [0, 8, 2, 16], "texture": "#0"},
				"east": {"uv": [0, 0, 2, 8], "texture": "#0"},
				"south": {"uv": [1, 0, 3, 8], "texture": "#0"},
				"west": {"uv": [1, 8, 3, 16], "texture": "#0"},
				"down": {"uv": [7, 4, 9, 6], "texture": "#0"}
			}
		},
		{
			"from": [13, 0, 2],
			"to": [15, 8, 4],
			"faces": {
				"north": {"uv": [0, 0, 2, 8], "texture": "#0"},
				"east": {"uv": [1, 0, 3, 8], "texture": "#0"},
				"south": {"uv": [1, 8, 3, 16], "texture": "#0"},
				"west": {"uv": [0, 8, 2, 16], "texture": "#0"},
				"down": {"uv": [7, 5, 9, 7], "texture": "#0"}
			}
		}
	]
}