{
	"credit": "Made with Blockbench",
	"parent": "./hc_cit_item",
	"textures": {
		"1": "hc_legs_1a",
		"2": "hc_ornatechair_1a_base",
		"3": "hc_pattern_1",
		"particle": "hc_ornatechair_1_base"
	},
	"elements": [
		{
			"name": "base1",
			"from": [0, 6, 0],
			"to": [16, 8, 16],
			"rotation": {"angle": 0, "axis": "y", "origin": [8, 0, 8]},
			"faces": {
				"north": {"uv": [0, 14, 16, 16], "texture": "#2"},
				"east": {"uv": [0, 14, 16, 16], "texture": "#2"},
				"south": {"uv": [0, 14, 16, 16], "texture": "#2"},
				"west": {"uv": [0, 14, 16, 16], "texture": "#2"},
				"down": {"uv": [0, 0, 16, 16], "rotation": 90, "texture": "#2"}
			}
		},
		{
			"name": "cushion",
			"from": [2, 8, 4],
			"to": [14, 11, 16],
			"rotation": {"angle": 0, "axis": "y", "origin": [8, 0, 8]},
			"faces": {
				"south": {"uv": [2, 0, 14, 3], "texture": "#3"},
				"up": {"uv": [2, 4, 14, 16], "texture": "#3"}
			}
		},
		{
			"name": "arm1",
			"from": [0, 8, 15],
			"to": [2, 16, 16],
			"rotation": {"angle": 0, "axis": "y", "origin": [8, 0, 8]},
			"faces": {
				"east": {"uv": [1, 6, 2, 14], "texture": "#2"},
				"south": {"uv": [0, 6, 2, 14], "texture": "#2"},
				"west": {"uv": [0, 6, 1, 14], "texture": "#2"},
				"up": {"uv": [0, 0, 2, 1], "texture": "#2"}
			}
		},
		{
			"name": "arm1a",
			"from": [-1, 7, 1],
			"to": [3, 17, 15],
			"rotation": {"angle": 0, "axis": "y", "origin": [8, 0, 8]},
			"faces": {
				"north": {"uv": [5, 0, 9, 10], "texture": "#3"},
				"east": {"uv": [1, 2, 15, 12], "rotation": 180, "texture": "#3"},
				"south": {"uv": [7, 0, 11, 10], "texture": "#3"},
				"west": {"uv": [1, 0, 15, 10], "texture": "#3"},
				"up": {"uv": [1, 4, 15, 8], "rotation": 90, "texture": "#3"},
				"down": {"uv": [1, 10, 15, 14], "rotation": 270, "texture": "#3"}
			}
		},
		{
			"name": "arm2",
			"from": [14, 8, 15],
			"to": [16, 16, 16],
			"rotation": {"angle": 0, "axis": "y", "origin": [8, 0, 8]},
			"faces": {
				"east": {"uv": [15, 6, 16, 14], "texture": "#2"},
				"south": {"uv": [14, 6, 16, 14], "texture": "#2"},
				"west": {"uv": [14, 6, 15, 14], "texture": "#2"},
				"up": {"uv": [14, 0, 16, 1], "texture": "#2"}
			}
		},
		{
			"name": "arm2a",
			"from": [13, 7, 1],
			"to": [17, 17, 15],
			"rotation": {"angle": 0, "axis": "y", "origin": [8, 0, 8]},
			"faces": {
				"north": {"uv": [7, 0, 11, 10], "texture": "#3"},
				"east": {"uv": [1, 0, 15, 10], "texture": "#3"},
				"south": {"uv": [5, 0, 9, 10], "texture": "#3"},
				"west": {"uv": [1, 2, 15, 12], "rotation": 180, "texture": "#3"},
				"up": {"uv": [1, 4, 15, 8], "rotation": 270, "texture": "#3"},
				"down": {"uv": [1, 10, 15, 14], "rotation": 90, "texture": "#3"}
			}
		},
		{
			"name": "back",
			"from": [1, 8, 0],
			"to": [15, 23, 4],
			"rotation": {"angle": 0, "axis": "y", "origin": [8, 0, 8]},
			"faces": {
				"north": {"uv": [1, 0, 15, 16], "rotation": 180, "texture": "#3"},
				"east": {"uv": [7, 0, 11, 16], "texture": "#3"},
				"south": {"uv": [1, 0, 15, 16], "texture": "#3"},
				"west": {"uv": [5, 0, 9, 16], "texture": "#3"},
				"up": {"uv": [1, 12, 15, 16], "texture": "#3"}
			}
		},
		{
			"name": "side1",
			"from": [0, 8, 0],
			"to": [1, 23, 3],
			"rotation": {"angle": 0, "axis": "y", "origin": [8, 0, 8]},
			"faces": {
				"north": {"uv": [1, 1, 2, 16], "texture": "#1"},
				"south": {"uv": [1, 1, 2, 16], "texture": "#1"},
				"west": {"uv": [0, 1, 3, 16], "texture": "#1"},
				"up": {"uv": [0, 1, 3, 2], "rotation": 270, "texture": "#1"}
			}
		},
		{
			"name": "side2",
			"from": [15, 8, 0],
			"to": [16, 23, 3],
			"rotation": {"angle": 0, "axis": "y", "origin": [8, 0, 8]},
			"faces": {
				"north": {"uv": [4, 1, 5, 16], "texture": "#1"},
				"east": {"uv": [3, 1, 6, 16], "texture": "#1"},
				"south": {"uv": [4, 1, 5, 16], "texture": "#1"},
				"up": {"uv": [3, 1, 6, 2], "rotation": 270, "texture": "#1"}
			}
		},
		{
			"name": "leg1",
			"from": [-1, 0, -1],
			"to": [2, 3, 2],
			"faces": {
				"north": {"uv": [13, 5, 16, 8], "texture": "#2"},
				"east": {"uv": [13, 5, 16, 8], "texture": "#2"},
				"south": {"uv": [0, 5, 3, 8], "texture": "#2"},
				"west": {"uv": [0, 5, 3, 8], "texture": "#2"},
				"up": {"uv": [0, 0, 3, 3], "texture": "#2"},
				"down": {"uv": [5, 8, 8, 11], "texture": "#2"}
			}
		},
		{
			"name": "leg1a",
			"from": [0, 2, 0],
			"to": [3, 6, 3],
			"faces": {
				"north": {"uv": [13, 1, 16, 5], "texture": "#2"},
				"east": {"uv": [13, 1, 16, 5], "texture": "#2"},
				"south": {"uv": [0, 1, 3, 5], "texture": "#2"},
				"west": {"uv": [0, 1, 3, 5], "texture": "#2"},
				"down": {"uv": [5, 8, 8, 11], "texture": "#2"}
			}
		},
		{
			"name": "leg2",
			"from": [14, 0, -1],
			"to": [17, 3, 2],
			"faces": {
				"north": {"uv": [0, 5, 3, 8], "texture": "#2"},
				"east": {"uv": [13, 5, 16, 8], "texture": "#2"},
				"south": {"uv": [13, 5, 16, 8], "texture": "#2"},
				"west": {"uv": [0, 5, 3, 8], "texture": "#2"},
				"up": {"uv": [13, 0, 16, 3], "texture": "#2"},
				"down": {"uv": [8, 8, 11, 11], "texture": "#2"}
			}
		},
		{
			"name": "leg2a",
			"from": [13, 2, 0],
			"to": [16, 6, 3],
			"faces": {
				"north": {"uv": [0, 1, 3, 5], "texture": "#2"},
				"east": {"uv": [13, 1, 16, 5], "texture": "#2"},
				"south": {"uv": [13, 1, 16, 5], "texture": "#2"},
				"west": {"uv": [0, 1, 3, 5], "texture": "#2"},
				"down": {"uv": [8, 8, 11, 11], "texture": "#2"}
			}
		},
		{
			"name": "leg3",
			"from": [-1, 0, 14],
			"to": [2, 3, 17],
			"faces": {
				"north": {"uv": [13, 5, 16, 8], "texture": "#2"},
				"east": {"uv": [0, 5, 3, 8], "texture": "#2"},
				"south": {"uv": [0, 5, 3, 8], "texture": "#2"},
				"west": {"uv": [13, 5, 16, 8], "texture": "#2"},
				"up": {"uv": [0, 13, 3, 16], "texture": "#2"},
				"down": {"uv": [5, 5, 8, 8], "texture": "#2"}
			}
		},
		{
			"name": "leg3a",
			"from": [0, 2, 13],
			"to": [3, 6, 16],
			"faces": {
				"north": {"uv": [13, 1, 16, 5], "texture": "#2"},
				"east": {"uv": [0, 1, 3, 5], "texture": "#2"},
				"south": {"uv": [0, 1, 3, 5], "texture": "#2"},
				"west": {"uv": [13, 1, 16, 5], "texture": "#2"},
				"down": {"uv": [5, 5, 8, 8], "texture": "#2"}
			}
		},
		{
			"name": "leg4a",
			"from": [13, 2, 13],
			"to": [16, 6, 16],
			"faces": {
				"north": {"uv": [0, 1, 3, 5], "texture": "#2"},
				"east": {"uv": [0, 1, 3, 5], "texture": "#2"},
				"south": {"uv": [13, 1, 16, 5], "texture": "#2"},
				"west": {"uv": [13, 1, 16, 5], "texture": "#2"},
				"down": {"uv": [8, 5, 11, 8], "texture": "#2"}
			}
		},
		{
			"name": "leg4",
			"from": [14, 0, 14],
			"to": [17, 3, 17],
			"faces": {
				"north": {"uv": [0, 5, 3, 8], "texture": "#2"},
				"east": {"uv": [0, 5, 3, 8], "texture": "#2"},
				"south": {"uv": [13, 5, 16, 8], "texture": "#2"},
				"west": {"uv": [13, 5, 16, 8], "texture": "#2"},
				"up": {"uv": [13, 13, 16, 16], "texture": "#2"},
				"down": {"uv": [8, 5, 11, 8], "texture": "#2"}
			}
		}
	]
}