{
	"credit": "Made with Blockbench",
	"parent": "./hc_cit_item",
	"textures": {
		"0": "hc_legs_1",
		"1": "hc_ornatechair_1_base",
		"particle": "hc_legs_1"
	},
	"elements": [
		{
			"from": [0, 7, 0.01],
			"to": [16, 10, 15.99],
			"rotation": {"angle": 0, "axis": "y", "origin": [0, 0, -1.99]},
			"faces": {
				"north": {"uv": [10, 0, 13, 16], "rotation": 90, "texture": "#0"},
				"east": {"uv": [10, 0, 13, 16], "rotation": 90, "texture": "#0"},
				"south": {"uv": [10, 0, 13, 16], "rotation": 90, "texture": "#0"},
				"west": {"uv": [10, 0, 13, 16], "rotation": 90, "texture": "#0"},
				"up": {"uv": [0, 0, 16, 16], "texture": "#1"},
				"down": {"uv": [0, 0, 16, 16], "texture": "#1"}
			}
		},
		{
			"from": [0, 1, 0.5],
			"to": [16, 3, 2.5],
			"faces": {
				"north": {"uv": [10, 0, 12, 16], "rotation": 90, "texture": "#0"},
				"east": {"uv": [7, 1, 9, 3], "texture": "#1"},
				"south": {"uv": [10, 0, 12, 16], "rotation": 90, "texture": "#0"},
				"west": {"uv": [7, 1, 9, 3], "texture": "#1"},
				"up": {"uv": [2, 0, 4, 16], "rotation": 90, "texture": "#0"},
				"down": {"uv": [2, 0, 4, 16], "rotation": 90, "texture": "#0"}
			}
		},
		{
			"from": [0, 1, 13.5],
			"to": [16, 3, 15.5],
			"faces": {
				"north": {"uv": [10, 0, 12, 16], "rotation": 90, "texture": "#0"},
				"east": {"uv": [7, 1, 9, 3], "texture": "#1"},
				"south": {"uv": [10, 0, 12, 16], "rotation": 90, "texture": "#0"},
				"west": {"uv": [7, 1, 9, 3], "texture": "#1"},
				"up": {"uv": [2, 0, 4, 16], "rotation": 90, "texture": "#0"},
				"down": {"uv": [2, 0, 4, 16], "rotation": 90, "texture": "#0"}
			}
		}
	]
}