{
	"credit": "Made with Blockbench",
	"parent": "./hc_cit_item",
	"textures": {
		"0": "hc_ornatechair_2_back",
		"1": "hc_ornatechair_1_base",
		"2": "block/white_wool",
		"particle": "hc_ornatechair_2_back"
	},
	"elements": [
		{
			"from": [1, 0, 1],
			"to": [4, 7, 4],
			"faces": {
				"north": {"uv": [13, 2, 16, 9], "texture": "#1"},
				"east": {"uv": [13, 2, 16, 9], "texture": "#1"},
				"south": {"uv": [0, 2, 3, 9], "texture": "#1"},
				"west": {"uv": [0, 2, 3, 9], "texture": "#1"},
				"up": {"uv": [0, 2, 3, 5], "texture": "#1"},
				"down": {"uv": [5, 8, 8, 11], "texture": "#1"}
			}
		},
		{
			"from": [12, 0, 1],
			"to": [15, 7, 4],
			"faces": {
				"north": {"uv": [0, 2, 3, 9], "texture": "#1"},
				"east": {"uv": [13, 2, 16, 9], "texture": "#1"},
				"south": {"uv": [13, 2, 16, 9], "texture": "#1"},
				"west": {"uv": [0, 2, 3, 9], "texture": "#1"},
				"up": {"uv": [13, 2, 16, 5], "texture": "#1"},
				"down": {"uv": [8, 8, 11, 11], "texture": "#1"}
			}
		},
		{
			"from": [12, 0, 12],
			"to": [15, 7, 15],
			"faces": {
				"north": {"uv": [0, 2, 3, 9], "texture": "#1"},
				"east": {"uv": [0, 2, 3, 9], "texture": "#1"},
				"south": {"uv": [13, 2, 16, 9], "texture": "#1"},
				"west": {"uv": [13, 2, 16, 9], "texture": "#1"},
				"up": {"uv": [13, 2, 16, 5], "texture": "#1"},
				"down": {"uv": [8, 5, 11, 8], "texture": "#1"}
			}
		},
		{
			"from": [1, 0, 12],
			"to": [4, 7, 15],
			"faces": {
				"north": {"uv": [13, 2, 16, 9], "texture": "#1"},
				"east": {"uv": [0, 2, 3, 9], "texture": "#1"},
				"south": {"uv": [0, 2, 3, 9], "texture": "#1"},
				"west": {"uv": [13, 2, 16, 9], "texture": "#1"},
				"up": {"uv": [0, 2, 3, 5], "texture": "#1"},
				"down": {"uv": [5, 5, 8, 8], "texture": "#1"}
			}
		},
		{
			"from": [2, 6, 2],
			"to": [14, 8, 14],
			"faces": {
				"north": {"uv": [2, 1, 14, 3], "texture": "#1"},
				"east": {"uv": [2, 14, 14, 16], "texture": "#1"},
				"south": {"uv": [2, 1, 14, 3], "texture": "#1"},
				"west": {"uv": [2, 14, 14, 16], "texture": "#1"},
				"down": {"uv": [2, 2, 14, 14], "texture": "#1"}
			}
		},
		{
			"from": [1, 8, 1],
			"to": [15, 9, 15],
			"faces": {
				"north": {"uv": [1, 0, 15, 1], "texture": "#1"},
				"east": {"uv": [1, 15, 15, 16], "texture": "#1"},
				"south": {"uv": [1, 0, 15, 1], "texture": "#1"},
				"west": {"uv": [1, 15, 15, 16], "texture": "#1"},
				"up": {"uv": [1, 1, 15, 15], "texture": "#1"},
				"down": {"uv": [1, 1, 15, 15], "texture": "#1"}
			}
		},
		{
			"from": [2, 9, 3],
			"to": [14, 11, 15],
			"faces": {
				"north": {"uv": [2, 14, 14, 16], "texture": "#2"},
				"east": {"uv": [2, 0, 14, 2], "texture": "#2"},
				"south": {"uv": [2, 14, 14, 16], "texture": "#2"},
				"west": {"uv": [2, 0, 14, 2], "texture": "#2"},
				"up": {"uv": [2, 2, 14, 14], "texture": "#2"}
			}
		},
		{
			"from": [3, 10, 5],
			"to": [13, 20, 8],
			"rotation": {"angle": -22.5, "axis": "x", "origin": [8, 11, 5]},
			"faces": {
				"north": {"uv": [3, 3, 13, 13], "texture": "#2"},
				"east": {"uv": [13, 3, 16, 13], "texture": "#2"},
				"south": {"uv": [3, 3, 13, 13], "texture": "#2"},
				"west": {"uv": [0, 3, 3, 13], "texture": "#2"},
				"up": {"uv": [3, 0, 13, 3], "texture": "#2"},
				"down": {"uv": [3, 13, 13, 16], "texture": "#2"}
			}
		},
		{
			"from": [1, 9, 1],
			"to": [3, 24, 3],
			"faces": {
				"north": {"uv": [0, 0, 2, 15], "texture": "#0"},
				"east": {"uv": [14, 0, 16, 15], "texture": "#0"},
				"south": {"uv": [0, 0, 2, 15], "texture": "#0"},
				"west": {"uv": [14, 0, 16, 15], "texture": "#0"},
				"up": {"uv": [0, 0, 2, 2], "texture": "#missing"}
			}
		},
		{
			"from": [1, 9, 12],
			"to": [3, 15, 14],
			"faces": {
				"north": {"uv": [0, 0, 2, 6], "texture": "#0"},
				"east": {"uv": [14, 0, 16, 6], "texture": "#0"},
				"south": {"uv": [0, 0, 2, 6], "texture": "#0"},
				"west": {"uv": [14, 0, 16, 6], "texture": "#0"}
			}
		},
		{
			"from": [13, 9, 12],
			"to": [15, 15, 14],
			"faces": {
				"north": {"uv": [14, 0, 16, 6], "texture": "#0"},
				"east": {"uv": [0, 0, 2, 6], "texture": "#0"},
				"south": {"uv": [14, 0, 16, 6], "texture": "#0"},
				"west": {"uv": [0, 0, 2, 6], "texture": "#0"}
			}
		},
		{
			"from": [13, 9, 1],
			"to": [15, 24, 3],
			"faces": {
				"north": {"uv": [14, 0, 16, 15], "texture": "#0"},
				"east": {"uv": [0, 0, 2, 15], "texture": "#0"},
				"south": {"uv": [14, 0, 16, 15], "texture": "#0"},
				"west": {"uv": [0, 0, 2, 15], "texture": "#0"},
				"up": {"uv": [0, 0, 2, 2], "texture": "#missing"}
			}
		},
		{
			"from": [6, 9, 1],
			"to": [10, 24, 3],
			"faces": {
				"north": {"uv": [6, 0, 10, 15], "texture": "#0"},
				"east": {"uv": [14, 0, 16, 15], "texture": "#0"},
				"south": {"uv": [6, 0, 10, 15], "texture": "#0"},
				"west": {"uv": [0, 0, 2, 15], "texture": "#0"},
				"up": {"uv": [0, 0, 4, 2], "texture": "#missing"}
			}
		},
		{
			"from": [1, 24, 1],
			"to": [15, 26, 3],
			"faces": {
				"north": {"uv": [2, 0, 4, 14], "rotation": 90, "texture": "#0"},
				"east": {"uv": [14, 0, 16, 2], "texture": "#0"},
				"south": {"uv": [2, 0, 4, 14], "rotation": 90, "texture": "#0"},
				"west": {"uv": [0, 0, 2, 2], "texture": "#0"},
				"up": {"uv": [4, 0, 6, 14], "rotation": 90, "texture": "#0"},
				"down": {"uv": [7, 2, 9, 16], "rotation": 90, "texture": "#0"}
			}
		},
		{
			"from": [1, 15, 3],
			"to": [3, 17, 15],
			"faces": {
				"east": {"uv": [2, 1, 14, 3], "texture": "#1"},
				"south": {"uv": [0, 0, 2, 2], "texture": "#0"},
				"west": {"uv": [2, 1, 14, 3], "texture": "#1"},
				"up": {"uv": [0, 4, 2, 16], "texture": "#0"},
				"down": {"uv": [7, 4, 9, 16], "texture": "#0"}
			}
		},
		{
			"from": [13, 15, 3],
			"to": [15, 17, 15],
			"faces": {
				"east": {"uv": [2, 14, 14, 16], "texture": "#1"},
				"south": {"uv": [14, 0, 16, 2], "texture": "#0"},
				"west": {"uv": [2, 14, 14, 16], "texture": "#1"},
				"up": {"uv": [14, 4, 16, 16], "texture": "#0"},
				"down": {"uv": [7, 4, 9, 16], "texture": "#0"}
			}
		}
	]
}