{
	"credit": "Made with Blockbench",
	"parent": "./hc_cit_largetable",
	"textures": {
		"0": "hc_stripped_oak_log",
		"particle": "block/stripped_oak_log"
	},
	"elements": [
		{
			"from": [-16, 12.99, -16],
			"to": [0.02, 16.01, 0.01],
			"faces": {
				"north": {"uv": [0, 0, 16, 3.02], "texture": "#0"},
				"east": {"uv": [0, 0, 16, 3.02], "texture": "#0"},
				"west": {"uv": [0, 0, 16, 3.02], "texture": "#0"},
				"up": {"uv": [0, 0, 16, 16], "texture": "#0"},
				"down": {"uv": [0, 0, 16, 16], "texture": "#0"}
			}
		},
		{
			"from": [-16, 12.99, 0.01],
			"to": [0.02, 16.01, 16.02],
			"faces": {
				"east": {"uv": [0, 0, 16, 3.02], "texture": "#0"},
				"south": {"uv": [0, 0, 16, 3.02], "texture": "#0"},
				"west": {"uv": [0, 0, 16, 3.02], "texture": "#0"},
				"up": {"uv": [0, 0, 16, 16], "texture": "#0"},
				"down": {"uv": [0, 0, 16, 16], "texture": "#0"}
			}
		},
		{
			"from": [-4, 0, 12],
			"to": [-1, 13, 15],
			"faces": {
				"north": {"uv": [13, 3, 16, 16], "texture": "#0"},
				"east": {"uv": [13, 0, 16, 13], "texture": "#0"},
				"south": {"uv": [0, 0, 3, 13], "texture": "#0"},
				"west": {"uv": [0, 2, 3, 15], "texture": "#0"},
				"down": {"uv": [13, 0, 16, 3], "texture": "#0"}
			}
		},
		{
			"from": [-4, 0, -15],
			"to": [-1, 13, -12],
			"faces": {
				"north": {"uv": [13, 0, 16, 13], "texture": "#0"},
				"east": {"uv": [0, 0, 3, 13], "texture": "#0"},
				"south": {"uv": [0, 3, 3, 16], "texture": "#0"},
				"west": {"uv": [13, 3, 16, 16], "texture": "#0"},
				"down": {"uv": [13, 13, 16, 16], "texture": "#0"}
			}
		},
		{
			"from": [-15, 0, -15],
			"to": [-12, 13, -12],
			"faces": {
				"north": {"uv": [0, 0, 3, 13], "texture": "#0"},
				"east": {"uv": [0, 3, 3, 16], "texture": "#0"},
				"south": {"uv": [13, 3, 16, 16], "texture": "#0"},
				"west": {"uv": [13, 0, 16, 13], "texture": "#0"},
				"down": {"uv": [0, 13, 3, 16], "texture": "#0"}
			}
		},
		{
			"from": [-15, 0, 12],
			"to": [-12, 13, 15],
			"faces": {
				"north": {"uv": [0, 3, 3, 16], "texture": "#0"},
				"east": {"uv": [13, 3, 16, 16], "texture": "#0"},
				"south": {"uv": [13, 0, 16, 13], "texture": "#0"},
				"west": {"uv": [0, 0, 3, 13], "texture": "#0"},
				"down": {"uv": [0, 0, 3, 3], "texture": "#0"}
			}
		}
	]
}