{
	"credit": "Made with Blockbench",
	"parent": "./hc_cit_item",
	"textures": {
		"0": "hc_ornatechair_1_back",
		"1": "hc_ornatechair_1_base",
		"particle": "hc_ornatechair_1_back"
	},
	"elements": [
		{
			"from": [1, 0, 1],
			"to": [4, 7, 4],
			"faces": {
				"north": {"uv": [13, 8, 16, 15], "texture": "#1"},
				"east": {"uv": [13, 2, 16, 9], "texture": "#1"},
				"south": {"uv": [0, 2, 3, 9], "texture": "#1"},
				"west": {"uv": [0, 7, 3, 14], "texture": "#1"},
				"up": {"uv": [0, 11, 3, 14], "texture": "#1"},
				"down": {"uv": [5, 8, 8, 11], "texture": "#1"}
			}
		},
		{
			"from": [1, 0, 12],
			"to": [4, 7, 15],
			"faces": {
				"north": {"uv": [13, 2, 16, 9], "texture": "#1"},
				"east": {"uv": [0, 2, 3, 9], "texture": "#1"},
				"south": {"uv": [0, 7, 3, 14], "texture": "#1"},
				"west": {"uv": [13, 7, 16, 14], "texture": "#1"},
				"up": {"uv": [0, 11, 3, 14], "texture": "#1"},
				"down": {"uv": [5, 5, 8, 8], "texture": "#1"}
			}
		},
		{
			"from": [12, 0, 12],
			"to": [15, 7, 15],
			"faces": {
				"north": {"uv": [0, 2, 3, 9], "texture": "#1"},
				"east": {"uv": [0, 7, 3, 14], "texture": "#1"},
				"south": {"uv": [13, 7, 16, 14], "texture": "#1"},
				"west": {"uv": [13, 2, 16, 9], "texture": "#1"},
				"up": {"uv": [0, 11, 3, 14], "texture": "#1"},
				"down": {"uv": [8, 5, 11, 8], "texture": "#1"}
			}
		},
		{
			"from": [12, 0, 1],
			"to": [15, 7, 4],
			"faces": {
				"north": {"uv": [0, 7, 3, 14], "texture": "#1"},
				"east": {"uv": [13, 7, 16, 14], "texture": "#1"},
				"south": {"uv": [13, 2, 16, 9], "texture": "#1"},
				"west": {"uv": [0, 2, 3, 9], "texture": "#1"},
				"up": {"uv": [0, 11, 3, 14], "texture": "#1"},
				"down": {"uv": [8, 8, 11, 11], "texture": "#1"}
			}
		},
		{
			"from": [1, 8, 1],
			"to": [15, 10, 15],
			"faces": {
				"north": {"uv": [1, 1, 15, 3], "texture": "#1"},
				"east": {"uv": [1, 1, 15, 3], "texture": "#1"},
				"south": {"uv": [1, 1, 15, 3], "texture": "#1"},
				"west": {"uv": [1, 1, 15, 3], "texture": "#1"},
				"up": {"uv": [1, 0, 15, 14], "texture": "#1"},
				"down": {"uv": [1, 1, 15, 15], "texture": "#1"}
			}
		},
		{
			"from": [2, 6, 2],
			"to": [14, 8, 14],
			"faces": {
				"north": {"uv": [2, 1, 14, 3], "texture": "#1"},
				"east": {"uv": [2, 1, 14, 3], "texture": "#1"},
				"south": {"uv": [2, 1, 14, 3], "texture": "#1"},
				"west": {"uv": [2, 1, 14, 3], "texture": "#1"},
				"down": {"uv": [2, 2, 14, 14], "texture": "#1"}
			}
		},
		{
			"from": [1, 10, 1],
			"to": [15, 24, 3],
			"faces": {
				"north": {"uv": [1, 2, 15, 16], "texture": "#0"},
				"east": {"uv": [1, 2, 3, 16], "texture": "#0"},
				"south": {"uv": [1, 2, 15, 16], "texture": "#0"},
				"west": {"uv": [13, 2, 15, 16], "texture": "#0"},
				"up": {"uv": [1, 0, 15, 2], "rotation": 180, "texture": "#0"}
			}
		},
		{
			"from": [1, 10, 11],
			"to": [3, 14, 13],
			"faces": {
				"north": {"uv": [1, 4, 3, 8], "texture": "#0"},
				"east": {"uv": [13, 4, 15, 8], "texture": "#0"},
				"south": {"uv": [1, 4, 3, 8], "texture": "#0"},
				"west": {"uv": [13, 4, 15, 8], "texture": "#0"}
			}
		},
		{
			"from": [1, 14, 3],
			"to": [3, 16, 15],
			"faces": {
				"east": {"uv": [3, 1, 15, 3], "texture": "#1"},
				"south": {"uv": [7, 3, 9, 5], "texture": "#1"},
				"west": {"uv": [1, 1, 13, 3], "texture": "#1"},
				"up": {"uv": [1, 5, 3, 16], "texture": "#0"},
				"down": {"uv": [1, 5, 3, 16], "texture": "#0"}
			}
		},
		{
			"from": [13, 14, 3],
			"to": [15, 16, 15],
			"faces": {
				"east": {"uv": [1, 1, 13, 3], "texture": "#1"},
				"south": {"uv": [7, 3, 9, 5], "texture": "#1"},
				"west": {"uv": [3, 1, 15, 3], "texture": "#1"},
				"up": {"uv": [13, 5, 15, 16], "texture": "#0"},
				"down": {"uv": [13, 5, 15, 16], "texture": "#0"}
			}
		},
		{
			"from": [13, 10, 11],
			"to": [15, 14, 13],
			"faces": {
				"north": {"uv": [13, 4, 15, 8], "texture": "#0"},
				"east": {"uv": [1, 4, 3, 8], "texture": "#0"},
				"south": {"uv": [13, 4, 15, 8], "texture": "#0"},
				"west": {"uv": [1, 4, 3, 8], "texture": "#0"}
			}
		}
	]
}