{
	"credit": "Made with Blockbench",
	"parent": "./hc_cit_item",
	"textures": {
		"3": "hc_ornatechair_1a_base",
		"4": "hc_legs_1a",
		"5": "hc_pattern_1",
		"particle": "hc_pattern_1"
	},
	"elements": [
		{
			"name": "cushion",
			"from": [1, 9, 2],
			"to": [15, 12, 16],
			"faces": {
				"east": {"uv": [7, 2, 10, 16], "rotation": 90, "texture": "#5"},
				"south": {"uv": [1, 0, 15, 3], "texture": "#5"},
				"west": {"uv": [6, 2, 9, 16], "rotation": 270, "texture": "#5"},
				"up": {"uv": [1, 2, 15, 16], "texture": "#5"}
			}
		},
		{
			"name": "base",
			"from": [0, 7, 0],
			"to": [16, 9, 16],
			"faces": {
				"north": {"uv": [1, 0, 3, 16], "rotation": 90, "texture": "#4"},
				"east": {"uv": [4, 0, 6, 16], "rotation": 90, "texture": "#4"},
				"south": {"uv": [1, 0, 3, 16], "rotation": 90, "texture": "#4"},
				"west": {"uv": [4, 0, 6, 16], "rotation": 90, "texture": "#4"},
				"up": {"uv": [0, 0, 16, 16], "texture": "#3"},
				"down": {"uv": [0, 0, 16, 16], "texture": "#3"}
			}
		},
		{
			"name": "leg1",
			"from": [-1, 0, -1],
			"to": [2, 4, 2],
			"faces": {
				"north": {"uv": [13, 6, 16, 10], "texture": "#3"},
				"east": {"uv": [13, 6, 16, 10], "texture": "#3"},
				"south": {"uv": [0, 6, 3, 10], "texture": "#3"},
				"west": {"uv": [0, 6, 3, 10], "texture": "#3"},
				"up": {"uv": [0, 0, 3, 3], "texture": "#3"},
				"down": {"uv": [5, 8, 8, 11], "texture": "#3"}
			}
		},
		{
			"name": "leg1a",
			"from": [0, 2, 0],
			"to": [3, 7, 3],
			"faces": {
				"north": {"uv": [13, 1, 16, 6], "texture": "#3"},
				"east": {"uv": [13, 1, 16, 6], "texture": "#3"},
				"south": {"uv": [0, 1, 3, 6], "texture": "#3"},
				"west": {"uv": [0, 1, 3, 6], "texture": "#3"},
				"down": {"uv": [5, 8, 8, 11], "texture": "#3"}
			}
		},
		{
			"name": "leg2",
			"from": [14, 0, -1],
			"to": [17, 4, 2],
			"faces": {
				"north": {"uv": [0, 6, 3, 10], "texture": "#3"},
				"east": {"uv": [13, 6, 16, 10], "texture": "#3"},
				"south": {"uv": [13, 6, 16, 10], "texture": "#3"},
				"west": {"uv": [0, 6, 3, 10], "texture": "#3"},
				"up": {"uv": [13, 0, 16, 3], "texture": "#3"},
				"down": {"uv": [8, 8, 11, 11], "texture": "#3"}
			}
		},
		{
			"name": "leg2a",
			"from": [13, 2, 0],
			"to": [16, 7, 3],
			"faces": {
				"north": {"uv": [0, 1, 3, 6], "texture": "#3"},
				"east": {"uv": [13, 1, 16, 6], "texture": "#3"},
				"south": {"uv": [13, 1, 16, 6], "texture": "#3"},
				"west": {"uv": [0, 1, 3, 6], "texture": "#3"},
				"down": {"uv": [8, 8, 11, 11], "texture": "#3"}
			}
		},
		{
			"name": "leg3",
			"from": [-1, 0, 14],
			"to": [2, 4, 17],
			"faces": {
				"north": {"uv": [13, 6, 16, 10], "texture": "#3"},
				"east": {"uv": [0, 6, 3, 10], "texture": "#3"},
				"south": {"uv": [0, 6, 3, 10], "texture": "#3"},
				"west": {"uv": [13, 6, 16, 10], "texture": "#3"},
				"up": {"uv": [0, 13, 3, 16], "texture": "#3"},
				"down": {"uv": [5, 5, 8, 8], "texture": "#3"}
			}
		},
		{
			"name": "leg3a",
			"from": [0, 2, 13],
			"to": [3, 7, 16],
			"faces": {
				"north": {"uv": [13, 1, 16, 6], "texture": "#3"},
				"east": {"uv": [0, 1, 3, 6], "texture": "#3"},
				"south": {"uv": [0, 1, 3, 6], "texture": "#3"},
				"west": {"uv": [13, 1, 16, 6], "texture": "#3"},
				"down": {"uv": [5, 5, 8, 8], "texture": "#3"}
			}
		},
		{
			"name": "leg4",
			"from": [14, 0, 14],
			"to": [17, 4, 17],
			"faces": {
				"north": {"uv": [0, 6, 3, 10], "texture": "#3"},
				"east": {"uv": [0, 6, 3, 10], "texture": "#3"},
				"south": {"uv": [13, 6, 16, 10], "texture": "#3"},
				"west": {"uv": [13, 6, 16, 10], "texture": "#3"},
				"up": {"uv": [13, 13, 16, 16], "texture": "#3"},
				"down": {"uv": [8, 5, 11, 8], "texture": "#3"}
			}
		},
		{
			"name": "leg4a",
			"from": [13, 2, 13],
			"to": [16, 7, 16],
			"faces": {
				"north": {"uv": [0, 1, 3, 6], "texture": "#3"},
				"east": {"uv": [0, 1, 3, 6], "texture": "#3"},
				"south": {"uv": [13, 1, 16, 6], "texture": "#3"},
				"west": {"uv": [13, 1, 16, 6], "texture": "#3"},
				"down": {"uv": [8, 5, 11, 8], "texture": "#3"}
			}
		},
		{
			"name": "arm1",
			"from": [0, 9, 13],
			"to": [2, 17, 15],
			"faces": {
				"north": {"uv": [12, 5, 14, 13], "texture": "#3"},
				"east": {"uv": [2, 5, 4, 13], "texture": "#3"},
				"south": {"uv": [2, 5, 4, 13], "texture": "#3"},
				"west": {"uv": [12, 5, 14, 13], "texture": "#3"},
				"up": {"uv": [7, 7, 9, 9], "texture": "#3"}
			}
		},
		{
			"name": "arm1a",
			"from": [-1, 15, 2],
			"to": [2, 18, 13],
			"faces": {
				"north": {"uv": [7, 0, 10, 3], "texture": "#5"},
				"east": {"uv": [3, 13, 14, 16], "texture": "#5"},
				"south": {"uv": [7, 0, 10, 3], "texture": "#5"},
				"west": {"uv": [3, 7, 14, 10], "texture": "#5"},
				"up": {"uv": [3, 10, 14, 13], "rotation": 270, "texture": "#5"},
				"down": {"uv": [3, 4, 14, 7], "rotation": 90, "texture": "#5"}
			}
		},
		{
			"name": "arm2",
			"from": [14, 9, 13],
			"to": [16, 17, 15],
			"faces": {
				"north": {"uv": [2, 5, 4, 13], "texture": "#3"},
				"east": {"uv": [2, 5, 4, 13], "texture": "#3"},
				"south": {"uv": [12, 5, 14, 13], "texture": "#3"},
				"west": {"uv": [12, 5, 14, 13], "texture": "#3"},
				"up": {"uv": [7, 7, 9, 9], "texture": "#3"}
			}
		},
		{
			"name": "arm2a",
			"from": [14, 15, 2],
			"to": [17, 18, 13],
			"faces": {
				"north": {"uv": [7, 0, 10, 3], "texture": "#5"},
				"east": {"uv": [3, 7, 14, 10], "texture": "#5"},
				"south": {"uv": [7, 0, 10, 3], "texture": "#5"},
				"west": {"uv": [3, 13, 14, 16], "texture": "#5"},
				"up": {"uv": [3, 10, 14, 13], "rotation": 90, "texture": "#5"},
				"down": {"uv": [3, 4, 14, 7], "rotation": 270, "texture": "#5"}
			}
		},
		{
			"name": "side1",
			"from": [0, 9, 0],
			"to": [2, 25, 2],
			"faces": {
				"north": {"uv": [1, 0, 3, 16], "texture": "#4"},
				"south": {"uv": [0, 0, 2, 16], "texture": "#4"},
				"west": {"uv": [2, 0, 4, 16], "texture": "#4"}
			}
		},
		{
			"name": "side1a",
			"from": [0, 25, 0],
			"to": [2, 30, 2],
			"faces": {
				"north": {"uv": [1, 0, 3, 5], "texture": "#4"},
				"south": {"uv": [0, 0, 2, 5], "texture": "#4"},
				"west": {"uv": [2, 0, 4, 5], "texture": "#4"},
				"up": {"uv": [7, 8, 9, 10], "texture": "#3"}
			}
		},
		{
			"name": "side2a",
			"from": [14, 25, 0],
			"to": [16, 30, 2],
			"faces": {
				"north": {"uv": [0, 0, 2, 5], "texture": "#4"},
				"east": {"uv": [2, 0, 4, 5], "texture": "#4"},
				"south": {"uv": [1, 0, 3, 5], "texture": "#4"},
				"up": {"uv": [7, 8, 9, 10], "texture": "#3"}
			}
		},
		{
			"name": "side2",
			"from": [14, 9, 0],
			"to": [16, 25, 2],
			"faces": {
				"north": {"uv": [0, 0, 2, 16], "texture": "#4"},
				"east": {"uv": [2, 0, 4, 16], "texture": "#4"},
				"south": {"uv": [1, 0, 3, 16], "texture": "#4"}
			}
		},
		{
			"name": "top",
			"from": [2, 29, 0],
			"to": [14, 31, 2],
			"faces": {
				"north": {"uv": [2, 0, 14, 2], "texture": "#3"},
				"east": {"uv": [7, 7, 9, 9], "texture": "#3"},
				"south": {"uv": [2, 0, 14, 2], "texture": "#3"},
				"west": {"uv": [7, 7, 9, 9], "texture": "#3"},
				"up": {"uv": [2, 4, 4, 16], "rotation": 90, "texture": "#4"}
			}
		},
		{
			"name": "back1",
			"from": [2, 9, 0],
			"to": [14, 25, 4],
			"faces": {
				"north": {"uv": [2, 0, 14, 16], "texture": "#5"},
				"east": {"uv": [6, 0, 10, 16], "texture": "#5"},
				"south": {"uv": [2, 0, 14, 16], "texture": "#5"},
				"west": {"uv": [6, 0, 10, 16], "texture": "#5"}
			}
		},
		{
			"name": "back2",
			"from": [2, 25, 0],
			"to": [14, 29, 4],
			"faces": {
				"north": {"uv": [2, 12, 14, 16], "texture": "#5"},
				"east": {"uv": [6, 12, 10, 16], "texture": "#5"},
				"south": {"uv": [2, 12, 14, 16], "texture": "#5"},
				"west": {"uv": [6, 12, 10, 16], "texture": "#5"},
				"up": {"uv": [2, 8, 14, 12], "texture": "#5"}
			}
		}
	]
}