{
	"credit": "Made with Blockbench",
	"parent": "./hc_cit_item",
	"textures": {
		"0": "hc_ornatechair_2_back",
		"1": "hc_ornatechair_1_base",
		"particle": "hc_ornatechair_2_back"
	},
	"elements": [
		{
			"from": [12, 0, 1],
			"to": [15, 7, 4],
			"faces": {
				"north": {"uv": [0, 1, 3, 8], "texture": "#1"},
				"east": {"uv": [13, 1, 16, 8], "texture": "#1"},
				"south": {"uv": [13, 1, 16, 8], "texture": "#1"},
				"west": {"uv": [0, 1, 3, 8], "texture": "#1"},
				"down": {"uv": [10, 4, 13, 7], "texture": "#0"}
			}
		},
		{
			"from": [12, 0, 12],
			"to": [15, 7, 15],
			"faces": {
				"north": {"uv": [0, 1, 3, 8], "texture": "#1"},
				"east": {"uv": [0, 1, 3, 8], "texture": "#1"},
				"south": {"uv": [13, 1, 16, 8], "texture": "#1"},
				"west": {"uv": [13, 1, 16, 8], "texture": "#1"},
				"down": {"uv": [10, 10, 13, 13], "texture": "#0"}
			}
		},
		{
			"from": [1, 0, 12],
			"to": [4, 7, 15],
			"faces": {
				"north": {"uv": [13, 1, 16, 8], "texture": "#1"},
				"east": {"uv": [0, 1, 3, 8], "texture": "#1"},
				"south": {"uv": [0, 1, 3, 8], "texture": "#1"},
				"west": {"uv": [13, 1, 16, 8], "texture": "#1"},
				"down": {"uv": [10, 13, 13, 16], "texture": "#0"}
			}
		},
		{
			"from": [1, 0, 1],
			"to": [4, 7, 4],
			"faces": {
				"north": {"uv": [13, 1, 16, 8], "texture": "#1"},
				"east": {"uv": [13, 1, 16, 8], "texture": "#1"},
				"south": {"uv": [0, 1, 3, 8], "texture": "#1"},
				"west": {"uv": [0, 1, 3, 8], "texture": "#1"},
				"down": {"uv": [10, 7, 13, 10], "texture": "#0"}
			}
		},
		{
			"from": [1, 7, 1],
			"to": [15, 9, 15],
			"faces": {
				"north": {"uv": [1, 1, 15, 3], "texture": "#1"},
				"east": {"uv": [1, 1, 15, 3], "texture": "#1"},
				"south": {"uv": [1, 1, 15, 3], "texture": "#1"},
				"west": {"uv": [1, 1, 15, 3], "texture": "#1"},
				"down": {"uv": [1, 1, 15, 15], "texture": "#1"}
			}
		},
		{
			"from": [0, 9, 0],
			"to": [16, 10, 16],
			"faces": {
				"north": {"uv": [0, 0, 16, 1], "texture": "#1"},
				"east": {"uv": [0, 15, 16, 16], "texture": "#1"},
				"south": {"uv": [0, 0, 16, 1], "texture": "#1"},
				"west": {"uv": [0, 15, 16, 16], "texture": "#1"},
				"up": {"uv": [0, 0, 16, 16], "texture": "#1"},
				"down": {"uv": [0, 0, 16, 16], "texture": "#1"}
			}
		},
		{
			"from": [1.5, 1, 4],
			"to": [3.5, 3, 12],
			"faces": {
				"east": {"uv": [4, 12, 12, 14], "texture": "#1"},
				"west": {"uv": [4, 12, 12, 14], "texture": "#1"},
				"up": {"uv": [5, 8, 7, 16], "texture": "#0"},
				"down": {"uv": [7, 8, 9, 16], "texture": "#0"}
			}
		},
		{
			"from": [12.5, 1, 4],
			"to": [14.5, 3, 12],
			"faces": {
				"east": {"uv": [4, 1, 12, 3], "texture": "#1"},
				"west": {"uv": [4, 1, 12, 3], "texture": "#1"},
				"up": {"uv": [5, 8, 7, 16], "texture": "#0"},
				"down": {"uv": [7, 8, 9, 16], "texture": "#0"}
			}
		},
		{
			"from": [4, 2, 1.5],
			"to": [12, 4, 3.5],
			"faces": {
				"north": {"uv": [4, 1, 12, 3], "texture": "#1"},
				"south": {"uv": [4, 1, 12, 3], "texture": "#1"},
				"up": {"uv": [3, 8, 5, 16], "rotation": 90, "texture": "#0"},
				"down": {"uv": [7, 8, 9, 16], "rotation": 90, "texture": "#0"}
			}
		},
		{
			"from": [4, 1, 12.5],
			"to": [12, 3, 14.5],
			"faces": {
				"north": {"uv": [4, 12, 12, 14], "texture": "#1"},
				"south": {"uv": [4, 12, 12, 14], "texture": "#1"},
				"up": {"uv": [3, 8, 5, 16], "rotation": 90, "texture": "#0"},
				"down": {"uv": [7, 8, 9, 16], "rotation": 90, "texture": "#0"}
			}
		},
		{
			"from": [0.5, 10, 1],
			"to": [2.5, 26, 3],
			"faces": {
				"north": {"uv": [0, 0, 2, 16], "texture": "#0"},
				"east": {"uv": [14, 0, 16, 16], "texture": "#0"},
				"south": {"uv": [0, 0, 2, 16], "texture": "#0"},
				"west": {"uv": [14, 0, 16, 16], "texture": "#0"}
			}
		},
		{
			"from": [0.5, 10, 12],
			"to": [2.5, 15, 14],
			"faces": {
				"north": {"uv": [14, 0, 16, 5], "texture": "#0"},
				"east": {"uv": [0, 0, 2, 5], "texture": "#0"},
				"south": {"uv": [14, 0, 16, 5], "texture": "#0"},
				"west": {"uv": [0, 0, 2, 5], "texture": "#0"}
			}
		},
		{
			"from": [0.5, 15, 3],
			"to": [2.5, 17, 16],
			"faces": {
				"east": {"uv": [9, 3, 11, 16], "rotation": 270, "texture": "#0"},
				"south": {"uv": [0, 0, 2, 2], "texture": "#0"},
				"west": {"uv": [9, 3, 11, 16], "rotation": 270, "texture": "#0"},
				"up": {"uv": [0, 3, 2, 16], "texture": "#0"},
				"down": {"uv": [7, 3, 9, 16], "texture": "#0"}
			}
		},
		{
			"from": [13.5, 15, 3],
			"to": [15.5, 17, 16],
			"faces": {
				"east": {"uv": [9, 1, 11, 14], "rotation": 270, "texture": "#0"},
				"south": {"uv": [14, 0, 16, 2], "texture": "#0"},
				"west": {"uv": [9, 1, 11, 14], "rotation": 270, "texture": "#0"},
				"up": {"uv": [14, 3, 16, 16], "texture": "#0"},
				"down": {"uv": [7, 3, 9, 16], "texture": "#0"}
			}
		},
		{
			"from": [13.5, 10, 12],
			"to": [15.5, 15, 14],
			"faces": {
				"north": {"uv": [0, 0, 2, 5], "texture": "#0"},
				"east": {"uv": [14, 0, 16, 5], "texture": "#0"},
				"south": {"uv": [0, 0, 2, 5], "texture": "#0"},
				"west": {"uv": [14, 0, 16, 5], "texture": "#0"}
			}
		},
		{
			"from": [13.5, 10, 1],
			"to": [15.5, 26, 3],
			"faces": {
				"north": {"uv": [14, 0, 16, 16], "texture": "#0"},
				"east": {"uv": [0, 0, 2, 16], "texture": "#0"},
				"south": {"uv": [14, 0, 16, 16], "texture": "#0"},
				"west": {"uv": [0, 0, 2, 16], "texture": "#0"}
			}
		},
		{
			"from": [6, 10, 1],
			"to": [10, 26, 3],
			"faces": {
				"north": {"uv": [6, 0, 10, 16], "texture": "#0"},
				"east": {"uv": [14, 0, 16, 16], "texture": "#0"},
				"south": {"uv": [6, 0, 10, 16], "texture": "#0"},
				"west": {"uv": [0, 0, 2, 16], "texture": "#0"}
			}
		},
		{
			"from": [0, 26, 0.5],
			"to": [16, 28, 3.5],
			"faces": {
				"north": {"uv": [2, 0, 4, 16], "rotation": 90, "texture": "#0"},
				"east": {"uv": [11, 1, 14, 3], "texture": "#1"},
				"south": {"uv": [2, 0, 4, 16], "rotation": 90, "texture": "#0"},
				"west": {"uv": [2, 1, 5, 3], "texture": "#1"},
				"up": {"uv": [3, 0, 6, 16], "rotation": 90, "texture": "#0"},
				"down": {"uv": [10, 0, 13, 16], "rotation": 90, "texture": "#0"}
			}
		}
	]
}