{
	"credit": "Made with Blockbench",
	"parent": "./hc_cit_item",
	"textures": {
		"0": "hc_ornatechair_1_base",
		"1": "hc_legs_1",
		"particle": "hc_ornatechair_1_base"
	},
	"elements": [
		{
			"from": [0.01, 0, 0.01],
			"to": [3.01, 15, 3.01],
			"faces": {
				"north": {"uv": [3, 1, 6, 16], "texture": "#1"},
				"east": {"uv": [0, 1, 3, 16], "texture": "#1"},
				"south": {"uv": [3, 1, 6, 16], "texture": "#1"},
				"west": {"uv": [0, 1, 3, 16], "texture": "#1"},
				"up": {"uv": [6, 13, 9, 16], "texture": "#1"},
				"down": {"uv": [6, 7, 9, 10], "texture": "#1"}
			}
		},
		{
			"from": [0.01, 0, 12.99],
			"to": [3.01, 15, 15.99],
			"faces": {
				"north": {"uv": [0, 1, 3, 16], "texture": "#1"},
				"east": {"uv": [3, 1, 6, 16], "texture": "#1"},
				"south": {"uv": [0, 1, 3, 16], "texture": "#1"},
				"west": {"uv": [3, 1, 6, 16], "texture": "#1"},
				"up": {"uv": [6, 10, 9, 13], "texture": "#1"},
				"down": {"uv": [6, 4, 9, 7], "texture": "#1"}
			}
		},
		{
			"from": [3, 7, 0.01],
			"to": [16, 10, 15.99],
			"rotation": {"angle": 0, "axis": "y", "origin": [0, 0, 0.01]},
			"faces": {
				"north": {"uv": [10, 0, 13, 13], "rotation": 90, "texture": "#1"},
				"east": {"uv": [10, 0, 13, 16], "rotation": 90, "texture": "#1"},
				"south": {"uv": [10, 3, 13, 16], "rotation": 90, "texture": "#1"},
				"up": {"uv": [3, 0, 16, 16], "texture": "#0"},
				"down": {"uv": [3, 0, 16, 16], "texture": "#0"}
			}
		},
		{
			"from": [3, 1, 13.5],
			"to": [16, 3, 15.5],
			"faces": {
				"north": {"uv": [2, 1, 15, 3], "texture": "#0"},
				"east": {"uv": [2, 3, 4, 5], "texture": "#1"},
				"south": {"uv": [2, 1, 15, 3], "texture": "#0"},
				"up": {"uv": [2, 3, 4, 16], "rotation": 90, "texture": "#1"},
				"down": {"uv": [2, 3, 4, 16], "rotation": 90, "texture": "#1"}
			}
		},
		{
			"from": [3, 1, 0.5],
			"to": [16, 3, 2.5],
			"faces": {
				"north": {"uv": [2, 1, 15, 3], "texture": "#0"},
				"east": {"uv": [2, 11, 4, 13], "texture": "#1"},
				"south": {"uv": [2, 1, 15, 3], "texture": "#0"},
				"up": {"uv": [2, 0, 4, 13], "rotation": 90, "texture": "#1"},
				"down": {"uv": [2, 0, 4, 13], "rotation": 90, "texture": "#1"}
			}
		},
		{
			"from": [0.5, 1, 3],
			"to": [2.5, 3, 13],
			"faces": {
				"east": {"uv": [3, 1, 13, 3], "texture": "#0"},
				"west": {"uv": [3, 1, 13, 3], "texture": "#0"},
				"up": {"uv": [2, 0, 4, 10], "texture": "#1"},
				"down": {"uv": [2, 0, 4, 10], "texture": "#1"}
			}
		},
		{
			"from": [0.01, 7, 3],
			"to": [3, 10, 13],
			"faces": {
				"west": {"uv": [10, 6, 13, 16], "rotation": 90, "texture": "#1"},
				"up": {"uv": [0, 3, 3, 13], "texture": "#0"},
				"down": {"uv": [0, 3, 3, 13], "texture": "#0"}
			}
		}
	]
}