{
	"credit": "Made with Blockbench",
	"parent": "./hc_cit_item",
	"textures": {
		"0": "hc_stripped_oak_log",
		"1": "hc_handle_1c",
		"particle": "hc_stripped_oak_log"
	},
	"elements": [
		{
			"from": [1, 0, 1],
			"to": [7, 1, 2],
			"faces": {
				"north": {"uv": [1, 0, 7, 1], "texture": "#0"},
				"east": {"uv": [7, 1, 8, 2], "texture": "#0"},
				"south": {"uv": [1, 2, 7, 3], "texture": "#0"},
				"west": {"uv": [0, 1, 1, 2], "texture": "#0"},
				"up": {"uv": [1, 1, 7, 2], "texture": "#0"},
				"down": {"uv": [9, 1, 15, 2], "rotation": 180, "texture": "#0"}
			}
		},
		{
			"from": [1, 0, 2],
			"to": [3, 1, 3],
			"faces": {
				"east": {"uv": [3, 2, 4, 3], "texture": "#0"},
				"west": {"uv": [0, 2, 1, 3], "texture": "#0"},
				"up": {"uv": [1, 2, 3, 3], "texture": "#0"},
				"down": {"uv": [13, 2, 15, 3], "rotation": 180, "texture": "#0"}
			}
		},
		{
			"from": [5, 0, 2],
			"to": [7, 1, 3],
			"faces": {
				"east": {"uv": [7, 2, 8, 3], "texture": "#0"},
				"west": {"uv": [4, 2, 5, 3], "texture": "#0"},
				"up": {"uv": [5, 2, 7, 3], "texture": "#0"},
				"down": {"uv": [9, 2, 11, 3], "texture": "#0"}
			}
		},
		{
			"from": [3, 0, 2],
			"to": [5, 0, 3],
			"faces": {
				"up": {"uv": [7, 0, 9, 1], "texture": "#1"},
				"down": {"uv": [11, 2, 13, 3], "texture": "#0"}
			}
		},
		{
			"from": [1, 0, 3],
			"to": [7, 1, 7],
			"faces": {
				"north": {"uv": [1, 2, 7, 3], "texture": "#0"},
				"east": {"uv": [7, 3, 8, 7], "rotation": 90, "texture": "#0"},
				"south": {"uv": [1, 7, 7, 8], "texture": "#0"},
				"west": {"uv": [0, 3, 1, 7], "rotation": 90, "texture": "#0"},
				"up": {"uv": [1, 3, 7, 7], "texture": "#0"},
				"down": {"uv": [9, 3, 15, 7], "rotation": 180, "texture": "#0"}
			}
		},
		{
			"from": [9, 0, 1],
			"to": [15, 1, 2],
			"faces": {
				"north": {"uv": [9, 0, 15, 1], "texture": "#0"},
				"east": {"uv": [15, 1, 16, 2], "texture": "#0"},
				"south": {"uv": [9, 2, 15, 3], "texture": "#0"},
				"west": {"uv": [8, 1, 9, 2], "texture": "#0"},
				"up": {"uv": [9, 1, 15, 2], "texture": "#0"},
				"down": {"uv": [1, 1, 7, 2], "rotation": 180, "texture": "#0"}
			}
		},
		{
			"from": [9, 0, 2],
			"to": [11, 1, 3],
			"faces": {
				"east": {"uv": [11, 2, 12, 3], "texture": "#0"},
				"west": {"uv": [8, 2, 9, 3], "texture": "#0"},
				"up": {"uv": [9, 2, 11, 3], "texture": "#0"},
				"down": {"uv": [5, 2, 7, 3], "texture": "#0"}
			}
		},
		{
			"from": [13, 0, 2],
			"to": [15, 1, 3],
			"faces": {
				"east": {"uv": [15, 2, 16, 3], "texture": "#0"},
				"west": {"uv": [12, 2, 13, 3], "texture": "#0"},
				"up": {"uv": [13, 2, 15, 3], "texture": "#0"},
				"down": {"uv": [1, 2, 3, 3], "rotation": 180, "texture": "#0"}
			}
		},
		{
			"from": [11, 0, 2],
			"to": [13, 0, 3],
			"faces": {
				"up": {"uv": [7, 0, 9, 1], "texture": "#1"},
				"down": {"uv": [3, 2, 5, 3], "texture": "#0"}
			}
		},
		{
			"from": [9, 0, 3],
			"to": [15, 1, 7],
			"faces": {
				"north": {"uv": [9, 2, 15, 3], "texture": "#0"},
				"east": {"uv": [15, 3, 16, 7], "rotation": 90, "texture": "#0"},
				"south": {"uv": [9, 7, 15, 8], "texture": "#0"},
				"west": {"uv": [8, 3, 9, 7], "rotation": 90, "texture": "#0"},
				"up": {"uv": [9, 3, 15, 7], "texture": "#0"},
				"down": {"uv": [1, 3, 7, 7], "rotation": 180, "texture": "#0"}
			}
		}
	]
}