{
	"credit": "Made with Blockbench",
	"parent": "./hc_cit_item",
	"textures": {
		"0": "hc_gallery_1a",
		"2": "hc_gallery_1b",
		"3": "hc_gallery_1c",
		"4": "hc_spruce_planks",
		"5": "hc_gallery_1d",
		"particle": "hc_gallery_1a"
	},
	"elements": [
		{
			"from": [6, 0, -2],
			"to": [15, 1, 10],
			"faces": {
				"north": {"uv": [0, 0, 9, 1], "texture": "#0"},
				"east": {"uv": [8, 0, 9, 12], "rotation": 90, "texture": "#0"},
				"south": {"uv": [0, 11, 9, 12], "texture": "#0"},
				"west": {"uv": [0, 0, 1, 12], "rotation": 90, "texture": "#0"},
				"up": {"uv": [0, 0, 9, 12], "texture": "#0"},
				"down": {"uv": [4, 3, 13, 15], "texture": "#4"}
			}
		},
		{
			"from": [17, 0, 0],
			"to": [23, 1, 7],
			"faces": {
				"north": {"uv": [10, 0, 16, 1], "texture": "#5"},
				"east": {"uv": [15, 0, 16, 7], "rotation": 90, "texture": "#5"},
				"south": {"uv": [10, 6, 16, 7], "texture": "#5"},
				"west": {"uv": [10, 0, 11, 7], "rotation": 90, "texture": "#5"},
				"up": {"uv": [10, 0, 16, 7], "texture": "#5"},
				"down": {"uv": [0, 0, 6, 7], "texture": "#4"}
			}
		},
		{
			"from": [17, 0, 9],
			"to": [25, 1, 17],
			"faces": {
				"north": {"uv": [8, 0, 16, 1], "texture": "#2"},
				"east": {"uv": [15, 0, 16, 8], "rotation": 90, "texture": "#2"},
				"south": {"uv": [8, 7, 16, 8], "texture": "#2"},
				"west": {"uv": [8, 0, 9, 8], "rotation": 90, "texture": "#2"},
				"up": {"uv": [8, 0, 16, 8], "texture": "#2"},
				"down": {"uv": [0, 0, 8, 8], "texture": "#4"}
			}
		},
		{
			"from": [4, 0, 12],
			"to": [15, 1, 21],
			"faces": {
				"north": {"uv": [0, 0, 11, 1], "texture": "#3"},
				"east": {"uv": [10, 0, 11, 9], "rotation": 90, "texture": "#3"},
				"south": {"uv": [0, 8, 11, 9], "texture": "#3"},
				"west": {"uv": [0, 0, 1, 9], "rotation": 90, "texture": "#3"},
				"up": {"uv": [0, 0, 11, 9], "texture": "#3"},
				"down": {"uv": [2, 7, 13, 16], "texture": "#4"}
			}
		},
		{
			"from": [-4, 0, 2],
			"to": [4, 1, 8],
			"faces": {
				"north": {"uv": [8, 0, 16, 1], "texture": "#0"},
				"east": {"uv": [15, 0, 16, 6], "rotation": 90, "texture": "#0"},
				"south": {"uv": [8, 5, 16, 6], "texture": "#0"},
				"west": {"uv": [8, 0, 9, 6], "rotation": 90, "texture": "#0"},
				"up": {"uv": [8, 0, 16, 6], "texture": "#0"},
				"down": {"uv": [0, 0, 8, 6], "texture": "#4"}
			}
		},
		{
			"from": [-6, 0, 10],
			"to": [2, 1, 19],
			"faces": {
				"north": {"uv": [0, 0, 8, 1], "texture": "#2"},
				"east": {"uv": [7, 0, 8, 9], "rotation": 90, "texture": "#2"},
				"south": {"uv": [0, 8, 8, 9], "texture": "#2"},
				"west": {"uv": [0, 0, 1, 9], "rotation": 90, "texture": "#2"},
				"up": {"uv": [0, 0, 8, 9], "texture": "#2"},
				"down": {"uv": [0, 0, 8, 9], "texture": "#4"}
			}
		}
	]
}