{
	"credit": "Made with Blockbench",
	"parent": "./hc_cit_item",
	"textures": {
		"0": "hc_stripped_oak_log",
		"1": "hc_handle_1c",
		"particle": "hc_stripped_oak_log"
	},
	"elements": [
		{
			"from": [1, 0, 9],
			"to": [7, 1, 10],
			"faces": {
				"north": {"uv": [1, 8, 7, 9], "texture": "#0"},
				"east": {"uv": [7, 9, 8, 10], "texture": "#0"},
				"south": {"uv": [1, 10, 7, 11], "texture": "#0"},
				"west": {"uv": [0, 9, 1, 10], "texture": "#0"},
				"up": {"uv": [1, 9, 7, 10], "texture": "#0"},
				"down": {"uv": [9, 9, 15, 10], "rotation": 180, "texture": "#0"}
			}
		},
		{
			"from": [1, 0, 10],
			"to": [3, 1, 11],
			"faces": {
				"east": {"uv": [3, 10, 4, 11], "texture": "#0"},
				"west": {"uv": [0, 10, 1, 11], "texture": "#0"},
				"up": {"uv": [1, 10, 3, 11], "texture": "#0"},
				"down": {"uv": [13, 10, 15, 11], "rotation": 180, "texture": "#0"}
			}
		},
		{
			"from": [5, 0, 10],
			"to": [7, 1, 11],
			"faces": {
				"east": {"uv": [7, 10, 8, 11], "texture": "#0"},
				"west": {"uv": [4, 10, 5, 11], "texture": "#0"},
				"up": {"uv": [5, 10, 7, 11], "texture": "#0"},
				"down": {"uv": [9, 10, 11, 11], "texture": "#0"}
			}
		},
		{
			"from": [3, 0, 10],
			"to": [5, 0, 11],
			"faces": {
				"up": {"uv": [7, 0, 9, 1], "texture": "#1"},
				"down": {"uv": [11, 10, 13, 11], "texture": "#0"}
			}
		},
		{
			"from": [1, 0, 11],
			"to": [7, 1, 15],
			"faces": {
				"north": {"uv": [1, 10, 7, 11], "texture": "#0"},
				"east": {"uv": [7, 11, 8, 15], "rotation": 90, "texture": "#0"},
				"south": {"uv": [1, 15, 7, 16], "texture": "#0"},
				"west": {"uv": [0, 11, 1, 15], "rotation": 90, "texture": "#0"},
				"up": {"uv": [1, 11, 7, 15], "texture": "#0"},
				"down": {"uv": [9, 11, 15, 15], "rotation": 180, "texture": "#0"}
			}
		},
		{
			"from": [9, 0, 9],
			"to": [15, 1, 10],
			"faces": {
				"north": {"uv": [9, 8, 15, 9], "texture": "#0"},
				"east": {"uv": [15, 9, 16, 10], "texture": "#0"},
				"south": {"uv": [9, 10, 15, 11], "texture": "#0"},
				"west": {"uv": [8, 9, 9, 10], "texture": "#0"},
				"up": {"uv": [9, 9, 15, 10], "texture": "#0"},
				"down": {"uv": [1, 9, 7, 10], "rotation": 180, "texture": "#0"}
			}
		},
		{
			"from": [9, 0, 10],
			"to": [11, 1, 11],
			"faces": {
				"east": {"uv": [11, 10, 12, 11], "texture": "#0"},
				"west": {"uv": [8, 10, 9, 11], "texture": "#0"},
				"up": {"uv": [9, 10, 11, 11], "texture": "#0"},
				"down": {"uv": [5, 10, 7, 11], "texture": "#0"}
			}
		},
		{
			"from": [13, 0, 10],
			"to": [15, 1, 11],
			"faces": {
				"east": {"uv": [15, 10, 16, 11], "texture": "#0"},
				"west": {"uv": [12, 10, 13, 11], "texture": "#0"},
				"up": {"uv": [13, 10, 15, 11], "texture": "#0"},
				"down": {"uv": [1, 10, 3, 11], "rotation": 180, "texture": "#0"}
			}
		},
		{
			"from": [11, 0, 10],
			"to": [13, 0, 11],
			"faces": {
				"up": {"uv": [7, 0, 9, 1], "texture": "#1"},
				"down": {"uv": [3, 10, 5, 11], "texture": "#0"}
			}
		},
		{
			"from": [9, 0, 11],
			"to": [15, 1, 15],
			"faces": {
				"north": {"uv": [9, 10, 15, 11], "texture": "#0"},
				"east": {"uv": [15, 11, 16, 15], "rotation": 90, "texture": "#0"},
				"south": {"uv": [9, 15, 15, 16], "texture": "#0"},
				"west": {"uv": [8, 11, 9, 15], "rotation": 90, "texture": "#0"},
				"up": {"uv": [9, 11, 15, 15], "texture": "#0"},
				"down": {"uv": [1, 11, 7, 15], "rotation": 180, "texture": "#0"}
			}
		}
	]
}