{
	"credit": "Made with Blockbench",
	"parent": "./hc_cit_item",
	"textures": {
		"0": "hc_stripped_oak_log",
		"1": "hc_handle_1",
		"particle": "hc_stripped_oak_log"
	},
	"elements": [
		{
			"from": [1, 0, 9],
			"to": [15, 1, 15],
			"faces": {
				"north": {"uv": [1, 8, 15, 9], "texture": "#0"},
				"east": {"uv": [15, 9, 16, 15], "rotation": 90, "texture": "#0"},
				"south": {"uv": [1, 15, 15, 16], "texture": "#0"},
				"west": {"uv": [0, 9, 1, 15], "rotation": 90, "texture": "#0"},
				"up": {"uv": [1, 9, 15, 15], "texture": "#0"},
				"down": {"uv": [1, 9, 15, 15], "texture": "#0"}
			}
		},
		{
			"from": [6, 1, 10],
			"to": [10, 2, 11],
			"faces": {
				"north": {"uv": [3, 3, 7, 4], "texture": "#1"},
				"east": {"uv": [6, 3, 7, 4], "texture": "#1"},
				"south": {"uv": [3, 3, 7, 4], "texture": "#1"},
				"west": {"uv": [3, 3, 4, 4], "texture": "#1"},
				"up": {"uv": [3, 3, 7, 4], "texture": "#1"}
			}
		}
	]
}