{
	"credit": "Made with Blockbench",
	"parent": "./hc_cit_item",
	"textures": {
		"1": "hc_gallery_1b",
		"2": "hc_gallery_1c",
		"3": "hc_spruce_planks",
		"4": "hc_gallery_1e",
		"particle": "hc_spruce_planks"
	},
	"elements": [
		{
			"from": [1, 0, -3],
			"to": [16, 1, 9],
			"faces": {
				"north": {"uv": [0, 0, 15, 1], "texture": "#4"},
				"east": {"uv": [14, 0, 15, 12], "rotation": 90, "texture": "#4"},
				"south": {"uv": [0, 11, 15, 12], "texture": "#4"},
				"west": {"uv": [0, 0, 1, 12], "rotation": 90, "texture": "#4"},
				"up": {"uv": [0, 0, 15, 12], "texture": "#4"},
				"down": {"uv": [0, 0, 15, 12], "texture": "#3"}
			}
		},
		{
			"from": [-2, 0, 11],
			"to": [6, 1, 19],
			"faces": {
				"north": {"uv": [8, 0, 16, 1], "texture": "#1"},
				"east": {"uv": [15, 0, 16, 8], "rotation": 90, "texture": "#1"},
				"south": {"uv": [8, 7, 16, 8], "texture": "#1"},
				"west": {"uv": [8, 0, 9, 8], "rotation": 90, "texture": "#1"},
				"up": {"uv": [8, 0, 16, 8], "texture": "#1"},
				"down": {"uv": [0, 0, 8, 8], "texture": "#3"}
			}
		},
		{
			"from": [8, 0, 11],
			"to": [19, 1, 20],
			"faces": {
				"north": {"uv": [0, 0, 11, 1], "texture": "#2"},
				"east": {"uv": [10, 0, 11, 9], "rotation": 90, "texture": "#2"},
				"south": {"uv": [0, 8, 11, 9], "texture": "#2"},
				"west": {"uv": [0, 0, 1, 9], "rotation": 90, "texture": "#2"},
				"up": {"uv": [0, 0, 11, 9], "texture": "#2"},
				"down": {"uv": [0, 0, 11, 9], "texture": "#3"}
			}
		}
	]
}