{
	"credit": "Made with Blockbench",
	"parent": "./hc_cit_item",
	"textures": {
		"1": "hc_gallery_1b",
		"2": "hc_gallery_1c",
		"3": "hc_spruce_planks",
		"4": "hc_gallery_1d",
		"particle": "hc_gallery_1a"
	},
	"elements": [
		{
			"from": [9, 0, 3],
			"to": [18, 1, 14],
			"faces": {
				"north": {"uv": [0, 0, 1, 9], "rotation": 90, "texture": "#2"},
				"east": {"uv": [0, 0, 11, 1], "texture": "#2"},
				"south": {"uv": [10, 0, 11, 9], "rotation": 90, "texture": "#2"},
				"west": {"uv": [0, 8, 11, 9], "texture": "#2"},
				"up": {"uv": [0, 0, 11, 9], "rotation": 90, "texture": "#2"},
				"down": {"uv": [0, 0, 9, 11], "texture": "#3"}
			}
		},
		{
			"from": [-2, 0, 10],
			"to": [7, 1, 18],
			"faces": {
				"north": {"uv": [0, 8, 9, 9], "texture": "#2"},
				"east": {"uv": [8, 8, 9, 16], "rotation": 90, "texture": "#2"},
				"south": {"uv": [0, 15, 9, 16], "texture": "#2"},
				"west": {"uv": [0, 8, 1, 16], "rotation": 90, "texture": "#2"},
				"up": {"uv": [0, 8, 9, 16], "texture": "#2"},
				"down": {"uv": [0, 0, 9, 8], "texture": "#3"}
			}
		},
		{
			"from": [-1, 0, -3],
			"to": [7, 1, 8],
			"faces": {
				"north": {"uv": [5, 8, 6, 16], "rotation": 90, "texture": "#1"},
				"east": {"uv": [5, 8, 16, 9], "texture": "#1"},
				"south": {"uv": [15, 8, 16, 16], "rotation": 90, "texture": "#1"},
				"west": {"uv": [5, 15, 16, 16], "texture": "#1"},
				"up": {"uv": [5, 8, 16, 16], "rotation": 90, "texture": "#1"},
				"down": {"uv": [0, 0, 8, 11], "texture": "#3"}
			}
		},
		{
			"from": [9, 0, 16],
			"to": [16, 1, 22],
			"faces": {
				"north": {"uv": [10, 0, 11, 7], "rotation": 90, "texture": "#4"},
				"east": {"uv": [10, 0, 16, 1], "texture": "#4"},
				"south": {"uv": [15, 0, 16, 7], "rotation": 90, "texture": "#4"},
				"west": {"uv": [10, 6, 16, 7], "texture": "#4"},
				"up": {"uv": [10, 0, 16, 7], "rotation": 90, "texture": "#4"},
				"down": {"uv": [0, 0, 7, 6], "texture": "#3"}
			}
		},
		{
			"from": [9, 0, -4],
			"to": [15, 1, 1],
			"faces": {
				"north": {"uv": [0, 9, 1, 15], "rotation": 90, "texture": "#1"},
				"east": {"uv": [0, 9, 5, 10], "texture": "#1"},
				"south": {"uv": [4, 9, 5, 15], "rotation": 90, "texture": "#1"},
				"west": {"uv": [0, 14, 5, 15], "texture": "#1"},
				"up": {"uv": [0, 9, 5, 15], "rotation": 90, "texture": "#1"},
				"down": {"uv": [0, 0, 6, 5], "texture": "#3"}
			}
		}
	]
}