{
	"credit": "Made with Blockbench",
	"parent": "./hc_cit_item",
	"textures": {
		"0": "hc_stripped_oak_log",
		"1": "hc_handle_1c",
		"particle": "hc_stripped_oak_log"
	},
	"elements": [
		{
			"from": [1, 0, 1],
			"to": [15, 1, 2],
			"faces": {
				"north": {"uv": [1, 0, 15, 1], "texture": "#0"},
				"east": {"uv": [15, 1, 16, 2], "texture": "#0"},
				"south": {"uv": [1, 2, 15, 3], "texture": "#0"},
				"west": {"uv": [0, 1, 1, 2], "texture": "#0"},
				"up": {"uv": [1, 1, 15, 2], "texture": "#0"},
				"down": {"uv": [1, 1, 15, 2], "texture": "#0"}
			}
		},
		{
			"from": [1, 0, 2],
			"to": [6, 1, 3],
			"faces": {
				"east": {"uv": [6, 2, 7, 3], "texture": "#0"},
				"west": {"uv": [0, 2, 1, 3], "texture": "#0"},
				"up": {"uv": [1, 2, 6, 3], "texture": "#0"},
				"down": {"uv": [1, 2, 6, 3], "texture": "#0"}
			}
		},
		{
			"from": [10, 0, 2],
			"to": [15, 1, 3],
			"faces": {
				"east": {"uv": [15, 2, 16, 3], "texture": "#0"},
				"west": {"uv": [9, 2, 10, 3], "texture": "#0"},
				"up": {"uv": [10, 2, 15, 3], "texture": "#0"},
				"down": {"uv": [10, 2, 15, 3], "texture": "#0"}
			}
		},
		{
			"from": [6, 0, 2],
			"to": [10, 0, 3],
			"faces": {
				"up": {"uv": [6, 0, 10, 1], "texture": "#1"},
				"down": {"uv": [6, 2, 10, 3], "texture": "#0"}
			}
		},
		{
			"from": [1, 0, 3],
			"to": [15, 1, 7],
			"faces": {
				"north": {"uv": [1, 2, 15, 3], "texture": "#0"},
				"east": {"uv": [15, 3, 16, 7], "rotation": 90, "texture": "#0"},
				"south": {"uv": [1, 7, 15, 8], "texture": "#0"},
				"west": {"uv": [0, 3, 1, 7], "rotation": 90, "texture": "#0"},
				"up": {"uv": [1, 3, 15, 7], "texture": "#0"},
				"down": {"uv": [1, 3, 15, 7], "texture": "#0"}
			}
		}
	]
}