{
	"credit": "Made with Blockbench",
	"parent": "./hc_cit_item",
	"textures": {
		"1": "hc_portrait_1_up",
		"2": "hc_portrait_1_down",
		"3": "hc_spruce_planks",
		"particle": "hc_spruce_planks"
	},
	"elements": [
		{
			"from": [15, 0, 0],
			"to": [16, 1, 16],
			"faces": {
				"east": {"uv": [0, 0, 16, 1], "texture": "#1"},
				"south": {"uv": [15, 15, 16, 16], "texture": "#2"},
				"west": {"uv": [0, 0, 16, 1], "texture": "#1"},
				"up": {"uv": [15, 0, 16, 16], "texture": "#2"},
				"down": {"uv": [15, 0, 16, 16], "texture": "#3"}
			}
		},
		{
			"from": [15, 0, -16],
			"to": [16, 1, 0],
			"faces": {
				"north": {"uv": [0, 15, 1, 16], "texture": "#2"},
				"east": {"uv": [0, 15, 16, 16], "texture": "#2"},
				"west": {"uv": [0, 15, 16, 16], "texture": "#2"},
				"up": {"uv": [15, 0, 16, 16], "texture": "#2"},
				"down": {"uv": [15, 0, 16, 16], "texture": "#3"}
			}
		},
		{
			"from": [0, 0, 0],
			"to": [1, 1, 16],
			"faces": {
				"east": {"uv": [0, 0, 16, 1], "texture": "#1"},
				"south": {"uv": [0, 15, 1, 16], "texture": "#2"},
				"west": {"uv": [0, 0, 16, 1], "texture": "#1"},
				"up": {"uv": [0, 0, 1, 16], "texture": "#2"},
				"down": {"uv": [0, 0, 1, 16], "texture": "#3"}
			}
		},
		{
			"from": [0, 0, -16],
			"to": [1, 1, 0],
			"faces": {
				"north": {"uv": [0, 0, 1, 1], "texture": "#1"},
				"east": {"uv": [0, 0, 16, 1], "texture": "#1"},
				"west": {"uv": [0, 0, 16, 1], "texture": "#1"},
				"up": {"uv": [0, 0, 1, 16], "texture": "#1"},
				"down": {"uv": [0, 0, 1, 16], "texture": "#3"}
			}
		},
		{
			"from": [1, 0, -16],
			"to": [15, 1, -15],
			"faces": {
				"north": {"uv": [1, 15, 15, 16], "texture": "#2"},
				"south": {"uv": [1, 15, 15, 16], "texture": "#2"},
				"up": {"uv": [1, 15, 15, 16], "texture": "#2"},
				"down": {"uv": [1, 15, 15, 16], "texture": "#3"}
			}
		},
		{
			"from": [1, 0, 15],
			"to": [15, 1, 16],
			"faces": {
				"north": {"uv": [1, 0, 15, 1], "texture": "#1"},
				"south": {"uv": [1, 0, 15, 1], "texture": "#1"},
				"up": {"uv": [1, 15, 15, 16], "texture": "#2"},
				"down": {"uv": [1, 0, 15, 1], "texture": "#3"}
			}
		},
		{
			"from": [1, 0.1, 0],
			"to": [15, 0.1, 15],
			"faces": {
				"up": {"uv": [1, 0, 15, 15], "texture": "#2"},
				"down": {"uv": [1, 1, 15, 16], "texture": "#3"}
			}
		},
		{
			"from": [1, 0.1, -15],
			"to": [15, 0.1, 0],
			"faces": {
				"up": {"uv": [1, 1, 15, 16], "texture": "#1"},
				"down": {"uv": [1, 0, 15, 15], "texture": "#3"}
			}
		}
	]
}