{
	"credit": "Made with Blockbench",
	"parent": "./hc_cit_item",
	"textures": {
		"0": "hc_portrait_1_up",
		"2": "hc_portrait_2",
		"3": "hc_spruce_planks",
		"particle": "hc_portrait_1_up"
	},
	"elements": [
		{
			"from": [1, 0.1, 0],
			"to": [15, 0.1, 16],
			"faces": {
				"up": {"uv": [1, 0, 15, 16], "texture": "#2"},
				"down": {"uv": [1, 0, 15, 16], "texture": "#3"}
			}
		},
		{
			"from": [1, 0.1, -1],
			"to": [15, 0.1, 0],
			"faces": {
				"north": {"uv": [0, 0, 14, 0], "texture": "#missing"},
				"east": {"uv": [0, 0, 1, 0], "texture": "#missing"},
				"south": {"uv": [0, 0, 14, 0], "texture": "#missing"},
				"west": {"uv": [0, 0, 1, 0], "texture": "#missing"},
				"up": {"uv": [1, 1, 15, 2], "texture": "#0"},
				"down": {"uv": [1, 0, 15, 1], "texture": "#3"}
			}
		},
		{
			"from": [1, 0.1, 16],
			"to": [15, 0.1, 17],
			"faces": {
				"north": {"uv": [0, 0, 14, 0], "texture": "#missing"},
				"east": {"uv": [0, 0, 1, 0], "texture": "#missing"},
				"south": {"uv": [0, 0, 14, 0], "texture": "#missing"},
				"west": {"uv": [0, 0, 1, 0], "texture": "#missing"},
				"up": {"uv": [1, 15, 15, 16], "texture": "#2"},
				"down": {"uv": [1, 15, 15, 16], "texture": "#3"}
			}
		},
		{
			"from": [0, 0, -1],
			"to": [1, 1, 17],
			"faces": {
				"east": {"uv": [0, 0, 16, 1], "texture": "#0"},
				"west": {"uv": [0, 0, 16, 1], "texture": "#0"},
				"up": {"uv": [0, 0, 1, 16], "texture": "#0"},
				"down": {"uv": [0, 0, 1, 16], "texture": "#3"}
			}
		},
		{
			"from": [15, 0, -1],
			"to": [16, 1, 17],
			"faces": {
				"east": {"uv": [0, 0, 16, 1], "texture": "#0"},
				"west": {"uv": [0, 0, 16, 1], "texture": "#0"},
				"up": {"uv": [15, 0, 16, 16], "texture": "#0"},
				"down": {"uv": [15, 0, 16, 16], "texture": "#3"}
			}
		},
		{
			"from": [0, 0, -2],
			"to": [16, 1, -1],
			"faces": {
				"north": {"uv": [0, 0, 16, 1], "texture": "#0"},
				"east": {"uv": [15, 0, 16, 1], "texture": "#0"},
				"south": {"uv": [0, 0, 16, 1], "texture": "#0"},
				"west": {"uv": [0, 0, 1, 1], "texture": "#0"},
				"up": {"uv": [0, 0, 16, 1], "texture": "#0"},
				"down": {"uv": [0, 1, 16, 2], "texture": "#3"}
			}
		},
		{
			"from": [0, 0, 17],
			"to": [16, 1, 18],
			"faces": {
				"north": {"uv": [0, 0, 16, 1], "texture": "#0"},
				"east": {"uv": [15, 0, 16, 1], "texture": "#0"},
				"south": {"uv": [0, 0, 16, 1], "texture": "#0"},
				"west": {"uv": [0, 0, 1, 1], "texture": "#0"},
				"up": {"uv": [0, 0, 16, 1], "texture": "#0"},
				"down": {"uv": [0, 14, 16, 15], "texture": "#3"}
			}
		}
	]
}