{
	"credit": "Made with Blockbench",
	"parent": "./hc_cit_item",
	"textures": {
		"0": "hc_stripped_oak_log",
		"1": "hc_handle_1c",
		"particle": "hc_stripped_oak_log"
	},
	"elements": [
		{
			"from": [1, 0, 9],
			"to": [15, 1, 10],
			"faces": {
				"north": {"uv": [1, 8, 15, 9], "texture": "#0"},
				"east": {"uv": [15, 9, 16, 10], "texture": "#0"},
				"south": {"uv": [1, 10, 15, 11], "texture": "#0"},
				"west": {"uv": [0, 9, 1, 10], "texture": "#0"},
				"up": {"uv": [1, 9, 15, 10], "texture": "#0"},
				"down": {"uv": [1, 9, 15, 10], "texture": "#0"}
			}
		},
		{
			"from": [1, 0, 10],
			"to": [6, 1, 11],
			"faces": {
				"east": {"uv": [6, 10, 7, 11], "texture": "#0"},
				"west": {"uv": [0, 10, 1, 11], "texture": "#0"},
				"up": {"uv": [1, 10, 6, 11], "texture": "#0"},
				"down": {"uv": [1, 10, 6, 11], "texture": "#0"}
			}
		},
		{
			"from": [10, 0, 10],
			"to": [15, 1, 11],
			"faces": {
				"east": {"uv": [15, 10, 16, 11], "texture": "#0"},
				"west": {"uv": [9, 10, 10, 11], "texture": "#0"},
				"up": {"uv": [10, 10, 15, 11], "texture": "#0"},
				"down": {"uv": [10, 10, 15, 11], "texture": "#0"}
			}
		},
		{
			"from": [6, 0, 10],
			"to": [10, 0, 11],
			"faces": {
				"up": {"uv": [6, 0, 10, 1], "texture": "#1"},
				"down": {"uv": [6, 10, 10, 11], "texture": "#0"}
			}
		},
		{
			"from": [1, 0, 11],
			"to": [15, 1, 15],
			"faces": {
				"north": {"uv": [1, 10, 15, 11], "texture": "#0"},
				"east": {"uv": [15, 11, 16, 15], "rotation": 90, "texture": "#0"},
				"south": {"uv": [1, 15, 15, 16], "texture": "#0"},
				"west": {"uv": [0, 11, 1, 15], "rotation": 90, "texture": "#0"},
				"up": {"uv": [1, 11, 15, 15], "texture": "#0"},
				"down": {"uv": [1, 11, 15, 15], "texture": "#0"}
			}
		}
	]
}