{
	"credit": "Made with Blockbench",
	"parent": "./hc_cit_screen",
	"texture_size": [16, 48],
	"textures": {
		"0": "hc_screen_1_flower1",
		"1": "hc_screen_1_base",
		"particle": "hc_screen_1_flower1"
	},
	"elements": [
		{
			"from": [0, -10, 7],
			"to": [16, 30, 9],
			"rotation": {"angle": -22.5, "axis": "y", "origin": [8, 0, 8]},
			"faces": {
				"north": {"uv": [0, 0, 16, 13.33333], "texture": "#0"},
				"east": {"uv": [0, 0, 2, 13.33333], "texture": "#1"},
				"south": {"uv": [0, 0, 16, 13.33333], "texture": "#0"},
				"west": {"uv": [0, 0, 2, 13.33333], "texture": "#1"},
				"up": {"uv": [0, 15.33333, 16, 16], "texture": "#0"},
				"down": {"uv": [0, 13.33333, 16, 14], "texture": "#0"}
			}
		},
		{
			"from": [0, -16, 7],
			"to": [2, -10, 9],
			"rotation": {"angle": -22.5, "axis": "y", "origin": [8, 0, 8]},
			"faces": {
				"north": {"uv": [14, 14, 16, 16], "texture": "#0"},
				"east": {"uv": [0, 0, 2, 2], "texture": "#1"},
				"south": {"uv": [0, 14, 2, 16], "texture": "#0"},
				"west": {"uv": [0, 14, 2, 16], "texture": "#1"},
				"down": {"uv": [1, 13.33333, 3, 14], "texture": "#0"}
			}
		},
		{
			"from": [2, -15, 7],
			"to": [14, -13, 9],
			"rotation": {"angle": -22.5, "axis": "y", "origin": [8, 0, 8]},
			"faces": {
				"north": {"uv": [2, 14.66667, 14, 15.33333], "texture": "#0"},
				"south": {"uv": [2, 14.66667, 14, 15.33333], "texture": "#0"},
				"up": {"uv": [2, 15.33333, 14, 16], "texture": "#0"},
				"down": {"uv": [2, 13.33333, 14, 14], "texture": "#0"}
			}
		},
		{
			"from": [14, -16, 7],
			"to": [16, -10, 9],
			"rotation": {"angle": -22.5, "axis": "y", "origin": [8, 0, 8]},
			"faces": {
				"north": {"uv": [0, 14, 2, 16], "texture": "#0"},
				"east": {"uv": [0, 14, 2, 16], "texture": "#1"},
				"south": {"uv": [14, 14, 16, 16], "texture": "#0"},
				"west": {"uv": [0, 0, 2, 2], "texture": "#1"},
				"down": {"uv": [13, 13.33333, 15, 14], "texture": "#0"}
			}
		}
	]
}