{
	"credit": "Made with Blockbench",
	"parent": "./hc_cit_item",
	"texture_size": [32, 32],
	"textures": {
		"0": "hc_vase_1",
		"particle": "hc_vase_1"
	},
	"elements": [
		{
			"from": [5, 0, 5],
			"to": [11, 3, 11],
			"faces": {
				"north": {"uv": [6.5, 14.5, 9.5, 16], "texture": "#0"},
				"east": {"uv": [6.5, 14.5, 9.5, 16], "texture": "#0"},
				"south": {"uv": [6.5, 14.5, 9.5, 16], "texture": "#0"},
				"west": {"uv": [6.5, 14.5, 9.5, 16], "texture": "#0"},
				"down": {"uv": [10.5, 12.5, 13.5, 15.5], "texture": "#0"}
			}
		},
		{
			"from": [4, 3, 4],
			"to": [12, 11, 12],
			"faces": {
				"north": {"uv": [6, 10.5, 10, 14.5], "texture": "#0"},
				"east": {"uv": [6, 10.5, 10, 14.5], "texture": "#0"},
				"south": {"uv": [6, 10.5, 10, 14.5], "texture": "#0"},
				"west": {"uv": [6, 10.5, 10, 14.5], "texture": "#0"},
				"up": {"uv": [10, 12, 14, 16], "texture": "#0"},
				"down": {"uv": [10, 12, 14, 16], "texture": "#0"}
			}
		},
		{
			"from": [6, 12, 6],
			"to": [10, 14, 10],
			"faces": {
				"north": {"uv": [7, 9, 9, 10], "texture": "#0"},
				"east": {"uv": [7, 9, 9, 10], "texture": "#0"},
				"south": {"uv": [7, 9, 9, 10], "texture": "#0"},
				"west": {"uv": [7, 9, 9, 10], "texture": "#0"}
			}
		},
		{
			"from": [5, 14, 5],
			"to": [11, 16, 11],
			"faces": {
				"north": {"uv": [6.5, 8, 9.5, 9], "texture": "#0"},
				"east": {"uv": [6.5, 8, 9.5, 9], "texture": "#0"},
				"south": {"uv": [6.5, 8, 9.5, 9], "texture": "#0"},
				"west": {"uv": [6.5, 8, 9.5, 9], "texture": "#0"},
				"up": {"uv": [10.5, 9, 13.5, 12], "texture": "#0"},
				"down": {"uv": [10.5, 12.5, 13.5, 15.5], "texture": "#0"}
			}
		},
		{
			"from": [5, 11, 5],
			"to": [11, 12, 11],
			"faces": {
				"north": {"uv": [6.5, 10, 9.5, 10.5], "texture": "#0"},
				"east": {"uv": [6.5, 10, 9.5, 10.5], "texture": "#0"},
				"south": {"uv": [6.5, 10, 9.5, 10.5], "texture": "#0"},
				"west": {"uv": [6.5, 10, 9.5, 10.5], "texture": "#0"},
				"up": {"uv": [10.5, 12.5, 13.5, 15.5], "texture": "#0"}
			}
		},
		{
			"from": [-5, 13, 8],
			"to": [21, 29, 8],
			"rotation": {"angle": -45, "axis": "y", "origin": [8, 16, 8]},
			"faces": {
				"north": {"uv": [1.5, 0, 14.5, 8], "texture": "#0"},
				"east": {"uv": [0, 0, 0, 14], "texture": "#missing"},
				"south": {"uv": [1.5, 0, 14.5, 8], "texture": "#0"},
				"west": {"uv": [0, 0, 0, 14], "texture": "#missing"},
				"up": {"uv": [0, 0, 16, 0], "texture": "#missing"},
				"down": {"uv": [0, 0, 16, 0], "texture": "#missing"}
			}
		},
		{
			"from": [8, 13, -5],
			"to": [8, 29, 21],
			"rotation": {"angle": -45, "axis": "y", "origin": [8, 16, 8]},
			"faces": {
				"north": {"uv": [0, 0, 0, 8], "texture": "#missing"},
				"east": {"uv": [1.5, 0, 14.5, 8], "texture": "#0"},
				"south": {"uv": [0, 0, 0, 8], "texture": "#missing"},
				"west": {"uv": [1.5, 0, 14.5, 8], "texture": "#0"},
				"up": {"uv": [0, 0, 0, 13], "texture": "#missing"},
				"down": {"uv": [0, 0, 0, 13], "texture": "#missing"}
			}
		},
		{
			"from": [3, 25, -2],
			"to": [12, 25, 7],
			"rotation": {"angle": -45, "axis": "x", "origin": [3, 23, 7]},
			"faces": {
				"north": {"uv": [0, 0, 4, 0], "texture": "#missing"},
				"east": {"uv": [0, 0, 4, 0], "texture": "#missing"},
				"south": {"uv": [0, 0, 4, 0], "texture": "#missing"},
				"west": {"uv": [0, 0, 4, 0], "texture": "#missing"},
				"up": {"uv": [10.5, 3, 15, 7.5], "rotation": 180, "texture": "#0"},
				"down": {"uv": [10.5, 3, 15, 7.5], "texture": "#0"}
			}
		},
		{
			"from": [9, 25, 2],
			"to": [18, 25, 11],
			"rotation": {"angle": -45, "axis": "z", "origin": [9, 23, 3]},
			"faces": {
				"north": {"uv": [0, 0, 4, 0], "texture": "#missing"},
				"east": {"uv": [0, 0, 4, 0], "texture": "#missing"},
				"south": {"uv": [0, 0, 4, 0], "texture": "#missing"},
				"west": {"uv": [0, 0, 4, 0], "texture": "#missing"},
				"up": {"uv": [2, 3, 6.5, 7.5], "rotation": 180, "texture": "#0"},
				"down": {"uv": [2, 3, 6.5, 7.5], "texture": "#0"}
			}
		},
		{
			"from": [4, 25, 9],
			"to": [13, 25, 18],
			"rotation": {"angle": 45, "axis": "x", "origin": [13, 23, 9]},
			"faces": {
				"north": {"uv": [0, 0, 4, 0], "texture": "#missing"},
				"east": {"uv": [0, 0, 4, 0], "texture": "#missing"},
				"south": {"uv": [0, 0, 4, 0], "texture": "#missing"},
				"west": {"uv": [0, 0, 4, 0], "texture": "#missing"},
				"up": {"uv": [2.5, 0, 7, 4.5], "rotation": 180, "texture": "#0"},
				"down": {"uv": [2.5, 0, 7, 4.5], "texture": "#0"}
			}
		},
		{
			"from": [-2, 25, 3],
			"to": [7, 25, 12],
			"rotation": {"angle": 45, "axis": "z", "origin": [7, 23, 13]},
			"faces": {
				"north": {"uv": [0, 0, 4, 0], "texture": "#missing"},
				"east": {"uv": [0, 0, 4, 0], "texture": "#missing"},
				"south": {"uv": [0, 0, 4, 0], "texture": "#missing"},
				"west": {"uv": [0, 0, 4, 0], "texture": "#missing"},
				"up": {"uv": [8, 0, 12.5, 4.5], "rotation": 180, "texture": "#0"},
				"down": {"uv": [8, 0, 12.5, 4.5], "texture": "#0"}
			}
		}
	]
}