{
	"credit": "Made with Blockbench",
	"texture_size": [32, 32],
	"textures": {
		"1": "block/cluster",
        "particle": "block/amethyst_block"
	},
	"elements": [
		{
			"from": [4, 0, 6],
			"to": [5, 3, 7],
			"rotation": {"angle": 0, "axis": "y", "origin": [12, 8, 14]},
			"faces": {
				"north": {"uv": [4.5, 0, 5, 1.5], "texture": "#1"},
				"east": {"uv": [4, 0.5, 4.5, 2], "texture": "#1"},
				"south": {"uv": [4.5, 0, 5, 1.5], "texture": "#1"},
				"west": {"uv": [4, 0.5, 4.5, 2], "texture": "#1"},
				"up": {"uv": [14, 0, 14.5, 0.5], "texture": "#1"},
				"down": {"uv": [1.5, 6, 2, 6.5], "texture": "#1"}
			}
		},
		{
			"from": [6, 0, 6],
			"to": [9, 12, 9],
			"rotation": {"angle": 0, "axis": "y", "origin": [16, 8, 14]},
			"faces": {
				"north": {"uv": [1.5, 0, 3, 6], "texture": "#1"},
				"east": {"uv": [1.5, 0, 3, 6], "texture": "#1"},
				"south": {"uv": [1.5, 0, 3, 6], "texture": "#1"},
				"west": {"uv": [1.5, 0, 3, 6], "texture": "#1"},
				"up": {"uv": [14.5, 0, 16, 1.5], "texture": "#1"},
				"down": {"uv": [1.5, 6, 3, 7.5], "texture": "#1"}
			}
		},
		{
			"from": [4, 0, 3],
			"to": [6, 7, 5],
			"rotation": {"angle": 0, "axis": "y", "origin": [13, 8, 11]},
			"faces": {
				"north": {"uv": [3, 0, 4, 3.5], "texture": "#1"},
				"east": {"uv": [3, 0, 4, 3.5], "texture": "#1"},
				"south": {"uv": [3, 0, 4, 3.5], "texture": "#1"},
				"west": {"uv": [3, 0, 4, 3.5], "texture": "#1"},
				"up": {"uv": [13.5, 0, 14.5, 1], "texture": "#1"},
				"down": {"uv": [1.5, 6, 2.5, 7], "texture": "#1"}
			}
		},
		{
			"from": [8, 0, 10],
			"to": [10, 9, 12],
			"rotation": {"angle": 0, "axis": "y", "origin": [17, 8, 18]},
			"faces": {
				"north": {"uv": [6, 0, 7, 4.5], "texture": "#1"},
				"east": {"uv": [6, 0, 7, 4.5], "texture": "#1"},
				"south": {"uv": [6, 0, 7, 4.5], "texture": "#1"},
				"west": {"uv": [6, 0, 7, 4.5], "texture": "#1"},
				"up": {"uv": [13.5, 0, 14.5, 1], "texture": "#1"},
				"down": {"uv": [1.5, 6, 2.5, 7], "texture": "#1"}
			}
		},
		{
			"from": [11, 0, 3],
			"to": [13, 5, 5],
			"rotation": {"angle": 0, "axis": "y", "origin": [20, 8, 11]},
			"faces": {
				"north": {"uv": [5, 0, 6, 2.5], "texture": "#1"},
				"east": {"uv": [5, 0, 6, 2.5], "texture": "#1"},
				"south": {"uv": [5, 0, 6, 2.5], "texture": "#1"},
				"west": {"uv": [5, 0, 6, 2.5], "texture": "#1"},
				"up": {"uv": [13.5, 0, 14.5, 1], "texture": "#1"},
				"down": {"uv": [1.5, 6, 2.5, 7], "texture": "#1"}
			}
		},
		{
			"from": [7, 0, 4],
			"to": [9, 5, 6],
			"rotation": {"angle": 0, "axis": "y", "origin": [16, 8, 12]},
			"faces": {
				"north": {"uv": [4, 0, 5, 2.5], "texture": "#1"},
				"east": {"uv": [4, 0, 5, 2.5], "texture": "#1"},
				"west": {"uv": [4, 0, 5, 2.5], "texture": "#1"},
				"up": {"uv": [13.5, 0, 14.5, 1], "texture": "#1"},
				"down": {"uv": [1.5, 6, 2.5, 7], "texture": "#1"}
			}
		},
		{
			"from": [3, 0, 7],
			"to": [5, 5, 9],
			"rotation": {"angle": 0, "axis": "y", "origin": [12, 8, 15]},
			"faces": {
				"north": {"uv": [4, 0, 5, 2.5], "texture": "#1"},
				"east": {"uv": [4, 0, 5, 2.5], "texture": "#1"},
				"south": {"uv": [4, 0, 5, 2.5], "texture": "#1"},
				"west": {"uv": [4, 0, 5, 2.5], "texture": "#1"},
				"up": {"uv": [13.5, 0, 14.5, 1], "texture": "#1"},
				"down": {"uv": [1.5, 6, 2.5, 7], "texture": "#1"}
			}
		},
		{
			"from": [10, 0, 7],
			"to": [12, 7, 9],
			"rotation": {"angle": 0, "axis": "y", "origin": [19, 8, 15]},
			"faces": {
				"north": {"uv": [3, 0, 4, 3.5], "texture": "#1"},
				"east": {"uv": [3, 0, 4, 3.5], "texture": "#1"},
				"south": {"uv": [3, 0, 4, 3.5], "texture": "#1"},
				"west": {"uv": [3, 0, 4, 3.5], "texture": "#1"},
				"up": {"uv": [13.5, 0, 14.5, 1], "texture": "#1"},
				"down": {"uv": [1.5, 6, 2.5, 7], "texture": "#1"}
			}
		},
		{
			"from": [5, 0, 10],
			"to": [7, 6, 12],
			"rotation": {"angle": 0, "axis": "y", "origin": [13, 8, 18]},
			"faces": {
				"north": {"uv": [0, 0, 1, 3], "texture": "#1"},
				"east": {"uv": [0, 0, 1, 3], "texture": "#1"},
				"south": {"uv": [0, 0, 1, 3], "texture": "#1"},
				"west": {"uv": [0, 0, 1, 3], "texture": "#1"},
				"up": {"uv": [14.5, 0, 15.5, 1], "texture": "#1"},
				"down": {"uv": [1.5, 6, 2.5, 7], "texture": "#1"}
			}
		},
		{
			"from": [11, 0, 10],
			"to": [12, 2, 11],
			"rotation": {"angle": 0, "axis": "y", "origin": [19, 8, 18]},
			"faces": {
				"north": {"uv": [2, 0.5, 2.5, 1.5], "texture": "#1"},
				"east": {"uv": [2, 0.5, 2.5, 1.5], "texture": "#1"},
				"south": {"uv": [1.5, 2, 2, 3], "texture": "#1"},
				"west": {"uv": [2, 0.5, 2.5, 1.5], "texture": "#1"},
				"up": {"uv": [14, 0, 14.5, 0.5], "texture": "#1"},
				"down": {"uv": [1.5, 6, 2, 6.5], "texture": "#1"}
			}
		},
		{
			"from": [10, 0, 4],
			"to": [11, 2, 5],
			"rotation": {"angle": 0, "axis": "y", "origin": [18, 8, 12]},
			"faces": {
				"north": {"uv": [4.5, 0, 5, 1], "texture": "#1"},
				"east": {"uv": [4.5, 0, 5, 1], "texture": "#1"},
				"south": {"uv": [4.5, 0, 5, 1], "texture": "#1"},
				"west": {"uv": [4.5, 0, 5, 1], "texture": "#1"},
				"up": {"uv": [14, 0, 14.5, 0.5], "texture": "#1"},
				"down": {"uv": [1.5, 6, 2, 6.5], "texture": "#1"}
			}
		}
	]
}