{
	"credit": "Made with Blockbench",
	"parent": "./couch_1_middle",
	"texture_size": [128, 64],
	"textures": {
		"0": "./couch_1"
	},
	"elements": [
		{
			"from": [-0.5, 1, -3],
			"to": [16.5, 9, 17],
			"rotation": {"angle": 0, "axis": "x", "origin": [9.5, 8, 8]},
			"faces": {
				"north": {"uv": [3.125, 2, 1, 0], "rotation": 180, "texture": "#0"},
				"east": {"uv": [0, 2, 1, 7], "rotation": 90, "texture": "#0"},
				"south": {"uv": [5.25, 0, 3.125, 2], "texture": "#0"},
				"west": {"uv": [3.125, 2, 4.125, 7], "rotation": 270, "texture": "#0"},
				"up": {"uv": [4.125, 2, 6.25, 7], "texture": "#0"},
				"down": {"uv": [1, 2, 3.125, 7], "rotation": 180, "texture": "#0"}
			}
		},
		{
			"from": [-0.5, 9, 7],
			"to": [14.5, 18, 17],
			"rotation": {"angle": 0, "axis": "z", "origin": [10.5, 8, 8]},
			"faces": {
				"north": {"uv": [6, 9.5, 7.125, 13.25], "rotation": 270, "texture": "#0"},
				"east": {"uv": [7.125, 9.5, 6, 7], "rotation": 90, "texture": "#0"},
				"south": {"uv": [8.375, 9.5, 9.5, 13.25], "rotation": 90, "texture": "#0"},
				"west": {"uv": [8.25, 7, 7.125, 9.5], "rotation": 90, "texture": "#0"},
				"up": {"uv": [7.125, 9.5, 8.375, 13.25], "rotation": 90, "texture": "#0"},
				"down": {"uv": [4.75, 9.5, 6, 13.25], "rotation": 90, "texture": "#0"}
			}
		},
		{
			"from": [10.5, 5, -4],
			"to": [18.5, 13, 17],
			"rotation": {"angle": 0, "axis": "x", "origin": [14.5, 7, 9]},
			"faces": {
				"north": {"uv": [11.5, 9, 10.5, 7], "rotation": 180, "texture": "#0"},
				"east": {"uv": [9.5, 9, 10.5, 14.25], "rotation": 90, "texture": "#0"},
				"south": {"uv": [12.5, 7, 11.5, 9], "texture": "#0"},
				"west": {"uv": [11.5, 9, 12.5, 14.25], "rotation": 270, "texture": "#0"},
				"up": {"uv": [12.5, 9, 13.5, 14.25], "texture": "#0"},
				"down": {"uv": [10.5, 9, 11.5, 14.25], "rotation": 180, "texture": "#0"}
			}
		}
	]
}