{
	"credit": "Made with Blockbench",
	"parent": "block/block",
	"texture_size": [128, 64],
	"textures": {
		"0": "./couch_1"
	},
	"elements": [
		{
			"from": [-0.5, 1, -3],
			"to": [16.5, 9, 17],
			"rotation": {"angle": 0, "axis": "x", "origin": [9.5, 8, 8]},
			"faces": {
				"north": {"uv": [9.375, 2, 7.25, 0], "rotation": 180, "texture": "#0"},
				"east": {"uv": [6.25, 2, 7.25, 7], "rotation": 90, "texture": "#0"},
				"south": {"uv": [11.5, 0, 9.375, 2], "texture": "#0"},
				"west": {"uv": [9.375, 2, 10.375, 7], "rotation": 270, "texture": "#0"},
				"up": {"uv": [10.375, 2, 12.5, 7], "texture": "#0"},
				"down": {"uv": [7.25, 2, 9.375, 7], "rotation": 180, "texture": "#0"}
			}
		},
		{
			"from": [-0.5, 9, 7],
			"to": [16.5, 18, 17],
			"rotation": {"angle": 0, "axis": "z", "origin": [9.5, 8, 8]},
			"faces": {
				"north": {"uv": [1.25, 9.5, 2.375, 13.75], "rotation": 270, "texture": "#0"},
				"east": {"uv": [2.375, 9.5, 1.25, 7], "rotation": 90, "texture": "#0"},
				"south": {"uv": [3.625, 9.5, 4.75, 13.75], "rotation": 90, "texture": "#0"},
				"west": {"uv": [3.5, 7, 2.375, 9.5], "rotation": 90, "texture": "#0"},
				"up": {"uv": [2.375, 9.5, 3.625, 13.75], "rotation": 90, "texture": "#0"},
				"down": {"uv": [0, 9.5, 1.25, 13.75], "rotation": 90, "texture": "#0"}
			}
		}
	],
	"display": {
		"fixed": {
			"translation": [0, 2, 18],
			"scale": [2, 2, 2]
		}
	}
}