{
	"credit": "Made with Blockbench",
	"parent": "block/block",
	"textures": {
		"0": "block/acacia_planks",
		"particle": "block/acacia_planks"
	},
	"elements": [
		{
			"from": [6.975, -3, 0],
			"to": [8.975, 0, 16],
			"rotation": {"angle": 0, "axis": "x", "origin": [7.975, 0, 16]},
			"faces": {
				"north": {"uv": [0, 0, 2, 3], "texture": "#0"},
				"east": {"uv": [0, 0, 16, 3], "texture": "#0"},
				"south": {"uv": [0, 0, 2, 3], "texture": "#0"},
				"west": {"uv": [16, 0, 0, 3], "texture": "#0"},
				"up": {"uv": [0, 0, 16, 2], "rotation": 270, "texture": "#0"},
				"down": {"uv": [0, 1, 16, 3], "rotation": 90, "texture": "#0"}
			}
		},
		{
			"from": [6.975, -3, -6],
			"to": [8.975, 0, 0],
			"rotation": {"angle": 0, "axis": "x", "origin": [7.975, 0, 16]},
			"faces": {
				"north": {"uv": [0, 0, 2, 3], "texture": "#0"},
				"east": {"uv": [0, 0, 6, 3], "texture": "#0"},
				"south": {"uv": [0, 0, 2, 3], "texture": "#0"},
				"west": {"uv": [6, 0, 0, 3], "texture": "#0"},
				"up": {"uv": [0, 0, 6, 2], "rotation": 270, "texture": "#0"},
				"down": {"uv": [0, 1, 6, 3], "rotation": 90, "texture": "#0"}
			}
		},
		{
			"from": [6.975, -3, -7],
			"to": [8.975, 0, -6],
			"rotation": {"angle": 0, "axis": "x", "origin": [7.975, 0, 16]},
			"faces": {
				"north": {"uv": [0, 0, 2, 3], "texture": "#0"},
				"east": {"uv": [0, 0, 1, 3], "texture": "#0"},
				"south": {"uv": [0, 0, 2, 3], "texture": "#0"},
				"west": {"uv": [1, 0, 0, 3], "texture": "#0"},
				"up": {"uv": [0, 0, 1, 2], "rotation": 270, "texture": "#0"},
				"down": {"uv": [0, 1, 1, 3], "rotation": 90, "texture": "#0"}
			}
		}
	],
	"display": {
		"thirdperson_righthand": {
			"rotation": [135, 20, 0],
			"translation": [0, -2.75, 2.25],
			"scale": [0.375, 0.375, 0.375]
		},
		"thirdperson_lefthand": {
			"rotation": [135, 20, 0],
			"translation": [0, -2.75, 2.25],
			"scale": [0.375, 0.375, 0.375]
		},
		"firstperson_righthand": {
			"rotation": [35, 0, 0],
			"translation": [1.5, 3.25, 1.75],
			"scale": [0.4, 0.4, 0.4]
		},
		"firstperson_lefthand": {
			"rotation": [35, 0, 0],
			"translation": [1.5, 3.25, 1.75],
			"scale": [0.4, 0.4, 0.4]
		},
		"ground": {
			"rotation": [45, 0, 0],
			"translation": [0, 2.75, 2.5],
			"scale": [0.25, 0.25, 0.25]
		},
		"gui": {
			"rotation": [55, -35, 22],
			"translation": [-2.75, 2.5, 0],
			"scale": [0.625, 0.625, 0.625]
		},
		"fixed": {
			"rotation": [-45, 0, -180],
			"translation": [0, -14, 18],
			"scale": [2, 2, 2]
		}
	}
}