{
	"credit": "Made with Blockbench",
	"textures": {
		"0": "block/stripped_oak_log",
		"1": "block/Hananacraft archive/stripped_spruce_log_a",
		"2": "block/handle",
		"particle": "block/stripped_oak_log"
	},
	"elements": [
		{
			"from": [8.55, 5.5, 0.5],
			"to": [9.55, 9.5, 1.5],
			"rotation": {"angle": 0, "axis": "y", "origin": [0.2, 0, 0]},
			"faces": {
				"north": {"uv": [0, 4.06, 0.88, 7.94], "texture": "#2"},
				"east": {"uv": [0, 4.06, 0.88, 7.94], "texture": "#2"},
				"south": {"uv": [0, 4.06, 0.88, 7.94], "texture": "#2"},
				"west": {"uv": [0, 4.06, 0.88, 7.94], "texture": "#2"},
				"up": {"uv": [0, 4.06, 1, 5.06], "texture": "#2"},
				"down": {"uv": [0, 4.06, 1, 5.06], "texture": "#2"}
			}
		},
		{
			"from": [6.35, 5.5, 0.5],
			"to": [7.35, 9.5, 1.5],
			"rotation": {"angle": 0, "axis": "y", "origin": [-2, 0, 0]},
			"faces": {
				"north": {"uv": [0, 4.06, 0.88, 7.94], "texture": "#2"},
				"east": {"uv": [0, 4.06, 0.88, 7.94], "texture": "#2"},
				"south": {"uv": [0, 4.06, 0.88, 7.94], "texture": "#2"},
				"west": {"uv": [0, 4.06, 0.88, 7.94], "texture": "#2"},
				"up": {"uv": [0, 4.06, 1, 5.06], "texture": "#2"},
				"down": {"uv": [0, 4.06, 1, 5.06], "texture": "#2"}
			}
		},
		{
			"from": [-0.1, -1.2, 2],
			"to": [0.9, 16.1, 16],
			"faces": {
				"north": {"uv": [0.032, 0.06, 0.94, 15.94], "texture": "#0"},
				"east": {"uv": [0.032, 0.06, 13.94, 15.94], "texture": "#0"},
				"south": {"uv": [0, 0.06, 0.908, 15.94], "texture": "#0"},
				"west": {"uv": [0.032, 0.06, 13.94, 15.94], "texture": "#0"},
				"up": {"uv": [0.032, 0.032, 13.94, 0.94], "rotation": 90, "texture": "#0"},
				"down": {"uv": [0.032, 0.032, 0.94, 13.94], "texture": "#0"}
			}
		},
		{
			"from": [0.9, 13.85, 2],
			"to": [14.9, 16.1, 15],
			"rotation": {"angle": 0, "axis": "x", "origin": [7.9, 8.5, 7]},
			"faces": {
				"north": {"uv": [0.032, 0.032, 13.94, 1.132], "texture": "#0"},
				"east": {"uv": [0.032, 0.032, 1.132, 12.94], "rotation": 90, "texture": "#0"},
				"south": {"uv": [0.032, 0.032, 1.132, 13.94], "rotation": 270, "texture": "#0"},
				"west": {"uv": [0.032, 0.032, 1.132, 12.94], "rotation": 270, "texture": "#0"},
				"up": {"uv": [2.032, 1.032, 14.94, 14.94], "rotation": 90, "texture": "#0"},
				"down": {"uv": [0.032, 0.032, 13.94, 12.94], "rotation": 180, "texture": "#0"}
			}
		},
		{
			"from": [14.9, -1.2, 2],
			"to": [16.1, 16.1, 16],
			"faces": {
				"north": {"uv": [0.032, 0.06, 1.232, 15.94], "texture": "#0"},
				"east": {"uv": [0.032, 0.06, 13.94, 15.94], "texture": "#0"},
				"south": {"uv": [0.032, 0.06, 1.232, 15.94], "texture": "#0"},
				"west": {"uv": [0.032, 0.06, 13.94, 15.94], "texture": "#0"},
				"up": {"uv": [0.032, 0.032, 13.94, 1.232], "rotation": 90, "texture": "#0"},
				"down": {"uv": [0.032, 0.032, 1.232, 13.94], "texture": "#0"}
			}
		},
		{
			"from": [0.9, -1.2, 15],
			"to": [14.9, 16.1, 16],
			"rotation": {"angle": 0, "axis": "y", "origin": [7.9, 8, 8.5]},
			"faces": {
				"north": {"uv": [0.032, 0.06, 13.94, 15.94], "texture": "#0"},
				"east": {"uv": [0.032, 0.06, 0.94, 15.94], "texture": "#0"},
				"south": {"uv": [1.032, 0.06, 14.94, 15.94], "texture": "#0"},
				"west": {"uv": [0.032, 0.06, 0.94, 15.94], "texture": "#0"},
				"up": {"uv": [0.032, 0.032, 13.94, 0.94], "rotation": 180, "texture": "#0"},
				"down": {"uv": [0.032, 0.032, 0.94, 13.94], "rotation": 270, "texture": "#0"}
			}
		},
		{
			"from": [0.9, -1.2, 2],
			"to": [14.9, 2.15, 15],
			"rotation": {"angle": 0, "axis": "x", "origin": [7.9, 8.5, 7]},
			"faces": {
				"north": {"uv": [0.032, 0.032, 13.94, 1.132], "texture": "#0"},
				"east": {"uv": [0.032, 0.032, 1.132, 12.94], "rotation": 90, "texture": "#0"},
				"south": {"uv": [0.032, 0.032, 1.132, 13.94], "rotation": 270, "texture": "#0"},
				"west": {"uv": [0.032, 0.032, 1.132, 12.94], "rotation": 270, "texture": "#0"},
				"up": {"uv": [0.032, 0.032, 12.94, 13.94], "rotation": 90, "texture": "#0"},
				"down": {"uv": [0.032, 0.032, 13.94, 12.94], "rotation": 180, "texture": "#0"}
			}
		},
		{
			"from": [-0.1, -1.2, -0.1],
			"to": [16.1, 2, 2],
			"faces": {
				"north": {"uv": [0.12, 12.9, 16, 16], "texture": "#0"},
				"east": {"uv": [0.032, 0.032, 2.132, 2.132], "texture": "#0"},
				"south": {"uv": [0.06, 0.032, 15.94, 2.132], "texture": "#0"},
				"west": {"uv": [0.032, 0.032, 2.132, 2.132], "texture": "#0"},
				"up": {"uv": [0.06, 0.032, 15.94, 2.132], "texture": "#0"},
				"down": {"uv": [0.06, 0.032, 15.94, 2.132], "texture": "#0"}
			}
		},
		{
			"from": [13.9, 2, 1],
			"to": [16.1, 14.1, 2],
			"faces": {
				"north": {"uv": [0.032, 0.032, 1.968, 11.968], "texture": "#0"},
				"east": {"uv": [0.032, 0.032, 0.968, 12.1], "texture": "#0"},
				"south": {"uv": [0.032, 0.032, 2.2, 12.1], "texture": "#0"},
				"west": {"uv": [0.032, 0.032, 0.968, 12.1], "texture": "#0"},
				"up": {"uv": [0.032, 0.032, 2.2, 0.968], "texture": "#0"},
				"down": {"uv": [0.032, 0.032, 2.2, 0.968], "texture": "#0"}
			}
		},
		{
			"from": [8.9, 2, 1.5],
			"to": [9.9, 14.1, 2],
			"faces": {
				"north": {"uv": [1.06, 2.06, 1.94, 13.94], "texture": "#1"},
				"east": {"uv": [0.032, 0.032, 0.5, 11.968], "texture": "#1"},
				"south": {"uv": [3.032, 1.032, 3.968, 12.968], "texture": "#1"},
				"west": {"uv": [0.032, 0.032, 0.5, 11.968], "texture": "#1"},
				"up": {"uv": [0.032, 0.032, 0.968, 0.5], "texture": "#1"},
				"down": {"uv": [0.032, 0.032, 0.968, 0.5], "texture": "#1"}
			}
		},
		{
			"from": [9.9, 2, 1.5],
			"to": [12.9, 3, 2],
			"rotation": {"angle": 0, "axis": "z", "origin": [-0.1, 0.1, 0]},
			"faces": {
				"north": {"uv": [2.06, 2.06, 2.94, 4.94], "rotation": 90, "texture": "#1"},
				"east": {"uv": [0.032, 0.032, 0.968, 0.5], "rotation": 270, "texture": "#1"},
				"south": {"uv": [3.032, 1.032, 3.968, 12.968], "rotation": 270, "texture": "#1"},
				"west": {"uv": [0.032, 0.032, 0.968, 0.5], "rotation": 270, "texture": "#1"},
				"up": {"uv": [0.032, 0.032, 0.5, 11.968], "rotation": 270, "texture": "#1"},
				"down": {"uv": [0.032, 0.032, 0.5, 11.968], "rotation": 270, "texture": "#1"}
			}
		},
		{
			"from": [12.9, 2, 1.5],
			"to": [13.9, 14.1, 2],
			"faces": {
				"north": {"uv": [1.06, 2.06, 1.94, 13.94], "texture": "#1"},
				"east": {"uv": [0.032, 0.032, 0.5, 11.968], "texture": "#1"},
				"south": {"uv": [3.032, 1.032, 3.968, 12.968], "texture": "#1"},
				"west": {"uv": [0.032, 0.032, 0.5, 11.968], "texture": "#1"},
				"up": {"uv": [0.032, 0.032, 0.968, 0.5], "texture": "#1"},
				"down": {"uv": [0.032, 0.032, 0.968, 0.5], "texture": "#1"}
			}
		},
		{
			"from": [9.9, 13.1, 1.5],
			"to": [12.9, 14.1, 2],
			"rotation": {"angle": 0, "axis": "z", "origin": [-0.1, 0.2, 0]},
			"faces": {
				"north": {"uv": [1.06, 1.06, 1.94, 3.94], "rotation": 90, "texture": "#1"},
				"east": {"uv": [0.032, 0.032, 0.968, 0.5], "rotation": 270, "texture": "#1"},
				"south": {"uv": [3.032, 1.032, 3.968, 12.968], "rotation": 270, "texture": "#1"},
				"west": {"uv": [0.032, 0.032, 0.968, 0.5], "rotation": 270, "texture": "#1"},
				"up": {"uv": [0.032, 0.032, 0.5, 11.968], "rotation": 270, "texture": "#1"},
				"down": {"uv": [0.032, 0.032, 0.5, 11.968], "rotation": 270, "texture": "#1"}
			}
		},
		{
			"from": [-0.1, 14.1, -0.1],
			"to": [16.1, 16.1, 2],
			"rotation": {"angle": 0, "axis": "y", "origin": [0, 0.1, 0]},
			"faces": {
				"north": {"uv": [0.06, 0.032, 15.94, 1.94], "texture": "#0"},
				"east": {"uv": [0.032, 0.032, 2.132, 1.94], "texture": "#0"},
				"south": {"uv": [0.06, 0.032, 15.94, 1.94], "texture": "#0"},
				"west": {"uv": [0.032, 0.032, 2.132, 1.94], "texture": "#0"},
				"up": {"uv": [0.06, 0.032, 15.94, 1.932], "texture": "#0"},
				"down": {"uv": [0.06, 0.032, 15.94, 2.132], "texture": "#0"}
			}
		},
		{
			"from": [6.9, 2, 1],
			"to": [8.9, 14.1, 2],
			"faces": {
				"north": {"uv": [7.032, 0.032, 8.94, 12.132], "texture": "#0"},
				"east": {"uv": [0.032, 0.032, 0.94, 12.132], "texture": "#0"},
				"south": {"uv": [0.032, 0.032, 1.94, 12.132], "texture": "#0"},
				"west": {"uv": [0.032, 0.032, 0.94, 12.132], "texture": "#0"},
				"up": {"uv": [0.032, 0.032, 1.94, 0.94], "texture": "#0"},
				"down": {"uv": [0.032, 0.032, 1.94, 0.94], "texture": "#0"}
			}
		},
		{
			"from": [5.9, 2, 1.5],
			"to": [6.9, 14.1, 2],
			"faces": {
				"north": {"uv": [1.06, 2.06, 1.94, 13.94], "texture": "#1"},
				"east": {"uv": [0.032, 0.032, 0.5, 11.968], "texture": "#1"},
				"south": {"uv": [3.032, 1.032, 3.968, 12.968], "texture": "#1"},
				"west": {"uv": [0.032, 0.032, 0.5, 11.968], "texture": "#1"},
				"up": {"uv": [0.032, 0.032, 0.968, 0.5], "texture": "#1"},
				"down": {"uv": [0.032, 0.032, 0.968, 0.5], "texture": "#1"}
			}
		},
		{
			"from": [2.9, 13.1, 1.5],
			"to": [5.9, 14.1, 2],
			"rotation": {"angle": 0, "axis": "z", "origin": [-0.1, 0.2, 0]},
			"faces": {
				"north": {"uv": [3.06, 3.06, 3.94, 5.94], "rotation": 90, "texture": "#1"},
				"east": {"uv": [0.032, 0.032, 0.968, 0.5], "rotation": 270, "texture": "#1"},
				"south": {"uv": [3.032, 1.032, 3.968, 12.968], "rotation": 270, "texture": "#1"},
				"west": {"uv": [0.032, 0.032, 0.968, 0.5], "rotation": 270, "texture": "#1"},
				"up": {"uv": [0.032, 0.032, 0.5, 11.968], "rotation": 270, "texture": "#1"},
				"down": {"uv": [0.032, 0.032, 0.5, 11.968], "rotation": 270, "texture": "#1"}
			}
		},
		{
			"from": [1.9, 2, 1.5],
			"to": [2.9, 14.1, 2],
			"faces": {
				"north": {"uv": [1.06, 2.06, 1.94, 13.94], "texture": "#1"},
				"east": {"uv": [0.032, 0.032, 0.5, 11.968], "texture": "#1"},
				"south": {"uv": [3.032, 1.032, 3.968, 12.968], "texture": "#1"},
				"west": {"uv": [0.032, 0.032, 0.5, 11.968], "texture": "#1"},
				"up": {"uv": [0.032, 0.032, 0.968, 0.5], "texture": "#1"},
				"down": {"uv": [0.032, 0.032, 0.968, 0.5], "texture": "#1"}
			}
		},
		{
			"from": [2.9, 2, 1.5],
			"to": [5.9, 3, 2],
			"rotation": {"angle": 0, "axis": "z", "origin": [-0.1, 0.1, 0]},
			"faces": {
				"north": {"uv": [3.06, 3.06, 3.94, 5.94], "rotation": 90, "texture": "#1"},
				"east": {"uv": [0.032, 0.032, 0.968, 0.5], "rotation": 270, "texture": "#1"},
				"south": {"uv": [3.032, 1.032, 3.968, 12.968], "rotation": 270, "texture": "#1"},
				"west": {"uv": [0.032, 0.032, 0.968, 0.5], "rotation": 270, "texture": "#1"},
				"up": {"uv": [0.032, 0.032, 0.5, 11.968], "rotation": 270, "texture": "#1"},
				"down": {"uv": [0.032, 0.032, 0.5, 11.968], "rotation": 270, "texture": "#1"}
			}
		},
		{
			"from": [-0.1, 2, 1],
			"to": [1.9, 14.1, 2],
			"faces": {
				"north": {"uv": [0.032, 0.032, 1.94, 12.132], "texture": "#0"},
				"east": {"uv": [0.032, 0.032, 0.94, 12.132], "texture": "#0"},
				"south": {"uv": [14.092, 0.032, 16, 12.132], "texture": "#0"},
				"west": {"uv": [0.032, 0.032, 0.94, 12.132], "texture": "#0"},
				"up": {"uv": [0.032, 0.032, 1.94, 0.94], "texture": "#0"},
				"down": {"uv": [0.032, 0.032, 1.94, 0.94], "texture": "#0"}
			}
		},
		{
			"from": [-0.1, 16.13, -0.1],
			"to": [16.1, 16.13, 16],
			"rotation": {"angle": 0, "axis": "y", "origin": [7.9, 8.399, 7]},
			"faces": {
				"north": {"uv": [0.032, 0.032, 13.94, 1.132], "texture": "#0"},
				"east": {"uv": [0.032, 0.032, 1.132, 12.94], "rotation": 90, "texture": "#0"},
				"south": {"uv": [0.032, 0.032, 1.132, 13.94], "rotation": 270, "texture": "#0"},
				"west": {"uv": [0.032, 0.032, 1.132, 12.94], "rotation": 270, "texture": "#0"},
				"up": {"uv": [0.032, 0.032, 16.032, 16.032], "rotation": 90, "texture": "#0"},
				"down": {"uv": [0, 0, 0, 0], "texture": "#0"}
			}
		},
		{
			"from": [2.9, 2.9, 1],
			"to": [5.9, 13.1, 2],
			"rotation": {"angle": 0, "axis": "y", "origin": [7.9, 8, 8.5]},
			"faces": {
				"north": {"uv": [9.032, 6.06, 12.032, 15.26], "texture": "#0"},
				"east": {"uv": [0.032, 0.06, 1.032, 10.26], "texture": "#0"},
				"south": {"uv": [1.032, 0.06, 4.032, 9.26], "texture": "#0"},
				"west": {"uv": [0.032, 0.06, 1.032, 9.26], "texture": "#0"},
				"up": {"uv": [0.032, 0.032, 3.032, 1.032], "rotation": 180, "texture": "#0"},
				"down": {"uv": [0.032, 0.032, 1.032, 3.032], "rotation": 270, "texture": "#0"}
			}
		},
		{
			"from": [9.9, 2.9, 1],
			"to": [12.9, 13.1, 2],
			"rotation": {"angle": 0, "axis": "y", "origin": [7.9, 8, 8.5]},
			"faces": {
				"north": {"uv": [5.032, 3.06, 8.032, 13.26], "texture": "#0"},
				"east": {"uv": [0.032, 0.06, 1.032, 9.26], "texture": "#0"},
				"south": {"uv": [1.032, 0.06, 4.032, 9.26], "texture": "#0"},
				"west": {"uv": [0.032, 0.06, 1.032, 9.26], "texture": "#0"},
				"up": {"uv": [0.032, 0.032, 3.032, 1.032], "rotation": 180, "texture": "#0"},
				"down": {"uv": [0.032, 0.032, 1.032, 3.032], "rotation": 270, "texture": "#0"}
			}
		}
	],
	"display": {
		"thirdperson_righthand": {
			"rotation": [60.25, 0, 0],
			"translation": [-6, 0, 0],
			"scale": [0.5, 0.5, 0.5]
		},
		"firstperson_righthand": {
			"translation": [0, -43, 0]
		},
		"ground": {
			"translation": [0, 4, 0]
		},
		"gui": {
			"rotation": [-152.08, -37.3, -179.76],
			"scale": [0.5, 0.5, 0.5]
		},
		"fixed": {
			"translation": [0, 28.25, 17],
			"scale": [2, 2, 2]
		}
	},
	"groups": [
		{
			"name": "group",
			"origin": [8, 8, 8],
			"color": 0,
			"children": [
				0,
				1,
				{
					"name": "base",
					"origin": [7.9, 8.5, 7],
					"color": 0,
					"children": [2, 3, 4, 5, 6]
				},
				{
					"name": "front",
					"origin": [0, 0, 0],
					"color": 0,
					"children": [7, 8, 9, 10, 11, 12, 13, 14, 15, 16, 17, 18, 19]
				}
			]
		},
		20,
		{
			"name": "group",
			"origin": [7.9, 8, 8.5],
			"color": 0,
			"children": [21, 22]
		}
	]
}